# Blender 5.2.0 LTS
# www.blender.org
mtllib motherBoard.mtl
o Board
v 5.476193 -0.000164 4.957273
v -1.535830 0.200084 2.905325
v -2.962335 0.199244 -1.634500
v -3.049455 0.000761 5.056500
v -1.535830 0.200084 -2.905325
v -6.740000 -0.000127 4.399953
v -2.962335 0.199244 -3.165500
v 1.535830 0.200084 2.905325
v 5.841683 0.000538 -2.970385
v -1.837665 0.199244 -1.634500
v 1.535830 0.200084 -2.905325
v -3.049455 0.000761 3.743500
v 4.556375 0.000456 4.176278
v -6.740000 -0.000127 2.899953
v -1.837665 0.199244 -3.165500
v 3.049455 0.000761 5.056500
v -7.000000 -0.120000 5.516871
v 1.837665 0.199244 -1.634500
v 3.049455 0.000761 3.743500
v 5.841683 0.000538 -3.750515
v 1.837665 0.199244 -3.165501
v -5.540000 -0.000127 4.399953
v 2.962335 0.199244 -1.634500
v 5.356500 0.000761 3.049456
v -3.750000 0.080000 3.400000
v -5.540000 -0.000127 2.899953
v 2.962335 0.199244 -3.165501
v 3.776245 0.000456 4.176278
v 1.837665 0.199244 -0.034500
v 4.043500 0.000761 3.049456
v 6.325298 0.000538 -2.970385
v 1.837665 0.199244 -1.565500
v -6.740000 -0.000127 2.575976
v 5.356500 0.000761 -3.049454
v -3.750000 0.280000 3.400000
v 2.962335 0.199244 -0.034500
v 4.043499 0.000761 -3.049454
v 6.325298 0.000538 -3.750515
v 2.962335 0.199244 -1.565500
v -6.740000 -0.000127 1.075976
v -4.043499 0.000761 3.049456
v 1.837665 0.199244 1.565500
v 5.476193 -0.000164 3.922591
v 1.837665 0.199244 0.034500
v 4.556375 0.000456 3.692663
v -5.356500 0.000761 3.049456
v 2.962335 0.199244 1.565500
v -5.540000 -0.000127 2.575976
v -4.743385 0.179987 4.557804
v 2.962335 0.199244 0.034500
v -4.043500 0.000761 -3.049454
v 5.841683 0.000538 -1.261900
v 1.837665 0.199244 3.165499
v -5.540000 -0.000127 1.075976
v 3.776245 0.000456 3.692663
v 1.837665 0.199244 1.634500
v -5.356500 0.000761 -3.049454
v -3.353042 0.389549 -2.970384
v -3.049455 0.000761 -3.743500
v 2.962335 0.199244 3.165499
v -6.740000 -0.000127 0.752000
v 5.841683 0.000538 -2.042030
v 2.962335 0.199244 1.634500
v -3.049455 0.000761 -5.056499
v -4.979680 0.198179 4.266018
v -2.962336 0.199244 -0.034500
v 6.325298 0.000538 -1.261900
v 3.049455 0.000761 -3.743500
v -2.962336 0.199244 -1.565500
v -6.740000 -0.000127 -0.748000
v -1.837666 0.199244 -0.034500
v -7.000000 0.080000 5.516871
v -5.540000 -0.000127 0.752000
v -1.837666 0.199244 -1.565500
v 3.049455 0.000761 -5.056499
v 6.250029 -0.000164 3.920413
v 6.325298 0.000538 -2.042030
v -2.962336 0.199244 1.565500
v -5.540000 -0.000127 -0.748000
v -3.750000 0.080000 -3.400000
v -2.962336 0.199244 0.034500
v 6.513054 -0.000164 4.183438
v 5.841683 0.000538 0.446585
v -1.837666 0.199244 1.565500
v -6.740000 -0.000127 -1.071977
v -1.837666 0.199244 0.034500
v -3.750000 0.280000 -3.400000
v -6.740000 -0.000127 -2.571977
v -2.962336 0.199244 3.165499
v -4.665349 0.179987 4.565489
v -3.553042 0.389549 -2.970384
v -2.962336 0.199244 1.634500
v 5.841683 0.000538 -0.333546
v -5.540000 -0.000127 -1.071977
v -1.837666 0.199244 3.165499
v -4.979680 0.198179 4.066018
v 3.750000 0.080000 3.400000
v -1.837666 0.199244 1.634500
v -5.540000 -0.000127 -2.571977
v 6.325298 0.000538 0.446585
v 6.497452 -0.000164 4.712353
v -6.740000 -0.000127 -2.895954
v -4.590312 0.179987 4.588253
v 6.325298 0.000538 -0.333546
v -6.740000 -0.000127 -4.395954
v 6.265630 -0.000164 4.943523
v 5.841683 0.000538 2.155069
v -5.540000 -0.000127 -2.895954
v 3.750000 0.280000 3.400000
v -7.000000 -0.120000 -5.516871
v -5.540000 -0.000127 -4.395954
v 5.841683 0.000538 1.374939
v -4.779679 0.198179 4.266018
v -3.353042 0.389549 -3.170384
v -4.521157 0.179987 4.625215
v 6.325298 0.000538 2.155069
v 3.750000 0.080000 -3.400000
v 6.325298 0.000538 1.374939
v -7.000000 0.080000 -5.516871
v 3.750000 0.280000 -3.400000
v -4.779679 0.198179 4.066018
v -3.553042 0.389549 -3.170384
v 7.000000 -0.120000 5.516871
v -3.353042 0.389549 -2.683368
v -4.460542 0.179987 4.674961
v -3.553042 0.389549 -2.683368
v -4.662510 0.198179 4.266018
v -3.353042 0.389549 -2.883368
v -3.553042 0.389549 -2.883368
v 7.000000 0.080000 5.516871
v -3.095808 0.389549 -2.970384
v -4.410797 0.179987 4.735576
v -4.662510 0.198179 4.066018
v -3.295808 0.389549 -2.970384
v 7.000000 -0.120000 -5.516871
v -3.095808 0.389549 -3.170384
v -3.295808 0.389549 -3.170384
v -4.462510 0.198179 4.266018
v -3.093011 0.389549 -2.683368
v -4.373834 0.179987 4.804731
v -3.293012 0.389549 -2.683368
v 7.000000 0.080000 -5.516871
v -3.093011 0.389549 -2.883368
v -4.462510 0.198179 4.066018
v -3.293012 0.389549 -2.883368
v -4.351071 0.179987 4.879767
v -3.353042 0.389549 2.882978
v -4.343385 0.179987 4.957804
v -3.553042 0.389549 2.882978
v -4.345341 0.198179 4.266018
v -3.353042 0.389549 2.682978
v -4.972801 -0.120000 -4.948483
v -3.553042 0.389549 2.682978
v -4.968457 -0.120000 -4.904382
v -3.353042 0.389549 3.169993
v -4.345341 0.198179 4.066018
v -4.351071 0.179987 5.035840
v -3.553042 0.389549 3.169993
v -3.353042 0.389549 2.969993
v -4.968457 -0.120000 -4.992583
v -3.553042 0.389549 2.969993
v -4.145341 0.198179 4.266018
v -3.095808 0.389549 2.882978
v -4.373834 0.179987 5.110877
v -3.295808 0.389549 2.882978
v -4.934704 -0.120000 -4.822896
v -3.095808 0.389549 2.682978
v -4.410797 0.179987 5.180031
v -3.295808 0.389549 2.682978
v -4.145341 0.198179 4.066018
v -3.093011 0.389549 3.169993
v -4.934704 -0.120000 -5.074069
v -4.028172 0.198179 4.266018
v -3.293012 0.389549 3.169993
v -3.093011 0.389549 2.969993
v -4.460542 0.179987 5.240647
v -3.293012 0.389549 2.969993
v -4.521157 0.179987 5.290391
v -4.955594 -0.120000 -4.861977
v -3.353042 0.389549 2.607569
v -4.028172 0.198179 4.066018
v -3.553042 0.389549 2.607569
v -4.955594 -0.120000 -5.034988
v -3.353042 0.389549 2.407569
v -3.828172 0.198179 4.266018
v -3.553042 0.389549 2.407569
v -4.590312 0.179987 5.327355
v -3.353042 0.389549 1.637011
v 5.476193 -0.000164 3.805793
v -4.665349 0.179987 5.350118
v -3.553042 0.389549 1.637011
v 5.476193 -0.000164 2.771111
v -3.353042 0.389549 1.437010
v -4.872337 -0.120000 -4.760528
v -3.553042 0.389549 1.437010
v -3.828172 0.198179 4.066018
v 6.250029 -0.000164 2.768933
v -4.872337 -0.120000 -5.136437
v -3.353042 0.389549 1.313491
v 6.513054 -0.000164 3.031959
v -3.553042 0.389549 1.313491
v -3.711003 0.198179 4.266018
v -4.743385 0.179987 5.357803
v 6.497452 -0.000164 3.560873
v -3.353042 0.389549 1.113491
v 6.265630 -0.000164 3.792043
v -4.790850 -0.120000 -4.726775
v -3.553042 0.389549 1.113491
v -3.711003 0.198179 4.066018
v 3.518477 0.389549 -2.069500
v -4.821421 0.179987 5.350118
v 3.318477 0.389549 -2.069500
v 3.518477 0.389549 -2.269500
v -4.896459 0.179987 5.327355
v -3.511003 0.198179 4.266018
v 3.318477 0.389549 -2.269500
v 3.518477 0.389549 -2.377608
v -4.790850 -0.120000 -5.170190
v 3.318477 0.389549 -2.377608
v -4.965613 0.179987 5.290391
v 3.518477 0.389549 -2.577608
v -3.511003 0.198179 4.066018
v 3.318477 0.389549 -2.577608
v -4.833256 -0.120000 -4.739639
v 3.258020 0.389549 -2.967485
v -5.026228 0.179987 5.240647
v 3.058019 0.389549 -2.967485
v -4.833256 -0.120000 -5.157326
v -4.979680 0.198179 3.958132
v 3.258020 0.389549 -3.167485
v -5.075973 0.179987 5.180031
v 3.058019 0.389549 -3.167485
v -4.979680 0.198179 3.758132
v 3.258020 0.389549 -2.680469
v 3.058019 0.389549 -2.680469
v -4.906592 -0.120000 -4.788640
v -5.112937 0.179987 5.110877
v 3.258020 0.389549 -2.880469
v -4.779679 0.198179 3.958132
v 3.058019 0.389549 -2.880469
v 3.515254 0.389549 -2.967485
v -4.906592 -0.120000 -5.108325
v 3.315254 0.389549 -2.967485
v -5.135700 0.179987 5.035840
v -4.702649 -0.120000 -4.726775
v 3.515254 0.389549 -3.167485
v -4.779679 0.198179 3.758132
v 3.315254 0.389549 -3.167485
v -5.143385 0.179987 4.957804
v 3.518050 0.389549 -2.680469
v 3.318050 0.389549 -2.680469
v -4.702649 -0.120000 -5.170190
v 3.518050 0.389549 -2.880469
v -4.662510 0.198179 3.958132
v 3.318050 0.389549 -2.880469
v -4.621162 -0.120000 -4.760528
v 3.519402 0.389549 1.915400
v -4.662510 0.198179 3.758132
v 3.319402 0.389549 1.915400
v -5.135700 0.179987 4.879767
v 3.519402 0.389549 1.715400
v -5.112937 0.179987 4.804731
v -4.621162 -0.120000 -5.136437
v 3.319402 0.389549 1.715400
v 3.519402 0.389549 2.238919
v -4.462510 0.198179 3.958132
v 3.319402 0.389549 2.238919
v -4.660244 -0.120000 -4.739639
v 3.519402 0.389549 2.038919
v -5.075973 0.179987 4.735576
v 3.319402 0.389549 2.038919
v -4.462510 0.198179 3.758132
v -3.553042 0.280000 3.169993
v -5.026228 0.179987 4.674961
v -3.553042 0.280000 2.969993
v -4.345341 0.198179 3.958132
v -4.660244 -0.120000 -5.157326
v -3.553042 0.280000 2.882978
v -4.558795 -0.120000 -4.822896
v -3.553042 0.280000 2.682978
v -4.345341 0.198179 3.758132
v -3.553042 0.280000 -2.683368
v -4.965613 0.179987 4.625215
v -3.553042 0.280000 -2.883368
v -4.896459 0.179987 4.588253
v -3.553042 0.280000 -2.970384
v -4.145341 0.198179 3.958132
v -3.553042 0.280000 2.607569
v -3.553042 0.280000 2.407569
v -4.558795 -0.120000 -5.074069
v -3.553042 0.280000 1.637011
v -4.525042 -0.120000 -4.904382
v -3.553042 0.280000 1.437010
v -4.145341 0.198179 3.758132
v -3.553042 0.280000 1.313491
v -4.821421 0.179987 4.565489
v -3.553042 0.280000 1.113491
v -3.607480 0.179987 4.557804
v -4.525042 -0.120000 -4.992583
v -3.553042 0.280000 -3.170384
v -3.353042 0.280000 2.969993
v -4.028172 0.198179 3.958132
v -3.529444 0.179987 4.565489
v -3.353042 0.280000 2.882978
v -4.537906 -0.120000 -4.861977
v -3.353042 0.280000 2.682978
v -3.353042 0.280000 2.607569
v -4.028172 0.198179 3.758132
v -3.454406 0.179987 4.588253
v -3.353042 0.280000 2.407569
v -3.353042 0.280000 -2.683368
v -3.828172 0.198179 3.958132
v -3.353042 0.280000 -2.883368
v -4.537906 -0.120000 -5.034988
v -4.586907 -0.120000 -4.788640
v -3.353042 0.280000 -2.970384
v -3.828172 0.198179 3.758132
v -3.353042 0.280000 -3.170384
v -3.293012 0.280000 -2.683368
v -3.385252 0.179987 4.625215
v -3.324637 0.179987 4.674961
v -3.293012 0.280000 -2.883368
v -3.293012 0.280000 2.969993
v -3.711003 0.198179 3.958132
v -3.295808 0.280000 2.882978
v -4.586907 -0.120000 -5.108325
v -4.746749 -0.120000 -4.722431
v -3.295808 0.280000 2.682978
v -3.353042 0.280000 1.113491
v -3.274892 0.179987 4.735576
v -3.711003 0.198179 3.758132
v -3.295808 0.280000 -2.970384
v -4.746749 -0.120000 -5.174534
v -3.295808 0.280000 -3.170384
v 3.058019 0.280000 -2.880469
v -3.237928 0.179987 4.804731
v -3.511003 0.198179 3.958132
v -3.093011 0.280000 -2.883368
v -3.835389 -0.120000 -4.948483
v 3.058019 0.280000 -2.967485
v -3.095808 0.280000 2.682978
v -3.215166 0.179987 4.879767
v -3.511003 0.198179 3.758132
v -3.093011 0.280000 -2.683368
v -4.520699 -0.120000 -4.948483
v -3.095808 0.280000 -2.970384
v 3.058019 0.280000 -3.167485
v -5.179535 0.198179 -3.907121
v -3.095808 0.280000 -3.170384
v -3.207479 0.179987 4.957804
v -3.215166 0.179987 5.035840
v 3.258020 0.280000 -2.967485
v 3.315254 0.280000 -3.167485
v -5.179535 0.198179 -4.107121
v 3.258020 0.280000 -3.167485
v -3.831046 -0.120000 -4.904382
v -3.353042 0.280000 1.637011
v -3.831046 -0.120000 -4.992583
v -3.353042 0.280000 1.437010
v -4.979535 0.198179 -3.907121
v -3.353042 0.280000 1.313491
v -3.237928 0.179987 5.110877
v -3.274892 0.179987 5.180031
v -3.353042 0.280000 3.169993
v -3.293012 0.280000 3.169993
v -4.979535 0.198179 -4.107121
v -3.095808 0.280000 2.882978
v -3.797293 -0.120000 -4.822896
v -3.093011 0.280000 2.969993
v -3.324637 0.179987 5.240647
v -3.093011 0.280000 3.169993
v -4.862366 0.198179 -3.907121
v -3.797293 -0.120000 -5.074069
v 3.058019 0.280000 -2.680469
v 3.258020 0.280000 -2.880469
v -3.385252 0.179987 5.290391
v -3.818182 -0.120000 -4.861977
v 3.315254 0.280000 -2.967485
v -4.862366 0.198179 -4.107121
v 3.258020 0.280000 -2.680469
v -3.818182 -0.120000 -5.034988
v 3.318477 0.280000 -2.069500
v 3.318477 0.280000 -2.269500
v -3.454406 0.179987 5.327355
v -4.662366 0.198179 -3.907121
v 3.318477 0.280000 -2.377608
v -3.734926 -0.120000 -4.760528
v 3.318477 0.280000 -2.577608
v 3.318050 0.280000 -2.680469
v -3.529444 0.179987 5.350118
v 3.318050 0.280000 -2.880469
v -4.662366 0.198179 -4.107121
v -3.734926 -0.120000 -5.136437
v 3.319402 0.280000 2.238919
v -3.607480 0.179987 5.357803
v 3.319402 0.280000 2.038919
v -4.545197 0.198179 -3.907121
v 3.319402 0.280000 1.915400
v -3.653439 -0.120000 -4.726775
v 3.319402 0.280000 1.715400
v 3.519402 0.280000 1.715400
v -3.685516 0.179987 5.350118
v -4.545197 0.198179 -4.107121
v 3.519402 0.280000 1.915400
v 3.519402 0.280000 2.238919
v -3.653439 -0.120000 -5.170190
v -4.345197 0.198179 -3.907121
v 3.519402 0.280000 2.038919
v 3.518477 0.280000 -2.577608
v -3.760553 0.179987 5.327355
v -3.695844 -0.120000 -4.739639
v 3.518477 0.280000 -2.069500
v 3.518477 0.280000 -2.269500
v -3.829708 0.179987 5.290391
v 3.518477 0.280000 -2.377608
v -4.345197 0.198179 -4.107121
v -3.890322 0.179987 5.240647
v 3.518050 0.280000 -2.680469
v 3.518050 0.280000 -2.880469
v -3.695844 -0.120000 -5.157326
v -4.228028 0.198179 -3.907121
v 3.515254 0.280000 -3.167485
v 3.515254 0.280000 -2.967485
v -3.940068 0.179987 5.180031
v -4.228028 0.198179 -4.107121
v -3.769181 -0.120000 -4.788640
v -3.769181 -0.120000 -5.108325
v -4.028028 0.198179 -3.907121
v -3.977031 0.179987 5.110877
v -3.999794 0.179987 5.035840
v -4.028028 0.198179 -4.107121
v -3.565238 -0.120000 -4.726775
v -4.007480 0.179987 4.957804
v -3.565238 -0.120000 -5.170190
v -3.910859 0.198179 -3.907121
v -3.999794 0.179987 4.879767
v -3.910859 0.198179 -4.107121
v -3.483751 -0.120000 -4.760528
v -3.483751 -0.120000 -5.136437
v -3.710858 0.198179 -3.907121
v -3.977031 0.179987 4.804731
v -3.940068 0.179987 4.735576
v -3.710858 0.198179 -4.107121
v -3.522833 -0.120000 -4.739639
v -3.522833 -0.120000 -5.157326
v -3.890322 0.179987 4.674961
v -5.179535 0.198179 -3.599273
v -3.829708 0.179987 4.625215
v -5.179535 0.198179 -3.799273
v -3.421384 -0.120000 -4.822896
v -3.421384 -0.120000 -5.074069
v -3.760553 0.179987 4.588253
v -4.979535 0.198179 -3.599273
v -3.383287 -0.120000 -4.948483
v -3.685516 0.179987 4.565489
v -4.979535 0.198179 -3.799273
v -3.387631 -0.120000 -4.904382
v -4.746749 0.179987 -5.348482
v -4.862366 0.198179 -3.599273
v -4.668714 0.179987 -5.340796
v -3.387631 -0.120000 -4.992583
v -4.862366 0.198179 -3.799273
v -3.400494 -0.120000 -4.861977
v -4.662366 0.198179 -3.599273
v -4.593677 0.179987 -5.318034
v -3.400494 -0.120000 -5.034988
v -4.662366 0.198179 -3.799273
v -4.524521 0.179987 -5.281070
v -4.463907 0.179987 -5.231326
v -3.449496 -0.120000 -4.788640
v -4.545197 0.198179 -3.599273
v -3.449496 -0.120000 -5.108325
v -4.545197 0.198179 -3.799273
v -4.414162 0.179987 -5.170710
v -4.377198 0.179987 -5.101555
v -3.609338 -0.120000 -4.722431
v -4.345197 0.198179 -3.599273
v -3.609338 -0.120000 -5.174534
v -4.345197 0.198179 -3.799273
v -4.354436 0.179987 -5.026518
v 3.216510 -0.120000 -4.948483
v -4.346750 0.179987 -4.948482
v 4.264185 0.198179 -3.863102
v -4.354436 0.179987 -4.870446
v 3.220853 -0.120000 -4.904382
v 4.264185 0.198179 -4.063102
v -4.377198 0.179987 -4.795409
v 4.464186 0.198179 -3.863102
v 3.220853 -0.120000 -4.992583
v -4.414162 0.179987 -4.726255
v 4.464186 0.198179 -4.063102
v 3.254606 -0.120000 -4.822896
v -4.463907 0.179987 -4.665639
v 3.254606 -0.120000 -5.074069
v 4.581234 0.198179 -3.863102
v -4.524521 0.179987 -4.615894
v 4.581234 0.198179 -4.063102
v 3.233717 -0.120000 -4.861977
v 3.233717 -0.120000 -5.034988
v 4.781233 0.198179 -3.863102
v -4.593677 0.179987 -4.578931
v -4.668714 0.179987 -4.556168
v 4.781233 0.198179 -4.063102
v 3.316973 -0.120000 -4.760528
v 3.316973 -0.120000 -5.136437
v -4.746749 0.179987 -4.548482
v 4.898282 0.198179 -3.863102
v -4.824786 0.179987 -4.556168
v 4.898282 0.198179 -4.063102
v 3.398460 -0.120000 -4.726775
v 3.398460 -0.120000 -5.170190
v -4.899823 0.179987 -4.578931
v 5.098283 0.198179 -3.863102
v -4.968977 0.179987 -4.615894
v 3.356055 -0.120000 -4.739639
v 5.098283 0.198179 -4.063102
v 3.356055 -0.120000 -5.157326
v -5.029593 0.179987 -4.665639
v 3.282718 -0.120000 -4.788640
v -5.079338 0.179987 -4.726255
v -5.116302 0.179987 -4.795409
v 3.282718 -0.120000 -5.108325
v 3.486661 -0.120000 -4.726775
v -5.139064 0.179987 -4.870446
v -5.146749 0.179987 -4.948482
v 3.486661 -0.120000 -5.170190
v -5.139064 0.179987 -5.026518
v 3.568147 -0.120000 -4.760528
v -5.116302 0.179987 -5.101555
v 3.568147 -0.120000 -5.136437
v 3.529066 -0.120000 -4.739639
v -5.079338 0.179987 -5.170710
v 3.529066 -0.120000 -5.157326
v -5.029593 0.179987 -5.231326
v -4.968977 0.179987 -5.281070
v 3.630515 -0.120000 -4.822896
v 3.630515 -0.120000 -5.074069
v -4.899823 0.179987 -5.318034
v -4.824786 0.179987 -5.340796
v 3.668612 -0.120000 -4.948483
v -3.610845 0.179987 -5.348482
v 4.353920 -0.120000 -4.948483
v -3.532808 0.179987 -5.340796
v 3.664268 -0.120000 -4.904382
v -3.457771 0.179987 -5.318034
v 3.664268 -0.120000 -4.992583
v 3.651404 -0.120000 -4.861977
v -3.388616 0.179987 -5.281070
v 3.651404 -0.120000 -5.034988
v -3.328001 0.179987 -5.231326
v 3.602403 -0.120000 -4.788640
v -3.278256 0.179987 -5.170710
v 3.602403 -0.120000 -5.108325
v -3.241292 0.179987 -5.101555
v -3.218530 0.179987 -5.026518
v 3.442560 -0.120000 -4.722431
v -3.210844 0.179987 -4.948482
v 3.442560 -0.120000 -5.174534
v -3.218530 0.179987 -4.870446
v 4.358264 -0.120000 -4.904382
v -3.241292 0.179987 -4.795409
v 4.358264 -0.120000 -4.992583
v 4.392016 -0.120000 -4.822896
v -3.278256 0.179987 -4.726255
v 4.392016 -0.120000 -5.074069
v -3.328001 0.179987 -4.665639
v 4.371127 -0.120000 -4.861977
v -3.388616 0.179987 -4.615894
v -3.457771 0.179987 -4.578931
v 4.371127 -0.120000 -5.034988
v 4.454384 -0.120000 -4.760528
v -3.532808 0.179987 -4.556168
v -3.610845 0.179987 -4.548482
v 4.454384 -0.120000 -5.136437
v 4.535871 -0.120000 -4.726775
v -3.688880 0.179987 -4.556168
v 4.535871 -0.120000 -5.170190
v -3.763918 0.179987 -4.578931
v 4.493465 -0.120000 -4.739639
v -3.833073 0.179987 -4.615894
v -3.893687 0.179987 -4.665639
v 4.493465 -0.120000 -5.157326
v -3.943432 0.179987 -4.726255
v 4.420130 -0.120000 -4.788640
v -3.980396 0.179987 -4.795409
v 4.420130 -0.120000 -5.108325
v 4.624072 -0.120000 -4.726775
v -4.003159 0.179987 -4.870446
v -4.010844 0.179987 -4.948482
v 4.624072 -0.120000 -5.170190
v -4.003159 0.179987 -5.026518
v 4.705558 -0.120000 -4.760528
v -3.980396 0.179987 -5.101555
v 4.705558 -0.120000 -5.136437
v -3.943432 0.179987 -5.170710
v 4.666478 -0.120000 -4.739639
v 4.666478 -0.120000 -5.157326
v -3.893687 0.179987 -5.231326
v -3.833073 0.179987 -5.281070
v 4.767926 -0.120000 -4.822896
v -3.763918 0.179987 -5.318034
v 4.767926 -0.120000 -5.074069
v -3.688880 0.179987 -5.340796
v 4.806023 -0.120000 -4.948483
v 4.801680 -0.120000 -4.904382
v 3.445324 0.179987 -5.348482
v 4.801680 -0.120000 -4.992583
v 3.523360 0.179987 -5.340796
v 4.788816 -0.120000 -4.861977
v 3.598397 0.179987 -5.318034
v 4.788816 -0.120000 -5.034988
v 3.667553 0.179987 -5.281070
v 4.739814 -0.120000 -4.788640
v 3.728167 0.179987 -5.231326
v 4.739814 -0.120000 -5.108325
v 3.777911 0.179987 -5.170710
v 3.814876 0.179987 -5.101555
v 4.579971 -0.120000 -4.722431
v 3.837638 0.179987 -5.026518
v 4.579971 -0.120000 -5.174534
v 3.845324 0.179987 -4.948482
v -4.972801 -0.120000 4.967660
v 3.837638 0.179987 -4.870446
v -4.968457 -0.120000 5.011761
v 3.814876 0.179987 -4.795409
v -4.968457 -0.120000 4.923560
v 3.777911 0.179987 -4.726255
v -4.955594 -0.120000 5.054166
v 3.728167 0.179987 -4.665639
v -4.934704 -0.120000 4.842073
v 3.667553 0.179987 -4.615894
v -4.934704 -0.120000 5.093247
v -4.955594 -0.120000 4.881155
v 3.598397 0.179987 -4.578931
v -4.906592 -0.120000 5.127502
v 3.523360 0.179987 -4.556168
v 3.445324 0.179987 -4.548482
v -4.872337 -0.120000 4.779706
v 3.367288 0.179987 -4.556168
v -4.833256 -0.120000 5.176505
v -4.790850 -0.120000 4.745953
v 3.292250 0.179987 -4.578931
v -4.872337 -0.120000 5.155615
v 3.223096 0.179987 -4.615894
v -4.833256 -0.120000 4.758816
v 3.162481 0.179987 -4.665639
v -4.790850 -0.120000 5.189368
v 3.112736 0.179987 -4.726255
v 3.075773 0.179987 -4.795409
v -4.906592 -0.120000 4.807818
v 3.053010 0.179987 -4.870446
v -4.746749 -0.120000 5.193711
v -4.702649 -0.120000 4.745953
v 3.053010 0.179987 -5.026518
v -4.660244 -0.120000 5.176505
v -4.621162 -0.120000 4.779706
v 3.075773 0.179987 -5.101555
v 3.112736 0.179987 -5.170710
v -4.702649 -0.120000 5.189368
v -4.660244 -0.120000 4.758816
v 3.162481 0.179987 -5.231326
v 3.223096 0.179987 -5.281070
v -4.586907 -0.120000 5.127502
v -4.558795 -0.120000 4.842073
v 3.292250 0.179987 -5.318034
v -4.537906 -0.120000 5.054166
v 3.367288 0.179987 -5.340796
v -4.525042 -0.120000 4.923560
v 4.581229 0.179987 -5.348482
v -4.558795 -0.120000 5.093247
v 4.659265 0.179987 -5.340796
v -4.537906 -0.120000 4.881155
v 4.734303 0.179987 -5.318034
v -4.621162 -0.120000 5.155615
v 4.803457 0.179987 -5.281070
v -4.586907 -0.120000 4.807818
v 4.864072 0.179987 -5.231326
v -4.746749 -0.120000 4.741609
v 4.913817 0.179987 -5.170710
v 4.950780 0.179987 -5.101555
v -4.520699 -0.120000 4.967660
v -3.835389 -0.120000 4.967660
v 4.973544 0.179987 -5.026518
v -3.831046 -0.120000 4.923560
v 4.981229 0.179987 -4.948482
v -3.818182 -0.120000 5.054166
v 4.973544 0.179987 -4.870446
v -3.797293 -0.120000 4.842073
v 4.950780 0.179987 -4.795409
v -3.831046 -0.120000 5.011761
v 4.913817 0.179987 -4.726255
v 4.864072 0.179987 -4.665639
v -3.818182 -0.120000 4.881155
v 4.803457 0.179987 -4.615894
v -3.769181 -0.120000 5.127502
v 4.734303 0.179987 -4.578931
v -3.734926 -0.120000 4.779706
v -3.695844 -0.120000 5.176505
v 4.659265 0.179987 -4.556168
v 4.581229 0.179987 -4.548482
v -3.653439 -0.120000 4.745953
v -3.734926 -0.120000 5.155615
v 4.503193 0.179987 -4.556168
v -3.695844 -0.120000 4.758816
v 4.428156 0.179987 -4.578931
v 4.359001 0.179987 -4.615894
v -3.797293 -0.120000 5.093247
v -3.769181 -0.120000 4.807818
v 4.298387 0.179987 -4.665639
v -3.609338 -0.120000 5.193711
v 4.248641 0.179987 -4.726255
v 4.211678 0.179987 -4.795409
v -3.565238 -0.120000 4.745953
v -3.522833 -0.120000 5.176505
v 4.188916 0.179987 -4.870446
v 4.181229 0.179987 -4.948482
v -3.483751 -0.120000 4.779706
v 4.188916 0.179987 -5.026518
v -3.565238 -0.120000 5.189368
v -3.522833 -0.120000 4.758816
v 4.211678 0.179987 -5.101555
v 4.248641 0.179987 -5.170710
v -3.449496 -0.120000 5.127502
v -3.421384 -0.120000 4.842073
v 4.298387 0.179987 -5.231326
v 4.359001 0.179987 -5.281070
v -3.387631 -0.120000 5.011761
v -3.400494 -0.120000 5.054166
v 4.428156 0.179987 -5.318034
v 4.503193 0.179987 -5.340796
v -3.387631 -0.120000 4.923560
v 3.445324 0.179987 4.557804
v -3.421384 -0.120000 5.093247
v -3.400494 -0.120000 4.881155
v 3.523360 0.179987 4.565489
v -3.483751 -0.120000 5.155615
v 3.598397 0.179987 4.588253
v -3.449496 -0.120000 4.807818
v 3.667553 0.179987 4.625215
v -3.653439 -0.120000 5.189368
v 3.728167 0.179987 4.674961
v 3.777911 0.179987 4.735576
v -3.609338 -0.120000 4.741609
v 3.814876 0.179987 4.804731
v -4.525042 -0.120000 5.011761
v 3.837638 0.179987 4.879767
v 3.216510 -0.120000 4.967660
v -3.383287 -0.120000 4.967660
v 3.845324 0.179987 4.957804
v 3.837638 0.179987 5.035840
v 3.220853 -0.120000 5.011761
v 3.814876 0.179987 5.110877
v 3.220853 -0.120000 4.923560
v 3.254606 -0.120000 5.093247
v 3.777911 0.179987 5.180031
v 3.728167 0.179987 5.240647
v 3.254606 -0.120000 4.842073
v 3.233717 -0.120000 5.054166
v 3.667553 0.179987 5.290391
v 3.233717 -0.120000 4.881155
v 3.598397 0.179987 5.327355
v 3.523360 0.179987 5.350118
v 3.316973 -0.120000 5.155615
v 3.316973 -0.120000 4.779706
v 3.445324 0.179987 5.357803
v 3.367288 0.179987 5.350118
v 3.398460 -0.120000 5.189368
v 3.398460 -0.120000 4.745953
v 3.292250 0.179987 5.327355
v 3.356055 -0.120000 5.176505
v 3.223096 0.179987 5.290391
v 3.356055 -0.120000 4.758816
v 3.162481 0.179987 5.240647
v 3.282718 -0.120000 5.127502
v 3.112736 0.179987 5.180031
v 3.075773 0.179987 5.110877
v 3.282718 -0.120000 4.807818
v 3.486661 -0.120000 5.189368
v 3.053010 0.179987 5.035840
v 3.486661 -0.120000 4.745953
v 3.568147 -0.120000 5.155615
v 3.053010 0.179987 4.879767
v 3.568147 -0.120000 4.779706
v 3.075773 0.179987 4.804731
v 3.529066 -0.120000 5.176505
v 3.112736 0.179987 4.735576
v 3.529066 -0.120000 4.758816
v 3.162481 0.179987 4.674961
v 3.223096 0.179987 4.625215
v 3.630515 -0.120000 5.093247
v 3.630515 -0.120000 4.842073
v 3.292250 0.179987 4.588253
v 3.367288 0.179987 4.565489
v 3.668612 -0.120000 4.967660
v 4.581229 0.179987 4.557804
v 3.664268 -0.120000 5.011761
v 3.664268 -0.120000 4.923560
v 4.659265 0.179987 4.565489
v 3.651404 -0.120000 5.054166
v 4.734303 0.179987 4.588253
v 4.803457 0.179987 4.625215
v 3.651404 -0.120000 4.881155
v 3.602403 -0.120000 5.127502
v 4.864072 0.179987 4.674961
v 3.602403 -0.120000 4.807818
v 4.913817 0.179987 4.735576
v 4.950780 0.179987 4.804731
v 3.442560 -0.120000 5.193711
v 4.973544 0.179987 4.879767
v 3.442560 -0.120000 4.741609
v 4.353920 -0.120000 4.967660
v 4.981229 0.179987 4.957804
v 4.358264 -0.120000 5.011761
v 4.973544 0.179987 5.035840
v 4.358264 -0.120000 4.923560
v 4.950780 0.179987 5.110877
v 4.913817 0.179987 5.180031
v 4.392016 -0.120000 5.093247
v 4.864072 0.179987 5.240647
v 4.392016 -0.120000 4.842073
v 4.371127 -0.120000 5.054166
v 4.803457 0.179987 5.290391
v 4.734303 0.179987 5.327355
v 4.371127 -0.120000 4.881155
v 4.454384 -0.120000 5.155615
v 4.659265 0.179987 5.350118
v 4.454384 -0.120000 4.779706
v 4.581229 0.179987 5.357803
v 4.503193 0.179987 5.350118
v 4.535871 -0.120000 5.189368
v 4.428156 0.179987 5.327355
v 4.535871 -0.120000 4.745953
v 4.493465 -0.120000 5.176505
v 4.359001 0.179987 5.290391
v 4.298387 0.179987 5.240647
v 4.493465 -0.120000 4.758816
v 4.248641 0.179987 5.180031
v 4.420130 -0.120000 5.127502
v 4.211678 0.179987 5.110877
v 4.420130 -0.120000 4.807818
v 4.188916 0.179987 5.035840
v 4.624072 -0.120000 5.189368
v 4.181229 0.179987 4.957804
v 4.624072 -0.120000 4.745953
v 4.188916 0.179987 4.879767
v 4.705558 -0.120000 5.155615
v 4.211678 0.179987 4.804731
v 4.705558 -0.120000 4.779706
v 4.248641 0.179987 4.735576
v 4.666478 -0.120000 5.176505
v 4.298387 0.179987 4.674961
v 4.666478 -0.120000 4.758816
v 4.767926 -0.120000 5.093247
v 4.359001 0.179987 4.625215
v 4.428156 0.179987 4.588253
v 4.767926 -0.120000 4.842073
v 4.806023 -0.120000 4.967660
v 4.503193 0.179987 4.565489
v 4.801680 -0.120000 4.923560
v -4.972801 0.179987 4.967660
v 4.801680 -0.120000 5.011761
v -4.955594 0.179987 5.054166
v 4.788816 -0.120000 4.881155
v -4.968457 0.179987 5.011761
v -4.968457 0.179987 4.923560
v 4.788816 -0.120000 5.054166
v 4.739814 -0.120000 4.807818
v -4.934704 0.179987 5.093247
v 4.739814 -0.120000 5.127502
v -4.934704 0.179987 4.842073
v 4.579971 -0.120000 5.193711
v -4.955594 0.179987 4.881155
v 4.579971 -0.120000 4.741609
v -4.906592 0.179987 4.807818
v -4.872337 0.179987 5.155615
v -4.968457 0.080000 -4.904382
v -4.872337 0.179987 4.779706
v -4.790850 0.179987 4.745953
v -4.934704 0.080000 -4.822896
v -4.702649 0.179987 4.745953
v -4.746749 0.179987 4.741609
v -4.833256 0.179987 4.758817
v -4.955594 0.080000 -4.861977
v -4.906592 0.179987 5.127502
v -4.833256 0.179987 5.176505
v -4.872337 0.080000 -4.760528
v -4.746749 0.179987 5.193711
v -4.790850 0.080000 -4.726775
v -4.702649 0.179987 5.189368
v -4.790850 0.179987 5.189368
v -4.833256 0.080000 -4.739639
v -4.660244 0.179987 5.176505
v -4.621162 0.179987 4.779706
v -4.906592 0.080000 -4.788640
v -4.621162 0.179987 5.155615
v -4.660244 0.179987 4.758817
v -4.790850 0.080000 -5.170190
v -4.558795 0.179987 4.842073
v -4.702649 0.080000 -4.726775
v -4.558795 0.179987 5.093247
v -4.586907 0.179987 4.807818
v -4.621162 0.080000 -4.760528
v -4.520699 0.179987 4.967660
v -4.525042 0.179987 4.923560
v -4.660244 0.080000 -4.739639
v -4.537906 0.179987 5.054166
v -4.702649 0.080000 -5.170190
v -4.525042 0.179987 5.011761
v -4.558795 0.080000 -4.822896
v -4.537906 0.179987 4.881155
v -4.586907 0.179987 5.127502
v -4.525042 0.080000 -4.904382
v -3.835390 0.179987 4.967660
v -4.537906 0.080000 -4.861977
v -3.818182 0.179987 5.054166
v -3.831046 0.179987 5.011761
v -3.831046 0.179987 4.923560
v -4.586907 0.080000 -4.788640
v -3.797293 0.179987 5.093247
v -4.746749 0.080000 -4.722431
v -3.797293 0.179987 4.842073
v -3.818182 0.179987 4.881155
v -3.835389 0.080000 -4.948483
v -3.769181 0.179987 4.807818
v -3.831046 0.080000 -4.904382
v -3.734926 0.179987 5.155615
v -3.797293 0.080000 -4.822896
v -3.734926 0.179987 4.779706
v -3.653439 0.179987 4.745953
v -3.818182 0.080000 -4.861977
v -3.565238 0.179987 4.745953
v -3.609338 0.179987 4.741609
v -3.734926 0.080000 -4.760528
v -3.695844 0.179987 4.758817
v -3.769181 0.179987 5.127502
v -3.653439 0.080000 -4.726775
v -3.695844 0.179987 5.176505
v -3.609338 0.179987 5.193711
v -3.695844 0.080000 -4.739639
v -3.565238 0.179987 5.189368
v -3.653439 0.179987 5.189368
v -3.522833 0.179987 5.176505
v -3.769181 0.080000 -4.788640
v -3.483751 0.179987 4.779706
v -3.483751 0.179987 5.155615
v -3.565238 0.080000 -4.726775
v -3.522833 0.179987 4.758817
v -3.483751 0.080000 -4.760528
v -3.421384 0.179987 4.842073
v -3.421384 0.179987 5.093247
v -3.449496 0.179987 4.807818
v -3.522833 0.080000 -4.739639
v -3.565238 0.080000 -5.170190
v -3.383287 0.179987 4.967660
v -3.387631 0.179987 4.923560
v -3.421384 0.080000 -4.822896
v -3.400494 0.179987 5.054166
v -3.387631 0.179987 5.011761
v -3.387631 0.080000 -4.904382
v -3.400494 0.179987 4.881155
v -3.449496 0.179987 5.127502
v -4.972801 0.179987 -4.948482
v -3.400494 0.080000 -4.861977
v -4.955594 0.179987 -4.861976
v -4.968457 0.179987 -4.904381
v -3.449496 0.080000 -4.788640
v -4.968457 0.179987 -4.992582
v -4.934704 0.179987 -4.822896
v -3.609338 0.080000 -4.722431
v -3.653439 0.080000 -5.170190
v -4.934704 0.179987 -5.074069
v -4.955594 0.179987 -5.034988
v 3.216510 0.080000 -4.948483
v -4.906592 0.179987 -5.108325
v -4.872337 0.179987 -4.760527
v 3.220853 0.080000 -4.904382
v -4.872337 0.179987 -5.136436
v 3.220853 0.080000 -4.992583
v -4.790850 0.179987 -5.170190
v -4.702649 0.179987 -5.170190
v 3.254606 0.080000 -4.822896
v -4.746749 0.179987 -5.174533
v 3.254606 0.080000 -5.074069
v -4.833256 0.179987 -5.157325
v 3.233717 0.080000 -4.861977
v -4.906592 0.179987 -4.788640
v -4.833256 0.179987 -4.739638
v 3.316973 0.080000 -4.760528
v -4.746749 0.179987 -4.722431
v -4.702649 0.179987 -4.726774
v 3.398460 0.080000 -4.726775
v -4.790850 0.179987 -4.726774
v 3.398460 0.080000 -5.170190
v -4.660244 0.179987 -4.739638
v 3.356055 0.080000 -4.739639
v -4.621162 0.179987 -5.136436
v -4.621162 0.179987 -4.760527
v 3.282718 0.080000 -4.788640
v -4.660244 0.179987 -5.157325
v 3.282718 0.080000 -5.108325
v 3.486661 0.080000 -4.726775
v -4.558795 0.179987 -5.074069
v -4.558795 0.179987 -4.822896
v -4.586907 0.179987 -5.108325
v -4.520699 0.179987 -4.948482
v -4.525042 0.179987 -4.992582
v 3.529066 0.080000 -4.739639
v -4.537906 0.179987 -4.861976
v -4.525042 0.179987 -4.904381
v 3.630515 0.080000 -4.822896
v -4.537906 0.179987 -5.034988
v -4.586907 0.179987 -4.788640
v 3.664268 0.080000 -4.904382
v -3.835390 0.179987 -4.948482
v 3.664268 0.080000 -4.992583
v -3.818182 0.179987 -4.861976
v -3.831046 0.179987 -4.904381
v -3.831046 0.179987 -4.992582
v 3.602403 0.080000 -4.788640
v -3.797293 0.179987 -4.822896
v -3.797293 0.179987 -5.074069
v 3.442560 0.080000 -4.722431
v -3.818182 0.179987 -5.034988
v -3.769181 0.179987 -5.108325
v 4.353920 0.080000 -4.948483
v -3.734926 0.179987 -4.760527
v -3.734926 0.179987 -5.136436
v 4.358264 0.080000 -4.904382
v 4.358264 0.080000 -4.992583
v -3.653439 0.179987 -5.170190
v -3.565238 0.179987 -5.170190
v 4.392016 0.080000 -4.822896
v -3.609338 0.179987 -5.174533
v -3.695844 0.179987 -5.157325
v 4.371127 0.080000 -4.861977
v -3.769181 0.179987 -4.788640
v 4.454384 0.080000 -4.760528
v -3.695844 0.179987 -4.739638
v -3.609338 0.179987 -4.722431
v -3.565238 0.179987 -4.726774
v 4.535871 0.080000 -4.726775
v 4.535871 0.080000 -5.170190
v -3.653439 0.179987 -4.726774
v 4.493465 0.080000 -4.739639
v -3.522833 0.179987 -4.739638
v -3.483751 0.179987 -5.136436
v -3.483751 0.179987 -4.760527
v 4.420130 0.080000 -4.788640
v 4.420130 0.080000 -5.108325
v -3.522833 0.179987 -5.157325
v 4.624072 0.080000 -4.726775
v -3.421384 0.179987 -5.074069
v 4.624072 0.080000 -5.170190
v -3.421384 0.179987 -4.822896
v -3.449496 0.179987 -5.108325
v -3.383287 0.179987 -4.948482
v 4.666478 0.080000 -4.739639
v -3.387631 0.179987 -4.992582
v -3.400494 0.179987 -4.861976
v -3.387631 0.179987 -4.904381
v -3.400494 0.179987 -5.034988
v -3.449496 0.179987 -4.788640
v 3.216509 0.179987 -4.948482
v 3.233717 0.179987 -4.861976
v 3.220852 0.179987 -4.904381
v 3.220852 0.179987 -4.992582
v 3.282717 0.179987 -4.788640
v 3.254604 0.179987 -4.822896
v 3.254604 0.179987 -5.074069
v 3.233717 0.179987 -5.034988
v 4.579971 0.080000 -4.722431
v -4.972801 0.080000 4.967660
v 3.282717 0.179987 -5.108325
v 3.356054 0.179987 -4.739638
v -4.968457 0.080000 5.011761
v -4.968457 0.080000 4.923560
v 3.316973 0.179987 -4.760527
v 3.316973 0.179987 -5.136436
v -4.934704 0.080000 5.093247
v 3.442559 0.179987 -5.174533
v -4.934704 0.080000 4.842073
v 3.398459 0.179987 -5.170190
v -4.955594 0.080000 5.054166
v -4.955594 0.080000 4.881155
v 3.529066 0.179987 -5.157325
v 3.486660 0.179987 -5.170190
v -4.872337 0.080000 5.155615
v 3.356054 0.179987 -5.157325
v -4.790850 0.080000 5.189368
v 3.398459 0.179987 -4.726774
v 3.486660 0.179987 -4.726774
v -4.790850 0.080000 4.745953
v -4.833256 0.080000 5.176505
v 3.442559 0.179987 -4.722431
v 3.568147 0.179987 -5.136436
v 3.568147 0.179987 -4.760527
v -4.906592 0.080000 5.127502
v 3.529066 0.179987 -4.739638
v -4.906592 0.080000 4.807818
v 3.630516 0.179987 -4.822896
v -4.702649 0.080000 5.189368
v 3.630516 0.179987 -5.074069
v -4.702649 0.080000 4.745953
v -4.621162 0.080000 5.155615
v 3.668611 0.179987 -4.948482
v 3.664268 0.179987 -4.992582
v -4.660244 0.080000 5.176505
v 3.664268 0.179987 -4.904381
v 3.651403 0.179987 -5.034988
v 3.602403 0.179987 -4.788640
v -4.558795 0.080000 5.093247
v -4.558795 0.080000 4.842073
v 3.651403 0.179987 -4.861976
v -4.525042 0.080000 5.011761
v 3.602403 0.179987 -5.108325
v 4.353920 0.179987 -4.948482
v -4.525042 0.080000 4.923560
v 4.371127 0.179987 -4.861976
v -4.537906 0.080000 5.054166
v 4.358263 0.179987 -4.904381
v -4.537906 0.080000 4.881155
v -4.586907 0.080000 5.127502
v 4.358263 0.179987 -4.992582
v -4.586907 0.080000 4.807818
v 4.420129 0.179987 -4.788640
v 4.392016 0.179987 -4.822896
v -4.746749 0.080000 5.193711
v 4.392016 0.179987 -5.074069
v -4.746749 0.080000 4.741609
v -3.835389 0.080000 4.967660
v 4.371127 0.179987 -5.034988
v -4.520699 0.080000 4.967660
v 4.420129 0.179987 -5.108325
v -3.831046 0.080000 5.011761
v 4.493465 0.179987 -4.739638
v -3.831046 0.080000 4.923560
v 4.454383 0.179987 -4.760527
v -3.797293 0.080000 5.093247
v 4.454383 0.179987 -5.136436
v 4.579971 0.179987 -5.174533
v -3.797293 0.080000 4.842073
v 4.535870 0.179987 -5.170190
v -3.818182 0.080000 5.054166
v 4.666477 0.179987 -5.157325
v -3.818182 0.080000 4.881155
v 4.624072 0.179987 -5.170190
v -3.734926 0.080000 5.155615
v 4.493465 0.179987 -5.157325
v -3.653439 0.080000 5.189368
v 4.535870 0.179987 -4.726774
v 4.624072 0.179987 -4.726774
v -3.653439 0.080000 4.745953
v 4.579971 0.179987 -4.722431
v -3.695844 0.080000 5.176505
v 4.705558 0.179987 -5.136436
v -3.769181 0.080000 5.127502
v 4.705558 0.179987 -4.760527
v -3.769181 0.080000 4.807818
v 4.666477 0.179987 -4.739638
v -3.565238 0.080000 5.189368
v 4.767926 0.179987 -4.822896
v 4.767926 0.179987 -5.074069
v -3.565238 0.080000 4.745953
v 4.806023 0.179987 -4.948482
v -3.483751 0.080000 5.155615
v 4.801678 0.179987 -4.992582
v 4.801678 0.179987 -4.904381
v -3.522833 0.080000 5.176505
v 4.788815 0.179987 -5.034988
v 4.739813 0.179987 -4.788640
v -3.421384 0.080000 5.093247
v 4.788815 0.179987 -4.861976
v -3.421384 0.080000 4.842073
v 4.739813 0.179987 -5.108325
v 3.216509 0.179987 4.967660
v -3.387631 0.080000 5.011761
v -3.387631 0.080000 4.923560
v 3.233717 0.179987 5.054166
v 3.220852 0.179987 5.011761
v -3.400494 0.080000 5.054166
v -3.400494 0.080000 4.881155
v 3.220852 0.179987 4.923560
v 3.254604 0.179987 5.093247
v 3.254604 0.179987 4.842073
v 3.233717 0.179987 4.881155
v -3.609338 0.080000 5.193711
v -3.609338 0.080000 4.741609
v 3.282717 0.179987 4.807818
v 3.316973 0.179987 5.155615
v 3.216510 0.080000 4.967660
v 3.316973 0.179987 4.779706
v 3.220853 0.080000 5.011761
v 3.398459 0.179987 4.745953
v 3.220853 0.080000 4.923560
v 3.486660 0.179987 4.745953
v 3.254606 0.080000 5.093247
v 3.442559 0.179987 4.741609
v 3.254606 0.080000 4.842073
v 3.233717 0.080000 5.054166
v 3.356054 0.179987 4.758817
v 3.282717 0.179987 5.127502
v 3.233717 0.080000 4.881155
v 3.356054 0.179987 5.176505
v 3.316973 0.080000 5.155615
v 3.442559 0.179987 5.193711
v 3.486660 0.179987 5.189368
v 3.398460 0.080000 5.189368
v 3.398459 0.179987 5.189368
v 3.398460 0.080000 4.745953
v 3.356055 0.080000 5.176505
v 3.529066 0.179987 5.176505
v 3.568147 0.179987 4.779706
v 3.568147 0.179987 5.155615
v 3.282718 0.080000 5.127502
v 3.529066 0.179987 4.758817
v 3.282718 0.080000 4.807818
v 3.630516 0.179987 4.842073
v 3.630516 0.179987 5.093247
v 3.602403 0.179987 4.807818
v 3.668611 0.179987 4.967660
v 3.664268 0.179987 4.923560
v 3.651403 0.179987 5.054166
v 3.630515 0.080000 5.093247
v 3.664268 0.179987 5.011761
v 3.651403 0.179987 4.881155
v 3.630515 0.080000 4.842073
v 3.602403 0.179987 5.127502
v 4.353920 0.179987 4.967660
v 4.353920 0.080000 4.967660
v 3.664268 0.080000 5.011761
v 4.371127 0.179987 5.054166
v 4.358263 0.179987 5.011761
v 3.664268 0.080000 4.923560
v 4.358263 0.179987 4.923560
v 4.392016 0.179987 5.093247
v 4.392016 0.179987 4.842073
v 4.371127 0.179987 4.881155
v 4.420129 0.179987 4.807818
v 4.454383 0.179987 5.155615
v 4.358264 0.080000 5.011761
v 4.454383 0.179987 4.779706
v 4.535870 0.179987 4.745953
v 4.358264 0.080000 4.923560
v 4.392016 0.080000 5.093247
v 4.624072 0.179987 4.745953
v 4.392016 0.080000 4.842073
v 4.579971 0.179987 4.741609
v 4.493465 0.179987 4.758817
v 4.371127 0.080000 5.054166
v 4.420129 0.179987 5.127502
v 4.371127 0.080000 4.881155
v 4.493465 0.179987 5.176505
v 4.454384 0.080000 5.155615
v 4.579971 0.179987 5.193711
v 4.454384 0.080000 4.779706
v 4.535871 0.080000 5.189368
v 4.624072 0.179987 5.189368
v 4.535870 0.179987 5.189368
v 4.535871 0.080000 4.745953
v 4.666477 0.179987 5.176505
v 4.493465 0.080000 5.176505
v 4.705558 0.179987 4.779706
v 4.420130 0.080000 5.127502
v 4.705558 0.179987 5.155615
v 4.666477 0.179987 4.758817
v 4.420130 0.080000 4.807818
v 4.767926 0.179987 4.842073
v 4.767926 0.179987 5.093247
v 4.739813 0.179987 4.807818
v 4.806023 0.179987 4.967660
v 4.801678 0.179987 4.923560
v 4.788815 0.179987 5.054166
v 4.801678 0.179987 5.011761
v 4.788815 0.179987 4.881155
v 4.739813 0.179987 5.127502
v -4.746749 -0.062916 4.741609
v -4.702649 -0.062916 4.745953
v -4.660244 -0.062916 4.758817
v -4.621162 -0.062916 4.779706
v -4.586907 -0.062916 4.807818
v -4.558795 -0.062916 4.842073
v -4.537906 -0.062916 4.881155
v -4.525042 -0.062916 4.923560
v -4.520699 -0.062916 4.967660
v -4.525042 -0.062916 5.011761
v -4.537906 -0.062916 5.054166
v -4.558795 -0.062916 5.093247
v -4.586907 -0.062916 5.127502
v -4.621162 -0.062916 5.155615
v -4.660244 -0.062916 5.176505
v -4.702649 -0.062916 5.189368
v -4.746749 -0.062916 5.193711
v -4.790850 -0.062916 5.189368
v -4.833256 -0.062916 5.176505
v -4.839892 -0.062916 5.172957
v -4.872337 -0.062916 5.155615
v -4.906592 -0.062916 5.127502
v -4.934704 -0.062916 5.093247
v -4.955594 -0.062916 5.054166
v -4.968457 -0.062916 5.011761
v -4.972801 -0.062916 4.967660
v -4.968457 -0.062916 4.923560
v -4.955594 -0.062916 4.881155
v -4.934704 -0.062916 4.842073
v -4.906592 -0.062916 4.807818
v -4.872337 -0.062916 4.779706
v -4.833256 -0.062916 4.758817
v -4.790850 -0.062916 4.745953
v -3.609338 -0.062916 4.741609
v -3.565238 -0.062916 4.745953
v -3.522833 -0.062916 4.758817
v -3.483751 -0.062916 4.779706
v -3.449496 -0.062916 4.807818
v -3.421384 -0.062916 4.842073
v -3.400494 -0.062916 4.881155
v -3.387631 -0.062916 4.923560
v -3.383287 -0.062916 4.967660
v -3.387631 -0.062916 5.011761
v -3.400494 -0.062916 5.054166
v -3.421384 -0.062916 5.093247
v -3.449496 -0.062916 5.127502
v -3.483751 -0.062916 5.155615
v -3.522833 -0.062916 5.176505
v -3.565238 -0.062916 5.189368
v -3.609338 -0.062916 5.193711
v -3.653439 -0.062916 5.189368
v -3.695844 -0.062916 5.176505
v -3.734926 -0.062916 5.155615
v -3.769181 -0.062916 5.127502
v -3.797293 -0.062916 5.093247
v -3.818182 -0.062916 5.054166
v -3.831046 -0.062916 5.011761
v -3.831046 -0.062916 4.923560
v -3.818182 -0.062916 4.881155
v -3.797293 -0.062916 4.842073
v -3.769181 -0.062916 4.807818
v -3.734926 -0.062916 4.779706
v -3.695844 -0.062916 4.758817
v -3.653439 -0.062916 4.745953
v -4.746749 -0.062916 -5.174533
v -4.660244 -0.062916 -5.157325
v -4.621162 -0.062916 -5.136436
v -4.586907 -0.062916 -5.108325
v -4.558795 -0.062916 -5.074069
v -4.537906 -0.062916 -5.034988
v -4.525042 -0.062916 -4.992582
v -4.968457 -0.062916 -4.992582
v -4.955594 -0.062916 -5.034988
v -4.934704 -0.062916 -5.074069
v -4.906592 -0.062916 -5.108325
v -4.872337 -0.062916 -5.136436
v -4.833256 -0.062916 -5.157325
v -3.609338 -0.062916 -5.174533
v -3.522833 -0.062916 -5.157325
v -3.483751 -0.062916 -5.136436
v -3.449496 -0.062916 -5.108325
v -3.421384 -0.062916 -5.074069
v -3.400494 -0.062916 -5.034988
v -3.387631 -0.062916 -4.992582
v -3.383287 -0.062916 -4.948482
v -3.831046 -0.062916 -4.992582
v -3.818182 -0.062916 -5.034988
v -3.797293 -0.062916 -5.074069
v -3.769181 -0.062916 -5.108325
v -3.734926 -0.062916 -5.136436
v -3.695844 -0.062916 -5.157325
v 3.442559 -0.062916 -5.174533
v 3.529066 -0.062916 -5.157325
v 3.568147 -0.062916 -5.136436
v 3.602403 -0.062916 -5.108325
v 3.630516 -0.062916 -5.074069
v 3.651403 -0.062916 -5.034988
v 3.668611 -0.062916 -4.948482
v 3.651403 -0.062916 -4.861976
v 3.316973 -0.062916 -5.136436
v 3.356054 -0.062916 -5.157325
v 4.579971 -0.062916 -5.174533
v 4.666477 -0.062916 -5.157325
v 4.705558 -0.062916 -5.136436
v 4.739813 -0.062916 -5.108325
v 4.767926 -0.062916 -5.074069
v 4.788815 -0.062916 -5.034988
v 4.801678 -0.062916 -4.992582
v 4.806023 -0.062916 -4.948482
v 4.801678 -0.062916 -4.904381
v 4.788815 -0.062916 -4.861976
v 4.767926 -0.062916 -4.822896
v 4.739813 -0.062916 -4.788640
v 4.392016 -0.062916 -5.074069
v 4.493465 -0.062916 -5.157325
v 3.486660 -0.062916 4.745953
v 3.529066 -0.062916 4.758817
v 3.568147 -0.062916 4.779706
v 3.602403 -0.062916 4.807818
v 3.651403 -0.062916 4.881155
v 3.668611 -0.062916 4.967660
v 3.651403 -0.062916 5.054166
v 3.602403 -0.062916 5.127502
v 3.568147 -0.062916 5.155615
v 3.529066 -0.062916 5.176505
v 3.486660 -0.062916 5.189368
v 3.356054 -0.062916 4.758817
v 4.624072 -0.062916 4.745953
v 4.666477 -0.062916 4.758817
v 4.705558 -0.062916 4.779706
v 4.739813 -0.062916 4.807818
v 4.767926 -0.062916 4.842073
v 4.788815 -0.062916 4.881155
v 4.801678 -0.062916 4.923560
v 4.806023 -0.062916 4.967660
v 4.801678 -0.062916 5.011761
v 4.788815 -0.062916 5.054166
v 4.767926 -0.062916 5.093247
v 4.739813 -0.062916 5.127502
v 4.705558 -0.062916 5.155615
v 4.666477 -0.062916 5.176505
v 4.624072 -0.062916 5.189368
v 4.493465 -0.062916 4.758817
v -4.346750 0.080000 -4.948483
v -3.835390 0.080000 -4.948483
v -4.010844 0.080000 -4.948483
v -3.831850 0.080000 -4.984423
v -4.354436 0.080000 -5.026518
v -4.003159 0.080000 -5.026518
v -4.377198 0.080000 -5.101555
v -3.980396 0.080000 -5.101555
v -4.692048 0.080000 -5.166974
v -3.664040 0.080000 -5.166974
v -4.702649 0.080000 -5.170190
v -4.724699 0.080000 -5.172362
v -3.943432 0.080000 -5.170710
v -4.414162 0.080000 -5.170710
v -3.653439 0.080000 -5.170190
v -3.631389 0.080000 -5.172362
v -3.210844 0.080000 -4.948483
v 3.216509 0.080000 -4.948483
v 3.220852 0.080000 -4.992582
v -3.218530 0.080000 -5.026518
v 3.053010 0.080000 -5.026518
v 3.233717 0.080000 -5.034988
v 3.233717 0.080000 -5.034988
v 3.254604 0.080000 -5.074069
v 3.235235 0.080000 -5.037827
v -3.241292 0.080000 -5.101555
v 3.075773 0.080000 -5.101555
v 3.282717 0.080000 -5.108325
v 3.285268 0.080000 -5.110418
v -3.554636 0.080000 -5.166974
v 3.383356 0.080000 -5.165608
v -3.565238 0.080000 -5.170190
v -3.587288 0.080000 -5.172362
v -3.278256 0.080000 -5.170710
v 3.112736 0.080000 -5.170710
v 3.398459 0.080000 -5.170190
v 3.427564 0.080000 -5.173057
v 3.664268 0.080000 -4.992582
v 3.665156 0.080000 -4.983567
v 3.845324 0.080000 -4.948483
v 4.181229 0.080000 -4.948483
v 4.353920 0.080000 -4.948483
v 4.358263 0.080000 -4.992582
v 3.662017 0.080000 -5.000002
v 4.188916 0.080000 -5.026518
v 3.837638 0.080000 -5.026518
v 4.371127 0.080000 -5.034988
v 4.371127 0.080000 -5.034988
v 4.211678 0.080000 -5.101555
v 3.814876 0.080000 -5.101555
v 4.410207 0.080000 -5.096234
v 4.420129 0.080000 -5.108325
v 4.454383 0.080000 -5.136436
v 4.454383 0.080000 -5.136437
v 4.515984 0.080000 -5.164157
v 3.486660 0.080000 -5.170190
v 3.473732 0.080000 -5.171463
v 3.486661 0.080000 -5.170190
v 4.248641 0.080000 -5.170710
v 3.777911 0.080000 -5.170710
v 4.535870 0.080000 -5.170190
v 4.563265 0.080000 -5.172888
v 4.950780 0.080000 -5.101555
v 4.959678 0.080000 -5.072225
v -5.124423 0.080000 -5.074783
v -5.116302 0.080000 -5.101555
v 4.913817 0.080000 -5.170710
v -5.079338 0.080000 -5.170710
v 4.630171 0.080000 -5.168340
v -4.801451 0.080000 -5.166974
v -4.768800 0.080000 -5.172362
v -4.790850 0.080000 -5.170190
v 4.624072 0.080000 -5.170190
v 4.605062 0.080000 -5.172062
v 4.298387 0.080000 -5.231326
v 4.803457 0.080000 -5.281070
v 4.864072 0.080000 -5.231326
v -5.029593 0.080000 -5.231326
v -4.968977 0.080000 -5.281070
v -4.899823 0.080000 -5.318034
v -4.824786 0.080000 -5.340796
v -4.668714 0.080000 -5.340796
v -4.746749 0.080000 -5.348482
v -4.463907 0.080000 -5.231326
v -4.524521 0.080000 -5.281070
v -4.593677 0.080000 -5.318034
v -3.893687 0.080000 -5.231326
v -3.688880 0.080000 -5.340796
v -3.763918 0.080000 -5.318034
v -3.833073 0.080000 -5.281070
v -3.532808 0.080000 -5.340796
v -3.388616 0.080000 -5.281070
v -3.328001 0.080000 -5.231326
v -3.457771 0.080000 -5.318034
v -3.610845 0.080000 -5.348482
v 3.162481 0.080000 -5.231326
v 3.223096 0.080000 -5.281070
v 3.367288 0.080000 -5.340796
v 3.292250 0.080000 -5.318034
v 3.598397 0.080000 -5.318034
v 3.523360 0.080000 -5.340796
v 3.445324 0.080000 -5.348482
v 4.359001 0.080000 -5.281070
v 3.728167 0.080000 -5.231326
v 3.667553 0.080000 -5.281070
v 4.581229 0.080000 -5.348482
v 4.503193 0.080000 -5.340796
v 4.734303 0.080000 -5.318034
v 4.659265 0.080000 -5.340796
v 4.428156 0.080000 -5.318034
v 3.845324 0.080000 -4.948482
v 4.181229 0.080000 -4.948482
v 4.353920 0.080000 -4.948482
v 3.665430 0.080000 -4.916183
v 4.358263 0.080000 -4.904381
v 3.664268 0.080000 -4.904381
v 3.656442 0.080000 -4.878584
v 4.188916 0.080000 -4.870446
v 3.837638 0.080000 -4.870446
v 4.371127 0.080000 -4.861976
v 3.644947 0.080000 -4.849896
v 4.392016 0.080000 -4.822896
v 3.630516 0.080000 -4.822896
v 4.211678 0.080000 -4.795409
v 3.814876 0.080000 -4.795409
v 4.420129 0.080000 -4.788640
v 3.602403 0.080000 -4.788640
v 3.570698 0.080000 -4.762620
v 4.454383 0.080000 -4.760527
v 3.568147 0.080000 -4.760527
v 3.568147 0.080000 -4.760528
v 4.493465 0.080000 -4.739638
v 3.529066 0.080000 -4.739638
v 3.777911 0.080000 -4.726255
v 4.535870 0.080000 -4.726774
v 4.248641 0.080000 -4.726255
v 3.486660 0.080000 -4.726774
v -3.210844 0.080000 -4.948482
v 3.216509 0.080000 -4.948482
v -3.386071 0.080000 -4.920216
v 3.220852 0.080000 -4.904381
v 3.053010 0.080000 -4.870446
v -3.387631 0.080000 -4.904381
v -3.218530 0.080000 -4.870446
v 3.233717 0.080000 -4.861976
v -3.400494 0.080000 -4.861976
v 3.075773 0.080000 -4.795409
v 3.254604 0.080000 -4.822896
v -3.421384 0.080000 -4.822896
v -3.241292 0.080000 -4.795409
v 3.282717 0.080000 -4.788640
v -3.449496 0.080000 -4.788640
v 3.316973 0.080000 -4.760527
v -3.483751 0.080000 -4.760527
v 3.356054 0.080000 -4.739638
v -3.522833 0.080000 -4.739638
v 3.112736 0.080000 -4.726255
v 3.398459 0.080000 -4.726774
v -3.565238 0.080000 -4.726774
v -3.278256 0.080000 -4.726255
v -4.346750 0.080000 -4.948482
v -4.010844 0.080000 -4.948482
v -3.835390 0.080000 -4.948482
v -4.520699 0.080000 -4.948482
v -3.831046 0.080000 -4.904381
v -4.525042 0.080000 -4.904381
v -4.003159 0.080000 -4.870446
v -4.354436 0.080000 -4.870446
v -3.818182 0.080000 -4.861976
v -4.537906 0.080000 -4.861976
v -3.797293 0.080000 -4.822896
v -4.558795 0.080000 -4.822896
v -3.980396 0.080000 -4.795409
v -4.377198 0.080000 -4.795409
v -3.769181 0.080000 -4.788640
v -4.586907 0.080000 -4.788640
v -3.734926 0.080000 -4.760527
v -4.621162 0.080000 -4.760527
v -3.695844 0.080000 -4.739638
v -4.660244 0.080000 -4.739638
v -4.414162 0.080000 -4.726255
v -3.653439 0.080000 -4.726774
v -3.943432 0.080000 -4.726255
v -4.702649 0.080000 -4.726774
v -5.118927 0.080000 5.091133
v -5.135700 0.080000 5.035840
v -5.139064 0.080000 -4.870446
v -5.146749 0.080000 -4.948482
v -5.139064 0.080000 -5.026518
v -5.079338 0.080000 -4.726255
v -5.116302 0.080000 -4.795409
v -5.143385 0.080000 4.957804
v -5.029593 0.080000 -4.665639
v -4.972801 0.080000 -4.948482
v -4.968457 0.080000 -4.904381
v -4.955594 0.080000 -4.861976
v -4.968977 0.080000 -4.615894
v -4.934704 0.080000 -4.822896
v -5.135700 0.080000 4.879767
v -4.906592 0.080000 -4.788640
v -4.899823 0.080000 -4.578931
v -4.872337 0.080000 -4.760527
v -5.112937 0.080000 4.804731
v -5.075973 0.080000 4.735576
v -5.026228 0.080000 4.674961
v -4.965613 0.080000 4.625215
v -4.896459 0.080000 4.588253
v -4.833256 0.080000 -4.739638
v -4.824786 0.080000 -4.556168
v -4.821421 0.080000 4.565489
v -4.790850 0.080000 -4.726774
v -4.746749 0.080000 -4.722431
v -4.746749 0.080000 -4.548482
v -4.743385 0.080000 4.557804
v -4.593677 0.080000 -4.578931
v -4.668714 0.080000 -4.556168
v -4.524521 0.080000 -4.615894
v -3.893687 0.080000 -4.665639
v -4.463907 0.080000 -4.665639
v -3.688880 0.080000 -4.556168
v -3.763918 0.080000 -4.578931
v -3.833073 0.080000 -4.615894
v -4.665349 0.080000 4.565489
v -4.590312 0.080000 4.588253
v -3.610845 0.080000 -4.548482
v -3.609338 0.080000 -4.722431
v -3.532808 0.080000 -4.556168
v -3.457771 0.080000 -4.578931
v -3.328001 0.080000 -4.665639
v 3.162481 0.080000 -4.665639
v 3.442559 0.080000 -4.722431
v 3.292250 0.080000 -4.578931
v 3.223096 0.080000 -4.615894
v -3.388616 0.080000 -4.615894
v -4.521157 0.080000 4.625215
v 3.367288 0.080000 -4.556168
v 3.445324 0.080000 -4.548482
v 3.523360 0.080000 -4.556168
v 3.598397 0.080000 -4.578931
v 4.359001 0.080000 -4.615894
v 4.298387 0.080000 -4.665639
v 3.667553 0.080000 -4.615894
v 3.728167 0.080000 -4.665639
v 4.428156 0.080000 -4.578931
v 4.579971 0.080000 -4.722431
v -4.460542 0.080000 4.674961
v 4.624072 0.080000 -4.726774
v 4.666477 0.080000 -4.739638
v -4.575336 0.080000 4.821918
v 4.705558 0.080000 -4.760528
v 4.705558 0.080000 -4.760527
v -4.410797 0.080000 4.735576
v -4.550196 0.080000 4.858160
v -4.344356 0.080000 4.967660
v -4.343385 0.080000 4.957804
v -4.523254 0.080000 4.941713
v -4.007480 0.080000 4.957804
v -4.006509 0.080000 4.967660
v -3.835390 0.080000 4.967660
v -4.532610 0.080000 4.898610
v -3.999794 0.080000 4.879767
v -4.373834 0.080000 4.804731
v -4.351071 0.080000 4.879767
v -3.977031 0.080000 4.804731
v -3.940068 0.080000 4.735576
v -3.890322 0.080000 4.674961
v -3.829708 0.080000 4.625215
v -3.685516 0.080000 4.565489
v -3.760553 0.080000 4.588253
v -3.529444 0.080000 4.565489
v 4.503193 0.080000 -4.556168
v -3.607480 0.080000 4.557804
v -3.454406 0.080000 4.588253
v -3.385252 0.080000 4.625215
v -3.324637 0.080000 4.674961
v -3.274892 0.080000 4.735576
v -3.412785 0.080000 4.858160
v 3.216509 0.080000 4.967660
v -3.208450 0.080000 4.967660
v -3.207479 0.080000 4.957804
v -3.395199 0.080000 4.898610
v 3.220852 0.080000 4.923560
v -3.237928 0.080000 4.804731
v -3.215166 0.080000 4.879767
v 3.053010 0.080000 4.879767
v 3.075773 0.080000 4.804731
v 3.112736 0.080000 4.735576
v 3.162481 0.080000 4.674961
v 3.233717 0.080000 4.881155
v 4.581229 0.080000 -4.548482
v 4.659265 0.080000 -4.556168
v 3.223096 0.080000 4.625215
v 3.254604 0.080000 4.842073
v 3.292250 0.080000 4.588253
v 3.282717 0.080000 4.807818
v 4.734303 0.080000 -4.578931
v 3.316973 0.080000 4.779706
v 3.316973 0.080000 4.779706
v 3.367288 0.080000 4.565489
v 3.398459 0.080000 4.745953
v 3.380450 0.080000 4.751416
v 3.442560 0.080000 4.741609
v 3.442559 0.080000 4.741609
v 3.445324 0.080000 4.557804
v 3.523360 0.080000 4.565489
v 3.598397 0.080000 4.588253
v 3.616459 0.080000 4.824945
v 3.630516 0.080000 4.842073
v 3.640960 0.080000 4.861614
v 3.667553 0.080000 4.625215
v 3.657836 0.080000 4.902357
v 3.665354 0.080000 4.934585
v 3.845324 0.080000 4.957804
v 4.181229 0.080000 4.957804
v 4.353920 0.080000 4.967660
v 4.182200 0.080000 4.967660
v 3.844353 0.080000 4.967660
v 3.664268 0.080000 4.923560
v 4.358263 0.080000 4.923560
v 3.777911 0.080000 4.735576
v 3.728167 0.080000 4.674961
v 3.837638 0.080000 4.879767
v 4.188916 0.080000 4.879767
v 3.814876 0.080000 4.804731
v 4.211678 0.080000 4.804731
v 4.248641 0.080000 4.735576
v 4.298387 0.080000 4.674961
v 4.359001 0.080000 4.625215
v 4.371127 0.080000 4.881155
v 4.392016 0.080000 4.842073
v 4.420129 0.080000 4.807818
v 4.428156 0.080000 4.588253
v 4.973544 0.080000 -5.026518
v 4.957289 0.080000 5.089420
v 4.973544 0.080000 5.035840
v 4.913817 0.080000 -4.726255
v 4.950780 0.080000 -4.795409
v 4.981229 0.080000 -4.948482
v 4.973544 0.080000 -4.870446
v 4.454383 0.080000 4.779706
v 4.486893 0.080000 4.762330
v 4.864072 0.080000 4.674961
v 4.864072 0.080000 -4.665639
v 4.981229 0.080000 4.957804
v 4.973544 0.080000 4.879767
v 4.950780 0.080000 4.804731
v 4.913817 0.080000 4.735576
v 4.803457 0.080000 4.625215
v 4.506657 0.080000 4.754815
v 4.535870 0.080000 4.745953
v 4.503193 0.080000 4.565489
v 4.579971 0.080000 4.741609
v 4.581229 0.080000 4.557804
v 4.579971 0.080000 4.741609
v 4.659265 0.080000 4.565489
v 4.803457 0.080000 -4.615894
v 4.734303 0.080000 4.588253
v 3.664268 0.080000 5.011761
v 3.665354 0.080000 5.000736
v 4.358263 0.080000 5.011761
v 4.188916 0.080000 5.035840
v 3.657836 0.080000 5.032963
v 3.837638 0.080000 5.035840
v 4.371127 0.080000 5.054166
v 3.630516 0.080000 5.093247
v 3.640960 0.080000 5.073707
v 4.392016 0.080000 5.093247
v 4.211678 0.080000 5.110877
v 3.616459 0.080000 5.110375
v 3.814876 0.080000 5.110877
v 4.420129 0.080000 5.127502
v 4.454383 0.080000 5.155615
v 4.493465 0.080000 5.176505
v 4.248641 0.080000 5.180031
v 3.777911 0.080000 5.180031
v 4.535870 0.080000 5.189368
v 4.579971 0.080000 5.193711
v 4.579971 0.080000 5.193711
v 3.220852 0.080000 5.011761
v 3.053010 0.080000 5.035840
v -3.215166 0.080000 5.035840
v -3.392926 0.080000 5.029216
v 3.233717 0.080000 5.054166
v -3.409093 0.080000 5.070253
v 3.254604 0.080000 5.093247
v 3.075773 0.080000 5.110877
v -3.237928 0.080000 5.110877
v 3.282717 0.080000 5.127502
v 3.316973 0.080000 5.155615
v -3.499838 0.080000 5.164214
v 3.356054 0.080000 5.176505
v 3.112736 0.080000 5.180031
v -3.540288 0.080000 5.181799
v 3.398459 0.080000 5.189368
v -3.274892 0.080000 5.180031
v 3.442560 0.080000 5.193711
v -3.583391 0.080000 5.191156
v 3.442559 0.080000 5.193711
v -4.522486 0.080000 4.985814
v -3.999794 0.080000 5.035840
v -4.530337 0.080000 5.029216
v -4.351071 0.080000 5.035840
v -4.546504 0.080000 5.070253
v -3.977031 0.080000 5.110877
v -4.570367 0.080000 5.107348
v -4.373834 0.080000 5.110877
v -4.601008 0.080000 5.139075
v -3.711932 0.080000 5.167905
v -4.637249 0.080000 5.164214
v -3.940068 0.080000 5.180031
v -3.678389 0.080000 5.181799
v -4.677699 0.080000 5.181799
v -4.410797 0.080000 5.180031
v -3.635286 0.080000 5.191156
v -4.720802 0.080000 5.191156
v -5.112937 0.080000 5.110877
v 4.950780 0.080000 5.110877
v -5.075973 0.080000 5.180031
v 4.913817 0.080000 5.180031
v -4.856250 0.080000 5.164214
v -4.815800 0.080000 5.181799
v -4.764903 0.080000 5.191924
v -5.026228 0.080000 5.240647
v -4.965613 0.080000 5.290391
v -4.460542 0.080000 5.240647
v 3.223096 0.080000 5.290391
v 3.162481 0.080000 5.240647
v 3.292250 0.080000 5.327355
v 3.367288 0.080000 5.350118
v 3.445324 0.080000 5.357803
v 3.523360 0.080000 5.350118
v 3.667553 0.080000 5.290391
v 3.728167 0.080000 5.240647
v 3.598397 0.080000 5.327355
v 4.503193 0.080000 5.350118
v 4.659265 0.080000 5.350118
v 4.734303 0.080000 5.327355
v 4.864072 0.080000 5.240647
v 4.803457 0.080000 5.290391
v 4.581229 0.080000 5.357803
v 4.428156 0.080000 5.327355
v 4.359001 0.080000 5.290391
v 4.298387 0.080000 5.240647
v -4.896459 0.080000 5.327355
v -4.743385 0.080000 5.357803
v -4.821421 0.080000 5.350118
v -4.590312 0.080000 5.327355
v -3.890322 0.080000 5.240647
v -3.829708 0.080000 5.290391
v -4.521157 0.080000 5.290391
v -4.665349 0.080000 5.350118
v -3.685516 0.080000 5.350118
v -3.607480 0.080000 5.357803
v -3.529444 0.080000 5.350118
v -3.760553 0.080000 5.327355
v -3.454406 0.080000 5.327355
v -3.385252 0.080000 5.290391
v -3.324637 0.080000 5.240647
v -4.660244 -0.062916 4.758816
v -4.833256 -0.062916 4.758816
v -3.522833 -0.062916 4.758816
v -3.449496 -0.062916 4.807818
v -3.383287 -0.062916 4.967660
v -3.449496 -0.062916 5.127502
v -3.695844 -0.062916 4.758816
v -4.724699 -0.062916 -5.172362
v -4.746749 -0.062916 -5.174534
v -4.692048 -0.062916 -5.166974
v -4.660244 -0.062916 -5.157326
v -4.621162 -0.062916 -5.136437
v -4.586907 -0.062916 -5.108325
v -4.558795 -0.062916 -5.074069
v -4.537906 -0.062916 -5.034988
v -4.525042 -0.062916 -4.992583
v -4.520699 -0.062916 -4.948483
v -4.520699 -0.062916 -4.948482
v -4.972801 -0.062916 -4.948482
v -4.972801 -0.062916 -4.948483
v -4.968457 -0.062916 -4.992583
v -4.955594 -0.062916 -5.034988
v -4.934704 -0.062916 -5.074069
v -4.906592 -0.062916 -5.108325
v -4.872337 -0.062916 -5.136437
v -4.833256 -0.062916 -5.157326
v -4.801451 -0.062916 -5.166974
v -4.768800 -0.062916 -5.172362
v -3.587288 -0.062916 -5.172362
v -3.609338 -0.062916 -5.174534
v -3.554636 -0.062916 -5.166974
v -3.522833 -0.062916 -5.157326
v -3.483751 -0.062916 -5.136437
v -3.449496 -0.062916 -5.108325
v -3.421384 -0.062916 -5.074069
v -3.400494 -0.062916 -5.034988
v -3.387631 -0.062916 -4.992583
v -3.386315 -0.062916 -4.979225
v -3.383287 -0.062916 -4.948483
v -3.386315 -0.023976 -4.979225
v -3.387144 -0.062916 -4.987642
v -3.384012 -0.062916 -4.941129
v -3.831850 -0.062916 -4.984423
v -3.831046 -0.062916 -4.992583
v -3.818182 -0.062916 -5.034988
v -3.797293 -0.062916 -5.074069
v -3.769181 -0.062916 -5.108325
v -3.734926 -0.062916 -5.136437
v -3.695844 -0.062916 -5.157326
v -3.664040 -0.062916 -5.166974
v -3.631389 -0.062916 -5.172362
v 3.473732 -0.062916 -5.171463
v 3.442560 -0.062916 -5.174534
v 3.486661 -0.062916 -5.170190
v 3.486661 -0.062916 -5.170190
v 3.529066 -0.062916 -5.157326
v 3.568147 -0.062916 -5.136437
v 3.602403 -0.062916 -5.108325
v 3.630515 -0.062916 -5.074069
v 3.651404 -0.062916 -5.034988
v 3.662017 -0.062916 -5.000002
v 3.668612 -0.062916 -4.948483
v 3.665156 -0.062916 -4.983567
v 3.665430 -0.062916 -4.916183
v 3.656442 -0.062916 -4.878584
v 3.651404 -0.062916 -4.861977
v 3.644947 -0.062916 -4.849896
v 3.570698 -0.062916 -4.762620
v 3.568147 -0.062916 -4.760528
v 3.233717 -0.062916 -5.034988
v 3.233717 -0.062916 -5.034988
v 3.235235 -0.062916 -5.037827
v 3.285268 -0.062916 -5.110418
v 3.316973 -0.062916 -5.136437
v 3.356055 -0.062916 -5.157326
v 3.383356 -0.062916 -5.165608
v 3.427564 -0.062916 -5.173057
v 4.605062 -0.062916 -5.172062
v 4.579971 -0.062916 -5.174534
v 4.630171 -0.062916 -5.168340
v 4.666478 -0.062916 -5.157326
v 4.705558 -0.062916 -5.136437
v 4.739814 -0.062916 -5.108325
v 4.767926 -0.062916 -5.074069
v 4.788816 -0.062916 -5.034988
v 4.801680 -0.062916 -4.992583
v 4.806023 -0.062916 -4.948483
v 4.801680 -0.062916 -4.904382
v 4.788816 -0.062916 -4.861977
v 4.767926 -0.062916 -4.822896
v 4.739814 -0.062916 -4.788640
v 4.705558 -0.062916 -4.760528
v 4.371127 -0.062916 -5.034988
v 4.371127 -0.062916 -5.034988
v 4.392016 -0.062916 -5.074069
v 4.410207 -0.062916 -5.096234
v 4.454383 -0.062916 -5.136437
v 4.454384 -0.062916 -5.136437
v 4.493465 -0.062916 -5.157326
v 4.515984 -0.062916 -5.164157
v 4.563265 -0.062916 -5.172888
v 3.442560 -0.062916 4.741609
v 3.486661 -0.062916 4.745953
v 3.529066 -0.062916 4.758816
v 3.568147 -0.062916 4.779706
v 3.602403 -0.062916 4.807818
v 3.616459 -0.062916 4.824945
v 3.640960 -0.062916 4.861614
v 3.651404 -0.062916 4.881155
v 3.657836 -0.062916 4.902357
v 3.668612 -0.062916 4.967660
v 3.665354 -0.062916 4.934585
v 3.665354 -0.062916 5.000736
v 3.657836 -0.062916 5.032963
v 3.651404 -0.062916 5.054166
v 3.640960 -0.062916 5.073707
v 3.616459 -0.062916 5.110375
v 3.602403 -0.062916 5.127502
v 3.568147 -0.062916 5.155615
v 3.529066 -0.062916 5.176505
v 3.486661 -0.062916 5.189368
v 3.442560 -0.062916 5.193711
v 3.442560 -0.062916 5.193711
v 3.316973 -0.062916 4.779706
v 3.316973 -0.062916 4.779706
v 3.356055 -0.062916 4.758816
v 3.380450 -0.062916 4.751416
v 3.442560 -0.062916 4.741609
v 4.579971 -0.062916 4.741609
v 4.624072 -0.062916 4.745953
v 4.666478 -0.062916 4.758816
v 4.705558 -0.062916 4.779706
v 4.739814 -0.062916 4.807818
v 4.767926 -0.062916 4.842073
v 4.788816 -0.062916 4.881155
v 4.801680 -0.062916 4.923560
v 4.806023 -0.062916 4.967660
v 4.801680 -0.062916 5.011761
v 4.788816 -0.062916 5.054166
v 4.767926 -0.062916 5.093247
v 4.739814 -0.062916 5.127502
v 4.705558 -0.062916 5.155615
v 4.666478 -0.062916 5.176505
v 4.624072 -0.062916 5.189368
v 4.579971 -0.062916 5.193711
v 4.486893 -0.062916 4.762330
v 4.493465 -0.062916 4.758816
v 4.506657 -0.062916 4.754815
v -3.391782 0.015464 4.909876
v -4.523640 0.015464 4.997530
v -3.396344 0.015464 5.040483
v -4.776620 0.015464 5.190770
v -3.510222 0.015464 5.169764
v -4.552054 0.015464 5.080637
v -4.567866 0.015464 4.831020
v -4.647633 0.015464 5.169764
v -3.407235 0.015464 4.868543
v -3.551554 0.015464 5.185217
v -4.577836 0.015464 5.116449
v -4.529193 0.015464 4.909876
v -4.610109 0.015464 5.146544
v -4.688966 0.015464 5.185217
v -4.544646 0.015464 4.868543
v -4.732520 0.015464 5.192310
v -4.533754 0.015464 5.040483
v -3.722315 0.015464 5.162355
v -4.522100 0.015464 4.953430
v -3.595108 0.015464 5.192310
v -3.414643 0.015464 5.080637
v -4.979680 0.080000 4.266018
v -4.979680 0.080000 4.066018
v -4.979680 0.080000 3.958132
v -4.979535 0.080000 -3.599273
v -4.979680 0.080000 3.758132
v -4.979535 0.080000 -3.799273
v -4.979535 0.080000 -3.907121
v -4.979535 0.080000 -4.107121
v -5.179535 0.080000 -3.599273
v -5.179535 0.080000 -3.799273
v -5.179535 0.080000 -3.907121
v -5.179535 0.080000 -4.107121
v -4.779679 0.080000 4.266018
v -4.779679 0.080000 4.066018
v -4.779679 0.080000 3.958132
v -4.779679 0.080000 3.758132
v -4.746586 0.080000 -4.107121
v -4.821532 0.080000 4.266018
v -4.862366 0.080000 -4.107121
v -4.862366 0.080000 -3.599273
v -4.862366 0.080000 -3.799273
v -4.862366 0.080000 -3.907121
v -3.607588 0.080000 4.266018
v -3.511003 0.080000 4.266018
v -3.511003 0.080000 3.758132
v -3.511003 0.080000 4.066018
v -3.511003 0.080000 3.958132
v -4.662510 0.080000 4.266018
v -4.662510 0.080000 4.066018
v -4.662510 0.080000 3.958132
v -4.462510 0.080000 4.266018
v -4.462510 0.080000 4.066018
v -4.462510 0.080000 3.958132
v -4.345341 0.080000 3.758132
v -4.462510 0.080000 3.758132
v -4.145341 0.080000 4.266018
v -4.145341 0.080000 4.066018
v -4.145341 0.080000 3.958132
v -4.345341 0.080000 4.266018
v -4.345341 0.080000 4.066018
v -4.345341 0.080000 3.958132
v -4.028172 0.080000 3.758132
v -4.145341 0.080000 3.758132
v -3.828172 0.080000 4.266018
v -3.828172 0.080000 4.066018
v -3.828172 0.080000 3.958132
v -4.028172 0.080000 4.266018
v -4.028172 0.080000 4.066018
v -4.028172 0.080000 3.958132
v -3.711003 0.080000 3.758132
v -3.828172 0.080000 3.758132
v -3.711003 0.080000 4.266018
v -3.711003 0.080000 4.066018
v -3.711003 0.080000 3.958132
v -4.662510 0.080000 3.758132
v -4.662366 0.080000 -3.599273
v -4.545197 0.080000 -3.799273
v -4.545197 0.080000 -3.907121
v -4.662366 0.080000 -3.799273
v -4.662366 0.080000 -3.907121
v -4.545197 0.080000 -4.107121
v -4.662366 0.080000 -4.107121
v -4.545197 0.080000 -3.599273
v -4.345197 0.080000 -3.599273
v -4.228028 0.080000 -4.107121
v -4.228028 0.080000 -3.907121
v -4.345197 0.080000 -3.907121
v -4.345197 0.080000 -4.107121
v -4.345197 0.080000 -3.799273
v -4.028028 0.080000 -3.907121
v -3.910859 0.080000 -3.907121
v -3.710858 0.080000 -3.907121
v -3.710858 0.080000 -4.107121
v -3.910859 0.080000 -4.107121
v -4.028028 0.080000 -4.107121
v 4.659265 0.080000 -4.063102
v 4.581234 0.080000 -3.863102
v 4.581234 0.080000 -4.063102
v 4.781233 0.080000 -4.063102
v 4.781233 0.080000 -3.863102
v 4.898282 0.080000 -3.863102
v 4.898282 0.080000 -4.063102
v 5.098283 0.080000 -3.863102
v 5.098283 0.080000 -4.063102
v 4.264185 0.080000 -4.063102
v 4.264185 0.080000 -3.863102
v 4.464186 0.080000 -3.863102
v 4.464186 0.080000 -4.063102
v -3.741873 0.080000 3.400000
v -3.520340 0.080000 3.400000
v 6.513054 0.080000 3.031959
v 5.476193 0.080000 4.957273
v 5.476193 0.080000 4.946191
v 5.476193 0.080000 4.916238
v 5.476193 0.080000 3.922591
v 5.476193 0.080000 3.805793
v 6.250029 0.080000 3.920413
v 5.476193 0.080000 2.771111
v 6.250029 0.080000 2.768933
v 6.265630 0.080000 3.792043
v 6.497452 0.080000 4.712353
v 6.513054 0.080000 4.183438
v 6.497452 0.080000 3.560873
v 6.265630 0.080000 4.943523
v 3.776245 0.080000 4.176278
v 3.776245 0.080000 3.692663
v 4.556375 0.080000 4.176278
v 4.556375 0.080000 3.692663
v 6.325298 0.080000 2.155069
v 5.841683 0.080000 -0.333546
v 5.841683 0.080000 -1.261900
v 5.841683 0.080000 -2.042030
v 5.841683 0.080000 -2.970385
v 5.841683 0.080000 -3.750515
v 6.325298 0.080000 1.374939
v 6.325298 0.080000 0.446585
v 6.325298 0.080000 -3.750515
v 6.325298 0.080000 -2.970385
v 6.325298 0.080000 -2.042030
v 6.325298 0.080000 -0.333546
v 6.325298 0.080000 -1.261900
v 6.229793 0.080000 2.155069
v 5.841683 0.080000 2.155069
v 5.841683 0.080000 1.374939
v 5.841683 0.080000 0.446585
v -5.540000 0.080000 -4.395954
v -5.540000 0.080000 -4.386261
v -5.552516 0.080000 -4.395954
v -6.740000 0.080000 2.899953
v -6.740000 0.080000 2.575976
v -6.740000 0.080000 1.075976
v -6.740000 0.080000 0.752000
v -6.740000 0.080000 -0.748000
v -6.740000 0.080000 -1.071977
v -6.740000 0.080000 -2.571977
v -6.740000 0.080000 -2.895954
v -6.740000 0.080000 -4.395954
v -5.540000 0.080000 -2.571977
v -5.540000 0.080000 -2.895954
v -5.540000 0.080000 4.399953
v -6.740000 0.080000 4.399953
v -5.540000 0.080000 -1.071977
v -5.540000 0.080000 0.752000
v -5.540000 0.080000 -0.748000
v -5.540000 0.080000 2.899953
v -5.540000 0.080000 2.575976
v -5.540000 0.080000 1.075976
v -3.049455 0.080000 -4.948483
v 3.049455 0.080000 -4.990423
v 3.049455 0.080000 -5.056499
v -3.049455 0.080000 -5.056499
v -3.049455 0.080000 3.743500
v 3.049455 0.080000 3.743500
v -3.049455 0.080000 4.967660
v 3.049455 0.080000 4.915861
v -5.356500 0.080000 -3.049454
v 3.049455 0.080000 -4.906541
v 3.049455 0.080000 -3.743500
v -3.049455 0.080000 -3.743500
v 5.356500 0.080000 3.049456
v 5.356500 0.080000 2.814718
v 4.043500 0.080000 3.049456
v 4.043499 0.080000 -3.049454
v 5.356500 0.080000 -3.049454
v -5.356500 0.080000 2.951215
v -5.356500 0.080000 3.049456
v -4.043500 0.080000 -3.049454
v -5.356500 0.080000 -2.947626
v -4.043499 0.080000 3.049456
v 3.049455 0.080000 4.999746
v -3.049455 0.080000 5.056500
v 3.049455 0.080000 5.056500
v 3.049455 0.179987 -4.906541
v 3.049455 0.179987 -4.990423
v 3.049455 0.133738 -4.990423
v 3.049455 0.133738 -4.990423
v 3.049455 0.179987 4.999747
v 3.049455 0.179987 4.915861
v -2.962335 0.280000 -2.883307
v -2.962335 0.280000 -2.683306
v 2.962335 0.280000 -2.967530
v -2.962335 0.280000 -3.165500
v -1.837665 0.280000 -3.165500
v 1.837665 0.280000 -3.165501
v 2.962335 0.280000 -3.165501
v -2.962336 0.280000 3.165499
v -1.837666 0.280000 3.165499
v 2.962335 0.280000 3.165499
v 1.837665 0.280000 3.165499
v 2.962335 0.280000 1.711205
v -2.962336 0.280000 1.634500
v -2.962336 0.280000 1.565500
v -1.837666 0.280000 1.634500
v -1.837666 0.280000 1.565500
v 1.837665 0.280000 1.634500
v 1.837665 0.280000 1.565500
v 1.837665 0.280000 -0.034500
v 1.837665 0.280000 0.034500
v 2.962335 0.280000 1.634500
v 2.962335 0.280000 1.565500
v 2.962335 0.280000 -1.634500
v 2.962335 0.280000 -0.034500
v 2.962335 0.280000 0.034500
v 2.962335 0.280000 -1.565500
v -2.962336 0.280000 0.034500
v -2.962336 0.280000 -0.034500
v -2.962336 0.280000 -1.565500
v -2.962335 0.280000 -1.634500
v -1.837666 0.280000 0.034500
v -1.837666 0.280000 -0.034500
v 1.837665 0.280000 -1.565500
v -1.837666 0.280000 -1.565500
v -1.837665 0.280000 -1.634500
v 1.837665 0.280000 -1.634500
v 1.535830 0.280000 2.905325
v 1.535830 0.280000 0.034500
v 1.535830 0.280000 -0.034500
v -1.535830 0.280000 2.905325
v -1.535830 0.280000 -2.905325
v 1.535830 0.280000 -2.905325
vn -1.0000 -0.0000 -0.0000
vn -0.0000 -0.0000 -1.0000
vn 1.0000 -0.0000 -0.0000
vn -0.0000 -0.0000 1.0000
vn -0.0000 -1.0000 -0.0000
vn -0.0000 1.0000 -0.0000
vn -0.0980 -0.0000 0.9952
vn -0.2903 -0.0000 0.9569
vn -0.4714 -0.0000 0.8819
vn -0.6344 -0.0000 0.7730
vn -0.7730 -0.0000 0.6344
vn -0.8819 -0.0000 0.4714
vn -0.9569 -0.0000 0.2903
vn -0.9952 -0.0000 0.0980
vn -0.9952 -0.0000 -0.0980
vn -0.9569 -0.0000 -0.2903
vn -0.8819 -0.0000 -0.4714
vn -0.7730 -0.0000 -0.6344
vn -0.6344 -0.0000 -0.7730
vn -0.4714 -0.0000 -0.8819
vn -0.2903 -0.0000 -0.9569
vn -0.0980 -0.0000 -0.9952
vn 0.0980 -0.0000 -0.9952
vn 0.2903 -0.0000 -0.9569
vn 0.4714 -0.0000 -0.8819
vn 0.6344 -0.0000 -0.7730
vn 0.7730 -0.0000 -0.6344
vn 0.8819 -0.0000 -0.4714
vn 0.9569 -0.0000 -0.2903
vn 0.9952 -0.0000 -0.0980
vn 0.9952 -0.0000 0.0980
vn 0.9569 -0.0000 0.2903
vn 0.8819 -0.0000 0.4714
vn 0.7730 -0.0000 0.6344
vn 0.6344 -0.0000 0.7730
vn 0.4714 -0.0000 0.8819
vn 0.2903 -0.0000 0.9569
vn 0.0980 -0.0000 0.9952
vn 0.0036 1.0000 -0.0000
vn -0.0007 -1.0000 -0.0000
vn 0.0128 -0.9999 -0.0000
vn -0.0095 -1.0000 -0.0000
vn -0.0065 -1.0000 -0.0000
vn -0.0040 1.0000 -0.0000
vn 0.0015 -1.0000 -0.0000
vn -0.0009 -1.0000 -0.0000
vn 0.0046 -1.0000 -0.0000
vn -0.0286 -0.9996 -0.0000
vn -0.0006 -1.0000 -0.0000
vn 0.0036 -1.0000 -0.0000
vn -0.0027 -1.0000 -0.0000
vn -0.7071 -0.0000 0.7071
vn 0.0028 -0.0000 1.0000
vn -0.7061 -0.0000 -0.7081
vn -0.9996 -0.0000 -0.0295
vn -0.0174 -0.0000 -0.9998
vt 0.184743 0.204631
vt 0.002441 0.204631
vt 0.002441 0.002441
vt 0.184743 0.002441
vt 0.378607 0.185688
vt 0.378607 0.002441
vt 0.560905 0.002441
vt 0.560905 0.185688
vt 0.372825 0.204631
vt 0.190524 0.204631
vt 0.190524 0.002441
vt 0.372825 0.002441
vt 0.560896 0.393689
vt 0.378595 0.393689
vt 0.378595 0.210442
vt 0.560896 0.210442
vt 0.329436 0.220858
vt 0.329380 0.220050
vt 0.329212 0.219273
vt 0.328940 0.218556
vt 0.328574 0.217929
vt 0.328128 0.217413
vt 0.327619 0.217031
vt 0.327067 0.216795
vt 0.326493 0.216715
vt 0.325919 0.216795
vt 0.325367 0.217031
vt 0.324858 0.217413
vt 0.324412 0.217929
vt 0.324046 0.218556
vt 0.323774 0.219273
vt 0.323606 0.220050
vt 0.323550 0.220858
vt 0.237616 0.220858
vt 0.237559 0.220050
vt 0.237392 0.219273
vt 0.237120 0.218556
vt 0.236754 0.217929
vt 0.236308 0.217413
vt 0.235799 0.217031
vt 0.235247 0.216795
vt 0.234673 0.216715
vt 0.234098 0.216795
vt 0.233546 0.217031
vt 0.233037 0.217413
vt 0.232591 0.217929
vt 0.232225 0.218556
vt 0.231953 0.219273
vt 0.231786 0.220050
vt 0.231729 0.220858
vt 0.222806 0.220858
vt 0.222750 0.220050
vt 0.222582 0.219273
vt 0.222310 0.218556
vt 0.221944 0.217929
vt 0.221498 0.217413
vt 0.220989 0.217031
vt 0.220437 0.216795
vt 0.219863 0.216715
vt 0.219289 0.216795
vt 0.218736 0.217031
vt 0.218228 0.217413
vt 0.217782 0.217929
vt 0.217416 0.218556
vt 0.217144 0.219273
vt 0.190524 0.210442
vt 0.372813 0.210442
vt 0.344022 0.219273
vt 0.343750 0.218556
vt 0.343384 0.217929
vt 0.342938 0.217413
vt 0.342429 0.217031
vt 0.341877 0.216795
vt 0.341303 0.216715
vt 0.340729 0.216795
vt 0.340177 0.217031
vt 0.339668 0.217413
vt 0.339222 0.217929
vt 0.338856 0.218556
vt 0.338584 0.219273
vt 0.338416 0.220050
vt 0.338360 0.220858
vt 0.222750 0.403376
vt 0.222806 0.402567
vt 0.231729 0.402567
vt 0.231786 0.403376
vt 0.231953 0.404153
vt 0.232225 0.404869
vt 0.232591 0.405496
vt 0.233037 0.406012
vt 0.233546 0.406394
vt 0.234098 0.406630
vt 0.234673 0.406710
vt 0.235247 0.406630
vt 0.235799 0.406394
vt 0.236308 0.406012
vt 0.236754 0.405496
vt 0.237120 0.404869
vt 0.237392 0.404153
vt 0.237559 0.403376
vt 0.237616 0.402567
vt 0.323550 0.402567
vt 0.323606 0.403376
vt 0.323774 0.404153
vt 0.324046 0.404869
vt 0.324412 0.405496
vt 0.324858 0.406012
vt 0.325367 0.406394
vt 0.325919 0.406630
vt 0.326493 0.406710
vt 0.327067 0.406630
vt 0.327619 0.406394
vt 0.328128 0.406012
vt 0.328574 0.405496
vt 0.328940 0.404869
vt 0.329212 0.404153
vt 0.329380 0.403376
vt 0.329436 0.402567
vt 0.338360 0.402567
vt 0.338416 0.403376
vt 0.338584 0.404153
vt 0.338856 0.404869
vt 0.339222 0.405496
vt 0.339668 0.406012
vt 0.340177 0.406394
vt 0.340729 0.406630
vt 0.341303 0.406710
vt 0.341877 0.406630
vt 0.342429 0.406394
vt 0.342938 0.406012
vt 0.343384 0.405496
vt 0.343750 0.404869
vt 0.344022 0.404153
vt 0.372813 0.412632
vt 0.190524 0.412632
vt 0.217144 0.404153
vt 0.217416 0.404869
vt 0.217782 0.405496
vt 0.218228 0.406012
vt 0.218736 0.406394
vt 0.219289 0.406630
vt 0.219863 0.406710
vt 0.220437 0.406630
vt 0.220989 0.406394
vt 0.221498 0.406012
vt 0.221944 0.405496
vt 0.222310 0.404869
vt 0.222582 0.404153
vt 0.338416 0.401759
vt 0.329380 0.401759
vt 0.329212 0.400982
vt 0.328940 0.400266
vt 0.328574 0.399638
vt 0.328128 0.399123
vt 0.327619 0.398740
vt 0.327067 0.398505
vt 0.326493 0.398425
vt 0.325919 0.398505
vt 0.325367 0.398740
vt 0.324858 0.399123
vt 0.324412 0.399638
vt 0.324046 0.400266
vt 0.323774 0.400982
vt 0.323606 0.401759
vt 0.237559 0.401759
vt 0.237392 0.400982
vt 0.237120 0.400266
vt 0.236754 0.399638
vt 0.236308 0.399123
vt 0.235799 0.398740
vt 0.235247 0.398505
vt 0.234673 0.398425
vt 0.234098 0.398505
vt 0.233546 0.398740
vt 0.233037 0.399123
vt 0.232591 0.399638
vt 0.232225 0.400266
vt 0.231953 0.400982
vt 0.231786 0.401759
vt 0.222750 0.401759
vt 0.222582 0.400982
vt 0.222310 0.400266
vt 0.221944 0.399638
vt 0.221498 0.399123
vt 0.220989 0.398740
vt 0.220437 0.398505
vt 0.219863 0.398425
vt 0.219289 0.398505
vt 0.218736 0.398740
vt 0.218228 0.399123
vt 0.217782 0.399638
vt 0.217416 0.400266
vt 0.217144 0.400982
vt 0.216976 0.401759
vt 0.216919 0.402567
vt 0.216976 0.403376
vt 0.216976 0.220050
vt 0.216919 0.220858
vt 0.216976 0.221666
vt 0.217144 0.222443
vt 0.217416 0.223159
vt 0.217782 0.223787
vt 0.218228 0.224302
vt 0.218736 0.224685
vt 0.219289 0.224920
vt 0.219863 0.225000
vt 0.220437 0.224920
vt 0.220989 0.224685
vt 0.221498 0.224302
vt 0.221944 0.223787
vt 0.222310 0.223159
vt 0.222582 0.222443
vt 0.222750 0.221666
vt 0.231786 0.221666
vt 0.231953 0.222443
vt 0.232225 0.223159
vt 0.232591 0.223787
vt 0.233037 0.224302
vt 0.233546 0.224685
vt 0.234098 0.224920
vt 0.234673 0.225000
vt 0.235247 0.224920
vt 0.235799 0.224685
vt 0.236308 0.224302
vt 0.236754 0.223787
vt 0.237120 0.223159
vt 0.237392 0.222443
vt 0.237559 0.221666
vt 0.323606 0.221666
vt 0.323774 0.222443
vt 0.324046 0.223159
vt 0.324412 0.223787
vt 0.324858 0.224302
vt 0.325367 0.224685
vt 0.325919 0.224920
vt 0.326493 0.225000
vt 0.327067 0.224920
vt 0.327619 0.224685
vt 0.328128 0.224302
vt 0.328574 0.223787
vt 0.328940 0.223159
vt 0.329212 0.222443
vt 0.329380 0.221666
vt 0.338416 0.221666
vt 0.338584 0.222443
vt 0.338856 0.223159
vt 0.339222 0.223787
vt 0.339668 0.224302
vt 0.340177 0.224685
vt 0.340729 0.224920
vt 0.341303 0.225000
vt 0.341877 0.224920
vt 0.342429 0.224685
vt 0.342938 0.224302
vt 0.343384 0.223787
vt 0.343750 0.223159
vt 0.344022 0.222443
vt 0.344190 0.221666
vt 0.344246 0.220858
vt 0.344190 0.220050
vt 0.344190 0.403376
vt 0.344246 0.402567
vt 0.344190 0.401759
vt 0.344022 0.400982
vt 0.343750 0.400266
vt 0.343384 0.399638
vt 0.342938 0.399123
vt 0.342429 0.398740
vt 0.341877 0.398505
vt 0.341303 0.398425
vt 0.340729 0.398505
vt 0.340177 0.398740
vt 0.339668 0.399123
vt 0.339222 0.399638
vt 0.338856 0.400266
vt 0.338584 0.400982
vt 0.405423 0.197404
vt 0.405423 0.197404
vt 0.406074 0.197489
vt 0.053883 0.218878
vt 0.053883 0.220089
vt 0.053837 0.219428
vt 0.053541 0.218053
vt 0.053059 0.216785
vt 0.052412 0.215675
vt 0.051622 0.214763
vt 0.050722 0.214086
vt 0.049745 0.213669
vt 0.048729 0.213528
vt 0.047712 0.213669
vt 0.046735 0.214086
vt 0.045835 0.214763
vt 0.045046 0.215675
vt 0.044398 0.216785
vt 0.043916 0.218053
vt 0.043620 0.219428
vt 0.043520 0.220858
vt 0.039146 0.220858
vt 0.039046 0.219428
vt 0.038750 0.218053
vt 0.038268 0.216785
vt 0.037620 0.215675
vt 0.036831 0.214763
vt 0.035931 0.214086
vt 0.034954 0.213669
vt 0.033937 0.213528
vt 0.032921 0.213669
vt 0.031944 0.214086
vt 0.031044 0.214763
vt 0.030254 0.215675
vt 0.029607 0.216785
vt 0.029125 0.218053
vt 0.029009 0.218590
vt 0.002441 0.210442
vt 0.184742 0.210442
vt 0.160320 0.218543
vt 0.160214 0.218053
vt 0.159732 0.216785
vt 0.159085 0.215675
vt 0.158295 0.214763
vt 0.157395 0.214086
vt 0.156418 0.213669
vt 0.155402 0.213528
vt 0.154385 0.213669
vt 0.153408 0.214086
vt 0.152508 0.214763
vt 0.151719 0.215675
vt 0.151071 0.216785
vt 0.150589 0.218053
vt 0.150293 0.219428
vt 0.150193 0.220858
vt 0.145819 0.220858
vt 0.145719 0.219428
vt 0.145423 0.218053
vt 0.144941 0.216785
vt 0.144293 0.215675
vt 0.143504 0.214763
vt 0.142604 0.214086
vt 0.141627 0.213669
vt 0.140610 0.213528
vt 0.139594 0.213669
vt 0.138617 0.214086
vt 0.137717 0.214763
vt 0.136927 0.215675
vt 0.136280 0.216785
vt 0.135798 0.218053
vt 0.135502 0.219428
vt 0.135402 0.220858
vt 0.133300 0.220858
vt 0.133300 0.218878
vt 0.652455 0.521704
vt 0.652481 0.521556
vt 0.652455 0.521266
vt 0.652481 0.521556
vt 0.656297 0.204448
vt 0.656323 0.204158
vt 0.656297 0.204010
vt 0.439621 0.197691
vt 0.439051 0.197119
vt 0.439051 0.197119
vt 0.440255 0.198167
vt 0.440255 0.198167
vt 0.497686 0.202620
vt 0.497620 0.203328
vt 0.497686 0.202620
vt 0.497633 0.201894
vt 0.497620 0.201845
vt 0.147833 0.712092
vt 0.069260 0.713018
vt 0.447299 0.197119
vt 0.447299 0.197119
vt 0.447870 0.197691
vt 0.448503 0.198167
vt 0.447870 0.197691
vt 0.667913 0.204175
vt 0.667902 0.204010
vt 0.667913 0.204175
vt 0.667902 0.204314
vt 0.192150 0.716402
vt 0.437788 0.204617
vt 0.437829 0.204338
vt 0.437788 0.203978
vt 0.437830 0.204338
vt 0.361950 0.697674
vt 0.361950 0.697845
vt 0.658288 0.521556
vt 0.658262 0.521266
vt 0.658262 0.521704
vt 0.662121 0.204095
vt 0.662104 0.204010
vt 0.662104 0.204345
vt 0.617596 0.521482
vt 0.617617 0.521965
vt 0.617617 0.521266
vt 0.474169 0.202366
vt 0.474264 0.201845
vt 0.474158 0.203093
vt 0.474264 0.203716
vt 0.474158 0.203093
vt 0.440255 0.191499
vt 0.440255 0.191499
vt 0.439621 0.191546
vt 0.439051 0.191733
vt 0.438565 0.192052
vt 0.438184 0.192491
vt 0.437922 0.193033
vt 0.437788 0.193658
vt 0.437788 0.194341
vt 0.437922 0.195056
vt 0.438184 0.195775
vt 0.438565 0.196472
vt 0.439051 0.197119
vt 0.438565 0.196472
vt 0.438184 0.195775
vt 0.437788 0.194341
vt 0.437922 0.193033
vt 0.438184 0.192491
vt 0.438565 0.192052
vt 0.439051 0.191733
vt 0.405787 0.191499
vt 0.404996 0.191511
vt 0.404244 0.191637
vt 0.403560 0.191874
vt 0.402969 0.192211
vt 0.402495 0.192637
vt 0.402156 0.193135
vt 0.401965 0.193685
vt 0.401929 0.194266
vt 0.402050 0.194857
vt 0.402323 0.195434
vt 0.402737 0.195976
vt 0.403277 0.196460
vt 0.403921 0.196870
vt 0.404646 0.197189
vt 0.404646 0.197189
vt 0.402737 0.195976
vt 0.402323 0.195434
vt 0.402050 0.194857
vt 0.401929 0.194266
vt 0.402156 0.193135
vt 0.403560 0.191874
vt 0.404996 0.191511
vt 0.406074 0.191537
vt 0.158433 0.241917
vt 0.158433 0.239940
vt 0.161037 0.239940
vt 0.161037 0.241917
vt 0.155830 0.386045
vt 0.155830 0.384068
vt 0.158435 0.384068
vt 0.158435 0.386045
vt 0.165731 0.230983
vt 0.165731 0.231160
vt 0.161037 0.236275
vt 0.158433 0.236275
vt 0.158295 0.226952
vt 0.159085 0.226041
vt 0.159732 0.224930
vt 0.160214 0.223663
vt 0.160510 0.222288
vt 0.160610 0.220858
vt 0.160510 0.219428
vt 0.165894 0.230983
vt 0.156375 0.389710
vt 0.156374 0.395198
vt 0.155358 0.395057
vt 0.155830 0.389710
vt 0.151700 0.386045
vt 0.151700 0.384068
vt 0.154305 0.384068
vt 0.154305 0.386045
vt 0.150175 0.389710
vt 0.150175 0.386045
vt 0.151700 0.389710
vt 0.154305 0.389710
vt 0.154342 0.395198
vt 0.153365 0.395615
vt 0.152464 0.396292
vt 0.151675 0.397204
vt 0.151027 0.398315
vt 0.150546 0.399582
vt 0.150249 0.400957
vt 0.150149 0.402387
vt 0.150162 0.402567
vt 0.145763 0.402567
vt 0.145775 0.402387
vt 0.145675 0.400957
vt 0.145379 0.399582
vt 0.144897 0.398315
vt 0.144250 0.397204
vt 0.143460 0.396292
vt 0.142560 0.395615
vt 0.141583 0.395198
vt 0.140567 0.395057
vt 0.140568 0.389710
vt 0.141915 0.389710
vt 0.143440 0.389710
vt 0.146045 0.389710
vt 0.147570 0.389710
vt 0.150175 0.380403
vt 0.151700 0.380403
vt 0.150175 0.384068
vt 0.141915 0.380403
vt 0.143440 0.380403
vt 0.143440 0.384068
vt 0.141915 0.384068
vt 0.146045 0.380403
vt 0.147570 0.380403
vt 0.147570 0.384068
vt 0.146045 0.384068
vt 0.152777 0.245582
vt 0.152777 0.241917
vt 0.152777 0.239940
vt 0.152777 0.236275
vt 0.150173 0.236275
vt 0.148647 0.236275
vt 0.146043 0.236275
vt 0.144517 0.236275
vt 0.141913 0.236275
vt 0.140610 0.228188
vt 0.141627 0.228047
vt 0.142604 0.227630
vt 0.143504 0.226952
vt 0.144293 0.226041
vt 0.144941 0.224930
vt 0.145423 0.223663
vt 0.145719 0.222288
vt 0.145819 0.220858
vt 0.150193 0.220858
vt 0.150293 0.222288
vt 0.150589 0.223663
vt 0.151071 0.224930
vt 0.151719 0.226041
vt 0.152508 0.226952
vt 0.153408 0.227630
vt 0.154385 0.228047
vt 0.155402 0.228188
vt 0.155400 0.236275
vt 0.154303 0.236275
vt 0.154303 0.239940
vt 0.156907 0.239940
vt 0.156907 0.241917
vt 0.154303 0.241917
vt 0.154303 0.245582
vt 0.142317 0.373841
vt 0.139310 0.380403
vt 0.139432 0.373841
vt 0.029607 0.398315
vt 0.029125 0.399582
vt 0.022284 0.402174
vt 0.022284 0.401625
vt 0.012207 0.383377
vt 0.012004 0.381025
vt 0.022284 0.381277
vt 0.022284 0.383417
vt 0.147570 0.386045
vt 0.146045 0.386045
vt 0.143440 0.386045
vt 0.141915 0.386045
vt 0.139310 0.386045
vt 0.139310 0.389710
vt 0.139550 0.395198
vt 0.138573 0.395615
vt 0.137673 0.396292
vt 0.136884 0.397204
vt 0.136236 0.398315
vt 0.135755 0.399582
vt 0.135458 0.400957
vt 0.135358 0.402387
vt 0.135371 0.402567
vt 0.133300 0.402567
vt 0.133300 0.380135
vt 0.053883 0.380135
vt 0.053883 0.401618
vt 0.053837 0.400957
vt 0.053541 0.399582
vt 0.053059 0.398315
vt 0.052412 0.397204
vt 0.051622 0.396292
vt 0.050722 0.395615
vt 0.049745 0.395198
vt 0.048729 0.395057
vt 0.047712 0.395198
vt 0.046735 0.395615
vt 0.045835 0.396292
vt 0.045046 0.397204
vt 0.044398 0.398315
vt 0.043916 0.399582
vt 0.043620 0.400957
vt 0.043520 0.402387
vt 0.043533 0.402567
vt 0.039133 0.402567
vt 0.039146 0.402387
vt 0.039046 0.400957
vt 0.038750 0.399582
vt 0.038268 0.398315
vt 0.037620 0.397204
vt 0.036831 0.396292
vt 0.035931 0.395615
vt 0.034954 0.395198
vt 0.033937 0.395057
vt 0.034261 0.388066
vt 0.044420 0.388066
vt 0.044420 0.379204
vt 0.044761 0.373841
vt 0.139310 0.384068
vt 0.022284 0.402377
vt 0.028829 0.400957
vt 0.028729 0.402387
vt 0.028829 0.403817
vt 0.029041 0.404799
vt 0.002441 0.412632
vt 0.027205 0.237082
vt 0.027205 0.240747
vt 0.017524 0.242810
vt 0.011227 0.242810
vt 0.011227 0.257106
vt 0.011227 0.274117
vt 0.011227 0.288413
vt 0.017524 0.288413
vt 0.017524 0.305425
vt 0.011227 0.305425
vt 0.011227 0.319720
vt 0.017524 0.319720
vt 0.017524 0.336732
vt 0.011227 0.336732
vt 0.011227 0.351028
vt 0.012471 0.351028
vt 0.012207 0.362277
vt 0.008782 0.367096
vt 0.008985 0.376789
vt 0.008782 0.388197
vt 0.008985 0.397889
vt 0.012004 0.402125
vt 0.165731 0.331254
vt 0.165731 0.325317
vt 0.181357 0.325317
vt 0.181357 0.331254
vt 0.181357 0.291893
vt 0.181357 0.297830
vt 0.165731 0.297830
vt 0.165731 0.291893
vt 0.165731 0.264406
vt 0.165731 0.258470
vt 0.181357 0.258470
vt 0.181357 0.264406
vt 0.181357 0.358741
vt 0.181357 0.364677
vt 0.165731 0.364677
vt 0.165731 0.358741
vt 0.029809 0.237082
vt 0.031044 0.226952
vt 0.031944 0.227630
vt 0.032921 0.228047
vt 0.032921 0.237082
vt 0.031333 0.237082
vt 0.031333 0.240747
vt 0.033937 0.240747
vt 0.033937 0.237082
vt 0.033937 0.228188
vt 0.035462 0.237082
vt 0.035462 0.240747
vt 0.038066 0.240747
vt 0.038066 0.237082
vt 0.048729 0.228188
vt 0.049745 0.228047
vt 0.050722 0.227630
vt 0.051622 0.226952
vt 0.052412 0.226041
vt 0.053059 0.224930
vt 0.053541 0.223663
vt 0.053837 0.222288
vt 0.053883 0.221626
vt 0.053883 0.242939
vt 0.133300 0.242939
vt 0.135402 0.220858
vt 0.135502 0.222288
vt 0.135798 0.223663
vt 0.136280 0.224930
vt 0.136927 0.226041
vt 0.137717 0.226952
vt 0.138617 0.227630
vt 0.139594 0.228047
vt 0.141913 0.239940
vt 0.144517 0.239940
vt 0.146043 0.239940
vt 0.148647 0.239940
vt 0.150173 0.239940
vt 0.150173 0.241917
vt 0.150173 0.245582
vt 0.156907 0.245582
vt 0.156907 0.236275
vt 0.156418 0.228047
vt 0.157395 0.227630
vt 0.158433 0.245582
vt 0.161037 0.245582
vt 0.163341 0.257523
vt 0.163341 0.255657
vt 0.146244 0.255657
vt 0.146244 0.367417
vt 0.163341 0.367417
vt 0.163341 0.365617
vt 0.165731 0.392164
vt 0.181357 0.392164
vt 0.181357 0.230983
vt 0.184742 0.412632
vt 0.160248 0.404830
vt 0.160466 0.403817
vt 0.160566 0.402387
vt 0.160466 0.400957
vt 0.160170 0.399582
vt 0.159689 0.398315
vt 0.159041 0.397204
vt 0.158252 0.396292
vt 0.157351 0.395615
vt 0.158435 0.389710
vt 0.158435 0.380403
vt 0.155830 0.380403
vt 0.154305 0.380403
vt 0.142422 0.373841
vt 0.142422 0.249233
vt 0.044761 0.249233
vt 0.034261 0.379204
vt 0.032921 0.395198
vt 0.031944 0.395615
vt 0.031044 0.396292
vt 0.030254 0.397204
vt 0.022284 0.362316
vt 0.023842 0.363116
vt 0.023842 0.367417
vt 0.040939 0.367417
vt 0.040939 0.255657
vt 0.023842 0.255657
vt 0.017524 0.257106
vt 0.029809 0.240747
vt 0.017524 0.351028
vt 0.017524 0.274117
vt 0.028829 0.219428
vt 0.028729 0.220858
vt 0.028829 0.222288
vt 0.029125 0.223663
vt 0.029607 0.224930
vt 0.030254 0.226041
vt 0.043620 0.222288
vt 0.043916 0.223663
vt 0.044398 0.224930
vt 0.045046 0.226041
vt 0.045835 0.226952
vt 0.046735 0.227630
vt 0.047712 0.228047
vt 0.034954 0.228047
vt 0.035931 0.227630
vt 0.036831 0.226952
vt 0.037620 0.226041
vt 0.038268 0.224930
vt 0.038750 0.223663
vt 0.039046 0.222288
vt 0.415977 0.191499
vt 0.415173 0.191556
vt 0.414400 0.191724
vt 0.413687 0.191998
vt 0.413063 0.192366
vt 0.412550 0.192814
vt 0.412169 0.193326
vt 0.411935 0.193881
vt 0.411856 0.194458
vt 0.411935 0.195035
vt 0.412169 0.195590
vt 0.412550 0.196102
vt 0.413063 0.196550
vt 0.413687 0.196918
vt 0.414400 0.197192
vt 0.415173 0.197360
vt 0.415977 0.197417
vt 0.413063 0.196550
vt 0.412550 0.196102
vt 0.411856 0.194458
vt 0.412550 0.192814
vt 0.413063 0.192366
vt 0.448503 0.191499
vt 0.447870 0.191546
vt 0.447299 0.191733
vt 0.446814 0.192052
vt 0.446433 0.192491
vt 0.446170 0.193033
vt 0.446036 0.193658
vt 0.446036 0.194341
vt 0.446170 0.195056
vt 0.446433 0.195775
vt 0.446814 0.196472
vt 0.446433 0.195775
vt 0.446036 0.193658
vt 0.446170 0.193033
vt 0.447299 0.191733
vt 0.447870 0.191546
vt 0.486001 0.202653
vt 0.485944 0.201845
vt 0.430002 0.196174
vt 0.430228 0.196952
vt 0.430555 0.197676
vt 0.430972 0.198318
vt 0.431462 0.198853
vt 0.432006 0.199262
vt 0.431462 0.198853
vt 0.430972 0.198318
vt 0.430228 0.196952
vt 0.197931 0.716402
vt 0.555961 0.202227
vt 0.555930 0.201845
vt 0.555930 0.202589
vt 0.644714 0.204211
vt 0.644694 0.204010
vt 0.644694 0.204608
vt 0.421824 0.196044
vt 0.421824 0.196044
vt 0.422003 0.196834
vt 0.422286 0.197576
vt 0.422663 0.198242
vt 0.423120 0.198807
vt 0.423639 0.199248
vt 0.424106 0.199498
vt 0.423639 0.199248
vt 0.147833 0.717904
vt 0.133300 0.404195
vt 0.135458 0.403817
vt 0.135755 0.405192
vt 0.136236 0.406459
vt 0.136884 0.407570
vt 0.137673 0.408481
vt 0.138573 0.409159
vt 0.139550 0.409576
vt 0.140567 0.409717
vt 0.141583 0.409576
vt 0.142560 0.409159
vt 0.143460 0.408481
vt 0.144250 0.407570
vt 0.144897 0.406459
vt 0.145379 0.405192
vt 0.145675 0.403817
vt 0.150249 0.403817
vt 0.150546 0.405192
vt 0.151027 0.406459
vt 0.151675 0.407570
vt 0.152464 0.408481
vt 0.153365 0.409159
vt 0.154342 0.409576
vt 0.155358 0.409717
vt 0.156374 0.409576
vt 0.157351 0.409159
vt 0.158252 0.408481
vt 0.159041 0.407570
vt 0.159689 0.406459
vt 0.160170 0.405192
vt 0.029125 0.405192
vt 0.029607 0.406459
vt 0.030254 0.407570
vt 0.031044 0.408481
vt 0.031944 0.409159
vt 0.032921 0.409576
vt 0.033937 0.409717
vt 0.034954 0.409576
vt 0.035931 0.409159
vt 0.036831 0.408481
vt 0.037620 0.407570
vt 0.038268 0.406459
vt 0.038750 0.405192
vt 0.039046 0.403817
vt 0.043620 0.403817
vt 0.043916 0.405192
vt 0.044398 0.406459
vt 0.045046 0.407570
vt 0.045835 0.408481
vt 0.046735 0.409159
vt 0.047712 0.409576
vt 0.048729 0.409717
vt 0.049745 0.409576
vt 0.050722 0.409159
vt 0.051622 0.408481
vt 0.052412 0.407570
vt 0.053059 0.406459
vt 0.053541 0.405192
vt 0.053837 0.403817
vt 0.053883 0.403155
vt 0.053883 0.404195
vt 0.640837 0.521468
vt 0.640856 0.521865
vt 0.640856 0.521266
vt 0.611784 0.521648
vt 0.611814 0.522010
vt 0.611814 0.521266
vt 0.423550 0.191666
vt 0.423040 0.191983
vt 0.422595 0.192440
vt 0.422233 0.193017
vt 0.421966 0.193693
vt 0.421806 0.194443
vt 0.421758 0.195237
vt 0.421966 0.193693
vt 0.422595 0.192440
vt 0.423040 0.191983
vt 0.424106 0.191499
vt 0.431462 0.191699
vt 0.430972 0.192047
vt 0.430555 0.192530
vt 0.430228 0.193128
vt 0.430002 0.193819
vt 0.429887 0.194577
vt 0.429887 0.195372
vt 0.429887 0.195372
vt 0.432006 0.191499
vt 0.485944 0.203461
vt 0.797567 0.499839
vt 0.797567 0.552141
vt 0.796993 0.552141
vt 0.796993 0.499839
vt 0.796993 0.368895
vt 0.797567 0.368895
vt 0.796441 0.552141
vt 0.796441 0.499839
vt 0.795932 0.552141
vt 0.795932 0.499839
vt 0.735164 0.674357
vt 0.734652 0.674357
vt 0.734652 0.622055
vt 0.735164 0.622055
vt 0.734027 0.674357
vt 0.734027 0.622055
vt 0.734229 0.550241
vt 0.734395 0.491111
vt 0.734652 0.491111
vt 0.734027 0.491111
vt 0.733315 0.674357
vt 0.733315 0.622055
vt 0.733734 0.491111
vt 0.733545 0.550241
vt 0.733315 0.491111
vt 0.732542 0.674357
vt 0.732542 0.622055
vt 0.732997 0.491111
vt 0.732791 0.550241
vt 0.732542 0.491111
vt 0.731738 0.674357
vt 0.731738 0.622055
vt 0.732211 0.491111
vt 0.731997 0.550241
vt 0.731738 0.491111
vt 0.730934 0.674357
vt 0.730934 0.622055
vt 0.731193 0.550241
vt 0.731407 0.491111
vt 0.730934 0.491111
vt 0.730161 0.674357
vt 0.730161 0.622055
vt 0.730616 0.491111
vt 0.730410 0.550241
vt 0.730161 0.491111
vt 0.729448 0.674357
vt 0.729448 0.622055
vt 0.729868 0.491111
vt 0.729678 0.550241
vt 0.729448 0.491111
vt 0.728824 0.674357
vt 0.728824 0.622055
vt 0.729191 0.491111
vt 0.729025 0.550241
vt 0.728824 0.491111
vt 0.728311 0.674357
vt 0.728311 0.622055
vt 0.728477 0.550241
vt 0.728613 0.491111
vt 0.728311 0.491111
vt 0.835411 0.499839
vt 0.835411 0.552141
vt 0.834900 0.552141
vt 0.834900 0.499839
vt 0.835200 0.368895
vt 0.835064 0.428025
vt 0.834900 0.368895
vt 0.835411 0.368895
vt 0.834346 0.552141
vt 0.834346 0.499839
vt 0.834672 0.368895
vt 0.834525 0.428025
vt 0.834346 0.368895
vt 0.833771 0.552141
vt 0.833771 0.499839
vt 0.834109 0.368895
vt 0.833957 0.428025
vt 0.833771 0.368895
vt 0.833198 0.552141
vt 0.833198 0.499839
vt 0.833383 0.428025
vt 0.833535 0.368895
vt 0.833198 0.368895
vt 0.832647 0.499839
vt 0.832647 0.368895
vt 0.832873 0.368895
vt 0.832647 0.552141
vt 0.832561 0.499839
vt 0.832140 0.552141
vt 0.832140 0.499839
vt 0.832349 0.368895
vt 0.747798 0.341387
vt 0.747798 0.393689
vt 0.747286 0.393689
vt 0.747286 0.341387
vt 0.747286 0.210442
vt 0.747798 0.210442
vt 0.746661 0.393689
vt 0.746661 0.341387
vt 0.746661 0.210442
vt 0.745949 0.393689
vt 0.745949 0.341387
vt 0.745949 0.210442
vt 0.745176 0.393689
vt 0.745176 0.341387
vt 0.745176 0.210442
vt 0.744372 0.393689
vt 0.744372 0.341387
vt 0.744372 0.210442
vt 0.743568 0.393689
vt 0.743568 0.341387
vt 0.743568 0.210442
vt 0.742795 0.393689
vt 0.742795 0.341387
vt 0.742795 0.210442
vt 0.742082 0.393689
vt 0.742082 0.341387
vt 0.742082 0.210442
vt 0.741458 0.393689
vt 0.741458 0.341387
vt 0.741458 0.210442
vt 0.740946 0.393689
vt 0.740946 0.341387
vt 0.799202 0.499839
vt 0.799202 0.552141
vt 0.798693 0.552141
vt 0.798693 0.499839
vt 0.798141 0.552141
vt 0.798141 0.499839
vt 0.798141 0.368895
vt 0.806619 0.780508
vt 0.806619 0.832810
vt 0.806045 0.832810
vt 0.806045 0.780508
vt 0.806045 0.649563
vt 0.806619 0.649563
vt 0.805493 0.832810
vt 0.805493 0.780508
vt 0.804984 0.832810
vt 0.804984 0.780508
vt 0.747799 0.674357
vt 0.747286 0.674357
vt 0.747286 0.622055
vt 0.747799 0.622055
vt 0.746662 0.674357
vt 0.746662 0.622055
vt 0.745949 0.674357
vt 0.745949 0.622055
vt 0.746368 0.491111
vt 0.746179 0.550241
vt 0.745949 0.491111
vt 0.746662 0.491111
vt 0.745176 0.674357
vt 0.745176 0.622055
vt 0.745426 0.550241
vt 0.745631 0.491111
vt 0.745176 0.491111
vt 0.744372 0.674357
vt 0.744372 0.622055
vt 0.743568 0.674357
vt 0.743568 0.622055
vt 0.742795 0.674357
vt 0.742795 0.622055
vt 0.743250 0.491111
vt 0.743045 0.550241
vt 0.742795 0.491111
vt 0.743568 0.491111
vt 0.742083 0.674357
vt 0.742083 0.622055
vt 0.742313 0.550241
vt 0.742502 0.491111
vt 0.742083 0.491111
vt 0.741458 0.674357
vt 0.741458 0.622055
vt 0.740946 0.674357
vt 0.740946 0.622055
vt 0.844463 0.499839
vt 0.844463 0.552141
vt 0.843952 0.552141
vt 0.843952 0.499839
vt 0.844252 0.368895
vt 0.844117 0.428025
vt 0.843952 0.368895
vt 0.844463 0.368895
vt 0.843398 0.552141
vt 0.843398 0.499839
vt 0.843577 0.428025
vt 0.843724 0.368895
vt 0.843398 0.368895
vt 0.842823 0.552141
vt 0.842823 0.499839
vt 0.843009 0.428025
vt 0.843162 0.368895
vt 0.842823 0.368895
vt 0.842250 0.499839
vt 0.842250 0.368895
vt 0.842486 0.368895
vt 0.842250 0.552141
vt 0.841699 0.499839
vt 0.841699 0.368895
vt 0.841925 0.368895
vt 0.841699 0.552141
vt 0.841192 0.552141
vt 0.841192 0.499839
vt 0.841356 0.428025
vt 0.841490 0.368895
vt 0.841192 0.368895
vt 0.760433 0.341387
vt 0.760433 0.393689
vt 0.759920 0.393689
vt 0.759920 0.341387
vt 0.759920 0.210442
vt 0.760433 0.210442
vt 0.759296 0.393689
vt 0.759296 0.341387
vt 0.759296 0.210442
vt 0.758583 0.393689
vt 0.758583 0.341387
vt 0.758583 0.210442
vt 0.757810 0.393689
vt 0.757810 0.341387
vt 0.757810 0.210442
vt 0.757006 0.393689
vt 0.757006 0.210442
vt 0.756202 0.341387
vt 0.756202 0.210442
vt 0.756202 0.393689
vt 0.755429 0.393689
vt 0.755429 0.341387
vt 0.755429 0.210442
vt 0.754717 0.393689
vt 0.754717 0.341387
vt 0.754717 0.210442
vt 0.754092 0.393689
vt 0.754092 0.341387
vt 0.754092 0.210442
vt 0.753580 0.393689
vt 0.753580 0.341387
vt 0.808254 0.780508
vt 0.808254 0.832810
vt 0.807746 0.832810
vt 0.807746 0.780508
vt 0.807193 0.832810
vt 0.807193 0.780508
vt 0.807193 0.649563
vt 0.806332 0.499839
vt 0.806619 0.499839
vt 0.806619 0.552141
vt 0.806045 0.552141
vt 0.806045 0.368895
vt 0.806332 0.368895
vt 0.805907 0.499839
vt 0.805907 0.368895
vt 0.805493 0.552141
vt 0.805493 0.499839
vt 0.804984 0.552141
vt 0.804984 0.499839
vt 0.697261 0.674357
vt 0.696749 0.674357
vt 0.696749 0.622055
vt 0.697261 0.622055
vt 0.696124 0.674357
vt 0.696124 0.622055
vt 0.695412 0.674357
vt 0.695412 0.622055
vt 0.694639 0.674357
vt 0.694639 0.622055
vt 0.693835 0.674357
vt 0.693835 0.622055
vt 0.693031 0.674357
vt 0.693031 0.491111
vt 0.693835 0.491111
vt 0.692258 0.674357
vt 0.692258 0.491111
vt 0.691545 0.674357
vt 0.691546 0.491111
vt 0.690921 0.674357
vt 0.690921 0.491111
vt 0.690408 0.674357
vt 0.690408 0.491111
vt 0.835411 0.741199
vt 0.834899 0.741199
vt 0.834899 0.557953
vt 0.835411 0.557953
vt 0.834346 0.741199
vt 0.834346 0.557953
vt 0.833771 0.741199
vt 0.833771 0.557953
vt 0.833198 0.741199
vt 0.833198 0.557953
vt 0.832647 0.741199
vt 0.832647 0.557953
vt 0.832140 0.741199
vt 0.832140 0.557953
vt 0.697261 0.210442
vt 0.697261 0.393689
vt 0.696749 0.393689
vt 0.696749 0.210442
vt 0.696124 0.393689
vt 0.696124 0.210442
vt 0.695412 0.393689
vt 0.695412 0.210442
vt 0.694639 0.393689
vt 0.694639 0.210442
vt 0.693835 0.341387
vt 0.693835 0.210442
vt 0.693835 0.393689
vt 0.693031 0.393689
vt 0.693031 0.341387
vt 0.692258 0.393689
vt 0.692258 0.341387
vt 0.691545 0.393689
vt 0.691545 0.341387
vt 0.690921 0.393689
vt 0.690921 0.341387
vt 0.690408 0.393689
vt 0.690408 0.341387
vt 0.808254 0.499839
vt 0.808254 0.552141
vt 0.807746 0.552141
vt 0.807746 0.499839
vt 0.807331 0.499839
vt 0.807193 0.552141
vt 0.807193 0.368895
vt 0.807331 0.368895
vt 0.806906 0.499839
vt 0.806906 0.368895
vt 0.815384 0.780508
vt 0.815671 0.780508
vt 0.815671 0.832810
vt 0.815097 0.832810
vt 0.815097 0.649563
vt 0.815384 0.649563
vt 0.814959 0.780508
vt 0.814959 0.649563
vt 0.814545 0.832810
vt 0.814545 0.780508
vt 0.814036 0.832810
vt 0.814036 0.780508
vt 0.709896 0.393689
vt 0.709383 0.393689
vt 0.709383 0.341387
vt 0.709896 0.341387
vt 0.708759 0.393689
vt 0.708759 0.341387
vt 0.708046 0.393689
vt 0.708046 0.341387
vt 0.707273 0.393689
vt 0.707273 0.341387
vt 0.707183 0.341387
vt 0.706469 0.393689
vt 0.706469 0.341387
vt 0.707030 0.341387
vt 0.707030 0.305708
vt 0.706335 0.341387
vt 0.705665 0.393689
vt 0.705665 0.210442
vt 0.705954 0.210442
vt 0.704892 0.393689
vt 0.704892 0.210442
vt 0.704180 0.393689
vt 0.704180 0.210442
vt 0.703555 0.393689
vt 0.703555 0.210442
vt 0.703043 0.393689
vt 0.703043 0.210442
vt 0.853515 0.460530
vt 0.853004 0.460530
vt 0.853004 0.277284
vt 0.853515 0.277284
vt 0.852450 0.460530
vt 0.852450 0.277284
vt 0.851875 0.460530
vt 0.851875 0.277284
vt 0.851302 0.460530
vt 0.851302 0.277284
vt 0.850751 0.460530
vt 0.850751 0.277284
vt 0.850244 0.460530
vt 0.850244 0.277284
vt 0.709896 0.491111
vt 0.709896 0.674357
vt 0.709383 0.674357
vt 0.709383 0.491111
vt 0.708759 0.674357
vt 0.708759 0.491111
vt 0.708046 0.674357
vt 0.708046 0.491111
vt 0.707273 0.674357
vt 0.707273 0.491111
vt 0.706469 0.674357
vt 0.706469 0.491111
vt 0.705814 0.622055
vt 0.705814 0.491111
vt 0.705665 0.674357
vt 0.705665 0.622055
vt 0.704892 0.674357
vt 0.704892 0.622055
vt 0.704180 0.674357
vt 0.704180 0.622055
vt 0.703555 0.674357
vt 0.703555 0.622055
vt 0.703043 0.674357
vt 0.703043 0.622055
vt 0.817307 0.780508
vt 0.817307 0.832810
vt 0.816798 0.832810
vt 0.816798 0.780508
vt 0.816384 0.780508
vt 0.816245 0.832810
vt 0.816245 0.649563
vt 0.816384 0.649563
vt 0.815958 0.780508
vt 0.815958 0.649563
vt 0.824149 0.499839
vt 0.824149 0.368895
vt 0.824317 0.368895
vt 0.824317 0.499839
vt 0.824723 0.499839
vt 0.824723 0.552141
vt 0.824149 0.552141
vt 0.823597 0.552141
vt 0.823597 0.499839
vt 0.823088 0.552141
vt 0.823088 0.499839
vt 0.722530 0.393689
vt 0.722017 0.393689
vt 0.722017 0.341387
vt 0.722530 0.341387
vt 0.721393 0.393689
vt 0.721393 0.341387
vt 0.720681 0.393689
vt 0.720681 0.341387
vt 0.720043 0.341387
vt 0.719908 0.393689
vt 0.719908 0.210442
vt 0.720043 0.210442
vt 0.719743 0.341387
vt 0.719743 0.210442
vt 0.719104 0.393689
vt 0.719104 0.341387
vt 0.718515 0.341387
vt 0.718300 0.393689
vt 0.718300 0.210442
vt 0.718515 0.210442
vt 0.717829 0.341387
vt 0.717829 0.210442
vt 0.717527 0.393689
vt 0.717527 0.341387
vt 0.717306 0.341387
vt 0.716814 0.393689
vt 0.716814 0.210442
vt 0.717306 0.210442
vt 0.716190 0.393689
vt 0.716190 0.210442
vt 0.715715 0.341387
vt 0.715715 0.210442
vt 0.715677 0.393689
vt 0.715677 0.341387
vt 0.853515 0.597286
vt 0.853515 0.649588
vt 0.853004 0.649588
vt 0.853004 0.466342
vt 0.853515 0.466342
vt 0.852450 0.649588
vt 0.852450 0.466342
vt 0.851875 0.649588
vt 0.851875 0.466342
vt 0.851302 0.649588
vt 0.851302 0.466342
vt 0.850751 0.649588
vt 0.850751 0.466342
vt 0.850244 0.649588
vt 0.850244 0.466342
vt 0.722530 0.491111
vt 0.722530 0.674357
vt 0.722017 0.674357
vt 0.722017 0.491111
vt 0.721393 0.674357
vt 0.721393 0.491111
vt 0.720680 0.674357
vt 0.720680 0.491111
vt 0.719907 0.674357
vt 0.719907 0.491111
vt 0.719103 0.674357
vt 0.719103 0.491111
vt 0.718299 0.674357
vt 0.718299 0.491111
vt 0.717526 0.622055
vt 0.717526 0.491111
vt 0.717526 0.674357
vt 0.717475 0.622055
vt 0.716814 0.674357
vt 0.716814 0.491111
vt 0.717475 0.491111
vt 0.716189 0.674357
vt 0.716189 0.491111
vt 0.716151 0.622055
vt 0.716151 0.491111
vt 0.715677 0.674357
vt 0.715677 0.622055
vt 0.826359 0.499839
vt 0.826359 0.552141
vt 0.825850 0.552141
vt 0.825850 0.499839
vt 0.825494 0.499839
vt 0.825297 0.552141
vt 0.825297 0.368895
vt 0.825494 0.368895
vt 0.824919 0.499839
vt 0.824919 0.368895
vt 0.815344 0.499839
vt 0.815671 0.499839
vt 0.815671 0.552141
vt 0.815097 0.552141
vt 0.815097 0.368895
vt 0.815344 0.368895
vt 0.815017 0.499839
vt 0.815017 0.368895
vt 0.814545 0.552141
vt 0.814545 0.499839
vt 0.814036 0.552141
vt 0.814036 0.499839
vt 0.573530 0.380316
vt 0.573018 0.380316
vt 0.573018 0.328014
vt 0.573530 0.328014
vt 0.572393 0.380316
vt 0.572393 0.328014
vt 0.571681 0.380316
vt 0.571681 0.328014
vt 0.570908 0.380316
vt 0.570908 0.328014
vt 0.570104 0.380316
vt 0.570104 0.328014
vt 0.569300 0.380316
vt 0.569300 0.328014
vt 0.568527 0.380316
vt 0.568527 0.328014
vt 0.567814 0.380316
vt 0.567814 0.328014
vt 0.567190 0.380316
vt 0.567190 0.328014
vt 0.566677 0.380316
vt 0.566677 0.328014
vt 0.853515 0.786344
vt 0.853515 0.838646
vt 0.853004 0.838646
vt 0.853004 0.655400
vt 0.853515 0.655400
vt 0.852450 0.838646
vt 0.852450 0.655400
vt 0.851875 0.838646
vt 0.851875 0.655400
vt 0.851302 0.838646
vt 0.851302 0.655400
vt 0.850751 0.838646
vt 0.850751 0.655400
vt 0.850244 0.838646
vt 0.850244 0.655400
vt 0.735164 0.210442
vt 0.735164 0.393689
vt 0.734652 0.393689
vt 0.734652 0.210442
vt 0.734027 0.393689
vt 0.734027 0.210442
vt 0.733315 0.393689
vt 0.733315 0.210442
vt 0.732542 0.393689
vt 0.732542 0.210442
vt 0.731738 0.393689
vt 0.731738 0.210442
vt 0.730934 0.393689
vt 0.730934 0.210442
vt 0.730161 0.341387
vt 0.730161 0.210442
vt 0.730161 0.393689
vt 0.729448 0.393689
vt 0.729448 0.341387
vt 0.729044 0.341387
vt 0.728824 0.393689
vt 0.728824 0.210442
vt 0.729044 0.210442
vt 0.728311 0.341387
vt 0.728311 0.210442
vt 0.728311 0.393689
vt 0.728311 0.341387
vt 0.817307 0.499839
vt 0.817307 0.552141
vt 0.816798 0.552141
vt 0.816798 0.499839
vt 0.816504 0.499839
vt 0.816245 0.552141
vt 0.816245 0.368895
vt 0.816504 0.368895
vt 0.815889 0.499839
vt 0.815889 0.368895
vt 0.797567 0.780508
vt 0.797567 0.832810
vt 0.796993 0.832810
vt 0.796993 0.780508
vt 0.796441 0.832810
vt 0.796441 0.780508
vt 0.795932 0.832810
vt 0.795932 0.780508
vt 0.760433 0.674357
vt 0.759920 0.674357
vt 0.759920 0.622055
vt 0.760433 0.622055
vt 0.759608 0.622055
vt 0.759296 0.674357
vt 0.759296 0.491111
vt 0.759608 0.491111
vt 0.758940 0.622055
vt 0.758940 0.491111
vt 0.758583 0.674357
vt 0.758583 0.622055
vt 0.758197 0.622055
vt 0.757810 0.674357
vt 0.757810 0.491111
vt 0.758197 0.491111
vt 0.757609 0.622055
vt 0.757609 0.491111
vt 0.757006 0.674357
vt 0.757006 0.622055
vt 0.756404 0.622055
vt 0.756203 0.674357
vt 0.756203 0.491111
vt 0.756404 0.491111
vt 0.755816 0.622055
vt 0.755816 0.491111
vt 0.755429 0.674357
vt 0.755429 0.622055
vt 0.755073 0.622055
vt 0.754717 0.674357
vt 0.754717 0.491111
vt 0.755073 0.491111
vt 0.754405 0.622055
vt 0.754405 0.491111
vt 0.754092 0.674357
vt 0.754092 0.622055
vt 0.753580 0.674357
vt 0.753580 0.622055
vt 0.844463 0.832810
vt 0.843952 0.832810
vt 0.843952 0.780508
vt 0.844463 0.780508
vt 0.843398 0.832810
vt 0.843398 0.780508
vt 0.842823 0.832810
vt 0.842823 0.780508
vt 0.842250 0.832810
vt 0.842250 0.649563
vt 0.842823 0.649563
vt 0.841699 0.832810
vt 0.841699 0.649563
vt 0.841192 0.832810
vt 0.841192 0.649563
vt 0.773067 0.448564
vt 0.773067 0.631810
vt 0.772555 0.631810
vt 0.772555 0.448564
vt 0.771930 0.631810
vt 0.771930 0.448564
vt 0.771218 0.631810
vt 0.771218 0.448564
vt 0.770445 0.631810
vt 0.770445 0.448564
vt 0.769641 0.631810
vt 0.769641 0.448564
vt 0.768837 0.631810
vt 0.768837 0.448564
vt 0.768064 0.631810
vt 0.768064 0.448564
vt 0.767351 0.631810
vt 0.767351 0.448564
vt 0.766727 0.631810
vt 0.766727 0.448564
vt 0.766214 0.579509
vt 0.766214 0.448564
vt 0.766214 0.631810
vt 0.799202 0.780508
vt 0.799202 0.832810
vt 0.798693 0.832810
vt 0.798693 0.780508
vt 0.798376 0.780508
vt 0.798141 0.832810
vt 0.798141 0.649563
vt 0.798376 0.649563
vt 0.797567 0.649563
vt 0.682992 0.341387
vt 0.682992 0.393689
vt 0.682417 0.393689
vt 0.682417 0.341387
vt 0.681865 0.393689
vt 0.681865 0.341387
vt 0.681356 0.393689
vt 0.681356 0.341387
vt 0.586165 0.380316
vt 0.585652 0.380316
vt 0.585652 0.328014
vt 0.586165 0.328014
vt 0.585028 0.380316
vt 0.585028 0.328014
vt 0.584315 0.380316
vt 0.584315 0.328014
vt 0.583542 0.380316
vt 0.583542 0.328014
vt 0.582738 0.380316
vt 0.582738 0.328014
vt 0.581934 0.380316
vt 0.581934 0.328014
vt 0.581161 0.380316
vt 0.581161 0.328014
vt 0.580449 0.380316
vt 0.580449 0.328014
vt 0.579824 0.380316
vt 0.579824 0.328014
vt 0.579312 0.380316
vt 0.579312 0.328014
vt 0.826358 0.832810
vt 0.825848 0.832810
vt 0.825848 0.780508
vt 0.826358 0.780508
vt 0.825294 0.832810
vt 0.825294 0.780508
vt 0.824719 0.832810
vt 0.824719 0.780508
vt 0.824145 0.832810
vt 0.824145 0.649563
vt 0.824719 0.649563
vt 0.823595 0.832810
vt 0.823595 0.649563
vt 0.823088 0.832810
vt 0.823088 0.649563
vt 0.785701 0.448564
vt 0.785701 0.631810
vt 0.785189 0.631810
vt 0.785189 0.448564
vt 0.784564 0.631810
vt 0.784564 0.448564
vt 0.783852 0.631810
vt 0.783852 0.448564
vt 0.783079 0.631810
vt 0.783079 0.448564
vt 0.782275 0.631810
vt 0.782275 0.448564
vt 0.781471 0.631810
vt 0.781471 0.448564
vt 0.780698 0.631810
vt 0.780698 0.448564
vt 0.779985 0.631810
vt 0.779985 0.448564
vt 0.779361 0.631810
vt 0.779361 0.448564
vt 0.778848 0.631810
vt 0.778848 0.448564
vt 0.684204 0.341387
vt 0.684204 0.210442
vt 0.684627 0.210442
vt 0.684627 0.393689
vt 0.684118 0.393689
vt 0.684118 0.341387
vt 0.683946 0.341387
vt 0.683566 0.393689
vt 0.683566 0.210442
vt 0.683946 0.210442
vt 0.682992 0.210442
vt 0.894192 0.436889
vt 0.895207 0.436889
vt 0.895207 0.528500
vt 0.894192 0.528500
vt 0.896182 0.436889
vt 0.896182 0.528500
vt 0.897078 0.436889
vt 0.897078 0.528500
vt 0.799341 0.210442
vt 0.799341 0.118831
vt 0.800248 0.118831
vt 0.800248 0.210442
vt 0.801353 0.118831
vt 0.801353 0.210442
vt 0.802613 0.118831
vt 0.802613 0.210442
vt 0.803981 0.118831
vt 0.803981 0.210442
vt 0.805404 0.118831
vt 0.805404 0.210442
vt 0.805584 0.210442
vt 0.806826 0.118831
vt 0.806826 0.210442
vt 0.808194 0.118831
vt 0.808194 0.210442
vt 0.809455 0.118831
vt 0.809455 0.210442
vt 0.810560 0.118831
vt 0.810560 0.210442
vt 0.811467 0.118831
vt 0.811467 0.210442
vt 0.327316 0.882173
vt 0.327316 0.790562
vt 0.328217 0.790562
vt 0.328217 0.882173
vt 0.329194 0.790562
vt 0.329194 0.882173
vt 0.330210 0.790562
vt 0.330210 0.882173
vt 0.331226 0.790562
vt 0.331226 0.882173
vt 0.332204 0.790562
vt 0.332204 0.882173
vt 0.333104 0.790562
vt 0.333104 0.882173
vt 0.813862 0.094052
vt 0.813862 0.002441
vt 0.814769 0.002441
vt 0.814769 0.094052
vt 0.815874 0.002441
vt 0.815874 0.094052
vt 0.817134 0.002441
vt 0.817134 0.094052
vt 0.817494 0.094052
vt 0.818502 0.002441
vt 0.818502 0.094052
vt 0.819925 0.002441
vt 0.819925 0.094052
vt 0.821347 0.002441
vt 0.821347 0.094052
vt 0.822715 0.002441
vt 0.822715 0.094052
vt 0.823976 0.002441
vt 0.823976 0.094052
vt 0.825081 0.002441
vt 0.825081 0.094052
vt 0.825988 0.002441
vt 0.825988 0.094052
vt 0.891291 0.528500
vt 0.891291 0.436889
vt 0.892195 0.436889
vt 0.892195 0.528500
vt 0.878612 0.094246
vt 0.877761 0.094985
vt 0.876815 0.095470
vt 0.875811 0.095682
vt 0.874788 0.095613
vt 0.873784 0.095266
vt 0.872838 0.094654
vt 0.871987 0.093800
vt 0.871264 0.092738
vt 0.870695 0.091508
vt 0.870304 0.090157
vt 0.870104 0.088738
vt 0.870104 0.087304
vt 0.870304 0.085912
vt 0.870695 0.084614
vt 0.871264 0.083460
vt 0.871987 0.082495
vt 0.872838 0.081756
vt 0.873852 0.084455
vt 0.873371 0.084873
vt 0.872963 0.085418
vt 0.872641 0.086070
vt 0.872420 0.086804
vt 0.872307 0.087591
vt 0.872307 0.088401
vt 0.872420 0.089203
vt 0.872641 0.089966
vt 0.872963 0.090661
vt 0.873372 0.091262
vt 0.873852 0.091744
vt 0.874387 0.092090
vt 0.874954 0.092286
vt 0.875532 0.092325
vt 0.876100 0.092205
vt 0.876634 0.091931
vt 0.877115 0.091514
vt 0.877524 0.090968
vt 0.877845 0.090316
vt 0.878067 0.089583
vt 0.878180 0.088796
vt 0.878180 0.087986
vt 0.878067 0.087183
vt 0.877845 0.086420
vt 0.879904 0.085233
vt 0.880296 0.086583
vt 0.880495 0.088003
vt 0.880495 0.089436
vt 0.880296 0.090829
vt 0.879904 0.092127
vt 0.879335 0.093281
vt 0.873784 0.081271
vt 0.874788 0.081058
vt 0.875811 0.081127
vt 0.876815 0.081474
vt 0.877761 0.082087
vt 0.878612 0.082940
vt 0.879335 0.084003
vt 0.877524 0.085725
vt 0.877115 0.085125
vt 0.876634 0.084642
vt 0.876100 0.084296
vt 0.875532 0.084100
vt 0.874954 0.084061
vt 0.874387 0.084181
vt 0.893175 0.436889
vt 0.893175 0.528500
vt 0.894192 0.625922
vt 0.894192 0.534311
vt 0.895207 0.534311
vt 0.895207 0.625922
vt 0.896182 0.534311
vt 0.896182 0.625922
vt 0.897078 0.534311
vt 0.897078 0.625922
vt 0.817248 0.210442
vt 0.817248 0.118831
vt 0.818155 0.118831
vt 0.818155 0.210442
vt 0.819260 0.118831
vt 0.819260 0.210442
vt 0.820521 0.118831
vt 0.820521 0.210442
vt 0.821889 0.118831
vt 0.821889 0.210442
vt 0.823312 0.118831
vt 0.823312 0.210442
vt 0.823491 0.210442
vt 0.824734 0.118831
vt 0.824734 0.210442
vt 0.826102 0.118831
vt 0.826102 0.210442
vt 0.827363 0.118831
vt 0.827363 0.210442
vt 0.828468 0.118831
vt 0.828468 0.210442
vt 0.829375 0.118831
vt 0.829375 0.210442
vt 0.144671 0.864553
vt 0.144671 0.772942
vt 0.145571 0.772942
vt 0.145571 0.864553
vt 0.146548 0.772942
vt 0.146548 0.864553
vt 0.147564 0.772942
vt 0.147564 0.864553
vt 0.148580 0.772942
vt 0.148580 0.864553
vt 0.149558 0.772942
vt 0.149558 0.864553
vt 0.150458 0.772942
vt 0.150458 0.864553
vt 0.480098 0.839004
vt 0.480098 0.747393
vt 0.481005 0.747393
vt 0.481005 0.839004
vt 0.482110 0.747393
vt 0.482110 0.839004
vt 0.483370 0.747393
vt 0.483370 0.839004
vt 0.484738 0.747393
vt 0.484738 0.839004
vt 0.485981 0.839004
vt 0.486161 0.747393
vt 0.486161 0.839004
vt 0.487583 0.747393
vt 0.487583 0.839004
vt 0.488951 0.747393
vt 0.488951 0.839004
vt 0.490212 0.747393
vt 0.490212 0.839004
vt 0.491317 0.747393
vt 0.491317 0.839004
vt 0.492224 0.747393
vt 0.492224 0.839004
vt 0.891291 0.625922
vt 0.891291 0.534311
vt 0.892195 0.534311
vt 0.892195 0.625922
vt 0.896751 0.236593
vt 0.897754 0.236381
vt 0.898778 0.236450
vt 0.899782 0.236797
vt 0.900727 0.237409
vt 0.901578 0.238263
vt 0.902302 0.239325
vt 0.902871 0.240555
vt 0.900831 0.241741
vt 0.900510 0.241046
vt 0.900101 0.240446
vt 0.899620 0.239963
vt 0.899086 0.239617
vt 0.898519 0.239421
vt 0.897940 0.239382
vt 0.897373 0.239502
vt 0.896838 0.239776
vt 0.895805 0.237078
vt 0.900727 0.250308
vt 0.899782 0.250793
vt 0.898778 0.251005
vt 0.897754 0.250936
vt 0.896751 0.250589
vt 0.895805 0.249977
vt 0.894954 0.249123
vt 0.894230 0.248061
vt 0.893662 0.246830
vt 0.893270 0.245480
vt 0.893070 0.244060
vt 0.893070 0.242627
vt 0.893270 0.241234
vt 0.893662 0.239936
vt 0.894230 0.238782
vt 0.894954 0.237818
vt 0.896358 0.240194
vt 0.895949 0.240739
vt 0.895627 0.241391
vt 0.895406 0.242125
vt 0.895293 0.242912
vt 0.895293 0.243722
vt 0.895406 0.244524
vt 0.895627 0.245288
vt 0.895949 0.245983
vt 0.896358 0.246583
vt 0.896838 0.247065
vt 0.897373 0.247411
vt 0.897940 0.247608
vt 0.898519 0.247647
vt 0.899086 0.247527
vt 0.899620 0.247253
vt 0.900101 0.246835
vt 0.900510 0.246289
vt 0.900831 0.245637
vt 0.901053 0.244904
vt 0.901166 0.244117
vt 0.901166 0.243307
vt 0.901053 0.242505
vt 0.903262 0.241906
vt 0.903462 0.243325
vt 0.903462 0.244759
vt 0.903262 0.246152
vt 0.902871 0.247450
vt 0.902302 0.248603
vt 0.901578 0.249568
vt 0.893175 0.534311
vt 0.893175 0.625922
vt 0.894192 0.723345
vt 0.894192 0.631734
vt 0.895207 0.631734
vt 0.895207 0.723345
vt 0.896182 0.631734
vt 0.896182 0.723345
vt 0.897079 0.631734
vt 0.897079 0.723345
vt 0.831770 0.094052
vt 0.831770 0.002441
vt 0.832677 0.002441
vt 0.832677 0.094052
vt 0.833782 0.002441
vt 0.833782 0.094052
vt 0.835042 0.002441
vt 0.835042 0.094052
vt 0.836410 0.002441
vt 0.836410 0.094052
vt 0.837833 0.094052
vt 0.837833 0.002441
vt 0.839256 0.002441
vt 0.839256 0.094052
vt 0.840623 0.002441
vt 0.840623 0.094052
vt 0.841884 0.002441
vt 0.841884 0.094052
vt 0.842989 0.002441
vt 0.842989 0.094052
vt 0.843896 0.002441
vt 0.843896 0.094052
vt 0.879722 0.528500
vt 0.879722 0.436889
vt 0.880623 0.436889
vt 0.880623 0.528500
vt 0.881600 0.436889
vt 0.881600 0.528500
vt 0.882616 0.436889
vt 0.882616 0.528500
vt 0.883632 0.436889
vt 0.883632 0.528500
vt 0.884609 0.436889
vt 0.884609 0.528500
vt 0.885510 0.436889
vt 0.885510 0.528500
vt 0.757792 0.759395
vt 0.758699 0.759395
vt 0.758699 0.851006
vt 0.757792 0.851006
vt 0.759804 0.759395
vt 0.759804 0.851006
vt 0.761064 0.759395
vt 0.761064 0.851006
vt 0.762432 0.759395
vt 0.762432 0.851006
vt 0.763855 0.759395
vt 0.763855 0.851006
vt 0.765277 0.759395
vt 0.765277 0.851006
vt 0.766157 0.851006
vt 0.766645 0.759395
vt 0.766645 0.851006
vt 0.767906 0.759395
vt 0.767906 0.851006
vt 0.769011 0.759395
vt 0.769011 0.851006
vt 0.769918 0.759395
vt 0.769918 0.851006
vt 0.891291 0.723345
vt 0.891291 0.631734
vt 0.892195 0.631734
vt 0.892195 0.723345
vt 0.900028 0.429898
vt 0.899004 0.429967
vt 0.898000 0.429755
vt 0.897055 0.429270
vt 0.896204 0.428531
vt 0.895480 0.427566
vt 0.894912 0.426412
vt 0.894520 0.425114
vt 0.896693 0.424045
vt 0.896914 0.424778
vt 0.897235 0.425430
vt 0.897644 0.425976
vt 0.898125 0.426393
vt 0.898660 0.426668
vt 0.899227 0.426787
vt 0.899805 0.426749
vt 0.900372 0.426552
vt 0.901031 0.429551
vt 0.901031 0.415556
vt 0.901977 0.416041
vt 0.902828 0.416780
vt 0.903552 0.417745
vt 0.904120 0.418899
vt 0.904512 0.420197
vt 0.904712 0.421589
vt 0.904712 0.423023
vt 0.904512 0.424442
vt 0.904120 0.425793
vt 0.903552 0.427023
vt 0.902828 0.428085
vt 0.901977 0.428939
vt 0.900907 0.426206
vt 0.901388 0.425724
vt 0.901797 0.425124
vt 0.902118 0.424428
vt 0.902339 0.423665
vt 0.902452 0.422863
vt 0.902452 0.422053
vt 0.902339 0.421266
vt 0.902118 0.420532
vt 0.901797 0.419880
vt 0.901388 0.419335
vt 0.900907 0.418917
vt 0.900372 0.418643
vt 0.899805 0.418523
vt 0.899227 0.418562
vt 0.898660 0.418758
vt 0.898125 0.419104
vt 0.897644 0.419587
vt 0.897235 0.420187
vt 0.896914 0.420882
vt 0.896693 0.421646
vt 0.896580 0.422448
vt 0.896580 0.423258
vt 0.894320 0.423722
vt 0.894320 0.422288
vt 0.894520 0.420869
vt 0.894912 0.419518
vt 0.895480 0.418288
vt 0.896204 0.417225
vt 0.897055 0.416372
vt 0.898000 0.415760
vt 0.899004 0.415412
vt 0.900028 0.415344
vt 0.893175 0.631734
vt 0.893175 0.723345
vt 0.892331 0.191712
vt 0.892331 0.100101
vt 0.893346 0.100101
vt 0.893346 0.191712
vt 0.894321 0.100101
vt 0.894321 0.191712
vt 0.895217 0.100101
vt 0.895217 0.191712
vt 0.775700 0.851006
vt 0.775700 0.759395
vt 0.776606 0.759395
vt 0.776606 0.851006
vt 0.777711 0.759395
vt 0.777711 0.851006
vt 0.778972 0.759395
vt 0.778972 0.851006
vt 0.780340 0.759395
vt 0.780340 0.851006
vt 0.781763 0.851006
vt 0.781763 0.759395
vt 0.783185 0.759395
vt 0.783185 0.851006
vt 0.784553 0.759395
vt 0.784553 0.851006
vt 0.785814 0.759395
vt 0.785814 0.851006
vt 0.786919 0.759395
vt 0.786919 0.851006
vt 0.787826 0.759395
vt 0.787826 0.851006
vt 0.879722 0.625922
vt 0.879722 0.534311
vt 0.880623 0.534311
vt 0.880623 0.625922
vt 0.881600 0.534311
vt 0.881600 0.625922
vt 0.882616 0.534311
vt 0.882616 0.625922
vt 0.883632 0.534311
vt 0.883632 0.625922
vt 0.884609 0.534311
vt 0.884609 0.625922
vt 0.885510 0.534311
vt 0.885510 0.625922
vt 0.690408 0.851582
vt 0.690408 0.759971
vt 0.691315 0.759971
vt 0.691315 0.851582
vt 0.692420 0.759971
vt 0.692420 0.851582
vt 0.693681 0.759971
vt 0.693681 0.851582
vt 0.695049 0.759971
vt 0.695049 0.851582
vt 0.696471 0.759971
vt 0.696471 0.851582
vt 0.697894 0.759971
vt 0.697894 0.851582
vt 0.699262 0.759971
vt 0.699262 0.851582
vt 0.700523 0.759971
vt 0.700523 0.851582
vt 0.701628 0.759971
vt 0.701628 0.851582
vt 0.702535 0.759971
vt 0.702535 0.851582
vt 0.889430 0.191712
vt 0.889430 0.100101
vt 0.890334 0.100101
vt 0.890334 0.191712
vt 0.840476 0.264675
vt 0.839453 0.264744
vt 0.838449 0.264531
vt 0.837503 0.264046
vt 0.836652 0.263307
vt 0.835928 0.262342
vt 0.835360 0.261189
vt 0.834968 0.259890
vt 0.837121 0.258820
vt 0.837343 0.259553
vt 0.837664 0.260205
vt 0.838073 0.260751
vt 0.838554 0.261168
vt 0.839088 0.261443
vt 0.839655 0.261562
vt 0.840234 0.261524
vt 0.840801 0.261327
vt 0.841336 0.260982
vt 0.841816 0.260499
vt 0.842225 0.259899
vt 0.842547 0.259204
vt 0.842768 0.258440
vt 0.842881 0.257638
vt 0.842881 0.256828
vt 0.842768 0.256041
vt 0.842547 0.255307
vt 0.842225 0.254655
vt 0.841816 0.254110
vt 0.841335 0.253692
vt 0.840801 0.253418
vt 0.840234 0.253298
vt 0.839655 0.253337
vt 0.839088 0.253533
vt 0.838449 0.250536
vt 0.839453 0.250189
vt 0.840476 0.250120
vt 0.841480 0.250332
vt 0.842425 0.250817
vt 0.843276 0.251556
vt 0.844000 0.252521
vt 0.844569 0.253675
vt 0.844960 0.254973
vt 0.845160 0.256366
vt 0.845160 0.257799
vt 0.844960 0.259219
vt 0.844569 0.260569
vt 0.844000 0.261799
vt 0.843276 0.262862
vt 0.842425 0.263715
vt 0.841480 0.264328
vt 0.836652 0.252002
vt 0.837503 0.251148
vt 0.838554 0.253879
vt 0.838073 0.254362
vt 0.837664 0.254962
vt 0.837343 0.255657
vt 0.837121 0.256421
vt 0.837008 0.257223
vt 0.837008 0.258033
vt 0.834768 0.258498
vt 0.834768 0.257064
vt 0.834968 0.255645
vt 0.835360 0.254294
vt 0.835928 0.253064
vt 0.891314 0.100101
vt 0.891314 0.191712
vt 0.893008 0.094052
vt 0.893008 0.002441
vt 0.894023 0.002441
vt 0.894023 0.094052
vt 0.894998 0.002441
vt 0.894998 0.094052
vt 0.895894 0.002441
vt 0.895894 0.094052
vt 0.708316 0.851582
vt 0.708316 0.759971
vt 0.709223 0.759971
vt 0.709223 0.851582
vt 0.710328 0.759971
vt 0.710328 0.851582
vt 0.711589 0.759971
vt 0.711589 0.851582
vt 0.712957 0.759971
vt 0.712957 0.851582
vt 0.714379 0.851582
vt 0.714379 0.759971
vt 0.714379 0.851582
vt 0.715802 0.759971
vt 0.715802 0.851582
vt 0.717170 0.759971
vt 0.717170 0.851582
vt 0.718430 0.759971
vt 0.718430 0.851582
vt 0.719535 0.759971
vt 0.719535 0.851582
vt 0.720442 0.759971
vt 0.720442 0.851582
vt 0.327316 0.784751
vt 0.327316 0.693140
vt 0.328217 0.693140
vt 0.328217 0.784751
vt 0.329194 0.693140
vt 0.329194 0.784751
vt 0.330210 0.693140
vt 0.330210 0.784751
vt 0.331226 0.693140
vt 0.331226 0.784751
vt 0.332204 0.693140
vt 0.332204 0.784751
vt 0.333104 0.693140
vt 0.333104 0.784751
vt 0.660590 0.302053
vt 0.660590 0.210442
vt 0.661496 0.210442
vt 0.661496 0.302053
vt 0.662601 0.210442
vt 0.662601 0.302053
vt 0.663862 0.210442
vt 0.663862 0.302053
vt 0.665230 0.210442
vt 0.665230 0.302053
vt 0.665888 0.210442
vt 0.665888 0.302053
vt 0.667417 0.210442
vt 0.668075 0.210442
vt 0.668075 0.302053
vt 0.667417 0.302053
vt 0.667417 0.252816
vt 0.669443 0.210442
vt 0.669443 0.302053
vt 0.670704 0.210442
vt 0.670704 0.302053
vt 0.671809 0.210442
vt 0.671809 0.302053
vt 0.672716 0.210442
vt 0.672716 0.302053
vt 0.890107 0.094052
vt 0.890107 0.002441
vt 0.891011 0.002441
vt 0.891011 0.094052
vt 0.369098 0.681828
vt 0.368121 0.682245
vt 0.367105 0.682386
vt 0.366089 0.682245
vt 0.365112 0.681828
vt 0.364211 0.681151
vt 0.363422 0.680239
vt 0.362774 0.679129
vt 0.362293 0.677862
vt 0.364350 0.676642
vt 0.364622 0.677358
vt 0.364988 0.677986
vt 0.365434 0.678501
vt 0.365943 0.678883
vt 0.366495 0.679119
vt 0.367069 0.679199
vt 0.367643 0.679119
vt 0.368195 0.678883
vt 0.368704 0.678501
vt 0.369150 0.677986
vt 0.369516 0.677358
vt 0.369788 0.676642
vt 0.369956 0.675865
vt 0.370013 0.675056
vt 0.369956 0.674248
vt 0.369788 0.673471
vt 0.369516 0.672755
vt 0.369150 0.672127
vt 0.368704 0.671612
vt 0.368195 0.671229
vt 0.367643 0.670994
vt 0.367069 0.670914
vt 0.366495 0.670994
vt 0.365943 0.671229
vt 0.365112 0.668285
vt 0.366089 0.667867
vt 0.367105 0.667727
vt 0.368121 0.667867
vt 0.369098 0.668285
vt 0.369999 0.668962
vt 0.370788 0.669873
vt 0.371436 0.670984
vt 0.371917 0.672251
vt 0.372214 0.673626
vt 0.372314 0.675056
vt 0.372214 0.676486
vt 0.371917 0.677862
vt 0.371436 0.679129
vt 0.370788 0.680239
vt 0.369999 0.681151
vt 0.361950 0.675825
vt 0.361950 0.674288
vt 0.361996 0.673626
vt 0.362293 0.672251
vt 0.362774 0.670984
vt 0.363422 0.669873
vt 0.364211 0.668962
vt 0.365434 0.671612
vt 0.364988 0.672127
vt 0.364622 0.672755
vt 0.364350 0.673471
vt 0.364182 0.674248
vt 0.364125 0.675056
vt 0.364182 0.675865
vt 0.361996 0.676486
vt 0.891991 0.002441
vt 0.891991 0.094052
vt 0.894192 0.820767
vt 0.894192 0.729156
vt 0.895207 0.729156
vt 0.895207 0.820767
vt 0.896182 0.729156
vt 0.896182 0.820767
vt 0.897078 0.729156
vt 0.897078 0.820767
vt 0.726224 0.851582
vt 0.726224 0.759971
vt 0.727131 0.759971
vt 0.727131 0.851582
vt 0.728236 0.759971
vt 0.728236 0.851582
vt 0.729496 0.759971
vt 0.729496 0.851582
vt 0.730031 0.851582
vt 0.730864 0.759971
vt 0.730864 0.851582
vt 0.732287 0.759971
vt 0.732287 0.851582
vt 0.733710 0.759971
vt 0.733710 0.851582
vt 0.735077 0.759971
vt 0.735077 0.851582
vt 0.736338 0.759971
vt 0.736338 0.851582
vt 0.737443 0.759971
vt 0.737443 0.851582
vt 0.738350 0.759971
vt 0.738350 0.851582
vt 0.879722 0.723345
vt 0.879722 0.631734
vt 0.880623 0.631734
vt 0.880623 0.723345
vt 0.881600 0.631734
vt 0.881600 0.723345
vt 0.882616 0.631734
vt 0.882616 0.723345
vt 0.883632 0.631734
vt 0.883632 0.723345
vt 0.884609 0.631734
vt 0.884609 0.723345
vt 0.885510 0.631734
vt 0.885510 0.723345
vt 0.835156 0.210442
vt 0.835156 0.118831
vt 0.836063 0.118831
vt 0.836063 0.210442
vt 0.837168 0.118831
vt 0.837168 0.210442
vt 0.838428 0.118831
vt 0.838428 0.210442
vt 0.839796 0.118831
vt 0.839796 0.210442
vt 0.841219 0.118831
vt 0.841219 0.210442
vt 0.842641 0.118831
vt 0.842641 0.210442
vt 0.844009 0.118831
vt 0.844009 0.210442
vt 0.845270 0.118831
vt 0.845270 0.210442
vt 0.846375 0.118831
vt 0.846375 0.210442
vt 0.847282 0.118831
vt 0.847282 0.210442
vt 0.891291 0.820767
vt 0.891291 0.729156
vt 0.892195 0.729156
vt 0.892195 0.820767
vt 0.900727 0.270742
vt 0.899782 0.271227
vt 0.898778 0.271440
vt 0.897754 0.271371
vt 0.896751 0.271024
vt 0.895805 0.270411
vt 0.894954 0.269558
vt 0.894230 0.268496
vt 0.893662 0.267265
vt 0.895648 0.265902
vt 0.895969 0.266597
vt 0.896378 0.267198
vt 0.896859 0.267680
vt 0.897393 0.268026
vt 0.897960 0.268222
vt 0.898539 0.268261
vt 0.899106 0.268141
vt 0.899641 0.267867
vt 0.900121 0.267449
vt 0.900530 0.266904
vt 0.900852 0.266252
vt 0.901073 0.265518
vt 0.901186 0.264731
vt 0.901186 0.263921
vt 0.901073 0.263119
vt 0.900852 0.262356
vt 0.900530 0.261661
vt 0.900121 0.261060
vt 0.899641 0.260578
vt 0.899106 0.260232
vt 0.898539 0.260036
vt 0.897960 0.259997
vt 0.897393 0.260117
vt 0.896859 0.260391
vt 0.895805 0.257513
vt 0.896751 0.257028
vt 0.897754 0.256816
vt 0.898778 0.256885
vt 0.899782 0.257232
vt 0.900727 0.257844
vt 0.901578 0.258698
vt 0.902302 0.259760
vt 0.902870 0.260990
vt 0.903262 0.262341
vt 0.903462 0.263760
vt 0.903462 0.265194
vt 0.903262 0.266586
vt 0.902870 0.267885
vt 0.902302 0.269038
vt 0.901578 0.270003
vt 0.894230 0.259217
vt 0.894954 0.258252
vt 0.896378 0.260809
vt 0.895969 0.261354
vt 0.895648 0.262006
vt 0.895426 0.262740
vt 0.895313 0.263526
vt 0.895313 0.264337
vt 0.895426 0.265139
vt 0.893270 0.265915
vt 0.893070 0.264495
vt 0.893070 0.263062
vt 0.893270 0.261669
vt 0.893662 0.260371
vt 0.893175 0.729156
vt 0.893175 0.820767
vt 0.531668 0.805706
vt 0.532683 0.805706
vt 0.532683 0.897317
vt 0.531668 0.897317
vt 0.533658 0.805706
vt 0.533658 0.897317
vt 0.534554 0.805706
vt 0.534554 0.897317
vt 0.158458 0.857947
vt 0.158458 0.766336
vt 0.159365 0.766336
vt 0.159365 0.857947
vt 0.160470 0.766336
vt 0.160470 0.857947
vt 0.161730 0.766336
vt 0.161730 0.857947
vt 0.163098 0.766336
vt 0.163098 0.857947
vt 0.164521 0.766336
vt 0.164521 0.857947
vt 0.164701 0.857947
vt 0.165944 0.766336
vt 0.165944 0.857947
vt 0.167312 0.766336
vt 0.167312 0.857947
vt 0.168572 0.766336
vt 0.168572 0.857947
vt 0.169677 0.766336
vt 0.169677 0.857947
vt 0.170584 0.766336
vt 0.170584 0.857947
vt 0.023848 0.864554
vt 0.023848 0.772944
vt 0.024749 0.772944
vt 0.024749 0.864554
vt 0.025726 0.772944
vt 0.025726 0.864554
vt 0.026742 0.772944
vt 0.026742 0.864554
vt 0.027758 0.772944
vt 0.027758 0.864554
vt 0.028735 0.772944
vt 0.028735 0.864554
vt 0.029636 0.772944
vt 0.029636 0.864554
vt 0.339072 0.510054
vt 0.339072 0.418443
vt 0.339978 0.418443
vt 0.339978 0.510054
vt 0.341083 0.418443
vt 0.341083 0.510054
vt 0.342344 0.418443
vt 0.342344 0.510054
vt 0.343712 0.418443
vt 0.343712 0.510054
vt 0.344370 0.510054
vt 0.344370 0.418443
vt 0.346557 0.418443
vt 0.346557 0.510054
vt 0.345899 0.510054
vt 0.345899 0.418443
vt 0.347925 0.418443
vt 0.347925 0.510054
vt 0.349186 0.418443
vt 0.349186 0.510054
vt 0.350291 0.418443
vt 0.350291 0.510054
vt 0.351198 0.418443
vt 0.351198 0.510054
vt 0.528767 0.897317
vt 0.528767 0.805706
vt 0.529671 0.805706
vt 0.529671 0.897317
vt 0.822762 0.250261
vt 0.823778 0.250120
vt 0.824795 0.250261
vt 0.825772 0.250678
vt 0.826672 0.251355
vt 0.827461 0.252267
vt 0.828109 0.253378
vt 0.828591 0.254645
vt 0.826462 0.255684
vt 0.826190 0.254968
vt 0.825824 0.254340
vt 0.825378 0.253825
vt 0.824869 0.253442
vt 0.824317 0.253207
vt 0.823742 0.253127
vt 0.823168 0.253207
vt 0.822616 0.253442
vt 0.821785 0.250678
vt 0.822762 0.264639
vt 0.821785 0.264222
vt 0.820885 0.263544
vt 0.820095 0.262633
vt 0.819448 0.261522
vt 0.818966 0.260255
vt 0.818670 0.258880
vt 0.818624 0.258218
vt 0.818624 0.256681
vt 0.818670 0.256020
vt 0.818966 0.254645
vt 0.819448 0.253378
vt 0.820095 0.252267
vt 0.820885 0.251355
vt 0.822107 0.253825
vt 0.821661 0.254340
vt 0.821295 0.254968
vt 0.821023 0.255684
vt 0.820855 0.256461
vt 0.820799 0.257269
vt 0.820855 0.258077
vt 0.821023 0.258854
vt 0.821295 0.259571
vt 0.821661 0.260198
vt 0.822107 0.260713
vt 0.822616 0.261096
vt 0.823168 0.261332
vt 0.823742 0.261412
vt 0.824317 0.261332
vt 0.824869 0.261096
vt 0.825378 0.260713
vt 0.825824 0.260198
vt 0.826190 0.259571
vt 0.826462 0.258854
vt 0.826629 0.258077
vt 0.826686 0.257269
vt 0.826629 0.256461
vt 0.828887 0.256020
vt 0.828987 0.257450
vt 0.828887 0.258880
vt 0.828591 0.260255
vt 0.828109 0.261522
vt 0.827461 0.262633
vt 0.826672 0.263544
vt 0.825772 0.264222
vt 0.824795 0.264639
vt 0.823778 0.264780
vt 0.530651 0.805706
vt 0.530651 0.897317
vt 0.897221 0.277284
vt 0.898236 0.277284
vt 0.898236 0.368895
vt 0.897221 0.368895
vt 0.899211 0.277284
vt 0.899211 0.368895
vt 0.900108 0.277284
vt 0.900108 0.368895
vt 0.176365 0.857947
vt 0.176365 0.766336
vt 0.177272 0.766336
vt 0.177272 0.857947
vt 0.178377 0.766336
vt 0.178377 0.857947
vt 0.179638 0.766336
vt 0.179638 0.857947
vt 0.181006 0.766336
vt 0.181006 0.857947
vt 0.182429 0.766336
vt 0.182429 0.857947
vt 0.183851 0.766336
vt 0.183851 0.857947
vt 0.184828 0.857947
vt 0.185219 0.766336
vt 0.185219 0.857947
vt 0.186480 0.766336
vt 0.186480 0.857947
vt 0.187585 0.766336
vt 0.187585 0.857947
vt 0.188492 0.766336
vt 0.188492 0.857947
vt 0.879722 0.820767
vt 0.879722 0.729156
vt 0.880623 0.729156
vt 0.880623 0.820767
vt 0.881600 0.729156
vt 0.881600 0.820767
vt 0.882616 0.729156
vt 0.882616 0.820767
vt 0.883632 0.729156
vt 0.883632 0.820767
vt 0.884609 0.729156
vt 0.884609 0.820767
vt 0.885510 0.729156
vt 0.885510 0.820767
vt 0.227372 0.858717
vt 0.227372 0.767106
vt 0.228278 0.767106
vt 0.228278 0.858717
vt 0.229383 0.767106
vt 0.229383 0.858717
vt 0.230644 0.767106
vt 0.230644 0.858717
vt 0.232012 0.767106
vt 0.232012 0.858717
vt 0.233255 0.858717
vt 0.233434 0.767106
vt 0.233434 0.858717
vt 0.234857 0.767106
vt 0.234857 0.858717
vt 0.236225 0.767106
vt 0.236225 0.858717
vt 0.237486 0.767106
vt 0.237486 0.858717
vt 0.238591 0.767106
vt 0.238591 0.858717
vt 0.239498 0.767106
vt 0.239498 0.858717
vt 0.894320 0.368895
vt 0.894320 0.277284
vt 0.895224 0.277284
vt 0.895224 0.368895
vt 0.898778 0.230501
vt 0.897754 0.230570
vt 0.896751 0.230358
vt 0.895805 0.229873
vt 0.894954 0.229133
vt 0.894230 0.228168
vt 0.893662 0.227015
vt 0.893270 0.225717
vt 0.895446 0.224829
vt 0.895668 0.225562
vt 0.895989 0.226214
vt 0.896398 0.226760
vt 0.896879 0.227177
vt 0.897413 0.227451
vt 0.897981 0.227571
vt 0.898559 0.227532
vt 0.899126 0.227336
vt 0.899782 0.230154
vt 0.896751 0.216362
vt 0.897754 0.216015
vt 0.898778 0.215946
vt 0.899782 0.216158
vt 0.900727 0.216643
vt 0.901578 0.217383
vt 0.902302 0.218348
vt 0.902871 0.219501
vt 0.903262 0.220799
vt 0.903462 0.222192
vt 0.903462 0.223625
vt 0.903262 0.225045
vt 0.902871 0.226396
vt 0.902302 0.227626
vt 0.901578 0.228688
vt 0.900727 0.229542
vt 0.899661 0.226990
vt 0.900142 0.226508
vt 0.900551 0.225908
vt 0.900872 0.225212
vt 0.901093 0.224449
vt 0.901206 0.223647
vt 0.901206 0.222837
vt 0.901093 0.222050
vt 0.900872 0.221316
vt 0.900551 0.220664
vt 0.900142 0.220119
vt 0.899661 0.219701
vt 0.899126 0.219427
vt 0.898559 0.219307
vt 0.897981 0.219346
vt 0.897413 0.219542
vt 0.896879 0.219888
vt 0.896398 0.220371
vt 0.895989 0.220971
vt 0.895668 0.221666
vt 0.895446 0.222430
vt 0.895334 0.223232
vt 0.895334 0.224042
vt 0.893070 0.224324
vt 0.893070 0.222891
vt 0.893270 0.221471
vt 0.893662 0.220120
vt 0.894230 0.218890
vt 0.894954 0.217828
vt 0.895805 0.216974
vt 0.896204 0.277284
vt 0.896204 0.368895
vt 0.796993 0.277284
vt 0.797567 0.277284
vt 0.796441 0.277284
vt 0.795932 0.277284
vt 0.734652 0.399500
vt 0.735164 0.399500
vt 0.734027 0.399500
vt 0.733315 0.399500
vt 0.732542 0.399500
vt 0.731738 0.399500
vt 0.730934 0.399500
vt 0.730161 0.399500
vt 0.729448 0.399500
vt 0.728824 0.399500
vt 0.728311 0.399500
vt 0.834900 0.277284
vt 0.835411 0.277284
vt 0.834346 0.277284
vt 0.833771 0.277284
vt 0.833198 0.277284
vt 0.832647 0.277284
vt 0.832140 0.368895
vt 0.832140 0.277284
vt 0.747286 0.118831
vt 0.747798 0.118831
vt 0.746661 0.118831
vt 0.745949 0.118831
vt 0.745176 0.118831
vt 0.744372 0.118831
vt 0.743568 0.118831
vt 0.742795 0.118831
vt 0.742082 0.118831
vt 0.741458 0.118831
vt 0.740946 0.118831
vt 0.798693 0.277284
vt 0.799202 0.277284
vt 0.798141 0.277284
vt 0.806045 0.557953
vt 0.806619 0.557953
vt 0.805493 0.557953
vt 0.804984 0.557953
vt 0.747286 0.399500
vt 0.747799 0.399500
vt 0.746662 0.399500
vt 0.745949 0.399500
vt 0.745176 0.399500
vt 0.744372 0.399500
vt 0.743568 0.399500
vt 0.742795 0.399500
vt 0.742083 0.399500
vt 0.741458 0.399500
vt 0.740946 0.491111
vt 0.740946 0.399500
vt 0.843952 0.277284
vt 0.844463 0.277284
vt 0.843398 0.277284
vt 0.842823 0.277284
vt 0.842250 0.277284
vt 0.841699 0.277284
vt 0.841192 0.277284
vt 0.759920 0.118831
vt 0.760433 0.118831
vt 0.759296 0.118831
vt 0.758583 0.118831
vt 0.757810 0.118831
vt 0.757006 0.118831
vt 0.756202 0.118831
vt 0.755429 0.118831
vt 0.754717 0.118831
vt 0.754092 0.118831
vt 0.753580 0.118831
vt 0.807746 0.557953
vt 0.808254 0.557953
vt 0.807193 0.557953
vt 0.806045 0.277284
vt 0.806619 0.277284
vt 0.805493 0.277284
vt 0.804984 0.277284
vt 0.696749 0.399500
vt 0.697261 0.399500
vt 0.696124 0.399500
vt 0.695412 0.622055
vt 0.695412 0.399500
vt 0.694639 0.399500
vt 0.693835 0.399500
vt 0.693031 0.399500
vt 0.692258 0.399500
vt 0.692258 0.491111
vt 0.691546 0.399500
vt 0.690921 0.399500
vt 0.690408 0.399500
vt 0.961803 0.002441
vt 0.962314 0.002441
vt 0.962314 0.094052
vt 0.961803 0.094052
vt 0.961249 0.002441
vt 0.961249 0.094052
vt 0.960674 0.002441
vt 0.960674 0.094052
vt 0.960101 0.094052
vt 0.960101 0.002441
vt 0.959550 0.094052
vt 0.959550 0.002441
vt 0.959043 0.094052
vt 0.959043 0.002441
vt 0.696749 0.210442
vt 0.696749 0.118831
vt 0.697261 0.118831
vt 0.696124 0.118831
vt 0.695412 0.118831
vt 0.694639 0.118831
vt 0.693835 0.118831
vt 0.693031 0.341387
vt 0.693031 0.118831
vt 0.692258 0.341387
vt 0.692258 0.118831
vt 0.691545 0.118831
vt 0.690921 0.341387
vt 0.690921 0.118831
vt 0.690408 0.118831
vt 0.807746 0.277284
vt 0.808254 0.277284
vt 0.807193 0.277284
vt 0.815097 0.557953
vt 0.815671 0.557953
vt 0.814545 0.557953
vt 0.814036 0.557953
vt 0.709383 0.118831
vt 0.709896 0.118831
vt 0.708759 0.118831
vt 0.708046 0.118831
vt 0.707273 0.118831
vt 0.706469 0.118831
vt 0.705665 0.118831
vt 0.704892 0.118831
vt 0.704180 0.118831
vt 0.703555 0.118831
vt 0.703043 0.118831
vt 0.703043 0.210442
vt 0.970855 0.002441
vt 0.971366 0.002441
vt 0.971366 0.094052
vt 0.970855 0.094052
vt 0.970301 0.002441
vt 0.970301 0.094052
vt 0.969727 0.002441
vt 0.969727 0.094052
vt 0.969153 0.094052
vt 0.969153 0.002441
vt 0.968602 0.094052
vt 0.968602 0.002441
vt 0.968095 0.094052
vt 0.968095 0.002441
vt 0.709383 0.491111
vt 0.709383 0.399500
vt 0.709896 0.399500
vt 0.708759 0.399500
vt 0.708046 0.491111
vt 0.708046 0.399500
vt 0.707273 0.491111
vt 0.707273 0.399500
vt 0.706469 0.399500
vt 0.705665 0.622055
vt 0.705665 0.399500
vt 0.704892 0.399500
vt 0.704180 0.399500
vt 0.703555 0.399500
vt 0.703043 0.399500
vt 0.816798 0.557953
vt 0.817307 0.557953
vt 0.816245 0.557953
vt 0.824149 0.277284
vt 0.824723 0.277284
vt 0.823597 0.277284
vt 0.823088 0.277284
vt 0.722017 0.118831
vt 0.722530 0.118831
vt 0.721393 0.118831
vt 0.720681 0.341387
vt 0.720681 0.118831
vt 0.719908 0.118831
vt 0.719104 0.118831
vt 0.718300 0.118831
vt 0.717527 0.118831
vt 0.716814 0.118831
vt 0.716190 0.118831
vt 0.715677 0.118831
vt 0.715677 0.210442
vt 0.979907 0.002441
vt 0.980418 0.002441
vt 0.980418 0.094052
vt 0.979907 0.094052
vt 0.979353 0.002441
vt 0.979353 0.094052
vt 0.978779 0.094052
vt 0.978779 0.002441
vt 0.978205 0.094052
vt 0.978205 0.002441
vt 0.977654 0.094052
vt 0.977654 0.002441
vt 0.977147 0.094052
vt 0.977147 0.002441
vt 0.722017 0.491111
vt 0.722017 0.399500
vt 0.722530 0.399500
vt 0.721393 0.399500
vt 0.720680 0.491111
vt 0.720680 0.399500
vt 0.719907 0.491111
vt 0.719907 0.399500
vt 0.719103 0.399500
vt 0.718300 0.491111
vt 0.718300 0.399500
vt 0.717526 0.399500
vt 0.716814 0.399500
vt 0.716189 0.399500
vt 0.715677 0.399500
vt 0.825850 0.277284
vt 0.826359 0.277284
vt 0.825297 0.277284
vt 0.815097 0.277284
vt 0.815671 0.277284
vt 0.814545 0.277284
vt 0.814036 0.277284
vt 0.684115 0.734345
vt 0.684115 0.511790
vt 0.684627 0.511790
vt 0.684627 0.734345
vt 0.683490 0.734345
vt 0.683490 0.511790
vt 0.682778 0.734345
vt 0.682778 0.511790
vt 0.682005 0.734345
vt 0.682005 0.511790
vt 0.681201 0.734345
vt 0.681201 0.511790
vt 0.680397 0.734345
vt 0.680397 0.511790
vt 0.679624 0.734345
vt 0.679624 0.511790
vt 0.678911 0.734345
vt 0.678911 0.511790
vt 0.678287 0.734345
vt 0.678287 0.511790
vt 0.677774 0.511790
vt 0.677774 0.734345
vt 0.677774 0.603400
vt 0.952751 0.002441
vt 0.953262 0.002441
vt 0.953262 0.094052
vt 0.952751 0.094052
vt 0.952197 0.094052
vt 0.952197 0.002441
vt 0.951622 0.094052
vt 0.951622 0.002441
vt 0.951049 0.094052
vt 0.951049 0.002441
vt 0.950498 0.094052
vt 0.950498 0.002441
vt 0.949991 0.094052
vt 0.949991 0.002441
vt 0.734652 0.118831
vt 0.735164 0.118831
vt 0.735164 0.210442
vt 0.734027 0.118831
vt 0.733315 0.118831
vt 0.732542 0.118831
vt 0.731738 0.118831
vt 0.730934 0.118831
vt 0.730161 0.118831
vt 0.729448 0.118831
vt 0.728824 0.118831
vt 0.728311 0.118831
vt 0.817307 0.368895
vt 0.816798 0.277284
vt 0.817307 0.277284
vt 0.816245 0.277284
vt 0.796993 0.557953
vt 0.797567 0.557953
vt 0.796441 0.780508
vt 0.796441 0.557953
vt 0.795932 0.780508
vt 0.795932 0.557953
vt 0.759920 0.399500
vt 0.760433 0.399500
vt 0.759296 0.399500
vt 0.758583 0.399500
vt 0.757810 0.399500
vt 0.757006 0.399500
vt 0.756203 0.399500
vt 0.755429 0.399500
vt 0.754717 0.399500
vt 0.754092 0.399500
vt 0.753580 0.399500
vt 0.843952 0.557953
vt 0.844463 0.557953
vt 0.844463 0.780508
vt 0.843398 0.780508
vt 0.843398 0.557953
vt 0.842823 0.557953
vt 0.842250 0.557953
vt 0.841699 0.557953
vt 0.841192 0.557953
vt 0.750472 0.851582
vt 0.750472 0.759971
vt 0.750984 0.759971
vt 0.750984 0.851582
vt 0.749847 0.851582
vt 0.749847 0.759971
vt 0.749135 0.851582
vt 0.749135 0.759971
vt 0.748362 0.851582
vt 0.748362 0.759971
vt 0.747558 0.851582
vt 0.747558 0.759971
vt 0.746754 0.851582
vt 0.746754 0.759971
vt 0.745981 0.851582
vt 0.745981 0.759971
vt 0.745268 0.851582
vt 0.745268 0.759971
vt 0.744644 0.851582
vt 0.744644 0.759971
vt 0.744131 0.851582
vt 0.744131 0.759971
vt 0.799202 0.649563
vt 0.798693 0.557953
vt 0.799202 0.557953
vt 0.798141 0.649563
vt 0.798141 0.557953
vt 0.682417 0.118831
vt 0.682992 0.118831
vt 0.681865 0.118831
vt 0.681356 0.341387
vt 0.681356 0.118831
vt 0.671480 0.734345
vt 0.671480 0.511790
vt 0.671993 0.511790
vt 0.671993 0.734345
vt 0.670856 0.734345
vt 0.670856 0.511790
vt 0.670143 0.734345
vt 0.670143 0.511790
vt 0.669370 0.734345
vt 0.669370 0.511790
vt 0.668567 0.734345
vt 0.668567 0.511790
vt 0.667763 0.734345
vt 0.667763 0.511790
vt 0.666989 0.734345
vt 0.666989 0.511790
vt 0.666277 0.734345
vt 0.666277 0.511790
vt 0.665652 0.734345
vt 0.665652 0.511790
vt 0.665140 0.734345
vt 0.665140 0.511790
vt 0.825848 0.557953
vt 0.826358 0.557953
vt 0.825294 0.557953
vt 0.824719 0.557953
vt 0.824145 0.649563
vt 0.824145 0.557953
vt 0.823595 0.557953
vt 0.823088 0.557953
vt 0.251620 0.858717
vt 0.251620 0.767106
vt 0.252132 0.767106
vt 0.252132 0.858717
vt 0.250995 0.858717
vt 0.250995 0.767106
vt 0.250283 0.858717
vt 0.250283 0.767106
vt 0.249510 0.858717
vt 0.249510 0.767106
vt 0.248706 0.858717
vt 0.248706 0.767106
vt 0.247902 0.858717
vt 0.247902 0.767106
vt 0.247129 0.858717
vt 0.247129 0.767106
vt 0.246416 0.858717
vt 0.246416 0.767106
vt 0.245792 0.858717
vt 0.245792 0.767106
vt 0.245279 0.858717
vt 0.245279 0.767106
vt 0.684118 0.118831
vt 0.684627 0.118831
vt 0.683566 0.118831
vt 0.407859 0.203935
vt 0.407785 0.204533
vt 0.407859 0.203935
vt 0.407785 0.203300
vt 0.401929 0.204533
vt 0.402003 0.203899
vt 0.401929 0.203300
vt 0.402003 0.203899
vt 0.370336 0.692787
vt 0.370679 0.692054
vt 0.370911 0.691294
vt 0.371022 0.690535
vt 0.371008 0.689808
vt 0.370869 0.689139
vt 0.370611 0.688555
vt 0.370336 0.688198
vt 0.371022 0.690535
vt 0.370679 0.692054
vt 0.370336 0.692787
vt 0.069260 0.707206
vt 0.069535 0.706849
vt 0.069793 0.706265
vt 0.069932 0.705596
vt 0.069946 0.704869
vt 0.069835 0.704110
vt 0.069603 0.703350
vt 0.069260 0.702617
vt 0.069260 0.702617
vt 0.069603 0.703350
vt 0.069835 0.704110
vt 0.069946 0.704869
vt 0.069932 0.705596
vt 0.069793 0.706265
vt 0.069535 0.706849
vt 0.629195 0.521843
vt 0.629235 0.521554
vt 0.629195 0.521266
vt 0.069260 0.718829
vt 0.480147 0.203105
vt 0.480046 0.203479
vt 0.480147 0.203105
vt 0.480163 0.202466
vt 0.480046 0.201845
vt 0.480163 0.202466
vt 0.443647 0.204173
vt 0.443611 0.204583
vt 0.443647 0.204173
vt 0.443611 0.203978
vt 0.650515 0.204010
vt 0.650495 0.204246
vt 0.650515 0.204557
vt 0.650495 0.204246
vt 0.372256 0.714533
vt 0.372522 0.713934
vt 0.372726 0.713195
vt 0.372801 0.712471
vt 0.372745 0.711791
vt 0.372561 0.711179
vt 0.372256 0.710661
vt 0.372745 0.711791
vt 0.372801 0.712471
vt 0.372522 0.713934
vt 0.526828 0.203080
vt 0.526871 0.202488
vt 0.526828 0.201845
vt 0.526871 0.202488
vt 0.520998 0.201845
vt 0.521046 0.202610
vt 0.520998 0.203078
vt 0.372256 0.720344
vt 0.515169 0.201845
vt 0.515217 0.202313
vt 0.515169 0.203078
vt 0.538527 0.202161
vt 0.538476 0.201845
vt 0.538527 0.202161
vt 0.538476 0.202798
vt 0.538476 0.202798
vt 0.646673 0.521484
vt 0.646637 0.521813
vt 0.646637 0.521266
vt 0.454794 0.198585
vt 0.454285 0.199037
vt 0.454794 0.198585
vt 0.455239 0.198011
vt 0.455602 0.197337
vt 0.455869 0.196588
vt 0.456030 0.195795
vt 0.456079 0.194986
vt 0.456015 0.194194
vt 0.455838 0.193448
vt 0.455557 0.192777
vt 0.455182 0.192208
vt 0.454727 0.191762
vt 0.454285 0.191499
vt 0.454727 0.191762
vt 0.455182 0.192208
vt 0.455557 0.192777
vt 0.455838 0.193448
vt 0.456015 0.194194
vt 0.456079 0.194986
vt 0.455869 0.196588
vt 0.455602 0.197337
vt 0.192150 0.710591
vt 0.192194 0.710512
vt 0.192484 0.709772
vt 0.192653 0.709024
vt 0.192695 0.708298
vt 0.192608 0.707621
vt 0.192396 0.707018
vt 0.192150 0.706640
vt 0.192396 0.707018
vt 0.192608 0.707621
vt 0.192653 0.709024
vt 0.192484 0.709772
vt 0.635016 0.521843
vt 0.635056 0.521555
vt 0.635016 0.521266
vt 0.372256 0.704849
vt 0.372505 0.704473
vt 0.372722 0.703872
vt 0.372813 0.703196
vt 0.372777 0.702469
vt 0.372613 0.701720
vt 0.372329 0.700978
vt 0.372256 0.700847
vt 0.623398 0.521965
vt 0.623413 0.521830
vt 0.623398 0.521266
vt 0.147833 0.723715
vt 0.491782 0.203461
vt 0.491839 0.202653
vt 0.491782 0.201845
vt 0.503467 0.203249
vt 0.503532 0.202525
vt 0.503467 0.201845
vt 0.509388 0.202443
vt 0.509314 0.203078
vt 0.509388 0.202443
vt 0.509314 0.201845
vt 0.413714 0.203935
vt 0.413640 0.204533
vt 0.413640 0.203300
vt 0.468376 0.200976
vt 0.468122 0.201499
vt 0.468009 0.202091
vt 0.468042 0.202729
vt 0.468219 0.203389
vt 0.468376 0.203716
vt 0.468219 0.203389
vt 0.468042 0.202729
vt 0.468122 0.201499
vt 0.544338 0.201845
vt 0.544309 0.202227
vt 0.544338 0.202624
vt 0.532652 0.203057
vt 0.532695 0.202451
vt 0.532652 0.201845
vt 0.550119 0.202624
vt 0.550149 0.202227
vt 0.550119 0.201845
vt 0.550149 0.202227
vt 0.462018 0.203389
vt 0.461861 0.203716
vt 0.462195 0.202729
vt 0.462228 0.202091
vt 0.462115 0.201499
vt 0.461861 0.200976
vt 0.461861 0.200976
vt 0.462115 0.201499
vt 0.462228 0.202091
vt 0.069260 0.724641
vt 0.393779 0.199704
vt 0.394331 0.199469
vt 0.394840 0.199086
vt 0.395286 0.198571
vt 0.395652 0.197943
vt 0.395924 0.197227
vt 0.396091 0.196450
vt 0.396148 0.195642
vt 0.396091 0.194833
vt 0.395924 0.194056
vt 0.395652 0.193340
vt 0.395286 0.192713
vt 0.394840 0.192197
vt 0.394331 0.191815
vt 0.393779 0.191579
vt 0.393204 0.191499
vt 0.394331 0.191815
vt 0.394840 0.192197
vt 0.395286 0.192713
vt 0.395286 0.198571
vt 0.394840 0.199086
vt 0.394331 0.199469
vt 0.393204 0.199784
vt 0.673711 0.204116
vt 0.673695 0.204303
vt 0.673711 0.204116
vt 0.673695 0.204010
vt 0.912287 0.659259
vt 0.912287 0.550980
vt 0.915933 0.550980
vt 0.915933 0.659259
vt 0.244143 0.864528
vt 0.246747 0.864528
vt 0.246747 0.972808
vt 0.244143 0.972808
vt 0.912287 0.773350
vt 0.912287 0.665070
vt 0.915933 0.665070
vt 0.915933 0.773350
vt 0.850789 0.952737
vt 0.850244 0.952737
vt 0.850244 0.844458
vt 0.852848 0.844458
vt 0.852848 0.952737
vt 0.545718 0.191499
vt 0.548322 0.191499
vt 0.548322 0.195164
vt 0.545718 0.195164
vt 0.912287 0.887440
vt 0.912287 0.779161
vt 0.915933 0.779161
vt 0.915933 0.887440
vt 0.969797 0.385563
vt 0.969797 0.277284
vt 0.972402 0.277284
vt 0.972402 0.385563
vt 0.915316 0.385563
vt 0.915316 0.277284
vt 0.918962 0.277284
vt 0.918962 0.385563
vt 0.959424 0.887440
vt 0.959424 0.779161
vt 0.962029 0.779161
vt 0.962029 0.887440
vt 0.634760 0.365919
vt 0.637365 0.365919
vt 0.637365 0.369584
vt 0.634760 0.369584
vt 0.919854 0.208380
vt 0.919854 0.100101
vt 0.923500 0.100101
vt 0.923500 0.208380
vt 0.144671 0.978644
vt 0.144671 0.870365
vt 0.147275 0.870365
vt 0.147275 0.978644
vt 0.921715 0.545169
vt 0.921715 0.436889
vt 0.925361 0.436889
vt 0.925361 0.545169
vt 0.397450 0.968156
vt 0.397450 0.859876
vt 0.400054 0.859876
vt 0.400054 0.968156
vt 0.554104 0.191499
vt 0.556708 0.191499
vt 0.556708 0.195164
vt 0.554104 0.195164
vt 0.921715 0.659259
vt 0.921715 0.550980
vt 0.925361 0.550980
vt 0.925361 0.659259
vt 0.252529 0.972808
vt 0.252529 0.864528
vt 0.255133 0.864528
vt 0.255133 0.972808
vt 0.921715 0.773350
vt 0.921715 0.665070
vt 0.925361 0.665070
vt 0.925361 0.773350
vt 0.489525 0.953095
vt 0.489525 0.844815
vt 0.492130 0.844815
vt 0.492130 0.953095
vt 0.566677 0.386127
vt 0.569282 0.386127
vt 0.569282 0.389792
vt 0.566677 0.389792
vt 0.921715 0.887440
vt 0.921715 0.779161
vt 0.925361 0.779161
vt 0.925361 0.887440
vt 0.023848 0.978645
vt 0.023848 0.870366
vt 0.026453 0.870366
vt 0.026453 0.978645
vt 0.924744 0.385563
vt 0.924744 0.277284
vt 0.928390 0.277284
vt 0.928390 0.385563
vt 0.407093 0.968156
vt 0.405835 0.968156
vt 0.405835 0.859876
vt 0.408440 0.859876
vt 0.408440 0.968156
vt 0.634760 0.375395
vt 0.637365 0.375395
vt 0.637365 0.379060
vt 0.634760 0.379060
vt 0.457220 0.934085
vt 0.457220 0.825806
vt 0.460866 0.825806
vt 0.460866 0.934085
vt 0.339072 0.865067
vt 0.341676 0.865067
vt 0.341676 0.973346
vt 0.339072 0.973346
vt 0.466647 0.934085
vt 0.466647 0.825806
vt 0.470293 0.825806
vt 0.470293 0.934085
vt 0.953026 0.385563
vt 0.953026 0.277284
vt 0.955630 0.277284
vt 0.955630 0.385563
vt 0.575063 0.386127
vt 0.577667 0.386127
vt 0.577667 0.389792
vt 0.575063 0.389792
vt 0.879722 0.826578
vt 0.883368 0.826578
vt 0.883368 0.934857
vt 0.879722 0.934857
vt 0.974335 0.100101
vt 0.976939 0.100101
vt 0.976939 0.208380
vt 0.974335 0.208380
vt 0.891291 0.934857
vt 0.891291 0.826578
vt 0.894937 0.826578
vt 0.894937 0.934857
vt 0.414221 0.968156
vt 0.414221 0.859876
vt 0.416825 0.859876
vt 0.416825 0.968156
vt 0.634760 0.384872
vt 0.637365 0.384872
vt 0.637365 0.388537
vt 0.634760 0.388537
vt 0.929281 0.208380
vt 0.929281 0.100101
vt 0.932927 0.100101
vt 0.932927 0.208380
vt 0.976196 0.545169
vt 0.976196 0.436889
vt 0.978800 0.436889
vt 0.978800 0.545169
vt 0.931142 0.545169
vt 0.931142 0.436889
vt 0.934788 0.436889
vt 0.934788 0.545169
vt 0.422607 0.968156
vt 0.422607 0.859876
vt 0.425211 0.859876
vt 0.425211 0.968156
vt 0.583449 0.386127
vt 0.586053 0.386127
vt 0.586053 0.389792
vt 0.583449 0.389792
vt 0.931142 0.659259
vt 0.931142 0.550980
vt 0.934788 0.550980
vt 0.934788 0.659259
vt 0.347457 0.973346
vt 0.347457 0.865067
vt 0.350061 0.865067
vt 0.350061 0.973346
vt 0.931142 0.773350
vt 0.931142 0.665070
vt 0.934788 0.665070
vt 0.934788 0.773350
vt 0.957563 0.208380
vt 0.957563 0.100101
vt 0.960168 0.100101
vt 0.960168 0.208380
vt 0.611784 0.511790
vt 0.614388 0.511790
vt 0.614388 0.515455
vt 0.611784 0.515455
vt 0.931142 0.887440
vt 0.931142 0.779161
vt 0.934788 0.779161
vt 0.934788 0.887440
vt 0.976196 0.659259
vt 0.976196 0.550980
vt 0.978800 0.550980
vt 0.978800 0.659259
vt 0.934171 0.385563
vt 0.934171 0.277284
vt 0.937817 0.277284
vt 0.937817 0.385563
vt 0.430992 0.968156
vt 0.430992 0.859876
vt 0.433597 0.859876
vt 0.433597 0.968156
vt 0.636941 0.511790
vt 0.639545 0.511790
vt 0.639545 0.515455
vt 0.636941 0.515455
vt 0.498006 0.855672
vt 0.498006 0.747393
vt 0.501652 0.747393
vt 0.501652 0.855672
vt 0.976196 0.773350
vt 0.976196 0.665070
vt 0.978800 0.665070
vt 0.978800 0.773350
vt 0.900999 0.208380
vt 0.900999 0.100101
vt 0.904645 0.100101
vt 0.904645 0.208380
vt 0.961412 0.385563
vt 0.961412 0.277284
vt 0.964016 0.277284
vt 0.964016 0.385563
vt 0.620169 0.511790
vt 0.622774 0.511790
vt 0.622774 0.515455
vt 0.620169 0.515455
vt 0.902860 0.545169
vt 0.902860 0.436889
vt 0.906506 0.436889
vt 0.906506 0.545169
vt 0.967456 0.208380
vt 0.965949 0.208380
vt 0.965949 0.100101
vt 0.968553 0.100101
vt 0.968553 0.208380
vt 0.902860 0.659259
vt 0.902860 0.550980
vt 0.906506 0.550980
vt 0.906506 0.659259
vt 0.498006 0.969763
vt 0.498006 0.861484
vt 0.500610 0.861484
vt 0.500610 0.969763
vt 0.478632 0.191499
vt 0.481236 0.191499
vt 0.481236 0.195164
vt 0.478632 0.195164
vt 0.902860 0.773350
vt 0.902860 0.665070
vt 0.906506 0.665070
vt 0.906506 0.773350
vt 0.967810 0.545169
vt 0.967810 0.436889
vt 0.970414 0.436889
vt 0.970414 0.545169
vt 0.902860 0.887440
vt 0.902860 0.779161
vt 0.906506 0.779161
vt 0.906506 0.887440
vt 0.949997 0.969904
vt 0.949997 0.861625
vt 0.952601 0.861625
vt 0.952601 0.969904
vt 0.628555 0.511790
vt 0.631159 0.511790
vt 0.631159 0.515455
vt 0.628555 0.515455
vt 0.217824 0.911765
vt 0.217824 0.803485
vt 0.221470 0.803485
vt 0.221470 0.911765
vt 0.967810 0.659259
vt 0.967810 0.550980
vt 0.970414 0.550980
vt 0.970414 0.659259
vt 0.905889 0.385563
vt 0.905889 0.277284
vt 0.909535 0.277284
vt 0.909535 0.385563
vt 0.158458 0.972037
vt 0.158458 0.863758
vt 0.161062 0.863758
vt 0.161062 0.972037
vt 0.634760 0.328014
vt 0.637365 0.328014
vt 0.637365 0.331679
vt 0.634760 0.331679
vt 0.910426 0.208380
vt 0.910426 0.100101
vt 0.914072 0.100101
vt 0.914072 0.208380
vt 0.367884 0.972804
vt 0.367884 0.864525
vt 0.370488 0.864525
vt 0.370488 0.972804
vt 0.912287 0.545169
vt 0.912287 0.436889
vt 0.915933 0.436889
vt 0.915933 0.545169
vt 0.959424 0.545169
vt 0.959424 0.436889
vt 0.962029 0.436889
vt 0.962029 0.545169
vt 0.487018 0.191499
vt 0.489622 0.191499
vt 0.489622 0.195164
vt 0.487018 0.195164
vt 0.859296 0.944182
vt 0.859296 0.835902
vt 0.862942 0.835902
vt 0.862942 0.944182
vt 0.976196 0.779161
vt 0.978800 0.779161
vt 0.978800 0.887440
vt 0.976196 0.887440
vt 0.868724 0.944182
vt 0.868724 0.835902
vt 0.872370 0.835902
vt 0.872370 0.944182
vt 0.166844 0.972037
vt 0.166844 0.863758
vt 0.169448 0.863758
vt 0.169448 0.972037
vt 0.668303 0.384872
vt 0.670907 0.384872
vt 0.670907 0.388537
vt 0.668303 0.388537
vt 0.795932 0.946901
vt 0.795932 0.838621
vt 0.799578 0.838621
vt 0.799578 0.946901
vt 0.967810 0.665070
vt 0.970414 0.665070
vt 0.970414 0.773350
vt 0.967810 0.773350
vt 0.805359 0.946901
vt 0.805359 0.838621
vt 0.809005 0.838621
vt 0.809005 0.946901
vt 0.176365 0.972037
vt 0.176365 0.863758
vt 0.178970 0.863758
vt 0.178970 0.972037
vt 0.643146 0.384872
vt 0.645750 0.384872
vt 0.645750 0.388537
vt 0.643146 0.388537
vt 0.823088 0.946901
vt 0.823088 0.838621
vt 0.826734 0.838621
vt 0.826734 0.946901
vt 0.967810 0.887440
vt 0.967810 0.779161
vt 0.970414 0.779161
vt 0.970414 0.887440
vt 0.840817 0.946901
vt 0.840817 0.838621
vt 0.844463 0.838621
vt 0.844463 0.946901
vt 0.184751 0.972037
vt 0.184751 0.863758
vt 0.187356 0.863758
vt 0.187356 0.972037
vt 0.669852 0.194533
vt 0.672456 0.194533
vt 0.672456 0.198198
vt 0.669852 0.198198
vt 0.938708 0.208380
vt 0.938708 0.100101
vt 0.942354 0.100101
vt 0.942354 0.208380
vt 0.227372 0.972808
vt 0.227372 0.864528
vt 0.229976 0.864528
vt 0.229976 0.972808
vt 0.940570 0.545169
vt 0.940570 0.436889
vt 0.944216 0.436889
vt 0.944216 0.545169
vt 0.959424 0.659259
vt 0.959424 0.550980
vt 0.962029 0.550980
vt 0.962029 0.659259
vt 0.644694 0.194534
vt 0.647299 0.194534
vt 0.647299 0.198198
vt 0.644694 0.198198
vt 0.940570 0.659259
vt 0.940570 0.550980
vt 0.944216 0.550980
vt 0.944216 0.659259
vt 0.979199 0.385563
vt 0.978183 0.385563
vt 0.978183 0.277284
vt 0.980787 0.277284
vt 0.980787 0.385563
vt 0.940570 0.773350
vt 0.940570 0.665070
vt 0.944216 0.665070
vt 0.944216 0.773350
vt 0.359498 0.972804
vt 0.359498 0.864525
vt 0.362102 0.864525
vt 0.362102 0.972804
vt 0.069260 0.693141
vt 0.071864 0.693141
vt 0.071864 0.696806
vt 0.069260 0.696806
vt 0.940570 0.887440
vt 0.940570 0.779161
vt 0.944216 0.779161
vt 0.944216 0.887440
vt 0.235757 0.864528
vt 0.238362 0.864528
vt 0.238362 0.972808
vt 0.235757 0.972808
vt 0.943599 0.385563
vt 0.943599 0.277284
vt 0.947245 0.277284
vt 0.947245 0.385563
vt 0.959424 0.773350
vt 0.959424 0.665070
vt 0.962029 0.665070
vt 0.962029 0.773350
vt 0.537332 0.191499
vt 0.539937 0.191499
vt 0.539937 0.195164
vt 0.537332 0.195164
vt 0.378595 0.582747
vt 0.378595 0.399500
vt 0.502559 0.399500
vt 0.502559 0.582747
vt 0.235630 0.601689
vt 0.235630 0.418443
vt 0.333290 0.418443
vt 0.333290 0.601689
vt 0.126406 0.418443
vt 0.126406 0.601689
vt 0.002441 0.601689
vt 0.002441 0.418443
vt 0.226858 0.601689
vt 0.132188 0.601689
vt 0.132188 0.418443
vt 0.229849 0.418443
vt 0.229849 0.601689
vt 0.229743 0.601689
vt 0.603437 0.407373
vt 0.603437 0.403708
vt 0.606002 0.399500
vt 0.606002 0.524108
vt 0.603437 0.519893
vt 0.603437 0.516228
vt 0.603437 0.514633
vt 0.603437 0.510969
vt 0.603437 0.509587
vt 0.603437 0.505922
vt 0.603437 0.491802
vt 0.603437 0.488137
vt 0.603437 0.485873
vt 0.603437 0.482208
vt 0.603437 0.412632
vt 0.603437 0.408967
vt 0.514002 0.407426
vt 0.514002 0.403761
vt 0.514747 0.403761
vt 0.514747 0.407426
vt 0.517352 0.407426
vt 0.517352 0.409020
vt 0.514747 0.409020
vt 0.513966 0.409020
vt 0.511361 0.409020
vt 0.511361 0.412685
vt 0.513966 0.412685
vt 0.513960 0.414570
vt 0.511356 0.414570
vt 0.511356 0.418235
vt 0.511356 0.420216
vt 0.511356 0.423881
vt 0.513960 0.423881
vt 0.513948 0.493238
vt 0.511344 0.493238
vt 0.511344 0.496903
vt 0.511344 0.499166
vt 0.511344 0.502831
vt 0.508341 0.524108
vt 0.508341 0.399500
vt 0.511398 0.403761
vt 0.511398 0.407426
vt 0.600052 0.516228
vt 0.600833 0.516228
vt 0.600833 0.519893
vt 0.600052 0.519893
vt 0.600833 0.510969
vt 0.600833 0.514633
vt 0.600088 0.514633
vt 0.600088 0.510969
vt 0.600833 0.408967
vt 0.600833 0.412632
vt 0.600052 0.412632
vt 0.600052 0.408967
vt 0.600833 0.403708
vt 0.600833 0.407373
vt 0.600088 0.407373
vt 0.600088 0.403708
vt 0.595746 0.408968
vt 0.597447 0.408967
vt 0.597447 0.412632
vt 0.595746 0.412633
vt 0.533242 0.462436
vt 0.533242 0.461172
vt 0.537173 0.461172
vt 0.537173 0.462436
vt 0.517352 0.403761
vt 0.597484 0.403708
vt 0.597484 0.407373
vt 0.595746 0.403797
vt 0.581101 0.403797
vt 0.581101 0.431852
vt 0.581101 0.433117
vt 0.581101 0.461172
vt 0.581101 0.462436
vt 0.581101 0.490491
vt 0.581101 0.491755
vt 0.581101 0.519811
vt 0.595746 0.519811
vt 0.595746 0.491755
vt 0.595746 0.490491
vt 0.595746 0.462436
vt 0.595746 0.461172
vt 0.595746 0.433117
vt 0.595746 0.431852
vt 0.600833 0.482208
vt 0.600833 0.485873
vt 0.600833 0.488137
vt 0.600833 0.491802
vt 0.600833 0.505922
vt 0.600833 0.509587
vt 0.597484 0.510969
vt 0.597484 0.514633
vt 0.597447 0.516228
vt 0.597447 0.519893
vt 0.513948 0.502831
vt 0.513948 0.499166
vt 0.513948 0.496903
vt 0.518598 0.493161
vt 0.518598 0.519811
vt 0.533242 0.519811
vt 0.533242 0.491755
vt 0.518598 0.491755
vt 0.518598 0.490491
vt 0.533242 0.490491
vt 0.537173 0.515043
vt 0.577170 0.515043
vt 0.577170 0.408565
vt 0.537173 0.408565
vt 0.533242 0.433117
vt 0.533242 0.431852
vt 0.533242 0.403797
vt 0.518598 0.403797
vt 0.518598 0.407425
vt 0.514747 0.412685
vt 0.517352 0.412685
vt 0.518598 0.431852
vt 0.518598 0.433117
vt 0.518598 0.461172
vt 0.518598 0.462436
vt 0.513960 0.420216
vt 0.513960 0.418235
vt 0.984581 0.643446
vt 0.984581 0.543073
vt 0.987186 0.543073
vt 0.987186 0.643446
vt 0.011869 0.952542
vt 0.011869 0.852170
vt 0.015515 0.852170
vt 0.015515 0.952542
vt 0.992967 0.855814
vt 0.992967 0.755441
vt 0.995571 0.755441
vt 0.995571 0.855814
vt 0.690408 0.957766
vt 0.690408 0.857394
vt 0.694054 0.857394
vt 0.694054 0.957766
vt 0.150437 0.693140
vt 0.150437 0.696805
vt 0.147833 0.696805
vt 0.147833 0.693140
vt 0.984581 0.749630
vt 0.984581 0.649257
vt 0.987186 0.649257
vt 0.987186 0.749630
vt 0.270491 0.951965
vt 0.270491 0.851592
vt 0.274137 0.851592
vt 0.274137 0.951965
vt 0.992967 0.749630
vt 0.992967 0.649257
vt 0.995571 0.649257
vt 0.995571 0.749630
vt 0.282471 0.951965
vt 0.282471 0.851592
vt 0.286117 0.851592
vt 0.286117 0.951965
vt 0.647931 0.511790
vt 0.647931 0.515455
vt 0.645326 0.515455
vt 0.645326 0.511790
vt 0.648571 0.985881
vt 0.648571 0.885509
vt 0.651176 0.885509
vt 0.651176 0.985881
vt 0.948136 0.200474
vt 0.948136 0.100101
vt 0.951782 0.100101
vt 0.951782 0.200474
vt 0.673526 0.997559
vt 0.673526 0.897186
vt 0.676130 0.897186
vt 0.676130 0.997559
vt 0.699836 0.957766
vt 0.699836 0.857394
vt 0.703482 0.857394
vt 0.703482 0.957766
vt 0.364555 0.688198
vt 0.364554 0.691863
vt 0.361950 0.691863
vt 0.361950 0.688198
vt 0.610428 0.985543
vt 0.610428 0.885171
vt 0.613032 0.885171
vt 0.613032 0.985543
vt 0.291898 0.951965
vt 0.291898 0.851592
vt 0.295544 0.851592
vt 0.295544 0.951965
vt 0.940569 0.993624
vt 0.940569 0.893252
vt 0.943174 0.893252
vt 0.943174 0.993624
vt 0.303878 0.951965
vt 0.303878 0.851592
vt 0.307524 0.851592
vt 0.307524 0.951965
vt 0.637365 0.337490
vt 0.637365 0.341155
vt 0.634760 0.341155
vt 0.634760 0.337490
vt 0.984581 0.855814
vt 0.984581 0.755441
vt 0.987186 0.755441
vt 0.987186 0.855814
vt 0.313305 0.951965
vt 0.313305 0.851592
vt 0.316951 0.851592
vt 0.316951 0.951965
vt 0.994954 0.377656
vt 0.994954 0.277284
vt 0.997559 0.277284
vt 0.997559 0.377656
vt 0.080450 0.952541
vt 0.080450 0.852169
vt 0.084096 0.852169
vt 0.084096 0.952541
vt 0.662522 0.384872
vt 0.662522 0.388537
vt 0.659917 0.388537
vt 0.659917 0.384872
vt 0.984581 0.961997
vt 0.984581 0.861625
vt 0.987186 0.861625
vt 0.987186 0.961997
vt 0.949997 0.855814
vt 0.949997 0.755441
vt 0.953643 0.755441
vt 0.953643 0.855814
vt 0.992967 0.961997
vt 0.992967 0.861625
vt 0.995571 0.861625
vt 0.995571 0.961997
vt 0.439874 0.959706
vt 0.439874 0.859334
vt 0.443520 0.859334
vt 0.443520 0.959706
vt 0.150437 0.702616
vt 0.150437 0.706281
vt 0.147833 0.706281
vt 0.147833 0.702616
vt 0.327316 0.988357
vt 0.327316 0.887984
vt 0.329921 0.887984
vt 0.329921 0.988357
vt 0.089877 0.952541
vt 0.089877 0.852169
vt 0.093523 0.852169
vt 0.093523 0.952541
vt 0.681911 0.997559
vt 0.681911 0.897186
vt 0.684515 0.897186
vt 0.684515 0.997559
vt 0.099304 0.952541
vt 0.099304 0.852169
vt 0.102950 0.852169
vt 0.102950 0.952541
vt 0.637365 0.356443
vt 0.637365 0.360108
vt 0.634760 0.360108
vt 0.634760 0.356443
vt 0.622046 0.985618
vt 0.622046 0.885246
vt 0.624650 0.885246
vt 0.624650 0.985618
vt 0.378595 0.960249
vt 0.378595 0.859876
vt 0.382241 0.859876
vt 0.382241 0.960249
vt 0.959424 0.893252
vt 0.962029 0.893252
vt 0.962029 0.993624
vt 0.959424 0.993624
vt 0.388022 0.960249
vt 0.388022 0.859876
vt 0.391668 0.859876
vt 0.391668 0.960249
vt 0.664070 0.194533
vt 0.664070 0.198198
vt 0.661466 0.198198
vt 0.661466 0.194533
vt 0.982720 0.200474
vt 0.982720 0.100101
vt 0.985325 0.100101
vt 0.985325 0.200474
vt 0.709263 0.957766
vt 0.709263 0.857394
vt 0.712909 0.857394
vt 0.712909 0.957766
vt 0.991106 0.200474
vt 0.991106 0.100101
vt 0.993710 0.100101
vt 0.993710 0.200474
vt 0.718691 0.957766
vt 0.718691 0.857394
vt 0.722337 0.857394
vt 0.722337 0.957766
vt 0.654136 0.384872
vt 0.654136 0.388537
vt 0.651532 0.388537
vt 0.651532 0.384872
vt 0.630431 0.985618
vt 0.630431 0.885246
vt 0.633036 0.885246
vt 0.633036 0.985618
vt 0.480098 0.945188
vt 0.480098 0.844815
vt 0.483744 0.844815
vt 0.483744 0.945188
vt 0.992967 0.643446
vt 0.992967 0.543073
vt 0.995571 0.543073
vt 0.995571 0.643446
vt 0.036133 0.951966
vt 0.036133 0.851594
vt 0.039779 0.851594
vt 0.039779 0.951966
vt 0.464465 0.191499
vt 0.464465 0.195164
vt 0.461861 0.195164
vt 0.461861 0.191499
vt 0.508341 0.985881
vt 0.508341 0.885509
vt 0.510945 0.885509
vt 0.510945 0.985881
vt 0.045561 0.951966
vt 0.045561 0.851594
vt 0.049207 0.851594
vt 0.049207 0.951966
vt 0.992967 0.537262
vt 0.992967 0.436889
vt 0.995571 0.436889
vt 0.995571 0.537262
vt 0.057540 0.951966
vt 0.057540 0.851594
vt 0.061186 0.851594
vt 0.061186 0.951966
vt 0.472851 0.191499
vt 0.472851 0.195164
vt 0.470246 0.195164
vt 0.470246 0.191499
vt 0.566190 0.985543
vt 0.566190 0.885171
vt 0.568794 0.885171
vt 0.568794 0.985543
vt 0.757792 0.957190
vt 0.757792 0.856817
vt 0.761438 0.856817
vt 0.761438 0.957190
vt 0.902860 0.993624
vt 0.902860 0.893252
vt 0.905464 0.893252
vt 0.905464 0.993624
vt 0.767219 0.957190
vt 0.767219 0.856817
vt 0.770865 0.856817
vt 0.770865 0.957190
vt 0.498008 0.191499
vt 0.498008 0.195164
vt 0.495404 0.195164
vt 0.495404 0.191499
vt 0.574576 0.985543
vt 0.574576 0.885171
vt 0.577180 0.885171
vt 0.577180 0.985543
vt 0.776647 0.957190
vt 0.776647 0.856817
vt 0.780293 0.856817
vt 0.780293 0.957190
vt 0.912287 0.993624
vt 0.912287 0.893252
vt 0.914891 0.893252
vt 0.914891 0.993624
vt 0.786074 0.957190
vt 0.786074 0.856817
vt 0.789720 0.856817
vt 0.789720 0.957190
vt 0.506394 0.191499
vt 0.506394 0.195164
vt 0.503789 0.195164
vt 0.503789 0.191499
vt 0.582961 0.985543
vt 0.582961 0.885171
vt 0.585566 0.885171
vt 0.585566 0.985543
vt 0.066968 0.951966
vt 0.066968 0.851594
vt 0.070614 0.851594
vt 0.070614 0.951966
vt 0.967810 0.993624
vt 0.967810 0.893252
vt 0.970414 0.893252
vt 0.970414 0.993624
vt 0.108732 0.952541
vt 0.108732 0.852169
vt 0.112378 0.852169
vt 0.112378 0.952541
vt 0.523165 0.191499
vt 0.523165 0.195164
vt 0.520561 0.195164
vt 0.520561 0.191499
vt 0.591347 0.985543
vt 0.591347 0.885171
vt 0.593952 0.885171
vt 0.593952 0.985543
vt 0.728118 0.957766
vt 0.728118 0.857394
vt 0.731764 0.857394
vt 0.731764 0.957766
vt 0.976196 0.993624
vt 0.976196 0.893252
vt 0.978800 0.893252
vt 0.978800 0.993624
vt 0.737546 0.957766
vt 0.737546 0.857394
vt 0.741192 0.857394
vt 0.741192 0.957766
vt 0.655684 0.194534
vt 0.655684 0.198198
vt 0.653080 0.198198
vt 0.653080 0.194534
vt 0.516727 0.985881
vt 0.516727 0.885509
vt 0.519331 0.885509
vt 0.519331 0.985881
vt 0.261063 0.851592
vt 0.264709 0.851592
vt 0.264709 0.951965
vt 0.261063 0.951965
vt 0.921715 0.993624
vt 0.921715 0.893252
vt 0.924319 0.893252
vt 0.924319 0.993624
vt 0.118159 0.952541
vt 0.118159 0.852169
vt 0.121805 0.852169
vt 0.121805 0.952541
vt 0.531551 0.191499
vt 0.531551 0.195164
vt 0.528947 0.195164
vt 0.528947 0.191499
vt 0.984581 0.537262
vt 0.984581 0.436889
vt 0.987186 0.436889
vt 0.987186 0.537262
vt 0.746973 0.957766
vt 0.746973 0.857394
vt 0.750619 0.857394
vt 0.750619 0.957766
vt 0.931142 0.993624
vt 0.931142 0.893252
vt 0.933746 0.893252
vt 0.933746 0.993624
vt 0.949997 0.537262
vt 0.949997 0.436889
vt 0.953643 0.436889
vt 0.953643 0.537262
vt 0.656317 0.511790
vt 0.656317 0.515455
vt 0.653712 0.515455
vt 0.653712 0.511790
vt 0.602042 0.985543
vt 0.602042 0.885171
vt 0.604647 0.885171
vt 0.604647 0.985543
vt 0.949997 0.643446
vt 0.949997 0.543073
vt 0.953643 0.543073
vt 0.953643 0.643446
vt 0.986569 0.377656
vt 0.986569 0.277284
vt 0.989173 0.277284
vt 0.989173 0.377656
vt 0.949997 0.749630
vt 0.949997 0.649257
vt 0.953643 0.649257
vt 0.953643 0.749630
vt 0.637365 0.346967
vt 0.637365 0.350631
vt 0.634760 0.350631
vt 0.634760 0.346967
vt 0.640186 0.985881
vt 0.640186 0.885509
vt 0.642790 0.885509
vt 0.642790 0.985881
vt 0.127587 0.952541
vt 0.127587 0.852169
vt 0.131233 0.852169
vt 0.131233 0.952541
vt 0.665140 0.997559
vt 0.665140 0.897186
vt 0.667744 0.897186
vt 0.667744 0.997559
vt 0.002441 0.952542
vt 0.002441 0.852170
vt 0.006087 0.852170
vt 0.006087 0.952542
vt 0.514779 0.191499
vt 0.514779 0.195164
vt 0.512175 0.195164
vt 0.512175 0.191499
vt 0.560693 0.727293
vt 0.560895 0.727293
vt 0.560895 0.800742
vt 0.542033 0.800742
vt 0.542033 0.727293
vt 0.560147 0.727293
vt 0.634404 0.800742
vt 0.629610 0.800742
vt 0.629610 0.727293
vt 0.634404 0.727293
vt 0.449950 0.780074
vt 0.449950 0.853522
vt 0.439874 0.853522
vt 0.439874 0.780074
vt 0.619968 0.800742
vt 0.615753 0.800742
vt 0.615753 0.727293
vt 0.619968 0.727293
vt 0.372231 0.661915
vt 0.361950 0.661915
vt 0.361950 0.588466
vt 0.372231 0.588466
vt 0.809620 0.250372
vt 0.812639 0.254608
vt 0.812842 0.264300
vt 0.809417 0.269120
vt 0.799341 0.269080
vt 0.799341 0.250120
vt 0.585539 0.727293
vt 0.585539 0.800742
vt 0.566676 0.800742
vt 0.566676 0.727293
vt 0.609972 0.800742
vt 0.605177 0.800742
vt 0.605177 0.727293
vt 0.609972 0.727293
vt 0.369574 0.785264
vt 0.369574 0.858713
vt 0.359498 0.858713
vt 0.359498 0.785264
vt 0.595535 0.800742
vt 0.591320 0.800742
vt 0.591320 0.727293
vt 0.595535 0.727293
vt 0.501192 0.741039
vt 0.490911 0.741039
vt 0.490911 0.667590
vt 0.501192 0.667590
vt 0.803865 0.082496
vt 0.806884 0.086732
vt 0.807087 0.096424
vt 0.803662 0.101244
vt 0.793586 0.101204
vt 0.793586 0.082244
vt 0.883648 0.191712
vt 0.873490 0.191712
vt 0.873490 0.118831
vt 0.883648 0.118831
vt 0.888539 0.277284
vt 0.888539 0.350165
vt 0.879722 0.350165
vt 0.879722 0.277284
vt 0.632204 0.806553
vt 0.632204 0.879434
vt 0.622046 0.879434
vt 0.622046 0.806553
vt 0.888539 0.429967
vt 0.879722 0.429967
vt 0.879722 0.357087
vt 0.888539 0.357087
vt 0.378607 0.201710
vt 0.378607 0.191499
vt 0.387423 0.191499
vt 0.387423 0.201710
vt 0.679362 0.818569
vt 0.679362 0.891375
vt 0.665140 0.891375
vt 0.665140 0.818569
vt 0.451145 0.700847
vt 0.451145 0.773653
vt 0.444848 0.773653
vt 0.444848 0.700847
vt 0.887289 0.271440
vt 0.873067 0.271440
vt 0.873067 0.198634
vt 0.887289 0.198634
vt 0.944210 0.075247
vt 0.937912 0.075247
vt 0.937912 0.002441
vt 0.944210 0.002441
vt 0.846491 0.216254
vt 0.846491 0.230549
vt 0.840193 0.230549
vt 0.840193 0.216254
vt 0.576258 0.806553
vt 0.576258 0.879359
vt 0.562036 0.879359
vt 0.562036 0.806553
vt 0.907973 0.002441
vt 0.907973 0.075247
vt 0.901676 0.075247
vt 0.901676 0.002441
vt 0.596261 0.879359
vt 0.582039 0.879359
vt 0.582039 0.806553
vt 0.596261 0.806553
vt 0.203695 0.956093
vt 0.197397 0.956093
vt 0.197397 0.883288
vt 0.203695 0.883288
vt 0.900617 0.395237
vt 0.900617 0.409532
vt 0.894320 0.409532
vt 0.894320 0.395237
vt 0.616264 0.806553
vt 0.616264 0.879359
vt 0.602042 0.879359
vt 0.602042 0.806553
vt 0.920052 0.002441
vt 0.920052 0.075247
vt 0.913755 0.075247
vt 0.913755 0.002441
vt 0.884326 0.075247
vt 0.870104 0.075247
vt 0.870104 0.002441
vt 0.884326 0.002441
vt 0.548330 0.957976
vt 0.542033 0.957976
vt 0.542033 0.885170
vt 0.548330 0.885170
vt 0.912696 0.395237
vt 0.912696 0.409532
vt 0.906399 0.409532
vt 0.906399 0.395237
vt 0.867286 0.198634
vt 0.867286 0.271440
vt 0.853064 0.271440
vt 0.853064 0.198634
vt 0.932131 0.002441
vt 0.932131 0.075247
vt 0.925834 0.075247
vt 0.925834 0.002441
vt 0.556255 0.879359
vt 0.542033 0.879359
vt 0.542033 0.806553
vt 0.556255 0.806553
vt 0.559165 0.885170
vt 0.560409 0.885170
vt 0.560409 0.957976
vt 0.554111 0.957976
vt 0.554111 0.885170
vt 0.198447 0.686533
vt 0.198447 0.700829
vt 0.192150 0.700829
vt 0.192150 0.686533
vt 0.785202 0.002441
vt 0.785202 0.075856
vt 0.757857 0.075856
vt 0.757857 0.002441
vt 0.658734 0.647491
vt 0.658734 0.720906
vt 0.643108 0.720906
vt 0.643108 0.647491
vt 0.793559 0.192246
vt 0.766214 0.192246
vt 0.766214 0.118831
vt 0.793559 0.118831
vt 0.319503 0.845781
vt 0.303878 0.845781
vt 0.303878 0.772366
vt 0.319503 0.772366
vt 0.628979 0.361312
vt 0.628979 0.388799
vt 0.613353 0.388799
vt 0.613353 0.361312
vt 0.063478 0.693141
vt 0.063478 0.766556
vt 0.036133 0.766556
vt 0.036133 0.693141
vt 0.051759 0.772367
vt 0.051759 0.845782
vt 0.036133 0.845782
vt 0.036133 0.772367
vt 0.366417 0.779453
vt 0.339072 0.779453
vt 0.339072 0.706038
vt 0.366417 0.706038
vt 0.096075 0.846357
vt 0.080450 0.846357
vt 0.080450 0.772942
vt 0.096075 0.772942
vt 0.607572 0.328014
vt 0.607572 0.355501
vt 0.591946 0.355501
vt 0.591946 0.328014
vt 0.288409 0.693140
vt 0.288409 0.766555
vt 0.261063 0.766555
vt 0.261063 0.693140
vt 0.073166 0.772367
vt 0.073166 0.845782
vt 0.057540 0.845782
vt 0.057540 0.772367
vt 0.321535 0.766555
vt 0.294190 0.766555
vt 0.294190 0.693140
vt 0.321535 0.693140
vt 0.117482 0.846357
vt 0.101857 0.846357
vt 0.101857 0.772942
vt 0.117482 0.772942
vt 0.628979 0.328014
vt 0.628979 0.355501
vt 0.613353 0.355501
vt 0.613353 0.328014
vt 0.405940 0.700847
vt 0.405940 0.774262
vt 0.378595 0.774262
vt 0.378595 0.700847
vt 0.276689 0.772366
vt 0.276689 0.845781
vt 0.261063 0.845781
vt 0.261063 0.772366
vt 0.439066 0.774262
vt 0.411721 0.774262
vt 0.411721 0.700847
vt 0.439066 0.700847
vt 0.138889 0.846357
vt 0.123264 0.846357
vt 0.123264 0.772942
vt 0.138889 0.772942
vt 0.607572 0.361312
vt 0.607572 0.388799
vt 0.591946 0.388799
vt 0.591946 0.361312
vt 0.793559 0.198058
vt 0.793559 0.271473
vt 0.766214 0.271473
vt 0.766214 0.198058
vt 0.282634 0.772366
vt 0.298096 0.772366
vt 0.298096 0.845781
vt 0.282471 0.845781
vt 0.282471 0.772366
vt 0.784960 0.680169
vt 0.785137 0.680169
vt 0.785137 0.753584
vt 0.757792 0.753584
vt 0.757792 0.680169
vt 0.018067 0.846358
vt 0.002441 0.846358
vt 0.002441 0.772944
vt 0.018067 0.772944
vt 0.706099 0.082244
vt 0.706099 0.109731
vt 0.690473 0.109731
vt 0.690473 0.082244
vt 0.219714 0.725073
vt 0.221334 0.725073
vt 0.221334 0.797674
vt 0.197397 0.797674
vt 0.197397 0.725073
vt 0.566686 0.120013
vt 0.638913 0.120013
vt 0.638913 0.199842
vt 0.566686 0.199842
vt 0.152676 0.607501
vt 0.152676 0.687328
vt 0.080450 0.687328
vt 0.080450 0.607501
vt 0.790150 0.357113
vt 0.766214 0.357113
vt 0.766214 0.277284
vt 0.790150 0.277284
vt 0.682237 0.812758
vt 0.665140 0.812758
vt 0.665140 0.740156
vt 0.682237 0.740156
vt 0.508341 0.529919
vt 0.580568 0.529919
vt 0.580568 0.641679
vt 0.508341 0.641679
vt 0.657283 0.727293
vt 0.657283 0.799895
vt 0.640186 0.799895
vt 0.640186 0.727293
vt 0.566677 0.317901
vt 0.566677 0.210442
vt 0.638904 0.210442
vt 0.638904 0.322203
vt 0.566677 0.322203
vt 0.339072 0.588466
vt 0.356169 0.588466
vt 0.356169 0.700227
vt 0.339072 0.700227
vt 0.474317 0.819994
vt 0.457220 0.819994
vt 0.457220 0.747393
vt 0.474317 0.747393
vt 0.566686 0.004242
vt 0.566686 0.002441
vt 0.638913 0.002441
vt 0.638913 0.114202
vt 0.566686 0.114202
vt 0.566686 0.112336
vt 0.808081 0.002441
vt 0.808081 0.075043
vt 0.790983 0.075043
vt 0.790983 0.002441
vt 0.586349 0.529919
vt 0.658576 0.529919
vt 0.658576 0.641679
vt 0.586349 0.641679
vt 0.204236 0.607501
vt 0.221333 0.607501
vt 0.221333 0.719261
vt 0.204236 0.719261
vt 0.510310 0.727293
vt 0.532277 0.727293
vt 0.532277 0.799895
vt 0.508341 0.799895
vt 0.508341 0.727293
vt 0.002441 0.607501
vt 0.074668 0.607501
vt 0.074668 0.687330
vt 0.002441 0.687330
vt 0.333290 0.607501
vt 0.333290 0.687328
vt 0.261063 0.687328
vt 0.261063 0.607501
vt 0.790150 0.442753
vt 0.766214 0.442753
vt 0.766214 0.362924
vt 0.790150 0.362924
vt 0.653485 0.114731
vt 0.672605 0.114731
vt 0.672605 0.188722
vt 0.644694 0.188722
vt 0.644694 0.114731
vt 0.649839 0.114731
vt 0.393240 0.780074
vt 0.393240 0.854065
vt 0.378595 0.854065
vt 0.378595 0.780074
vt 0.255282 0.681492
vt 0.227372 0.681492
vt 0.227372 0.607501
vt 0.255282 0.607501
vt 0.873941 0.431078
vt 0.859296 0.431078
vt 0.859296 0.357087
vt 0.873941 0.357087
vt 0.726526 0.082244
vt 0.726526 0.110299
vt 0.711881 0.110299
vt 0.711881 0.082244
vt 0.536251 0.647491
vt 0.536251 0.721482
vt 0.508341 0.721482
vt 0.508341 0.647491
vt 0.864322 0.002441
vt 0.864322 0.076433
vt 0.849678 0.076433
vt 0.849678 0.002441
vt 0.569943 0.647491
vt 0.569943 0.721482
vt 0.542033 0.721482
vt 0.542033 0.647491
vt 0.566334 0.647491
vt 0.873941 0.750288
vt 0.859296 0.750288
vt 0.859296 0.676297
vt 0.873941 0.676297
vt 0.767378 0.082244
vt 0.767378 0.110299
vt 0.752733 0.110299
vt 0.752733 0.082244
vt 0.603635 0.647491
vt 0.603635 0.721482
vt 0.575724 0.721482
vt 0.575724 0.647491
vt 0.867709 0.118831
vt 0.867709 0.192823
vt 0.853064 0.192823
vt 0.853064 0.118831
vt 0.637326 0.721482
vt 0.609416 0.721482
vt 0.609416 0.647491
vt 0.637326 0.647491
vt 0.873941 0.830091
vt 0.859296 0.830091
vt 0.859296 0.756100
vt 0.873941 0.756100
vt 0.787804 0.082244
vt 0.787804 0.110299
vt 0.773159 0.110299
vt 0.773160 0.082244
vt 0.752010 0.680169
vt 0.752010 0.754160
vt 0.724100 0.754160
vt 0.724100 0.680169
vt 0.212042 0.803485
vt 0.212042 0.877476
vt 0.197397 0.877476
vt 0.197397 0.803485
vt 0.752075 0.076433
vt 0.724165 0.076433
vt 0.724165 0.002441
vt 0.752075 0.002441
vt 0.522986 0.879697
vt 0.508341 0.879697
vt 0.508341 0.805706
vt 0.522986 0.805706
vt 0.864322 0.082244
vt 0.864322 0.110299
vt 0.849678 0.110299
vt 0.849678 0.082244
vt 0.718319 0.680169
vt 0.718319 0.754160
vt 0.690408 0.754160
vt 0.690408 0.680169
vt 0.873941 0.277284
vt 0.873941 0.351275
vt 0.859296 0.351275
vt 0.859296 0.277284
vt 0.186368 0.686533
vt 0.186368 0.760525
vt 0.158458 0.760525
vt 0.158458 0.686533
vt 0.184970 0.686533
vt 0.654830 0.879697
vt 0.640186 0.879697
vt 0.640186 0.805706
vt 0.654830 0.805706
vt 0.834412 0.216254
vt 0.834412 0.244309
vt 0.819767 0.244309
vt 0.819767 0.216254
vt 0.718384 0.002441
vt 0.718384 0.076433
vt 0.690473 0.076433
vt 0.690473 0.002441
vt 0.413666 0.780074
vt 0.413666 0.854065
vt 0.399021 0.854065
vt 0.399021 0.780074
vt 0.485130 0.741582
vt 0.457220 0.741582
vt 0.457220 0.667590
vt 0.485130 0.667590
vt 0.873941 0.510880
vt 0.859296 0.510880
vt 0.859296 0.436889
vt 0.873941 0.436889
vt 0.746952 0.082244
vt 0.746952 0.110299
vt 0.732307 0.110299
vt 0.732307 0.082244
vt 0.255282 0.687304
vt 0.255282 0.761295
vt 0.227372 0.761295
vt 0.227372 0.687304
vt 0.434092 0.780074
vt 0.434092 0.854065
vt 0.419447 0.854065
vt 0.419447 0.780074
vt 0.108360 0.767131
vt 0.080450 0.767131
vt 0.080450 0.693140
vt 0.108360 0.693140
vt 0.873941 0.590683
vt 0.859296 0.590683
vt 0.859296 0.516692
vt 0.873941 0.516692
vt 0.813986 0.216254
vt 0.813986 0.244309
vt 0.799341 0.244309
vt 0.799341 0.216254
vt 0.142052 0.693140
vt 0.142052 0.767131
vt 0.114141 0.767131
vt 0.114141 0.693140
vt 0.353716 0.785264
vt 0.353716 0.859256
vt 0.339072 0.859256
vt 0.339072 0.785264
vt 0.030352 0.767132
vt 0.002441 0.767132
vt 0.002441 0.693141
vt 0.030352 0.693141
vt 0.873941 0.670486
vt 0.859296 0.670486
vt 0.859296 0.596494
vt 0.873941 0.596494
vt 0.780859 0.637622
vt 0.780859 0.665677
vt 0.766214 0.665677
vt 0.766214 0.637622
vt 0.611784 0.399500
vt 0.684627 0.399500
vt 0.684627 0.505978
vt 0.611784 0.505978
vt 0.497217 0.588558
vt 0.497217 0.661779
vt 0.457220 0.661779
vt 0.457220 0.588558
vt 0.451438 0.588558
vt 0.451438 0.695036
vt 0.378595 0.695036
vt 0.378595 0.642429
vt 0.378595 0.641165
vt 0.378595 0.588558
vt 0.198455 0.680722
vt 0.158458 0.680722
vt 0.158458 0.607501
vt 0.198455 0.607501
vt 0.684692 0.002441
vt 0.684692 0.108920
vt 0.644694 0.108919
vt 0.644694 0.002441
vt 0.668622 0.302053
vt 0.668622 0.374654
vt 0.644686 0.374654
vt 0.644686 0.302053
vt 0.367271 0.510054
vt 0.367271 0.582655
vt 0.343335 0.582655
vt 0.343335 0.510054
s 0
usemtl UVFaceColor_UDIM_Material.037
f 17/1/1 72/2/1 119/3/1 110/4/1
f 110/5/2 119/6/2 142/7/2 135/8/2
f 135/9/3 142/10/3 130/11/3 123/12/3
f 123/13/4 130/14/4 72/15/4 17/16/4
f 540/17/5 546/18/5 549/19/5 537/20/5 553/21/5 530/22/5 533/23/5 526/24/5 558/25/5 511/26/5 517/27/5 505/28/5 522/29/5 494/30/5 499/31/5 489/32/5 481/33/5 454/34/5 461/35/5 466/36/5 451/37/5 472/38/5 439/39/5 445/40/5 434/41/5 478/42/5 406/43/5 420/44/5 393/45/5 427/46/5 373/47/5 381/48/5 358/49/5 339/50/5 345/51/5 299/52/5 314/53/5 290/54/5 326/55/5 263/56/5 277/57/5 252/58/5 333/59/5 218/60/5 228/61/5 198/62/5 242/63/5 172/64/5 183/65/5 110/66/5 135/67/5 611/68/5 602/69/5 615/70/5 594/71/5 597/72/5 590/73/5 620/74/5 577/75/5 582/76/5 574/77/5 586/78/5 565/79/5 570/80/5 562/81/5 542/82/5
f 745/83/5 681/84/5 682/85/5 690/86/5 686/87/5 707/88/5 695/89/5 702/90/5 698/91/5 740/92/5 710/93/5 719/94/5 714/95/5 736/96/5 723/97/5 733/98/5 728/99/5 727/100/5 748/101/5 747/102/5 751/103/5 758/104/5 754/105/5 774/106/5 763/107/5 770/108/5 767/109/5 808/110/5 778/111/5 785/112/5 781/113/5 803/114/5 790/115/5 799/116/5 796/117/5 794/118/5 811/119/5 813/120/5 821/121/5 818/122/5 838/123/5 825/124/5 833/125/5 830/126/5 871/127/5 842/128/5 850/129/5 846/130/5 869/131/5 853/132/5 866/133/5 123/134/5 17/135/5 628/136/5 632/137/5 635/138/5 643/139/5 640/140/5 647/141/5 652/142/5 659/143/5 655/144/5 674/145/5 663/146/5 670/147/5 666/148/5
f 815/149/5 811/119/5 794/118/5 797/150/5 802/151/5 791/152/5 805/153/5 783/154/5 787/155/5 780/156/5 810/157/5 768/158/5 772/159/5 764/160/5 777/161/5 757/162/5 760/163/5 753/164/5 747/102/5 748/101/5 731/165/5 734/166/5 724/167/5 738/168/5 717/169/5 720/170/5 713/171/5 743/172/5 701/173/5 704/174/5 697/175/5 708/176/5 688/177/5 693/178/5 684/179/5 682/85/5 681/84/5 668/180/5 672/181/5 664/182/5 676/183/5 656/184/5 660/185/5 653/186/5 678/187/5 641/188/5 645/189/5 638/190/5 650/191/5 630/192/5 633/193/5 626/194/5 622/195/5 624/196/5 628/136/5 17/135/5 110/66/5 183/65/5 160/197/5 152/198/5 154/199/5 179/200/5 166/201/5 236/202/5 194/203/5 224/204/5 207/205/5 327/206/5 245/207/5 268/208/5 256/209/5 315/210/5 279/211/5 305/212/5 292/213/5 345/51/5 339/50/5 356/214/5 377/215/5 368/216/5 426/217/5 387/218/5 411/219/5 399/220/5 476/221/5 432/222/5 444/223/5 438/224/5 470/225/5 450/226/5 463/227/5 457/228/5 454/34/5 481/33/5 485/229/5 498/230/5 492/231/5 519/232/5 504/233/5 515/234/5 510/235/5 556/236/5 523/237/5 531/238/5 528/239/5 551/240/5 536/241/5 547/242/5 544/243/5 540/17/5 542/82/5 560/244/5 567/245/5 563/246/5 584/247/5 571/248/5 579/249/5 575/250/5 618/251/5 587/252/5 596/253/5 592/254/5 613/255/5 600/256/5 609/257/5 605/258/5 604/259/5 607/260/5 611/68/5 135/67/5 123/134/5 866/133/5 861/261/5 857/262/5 859/263/5 863/264/5 856/265/5 867/266/5 848/267/5 852/268/5 844/269/5 873/270/5 832/271/5 836/272/5 827/273/5 840/274/5 820/275/5 824/276/5
f 1420/277/6 923/278/6 1422/279/6
f 2195/280/6 2194/281/6 1439/282/6 1445/283/6 1453/284/6 1514/285/6 1515/286/6 1517/287/6 1516/288/6 1520/289/6 1519/290/6 1518/291/6 1523/292/6 1522/293/6 1478/294/6 1468/295/6 1464/296/6 1458/297/6 1459/298/6 1463/299/6 1467/300/6 1477/301/6 1493/302/6 1521/303/6 1528/304/6 1525/305/6 1524/306/6 1527/307/6 1526/308/6 1494/309/6 1495/310/6 1485/311/6 1481/312/6 1482/313/6 142/314/6 119/315/6 1483/316/6 1484/317/6 1486/318/6 1496/319/6 1497/320/6 1498/321/6 1499/322/6 1501/323/6 1500/324/6 1504/325/6 1503/326/6 1502/327/6 1432/328/6 1425/329/6 1423/330/6 1419/331/6 1421/332/6 1424/333/6 1426/334/6 1431/335/6 1505/336/6 1508/337/6 1507/338/6 1506/339/6 1513/340/6 1509/341/6 1512/342/6 1510/343/6 1511/344/6 1452/345/6 1444/346/6 1438/347/6 1435/348/6 2193/349/6 2196/350/6
f 1428/351/6 970/352/6 1434/353/6 1433/354/6
f 1430/355/6 907/356/6 1427/357/6 1429/356/6
f 1437/358/6 1436/359/6 973/360/6 978/358/6 1441/361/6 1440/362/6
f 1442/363/6 1443/364/6 983/365/6 1000/366/6 1447/367/6 1446/366/6
f 1449/368/6 993/368/6 1455/368/6 1454/368/6
f 1451/369/6 953/369/6 1448/369/6 1450/369/6
f 1460/370/6 1025/371/6 1029/372/6 1466/373/6 1465/373/6 1461/374/6
f 1015/375/6 1457/376/6 1456/377/6 1462/378/6
f 1470/379/6 1469/379/6 1049/379/6 1472/379/6 1471/379/6
f 1473/380/6 1042/381/6 1480/382/6 1479/383/6
f 1474/384/5 1475/385/5 1476/384/5
f 897/386/6 1489/387/6 1490/386/6 1488/388/6
f 1053/389/6 1487/390/6 1491/389/6 1492/391/6
f 1013/392/6 1535/393/6 1534/392/6 1532/394/6
f 1541/395/6 1539/396/6 1010/395/6 1019/397/6 1546/398/6 1545/399/6
f 1548/400/6 1549/401/6 1007/402/6 1001/403/6 1022/404/6 991/405/6 995/406/6 988/407/6 998/408/6 981/409/6 985/410/6 976/411/6 973/360/6 1436/359/6 1557/412/6 1559/413/6 1563/414/6 1566/409/6 1569/415/6 1571/407/6 1573/416/6 1576/417/6 1649/418/6 1555/419/6 1551/402/6
f 959/420/6 963/421/6 956/422/6 966/423/6 948/424/6 952/425/6 946/426/6 969/427/6 936/428/6 939/429/6 933/430/6 943/431/6 927/432/6 930/433/6 925/434/6 923/278/6 1420/277/6 1581/277/6 1583/435/6 1587/433/6 1589/432/6 1593/436/6 1595/437/6 1597/438/6 1600/439/6 1644/427/6 1577/440/6 1574/425/6 1572/424/6 1570/441/6 1567/422/6 1564/442/6 1561/420/6 1558/443/6
f 2051/444/6 2052/445/6 2056/446/6 2055/447/6
f 2059/448/6 2060/449/6 2048/450/6 2047/451/6
f 2171/452/6 2172/453/6 2057/454/6 2053/455/6 1615/456/6 1611/457/6 1608/458/6 1609/459/6 1605/460/6 1606/461/6 1607/462/6 1483/316/6 119/315/6 2173/463/6
f 2063/464/6 1628/465/6 1632/466/6 2058/467/6
f 2077/468/6 2078/469/6 2075/470/6 2074/471/6
f 2084/472/6 2085/473/6 2077/468/6 2076/474/6 2073/475/6 1632/466/6 1641/476/6 1642/477/6 1653/478/6 1664/479/6 1670/480/6 1680/481/6 1681/482/6 1673/483/6 1672/484/6 1676/485/6 1675/486/6 1679/487/6 1682/488/6 1683/489/6 1684/490/6 1685/491/6 1687/492/6 1686/493/6 1690/494/6 2068/495/6 2097/496/6 2089/497/6 2092/498/6 2081/499/6
f 2079/500/6 2080/501/6 2078/469/6 2086/502/6
f 2095/503/6 2096/504/6 2091/505/6 2099/506/6
f 2087/507/6 2088/508/6 2083/509/6 2094/510/6
f 2108/511/6 2102/512/6 2103/513/6 2106/514/6 2113/515/6 2110/516/6 2120/517/6 2119/518/6 2118/519/6 1643/520/6 1638/521/6 1639/522/6 1640/523/6 1636/524/6 1601/525/6 1591/526/6 1585/527/6 1580/528/6 1421/332/6 1419/331/6 1579/529/6 1586/530/6 1592/531/6 1599/532/6 1637/533/6 1635/534/6 1633/535/6 1634/536/6 1631/537/6 2062/538/6 2107/539/6 2105/540/6 2067/541/6 2066/542/6 2104/543/6 2101/544/6
f 2134/545/6 2095/503/6 2070/546/6 2135/547/6
f 1765/548/6 1764/549/6 2138/550/6 2139/551/6
f 2142/552/6 2145/553/6 2141/554/6 2140/555/6
f 2086/502/6 2078/469/6 2077/468/6 2085/473/6 2082/556/6 2081/499/6 2092/498/6 2093/557/6 2090/558/6 2089/497/6 2097/496/6 2098/559/6 2071/560/6 2069/561/6 2068/495/6 1690/494/6 1688/562/6 1691/563/6 1692/564/6 1693/565/6 1694/566/6 1701/567/6 1702/568/6 1698/569/6 1697/570/6 2199/571/6 2197/572/6 2198/573/6 2200/574/6 1703/575/6 1704/576/6 1705/577/6 1706/578/6 1710/579/6 1712/580/6 1717/581/6 1722/582/6 1723/583/6 1724/584/6 1728/585/6 1739/586/6 1738/587/6 1742/588/6 1740/589/6 1731/590/6 1735/591/6 1734/592/6 1732/593/6 1741/594/6 1743/595/6 1744/596/6 1745/597/6 1746/598/6 1750/599/6 1769/600/6 1771/601/6 2152/602/6 2150/603/6 2151/604/6 97/605/6 2135/547/6 2070/546/6 2072/606/6 2099/506/6 2091/505/6 2094/510/6 2083/509/6
f 2137/607/6 2138/550/6 1764/549/6 1763/608/6 1762/609/6 1753/610/6 1752/611/6 130/612/6 142/314/6 2129/613/6 2128/614/6 2159/615/6 2162/616/6 2163/617/6 2164/618/6 2166/619/6 2156/620/6 2155/621/6 2165/622/6 2161/623/6 2170/624/6 2169/625/6 2160/626/6 2154/627/6 2167/628/6 2144/629/6 2136/630/6 2148/631/6 2145/553/6 2142/552/6 2147/632/6 2146/633/6 2149/634/6
f 2192/635/6 2188/636/6 2177/637/6 2176/638/6
f 2179/639/6 2178/640/6 2189/641/6 2187/642/6
f 2183/643/6 2184/644/6 2181/645/6 2180/646/6
f 2175/647/6 2174/648/6 2190/649/6 2191/650/6
f 2127/651/6 1774/652/6 1714/653/6 1709/654/6 2121/655/6 2124/656/6 2125/657/6 2122/658/6 2123/659/6 1708/660/6 2133/661/6 2132/662/6 2131/663/6 2130/664/6 1655/665/6 1654/666/6 1650/667/6 1651/668/6 1648/669/6 1575/670/6 1565/671/6 1560/672/6 2202/673/6 2203/674/6 2204/675/6 2193/349/6 1435/348/6 1556/676/6 1562/677/6 1568/678/6 1578/679/6 1647/680/6 1652/681/6 1646/682/6 1645/683/6 1643/520/6 2118/519/6 2117/684/6 2116/685/6 2119/518/6 2120/517/6 2115/686/6 2111/687/6 2110/516/6 2113/515/6 2112/688/6 2103/513/6 2102/512/6 2114/689/6 2109/690/6 2108/511/6 2101/544/6 2065/691/6 2066/542/6 2067/541/6 2064/692/6 2062/538/6 1631/537/6 1627/693/6 1619/694/6 1615/456/6 2053/455/6 2052/445/6 2051/444/6 2049/695/6 2054/696/6 2055/447/6 2056/446/6 2057/454/6 2172/453/6 2184/644/6 2213/697/6 2201/698/6 2212/699/6 2214/700/6 2211/701/6 2210/702/6 2190/649/6 2185/703/6 2186/704/6 2174/648/6 2175/647/6 2176/638/6 2177/637/6 2178/640/6 2179/639/6 2180/646/6 2181/645/6 2182/705/6 2173/463/6 119/315/6 72/706/6 1603/707/6 1604/708/6 1610/709/6 1617/710/6 1621/711/6 1622/712/6 1623/713/6 1624/714/6 1625/715/6 1628/465/6 2063/464/6 2046/716/6 2047/451/6 2048/450/6 2050/717/6 2061/718/6 2060/449/6 2059/448/6 2058/467/6 1632/466/6 2073/475/6 2074/471/6 2075/470/6 2100/719/6 2080/501/6 2079/500/6 2088/508/6 2087/507/6 2096/504/6 2095/503/6 2134/545/6 25/720/6 80/721/6 117/722/6 97/605/6 2151/604/6 2153/723/6 2152/602/6 1771/601/6 1773/724/6 1775/725/6 1766/726/6 1760/727/6 1765/548/6 2139/551/6 2140/555/6 2141/554/6 2143/728/6 2206/729/6 2205/730/6 2207/731/6 2208/732/6 2209/733/6 2158/734/6 2159/615/6 2128/614/6 2126/735/6
f 2158/734/6 2209/733/6 2206/729/6 2143/728/6 2144/629/6 2167/628/6 2168/736/6 2169/625/6 2170/624/6 2155/621/6 2156/620/6 2157/737/6 2164/618/6 2163/617/6
f 2213/697/6 2184/644/6 2183/643/6 2187/642/6 2189/641/6 2188/636/6 2192/635/6 2191/650/6 2190/649/6 2210/702/6
f 2121/655/6 1709/654/6 1708/660/6 2123/659/6
f 1774/652/6 2127/651/6 2129/613/6 142/314/6 1482/313/6 1751/738/6 1756/739/6 1757/740/6 1755/741/6 1754/742/6 1761/743/6
f 1458/297/6 1529/297/6 1537/744/6 1543/745/6 1552/746/6 1661/747/6 1660/748/6 1657/749/6 1656/750/6 1655/665/6 2130/664/6 2133/661/6 1708/660/6 1689/751/6 1662/752/6 1658/753/6 1659/754/6 1554/755/6 1542/756/6 1536/757/6 1530/298/6 1459/298/6
f 1582/758/6 912/759/6 914/760/6 909/761/6 918/762/6 902/763/6 905/764/6 899/765/6 920/766/6 888/767/6 891/768/6 886/769/6 894/770/6 879/771/6 883/772/6 876/773/6 1612/774/6 1613/773/6 1614/772/6 1616/771/6 1618/775/6 1620/776/6 1626/768/6 1629/767/6 1630/777/6 1602/765/6 1598/764/6 1596/778/6 1594/779/6 1590/761/6 1588/760/6 1584/759/6
f 1669/780/6 1668/780/6 1057/781/6 1051/782/6 1071/783/6 1041/784/6 1044/785/6 1037/786/6 1048/787/6 1032/788/6 1035/789/6 1028/790/6 1025/371/6 1460/370/6 1531/370/6 1533/790/6 1538/791/6 1540/788/6 1544/787/6 1547/792/6 1550/793/6 1553/784/6 1663/783/6 1665/794/6 1666/795/6
f 1677/796/6 1130/796/6 1136/797/6
f 1696/798/6 1190/798/6 1194/799/6 1202/800/6 1198/801/6 1216/802/6 1716/803/6 1715/803/6 1713/804/6 1711/805/6 1707/800/6 1700/806/6
f 1718/807/5 1719/807/5 1209/807/5 1720/807/5 1721/807/5
f 1226/808/6 1727/809/6 1726/808/6 1725/810/6
f 1233/811/6 1730/812/6 1736/811/6 1729/813/6
f 1733/814/6 1229/815/6 1243/816/6 1251/817/6 1246/818/6 1266/819/6 1255/820/6 1759/821/6 1758/822/6 1749/819/6 1748/818/6 1747/817/6 1737/816/6
f 1768/823/6 1767/823/6 1259/823/6 1772/823/6 1770/823/6
f 2216/824/6 2199/571/6 1697/570/6 1799/825/6 1805/826/6 1813/827/6 1876/828/6 1875/829/6 1874/830/6 1872/831/6 1871/832/6 1870/833/6 1873/834/6 1867/835/6 1866/836/6 1828/837/6 1822/838/6 1818/839/6 1676/485/6 1672/484/6 1820/840/6 1824/841/6 1831/842/6 1843/843/6 1868/844/6 1865/845/6 1869/846/6 1863/847/6 1864/848/6 1862/849/6 1842/850/6 1841/851/6 1836/852/6 1834/853/6 1603/707/6 72/706/6 130/612/6 1752/611/6 1835/854/6 1837/855/6 1856/856/6 1857/857/6 1855/858/6 1854/859/6 1858/860/6 1853/861/6 1859/862/6 1860/863/6 1861/864/6 1792/865/6 1786/866/6 1779/867/6 1734/592/6 1735/591/6 1781/868/6 1788/869/6 1793/870/6 1851/871/6 1850/872/6 1852/873/6 1849/874/6 1848/875/6 1847/876/6 1846/877/6 1844/878/6 1845/879/6 1810/880/6 1804/881/6 1798/882/6 2215/883/6 2217/884/6
f 1230/885/6 1780/886/6 1776/885/6 1777/887/6
f 1223/888/6 1787/889/6 1783/888/6 1784/890/6
f 1256/891/6 1261/892/6 1253/893/6 1263/894/6 1244/895/6 1249/896/6 1240/897/6 1229/815/6 1733/814/6 1778/897/6 1782/896/6 1785/898/6 1789/894/6 1790/899/6 1791/900/6 1794/891/6 1796/901/6 1795/901/6
f 1207/902/6 1210/903/6 1204/904/6 1214/905/6 1196/906/6 1199/907/6 1192/908/6 1190/798/6 1696/798/6 1797/909/6 1801/907/6 1803/906/6 1806/905/6 1807/904/6 1809/903/6 1812/902/6 1816/910/6 1814/910/6
f 1130/796/6 1677/796/6 1134/911/6
f 1276/912/7 678/913/7 653/914/7 1277/915/7
f 1277/915/7 1103/916/7 1129/917/7 1276/912/7
f 1277/915/8 653/914/8 660/918/8 1877/919/8
f 1877/919/9 660/918/9 656/920/9 1279/921/9
f 656/922/10 676/923/10 1280/924/10 1279/925/10
f 1280/924/11 676/923/11 664/926/11 1281/927/11
f 2031/928/11 1667/929/11 1124/930/11 1280/924/11 1281/927/11 1112/931/11
f 1667/929/11 2031/928/11 1112/931/11
f 1281/927/12 664/926/12 672/932/12 1282/933/12
f 1671/934/12 2039/935/12 1121/936/12
f 2039/935/12 1671/934/12 1112/931/12 1281/927/12 1282/933/12 1121/936/12
f 1282/933/13 672/932/13 668/937/13 1283/938/13
f 1678/939/13 2036/940/13 1117/941/13
f 2036/940/13 1678/939/13 1121/936/13 1282/933/13 1283/938/13 1117/941/13
f 1283/938/14 668/937/14 681/942/14 1284/943/14
f 1674/944/14 2043/945/14 1132/946/14
f 2043/945/14 1674/944/14 1117/941/14 1283/938/14 1284/943/14 1132/946/14
f 1284/943/15 681/942/15 745/947/15 1285/948/15
f 2026/949/15 1817/950/15 1132/946/15 1284/943/15 1285/948/15 1114/951/15
f 1817/950/15 2026/949/15 1114/951/15
f 1285/948/16 745/947/16 666/952/16 1286/953/16
f 1819/954/16 2041/955/16 1119/956/16
f 2041/955/16 1819/954/16 1114/951/16 1285/948/16 1286/953/16 1119/956/16
f 1286/953/17 666/952/17 670/957/17 1287/958/17
f 1821/959/17 2030/960/17 1111/961/17
f 2030/960/17 1821/959/17 1119/956/17 1286/953/17 1287/958/17 1111/961/17
f 1287/958/18 670/957/18 663/962/18 1288/963/18
f 1823/964/18 2035/965/18 1122/966/18
f 2035/965/18 1823/964/18 1111/961/18 1287/958/18 1288/963/18 1122/966/18
f 1288/963/19 663/962/19 674/967/19 1289/968/19
f 2037/969/19 1825/970/19 1122/966/19 1288/963/19 1289/968/19 1104/971/19
f 1825/970/19 2037/969/19 1104/971/19
f 1289/972/20 674/973/20 655/974/20 1290/975/20
f 1827/976/20 2032/977/20 1107/978/20
f 2032/977/20 1827/976/20 1104/979/20 1289/972/20 1290/975/20 1107/978/20
f 1290/975/21 655/974/21 659/980/21 1291/981/21
f 1830/982/21 2038/983/21 1101/984/21
f 2038/983/21 1830/982/21 1107/978/21 1290/975/21 1291/981/21 1101/984/21
f 1291/981/22 659/980/22 652/985/22 1292/986/22
f 1833/987/22 2040/988/22 1127/989/22
f 2040/988/22 1833/987/22 1101/984/22 1291/981/22 1292/986/22 1127/989/22
f 1292/986/23 652/985/23 647/990/23 1293/991/23
f 2028/992/23 1840/993/23 1127/989/23 1292/986/23 1293/991/23 1089/994/23
f 1840/993/23 2028/992/23 1089/994/23
f 1294/995/24 1093/996/24 1839/997/24 1293/991/24 647/990/24 640/998/24
f 1293/991/24 1839/997/24 1089/994/24
f 1295/999/25 1294/995/25 640/998/25 643/1000/25 1296/1001/25
f 1294/995/25 1838/1002/25 1093/996/25
f 1296/1003/26 643/1004/26 635/1005/26 1297/1006/26
f 1297/1006/26 1097/1007/26 1087/1008/26 1296/1003/26
f 1297/1006/27 635/1005/27 632/1009/27 1298/1010/27
f 1298/1010/27 1079/1011/27 1097/1007/27 1297/1006/27
f 1298/1010/28 632/1009/28 628/1012/28 1299/1013/28
f 1299/1013/28 1083/1014/28 1079/1011/28 1298/1010/28
f 1299/1013/29 628/1012/29 624/1015/29 1300/1016/29
f 1300/1016/29 1075/1017/29 1083/1014/29 1299/1013/29
f 1300/1016/30 624/1015/30 622/1018/30 1301/1019/30
f 1301/1019/30 1072/1020/30 1075/1017/30 1300/1016/30
f 1301/1019/31 622/1018/31 626/1021/31 1302/1022/31
f 1302/1022/31 1076/1023/31 1072/1020/31 1301/1019/31
f 1302/1022/32 626/1021/32 633/1024/32 1303/1025/32
f 1303/1025/32 1084/1026/32 1076/1023/32 1302/1022/32
f 1303/1025/33 633/1024/33 630/1027/33 1304/1028/33
f 1304/1028/33 1081/1029/33 1084/1026/33 1303/1025/33
f 1304/1028/34 630/1027/34 650/1030/34 1305/1031/34
f 1305/1031/34 1099/1032/34 1081/1029/34 1304/1028/34
f 1305/1031/35 650/1030/35 638/1033/35 1306/1034/35
f 1306/1035/36 638/1036/36 645/1037/36 1878/1038/36
f 1878/1038/37 645/1037/37 641/1039/37 1308/1040/37
f 1308/1040/38 641/1039/38 678/913/38 1276/912/38
f 1276/912/38 1129/917/38 1092/1041/38 1308/1040/38
f 1309/1042/7 743/1043/7 713/1044/7 1310/1045/7
f 1310/1045/7 1163/1046/7 1187/1047/7 1309/1042/7
f 1310/1045/8 713/1044/8 720/1048/8 1879/1049/8
f 1879/1049/9 720/1048/9 717/1050/9 1312/1051/9
f 717/1052/10 738/1053/10 1880/1054/10 1312/1055/10
f 738/1053/11 724/1056/11 1314/1057/11 1880/1054/11
f 1314/1057/12 724/1056/12 734/1058/12 1315/1059/12
f 1695/1060/12 2033/1061/12 1181/1062/12
f 2033/1061/12 1695/1060/12 1173/1063/12 1314/1057/12 1315/1059/12 1181/1062/12
f 1315/1059/13 734/1058/13 731/1064/13 1316/1065/13
f 2025/1066/13 1699/1067/13 1181/1062/13 1315/1059/13 1316/1065/13 1177/1068/13
f 1699/1067/13 2025/1066/13 1177/1068/13
f 731/1064/14 748/1069/14 1881/1070/14 1316/1065/14
f 748/1069/15 727/1071/15 1318/1072/15 1881/1070/15
f 1318/1072/16 727/1071/16 728/1073/16 1319/1074/16
f 1800/1075/16 2027/1076/16 1180/1077/16
f 2027/1076/16 1800/1075/16 1176/1078/16 1318/1072/16 1319/1074/16 1180/1077/16
f 1319/1074/17 728/1073/17 733/1079/17 1320/1080/17
f 2045/1081/17 1802/1082/17 1180/1077/17 1319/1074/17 1320/1080/17 1171/1083/17
f 1802/1082/17 2045/1081/17 1171/1083/17
f 733/1079/18 723/1084/18 1882/1085/18 1320/1080/18
f 723/1084/19 736/1086/19 1322/1087/19 1882/1085/19
f 1322/1088/20 736/1089/20 714/1090/20 1323/1091/20
f 1808/1092/20 2029/1093/20 1168/1094/20
f 2029/1093/20 1808/1092/20 1165/1095/20 1322/1088/20 1323/1091/20 1168/1094/20
f 1323/1091/21 714/1090/21 719/1096/21 1324/1097/21
f 2034/1098/21 1811/1099/21 1168/1094/21 1323/1091/21 1324/1097/21 1160/1100/21
f 1811/1099/21 2034/1098/21 1160/1100/21
f 1324/1097/22 719/1096/22 710/1101/22 1325/1102/22
f 2044/1103/22 1815/1104/22 1160/1100/22 1324/1097/22 1325/1102/22 1186/1105/22
f 1815/1104/22 2044/1103/22 1186/1105/22
f 1326/1106/23 1149/1107/23 1832/1108/23 1325/1102/23 710/1101/23 740/1109/23
f 1325/1102/23 1832/1108/23 1186/1105/23
f 1327/1110/24 1154/1111/24 1829/1112/24 1326/1106/24 740/1109/24 698/1113/24
f 1326/1106/24 1829/1112/24 1149/1107/24
f 1327/1110/25 698/1113/25 702/1114/25 1328/1115/25
f 2042/1116/25 1826/1117/25 1154/1111/25 1327/1110/25 1328/1115/25 1147/1118/25
f 1826/1117/25 2042/1116/25 1147/1118/25
f 1328/1119/26 702/1120/26 695/1121/26 1329/1122/26
f 1329/1122/26 1156/1123/26 1147/1124/26 1328/1119/26
f 1329/1122/27 695/1121/27 707/1125/27 1330/1126/27
f 1330/1126/27 1138/1127/27 1156/1123/27 1329/1122/27
f 1330/1126/28 707/1125/28 686/1128/28 1331/1129/28
f 1331/1129/28 1143/1130/28 1138/1127/28 1330/1126/28
f 1331/1129/29 686/1128/29 690/1131/29 1332/1132/29
f 1332/1132/29 1134/1133/29 1143/1130/29 1331/1129/29
f 1332/1132/30 690/1131/30 682/1134/30 1130/1135/30 1134/1133/30
f 1333/1136/31 1136/1137/31 1130/1135/31 682/1134/31 684/1138/31
f 1333/1136/32 684/1138/32 693/1139/32 1334/1140/32
f 1334/1140/32 1145/1141/32 1136/1137/32 1333/1136/32
f 1334/1140/33 693/1139/33 688/1142/33 1335/1143/33
f 1335/1143/33 1141/1144/33 1145/1141/33 1334/1140/33
f 1335/1143/34 688/1142/34 708/1145/34 1336/1146/34
f 1336/1146/34 1158/1147/34 1141/1144/34 1335/1143/34
f 1336/1146/35 708/1145/35 697/1148/35 1337/1149/35
f 1337/1150/36 697/1151/36 704/1152/36 1883/1153/36
f 1883/1153/37 704/1152/37 701/1154/37 1339/1155/37
f 1339/1155/38 701/1154/38 743/1043/38 1309/1042/38
f 1309/1042/38 1187/1047/38 1152/1156/38 1339/1155/38
f 1884/1157/7 1885/1158/7 333/1159/7 252/1160/7 907/1161/7 1430/1162/7
f 1886/1163/8 1427/1164/8 907/1161/8 252/1160/8 277/1165/8 1887/1166/8
f 1887/1166/9 277/1165/9 263/1167/9 1888/1168/9
f 263/1169/10 326/1170/10 1889/1171/10 1888/1172/10
f 326/1170/11 290/1173/11 1890/1174/11 1889/1171/11
f 290/1173/12 314/1175/12 1891/1176/12 1890/1174/12
f 314/1175/13 299/1177/13 1892/1178/13 1891/1176/13
f 299/1177/14 345/1179/14 1893/1180/14 1892/1178/14
f 345/1179/15 292/1181/15 912/1182/15 1582/1183/15 1894/1180/15 1893/1180/15
f 292/1181/16 305/1184/16 914/1185/16 912/1182/16
f 305/1184/17 279/1186/17 909/1187/17 914/1185/17
f 279/1186/18 315/1188/18 918/1189/18 909/1187/18
f 315/1188/19 256/1190/19 902/1191/19 918/1189/19
f 256/1192/20 268/1193/20 905/1194/20 902/1195/20
f 268/1193/21 245/1196/21 899/1197/21 905/1194/21
f 245/1196/22 327/1198/22 920/1199/22 899/1197/22
f 327/1198/23 207/1200/23 888/1201/23 920/1199/23
f 207/1200/24 224/1202/24 891/1203/24 888/1201/24
f 224/1202/25 194/1204/25 886/1205/25 891/1203/25
f 886/1206/26 194/1207/26 236/1208/26 894/1209/26
f 894/1209/27 236/1208/27 166/1210/27 879/1211/27
f 879/1211/28 166/1210/28 179/1212/28 883/1213/28
f 883/1213/29 179/1212/29 154/1214/29 876/1215/29
f 1895/1216/30 1612/1217/30 876/1215/30 154/1214/30 152/1218/30 1896/1216/30
f 1896/1216/31 152/1218/31 160/1219/31 1897/1220/31
f 1897/1220/32 160/1219/32 183/1221/32 1898/1222/32
f 1898/1222/33 183/1221/33 172/1223/33 1899/1224/33
f 1899/1224/34 172/1223/34 242/1225/34 1900/1226/34
f 1900/1226/35 242/1225/35 198/1227/35 1901/1228/35
f 1901/1229/36 198/1230/36 228/1231/36 1902/1232/36
f 1903/1233/37 1902/1232/37 228/1231/37 218/1234/37 897/1235/37 1488/1236/37
f 1904/1237/38 1489/1238/38 897/1235/38 218/1234/38 333/1159/38 1885/1158/38
f 1905/1239/7 1906/1240/7 478/1241/7 434/1242/7 953/1243/7 1451/1244/7
f 1907/1245/8 1448/1246/8 953/1243/8 434/1242/8 445/1247/8 1908/1248/8
f 1908/1248/9 445/1247/9 439/1249/9 1909/1250/9
f 439/1251/10 472/1252/10 1910/1253/10 1909/1254/10
f 472/1252/11 451/1255/11 1911/1256/11 1910/1253/11
f 451/1255/12 466/1257/12 1912/1258/12 1911/1256/12
f 466/1257/13 461/1259/13 1913/1260/13 1912/1258/13
f 1917/1261/14 1913/1260/14 461/1259/14 454/1262/14 1915/1263/14 1914/1264/14 1916/1265/14
f 1918/1266/15 1915/1263/15 454/1262/15 457/1267/15 959/1268/15 1558/1269/15
f 457/1267/16 463/1270/16 963/1271/16 959/1268/16
f 463/1270/17 450/1272/17 956/1273/17 963/1271/17
f 450/1272/18 470/1274/18 966/1275/18 956/1273/18
f 470/1274/19 438/1276/19 948/1277/19 966/1275/19
f 438/1278/20 444/1279/20 952/1280/20 948/1281/20
f 444/1279/21 432/1282/21 946/1283/21 952/1280/21
f 432/1282/22 476/1284/22 969/1285/22 946/1283/22
f 476/1284/23 399/1286/23 936/1287/23 969/1285/23
f 399/1286/24 411/1288/24 939/1289/24 936/1287/24
f 411/1288/25 387/1290/25 933/1291/25 939/1289/25
f 933/1292/26 387/1293/26 426/1294/26 943/1295/26
f 943/1295/27 426/1294/27 368/1296/27 927/1297/27
f 927/1297/28 368/1296/28 377/1298/28 930/1299/28
f 930/1299/29 377/1298/29 356/1300/29 925/1301/29
f 925/1301/30 356/1300/30 339/1302/30 923/1303/30
f 1919/1304/31 1422/1305/31 923/1303/31 339/1302/31 358/1306/31 1920/1307/31
f 1920/1307/32 358/1306/32 381/1308/32 1921/1309/32
f 1921/1309/33 381/1308/33 373/1310/33 1922/1311/33
f 1922/1311/34 373/1310/34 427/1312/34 1923/1313/34
f 1923/1313/35 427/1312/35 393/1314/35 1924/1315/35
f 1924/1316/36 393/1317/36 420/1318/36 1925/1319/36
f 1926/1320/37 1925/1319/37 420/1318/37 406/1321/37 970/1322/37 1428/1323/37
f 1927/1324/38 1434/1325/38 970/1322/38 406/1321/38 478/1241/38 1906/1240/38
f 1931/1326/7 1476/1327/7 1475/1328/7 1928/1329/7 1929/1330/7 558/1331/7 526/1332/7 1930/1326/7
f 1930/1326/8 526/1332/8 533/1333/8 1932/1334/8
f 1932/1334/9 533/1333/9 530/1335/9 1933/1336/9
f 530/1337/10 553/1338/10 1934/1339/10 1933/1340/10
f 553/1338/11 537/1341/11 1935/1342/11 1934/1339/11
f 537/1341/12 549/1343/12 1936/1344/12 1935/1342/12
f 1937/1345/13 1936/1344/13 549/1343/13 546/1346/13 1015/1347/13 1462/1348/13
f 1939/1349/14 1457/1350/14 1015/1347/14 546/1346/14 540/1351/14 1938/1352/14
f 1940/1353/15 1938/1352/15 540/1351/15 544/1354/15 1013/1355/15 1532/1356/15
f 1941/1357/16 1535/1358/16 1013/1355/16 544/1354/16 547/1359/16 1942/1360/16
f 1943/1361/17 1942/1360/17 547/1359/17 536/1362/17 1010/1363/17 1539/1364/17
f 536/1362/18 551/1365/18 1019/1366/18 1010/1363/18
f 1944/1367/19 1546/1368/19 1019/1366/19 551/1365/19 528/1369/19 1945/1370/19
f 1945/1371/20 528/1372/20 531/1373/20 1007/1374/20 1549/1375/20
f 531/1373/21 523/1376/21 1001/1377/21 1007/1374/21
f 523/1376/22 556/1378/22 1022/1379/22 1001/1377/22
f 556/1378/23 510/1380/23 991/1381/23 1022/1379/23
f 510/1380/24 515/1382/24 995/1383/24 991/1381/24
f 515/1382/25 504/1384/25 988/1385/25 995/1383/25
f 988/1386/26 504/1387/26 519/1388/26 998/1389/26
f 998/1389/27 519/1388/27 492/1390/27 981/1391/27
f 981/1391/28 492/1390/28 498/1392/28 985/1393/28
f 985/1393/29 498/1392/29 485/1394/29 976/1395/29
f 976/1395/30 485/1394/30 481/1396/30 973/1397/30
f 973/1397/31 481/1396/31 489/1398/31 978/1399/31
f 1946/1400/32 1441/1401/32 978/1399/32 489/1398/32 499/1402/32 1947/1400/32
f 1948/1403/33 1947/1400/33 499/1402/33 494/1404/33 983/1405/33 1443/1406/33
f 983/1405/34 494/1404/34 522/1407/34 1000/1408/34
f 1949/1409/35 1447/1410/35 1000/1408/35 522/1407/35 505/1411/35 1950/1412/35
f 1950/1413/36 505/1414/36 517/1415/36 1951/1416/36
f 1952/1417/37 1951/1416/37 517/1415/37 511/1418/37 993/1419/37 1449/1420/37
f 1953/1421/38 1455/1422/38 993/1419/38 511/1418/38 558/1331/38 1929/1330/38
f 1954/1423/7 1955/1424/7 620/1425/7 590/1426/7 1053/1427/7 1492/1428/7
f 1956/1429/8 1487/1430/8 1053/1427/8 590/1426/8 597/1431/8 1957/1432/8
f 1957/1432/9 597/1431/9 594/1433/9 1958/1434/9
f 594/1435/10 615/1436/10 1959/1437/10 1958/1438/10
f 615/1436/11 602/1439/11 1960/1440/11 1959/1437/11
f 602/1439/12 611/1441/12 1961/1442/12 1960/1440/12
f 611/1441/13 607/1443/13 1962/1444/13 1961/1442/13
f 607/1443/14 604/1445/14 1963/1446/14 1962/1444/14
f 604/1445/15 605/1447/15 1964/1448/15 1963/1446/15
f 605/1447/16 609/1449/16 1965/1450/16 1964/1448/16
f 609/1449/17 600/1451/17 1966/1452/17 1965/1450/17
f 600/1451/18 613/1453/18 1967/1454/18 1966/1452/18
f 1967/1454/19 613/1453/19 592/1455/19 1968/1456/19
f 1968/1457/20 592/1458/20 596/1459/20 1057/1460/20 1668/1461/20
f 596/1459/21 587/1462/21 1051/1463/21 1057/1460/21
f 587/1462/22 618/1464/22 1071/1465/22 1051/1463/22
f 618/1464/23 575/1466/23 1041/1467/23 1071/1465/23
f 575/1466/24 579/1468/24 1044/1469/24 1041/1467/24
f 579/1468/25 571/1470/25 1037/1471/25 1044/1469/25
f 1037/1472/26 571/1473/26 584/1474/26 1048/1475/26
f 1048/1475/27 584/1474/27 563/1476/27 1032/1477/27
f 1032/1477/28 563/1476/28 567/1478/28 1035/1479/28
f 1035/1479/29 567/1478/29 560/1480/29 1028/1481/29
f 1028/1481/30 560/1480/30 542/1482/30 1025/1483/30
f 1025/1483/31 542/1482/31 562/1484/31 1029/1485/31
f 1969/1486/32 1466/1487/32 1029/1485/32 562/1484/32 570/1488/32 1970/1486/32
f 1970/1486/33 570/1488/33 565/1489/33 1971/1490/33
f 1972/1491/34 1971/1490/34 565/1489/34 586/1492/34 1049/1493/34 1469/1494/34
f 1973/1495/35 1472/1496/35 1049/1493/35 586/1492/35 574/1497/35 1974/1498/35
f 1974/1499/36 574/1500/36 582/1501/36 1975/1502/36
f 1976/1503/37 1975/1502/37 582/1501/37 577/1504/37 1042/1505/37 1473/1506/37
f 1977/1507/38 1480/1508/38 1042/1505/38 577/1504/38 620/1425/38 1955/1424/38
f 1978/1509/7 810/1510/7 780/1511/7 1979/1512/7
f 1979/1512/8 780/1511/8 787/1513/8 1980/1514/8
f 1980/1514/9 787/1513/9 783/1515/9 1981/1516/9
f 783/1517/10 805/1518/10 1982/1519/10 1981/1520/10
f 1983/1521/11 1982/1519/11 805/1518/11 791/1522/11 1226/1523/11 1725/1524/11
f 1984/1525/12 1727/1526/12 1226/1523/12 791/1522/12 802/1527/12 1985/1528/12
f 1986/1529/13 1985/1528/13 802/1527/13 797/1530/13 1233/1531/13 1729/1532/13
f 1988/1533/14 1730/1534/14 1233/1531/14 797/1530/14 794/1535/14 1987/1536/14
f 1989/1537/15 1987/1536/15 794/1535/15 796/1538/15 1230/1539/15 1777/1540/15
f 1990/1541/16 1780/1542/16 1230/1539/16 796/1538/16 799/1543/16 1991/1544/16
f 1992/1545/17 1991/1544/17 799/1543/17 790/1546/17 1223/1547/17 1784/1548/17
f 1993/1549/18 1787/1550/18 1223/1547/18 790/1546/18 803/1551/18 1994/1552/18
f 803/1551/19 781/1553/19 1995/1554/19 1994/1552/19
f 781/1555/20 785/1556/20 1996/1557/20 1995/1558/20
f 785/1556/21 778/1559/21 1997/1560/21 1996/1557/21
f 778/1559/22 808/1561/22 1998/1562/22 1997/1560/22
f 808/1561/23 767/1563/23 1207/1564/23 1814/1565/23 1999/1562/23 1998/1562/23
f 767/1563/24 770/1566/24 1210/1567/24 1207/1564/24
f 770/1566/25 763/1568/25 1204/1569/25 1210/1567/25
f 1204/1570/26 763/1571/26 774/1572/26 1214/1573/26
f 1214/1573/27 774/1572/27 754/1574/27 1196/1575/27
f 1196/1575/28 754/1574/28 758/1576/28 1199/1577/28
f 1199/1577/29 758/1576/29 751/1578/29 1192/1579/29
f 1192/1579/30 751/1578/30 747/1580/30 1190/1581/30
f 1190/1581/31 747/1580/31 753/1582/31 1194/1583/31
f 1194/1583/32 753/1582/32 760/1584/32 1202/1585/32
f 1202/1585/33 760/1584/33 757/1586/33 1198/1587/33
f 1198/1587/34 757/1586/34 777/1588/34 1216/1589/34
f 2000/1590/35 1716/1591/35 1216/1589/35 777/1588/35 764/1592/35 2001/1590/35
f 2001/1593/36 764/1594/36 772/1595/36 2002/1596/36
f 2003/1597/37 2002/1596/37 772/1595/37 768/1598/37 1209/1599/37 1719/1600/37
f 2004/1509/38 1720/1601/38 1209/1599/38 768/1598/38 810/1510/38 1978/1509/38
f 2005/1602/7 873/1603/7 844/1604/7 2006/1605/7
f 2006/1605/8 844/1604/8 852/1606/8 2007/1607/8
f 2007/1607/9 852/1606/9 848/1608/9 2008/1609/9
f 848/1610/10 867/1611/10 2009/1612/10 2008/1613/10
f 867/1611/11 856/1614/11 2010/1615/11 2009/1612/11
f 856/1614/12 863/1616/12 2011/1617/12 2010/1615/12
f 863/1616/13 859/1618/13 2012/1619/13 2011/1617/13
f 859/1618/14 857/1620/14 2013/1621/14 2012/1619/14
f 857/1620/15 861/1622/15 2014/1623/15 2013/1621/15
f 861/1622/16 866/1624/16 2015/1625/16 2014/1623/16
f 866/1624/17 853/1626/17 2016/1627/17 2015/1625/17
f 853/1626/18 869/1628/18 2017/1629/18 2016/1627/18
f 869/1628/19 846/1630/19 2018/1631/19 2017/1629/19
f 846/1632/20 850/1633/20 2019/1634/20 2018/1635/20
f 850/1633/21 842/1636/21 2020/1637/21 2019/1634/21
f 842/1636/22 871/1638/22 2021/1639/22 2020/1637/22
f 2021/1639/23 871/1638/23 830/1640/23 1256/1641/23 1795/1642/23
f 830/1640/24 833/1643/24 1261/1644/24 1256/1641/24
f 833/1643/25 825/1645/25 1253/1646/25 1261/1644/25
f 1253/1647/26 825/1648/26 838/1649/26 1263/1650/26
f 1263/1650/27 838/1649/27 818/1651/27 1244/1652/27
f 1244/1652/28 818/1651/28 821/1653/28 1249/1654/28
f 1249/1654/29 821/1653/29 813/1655/29 1240/1656/29
f 1240/1656/30 813/1655/30 811/1657/30 1229/1658/30
f 1229/1658/31 811/1657/31 815/1659/31 1243/1660/31
f 1243/1660/32 815/1659/32 824/1661/32 1251/1662/32
f 1251/1662/33 824/1661/33 820/1663/33 1246/1664/33
f 1246/1664/34 820/1663/34 840/1665/34 1266/1666/34
f 1266/1666/35 840/1665/35 827/1667/35 1255/1668/35
f 2022/1669/36 1759/1670/36 1255/1671/36 827/1672/36 836/1673/36 2023/1674/36
f 2024/1675/37 2023/1674/37 836/1673/37 832/1676/37 1259/1677/37 1767/1678/37
f 2005/1602/38 1772/1679/38 1259/1677/38 832/1676/38 873/1603/38
f 49/1680/23 90/1681/23 1641/1682/23 1632/1683/23
f 1641/1682/24 90/1681/24 103/1684/24 1642/1685/24
f 103/1684/25 115/1686/25 1653/1687/25 1642/1685/25
f 1653/1688/26 115/1689/26 125/1690/26 1664/1691/26
f 1664/1691/27 125/1690/27 132/1692/27 1670/1693/27
f 1670/1693/28 132/1692/28 140/1694/28 1680/1695/28
f 1680/1695/29 140/1694/29 146/1696/29 1681/1697/29
f 1681/1697/30 146/1696/30 148/1698/30 1673/1699/30
f 1672/1700/31 1673/1699/31 148/1698/31 157/1701/31 1820/1702/31
f 1820/1702/32 157/1701/32 164/1703/32 1824/1704/32
f 1824/1704/33 164/1703/33 168/1705/33 1831/1706/33
f 1831/1706/34 168/1705/34 176/1707/34 1843/1708/34
f 1843/1708/35 176/1707/35 178/1709/35 1868/1710/35
f 1868/1711/36 178/1712/36 187/1713/36 1865/1714/36
f 1865/1714/37 187/1713/37 190/1715/37 1869/1716/37
f 1869/1716/38 190/1715/38 203/1717/38 1863/1718/38
f 1863/1718/7 203/1717/7 211/1719/7 1864/1720/7
f 1864/1720/8 211/1719/8 214/1721/8 1862/1722/8
f 1862/1722/9 214/1721/9 220/1723/9 1842/1724/9
f 1842/1725/10 220/1726/10 226/1727/10 1841/1728/10
f 1841/1728/11 226/1727/11 231/1729/11 1836/1730/11
f 231/1729/12 237/1731/12 1834/1732/12 1836/1730/12
f 1603/1733/13 1834/1732/13 237/1731/13 244/1734/13 1604/1735/13
f 244/1734/14 249/1736/14 1610/1737/14 1604/1735/14
f 249/1736/15 260/1738/15 1617/1739/15 1610/1737/15
f 260/1738/16 262/1740/16 1621/1741/16 1617/1739/16
f 1621/1741/17 262/1740/17 270/1742/17 1622/1743/17
f 1622/1743/18 270/1742/18 274/1744/18 1623/1745/18
f 1623/1745/19 274/1744/19 283/1746/19 1624/1747/19
f 1624/1748/20 283/1749/20 285/1750/20 1625/1751/20
f 115/1752/6 103/1753/6 90/1754/6 49/1755/6 296/1756/6 285/1757/6 283/1758/6 274/1759/6 270/1760/6 262/1761/6 260/1762/6 249/1763/6 244/1764/6 237/1765/6 231/1766/6 226/1767/6 220/1768/6 214/1769/6 885/1770/6 875/1771/6 884/1772/6 868/1773/6 862/1774/6 864/1775/6 860/1776/6 865/1777/6 872/1778/6 870/1779/6 874/1780/6 877/1781/6 882/1782/6 878/1783/6 881/1784/6 880/1785/6 896/1786/6 893/1787/6 901/1788/6 898/1789/6 910/1790/6 904/1791/6 903/1792/6 908/1793/6 906/1794/6 164/1795/6 157/1796/6 148/1797/6 146/1798/6 140/1799/6 132/1800/6 125/1801/6
f 211/1802/6 203/1803/6 190/1804/6 187/1805/6 178/1806/6 176/1807/6 168/1808/6 164/1795/6 906/1794/6 900/1809/6 911/1810/6 895/1811/6 892/1812/6 889/1813/6 887/1814/6 890/1815/6 885/1770/6 214/1769/6
f 1625/1751/21 285/1750/21 296/1816/21 1628/1817/21
f 296/1816/22 49/1680/22 1632/1683/22 1628/1817/22
f 1690/1818/23 298/1819/23 303/1820/23 1688/1821/23
f 1688/1821/24 303/1820/24 309/1822/24 1691/1823/24
f 309/1822/25 320/1824/25 1692/1825/25 1691/1823/25
f 1692/1826/26 320/1827/26 321/1828/26 1693/1829/26
f 1693/1829/27 321/1828/27 330/1830/27 1694/1831/27
f 1694/1831/28 330/1830/28 336/1832/28 1701/1833/28
f 1701/1833/29 336/1832/29 342/1834/29 1702/1835/29
f 1702/1835/30 342/1834/30 350/1836/30 1698/1837/30
f 1697/1838/31 1698/1837/31 350/1836/31 351/1839/31 1799/1840/31
f 1799/1840/32 351/1839/32 362/1841/32 1805/1842/32
f 1805/1842/33 362/1841/33 363/1843/33 1813/1844/33
f 1813/1844/34 363/1843/34 370/1845/34 1876/1846/34
f 1876/1846/35 370/1845/35 376/1847/35 1875/1848/35
f 1875/1849/36 376/1850/36 384/1851/36 1874/1852/36
f 1874/1852/37 384/1851/37 390/1853/37 1872/1854/37
f 1872/1854/38 390/1853/38 395/1855/38 1871/1856/38
f 1871/1856/7 395/1855/7 402/1857/7 1870/1858/7
f 1870/1858/8 402/1857/8 410/1859/8 1873/1860/8
f 1873/1860/9 410/1859/9 414/1861/9 1867/1862/9
f 1867/1863/10 414/1864/10 417/1865/10 1866/1866/10
f 417/1865/11 424/1867/11 1828/1868/11 1866/1866/11
f 1828/1868/12 424/1867/12 429/1869/12 1822/1870/12
f 429/1869/13 430/1871/13 1818/1872/13 1822/1870/13
f 1676/1873/14 1818/1872/14 430/1871/14 433/1874/14 1675/1875/14
f 433/1874/15 436/1876/15 1679/1877/15 1675/1875/15
f 436/1876/16 441/1878/16 1682/1879/16 1679/1877/16
f 1682/1879/17 441/1878/17 442/1880/17 1683/1881/17
f 1683/1881/18 442/1880/18 446/1882/18 1684/1883/18
f 1684/1883/19 446/1882/19 448/1884/19 1685/1885/19
f 1685/1886/20 448/1887/20 452/1888/20 1687/1889/20
f 402/1890/6 395/1891/6 390/1892/6 384/1893/6 376/1894/6 370/1895/6 363/1896/6 362/1897/6 957/1898/6 950/1899/6 961/1900/6 945/1901/6 942/1902/6 940/1903/6 938/1904/6 941/1905/6 937/1906/6 410/1907/6
f 309/1908/6 303/1909/6 298/1910/6 455/1911/6 452/1912/6 448/1913/6 446/1914/6 442/1915/6 441/1916/6 436/1917/6 433/1918/6 430/1919/6 429/1920/6 424/1921/6 417/1922/6 414/1923/6 410/1907/6 937/1906/6 926/1924/6 935/1925/6 919/1926/6 915/1927/6 916/1928/6 913/1929/6 917/1930/6 922/1931/6 921/1932/6 924/1933/6 928/1934/6 934/1935/6 929/1936/6 932/1937/6 931/1938/6 947/1939/6 944/1940/6 951/1941/6 949/1942/6 960/1943/6 955/1944/6 954/1945/6 958/1946/6 957/1898/6 362/1897/6 351/1947/6 350/1948/6 342/1949/6 336/1950/6 330/1951/6 321/1952/6 320/1953/6
f 1687/1889/21 452/1888/21 455/1954/21 1686/1955/21
f 1686/1955/22 455/1954/22 298/1819/22 1690/1818/22
f 1501/1956/23 458/1957/23 460/1958/23 1500/1959/23
f 1500/1959/24 460/1958/24 465/1960/24 1504/1961/24
f 1504/1961/25 465/1960/25 468/1962/25 1503/1963/25
f 1503/1964/26 468/1965/26 469/1966/26 1502/1967/26
f 1502/1967/27 469/1966/27 474/1968/27 1432/1969/27
f 1432/1969/28 474/1968/28 475/1970/28 1425/1971/28
f 1425/1971/29 475/1970/29 480/1972/29 1423/1973/29
f 1419/1974/30 1423/1973/30 480/1972/30 482/1975/30 1579/1974/30
f 1579/1974/31 482/1975/31 484/1976/31 1586/1977/31
f 1586/1977/32 484/1976/32 487/1978/32 1592/1979/32
f 1592/1979/33 487/1978/33 490/1980/33 1599/1981/33
f 1599/1981/34 490/1980/34 493/1982/34 1637/1983/34
f 1637/1983/35 493/1982/35 496/1984/35 1635/1985/35
f 1635/1986/36 496/1987/36 501/1988/36 1633/1989/36
f 1633/1989/37 501/1988/37 502/1990/37 1634/1991/37
f 1634/1991/38 502/1990/38 506/1992/38 1631/1993/38
f 1631/1993/7 506/1992/7 508/1994/7 1627/1995/7
f 1627/1995/8 508/1994/8 512/1996/8 1619/1997/8
f 1619/1997/9 512/1996/9 514/1998/9 1615/1999/9
f 514/2000/10 518/2001/10 1611/2002/10 1615/2003/10
f 518/2001/11 520/2004/11 1608/2005/11 1611/2002/11
f 1608/2005/12 520/2004/12 521/2006/12 1609/2007/12
f 1609/2007/13 521/2006/13 524/2008/13 1605/2009/13
f 1605/2009/14 524/2008/14 525/2010/14 1606/2011/14
f 1606/2011/15 525/2010/15 527/2012/15 1607/2013/15
f 1483/2014/16 1607/2013/16 527/2012/16 529/2015/16 1484/2016/16
f 529/2015/17 532/2017/17 1486/2018/17 1484/2016/17
f 532/2017/18 534/2019/18 1496/2020/18 1486/2018/18
f 1496/2020/19 534/2019/19 535/2021/19 1497/2022/19
f 1497/2023/20 535/2024/20 538/2025/20 1498/2026/20
f 508/2027/6 506/2028/6 502/2029/6 501/2030/6 496/2031/6 493/2032/6 490/2033/6 487/2034/6 1008/2035/6 1003/2036/6 1012/2037/6 997/2038/6 994/2039/6 990/2040/6 989/2041/6 992/2042/6 987/2043/6 512/2044/6
f 539/2045/6 538/2046/6 535/2047/6 534/2048/6 532/2049/6 529/2050/6 527/2051/6 525/2052/6 524/2053/6 521/2054/6 520/2055/6 518/2056/6 514/2057/6 512/2044/6 987/2043/6 975/2058/6 986/2059/6 968/2060/6 964/2061/6 965/2062/6 962/2063/6 967/2064/6 972/2065/6 971/2066/6 974/2067/6 977/2068/6 984/2069/6 979/2070/6 982/2071/6 980/2072/6 999/2073/6 996/2074/6 1004/2075/6 1002/2076/6 1011/2077/6 1006/2078/6 1005/2079/6 1009/2080/6 1008/2035/6 487/2034/6 484/2081/6 482/2082/6 480/2083/6 475/2084/6 474/2085/6 469/2086/6 468/2087/6 465/2088/6 460/2089/6 458/2090/6
f 1498/2026/21 538/2025/21 539/2091/21 1499/2092/21
f 1499/2092/22 539/2091/22 458/1957/22 1501/1956/22
f 1513/2093/23 541/2094/23 543/2095/23 1509/2096/23
f 1509/2096/24 543/2095/24 545/2097/24 1512/2098/24
f 1512/2098/25 545/2097/25 548/2099/25 1510/2100/25
f 1510/2101/26 548/2102/26 550/2103/26 1511/2104/26
f 1511/2104/27 550/2103/27 552/2105/27 1452/2106/27
f 1452/2106/28 552/2105/28 554/2107/28 1444/2108/28
f 1444/2108/29 554/2107/29 555/2109/29 1438/2110/29
f 1435/2111/30 1438/2110/30 555/2109/30 557/2112/30 1556/2111/30
f 1556/2111/31 557/2112/31 559/2113/31 1562/2114/31
f 1562/2114/32 559/2113/32 561/2115/32 1568/2116/32
f 1568/2116/33 561/2115/33 564/2117/33 1578/2118/33
f 1578/2118/34 564/2117/34 566/2119/34 1647/2120/34
f 1647/2120/35 566/2119/35 568/2121/35 1652/2122/35
f 1652/2123/36 568/2124/36 569/2125/36 1646/2126/36
f 1646/2126/37 569/2125/37 572/2127/37 1645/2128/37
f 1645/2128/38 572/2127/38 573/2129/38 1643/2130/38
f 1643/2130/7 573/2129/7 576/2131/7 1638/2132/7
f 1638/2132/8 576/2131/8 578/2133/8 1639/2134/8
f 1639/2134/9 578/2133/9 580/2135/9 1640/2136/9
f 1640/2137/10 580/2138/10 581/2139/10 1636/2140/10
f 1636/2140/11 581/2139/11 583/2141/11 1601/2142/11
f 1601/2142/12 583/2141/12 585/2143/12 1591/2144/12
f 1591/2144/13 585/2143/13 588/2145/13 1585/2146/13
f 1585/2146/14 588/2145/14 589/2147/14 1580/2148/14
f 589/2147/15 591/2149/15 1424/2150/15 1421/2148/15 1580/2148/15
f 591/2149/16 593/2151/16 1426/2152/16 1424/2150/16
f 1426/2152/17 593/2151/17 595/2153/17 1431/2154/17
f 1431/2154/18 595/2153/18 598/2155/18 1505/2156/18
f 1505/2156/19 598/2155/19 599/2157/19 1508/2158/19
f 1508/2159/20 599/2160/20 601/2161/20 1507/2162/20
f 576/2163/6 573/2164/6 572/2165/6 569/2166/6 568/2167/6 566/2168/6 564/2169/6 561/2170/6 1059/2171/6 1054/2172/6 1062/2173/6 1047/2174/6 1045/2175/6 1040/2176/6 1039/2177/6 1043/2178/6 1038/2179/6 1026/2180/6 1036/2181/6 1020/2182/6 1016/2183/6 1017/2184/6 1014/2185/6 1018/2186/6 1023/2187/6 1021/2188/6 1024/2189/6 1027/2190/6 1034/2191/6 1030/2192/6 1033/2193/6 1031/2194/6 1050/2195/6 545/2196/6 543/2197/6 541/2198/6 603/2199/6 601/2200/6 599/2201/6 598/2202/6 595/2203/6 593/2204/6 591/2205/6 589/2206/6 588/2207/6 585/2208/6 583/2209/6 581/2210/6 580/2211/6 578/2212/6
f 550/2213/6 548/2214/6 545/2196/6 1050/2195/6 1046/2215/6 1055/2216/6 1052/2217/6 1061/2218/6 1058/2219/6 1056/2220/6 1060/2221/6 1059/2171/6 561/2170/6 559/2222/6 557/2223/6 555/2224/6 554/2225/6 552/2226/6
f 1507/2162/21 601/2161/21 603/2227/21 1506/2228/21
f 1506/2228/22 603/2227/22 541/2094/22 1513/2093/22
f 1520/2229/23 606/2230/23 608/2231/23 1519/2232/23
f 1519/2232/24 608/2231/24 610/2233/24 1518/2234/24
f 1518/2234/25 610/2233/25 612/2235/25 1523/2236/25
f 1523/2237/26 612/2238/26 614/2239/26 1522/2240/26
f 1522/2240/27 614/2239/27 616/2241/27 1478/2242/27
f 1478/2242/28 616/2241/28 617/2243/28 1468/2244/28
f 1468/2244/29 617/2243/29 619/2245/29 1464/2246/29
f 1458/2247/30 1464/2246/30 619/2245/30 621/2248/30 1529/2249/30
f 1529/2249/31 621/2248/31 623/2250/31 1537/2251/31
f 1537/2251/32 623/2250/32 625/2252/32 1543/2253/32
f 1543/2253/33 625/2252/33 627/2254/33 1552/2255/33
f 1552/2255/34 627/2254/34 629/2256/34 1661/2257/34
f 1661/2257/35 629/2256/35 631/2258/35 1660/2259/35
f 1660/2260/36 631/2261/36 634/2262/36 1657/2263/36
f 1657/2263/37 634/2262/37 636/2264/37 1656/2265/37
f 1656/2265/38 636/2264/38 637/2266/38 1655/2267/38
f 1655/2267/7 637/2266/7 639/2268/7 1654/2269/7
f 1654/2269/8 639/2268/8 642/2270/8 1650/2271/8
f 1650/2271/9 642/2270/9 644/2272/9 1651/2273/9
f 1651/2274/10 644/2275/10 646/2276/10 1648/2277/10
f 1648/2277/11 646/2276/11 648/2278/11 1575/2279/11
f 1575/2279/12 648/2278/12 649/2280/12 1565/2281/12
f 649/2280/13 651/2282/13 1560/2283/13 1565/2281/13
f 1560/2283/14 651/2282/14 2218/2284/14 2202/2285/14
f 2219/2286/15 654/2287/15 1439/2288/15 2194/2289/15 2221/2290/15 2220/2290/15
f 654/2287/16 657/2291/16 1445/2292/16 1439/2288/16
f 1445/2292/17 657/2291/17 658/2293/17 1453/2294/17
f 658/2293/18 661/2295/18 1514/2296/18 1453/2294/18
f 1514/2296/19 661/2295/19 662/2297/19 1515/2298/19
f 1515/2299/20 662/2300/20 665/2301/20 1517/2302/20
f 610/2303/6 608/2304/6 606/2305/6 667/2306/6 665/2307/6 662/2308/6 661/2309/6 658/2310/6 657/2311/6 1070/2312/6 1069/2313/6 1073/2314/6 1078/2315/6 1088/2316/6 1082/2317/6 1080/2318/6 1086/2319/6 1085/2320/6 1095/2321/6 1115/2322/6 1102/2323/6 1109/2324/6 1106/2325/6 1105/2326/6 1108/2327/6 1113/2328/6 1100/2329/6 1110/2330/6 1096/2331/6 1098/2332/6 1091/2333/6 1094/2334/6 1090/2335/6 1074/2336/6 642/2337/6 639/2338/6 637/2339/6 636/2340/6 634/2341/6 631/2342/6 629/2343/6 627/2344/6 625/2345/6 623/2346/6 621/2347/6 619/2348/6 617/2349/6 616/2350/6 614/2351/6 612/2352/6
f 2219/2353/6 2218/2354/6 651/2355/6 649/2356/6 648/2357/6 646/2358/6 644/2359/6 642/2337/6 1074/2336/6 1077/2360/6 1067/2361/6 1068/2362/6 1064/2363/6 1065/2364/6 1063/2365/6 1066/2366/6 1070/2312/6 657/2311/6 654/2367/6
f 1517/2302/21 665/2301/21 667/2368/21 1516/2369/21
f 1516/2369/22 667/2368/22 606/2230/22 1520/2229/22
f 1524/2370/23 669/2371/23 671/2372/23 1527/2373/23
f 1527/2373/24 671/2372/24 673/2374/24 1526/2375/24
f 673/2374/25 675/2376/25 1494/2377/25 1526/2375/25
f 1494/2378/26 675/2379/26 677/2380/26 1495/2381/26
f 1495/2381/27 677/2380/27 679/2382/27 1485/2383/27
f 1485/2383/28 679/2382/28 680/2384/28 1481/2385/28
f 1482/2386/29 1481/2385/29 680/2384/29 683/2387/29 1751/2388/29
f 1751/2388/30 683/2387/30 685/2389/30 1756/2390/30
f 1756/2390/31 685/2389/31 687/2391/31 1757/2392/31
f 1757/2392/32 687/2391/32 689/2393/32 1755/2394/32
f 1755/2394/33 689/2393/33 691/2395/33 1754/2396/33
f 1754/2396/34 691/2395/34 692/2397/34 1761/2398/34
f 1761/2398/35 692/2397/35 694/2399/35 1774/2400/35
f 1774/2401/36 694/2402/36 696/2403/36 1714/2404/36
f 1714/2404/37 696/2403/37 699/2405/37 1709/2406/37
f 1709/2406/38 699/2405/38 700/2407/38 1708/2408/38
f 1708/2408/7 700/2407/7 703/2409/7 1689/2410/7
f 1689/2410/8 703/2409/8 705/2411/8 1662/2412/8
f 1662/2412/9 705/2411/9 706/2413/9 1658/2414/9
f 1658/2415/10 706/2416/10 709/2417/10 1659/2418/10
f 1659/2418/11 709/2417/11 711/2419/11 1554/2420/11
f 1554/2420/12 711/2419/12 712/2421/12 1542/2422/12
f 1542/2422/13 712/2421/13 715/2423/13 1536/2424/13
f 715/2423/14 716/2425/14 1530/2426/14 1536/2424/14
f 1530/2426/15 716/2425/15 718/2427/15 1463/2428/15 1459/2426/15
f 718/2427/16 721/2429/16 1467/2430/16 1463/2428/16
f 1467/2430/17 721/2429/17 722/2431/17 1477/2432/17
f 722/2431/18 725/2433/18 1493/2434/18 1477/2432/18
f 725/2433/19 726/2435/19 1521/2436/19 1493/2434/19
f 1521/2437/20 726/2438/20 729/2439/20 1528/2440/20
f 673/2441/6 671/2442/6 669/2443/6 730/2444/6 729/2445/6 726/2446/6 725/2447/6 722/2448/6 721/2449/6 1131/2450/6 1128/2451/6 1133/2452/6 1139/2453/6 1148/2454/6 1142/2455/6 1140/2456/6 1146/2457/6 1144/2458/6 1155/2459/6 1174/2460/6 1162/2461/6 1169/2462/6 1166/2463/6 1164/2464/6 1167/2465/6 1172/2466/6 1161/2467/6 1170/2468/6 1157/2469/6 1159/2470/6 1151/2471/6 1153/2472/6 1150/2473/6 1135/2474/6 705/2475/6 703/2476/6 700/2477/6 699/2478/6 696/2479/6 694/2480/6 692/2481/6 691/2482/6 689/2483/6 687/2484/6 685/2485/6 683/2486/6 680/2487/6 679/2488/6 677/2489/6 675/2490/6
f 709/2491/6 706/2492/6 705/2475/6 1135/2474/6 1137/2493/6 1125/2494/6 1126/2495/6 1118/2496/6 1120/2497/6 1116/2498/6 1123/2499/6 1131/2450/6 721/2449/6 718/2500/6 716/2501/6 715/2502/6 712/2503/6 711/2504/6
f 1528/2440/21 729/2439/21 730/2505/21 1525/2506/21
f 1525/2506/22 730/2505/22 669/2371/22 1524/2370/22
f 732/2507/23 735/2508/23 1723/2509/23 1722/2510/23
f 735/2508/24 737/2511/24 1724/2512/24 1723/2509/24
f 737/2511/25 739/2513/25 1728/2514/25 1724/2512/25
f 1728/2515/26 739/2516/26 741/2517/26 1739/2518/26
f 1739/2518/27 741/2517/27 742/2519/27 1738/2520/27
f 1738/2520/28 742/2519/28 744/2521/28 1742/2522/28
f 1742/2522/29 744/2521/29 746/2523/29 1740/2524/29
f 1740/2524/30 746/2523/30 749/2525/30 1731/2526/30
f 1735/2527/31 1731/2526/31 749/2525/31 750/2528/31 1781/2529/31
f 1781/2529/32 750/2528/32 752/2530/32 1788/2531/32
f 1788/2531/33 752/2530/33 755/2532/33 1793/2533/33
f 1793/2533/34 755/2532/34 756/2534/34 1851/2535/34
f 1851/2535/35 756/2534/35 759/2536/35 1850/2537/35
f 1850/2538/36 759/2539/36 761/2540/36 1852/2541/36
f 1852/2541/37 761/2540/37 762/2542/37 1849/2543/37
f 1849/2543/38 762/2542/38 765/2544/38 1848/2545/38
f 1848/2545/7 765/2544/7 766/2546/7 1847/2547/7
f 1847/2547/8 766/2546/8 769/2548/8 1846/2549/8
f 1846/2549/9 769/2548/9 771/2550/9 1844/2551/9
f 1844/2552/10 771/2553/10 773/2554/10 1845/2555/10
f 773/2554/11 775/2556/11 1810/2557/11 1845/2555/11
f 1810/2557/12 775/2556/12 776/2558/12 1804/2559/12
f 776/2558/13 779/2560/13 1798/2561/13 1804/2559/13
f 2215/2562/14 1798/2561/14 779/2560/14 2222/2563/14
f 782/2564/15 1703/2565/15 2200/2566/15 2223/2567/15
f 1703/2565/16 782/2564/16 784/2568/16 1704/2569/16
f 1704/2569/17 784/2568/17 786/2570/17 1705/2571/17
f 1705/2571/18 786/2570/18 788/2572/18 1706/2573/18
f 1706/2573/19 788/2572/19 789/2574/19 1710/2575/19
f 1710/2576/20 789/2577/20 792/2578/20 1712/2579/20
f 766/2580/6 765/2581/6 762/2582/6 761/2583/6 759/2584/6 756/2585/6 755/2586/6 752/2587/6 1222/2588/6 1218/2589/6 1227/2590/6 1213/2591/6 1211/2592/6 1206/2593/6 1205/2594/6 1208/2595/6 1203/2596/6 769/2597/6
f 793/2598/6 792/2599/6 789/2600/6 788/2601/6 786/2602/6 784/2603/6 782/2604/6 2223/2605/6 2222/2606/6 779/2607/6 776/2608/6 775/2609/6 773/2610/6 771/2611/6 769/2597/6 1203/2596/6 1189/2612/6 1201/2613/6 1183/2614/6 1178/2615/6 1179/2616/6 1175/2617/6 1182/2618/6 1185/2619/6 1184/2620/6 1188/2621/6 1191/2622/6 1200/2623/6 1193/2624/6 1197/2625/6 1195/2626/6 1215/2627/6 1212/2628/6 1219/2629/6 1217/2630/6 1225/2631/6 1221/2632/6 1220/2633/6 1224/2634/6 1222/2588/6 752/2587/6 750/2635/6 749/2636/6 746/2637/6 744/2638/6 742/2639/6 741/2640/6 739/2641/6 737/2642/6 735/2643/6 732/2644/6
f 1712/2579/21 792/2578/21 793/2645/21 1717/2646/21
f 793/2645/22 732/2507/22 1722/2510/22 1717/2646/22
f 795/2647/23 798/2648/23 1773/2649/23 1771/2650/23
f 798/2648/24 800/2651/24 1775/2652/24 1773/2649/24
f 800/2651/25 801/2653/25 1766/2654/25 1775/2652/25
f 1766/2655/26 801/2656/26 804/2657/26 1760/2658/26
f 1760/2658/27 804/2657/27 806/2659/27 1765/2660/27
f 1765/2660/28 806/2659/28 807/2661/28 1764/2662/28
f 1764/2662/29 807/2661/29 809/2663/29 1763/2664/29
f 1763/2664/30 809/2663/30 812/2665/30 1762/2666/30
f 1762/2666/31 812/2665/31 814/2667/31 1753/2668/31
f 1752/2669/32 1753/2668/32 814/2667/32 816/2670/32 1835/2671/32
f 1835/2671/33 816/2670/33 817/2672/33 1837/2673/33
f 1837/2673/34 817/2672/34 819/2674/34 1856/2675/34
f 1856/2675/35 819/2674/35 822/2676/35 1857/2677/35
f 1857/2678/36 822/2679/36 823/2680/36 1855/2681/36
f 1855/2681/37 823/2680/37 826/2682/37 1854/2683/37
f 1854/2683/38 826/2682/38 828/2684/38 1858/2685/38
f 1858/2685/7 828/2684/7 829/2686/7 1853/2687/7
f 1853/2687/8 829/2686/8 831/2688/8 1859/2689/8
f 1859/2689/9 831/2688/9 834/2690/9 1860/2691/9
f 1860/2692/10 834/2693/10 835/2694/10 1861/2695/10
f 1861/2695/11 835/2694/11 837/2696/11 1792/2697/11
f 1792/2697/12 837/2696/12 839/2698/12 1786/2699/12
f 839/2698/13 841/2700/13 1779/2701/13 1786/2699/13
f 1734/2702/14 1779/2701/14 841/2700/14 843/2703/14 1732/2704/14
f 843/2703/15 845/2705/15 1741/2706/15 1732/2704/15
f 1741/2706/16 845/2705/16 847/2707/16 1743/2708/16
f 1743/2708/17 847/2707/17 849/2709/17 1744/2710/17
f 1744/2710/18 849/2709/18 851/2711/18 1745/2712/18
f 1745/2712/19 851/2711/19 854/2713/19 1746/2714/19
f 1746/2715/20 854/2716/20 855/2717/20 1750/2718/20
f 829/2719/6 828/2720/6 826/2721/6 823/2722/6 822/2723/6 819/2724/6 817/2725/6 816/2726/6 1272/2727/6 1268/2728/6 1275/2729/6 1264/2730/6 1260/2731/6 1257/2732/6 1254/2733/6 1258/2734/6 1252/2735/6 831/2736/6
f 800/2737/6 798/2738/6 795/2739/6 858/2740/6 855/2741/6 854/2742/6 851/2743/6 849/2744/6 847/2745/6 845/2746/6 843/2747/6 841/2748/6 839/2749/6 837/2750/6 835/2751/6 834/2752/6 831/2736/6 1252/2735/6 1239/2753/6 1250/2754/6 1235/2755/6 1231/2756/6 1232/2757/6 1228/2758/6 1234/2759/6 1237/2760/6 1236/2761/6 1238/2762/6 1241/2763/6 1248/2764/6 1242/2765/6 1247/2766/6 1245/2767/6 1265/2768/6 1262/2769/6 1269/2770/6 1267/2771/6 1274/2772/6 1271/2773/6 1270/2774/6 1273/2775/6 1272/2727/6 816/2726/6 814/2776/6 812/2777/6 809/2778/6 807/2779/6 806/2780/6 804/2781/6 801/2782/6
f 855/2717/21 858/2783/21 1769/2784/21 1750/2718/21
f 858/2783/22 795/2647/22 1771/2650/22 1769/2784/22
f 1103/916/7 880/2785/7 881/2786/7 1129/917/7
f 1277/915/8 1278/919/8 896/2787/8 880/2785/8 1103/916/8
f 1279/921/9 893/2788/9 896/2787/9 1278/919/9
f 1124/930/10 901/2789/10 893/2790/10 1279/925/10 1280/924/10
f 1667/929/11 1112/931/11 898/2791/11 901/2789/11 1124/930/11
f 1671/934/12 1121/936/12 910/2792/12 898/2791/12 1112/931/12
f 1678/939/13 1117/941/13 904/2793/13 910/2792/13 1121/936/13
f 1674/944/14 1132/946/14 903/2794/14 904/2793/14 1117/941/14
f 1817/950/15 1114/951/15 908/2795/15 903/2794/15 1132/946/15
f 1819/954/16 1119/956/16 906/2796/16 908/2795/16 1114/951/16
f 1821/959/17 1111/961/17 900/2797/17 906/2796/17 1119/956/17
f 1823/964/18 1122/966/18 911/2798/18 900/2797/18 1111/961/18
f 1825/970/19 1104/971/19 895/2799/19 911/2798/19 1122/966/19
f 1827/976/20 1107/978/20 892/2800/20 895/2801/20 1104/979/20
f 1830/982/21 1101/984/21 889/2802/21 892/2800/21 1107/978/21
f 1833/987/22 1127/989/22 887/2803/22 889/2802/22 1101/984/22
f 1840/993/23 1089/994/23 890/2804/23 887/2803/23 1127/989/23
f 1839/997/24 1093/996/24 885/2805/24 890/2804/24 1089/994/24
f 1838/1002/25 1294/995/25 1295/999/25 1296/1001/25 1087/2806/25 875/2807/25 885/2805/25 1093/996/25
f 1097/1007/26 884/2808/26 875/2809/26 1087/1008/26
f 1079/1011/27 868/2810/27 884/2808/27 1097/1007/27
f 1083/1014/28 862/2811/28 868/2810/28 1079/1011/28
f 1075/1017/29 864/2812/29 862/2811/29 1083/1014/29
f 1072/1020/30 860/2813/30 864/2812/30 1075/1017/30
f 1076/1023/31 865/2814/31 860/2813/31 1072/1020/31
f 1084/1026/32 872/2815/32 865/2814/32 1076/1023/32
f 1081/1029/33 870/2816/33 872/2815/33 1084/1026/33
f 1099/1032/34 874/2817/34 870/2816/34 1081/1029/34
f 1305/1031/35 1306/1034/35 877/2818/35 874/2817/35 1099/1032/35
f 1307/1038/36 882/2819/36 877/2820/36 1306/1035/36
f 1092/1041/37 878/2821/37 882/2819/37 1307/1038/37 1308/1040/37
f 1129/917/38 881/2786/38 878/2821/38 1092/1041/38
f 1163/1046/7 931/2822/7 932/2823/7 1187/1047/7
f 1310/1045/8 1311/1049/8 947/2824/8 931/2822/8 1163/1046/8
f 1312/1051/9 944/2825/9 947/2824/9 1311/1049/9
f 1313/1054/10 951/2826/10 944/2827/10 1312/1055/10
f 1173/1063/11 949/2828/11 951/2826/11 1313/1054/11 1314/1057/11
f 1695/1060/12 1181/1062/12 960/2829/12 949/2828/12 1173/1063/12
f 1699/1067/13 1177/1068/13 955/2830/13 960/2829/13 1181/1062/13
f 1317/1070/14 954/2831/14 955/2830/14 1177/1068/14 1316/1065/14
f 1176/1078/15 958/2832/15 954/2831/15 1317/1070/15 1318/1072/15
f 1800/1075/16 1180/1077/16 957/2833/16 958/2832/16 1176/1078/16
f 1802/1082/17 1171/1083/17 950/2834/17 957/2833/17 1180/1077/17
f 1321/1085/18 961/2835/18 950/2834/18 1171/1083/18 1320/1080/18
f 1165/2836/19 945/2837/19 961/2835/19 1321/1085/19 1322/1087/19
f 1808/1092/20 1168/1094/20 942/2838/20 945/2839/20 1165/1095/20
f 1811/1099/21 1160/1100/21 940/2840/21 942/2838/21 1168/1094/21
f 1815/1104/22 1186/1105/22 938/2841/22 940/2840/22 1160/1100/22
f 1832/1108/23 1149/1107/23 941/2842/23 938/2841/23 1186/1105/23
f 1829/1112/24 1154/1111/24 937/2843/24 941/2842/24 1149/1107/24
f 1826/1117/25 1147/1118/25 926/2844/25 937/2843/25 1154/1111/25
f 1156/1123/26 935/2845/26 926/2846/26 1147/1124/26
f 1138/1127/27 919/2847/27 935/2845/27 1156/1123/27
f 1143/1130/28 915/2848/28 919/2847/28 1138/1127/28
f 1134/1133/29 916/2849/29 915/2848/29 1143/1130/29
f 1677/1135/30 913/2850/30 916/2849/30 1134/1133/30
f 1136/1137/31 917/2851/31 913/2850/31 1677/1135/31
f 1145/1141/32 922/2852/32 917/2851/32 1136/1137/32
f 1141/1144/33 921/2853/33 922/2852/33 1145/1141/33
f 1158/1147/34 924/2854/34 921/2853/34 1141/1144/34
f 1336/1146/35 1337/1149/35 928/2855/35 924/2854/35 1158/1147/35
f 1338/1153/36 934/2856/36 928/2857/36 1337/1150/36
f 1152/1156/37 929/2858/37 934/2856/37 1338/1153/37 1339/1155/37
f 1187/1047/38 932/2823/38 929/2858/38 1152/1156/38
f 1430/1162/7 1429/1161/7 980/2859/7 982/2860/7 1340/1158/7 1884/1157/7
f 1427/1164/8 1886/1163/8 1341/1166/8 999/2861/8 980/2859/8 1429/1161/8
f 1342/1168/9 996/2862/9 999/2861/9 1341/1166/9
f 1343/1171/10 1004/2863/10 996/2864/10 1342/1172/10
f 1344/1174/11 1002/2865/11 1004/2863/11 1343/1171/11
f 1345/2866/12 1011/2867/12 1002/2865/12 1344/1174/12
f 1346/1178/13 1006/2868/13 1011/2867/13 1345/2866/13
f 1582/1183/14 1005/2869/14 1006/2868/14 1346/1178/14 1894/1180/14
f 1009/2870/15 1005/2869/15 1582/1183/15 1584/1182/15
f 1008/2871/16 1009/2870/16 1584/1182/16 1588/2872/16
f 1003/2873/17 1008/2871/17 1588/2872/17 1590/1187/17
f 1012/2874/18 1003/2873/18 1590/1187/18 1594/1189/18
f 997/2875/19 1012/2874/19 1594/1189/19 1596/1191/19
f 994/2876/20 997/2877/20 1596/2878/20 1598/2879/20
f 990/2880/21 994/2876/21 1598/2879/21 1602/2881/21
f 989/2882/22 990/2880/22 1602/2881/22 1630/2883/22
f 1629/2884/23 992/2885/23 989/2882/23 1630/2883/23
f 1626/2886/24 987/2887/24 992/2885/24 1629/2884/24
f 1620/2888/25 975/2889/25 987/2887/25 1626/2886/25
f 1618/2890/26 986/2891/26 975/2892/26 1620/1206/26
f 1616/1211/27 968/2893/27 986/2891/27 1618/2890/27
f 1614/1213/28 964/2894/28 968/2893/28 1616/1211/28
f 1613/1215/29 965/2895/29 964/2894/29 1614/1213/29
f 1612/1217/30 962/2896/30 965/2895/30 1613/1215/30
f 1612/1217/31 1895/1216/31 1347/2897/31 967/2898/31 962/2896/31
f 1348/2899/32 972/2900/32 967/2898/32 1347/2897/32
f 1349/1224/33 971/2901/33 972/2900/33 1348/2899/33
f 1350/2902/34 974/2903/34 971/2901/34 1349/1224/34
f 1351/1228/35 977/2904/35 974/2903/35 1350/2902/35
f 1352/1232/36 984/2905/36 977/2906/36 1351/1229/36
f 1488/1236/37 1490/1235/37 979/2907/37 984/2905/37 1352/1232/37 1903/1233/37
f 1489/1238/38 1904/1237/38 1340/1158/38 982/2860/38 979/2907/38 1490/1235/38
f 1451/1244/7 1450/1243/7 1031/2908/7 1033/2909/7 1353/1240/7 1905/1239/7
f 1448/1246/8 1907/1245/8 1354/1248/8 1050/2910/8 1031/2908/8 1450/1243/8
f 1355/1250/9 1046/2911/9 1050/2910/9 1354/1248/9
f 1356/1253/10 1055/2912/10 1046/2913/10 1355/1254/10
f 1357/1256/11 1052/2914/11 1055/2912/11 1356/1253/11
f 1358/1258/12 1061/2915/12 1052/2914/12 1357/1256/12
f 1359/1260/13 1058/2916/13 1061/2915/13 1358/1258/13
f 1916/1265/14 1914/1264/14 1360/1263/14 1056/2917/14 1058/2916/14 1359/1260/14 1917/1261/14
f 1558/1269/15 1561/1268/15 1060/2918/15 1056/2917/15 1360/1263/15 1918/1266/15
f 1059/2919/16 1060/2918/16 1561/1268/16 1564/1271/16
f 1054/2920/17 1059/2919/17 1564/1271/17 1567/1273/17
f 1062/2921/18 1054/2920/18 1567/1273/18 1570/1275/18
f 1047/2922/19 1062/2921/19 1570/1275/19 1572/2923/19
f 1045/2924/20 1047/2925/20 1572/2926/20 1574/2927/20
f 1040/2928/21 1045/2924/21 1574/2927/21 1577/2929/21
f 1039/2930/22 1040/2928/22 1577/2929/22 1644/2931/22
f 1600/2932/23 1043/2933/23 1039/2930/23 1644/2931/23
f 1597/2934/24 1038/2935/24 1043/2933/24 1600/2932/24
f 1595/2936/25 1026/2937/25 1038/2935/25 1597/2934/25
f 1593/2938/26 1036/2939/26 1026/2940/26 1595/1292/26
f 1589/1297/27 1020/2941/27 1036/2939/27 1593/2938/27
f 1587/2942/28 1016/2943/28 1020/2941/28 1589/1297/28
f 1583/2944/29 1017/2945/29 1016/2943/29 1587/2942/29
f 1581/1303/30 1014/2946/30 1017/2945/30 1583/2944/30
f 1422/1305/31 1919/1304/31 1361/2947/31 1018/2948/31 1014/2946/31 1581/1303/31 1420/1303/31
f 1362/1309/32 1023/2949/32 1018/2948/32 1361/2947/32
f 1363/1311/33 1021/2950/33 1023/2949/33 1362/1309/33
f 1364/1313/34 1024/2951/34 1021/2950/34 1363/1311/34
f 1365/1315/35 1027/2952/35 1024/2951/35 1364/1313/35
f 1366/1319/36 1034/2953/36 1027/2954/36 1365/1316/36
f 1428/1323/37 1433/1322/37 1030/2955/37 1034/2953/37 1366/1319/37 1926/1320/37
f 1434/1325/38 1927/1324/38 1353/1240/38 1033/2909/38 1030/2955/38 1433/1322/38
f 1475/1328/7 1474/1327/7 1086/2956/7 1080/2957/7 1367/1330/7 1928/1329/7
f 1476/1327/8 1931/1326/8 1368/1334/8 1085/2958/8 1086/2956/8 1474/1327/8
f 1369/1336/9 1095/2959/9 1085/2958/9 1368/1334/9
f 1370/1339/10 1115/2960/10 1095/2961/10 1369/1340/10
f 1371/1342/11 1102/2962/11 1115/2960/11 1370/1339/11
f 1372/2963/12 1109/2964/12 1102/2962/12 1371/1342/12
f 1462/1348/13 1456/1347/13 1106/2965/13 1109/2964/13 1372/2963/13 1937/1345/13
f 1457/1350/14 1939/1349/14 1373/1352/14 1105/2966/14 1106/2965/14 1456/1347/14
f 1532/1356/15 1534/1355/15 1108/2967/15 1105/2966/15 1373/1352/15 1940/1353/15
f 1535/1358/16 1941/1357/16 1374/1360/16 1113/2968/16 1108/2967/16 1534/1355/16
f 1539/1364/17 1541/1363/17 1100/2969/17 1113/2968/17 1374/1360/17 1943/1361/17
f 1110/2970/18 1100/2969/18 1541/1363/18 1545/1366/18
f 1096/2971/19 1110/2970/19 1545/1366/19 1546/1368/19 1944/1367/19 1945/1370/19 1549/2972/19 1548/2972/19
f 1098/2973/20 1096/2974/20 1548/2975/20 1551/2976/20
f 1091/2977/21 1098/2973/21 1551/2976/21 1555/2978/21
f 1649/2979/22 1094/2980/22 1091/2977/22 1555/2978/22
f 1576/2981/23 1090/2982/23 1094/2980/23 1649/2979/23
f 1573/2983/24 1074/2984/24 1090/2982/24 1576/2981/24
f 1571/2985/25 1077/2986/25 1074/2984/25 1573/2983/25
f 1569/2987/26 1067/2988/26 1077/2989/26 1571/1386/26
f 1566/1391/27 1068/2990/27 1067/2988/27 1569/2987/27
f 1563/2991/28 1064/2992/28 1068/2990/28 1566/1391/28
f 1559/2993/29 1065/2994/29 1064/2992/29 1563/2991/29
f 1557/1397/30 1063/2995/30 1065/2994/30 1559/2993/30
f 1436/1397/31 1437/2996/31 1066/2997/31 1063/2995/31 1557/1397/31
f 1440/1401/32 1070/2998/32 1066/2997/32 1437/2996/32
f 1443/1406/33 1442/1405/33 1069/2999/33 1070/2998/33 1440/1401/33 1441/1401/33 1946/1400/33 1948/1403/33
f 1446/1408/34 1073/3000/34 1069/2999/34 1442/1405/34
f 1447/1410/35 1949/1409/35 1375/1412/35 1078/3001/35 1073/3000/35 1446/1408/35
f 1376/1416/36 1088/3002/36 1078/3003/36 1375/1413/36
f 1449/1420/37 1454/1419/37 1082/3004/37 1088/3002/37 1376/1416/37 1952/1417/37
f 1455/1422/38 1953/1421/38 1367/1330/38 1080/2957/38 1082/3004/38 1454/1419/38
f 1492/1428/7 1491/1427/7 1146/3005/7 1140/3006/7 1377/1424/7 1954/1423/7
f 1487/1430/8 1956/1429/8 1378/1432/8 1144/3007/8 1146/3005/8 1491/1427/8
f 1379/1434/9 1155/3008/9 1144/3007/9 1378/1432/9
f 1380/3009/10 1174/3010/10 1155/3011/10 1379/3012/10
f 1381/3013/11 1162/3014/11 1174/3010/11 1380/3009/11
f 1382/3015/12 1169/3016/12 1162/3014/12 1381/3013/12
f 1383/3017/13 1166/3018/13 1169/3016/13 1382/3015/13
f 1384/3019/14 1164/3020/14 1166/3018/14 1383/3017/14
f 1385/3021/15 1167/3022/15 1164/3020/15 1384/3019/15
f 1386/3023/16 1172/3024/16 1167/3022/16 1385/3021/16
f 1387/3025/17 1161/3026/17 1172/3024/17 1386/3023/17
f 1388/3027/18 1170/3028/18 1161/3026/18 1387/3025/18
f 1157/3029/19 1170/3028/19 1388/3027/19 1968/3030/19 1668/3031/19 1669/3031/19
f 1159/3032/20 1157/3033/20 1669/3034/20 1666/3035/20
f 1665/3036/21 1151/3037/21 1159/3032/21 1666/3035/21
f 1663/3038/22 1153/3039/22 1151/3037/22 1665/3036/22
f 1553/3040/23 1150/3041/23 1153/3039/23 1663/3038/23
f 1550/3042/24 1135/3043/24 1150/3041/24 1553/3040/24
f 1547/3044/25 1137/3045/25 1135/3043/25 1550/3042/25
f 1544/1475/26 1125/3046/26 1137/3047/26 1547/3048/26
f 1540/1477/27 1126/3049/27 1125/3046/27 1544/1475/27
f 1538/1479/28 1118/3050/28 1126/3049/28 1540/1477/28
f 1533/1481/29 1120/3051/29 1118/3050/29 1538/1479/29
f 1531/1483/30 1116/3052/30 1120/3051/30 1533/1481/30
f 1460/1483/31 1461/1485/31 1123/3053/31 1116/3052/31 1531/1483/31
f 1465/1487/32 1131/3054/32 1123/3053/32 1461/1485/32
f 1466/1487/33 1969/1486/33 1389/1490/33 1128/3055/33 1131/3054/33 1465/1487/33
f 1469/1494/34 1470/1493/34 1133/3056/34 1128/3055/34 1389/1490/34 1972/1491/34
f 1471/1496/35 1139/3057/35 1133/3056/35 1470/1493/35
f 1472/3058/36 1973/1499/36 1390/1502/36 1148/3059/36 1139/3060/36 1471/3058/36
f 1473/1506/37 1479/1505/37 1142/3061/37 1148/3059/37 1390/1502/37 1976/1503/37
f 1480/1508/38 1977/1507/38 1377/1424/38 1140/3006/38 1142/3061/38 1479/1505/38
f 1720/1601/7 2004/1509/7 1391/1512/7 1195/3062/7 1197/3063/7 1721/1601/7
f 1392/3064/8 1215/3065/8 1195/3062/8 1391/1512/8
f 1393/3066/9 1212/3067/9 1215/3065/9 1392/3064/9
f 1394/1519/10 1219/3068/10 1212/3069/10 1393/1520/10
f 1725/1524/11 1726/1523/11 1217/3070/11 1219/3068/11 1394/1519/11 1983/1521/11
f 1727/1526/12 1984/1525/12 1395/1528/12 1225/3071/12 1217/3070/12 1726/1523/12
f 1729/1532/13 1736/1531/13 1221/3072/13 1225/3071/13 1395/1528/13 1986/1529/13
f 1730/1534/14 1988/1533/14 1396/1536/14 1220/3073/14 1221/3072/14 1736/1531/14
f 1777/1540/15 1776/1539/15 1224/3074/15 1220/3073/15 1396/1536/15 1989/1537/15
f 1780/1542/16 1990/1541/16 1397/1544/16 1222/3075/16 1224/3074/16 1776/1539/16
f 1784/1548/17 1783/1547/17 1218/3076/17 1222/3075/17 1397/1544/17 1992/1545/17
f 1787/1550/18 1993/1549/18 1398/1552/18 1227/3077/18 1218/3076/18 1783/1547/18
f 1399/1554/19 1213/3078/19 1227/3077/19 1398/1552/19
f 1400/1557/20 1211/3079/20 1213/3080/20 1399/3081/20
f 1401/3082/21 1206/3083/21 1211/3079/21 1400/1557/21
f 1205/3084/22 1206/3083/22 1401/3082/22 1999/1562/22 1814/1565/22 1816/1565/22
f 1812/1564/23 1208/3085/23 1205/3084/23 1816/1565/23
f 1809/1567/24 1203/3086/24 1208/3085/24 1812/1564/24
f 1807/1569/25 1189/3087/25 1203/3086/25 1809/1567/25
f 1806/3088/26 1201/3089/26 1189/3090/26 1807/3091/26
f 1803/3092/27 1183/3093/27 1201/3089/27 1806/3088/27
f 1801/3094/28 1178/3095/28 1183/3093/28 1803/3092/28
f 1797/3096/29 1179/3097/29 1178/3095/29 1801/3094/29
f 1696/3098/30 1175/3099/30 1179/3097/30 1797/3096/30
f 1700/3100/31 1182/3101/31 1175/3099/31 1696/3098/31
f 1707/3102/32 1185/3103/32 1182/3101/32 1700/3100/32
f 1711/3104/33 1184/3105/33 1185/3103/33 1707/3102/33
f 1713/3106/34 1188/3107/34 1184/3105/34 1711/3104/34
f 1715/3108/35 1191/3109/35 1188/3107/35 1713/3106/35
f 1716/3110/36 2000/1593/36 1402/1596/36 1200/3111/36 1191/3112/36 1715/3110/36
f 1719/1600/37 1718/3113/37 1193/3114/37 1200/3111/37 1402/1596/37 2003/1597/37
f 1721/1601/38 1197/3063/38 1193/3114/38 1718/3113/38
f 1772/1679/7 2005/1602/7 1403/1605/7 1245/3115/7 1247/3116/7 1770/1679/7
f 1404/1607/8 1265/3117/8 1245/3115/8 1403/1605/8
f 1405/3118/9 1262/3119/9 1265/3117/9 1404/1607/9
f 1406/3120/10 1269/3121/10 1262/3122/10 1405/3123/10
f 1407/3124/11 1267/3125/11 1269/3121/11 1406/3120/11
f 1408/3126/12 1274/3127/12 1267/3125/12 1407/3124/12
f 1409/3128/13 1271/3129/13 1274/3127/13 1408/3126/13
f 1410/3130/14 1270/3131/14 1271/3129/14 1409/3128/14
f 1411/3132/15 1273/3133/15 1270/3131/15 1410/3130/15
f 1412/3134/16 1272/3135/16 1273/3133/16 1411/3132/16
f 1413/3136/17 1268/3137/17 1272/3135/17 1412/3134/17
f 1414/3138/18 1275/3139/18 1268/3137/18 1413/3136/18
f 1415/3140/19 1264/3141/19 1275/3139/19 1414/3138/19
f 1416/1634/20 1260/3142/20 1264/3143/20 1415/1635/20
f 1417/1637/21 1257/3144/21 1260/3142/21 1416/1634/21
f 1254/3145/22 1257/3144/22 1417/1637/22 2021/1639/22 1795/1642/22 1796/1642/22
f 1794/3146/23 1258/3147/23 1254/3145/23 1796/1642/23
f 1791/1644/24 1252/3148/24 1258/3147/24 1794/3146/24
f 1790/1646/25 1239/3149/25 1252/3148/25 1791/1644/25
f 1789/3150/26 1250/3151/26 1239/3152/26 1790/3153/26
f 1785/3154/27 1235/3155/27 1250/3151/27 1789/3150/27
f 1782/3156/28 1231/3157/28 1235/3155/28 1785/3154/28
f 1778/3158/29 1232/3159/29 1231/3157/29 1782/3156/29
f 1733/3160/30 1228/3161/30 1232/3159/30 1778/3158/30
f 1737/3162/31 1234/3163/31 1228/3161/31 1733/3160/31
f 1747/3164/32 1237/3165/32 1234/3163/32 1737/3162/32
f 1748/3166/33 1236/3167/33 1237/3165/33 1747/3164/33
f 1749/3168/34 1238/3169/34 1236/3167/34 1748/3166/34
f 1758/3170/35 1241/3171/35 1238/3169/35 1749/3168/35
f 1759/1670/36 2022/1669/36 1418/1674/36 1248/3172/36 1241/3173/36 1758/1671/36
f 1767/1678/37 1768/1677/37 1242/3174/37 1248/3172/37 1418/1674/37 2024/1675/37
f 1770/1679/38 1247/3116/38 1242/3174/38 1768/1677/38
f 1878/3175/39 1308/3176/39 1307/3177/39 1306/3178/39
f 1279/3179/1 1278/3180/1 1277/3181/1 1877/3182/1
f 1894/3183/40 1346/3184/40 1345/3185/40 1344/3186/40 1343/3187/40 1342/3188/40 1341/3189/40 1886/3190/40 1887/3189/40 1888/3188/40 1889/3187/40 1890/3191/40 1891/3185/40 1892/3192/40 1893/3193/40
f 1903/3194/41 1352/3195/41 1351/3196/41 1350/3197/41 1349/3198/41 1348/3199/41 1347/3200/41 1895/3201/41 1896/3202/41 1897/3203/41 1898/3204/41 1899/3205/41 1900/3206/41 1901/3207/41 1902/3208/41
f 1884/3209/5 1340/3210/5 1904/3211/5 1885/3210/5
f 1948/3212/1 1946/3212/1 1947/3212/1
f 1951/3213/5 1952/3214/5 1376/3215/5 1375/3216/5 1949/3217/5 1950/3218/5
f 1929/3219/5 1928/3220/5 1367/3221/5 1953/3222/5
f 1943/3223/42 1374/3224/42 1941/3225/42 1942/3226/42
f 1937/3227/43 1372/3228/43 1371/3229/43 1370/3230/43 1369/3231/43 1368/3232/43 1931/3233/43 1930/3233/43 1932/3232/43 1933/3234/43 1934/3235/43 1935/3229/43 1936/3236/43
f 1940/3237/5 1373/3238/5 1939/3239/5 1938/3240/5
f 1970/3241/5 1971/3242/5 1972/3243/5
f 1389/3244/1 1969/3244/1 1970/3244/1
f 1972/3245/6 1389/3246/6 1970/3247/6
f 1975/3248/44 1976/3249/44 1390/3250/44 1973/3251/44 1974/3252/44
f 1955/3253/5 1954/3254/5 1377/3253/5 1977/3255/5
f 1967/3256/45 1968/3257/45 1388/3258/45 1387/3259/45 1386/3260/45 1385/3261/45 1384/3262/45 1383/3263/45 1382/3264/45 1381/3265/45 1380/3266/45 1379/3267/45 1378/3268/45 1956/3269/45 1957/3270/45 1958/3271/45 1959/3272/45 1960/3273/45 1961/3274/45 1962/3275/45 1963/3262/45 1964/3276/45 1965/3277/45 1966/3259/45
f 1917/3278/46 1359/3279/46 1358/3280/46 1357/3281/46 1356/3282/46 1355/3283/46 1354/3284/46 1907/3285/46 1908/3286/46 1909/3287/46 1910/3282/46 1911/3288/46 1912/3289/46 1913/3279/46
f 1905/3290/5 1353/3291/5 1927/3292/5 1906/3291/5
f 1926/3293/47 1366/3294/47 1365/3295/47 1364/3296/47 1363/3297/47 1362/3298/47 1361/3299/47 1919/3300/47 1920/3299/47 1921/3298/47 1922/3297/47 1923/3296/47 1924/3295/47 1925/3294/47
f 1918/3301/48 1360/3302/48 1914/3303/48 1915/3302/48
f 1322/3304/6 1321/3304/6 1320/3304/6 1882/3304/6
f 1318/3305/5 1317/3306/5 1316/3307/5 1881/3306/5
f 1314/3308/5 1313/3309/5 1312/3310/5 1880/3309/5
f 1879/3311/1 1312/3312/1 1311/3313/1 1310/3314/1
f 1883/3315/3 1339/3316/3 1338/3315/3 1337/3317/3
f 1999/3318/49 1401/3319/49 1400/3320/49 1399/3321/49 1398/3322/49 1993/3323/49 1994/3324/49 1995/3325/49 1996/3320/49 1997/3326/49 1998/3318/49
f 1992/3327/5 1397/3328/5 1990/3329/5 1991/3328/5
f 1989/3330/5 1396/3331/5 1988/3332/5 1987/3331/5
f 1986/3333/5 1395/3334/5 1984/3335/5 1985/3336/5
f 1982/3337/5 1983/3338/5 1394/3337/5 1393/3339/5 1392/3340/5 1391/3341/5 2004/3342/5 1978/3343/5 1979/3344/5 1980/3345/5 1981/3339/5
f 2002/3346/50 2003/3346/50 1402/3346/50 2001/3346/50
f 1402/3346/5 2000/3346/5 2001/3346/5
f 1417/3347/51 1416/3348/51 1415/3349/51 1414/3350/51 1413/3351/51 1412/3352/51 1411/3353/51 1410/3354/51 1409/3355/51 1408/3356/51 1407/3357/51 1406/3358/51 1405/3359/51 1404/3360/51 1403/3361/51 2005/3362/51 2006/3361/51 2007/3363/51 2008/3364/51 2009/3365/51 2010/3357/51 2011/3356/51 2012/3355/51 2013/3354/51 2014/3353/51 2015/3352/51 2016/3351/51 2017/3366/51 2018/3367/51 2019/3368/51 2020/3347/51 2021/3369/51
f 2023/3370/50 2024/3371/50 1418/3372/50 2022/3373/50
f 2046/3374/1 65/3375/1 96/3376/1 2047/3377/1
f 96/3378/2 121/3379/2 2059/3380/2 2047/3381/2
f 2059/3382/3 121/3383/3 113/3384/3 2058/3385/3
f 2063/3386/4 2058/3387/4 113/3388/4 65/3389/4 2046/3390/4
f 121/3391/6 96/3392/6 65/3393/6 113/3394/6
f 2073/3395/1 127/3396/1 133/3397/1 2074/3398/1
f 2074/3399/2 133/3400/2 144/3401/2 2077/3402/2
f 2077/3403/3 144/3404/3 138/3405/3 2076/3406/3
f 2076/3407/4 138/3408/4 127/3409/4 2073/3410/4
f 144/3411/6 133/3412/6 127/3413/6 138/3414/6
f 2084/3415/1 150/3416/1 156/3417/1 2085/3418/1
f 2085/3419/2 156/3420/2 170/3421/2 2082/3422/2
f 2082/3423/3 170/3424/3 162/3425/3 2081/3426/3
f 2081/3427/4 162/3428/4 150/3429/4 2084/3430/4
f 170/3431/6 156/3432/6 150/3433/6 162/3434/6
f 2092/3435/1 173/3436/1 181/3437/1 2093/3438/1
f 2093/3439/2 181/3440/2 196/3441/2 2090/3442/2
f 2090/3443/3 196/3444/3 185/3445/3 2089/3446/3
f 2089/3447/4 185/3448/4 173/3449/4 2092/3450/4
f 196/3451/6 181/3452/6 173/3453/6 185/3454/6
f 2097/3455/1 202/3456/1 209/3457/1 2098/3458/1
f 2098/3459/2 209/3460/2 222/3461/2 2071/3462/2
f 2071/3463/3 222/3464/3 215/3465/3 2069/3466/3
f 2068/3467/4 2069/3468/4 215/3469/4 202/3470/4 2097/3471/4
f 222/3472/6 209/3473/6 202/3474/6 215/3475/6
f 2048/3476/1 229/3477/1 233/3478/1 2050/3479/1
f 233/3480/2 247/3481/2 2061/3482/2 2050/3483/2
f 2061/3484/3 247/3485/3 239/3486/3 2060/3487/3
f 2060/3488/4 239/3489/4 229/3490/4 2048/3491/4
f 247/3492/6 233/3493/6 229/3494/6 239/3495/6
f 254/3496/1 258/3497/1 2100/3498/1 2075/3499/1
f 258/3500/2 272/3501/2 2080/3502/2 2100/3503/2
f 2080/3504/3 272/3505/3 266/3506/3 2078/3507/3
f 2078/3508/4 266/3509/4 254/3510/4 2075/3511/4
f 272/3512/6 258/3513/6 254/3514/6 266/3515/6
f 2086/3516/1 276/3517/1 281/3518/1 2079/3519/1
f 2079/3520/2 281/3521/2 294/3522/2 2088/3523/2
f 2088/3524/3 294/3525/3 287/3526/3 2083/3527/3
f 2083/3528/4 287/3529/4 276/3530/4 2086/3531/4
f 294/3532/6 281/3533/6 276/3534/6 287/3535/6
f 2094/3536/1 302/3537/1 308/3538/1 2087/3539/1
f 2087/3540/2 308/3541/2 317/3542/2 2096/3543/2
f 2096/3544/3 317/3545/3 312/3546/3 2091/3547/3
f 2091/3548/4 312/3549/4 302/3550/4 2094/3551/4
f 317/3552/6 308/3553/6 302/3554/6 312/3555/6
f 2099/3556/1 324/3557/1 331/3558/1 2095/3559/1
f 2095/3560/2 331/3561/2 343/3562/2 2070/3563/2
f 2070/3564/3 343/3565/3 337/3566/3 2072/3567/3
f 2072/3568/4 337/3569/4 324/3570/4 2099/3571/4
f 343/3572/6 331/3573/6 324/3574/6 337/3575/6
f 2056/3576/1 348/3577/1 354/3578/1 2057/3579/1
f 2057/3580/2 354/3581/2 366/3582/2 2053/3583/2
f 2053/3584/3 366/3585/3 360/3586/3 2052/3587/3
f 2052/3588/4 360/3589/4 348/3590/4 2056/3591/4
f 366/3592/6 354/3593/6 348/3594/6 360/3595/6
f 2067/3596/1 372/3597/1 379/3598/1 2064/3599/1
f 2062/3600/2 2064/3601/2 379/3602/2 392/3603/2 2107/3604/2
f 2107/3605/3 392/3606/3 385/3607/3 2105/3608/3
f 2105/3609/4 385/3610/4 372/3611/4 2067/3612/4
f 392/3613/6 379/3614/6 372/3615/6 385/3616/6
f 2103/3617/1 397/3618/1 403/3619/1 2106/3620/1
f 2106/3621/2 403/3622/2 416/3623/2 2113/3624/2
f 2113/3625/3 416/3626/3 407/3627/3 2112/3628/3
f 2112/3629/4 407/3630/4 397/3631/4 2103/3632/4
f 416/3633/6 403/3634/6 397/3635/6 407/3636/6
f 2111/3637/1 421/3638/1 425/3639/1 2110/3640/1
f 2110/3641/2 425/3642/2 431/3643/2 2120/3644/2
f 2120/3645/3 431/3646/3 428/3647/3 2115/3648/3
f 2115/3649/4 428/3650/4 421/3651/4 2111/3652/4
f 431/3653/6 425/3654/6 421/3655/6 428/3656/6
f 2116/3657/1 435/3658/1 437/3659/1 2119/3660/1
f 2119/3661/2 437/3662/2 443/3663/2 2118/3664/2
f 2118/3665/3 443/3666/3 440/3667/3 2117/3668/3
f 2117/3669/4 440/3670/4 435/3671/4 2116/3672/4
f 443/3673/6 437/3674/6 435/3675/6 440/3676/6
f 2054/3677/1 447/3678/1 449/3679/1 2055/3680/1
f 449/3681/2 456/3682/2 2051/3683/2 2055/3684/2
f 2051/3685/3 456/3686/3 453/3687/3 2049/3688/3
f 2049/3689/4 453/3690/4 447/3691/4 2054/3692/4
f 456/3693/6 449/3694/6 447/3695/6 453/3696/6
f 2065/3697/1 459/3698/1 462/3699/1 2066/3700/1
f 462/3701/2 467/3702/2 2104/3703/2 2066/3704/2
f 2104/3705/3 467/3706/3 464/3707/3 2101/3708/3
f 2101/3709/4 464/3710/4 459/3711/4 2065/3712/4
f 467/3713/6 462/3714/6 459/3715/6 464/3716/6
f 2108/3717/1 471/3718/1 473/3719/1 2102/3720/1
f 2102/3721/2 473/3722/2 479/3723/2 2114/3724/2
f 2114/3725/3 479/3726/3 477/3727/3 2109/3728/3
f 2109/3729/4 477/3730/4 471/3731/4 2108/3732/4
f 479/3733/6 473/3734/6 471/3735/6 477/3736/6
f 2131/3737/1 483/3738/1 486/3739/1 2130/3740/1
f 2130/3741/2 486/3742/2 491/3743/2 2133/3744/2
f 2133/3745/3 491/3746/3 488/3747/3 2132/3748/3
f 2132/3749/4 488/3750/4 483/3751/4 2131/3752/4
f 491/3753/6 486/3754/6 483/3755/6 488/3756/6
f 2122/3757/1 495/3758/1 497/3759/1 2123/3760/1
f 2121/3761/2 2123/3762/2 497/3763/2 503/3764/2 2124/3765/2
f 2124/3766/3 503/3767/3 500/3768/3 2125/3769/3
f 2125/3770/4 500/3771/4 495/3772/4 2122/3773/4
f 503/3774/6 497/3775/6 495/3776/6 500/3777/6
f 2126/3778/1 507/3779/1 509/3780/1 2127/3781/1
f 509/3782/2 516/3783/2 2129/3784/2 2127/3785/2
f 2129/3786/3 516/3787/3 513/3788/3 2128/3789/3
f 2128/3790/4 513/3791/4 507/3792/4 2126/3793/4
f 516/3794/6 509/3795/6 507/3796/6 513/3797/6
f 25/3798/1 35/3799/1 87/3800/1 80/3801/1
f 80/3802/2 87/3803/2 120/3804/2 117/3805/2
f 109/3806/3 97/3807/3 117/3808/3 120/3809/3
f 2135/3810/4 97/3811/4 109/3812/4 35/3813/4 25/3814/4 2134/3815/4
f 286/3816/6 300/3817/6 87/3818/6 35/3819/6 273/3820/6 275/3821/6 278/3822/6 280/3823/6 288/3824/6 289/3825/6 291/3826/6 293/3827/6 295/3828/6 297/3829/6 282/3830/6 284/3831/6
f 378/3832/6 353/3833/6 355/3834/6 352/3835/6 340/3836/6 335/3837/6 375/3838/6 391/3839/6 419/3840/6 418/3841/6 389/3842/6 388/3843/6 409/3844/6 415/3845/6 413/3846/6 412/3847/6 382/3848/6 400/3849/6 401/3850/6 404/3851/6 408/3852/6 405/3853/6 109/3854/6 120/3855/6 422/3856/6 423/3857/6
f 323/3858/6 301/3859/6 364/3860/6 365/3861/6
f 306/3862/6 304/3863/6 325/3864/6 328/3865/6
f 313/3866/6 311/3867/6 319/3868/6 322/3869/6
f 318/3870/6 316/3871/6 332/3872/6 334/3873/6
f 2224/3874/6 338/3875/6 344/3876/6 2225/3877/6
f 2243/3878/6 2242/3879/6 2262/3880/6 2261/3881/6
f 340/3836/6 347/3882/6 355/3834/6 353/3833/6 422/3856/6 120/3855/6 87/3818/6 300/3817/6 318/3870/6 334/3873/6 349/3883/6 346/3884/6 332/3872/6 316/3871/6 286/3816/6 284/3831/6 313/3866/6 322/3869/6 338/3875/6 2224/3874/6 2227/3885/6 2228/3886/6 2258/3887/6 2257/3888/6 2255/3889/6 2254/3890/6 2239/3891/6 2238/3892/6 2232/3893/6 2231/3894/6 2236/3895/6 2237/3896/6 2250/3897/6 2251/3898/6 2252/3899/6 2253/3900/6 2225/3877/6 344/3876/6 319/3868/6 311/3867/6 282/3830/6 297/3829/6 329/3901/6 361/3902/6 295/3828/6 293/3827/6 359/3903/6 357/3904/6 291/3826/6 289/3825/6 310/3905/6 307/3906/6 288/3824/6 280/3823/6 306/3862/6 328/3865/6 341/3907/6 367/3908/6 325/3864/6 304/3863/6 278/3822/6 275/3821/6 301/3859/6 323/3858/6 369/3909/6 371/3910/6 365/3861/6 364/3860/6 273/3820/6 35/3819/6 109/3854/6 405/3853/6 394/3911/6 396/3912/6 408/3852/6 404/3851/6 398/3913/6 400/3849/6 2235/3914/6 2233/3915/6 2234/3916/6 2240/3917/6 2244/3918/6 2245/3919/6 2241/3920/6 2243/3878/6 2261/3881/6 2260/3921/6 2263/3922/6 2264/3923/6 2265/3924/6 2262/3880/6 2242/3879/6 2256/3925/6 2259/3926/6 2229/3927/6 2230/3928/6 2226/3929/6
f 389/3842/6 391/3839/6 375/3838/6 380/3930/6 374/3931/6 335/3837/6 340/3836/6 2226/3929/6 2246/3932/6 2259/3926/6 2256/3925/6 2249/3933/6 2247/3934/6 2242/3879/6 2243/3878/6 2248/3935/6 2245/3919/6 2244/3918/6 2235/3914/6 400/3849/6 382/3848/6 383/3936/6 413/3846/6 415/3845/6 386/3937/6 388/3843/6
f 2238/3892/6 2239/3891/6 2237/3896/6 2236/3895/6
f 2254/3890/6 2255/3889/6 2251/3898/6 2250/3897/6
f 2257/3888/6 2258/3887/6 2253/3900/6 2252/3899/6
f 316/3938/4 58/3939/4 91/3940/4 286/3941/4
f 286/3942/1 91/3943/1 122/3944/1 300/3945/1
f 300/3946/2 122/3947/2 114/3948/2 318/3949/2
f 318/3950/3 114/3951/3 58/3952/3 316/3953/3
f 122/3954/6 91/3955/6 58/3956/6 114/3957/6
f 311/3958/4 124/3959/4 126/3960/4 282/3961/4
f 282/3962/1 126/3963/1 129/3964/1 284/3965/1
f 284/3966/2 129/3967/2 128/3968/2 313/3969/2
f 313/3970/3 128/3971/3 124/3972/3 311/3973/3
f 129/3974/6 126/3975/6 124/3976/6 128/3977/6
f 346/3978/4 131/3979/4 134/3980/4 332/3981/4
f 332/3982/1 134/3983/1 137/3984/1 334/3985/1
f 334/3986/2 137/3987/2 136/3988/2 349/3989/2
f 349/3990/3 136/3991/3 131/3992/3 346/3993/3
f 137/3994/6 134/3995/6 131/3996/6 136/3997/6
f 344/3998/4 139/3999/4 141/4000/4 319/4001/4
f 319/4002/1 141/4003/1 145/4004/1 322/4005/1
f 322/4006/2 145/4007/2 143/4008/2 338/4009/2
f 338/4010/3 143/4011/3 139/4012/3 344/4013/3
f 145/4014/6 141/4015/6 139/4016/6 143/4017/6
f 304/4018/4 147/4019/4 149/4020/4 278/4021/4
f 278/4022/1 149/4023/1 153/4024/1 280/4025/1
f 280/4026/2 153/4027/2 151/4028/2 306/4029/2
f 306/4030/3 151/4031/3 147/4032/3 304/4033/3
f 153/4034/6 149/4035/6 147/4036/6 151/4037/6
f 364/4038/4 155/4039/4 158/4040/4 273/4041/4
f 273/4042/1 158/4043/1 161/4044/1 275/4045/1
f 275/4046/2 161/4047/2 159/4048/2 301/4049/2
f 301/4050/3 159/4051/3 155/4052/3 364/4053/3
f 161/4054/6 158/4055/6 155/4056/6 159/4057/6
f 367/4058/4 163/4059/4 165/4060/4 325/4061/4
f 325/4062/1 165/4063/1 169/4064/1 328/4065/1
f 328/4066/2 169/4067/2 167/4068/2 341/4069/2
f 341/4070/3 167/4071/3 163/4072/3 367/4073/3
f 169/4074/6 165/4075/6 163/4076/6 167/4077/6
f 371/4078/4 171/4079/4 174/4080/4 365/4081/4
f 365/4082/1 174/4083/1 177/4084/1 323/4085/1
f 177/4086/2 175/4087/2 369/4088/2 323/4089/2
f 369/4090/3 175/4091/3 171/4092/3 371/4093/3
f 177/4094/6 174/4095/6 171/4096/6 175/4097/6
f 307/4098/4 180/4099/4 182/4100/4 288/4101/4
f 288/4102/1 182/4103/1 186/4104/1 289/4105/1
f 289/4106/2 186/4107/2 184/4108/2 310/4109/2
f 310/4110/3 184/4111/3 180/4112/3 307/4113/3
f 186/4114/6 182/4115/6 180/4116/6 184/4117/6
f 357/4118/4 188/4119/4 191/4120/4 291/4121/4
f 291/4122/1 191/4123/1 195/4124/1 293/4125/1
f 293/4126/2 195/4127/2 193/4128/2 359/4129/2
f 359/4130/3 193/4131/3 188/4132/3 357/4133/3
f 195/4134/6 191/4135/6 188/4136/6 193/4137/6
f 361/4138/4 199/4139/4 201/4140/4 295/4141/4
f 295/4142/1 201/4143/1 208/4144/1 297/4145/1
f 297/4146/2 208/4147/2 205/4148/2 329/4149/2
f 329/4150/3 205/4151/3 199/4152/3 361/4153/3
f 208/4154/6 201/4155/6 199/4156/6 205/4157/6
f 412/4158/4 210/4159/4 212/4160/4 382/4161/4
f 382/4162/1 212/4163/1 216/4164/1 383/4165/1
f 383/4166/2 216/4167/2 213/4168/2 413/4169/2
f 413/4170/3 213/4171/3 210/4172/3 412/4173/3
f 216/4174/6 212/4175/6 210/4176/6 213/4177/6
f 415/4178/4 217/4179/4 219/4180/4 386/4181/4
f 386/4182/1 219/4183/1 223/4184/1 388/4185/1
f 388/4186/2 223/4187/2 221/4188/2 409/4189/2
f 409/4190/3 221/4191/3 217/4192/3 415/4193/3
f 223/4194/6 219/4195/6 217/4196/6 221/4197/6
f 352/4198/4 225/4199/4 227/4200/4 340/4201/4
f 340/4202/1 227/4203/1 232/4204/1 347/4205/1
f 347/4206/2 232/4207/2 230/4208/2 355/4209/2
f 355/4210/3 230/4211/3 225/4212/3 352/4213/3
f 232/4214/6 227/4215/6 225/4216/6 230/4217/6
f 380/4218/4 234/4219/4 235/4220/4 374/4221/4
f 374/4222/1 235/4223/1 240/4224/1 335/4225/1
f 335/4226/2 240/4227/2 238/4228/2 375/4229/2
f 375/4230/3 238/4231/3 234/4232/3 380/4233/3
f 240/4234/6 235/4235/6 234/4236/6 238/4237/6
f 423/4238/4 241/4239/4 243/4240/4 378/4241/4
f 243/4242/1 248/4243/1 353/4244/1 378/4245/1
f 353/4246/2 248/4247/2 246/4248/2 422/4249/2
f 422/4250/3 246/4251/3 241/4252/3 423/4253/3
f 248/4254/6 243/4255/6 241/4256/6 246/4257/6
f 418/4258/4 250/4259/4 251/4260/4 389/4261/4
f 389/4262/1 251/4263/1 255/4264/1 391/4265/1
f 391/4266/2 255/4267/2 253/4268/2 419/4269/2
f 419/4270/3 253/4271/3 250/4272/3 418/4273/3
f 255/4274/6 251/4275/6 250/4276/6 253/4277/6
f 404/4278/4 257/4279/4 259/4280/4 398/4281/4
f 398/4282/1 259/4283/1 264/4284/1 400/4285/1
f 400/4286/2 264/4287/2 261/4288/2 401/4289/2
f 401/4290/3 261/4291/3 257/4292/3 404/4293/3
f 264/4294/6 259/4295/6 257/4296/6 261/4297/6
f 405/4298/4 265/4299/4 267/4300/4 394/4301/4
f 394/4302/1 267/4303/1 271/4304/1 396/4305/1
f 396/4306/2 271/4307/2 269/4308/2 408/4309/2
f 408/4310/3 269/4311/3 265/4312/3 405/4313/3
f 271/4314/6 267/4315/6 265/4316/6 269/4317/6
f 2138/4318/3 2137/4319/3 1/4320/3 43/4321/3 2140/4322/3 2139/4323/3
f 76/4324/52 82/4325/52 2147/4326/52 2142/4327/52
f 2140/4328/53 43/4329/53 76/4330/53 2142/4331/53
f 101/4332/54 106/4333/54 2149/4334/54 2146/4335/54
f 82/4325/55 101/4332/55 2146/4335/55 2147/4326/55
f 106/4336/56 1/4337/56 2137/4338/56 2149/4339/56
f 106/4340/6 101/4341/6 82/4342/6 76/4343/6 43/4344/6 1/4345/6
f 2141/4346/3 189/4347/3 192/4348/3 2143/4349/3
f 197/4350/52 200/4351/52 2136/4352/52 2144/4353/52
f 2143/4354/53 192/4355/53 197/4356/53 2144/4357/53
f 204/4358/54 206/4359/54 2145/4360/54 2148/4361/54
f 200/4351/55 204/4358/55 2148/4361/55 2136/4352/55
f 206/4362/56 189/4363/56 2141/4364/56 2145/4365/56
f 206/4366/6 204/4367/6 200/4368/6 197/4369/6 192/4370/6 189/4371/6
f 13/4372/2 28/4373/2 2150/4374/2 2152/4375/2
f 2150/4376/3 28/4377/3 55/4378/3 2151/4379/3
f 2151/4380/4 55/4381/4 45/4382/4 2153/4383/4
f 45/4384/1 13/4385/1 2152/4386/1 2153/4387/1
f 28/4388/6 13/4389/6 45/4390/6 55/4391/6
f 2158/4392/3 9/4393/3 20/4394/3 2159/4395/3
f 2159/4396/4 20/4397/4 38/4398/4 2162/4399/4
f 38/4400/1 31/4401/1 2163/4402/1 2162/4403/1
f 31/4404/2 9/4405/2 2158/4406/2 2163/4407/2
f 20/4408/6 9/4409/6 31/4410/6 38/4411/6
f 2156/4412/3 52/4413/3 62/4414/3 2157/4415/3
f 2157/4416/4 62/4417/4 77/4418/4 2164/4419/4
f 77/4420/1 67/4421/1 2166/4422/1 2164/4423/1
f 67/4424/2 52/4425/2 2156/4426/2 2166/4427/2
f 62/4428/6 52/4429/6 67/4430/6 77/4431/6
f 2170/4432/3 83/4433/3 93/4434/3 2155/4435/3
f 2155/4436/4 93/4437/4 104/4438/4 2165/4439/4
f 104/4440/1 100/4441/1 2161/4442/1 2165/4443/1
f 100/4444/2 83/4445/2 2170/4446/2 2161/4447/2
f 93/4448/6 83/4449/6 100/4450/6 104/4451/6
f 2168/4452/3 107/4453/3 112/4454/3 2169/4455/3
f 2169/4456/4 112/4457/4 118/4458/4 2160/4459/4
f 118/4460/1 116/4461/1 2154/4462/1 2160/4463/1
f 2167/4464/2 2154/4465/2 116/4466/2 107/4467/2 2168/4468/2
f 112/4469/6 107/4470/6 116/4471/6 118/4472/6
f 2186/4473/3 6/4474/3 14/4475/3 2174/4476/3
f 2174/4477/4 14/4478/4 26/4479/4 2190/4480/4
f 26/4481/1 22/4482/1 2185/4483/1 2190/4484/1
f 22/4485/2 6/4486/2 2186/4487/2 2185/4488/2
f 14/4489/6 6/4490/6 22/4491/6 26/4492/6
f 2175/4493/3 33/4494/3 40/4495/3 2176/4496/3
f 2176/4497/4 40/4498/4 54/4499/4 2192/4500/4
f 54/4501/1 48/4502/1 2191/4503/1 2192/4504/1
f 48/4505/2 33/4506/2 2175/4507/2 2191/4508/2
f 40/4509/6 33/4510/6 48/4511/6 54/4512/6
f 2177/4513/3 61/4514/3 70/4515/3 2178/4516/3
f 2178/4517/4 70/4518/4 79/4519/4 2189/4520/4
f 79/4521/1 73/4522/1 2188/4523/1 2189/4524/1
f 73/4525/2 61/4526/2 2177/4527/2 2188/4528/2
f 70/4529/6 61/4530/6 73/4531/6 79/4532/6
f 2179/4533/3 85/4534/3 88/4535/3 2180/4536/3
f 2180/4537/4 88/4538/4 99/4539/4 2183/4540/4
f 99/4541/1 94/4542/1 2187/4543/1 2183/4544/1
f 94/4545/2 85/4546/2 2179/4547/2 2187/4548/2
f 88/4549/6 85/4550/6 94/4551/6 99/4552/6
f 2181/4553/3 102/4554/3 105/4555/3 2182/4556/3
f 2173/4557/4 2182/4558/4 105/4559/4 111/4560/4 2171/4561/4
f 2172/4562/1 2171/4563/1 111/4564/1 108/4565/1 2184/4566/1
f 108/4567/2 102/4568/2 2181/4569/2 2184/4570/2
f 105/4571/6 102/4572/6 108/4573/6 111/4574/6
f 2199/4575/3 2216/4576/3 4/4577/3 12/4578/3 2197/4579/3
f 2197/4580/4 12/4581/4 19/4582/4 2198/4583/4
f 2215/2562/1 2222/2563/1 2223/2567/1 2200/2566/1
f 16/4584/2 4/4585/2 2216/4586/2 2217/4587/2
f 12/4588/6 4/4589/6 16/4590/6 19/4591/6
f 24/4592/2 30/4593/2 2207/4594/2 2205/4595/2
f 2207/4596/3 30/4597/3 37/4598/3 2208/4599/3
f 2208/4600/4 37/4601/4 34/4602/4 2209/4603/4
f 2206/4604/1 2209/4605/1 34/4606/1 24/4607/1 2205/4608/1
f 30/4609/6 24/4610/6 34/4611/6 37/4612/6
f 41/4613/2 46/4614/2 2211/4615/2 2214/4616/2
f 2210/4617/3 2211/4618/3 46/4619/3 57/4620/3 2201/4621/3 2213/4622/3
f 2201/4623/4 57/4624/4 51/4625/4 2212/4626/4
f 2212/4627/1 51/4628/1 41/4629/1 2214/4630/1
f 46/4631/6 41/4632/6 51/4633/6 57/4634/6
f 2193/4635/3 2204/4636/3 59/4637/3 64/4638/3 2196/4639/3
f 2196/4640/4 64/4641/4 75/4642/4 2195/4643/4
f 2194/2289/1 2202/2285/1 2218/2284/1 2219/2286/1 2220/2290/1 2221/2290/1
f 68/4644/2 59/4645/2 2204/4646/2 2203/4647/2
f 64/4648/6 59/4649/6 68/4650/6 75/4651/6
f 2225/4652/3 2253/4653/3 3/4654/3 7/4655/3 2227/4656/3 2224/4657/3
f 2227/4658/4 7/4659/4 15/4660/4 2228/4661/4
f 15/4662/1 10/4663/1 2258/4664/1 2228/4665/1
f 10/4666/2 3/4667/2 2253/4668/2 2258/4669/2
f 7/4670/6 3/4671/6 10/4672/6 15/4673/6
f 2259/4674/3 18/4675/3 21/4676/3 2229/4677/3
f 2229/4678/4 21/4679/4 27/4680/4 2230/4681/4
f 2230/4682/1 27/4683/1 23/4684/1 2246/4685/1 2226/4686/1
f 23/4687/2 18/4688/2 2259/4689/2 2246/4690/2
f 21/4691/6 18/4692/6 23/4693/6 27/4694/6
f 2242/4695/3 29/4696/3 32/4697/3 2256/4698/3
f 2256/4699/4 32/4700/4 39/4701/4 2249/4702/4
f 39/4703/1 36/4704/1 2247/4705/1 2249/4706/1
f 36/4707/2 29/4708/2 2242/4709/2 2247/4710/2
f 32/4711/6 29/4712/6 36/4713/6 39/4714/6
f 2241/4715/3 42/4716/3 44/4717/3 2243/4718/3
f 2243/4719/4 44/4720/4 50/4721/4 2248/4722/4
f 50/4723/1 47/4724/1 2245/4725/1 2248/4726/1
f 47/4727/2 42/4728/2 2241/4729/2 2245/4730/2
f 44/4731/6 42/4732/6 47/4733/6 50/4734/6
f 2234/4735/3 53/4736/3 56/4737/3 2240/4738/3
f 2240/4739/4 56/4740/4 63/4741/4 2244/4742/4
f 2244/4743/1 63/4744/1 60/4745/1 2233/4746/1 2235/4747/1
f 60/4748/2 53/4749/2 2234/4750/2 2233/4751/2
f 56/4752/6 53/4753/6 60/4754/6 63/4755/6
f 2251/4756/3 66/4757/3 69/4758/3 2252/4759/3
f 2252/4760/4 69/4761/4 74/4762/4 2257/4763/4
f 74/4764/1 71/4765/1 2255/4766/1 2257/4767/1
f 71/4768/2 66/4769/2 2251/4770/2 2255/4771/2
f 69/4772/6 66/4773/6 71/4774/6 74/4775/6
f 2237/4776/3 78/4777/3 81/4778/3 2250/4779/3
f 2250/4780/4 81/4781/4 86/4782/4 2254/4783/4
f 86/4784/1 84/4785/1 2239/4786/1 2254/4787/1
f 84/4788/2 78/4789/2 2237/4790/2 2239/4791/2
f 81/4792/6 78/4793/6 84/4794/6 86/4795/6
f 2231/4796/3 89/4797/3 92/4798/3 2236/4799/3
f 2236/4800/4 92/4801/4 98/4802/4 2238/4803/4
f 98/4804/1 95/4805/1 2232/4806/1 2238/4807/1
f 95/4808/2 89/4809/2 2231/4810/2 2232/4811/2
f 92/4812/6 89/4813/6 95/4814/6 98/4815/6
f 2263/4816/3 2/4817/3 5/4818/3 2264/4819/3
f 2264/4820/4 5/4821/4 11/4822/4 2265/4823/4
f 11/4824/1 8/4825/1 2260/4826/1 2261/4827/1 2262/4828/1 2265/4829/1
f 8/4830/2 2/4831/2 2263/4832/2 2260/4833/2
f 5/4834/6 2/4835/6 8/4836/6 11/4837/6
f 2202/2285/1 2194/2289/1 2195/4838/1 75/4839/1 68/4840/1 2203/4841/1
f 2200/2566/1 2198/4842/1 19/4843/1 16/4844/1 2217/4845/1 2215/2562/1
