# Blender 5.2.0 LTS
# www.blender.org
mtllib ItemTray.mtl
o Tray_27_5x18x1_5cm
v 13.245890 -0.750000 0.000000
v 13.249247 -0.750000 0.271472
v 13.256748 -0.750000 0.551036
v 13.264535 -0.750000 0.832788
v 13.268750 -0.750000 1.110822
v 13.265535 -0.750000 1.379231
v 13.251033 -0.750000 1.632111
v 13.221386 -0.750000 1.863555
v 13.174759 -0.750000 2.071944
v 13.114135 -0.750000 2.262785
v 13.042024 -0.750000 2.438489
v 12.960918 -0.750000 2.601420
v 12.873308 -0.750000 2.753939
v 12.781685 -0.750000 2.898409
v 12.688542 -0.750000 3.037192
v 12.591154 -0.750000 3.167503
v 12.481767 -0.750000 3.281707
v 12.364999 -0.750000 3.384478
v 12.245912 -0.750000 3.480935
v 12.129569 -0.750000 3.576197
v 12.021034 -0.750000 3.675381
v 11.925370 -0.750000 3.783606
v 11.844800 -0.750000 3.899658
v 11.772737 -0.750000 4.008989
v 11.708407 -0.750000 4.117066
v 11.651650 -0.750000 4.230975
v 11.602304 -0.750000 4.357804
v 11.560210 -0.750000 4.504640
v 11.525206 -0.750000 4.678568
v 11.499471 -0.750000 4.889724
v 11.491513 -0.750000 5.150097
v 11.496295 -0.750000 5.445116
v 11.507066 -0.750000 5.757458
v 11.517074 -0.750000 6.069801
v 11.519570 -0.750000 6.364820
v 11.507802 -0.750000 6.625192
v 11.477156 -0.749999 6.836521
v 11.438672 -0.749999 7.011828
v 11.393359 -0.749999 7.160772
v 11.339128 -0.749999 7.289650
v 11.273889 -0.749999 7.404764
v 11.195553 -0.749999 7.512411
v 11.102031 -0.749999 7.618892
v 10.992862 -0.749999 7.729884
v 10.884595 -0.749999 7.841160
v 10.773696 -0.749999 7.948878
v 10.649477 -0.749999 8.051069
v 10.501249 -0.749999 8.145765
v 10.318322 -0.749999 8.230997
v 10.090008 -0.749999 8.304797
v 9.807037 -0.749999 8.365137
v 9.496670 -0.749999 8.409693
v 9.162936 -0.749999 8.440367
v 8.792173 -0.749999 8.460309
v 8.370718 -0.749999 8.472668
v 7.884909 -0.749999 8.480594
v 7.321082 -0.749999 8.487237
v 6.665345 -0.749999 8.495682
v 5.890634 -0.749999 8.502485
v 5.006532 -0.749999 8.505000
v 4.043177 -0.749999 8.504409
v 3.030709 -0.749999 8.501894
v 1.999264 -0.749999 8.498635
v 0.978982 -0.749999 8.495813
v 0.000000 -0.749999 8.494610
v -0.978982 -0.749999 8.495813
v -1.999264 -0.749999 8.498635
v -3.030709 -0.749999 8.501894
v -4.043177 -0.749999 8.504409
v -5.006532 -0.749999 8.505000
v -5.890634 -0.749999 8.502485
v -6.665345 -0.749999 8.495682
v -7.321082 -0.749999 8.487237
v -7.884909 -0.749999 8.480594
v -8.370718 -0.749999 8.472668
v -8.792173 -0.749999 8.460309
v -9.162936 -0.749999 8.440367
v -9.496670 -0.749999 8.409693
v -9.807037 -0.749999 8.365137
v -10.090008 -0.749999 8.304797
v -10.318322 -0.749999 8.230997
v -10.501249 -0.749999 8.145765
v -10.649477 -0.749999 8.051069
v -10.773696 -0.749999 7.948878
v -10.884595 -0.749999 7.841160
v -10.992862 -0.749999 7.729884
v -11.102031 -0.749999 7.618892
v -11.195553 -0.749999 7.512411
v -11.273889 -0.749999 7.404764
v -11.339128 -0.749999 7.289650
v -11.393359 -0.749999 7.160772
v -11.438672 -0.749999 7.011828
v -11.477156 -0.749999 6.836521
v -11.507802 -0.750000 6.625192
v -11.519570 -0.750000 6.364820
v -11.517074 -0.750000 6.069801
v -11.507066 -0.750000 5.757458
v -11.496295 -0.750000 5.445116
v -11.491513 -0.750000 5.150097
v -11.499471 -0.750000 4.889724
v -11.525206 -0.750000 4.678568
v -11.560210 -0.750000 4.504640
v -11.602304 -0.750000 4.357804
v -11.651650 -0.750000 4.230975
v -11.708407 -0.750000 4.117066
v -11.772737 -0.750000 4.008989
v -11.844800 -0.750000 3.899658
v -11.925370 -0.750000 3.783606
v -12.021034 -0.750000 3.675381
v -12.129569 -0.750000 3.576197
v -12.245912 -0.750000 3.480935
v -12.364999 -0.750000 3.384478
v -12.481767 -0.750000 3.281707
v -12.591154 -0.750000 3.167503
v -12.688542 -0.750000 3.037192
v -12.781685 -0.750000 2.898409
v -12.873308 -0.750000 2.753939
v -12.960918 -0.750000 2.601420
v -13.042024 -0.750000 2.438489
v -13.114135 -0.750000 2.262785
v -13.174759 -0.750000 2.071944
v -13.221386 -0.750000 1.863555
v -13.251033 -0.750000 1.632111
v -13.265535 -0.750000 1.379231
v -13.268750 -0.750000 1.110822
v -13.264535 -0.750000 0.832788
v -13.256748 -0.750000 0.551036
v -13.249247 -0.750000 0.271472
v -13.245890 -0.750000 0.000000
v -13.249247 -0.750000 -0.271472
v -13.256748 -0.750000 -0.551036
v -13.264535 -0.750000 -0.832788
v -13.268750 -0.750000 -1.110822
v -13.265535 -0.750000 -1.379231
v -13.251033 -0.750000 -1.632111
v -13.221386 -0.750000 -1.863555
v -13.174759 -0.750000 -2.071944
v -13.114135 -0.750000 -2.262785
v -13.042024 -0.750000 -2.438489
v -12.960918 -0.750000 -2.601420
v -12.873308 -0.750000 -2.753939
v -12.781685 -0.750000 -2.898409
v -12.688542 -0.750000 -3.037192
v -12.591154 -0.750000 -3.167503
v -12.481767 -0.750000 -3.281707
v -12.364999 -0.750000 -3.384478
v -12.245912 -0.750000 -3.480935
v -12.129569 -0.750000 -3.576197
v -12.021034 -0.750000 -3.675381
v -11.925370 -0.750000 -3.783606
v -11.844800 -0.750000 -3.899658
v -11.772737 -0.750000 -4.008989
v -11.708407 -0.750000 -4.117066
v -11.651650 -0.750000 -4.230975
v -11.602304 -0.750000 -4.357804
v -11.560210 -0.750000 -4.504640
v -11.525206 -0.750000 -4.678568
v -11.499471 -0.750000 -4.889724
v -11.491513 -0.750000 -5.150097
v -11.496295 -0.750000 -5.445116
v -11.507066 -0.750000 -5.757458
v -11.517074 -0.750000 -6.069801
v -11.519570 -0.750000 -6.364820
v -11.507802 -0.750000 -6.625192
v -11.477156 -0.750001 -6.836521
v -11.438672 -0.750001 -7.011828
v -11.393359 -0.750001 -7.160772
v -11.339128 -0.750001 -7.289650
v -11.273889 -0.750001 -7.404764
v -11.195553 -0.750001 -7.512411
v -11.102031 -0.750001 -7.618892
v -10.992862 -0.750001 -7.729884
v -10.884595 -0.750001 -7.841160
v -10.773696 -0.750001 -7.948878
v -10.649477 -0.750001 -8.051069
v -10.501249 -0.750001 -8.145765
v -10.318322 -0.750001 -8.230997
v -10.090008 -0.750001 -8.304797
v -9.807037 -0.750001 -8.365137
v -9.496670 -0.750001 -8.409693
v -9.162936 -0.750001 -8.440367
v -8.792173 -0.750001 -8.460309
v -8.370718 -0.750001 -8.472668
v -7.884909 -0.750001 -8.480594
v -7.321082 -0.750001 -8.487237
v -6.665345 -0.750001 -8.495682
v -5.890634 -0.750001 -8.502485
v -5.006532 -0.750001 -8.505000
v -4.043177 -0.750001 -8.504409
v -3.030709 -0.750001 -8.501894
v -1.999264 -0.750001 -8.498635
v -0.978982 -0.750001 -8.495813
v 0.000000 -0.750001 -8.494610
v 0.978982 -0.750001 -8.495813
v 1.999264 -0.750001 -8.498635
v 3.030709 -0.750001 -8.501894
v 4.043177 -0.750001 -8.504409
v 5.006532 -0.750001 -8.505000
v 5.890634 -0.750001 -8.502485
v 6.665345 -0.750001 -8.495682
v 7.321082 -0.750001 -8.487237
v 7.884909 -0.750001 -8.480594
v 8.370718 -0.750001 -8.472668
v 8.792173 -0.750001 -8.460309
v 9.162936 -0.750001 -8.440367
v 9.496670 -0.750001 -8.409693
v 9.807037 -0.750001 -8.365137
v 10.090008 -0.750001 -8.304797
v 10.318322 -0.750001 -8.230997
v 10.501249 -0.750001 -8.145765
v 10.649477 -0.750001 -8.051069
v 10.773696 -0.750001 -7.948878
v 10.884595 -0.750001 -7.841160
v 10.992862 -0.750001 -7.729884
v 11.102031 -0.750001 -7.618892
v 11.195553 -0.750001 -7.512411
v 11.273889 -0.750001 -7.404764
v 11.339128 -0.750001 -7.289650
v 11.393359 -0.750001 -7.160772
v 11.438672 -0.750001 -7.011828
v 11.477156 -0.750001 -6.836521
v 11.507802 -0.750000 -6.625192
v 11.519570 -0.750000 -6.364820
v 11.517074 -0.750000 -6.069801
v 11.507066 -0.750000 -5.757458
v 11.496295 -0.750000 -5.445116
v 11.491513 -0.750000 -5.150097
v 11.499471 -0.750000 -4.889724
v 11.525206 -0.750000 -4.678568
v 11.560210 -0.750000 -4.504640
v 11.602304 -0.750000 -4.357804
v 11.651650 -0.750000 -4.230975
v 11.708407 -0.750000 -4.117066
v 11.772737 -0.750000 -4.008989
v 11.844800 -0.750000 -3.899658
v 11.925370 -0.750000 -3.783606
v 12.021034 -0.750000 -3.675381
v 12.129569 -0.750000 -3.576197
v 12.245912 -0.750000 -3.480935
v 12.364999 -0.750000 -3.384478
v 12.481767 -0.750000 -3.281707
v 12.591154 -0.750000 -3.167503
v 12.688542 -0.750000 -3.037192
v 12.781685 -0.750000 -2.898409
v 12.873308 -0.750000 -2.753939
v 12.960918 -0.750000 -2.601420
v 13.042024 -0.750000 -2.438489
v 13.114135 -0.750000 -2.262785
v 13.174759 -0.750000 -2.071944
v 13.221386 -0.750000 -1.863555
v 13.251033 -0.750000 -1.632111
v 13.265535 -0.750000 -1.379231
v 13.268750 -0.750000 -1.110822
v 13.264535 -0.750000 -0.832788
v 13.256748 -0.750000 -0.551036
v 13.249247 -0.750000 -0.271472
v 13.616500 -0.200000 0.000000
v 13.619952 -0.200000 0.282962
v 13.627662 -0.200000 0.574361
v 13.635667 -0.200000 0.868038
v 13.640000 -0.200000 1.157841
v 13.636695 -0.200000 1.437611
v 13.621787 -0.200000 1.701195
v 13.591311 -0.200000 1.942436
v 13.543379 -0.200000 2.159645
v 13.481059 -0.200000 2.358564
v 13.406930 -0.200000 2.541706
v 13.323555 -0.200000 2.711533
v 13.233494 -0.200000 2.870508
v 13.139307 -0.200000 3.021093
v 13.043558 -0.200000 3.165751
v 12.943445 -0.200000 3.301578
v 12.830998 -0.200000 3.420615
v 12.710963 -0.200000 3.527736
v 12.588543 -0.200000 3.628277
v 12.468946 -0.200000 3.727570
v 12.357374 -0.200000 3.830953
v 12.259033 -0.200000 3.943759
v 12.176208 -0.200000 4.064723
v 12.102129 -0.200000 4.178682
v 12.036000 -0.200000 4.291333
v 11.977654 -0.200000 4.410064
v 11.926928 -0.200000 4.542261
v 11.883656 -0.200000 4.695312
v 11.847673 -0.200000 4.876603
v 11.821218 -0.200000 5.096697
v 11.813037 -0.200000 5.368090
v 11.817953 -0.200000 5.675597
v 11.829025 -0.200000 6.001160
v 11.839314 -0.200000 6.326723
v 11.841879 -0.199999 6.634230
v 11.829782 -0.199999 6.905623
v 11.798279 -0.199999 7.125897
v 11.758717 -0.199999 7.308625
v 11.712136 -0.199999 7.463873
v 11.656388 -0.199999 7.598207
v 11.589324 -0.199999 7.718193
v 11.508797 -0.199999 7.830397
v 11.412658 -0.199999 7.941384
v 11.300434 -0.199999 8.057075
v 11.189138 -0.199999 8.173061
v 11.075136 -0.199999 8.285338
v 10.947442 -0.199999 8.391855
v 10.795066 -0.199999 8.490559
v 10.607021 -0.199999 8.579399
v 10.372319 -0.199999 8.656323
v 10.081431 -0.199999 8.719217
v 9.762380 -0.199999 8.765659
v 9.419308 -0.199999 8.797631
v 9.038172 -0.199999 8.818417
v 8.604925 -0.199999 8.831299
v 8.105523 -0.199999 8.839561
v 7.525921 -0.199999 8.846485
v 6.851836 -0.199999 8.855288
v 6.055449 -0.199999 8.862378
v 5.146611 -0.199999 8.865000
v 4.156302 -0.199999 8.864384
v 3.115506 -0.199999 8.861763
v 2.055202 -0.199999 8.858366
v 1.006373 -0.199999 8.855425
v 0.000000 -0.199999 8.854171
v -1.006373 -0.199999 8.855425
v -2.055202 -0.199999 8.858366
v -3.115506 -0.199999 8.861763
v -4.156302 -0.199999 8.864384
v -5.146611 -0.199999 8.865000
v -6.055449 -0.199999 8.862378
v -6.851836 -0.199999 8.855288
v -7.525921 -0.199999 8.846485
v -8.105523 -0.199999 8.839561
v -8.604925 -0.199999 8.831299
v -9.038172 -0.199999 8.818417
v -9.419308 -0.199999 8.797631
v -9.762380 -0.199999 8.765659
v -10.081431 -0.199999 8.719217
v -10.372319 -0.199999 8.656323
v -10.607021 -0.199999 8.579399
v -10.795066 -0.199999 8.490559
v -10.947442 -0.199999 8.391855
v -11.075136 -0.199999 8.285338
v -11.189138 -0.199999 8.173061
v -11.300434 -0.199999 8.057075
v -11.412658 -0.199999 7.941384
v -11.508797 -0.199999 7.830397
v -11.589324 -0.199999 7.718193
v -11.656388 -0.199999 7.598207
v -11.712136 -0.199999 7.463873
v -11.758717 -0.199999 7.308625
v -11.798279 -0.199999 7.125897
v -11.829782 -0.199999 6.905623
v -11.841879 -0.199999 6.634230
v -11.839314 -0.200000 6.326723
v -11.829025 -0.200000 6.001160
v -11.817953 -0.200000 5.675597
v -11.813037 -0.200000 5.368090
v -11.821218 -0.200000 5.096697
v -11.847673 -0.200000 4.876603
v -11.883656 -0.200000 4.695312
v -11.926928 -0.200000 4.542261
v -11.977654 -0.200000 4.410064
v -12.036000 -0.200000 4.291333
v -12.102129 -0.200000 4.178682
v -12.176208 -0.200000 4.064723
v -12.259033 -0.200000 3.943759
v -12.357374 -0.200000 3.830953
v -12.468946 -0.200000 3.727570
v -12.588543 -0.200000 3.628277
v -12.710963 -0.200000 3.527736
v -12.830998 -0.200000 3.420615
v -12.943445 -0.200000 3.301578
v -13.043558 -0.200000 3.165751
v -13.139307 -0.200000 3.021093
v -13.233494 -0.200000 2.870508
v -13.323555 -0.200000 2.711533
v -13.406930 -0.200000 2.541706
v -13.481059 -0.200000 2.358564
v -13.543379 -0.200000 2.159645
v -13.591311 -0.200000 1.942436
v -13.621787 -0.200000 1.701195
v -13.636695 -0.200000 1.437611
v -13.640000 -0.200000 1.157841
v -13.635667 -0.200000 0.868038
v -13.627662 -0.200000 0.574361
v -13.619952 -0.200000 0.282962
v -13.616500 -0.200000 0.000000
v -13.619952 -0.200000 -0.282962
v -13.627662 -0.200000 -0.574361
v -13.635667 -0.200000 -0.868038
v -13.640000 -0.200000 -1.157841
v -13.636695 -0.200000 -1.437611
v -13.621787 -0.200000 -1.701195
v -13.591311 -0.200000 -1.942436
v -13.543379 -0.200000 -2.159645
v -13.481059 -0.200000 -2.358564
v -13.406930 -0.200000 -2.541706
v -13.323555 -0.200000 -2.711533
v -13.233494 -0.200000 -2.870508
v -13.139307 -0.200000 -3.021093
v -13.043558 -0.200000 -3.165751
v -12.943445 -0.200000 -3.301578
v -12.830998 -0.200000 -3.420615
v -12.710963 -0.200000 -3.527736
v -12.588543 -0.200000 -3.628277
v -12.468946 -0.200000 -3.727570
v -12.357374 -0.200000 -3.830953
v -12.259033 -0.200000 -3.943759
v -12.176208 -0.200000 -4.064723
v -12.102129 -0.200000 -4.178682
v -12.036000 -0.200000 -4.291333
v -11.977654 -0.200000 -4.410064
v -11.926928 -0.200000 -4.542261
v -11.883656 -0.200000 -4.695312
v -11.847673 -0.200000 -4.876603
v -11.821218 -0.200000 -5.096697
v -11.813037 -0.200000 -5.368090
v -11.817953 -0.200000 -5.675597
v -11.829025 -0.200000 -6.001160
v -11.839314 -0.200000 -6.326723
v -11.841879 -0.200001 -6.634230
v -11.829782 -0.200001 -6.905623
v -11.798279 -0.200001 -7.125897
v -11.758717 -0.200001 -7.308625
v -11.712136 -0.200001 -7.463873
v -11.656388 -0.200001 -7.598207
v -11.589324 -0.200001 -7.718193
v -11.508797 -0.200001 -7.830397
v -11.412658 -0.200001 -7.941384
v -11.300434 -0.200001 -8.057075
v -11.189138 -0.200001 -8.173061
v -11.075136 -0.200001 -8.285338
v -10.947442 -0.200001 -8.391855
v -10.795066 -0.200001 -8.490559
v -10.607021 -0.200001 -8.579399
v -10.372319 -0.200001 -8.656323
v -10.081431 -0.200001 -8.719217
v -9.762380 -0.200001 -8.765659
v -9.419308 -0.200001 -8.797631
v -9.038172 -0.200001 -8.818417
v -8.604925 -0.200001 -8.831299
v -8.105523 -0.200001 -8.839561
v -7.525921 -0.200001 -8.846485
v -6.851836 -0.200001 -8.855288
v -6.055449 -0.200001 -8.862378
v -5.146611 -0.200001 -8.865000
v -4.156302 -0.200001 -8.864384
v -3.115506 -0.200001 -8.861763
v -2.055202 -0.200001 -8.858366
v -1.006373 -0.200001 -8.855425
v 0.000000 -0.200001 -8.854171
v 1.006373 -0.200001 -8.855425
v 2.055202 -0.200001 -8.858366
v 3.115506 -0.200001 -8.861763
v 4.156302 -0.200001 -8.864384
v 5.146611 -0.200001 -8.865000
v 6.055449 -0.200001 -8.862378
v 6.851836 -0.200001 -8.855288
v 7.525921 -0.200001 -8.846485
v 8.105523 -0.200001 -8.839561
v 8.604925 -0.200001 -8.831299
v 9.038172 -0.200001 -8.818417
v 9.419308 -0.200001 -8.797631
v 9.762380 -0.200001 -8.765659
v 10.081431 -0.200001 -8.719217
v 10.372319 -0.200001 -8.656323
v 10.607021 -0.200001 -8.579399
v 10.795066 -0.200001 -8.490559
v 10.947442 -0.200001 -8.391855
v 11.075136 -0.200001 -8.285338
v 11.189138 -0.200001 -8.173061
v 11.300434 -0.200001 -8.057075
v 11.412658 -0.200001 -7.941384
v 11.508797 -0.200001 -7.830397
v 11.589324 -0.200001 -7.718193
v 11.656388 -0.200001 -7.598207
v 11.712136 -0.200001 -7.463873
v 11.758717 -0.200001 -7.308625
v 11.798279 -0.200001 -7.125897
v 11.829782 -0.200001 -6.905623
v 11.841879 -0.200001 -6.634230
v 11.839314 -0.200000 -6.326723
v 11.829025 -0.200000 -6.001160
v 11.817953 -0.200000 -5.675597
v 11.813037 -0.200000 -5.368090
v 11.821218 -0.200000 -5.096697
v 11.847673 -0.200000 -4.876603
v 11.883656 -0.200000 -4.695312
v 11.926928 -0.200000 -4.542261
v 11.977654 -0.200000 -4.410064
v 12.036000 -0.200000 -4.291333
v 12.102129 -0.200000 -4.178682
v 12.176208 -0.200000 -4.064723
v 12.259033 -0.200000 -3.943759
v 12.357374 -0.200000 -3.830953
v 12.468946 -0.200000 -3.727570
v 12.588543 -0.200000 -3.628277
v 12.710963 -0.200000 -3.527736
v 12.830998 -0.200000 -3.420615
v 12.943445 -0.200000 -3.301578
v 13.043558 -0.200000 -3.165751
v 13.139307 -0.200000 -3.021093
v 13.233494 -0.200000 -2.870508
v 13.323555 -0.200000 -2.711533
v 13.406930 -0.200000 -2.541706
v 13.481059 -0.200000 -2.358564
v 13.543379 -0.200000 -2.159645
v 13.591311 -0.200000 -1.942436
v 13.621787 -0.200000 -1.701195
v 13.636695 -0.200000 -1.437611
v 13.640000 -0.200000 -1.157841
v 13.635667 -0.200000 -0.868038
v 13.627662 -0.200000 -0.574361
v 13.619952 -0.200000 -0.282962
v 13.726310 0.550000 -0.000000
v 13.729790 0.550000 0.287272
v 13.737563 0.550000 0.583107
v 13.745632 0.550000 0.881257
v 13.750000 0.550000 1.175473
v 13.746669 0.550000 1.459504
v 13.731641 0.550000 1.727101
v 13.700918 0.550000 1.972016
v 13.652600 0.550000 2.192533
v 13.589777 0.550000 2.394481
v 13.515051 0.550000 2.580412
v 13.431003 0.550000 2.752825
v 13.340215 0.550000 2.914221
v 13.245270 0.550000 3.067100
v 13.148748 0.550000 3.213960
v 13.047828 0.550000 3.351855
v 12.934474 0.550000 3.472706
v 12.813470 0.550000 3.581458
v 12.690064 0.550000 3.683530
v 12.569502 0.550000 3.784335
v 12.457030 0.550000 3.889292
v 12.357896 0.550000 4.003816
v 12.274404 0.550000 4.126622
v 12.199727 0.550000 4.242316
v 12.133064 0.550000 4.356683
v 12.074248 0.550000 4.477222
v 12.023113 0.550000 4.611433
v 11.979492 0.550000 4.766814
v 11.943218 0.550000 4.950866
v 11.916550 0.550000 5.174311
v 11.908304 0.550000 5.449838
v 11.913259 0.550000 5.762027
v 11.924420 0.550000 6.092548
v 11.934792 0.550000 6.423069
v 11.937378 0.550001 6.735259
v 11.925183 0.550001 7.010785
v 11.893426 0.550001 7.234413
v 11.853546 0.550001 7.419924
v 11.806589 0.550001 7.577536
v 11.750391 0.550001 7.713916
v 11.682786 0.550001 7.835729
v 11.601610 0.550001 7.949641
v 11.504695 0.550001 8.062319
v 11.391567 0.550001 8.179771
v 11.279373 0.550001 8.297524
v 11.164452 0.550001 8.411511
v 11.035728 0.550001 8.519649
v 10.882123 0.550001 8.619857
v 10.692562 0.550001 8.710050
v 10.455967 0.550001 8.788145
v 10.162733 0.550001 8.851997
v 9.841108 0.550001 8.899146
v 9.495270 0.550001 8.931605
v 9.111060 0.550001 8.952707
v 8.674319 0.550001 8.965786
v 8.170890 0.550001 8.974173
v 7.586614 0.550001 8.981203
v 6.907093 0.550001 8.990140
v 6.104283 0.550001 8.997338
v 5.188116 0.550001 9.000000
v 4.189821 0.550001 8.999375
v 3.140631 0.550001 8.996713
v 2.071776 0.550001 8.993265
v 1.014489 0.550001 8.990279
v 0.000000 0.550001 8.989006
v -1.014489 0.550001 8.990279
v -2.071776 0.550001 8.993265
v -3.140631 0.550001 8.996713
v -4.189821 0.550001 8.999375
v -5.188116 0.550001 9.000000
v -6.104283 0.550001 8.997338
v -6.907093 0.550001 8.990140
v -7.586614 0.550001 8.981203
v -8.170890 0.550001 8.974173
v -8.674319 0.550001 8.965786
v -9.111060 0.550001 8.952707
v -9.495270 0.550001 8.931605
v -9.841108 0.550001 8.899146
v -10.162733 0.550001 8.851997
v -10.455967 0.550001 8.788145
v -10.692562 0.550001 8.710050
v -10.882123 0.550001 8.619857
v -11.035728 0.550001 8.519649
v -11.164452 0.550001 8.411511
v -11.279373 0.550001 8.297524
v -11.391567 0.550001 8.179771
v -11.504695 0.550001 8.062319
v -11.601610 0.550001 7.949641
v -11.682786 0.550001 7.835729
v -11.750391 0.550001 7.713916
v -11.806589 0.550001 7.577536
v -11.853546 0.550001 7.419924
v -11.893426 0.550001 7.234413
v -11.925183 0.550001 7.010785
v -11.937378 0.550001 6.735259
v -11.934792 0.550000 6.423069
v -11.924420 0.550000 6.092548
v -11.913259 0.550000 5.762027
v -11.908304 0.550000 5.449838
v -11.916550 0.550000 5.174311
v -11.943218 0.550000 4.950866
v -11.979492 0.550000 4.766814
v -12.023113 0.550000 4.611433
v -12.074248 0.550000 4.477222
v -12.133064 0.550000 4.356683
v -12.199727 0.550000 4.242316
v -12.274404 0.550000 4.126622
v -12.357896 0.550000 4.003816
v -12.457030 0.550000 3.889292
v -12.569502 0.550000 3.784335
v -12.690064 0.550000 3.683530
v -12.813470 0.550000 3.581458
v -12.934474 0.550000 3.472706
v -13.047828 0.550000 3.351855
v -13.148748 0.550000 3.213960
v -13.245270 0.550000 3.067100
v -13.340215 0.550000 2.914221
v -13.431003 0.550000 2.752825
v -13.515051 0.550000 2.580412
v -13.589777 0.550000 2.394481
v -13.652600 0.550000 2.192533
v -13.700918 0.550000 1.972016
v -13.731641 0.550000 1.727101
v -13.746669 0.550000 1.459504
v -13.750000 0.550000 1.175473
v -13.745632 0.550000 0.881257
v -13.737563 0.550000 0.583107
v -13.729790 0.550000 0.287272
v -13.726310 0.550000 -0.000000
v -13.729790 0.550000 -0.287272
v -13.737563 0.550000 -0.583107
v -13.745632 0.550000 -0.881257
v -13.750000 0.550000 -1.175473
v -13.746669 0.550000 -1.459504
v -13.731641 0.550000 -1.727101
v -13.700918 0.550000 -1.972016
v -13.652600 0.550000 -2.192533
v -13.589777 0.550000 -2.394481
v -13.515051 0.550000 -2.580412
v -13.431003 0.550000 -2.752825
v -13.340215 0.550000 -2.914221
v -13.245270 0.550000 -3.067100
v -13.148748 0.550000 -3.213960
v -13.047828 0.550000 -3.351855
v -12.934474 0.550000 -3.472706
v -12.813470 0.550000 -3.581458
v -12.690064 0.550000 -3.683530
v -12.569502 0.550000 -3.784335
v -12.457030 0.550000 -3.889292
v -12.357896 0.550000 -4.003816
v -12.274404 0.550000 -4.126622
v -12.199727 0.550000 -4.242316
v -12.133064 0.550000 -4.356683
v -12.074248 0.550000 -4.477222
v -12.023113 0.550000 -4.611433
v -11.979492 0.550000 -4.766814
v -11.943218 0.550000 -4.950866
v -11.916550 0.550000 -5.174311
v -11.908304 0.550000 -5.449838
v -11.913259 0.550000 -5.762027
v -11.924420 0.550000 -6.092548
v -11.934792 0.550000 -6.423069
v -11.937378 0.549999 -6.735259
v -11.925183 0.549999 -7.010785
v -11.893426 0.549999 -7.234413
v -11.853546 0.549999 -7.419924
v -11.806589 0.549999 -7.577536
v -11.750391 0.549999 -7.713916
v -11.682786 0.549999 -7.835729
v -11.601610 0.549999 -7.949641
v -11.504695 0.549999 -8.062319
v -11.391567 0.549999 -8.179771
v -11.279373 0.549999 -8.297524
v -11.164452 0.549999 -8.411511
v -11.035728 0.549999 -8.519649
v -10.882123 0.549999 -8.619857
v -10.692562 0.549999 -8.710050
v -10.455967 0.549999 -8.788145
v -10.162733 0.549999 -8.851997
v -9.841108 0.549999 -8.899146
v -9.495270 0.549999 -8.931605
v -9.111060 0.549999 -8.952707
v -8.674319 0.549999 -8.965786
v -8.170890 0.549999 -8.974173
v -7.586614 0.549999 -8.981203
v -6.907093 0.549999 -8.990140
v -6.104283 0.549999 -8.997338
v -5.188116 0.549999 -9.000000
v -4.189821 0.549999 -8.999375
v -3.140631 0.549999 -8.996713
v -2.071776 0.549999 -8.993265
v -1.014489 0.549999 -8.990279
v 0.000000 0.549999 -8.989006
v 1.014489 0.549999 -8.990279
v 2.071776 0.549999 -8.993265
v 3.140631 0.549999 -8.996713
v 4.189821 0.549999 -8.999375
v 5.188116 0.549999 -9.000000
v 6.104283 0.549999 -8.997338
v 6.907093 0.549999 -8.990140
v 7.586614 0.549999 -8.981203
v 8.170890 0.549999 -8.974173
v 8.674319 0.549999 -8.965786
v 9.111060 0.549999 -8.952707
v 9.495270 0.549999 -8.931605
v 9.841108 0.549999 -8.899146
v 10.162733 0.549999 -8.851997
v 10.455967 0.549999 -8.788145
v 10.692562 0.549999 -8.710050
v 10.882123 0.549999 -8.619857
v 11.035728 0.549999 -8.519649
v 11.164452 0.549999 -8.411511
v 11.279373 0.549999 -8.297524
v 11.391567 0.549999 -8.179771
v 11.504695 0.549999 -8.062319
v 11.601610 0.549999 -7.949641
v 11.682786 0.549999 -7.835729
v 11.750391 0.549999 -7.713916
v 11.806589 0.549999 -7.577536
v 11.853546 0.549999 -7.419924
v 11.893426 0.549999 -7.234413
v 11.925183 0.549999 -7.010785
v 11.937378 0.549999 -6.735259
v 11.934792 0.550000 -6.423069
v 11.924420 0.550000 -6.092548
v 11.913259 0.550000 -5.762027
v 11.908304 0.550000 -5.449838
v 11.916550 0.550000 -5.174311
v 11.943218 0.550000 -4.950866
v 11.979492 0.550000 -4.766814
v 12.023113 0.550000 -4.611433
v 12.074248 0.550000 -4.477222
v 12.133064 0.550000 -4.356683
v 12.199727 0.550000 -4.242316
v 12.274404 0.550000 -4.126622
v 12.357896 0.550000 -4.003816
v 12.457030 0.550000 -3.889292
v 12.569502 0.550000 -3.784335
v 12.690064 0.550000 -3.683530
v 12.813470 0.550000 -3.581458
v 12.934474 0.550000 -3.472706
v 13.047828 0.550000 -3.351855
v 13.148748 0.550000 -3.213960
v 13.245270 0.550000 -3.067100
v 13.340215 0.550000 -2.914221
v 13.431003 0.550000 -2.752825
v 13.515051 0.550000 -2.580412
v 13.589777 0.550000 -2.394481
v 13.652600 0.550000 -2.192533
v 13.700918 0.550000 -1.972016
v 13.731641 0.550000 -1.727101
v 13.746669 0.550000 -1.459504
v 13.750000 0.550000 -1.175473
v 13.745632 0.550000 -0.881257
v 13.737563 0.550000 -0.583107
v 13.729790 0.550000 -0.287272
v 13.698858 0.750000 -0.000000
v 13.702330 0.750000 0.286697
v 13.710088 0.750000 0.581941
v 13.718141 0.750000 0.879495
v 13.722500 0.750000 1.173122
v 13.719175 0.750000 1.456585
v 13.704177 0.750000 1.723647
v 13.673516 0.750000 1.968072
v 13.625295 0.750000 2.188148
v 13.562597 0.750000 2.389692
v 13.488021 0.750000 2.575251
v 13.404141 0.750000 2.747320
v 13.313535 0.750000 2.908393
v 13.218779 0.750000 3.060965
v 13.122450 0.750000 3.207532
v 13.021732 0.750000 3.345152
v 12.908605 0.750000 3.465760
v 12.787843 0.750000 3.574295
v 12.664684 0.750000 3.676162
v 12.544363 0.750000 3.776767
v 12.432116 0.750000 3.881514
v 12.333180 0.750000 3.995808
v 12.249855 0.750000 4.118369
v 12.175328 0.750000 4.233832
v 12.108798 0.750000 4.347970
v 12.050100 0.750000 4.468268
v 11.999067 0.750000 4.602210
v 11.955533 0.750000 4.757281
v 11.919332 0.750000 4.940964
v 11.892717 0.750000 5.163963
v 11.884487 0.750000 5.438938
v 11.889432 0.750000 5.750503
v 11.900571 0.750000 6.080363
v 11.910922 0.750000 6.410223
v 11.913503 0.750001 6.721788
v 11.901333 0.750001 6.996764
v 11.869639 0.750001 7.219945
v 11.829839 0.750001 7.405084
v 11.782976 0.750001 7.562381
v 11.726890 0.750001 7.698488
v 11.659421 0.750001 7.820057
v 11.578406 0.750001 7.933742
v 11.481686 0.750001 8.046195
v 11.368783 0.750001 8.163412
v 11.256814 0.750001 8.280928
v 11.142123 0.750001 8.394688
v 11.013656 0.750001 8.502610
v 10.860359 0.750001 8.602617
v 10.671177 0.750001 8.692630
v 10.435055 0.750001 8.770569
v 10.142407 0.750001 8.834293
v 9.821426 0.750001 8.881348
v 9.476280 0.750001 8.913742
v 9.092838 0.750001 8.934802
v 8.656971 0.750001 8.947854
v 8.154548 0.750001 8.956225
v 7.571440 0.750001 8.963240
v 6.893279 0.750001 8.972160
v 6.092075 0.750001 8.979344
v 5.177739 0.750001 8.982000
v 4.181441 0.750001 8.981376
v 3.134349 0.750001 8.978720
v 2.067633 0.750001 8.975278
v 1.012460 0.750001 8.972298
v 0.000000 0.750001 8.971028
v -1.012460 0.750001 8.972298
v -2.067633 0.750001 8.975278
v -3.134349 0.750001 8.978720
v -4.181441 0.750001 8.981376
v -5.177739 0.750001 8.982000
v -6.092075 0.750001 8.979344
v -6.893279 0.750001 8.972160
v -7.571440 0.750001 8.963240
v -8.154548 0.750001 8.956225
v -8.656971 0.750001 8.947854
v -9.092838 0.750001 8.934802
v -9.476280 0.750001 8.913742
v -9.821426 0.750001 8.881348
v -10.142407 0.750001 8.834293
v -10.435055 0.750001 8.770569
v -10.671177 0.750001 8.692630
v -10.860359 0.750001 8.602617
v -11.013656 0.750001 8.502610
v -11.142123 0.750001 8.394688
v -11.256814 0.750001 8.280928
v -11.368783 0.750001 8.163412
v -11.481686 0.750001 8.046195
v -11.578406 0.750001 7.933742
v -11.659421 0.750001 7.820057
v -11.726890 0.750001 7.698488
v -11.782976 0.750001 7.562381
v -11.829839 0.750001 7.405084
v -11.869639 0.750001 7.219945
v -11.901333 0.750001 6.996764
v -11.913503 0.750001 6.721788
v -11.910922 0.750000 6.410223
v -11.900571 0.750000 6.080363
v -11.889432 0.750000 5.750503
v -11.884487 0.750000 5.438938
v -11.892717 0.750000 5.163963
v -11.919332 0.750000 4.940964
v -11.955533 0.750000 4.757281
v -11.999067 0.750000 4.602210
v -12.050100 0.750000 4.468268
v -12.108798 0.750000 4.347970
v -12.175328 0.750000 4.233832
v -12.249855 0.750000 4.118369
v -12.333180 0.750000 3.995808
v -12.432116 0.750000 3.881514
v -12.544363 0.750000 3.776767
v -12.664684 0.750000 3.676162
v -12.787843 0.750000 3.574295
v -12.908605 0.750000 3.465760
v -13.021732 0.750000 3.345152
v -13.122450 0.750000 3.207532
v -13.218779 0.750000 3.060965
v -13.313535 0.750000 2.908393
v -13.404141 0.750000 2.747320
v -13.488021 0.750000 2.575251
v -13.562597 0.750000 2.389692
v -13.625295 0.750000 2.188148
v -13.673516 0.750000 1.968072
v -13.704177 0.750000 1.723647
v -13.719175 0.750000 1.456585
v -13.722500 0.750000 1.173122
v -13.718141 0.750000 0.879495
v -13.710088 0.750000 0.581941
v -13.702330 0.750000 0.286697
v -13.698858 0.750000 -0.000000
v -13.702330 0.750000 -0.286697
v -13.710088 0.750000 -0.581941
v -13.718141 0.750000 -0.879495
v -13.722500 0.750000 -1.173122
v -13.719175 0.750000 -1.456585
v -13.704177 0.750000 -1.723647
v -13.673516 0.750000 -1.968072
v -13.625295 0.750000 -2.188148
v -13.562597 0.750000 -2.389692
v -13.488021 0.750000 -2.575251
v -13.404141 0.750000 -2.747320
v -13.313535 0.750000 -2.908393
v -13.218779 0.750000 -3.060965
v -13.122450 0.750000 -3.207532
v -13.021732 0.750000 -3.345152
v -12.908605 0.750000 -3.465760
v -12.787843 0.750000 -3.574295
v -12.664684 0.750000 -3.676162
v -12.544363 0.750000 -3.776767
v -12.432116 0.750000 -3.881514
v -12.333180 0.750000 -3.995808
v -12.249855 0.750000 -4.118369
v -12.175328 0.750000 -4.233832
v -12.108798 0.750000 -4.347970
v -12.050100 0.750000 -4.468268
v -11.999067 0.750000 -4.602210
v -11.955533 0.750000 -4.757281
v -11.919332 0.750000 -4.940964
v -11.892717 0.750000 -5.163963
v -11.884487 0.750000 -5.438938
v -11.889432 0.750000 -5.750503
v -11.900571 0.750000 -6.080363
v -11.910922 0.750000 -6.410223
v -11.913503 0.749999 -6.721788
v -11.901333 0.749999 -6.996764
v -11.869639 0.749999 -7.219945
v -11.829839 0.749999 -7.405084
v -11.782976 0.749999 -7.562381
v -11.726890 0.749999 -7.698488
v -11.659421 0.749999 -7.820057
v -11.578406 0.749999 -7.933742
v -11.481686 0.749999 -8.046195
v -11.368783 0.749999 -8.163412
v -11.256814 0.749999 -8.280928
v -11.142123 0.749999 -8.394688
v -11.013656 0.749999 -8.502610
v -10.860359 0.749999 -8.602617
v -10.671177 0.749999 -8.692630
v -10.435055 0.749999 -8.770569
v -10.142407 0.749999 -8.834293
v -9.821426 0.749999 -8.881348
v -9.476280 0.749999 -8.913742
v -9.092838 0.749999 -8.934802
v -8.656971 0.749999 -8.947854
v -8.154548 0.749999 -8.956225
v -7.571440 0.749999 -8.963240
v -6.893279 0.749999 -8.972160
v -6.092075 0.749999 -8.979344
v -5.177739 0.749999 -8.982000
v -4.181441 0.749999 -8.981376
v -3.134349 0.749999 -8.978720
v -2.067633 0.749999 -8.975278
v -1.012460 0.749999 -8.972298
v 0.000000 0.749999 -8.971028
v 1.012460 0.749999 -8.972298
v 2.067633 0.749999 -8.975278
v 3.134349 0.749999 -8.978720
v 4.181441 0.749999 -8.981376
v 5.177739 0.749999 -8.982000
v 6.092075 0.749999 -8.979344
v 6.893279 0.749999 -8.972160
v 7.571440 0.749999 -8.963240
v 8.154548 0.749999 -8.956225
v 8.656971 0.749999 -8.947854
v 9.092838 0.749999 -8.934802
v 9.476280 0.749999 -8.913742
v 9.821426 0.749999 -8.881348
v 10.142407 0.749999 -8.834293
v 10.435055 0.749999 -8.770569
v 10.671177 0.749999 -8.692630
v 10.860359 0.749999 -8.602617
v 11.013656 0.749999 -8.502610
v 11.142123 0.749999 -8.394688
v 11.256814 0.749999 -8.280928
v 11.368783 0.749999 -8.163412
v 11.481686 0.749999 -8.046195
v 11.578406 0.749999 -7.933742
v 11.659421 0.749999 -7.820057
v 11.726890 0.749999 -7.698488
v 11.782976 0.749999 -7.562381
v 11.829839 0.749999 -7.405084
v 11.869639 0.749999 -7.219945
v 11.901333 0.749999 -6.996764
v 11.913503 0.749999 -6.721788
v 11.910922 0.750000 -6.410223
v 11.900571 0.750000 -6.080363
v 11.889432 0.750000 -5.750503
v 11.884487 0.750000 -5.438938
v 11.892717 0.750000 -5.163963
v 11.919332 0.750000 -4.940964
v 11.955533 0.750000 -4.757281
v 11.999067 0.750000 -4.602210
v 12.050100 0.750000 -4.468268
v 12.108798 0.750000 -4.347970
v 12.175328 0.750000 -4.233832
v 12.249855 0.750000 -4.118369
v 12.333180 0.750000 -3.995808
v 12.432116 0.750000 -3.881514
v 12.544363 0.750000 -3.776767
v 12.664684 0.750000 -3.676162
v 12.787843 0.750000 -3.574295
v 12.908605 0.750000 -3.465760
v 13.021732 0.750000 -3.345152
v 13.122450 0.750000 -3.207532
v 13.218779 0.750000 -3.060965
v 13.313535 0.750000 -2.908393
v 13.404141 0.750000 -2.747320
v 13.488021 0.750000 -2.575251
v 13.562597 0.750000 -2.389692
v 13.625295 0.750000 -2.188148
v 13.673516 0.750000 -1.968072
v 13.704177 0.750000 -1.723647
v 13.719175 0.750000 -1.456585
v 13.722500 0.750000 -1.173122
v 13.718141 0.750000 -0.879495
v 13.710088 0.750000 -0.581941
v 13.702330 0.750000 -0.286697
v 12.559574 0.750000 -0.000000
v 12.562758 0.750000 0.251363
v 12.569870 0.750000 0.510219
v 12.577253 0.750000 0.771100
v 12.581250 0.750000 1.028539
v 12.578202 0.750000 1.277066
v 12.564451 0.750000 1.511214
v 12.536340 0.750000 1.725514
v 12.492129 0.750000 1.918467
v 12.434646 0.750000 2.095171
v 12.366271 0.750000 2.257860
v 12.289368 0.750000 2.408722
v 12.206297 0.750000 2.549944
v 12.119422 0.750000 2.683712
v 12.031104 0.750000 2.812215
v 11.938762 0.750000 2.932873
v 11.835044 0.750000 3.038617
v 11.724325 0.750000 3.133776
v 11.611409 0.750000 3.223088
v 11.501094 0.750000 3.311293
v 11.398183 0.750000 3.403131
v 11.307475 0.750000 3.503339
v 11.231079 0.750000 3.610795
v 11.162750 0.750000 3.712027
v 11.101754 0.750000 3.812098
v 11.047937 0.750000 3.917569
v 11.001148 0.750000 4.035004
v 10.961235 0.750000 4.170963
v 10.928045 0.750000 4.332008
v 10.903644 0.750000 4.527522
v 10.896098 0.750000 4.768608
v 10.900632 0.750000 5.041774
v 10.910844 0.750000 5.330980
v 10.920335 0.750000 5.620186
v 10.922701 0.750000 5.893352
v 10.911543 0.750000 6.134437
v 10.882485 0.750000 6.330112
v 10.845994 0.750000 6.492434
v 10.803029 0.750000 6.630344
v 10.751608 0.750001 6.749676
v 10.689750 0.750001 6.856263
v 10.615473 0.750001 6.955936
v 10.526796 0.750001 7.054529
v 10.423283 0.750001 7.157300
v 10.320626 0.750001 7.260333
v 10.215473 0.750001 7.360072
v 10.097691 0.750001 7.454693
v 9.957143 0.750001 7.542375
v 9.783694 0.750001 7.621294
v 9.567210 0.750001 7.689627
v 9.298900 0.750001 7.745497
v 9.004614 0.750001 7.786753
v 8.688172 0.750001 7.815155
v 8.336620 0.750001 7.833619
v 7.937002 0.750001 7.845063
v 7.476364 0.750001 7.852402
v 6.941751 0.750001 7.858552
v 6.319990 0.750001 7.866372
v 5.585419 0.750001 7.872671
v 4.747126 0.750001 7.875000
v 3.833686 0.750001 7.874453
v 2.873677 0.750001 7.872124
v 1.895675 0.750001 7.869106
v 0.928257 0.750001 7.866494
v 0.000000 0.750001 7.865380
v -0.928257 0.750001 7.866494
v -1.895675 0.750001 7.869106
v -2.873677 0.750001 7.872124
v -3.833686 0.750001 7.874453
v -4.747126 0.750001 7.875000
v -5.585419 0.750001 7.872671
v -6.319990 0.750001 7.866372
v -6.941751 0.750001 7.858552
v -7.476364 0.750001 7.852402
v -7.937002 0.750001 7.845063
v -8.336620 0.750001 7.833619
v -8.688172 0.750001 7.815155
v -9.004614 0.750001 7.786753
v -9.298900 0.750001 7.745497
v -9.567210 0.750001 7.689627
v -9.783694 0.750001 7.621294
v -9.957143 0.750001 7.542375
v -10.097691 0.750001 7.454693
v -10.215473 0.750001 7.360072
v -10.320626 0.750001 7.260333
v -10.423283 0.750001 7.157300
v -10.526796 0.750001 7.054529
v -10.615473 0.750001 6.955936
v -10.689750 0.750001 6.856263
v -10.751608 0.750001 6.749676
v -10.803029 0.750000 6.630344
v -10.845994 0.750000 6.492434
v -10.882485 0.750000 6.330112
v -10.911543 0.750000 6.134437
v -10.922701 0.750000 5.893352
v -10.920335 0.750000 5.620186
v -10.910844 0.750000 5.330980
v -10.900632 0.750000 5.041774
v -10.896098 0.750000 4.768608
v -10.903644 0.750000 4.527522
v -10.928045 0.750000 4.332008
v -10.961235 0.750000 4.170963
v -11.001148 0.750000 4.035004
v -11.047937 0.750000 3.917569
v -11.101754 0.750000 3.812098
v -11.162750 0.750000 3.712027
v -11.231079 0.750000 3.610795
v -11.307475 0.750000 3.503339
v -11.398183 0.750000 3.403131
v -11.501094 0.750000 3.311293
v -11.611409 0.750000 3.223088
v -11.724325 0.750000 3.133776
v -11.835044 0.750000 3.038617
v -11.938762 0.750000 2.932873
v -12.031104 0.750000 2.812215
v -12.119422 0.750000 2.683712
v -12.206297 0.750000 2.549944
v -12.289368 0.750000 2.408722
v -12.366271 0.750000 2.257860
v -12.434646 0.750000 2.095171
v -12.492129 0.750000 1.918467
v -12.536340 0.750000 1.725514
v -12.564451 0.750000 1.511214
v -12.578202 0.750000 1.277066
v -12.581250 0.750000 1.028539
v -12.577253 0.750000 0.771100
v -12.569870 0.750000 0.510219
v -12.562758 0.750000 0.251363
v -12.559574 0.750000 -0.000000
v -12.562758 0.750000 -0.251363
v -12.569870 0.750000 -0.510219
v -12.577253 0.750000 -0.771100
v -12.581250 0.750000 -1.028539
v -12.578202 0.750000 -1.277066
v -12.564451 0.750000 -1.511214
v -12.536340 0.750000 -1.725514
v -12.492129 0.750000 -1.918467
v -12.434646 0.750000 -2.095171
v -12.366271 0.750000 -2.257860
v -12.289368 0.750000 -2.408722
v -12.206297 0.750000 -2.549944
v -12.119422 0.750000 -2.683712
v -12.031104 0.750000 -2.812215
v -11.938762 0.750000 -2.932873
v -11.835044 0.750000 -3.038617
v -11.724325 0.750000 -3.133776
v -11.611409 0.750000 -3.223088
v -11.501094 0.750000 -3.311293
v -11.398183 0.750000 -3.403131
v -11.307475 0.750000 -3.503339
v -11.231079 0.750000 -3.610795
v -11.162750 0.750000 -3.712027
v -11.101754 0.750000 -3.812098
v -11.047937 0.750000 -3.917569
v -11.001148 0.750000 -4.035004
v -10.961235 0.750000 -4.170963
v -10.928045 0.750000 -4.332008
v -10.903644 0.750000 -4.527522
v -10.896098 0.750000 -4.768608
v -10.900632 0.750000 -5.041774
v -10.910844 0.750000 -5.330980
v -10.920335 0.750000 -5.620186
v -10.922701 0.750000 -5.893352
v -10.911543 0.750000 -6.134437
v -10.882485 0.750000 -6.330112
v -10.845994 0.750000 -6.492434
v -10.803029 0.750000 -6.630344
v -10.751608 0.749999 -6.749676
v -10.689750 0.749999 -6.856263
v -10.615473 0.749999 -6.955936
v -10.526796 0.749999 -7.054529
v -10.423283 0.749999 -7.157300
v -10.320626 0.749999 -7.260333
v -10.215473 0.749999 -7.360072
v -10.097691 0.749999 -7.454693
v -9.957143 0.749999 -7.542375
v -9.783694 0.749999 -7.621294
v -9.567210 0.749999 -7.689627
v -9.298900 0.749999 -7.745497
v -9.004614 0.749999 -7.786753
v -8.688172 0.749999 -7.815155
v -8.336620 0.749999 -7.833619
v -7.937002 0.749999 -7.845063
v -7.476364 0.749999 -7.852402
v -6.941751 0.749999 -7.858552
v -6.319990 0.749999 -7.866372
v -5.585419 0.749999 -7.872671
v -4.747126 0.749999 -7.875000
v -3.833686 0.749999 -7.874453
v -2.873677 0.749999 -7.872124
v -1.895675 0.749999 -7.869106
v -0.928257 0.749999 -7.866494
v 0.000000 0.749999 -7.865380
v 0.928257 0.749999 -7.866494
v 1.895675 0.749999 -7.869106
v 2.873677 0.749999 -7.872124
v 3.833686 0.749999 -7.874453
v 4.747126 0.749999 -7.875000
v 5.585419 0.749999 -7.872671
v 6.319990 0.749999 -7.866372
v 6.941751 0.749999 -7.858552
v 7.476364 0.749999 -7.852402
v 7.937002 0.749999 -7.845063
v 8.336620 0.749999 -7.833619
v 8.688172 0.749999 -7.815155
v 9.004614 0.749999 -7.786753
v 9.298900 0.749999 -7.745497
v 9.567210 0.749999 -7.689627
v 9.783694 0.749999 -7.621294
v 9.957143 0.749999 -7.542375
v 10.097691 0.749999 -7.454693
v 10.215473 0.749999 -7.360072
v 10.320626 0.749999 -7.260333
v 10.423283 0.749999 -7.157300
v 10.526796 0.749999 -7.054529
v 10.615473 0.749999 -6.955936
v 10.689750 0.749999 -6.856263
v 10.751608 0.749999 -6.749676
v 10.803029 0.750000 -6.630344
v 10.845994 0.750000 -6.492434
v 10.882485 0.750000 -6.330112
v 10.911543 0.750000 -6.134437
v 10.922701 0.750000 -5.893352
v 10.920335 0.750000 -5.620186
v 10.910844 0.750000 -5.330980
v 10.900632 0.750000 -5.041774
v 10.896098 0.750000 -4.768608
v 10.903644 0.750000 -4.527522
v 10.928045 0.750000 -4.332008
v 10.961235 0.750000 -4.170963
v 11.001148 0.750000 -4.035004
v 11.047937 0.750000 -3.917569
v 11.101754 0.750000 -3.812098
v 11.162750 0.750000 -3.712027
v 11.231079 0.750000 -3.610795
v 11.307475 0.750000 -3.503339
v 11.398183 0.750000 -3.403131
v 11.501094 0.750000 -3.311293
v 11.611409 0.750000 -3.223088
v 11.724325 0.750000 -3.133776
v 11.835044 0.750000 -3.038617
v 11.938762 0.750000 -2.932873
v 12.031104 0.750000 -2.812215
v 12.119422 0.750000 -2.683712
v 12.206297 0.750000 -2.549944
v 12.289368 0.750000 -2.408722
v 12.366271 0.750000 -2.257860
v 12.434646 0.750000 -2.095171
v 12.492129 0.750000 -1.918467
v 12.536340 0.750000 -1.725514
v 12.564451 0.750000 -1.511214
v 12.578202 0.750000 -1.277066
v 12.581250 0.750000 -1.028539
v 12.577253 0.750000 -0.771100
v 12.569870 0.750000 -0.510219
v 12.562758 0.750000 -0.251363
v 12.285048 0.470000 -0.000000
v 12.288162 0.470000 0.244181
v 12.295119 0.470000 0.495641
v 12.302341 0.470000 0.749069
v 12.306250 0.470000 0.999152
v 12.303268 0.470000 1.240578
v 12.289818 0.470000 1.468036
v 12.262322 0.470000 1.676213
v 12.219077 0.470000 1.863653
v 12.162850 0.470000 2.035309
v 12.095970 0.470000 2.193350
v 12.020748 0.470000 2.339901
v 11.939493 0.470000 2.477088
v 11.854516 0.470000 2.607035
v 11.768129 0.470000 2.731866
v 11.677806 0.470000 2.849077
v 11.576354 0.470000 2.951800
v 11.468056 0.470000 3.044240
v 11.357607 0.470000 3.131000
v 11.249704 0.470000 3.216685
v 11.149042 0.470000 3.305898
v 11.060317 0.470000 3.403243
v 10.985591 0.470000 3.507629
v 10.918756 0.470000 3.605969
v 10.859092 0.470000 3.703181
v 10.806452 0.470000 3.805639
v 10.760686 0.470000 3.919718
v 10.721645 0.470000 4.051792
v 10.689180 0.470000 4.208236
v 10.665313 0.470000 4.398165
v 10.657932 0.470000 4.632362
v 10.662367 0.470000 4.897723
v 10.672356 0.470000 5.178666
v 10.681639 0.470000 5.459609
v 10.683953 0.470000 5.724970
v 10.673039 0.470000 5.959167
v 10.644617 0.470000 6.149251
v 10.608923 0.470000 6.306935
v 10.566897 0.470000 6.440906
v 10.516600 0.470001 6.556828
v 10.456094 0.470001 6.660369
v 10.383441 0.470001 6.757195
v 10.296702 0.470001 6.852971
v 10.195452 0.470001 6.952806
v 10.095038 0.470001 7.052895
v 9.992184 0.470001 7.149784
v 9.876976 0.470001 7.241702
v 9.739500 0.470001 7.326878
v 9.569843 0.470001 7.403542
v 9.358090 0.470001 7.469924
v 9.095646 0.470001 7.524197
v 8.807792 0.470001 7.564274
v 8.498267 0.470001 7.591864
v 8.154399 0.470001 7.609801
v 7.763516 0.470001 7.620918
v 7.312946 0.470001 7.628047
v 6.790019 0.470001 7.634022
v 6.181848 0.470001 7.641619
v 5.463334 0.470001 7.647737
v 4.643364 0.470001 7.650000
v 3.749890 0.470001 7.649469
v 2.810864 0.470001 7.647206
v 1.854240 0.470001 7.644275
v 0.907967 0.470001 7.641737
v 0.000000 0.470001 7.640655
v -0.907967 0.470001 7.641737
v -1.854240 0.470001 7.644275
v -2.810864 0.470001 7.647206
v -3.749890 0.470001 7.649469
v -4.643364 0.470001 7.650000
v -5.463334 0.470001 7.647737
v -6.181848 0.470001 7.641619
v -6.790019 0.470001 7.634022
v -7.312946 0.470001 7.628047
v -7.763516 0.470001 7.620918
v -8.154399 0.470001 7.609801
v -8.498267 0.470001 7.591864
v -8.807792 0.470001 7.564274
v -9.095646 0.470001 7.524197
v -9.358090 0.470001 7.469924
v -9.569843 0.470001 7.403542
v -9.739500 0.470001 7.326878
v -9.876976 0.470001 7.241702
v -9.992184 0.470001 7.149784
v -10.095038 0.470001 7.052895
v -10.195452 0.470001 6.952806
v -10.296702 0.470001 6.852971
v -10.383441 0.470001 6.757195
v -10.456094 0.470001 6.660369
v -10.516600 0.470001 6.556828
v -10.566897 0.470000 6.440906
v -10.608923 0.470000 6.306935
v -10.644617 0.470000 6.149251
v -10.673039 0.470000 5.959167
v -10.683953 0.470000 5.724970
v -10.681639 0.470000 5.459609
v -10.672356 0.470000 5.178666
v -10.662367 0.470000 4.897723
v -10.657932 0.470000 4.632362
v -10.665313 0.470000 4.398165
v -10.689180 0.470000 4.208236
v -10.721645 0.470000 4.051792
v -10.760686 0.470000 3.919718
v -10.806452 0.470000 3.805639
v -10.859092 0.470000 3.703181
v -10.918756 0.470000 3.605969
v -10.985591 0.470000 3.507629
v -11.060317 0.470000 3.403243
v -11.149042 0.470000 3.305898
v -11.249704 0.470000 3.216685
v -11.357607 0.470000 3.131000
v -11.468056 0.470000 3.044240
v -11.576354 0.470000 2.951800
v -11.677806 0.470000 2.849077
v -11.768129 0.470000 2.731866
v -11.854516 0.470000 2.607035
v -11.939493 0.470000 2.477088
v -12.020748 0.470000 2.339901
v -12.095970 0.470000 2.193350
v -12.162850 0.470000 2.035309
v -12.219077 0.470000 1.863653
v -12.262322 0.470000 1.676213
v -12.289818 0.470000 1.468036
v -12.303268 0.470000 1.240578
v -12.306250 0.470000 0.999152
v -12.302341 0.470000 0.749069
v -12.295119 0.470000 0.495641
v -12.288162 0.470000 0.244181
v -12.285048 0.470000 -0.000000
v -12.288162 0.470000 -0.244181
v -12.295119 0.470000 -0.495641
v -12.302341 0.470000 -0.749069
v -12.306250 0.470000 -0.999152
v -12.303268 0.470000 -1.240578
v -12.289818 0.470000 -1.468036
v -12.262322 0.470000 -1.676213
v -12.219077 0.470000 -1.863653
v -12.162850 0.470000 -2.035309
v -12.095970 0.470000 -2.193350
v -12.020748 0.470000 -2.339901
v -11.939493 0.470000 -2.477088
v -11.854516 0.470000 -2.607035
v -11.768129 0.470000 -2.731866
v -11.677806 0.470000 -2.849077
v -11.576354 0.470000 -2.951800
v -11.468056 0.470000 -3.044240
v -11.357607 0.470000 -3.131000
v -11.249704 0.470000 -3.216685
v -11.149042 0.470000 -3.305898
v -11.060317 0.470000 -3.403243
v -10.985591 0.470000 -3.507629
v -10.918756 0.470000 -3.605969
v -10.859092 0.470000 -3.703181
v -10.806452 0.470000 -3.805639
v -10.760686 0.470000 -3.919718
v -10.721645 0.470000 -4.051792
v -10.689180 0.470000 -4.208236
v -10.665313 0.470000 -4.398165
v -10.657932 0.470000 -4.632362
v -10.662367 0.470000 -4.897723
v -10.672356 0.470000 -5.178666
v -10.681639 0.470000 -5.459609
v -10.683953 0.470000 -5.724970
v -10.673039 0.470000 -5.959167
v -10.644617 0.470000 -6.149251
v -10.608923 0.470000 -6.306935
v -10.566897 0.470000 -6.440906
v -10.516600 0.469999 -6.556828
v -10.456094 0.469999 -6.660369
v -10.383441 0.469999 -6.757195
v -10.296702 0.469999 -6.852971
v -10.195452 0.469999 -6.952806
v -10.095038 0.469999 -7.052895
v -9.992184 0.469999 -7.149784
v -9.876976 0.469999 -7.241702
v -9.739500 0.469999 -7.326878
v -9.569843 0.469999 -7.403542
v -9.358090 0.469999 -7.469924
v -9.095646 0.469999 -7.524197
v -8.807792 0.469999 -7.564274
v -8.498267 0.469999 -7.591864
v -8.154399 0.469999 -7.609801
v -7.763516 0.469999 -7.620918
v -7.312946 0.469999 -7.628047
v -6.790019 0.469999 -7.634022
v -6.181848 0.469999 -7.641619
v -5.463334 0.469999 -7.647737
v -4.643364 0.469999 -7.650000
v -3.749890 0.469999 -7.649469
v -2.810864 0.469999 -7.647206
v -1.854240 0.469999 -7.644275
v -0.907967 0.469999 -7.641737
v 0.000000 0.469999 -7.640655
v 0.907967 0.469999 -7.641737
v 1.854240 0.469999 -7.644275
v 2.810864 0.469999 -7.647206
v 3.749890 0.469999 -7.649469
v 4.643364 0.469999 -7.650000
v 5.463334 0.469999 -7.647737
v 6.181848 0.469999 -7.641619
v 6.790019 0.469999 -7.634022
v 7.312946 0.469999 -7.628047
v 7.763516 0.469999 -7.620918
v 8.154399 0.469999 -7.609801
v 8.498267 0.469999 -7.591864
v 8.807792 0.469999 -7.564274
v 9.095646 0.469999 -7.524197
v 9.358090 0.469999 -7.469924
v 9.569843 0.469999 -7.403542
v 9.739500 0.469999 -7.326878
v 9.876976 0.469999 -7.241702
v 9.992184 0.469999 -7.149784
v 10.095038 0.469999 -7.052895
v 10.195452 0.469999 -6.952806
v 10.296702 0.469999 -6.852971
v 10.383441 0.469999 -6.757195
v 10.456094 0.469999 -6.660369
v 10.516600 0.469999 -6.556828
v 10.566897 0.470000 -6.440906
v 10.608923 0.470000 -6.306935
v 10.644617 0.470000 -6.149251
v 10.673039 0.470000 -5.959167
v 10.683953 0.470000 -5.724970
v 10.681639 0.470000 -5.459609
v 10.672356 0.470000 -5.178666
v 10.662367 0.470000 -4.897723
v 10.657932 0.470000 -4.632362
v 10.665313 0.470000 -4.398165
v 10.689180 0.470000 -4.208236
v 10.721645 0.470000 -4.051792
v 10.760686 0.470000 -3.919718
v 10.806452 0.470000 -3.805639
v 10.859092 0.470000 -3.703181
v 10.918756 0.470000 -3.605969
v 10.985591 0.470000 -3.507629
v 11.060317 0.470000 -3.403243
v 11.149042 0.470000 -3.305898
v 11.249704 0.470000 -3.216685
v 11.357607 0.470000 -3.131000
v 11.468056 0.470000 -3.044240
v 11.576354 0.470000 -2.951800
v 11.677806 0.470000 -2.849077
v 11.768129 0.470000 -2.731866
v 11.854516 0.470000 -2.607035
v 11.939493 0.470000 -2.477088
v 12.020748 0.470000 -2.339901
v 12.095970 0.470000 -2.193350
v 12.162850 0.470000 -2.035309
v 12.219077 0.470000 -1.863653
v 12.262322 0.470000 -1.676213
v 12.289818 0.470000 -1.468036
v 12.303268 0.470000 -1.240578
v 12.306250 0.470000 -0.999152
v 12.302341 0.470000 -0.749069
v 12.295119 0.470000 -0.495641
v 12.288162 0.470000 -0.244181
v 11.461469 -0.370000 0.000000
v 11.464375 -0.370000 0.222635
v 11.470865 -0.370000 0.451908
v 11.477603 -0.370000 0.682974
v 11.481250 -0.370000 0.910991
v 11.478468 -0.370000 1.131115
v 11.465920 -0.370000 1.338504
v 11.440267 -0.370000 1.528312
v 11.399921 -0.370000 1.699213
v 11.347464 -0.370000 1.855723
v 11.285067 -0.370000 1.999819
v 11.214887 -0.370000 2.133440
v 11.139080 -0.370000 2.258522
v 11.059800 -0.370000 2.377002
v 10.979204 -0.370000 2.490819
v 10.894936 -0.370000 2.597688
v 10.800286 -0.370000 2.691347
v 10.699248 -0.370000 2.775630
v 10.596203 -0.370000 2.854735
v 10.495534 -0.370000 2.932860
v 10.401620 -0.370000 3.014201
v 10.318843 -0.370000 3.102957
v 10.249127 -0.370000 3.198132
v 10.186772 -0.370000 3.287795
v 10.131108 -0.370000 3.376429
v 10.081997 -0.370000 3.469847
v 10.039299 -0.370000 3.573860
v 10.002876 -0.370000 3.694281
v 9.972587 -0.370000 3.836921
v 9.950320 -0.370000 4.010091
v 9.943434 -0.370000 4.223624
v 9.947571 -0.370000 4.465571
v 9.956891 -0.370000 4.721725
v 9.965551 -0.370000 4.977879
v 9.967711 -0.370000 5.219826
v 9.957528 -0.370000 5.433359
v 9.931011 -0.370000 5.606670
v 9.897711 -0.370000 5.750441
v 9.858502 -0.370000 5.872591
v 9.811577 -0.370000 5.978285
v 9.755127 -0.370000 6.072690
v 9.687344 -0.370000 6.160972
v 9.606420 -0.370000 6.248297
v 9.511958 -0.370000 6.339323
v 9.418276 -0.370000 6.430581
v 9.322317 -0.369999 6.518921
v 9.214833 -0.369999 6.602728
v 9.086573 -0.369999 6.680389
v 8.928289 -0.369999 6.750289
v 8.730732 -0.369999 6.810813
v 8.485882 -0.369999 6.860297
v 8.217326 -0.369999 6.896838
v 7.928551 -0.369999 6.921994
v 7.607735 -0.369999 6.938348
v 7.243057 -0.369999 6.948484
v 6.822693 -0.369999 6.954984
v 6.334822 -0.369999 6.960432
v 5.767423 -0.369999 6.967358
v 5.097077 -0.369999 6.972937
v 4.332077 -0.369999 6.975000
v 3.498501 -0.369999 6.974516
v 2.622427 -0.369999 6.972453
v 1.729933 -0.369999 6.969780
v 0.847098 -0.369999 6.967466
v 0.000000 -0.369999 6.966479
v -0.847098 -0.369999 6.967466
v -1.729933 -0.369999 6.969780
v -2.622427 -0.369999 6.972453
v -3.498501 -0.369999 6.974516
v -4.332077 -0.369999 6.975000
v -5.097077 -0.369999 6.972937
v -5.767423 -0.369999 6.967358
v -6.334822 -0.369999 6.960432
v -6.822693 -0.369999 6.954984
v -7.243057 -0.369999 6.948484
v -7.607735 -0.369999 6.938348
v -7.928551 -0.369999 6.921994
v -8.217326 -0.369999 6.896838
v -8.485882 -0.369999 6.860297
v -8.730732 -0.369999 6.810813
v -8.928289 -0.369999 6.750289
v -9.086573 -0.369999 6.680389
v -9.214833 -0.369999 6.602728
v -9.322317 -0.369999 6.518921
v -9.418276 -0.370000 6.430581
v -9.511958 -0.370000 6.339323
v -9.606420 -0.370000 6.248297
v -9.687344 -0.370000 6.160972
v -9.755127 -0.370000 6.072690
v -9.811577 -0.370000 5.978285
v -9.858502 -0.370000 5.872591
v -9.897711 -0.370000 5.750441
v -9.931011 -0.370000 5.606670
v -9.957528 -0.370000 5.433359
v -9.967711 -0.370000 5.219826
v -9.965551 -0.370000 4.977879
v -9.956891 -0.370000 4.721725
v -9.947571 -0.370000 4.465571
v -9.943434 -0.370000 4.223624
v -9.950320 -0.370000 4.010091
v -9.972587 -0.370000 3.836921
v -10.002876 -0.370000 3.694281
v -10.039299 -0.370000 3.573860
v -10.081997 -0.370000 3.469847
v -10.131108 -0.370000 3.376429
v -10.186772 -0.370000 3.287795
v -10.249127 -0.370000 3.198132
v -10.318843 -0.370000 3.102957
v -10.401620 -0.370000 3.014201
v -10.495534 -0.370000 2.932860
v -10.596203 -0.370000 2.854735
v -10.699248 -0.370000 2.775630
v -10.800286 -0.370000 2.691347
v -10.894936 -0.370000 2.597688
v -10.979204 -0.370000 2.490819
v -11.059800 -0.370000 2.377002
v -11.139080 -0.370000 2.258522
v -11.214887 -0.370000 2.133440
v -11.285067 -0.370000 1.999819
v -11.347464 -0.370000 1.855723
v -11.399921 -0.370000 1.699213
v -11.440267 -0.370000 1.528312
v -11.465920 -0.370000 1.338504
v -11.478468 -0.370000 1.131115
v -11.481250 -0.370000 0.910991
v -11.477603 -0.370000 0.682974
v -11.470865 -0.370000 0.451908
v -11.464375 -0.370000 0.222635
v -11.461469 -0.370000 0.000000
v -11.464375 -0.370000 -0.222635
v -11.470865 -0.370000 -0.451908
v -11.477603 -0.370000 -0.682974
v -11.481250 -0.370000 -0.910991
v -11.478468 -0.370000 -1.131115
v -11.465920 -0.370000 -1.338504
v -11.440267 -0.370000 -1.528312
v -11.399921 -0.370000 -1.699213
v -11.347464 -0.370000 -1.855723
v -11.285067 -0.370000 -1.999819
v -11.214887 -0.370000 -2.133440
v -11.139080 -0.370000 -2.258522
v -11.059800 -0.370000 -2.377002
v -10.979204 -0.370000 -2.490819
v -10.894936 -0.370000 -2.597688
v -10.800286 -0.370000 -2.691347
v -10.699248 -0.370000 -2.775630
v -10.596203 -0.370000 -2.854735
v -10.495534 -0.370000 -2.932860
v -10.401620 -0.370000 -3.014201
v -10.318843 -0.370000 -3.102957
v -10.249127 -0.370000 -3.198132
v -10.186772 -0.370000 -3.287795
v -10.131108 -0.370000 -3.376429
v -10.081997 -0.370000 -3.469847
v -10.039299 -0.370000 -3.573860
v -10.002876 -0.370000 -3.694281
v -9.972587 -0.370000 -3.836921
v -9.950320 -0.370000 -4.010091
v -9.943434 -0.370000 -4.223624
v -9.947571 -0.370000 -4.465571
v -9.956891 -0.370000 -4.721725
v -9.965551 -0.370000 -4.977879
v -9.967711 -0.370000 -5.219826
v -9.957528 -0.370000 -5.433359
v -9.931011 -0.370000 -5.606670
v -9.897711 -0.370000 -5.750441
v -9.858502 -0.370000 -5.872591
v -9.811577 -0.370000 -5.978285
v -9.755127 -0.370000 -6.072690
v -9.687344 -0.370000 -6.160972
v -9.606420 -0.370000 -6.248297
v -9.511958 -0.370000 -6.339323
v -9.418276 -0.370000 -6.430581
v -9.322317 -0.370001 -6.518921
v -9.214833 -0.370001 -6.602728
v -9.086573 -0.370001 -6.680389
v -8.928289 -0.370001 -6.750289
v -8.730732 -0.370001 -6.810813
v -8.485882 -0.370001 -6.860297
v -8.217326 -0.370001 -6.896838
v -7.928551 -0.370001 -6.921994
v -7.607735 -0.370001 -6.938348
v -7.243057 -0.370001 -6.948484
v -6.822693 -0.370001 -6.954984
v -6.334822 -0.370001 -6.960432
v -5.767423 -0.370001 -6.967358
v -5.097077 -0.370001 -6.972937
v -4.332077 -0.370001 -6.975000
v -3.498501 -0.370001 -6.974516
v -2.622427 -0.370001 -6.972453
v -1.729933 -0.370001 -6.969780
v -0.847098 -0.370001 -6.967466
v 0.000000 -0.370001 -6.966479
v 0.847098 -0.370001 -6.967466
v 1.729933 -0.370001 -6.969780
v 2.622427 -0.370001 -6.972453
v 3.498501 -0.370001 -6.974516
v 4.332077 -0.370001 -6.975000
v 5.097077 -0.370001 -6.972937
v 5.767423 -0.370001 -6.967358
v 6.334822 -0.370001 -6.960432
v 6.822693 -0.370001 -6.954984
v 7.243057 -0.370001 -6.948484
v 7.607735 -0.370001 -6.938348
v 7.928551 -0.370001 -6.921994
v 8.217326 -0.370001 -6.896838
v 8.485882 -0.370001 -6.860297
v 8.730732 -0.370001 -6.810813
v 8.928289 -0.370001 -6.750289
v 9.086573 -0.370001 -6.680389
v 9.214833 -0.370001 -6.602728
v 9.322317 -0.370001 -6.518921
v 9.418276 -0.370000 -6.430581
v 9.511958 -0.370000 -6.339323
v 9.606420 -0.370000 -6.248297
v 9.687344 -0.370000 -6.160972
v 9.755127 -0.370000 -6.072690
v 9.811577 -0.370000 -5.978285
v 9.858502 -0.370000 -5.872591
v 9.897711 -0.370000 -5.750441
v 9.931011 -0.370000 -5.606670
v 9.957528 -0.370000 -5.433359
v 9.967711 -0.370000 -5.219826
v 9.965551 -0.370000 -4.977879
v 9.956891 -0.370000 -4.721725
v 9.947571 -0.370000 -4.465571
v 9.943434 -0.370000 -4.223624
v 9.950320 -0.370000 -4.010091
v 9.972587 -0.370000 -3.836921
v 10.002876 -0.370000 -3.694281
v 10.039299 -0.370000 -3.573860
v 10.081997 -0.370000 -3.469847
v 10.131108 -0.370000 -3.376429
v 10.186772 -0.370000 -3.287795
v 10.249127 -0.370000 -3.198132
v 10.318843 -0.370000 -3.102957
v 10.401620 -0.370000 -3.014201
v 10.495534 -0.370000 -2.932860
v 10.596203 -0.370000 -2.854735
v 10.699248 -0.370000 -2.775630
v 10.800286 -0.370000 -2.691347
v 10.894936 -0.370000 -2.597688
v 10.979204 -0.370000 -2.490819
v 11.059800 -0.370000 -2.377002
v 11.139080 -0.370000 -2.258522
v 11.214887 -0.370000 -2.133440
v 11.285067 -0.370000 -1.999819
v 11.347464 -0.370000 -1.855723
v 11.399921 -0.370000 -1.699213
v 11.440267 -0.370000 -1.528312
v 11.465920 -0.370000 -1.338504
v 11.478468 -0.370000 -1.131115
v 11.481250 -0.370000 -0.910991
v 11.477603 -0.370000 -0.682974
v 11.470865 -0.370000 -0.451908
v 11.464375 -0.370000 -0.222635
v 0.000000 -0.370000 0.000000
v 0.000000 -0.750000 0.000000
v 0.240000 -0.370000 0.000000
v 0.130000 -0.280000 0.000000
v 0.235388 -0.370000 0.046822
v 0.127502 -0.280000 0.025362
v 0.221731 -0.370000 0.091844
v 0.120104 -0.280000 0.049749
v 0.199553 -0.370000 0.133337
v 0.108091 -0.280000 0.072224
v 0.169706 -0.370000 0.169706
v 0.091924 -0.280000 0.091924
v 0.133337 -0.370000 0.199553
v 0.072224 -0.280000 0.108091
v 0.091844 -0.370000 0.221731
v 0.049749 -0.280000 0.120104
v 0.046822 -0.370000 0.235388
v 0.025362 -0.280000 0.127502
v 0.000000 -0.370000 0.240000
v 0.000000 -0.280000 0.130000
v -0.046822 -0.370000 0.235388
v -0.025362 -0.280000 0.127502
v -0.091844 -0.370000 0.221731
v -0.049749 -0.280000 0.120104
v -0.133337 -0.370000 0.199553
v -0.072224 -0.280000 0.108091
v -0.169706 -0.370000 0.169706
v -0.091924 -0.280000 0.091924
v -0.199553 -0.370000 0.133337
v -0.108091 -0.280000 0.072224
v -0.221731 -0.370000 0.091844
v -0.120104 -0.280000 0.049749
v -0.235388 -0.370000 0.046822
v -0.127502 -0.280000 0.025362
v -0.240000 -0.370000 0.000000
v -0.130000 -0.280000 0.000000
v -0.235388 -0.370000 -0.046822
v -0.127502 -0.280000 -0.025362
v -0.221731 -0.370000 -0.091844
v -0.120104 -0.280000 -0.049749
v -0.199553 -0.370000 -0.133337
v -0.108091 -0.280000 -0.072224
v -0.169706 -0.370000 -0.169706
v -0.091924 -0.280000 -0.091924
v -0.133337 -0.370000 -0.199553
v -0.072224 -0.280000 -0.108091
v -0.091844 -0.370000 -0.221731
v -0.049749 -0.280000 -0.120104
v -0.046822 -0.370000 -0.235388
v -0.025362 -0.280000 -0.127502
v 0.000000 -0.370000 -0.240000
v 0.000000 -0.280000 -0.130000
v 0.046822 -0.370000 -0.235388
v 0.025362 -0.280000 -0.127502
v 0.091844 -0.370000 -0.221731
v 0.049749 -0.280000 -0.120104
v 0.133337 -0.370000 -0.199553
v 0.072224 -0.280000 -0.108091
v 0.169706 -0.370000 -0.169706
v 0.091924 -0.280000 -0.091924
v 0.199553 -0.370000 -0.133337
v 0.108091 -0.280000 -0.072224
v 0.221731 -0.370000 -0.091844
v 0.120104 -0.280000 -0.049749
v 0.235388 -0.370000 -0.046822
v 0.127502 -0.280000 -0.025362
v 0.000000 -0.250000 0.000000
v 0.000000 -0.370000 0.000000
vn 0.8293 -0.5588 -0.0000
vn 0.9324 -0.3610 -0.0181
vn 0.8293 -0.5586 -0.0161
vn 0.9324 -0.3614 -0.0000
vn 0.9324 -0.3605 -0.0251
vn 0.8293 -0.5583 -0.0225
vn 0.9326 -0.3603 -0.0196
vn 0.8293 -0.5584 -0.0179
vn 0.9327 -0.3607 -0.0013
vn 0.8289 -0.5594 -0.0019
vn 0.9318 -0.3617 0.0321
vn 0.8272 -0.5613 0.0278
vn 0.9278 -0.3632 0.0850
vn 0.8224 -0.5640 0.0750
vn 0.9174 -0.3648 0.1589
vn 0.8117 -0.5666 0.1417
vn 0.8993 -0.3660 0.2394
vn 0.7949 -0.5675 0.2148
vn 0.8763 -0.3658 0.3136
vn 0.7744 -0.5663 0.2822
vn 0.8503 -0.3646 0.3796
vn 0.7518 -0.5637 0.3422
vn 0.8242 -0.3630 0.4346
vn 0.7296 -0.5603 0.3922
vn 0.8013 -0.3615 0.4767
vn 0.7103 -0.5571 0.4302
vn 0.7845 -0.3606 0.5045
vn 0.6963 -0.5550 0.4550
vn 0.7656 -0.3586 0.5342
vn 0.6793 -0.5522 0.4833
vn 0.7198 -0.3515 0.5986
vn 0.6372 -0.5424 0.5475
vn 0.6562 -0.3427 0.6723
vn 0.5842 -0.5276 0.6167
vn 0.6132 -0.3365 0.7147
vn 0.5501 -0.5176 0.6553
vn 0.5996 -0.3356 0.7265
vn 0.5415 -0.5160 0.6637
vn 0.6188 -0.3410 0.7077
vn 0.5605 -0.5233 0.6418
vn 0.6703 -0.3515 0.6535
vn 0.6053 -0.5371 0.5874
vn 0.7364 -0.3611 0.5722
vn 0.6595 -0.5500 0.5124
vn 0.7749 -0.3631 0.5174
vn 0.6892 -0.5555 0.4653
vn 0.7917 -0.3651 0.4898
vn 0.7038 -0.5578 0.4400
vn 0.8190 -0.3668 0.4412
vn 0.7277 -0.5596 0.3967
vn 0.8529 -0.3662 0.3721
vn 0.7578 -0.5591 0.3363
vn 0.8847 -0.3622 0.2934
vn 0.7875 -0.5550 0.2679
vn 0.9090 -0.3556 0.2173
vn 0.8122 -0.5476 0.2012
vn 0.9263 -0.3472 0.1460
vn 0.8317 -0.5377 0.1385
vn 0.9395 -0.3357 0.0683
vn 0.8490 -0.5235 0.0712
vn 0.9462 -0.3235 0.0054
vn 0.8615 -0.5077 0.0103
vn 0.9482 -0.3169 -0.0243
vn 0.8667 -0.4984 -0.0201
vn 0.9486 -0.3150 -0.0310
vn 0.8682 -0.4953 -0.0291
vn 0.9480 -0.3179 -0.0182
vn 0.9450 -0.3266 0.0188
vn 0.8606 -0.5092 0.0099
vn 0.9350 -0.3429 0.0902
vn 0.8448 -0.5305 0.0700
vn 0.9180 -0.3599 0.1666
vn 0.8201 -0.5541 0.1426
vn 0.8979 -0.3733 0.2332
vn 0.7954 -0.5717 0.2012
vn 0.8680 -0.3870 0.3112
vn 0.7620 -0.5896 0.2678
vn 0.8239 -0.4006 0.4010
vn 0.7159 -0.6070 0.3450
vn 0.7688 -0.4117 0.4894
vn 0.6617 -0.6201 0.4214
vn 0.7125 -0.4193 0.5626
vn 0.6091 -0.6277 0.4847
vn 0.6676 -0.4239 0.6121
vn 0.5687 -0.6311 0.5275
vn 0.6507 -0.4272 0.6278
vn 0.5539 -0.6325 0.5414
vn 0.6434 -0.4273 0.6351
vn 0.5472 -0.6337 0.5469
vn 0.6073 -0.4277 0.6695
vn 0.5152 -0.6351 0.5755
vn 0.5370 -0.4274 0.7274
vn 0.4534 -0.6343 0.6262
vn 0.4420 -0.4238 0.7906
vn 0.3712 -0.6279 0.6841
vn 0.3384 -0.4162 0.8439
vn 0.2826 -0.6152 0.7360
vn 0.2414 -0.4058 0.8815
vn 0.2005 -0.5990 0.7753
vn 0.1649 -0.3958 0.9034
vn 0.1374 -0.5840 0.8000
vn 0.1106 -0.3875 0.9152
vn 0.0917 -0.5721 0.8150
vn 0.0692 -0.3807 0.9221
vn 0.0568 -0.5625 0.8249
vn 0.0397 -0.3757 0.9259
vn 0.0324 -0.5556 0.8308
vn 0.0218 -0.3726 0.9277
vn 0.0179 -0.5515 0.8340
vn 0.0133 -0.3713 0.9284
vn 0.0114 -0.5498 0.8352
vn 0.0116 -0.3712 0.9285
vn 0.0104 -0.5496 0.8354
vn 0.0103 -0.3710 0.9286
vn 0.0088 -0.5493 0.8356
vn 0.0056 -0.3704 0.9289
vn 0.0045 -0.5485 0.8361
vn 0.0011 -0.3699 0.9291
vn 0.0007 -0.5478 0.8366
vn -0.0014 -0.3696 0.9292
vn -0.0014 -0.5474 0.8369
vn -0.0026 -0.3695 0.9292
vn -0.0024 -0.5472 0.8370
vn -0.0028 -0.3695 0.9292
vn -0.0025 -0.5472 0.8370
vn -0.0019 -0.3695 0.9292
vn -0.0017 -0.5472 0.8370
vn -0.0000 -0.3695 0.9292
vn -0.0000 -0.5472 0.8370
vn 0.0019 -0.3695 0.9292
vn 0.0017 -0.5472 0.8370
vn 0.0028 -0.3695 0.9292
vn 0.0025 -0.5472 0.8370
vn 0.0026 -0.3695 0.9292
vn 0.0024 -0.5473 0.8370
vn 0.0014 -0.3696 0.9292
vn 0.0014 -0.5474 0.8368
vn -0.0011 -0.3699 0.9291
vn -0.0007 -0.5478 0.8366
vn -0.0056 -0.3704 0.9289
vn -0.0045 -0.5485 0.8362
vn -0.0103 -0.3710 0.9286
vn -0.0088 -0.5493 0.8356
vn -0.0116 -0.3712 0.9285
vn -0.0104 -0.5495 0.8354
vn -0.0134 -0.3713 0.9284
vn -0.0114 -0.5497 0.8353
vn -0.0219 -0.3727 0.9277
vn -0.0179 -0.5514 0.8340
vn -0.0398 -0.3757 0.9259
vn -0.0324 -0.5554 0.8309
vn -0.0692 -0.3808 0.9221
vn -0.0568 -0.5622 0.8250
vn -0.1107 -0.3877 0.9151
vn -0.0918 -0.5717 0.8153
vn -0.1650 -0.3960 0.9033
vn -0.1375 -0.5835 0.8004
vn -0.2414 -0.4060 0.8814
vn -0.2006 -0.5983 0.7757
vn -0.3384 -0.4164 0.8439
vn -0.2828 -0.6145 0.7365
vn -0.4420 -0.4240 0.7905
vn -0.3715 -0.6271 0.6847
vn -0.5369 -0.4275 0.7273
vn -0.4538 -0.6335 0.6267
vn -0.6073 -0.4278 0.6694
vn -0.5156 -0.6343 0.5760
vn -0.6434 -0.4275 0.6351
vn -0.5477 -0.6329 0.5473
vn -0.6506 -0.4273 0.6278
vn -0.5544 -0.6317 0.5419
vn -0.6675 -0.4240 0.6120
vn -0.5692 -0.6304 0.5279
vn -0.7124 -0.4194 0.5626
vn -0.6095 -0.6270 0.4851
vn -0.7687 -0.4119 0.4894
vn -0.6621 -0.6195 0.4217
vn -0.8238 -0.4007 0.4010
vn -0.7163 -0.6064 0.3452
vn -0.8679 -0.3871 0.3112
vn -0.7624 -0.5891 0.2679
vn -0.8979 -0.3734 0.2333
vn -0.7957 -0.5712 0.2013
vn -0.9180 -0.3600 0.1666
vn -0.8204 -0.5537 0.1426
vn -0.9350 -0.3430 0.0903
vn -0.8449 -0.5302 0.0701
vn -0.9450 -0.3267 0.0189
vn -0.8606 -0.5092 0.0100
vn -0.9480 -0.3179 -0.0181
vn -0.8667 -0.4985 -0.0201
vn -0.9486 -0.3150 -0.0311
vn -0.8682 -0.4954 -0.0291
vn -0.9482 -0.3168 -0.0243
vn -0.9462 -0.3235 0.0053
vn -0.8615 -0.5076 0.0103
vn -0.9395 -0.3357 0.0682
vn -0.8492 -0.5233 0.0711
vn -0.9263 -0.3473 0.1460
vn -0.8320 -0.5373 0.1385
vn -0.9090 -0.3557 0.2173
vn -0.8125 -0.5471 0.2012
vn -0.8847 -0.3624 0.2934
vn -0.7879 -0.5544 0.2680
vn -0.8528 -0.3663 0.3721
vn -0.7582 -0.5585 0.3365
vn -0.8190 -0.3670 0.4411
vn -0.7281 -0.5589 0.3969
vn -0.7916 -0.3653 0.4897
vn -0.7042 -0.5570 0.4403
vn -0.7748 -0.3633 0.5173
vn -0.6896 -0.5547 0.4656
vn -0.7363 -0.3614 0.5721
vn -0.6600 -0.5491 0.5128
vn -0.6703 -0.3518 0.6535
vn -0.6058 -0.5361 0.5879
vn -0.6188 -0.3413 0.7076
vn -0.5609 -0.5223 0.6423
vn -0.5996 -0.3359 0.7264
vn -0.5419 -0.5149 0.6642
vn -0.6132 -0.3367 0.7146
vn -0.5505 -0.5165 0.6559
vn -0.6561 -0.3429 0.6723
vn -0.5846 -0.5265 0.6172
vn -0.7197 -0.3518 0.5986
vn -0.6377 -0.5414 0.5480
vn -0.7655 -0.3588 0.5341
vn -0.6798 -0.5512 0.4837
vn -0.7844 -0.3609 0.5045
vn -0.6969 -0.5541 0.4554
vn -0.8012 -0.3617 0.4767
vn -0.7108 -0.5562 0.4306
vn -0.8241 -0.3632 0.4346
vn -0.7301 -0.5594 0.3925
vn -0.8502 -0.3648 0.3796
vn -0.7523 -0.5628 0.3425
vn -0.8762 -0.3659 0.3136
vn -0.7748 -0.5656 0.2824
vn -0.8992 -0.3661 0.2394
vn -0.7952 -0.5669 0.2150
vn -0.9174 -0.3649 0.1589
vn -0.8120 -0.5662 0.1418
vn -0.9278 -0.3633 0.0850
vn -0.8225 -0.5638 0.0751
vn -0.9317 -0.3617 0.0321
vn -0.8272 -0.5612 0.0278
vn -0.9327 -0.3607 -0.0013
vn -0.8289 -0.5594 -0.0018
vn -0.9326 -0.3603 -0.0196
vn -0.8293 -0.5585 -0.0179
vn -0.9324 -0.3605 -0.0251
vn -0.8293 -0.5584 -0.0225
vn -0.9324 -0.3610 -0.0181
vn -0.8293 -0.5586 -0.0161
vn -0.9324 -0.3614 -0.0000
vn -0.8293 -0.5588 -0.0000
vn -0.9324 -0.3610 0.0181
vn -0.8293 -0.5586 0.0161
vn -0.9324 -0.3605 0.0251
vn -0.8293 -0.5583 0.0225
vn -0.9326 -0.3603 0.0196
vn -0.8293 -0.5584 0.0179
vn -0.9327 -0.3607 0.0013
vn -0.8289 -0.5594 0.0019
vn -0.9318 -0.3617 -0.0321
vn -0.8272 -0.5613 -0.0278
vn -0.9278 -0.3632 -0.0850
vn -0.8224 -0.5640 -0.0750
vn -0.9174 -0.3648 -0.1589
vn -0.8117 -0.5666 -0.1417
vn -0.8993 -0.3660 -0.2394
vn -0.7949 -0.5675 -0.2148
vn -0.8763 -0.3658 -0.3136
vn -0.7744 -0.5663 -0.2822
vn -0.8503 -0.3646 -0.3796
vn -0.7518 -0.5637 -0.3422
vn -0.8242 -0.3630 -0.4346
vn -0.7296 -0.5603 -0.3922
vn -0.8013 -0.3615 -0.4767
vn -0.7103 -0.5571 -0.4302
vn -0.7845 -0.3606 -0.5045
vn -0.6963 -0.5550 -0.4550
vn -0.7656 -0.3586 -0.5342
vn -0.6793 -0.5522 -0.4833
vn -0.7198 -0.3515 -0.5986
vn -0.6372 -0.5424 -0.5475
vn -0.6562 -0.3427 -0.6723
vn -0.5842 -0.5276 -0.6167
vn -0.6132 -0.3365 -0.7147
vn -0.5501 -0.5176 -0.6553
vn -0.5996 -0.3356 -0.7265
vn -0.5415 -0.5160 -0.6637
vn -0.6188 -0.3410 -0.7077
vn -0.5605 -0.5233 -0.6418
vn -0.6703 -0.3515 -0.6535
vn -0.6053 -0.5371 -0.5874
vn -0.7364 -0.3611 -0.5722
vn -0.6595 -0.5500 -0.5124
vn -0.7749 -0.3631 -0.5174
vn -0.6892 -0.5555 -0.4653
vn -0.7917 -0.3651 -0.4898
vn -0.7038 -0.5578 -0.4400
vn -0.8190 -0.3668 -0.4412
vn -0.7277 -0.5596 -0.3967
vn -0.8529 -0.3662 -0.3721
vn -0.7578 -0.5591 -0.3363
vn -0.8847 -0.3622 -0.2934
vn -0.7875 -0.5550 -0.2679
vn -0.9090 -0.3556 -0.2173
vn -0.8122 -0.5476 -0.2012
vn -0.9263 -0.3472 -0.1460
vn -0.8317 -0.5377 -0.1385
vn -0.9395 -0.3357 -0.0683
vn -0.8490 -0.5235 -0.0712
vn -0.9462 -0.3235 -0.0054
vn -0.8615 -0.5077 -0.0103
vn -0.9482 -0.3169 0.0243
vn -0.8667 -0.4984 0.0201
vn -0.9486 -0.3150 0.0310
vn -0.8682 -0.4953 0.0291
vn -0.9480 -0.3179 0.0182
vn -0.9450 -0.3266 -0.0188
vn -0.8606 -0.5092 -0.0099
vn -0.9350 -0.3429 -0.0902
vn -0.8448 -0.5305 -0.0700
vn -0.9180 -0.3599 -0.1666
vn -0.8201 -0.5541 -0.1426
vn -0.8979 -0.3733 -0.2332
vn -0.7954 -0.5717 -0.2012
vn -0.8680 -0.3870 -0.3112
vn -0.7620 -0.5896 -0.2678
vn -0.8239 -0.4006 -0.4010
vn -0.7159 -0.6070 -0.3450
vn -0.7688 -0.4117 -0.4894
vn -0.6617 -0.6201 -0.4214
vn -0.7125 -0.4193 -0.5626
vn -0.6091 -0.6277 -0.4847
vn -0.6676 -0.4239 -0.6121
vn -0.5687 -0.6311 -0.5275
vn -0.6507 -0.4272 -0.6278
vn -0.5539 -0.6325 -0.5414
vn -0.6434 -0.4273 -0.6351
vn -0.5472 -0.6337 -0.5469
vn -0.6073 -0.4277 -0.6695
vn -0.5152 -0.6351 -0.5755
vn -0.5370 -0.4274 -0.7274
vn -0.4534 -0.6343 -0.6262
vn -0.4420 -0.4238 -0.7906
vn -0.3712 -0.6279 -0.6841
vn -0.3384 -0.4162 -0.8439
vn -0.2826 -0.6152 -0.7360
vn -0.2414 -0.4058 -0.8815
vn -0.2005 -0.5990 -0.7753
vn -0.1649 -0.3958 -0.9034
vn -0.1374 -0.5840 -0.8000
vn -0.1106 -0.3875 -0.9152
vn -0.0917 -0.5721 -0.8150
vn -0.0692 -0.3807 -0.9221
vn -0.0568 -0.5625 -0.8249
vn -0.0397 -0.3757 -0.9259
vn -0.0324 -0.5556 -0.8308
vn -0.0218 -0.3726 -0.9277
vn -0.0179 -0.5515 -0.8340
vn -0.0133 -0.3713 -0.9284
vn -0.0114 -0.5498 -0.8352
vn -0.0116 -0.3712 -0.9285
vn -0.0104 -0.5496 -0.8354
vn -0.0103 -0.3710 -0.9286
vn -0.0088 -0.5493 -0.8356
vn -0.0056 -0.3704 -0.9289
vn -0.0045 -0.5485 -0.8361
vn -0.0011 -0.3699 -0.9291
vn -0.0007 -0.5478 -0.8366
vn 0.0014 -0.3696 -0.9292
vn 0.0014 -0.5474 -0.8369
vn 0.0026 -0.3695 -0.9292
vn 0.0024 -0.5472 -0.8370
vn 0.0028 -0.3695 -0.9292
vn 0.0025 -0.5472 -0.8370
vn 0.0019 -0.3695 -0.9292
vn 0.0017 -0.5472 -0.8370
vn -0.0000 -0.3695 -0.9292
vn -0.0000 -0.5472 -0.8370
vn -0.0019 -0.3695 -0.9292
vn -0.0017 -0.5472 -0.8370
vn -0.0028 -0.3695 -0.9292
vn -0.0025 -0.5472 -0.8370
vn -0.0026 -0.3695 -0.9292
vn -0.0024 -0.5473 -0.8370
vn -0.0014 -0.3696 -0.9292
vn -0.0014 -0.5474 -0.8368
vn 0.0011 -0.3699 -0.9291
vn 0.0007 -0.5478 -0.8366
vn 0.0056 -0.3704 -0.9289
vn 0.0045 -0.5485 -0.8362
vn 0.0103 -0.3710 -0.9286
vn 0.0088 -0.5493 -0.8356
vn 0.0116 -0.3712 -0.9285
vn 0.0104 -0.5495 -0.8354
vn 0.0134 -0.3713 -0.9284
vn 0.0114 -0.5497 -0.8353
vn 0.0219 -0.3727 -0.9277
vn 0.0179 -0.5514 -0.8340
vn 0.0398 -0.3757 -0.9259
vn 0.0324 -0.5554 -0.8309
vn 0.0692 -0.3808 -0.9221
vn 0.0568 -0.5622 -0.8250
vn 0.1107 -0.3877 -0.9151
vn 0.0918 -0.5717 -0.8153
vn 0.1650 -0.3960 -0.9033
vn 0.1375 -0.5835 -0.8004
vn 0.2414 -0.4060 -0.8814
vn 0.2006 -0.5983 -0.7757
vn 0.3384 -0.4164 -0.8439
vn 0.2828 -0.6145 -0.7365
vn 0.4420 -0.4240 -0.7905
vn 0.3715 -0.6271 -0.6847
vn 0.5369 -0.4275 -0.7273
vn 0.4538 -0.6335 -0.6267
vn 0.6073 -0.4278 -0.6694
vn 0.5156 -0.6343 -0.5760
vn 0.6434 -0.4275 -0.6351
vn 0.5477 -0.6329 -0.5473
vn 0.6506 -0.4273 -0.6278
vn 0.5544 -0.6317 -0.5419
vn 0.6675 -0.4240 -0.6120
vn 0.5692 -0.6304 -0.5279
vn 0.7124 -0.4194 -0.5626
vn 0.6095 -0.6270 -0.4851
vn 0.7687 -0.4119 -0.4894
vn 0.6621 -0.6195 -0.4217
vn 0.8238 -0.4007 -0.4010
vn 0.7163 -0.6064 -0.3452
vn 0.8679 -0.3871 -0.3112
vn 0.7624 -0.5891 -0.2679
vn 0.8979 -0.3734 -0.2333
vn 0.7957 -0.5712 -0.2013
vn 0.9180 -0.3600 -0.1666
vn 0.8204 -0.5537 -0.1426
vn 0.9350 -0.3430 -0.0903
vn 0.8449 -0.5302 -0.0701
vn 0.9450 -0.3267 -0.0189
vn 0.8606 -0.5092 -0.0100
vn 0.9480 -0.3179 0.0181
vn 0.8667 -0.4985 0.0201
vn 0.9486 -0.3150 0.0311
vn 0.8682 -0.4954 0.0291
vn 0.9482 -0.3168 0.0243
vn 0.9462 -0.3235 -0.0053
vn 0.8615 -0.5076 -0.0103
vn 0.9395 -0.3357 -0.0682
vn 0.8492 -0.5233 -0.0711
vn 0.9263 -0.3473 -0.1460
vn 0.8320 -0.5373 -0.1385
vn 0.9090 -0.3557 -0.2173
vn 0.8125 -0.5471 -0.2012
vn 0.8847 -0.3624 -0.2934
vn 0.7879 -0.5544 -0.2680
vn 0.8528 -0.3663 -0.3721
vn 0.7582 -0.5585 -0.3365
vn 0.8190 -0.3670 -0.4411
vn 0.7281 -0.5589 -0.3969
vn 0.7916 -0.3653 -0.4897
vn 0.7042 -0.5570 -0.4403
vn 0.7748 -0.3633 -0.5173
vn 0.6896 -0.5547 -0.4656
vn 0.7363 -0.3614 -0.5721
vn 0.6600 -0.5491 -0.5128
vn 0.6703 -0.3518 -0.6535
vn 0.6058 -0.5361 -0.5879
vn 0.6188 -0.3413 -0.7076
vn 0.5609 -0.5223 -0.6423
vn 0.5996 -0.3359 -0.7264
vn 0.5419 -0.5149 -0.6642
vn 0.6132 -0.3367 -0.7146
vn 0.5505 -0.5165 -0.6559
vn 0.6561 -0.3429 -0.6723
vn 0.5846 -0.5265 -0.6172
vn 0.7197 -0.3518 -0.5986
vn 0.6377 -0.5414 -0.5480
vn 0.7655 -0.3588 -0.5341
vn 0.6798 -0.5512 -0.4837
vn 0.7844 -0.3609 -0.5045
vn 0.6969 -0.5541 -0.4554
vn 0.8012 -0.3617 -0.4767
vn 0.7108 -0.5562 -0.4306
vn 0.8241 -0.3632 -0.4346
vn 0.7301 -0.5594 -0.3925
vn 0.8502 -0.3648 -0.3796
vn 0.7523 -0.5628 -0.3425
vn 0.8762 -0.3659 -0.3136
vn 0.7748 -0.5656 -0.2824
vn 0.8992 -0.3661 -0.2394
vn 0.7952 -0.5669 -0.2150
vn 0.9174 -0.3649 -0.1589
vn 0.8120 -0.5662 -0.1418
vn 0.9278 -0.3633 -0.0850
vn 0.8225 -0.5638 -0.0751
vn 0.9317 -0.3617 -0.0321
vn 0.8272 -0.5612 -0.0278
vn 0.9327 -0.3607 0.0013
vn 0.8289 -0.5594 0.0018
vn 0.9326 -0.3603 0.0196
vn 0.8293 -0.5585 0.0179
vn 0.9324 -0.3605 0.0251
vn 0.8293 -0.5584 0.0225
vn 0.9324 -0.3610 0.0181
vn 0.8293 -0.5586 0.0161
vn 0.9998 -0.0045 -0.0192
vn 1.0000 -0.0045 -0.0000
vn 0.9996 -0.0044 -0.0267
vn 0.9998 -0.0044 -0.0209
vn 1.0000 -0.0045 -0.0014
vn 0.9994 -0.0047 0.0342
vn 0.9959 -0.0052 0.0906
vn 0.9855 -0.0060 0.1696
vn 0.9667 -0.0069 0.2557
vn 0.9422 -0.0080 0.3350
vn 0.9141 -0.0090 0.4054
vn 0.8858 -0.0100 0.4640
vn 0.8609 -0.0108 0.5087
vn 0.8427 -0.0116 0.5383
vn 0.8218 -0.0123 0.5697
vn 0.7706 -0.0135 0.6372
vn 0.7005 -0.0149 0.7135
vn 0.6535 -0.0159 0.7568
vn 0.6391 -0.0164 0.7689
vn 0.6612 -0.0166 0.7501
vn 0.7189 -0.0161 0.6949
vn 0.7920 -0.0151 0.6103
vn 0.8334 -0.0144 0.5525
vn 0.8521 -0.0142 0.5232
vn 0.8818 -0.0135 0.4714
vn 0.9176 -0.0123 0.3974
vn 0.9498 -0.0107 0.3128
vn 0.9729 -0.0091 0.2311
vn 0.9879 -0.0076 0.1548
vn 0.9974 -0.0057 0.0724
vn 1.0000 -0.0040 0.0059
vn 0.9997 -0.0032 -0.0253
vn 0.9995 -0.0030 -0.0325
vn 0.9998 -0.0033 -0.0191
vn 0.9998 -0.0046 0.0196
vn 0.9954 -0.0072 0.0953
vn 0.9841 -0.0101 0.1774
vn 0.9682 -0.0128 0.2499
vn 0.9418 -0.0160 0.3357
vn 0.9000 -0.0197 0.4355
vn 0.8448 -0.0234 0.5346
vn 0.7864 -0.0266 0.6171
vn 0.7390 -0.0289 0.6731
vn 0.7217 -0.0300 0.6915
vn 0.7137 -0.0306 0.6998
vn 0.6739 -0.0323 0.7381
vn 0.5959 -0.0349 0.8023
vn 0.4899 -0.0378 0.8709
vn 0.3738 -0.0402 0.9266
vn 0.2653 -0.0418 0.9633
vn 0.1804 -0.0429 0.9827
vn 0.1205 -0.0434 0.9918
vn 0.0751 -0.0437 0.9962
vn 0.0430 -0.0439 0.9981
vn 0.0236 -0.0440 0.9988
vn 0.0144 -0.0440 0.9989
vn 0.0125 -0.0441 0.9989
vn 0.0111 -0.0441 0.9990
vn 0.0060 -0.0441 0.9990
vn 0.0012 -0.0442 0.9990
vn -0.0016 -0.0441 0.9990
vn -0.0029 -0.0441 0.9990
vn -0.0030 -0.0441 0.9990
vn -0.0020 -0.0441 0.9990
vn -0.0000 -0.0441 0.9990
vn 0.0020 -0.0441 0.9990
vn 0.0030 -0.0441 0.9990
vn 0.0029 -0.0441 0.9990
vn 0.0016 -0.0441 0.9990
vn -0.0012 -0.0441 0.9990
vn -0.0060 -0.0441 0.9990
vn -0.0111 -0.0441 0.9990
vn -0.0125 -0.0441 0.9989
vn -0.0144 -0.0441 0.9989
vn -0.0236 -0.0440 0.9988
vn -0.0430 -0.0439 0.9981
vn -0.0751 -0.0438 0.9962
vn -0.1205 -0.0435 0.9918
vn -0.1805 -0.0431 0.9826
vn -0.2653 -0.0421 0.9632
vn -0.3738 -0.0404 0.9266
vn -0.4899 -0.0381 0.8709
vn -0.5959 -0.0353 0.8023
vn -0.6739 -0.0326 0.7381
vn -0.7137 -0.0309 0.6998
vn -0.7217 -0.0303 0.6915
vn -0.7390 -0.0292 0.6731
vn -0.7864 -0.0269 0.6172
vn -0.8448 -0.0236 0.5346
vn -0.9000 -0.0199 0.4355
vn -0.9418 -0.0162 0.3357
vn -0.9682 -0.0129 0.2499
vn -0.9841 -0.0102 0.1774
vn -0.9954 -0.0073 0.0954
vn -0.9998 -0.0046 0.0196
vn -0.9998 -0.0033 -0.0191
vn -0.9995 -0.0029 -0.0325
vn -0.9997 -0.0032 -0.0253
vn -1.0000 -0.0040 0.0058
vn -0.9974 -0.0057 0.0724
vn -0.9879 -0.0077 0.1548
vn -0.9729 -0.0093 0.2311
vn -0.9498 -0.0109 0.3128
vn -0.9176 -0.0125 0.3974
vn -0.8818 -0.0137 0.4714
vn -0.8521 -0.0144 0.5232
vn -0.8334 -0.0147 0.5524
vn -0.7920 -0.0154 0.6103
vn -0.7189 -0.0164 0.6949
vn -0.6611 -0.0169 0.7501
vn -0.6391 -0.0167 0.7689
vn -0.6535 -0.0162 0.7567
vn -0.7005 -0.0152 0.7135
vn -0.7706 -0.0138 0.6372
vn -0.8218 -0.0126 0.5697
vn -0.8427 -0.0119 0.5383
vn -0.8609 -0.0111 0.5087
vn -0.8857 -0.0103 0.4640
vn -0.9141 -0.0093 0.4055
vn -0.9422 -0.0082 0.3350
vn -0.9667 -0.0071 0.2557
vn -0.9855 -0.0061 0.1696
vn -0.9959 -0.0053 0.0906
vn -0.9994 -0.0047 0.0342
vn -1.0000 -0.0045 -0.0014
vn -0.9998 -0.0044 -0.0209
vn -0.9996 -0.0044 -0.0267
vn -0.9998 -0.0044 -0.0192
vn -1.0000 -0.0045 -0.0000
vn -0.9998 -0.0045 0.0192
vn -0.9996 -0.0044 0.0267
vn -0.9998 -0.0044 0.0209
vn -1.0000 -0.0045 0.0014
vn -0.9994 -0.0047 -0.0342
vn -0.9959 -0.0052 -0.0906
vn -0.9855 -0.0060 -0.1696
vn -0.9667 -0.0069 -0.2557
vn -0.9422 -0.0080 -0.3350
vn -0.9141 -0.0090 -0.4054
vn -0.8858 -0.0100 -0.4640
vn -0.8609 -0.0108 -0.5087
vn -0.8427 -0.0116 -0.5383
vn -0.8218 -0.0123 -0.5697
vn -0.7706 -0.0135 -0.6372
vn -0.7005 -0.0149 -0.7135
vn -0.6535 -0.0159 -0.7568
vn -0.6391 -0.0164 -0.7689
vn -0.6612 -0.0166 -0.7501
vn -0.7189 -0.0161 -0.6949
vn -0.7920 -0.0151 -0.6103
vn -0.8334 -0.0144 -0.5525
vn -0.8521 -0.0142 -0.5232
vn -0.8818 -0.0135 -0.4714
vn -0.9176 -0.0123 -0.3974
vn -0.9498 -0.0107 -0.3128
vn -0.9729 -0.0091 -0.2311
vn -0.9879 -0.0076 -0.1548
vn -0.9974 -0.0057 -0.0724
vn -1.0000 -0.0040 -0.0059
vn -0.9997 -0.0032 0.0253
vn -0.9995 -0.0030 0.0325
vn -0.9998 -0.0033 0.0191
vn -0.9998 -0.0046 -0.0196
vn -0.9954 -0.0072 -0.0953
vn -0.9841 -0.0101 -0.1774
vn -0.9682 -0.0128 -0.2499
vn -0.9418 -0.0160 -0.3357
vn -0.9000 -0.0197 -0.4355
vn -0.8448 -0.0234 -0.5346
vn -0.7864 -0.0266 -0.6171
vn -0.7390 -0.0289 -0.6731
vn -0.7217 -0.0300 -0.6915
vn -0.7137 -0.0306 -0.6998
vn -0.6739 -0.0323 -0.7381
vn -0.5959 -0.0349 -0.8023
vn -0.4899 -0.0378 -0.8709
vn -0.3738 -0.0402 -0.9266
vn -0.2653 -0.0418 -0.9633
vn -0.1804 -0.0429 -0.9827
vn -0.1205 -0.0434 -0.9918
vn -0.0751 -0.0437 -0.9962
vn -0.0430 -0.0439 -0.9981
vn -0.0236 -0.0440 -0.9988
vn -0.0144 -0.0440 -0.9989
vn -0.0125 -0.0441 -0.9989
vn -0.0111 -0.0441 -0.9990
vn -0.0060 -0.0441 -0.9990
vn -0.0012 -0.0442 -0.9990
vn 0.0016 -0.0441 -0.9990
vn 0.0029 -0.0441 -0.9990
vn 0.0030 -0.0441 -0.9990
vn 0.0020 -0.0441 -0.9990
vn -0.0000 -0.0441 -0.9990
vn -0.0020 -0.0441 -0.9990
vn -0.0030 -0.0441 -0.9990
vn -0.0029 -0.0441 -0.9990
vn -0.0016 -0.0441 -0.9990
vn 0.0012 -0.0441 -0.9990
vn 0.0060 -0.0441 -0.9990
vn 0.0111 -0.0441 -0.9990
vn 0.0125 -0.0441 -0.9989
vn 0.0144 -0.0441 -0.9989
vn 0.0236 -0.0440 -0.9988
vn 0.0430 -0.0439 -0.9981
vn 0.0751 -0.0438 -0.9962
vn 0.1205 -0.0435 -0.9918
vn 0.1805 -0.0431 -0.9826
vn 0.2653 -0.0421 -0.9632
vn 0.3738 -0.0404 -0.9266
vn 0.4899 -0.0381 -0.8709
vn 0.5959 -0.0353 -0.8023
vn 0.6739 -0.0326 -0.7381
vn 0.7137 -0.0309 -0.6998
vn 0.7217 -0.0303 -0.6915
vn 0.7390 -0.0292 -0.6731
vn 0.7864 -0.0269 -0.6172
vn 0.8448 -0.0236 -0.5346
vn 0.9000 -0.0199 -0.4355
vn 0.9418 -0.0162 -0.3357
vn 0.9682 -0.0129 -0.2499
vn 0.9841 -0.0102 -0.1774
vn 0.9954 -0.0073 -0.0954
vn 0.9998 -0.0046 -0.0196
vn 0.9998 -0.0033 0.0191
vn 0.9995 -0.0029 0.0325
vn 0.9997 -0.0032 0.0253
vn 1.0000 -0.0040 -0.0058
vn 0.9974 -0.0057 -0.0724
vn 0.9879 -0.0077 -0.1548
vn 0.9729 -0.0093 -0.2311
vn 0.9498 -0.0109 -0.3128
vn 0.9176 -0.0125 -0.3974
vn 0.8818 -0.0137 -0.4714
vn 0.8521 -0.0144 -0.5232
vn 0.8334 -0.0147 -0.5524
vn 0.7920 -0.0154 -0.6103
vn 0.7189 -0.0164 -0.6949
vn 0.6611 -0.0169 -0.7501
vn 0.6391 -0.0167 -0.7689
vn 0.6535 -0.0162 -0.7567
vn 0.7005 -0.0152 -0.7135
vn 0.7706 -0.0138 -0.6372
vn 0.8218 -0.0126 -0.5697
vn 0.8427 -0.0119 -0.5383
vn 0.8609 -0.0111 -0.5087
vn 0.8857 -0.0103 -0.4640
vn 0.9141 -0.0093 -0.4055
vn 0.9422 -0.0082 -0.3350
vn 0.9667 -0.0071 -0.2557
vn 0.9855 -0.0061 -0.1696
vn 0.9959 -0.0053 -0.0906
vn 0.9994 -0.0047 -0.0342
vn 1.0000 -0.0045 0.0014
vn 0.9998 -0.0044 0.0209
vn 0.9996 -0.0044 0.0267
vn 0.9998 -0.0044 0.0192
vn 0.6555 0.7551 -0.0126
vn 0.6544 0.7562 -0.0000
vn 0.6570 0.7537 -0.0175
vn 0.6586 0.7524 -0.0138
vn 0.6603 0.7510 -0.0011
vn 0.6619 0.7493 0.0224
vn 0.6622 0.7469 0.0600
vn 0.6577 0.7447 0.1131
vn 0.6449 0.7449 0.1709
vn 0.6284 0.7450 0.2240
vn 0.6093 0.7452 0.2710
vn 0.5898 0.7458 0.3098
vn 0.5724 0.7467 0.3389
vn 0.5591 0.7480 0.3576
vn 0.5479 0.7449 0.3808
vn 0.5200 0.7360 0.4334
vn 0.4715 0.7376 0.4834
vn 0.4383 0.7407 0.5092
vn 0.4265 0.7452 0.5127
vn 0.4377 0.7511 0.4942
vn 0.4704 0.7583 0.4513
vn 0.5148 0.7612 0.3944
vn 0.5494 0.7522 0.3638
vn 0.5592 0.7548 0.3429
vn 0.5751 0.7583 0.3071
vn 0.5960 0.7603 0.2582
vn 0.6167 0.7604 0.2037
vn 0.6334 0.7588 0.1514
vn 0.6443 0.7579 0.1023
vn 0.6500 0.7583 0.0492
vn 0.6583 0.7527 0.0051
vn 0.6622 0.7492 -0.0162
vn 0.6646 0.7469 -0.0217
vn 0.6670 0.7450 -0.0135
vn 0.6695 0.7427 0.0113
vn 0.6702 0.7397 0.0610
vn 0.6580 0.7439 0.1165
vn 0.6471 0.7443 0.1650
vn 0.6311 0.7430 0.2227
vn 0.6037 0.7425 0.2902
vn 0.5658 0.7432 0.3569
vn 0.5246 0.7453 0.4114
vn 0.4902 0.7485 0.4465
vn 0.4738 0.7547 0.4538
vn 0.4713 0.7512 0.4621
vn 0.4493 0.7452 0.4927
vn 0.3998 0.7403 0.5405
vn 0.3293 0.7370 0.5903
vn 0.2507 0.7353 0.6297
vn 0.1771 0.7346 0.6550
vn 0.1200 0.7359 0.6663
vn 0.0798 0.7360 0.6723
vn 0.0495 0.7360 0.6751
vn 0.0282 0.7366 0.6758
vn 0.0155 0.7373 0.6754
vn 0.0096 0.7379 0.6748
vn 0.0085 0.7385 0.6742
vn 0.0074 0.7379 0.6749
vn 0.0039 0.7376 0.6752
vn 0.0007 0.7378 0.6750
vn -0.0011 0.7379 0.6749
vn -0.0019 0.7380 0.6748
vn -0.0020 0.7381 0.6747
vn -0.0014 0.7383 0.6745
vn -0.0000 0.7384 0.6744
vn 0.0014 0.7383 0.6745
vn 0.0020 0.7381 0.6747
vn 0.0019 0.7380 0.6748
vn 0.0011 0.7379 0.6749
vn -0.0007 0.7378 0.6751
vn -0.0039 0.7376 0.6753
vn -0.0074 0.7379 0.6749
vn -0.0085 0.7385 0.6742
vn -0.0096 0.7379 0.6748
vn -0.0155 0.7372 0.6754
vn -0.0282 0.7366 0.6758
vn -0.0495 0.7360 0.6751
vn -0.0798 0.7360 0.6723
vn -0.1200 0.7359 0.6664
vn -0.1771 0.7346 0.6550
vn -0.2507 0.7352 0.6298
vn -0.3293 0.7370 0.5903
vn -0.3998 0.7403 0.5405
vn -0.4493 0.7452 0.4927
vn -0.4714 0.7512 0.4621
vn -0.4738 0.7547 0.4538
vn -0.4902 0.7485 0.4465
vn -0.5247 0.7453 0.4114
vn -0.5658 0.7432 0.3569
vn -0.6037 0.7425 0.2902
vn -0.6311 0.7430 0.2227
vn -0.6471 0.7443 0.1650
vn -0.6580 0.7439 0.1165
vn -0.6702 0.7397 0.0610
vn -0.6695 0.7427 0.0113
vn -0.6670 0.7450 -0.0135
vn -0.6646 0.7469 -0.0217
vn -0.6622 0.7492 -0.0162
vn -0.6583 0.7527 0.0051
vn -0.6500 0.7583 0.0492
vn -0.6443 0.7579 0.1023
vn -0.6334 0.7588 0.1514
vn -0.6167 0.7604 0.2037
vn -0.5960 0.7603 0.2582
vn -0.5751 0.7583 0.3071
vn -0.5592 0.7548 0.3429
vn -0.5494 0.7522 0.3638
vn -0.5148 0.7612 0.3944
vn -0.4704 0.7583 0.4513
vn -0.4377 0.7511 0.4943
vn -0.4265 0.7451 0.5127
vn -0.4383 0.7407 0.5092
vn -0.4715 0.7376 0.4834
vn -0.5200 0.7360 0.4334
vn -0.5479 0.7449 0.3808
vn -0.5591 0.7480 0.3576
vn -0.5724 0.7467 0.3390
vn -0.5898 0.7458 0.3098
vn -0.6093 0.7452 0.2710
vn -0.6284 0.7450 0.2240
vn -0.6449 0.7449 0.1709
vn -0.6578 0.7447 0.1132
vn -0.6622 0.7469 0.0600
vn -0.6619 0.7493 0.0224
vn -0.6603 0.7510 -0.0011
vn -0.6586 0.7524 -0.0138
vn -0.6570 0.7537 -0.0175
vn -0.6555 0.7551 -0.0126
vn -0.6544 0.7562 -0.0000
vn -0.6555 0.7551 0.0126
vn -0.6570 0.7537 0.0175
vn -0.6586 0.7524 0.0138
vn -0.6603 0.7510 0.0011
vn -0.6619 0.7493 -0.0224
vn -0.6622 0.7469 -0.0600
vn -0.6577 0.7447 -0.1131
vn -0.6449 0.7449 -0.1709
vn -0.6284 0.7450 -0.2240
vn -0.6093 0.7452 -0.2710
vn -0.5898 0.7458 -0.3098
vn -0.5724 0.7467 -0.3389
vn -0.5591 0.7480 -0.3576
vn -0.5479 0.7449 -0.3808
vn -0.5200 0.7360 -0.4334
vn -0.4715 0.7376 -0.4834
vn -0.4383 0.7407 -0.5092
vn -0.4265 0.7452 -0.5127
vn -0.4377 0.7511 -0.4942
vn -0.4704 0.7583 -0.4513
vn -0.5148 0.7612 -0.3944
vn -0.5494 0.7522 -0.3638
vn -0.5592 0.7548 -0.3429
vn -0.5751 0.7583 -0.3071
vn -0.5960 0.7603 -0.2582
vn -0.6167 0.7604 -0.2037
vn -0.6334 0.7588 -0.1514
vn -0.6443 0.7579 -0.1023
vn -0.6500 0.7583 -0.0492
vn -0.6583 0.7527 -0.0051
vn -0.6622 0.7492 0.0162
vn -0.6646 0.7469 0.0217
vn -0.6670 0.7450 0.0135
vn -0.6695 0.7427 -0.0113
vn -0.6702 0.7397 -0.0610
vn -0.6580 0.7439 -0.1165
vn -0.6471 0.7443 -0.1650
vn -0.6311 0.7430 -0.2227
vn -0.6037 0.7425 -0.2902
vn -0.5658 0.7432 -0.3569
vn -0.5246 0.7453 -0.4114
vn -0.4902 0.7485 -0.4465
vn -0.4738 0.7547 -0.4538
vn -0.4713 0.7512 -0.4621
vn -0.4493 0.7452 -0.4927
vn -0.3998 0.7403 -0.5405
vn -0.3293 0.7370 -0.5903
vn -0.2507 0.7353 -0.6297
vn -0.1771 0.7346 -0.6550
vn -0.1200 0.7359 -0.6663
vn -0.0798 0.7360 -0.6723
vn -0.0495 0.7360 -0.6751
vn -0.0282 0.7366 -0.6758
vn -0.0155 0.7373 -0.6754
vn -0.0096 0.7379 -0.6748
vn -0.0085 0.7385 -0.6742
vn -0.0074 0.7379 -0.6749
vn -0.0039 0.7376 -0.6752
vn -0.0007 0.7378 -0.6750
vn 0.0011 0.7379 -0.6749
vn 0.0019 0.7380 -0.6748
vn 0.0020 0.7381 -0.6747
vn 0.0014 0.7383 -0.6745
vn -0.0000 0.7384 -0.6744
vn -0.0014 0.7383 -0.6745
vn -0.0020 0.7381 -0.6747
vn -0.0019 0.7380 -0.6748
vn -0.0011 0.7379 -0.6749
vn 0.0007 0.7378 -0.6751
vn 0.0039 0.7376 -0.6753
vn 0.0074 0.7379 -0.6749
vn 0.0085 0.7385 -0.6742
vn 0.0096 0.7379 -0.6748
vn 0.0155 0.7372 -0.6754
vn 0.0282 0.7366 -0.6758
vn 0.0495 0.7360 -0.6751
vn 0.0798 0.7360 -0.6723
vn 0.1200 0.7359 -0.6664
vn 0.1771 0.7346 -0.6550
vn 0.2507 0.7352 -0.6298
vn 0.3293 0.7370 -0.5903
vn 0.3998 0.7403 -0.5405
vn 0.4493 0.7452 -0.4927
vn 0.4714 0.7512 -0.4621
vn 0.4738 0.7547 -0.4538
vn 0.4902 0.7485 -0.4465
vn 0.5247 0.7453 -0.4114
vn 0.5658 0.7432 -0.3569
vn 0.6037 0.7425 -0.2902
vn 0.6311 0.7430 -0.2227
vn 0.6471 0.7443 -0.1650
vn 0.6580 0.7439 -0.1165
vn 0.6701 0.7397 -0.0610
vn 0.6695 0.7427 -0.0113
vn 0.6670 0.7450 0.0135
vn 0.6646 0.7469 0.0217
vn 0.6622 0.7492 0.0162
vn 0.6583 0.7527 -0.0051
vn 0.6500 0.7583 -0.0492
vn 0.6443 0.7579 -0.1023
vn 0.6334 0.7588 -0.1514
vn 0.6167 0.7604 -0.2037
vn 0.5960 0.7603 -0.2582
vn 0.5751 0.7583 -0.3071
vn 0.5592 0.7548 -0.3429
vn 0.5494 0.7522 -0.3638
vn 0.5148 0.7612 -0.3944
vn 0.4704 0.7583 -0.4514
vn 0.4377 0.7511 -0.4943
vn 0.4265 0.7451 -0.5127
vn 0.4383 0.7407 -0.5092
vn 0.4715 0.7376 -0.4834
vn 0.5200 0.7360 -0.4334
vn 0.5479 0.7449 -0.3808
vn 0.5591 0.7480 -0.3576
vn 0.5724 0.7467 -0.3390
vn 0.5898 0.7458 -0.3098
vn 0.6093 0.7452 -0.2710
vn 0.6284 0.7450 -0.2240
vn 0.6449 0.7449 -0.1709
vn 0.6578 0.7447 -0.1132
vn 0.6622 0.7469 -0.0600
vn 0.6619 0.7493 -0.0224
vn 0.6603 0.7510 0.0011
vn 0.6586 0.7524 0.0138
vn 0.6570 0.7537 0.0175
vn 0.6555 0.7551 0.0126
vn -0.3888 0.9213 0.0079
vn -0.3899 0.9209 -0.0000
vn -0.3874 0.9218 0.0108
vn -0.3859 0.9225 0.0084
vn -0.3839 0.9234 0.0004
vn -0.3808 0.9246 -0.0139
vn -0.3754 0.9261 -0.0360
vn -0.3680 0.9275 -0.0662
vn -0.3615 0.9270 -0.0996
vn -0.3540 0.9261 -0.1308
vn -0.3461 0.9246 -0.1595
vn -0.3386 0.9227 -0.1844
vn -0.3323 0.9208 -0.2044
vn -0.3281 0.9190 -0.2185
vn -0.3195 0.9192 -0.2302
vn -0.2990 0.9198 -0.2540
vn -0.2808 0.9134 -0.2948
vn -0.2687 0.9075 -0.3229
vn -0.2660 0.9038 -0.3351
vn -0.2752 0.9030 -0.3299
vn -0.2971 0.9047 -0.3054
vn -0.3228 0.9090 -0.2637
vn -0.3299 0.9157 -0.2293
vn -0.3381 0.9155 -0.2179
vn -0.3517 0.9151 -0.1973
vn -0.3680 0.9148 -0.1668
vn -0.3834 0.9142 -0.1314
vn -0.3957 0.9132 -0.0971
vn -0.4070 0.9111 -0.0650
vn -0.4207 0.9068 -0.0291
vn -0.4246 0.9054 -0.0008
vn -0.4254 0.9049 0.0121
vn -0.4238 0.9057 0.0143
vn -0.4190 0.9079 0.0073
vn -0.4088 0.9126 -0.0106
vn -0.3898 0.9199 -0.0426
vn -0.3777 0.9230 -0.0735
vn -0.3623 0.9267 -0.0999
vn -0.3415 0.9309 -0.1294
vn -0.3176 0.9342 -0.1623
vn -0.2937 0.9358 -0.1951
vn -0.2729 0.9356 -0.2240
vn -0.2583 0.9343 -0.2458
vn -0.2562 0.9319 -0.2568
vn -0.2508 0.9333 -0.2570
vn -0.2334 0.9352 -0.2664
vn -0.2057 0.9356 -0.2870
vn -0.1720 0.9337 -0.3142
vn -0.1359 0.9295 -0.3429
vn -0.1008 0.9238 -0.3693
vn -0.0714 0.9175 -0.3912
vn -0.0493 0.9129 -0.4051
vn -0.0317 0.9091 -0.4153
vn -0.0186 0.9061 -0.4228
vn -0.0103 0.9040 -0.4275
vn -0.0061 0.9028 -0.4300
vn -0.0051 0.9023 -0.4310
vn -0.0047 0.9026 -0.4305
vn -0.0027 0.9024 -0.4309
vn -0.0006 0.9020 -0.4317
vn 0.0006 0.9018 -0.4321
vn 0.0012 0.9017 -0.4324
vn 0.0013 0.9016 -0.4325
vn 0.0009 0.9016 -0.4326
vn -0.0000 0.9015 -0.4327
vn -0.0009 0.9016 -0.4326
vn -0.0013 0.9016 -0.4325
vn -0.0012 0.9017 -0.4324
vn -0.0006 0.9018 -0.4321
vn 0.0006 0.9020 -0.4317
vn 0.0027 0.9024 -0.4309
vn 0.0047 0.9026 -0.4305
vn 0.0051 0.9023 -0.4310
vn 0.0061 0.9028 -0.4301
vn 0.0103 0.9039 -0.4275
vn 0.0185 0.9060 -0.4228
vn 0.0316 0.9091 -0.4154
vn 0.0492 0.9129 -0.4053
vn 0.0714 0.9174 -0.3914
vn 0.1009 0.9237 -0.3695
vn 0.1359 0.9294 -0.3432
vn 0.1721 0.9335 -0.3144
vn 0.2059 0.9355 -0.2873
vn 0.2336 0.9351 -0.2667
vn 0.2510 0.9332 -0.2572
vn 0.2564 0.9318 -0.2571
vn 0.2585 0.9342 -0.2460
vn 0.2731 0.9355 -0.2242
vn 0.2939 0.9357 -0.1952
vn 0.3178 0.9341 -0.1624
vn 0.3417 0.9308 -0.1295
vn 0.3625 0.9266 -0.0999
vn 0.3779 0.9229 -0.0735
vn 0.3899 0.9199 -0.0426
vn 0.4089 0.9125 -0.0106
vn 0.4190 0.9079 0.0073
vn 0.4237 0.9057 0.0143
vn 0.4253 0.9050 0.0120
vn 0.4246 0.9054 -0.0008
vn 0.4207 0.9067 -0.0291
vn 0.4071 0.9110 -0.0650
vn 0.3958 0.9132 -0.0971
vn 0.3835 0.9141 -0.1314
vn 0.3682 0.9147 -0.1669
vn 0.3519 0.9150 -0.1975
vn 0.3384 0.9154 -0.2181
vn 0.3302 0.9156 -0.2295
vn 0.3230 0.9089 -0.2639
vn 0.2973 0.9045 -0.3057
vn 0.2754 0.9028 -0.3302
vn 0.2662 0.9037 -0.3355
vn 0.2689 0.9073 -0.3232
vn 0.2810 0.9132 -0.2951
vn 0.2992 0.9197 -0.2543
vn 0.3198 0.9191 -0.2304
vn 0.3283 0.9189 -0.2187
vn 0.3326 0.9206 -0.2046
vn 0.3389 0.9226 -0.1845
vn 0.3463 0.9244 -0.1596
vn 0.3542 0.9260 -0.1309
vn 0.3617 0.9269 -0.0996
vn 0.3682 0.9274 -0.0662
vn 0.3755 0.9261 -0.0360
vn 0.3808 0.9245 -0.0139
vn 0.3839 0.9234 0.0004
vn 0.3859 0.9225 0.0084
vn 0.3874 0.9218 0.0108
vn 0.3888 0.9213 0.0079
vn 0.3899 0.9209 -0.0000
vn 0.3888 0.9213 -0.0079
vn 0.3874 0.9218 -0.0108
vn 0.3859 0.9225 -0.0084
vn 0.3839 0.9234 -0.0004
vn 0.3808 0.9246 0.0139
vn 0.3754 0.9261 0.0360
vn 0.3680 0.9275 0.0662
vn 0.3615 0.9270 0.0996
vn 0.3540 0.9261 0.1308
vn 0.3461 0.9246 0.1595
vn 0.3386 0.9227 0.1844
vn 0.3323 0.9208 0.2044
vn 0.3281 0.9190 0.2185
vn 0.3195 0.9192 0.2302
vn 0.2990 0.9198 0.2540
vn 0.2808 0.9134 0.2948
vn 0.2687 0.9075 0.3229
vn 0.2660 0.9038 0.3351
vn 0.2752 0.9030 0.3299
vn 0.2971 0.9047 0.3054
vn 0.3228 0.9090 0.2637
vn 0.3299 0.9157 0.2293
vn 0.3381 0.9155 0.2179
vn 0.3517 0.9151 0.1973
vn 0.3680 0.9148 0.1668
vn 0.3834 0.9142 0.1314
vn 0.3957 0.9132 0.0971
vn 0.4070 0.9111 0.0650
vn 0.4207 0.9068 0.0291
vn 0.4246 0.9054 0.0008
vn 0.4254 0.9049 -0.0121
vn 0.4238 0.9057 -0.0143
vn 0.4190 0.9079 -0.0073
vn 0.4088 0.9126 0.0106
vn 0.3898 0.9199 0.0426
vn 0.3777 0.9230 0.0735
vn 0.3623 0.9267 0.0999
vn 0.3415 0.9309 0.1294
vn 0.3176 0.9342 0.1623
vn 0.2937 0.9358 0.1951
vn 0.2729 0.9356 0.2240
vn 0.2583 0.9343 0.2458
vn 0.2562 0.9319 0.2568
vn 0.2508 0.9333 0.2570
vn 0.2334 0.9352 0.2664
vn 0.2057 0.9356 0.2870
vn 0.1720 0.9337 0.3142
vn 0.1359 0.9295 0.3429
vn 0.1008 0.9238 0.3693
vn 0.0714 0.9175 0.3912
vn 0.0493 0.9129 0.4051
vn 0.0317 0.9091 0.4153
vn 0.0186 0.9061 0.4228
vn 0.0103 0.9040 0.4275
vn 0.0061 0.9028 0.4300
vn 0.0051 0.9023 0.4310
vn 0.0047 0.9026 0.4305
vn 0.0027 0.9024 0.4309
vn 0.0006 0.9020 0.4317
vn -0.0006 0.9018 0.4321
vn -0.0012 0.9017 0.4324
vn -0.0013 0.9016 0.4325
vn -0.0009 0.9016 0.4326
vn -0.0000 0.9015 0.4327
vn 0.0009 0.9016 0.4326
vn 0.0013 0.9016 0.4325
vn 0.0012 0.9017 0.4324
vn 0.0006 0.9018 0.4321
vn -0.0006 0.9020 0.4317
vn -0.0027 0.9024 0.4309
vn -0.0047 0.9026 0.4305
vn -0.0051 0.9023 0.4310
vn -0.0061 0.9028 0.4301
vn -0.0103 0.9039 0.4275
vn -0.0185 0.9060 0.4228
vn -0.0316 0.9091 0.4154
vn -0.0492 0.9129 0.4053
vn -0.0714 0.9174 0.3914
vn -0.1009 0.9237 0.3695
vn -0.1359 0.9294 0.3432
vn -0.1721 0.9335 0.3144
vn -0.2059 0.9355 0.2873
vn -0.2336 0.9351 0.2667
vn -0.2510 0.9332 0.2572
vn -0.2564 0.9318 0.2571
vn -0.2585 0.9342 0.2460
vn -0.2731 0.9355 0.2242
vn -0.2939 0.9357 0.1952
vn -0.3178 0.9341 0.1624
vn -0.3417 0.9308 0.1295
vn -0.3625 0.9266 0.0999
vn -0.3779 0.9229 0.0735
vn -0.3899 0.9199 0.0426
vn -0.4089 0.9125 0.0106
vn -0.4190 0.9079 -0.0073
vn -0.4237 0.9057 -0.0143
vn -0.4253 0.9050 -0.0120
vn -0.4246 0.9054 0.0008
vn -0.4207 0.9067 0.0291
vn -0.4071 0.9110 0.0650
vn -0.3958 0.9132 0.0971
vn -0.3835 0.9141 0.1314
vn -0.3682 0.9147 0.1669
vn -0.3519 0.9150 0.1975
vn -0.3384 0.9154 0.2181
vn -0.3302 0.9156 0.2295
vn -0.3230 0.9089 0.2639
vn -0.2973 0.9045 0.3057
vn -0.2754 0.9028 0.3302
vn -0.2662 0.9037 0.3355
vn -0.2689 0.9073 0.3232
vn -0.2810 0.9132 0.2951
vn -0.2992 0.9197 0.2543
vn -0.3198 0.9191 0.2304
vn -0.3283 0.9189 0.2187
vn -0.3326 0.9206 0.2046
vn -0.3389 0.9226 0.1845
vn -0.3463 0.9244 0.1596
vn -0.3542 0.9260 0.1309
vn -0.3617 0.9269 0.0996
vn -0.3682 0.9274 0.0662
vn -0.3755 0.9261 0.0360
vn -0.3808 0.9245 0.0139
vn -0.3839 0.9234 -0.0004
vn -0.3859 0.9225 -0.0084
vn -0.3874 0.9218 -0.0108
vn -0.3888 0.9213 -0.0079
vn -0.7141 0.6999 0.0144
vn -0.7141 0.7001 -0.0000
vn -0.7141 0.6997 0.0201
vn -0.7141 0.6999 0.0157
vn -0.7135 0.7007 0.0012
vn -0.7116 0.7021 -0.0254
vn -0.7070 0.7040 -0.0675
vn -0.6977 0.7051 -0.1263
vn -0.6839 0.7043 -0.1906
vn -0.6674 0.7014 -0.2501
vn -0.6495 0.6971 -0.3037
vn -0.6319 0.6920 -0.3490
vn -0.6165 0.6874 -0.3840
vn -0.6052 0.6841 -0.4072
vn -0.5919 0.6801 -0.4326
vn -0.5599 0.6684 -0.4897
vn -0.5171 0.6503 -0.5565
vn -0.4881 0.6374 -0.5962
vn -0.4793 0.6341 -0.6069
vn -0.4931 0.6414 -0.5878
vn -0.5289 0.6572 -0.5370
vn -0.5745 0.6734 -0.4652
vn -0.6006 0.6810 -0.4190
vn -0.6127 0.6839 -0.3960
vn -0.6331 0.6872 -0.3563
vn -0.6594 0.6890 -0.3009
vn -0.6861 0.6874 -0.2383
vn -0.7090 0.6824 -0.1779
vn -0.7282 0.6746 -0.1209
vn -0.7468 0.6625 -0.0582
vn -0.7604 0.6494 -0.0055
vn -0.7665 0.6419 0.0201
vn -0.7681 0.6398 0.0263
vn -0.7654 0.6433 0.0160
vn -0.7566 0.6537 -0.0142
vn -0.7367 0.6724 -0.0716
vn -0.7112 0.6903 -0.1332
vn -0.6863 0.7035 -0.1847
vn -0.6540 0.7163 -0.2433
vn -0.6122 0.7274 -0.3100
vn -0.5654 0.7345 -0.3754
vn -0.5212 0.7372 -0.4300
vn -0.4877 0.7373 -0.4675
vn -0.4756 0.7374 -0.4797
vn -0.4698 0.7377 -0.4848
vn -0.4429 0.7368 -0.5108
vn -0.3921 0.7325 -0.5566
vn -0.3248 0.7223 -0.6105
vn -0.2515 0.7065 -0.6615
vn -0.1819 0.6875 -0.7030
vn -0.1262 0.6699 -0.7317
vn -0.0854 0.6559 -0.7500
vn -0.0538 0.6446 -0.7626
vn -0.0310 0.6363 -0.7708
vn -0.0172 0.6313 -0.7753
vn -0.0106 0.6290 -0.7773
vn -0.0093 0.6286 -0.7776
vn -0.0082 0.6284 -0.7778
vn -0.0044 0.6274 -0.7787
vn -0.0008 0.6266 -0.7794
vn 0.0012 0.6261 -0.7797
vn 0.0021 0.6260 -0.7799
vn 0.0022 0.6259 -0.7799
vn 0.0015 0.6259 -0.7799
vn -0.0000 0.6259 -0.7799
vn -0.0015 0.6259 -0.7799
vn -0.0022 0.6259 -0.7799
vn -0.0021 0.6260 -0.7799
vn -0.0012 0.6262 -0.7797
vn 0.0008 0.6266 -0.7794
vn 0.0044 0.6274 -0.7787
vn 0.0082 0.6284 -0.7779
vn 0.0093 0.6286 -0.7777
vn 0.0106 0.6290 -0.7773
vn 0.0171 0.6313 -0.7754
vn 0.0310 0.6363 -0.7708
vn 0.0538 0.6446 -0.7627
vn 0.0854 0.6559 -0.7500
vn 0.1262 0.6698 -0.7317
vn 0.1819 0.6874 -0.7031
vn 0.2515 0.7065 -0.6615
vn 0.3248 0.7223 -0.6106
vn 0.3921 0.7324 -0.5566
vn 0.4430 0.7368 -0.5108
vn 0.4698 0.7377 -0.4849
vn 0.4756 0.7373 -0.4797
vn 0.4877 0.7373 -0.4675
vn 0.5212 0.7372 -0.4300
vn 0.5654 0.7344 -0.3754
vn 0.6122 0.7274 -0.3100
vn 0.6541 0.7162 -0.2433
vn 0.6863 0.7035 -0.1847
vn 0.7112 0.6902 -0.1332
vn 0.7368 0.6724 -0.0715
vn 0.7566 0.6537 -0.0141
vn 0.7654 0.6433 0.0160
vn 0.7680 0.6399 0.0263
vn 0.7665 0.6419 0.0200
vn 0.7604 0.6494 -0.0055
vn 0.7468 0.6625 -0.0583
vn 0.7282 0.6746 -0.1210
vn 0.7090 0.6824 -0.1779
vn 0.6861 0.6873 -0.2384
vn 0.6594 0.6889 -0.3009
vn 0.6331 0.6872 -0.3563
vn 0.6127 0.6839 -0.3960
vn 0.6006 0.6809 -0.4190
vn 0.5745 0.6734 -0.4653
vn 0.5290 0.6571 -0.5370
vn 0.4931 0.6413 -0.5879
vn 0.4793 0.6340 -0.6069
vn 0.4882 0.6374 -0.5962
vn 0.5171 0.6503 -0.5565
vn 0.5599 0.6684 -0.4897
vn 0.5920 0.6801 -0.4326
vn 0.6052 0.6840 -0.4072
vn 0.6165 0.6873 -0.3840
vn 0.6319 0.6920 -0.3490
vn 0.6496 0.6970 -0.3037
vn 0.6675 0.7014 -0.2501
vn 0.6839 0.7042 -0.1905
vn 0.6978 0.7051 -0.1262
vn 0.7071 0.7039 -0.0675
vn 0.7116 0.7021 -0.0254
vn 0.7135 0.7007 0.0012
vn 0.7141 0.6999 0.0158
vn 0.7141 0.6997 0.0201
vn 0.7141 0.6999 0.0144
vn 0.7141 0.7001 -0.0000
vn 0.7141 0.6999 -0.0144
vn 0.7141 0.6997 -0.0201
vn 0.7141 0.6999 -0.0157
vn 0.7135 0.7007 -0.0012
vn 0.7116 0.7021 0.0254
vn 0.7070 0.7040 0.0675
vn 0.6977 0.7051 0.1263
vn 0.6839 0.7043 0.1906
vn 0.6674 0.7014 0.2501
vn 0.6495 0.6971 0.3037
vn 0.6319 0.6920 0.3490
vn 0.6165 0.6874 0.3840
vn 0.6052 0.6841 0.4072
vn 0.5919 0.6801 0.4326
vn 0.5599 0.6684 0.4897
vn 0.5171 0.6503 0.5565
vn 0.4881 0.6374 0.5962
vn 0.4793 0.6341 0.6069
vn 0.4931 0.6414 0.5878
vn 0.5289 0.6572 0.5370
vn 0.5745 0.6734 0.4652
vn 0.6006 0.6810 0.4190
vn 0.6127 0.6839 0.3960
vn 0.6331 0.6872 0.3563
vn 0.6594 0.6890 0.3009
vn 0.6861 0.6874 0.2383
vn 0.7090 0.6824 0.1779
vn 0.7282 0.6746 0.1209
vn 0.7468 0.6625 0.0582
vn 0.7604 0.6494 0.0055
vn 0.7665 0.6419 -0.0201
vn 0.7681 0.6398 -0.0263
vn 0.7654 0.6433 -0.0160
vn 0.7566 0.6537 0.0142
vn 0.7367 0.6724 0.0716
vn 0.7112 0.6903 0.1332
vn 0.6863 0.7035 0.1847
vn 0.6540 0.7163 0.2433
vn 0.6122 0.7274 0.3100
vn 0.5654 0.7345 0.3754
vn 0.5212 0.7372 0.4300
vn 0.4877 0.7373 0.4675
vn 0.4756 0.7374 0.4797
vn 0.4698 0.7377 0.4848
vn 0.4429 0.7368 0.5108
vn 0.3921 0.7325 0.5566
vn 0.3248 0.7223 0.6105
vn 0.2515 0.7065 0.6615
vn 0.1819 0.6875 0.7030
vn 0.1262 0.6699 0.7317
vn 0.0854 0.6559 0.7500
vn 0.0538 0.6446 0.7626
vn 0.0310 0.6363 0.7708
vn 0.0172 0.6313 0.7753
vn 0.0106 0.6290 0.7773
vn 0.0093 0.6286 0.7776
vn 0.0082 0.6284 0.7778
vn 0.0044 0.6274 0.7787
vn 0.0008 0.6266 0.7794
vn -0.0012 0.6261 0.7797
vn -0.0021 0.6260 0.7799
vn -0.0022 0.6259 0.7799
vn -0.0015 0.6259 0.7799
vn -0.0000 0.6259 0.7799
vn 0.0015 0.6259 0.7799
vn 0.0022 0.6259 0.7799
vn 0.0021 0.6260 0.7799
vn 0.0012 0.6262 0.7797
vn -0.0008 0.6266 0.7794
vn -0.0044 0.6274 0.7787
vn -0.0082 0.6284 0.7779
vn -0.0093 0.6286 0.7777
vn -0.0106 0.6290 0.7773
vn -0.0171 0.6313 0.7754
vn -0.0310 0.6363 0.7708
vn -0.0538 0.6446 0.7627
vn -0.0854 0.6559 0.7500
vn -0.1262 0.6698 0.7317
vn -0.1819 0.6874 0.7031
vn -0.2515 0.7065 0.6615
vn -0.3248 0.7223 0.6106
vn -0.3921 0.7324 0.5566
vn -0.4430 0.7368 0.5108
vn -0.4698 0.7377 0.4849
vn -0.4756 0.7373 0.4797
vn -0.4877 0.7373 0.4675
vn -0.5212 0.7372 0.4300
vn -0.5654 0.7344 0.3754
vn -0.6122 0.7274 0.3100
vn -0.6541 0.7162 0.2433
vn -0.6863 0.7035 0.1847
vn -0.7112 0.6902 0.1332
vn -0.7368 0.6724 0.0715
vn -0.7566 0.6537 0.0141
vn -0.7654 0.6433 -0.0160
vn -0.7680 0.6399 -0.0263
vn -0.7665 0.6419 -0.0200
vn -0.7604 0.6494 0.0055
vn -0.7468 0.6625 0.0583
vn -0.7282 0.6746 0.1210
vn -0.7090 0.6824 0.1779
vn -0.6861 0.6873 0.2384
vn -0.6594 0.6889 0.3009
vn -0.6331 0.6872 0.3563
vn -0.6127 0.6839 0.3960
vn -0.6006 0.6809 0.4190
vn -0.5745 0.6734 0.4653
vn -0.5290 0.6571 0.5370
vn -0.4931 0.6413 0.5879
vn -0.4793 0.6340 0.6069
vn -0.4882 0.6374 0.5962
vn -0.5171 0.6503 0.5565
vn -0.5599 0.6684 0.4897
vn -0.5920 0.6801 0.4326
vn -0.6052 0.6840 0.4072
vn -0.6165 0.6873 0.3840
vn -0.6319 0.6920 0.3490
vn -0.6496 0.6970 0.3037
vn -0.6675 0.7014 0.2501
vn -0.6839 0.7042 0.1905
vn -0.6978 0.7051 0.1262
vn -0.7071 0.7039 0.0675
vn -0.7116 0.7021 0.0254
vn -0.7135 0.7007 -0.0012
vn -0.7141 0.6999 -0.0158
vn -0.7141 0.6997 -0.0201
vn -0.7141 0.6999 -0.0144
vn -0.7141 0.6999 0.0146
vn -0.7141 0.6997 0.0205
vn -0.7141 0.6999 0.0163
vn -0.7135 0.7006 0.0017
vn -0.7117 0.7021 -0.0253
vn -0.7070 0.7039 -0.0683
vn -0.6974 0.7050 -0.1291
vn -0.6829 0.7039 -0.1956
vn -0.6656 0.7006 -0.2571
vn -0.6469 0.6959 -0.3120
vn -0.6286 0.6905 -0.3578
vn -0.6129 0.6856 -0.3928
vn -0.6015 0.6823 -0.4154
vn -0.5872 0.6779 -0.4423
vn -0.5516 0.6645 -0.5042
vn -0.5083 0.6458 -0.5698
vn -0.4808 0.6334 -0.6063
vn -0.4745 0.6313 -0.6134
vn -0.4910 0.6400 -0.5910
vn -0.5288 0.6567 -0.5377
vn -0.5737 0.6728 -0.4671
vn -0.5975 0.6799 -0.4251
vn -0.6100 0.6832 -0.4015
vn -0.6307 0.6867 -0.3615
vn -0.6571 0.6887 -0.3065
vn -0.6838 0.6875 -0.2446
vn -0.7069 0.6829 -0.1843
vn -0.7262 0.6755 -0.1275
vn -0.7447 0.6641 -0.0660
vn -0.7594 0.6506 -0.0098
vn -0.7661 0.6424 0.0186
vn -0.7682 0.6396 0.0272
vn -0.7661 0.6424 0.0189
vn -0.7582 0.6519 -0.0089
vn -0.7395 0.6700 -0.0643
vn -0.7125 0.6894 -0.1307
vn -0.6871 0.7030 -0.1836
vn -0.6544 0.7160 -0.2433
vn -0.6112 0.7274 -0.3120
vn -0.5625 0.7345 -0.3796
vn -0.5167 0.7370 -0.4357
vn -0.4825 0.7368 -0.4735
vn -0.4707 0.7368 -0.4853
vn -0.4646 0.7372 -0.4906
vn -0.4368 0.7361 -0.5171
vn -0.3841 0.7311 -0.5638
vn -0.3148 0.7201 -0.6184
vn -0.2404 0.7034 -0.6690
vn -0.1712 0.6839 -0.7092
vn -0.1180 0.6669 -0.7358
vn -0.0790 0.6534 -0.7528
vn -0.0489 0.6427 -0.7645
vn -0.0279 0.6351 -0.7719
vn -0.0155 0.6307 -0.7759
vn -0.0099 0.6288 -0.7775
vn -0.0092 0.6286 -0.7777
vn -0.0077 0.6282 -0.7780
vn -0.0039 0.6273 -0.7788
vn -0.0006 0.6265 -0.7794
vn 0.0021 0.6260 -0.7798
vn -0.0021 0.6259 -0.7799
vn -0.0013 0.6261 -0.7797
vn 0.0006 0.6265 -0.7794
vn 0.0038 0.6273 -0.7788
vn 0.0077 0.6283 -0.7779
vn 0.0092 0.6287 -0.7776
vn 0.0099 0.6288 -0.7775
vn 0.0155 0.6307 -0.7758
vn 0.0279 0.6352 -0.7718
vn 0.0489 0.6429 -0.7644
vn 0.0789 0.6538 -0.7526
vn 0.1179 0.6673 -0.7354
vn 0.1711 0.6844 -0.7087
vn 0.2402 0.7039 -0.6684
vn 0.3145 0.7207 -0.6178
vn 0.3838 0.7317 -0.5633
vn 0.4364 0.7367 -0.5166
vn 0.4642 0.7377 -0.4902
vn 0.4703 0.7374 -0.4849
vn 0.4821 0.7374 -0.4731
vn 0.5163 0.7375 -0.4354
vn 0.5621 0.7349 -0.3793
vn 0.6108 0.7278 -0.3117
vn 0.6540 0.7164 -0.2431
vn 0.6868 0.7033 -0.1835
vn 0.7122 0.6897 -0.1306
vn 0.7394 0.6702 -0.0642
vn 0.7582 0.6519 -0.0089
vn 0.7662 0.6423 0.0190
vn 0.7683 0.6395 0.0272
vn 0.7662 0.6423 0.0186
vn 0.7593 0.6506 -0.0099
vn 0.7445 0.6643 -0.0660
vn 0.7260 0.6758 -0.1275
vn 0.7066 0.6833 -0.1842
vn 0.6834 0.6879 -0.2445
vn 0.6567 0.6892 -0.3063
vn 0.6303 0.6872 -0.3612
vn 0.6096 0.6837 -0.4012
vn 0.5970 0.6805 -0.4248
vn 0.5732 0.6735 -0.4668
vn 0.5283 0.6574 -0.5373
vn 0.4906 0.6408 -0.5905
vn 0.4741 0.6321 -0.6129
vn 0.4804 0.6342 -0.6058
vn 0.5079 0.6466 -0.5692
vn 0.5512 0.6652 -0.5037
vn 0.5867 0.6786 -0.4419
vn 0.6010 0.6830 -0.4151
vn 0.6124 0.6863 -0.3924
vn 0.6281 0.6912 -0.3575
vn 0.6464 0.6965 -0.3117
vn 0.6651 0.7012 -0.2569
vn 0.6825 0.7043 -0.1955
vn 0.6971 0.7053 -0.1290
vn 0.7069 0.7041 -0.0682
vn 0.7116 0.7021 -0.0252
vn 0.7135 0.7006 0.0017
vn 0.7141 0.6998 0.0163
vn 0.7142 0.6997 0.0205
vn 0.7141 0.6999 0.0146
vn 0.7141 0.6999 -0.0146
vn 0.7141 0.6997 -0.0205
vn 0.7141 0.6999 -0.0163
vn 0.7135 0.7006 -0.0017
vn 0.7117 0.7021 0.0253
vn 0.7070 0.7039 0.0683
vn 0.6974 0.7050 0.1291
vn 0.6829 0.7039 0.1956
vn 0.6656 0.7006 0.2571
vn 0.6469 0.6959 0.3120
vn 0.6286 0.6905 0.3578
vn 0.6129 0.6856 0.3928
vn 0.6015 0.6823 0.4154
vn 0.5872 0.6779 0.4423
vn 0.5516 0.6645 0.5042
vn 0.5083 0.6458 0.5698
vn 0.4808 0.6334 0.6063
vn 0.4745 0.6313 0.6134
vn 0.4910 0.6400 0.5910
vn 0.5288 0.6567 0.5377
vn 0.5737 0.6728 0.4671
vn 0.5975 0.6799 0.4251
vn 0.6100 0.6832 0.4015
vn 0.6307 0.6867 0.3615
vn 0.6571 0.6887 0.3065
vn 0.6838 0.6875 0.2446
vn 0.7069 0.6829 0.1843
vn 0.7262 0.6755 0.1275
vn 0.7447 0.6641 0.0660
vn 0.7594 0.6506 0.0098
vn 0.7661 0.6424 -0.0186
vn 0.7682 0.6396 -0.0272
vn 0.7661 0.6424 -0.0189
vn 0.7582 0.6519 0.0089
vn 0.7395 0.6700 0.0643
vn 0.7125 0.6894 0.1307
vn 0.6871 0.7030 0.1836
vn 0.6544 0.7160 0.2433
vn 0.6112 0.7274 0.3120
vn 0.5625 0.7345 0.3796
vn 0.5167 0.7370 0.4357
vn 0.4825 0.7368 0.4735
vn 0.4707 0.7368 0.4853
vn 0.4646 0.7372 0.4906
vn 0.4368 0.7361 0.5171
vn 0.3841 0.7311 0.5638
vn 0.3148 0.7201 0.6184
vn 0.2404 0.7034 0.6690
vn 0.1712 0.6839 0.7092
vn 0.1180 0.6669 0.7358
vn 0.0790 0.6534 0.7528
vn 0.0489 0.6427 0.7645
vn 0.0279 0.6351 0.7719
vn 0.0155 0.6307 0.7759
vn 0.0099 0.6288 0.7775
vn 0.0092 0.6286 0.7777
vn 0.0077 0.6282 0.7780
vn 0.0039 0.6273 0.7788
vn 0.0006 0.6265 0.7794
vn -0.0021 0.6260 0.7798
vn 0.0021 0.6259 0.7799
vn 0.0013 0.6261 0.7797
vn -0.0006 0.6265 0.7794
vn -0.0038 0.6273 0.7788
vn -0.0077 0.6283 0.7779
vn -0.0092 0.6287 0.7776
vn -0.0099 0.6288 0.7775
vn -0.0155 0.6307 0.7758
vn -0.0279 0.6352 0.7718
vn -0.0489 0.6429 0.7644
vn -0.0789 0.6538 0.7526
vn -0.1179 0.6673 0.7354
vn -0.1711 0.6844 0.7087
vn -0.2402 0.7039 0.6684
vn -0.3145 0.7207 0.6178
vn -0.3838 0.7317 0.5633
vn -0.4364 0.7367 0.5166
vn -0.4642 0.7377 0.4902
vn -0.4703 0.7374 0.4849
vn -0.4821 0.7374 0.4731
vn -0.5163 0.7375 0.4354
vn -0.5621 0.7349 0.3793
vn -0.6108 0.7278 0.3117
vn -0.6540 0.7164 0.2431
vn -0.6868 0.7033 0.1835
vn -0.7122 0.6897 0.1306
vn -0.7394 0.6702 0.0642
vn -0.7582 0.6519 0.0089
vn -0.7662 0.6423 -0.0190
vn -0.7683 0.6395 -0.0272
vn -0.7662 0.6423 -0.0186
vn -0.7593 0.6506 0.0099
vn -0.7445 0.6643 0.0660
vn -0.7260 0.6758 0.1275
vn -0.7066 0.6833 0.1842
vn -0.6834 0.6879 0.2445
vn -0.6567 0.6892 0.3063
vn -0.6303 0.6872 0.3612
vn -0.6096 0.6837 0.4012
vn -0.5970 0.6805 0.4248
vn -0.5732 0.6735 0.4668
vn -0.5283 0.6574 0.5373
vn -0.4906 0.6408 0.5905
vn -0.4741 0.6321 0.6129
vn -0.4804 0.6342 0.6058
vn -0.5079 0.6466 0.5692
vn -0.5512 0.6652 0.5037
vn -0.5867 0.6786 0.4419
vn -0.6010 0.6830 0.4151
vn -0.6124 0.6863 0.3924
vn -0.6281 0.6912 0.3575
vn -0.6464 0.6965 0.3117
vn -0.6651 0.7012 0.2569
vn -0.6825 0.7043 0.1955
vn -0.6971 0.7053 0.1290
vn -0.7069 0.7041 0.0682
vn -0.7116 0.7021 0.0252
vn -0.7135 0.7006 -0.0017
vn -0.7141 0.6998 -0.0163
vn -0.7142 0.6997 -0.0205
vn -0.7141 0.6999 -0.0146
vn -0.0000 1.0000 -0.0000
vn -0.0000 -1.0000 -0.0000
vn 0.9478 -0.3190 -0.0000
vn 0.4432 0.8921 0.0882
vn 0.9296 -0.3190 0.1849
vn 0.4519 0.8921 -0.0000
vn 0.4175 0.8921 0.1729
vn 0.8756 -0.3190 0.3627
vn 0.3757 0.8921 0.2511
vn 0.7880 -0.3190 0.5265
vn 0.3195 0.8921 0.3195
vn 0.6702 -0.3190 0.6702
vn 0.2511 0.8921 0.3757
vn 0.5265 -0.3190 0.7880
vn 0.1729 0.8921 0.4175
vn 0.3627 -0.3190 0.8756
vn 0.0882 0.8921 0.4432
vn 0.1849 -0.3190 0.9296
vn -0.0000 0.8921 0.4519
vn -0.0000 -0.3190 0.9478
vn -0.0882 0.8921 0.4432
vn -0.1849 -0.3190 0.9296
vn -0.1729 0.8921 0.4175
vn -0.3627 -0.3190 0.8756
vn -0.2511 0.8921 0.3757
vn -0.5265 -0.3190 0.7880
vn -0.3195 0.8921 0.3195
vn -0.6702 -0.3190 0.6702
vn -0.3757 0.8921 0.2511
vn -0.7880 -0.3190 0.5265
vn -0.4175 0.8921 0.1729
vn -0.8756 -0.3190 0.3627
vn -0.4432 0.8921 0.0882
vn -0.9296 -0.3190 0.1849
vn -0.4519 0.8921 -0.0000
vn -0.9478 -0.3190 -0.0000
vn -0.4432 0.8921 -0.0882
vn -0.9296 -0.3190 -0.1849
vn -0.4175 0.8921 -0.1729
vn -0.8756 -0.3190 -0.3627
vn -0.3757 0.8921 -0.2511
vn -0.7880 -0.3190 -0.5265
vn -0.3195 0.8921 -0.3195
vn -0.6702 -0.3190 -0.6702
vn -0.2511 0.8921 -0.3757
vn -0.5265 -0.3190 -0.7880
vn -0.1729 0.8921 -0.4175
vn -0.3627 -0.3190 -0.8756
vn -0.0882 0.8921 -0.4432
vn -0.1849 -0.3190 -0.9296
vn -0.0000 0.8921 -0.4519
vn -0.0000 -0.3190 -0.9478
vn 0.0882 0.8921 -0.4432
vn 0.1849 -0.3190 -0.9296
vn 0.1729 0.8921 -0.4175
vn 0.3627 -0.3190 -0.8756
vn 0.2511 0.8921 -0.3757
vn 0.5265 -0.3190 -0.7880
vn 0.3195 0.8921 -0.3195
vn 0.6702 -0.3190 -0.6702
vn 0.3757 0.8921 -0.2511
vn 0.7880 -0.3190 -0.5265
vn 0.4175 0.8921 -0.1729
vn 0.8756 -0.3190 -0.3627
vn 0.4432 0.8921 -0.0882
vn 0.9296 -0.3190 -0.1849
s 1
f 1//1 258//2 2//3
f 1//1 257//4 258//2
f 2//3 259//5 3//6
f 2//3 258//2 259//5
f 3//6 260//7 4//8
f 3//6 259//5 260//7
f 4//8 261//9 5//10
f 4//8 260//7 261//9
f 5//10 262//11 6//12
f 5//10 261//9 262//11
f 6//12 263//13 7//14
f 6//12 262//11 263//13
f 7//14 264//15 8//16
f 7//14 263//13 264//15
f 8//16 265//17 9//18
f 8//16 264//15 265//17
f 9//18 266//19 10//20
f 9//18 265//17 266//19
f 10//20 267//21 11//22
f 10//20 266//19 267//21
f 11//22 268//23 12//24
f 11//22 267//21 268//23
f 12//24 269//25 13//26
f 12//24 268//23 269//25
f 13//26 270//27 14//28
f 13//26 269//25 270//27
f 14//28 271//29 15//30
f 14//28 270//27 271//29
f 15//30 272//31 16//32
f 15//30 271//29 272//31
f 16//32 273//33 17//34
f 16//32 272//31 273//33
f 17//34 274//35 18//36
f 17//34 273//33 274//35
f 18//36 275//37 19//38
f 18//36 274//35 275//37
f 19//38 276//39 20//40
f 19//38 275//37 276//39
f 20//40 277//41 21//42
f 20//40 276//39 277//41
f 21//42 278//43 22//44
f 21//42 277//41 278//43
f 22//44 279//45 23//46
f 22//44 278//43 279//45
f 23//46 280//47 24//48
f 23//46 279//45 280//47
f 24//48 281//49 25//50
f 24//48 280//47 281//49
f 25//50 282//51 26//52
f 25//50 281//49 282//51
f 26//52 283//53 27//54
f 26//52 282//51 283//53
f 27//54 284//55 28//56
f 27//54 283//53 284//55
f 28//56 285//57 29//58
f 28//56 284//55 285//57
f 29//58 286//59 30//60
f 29//58 285//57 286//59
f 30//60 287//61 31//62
f 30//60 286//59 287//61
f 31//62 288//63 32//64
f 31//62 287//61 288//63
f 32//64 289//65 33//66
f 32//64 288//63 289//65
f 33//66 290//67 34//64
f 33//66 289//65 290//67
f 34//64 291//68 35//69
f 34//64 290//67 291//68
f 35//69 292//70 36//71
f 35//69 291//68 292//70
f 36//71 293//72 37//73
f 36//71 292//70 293//72
f 37//73 294//74 38//75
f 37//73 293//72 294//74
f 38//75 295//76 39//77
f 38//75 294//74 295//76
f 39//77 296//78 40//79
f 39//77 295//76 296//78
f 40//79 297//80 41//81
f 40//79 296//78 297//80
f 41//81 298//82 42//83
f 41//81 297//80 298//82
f 42//83 299//84 43//85
f 42//83 298//82 299//84
f 43//85 300//86 44//87
f 43//85 299//84 300//86
f 44//87 301//88 45//89
f 44//87 300//86 301//88
f 45//89 302//90 46//91
f 45//89 301//88 302//90
f 46//91 303//92 47//93
f 46//91 302//90 303//92
f 47//93 304//94 48//95
f 47//93 303//92 304//94
f 48//95 305//96 49//97
f 48//95 304//94 305//96
f 49//97 306//98 50//99
f 49//97 305//96 306//98
f 50//99 307//100 51//101
f 50//99 306//98 307//100
f 51//101 308//102 52//103
f 51//101 307//100 308//102
f 52//103 309//104 53//105
f 52//103 308//102 309//104
f 53//105 310//106 54//107
f 53//105 309//104 310//106
f 54//107 311//108 55//109
f 54//107 310//106 311//108
f 55//109 312//110 56//111
f 55//109 311//108 312//110
f 56//111 313//112 57//113
f 56//111 312//110 313//112
f 57//113 314//114 58//115
f 57//113 313//112 314//114
f 58//115 315//116 59//117
f 58//115 314//114 315//116
f 59//117 316//118 60//119
f 59//117 315//116 316//118
f 60//119 317//120 61//121
f 60//119 316//118 317//120
f 61//121 318//122 62//123
f 61//121 317//120 318//122
f 62//123 319//124 63//125
f 62//123 318//122 319//124
f 63//125 320//126 64//127
f 63//125 319//124 320//126
f 64//127 321//128 65//129
f 64//127 320//126 321//128
f 65//129 322//130 66//131
f 65//129 321//128 322//130
f 66//131 323//132 67//133
f 66//131 322//130 323//132
f 67//133 324//134 68//135
f 67//133 323//132 324//134
f 68//135 325//136 69//137
f 68//135 324//134 325//136
f 69//137 326//138 70//139
f 69//137 325//136 326//138
f 70//139 327//140 71//141
f 70//139 326//138 327//140
f 71//141 328//142 72//143
f 71//141 327//140 328//142
f 72//143 329//144 73//145
f 72//143 328//142 329//144
f 73//145 330//146 74//147
f 73//145 329//144 330//146
f 74//147 331//148 75//149
f 74//147 330//146 331//148
f 75//149 332//150 76//151
f 75//149 331//148 332//150
f 76//151 333//152 77//153
f 76//151 332//150 333//152
f 77//153 334//154 78//155
f 77//153 333//152 334//154
f 78//155 335//156 79//157
f 78//155 334//154 335//156
f 79//157 336//158 80//159
f 79//157 335//156 336//158
f 80//159 337//160 81//161
f 80//159 336//158 337//160
f 81//161 338//162 82//163
f 81//161 337//160 338//162
f 82//163 339//164 83//165
f 82//163 338//162 339//164
f 83//165 340//166 84//167
f 83//165 339//164 340//166
f 84//167 341//168 85//169
f 84//167 340//166 341//168
f 85//169 342//170 86//171
f 85//169 341//168 342//170
f 86//171 343//172 87//173
f 86//171 342//170 343//172
f 87//173 344//174 88//175
f 87//173 343//172 344//174
f 88//175 345//176 89//177
f 88//175 344//174 345//176
f 89//177 346//178 90//179
f 89//177 345//176 346//178
f 90//179 347//180 91//181
f 90//179 346//178 347//180
f 91//181 348//182 92//183
f 91//181 347//180 348//182
f 92//183 349//184 93//185
f 92//183 348//182 349//184
f 93//185 350//186 94//187
f 93//185 349//184 350//186
f 94//187 351//188 95//189
f 94//187 350//186 351//188
f 95//189 352//190 96//191
f 95//189 351//188 352//190
f 96//191 353//192 97//193
f 96//191 352//190 353//192
f 97//193 354//194 98//191
f 97//193 353//192 354//194
f 98//191 355//195 99//196
f 98//191 354//194 355//195
f 99//196 356//197 100//198
f 99//196 355//195 356//197
f 100//198 357//199 101//200
f 100//198 356//197 357//199
f 101//200 358//201 102//202
f 101//200 357//199 358//201
f 102//202 359//203 103//204
f 102//202 358//201 359//203
f 103//204 360//205 104//206
f 103//204 359//203 360//205
f 104//206 361//207 105//208
f 104//206 360//205 361//207
f 105//208 362//209 106//210
f 105//208 361//207 362//209
f 106//210 363//211 107//212
f 106//210 362//209 363//211
f 107//212 364//213 108//214
f 107//212 363//211 364//213
f 108//214 365//215 109//216
f 108//214 364//213 365//215
f 109//216 366//217 110//218
f 109//216 365//215 366//217
f 110//218 367//219 111//220
f 110//218 366//217 367//219
f 111//220 368//221 112//222
f 111//220 367//219 368//221
f 112//222 369//223 113//224
f 112//222 368//221 369//223
f 113//224 370//225 114//226
f 113//224 369//223 370//225
f 114//226 371//227 115//228
f 114//226 370//225 371//227
f 115//228 372//229 116//230
f 115//228 371//227 372//229
f 116//230 373//231 117//232
f 116//230 372//229 373//231
f 117//232 374//233 118//234
f 117//232 373//231 374//233
f 118//234 375//235 119//236
f 118//234 374//233 375//235
f 119//236 376//237 120//238
f 119//236 375//235 376//237
f 120//238 377//239 121//240
f 120//238 376//237 377//239
f 121//240 378//241 122//242
f 121//240 377//239 378//241
f 122//242 379//243 123//244
f 122//242 378//241 379//243
f 123//244 380//245 124//246
f 123//244 379//243 380//245
f 124//246 381//247 125//248
f 124//246 380//245 381//247
f 125//248 382//249 126//250
f 125//248 381//247 382//249
f 126//250 383//251 127//252
f 126//250 382//249 383//251
f 127//252 384//253 128//254
f 127//252 383//251 384//253
f 128//254 385//255 129//256
f 128//254 384//253 385//255
f 129//256 386//257 130//258
f 129//256 385//255 386//257
f 130//258 387//259 131//260
f 130//258 386//257 387//259
f 131//260 388//261 132//262
f 131//260 387//259 388//261
f 132//262 389//263 133//264
f 132//262 388//261 389//263
f 133//264 390//265 134//266
f 133//264 389//263 390//265
f 134//266 391//267 135//268
f 134//266 390//265 391//267
f 135//268 392//269 136//270
f 135//268 391//267 392//269
f 136//270 393//271 137//272
f 136//270 392//269 393//271
f 137//272 394//273 138//274
f 137//272 393//271 394//273
f 138//274 395//275 139//276
f 138//274 394//273 395//275
f 139//276 396//277 140//278
f 139//276 395//275 396//277
f 140//278 397//279 141//280
f 140//278 396//277 397//279
f 141//280 398//281 142//282
f 141//280 397//279 398//281
f 142//282 399//283 143//284
f 142//282 398//281 399//283
f 143//284 400//285 144//286
f 143//284 399//283 400//285
f 144//286 401//287 145//288
f 144//286 400//285 401//287
f 145//288 402//289 146//290
f 145//288 401//287 402//289
f 146//290 403//291 147//292
f 146//290 402//289 403//291
f 147//292 404//293 148//294
f 147//292 403//291 404//293
f 148//294 405//295 149//296
f 148//294 404//293 405//295
f 149//296 406//297 150//298
f 149//296 405//295 406//297
f 150//298 407//299 151//300
f 150//298 406//297 407//299
f 151//300 408//301 152//302
f 151//300 407//299 408//301
f 152//302 409//303 153//304
f 152//302 408//301 409//303
f 153//304 410//305 154//306
f 153//304 409//303 410//305
f 154//306 411//307 155//308
f 154//306 410//305 411//307
f 155//308 412//309 156//310
f 155//308 411//307 412//309
f 156//310 413//311 157//312
f 156//310 412//309 413//311
f 157//312 414//313 158//314
f 157//312 413//311 414//313
f 158//314 415//315 159//316
f 158//314 414//313 415//315
f 159//316 416//317 160//318
f 159//316 415//315 416//317
f 160//318 417//319 161//320
f 160//318 416//317 417//319
f 161//320 418//321 162//318
f 161//320 417//319 418//321
f 162//318 419//322 163//323
f 162//318 418//321 419//322
f 163//323 420//324 164//325
f 163//323 419//322 420//324
f 164//325 421//326 165//327
f 164//325 420//324 421//326
f 165//327 422//328 166//329
f 165//327 421//326 422//328
f 166//329 423//330 167//331
f 166//329 422//328 423//330
f 167//331 424//332 168//333
f 167//331 423//330 424//332
f 168//333 425//334 169//335
f 168//333 424//332 425//334
f 169//335 426//336 170//337
f 169//335 425//334 426//336
f 170//337 427//338 171//339
f 170//337 426//336 427//338
f 171//339 428//340 172//341
f 171//339 427//338 428//340
f 172//341 429//342 173//343
f 172//341 428//340 429//342
f 173//343 430//344 174//345
f 173//343 429//342 430//344
f 174//345 431//346 175//347
f 174//345 430//344 431//346
f 175//347 432//348 176//349
f 175//347 431//346 432//348
f 176//349 433//350 177//351
f 176//349 432//348 433//350
f 177//351 434//352 178//353
f 177//351 433//350 434//352
f 178//353 435//354 179//355
f 178//353 434//352 435//354
f 179//355 436//356 180//357
f 179//355 435//354 436//356
f 180//357 437//358 181//359
f 180//357 436//356 437//358
f 181//359 438//360 182//361
f 181//359 437//358 438//360
f 182//361 439//362 183//363
f 182//361 438//360 439//362
f 183//363 440//364 184//365
f 183//363 439//362 440//364
f 184//365 441//366 185//367
f 184//365 440//364 441//366
f 185//367 442//368 186//369
f 185//367 441//366 442//368
f 186//369 443//370 187//371
f 186//369 442//368 443//370
f 187//371 444//372 188//373
f 187//371 443//370 444//372
f 188//373 445//374 189//375
f 188//373 444//372 445//374
f 189//375 446//376 190//377
f 189//375 445//374 446//376
f 190//377 447//378 191//379
f 190//377 446//376 447//378
f 191//379 448//380 192//381
f 191//379 447//378 448//380
f 192//381 449//382 193//383
f 192//381 448//380 449//382
f 193//383 450//384 194//385
f 193//383 449//382 450//384
f 194//385 451//386 195//387
f 194//385 450//384 451//386
f 195//387 452//388 196//389
f 195//387 451//386 452//388
f 196//389 453//390 197//391
f 196//389 452//388 453//390
f 197//391 454//392 198//393
f 197//391 453//390 454//392
f 198//393 455//394 199//395
f 198//393 454//392 455//394
f 199//395 456//396 200//397
f 199//395 455//394 456//396
f 200//397 457//398 201//399
f 200//397 456//396 457//398
f 201//399 458//400 202//401
f 201//399 457//398 458//400
f 202//401 459//402 203//403
f 202//401 458//400 459//402
f 203//403 460//404 204//405
f 203//403 459//402 460//404
f 204//405 461//406 205//407
f 204//405 460//404 461//406
f 205//407 462//408 206//409
f 205//407 461//406 462//408
f 206//409 463//410 207//411
f 206//409 462//408 463//410
f 207//411 464//412 208//413
f 207//411 463//410 464//412
f 208//413 465//414 209//415
f 208//413 464//412 465//414
f 209//415 466//416 210//417
f 209//415 465//414 466//416
f 210//417 467//418 211//419
f 210//417 466//416 467//418
f 211//419 468//420 212//421
f 211//419 467//418 468//420
f 212//421 469//422 213//423
f 212//421 468//420 469//422
f 213//423 470//424 214//425
f 213//423 469//422 470//424
f 214//425 471//426 215//427
f 214//425 470//424 471//426
f 215//427 472//428 216//429
f 215//427 471//426 472//428
f 216//429 473//430 217//431
f 216//429 472//428 473//430
f 217//431 474//432 218//433
f 217//431 473//430 474//432
f 218//433 475//434 219//435
f 218//433 474//432 475//434
f 219//435 476//436 220//437
f 219//435 475//434 476//436
f 220//437 477//438 221//439
f 220//437 476//436 477//438
f 221//439 478//440 222//441
f 221//439 477//438 478//440
f 222//441 479//442 223//443
f 222//441 478//440 479//442
f 223//443 480//444 224//445
f 223//443 479//442 480//444
f 224//445 481//446 225//447
f 224//445 480//444 481//446
f 225//447 482//448 226//445
f 225//447 481//446 482//448
f 226//445 483//449 227//450
f 226//445 482//448 483//449
f 227//450 484//451 228//452
f 227//450 483//449 484//451
f 228//452 485//453 229//454
f 228//452 484//451 485//453
f 229//454 486//455 230//456
f 229//454 485//453 486//455
f 230//456 487//457 231//458
f 230//456 486//455 487//457
f 231//458 488//459 232//460
f 231//458 487//457 488//459
f 232//460 489//461 233//462
f 232//460 488//459 489//461
f 233//462 490//463 234//464
f 233//462 489//461 490//463
f 234//464 491//465 235//466
f 234//464 490//463 491//465
f 235//466 492//467 236//468
f 235//466 491//465 492//467
f 236//468 493//469 237//470
f 236//468 492//467 493//469
f 237//470 494//471 238//472
f 237//470 493//469 494//471
f 238//472 495//473 239//474
f 238//472 494//471 495//473
f 239//474 496//475 240//476
f 239//474 495//473 496//475
f 240//476 497//477 241//478
f 240//476 496//475 497//477
f 241//478 498//479 242//480
f 241//478 497//477 498//479
f 242//480 499//481 243//482
f 242//480 498//479 499//481
f 243//482 500//483 244//484
f 243//482 499//481 500//483
f 244//484 501//485 245//486
f 244//484 500//483 501//485
f 245//486 502//487 246//488
f 245//486 501//485 502//487
f 246//488 503//489 247//490
f 246//488 502//487 503//489
f 247//490 504//491 248//492
f 247//490 503//489 504//491
f 248//492 505//493 249//494
f 248//492 504//491 505//493
f 249//494 506//495 250//496
f 249//494 505//493 506//495
f 250//496 507//497 251//498
f 250//496 506//495 507//497
f 251//498 508//499 252//500
f 251//498 507//497 508//499
f 252//500 509//501 253//502
f 252//500 508//499 509//501
f 253//502 510//503 254//504
f 253//502 509//501 510//503
f 254//504 511//505 255//506
f 254//504 510//503 511//505
f 255//506 512//507 256//508
f 255//506 511//505 512//507
f 256//508 257//4 1//1
f 256//508 512//507 257//4
f 257//4 514//509 258//2
f 257//4 513//510 514//509
f 258//2 515//511 259//5
f 258//2 514//509 515//511
f 259//5 516//512 260//7
f 259//5 515//511 516//512
f 260//7 517//513 261//9
f 260//7 516//512 517//513
f 261//9 518//514 262//11
f 261//9 517//513 518//514
f 262//11 519//515 263//13
f 262//11 518//514 519//515
f 263//13 520//516 264//15
f 263//13 519//515 520//516
f 264//15 521//517 265//17
f 264//15 520//516 521//517
f 265//17 522//518 266//19
f 265//17 521//517 522//518
f 266//19 523//519 267//21
f 266//19 522//518 523//519
f 267//21 524//520 268//23
f 267//21 523//519 524//520
f 268//23 525//521 269//25
f 268//23 524//520 525//521
f 269//25 526//522 270//27
f 269//25 525//521 526//522
f 270//27 527//523 271//29
f 270//27 526//522 527//523
f 271//29 528//524 272//31
f 271//29 527//523 528//524
f 272//31 529//525 273//33
f 272//31 528//524 529//525
f 273//33 530//526 274//35
f 273//33 529//525 530//526
f 274//35 531//527 275//37
f 274//35 530//526 531//527
f 275//37 532//528 276//39
f 275//37 531//527 532//528
f 276//39 533//529 277//41
f 276//39 532//528 533//529
f 277//41 534//530 278//43
f 277//41 533//529 534//530
f 278//43 535//531 279//45
f 278//43 534//530 535//531
f 279//45 536//532 280//47
f 279//45 535//531 536//532
f 280//47 537//533 281//49
f 280//47 536//532 537//533
f 281//49 538//534 282//51
f 281//49 537//533 538//534
f 282//51 539//535 283//53
f 282//51 538//534 539//535
f 283//53 540//536 284//55
f 283//53 539//535 540//536
f 284//55 541//537 285//57
f 284//55 540//536 541//537
f 285//57 542//538 286//59
f 285//57 541//537 542//538
f 286//59 543//539 287//61
f 286//59 542//538 543//539
f 287//61 544//540 288//63
f 287//61 543//539 544//540
f 288//63 545//541 289//65
f 288//63 544//540 545//541
f 289//65 546//542 290//67
f 289//65 545//541 546//542
f 290//67 547//543 291//68
f 290//67 546//542 547//543
f 291//68 548//544 292//70
f 291//68 547//543 548//544
f 292//70 549//545 293//72
f 292//70 548//544 549//545
f 293//72 550//546 294//74
f 293//72 549//545 550//546
f 294//74 551//547 295//76
f 294//74 550//546 551//547
f 295//76 552//548 296//78
f 295//76 551//547 552//548
f 296//78 553//549 297//80
f 296//78 552//548 553//549
f 297//80 554//550 298//82
f 297//80 553//549 554//550
f 298//82 555//551 299//84
f 298//82 554//550 555//551
f 299//84 556//552 300//86
f 299//84 555//551 556//552
f 300//86 557//553 301//88
f 300//86 556//552 557//553
f 301//88 558//554 302//90
f 301//88 557//553 558//554
f 302//90 559//555 303//92
f 302//90 558//554 559//555
f 303//92 560//556 304//94
f 303//92 559//555 560//556
f 304//94 561//557 305//96
f 304//94 560//556 561//557
f 305//96 562//558 306//98
f 305//96 561//557 562//558
f 306//98 563//559 307//100
f 306//98 562//558 563//559
f 307//100 564//560 308//102
f 307//100 563//559 564//560
f 308//102 565//561 309//104
f 308//102 564//560 565//561
f 309//104 566//562 310//106
f 309//104 565//561 566//562
f 310//106 567//563 311//108
f 310//106 566//562 567//563
f 311//108 568//564 312//110
f 311//108 567//563 568//564
f 312//110 569//565 313//112
f 312//110 568//564 569//565
f 313//112 570//566 314//114
f 313//112 569//565 570//566
f 314//114 571//567 315//116
f 314//114 570//566 571//567
f 315//116 572//568 316//118
f 315//116 571//567 572//568
f 316//118 573//569 317//120
f 316//118 572//568 573//569
f 317//120 574//570 318//122
f 317//120 573//569 574//570
f 318//122 575//571 319//124
f 318//122 574//570 575//571
f 319//124 576//572 320//126
f 319//124 575//571 576//572
f 320//126 577//573 321//128
f 320//126 576//572 577//573
f 321//128 578//574 322//130
f 321//128 577//573 578//574
f 322//130 579//575 323//132
f 322//130 578//574 579//575
f 323//132 580//576 324//134
f 323//132 579//575 580//576
f 324//134 581//577 325//136
f 324//134 580//576 581//577
f 325//136 582//578 326//138
f 325//136 581//577 582//578
f 326//138 583//579 327//140
f 326//138 582//578 583//579
f 327//140 584//580 328//142
f 327//140 583//579 584//580
f 328//142 585//581 329//144
f 328//142 584//580 585//581
f 329//144 586//582 330//146
f 329//144 585//581 586//582
f 330//146 587//583 331//148
f 330//146 586//582 587//583
f 331//148 588//584 332//150
f 331//148 587//583 588//584
f 332//150 589//585 333//152
f 332//150 588//584 589//585
f 333//152 590//586 334//154
f 333//152 589//585 590//586
f 334//154 591//587 335//156
f 334//154 590//586 591//587
f 335//156 592//588 336//158
f 335//156 591//587 592//588
f 336//158 593//589 337//160
f 336//158 592//588 593//589
f 337//160 594//590 338//162
f 337//160 593//589 594//590
f 338//162 595//591 339//164
f 338//162 594//590 595//591
f 339//164 596//592 340//166
f 339//164 595//591 596//592
f 340//166 597//593 341//168
f 340//166 596//592 597//593
f 341//168 598//594 342//170
f 341//168 597//593 598//594
f 342//170 599//595 343//172
f 342//170 598//594 599//595
f 343//172 600//596 344//174
f 343//172 599//595 600//596
f 344//174 601//597 345//176
f 344//174 600//596 601//597
f 345//176 602//598 346//178
f 345//176 601//597 602//598
f 346//178 603//599 347//180
f 346//178 602//598 603//599
f 347//180 604//600 348//182
f 347//180 603//599 604//600
f 348//182 605//601 349//184
f 348//182 604//600 605//601
f 349//184 606//602 350//186
f 349//184 605//601 606//602
f 350//186 607//603 351//188
f 350//186 606//602 607//603
f 351//188 608//604 352//190
f 351//188 607//603 608//604
f 352//190 609//605 353//192
f 352//190 608//604 609//605
f 353//192 610//606 354//194
f 353//192 609//605 610//606
f 354//194 611//607 355//195
f 354//194 610//606 611//607
f 355//195 612//608 356//197
f 355//195 611//607 612//608
f 356//197 613//609 357//199
f 356//197 612//608 613//609
f 357//199 614//610 358//201
f 357//199 613//609 614//610
f 358//201 615//611 359//203
f 358//201 614//610 615//611
f 359//203 616//612 360//205
f 359//203 615//611 616//612
f 360//205 617//613 361//207
f 360//205 616//612 617//613
f 361//207 618//614 362//209
f 361//207 617//613 618//614
f 362//209 619//615 363//211
f 362//209 618//614 619//615
f 363//211 620//616 364//213
f 363//211 619//615 620//616
f 364//213 621//617 365//215
f 364//213 620//616 621//617
f 365//215 622//618 366//217
f 365//215 621//617 622//618
f 366//217 623//619 367//219
f 366//217 622//618 623//619
f 367//219 624//620 368//221
f 367//219 623//619 624//620
f 368//221 625//621 369//223
f 368//221 624//620 625//621
f 369//223 626//622 370//225
f 369//223 625//621 626//622
f 370//225 627//623 371//227
f 370//225 626//622 627//623
f 371//227 628//624 372//229
f 371//227 627//623 628//624
f 372//229 629//625 373//231
f 372//229 628//624 629//625
f 373//231 630//626 374//233
f 373//231 629//625 630//626
f 374//233 631//627 375//235
f 374//233 630//626 631//627
f 375//235 632//628 376//237
f 375//235 631//627 632//628
f 376//237 633//629 377//239
f 376//237 632//628 633//629
f 377//239 634//630 378//241
f 377//239 633//629 634//630
f 378//241 635//631 379//243
f 378//241 634//630 635//631
f 379//243 636//632 380//245
f 379//243 635//631 636//632
f 380//245 637//633 381//247
f 380//245 636//632 637//633
f 381//247 638//634 382//249
f 381//247 637//633 638//634
f 382//249 639//635 383//251
f 382//249 638//634 639//635
f 383//251 640//636 384//253
f 383//251 639//635 640//636
f 384//253 641//637 385//255
f 384//253 640//636 641//637
f 385//255 642//638 386//257
f 385//255 641//637 642//638
f 386//257 643//639 387//259
f 386//257 642//638 643//639
f 387//259 644//640 388//261
f 387//259 643//639 644//640
f 388//261 645//641 389//263
f 388//261 644//640 645//641
f 389//263 646//642 390//265
f 389//263 645//641 646//642
f 390//265 647//643 391//267
f 390//265 646//642 647//643
f 391//267 648//644 392//269
f 391//267 647//643 648//644
f 392//269 649//645 393//271
f 392//269 648//644 649//645
f 393//271 650//646 394//273
f 393//271 649//645 650//646
f 394//273 651//647 395//275
f 394//273 650//646 651//647
f 395//275 652//648 396//277
f 395//275 651//647 652//648
f 396//277 653//649 397//279
f 396//277 652//648 653//649
f 397//279 654//650 398//281
f 397//279 653//649 654//650
f 398//281 655//651 399//283
f 398//281 654//650 655//651
f 399//283 656//652 400//285
f 399//283 655//651 656//652
f 400//285 657//653 401//287
f 400//285 656//652 657//653
f 401//287 658//654 402//289
f 401//287 657//653 658//654
f 402//289 659//655 403//291
f 402//289 658//654 659//655
f 403//291 660//656 404//293
f 403//291 659//655 660//656
f 404//293 661//657 405//295
f 404//293 660//656 661//657
f 405//295 662//658 406//297
f 405//295 661//657 662//658
f 406//297 663//659 407//299
f 406//297 662//658 663//659
f 407//299 664//660 408//301
f 407//299 663//659 664//660
f 408//301 665//661 409//303
f 408//301 664//660 665//661
f 409//303 666//662 410//305
f 409//303 665//661 666//662
f 410//305 667//663 411//307
f 410//305 666//662 667//663
f 411//307 668//664 412//309
f 411//307 667//663 668//664
f 412//309 669//665 413//311
f 412//309 668//664 669//665
f 413//311 670//666 414//313
f 413//311 669//665 670//666
f 414//313 671//667 415//315
f 414//313 670//666 671//667
f 415//315 672//668 416//317
f 415//315 671//667 672//668
f 416//317 673//669 417//319
f 416//317 672//668 673//669
f 417//319 674//670 418//321
f 417//319 673//669 674//670
f 418//321 675//671 419//322
f 418//321 674//670 675//671
f 419//322 676//672 420//324
f 419//322 675//671 676//672
f 420//324 677//673 421//326
f 420//324 676//672 677//673
f 421//326 678//674 422//328
f 421//326 677//673 678//674
f 422//328 679//675 423//330
f 422//328 678//674 679//675
f 423//330 680//676 424//332
f 423//330 679//675 680//676
f 424//332 681//677 425//334
f 424//332 680//676 681//677
f 425//334 682//678 426//336
f 425//334 681//677 682//678
f 426//336 683//679 427//338
f 426//336 682//678 683//679
f 427//338 684//680 428//340
f 427//338 683//679 684//680
f 428//340 685//681 429//342
f 428//340 684//680 685//681
f 429//342 686//682 430//344
f 429//342 685//681 686//682
f 430//344 687//683 431//346
f 430//344 686//682 687//683
f 431//346 688//684 432//348
f 431//346 687//683 688//684
f 432//348 689//685 433//350
f 432//348 688//684 689//685
f 433//350 690//686 434//352
f 433//350 689//685 690//686
f 434//352 691//687 435//354
f 434//352 690//686 691//687
f 435//354 692//688 436//356
f 435//354 691//687 692//688
f 436//356 693//689 437//358
f 436//356 692//688 693//689
f 437//358 694//690 438//360
f 437//358 693//689 694//690
f 438//360 695//691 439//362
f 438//360 694//690 695//691
f 439//362 696//692 440//364
f 439//362 695//691 696//692
f 440//364 697//693 441//366
f 440//364 696//692 697//693
f 441//366 698//694 442//368
f 441//366 697//693 698//694
f 442//368 699//695 443//370
f 442//368 698//694 699//695
f 443//370 700//696 444//372
f 443//370 699//695 700//696
f 444//372 701//697 445//374
f 444//372 700//696 701//697
f 445//374 702//698 446//376
f 445//374 701//697 702//698
f 446//376 703//699 447//378
f 446//376 702//698 703//699
f 447//378 704//700 448//380
f 447//378 703//699 704//700
f 448//380 705//701 449//382
f 448//380 704//700 705//701
f 449//382 706//702 450//384
f 449//382 705//701 706//702
f 450//384 707//703 451//386
f 450//384 706//702 707//703
f 451//386 708//704 452//388
f 451//386 707//703 708//704
f 452//388 709//705 453//390
f 452//388 708//704 709//705
f 453//390 710//706 454//392
f 453//390 709//705 710//706
f 454//392 711//707 455//394
f 454//392 710//706 711//707
f 455//394 712//708 456//396
f 455//394 711//707 712//708
f 456//396 713//709 457//398
f 456//396 712//708 713//709
f 457//398 714//710 458//400
f 457//398 713//709 714//710
f 458//400 715//711 459//402
f 458//400 714//710 715//711
f 459//402 716//712 460//404
f 459//402 715//711 716//712
f 460//404 717//713 461//406
f 460//404 716//712 717//713
f 461//406 718//714 462//408
f 461//406 717//713 718//714
f 462//408 719//715 463//410
f 462//408 718//714 719//715
f 463//410 720//716 464//412
f 463//410 719//715 720//716
f 464//412 721//717 465//414
f 464//412 720//716 721//717
f 465//414 722//718 466//416
f 465//414 721//717 722//718
f 466//416 723//719 467//418
f 466//416 722//718 723//719
f 467//418 724//720 468//420
f 467//418 723//719 724//720
f 468//420 725//721 469//422
f 468//420 724//720 725//721
f 469//422 726//722 470//424
f 469//422 725//721 726//722
f 470//424 727//723 471//426
f 470//424 726//722 727//723
f 471//426 728//724 472//428
f 471//426 727//723 728//724
f 472//428 729//725 473//430
f 472//428 728//724 729//725
f 473//430 730//726 474//432
f 473//430 729//725 730//726
f 474//432 731//727 475//434
f 474//432 730//726 731//727
f 475//434 732//728 476//436
f 475//434 731//727 732//728
f 476//436 733//729 477//438
f 476//436 732//728 733//729
f 477//438 734//730 478//440
f 477//438 733//729 734//730
f 478//440 735//731 479//442
f 478//440 734//730 735//731
f 479//442 736//732 480//444
f 479//442 735//731 736//732
f 480//444 737//733 481//446
f 480//444 736//732 737//733
f 481//446 738//734 482//448
f 481//446 737//733 738//734
f 482//448 739//735 483//449
f 482//448 738//734 739//735
f 483//449 740//736 484//451
f 483//449 739//735 740//736
f 484//451 741//737 485//453
f 484//451 740//736 741//737
f 485//453 742//738 486//455
f 485//453 741//737 742//738
f 486//455 743//739 487//457
f 486//455 742//738 743//739
f 487//457 744//740 488//459
f 487//457 743//739 744//740
f 488//459 745//741 489//461
f 488//459 744//740 745//741
f 489//461 746//742 490//463
f 489//461 745//741 746//742
f 490//463 747//743 491//465
f 490//463 746//742 747//743
f 491//465 748//744 492//467
f 491//465 747//743 748//744
f 492//467 749//745 493//469
f 492//467 748//744 749//745
f 493//469 750//746 494//471
f 493//469 749//745 750//746
f 494//471 751//747 495//473
f 494//471 750//746 751//747
f 495//473 752//748 496//475
f 495//473 751//747 752//748
f 496//475 753//749 497//477
f 496//475 752//748 753//749
f 497//477 754//750 498//479
f 497//477 753//749 754//750
f 498//479 755//751 499//481
f 498//479 754//750 755//751
f 499//481 756//752 500//483
f 499//481 755//751 756//752
f 500//483 757//753 501//485
f 500//483 756//752 757//753
f 501//485 758//754 502//487
f 501//485 757//753 758//754
f 502//487 759//755 503//489
f 502//487 758//754 759//755
f 503//489 760//756 504//491
f 503//489 759//755 760//756
f 504//491 761//757 505//493
f 504//491 760//756 761//757
f 505//493 762//758 506//495
f 505//493 761//757 762//758
f 506//495 763//759 507//497
f 506//495 762//758 763//759
f 507//497 764//760 508//499
f 507//497 763//759 764//760
f 508//499 765//761 509//501
f 508//499 764//760 765//761
f 509//501 766//762 510//503
f 509//501 765//761 766//762
f 510//503 767//763 511//505
f 510//503 766//762 767//763
f 511//505 768//764 512//507
f 511//505 767//763 768//764
f 512//507 513//510 257//4
f 512//507 768//764 513//510
f 513//510 770//765 514//509
f 513//510 769//766 770//765
f 514//509 771//767 515//511
f 514//509 770//765 771//767
f 515//511 772//768 516//512
f 515//511 771//767 772//768
f 516//512 773//769 517//513
f 516//512 772//768 773//769
f 517//513 774//770 518//514
f 517//513 773//769 774//770
f 518//514 775//771 519//515
f 518//514 774//770 775//771
f 519//515 776//772 520//516
f 519//515 775//771 776//772
f 520//516 777//773 521//517
f 520//516 776//772 777//773
f 521//517 778//774 522//518
f 521//517 777//773 778//774
f 522//518 779//775 523//519
f 522//518 778//774 779//775
f 523//519 780//776 524//520
f 523//519 779//775 780//776
f 524//520 781//777 525//521
f 524//520 780//776 781//777
f 525//521 782//778 526//522
f 525//521 781//777 782//778
f 526//522 783//779 527//523
f 526//522 782//778 783//779
f 527//523 784//780 528//524
f 527//523 783//779 784//780
f 528//524 785//781 529//525
f 528//524 784//780 785//781
f 529//525 786//782 530//526
f 529//525 785//781 786//782
f 530//526 787//783 531//527
f 530//526 786//782 787//783
f 531//527 788//784 532//528
f 531//527 787//783 788//784
f 532//528 789//785 533//529
f 532//528 788//784 789//785
f 533//529 790//786 534//530
f 533//529 789//785 790//786
f 534//530 791//787 535//531
f 534//530 790//786 791//787
f 535//531 792//788 536//532
f 535//531 791//787 792//788
f 536//532 793//789 537//533
f 536//532 792//788 793//789
f 537//533 794//790 538//534
f 537//533 793//789 794//790
f 538//534 795//791 539//535
f 538//534 794//790 795//791
f 539//535 796//792 540//536
f 539//535 795//791 796//792
f 540//536 797//793 541//537
f 540//536 796//792 797//793
f 541//537 798//794 542//538
f 541//537 797//793 798//794
f 542//538 799//795 543//539
f 542//538 798//794 799//795
f 543//539 800//796 544//540
f 543//539 799//795 800//796
f 544//540 801//797 545//541
f 544//540 800//796 801//797
f 545//541 802//798 546//542
f 545//541 801//797 802//798
f 546//542 803//799 547//543
f 546//542 802//798 803//799
f 547//543 804//800 548//544
f 547//543 803//799 804//800
f 548//544 805//801 549//545
f 548//544 804//800 805//801
f 549//545 806//802 550//546
f 549//545 805//801 806//802
f 550//546 807//803 551//547
f 550//546 806//802 807//803
f 551//547 808//804 552//548
f 551//547 807//803 808//804
f 552//548 809//805 553//549
f 552//548 808//804 809//805
f 553//549 810//806 554//550
f 553//549 809//805 810//806
f 554//550 811//807 555//551
f 554//550 810//806 811//807
f 555//551 812//808 556//552
f 555//551 811//807 812//808
f 556//552 813//809 557//553
f 556//552 812//808 813//809
f 557//553 814//810 558//554
f 557//553 813//809 814//810
f 558//554 815//811 559//555
f 558//554 814//810 815//811
f 559//555 816//812 560//556
f 559//555 815//811 816//812
f 560//556 817//813 561//557
f 560//556 816//812 817//813
f 561//557 818//814 562//558
f 561//557 817//813 818//814
f 562//558 819//815 563//559
f 562//558 818//814 819//815
f 563//559 820//816 564//560
f 563//559 819//815 820//816
f 564//560 821//817 565//561
f 564//560 820//816 821//817
f 565//561 822//818 566//562
f 565//561 821//817 822//818
f 566//562 823//819 567//563
f 566//562 822//818 823//819
f 567//563 824//820 568//564
f 567//563 823//819 824//820
f 568//564 825//821 569//565
f 568//564 824//820 825//821
f 569//565 826//822 570//566
f 569//565 825//821 826//822
f 570//566 827//823 571//567
f 570//566 826//822 827//823
f 571//567 828//824 572//568
f 571//567 827//823 828//824
f 572//568 829//825 573//569
f 572//568 828//824 829//825
f 573//569 830//826 574//570
f 573//569 829//825 830//826
f 574//570 831//827 575//571
f 574//570 830//826 831//827
f 575//571 832//828 576//572
f 575//571 831//827 832//828
f 576//572 833//829 577//573
f 576//572 832//828 833//829
f 577//573 834//830 578//574
f 577//573 833//829 834//830
f 578//574 835//831 579//575
f 578//574 834//830 835//831
f 579//575 836//832 580//576
f 579//575 835//831 836//832
f 580//576 837//833 581//577
f 580//576 836//832 837//833
f 581//577 838//834 582//578
f 581//577 837//833 838//834
f 582//578 839//835 583//579
f 582//578 838//834 839//835
f 583//579 840//836 584//580
f 583//579 839//835 840//836
f 584//580 841//837 585//581
f 584//580 840//836 841//837
f 585//581 842//838 586//582
f 585//581 841//837 842//838
f 586//582 843//839 587//583
f 586//582 842//838 843//839
f 587//583 844//840 588//584
f 587//583 843//839 844//840
f 588//584 845//841 589//585
f 588//584 844//840 845//841
f 589//585 846//842 590//586
f 589//585 845//841 846//842
f 590//586 847//843 591//587
f 590//586 846//842 847//843
f 591//587 848//844 592//588
f 591//587 847//843 848//844
f 592//588 849//845 593//589
f 592//588 848//844 849//845
f 593//589 850//846 594//590
f 593//589 849//845 850//846
f 594//590 851//847 595//591
f 594//590 850//846 851//847
f 595//591 852//848 596//592
f 595//591 851//847 852//848
f 596//592 853//849 597//593
f 596//592 852//848 853//849
f 597//593 854//850 598//594
f 597//593 853//849 854//850
f 598//594 855//851 599//595
f 598//594 854//850 855//851
f 599//595 856//852 600//596
f 599//595 855//851 856//852
f 600//596 857//853 601//597
f 600//596 856//852 857//853
f 601//597 858//854 602//598
f 601//597 857//853 858//854
f 602//598 859//855 603//599
f 602//598 858//854 859//855
f 603//599 860//856 604//600
f 603//599 859//855 860//856
f 604//600 861//857 605//601
f 604//600 860//856 861//857
f 605//601 862//858 606//602
f 605//601 861//857 862//858
f 606//602 863//859 607//603
f 606//602 862//858 863//859
f 607//603 864//860 608//604
f 607//603 863//859 864//860
f 608//604 865//861 609//605
f 608//604 864//860 865//861
f 609//605 866//862 610//606
f 609//605 865//861 866//862
f 610//606 867//863 611//607
f 610//606 866//862 867//863
f 611//607 868//864 612//608
f 611//607 867//863 868//864
f 612//608 869//865 613//609
f 612//608 868//864 869//865
f 613//609 870//866 614//610
f 613//609 869//865 870//866
f 614//610 871//867 615//611
f 614//610 870//866 871//867
f 615//611 872//868 616//612
f 615//611 871//867 872//868
f 616//612 873//869 617//613
f 616//612 872//868 873//869
f 617//613 874//870 618//614
f 617//613 873//869 874//870
f 618//614 875//871 619//615
f 618//614 874//870 875//871
f 619//615 876//872 620//616
f 619//615 875//871 876//872
f 620//616 877//873 621//617
f 620//616 876//872 877//873
f 621//617 878//874 622//618
f 621//617 877//873 878//874
f 622//618 879//875 623//619
f 622//618 878//874 879//875
f 623//619 880//876 624//620
f 623//619 879//875 880//876
f 624//620 881//877 625//621
f 624//620 880//876 881//877
f 625//621 882//878 626//622
f 625//621 881//877 882//878
f 626//622 883//879 627//623
f 626//622 882//878 883//879
f 627//623 884//880 628//624
f 627//623 883//879 884//880
f 628//624 885//881 629//625
f 628//624 884//880 885//881
f 629//625 886//882 630//626
f 629//625 885//881 886//882
f 630//626 887//883 631//627
f 630//626 886//882 887//883
f 631//627 888//884 632//628
f 631//627 887//883 888//884
f 632//628 889//885 633//629
f 632//628 888//884 889//885
f 633//629 890//886 634//630
f 633//629 889//885 890//886
f 634//630 891//887 635//631
f 634//630 890//886 891//887
f 635//631 892//888 636//632
f 635//631 891//887 892//888
f 636//632 893//889 637//633
f 636//632 892//888 893//889
f 637//633 894//890 638//634
f 637//633 893//889 894//890
f 638//634 895//891 639//635
f 638//634 894//890 895//891
f 639//635 896//892 640//636
f 639//635 895//891 896//892
f 640//636 897//893 641//637
f 640//636 896//892 897//893
f 641//637 898//894 642//638
f 641//637 897//893 898//894
f 642//638 899//895 643//639
f 642//638 898//894 899//895
f 643//639 900//896 644//640
f 643//639 899//895 900//896
f 644//640 901//897 645//641
f 644//640 900//896 901//897
f 645//641 902//898 646//642
f 645//641 901//897 902//898
f 646//642 903//899 647//643
f 646//642 902//898 903//899
f 647//643 904//900 648//644
f 647//643 903//899 904//900
f 648//644 905//901 649//645
f 648//644 904//900 905//901
f 649//645 906//902 650//646
f 649//645 905//901 906//902
f 650//646 907//903 651//647
f 650//646 906//902 907//903
f 651//647 908//904 652//648
f 651//647 907//903 908//904
f 652//648 909//905 653//649
f 652//648 908//904 909//905
f 653//649 910//906 654//650
f 653//649 909//905 910//906
f 654//650 911//907 655//651
f 654//650 910//906 911//907
f 655//651 912//908 656//652
f 655//651 911//907 912//908
f 656//652 913//909 657//653
f 656//652 912//908 913//909
f 657//653 914//910 658//654
f 657//653 913//909 914//910
f 658//654 915//911 659//655
f 658//654 914//910 915//911
f 659//655 916//912 660//656
f 659//655 915//911 916//912
f 660//656 917//913 661//657
f 660//656 916//912 917//913
f 661//657 918//914 662//658
f 661//657 917//913 918//914
f 662//658 919//915 663//659
f 662//658 918//914 919//915
f 663//659 920//916 664//660
f 663//659 919//915 920//916
f 664//660 921//917 665//661
f 664//660 920//916 921//917
f 665//661 922//918 666//662
f 665//661 921//917 922//918
f 666//662 923//919 667//663
f 666//662 922//918 923//919
f 667//663 924//920 668//664
f 667//663 923//919 924//920
f 668//664 925//921 669//665
f 668//664 924//920 925//921
f 669//665 926//922 670//666
f 669//665 925//921 926//922
f 670//666 927//923 671//667
f 670//666 926//922 927//923
f 671//667 928//924 672//668
f 671//667 927//923 928//924
f 672//668 929//925 673//669
f 672//668 928//924 929//925
f 673//669 930//926 674//670
f 673//669 929//925 930//926
f 674//670 931//927 675//671
f 674//670 930//926 931//927
f 675//671 932//928 676//672
f 675//671 931//927 932//928
f 676//672 933//929 677//673
f 676//672 932//928 933//929
f 677//673 934//930 678//674
f 677//673 933//929 934//930
f 678//674 935//931 679//675
f 678//674 934//930 935//931
f 679//675 936//932 680//676
f 679//675 935//931 936//932
f 680//676 937//933 681//677
f 680//676 936//932 937//933
f 681//677 938//934 682//678
f 681//677 937//933 938//934
f 682//678 939//935 683//679
f 682//678 938//934 939//935
f 683//679 940//936 684//680
f 683//679 939//935 940//936
f 684//680 941//937 685//681
f 684//680 940//936 941//937
f 685//681 942//938 686//682
f 685//681 941//937 942//938
f 686//682 943//939 687//683
f 686//682 942//938 943//939
f 687//683 944//940 688//684
f 687//683 943//939 944//940
f 688//684 945//941 689//685
f 688//684 944//940 945//941
f 689//685 946//942 690//686
f 689//685 945//941 946//942
f 690//686 947//943 691//687
f 690//686 946//942 947//943
f 691//687 948//944 692//688
f 691//687 947//943 948//944
f 692//688 949//945 693//689
f 692//688 948//944 949//945
f 693//689 950//946 694//690
f 693//689 949//945 950//946
f 694//690 951//947 695//691
f 694//690 950//946 951//947
f 695//691 952//948 696//692
f 695//691 951//947 952//948
f 696//692 953//949 697//693
f 696//692 952//948 953//949
f 697//693 954//950 698//694
f 697//693 953//949 954//950
f 698//694 955//951 699//695
f 698//694 954//950 955//951
f 699//695 956//952 700//696
f 699//695 955//951 956//952
f 700//696 957//953 701//697
f 700//696 956//952 957//953
f 701//697 958//954 702//698
f 701//697 957//953 958//954
f 702//698 959//955 703//699
f 702//698 958//954 959//955
f 703//699 960//956 704//700
f 703//699 959//955 960//956
f 704//700 961//957 705//701
f 704//700 960//956 961//957
f 705//701 962//958 706//702
f 705//701 961//957 962//958
f 706//702 963//959 707//703
f 706//702 962//958 963//959
f 707//703 964//960 708//704
f 707//703 963//959 964//960
f 708//704 965//961 709//705
f 708//704 964//960 965//961
f 709//705 966//962 710//706
f 709//705 965//961 966//962
f 710//706 967//963 711//707
f 710//706 966//962 967//963
f 711//707 968//964 712//708
f 711//707 967//963 968//964
f 712//708 969//965 713//709
f 712//708 968//964 969//965
f 713//709 970//966 714//710
f 713//709 969//965 970//966
f 714//710 971//967 715//711
f 714//710 970//966 971//967
f 715//711 972//968 716//712
f 715//711 971//967 972//968
f 716//712 973//969 717//713
f 716//712 972//968 973//969
f 717//713 974//970 718//714
f 717//713 973//969 974//970
f 718//714 975//971 719//715
f 718//714 974//970 975//971
f 719//715 976//972 720//716
f 719//715 975//971 976//972
f 720//716 977//973 721//717
f 720//716 976//972 977//973
f 721//717 978//974 722//718
f 721//717 977//973 978//974
f 722//718 979//975 723//719
f 722//718 978//974 979//975
f 723//719 980//976 724//720
f 723//719 979//975 980//976
f 724//720 981//977 725//721
f 724//720 980//976 981//977
f 725//721 982//978 726//722
f 725//721 981//977 982//978
f 726//722 983//979 727//723
f 726//722 982//978 983//979
f 727//723 984//980 728//724
f 727//723 983//979 984//980
f 728//724 985//981 729//725
f 728//724 984//980 985//981
f 729//725 986//982 730//726
f 729//725 985//981 986//982
f 730//726 987//983 731//727
f 730//726 986//982 987//983
f 731//727 988//984 732//728
f 731//727 987//983 988//984
f 732//728 989//985 733//729
f 732//728 988//984 989//985
f 733//729 990//986 734//730
f 733//729 989//985 990//986
f 734//730 991//987 735//731
f 734//730 990//986 991//987
f 735//731 992//988 736//732
f 735//731 991//987 992//988
f 736//732 993//989 737//733
f 736//732 992//988 993//989
f 737//733 994//990 738//734
f 737//733 993//989 994//990
f 738//734 995//991 739//735
f 738//734 994//990 995//991
f 739//735 996//992 740//736
f 739//735 995//991 996//992
f 740//736 997//993 741//737
f 740//736 996//992 997//993
f 741//737 998//994 742//738
f 741//737 997//993 998//994
f 742//738 999//995 743//739
f 742//738 998//994 999//995
f 743//739 1000//996 744//740
f 743//739 999//995 1000//996
f 744//740 1001//997 745//741
f 744//740 1000//996 1001//997
f 745//741 1002//998 746//742
f 745//741 1001//997 1002//998
f 746//742 1003//999 747//743
f 746//742 1002//998 1003//999
f 747//743 1004//1000 748//744
f 747//743 1003//999 1004//1000
f 748//744 1005//1001 749//745
f 748//744 1004//1000 1005//1001
f 749//745 1006//1002 750//746
f 749//745 1005//1001 1006//1002
f 750//746 1007//1003 751//747
f 750//746 1006//1002 1007//1003
f 751//747 1008//1004 752//748
f 751//747 1007//1003 1008//1004
f 752//748 1009//1005 753//749
f 752//748 1008//1004 1009//1005
f 753//749 1010//1006 754//750
f 753//749 1009//1005 1010//1006
f 754//750 1011//1007 755//751
f 754//750 1010//1006 1011//1007
f 755//751 1012//1008 756//752
f 755//751 1011//1007 1012//1008
f 756//752 1013//1009 757//753
f 756//752 1012//1008 1013//1009
f 757//753 1014//1010 758//754
f 757//753 1013//1009 1014//1010
f 758//754 1015//1011 759//755
f 758//754 1014//1010 1015//1011
f 759//755 1016//1012 760//756
f 759//755 1015//1011 1016//1012
f 760//756 1017//1013 761//757
f 760//756 1016//1012 1017//1013
f 761//757 1018//1014 762//758
f 761//757 1017//1013 1018//1014
f 762//758 1019//1015 763//759
f 762//758 1018//1014 1019//1015
f 763//759 1020//1016 764//760
f 763//759 1019//1015 1020//1016
f 764//760 1021//1017 765//761
f 764//760 1020//1016 1021//1017
f 765//761 1022//1018 766//762
f 765//761 1021//1017 1022//1018
f 766//762 1023//1019 767//763
f 766//762 1022//1018 1023//1019
f 767//763 1024//1020 768//764
f 767//763 1023//1019 1024//1020
f 768//764 769//766 513//510
f 768//764 1024//1020 769//766
f 769//766 1026//1021 770//765
f 769//766 1025//1022 1026//1021
f 770//765 1027//1023 771//767
f 770//765 1026//1021 1027//1023
f 771//767 1028//1024 772//768
f 771//767 1027//1023 1028//1024
f 772//768 1029//1025 773//769
f 772//768 1028//1024 1029//1025
f 773//769 1030//1026 774//770
f 773//769 1029//1025 1030//1026
f 774//770 1031//1027 775//771
f 774//770 1030//1026 1031//1027
f 775//771 1032//1028 776//772
f 775//771 1031//1027 1032//1028
f 776//772 1033//1029 777//773
f 776//772 1032//1028 1033//1029
f 777//773 1034//1030 778//774
f 777//773 1033//1029 1034//1030
f 778//774 1035//1031 779//775
f 778//774 1034//1030 1035//1031
f 779//775 1036//1032 780//776
f 779//775 1035//1031 1036//1032
f 780//776 1037//1033 781//777
f 780//776 1036//1032 1037//1033
f 781//777 1038//1034 782//778
f 781//777 1037//1033 1038//1034
f 782//778 1039//1035 783//779
f 782//778 1038//1034 1039//1035
f 783//779 1040//1036 784//780
f 783//779 1039//1035 1040//1036
f 784//780 1041//1037 785//781
f 784//780 1040//1036 1041//1037
f 785//781 1042//1038 786//782
f 785//781 1041//1037 1042//1038
f 786//782 1043//1039 787//783
f 786//782 1042//1038 1043//1039
f 787//783 1044//1040 788//784
f 787//783 1043//1039 1044//1040
f 788//784 1045//1041 789//785
f 788//784 1044//1040 1045//1041
f 789//785 1046//1042 790//786
f 789//785 1045//1041 1046//1042
f 790//786 1047//1043 791//787
f 790//786 1046//1042 1047//1043
f 791//787 1048//1044 792//788
f 791//787 1047//1043 1048//1044
f 792//788 1049//1045 793//789
f 792//788 1048//1044 1049//1045
f 793//789 1050//1046 794//790
f 793//789 1049//1045 1050//1046
f 794//790 1051//1047 795//791
f 794//790 1050//1046 1051//1047
f 795//791 1052//1048 796//792
f 795//791 1051//1047 1052//1048
f 796//792 1053//1049 797//793
f 796//792 1052//1048 1053//1049
f 797//793 1054//1050 798//794
f 797//793 1053//1049 1054//1050
f 798//794 1055//1051 799//795
f 798//794 1054//1050 1055//1051
f 799//795 1056//1052 800//796
f 799//795 1055//1051 1056//1052
f 800//796 1057//1053 801//797
f 800//796 1056//1052 1057//1053
f 801//797 1058//1054 802//798
f 801//797 1057//1053 1058//1054
f 802//798 1059//1055 803//799
f 802//798 1058//1054 1059//1055
f 803//799 1060//1056 804//800
f 803//799 1059//1055 1060//1056
f 804//800 1061//1057 805//801
f 804//800 1060//1056 1061//1057
f 805//801 1062//1058 806//802
f 805//801 1061//1057 1062//1058
f 806//802 1063//1059 807//803
f 806//802 1062//1058 1063//1059
f 807//803 1064//1060 808//804
f 807//803 1063//1059 1064//1060
f 808//804 1065//1061 809//805
f 808//804 1064//1060 1065//1061
f 809//805 1066//1062 810//806
f 809//805 1065//1061 1066//1062
f 810//806 1067//1063 811//807
f 810//806 1066//1062 1067//1063
f 811//807 1068//1064 812//808
f 811//807 1067//1063 1068//1064
f 812//808 1069//1065 813//809
f 812//808 1068//1064 1069//1065
f 813//809 1070//1066 814//810
f 813//809 1069//1065 1070//1066
f 814//810 1071//1067 815//811
f 814//810 1070//1066 1071//1067
f 815//811 1072//1068 816//812
f 815//811 1071//1067 1072//1068
f 816//812 1073//1069 817//813
f 816//812 1072//1068 1073//1069
f 817//813 1074//1070 818//814
f 817//813 1073//1069 1074//1070
f 818//814 1075//1071 819//815
f 818//814 1074//1070 1075//1071
f 819//815 1076//1072 820//816
f 819//815 1075//1071 1076//1072
f 820//816 1077//1073 821//817
f 820//816 1076//1072 1077//1073
f 821//817 1078//1074 822//818
f 821//817 1077//1073 1078//1074
f 822//818 1079//1075 823//819
f 822//818 1078//1074 1079//1075
f 823//819 1080//1076 824//820
f 823//819 1079//1075 1080//1076
f 824//820 1081//1077 825//821
f 824//820 1080//1076 1081//1077
f 825//821 1082//1078 826//822
f 825//821 1081//1077 1082//1078
f 826//822 1083//1079 827//823
f 826//822 1082//1078 1083//1079
f 827//823 1084//1080 828//824
f 827//823 1083//1079 1084//1080
f 828//824 1085//1081 829//825
f 828//824 1084//1080 1085//1081
f 829//825 1086//1082 830//826
f 829//825 1085//1081 1086//1082
f 830//826 1087//1083 831//827
f 830//826 1086//1082 1087//1083
f 831//827 1088//1084 832//828
f 831//827 1087//1083 1088//1084
f 832//828 1089//1085 833//829
f 832//828 1088//1084 1089//1085
f 833//829 1090//1086 834//830
f 833//829 1089//1085 1090//1086
f 834//830 1091//1087 835//831
f 834//830 1090//1086 1091//1087
f 835//831 1092//1088 836//832
f 835//831 1091//1087 1092//1088
f 836//832 1093//1089 837//833
f 836//832 1092//1088 1093//1089
f 837//833 1094//1090 838//834
f 837//833 1093//1089 1094//1090
f 838//834 1095//1091 839//835
f 838//834 1094//1090 1095//1091
f 839//835 1096//1092 840//836
f 839//835 1095//1091 1096//1092
f 840//836 1097//1093 841//837
f 840//836 1096//1092 1097//1093
f 841//837 1098//1094 842//838
f 841//837 1097//1093 1098//1094
f 842//838 1099//1095 843//839
f 842//838 1098//1094 1099//1095
f 843//839 1100//1096 844//840
f 843//839 1099//1095 1100//1096
f 844//840 1101//1097 845//841
f 844//840 1100//1096 1101//1097
f 845//841 1102//1098 846//842
f 845//841 1101//1097 1102//1098
f 846//842 1103//1099 847//843
f 846//842 1102//1098 1103//1099
f 847//843 1104//1100 848//844
f 847//843 1103//1099 1104//1100
f 848//844 1105//1101 849//845
f 848//844 1104//1100 1105//1101
f 849//845 1106//1102 850//846
f 849//845 1105//1101 1106//1102
f 850//846 1107//1103 851//847
f 850//846 1106//1102 1107//1103
f 851//847 1108//1104 852//848
f 851//847 1107//1103 1108//1104
f 852//848 1109//1105 853//849
f 852//848 1108//1104 1109//1105
f 853//849 1110//1106 854//850
f 853//849 1109//1105 1110//1106
f 854//850 1111//1107 855//851
f 854//850 1110//1106 1111//1107
f 855//851 1112//1108 856//852
f 855//851 1111//1107 1112//1108
f 856//852 1113//1109 857//853
f 856//852 1112//1108 1113//1109
f 857//853 1114//1110 858//854
f 857//853 1113//1109 1114//1110
f 858//854 1115//1111 859//855
f 858//854 1114//1110 1115//1111
f 859//855 1116//1112 860//856
f 859//855 1115//1111 1116//1112
f 860//856 1117//1113 861//857
f 860//856 1116//1112 1117//1113
f 861//857 1118//1114 862//858
f 861//857 1117//1113 1118//1114
f 862//858 1119//1115 863//859
f 862//858 1118//1114 1119//1115
f 863//859 1120//1116 864//860
f 863//859 1119//1115 1120//1116
f 864//860 1121//1117 865//861
f 864//860 1120//1116 1121//1117
f 865//861 1122//1118 866//862
f 865//861 1121//1117 1122//1118
f 866//862 1123//1119 867//863
f 866//862 1122//1118 1123//1119
f 867//863 1124//1120 868//864
f 867//863 1123//1119 1124//1120
f 868//864 1125//1121 869//865
f 868//864 1124//1120 1125//1121
f 869//865 1126//1122 870//866
f 869//865 1125//1121 1126//1122
f 870//866 1127//1123 871//867
f 870//866 1126//1122 1127//1123
f 871//867 1128//1124 872//868
f 871//867 1127//1123 1128//1124
f 872//868 1129//1125 873//869
f 872//868 1128//1124 1129//1125
f 873//869 1130//1126 874//870
f 873//869 1129//1125 1130//1126
f 874//870 1131//1127 875//871
f 874//870 1130//1126 1131//1127
f 875//871 1132//1128 876//872
f 875//871 1131//1127 1132//1128
f 876//872 1133//1129 877//873
f 876//872 1132//1128 1133//1129
f 877//873 1134//1130 878//874
f 877//873 1133//1129 1134//1130
f 878//874 1135//1131 879//875
f 878//874 1134//1130 1135//1131
f 879//875 1136//1132 880//876
f 879//875 1135//1131 1136//1132
f 880//876 1137//1133 881//877
f 880//876 1136//1132 1137//1133
f 881//877 1138//1134 882//878
f 881//877 1137//1133 1138//1134
f 882//878 1139//1135 883//879
f 882//878 1138//1134 1139//1135
f 883//879 1140//1136 884//880
f 883//879 1139//1135 1140//1136
f 884//880 1141//1137 885//881
f 884//880 1140//1136 1141//1137
f 885//881 1142//1138 886//882
f 885//881 1141//1137 1142//1138
f 886//882 1143//1139 887//883
f 886//882 1142//1138 1143//1139
f 887//883 1144//1140 888//884
f 887//883 1143//1139 1144//1140
f 888//884 1145//1141 889//885
f 888//884 1144//1140 1145//1141
f 889//885 1146//1142 890//886
f 889//885 1145//1141 1146//1142
f 890//886 1147//1143 891//887
f 890//886 1146//1142 1147//1143
f 891//887 1148//1144 892//888
f 891//887 1147//1143 1148//1144
f 892//888 1149//1145 893//889
f 892//888 1148//1144 1149//1145
f 893//889 1150//1146 894//890
f 893//889 1149//1145 1150//1146
f 894//890 1151//1147 895//891
f 894//890 1150//1146 1151//1147
f 895//891 1152//1148 896//892
f 895//891 1151//1147 1152//1148
f 896//892 1153//1149 897//893
f 896//892 1152//1148 1153//1149
f 897//893 1154//1150 898//894
f 897//893 1153//1149 1154//1150
f 898//894 1155//1151 899//895
f 898//894 1154//1150 1155//1151
f 899//895 1156//1152 900//896
f 899//895 1155//1151 1156//1152
f 900//896 1157//1153 901//897
f 900//896 1156//1152 1157//1153
f 901//897 1158//1154 902//898
f 901//897 1157//1153 1158//1154
f 902//898 1159//1155 903//899
f 902//898 1158//1154 1159//1155
f 903//899 1160//1156 904//900
f 903//899 1159//1155 1160//1156
f 904//900 1161//1157 905//901
f 904//900 1160//1156 1161//1157
f 905//901 1162//1158 906//902
f 905//901 1161//1157 1162//1158
f 906//902 1163//1159 907//903
f 906//902 1162//1158 1163//1159
f 907//903 1164//1160 908//904
f 907//903 1163//1159 1164//1160
f 908//904 1165//1161 909//905
f 908//904 1164//1160 1165//1161
f 909//905 1166//1162 910//906
f 909//905 1165//1161 1166//1162
f 910//906 1167//1163 911//907
f 910//906 1166//1162 1167//1163
f 911//907 1168//1164 912//908
f 911//907 1167//1163 1168//1164
f 912//908 1169//1165 913//909
f 912//908 1168//1164 1169//1165
f 913//909 1170//1166 914//910
f 913//909 1169//1165 1170//1166
f 914//910 1171//1167 915//911
f 914//910 1170//1166 1171//1167
f 915//911 1172//1168 916//912
f 915//911 1171//1167 1172//1168
f 916//912 1173//1169 917//913
f 916//912 1172//1168 1173//1169
f 917//913 1174//1170 918//914
f 917//913 1173//1169 1174//1170
f 918//914 1175//1171 919//915
f 918//914 1174//1170 1175//1171
f 919//915 1176//1172 920//916
f 919//915 1175//1171 1176//1172
f 920//916 1177//1173 921//917
f 920//916 1176//1172 1177//1173
f 921//917 1178//1174 922//918
f 921//917 1177//1173 1178//1174
f 922//918 1179//1175 923//919
f 922//918 1178//1174 1179//1175
f 923//919 1180//1176 924//920
f 923//919 1179//1175 1180//1176
f 924//920 1181//1177 925//921
f 924//920 1180//1176 1181//1177
f 925//921 1182//1178 926//922
f 925//921 1181//1177 1182//1178
f 926//922 1183//1179 927//923
f 926//922 1182//1178 1183//1179
f 927//923 1184//1180 928//924
f 927//923 1183//1179 1184//1180
f 928//924 1185//1181 929//925
f 928//924 1184//1180 1185//1181
f 929//925 1186//1182 930//926
f 929//925 1185//1181 1186//1182
f 930//926 1187//1183 931//927
f 930//926 1186//1182 1187//1183
f 931//927 1188//1184 932//928
f 931//927 1187//1183 1188//1184
f 932//928 1189//1185 933//929
f 932//928 1188//1184 1189//1185
f 933//929 1190//1186 934//930
f 933//929 1189//1185 1190//1186
f 934//930 1191//1187 935//931
f 934//930 1190//1186 1191//1187
f 935//931 1192//1188 936//932
f 935//931 1191//1187 1192//1188
f 936//932 1193//1189 937//933
f 936//932 1192//1188 1193//1189
f 937//933 1194//1190 938//934
f 937//933 1193//1189 1194//1190
f 938//934 1195//1191 939//935
f 938//934 1194//1190 1195//1191
f 939//935 1196//1192 940//936
f 939//935 1195//1191 1196//1192
f 940//936 1197//1193 941//937
f 940//936 1196//1192 1197//1193
f 941//937 1198//1194 942//938
f 941//937 1197//1193 1198//1194
f 942//938 1199//1195 943//939
f 942//938 1198//1194 1199//1195
f 943//939 1200//1196 944//940
f 943//939 1199//1195 1200//1196
f 944//940 1201//1197 945//941
f 944//940 1200//1196 1201//1197
f 945//941 1202//1198 946//942
f 945//941 1201//1197 1202//1198
f 946//942 1203//1199 947//943
f 946//942 1202//1198 1203//1199
f 947//943 1204//1200 948//944
f 947//943 1203//1199 1204//1200
f 948//944 1205//1201 949//945
f 948//944 1204//1200 1205//1201
f 949//945 1206//1202 950//946
f 949//945 1205//1201 1206//1202
f 950//946 1207//1203 951//947
f 950//946 1206//1202 1207//1203
f 951//947 1208//1204 952//948
f 951//947 1207//1203 1208//1204
f 952//948 1209//1205 953//949
f 952//948 1208//1204 1209//1205
f 953//949 1210//1206 954//950
f 953//949 1209//1205 1210//1206
f 954//950 1211//1207 955//951
f 954//950 1210//1206 1211//1207
f 955//951 1212//1208 956//952
f 955//951 1211//1207 1212//1208
f 956//952 1213//1209 957//953
f 956//952 1212//1208 1213//1209
f 957//953 1214//1210 958//954
f 957//953 1213//1209 1214//1210
f 958//954 1215//1211 959//955
f 958//954 1214//1210 1215//1211
f 959//955 1216//1212 960//956
f 959//955 1215//1211 1216//1212
f 960//956 1217//1213 961//957
f 960//956 1216//1212 1217//1213
f 961//957 1218//1214 962//958
f 961//957 1217//1213 1218//1214
f 962//958 1219//1215 963//959
f 962//958 1218//1214 1219//1215
f 963//959 1220//1216 964//960
f 963//959 1219//1215 1220//1216
f 964//960 1221//1217 965//961
f 964//960 1220//1216 1221//1217
f 965//961 1222//1218 966//962
f 965//961 1221//1217 1222//1218
f 966//962 1223//1219 967//963
f 966//962 1222//1218 1223//1219
f 967//963 1224//1220 968//964
f 967//963 1223//1219 1224//1220
f 968//964 1225//1221 969//965
f 968//964 1224//1220 1225//1221
f 969//965 1226//1222 970//966
f 969//965 1225//1221 1226//1222
f 970//966 1227//1223 971//967
f 970//966 1226//1222 1227//1223
f 971//967 1228//1224 972//968
f 971//967 1227//1223 1228//1224
f 972//968 1229//1225 973//969
f 972//968 1228//1224 1229//1225
f 973//969 1230//1226 974//970
f 973//969 1229//1225 1230//1226
f 974//970 1231//1227 975//971
f 974//970 1230//1226 1231//1227
f 975//971 1232//1228 976//972
f 975//971 1231//1227 1232//1228
f 976//972 1233//1229 977//973
f 976//972 1232//1228 1233//1229
f 977//973 1234//1230 978//974
f 977//973 1233//1229 1234//1230
f 978//974 1235//1231 979//975
f 978//974 1234//1230 1235//1231
f 979//975 1236//1232 980//976
f 979//975 1235//1231 1236//1232
f 980//976 1237//1233 981//977
f 980//976 1236//1232 1237//1233
f 981//977 1238//1234 982//978
f 981//977 1237//1233 1238//1234
f 982//978 1239//1235 983//979
f 982//978 1238//1234 1239//1235
f 983//979 1240//1236 984//980
f 983//979 1239//1235 1240//1236
f 984//980 1241//1237 985//981
f 984//980 1240//1236 1241//1237
f 985//981 1242//1238 986//982
f 985//981 1241//1237 1242//1238
f 986//982 1243//1239 987//983
f 986//982 1242//1238 1243//1239
f 987//983 1244//1240 988//984
f 987//983 1243//1239 1244//1240
f 988//984 1245//1241 989//985
f 988//984 1244//1240 1245//1241
f 989//985 1246//1242 990//986
f 989//985 1245//1241 1246//1242
f 990//986 1247//1243 991//987
f 990//986 1246//1242 1247//1243
f 991//987 1248//1244 992//988
f 991//987 1247//1243 1248//1244
f 992//988 1249//1245 993//989
f 992//988 1248//1244 1249//1245
f 993//989 1250//1246 994//990
f 993//989 1249//1245 1250//1246
f 994//990 1251//1247 995//991
f 994//990 1250//1246 1251//1247
f 995//991 1252//1248 996//992
f 995//991 1251//1247 1252//1248
f 996//992 1253//1249 997//993
f 996//992 1252//1248 1253//1249
f 997//993 1254//1250 998//994
f 997//993 1253//1249 1254//1250
f 998//994 1255//1251 999//995
f 998//994 1254//1250 1255//1251
f 999//995 1256//1252 1000//996
f 999//995 1255//1251 1256//1252
f 1000//996 1257//1253 1001//997
f 1000//996 1256//1252 1257//1253
f 1001//997 1258//1254 1002//998
f 1001//997 1257//1253 1258//1254
f 1002//998 1259//1255 1003//999
f 1002//998 1258//1254 1259//1255
f 1003//999 1260//1256 1004//1000
f 1003//999 1259//1255 1260//1256
f 1004//1000 1261//1257 1005//1001
f 1004//1000 1260//1256 1261//1257
f 1005//1001 1262//1258 1006//1002
f 1005//1001 1261//1257 1262//1258
f 1006//1002 1263//1259 1007//1003
f 1006//1002 1262//1258 1263//1259
f 1007//1003 1264//1260 1008//1004
f 1007//1003 1263//1259 1264//1260
f 1008//1004 1265//1261 1009//1005
f 1008//1004 1264//1260 1265//1261
f 1009//1005 1266//1262 1010//1006
f 1009//1005 1265//1261 1266//1262
f 1010//1006 1267//1263 1011//1007
f 1010//1006 1266//1262 1267//1263
f 1011//1007 1268//1264 1012//1008
f 1011//1007 1267//1263 1268//1264
f 1012//1008 1269//1265 1013//1009
f 1012//1008 1268//1264 1269//1265
f 1013//1009 1270//1266 1014//1010
f 1013//1009 1269//1265 1270//1266
f 1014//1010 1271//1267 1015//1011
f 1014//1010 1270//1266 1271//1267
f 1015//1011 1272//1268 1016//1012
f 1015//1011 1271//1267 1272//1268
f 1016//1012 1273//1269 1017//1013
f 1016//1012 1272//1268 1273//1269
f 1017//1013 1274//1270 1018//1014
f 1017//1013 1273//1269 1274//1270
f 1018//1014 1275//1271 1019//1015
f 1018//1014 1274//1270 1275//1271
f 1019//1015 1276//1272 1020//1016
f 1019//1015 1275//1271 1276//1272
f 1020//1016 1277//1273 1021//1017
f 1020//1016 1276//1272 1277//1273
f 1021//1017 1278//1274 1022//1018
f 1021//1017 1277//1273 1278//1274
f 1022//1018 1279//1275 1023//1019
f 1022//1018 1278//1274 1279//1275
f 1023//1019 1280//1276 1024//1020
f 1023//1019 1279//1275 1280//1276
f 1024//1020 1025//1022 769//766
f 1024//1020 1280//1276 1025//1022
f 1025//1022 1282//1277 1026//1021
f 1025//1022 1281//1278 1282//1277
f 1026//1021 1283//1279 1027//1023
f 1026//1021 1282//1277 1283//1279
f 1027//1023 1284//1280 1028//1024
f 1027//1023 1283//1279 1284//1280
f 1028//1024 1285//1281 1029//1025
f 1028//1024 1284//1280 1285//1281
f 1029//1025 1286//1282 1030//1026
f 1029//1025 1285//1281 1286//1282
f 1030//1026 1287//1283 1031//1027
f 1030//1026 1286//1282 1287//1283
f 1031//1027 1288//1284 1032//1028
f 1031//1027 1287//1283 1288//1284
f 1032//1028 1289//1285 1033//1029
f 1032//1028 1288//1284 1289//1285
f 1033//1029 1290//1286 1034//1030
f 1033//1029 1289//1285 1290//1286
f 1034//1030 1291//1287 1035//1031
f 1034//1030 1290//1286 1291//1287
f 1035//1031 1292//1288 1036//1032
f 1035//1031 1291//1287 1292//1288
f 1036//1032 1293//1289 1037//1033
f 1036//1032 1292//1288 1293//1289
f 1037//1033 1294//1290 1038//1034
f 1037//1033 1293//1289 1294//1290
f 1038//1034 1295//1291 1039//1035
f 1038//1034 1294//1290 1295//1291
f 1039//1035 1296//1292 1040//1036
f 1039//1035 1295//1291 1296//1292
f 1040//1036 1297//1293 1041//1037
f 1040//1036 1296//1292 1297//1293
f 1041//1037 1298//1294 1042//1038
f 1041//1037 1297//1293 1298//1294
f 1042//1038 1299//1295 1043//1039
f 1042//1038 1298//1294 1299//1295
f 1043//1039 1300//1296 1044//1040
f 1043//1039 1299//1295 1300//1296
f 1044//1040 1301//1297 1045//1041
f 1044//1040 1300//1296 1301//1297
f 1045//1041 1302//1298 1046//1042
f 1045//1041 1301//1297 1302//1298
f 1046//1042 1303//1299 1047//1043
f 1046//1042 1302//1298 1303//1299
f 1047//1043 1304//1300 1048//1044
f 1047//1043 1303//1299 1304//1300
f 1048//1044 1305//1301 1049//1045
f 1048//1044 1304//1300 1305//1301
f 1049//1045 1306//1302 1050//1046
f 1049//1045 1305//1301 1306//1302
f 1050//1046 1307//1303 1051//1047
f 1050//1046 1306//1302 1307//1303
f 1051//1047 1308//1304 1052//1048
f 1051//1047 1307//1303 1308//1304
f 1052//1048 1309//1305 1053//1049
f 1052//1048 1308//1304 1309//1305
f 1053//1049 1310//1306 1054//1050
f 1053//1049 1309//1305 1310//1306
f 1054//1050 1311//1307 1055//1051
f 1054//1050 1310//1306 1311//1307
f 1055//1051 1312//1308 1056//1052
f 1055//1051 1311//1307 1312//1308
f 1056//1052 1313//1309 1057//1053
f 1056//1052 1312//1308 1313//1309
f 1057//1053 1314//1310 1058//1054
f 1057//1053 1313//1309 1314//1310
f 1058//1054 1315//1311 1059//1055
f 1058//1054 1314//1310 1315//1311
f 1059//1055 1316//1312 1060//1056
f 1059//1055 1315//1311 1316//1312
f 1060//1056 1317//1313 1061//1057
f 1060//1056 1316//1312 1317//1313
f 1061//1057 1318//1314 1062//1058
f 1061//1057 1317//1313 1318//1314
f 1062//1058 1319//1315 1063//1059
f 1062//1058 1318//1314 1319//1315
f 1063//1059 1320//1316 1064//1060
f 1063//1059 1319//1315 1320//1316
f 1064//1060 1321//1317 1065//1061
f 1064//1060 1320//1316 1321//1317
f 1065//1061 1322//1318 1066//1062
f 1065//1061 1321//1317 1322//1318
f 1066//1062 1323//1319 1067//1063
f 1066//1062 1322//1318 1323//1319
f 1067//1063 1324//1320 1068//1064
f 1067//1063 1323//1319 1324//1320
f 1068//1064 1325//1321 1069//1065
f 1068//1064 1324//1320 1325//1321
f 1069//1065 1326//1322 1070//1066
f 1069//1065 1325//1321 1326//1322
f 1070//1066 1327//1323 1071//1067
f 1070//1066 1326//1322 1327//1323
f 1071//1067 1328//1324 1072//1068
f 1071//1067 1327//1323 1328//1324
f 1072//1068 1329//1325 1073//1069
f 1072//1068 1328//1324 1329//1325
f 1073//1069 1330//1326 1074//1070
f 1073//1069 1329//1325 1330//1326
f 1074//1070 1331//1327 1075//1071
f 1074//1070 1330//1326 1331//1327
f 1075//1071 1332//1328 1076//1072
f 1075//1071 1331//1327 1332//1328
f 1076//1072 1333//1329 1077//1073
f 1076//1072 1332//1328 1333//1329
f 1077//1073 1334//1330 1078//1074
f 1077//1073 1333//1329 1334//1330
f 1078//1074 1335//1331 1079//1075
f 1078//1074 1334//1330 1335//1331
f 1079//1075 1336//1332 1080//1076
f 1079//1075 1335//1331 1336//1332
f 1080//1076 1337//1333 1081//1077
f 1080//1076 1336//1332 1337//1333
f 1081//1077 1338//1334 1082//1078
f 1081//1077 1337//1333 1338//1334
f 1082//1078 1339//1335 1083//1079
f 1082//1078 1338//1334 1339//1335
f 1083//1079 1340//1336 1084//1080
f 1083//1079 1339//1335 1340//1336
f 1084//1080 1341//1337 1085//1081
f 1084//1080 1340//1336 1341//1337
f 1085//1081 1342//1338 1086//1082
f 1085//1081 1341//1337 1342//1338
f 1086//1082 1343//1339 1087//1083
f 1086//1082 1342//1338 1343//1339
f 1087//1083 1344//1340 1088//1084
f 1087//1083 1343//1339 1344//1340
f 1088//1084 1345//1341 1089//1085
f 1088//1084 1344//1340 1345//1341
f 1089//1085 1346//1342 1090//1086
f 1089//1085 1345//1341 1346//1342
f 1090//1086 1347//1343 1091//1087
f 1090//1086 1346//1342 1347//1343
f 1091//1087 1348//1344 1092//1088
f 1091//1087 1347//1343 1348//1344
f 1092//1088 1349//1345 1093//1089
f 1092//1088 1348//1344 1349//1345
f 1093//1089 1350//1346 1094//1090
f 1093//1089 1349//1345 1350//1346
f 1094//1090 1351//1347 1095//1091
f 1094//1090 1350//1346 1351//1347
f 1095//1091 1352//1348 1096//1092
f 1095//1091 1351//1347 1352//1348
f 1096//1092 1353//1349 1097//1093
f 1096//1092 1352//1348 1353//1349
f 1097//1093 1354//1350 1098//1094
f 1097//1093 1353//1349 1354//1350
f 1098//1094 1355//1351 1099//1095
f 1098//1094 1354//1350 1355//1351
f 1099//1095 1356//1352 1100//1096
f 1099//1095 1355//1351 1356//1352
f 1100//1096 1357//1353 1101//1097
f 1100//1096 1356//1352 1357//1353
f 1101//1097 1358//1354 1102//1098
f 1101//1097 1357//1353 1358//1354
f 1102//1098 1359//1355 1103//1099
f 1102//1098 1358//1354 1359//1355
f 1103//1099 1360//1356 1104//1100
f 1103//1099 1359//1355 1360//1356
f 1104//1100 1361//1357 1105//1101
f 1104//1100 1360//1356 1361//1357
f 1105//1101 1362//1358 1106//1102
f 1105//1101 1361//1357 1362//1358
f 1106//1102 1363//1359 1107//1103
f 1106//1102 1362//1358 1363//1359
f 1107//1103 1364//1360 1108//1104
f 1107//1103 1363//1359 1364//1360
f 1108//1104 1365//1361 1109//1105
f 1108//1104 1364//1360 1365//1361
f 1109//1105 1366//1362 1110//1106
f 1109//1105 1365//1361 1366//1362
f 1110//1106 1367//1363 1111//1107
f 1110//1106 1366//1362 1367//1363
f 1111//1107 1368//1364 1112//1108
f 1111//1107 1367//1363 1368//1364
f 1112//1108 1369//1365 1113//1109
f 1112//1108 1368//1364 1369//1365
f 1113//1109 1370//1366 1114//1110
f 1113//1109 1369//1365 1370//1366
f 1114//1110 1371//1367 1115//1111
f 1114//1110 1370//1366 1371//1367
f 1115//1111 1372//1368 1116//1112
f 1115//1111 1371//1367 1372//1368
f 1116//1112 1373//1369 1117//1113
f 1116//1112 1372//1368 1373//1369
f 1117//1113 1374//1370 1118//1114
f 1117//1113 1373//1369 1374//1370
f 1118//1114 1375//1371 1119//1115
f 1118//1114 1374//1370 1375//1371
f 1119//1115 1376//1372 1120//1116
f 1119//1115 1375//1371 1376//1372
f 1120//1116 1377//1373 1121//1117
f 1120//1116 1376//1372 1377//1373
f 1121//1117 1378//1374 1122//1118
f 1121//1117 1377//1373 1378//1374
f 1122//1118 1379//1375 1123//1119
f 1122//1118 1378//1374 1379//1375
f 1123//1119 1380//1376 1124//1120
f 1123//1119 1379//1375 1380//1376
f 1124//1120 1381//1377 1125//1121
f 1124//1120 1380//1376 1381//1377
f 1125//1121 1382//1378 1126//1122
f 1125//1121 1381//1377 1382//1378
f 1126//1122 1383//1379 1127//1123
f 1126//1122 1382//1378 1383//1379
f 1127//1123 1384//1380 1128//1124
f 1127//1123 1383//1379 1384//1380
f 1128//1124 1385//1381 1129//1125
f 1128//1124 1384//1380 1385//1381
f 1129//1125 1386//1382 1130//1126
f 1129//1125 1385//1381 1386//1382
f 1130//1126 1387//1383 1131//1127
f 1130//1126 1386//1382 1387//1383
f 1131//1127 1388//1384 1132//1128
f 1131//1127 1387//1383 1388//1384
f 1132//1128 1389//1385 1133//1129
f 1132//1128 1388//1384 1389//1385
f 1133//1129 1390//1386 1134//1130
f 1133//1129 1389//1385 1390//1386
f 1134//1130 1391//1387 1135//1131
f 1134//1130 1390//1386 1391//1387
f 1135//1131 1392//1388 1136//1132
f 1135//1131 1391//1387 1392//1388
f 1136//1132 1393//1389 1137//1133
f 1136//1132 1392//1388 1393//1389
f 1137//1133 1394//1390 1138//1134
f 1137//1133 1393//1389 1394//1390
f 1138//1134 1395//1391 1139//1135
f 1138//1134 1394//1390 1395//1391
f 1139//1135 1396//1392 1140//1136
f 1139//1135 1395//1391 1396//1392
f 1140//1136 1397//1393 1141//1137
f 1140//1136 1396//1392 1397//1393
f 1141//1137 1398//1394 1142//1138
f 1141//1137 1397//1393 1398//1394
f 1142//1138 1399//1395 1143//1139
f 1142//1138 1398//1394 1399//1395
f 1143//1139 1400//1396 1144//1140
f 1143//1139 1399//1395 1400//1396
f 1144//1140 1401//1397 1145//1141
f 1144//1140 1400//1396 1401//1397
f 1145//1141 1402//1398 1146//1142
f 1145//1141 1401//1397 1402//1398
f 1146//1142 1403//1399 1147//1143
f 1146//1142 1402//1398 1403//1399
f 1147//1143 1404//1400 1148//1144
f 1147//1143 1403//1399 1404//1400
f 1148//1144 1405//1401 1149//1145
f 1148//1144 1404//1400 1405//1401
f 1149//1145 1406//1402 1150//1146
f 1149//1145 1405//1401 1406//1402
f 1150//1146 1407//1403 1151//1147
f 1150//1146 1406//1402 1407//1403
f 1151//1147 1408//1404 1152//1148
f 1151//1147 1407//1403 1408//1404
f 1152//1148 1409//1405 1153//1149
f 1152//1148 1408//1404 1409//1405
f 1153//1149 1410//1406 1154//1150
f 1153//1149 1409//1405 1410//1406
f 1154//1150 1411//1407 1155//1151
f 1154//1150 1410//1406 1411//1407
f 1155//1151 1412//1408 1156//1152
f 1155//1151 1411//1407 1412//1408
f 1156//1152 1413//1409 1157//1153
f 1156//1152 1412//1408 1413//1409
f 1157//1153 1414//1410 1158//1154
f 1157//1153 1413//1409 1414//1410
f 1158//1154 1415//1411 1159//1155
f 1158//1154 1414//1410 1415//1411
f 1159//1155 1416//1412 1160//1156
f 1159//1155 1415//1411 1416//1412
f 1160//1156 1417//1413 1161//1157
f 1160//1156 1416//1412 1417//1413
f 1161//1157 1418//1414 1162//1158
f 1161//1157 1417//1413 1418//1414
f 1162//1158 1419//1415 1163//1159
f 1162//1158 1418//1414 1419//1415
f 1163//1159 1420//1416 1164//1160
f 1163//1159 1419//1415 1420//1416
f 1164//1160 1421//1417 1165//1161
f 1164//1160 1420//1416 1421//1417
f 1165//1161 1422//1418 1166//1162
f 1165//1161 1421//1417 1422//1418
f 1166//1162 1423//1419 1167//1163
f 1166//1162 1422//1418 1423//1419
f 1167//1163 1424//1420 1168//1164
f 1167//1163 1423//1419 1424//1420
f 1168//1164 1425//1421 1169//1165
f 1168//1164 1424//1420 1425//1421
f 1169//1165 1426//1422 1170//1166
f 1169//1165 1425//1421 1426//1422
f 1170//1166 1427//1423 1171//1167
f 1170//1166 1426//1422 1427//1423
f 1171//1167 1428//1424 1172//1168
f 1171//1167 1427//1423 1428//1424
f 1172//1168 1429//1425 1173//1169
f 1172//1168 1428//1424 1429//1425
f 1173//1169 1430//1426 1174//1170
f 1173//1169 1429//1425 1430//1426
f 1174//1170 1431//1427 1175//1171
f 1174//1170 1430//1426 1431//1427
f 1175//1171 1432//1428 1176//1172
f 1175//1171 1431//1427 1432//1428
f 1176//1172 1433//1429 1177//1173
f 1176//1172 1432//1428 1433//1429
f 1177//1173 1434//1430 1178//1174
f 1177//1173 1433//1429 1434//1430
f 1178//1174 1435//1431 1179//1175
f 1178//1174 1434//1430 1435//1431
f 1179//1175 1436//1432 1180//1176
f 1179//1175 1435//1431 1436//1432
f 1180//1176 1437//1433 1181//1177
f 1180//1176 1436//1432 1437//1433
f 1181//1177 1438//1434 1182//1178
f 1181//1177 1437//1433 1438//1434
f 1182//1178 1439//1435 1183//1179
f 1182//1178 1438//1434 1439//1435
f 1183//1179 1440//1436 1184//1180
f 1183//1179 1439//1435 1440//1436
f 1184//1180 1441//1437 1185//1181
f 1184//1180 1440//1436 1441//1437
f 1185//1181 1442//1438 1186//1182
f 1185//1181 1441//1437 1442//1438
f 1186//1182 1443//1439 1187//1183
f 1186//1182 1442//1438 1443//1439
f 1187//1183 1444//1440 1188//1184
f 1187//1183 1443//1439 1444//1440
f 1188//1184 1445//1441 1189//1185
f 1188//1184 1444//1440 1445//1441
f 1189//1185 1446//1442 1190//1186
f 1189//1185 1445//1441 1446//1442
f 1190//1186 1447//1443 1191//1187
f 1190//1186 1446//1442 1447//1443
f 1191//1187 1448//1444 1192//1188
f 1191//1187 1447//1443 1448//1444
f 1192//1188 1449//1445 1193//1189
f 1192//1188 1448//1444 1449//1445
f 1193//1189 1450//1446 1194//1190
f 1193//1189 1449//1445 1450//1446
f 1194//1190 1451//1447 1195//1191
f 1194//1190 1450//1446 1451//1447
f 1195//1191 1452//1448 1196//1192
f 1195//1191 1451//1447 1452//1448
f 1196//1192 1453//1449 1197//1193
f 1196//1192 1452//1448 1453//1449
f 1197//1193 1454//1450 1198//1194
f 1197//1193 1453//1449 1454//1450
f 1198//1194 1455//1451 1199//1195
f 1198//1194 1454//1450 1455//1451
f 1199//1195 1456//1452 1200//1196
f 1199//1195 1455//1451 1456//1452
f 1200//1196 1457//1453 1201//1197
f 1200//1196 1456//1452 1457//1453
f 1201//1197 1458//1454 1202//1198
f 1201//1197 1457//1453 1458//1454
f 1202//1198 1459//1455 1203//1199
f 1202//1198 1458//1454 1459//1455
f 1203//1199 1460//1456 1204//1200
f 1203//1199 1459//1455 1460//1456
f 1204//1200 1461//1457 1205//1201
f 1204//1200 1460//1456 1461//1457
f 1205//1201 1462//1458 1206//1202
f 1205//1201 1461//1457 1462//1458
f 1206//1202 1463//1459 1207//1203
f 1206//1202 1462//1458 1463//1459
f 1207//1203 1464//1460 1208//1204
f 1207//1203 1463//1459 1464//1460
f 1208//1204 1465//1461 1209//1205
f 1208//1204 1464//1460 1465//1461
f 1209//1205 1466//1462 1210//1206
f 1209//1205 1465//1461 1466//1462
f 1210//1206 1467//1463 1211//1207
f 1210//1206 1466//1462 1467//1463
f 1211//1207 1468//1464 1212//1208
f 1211//1207 1467//1463 1468//1464
f 1212//1208 1469//1465 1213//1209
f 1212//1208 1468//1464 1469//1465
f 1213//1209 1470//1466 1214//1210
f 1213//1209 1469//1465 1470//1466
f 1214//1210 1471//1467 1215//1211
f 1214//1210 1470//1466 1471//1467
f 1215//1211 1472//1468 1216//1212
f 1215//1211 1471//1467 1472//1468
f 1216//1212 1473//1469 1217//1213
f 1216//1212 1472//1468 1473//1469
f 1217//1213 1474//1470 1218//1214
f 1217//1213 1473//1469 1474//1470
f 1218//1214 1475//1471 1219//1215
f 1218//1214 1474//1470 1475//1471
f 1219//1215 1476//1472 1220//1216
f 1219//1215 1475//1471 1476//1472
f 1220//1216 1477//1473 1221//1217
f 1220//1216 1476//1472 1477//1473
f 1221//1217 1478//1474 1222//1218
f 1221//1217 1477//1473 1478//1474
f 1222//1218 1479//1475 1223//1219
f 1222//1218 1478//1474 1479//1475
f 1223//1219 1480//1476 1224//1220
f 1223//1219 1479//1475 1480//1476
f 1224//1220 1481//1477 1225//1221
f 1224//1220 1480//1476 1481//1477
f 1225//1221 1482//1478 1226//1222
f 1225//1221 1481//1477 1482//1478
f 1226//1222 1483//1479 1227//1223
f 1226//1222 1482//1478 1483//1479
f 1227//1223 1484//1480 1228//1224
f 1227//1223 1483//1479 1484//1480
f 1228//1224 1485//1481 1229//1225
f 1228//1224 1484//1480 1485//1481
f 1229//1225 1486//1482 1230//1226
f 1229//1225 1485//1481 1486//1482
f 1230//1226 1487//1483 1231//1227
f 1230//1226 1486//1482 1487//1483
f 1231//1227 1488//1484 1232//1228
f 1231//1227 1487//1483 1488//1484
f 1232//1228 1489//1485 1233//1229
f 1232//1228 1488//1484 1489//1485
f 1233//1229 1490//1486 1234//1230
f 1233//1229 1489//1485 1490//1486
f 1234//1230 1491//1487 1235//1231
f 1234//1230 1490//1486 1491//1487
f 1235//1231 1492//1488 1236//1232
f 1235//1231 1491//1487 1492//1488
f 1236//1232 1493//1489 1237//1233
f 1236//1232 1492//1488 1493//1489
f 1237//1233 1494//1490 1238//1234
f 1237//1233 1493//1489 1494//1490
f 1238//1234 1495//1491 1239//1235
f 1238//1234 1494//1490 1495//1491
f 1239//1235 1496//1492 1240//1236
f 1239//1235 1495//1491 1496//1492
f 1240//1236 1497//1493 1241//1237
f 1240//1236 1496//1492 1497//1493
f 1241//1237 1498//1494 1242//1238
f 1241//1237 1497//1493 1498//1494
f 1242//1238 1499//1495 1243//1239
f 1242//1238 1498//1494 1499//1495
f 1243//1239 1500//1496 1244//1240
f 1243//1239 1499//1495 1500//1496
f 1244//1240 1501//1497 1245//1241
f 1244//1240 1500//1496 1501//1497
f 1245//1241 1502//1498 1246//1242
f 1245//1241 1501//1497 1502//1498
f 1246//1242 1503//1499 1247//1243
f 1246//1242 1502//1498 1503//1499
f 1247//1243 1504//1500 1248//1244
f 1247//1243 1503//1499 1504//1500
f 1248//1244 1505//1501 1249//1245
f 1248//1244 1504//1500 1505//1501
f 1249//1245 1506//1502 1250//1246
f 1249//1245 1505//1501 1506//1502
f 1250//1246 1507//1503 1251//1247
f 1250//1246 1506//1502 1507//1503
f 1251//1247 1508//1504 1252//1248
f 1251//1247 1507//1503 1508//1504
f 1252//1248 1509//1505 1253//1249
f 1252//1248 1508//1504 1509//1505
f 1253//1249 1510//1506 1254//1250
f 1253//1249 1509//1505 1510//1506
f 1254//1250 1511//1507 1255//1251
f 1254//1250 1510//1506 1511//1507
f 1255//1251 1512//1508 1256//1252
f 1255//1251 1511//1507 1512//1508
f 1256//1252 1513//1509 1257//1253
f 1256//1252 1512//1508 1513//1509
f 1257//1253 1514//1510 1258//1254
f 1257//1253 1513//1509 1514//1510
f 1258//1254 1515//1511 1259//1255
f 1258//1254 1514//1510 1515//1511
f 1259//1255 1516//1512 1260//1256
f 1259//1255 1515//1511 1516//1512
f 1260//1256 1517//1513 1261//1257
f 1260//1256 1516//1512 1517//1513
f 1261//1257 1518//1514 1262//1258
f 1261//1257 1517//1513 1518//1514
f 1262//1258 1519//1515 1263//1259
f 1262//1258 1518//1514 1519//1515
f 1263//1259 1520//1516 1264//1260
f 1263//1259 1519//1515 1520//1516
f 1264//1260 1521//1517 1265//1261
f 1264//1260 1520//1516 1521//1517
f 1265//1261 1522//1518 1266//1262
f 1265//1261 1521//1517 1522//1518
f 1266//1262 1523//1519 1267//1263
f 1266//1262 1522//1518 1523//1519
f 1267//1263 1524//1520 1268//1264
f 1267//1263 1523//1519 1524//1520
f 1268//1264 1525//1521 1269//1265
f 1268//1264 1524//1520 1525//1521
f 1269//1265 1526//1522 1270//1266
f 1269//1265 1525//1521 1526//1522
f 1270//1266 1527//1523 1271//1267
f 1270//1266 1526//1522 1527//1523
f 1271//1267 1528//1524 1272//1268
f 1271//1267 1527//1523 1528//1524
f 1272//1268 1529//1525 1273//1269
f 1272//1268 1528//1524 1529//1525
f 1273//1269 1530//1526 1274//1270
f 1273//1269 1529//1525 1530//1526
f 1274//1270 1531//1527 1275//1271
f 1274//1270 1530//1526 1531//1527
f 1275//1271 1532//1528 1276//1272
f 1275//1271 1531//1527 1532//1528
f 1276//1272 1533//1529 1277//1273
f 1276//1272 1532//1528 1533//1529
f 1277//1273 1534//1530 1278//1274
f 1277//1273 1533//1529 1534//1530
f 1278//1274 1535//1531 1279//1275
f 1278//1274 1534//1530 1535//1531
f 1279//1275 1536//1532 1280//1276
f 1279//1275 1535//1531 1536//1532
f 1280//1276 1281//1278 1025//1022
f 1280//1276 1536//1532 1281//1278
f 1281//1278 1538//1533 1282//1277
f 1281//1278 1537//1278 1538//1533
f 1282//1277 1539//1534 1283//1279
f 1282//1277 1538//1533 1539//1534
f 1283//1279 1540//1535 1284//1280
f 1283//1279 1539//1534 1540//1535
f 1284//1280 1541//1536 1285//1281
f 1284//1280 1540//1535 1541//1536
f 1285//1281 1542//1537 1286//1282
f 1285//1281 1541//1536 1542//1537
f 1286//1282 1543//1538 1287//1283
f 1286//1282 1542//1537 1543//1538
f 1287//1283 1544//1539 1288//1284
f 1287//1283 1543//1538 1544//1539
f 1288//1284 1545//1540 1289//1285
f 1288//1284 1544//1539 1545//1540
f 1289//1285 1546//1541 1290//1286
f 1289//1285 1545//1540 1546//1541
f 1290//1286 1547//1542 1291//1287
f 1290//1286 1546//1541 1547//1542
f 1291//1287 1548//1543 1292//1288
f 1291//1287 1547//1542 1548//1543
f 1292//1288 1549//1544 1293//1289
f 1292//1288 1548//1543 1549//1544
f 1293//1289 1550//1545 1294//1290
f 1293//1289 1549//1544 1550//1545
f 1294//1290 1551//1546 1295//1291
f 1294//1290 1550//1545 1551//1546
f 1295//1291 1552//1547 1296//1292
f 1295//1291 1551//1546 1552//1547
f 1296//1292 1553//1548 1297//1293
f 1296//1292 1552//1547 1553//1548
f 1297//1293 1554//1549 1298//1294
f 1297//1293 1553//1548 1554//1549
f 1298//1294 1555//1550 1299//1295
f 1298//1294 1554//1549 1555//1550
f 1299//1295 1556//1551 1300//1296
f 1299//1295 1555//1550 1556//1551
f 1300//1296 1557//1552 1301//1297
f 1300//1296 1556//1551 1557//1552
f 1301//1297 1558//1553 1302//1298
f 1301//1297 1557//1552 1558//1553
f 1302//1298 1559//1554 1303//1299
f 1302//1298 1558//1553 1559//1554
f 1303//1299 1560//1555 1304//1300
f 1303//1299 1559//1554 1560//1555
f 1304//1300 1561//1556 1305//1301
f 1304//1300 1560//1555 1561//1556
f 1305//1301 1562//1557 1306//1302
f 1305//1301 1561//1556 1562//1557
f 1306//1302 1563//1558 1307//1303
f 1306//1302 1562//1557 1563//1558
f 1307//1303 1564//1559 1308//1304
f 1307//1303 1563//1558 1564//1559
f 1308//1304 1565//1560 1309//1305
f 1308//1304 1564//1559 1565//1560
f 1309//1305 1566//1561 1310//1306
f 1309//1305 1565//1560 1566//1561
f 1310//1306 1567//1562 1311//1307
f 1310//1306 1566//1561 1567//1562
f 1311//1307 1568//1563 1312//1308
f 1311//1307 1567//1562 1568//1563
f 1312//1308 1569//1564 1313//1309
f 1312//1308 1568//1563 1569//1564
f 1313//1309 1570//1565 1314//1310
f 1313//1309 1569//1564 1570//1565
f 1314//1310 1571//1566 1315//1311
f 1314//1310 1570//1565 1571//1566
f 1315//1311 1572//1567 1316//1312
f 1315//1311 1571//1566 1572//1567
f 1316//1312 1573//1568 1317//1313
f 1316//1312 1572//1567 1573//1568
f 1317//1313 1574//1569 1318//1314
f 1317//1313 1573//1568 1574//1569
f 1318//1314 1575//1570 1319//1315
f 1318//1314 1574//1569 1575//1570
f 1319//1315 1576//1571 1320//1316
f 1319//1315 1575//1570 1576//1571
f 1320//1316 1577//1572 1321//1317
f 1320//1316 1576//1571 1577//1572
f 1321//1317 1578//1573 1322//1318
f 1321//1317 1577//1572 1578//1573
f 1322//1318 1579//1574 1323//1319
f 1322//1318 1578//1573 1579//1574
f 1323//1319 1580//1575 1324//1320
f 1323//1319 1579//1574 1580//1575
f 1324//1320 1581//1576 1325//1321
f 1324//1320 1580//1575 1581//1576
f 1325//1321 1582//1577 1326//1322
f 1325//1321 1581//1576 1582//1577
f 1326//1322 1583//1578 1327//1323
f 1326//1322 1582//1577 1583//1578
f 1327//1323 1584//1579 1328//1324
f 1327//1323 1583//1578 1584//1579
f 1328//1324 1585//1580 1329//1325
f 1328//1324 1584//1579 1585//1580
f 1329//1325 1586//1581 1330//1326
f 1329//1325 1585//1580 1586//1581
f 1330//1326 1587//1582 1331//1327
f 1330//1326 1586//1581 1587//1582
f 1331//1327 1588//1583 1332//1328
f 1331//1327 1587//1582 1588//1583
f 1332//1328 1589//1584 1333//1329
f 1332//1328 1588//1583 1589//1584
f 1333//1329 1590//1585 1334//1330
f 1333//1329 1589//1584 1590//1585
f 1334//1330 1591//1586 1335//1331
f 1334//1330 1590//1585 1591//1586
f 1335//1331 1592//1587 1336//1332
f 1335//1331 1591//1586 1592//1587
f 1336//1332 1593//1588 1337//1333
f 1336//1332 1592//1587 1593//1588
f 1337//1333 1594//1589 1338//1334
f 1337//1333 1593//1588 1594//1589
f 1338//1334 1595//1590 1339//1335
f 1338//1334 1594//1589 1595//1590
f 1339//1335 1596//1591 1340//1336
f 1339//1335 1595//1590 1596//1591
f 1340//1336 1597//1337 1341//1337
f 1340//1336 1596//1591 1597//1337
f 1341//1337 1598//1592 1342//1338
f 1341//1337 1597//1337 1598//1592
f 1342//1338 1599//1339 1343//1339
f 1342//1338 1598//1592 1599//1339
f 1343//1339 1600//1340 1344//1340
f 1343//1339 1599//1339 1600//1340
f 1344//1340 1601//1341 1345//1341
f 1344//1340 1600//1340 1601//1341
f 1345//1341 1602//1342 1346//1342
f 1345//1341 1601//1341 1602//1342
f 1346//1342 1603//1343 1347//1343
f 1346//1342 1602//1342 1603//1343
f 1347//1343 1604//1593 1348//1344
f 1347//1343 1603//1343 1604//1593
f 1348//1344 1605//1594 1349//1345
f 1348//1344 1604//1593 1605//1594
f 1349//1345 1606//1595 1350//1346
f 1349//1345 1605//1594 1606//1595
f 1350//1346 1607//1596 1351//1347
f 1350//1346 1606//1595 1607//1596
f 1351//1347 1608//1597 1352//1348
f 1351//1347 1607//1596 1608//1597
f 1352//1348 1609//1598 1353//1349
f 1352//1348 1608//1597 1609//1598
f 1353//1349 1610//1599 1354//1350
f 1353//1349 1609//1598 1610//1599
f 1354//1350 1611//1600 1355//1351
f 1354//1350 1610//1599 1611//1600
f 1355//1351 1612//1601 1356//1352
f 1355//1351 1611//1600 1612//1601
f 1356//1352 1613//1602 1357//1353
f 1356//1352 1612//1601 1613//1602
f 1357//1353 1614//1603 1358//1354
f 1357//1353 1613//1602 1614//1603
f 1358//1354 1615//1604 1359//1355
f 1358//1354 1614//1603 1615//1604
f 1359//1355 1616//1605 1360//1356
f 1359//1355 1615//1604 1616//1605
f 1360//1356 1617//1606 1361//1357
f 1360//1356 1616//1605 1617//1606
f 1361//1357 1618//1607 1362//1358
f 1361//1357 1617//1606 1618//1607
f 1362//1358 1619//1608 1363//1359
f 1362//1358 1618//1607 1619//1608
f 1363//1359 1620//1609 1364//1360
f 1363//1359 1619//1608 1620//1609
f 1364//1360 1621//1610 1365//1361
f 1364//1360 1620//1609 1621//1610
f 1365//1361 1622//1611 1366//1362
f 1365//1361 1621//1610 1622//1611
f 1366//1362 1623//1612 1367//1363
f 1366//1362 1622//1611 1623//1612
f 1367//1363 1624//1613 1368//1364
f 1367//1363 1623//1612 1624//1613
f 1368//1364 1625//1614 1369//1365
f 1368//1364 1624//1613 1625//1614
f 1369//1365 1626//1615 1370//1366
f 1369//1365 1625//1614 1626//1615
f 1370//1366 1627//1616 1371//1367
f 1370//1366 1626//1615 1627//1616
f 1371//1367 1628//1617 1372//1368
f 1371//1367 1627//1616 1628//1617
f 1372//1368 1629//1618 1373//1369
f 1372//1368 1628//1617 1629//1618
f 1373//1369 1630//1619 1374//1370
f 1373//1369 1629//1618 1630//1619
f 1374//1370 1631//1620 1375//1371
f 1374//1370 1630//1619 1631//1620
f 1375//1371 1632//1621 1376//1372
f 1375//1371 1631//1620 1632//1621
f 1376//1372 1633//1622 1377//1373
f 1376//1372 1632//1621 1633//1622
f 1377//1373 1634//1623 1378//1374
f 1377//1373 1633//1622 1634//1623
f 1378//1374 1635//1624 1379//1375
f 1378//1374 1634//1623 1635//1624
f 1379//1375 1636//1625 1380//1376
f 1379//1375 1635//1624 1636//1625
f 1380//1376 1637//1626 1381//1377
f 1380//1376 1636//1625 1637//1626
f 1381//1377 1638//1627 1382//1378
f 1381//1377 1637//1626 1638//1627
f 1382//1378 1639//1628 1383//1379
f 1382//1378 1638//1627 1639//1628
f 1383//1379 1640//1629 1384//1380
f 1383//1379 1639//1628 1640//1629
f 1384//1380 1641//1630 1385//1381
f 1384//1380 1640//1629 1641//1630
f 1385//1381 1642//1631 1386//1382
f 1385//1381 1641//1630 1642//1631
f 1386//1382 1643//1632 1387//1383
f 1386//1382 1642//1631 1643//1632
f 1387//1383 1644//1633 1388//1384
f 1387//1383 1643//1632 1644//1633
f 1388//1384 1645//1634 1389//1385
f 1388//1384 1644//1633 1645//1634
f 1389//1385 1646//1635 1390//1386
f 1389//1385 1645//1634 1646//1635
f 1390//1386 1647//1636 1391//1387
f 1390//1386 1646//1635 1647//1636
f 1391//1387 1648//1637 1392//1388
f 1391//1387 1647//1636 1648//1637
f 1392//1388 1649//1638 1393//1389
f 1392//1388 1648//1637 1649//1638
f 1393//1389 1650//1639 1394//1390
f 1393//1389 1649//1638 1650//1639
f 1394//1390 1651//1640 1395//1391
f 1394//1390 1650//1639 1651//1640
f 1395//1391 1652//1641 1396//1392
f 1395//1391 1651//1640 1652//1641
f 1396//1392 1653//1642 1397//1393
f 1396//1392 1652//1641 1653//1642
f 1397//1393 1654//1643 1398//1394
f 1397//1393 1653//1642 1654//1643
f 1398//1394 1655//1644 1399//1395
f 1398//1394 1654//1643 1655//1644
f 1399//1395 1656//1645 1400//1396
f 1399//1395 1655//1644 1656//1645
f 1400//1396 1657//1646 1401//1397
f 1400//1396 1656//1645 1657//1646
f 1401//1397 1658//1647 1402//1398
f 1401//1397 1657//1646 1658//1647
f 1402//1398 1659//1648 1403//1399
f 1402//1398 1658//1647 1659//1648
f 1403//1399 1660//1649 1404//1400
f 1403//1399 1659//1648 1660//1649
f 1404//1400 1661//1650 1405//1401
f 1404//1400 1660//1649 1661//1650
f 1405//1401 1662//1651 1406//1402
f 1405//1401 1661//1650 1662//1651
f 1406//1402 1663//1652 1407//1403
f 1406//1402 1662//1651 1663//1652
f 1407//1403 1664//1653 1408//1404
f 1407//1403 1663//1652 1664//1653
f 1408//1404 1665//1405 1409//1405
f 1408//1404 1664//1653 1665//1405
f 1409//1405 1666//1654 1410//1406
f 1409//1405 1665//1405 1666//1654
f 1410//1406 1667//1655 1411//1407
f 1410//1406 1666//1654 1667//1655
f 1411//1407 1668//1656 1412//1408
f 1411//1407 1667//1655 1668//1656
f 1412//1408 1669//1657 1413//1409
f 1412//1408 1668//1656 1669//1657
f 1413//1409 1670//1658 1414//1410
f 1413//1409 1669//1657 1670//1658
f 1414//1410 1671//1659 1415//1411
f 1414//1410 1670//1658 1671//1659
f 1415//1411 1672//1660 1416//1412
f 1415//1411 1671//1659 1672//1660
f 1416//1412 1673//1661 1417//1413
f 1416//1412 1672//1660 1673//1661
f 1417//1413 1674//1662 1418//1414
f 1417//1413 1673//1661 1674//1662
f 1418//1414 1675//1663 1419//1415
f 1418//1414 1674//1662 1675//1663
f 1419//1415 1676//1664 1420//1416
f 1419//1415 1675//1663 1676//1664
f 1420//1416 1677//1665 1421//1417
f 1420//1416 1676//1664 1677//1665
f 1421//1417 1678//1666 1422//1418
f 1421//1417 1677//1665 1678//1666
f 1422//1418 1679//1667 1423//1419
f 1422//1418 1678//1666 1679//1667
f 1423//1419 1680//1668 1424//1420
f 1423//1419 1679//1667 1680//1668
f 1424//1420 1681//1669 1425//1421
f 1424//1420 1680//1668 1681//1669
f 1425//1421 1682//1670 1426//1422
f 1425//1421 1681//1669 1682//1670
f 1426//1422 1683//1671 1427//1423
f 1426//1422 1682//1670 1683//1671
f 1427//1423 1684//1672 1428//1424
f 1427//1423 1683//1671 1684//1672
f 1428//1424 1685//1673 1429//1425
f 1428//1424 1684//1672 1685//1673
f 1429//1425 1686//1674 1430//1426
f 1429//1425 1685//1673 1686//1674
f 1430//1426 1687//1675 1431//1427
f 1430//1426 1686//1674 1687//1675
f 1431//1427 1688//1676 1432//1428
f 1431//1427 1687//1675 1688//1676
f 1432//1428 1689//1677 1433//1429
f 1432//1428 1688//1676 1689//1677
f 1433//1429 1690//1678 1434//1430
f 1433//1429 1689//1677 1690//1678
f 1434//1430 1691//1679 1435//1431
f 1434//1430 1690//1678 1691//1679
f 1435//1431 1692//1680 1436//1432
f 1435//1431 1691//1679 1692//1680
f 1436//1432 1693//1681 1437//1433
f 1436//1432 1692//1680 1693//1681
f 1437//1433 1694//1682 1438//1434
f 1437//1433 1693//1681 1694//1682
f 1438//1434 1695//1683 1439//1435
f 1438//1434 1694//1682 1695//1683
f 1439//1435 1696//1684 1440//1436
f 1439//1435 1695//1683 1696//1684
f 1440//1436 1697//1685 1441//1437
f 1440//1436 1696//1684 1697//1685
f 1441//1437 1698//1686 1442//1438
f 1441//1437 1697//1685 1698//1686
f 1442//1438 1699//1687 1443//1439
f 1442//1438 1698//1686 1699//1687
f 1443//1439 1700//1688 1444//1440
f 1443//1439 1699//1687 1700//1688
f 1444//1440 1701//1689 1445//1441
f 1444//1440 1700//1688 1701//1689
f 1445//1441 1702//1690 1446//1442
f 1445//1441 1701//1689 1702//1690
f 1446//1442 1703//1691 1447//1443
f 1446//1442 1702//1690 1703//1691
f 1447//1443 1704//1692 1448//1444
f 1447//1443 1703//1691 1704//1692
f 1448//1444 1705//1693 1449//1445
f 1448//1444 1704//1692 1705//1693
f 1449//1445 1706//1694 1450//1446
f 1449//1445 1705//1693 1706//1694
f 1450//1446 1707//1695 1451//1447
f 1450//1446 1706//1694 1707//1695
f 1451//1447 1708//1696 1452//1448
f 1451//1447 1707//1695 1708//1696
f 1452//1448 1709//1697 1453//1449
f 1452//1448 1708//1696 1709//1697
f 1453//1449 1710//1698 1454//1450
f 1453//1449 1709//1697 1710//1698
f 1454//1450 1711//1699 1455//1451
f 1454//1450 1710//1698 1711//1699
f 1455//1451 1712//1700 1456//1452
f 1455//1451 1711//1699 1712//1700
f 1456//1452 1713//1701 1457//1453
f 1456//1452 1712//1700 1713//1701
f 1457//1453 1714//1702 1458//1454
f 1457//1453 1713//1701 1714//1702
f 1458//1454 1715//1703 1459//1455
f 1458//1454 1714//1702 1715//1703
f 1459//1455 1716//1704 1460//1456
f 1459//1455 1715//1703 1716//1704
f 1460//1456 1717//1705 1461//1457
f 1460//1456 1716//1704 1717//1705
f 1461//1457 1718//1706 1462//1458
f 1461//1457 1717//1705 1718//1706
f 1462//1458 1719//1707 1463//1459
f 1462//1458 1718//1706 1719//1707
f 1463//1459 1720//1708 1464//1460
f 1463//1459 1719//1707 1720//1708
f 1464//1460 1721//1709 1465//1461
f 1464//1460 1720//1708 1721//1709
f 1465//1461 1722//1710 1466//1462
f 1465//1461 1721//1709 1722//1710
f 1466//1462 1723//1711 1467//1463
f 1466//1462 1722//1710 1723//1711
f 1467//1463 1724//1712 1468//1464
f 1467//1463 1723//1711 1724//1712
f 1468//1464 1725//1465 1469//1465
f 1468//1464 1724//1712 1725//1465
f 1469//1465 1726//1713 1470//1466
f 1469//1465 1725//1465 1726//1713
f 1470//1466 1727//1467 1471//1467
f 1470//1466 1726//1713 1727//1467
f 1471//1467 1728//1468 1472//1468
f 1471//1467 1727//1467 1728//1468
f 1472//1468 1729//1469 1473//1469
f 1472//1468 1728//1468 1729//1469
f 1473//1469 1730//1470 1474//1470
f 1473//1469 1729//1469 1730//1470
f 1474//1470 1731//1471 1475//1471
f 1474//1470 1730//1470 1731//1471
f 1475//1471 1732//1714 1476//1472
f 1475//1471 1731//1471 1732//1714
f 1476//1472 1733//1715 1477//1473
f 1476//1472 1732//1714 1733//1715
f 1477//1473 1734//1716 1478//1474
f 1477//1473 1733//1715 1734//1716
f 1478//1474 1735//1717 1479//1475
f 1478//1474 1734//1716 1735//1717
f 1479//1475 1736//1718 1480//1476
f 1479//1475 1735//1717 1736//1718
f 1480//1476 1737//1719 1481//1477
f 1480//1476 1736//1718 1737//1719
f 1481//1477 1738//1720 1482//1478
f 1481//1477 1737//1719 1738//1720
f 1482//1478 1739//1721 1483//1479
f 1482//1478 1738//1720 1739//1721
f 1483//1479 1740//1722 1484//1480
f 1483//1479 1739//1721 1740//1722
f 1484//1480 1741//1723 1485//1481
f 1484//1480 1740//1722 1741//1723
f 1485//1481 1742//1724 1486//1482
f 1485//1481 1741//1723 1742//1724
f 1486//1482 1743//1725 1487//1483
f 1486//1482 1742//1724 1743//1725
f 1487//1483 1744//1726 1488//1484
f 1487//1483 1743//1725 1744//1726
f 1488//1484 1745//1727 1489//1485
f 1488//1484 1744//1726 1745//1727
f 1489//1485 1746//1728 1490//1486
f 1489//1485 1745//1727 1746//1728
f 1490//1486 1747//1729 1491//1487
f 1490//1486 1746//1728 1747//1729
f 1491//1487 1748//1730 1492//1488
f 1491//1487 1747//1729 1748//1730
f 1492//1488 1749//1731 1493//1489
f 1492//1488 1748//1730 1749//1731
f 1493//1489 1750//1732 1494//1490
f 1493//1489 1749//1731 1750//1732
f 1494//1490 1751//1733 1495//1491
f 1494//1490 1750//1732 1751//1733
f 1495//1491 1752//1734 1496//1492
f 1495//1491 1751//1733 1752//1734
f 1496//1492 1753//1735 1497//1493
f 1496//1492 1752//1734 1753//1735
f 1497//1493 1754//1736 1498//1494
f 1497//1493 1753//1735 1754//1736
f 1498//1494 1755//1737 1499//1495
f 1498//1494 1754//1736 1755//1737
f 1499//1495 1756//1738 1500//1496
f 1499//1495 1755//1737 1756//1738
f 1500//1496 1757//1739 1501//1497
f 1500//1496 1756//1738 1757//1739
f 1501//1497 1758//1740 1502//1498
f 1501//1497 1757//1739 1758//1740
f 1502//1498 1759//1741 1503//1499
f 1502//1498 1758//1740 1759//1741
f 1503//1499 1760//1742 1504//1500
f 1503//1499 1759//1741 1760//1742
f 1504//1500 1761//1743 1505//1501
f 1504//1500 1760//1742 1761//1743
f 1505//1501 1762//1744 1506//1502
f 1505//1501 1761//1743 1762//1744
f 1506//1502 1763//1745 1507//1503
f 1506//1502 1762//1744 1763//1745
f 1507//1503 1764//1746 1508//1504
f 1507//1503 1763//1745 1764//1746
f 1508//1504 1765//1747 1509//1505
f 1508//1504 1764//1746 1765//1747
f 1509//1505 1766//1748 1510//1506
f 1509//1505 1765//1747 1766//1748
f 1510//1506 1767//1749 1511//1507
f 1510//1506 1766//1748 1767//1749
f 1511//1507 1768//1750 1512//1508
f 1511//1507 1767//1749 1768//1750
f 1512//1508 1769//1751 1513//1509
f 1512//1508 1768//1750 1769//1751
f 1513//1509 1770//1752 1514//1510
f 1513//1509 1769//1751 1770//1752
f 1514//1510 1771//1753 1515//1511
f 1514//1510 1770//1752 1771//1753
f 1515//1511 1772//1754 1516//1512
f 1515//1511 1771//1753 1772//1754
f 1516//1512 1773//1755 1517//1513
f 1516//1512 1772//1754 1773//1755
f 1517//1513 1774//1756 1518//1514
f 1517//1513 1773//1755 1774//1756
f 1518//1514 1775//1757 1519//1515
f 1518//1514 1774//1756 1775//1757
f 1519//1515 1776//1758 1520//1516
f 1519//1515 1775//1757 1776//1758
f 1520//1516 1777//1759 1521//1517
f 1520//1516 1776//1758 1777//1759
f 1521//1517 1778//1760 1522//1518
f 1521//1517 1777//1759 1778//1760
f 1522//1518 1779//1761 1523//1519
f 1522//1518 1778//1760 1779//1761
f 1523//1519 1780//1762 1524//1520
f 1523//1519 1779//1761 1780//1762
f 1524//1520 1781//1763 1525//1521
f 1524//1520 1780//1762 1781//1763
f 1525//1521 1782//1764 1526//1522
f 1525//1521 1781//1763 1782//1764
f 1526//1522 1783//1765 1527//1523
f 1526//1522 1782//1764 1783//1765
f 1527//1523 1784//1766 1528//1524
f 1527//1523 1783//1765 1784//1766
f 1528//1524 1785//1767 1529//1525
f 1528//1524 1784//1766 1785//1767
f 1529//1525 1786//1768 1530//1526
f 1529//1525 1785//1767 1786//1768
f 1530//1526 1787//1769 1531//1527
f 1530//1526 1786//1768 1787//1769
f 1531//1527 1788//1770 1532//1528
f 1531//1527 1787//1769 1788//1770
f 1532//1528 1789//1771 1533//1529
f 1532//1528 1788//1770 1789//1771
f 1533//1529 1790//1772 1534//1530
f 1533//1529 1789//1771 1790//1772
f 1534//1530 1791//1773 1535//1531
f 1534//1530 1790//1772 1791//1773
f 1535//1531 1792//1774 1536//1532
f 1535//1531 1791//1773 1792//1774
f 1536//1532 1537//1278 1281//1278
f 1536//1532 1792//1774 1537//1278
s 0
f 1793//1775 1538//1775 1537//1775
f 1793//1775 1539//1775 1538//1775
f 1793//1775 1540//1775 1539//1775
f 1793//1775 1541//1775 1540//1775
f 1793//1775 1542//1775 1541//1775
f 1793//1775 1543//1775 1542//1775
f 1793//1775 1544//1775 1543//1775
f 1793//1775 1545//1775 1544//1775
f 1793//1775 1546//1775 1545//1775
f 1793//1775 1547//1775 1546//1775
f 1793//1775 1548//1775 1547//1775
f 1793//1775 1549//1775 1548//1775
f 1793//1775 1550//1775 1549//1775
f 1793//1775 1551//1775 1550//1775
f 1793//1775 1552//1775 1551//1775
f 1793//1775 1553//1775 1552//1775
f 1793//1775 1554//1775 1553//1775
f 1793//1775 1555//1775 1554//1775
f 1793//1775 1556//1775 1555//1775
f 1793//1775 1557//1775 1556//1775
f 1793//1775 1558//1775 1557//1775
f 1793//1775 1559//1775 1558//1775
f 1793//1775 1560//1775 1559//1775
f 1793//1775 1561//1775 1560//1775
f 1793//1775 1562//1775 1561//1775
f 1793//1775 1563//1775 1562//1775
f 1793//1775 1564//1775 1563//1775
f 1793//1775 1565//1775 1564//1775
f 1793//1775 1566//1775 1565//1775
f 1793//1775 1567//1775 1566//1775
f 1793//1775 1568//1775 1567//1775
f 1793//1775 1569//1775 1568//1775
f 1793//1775 1570//1775 1569//1775
f 1793//1775 1571//1775 1570//1775
f 1793//1775 1572//1775 1571//1775
f 1793//1775 1573//1775 1572//1775
f 1793//1775 1574//1775 1573//1775
f 1793//1775 1575//1775 1574//1775
f 1793//1775 1576//1775 1575//1775
f 1793//1775 1577//1775 1576//1775
f 1793//1775 1578//1775 1577//1775
f 1793//1775 1579//1775 1578//1775
f 1793//1775 1580//1775 1579//1775
f 1793//1775 1581//1775 1580//1775
f 1793//1775 1582//1775 1581//1775
f 1793//1775 1583//1775 1582//1775
f 1793//1775 1584//1775 1583//1775
f 1793//1775 1585//1775 1584//1775
f 1793//1775 1586//1775 1585//1775
f 1793//1775 1587//1775 1586//1775
f 1793//1775 1588//1775 1587//1775
f 1793//1775 1589//1775 1588//1775
f 1793//1775 1590//1775 1589//1775
f 1793//1775 1591//1775 1590//1775
f 1793//1775 1592//1775 1591//1775
f 1793//1775 1593//1775 1592//1775
f 1793//1775 1594//1775 1593//1775
f 1793//1775 1595//1775 1594//1775
f 1793//1775 1596//1775 1595//1775
f 1793//1775 1597//1775 1596//1775
f 1793//1775 1598//1775 1597//1775
f 1793//1775 1599//1775 1598//1775
f 1793//1775 1600//1775 1599//1775
f 1793//1775 1601//1775 1600//1775
f 1793//1775 1602//1775 1601//1775
f 1793//1775 1603//1775 1602//1775
f 1793//1775 1604//1775 1603//1775
f 1793//1775 1605//1775 1604//1775
f 1793//1775 1606//1775 1605//1775
f 1793//1775 1607//1775 1606//1775
f 1793//1775 1608//1775 1607//1775
f 1793//1775 1609//1775 1608//1775
f 1793//1775 1610//1775 1609//1775
f 1793//1775 1611//1775 1610//1775
f 1793//1775 1612//1775 1611//1775
f 1793//1775 1613//1775 1612//1775
f 1793//1775 1614//1775 1613//1775
f 1793//1775 1615//1775 1614//1775
f 1793//1775 1616//1775 1615//1775
f 1793//1775 1617//1775 1616//1775
f 1793//1775 1618//1775 1617//1775
f 1793//1775 1619//1775 1618//1775
f 1793//1775 1620//1775 1619//1775
f 1793//1775 1621//1775 1620//1775
f 1793//1775 1622//1775 1621//1775
f 1793//1775 1623//1775 1622//1775
f 1793//1775 1624//1775 1623//1775
f 1793//1775 1625//1775 1624//1775
f 1793//1775 1626//1775 1625//1775
f 1793//1775 1627//1775 1626//1775
f 1793//1775 1628//1775 1627//1775
f 1793//1775 1629//1775 1628//1775
f 1793//1775 1630//1775 1629//1775
f 1793//1775 1631//1775 1630//1775
f 1793//1775 1632//1775 1631//1775
f 1793//1775 1633//1775 1632//1775
f 1793//1775 1634//1775 1633//1775
f 1793//1775 1635//1775 1634//1775
f 1793//1775 1636//1775 1635//1775
f 1793//1775 1637//1775 1636//1775
f 1793//1775 1638//1775 1637//1775
f 1793//1775 1639//1775 1638//1775
f 1793//1775 1640//1775 1639//1775
f 1793//1775 1641//1775 1640//1775
f 1793//1775 1642//1775 1641//1775
f 1793//1775 1643//1775 1642//1775
f 1793//1775 1644//1775 1643//1775
f 1793//1775 1645//1775 1644//1775
f 1793//1775 1646//1775 1645//1775
f 1793//1775 1647//1775 1646//1775
f 1793//1775 1648//1775 1647//1775
f 1793//1775 1649//1775 1648//1775
f 1793//1775 1650//1775 1649//1775
f 1793//1775 1651//1775 1650//1775
f 1793//1775 1652//1775 1651//1775
f 1793//1775 1653//1775 1652//1775
f 1793//1775 1654//1775 1653//1775
f 1793//1775 1655//1775 1654//1775
f 1793//1775 1656//1775 1655//1775
f 1793//1775 1657//1775 1656//1775
f 1793//1775 1658//1775 1657//1775
f 1793//1775 1659//1775 1658//1775
f 1793//1775 1660//1775 1659//1775
f 1793//1775 1661//1775 1660//1775
f 1793//1775 1662//1775 1661//1775
f 1793//1775 1663//1775 1662//1775
f 1793//1775 1664//1775 1663//1775
f 1793//1775 1665//1775 1664//1775
f 1793//1775 1666//1775 1665//1775
f 1793//1775 1667//1775 1666//1775
f 1793//1775 1668//1775 1667//1775
f 1793//1775 1669//1775 1668//1775
f 1793//1775 1670//1775 1669//1775
f 1793//1775 1671//1775 1670//1775
f 1793//1775 1672//1775 1671//1775
f 1793//1775 1673//1775 1672//1775
f 1793//1775 1674//1775 1673//1775
f 1793//1775 1675//1775 1674//1775
f 1793//1775 1676//1775 1675//1775
f 1793//1775 1677//1775 1676//1775
f 1793//1775 1678//1775 1677//1775
f 1793//1775 1679//1775 1678//1775
f 1793//1775 1680//1775 1679//1775
f 1793//1775 1681//1775 1680//1775
f 1793//1775 1682//1775 1681//1775
f 1793//1775 1683//1775 1682//1775
f 1793//1775 1684//1775 1683//1775
f 1793//1775 1685//1775 1684//1775
f 1793//1775 1686//1775 1685//1775
f 1793//1775 1687//1775 1686//1775
f 1793//1775 1688//1775 1687//1775
f 1793//1775 1689//1775 1688//1775
f 1793//1775 1690//1775 1689//1775
f 1793//1775 1691//1775 1690//1775
f 1793//1775 1692//1775 1691//1775
f 1793//1775 1693//1775 1692//1775
f 1793//1775 1694//1775 1693//1775
f 1793//1775 1695//1775 1694//1775
f 1793//1775 1696//1775 1695//1775
f 1793//1775 1697//1775 1696//1775
f 1793//1775 1698//1775 1697//1775
f 1793//1775 1699//1775 1698//1775
f 1793//1775 1700//1775 1699//1775
f 1793//1775 1701//1775 1700//1775
f 1793//1775 1702//1775 1701//1775
f 1793//1775 1703//1775 1702//1775
f 1793//1775 1704//1775 1703//1775
f 1793//1775 1705//1775 1704//1775
f 1793//1775 1706//1775 1705//1775
f 1793//1775 1707//1775 1706//1775
f 1793//1775 1708//1775 1707//1775
f 1793//1775 1709//1775 1708//1775
f 1793//1775 1710//1775 1709//1775
f 1793//1775 1711//1775 1710//1775
f 1793//1775 1712//1775 1711//1775
f 1793//1775 1713//1775 1712//1775
f 1793//1775 1714//1775 1713//1775
f 1793//1775 1715//1775 1714//1775
f 1793//1775 1716//1775 1715//1775
f 1793//1775 1717//1775 1716//1775
f 1793//1775 1718//1775 1717//1775
f 1793//1775 1719//1775 1718//1775
f 1793//1775 1720//1775 1719//1775
f 1793//1775 1721//1775 1720//1775
f 1793//1775 1722//1775 1721//1775
f 1793//1775 1723//1775 1722//1775
f 1793//1775 1724//1775 1723//1775
f 1793//1775 1725//1775 1724//1775
f 1793//1775 1726//1775 1725//1775
f 1793//1775 1727//1775 1726//1775
f 1793//1775 1728//1775 1727//1775
f 1793//1775 1729//1775 1728//1775
f 1793//1775 1730//1775 1729//1775
f 1793//1775 1731//1775 1730//1775
f 1793//1775 1732//1775 1731//1775
f 1793//1775 1733//1775 1732//1775
f 1793//1775 1734//1775 1733//1775
f 1793//1775 1735//1775 1734//1775
f 1793//1775 1736//1775 1735//1775
f 1793//1775 1737//1775 1736//1775
f 1793//1775 1738//1775 1737//1775
f 1793//1775 1739//1775 1738//1775
f 1793//1775 1740//1775 1739//1775
f 1793//1775 1741//1775 1740//1775
f 1793//1775 1742//1775 1741//1775
f 1793//1775 1743//1775 1742//1775
f 1793//1775 1744//1775 1743//1775
f 1793//1775 1745//1775 1744//1775
f 1793//1775 1746//1775 1745//1775
f 1793//1775 1747//1775 1746//1775
f 1793//1775 1748//1775 1747//1775
f 1793//1775 1749//1775 1748//1775
f 1793//1775 1750//1775 1749//1775
f 1793//1775 1751//1775 1750//1775
f 1793//1775 1752//1775 1751//1775
f 1793//1775 1753//1775 1752//1775
f 1793//1775 1754//1775 1753//1775
f 1793//1775 1755//1775 1754//1775
f 1793//1775 1756//1775 1755//1775
f 1793//1775 1757//1775 1756//1775
f 1793//1775 1758//1775 1757//1775
f 1793//1775 1759//1775 1758//1775
f 1793//1775 1760//1775 1759//1775
f 1793//1775 1761//1775 1760//1775
f 1793//1775 1762//1775 1761//1775
f 1793//1775 1763//1775 1762//1775
f 1793//1775 1764//1775 1763//1775
f 1793//1775 1765//1775 1764//1775
f 1793//1775 1766//1775 1765//1775
f 1793//1775 1767//1775 1766//1775
f 1793//1775 1768//1775 1767//1775
f 1793//1775 1769//1775 1768//1775
f 1793//1775 1770//1775 1769//1775
f 1793//1775 1771//1775 1770//1775
f 1793//1775 1772//1775 1771//1775
f 1793//1775 1773//1775 1772//1775
f 1793//1775 1774//1775 1773//1775
f 1793//1775 1775//1775 1774//1775
f 1793//1775 1776//1775 1775//1775
f 1793//1775 1777//1775 1776//1775
f 1793//1775 1778//1775 1777//1775
f 1793//1775 1779//1775 1778//1775
f 1793//1775 1780//1775 1779//1775
f 1793//1775 1781//1775 1780//1775
f 1793//1775 1782//1775 1781//1775
f 1793//1775 1783//1775 1782//1775
f 1793//1775 1784//1775 1783//1775
f 1793//1775 1785//1775 1784//1775
f 1793//1775 1786//1775 1785//1775
f 1793//1775 1787//1775 1786//1775
f 1793//1775 1788//1775 1787//1775
f 1793//1775 1789//1775 1788//1775
f 1793//1775 1790//1775 1789//1775
f 1793//1775 1791//1775 1790//1775
f 1793//1775 1792//1775 1791//1775
f 1793//1775 1537//1775 1792//1775
f 1794//1776 1//1776 2//1776
f 1794//1776 2//1776 3//1776
f 1794//1776 3//1776 4//1776
f 1794//1776 4//1776 5//1776
f 1794//1776 5//1776 6//1776
f 1794//1776 6//1776 7//1776
f 1794//1776 7//1776 8//1776
f 1794//1776 8//1776 9//1776
f 1794//1776 9//1776 10//1776
f 1794//1776 10//1776 11//1776
f 1794//1776 11//1776 12//1776
f 1794//1776 12//1776 13//1776
f 1794//1776 13//1776 14//1776
f 1794//1776 14//1776 15//1776
f 1794//1776 15//1776 16//1776
f 1794//1776 16//1776 17//1776
f 1794//1776 17//1776 18//1776
f 1794//1776 18//1776 19//1776
f 1794//1776 19//1776 20//1776
f 1794//1776 20//1776 21//1776
f 1794//1776 21//1776 22//1776
f 1794//1776 22//1776 23//1776
f 1794//1776 23//1776 24//1776
f 1794//1776 24//1776 25//1776
f 1794//1776 25//1776 26//1776
f 1794//1776 26//1776 27//1776
f 1794//1776 27//1776 28//1776
f 1794//1776 28//1776 29//1776
f 1794//1776 29//1776 30//1776
f 1794//1776 30//1776 31//1776
f 1794//1776 31//1776 32//1776
f 1794//1776 32//1776 33//1776
f 1794//1776 33//1776 34//1776
f 1794//1776 34//1776 35//1776
f 1794//1776 35//1776 36//1776
f 1794//1776 36//1776 37//1776
f 1794//1776 37//1776 38//1776
f 1794//1776 38//1776 39//1776
f 1794//1776 39//1776 40//1776
f 1794//1776 40//1776 41//1776
f 1794//1776 41//1776 42//1776
f 1794//1776 42//1776 43//1776
f 1794//1776 43//1776 44//1776
f 1794//1776 44//1776 45//1776
f 1794//1776 45//1776 46//1776
f 1794//1776 46//1776 47//1776
f 1794//1776 47//1776 48//1776
f 1794//1776 48//1776 49//1776
f 1794//1776 49//1776 50//1776
f 1794//1776 50//1776 51//1776
f 1794//1776 51//1776 52//1776
f 1794//1776 52//1776 53//1776
f 1794//1776 53//1776 54//1776
f 1794//1776 54//1776 55//1776
f 1794//1776 55//1776 56//1776
f 1794//1776 56//1776 57//1776
f 1794//1776 57//1776 58//1776
f 1794//1776 58//1776 59//1776
f 1794//1776 59//1776 60//1776
f 1794//1776 60//1776 61//1776
f 1794//1776 61//1776 62//1776
f 1794//1776 62//1776 63//1776
f 1794//1776 63//1776 64//1776
f 1794//1776 64//1776 65//1776
f 1794//1776 65//1776 66//1776
f 1794//1776 66//1776 67//1776
f 1794//1776 67//1776 68//1776
f 1794//1776 68//1776 69//1776
f 1794//1776 69//1776 70//1776
f 1794//1776 70//1776 71//1776
f 1794//1776 71//1776 72//1776
f 1794//1776 72//1776 73//1776
f 1794//1776 73//1776 74//1776
f 1794//1776 74//1776 75//1776
f 1794//1776 75//1776 76//1776
f 1794//1776 76//1776 77//1776
f 1794//1776 77//1776 78//1776
f 1794//1776 78//1776 79//1776
f 1794//1776 79//1776 80//1776
f 1794//1776 80//1776 81//1776
f 1794//1776 81//1776 82//1776
f 1794//1776 82//1776 83//1776
f 1794//1776 83//1776 84//1776
f 1794//1776 84//1776 85//1776
f 1794//1776 85//1776 86//1776
f 1794//1776 86//1776 87//1776
f 1794//1776 87//1776 88//1776
f 1794//1776 88//1776 89//1776
f 1794//1776 89//1776 90//1776
f 1794//1776 90//1776 91//1776
f 1794//1776 91//1776 92//1776
f 1794//1776 92//1776 93//1776
f 1794//1776 93//1776 94//1776
f 1794//1776 94//1776 95//1776
f 1794//1776 95//1776 96//1776
f 1794//1776 96//1776 97//1776
f 1794//1776 97//1776 98//1776
f 1794//1776 98//1776 99//1776
f 1794//1776 99//1776 100//1776
f 1794//1776 100//1776 101//1776
f 1794//1776 101//1776 102//1776
f 1794//1776 102//1776 103//1776
f 1794//1776 103//1776 104//1776
f 1794//1776 104//1776 105//1776
f 1794//1776 105//1776 106//1776
f 1794//1776 106//1776 107//1776
f 1794//1776 107//1776 108//1776
f 1794//1776 108//1776 109//1776
f 1794//1776 109//1776 110//1776
f 1794//1776 110//1776 111//1776
f 1794//1776 111//1776 112//1776
f 1794//1776 112//1776 113//1776
f 1794//1776 113//1776 114//1776
f 1794//1776 114//1776 115//1776
f 1794//1776 115//1776 116//1776
f 1794//1776 116//1776 117//1776
f 1794//1776 117//1776 118//1776
f 1794//1776 118//1776 119//1776
f 1794//1776 119//1776 120//1776
f 1794//1776 120//1776 121//1776
f 1794//1776 121//1776 122//1776
f 1794//1776 122//1776 123//1776
f 1794//1776 123//1776 124//1776
f 1794//1776 124//1776 125//1776
f 1794//1776 125//1776 126//1776
f 1794//1776 126//1776 127//1776
f 1794//1776 127//1776 128//1776
f 1794//1776 128//1776 129//1776
f 1794//1776 129//1776 130//1776
f 1794//1776 130//1776 131//1776
f 1794//1776 131//1776 132//1776
f 1794//1776 132//1776 133//1776
f 1794//1776 133//1776 134//1776
f 1794//1776 134//1776 135//1776
f 1794//1776 135//1776 136//1776
f 1794//1776 136//1776 137//1776
f 1794//1776 137//1776 138//1776
f 1794//1776 138//1776 139//1776
f 1794//1776 139//1776 140//1776
f 1794//1776 140//1776 141//1776
f 1794//1776 141//1776 142//1776
f 1794//1776 142//1776 143//1776
f 1794//1776 143//1776 144//1776
f 1794//1776 144//1776 145//1776
f 1794//1776 145//1776 146//1776
f 1794//1776 146//1776 147//1776
f 1794//1776 147//1776 148//1776
f 1794//1776 148//1776 149//1776
f 1794//1776 149//1776 150//1776
f 1794//1776 150//1776 151//1776
f 1794//1776 151//1776 152//1776
f 1794//1776 152//1776 153//1776
f 1794//1776 153//1776 154//1776
f 1794//1776 154//1776 155//1776
f 1794//1776 155//1776 156//1776
f 1794//1776 156//1776 157//1776
f 1794//1776 157//1776 158//1776
f 1794//1776 158//1776 159//1776
f 1794//1776 159//1776 160//1776
f 1794//1776 160//1776 161//1776
f 1794//1776 161//1776 162//1776
f 1794//1776 162//1776 163//1776
f 1794//1776 163//1776 164//1776
f 1794//1776 164//1776 165//1776
f 1794//1776 165//1776 166//1776
f 1794//1776 166//1776 167//1776
f 1794//1776 167//1776 168//1776
f 1794//1776 168//1776 169//1776
f 1794//1776 169//1776 170//1776
f 1794//1776 170//1776 171//1776
f 1794//1776 171//1776 172//1776
f 1794//1776 172//1776 173//1776
f 1794//1776 173//1776 174//1776
f 1794//1776 174//1776 175//1776
f 1794//1776 175//1776 176//1776
f 1794//1776 176//1776 177//1776
f 1794//1776 177//1776 178//1776
f 1794//1776 178//1776 179//1776
f 1794//1776 179//1776 180//1776
f 1794//1776 180//1776 181//1776
f 1794//1776 181//1776 182//1776
f 1794//1776 182//1776 183//1776
f 1794//1776 183//1776 184//1776
f 1794//1776 184//1776 185//1776
f 1794//1776 185//1776 186//1776
f 1794//1776 186//1776 187//1776
f 1794//1776 187//1776 188//1776
f 1794//1776 188//1776 189//1776
f 1794//1776 189//1776 190//1776
f 1794//1776 190//1776 191//1776
f 1794//1776 191//1776 192//1776
f 1794//1776 192//1776 193//1776
f 1794//1776 193//1776 194//1776
f 1794//1776 194//1776 195//1776
f 1794//1776 195//1776 196//1776
f 1794//1776 196//1776 197//1776
f 1794//1776 197//1776 198//1776
f 1794//1776 198//1776 199//1776
f 1794//1776 199//1776 200//1776
f 1794//1776 200//1776 201//1776
f 1794//1776 201//1776 202//1776
f 1794//1776 202//1776 203//1776
f 1794//1776 203//1776 204//1776
f 1794//1776 204//1776 205//1776
f 1794//1776 205//1776 206//1776
f 1794//1776 206//1776 207//1776
f 1794//1776 207//1776 208//1776
f 1794//1776 208//1776 209//1776
f 1794//1776 209//1776 210//1776
f 1794//1776 210//1776 211//1776
f 1794//1776 211//1776 212//1776
f 1794//1776 212//1776 213//1776
f 1794//1776 213//1776 214//1776
f 1794//1776 214//1776 215//1776
f 1794//1776 215//1776 216//1776
f 1794//1776 216//1776 217//1776
f 1794//1776 217//1776 218//1776
f 1794//1776 218//1776 219//1776
f 1794//1776 219//1776 220//1776
f 1794//1776 220//1776 221//1776
f 1794//1776 221//1776 222//1776
f 1794//1776 222//1776 223//1776
f 1794//1776 223//1776 224//1776
f 1794//1776 224//1776 225//1776
f 1794//1776 225//1776 226//1776
f 1794//1776 226//1776 227//1776
f 1794//1776 227//1776 228//1776
f 1794//1776 228//1776 229//1776
f 1794//1776 229//1776 230//1776
f 1794//1776 230//1776 231//1776
f 1794//1776 231//1776 232//1776
f 1794//1776 232//1776 233//1776
f 1794//1776 233//1776 234//1776
f 1794//1776 234//1776 235//1776
f 1794//1776 235//1776 236//1776
f 1794//1776 236//1776 237//1776
f 1794//1776 237//1776 238//1776
f 1794//1776 238//1776 239//1776
f 1794//1776 239//1776 240//1776
f 1794//1776 240//1776 241//1776
f 1794//1776 241//1776 242//1776
f 1794//1776 242//1776 243//1776
f 1794//1776 243//1776 244//1776
f 1794//1776 244//1776 245//1776
f 1794//1776 245//1776 246//1776
f 1794//1776 246//1776 247//1776
f 1794//1776 247//1776 248//1776
f 1794//1776 248//1776 249//1776
f 1794//1776 249//1776 250//1776
f 1794//1776 250//1776 251//1776
f 1794//1776 251//1776 252//1776
f 1794//1776 252//1776 253//1776
f 1794//1776 253//1776 254//1776
f 1794//1776 254//1776 255//1776
f 1794//1776 255//1776 256//1776
f 1794//1776 256//1776 1//1776
s 1
f 1795//1777 1798//1778 1797//1779
f 1795//1777 1796//1780 1798//1778
f 1859//1775 1798//1778 1796//1780
f 1860//1776 1795//1777 1797//1779
f 1797//1779 1800//1781 1799//1782
f 1797//1779 1798//1778 1800//1781
f 1859//1775 1800//1781 1798//1778
f 1860//1776 1797//1779 1799//1782
f 1799//1782 1802//1783 1801//1784
f 1799//1782 1800//1781 1802//1783
f 1859//1775 1802//1783 1800//1781
f 1860//1776 1799//1782 1801//1784
f 1801//1784 1804//1785 1803//1786
f 1801//1784 1802//1783 1804//1785
f 1859//1775 1804//1785 1802//1783
f 1860//1776 1801//1784 1803//1786
f 1803//1786 1806//1787 1805//1788
f 1803//1786 1804//1785 1806//1787
f 1859//1775 1806//1787 1804//1785
f 1860//1776 1803//1786 1805//1788
f 1805//1788 1808//1789 1807//1790
f 1805//1788 1806//1787 1808//1789
f 1859//1775 1808//1789 1806//1787
f 1860//1776 1805//1788 1807//1790
f 1807//1790 1810//1791 1809//1792
f 1807//1790 1808//1789 1810//1791
f 1859//1775 1810//1791 1808//1789
f 1860//1776 1807//1790 1809//1792
f 1809//1792 1812//1793 1811//1794
f 1809//1792 1810//1791 1812//1793
f 1859//1775 1812//1793 1810//1791
f 1860//1776 1809//1792 1811//1794
f 1811//1794 1814//1795 1813//1796
f 1811//1794 1812//1793 1814//1795
f 1859//1775 1814//1795 1812//1793
f 1860//1776 1811//1794 1813//1796
f 1813//1796 1816//1797 1815//1798
f 1813//1796 1814//1795 1816//1797
f 1859//1775 1816//1797 1814//1795
f 1860//1776 1813//1796 1815//1798
f 1815//1798 1818//1799 1817//1800
f 1815//1798 1816//1797 1818//1799
f 1859//1775 1818//1799 1816//1797
f 1860//1776 1815//1798 1817//1800
f 1817//1800 1820//1801 1819//1802
f 1817//1800 1818//1799 1820//1801
f 1859//1775 1820//1801 1818//1799
f 1860//1776 1817//1800 1819//1802
f 1819//1802 1822//1803 1821//1804
f 1819//1802 1820//1801 1822//1803
f 1859//1775 1822//1803 1820//1801
f 1860//1776 1819//1802 1821//1804
f 1821//1804 1824//1805 1823//1806
f 1821//1804 1822//1803 1824//1805
f 1859//1775 1824//1805 1822//1803
f 1860//1776 1821//1804 1823//1806
f 1823//1806 1826//1807 1825//1808
f 1823//1806 1824//1805 1826//1807
f 1859//1775 1826//1807 1824//1805
f 1860//1776 1823//1806 1825//1808
f 1825//1808 1828//1809 1827//1810
f 1825//1808 1826//1807 1828//1809
f 1859//1775 1828//1809 1826//1807
f 1860//1776 1825//1808 1827//1810
f 1827//1810 1830//1811 1829//1812
f 1827//1810 1828//1809 1830//1811
f 1859//1775 1830//1811 1828//1809
f 1860//1776 1827//1810 1829//1812
f 1829//1812 1832//1813 1831//1814
f 1829//1812 1830//1811 1832//1813
f 1859//1775 1832//1813 1830//1811
f 1860//1776 1829//1812 1831//1814
f 1831//1814 1834//1815 1833//1816
f 1831//1814 1832//1813 1834//1815
f 1859//1775 1834//1815 1832//1813
f 1860//1776 1831//1814 1833//1816
f 1833//1816 1836//1817 1835//1818
f 1833//1816 1834//1815 1836//1817
f 1859//1775 1836//1817 1834//1815
f 1860//1776 1833//1816 1835//1818
f 1835//1818 1838//1819 1837//1820
f 1835//1818 1836//1817 1838//1819
f 1859//1775 1838//1819 1836//1817
f 1860//1776 1835//1818 1837//1820
f 1837//1820 1840//1821 1839//1822
f 1837//1820 1838//1819 1840//1821
f 1859//1775 1840//1821 1838//1819
f 1860//1776 1837//1820 1839//1822
f 1839//1822 1842//1823 1841//1824
f 1839//1822 1840//1821 1842//1823
f 1859//1775 1842//1823 1840//1821
f 1860//1776 1839//1822 1841//1824
f 1841//1824 1844//1825 1843//1826
f 1841//1824 1842//1823 1844//1825
f 1859//1775 1844//1825 1842//1823
f 1860//1776 1841//1824 1843//1826
f 1843//1826 1846//1827 1845//1828
f 1843//1826 1844//1825 1846//1827
f 1859//1775 1846//1827 1844//1825
f 1860//1776 1843//1826 1845//1828
f 1845//1828 1848//1829 1847//1830
f 1845//1828 1846//1827 1848//1829
f 1859//1775 1848//1829 1846//1827
f 1860//1776 1845//1828 1847//1830
f 1847//1830 1850//1831 1849//1832
f 1847//1830 1848//1829 1850//1831
f 1859//1775 1850//1831 1848//1829
f 1860//1776 1847//1830 1849//1832
f 1849//1832 1852//1833 1851//1834
f 1849//1832 1850//1831 1852//1833
f 1859//1775 1852//1833 1850//1831
f 1860//1776 1849//1832 1851//1834
f 1851//1834 1854//1835 1853//1836
f 1851//1834 1852//1833 1854//1835
f 1859//1775 1854//1835 1852//1833
f 1860//1776 1851//1834 1853//1836
f 1853//1836 1856//1837 1855//1838
f 1853//1836 1854//1835 1856//1837
f 1859//1775 1856//1837 1854//1835
f 1860//1776 1853//1836 1855//1838
f 1855//1838 1858//1839 1857//1840
f 1855//1838 1856//1837 1858//1839
f 1859//1775 1858//1839 1856//1837
f 1860//1776 1855//1838 1857//1840
f 1857//1840 1796//1780 1795//1777
f 1857//1840 1858//1839 1796//1780
f 1859//1775 1796//1780 1858//1839
f 1860//1776 1857//1840 1795//1777
