# Blender 5.2.0 LTS
# www.blender.org
mtllib Right_uni.mtl
o Right
v -32.445759 48.915459 5.409515
v -34.375000 48.915459 5.409515
v -32.445759 48.875584 5.410522
v -34.375000 48.875584 5.410522
v -32.445759 48.835808 5.413483
v -34.375000 48.835808 5.413483
v -32.445759 48.796227 5.418457
v -34.375000 48.796227 5.418457
v -32.445759 48.756943 5.425385
v -34.375000 48.756943 5.425385
v -32.445759 48.718056 5.434265
v -34.375000 48.718056 5.434265
v -32.445759 48.679657 5.445068
v -34.375000 48.679657 5.445068
v -32.445759 48.641846 5.457764
v -34.375000 48.641846 5.457764
v -32.445759 48.604713 5.472351
v -34.375000 48.604713 5.472351
v -32.445759 48.568352 5.488739
v -34.375000 48.568352 5.488739
v -32.445759 48.532856 5.506927
v -34.375000 48.532856 5.506927
v -32.445759 48.498314 5.526886
v -34.375000 48.498314 5.526886
v -32.445759 48.464806 5.548523
v -34.375000 48.464806 5.548523
v -32.445759 48.432419 5.571808
v -34.375000 48.432419 5.571808
v -32.445759 48.401230 5.596680
v -34.375000 48.401230 5.596680
v -32.445759 48.371323 5.623077
v -34.375000 48.371323 5.623077
v -32.445759 48.342766 5.650940
v -34.375000 48.342766 5.650940
v -32.445759 48.315636 5.680176
v -34.375000 48.315636 5.680176
v -32.445759 48.289997 5.710724
v -34.375000 48.289997 5.710724
v -32.445759 48.265911 5.742523
v -34.375000 48.265911 5.742523
v -32.445759 48.243439 5.775482
v -34.375000 48.243439 5.775482
v -32.445759 48.222641 5.809509
v -34.375000 48.222641 5.809509
v -32.445759 48.203564 5.844543
v -34.375000 48.203564 5.844543
v -32.445759 48.186256 5.880493
v -34.375000 48.186256 5.880493
v -32.445759 48.170761 5.917236
v -34.375000 48.170761 5.917236
v -32.445759 48.157120 5.954742
v -34.375000 48.157120 5.954742
v -32.445759 48.145363 5.992859
v -34.375000 48.145363 5.992859
v -32.445759 48.135517 6.031494
v -34.375000 48.135517 6.031494
v -32.445759 48.127613 6.070587
v -34.375000 48.127613 6.070587
v -32.445759 48.121670 6.110046
v -34.375000 48.121670 6.110046
v -32.445759 48.117699 6.149719
v -34.375000 48.117699 6.149719
v -32.445759 48.115707 6.189575
v -34.375000 48.115707 6.189575
v -32.445759 48.115707 6.229462
v -34.375000 48.115707 6.229462
v -32.445759 48.117699 6.269287
v -34.375000 48.117699 6.269287
v -32.445759 48.121670 6.308990
v -34.375000 48.121670 6.308990
v -32.445759 48.127613 6.348450
v -34.375000 48.127613 6.348450
v -32.445759 48.135517 6.387543
v -34.375000 48.135517 6.387543
v -32.445759 48.145363 6.426178
v -34.375000 48.145363 6.426178
v -32.445759 48.157120 6.464294
v -34.375000 48.157120 6.464294
v -32.445759 48.170761 6.501801
v -34.375000 48.170761 6.501801
v -32.445759 48.186256 6.538544
v -34.375000 48.186256 6.538544
v -32.445759 48.203564 6.574493
v -34.375000 48.203564 6.574493
v -32.445759 48.222641 6.609528
v -34.375000 48.222641 6.609528
v -32.445759 48.243439 6.643555
v -34.375000 48.243439 6.643555
v -32.445759 48.265911 6.676514
v -34.375000 48.265911 6.676514
v -32.445759 48.289997 6.708313
v -34.375000 48.289997 6.708313
v -32.445759 48.315636 6.738861
v -34.375000 48.315636 6.738861
v -32.445759 48.342766 6.768097
v -34.375000 48.342766 6.768097
v -32.445759 48.371323 6.795959
v -34.375000 48.371323 6.795959
v -32.445759 48.401230 6.822357
v -34.375000 48.401230 6.822357
v -32.445759 48.432419 6.847229
v -34.375000 48.432419 6.847229
v -32.445759 48.464806 6.870514
v -34.375000 48.464806 6.870514
v -34.375000 48.498314 6.892151
v -32.445759 48.498314 6.892151
v -34.375000 48.532856 6.912109
v -32.445759 48.532856 6.912109
v -32.445759 48.568352 6.930298
v -34.375000 48.568352 6.930298
v -32.445759 48.604713 6.946686
v -34.375000 48.604713 6.946686
v -32.445759 48.641846 6.961273
v -34.375000 48.641846 6.961273
v -34.375000 48.679657 6.973969
v -32.445759 48.679657 6.973969
v -32.445759 48.718056 6.984772
v -34.375000 48.718056 6.984772
v -32.445759 48.756943 6.993652
v -34.375000 48.756943 6.993652
v -32.445759 48.796227 7.000580
v -34.375000 48.796227 7.000580
v -32.445759 48.835808 7.005554
v -34.375000 48.835808 7.005554
v -32.445759 48.875584 7.008514
v -34.375000 48.875584 7.008514
v -32.445759 48.915459 7.009521
v -34.375000 48.915459 7.009521
v -32.445759 54.915459 5.409515
v -34.375000 54.915459 5.409515
v -32.445759 54.875584 5.410522
v -34.375000 54.875584 5.410522
v -32.445759 54.835804 5.413483
v -34.375000 54.835804 5.413483
v -32.445759 54.796227 5.418457
v -34.375000 54.796227 5.418457
v -32.445759 54.756943 5.425385
v -34.375000 54.756943 5.425385
v -32.445759 54.718056 5.434265
v -34.375000 54.718056 5.434265
v -32.445759 54.679657 5.445068
v -34.375000 54.679657 5.445068
v -32.445759 54.641846 5.457764
v -34.375000 54.641846 5.457764
v -32.445759 54.604713 5.472351
v -34.375000 54.604713 5.472351
v -32.445759 54.568352 5.488739
v -34.375000 54.568352 5.488739
v -32.445759 54.532856 5.506927
v -34.375000 54.532856 5.506927
v -32.445759 54.498310 5.526886
v -34.375000 54.498310 5.526886
v -32.445759 54.464806 5.548523
v -34.375000 54.464806 5.548523
v -32.445759 54.432415 5.571808
v -34.375000 54.432415 5.571808
v -32.445759 54.401230 5.596680
v -34.375000 54.401230 5.596680
v -32.445759 54.371323 5.623077
v -34.375000 54.371323 5.623077
v -32.445759 54.342766 5.650940
v -34.375000 54.342766 5.650940
v -32.445759 54.315636 5.680176
v -34.375000 54.315636 5.680176
v -32.445759 54.289993 5.710724
v -34.375000 54.289993 5.710724
v -32.445759 54.265911 5.742523
v -34.375000 54.265911 5.742523
v -32.445759 54.243439 5.775482
v -34.375000 54.243439 5.775482
v -32.445759 54.222641 5.809509
v -34.375000 54.222641 5.809509
v -32.445759 54.203564 5.844543
v -34.375000 54.203564 5.844543
v -32.445759 54.186256 5.880493
v -34.375000 54.186256 5.880493
v -32.445759 54.170761 5.917236
v -34.375000 54.170761 5.917236
v -32.445759 54.157120 5.954742
v -34.375000 54.157120 5.954742
v -32.445759 54.145359 5.992859
v -34.375000 54.145359 5.992859
v -32.445759 54.135517 6.031494
v -34.375000 54.135517 6.031494
v -32.445759 54.127613 6.070587
v -34.375000 54.127613 6.070587
v -32.445759 54.121670 6.110046
v -34.375000 54.121670 6.110046
v -32.445759 54.117699 6.149719
v -34.375000 54.117699 6.149719
v -32.445759 54.115707 6.189575
v -34.375000 54.115707 6.189575
v -32.445759 54.115707 6.229462
v -34.375000 54.115707 6.229462
v -32.445759 54.117699 6.269287
v -34.375000 54.117699 6.269287
v -32.445759 54.121670 6.308990
v -34.375000 54.121670 6.308990
v -32.445759 54.127613 6.348450
v -34.375000 54.127613 6.348450
v -32.445759 54.135517 6.387543
v -34.375000 54.135517 6.387543
v -32.445759 54.145359 6.426178
v -34.375000 54.145359 6.426178
v -32.445759 54.157120 6.464294
v -34.375000 54.157120 6.464294
v -32.445759 54.170761 6.501801
v -34.375000 54.170761 6.501801
v -32.445759 54.186256 6.538544
v -34.375000 54.186256 6.538544
v -32.445759 54.203564 6.574493
v -34.375000 54.203564 6.574493
v -32.445759 54.222641 6.609528
v -34.375000 54.222641 6.609528
v -32.445759 54.243439 6.643555
v -34.375000 54.243439 6.643555
v -32.445759 54.265911 6.676514
v -34.375000 54.265911 6.676514
v -32.445759 54.289993 6.708313
v -34.375000 54.289993 6.708313
v -32.445759 54.315636 6.738861
v -34.375000 54.315636 6.738861
v -32.445759 54.342766 6.768097
v -34.375000 54.342766 6.768097
v -32.445759 54.371323 6.795959
v -34.375000 54.371323 6.795959
v -32.445759 54.401230 6.822357
v -34.375000 54.401230 6.822357
v -32.445759 54.432415 6.847229
v -34.375000 54.432415 6.847229
v -32.445759 54.464806 6.870514
v -34.375000 54.464806 6.870514
v -34.375000 54.498310 6.892151
v -32.445759 54.498310 6.892151
v -34.375000 54.532856 6.912109
v -32.445759 54.532856 6.912109
v -32.445759 54.568352 6.930298
v -34.375000 54.568352 6.930298
v -32.445759 54.604713 6.946686
v -34.375000 54.604713 6.946686
v -32.445759 54.641846 6.961273
v -34.375000 54.641846 6.961273
v -34.375000 54.679657 6.973969
v -32.445759 54.679657 6.973969
v -32.445759 54.718056 6.984772
v -34.375000 54.718056 6.984772
v -32.445759 54.756943 6.993652
v -34.375000 54.756943 6.993652
v -32.445759 54.796227 7.000580
v -34.375000 54.796227 7.000580
v -32.445759 54.835804 7.005554
v -34.375000 54.835804 7.005554
v -32.445759 54.875584 7.008514
v -34.375000 54.875584 7.008514
v -32.445759 54.915459 7.009521
v -34.375000 54.915459 7.009521
v 13.050000 48.915459 7.009521
v 14.375000 48.915459 7.009521
v 13.050000 48.875584 7.008514
v 14.375000 48.875584 7.008514
v 13.050000 48.835808 7.005554
v 14.375000 48.835808 7.005554
v 13.050000 48.796227 7.000580
v 14.375000 48.796227 7.000580
v 13.050000 48.756943 6.993652
v 14.375000 48.756943 6.993652
v 13.050000 48.718056 6.984772
v 14.375000 48.718056 6.984772
v 13.050000 48.679657 6.973969
v 14.375000 48.679657 6.973969
v 13.050000 48.641846 6.961273
v 14.375000 48.641846 6.961273
v 13.050000 48.604713 6.946686
v 14.375000 48.604713 6.946686
v 13.050000 48.568352 6.930298
v 14.375000 48.568352 6.930298
v 13.050000 48.532856 6.912109
v 14.375000 48.532856 6.912109
v 13.050000 48.498314 6.892151
v 14.375000 48.498314 6.892151
v 13.050000 48.464806 6.870514
v 14.375000 48.464806 6.870514
v 13.050000 48.432419 6.847229
v 14.375000 48.432419 6.847229
v 13.050000 48.401230 6.822357
v 14.375000 48.401230 6.822357
v 13.050000 48.371323 6.795959
v 14.375000 48.371323 6.795959
v 13.050000 48.342766 6.768097
v 14.375000 48.342766 6.768097
v 13.050000 48.315636 6.738861
v 14.375000 48.315636 6.738861
v 13.050000 48.289997 6.708313
v 14.375000 48.289997 6.708313
v 13.050000 48.265911 6.676514
v 14.375000 48.265911 6.676514
v 13.050000 48.243439 6.643555
v 14.375000 48.243439 6.643555
v 13.050000 48.222641 6.609528
v 14.375000 48.222641 6.609528
v 13.050000 48.203564 6.574493
v 14.375000 48.203564 6.574493
v 13.050000 48.186256 6.538544
v 14.375000 48.186256 6.538544
v 13.050000 48.170761 6.501801
v 14.375000 48.170761 6.501801
v 13.050000 48.157120 6.464294
v 14.375000 48.157120 6.464294
v 13.050000 48.145363 6.426178
v 14.375000 48.145363 6.426178
v 13.050000 48.135517 6.387543
v 14.375000 48.135517 6.387543
v 13.050000 48.127613 6.348450
v 14.375000 48.127613 6.348450
v 13.050000 48.121670 6.308990
v 14.375000 48.121670 6.308990
v 14.375000 48.117699 6.269287
v 13.050000 48.117699 6.269287
v 13.050000 48.115707 6.229462
v 14.375000 48.115707 6.229462
v 13.050000 48.115707 6.189575
v 14.375000 48.115707 6.189575
v 13.050000 48.117699 6.149719
v 14.375000 48.117699 6.149719
v 13.050000 48.121670 6.110046
v 14.375000 48.121670 6.110046
v 13.050000 48.127613 6.070587
v 14.375000 48.127613 6.070587
v 13.050000 48.135517 6.031494
v 14.375000 48.135517 6.031494
v 13.050000 48.145363 5.992859
v 14.375000 48.145363 5.992859
v 13.050000 48.157120 5.954742
v 14.375000 48.157120 5.954742
v 13.050000 48.170761 5.917236
v 14.375000 48.170761 5.917236
v 13.050000 48.186256 5.880493
v 14.375000 48.186256 5.880493
v 13.050000 48.203564 5.844543
v 14.375000 48.203564 5.844543
v 14.375000 48.222641 5.809509
v 13.050000 48.222641 5.809509
v 13.050000 48.243439 5.775482
v 14.375000 48.243439 5.775482
v 14.375000 48.265911 5.742523
v 13.050000 48.265911 5.742523
v 13.050000 48.289997 5.710724
v 14.375000 48.289997 5.710724
v 13.050000 48.315636 5.680176
v 14.375000 48.315636 5.680176
v 14.375000 48.342766 5.650940
v 13.050000 48.342766 5.650940
v 14.375000 48.371323 5.623077
v 13.050000 48.371323 5.623077
v 14.375000 48.401230 5.596680
v 13.050000 48.401230 5.596680
v 13.050000 48.432419 5.571808
v 14.375000 48.432419 5.571808
v 13.050000 48.464806 5.548523
v 14.375000 48.464806 5.548523
v 14.375000 48.498314 5.526886
v 13.050000 48.498314 5.526886
v 13.050000 48.532856 5.506927
v 14.375000 48.532856 5.506927
v 14.375000 48.568352 5.488739
v 13.050000 48.568352 5.488739
v 13.050000 48.604713 5.472351
v 14.375000 48.604713 5.472351
v 13.050000 48.641846 5.457764
v 14.375000 48.641846 5.457764
v 13.050000 48.679657 5.445068
v 14.375000 48.679657 5.445068
v 13.050000 48.718056 5.434265
v 14.375000 48.718056 5.434265
v 14.375000 48.756943 5.425385
v 13.050000 48.756943 5.425385
v 13.050000 48.796227 5.418457
v 14.375000 48.796227 5.418457
v 13.050000 48.835808 5.413483
v 14.375000 48.835808 5.413483
v 13.050000 48.875584 5.410522
v 14.375000 48.875584 5.410522
v 14.375000 48.915459 5.409515
v 13.050000 48.915459 5.409515
v 13.050000 54.915459 7.009521
v 14.375000 54.915459 7.009521
v 13.050000 54.875584 7.008514
v 14.375000 54.875584 7.008514
v 13.050000 54.835804 7.005554
v 14.375000 54.835804 7.005554
v 13.050000 54.796227 7.000580
v 14.375000 54.796227 7.000580
v 13.050000 54.756943 6.993652
v 14.375000 54.756943 6.993652
v 13.050000 54.718056 6.984772
v 14.375000 54.718056 6.984772
v 13.050000 54.679657 6.973969
v 14.375000 54.679657 6.973969
v 13.050000 54.641846 6.961273
v 14.375000 54.641846 6.961273
v 13.050000 54.604713 6.946686
v 14.375000 54.604713 6.946686
v 13.050000 54.568352 6.930298
v 14.375000 54.568352 6.930298
v 13.050000 54.532856 6.912109
v 14.375000 54.532856 6.912109
v 13.050000 54.498310 6.892151
v 14.375000 54.498310 6.892151
v 13.050000 54.464806 6.870514
v 14.375000 54.464806 6.870514
v 13.050000 54.432415 6.847229
v 14.375000 54.432415 6.847229
v 13.050000 54.401230 6.822357
v 14.375000 54.401230 6.822357
v 13.050000 54.371323 6.795959
v 14.375000 54.371323 6.795959
v 13.050000 54.342766 6.768097
v 14.375000 54.342766 6.768097
v 13.050000 54.315636 6.738861
v 14.375000 54.315636 6.738861
v 13.050000 54.289993 6.708313
v 14.375000 54.289993 6.708313
v 13.050000 54.265911 6.676514
v 14.375000 54.265911 6.676514
v 13.050000 54.243439 6.643555
v 14.375000 54.243439 6.643555
v 13.050000 54.222641 6.609528
v 14.375000 54.222641 6.609528
v 13.050000 54.203564 6.574493
v 14.375000 54.203564 6.574493
v 13.050000 54.186256 6.538544
v 14.375000 54.186256 6.538544
v 13.050000 54.170761 6.501801
v 14.375000 54.170761 6.501801
v 13.050000 54.157120 6.464294
v 14.375000 54.157120 6.464294
v 13.050000 54.145359 6.426178
v 14.375000 54.145359 6.426178
v 13.050000 54.135517 6.387543
v 14.375000 54.135517 6.387543
v 13.050000 54.127613 6.348450
v 14.375000 54.127613 6.348450
v 13.050000 54.121670 6.308990
v 14.375000 54.121670 6.308990
v 14.375000 54.117699 6.269287
v 13.050000 54.117699 6.269287
v 13.050000 54.115707 6.229462
v 14.375000 54.115707 6.229462
v 13.050000 54.115707 6.189575
v 14.375000 54.115707 6.189575
v 13.050000 54.117699 6.149719
v 14.375000 54.117699 6.149719
v 13.050000 54.121670 6.110046
v 14.375000 54.121670 6.110046
v 13.050000 54.127613 6.070587
v 14.375000 54.127613 6.070587
v 13.050000 54.135517 6.031494
v 14.375000 54.135517 6.031494
v 13.050000 54.145359 5.992859
v 14.375000 54.145359 5.992859
v 13.050000 54.157120 5.954742
v 14.375000 54.157120 5.954742
v 13.050000 54.170761 5.917236
v 14.375000 54.170761 5.917236
v 13.050000 54.186256 5.880493
v 14.375000 54.186256 5.880493
v 13.050000 54.203564 5.844543
v 14.375000 54.203564 5.844543
v 14.375000 54.222641 5.809509
v 13.050000 54.222641 5.809509
v 13.050000 54.243439 5.775482
v 14.375000 54.243439 5.775482
v 14.375000 54.265911 5.742523
v 13.050000 54.265911 5.742523
v 13.050000 54.289993 5.710724
v 14.375000 54.289993 5.710724
v 13.050000 54.315636 5.680176
v 14.375000 54.315636 5.680176
v 14.375000 54.342766 5.650940
v 13.050000 54.342766 5.650940
v 14.375000 54.371323 5.623077
v 13.050000 54.371323 5.623077
v 14.375000 54.401230 5.596680
v 13.050000 54.401230 5.596680
v 13.050000 54.432415 5.571808
v 14.375000 54.432415 5.571808
v 13.050000 54.464806 5.548523
v 14.375000 54.464806 5.548523
v 14.375000 54.498310 5.526886
v 13.050000 54.498310 5.526886
v 13.050000 54.532856 5.506927
v 14.375000 54.532856 5.506927
v 14.375000 54.568352 5.488739
v 13.050000 54.568352 5.488739
v 13.050000 54.604713 5.472351
v 14.375000 54.604713 5.472351
v 13.050000 54.641846 5.457764
v 14.375000 54.641846 5.457764
v 13.050000 54.679657 5.445068
v 14.375000 54.679657 5.445068
v 13.050000 54.718056 5.434265
v 14.375000 54.718056 5.434265
v 14.375000 54.756943 5.425385
v 13.050000 54.756943 5.425385
v 13.050000 54.796227 5.418457
v 14.375000 54.796227 5.418457
v 13.050000 54.835804 5.413483
v 14.375000 54.835804 5.413483
v 13.050000 54.875584 5.410522
v 14.375000 54.875584 5.410522
v 14.375000 54.915459 5.409515
v 13.050000 54.915459 5.409515
v -30.049999 65.640457 0.009521
v -30.166454 65.765457 0.183502
v -30.047951 65.640457 0.091766
v -30.041801 65.640457 0.173798
v -30.031570 65.640457 0.255432
v -30.422485 66.015457 0.110443
v -30.290852 65.890457 0.195740
v -30.424999 66.015457 0.009521
v -30.414940 66.015457 0.211151
v -30.402382 66.015457 0.311340
v -30.140896 65.765457 0.355804
v -30.017284 65.640457 0.336456
v -29.998978 65.640457 0.416656
v -30.263493 65.890457 0.380188
v -30.384850 66.015457 0.410767
v -30.362381 66.015457 0.509216
v -30.098568 65.765457 0.524780
v -29.976696 65.640457 0.495850
v -29.950493 65.640457 0.573853
v -30.335037 66.015457 0.606384
v -30.218189 65.890457 0.561066
v -30.302879 66.015457 0.702118
v -30.039886 65.765457 0.688782
v -29.920437 65.640457 0.650421
v -29.886600 65.640457 0.725433
v -30.265991 66.015457 0.796112
v -30.155373 65.890457 0.736603
v -30.224464 66.015457 0.888123
v -29.965412 65.765457 0.846252
v -29.849068 65.640457 0.798645
v -29.807930 65.640457 0.869873
v -30.178398 66.015457 0.977997
v -30.075649 65.890457 0.905182
v -30.127914 66.015457 1.065430
v -29.875858 65.765457 0.995667
v -29.763294 65.640457 0.938995
v -29.715271 65.640457 1.005798
v -30.073135 66.015457 1.150238
v -29.979794 65.890457 1.065094
v -30.014194 66.015457 1.232208
v -29.772095 65.765457 1.135559
v -29.663975 65.640457 1.070129
v -29.609535 65.640457 1.131805
v -29.951241 66.015457 1.311157
v -29.868721 65.890457 1.214874
v -29.884430 66.015457 1.386871
v -29.655117 65.765457 1.264618
v -29.552090 65.640457 1.190704
v -29.491783 65.640457 1.246643
v -29.813931 66.015457 1.459137
v -29.743504 65.890457 1.353027
v -29.739914 66.015457 1.527832
v -29.526051 65.765457 1.381622
v -29.428761 65.640457 1.299530
v -29.363178 65.640457 1.349213
v -29.605347 65.890457 1.478241
v -29.662567 66.015457 1.592712
v -29.582081 66.015457 1.653687
v -29.386139 65.765457 1.485382
v -29.295200 65.640457 1.395569
v -29.225002 65.640457 1.438446
v -29.498657 66.015457 1.710571
v -29.455585 65.890457 1.589325
v -29.412502 66.015457 1.763214
v -29.236729 65.765457 1.574921
v -29.152748 65.640457 1.477814
v -29.078625 65.640457 1.513489
v -29.323826 66.015457 1.811523
v -29.295654 65.890457 1.685181
v -29.232857 66.015457 1.855316
v -29.079266 65.765457 1.649414
v -29.002815 65.640457 1.545471
v -28.925503 65.640457 1.573608
v -29.139816 66.015457 1.894531
v -29.127098 65.890457 1.764893
v -29.044937 66.015457 1.929077
v -28.915257 65.765457 1.708099
v -28.846886 65.640457 1.597839
v -28.767159 65.640457 1.618164
v -28.951542 65.890457 1.827698
v -28.948452 66.015457 1.958832
v -28.850605 66.015457 1.983734
v -28.746284 65.765457 1.750397
v -28.686520 65.640457 1.634460
v -28.605167 65.640457 1.646698
v -28.751637 66.015457 2.003754
v -28.770672 65.890457 1.873016
v -28.651798 66.015457 2.018799
v -28.573982 65.765457 1.775970
v -28.523304 65.640457 1.654907
v -28.441135 65.640457 1.658997
v -28.586235 65.890457 1.900360
v -28.551331 66.015457 2.028870
v -28.450485 66.015457 2.033875
v -28.400002 65.765457 1.784515
v -28.358864 65.640457 1.658997
v -28.400002 65.890457 1.909515
v -28.349518 66.015457 2.033875
v -28.226021 65.765457 1.775970
v -28.276695 65.640457 1.654907
v -28.194832 65.640457 1.646698
v -28.213768 65.890457 1.900360
v -28.248672 66.015457 2.028870
v -28.148205 66.015457 2.018799
v -28.113480 65.640457 1.634460
v -28.053715 65.765457 1.750397
v -28.032841 65.640457 1.618164
v -28.048363 66.015457 2.003754
v -28.029327 65.890457 1.873016
v -27.949394 66.015457 1.983734
v -27.884747 65.765457 1.708099
v -27.953114 65.640457 1.597839
v -27.874496 65.640457 1.573608
v -27.848461 65.890457 1.827698
v -27.851547 66.015457 1.958832
v -27.755066 66.015457 1.929077
v -27.720737 65.765457 1.649414
v -27.797188 65.640457 1.545471
v -27.721378 65.640457 1.513489
v -27.672901 65.890457 1.764893
v -27.660187 66.015457 1.894531
v -27.567142 66.015457 1.855316
v -27.563271 65.765457 1.574921
v -27.647255 65.640457 1.477814
v -27.575001 65.640457 1.438446
v -27.476173 66.015457 1.811523
v -27.504349 65.890457 1.685181
v -27.387501 66.015457 1.763214
v -27.413864 65.765457 1.485382
v -27.504799 65.640457 1.395569
v -27.436825 65.640457 1.349213
v -27.344418 65.890457 1.589325
v -27.301346 66.015457 1.710571
v -27.217918 66.015457 1.653687
v -27.273952 65.765457 1.381622
v -27.371243 65.640457 1.299530
v -27.308220 65.640457 1.246643
v -27.194653 65.890457 1.478241
v -27.137432 66.015457 1.592712
v -27.060085 66.015457 1.527832
v -27.144886 65.765457 1.264618
v -27.247910 65.640457 1.190704
v -27.190464 65.640457 1.131805
v -27.056499 65.890457 1.353027
v -26.986073 66.015457 1.459137
v -26.915569 66.015457 1.386871
v -27.027908 65.765457 1.135559
v -27.136028 65.640457 1.070129
v -27.084732 65.640457 1.005798
v -26.848763 66.015457 1.311157
v -26.931282 65.890457 1.214874
v -26.785809 66.015457 1.232208
v -26.924141 65.765457 0.995667
v -27.036705 65.640457 0.938995
v -26.992069 65.640457 0.869873
v -26.820210 65.890457 1.065094
v -26.726868 66.015457 1.150238
v -26.672089 66.015457 1.065430
v -26.834591 65.765457 0.846252
v -26.950935 65.640457 0.798645
v -26.913403 65.640457 0.725433
v -26.724350 65.890457 0.905182
v -26.621601 66.015457 0.977997
v -26.575539 66.015457 0.888123
v -26.760113 65.765457 0.688782
v -26.879566 65.640457 0.650421
v -26.849506 65.640457 0.573853
v -26.644630 65.890457 0.736603
v -26.534012 66.015457 0.796112
v -26.497124 66.015457 0.702118
v -26.701431 65.765457 0.524780
v -26.823307 65.640457 0.495850
v -26.801022 65.640457 0.416656
v -26.581814 65.890457 0.561066
v -26.464966 66.015457 0.606384
v -26.437618 66.015457 0.509216
v -26.659107 65.765457 0.355804
v -26.782715 65.640457 0.336456
v -26.768429 65.640457 0.255432
v -26.536510 65.890457 0.380188
v -26.415150 66.015457 0.410767
v -26.397617 66.015457 0.311340
v -26.633549 65.765457 0.183502
v -26.758202 65.640457 0.173798
v -26.752052 65.640457 0.091766
v -26.750000 65.640457 0.009521
v -26.509151 65.890457 0.195740
v -26.375000 66.015457 0.009521
v -26.385063 66.015457 0.211151
v -26.377518 66.015457 0.110443
v -30.049999 61.015461 0.009521
v -30.047951 61.015461 0.091766
v -30.041801 61.015461 0.173798
v -30.031570 61.015461 0.255432
v -30.017284 61.015461 0.336456
v -29.998978 61.015461 0.416656
v -29.976696 61.015461 0.495850
v -29.950493 61.015461 0.573853
v -29.920437 61.015461 0.650421
v -29.886600 61.015461 0.725433
v -29.849068 61.015461 0.798645
v -29.807930 61.015461 0.869873
v -29.763294 61.015461 0.938995
v -29.715271 61.015461 1.005798
v -29.663975 61.015461 1.070129
v -29.609535 61.015461 1.131805
v -29.552090 61.015461 1.190704
v -29.491783 61.015461 1.246643
v -29.428761 61.015461 1.299530
v -29.363178 61.015461 1.349213
v -29.295200 61.015461 1.395569
v -29.225002 61.015461 1.438446
v -29.152748 61.015461 1.477814
v -29.078625 61.015461 1.513489
v -29.002815 61.015461 1.545471
v -28.925503 61.015461 1.573608
v -28.846886 61.015461 1.597839
v -28.767159 61.015461 1.618164
v -28.686520 61.015461 1.634460
v -28.605167 61.015461 1.646698
v -28.523304 61.015461 1.654907
v -28.441135 61.015461 1.658997
v -28.358864 61.015461 1.658997
v -28.276695 61.015461 1.654907
v -28.194832 61.015461 1.646698
v -28.113480 61.015461 1.634460
v -28.032841 61.015461 1.618164
v -27.953114 61.015461 1.597839
v -27.874496 61.015461 1.573608
v -27.797188 61.015461 1.545471
v -27.721378 61.015461 1.513489
v -27.647255 61.015461 1.477814
v -27.575001 61.015461 1.438446
v -27.504799 61.015461 1.395569
v -27.436825 61.015461 1.349213
v -27.371243 61.015461 1.299530
v -27.308220 61.015461 1.246643
v -27.247910 61.015461 1.190704
v -27.190464 61.015461 1.131805
v -27.136028 61.015461 1.070129
v -27.084732 61.015461 1.005798
v -27.036705 61.015461 0.938995
v -26.992069 61.015461 0.869873
v -26.950935 61.015461 0.798645
v -26.913403 61.015461 0.725433
v -26.879566 61.015461 0.650421
v -26.849506 61.015461 0.573853
v -26.823307 61.015461 0.495850
v -26.801022 61.015461 0.416656
v -26.782715 61.015461 0.336456
v -26.768429 61.015461 0.255432
v -26.758202 61.015461 0.173798
v -26.752052 61.015461 0.091766
v -26.750000 61.015461 0.009521
v -30.081013 66.015457 5.512878
v -29.992298 65.915459 5.416351
v -30.091553 66.015457 5.428772
v -30.097889 66.015457 5.344269
v -30.100002 66.015457 5.259521
v -29.900002 65.815460 5.259521
v -29.898136 65.815460 5.334290
v -29.892548 65.815460 5.408875
v -29.883247 65.815460 5.483093
v -29.969257 65.915459 5.571655
v -30.047432 66.015457 5.679016
v -30.066296 66.015457 5.596375
v -29.870258 65.815460 5.556732
v -29.853615 65.815460 5.629639
v -29.931107 65.915459 5.723969
v -29.997478 66.015457 5.840942
v -30.024475 66.015457 5.760590
v -29.833359 65.815460 5.701660
v -29.809540 65.815460 5.772552
v -29.931648 66.015457 5.997131
v -29.878208 65.915459 5.871826
v -29.966511 66.015457 5.919861
v -29.782215 65.815460 5.842163
v -29.751453 65.815460 5.910339
v -29.811073 65.915459 6.013763
v -29.850594 66.015457 6.145966
v -29.892979 66.015457 6.072540
v -29.717335 65.815460 5.976898
v -29.679935 65.815460 6.041656
v -29.730350 65.915459 6.148438
v -29.755127 66.015457 6.285980
v -29.804607 66.015457 6.217163
v -29.639359 65.815460 6.104492
v -29.595699 65.815460 6.165222
v -29.646191 66.015457 6.415802
v -29.636818 65.915459 6.274536
v -29.702278 66.015457 6.352264
v -29.549068 65.815460 6.223694
v -29.499580 65.815460 6.279785
v -29.531372 65.915459 6.390900
v -29.524868 66.015457 6.534149
v -29.587002 66.015457 6.476501
v -29.447357 65.815460 6.333313
v -29.392529 65.815460 6.384186
v -29.392365 66.015457 6.639801
v -29.415031 65.915459 6.496338
v -29.459934 66.015457 6.588623
v -29.335236 65.815460 6.432251
v -29.275616 65.815460 6.477417
v -29.288914 65.915459 6.589874
v -29.250000 66.015457 6.731750
v -29.322330 66.015457 6.687561
v -29.213821 65.815460 6.519562
v -29.150002 65.815460 6.558563
v -29.154236 65.915459 6.670593
v -29.099190 66.015457 6.809082
v -29.175560 66.015457 6.772308
v -29.084316 65.815460 6.594330
v -29.016930 65.815460 6.626770
v -28.941429 66.015457 6.871002
v -29.012295 65.915459 6.737732
v -29.021080 66.015457 6.842010
v -28.948013 65.815460 6.655823
v -28.877731 65.815460 6.681396
v -28.778286 66.015457 6.916901
v -28.864456 65.915459 6.790619
v -28.860428 66.015457 6.895966
v -28.806263 65.815460 6.703461
v -28.733784 65.815460 6.721924
v -28.712147 65.915459 6.828766
v -28.611385 66.015457 6.946320
v -28.695202 66.015457 6.933685
v -28.660473 65.815460 6.736725
v -28.586517 65.815460 6.747864
v -28.442383 66.015457 6.958984
v -28.556828 65.915459 6.851807
v -28.527042 66.015457 6.954773
v -28.512096 65.815460 6.755310
v -28.437397 65.815460 6.759064
v -28.357620 66.015457 6.958984
v -28.400002 65.915459 6.859528
v -28.362606 65.815460 6.759064
v -28.243172 65.915459 6.851807
v -28.188618 66.015457 6.946320
v -28.272961 66.015457 6.954773
v -28.287907 65.815460 6.755310
v -28.213486 65.815460 6.747864
v -28.139530 65.815460 6.736725
v -28.087856 65.915459 6.828766
v -28.066219 65.815460 6.721924
v -28.021717 66.015457 6.916901
v -28.104797 66.015457 6.933685
v -27.935547 65.915459 6.790619
v -27.993740 65.815460 6.703461
v -27.922272 65.815460 6.681396
v -27.858574 66.015457 6.871002
v -27.939571 66.015457 6.895966
v -27.787708 65.915459 6.737732
v -27.851990 65.815460 6.655823
v -27.783070 65.815460 6.626770
v -27.700813 66.015457 6.809082
v -27.778919 66.015457 6.842010
v -27.645767 65.915459 6.670593
v -27.715683 65.815460 6.594330
v -27.650002 65.815460 6.558563
v -27.549999 66.015457 6.731750
v -27.624443 66.015457 6.772308
v -27.511089 65.915459 6.589874
v -27.586182 65.815460 6.519562
v -27.524384 65.815460 6.477417
v -27.407635 66.015457 6.639801
v -27.477673 66.015457 6.687561
v -27.384972 65.915459 6.496338
v -27.464767 65.815460 6.432251
v -27.407471 65.815460 6.384186
v -27.275135 66.015457 6.534149
v -27.340069 66.015457 6.588623
v -27.268631 65.915459 6.390900
v -27.352646 65.815460 6.333313
v -27.300423 65.815460 6.279785
v -27.153812 66.015457 6.415802
v -27.212997 66.015457 6.476501
v -27.163185 65.915459 6.274536
v -27.250935 65.815460 6.223694
v -27.204304 65.815460 6.165222
v -27.044876 66.015457 6.285980
v -27.097725 66.015457 6.352264
v -26.949406 66.015457 6.145966
v -27.069649 65.915459 6.148438
v -26.995396 66.015457 6.217163
v -27.160641 65.815460 6.104492
v -27.120064 65.815460 6.041656
v -26.868355 66.015457 5.997131
v -26.988926 65.915459 6.013763
v -26.907024 66.015457 6.072540
v -27.082668 65.815460 5.976898
v -27.048546 65.815460 5.910339
v -26.802525 66.015457 5.840942
v -26.921795 65.915459 5.871826
v -26.833492 66.015457 5.919861
v -27.017788 65.815460 5.842163
v -26.990463 65.815460 5.772552
v -26.752571 66.015457 5.679016
v -26.868896 65.915459 5.723969
v -26.775528 66.015457 5.760590
v -26.966640 65.815460 5.701660
v -26.946384 65.815460 5.629639
v -26.830746 65.915459 5.571655
v -26.718987 66.015457 5.512878
v -26.733707 66.015457 5.596375
v -26.929741 65.815460 5.556732
v -26.916756 65.815460 5.483093
v -26.900002 65.815460 5.259521
v -26.807705 65.915459 5.416351
v -26.700001 66.015457 5.259521
v -26.702114 66.015457 5.344269
v -26.708450 66.015457 5.428772
v -26.907455 65.815460 5.408875
v -26.901867 65.815460 5.334290
v -34.450001 54.829697 5.338745
v -34.450001 54.744755 5.351318
v -34.600002 54.864368 5.185791
v -34.525002 54.822342 5.264099
v -34.600002 54.915459 5.184509
v -34.600002 54.813404 5.189606
v -34.600002 54.762691 5.195953
v -34.450001 54.661461 5.372192
v -34.600002 54.712360 5.204834
v -34.525002 54.730125 5.277771
v -34.600002 54.662533 5.216217
v -34.450001 54.580612 5.401123
v -34.600002 54.613335 5.230042
v -34.525002 54.639690 5.300415
v -34.600002 54.564888 5.246338
v -34.450001 54.502987 5.437836
v -34.600002 54.517315 5.265015
v -34.525002 54.551910 5.331818
v -34.600002 54.470730 5.286011
v -34.450001 54.429337 5.481995
v -34.600002 54.425251 5.309326
v -34.525002 54.467632 5.371704
v -34.600002 54.380989 5.334900
v -34.450001 54.360367 5.533142
v -34.600002 54.338058 5.362610
v -34.525002 54.387669 5.419617
v -34.600002 54.296562 5.392456
v -34.450001 54.296741 5.590790
v -34.600002 54.256603 5.424316
v -34.525002 54.312786 5.475159
v -34.600002 54.218285 5.458130
v -34.450001 54.239075 5.654419
v -34.600002 54.181698 5.493835
v -34.525002 54.243710 5.537781
v -34.600002 54.146935 5.531281
v -34.450001 54.187923 5.723389
v -34.525002 54.181099 5.606842
v -34.600002 54.114082 5.570435
v -34.600002 54.083225 5.611176
v -34.450001 54.143780 5.797058
v -34.600002 54.054432 5.653412
v -34.525002 54.125565 5.681732
v -34.600002 54.027782 5.697021
v -34.450001 54.107067 5.874664
v -34.600002 54.003342 5.741913
v -34.525002 54.077637 5.761688
v -34.600002 53.981167 5.787933
v -34.450001 54.078136 5.955505
v -34.525002 54.037773 5.845978
v -34.600002 53.961315 5.835052
v -34.600002 53.943836 5.883057
v -34.450001 54.057274 6.038818
v -34.525002 54.006367 5.933746
v -34.600002 53.928772 5.931915
v -34.600002 53.916161 5.981445
v -34.450001 54.044674 6.123749
v -34.525002 53.983715 6.024170
v -34.600002 53.906033 6.031525
v -34.600002 53.898415 6.082062
v -34.450001 54.040459 6.209503
v -34.525002 53.970036 6.116394
v -34.600002 53.893326 6.132935
v -34.600002 53.890778 6.183960
v -34.450001 54.044674 6.295288
v -34.525002 53.965462 6.209503
v -34.600002 53.890778 6.235077
v -34.450001 54.057274 6.380219
v -34.525002 53.970036 6.302643
v -34.600002 53.893326 6.286102
v -34.600002 53.898415 6.336975
v -34.450001 54.078136 6.463531
v -34.525002 53.983715 6.394867
v -34.600002 53.906033 6.387512
v -34.600002 53.916161 6.437592
v -34.450001 54.107067 6.544373
v -34.525002 54.006367 6.485291
v -34.600002 53.928772 6.487122
v -34.600002 53.943836 6.535980
v -34.450001 54.143780 6.621979
v -34.600002 53.961315 6.583984
v -34.525002 54.037773 6.573059
v -34.600002 53.981167 6.631073
v -34.450001 54.187923 6.695648
v -34.525002 54.077637 6.657349
v -34.600002 54.003342 6.677124
v -34.600002 54.027782 6.722015
v -34.450001 54.239075 6.764618
v -34.525002 54.125565 6.737305
v -34.600002 54.054432 6.765625
v -34.600002 54.083225 6.807861
v -34.450001 54.296741 6.828247
v -34.525002 54.181099 6.812195
v -34.600002 54.114082 6.848602
v -34.600002 54.146935 6.887756
v -34.450001 54.360367 6.885895
v -34.525002 54.243710 6.881256
v -34.600002 54.181698 6.925201
v -34.600002 54.218285 6.960907
v -34.450001 54.429337 6.937042
v -34.525002 54.312786 6.943878
v -34.600002 54.256603 6.994720
v -34.600002 54.296562 7.026581
v -34.450001 54.502987 6.981201
v -34.600002 54.338058 7.056427
v -34.525002 54.387669 6.999420
v -34.600002 54.380989 7.084137
v -34.450001 54.580612 7.017914
v -34.525002 54.467632 7.047333
v -34.600002 54.425251 7.109680
v -34.600002 54.470730 7.132996
v -34.450001 54.661461 7.046844
v -34.525002 54.551910 7.087189
v -34.600002 54.517315 7.154022
v -34.600002 54.564888 7.172699
v -34.450001 54.744755 7.067719
v -34.525002 54.639690 7.118622
v -34.600002 54.613335 7.188965
v -34.600002 54.662533 7.202820
v -34.450001 54.829697 7.080292
v -34.525002 54.730125 7.141266
v -34.600002 54.712360 7.214203
v -34.600002 54.762691 7.223083
v -34.525002 54.822342 7.154938
v -34.600002 54.915459 7.234528
v -34.600002 54.813404 7.229431
v -34.600002 54.864368 7.233246
v -34.450001 48.829697 5.338745
v -34.450001 48.744755 5.351318
v -34.600002 48.864368 5.185791
v -34.525002 48.822346 5.264099
v -34.600002 48.915459 5.184509
v -34.600002 48.813404 5.189606
v -34.600002 48.762691 5.195953
v -34.450001 48.661461 5.372192
v -34.600002 48.712360 5.204834
v -34.525002 48.730125 5.277771
v -34.600002 48.662533 5.216217
v -34.450001 48.580612 5.401123
v -34.600002 48.613335 5.230042
v -34.525002 48.639690 5.300415
v -34.600002 48.564888 5.246338
v -34.450001 48.502987 5.437836
v -34.600002 48.517315 5.265015
v -34.525002 48.551910 5.331818
v -34.600002 48.470730 5.286011
v -34.450001 48.429337 5.481995
v -34.600002 48.425251 5.309326
v -34.525002 48.467632 5.371704
v -34.600002 48.380989 5.334900
v -34.450001 48.360367 5.533142
v -34.600002 48.338058 5.362610
v -34.525002 48.387669 5.419617
v -34.600002 48.296562 5.392456
v -34.450001 48.296741 5.590790
v -34.600002 48.256603 5.424316
v -34.525002 48.312786 5.475159
v -34.600002 48.218285 5.458130
v -34.450001 48.239075 5.654419
v -34.600002 48.181698 5.493835
v -34.525002 48.243710 5.537781
v -34.600002 48.146935 5.531281
v -34.450001 48.187923 5.723389
v -34.525002 48.181099 5.606842
v -34.600002 48.114082 5.570435
v -34.600002 48.083225 5.611176
v -34.450001 48.143780 5.797058
v -34.525002 48.125565 5.681732
v -34.600002 48.054436 5.653412
v -34.600002 48.027786 5.697021
v -34.450001 48.107067 5.874664
v -34.600002 48.003342 5.741913
v -34.525002 48.077637 5.761688
v -34.600002 47.981167 5.787933
v -34.450001 48.078136 5.955505
v -34.525002 48.037773 5.845978
v -34.600002 47.961315 5.835052
v -34.600002 47.943836 5.883057
v -34.450001 48.057274 6.038818
v -34.525002 48.006367 5.933746
v -34.600002 47.928772 5.931915
v -34.600002 47.916161 5.981445
v -34.450001 48.044674 6.123749
v -34.525002 47.983715 6.024170
v -34.600002 47.906033 6.031525
v -34.600002 47.898415 6.082062
v -34.450001 48.040459 6.209503
v -34.525002 47.970036 6.116394
v -34.600002 47.893326 6.132935
v -34.600002 47.890778 6.183960
v -34.450001 48.044674 6.295288
v -34.525002 47.965462 6.209503
v -34.600002 47.890778 6.235077
v -34.450001 48.057274 6.380219
v -34.525002 47.970036 6.302643
v -34.600002 47.893326 6.286102
v -34.600002 47.898415 6.336975
v -34.450001 48.078136 6.463531
v -34.600002 47.906033 6.387512
v -34.525002 47.983715 6.394867
v -34.600002 47.916161 6.437592
v -34.450001 48.107067 6.544373
v -34.525002 48.006367 6.485291
v -34.600002 47.928772 6.487122
v -34.600002 47.943836 6.535980
v -34.450001 48.143780 6.621979
v -34.525002 48.037773 6.573059
v -34.600002 47.961315 6.583984
v -34.600002 47.981167 6.631073
v -34.450001 48.187923 6.695648
v -34.525002 48.077637 6.657349
v -34.600002 48.003342 6.677124
v -34.600002 48.027786 6.722015
v -34.450001 48.239075 6.764618
v -34.525002 48.125565 6.737305
v -34.600002 48.054436 6.765625
v -34.600002 48.083225 6.807861
v -34.450001 48.296741 6.828247
v -34.525002 48.181099 6.812195
v -34.600002 48.114082 6.848602
v -34.600002 48.146935 6.887756
v -34.450001 48.360367 6.885895
v -34.525002 48.243710 6.881256
v -34.600002 48.181698 6.925201
v -34.600002 48.218285 6.960907
v -34.450001 48.429337 6.937042
v -34.600002 48.256603 6.994720
v -34.525002 48.312786 6.943878
v -34.600002 48.296562 7.026581
v -34.450001 48.502987 6.981201
v -34.525002 48.387669 6.999420
v -34.600002 48.338058 7.056427
v -34.600002 48.380989 7.084137
v -34.450001 48.580612 7.017914
v -34.525002 48.467632 7.047333
v -34.600002 48.425251 7.109680
v -34.600002 48.470730 7.132996
v -34.450001 48.661461 7.046844
v -34.600002 48.517315 7.154022
v -34.525002 48.551910 7.087189
v -34.600002 48.564888 7.172699
v -34.450001 48.744755 7.067719
v -34.525002 48.639690 7.118622
v -34.600002 48.613335 7.188965
v -34.600002 48.662533 7.202820
v -34.450001 48.829697 7.080292
v -34.525002 48.730125 7.141266
v -34.600002 48.712360 7.214203
v -34.600002 48.762691 7.223083
v -34.525002 48.822346 7.154938
v -34.600002 48.915459 7.234528
v -34.600002 48.813404 7.229431
v -34.600002 48.864368 7.233246
v 14.450000 54.829697 7.080292
v 14.450000 54.744755 7.067719
v 14.600000 54.864368 7.233246
v 14.525000 54.822342 7.154938
v 14.600000 54.915459 7.234528
v 14.600000 54.813404 7.229431
v 14.600000 54.762691 7.223083
v 14.450000 54.661461 7.046844
v 14.600000 54.712360 7.214203
v 14.525000 54.730125 7.141266
v 14.600000 54.662533 7.202820
v 14.450000 54.580612 7.017914
v 14.600000 54.613335 7.188965
v 14.525000 54.639690 7.118622
v 14.600000 54.564888 7.172699
v 14.450000 54.502987 6.981201
v 14.600000 54.517315 7.154022
v 14.525000 54.551910 7.087189
v 14.600000 54.470730 7.132996
v 14.450000 54.429337 6.937042
v 14.600000 54.425251 7.109680
v 14.525000 54.467632 7.047333
v 14.600000 54.380989 7.084137
v 14.450000 54.360367 6.885895
v 14.600000 54.338058 7.056427
v 14.525000 54.387669 6.999420
v 14.600000 54.296562 7.026581
v 14.450000 54.296741 6.828247
v 14.600000 54.256603 6.994720
v 14.525000 54.312786 6.943878
v 14.600000 54.218285 6.960907
v 14.450000 54.239075 6.764618
v 14.600000 54.181698 6.925201
v 14.525000 54.243710 6.881256
v 14.600000 54.146935 6.887756
v 14.450000 54.187923 6.695648
v 14.525000 54.181099 6.812195
v 14.600000 54.114082 6.848602
v 14.600000 54.083225 6.807861
v 14.450000 54.143780 6.621979
v 14.525000 54.125565 6.737305
v 14.600000 54.054432 6.765625
v 14.600000 54.027782 6.722015
v 14.450000 54.107067 6.544373
v 14.600000 54.003342 6.677124
v 14.525000 54.077637 6.657349
v 14.600000 53.981167 6.631073
v 14.450000 54.078136 6.463531
v 14.525000 54.037773 6.573059
v 14.600000 53.961315 6.583984
v 14.600000 53.943836 6.535980
v 14.450000 54.057274 6.380219
v 14.525000 54.006367 6.485291
v 14.600000 53.928772 6.487122
v 14.600000 53.916161 6.437592
v 14.450000 54.044674 6.295288
v 14.525000 53.983715 6.394867
v 14.600000 53.906033 6.387512
v 14.600000 53.898415 6.336975
v 14.450000 54.040459 6.209503
v 14.525000 53.970036 6.302643
v 14.600000 53.893326 6.286102
v 14.600000 53.890778 6.235077
v 14.450000 54.044674 6.123749
v 14.525000 53.965462 6.209503
v 14.600000 53.890778 6.183960
v 14.450000 54.057274 6.038818
v 14.525000 53.970036 6.116394
v 14.600000 53.893326 6.132935
v 14.600000 53.898415 6.082062
v 14.450000 54.078136 5.955505
v 14.525000 53.983715 6.024170
v 14.600000 53.906033 6.031525
v 14.600000 53.916161 5.981445
v 14.450000 54.107067 5.874664
v 14.525000 54.006367 5.933746
v 14.600000 53.928772 5.931915
v 14.600000 53.943836 5.883057
v 14.450000 54.143780 5.797058
v 14.525000 54.037773 5.845978
v 14.600000 53.961315 5.835052
v 14.600000 53.981167 5.787933
v 14.450000 54.187923 5.723389
v 14.600000 54.003342 5.741913
v 14.525000 54.077637 5.761688
v 14.600000 54.027782 5.697021
v 14.450000 54.239075 5.654419
v 14.525000 54.125565 5.681732
v 14.600000 54.054432 5.653412
v 14.600000 54.083225 5.611176
v 14.450000 54.296741 5.590790
v 14.525000 54.181099 5.606842
v 14.600000 54.114082 5.570435
v 14.600000 54.146935 5.531281
v 14.450000 54.360367 5.533142
v 14.525000 54.243710 5.537781
v 14.600000 54.181698 5.493835
v 14.600000 54.218285 5.458130
v 14.450000 54.429337 5.481995
v 14.525000 54.312786 5.475159
v 14.600000 54.256603 5.424316
v 14.600000 54.296562 5.392456
v 14.450000 54.502987 5.437836
v 14.525000 54.387669 5.419617
v 14.600000 54.338058 5.362610
v 14.600000 54.380989 5.334900
v 14.450000 54.580612 5.401123
v 14.525000 54.467632 5.371704
v 14.600000 54.425251 5.309326
v 14.600000 54.470730 5.286011
v 14.450000 54.661461 5.372192
v 14.525000 54.551910 5.331818
v 14.600000 54.517315 5.265015
v 14.600000 54.564888 5.246338
v 14.450000 54.744755 5.351318
v 14.525000 54.639690 5.300415
v 14.600000 54.613335 5.230042
v 14.600000 54.662533 5.216217
v 14.450000 54.829697 5.338745
v 14.525000 54.730125 5.277771
v 14.600000 54.712360 5.204834
v 14.600000 54.762691 5.195953
v 14.525000 54.822342 5.264099
v 14.600000 54.915459 5.184509
v 14.600000 54.813404 5.189606
v 14.600000 54.864368 5.185791
v 14.450000 48.829697 7.080292
v 14.450000 48.744755 7.067719
v 14.600000 48.864368 7.233246
v 14.525000 48.822346 7.154938
v 14.600000 48.915459 7.234528
v 14.600000 48.813404 7.229431
v 14.600000 48.762691 7.223083
v 14.450000 48.661461 7.046844
v 14.600000 48.712360 7.214203
v 14.525000 48.730125 7.141266
v 14.600000 48.662533 7.202820
v 14.450000 48.580612 7.017914
v 14.600000 48.613335 7.188965
v 14.525000 48.639690 7.118622
v 14.600000 48.564888 7.172699
v 14.450000 48.502987 6.981201
v 14.600000 48.517315 7.154022
v 14.525000 48.551910 7.087189
v 14.600000 48.470730 7.132996
v 14.450000 48.429337 6.937042
v 14.600000 48.425251 7.109680
v 14.525000 48.467632 7.047333
v 14.600000 48.380989 7.084137
v 14.450000 48.360367 6.885895
v 14.600000 48.338058 7.056427
v 14.525000 48.387669 6.999420
v 14.600000 48.296562 7.026581
v 14.450000 48.296741 6.828247
v 14.600000 48.256603 6.994720
v 14.525000 48.312786 6.943878
v 14.600000 48.218285 6.960907
v 14.450000 48.239075 6.764618
v 14.600000 48.181698 6.925201
v 14.525000 48.243710 6.881256
v 14.600000 48.146935 6.887756
v 14.450000 48.187923 6.695648
v 14.525000 48.181099 6.812195
v 14.600000 48.114082 6.848602
v 14.600000 48.083225 6.807861
v 14.450000 48.143780 6.621979
v 14.600000 48.054436 6.765625
v 14.525000 48.125565 6.737305
v 14.600000 48.027786 6.722015
v 14.450000 48.107067 6.544373
v 14.600000 48.003342 6.677124
v 14.525000 48.077637 6.657349
v 14.600000 47.981167 6.631073
v 14.450000 48.078136 6.463531
v 14.525000 48.037773 6.573059
v 14.600000 47.961315 6.583984
v 14.600000 47.943836 6.535980
v 14.450000 48.057274 6.380219
v 14.525000 48.006367 6.485291
v 14.600000 47.928772 6.487122
v 14.600000 47.916161 6.437592
v 14.450000 48.044674 6.295288
v 14.525000 47.983715 6.394867
v 14.600000 47.906033 6.387512
v 14.600000 47.898415 6.336975
v 14.450000 48.040459 6.209503
v 14.525000 47.970036 6.302643
v 14.600000 47.893326 6.286102
v 14.600000 47.890778 6.235077
v 14.450000 48.044674 6.123749
v 14.525000 47.965462 6.209503
v 14.600000 47.890778 6.183960
v 14.450000 48.057274 6.038818
v 14.600000 47.893326 6.132935
v 14.525000 47.970036 6.116394
v 14.600000 47.898415 6.082062
v 14.450000 48.078136 5.955505
v 14.600000 47.906033 6.031525
v 14.525000 47.983715 6.024170
v 14.600000 47.916161 5.981445
v 14.450000 48.107067 5.874664
v 14.600000 47.928772 5.931915
v 14.525000 48.006367 5.933746
v 14.600000 47.943836 5.883057
v 14.450000 48.143780 5.797058
v 14.525000 48.037773 5.845978
v 14.600000 47.961315 5.835052
v 14.600000 47.981167 5.787933
v 14.450000 48.187923 5.723389
v 14.600000 48.003342 5.741913
v 14.525000 48.077637 5.761688
v 14.600000 48.027786 5.697021
v 14.450000 48.239075 5.654419
v 14.525000 48.125565 5.681732
v 14.600000 48.054436 5.653412
v 14.600000 48.083225 5.611176
v 14.450000 48.296741 5.590790
v 14.525000 48.181099 5.606842
v 14.600000 48.114082 5.570435
v 14.600000 48.146935 5.531281
v 14.450000 48.360367 5.533142
v 14.525000 48.243710 5.537781
v 14.600000 48.181698 5.493835
v 14.600000 48.218285 5.458130
v 14.450000 48.429337 5.481995
v 14.525000 48.312786 5.475159
v 14.600000 48.256603 5.424316
v 14.600000 48.296562 5.392456
v 14.450000 48.502987 5.437836
v 14.525000 48.387669 5.419617
v 14.600000 48.338058 5.362610
v 14.600000 48.380989 5.334900
v 14.450000 48.580612 5.401123
v 14.525000 48.467632 5.371704
v 14.600000 48.425251 5.309326
v 14.600000 48.470730 5.286011
v 14.450000 48.661461 5.372192
v 14.525000 48.551910 5.331818
v 14.600000 48.517315 5.265015
v 14.600000 48.564888 5.246338
v 14.450000 48.744755 5.351318
v 14.525000 48.639690 5.300415
v 14.600000 48.613335 5.230042
v 14.600000 48.662533 5.216217
v 14.450000 48.829697 5.338745
v 14.525000 48.730125 5.277771
v 14.600000 48.712360 5.204834
v 14.600000 48.762691 5.195953
v 14.525000 48.822346 5.264099
v 14.600000 48.915459 5.184509
v 14.600000 48.813404 5.189606
v 14.600000 48.864368 5.185791
v -29.900002 62.815460 5.259521
v -29.898136 62.815460 5.334290
v -29.892548 62.815460 5.408875
v -29.883247 62.815460 5.483093
v -29.870258 62.815460 5.556732
v -29.853615 62.815460 5.629639
v -29.833359 62.815460 5.701660
v -29.809540 62.815460 5.772552
v -29.782215 62.815460 5.842163
v -29.751453 62.815460 5.910339
v -29.717335 62.815460 5.976898
v -29.679935 62.815460 6.041656
v -29.639359 62.815460 6.104492
v -29.595699 62.815460 6.165222
v -29.549068 62.815460 6.223694
v -29.499580 62.815460 6.279785
v -29.447357 62.815460 6.333313
v -29.392529 62.815460 6.384186
v -29.335236 62.815460 6.432251
v -29.275616 62.815460 6.477417
v -29.213821 62.815460 6.519562
v -29.150002 62.815460 6.558563
v -29.084316 62.815460 6.594330
v -29.016930 62.815460 6.626770
v -28.948013 62.815460 6.655823
v -28.877731 62.815460 6.681396
v -28.806263 62.815460 6.703461
v -28.733784 62.815460 6.721924
v -28.660473 62.815460 6.736725
v -28.586517 62.815460 6.747864
v -28.512096 62.815460 6.755310
v -28.437397 62.815460 6.759064
v -28.362606 62.815460 6.759064
v -28.287907 62.815460 6.755310
v -28.213486 62.815460 6.747864
v -28.139530 62.815460 6.736725
v -28.066219 62.815460 6.721924
v -27.993740 62.815460 6.703461
v -27.922272 62.815460 6.681396
v -27.851990 62.815460 6.655823
v -27.783070 62.815460 6.626770
v -27.715683 62.815460 6.594330
v -27.650002 62.815460 6.558563
v -27.586182 62.815460 6.519562
v -27.524384 62.815460 6.477417
v -27.464767 62.815460 6.432251
v -27.407471 62.815460 6.384186
v -27.352646 62.815460 6.333313
v -27.300423 62.815460 6.279785
v -27.250935 62.815460 6.223694
v -27.204304 62.815460 6.165222
v -27.160641 62.815460 6.104492
v -27.120064 62.815460 6.041656
v -27.082668 62.815460 5.976898
v -27.048546 62.815460 5.910339
v -27.017788 62.815460 5.842163
v -26.990463 62.815460 5.772552
v -26.966640 62.815460 5.701660
v -26.946384 62.815460 5.629639
v -26.929741 62.815460 5.556732
v -26.916756 62.815460 5.483093
v -26.907455 62.815460 5.408875
v -26.901867 62.815460 5.334290
v -26.900002 62.815460 5.259521
v -34.600002 44.515461 2.009521
v 14.600000 58.515461 2.009521
v 14.600000 44.515461 2.009521
v -34.600002 58.515461 2.009521
v -36.700001 65.815460 8.009521
v -36.700001 58.515461 8.009521
v -34.600002 58.515461 8.009521
v -20.600002 59.315460 8.009521
v -34.600002 44.515461 8.009521
v -20.600002 65.815460 8.009521
v 14.600000 44.515461 8.009521
v 14.600000 58.515461 8.009521
v 16.900000 59.315460 8.009521
v 16.900000 58.515461 8.009521
v -36.900002 60.015461 0.209503
v -36.900002 65.815460 -7.790497
v -36.900002 60.015457 -7.790497
v -36.900002 58.515461 7.809509
v -36.900002 58.515461 0.209503
v -36.900002 65.815460 7.809509
v -36.799999 65.915459 7.909515
v 16.900000 58.515461 0.209503
v -20.400002 59.315460 0.209503
v -20.400002 60.015461 0.209503
v 16.900000 59.315460 0.209503
v -34.600002 48.966553 5.185791
v -34.600002 49.017517 5.189606
v -34.600002 49.068230 5.195953
v -34.600002 49.118561 5.204834
v -34.600002 49.168388 5.216217
v -34.600002 49.649223 5.493835
v -34.600002 49.612637 5.458130
v -34.600002 49.683987 5.531281
v -34.600002 49.574318 5.424316
v -34.600002 49.716839 5.570435
v -34.600002 49.534359 5.392456
v -34.600002 49.747696 5.611176
v -34.600002 49.492863 5.362610
v -34.600002 49.776485 5.653412
v -34.600002 49.803135 5.697021
v -34.600002 49.449932 5.334900
v -34.600002 49.405670 5.309326
v -34.600002 49.827579 5.741913
v -34.600002 49.360191 5.286011
v -34.600002 49.849754 5.787933
v -34.600002 49.313606 5.265015
v -34.600002 49.869606 5.835052
v -34.600002 49.266029 5.246338
v -34.600002 49.887085 5.883057
v -34.600002 49.902149 5.931915
v -34.600002 49.914761 5.981445
v -34.600002 49.924889 6.031525
v -34.600002 49.932507 6.082062
v -34.600002 49.937595 6.132935
v -34.600002 49.940144 6.183960
v -34.600002 49.940144 6.235077
v -34.600002 49.937595 6.286102
v -34.600002 49.932507 6.336975
v -34.600002 49.924889 6.387512
v -34.600002 49.914761 6.437592
v -34.600002 49.902149 6.487122
v -34.600002 49.887085 6.535980
v -34.600002 55.217583 5.230042
v -34.600002 55.266029 5.246338
v -34.600002 55.168385 5.216217
v -34.600002 55.118561 5.204834
v -34.600002 55.068230 5.195953
v -34.600002 55.017517 5.189606
v -34.600002 54.966553 5.185791
v -34.600002 49.217583 5.230042
v -34.600002 49.869606 6.583984
v -34.600002 55.313606 5.265015
v -34.600002 49.849754 6.631073
v -34.600002 55.360191 5.286011
v -34.600002 49.827579 6.677124
v -34.600002 55.405670 5.309326
v -34.600002 49.803135 6.722015
v -34.600002 55.449932 5.334900
v -34.600002 49.776485 6.765625
v -34.600002 55.492863 5.362610
v -34.600002 49.747696 6.807861
v -34.600002 55.534359 5.392456
v -34.600002 49.716839 6.848602
v -34.600002 49.683987 6.887756
v -34.600002 55.574318 5.424316
v -34.600002 55.612637 5.458130
v -34.600002 49.649223 6.925201
v -34.600002 49.612637 6.960907
v -34.600002 55.649223 5.493835
v -34.600002 55.683987 5.531281
v -34.600002 49.574318 6.994720
v -34.600002 55.716839 5.570435
v -34.600002 49.534359 7.026581
v -34.600002 55.747696 5.611176
v -34.600002 49.492863 7.056427
v -34.600002 49.449932 7.084137
v -34.600002 55.776485 5.653412
v -34.600002 49.405670 7.109680
v -34.600002 55.803135 5.697021
v -34.600002 55.827579 5.741913
v -34.600002 49.360191 7.132996
v -34.600002 55.849754 5.787933
v -34.600002 49.313606 7.154022
v -34.600002 55.869606 5.835052
v -34.600002 49.266029 7.172699
v -34.600002 55.887085 5.883057
v -34.600002 49.217583 7.188965
v -34.600002 49.168388 7.202820
v -34.600002 49.118561 7.214203
v -34.600002 54.966553 7.233246
v -34.600002 55.017517 7.229431
v -34.600002 55.068230 7.223083
v -34.600002 55.118561 7.214203
v -34.600002 55.168385 7.202820
v -34.600002 55.217583 7.188965
v -34.600002 55.266029 7.172699
v -34.600002 55.313606 7.154022
v -34.600002 55.360191 7.132996
v -34.600002 55.405670 7.109680
v -34.600002 55.449932 7.084137
v -34.600002 55.492863 7.056427
v -34.600002 55.534359 7.026581
v -34.600002 55.574318 6.994720
v -34.600002 55.612637 6.960907
v -34.600002 55.649223 6.925201
v -34.600002 55.683987 6.887756
v -34.600002 55.716839 6.848602
v -34.600002 55.747696 6.807861
v -34.600002 55.776485 6.765625
v -34.600002 55.803135 6.722015
v -34.600002 55.827579 6.677124
v -34.600002 55.849754 6.631073
v -34.600002 55.869606 6.583984
v -34.600002 55.887085 6.535980
v -34.600002 55.902149 6.487122
v -34.600002 55.914761 6.437592
v -34.600002 55.924889 6.387512
v -34.600002 55.932507 6.336975
v -34.600002 55.937595 6.286102
v -34.600002 55.940140 6.235077
v -34.600002 55.940140 6.183960
v -34.600002 55.937595 6.132935
v -34.600002 55.932507 6.082062
v -34.600002 55.924889 6.031525
v -34.600002 55.914761 5.981445
v -34.600002 55.902149 5.931915
v -34.600002 48.966553 7.233246
v -34.600002 49.017517 7.229431
v -34.600002 49.068230 7.223083
v 16.700001 59.515461 0.409515
v -20.400002 59.515461 7.809509
v 16.700001 59.515461 7.809509
v -20.400002 59.515461 0.409515
v -36.700001 66.015457 7.809509
v -30.097889 66.015457 5.174774
v -30.091553 66.015457 5.090240
v -30.081013 66.015457 5.006134
v -30.066296 66.015457 4.922668
v -30.047432 66.015457 4.840027
v -30.024475 66.015457 4.758423
v -29.997478 66.015457 4.678070
v -29.702278 66.015457 4.166779
v -29.646191 66.015457 4.103210
v -29.755127 66.015457 4.233063
v -29.587002 66.015457 4.042542
v -29.850594 66.015457 4.373077
v -29.804607 66.015457 4.301880
v -29.524868 66.015457 3.984894
v -29.892979 66.015457 4.446472
v -29.459934 66.015457 3.930389
v -29.931648 66.015457 4.521912
v -29.392365 66.015457 3.879211
v -29.966511 66.015457 4.599182
v -29.322330 66.015457 3.831482
v -29.250000 66.015457 3.787262
v -29.175560 66.015457 3.746735
v -29.099190 66.015457 3.709961
v -29.021080 66.015457 3.677032
v -28.941429 66.015457 3.648041
v -28.860428 66.015457 3.623047
v -28.778286 66.015457 3.602142
v -28.695202 66.015457 3.585358
v -28.611385 66.015457 3.572723
v -28.527042 66.015457 3.564270
v -28.442383 66.015457 3.560059
v -28.357620 66.015457 3.560059
v -28.272961 66.015457 3.564270
v -28.188618 66.015457 3.572723
v -28.104797 66.015457 3.585358
v -28.021717 66.015457 3.602142
v -27.939571 66.015457 3.623047
v -27.858574 66.015457 3.648041
v -27.778919 66.015457 3.677032
v -27.700813 66.015457 3.709961
v -27.624443 66.015457 3.746735
v -27.549999 66.015457 3.787262
v -27.477673 66.015457 3.831482
v -27.407635 66.015457 3.879211
v -27.340069 66.015457 3.930389
v -36.700001 66.015457 -7.790497
v -30.265991 66.015457 -0.777069
v -30.224464 66.015457 -0.869110
v -30.302879 66.015457 -0.683075
v -30.335037 66.015457 -0.587372
v -30.362381 66.015457 -0.490173
v -30.384850 66.015457 -0.391724
v -30.402382 66.015457 -0.292297
v -30.414940 66.015457 -0.192108
v -30.422485 66.015457 -0.091431
v -27.275135 66.015457 3.984894
v -27.212997 66.015457 4.042542
v -27.153812 66.015457 4.103210
v -27.097725 66.015457 4.166779
v -20.600002 66.015457 7.809509
v -26.802525 66.015457 4.678070
v -26.775528 66.015457 4.758423
v -26.752571 66.015457 4.840027
v -26.733707 66.015457 4.922668
v -26.718987 66.015457 5.006134
v -26.708450 66.015457 5.090240
v -26.702114 66.015457 5.174774
v -27.044876 66.015457 4.233063
v -26.995396 66.015457 4.301880
v -26.949406 66.015457 4.373077
v -26.907024 66.015457 4.446472
v -26.868355 66.015457 4.521912
v -26.833492 66.015457 4.599182
v -29.587002 66.015457 -3.773499
v -29.739914 66.015457 -1.508789
v -29.662567 66.015457 -1.573700
v -29.646191 66.015457 -3.834198
v -29.813931 66.015457 -1.440125
v -29.524868 66.015457 -3.715851
v -29.582081 66.015457 -1.634644
v -29.702278 66.015457 -3.897736
v -29.884430 66.015457 -1.367828
v -29.459934 66.015457 -3.661377
v -29.498657 66.015457 -1.691528
v -29.755127 66.015457 -3.964020
v -29.392365 66.015457 -3.610199
v -29.412502 66.015457 -1.744171
v -29.804607 66.015457 -4.032837
v -29.951241 66.015457 -1.292114
v -29.322330 66.015457 -3.562439
v -29.323826 66.015457 -1.792480
v -29.850594 66.015457 -4.104034
v -30.014194 66.015457 -1.213196
v -29.250000 66.015457 -3.518250
v -29.232857 66.015457 -1.836273
v -29.892979 66.015457 -4.177460
v -30.073135 66.015457 -1.131195
v -29.175560 66.015457 -3.477692
v -29.139816 66.015457 -1.875488
v -29.931648 66.015457 -4.252869
v -30.127914 66.015457 -1.046387
v -29.099190 66.015457 -3.440918
v -29.966511 66.015457 -4.330139
v -30.178398 66.015457 -0.958954
v -29.021080 66.015457 -3.407990
v -29.044937 66.015457 -1.910034
v -29.997478 66.015457 -4.409058
v -28.941429 66.015457 -3.378998
v -28.948452 66.015457 -1.939789
v -30.024475 66.015457 -4.489410
v -28.860428 66.015457 -3.354034
v -28.850605 66.015457 -1.964722
v -30.047432 66.015457 -4.570984
v -28.778286 66.015457 -3.333099
v -28.751637 66.015457 -1.984711
v -30.066296 66.015457 -4.653625
v -28.695202 66.015457 -3.316315
v -28.651798 66.015457 -1.999756
v -30.081013 66.015457 -4.737122
v -28.611385 66.015457 -3.303680
v -28.551331 66.015457 -2.009827
v -30.091553 66.015457 -4.821228
v -28.527042 66.015457 -3.295227
v -28.450485 66.015457 -2.014862
v -30.097889 66.015457 -4.905731
v -28.442383 66.015457 -3.291016
v -30.100002 66.015457 -4.990479
v -28.357620 66.015457 -3.291016
v -28.349518 66.015457 -2.014862
v -28.272961 66.015457 -3.295227
v -28.248672 66.015457 -2.009827
v -28.188618 66.015457 -3.303680
v -28.148205 66.015457 -1.999756
v -28.104797 66.015457 -3.316315
v -28.048363 66.015457 -1.984711
v -28.021717 66.015457 -3.333099
v -27.949394 66.015457 -1.964722
v -30.100002 66.015457 -5.490479
v -27.939571 66.015457 -3.354034
v -27.851547 66.015457 -1.939789
v -30.097889 66.015457 -5.575226
v -27.858574 66.015457 -3.378998
v -27.755066 66.015457 -1.910034
v -30.091553 66.015457 -5.659760
v -27.778919 66.015457 -3.407990
v -27.660187 66.015457 -1.875488
v -30.081013 66.015457 -5.743866
v -27.700813 66.015457 -3.440918
v -30.066296 66.015457 -5.827332
v -27.624443 66.015457 -3.477692
v -27.567142 66.015457 -1.836273
v -30.047432 66.015457 -5.909973
v -30.024475 66.015457 -5.991577
v -27.549999 66.015457 -3.518250
v -27.476173 66.015457 -1.792480
v -29.997478 66.015457 -6.071930
v -27.477673 66.015457 -3.562439
v -27.387501 66.015457 -1.744171
v -29.966511 66.015457 -6.150818
v -27.407635 66.015457 -3.610199
v -27.301346 66.015457 -1.691528
v -29.931648 66.015457 -6.228088
v -27.340069 66.015457 -3.661377
v -27.217918 66.015457 -1.634644
v -29.892979 66.015457 -6.303528
v -27.275135 66.015457 -3.715851
v -27.137432 66.015457 -1.573700
v -29.850594 66.015457 -6.376923
v -27.212997 66.015457 -3.773499
v -27.060085 66.015457 -1.508789
v -29.804607 66.015457 -6.448120
v -27.153812 66.015457 -3.834198
v -26.986073 66.015457 -1.440125
v -29.755127 66.015457 -6.516937
v -27.097725 66.015457 -3.897736
v -26.915569 66.015457 -1.367828
v -29.702278 66.015457 -6.583221
v -27.044876 66.015457 -3.964020
v -29.646191 66.015457 -6.646790
v -26.995396 66.015457 -4.032837
v -26.848763 66.015457 -1.292114
v -29.587002 66.015457 -6.707458
v -26.949406 66.015457 -4.104034
v -26.785809 66.015457 -1.213196
v -29.524868 66.015457 -6.765106
v -26.907024 66.015457 -4.177460
v -26.726868 66.015457 -1.131195
v -29.459934 66.015457 -6.819611
v -26.868355 66.015457 -4.252869
v -26.672089 66.015457 -1.046387
v -29.392365 66.015457 -6.870789
v -26.833492 66.015457 -4.330139
v -26.621601 66.015457 -0.958954
v -29.322330 66.015457 -6.918518
v -26.802525 66.015457 -4.409058
v -26.575539 66.015457 -0.869110
v -29.250000 66.015457 -6.962738
v -26.775528 66.015457 -4.489410
v -29.175560 66.015457 -7.003265
v -29.099190 66.015457 -7.040039
v -29.021080 66.015457 -7.072968
v -20.799999 66.015457 -7.790497
v -26.700001 66.015457 -5.490479
v -26.700001 66.015457 -4.990479
v -27.858574 66.015457 -7.101959
v -27.778919 66.015457 -7.072968
v -27.700813 66.015457 -7.040039
v -27.624443 66.015457 -7.003265
v -27.549999 66.015457 -6.962738
v -27.477673 66.015457 -6.918518
v -27.407635 66.015457 -6.870789
v -27.340069 66.015457 -6.819611
v -27.275135 66.015457 -6.765106
v -27.212997 66.015457 -6.707458
v -27.153812 66.015457 -6.646790
v -27.097725 66.015457 -6.583221
v -27.044876 66.015457 -6.516937
v -26.995396 66.015457 -6.448120
v -26.949406 66.015457 -6.376923
v -26.907024 66.015457 -6.303528
v -26.868355 66.015457 -6.228088
v -26.833492 66.015457 -6.150818
v -26.802525 66.015457 -6.071930
v -26.775528 66.015457 -5.991577
v -26.752571 66.015457 -5.909973
v -26.733707 66.015457 -5.827332
v -26.718987 66.015457 -5.743866
v -26.708450 66.015457 -5.659760
v -26.702114 66.015457 -5.575226
v -20.600002 66.015457 -7.590485
v -26.377518 66.015457 -0.091431
v -26.385063 66.015457 -0.192108
v -26.397617 66.015457 -0.292297
v -26.415150 66.015457 -0.391724
v -26.437618 66.015457 -0.490173
v -26.464966 66.015457 -0.587372
v -26.497124 66.015457 -0.683075
v -26.534012 66.015457 -0.777069
v -26.702114 66.015457 -4.905731
v -26.708450 66.015457 -4.821228
v -26.718987 66.015457 -4.737122
v -26.733707 66.015457 -4.653625
v -26.752571 66.015457 -4.570984
v -28.442383 66.015457 -7.189941
v -28.527042 66.015457 -7.185730
v -28.611385 66.015457 -7.177277
v -28.695202 66.015457 -7.164642
v -28.778286 66.015457 -7.147858
v -28.860428 66.015457 -7.126953
v -28.941429 66.015457 -7.101959
v -28.357620 66.015457 -7.189941
v -28.272961 66.015457 -7.185730
v -28.188618 66.015457 -7.177277
v -28.104797 66.015457 -7.164642
v -28.021717 66.015457 -7.147858
v -27.939571 66.015457 -7.126953
v -36.700001 65.815460 -7.990479
v -20.799999 65.815460 -7.990479
v -20.799999 60.015457 -7.990479
v -36.700001 60.015457 -7.990479
v -20.400002 65.815460 -7.590485
v -20.400002 60.015457 -7.590485
v -20.400002 65.815460 7.809509
v -26.900002 65.815460 -4.990479
v -26.900002 65.815460 -5.490479
v -26.900002 62.815456 -5.490479
v -26.900002 62.815456 -4.990479
v -29.900002 62.815456 -4.990479
v -29.898136 65.815460 -4.915710
v -29.898136 62.815456 -4.915710
v -29.900002 65.815460 -4.990479
v -29.892548 65.815460 -4.841125
v -29.892548 62.815456 -4.841125
v -29.883247 65.815460 -4.766907
v -29.883247 62.815456 -4.766907
v -29.870258 65.815460 -4.693268
v -29.870258 62.815456 -4.693268
v -29.853615 65.815460 -4.620331
v -29.853615 62.815456 -4.620331
v -29.833359 65.815460 -4.548340
v -29.833359 62.815456 -4.548340
v -29.809540 65.815460 -4.477448
v -29.809540 62.815456 -4.477448
v -29.782215 65.815460 -4.407837
v -29.782215 62.815456 -4.407837
v -29.751453 62.815456 -4.339661
v -29.751453 65.815460 -4.339661
v -29.717335 65.815460 -4.273102
v -29.717335 62.815456 -4.273102
v -29.679935 65.815460 -4.208344
v -29.679935 62.815456 -4.208344
v -29.639359 65.815460 -4.145508
v -29.639359 62.815456 -4.145508
v -29.595699 65.815460 -4.084778
v -29.595699 62.815456 -4.084778
v -29.549068 62.815456 -4.026306
v -29.549068 65.815460 -4.026306
v -29.499580 65.815460 -3.970215
v -29.499580 62.815456 -3.970215
v -29.447357 65.815460 -3.916687
v -29.447357 62.815456 -3.916687
v -29.392529 65.815460 -3.865814
v -29.392529 62.815456 -3.865814
v -29.335236 62.815456 -3.817749
v -29.335236 65.815460 -3.817749
v -29.275616 65.815460 -3.772583
v -29.275616 62.815456 -3.772583
v -29.213821 65.815460 -3.730438
v -29.213821 62.815456 -3.730438
v -29.150002 65.815460 -3.691437
v -29.150002 62.815456 -3.691437
v -29.084316 62.815456 -3.655670
v -29.084316 65.815460 -3.655670
v -29.016930 62.815456 -3.623230
v -29.016930 65.815460 -3.623230
v -28.948013 65.815460 -3.594177
v -28.948013 62.815456 -3.594177
v -28.877731 65.815460 -3.568604
v -28.877731 62.815456 -3.568604
v -28.806263 62.815456 -3.546539
v -28.806263 65.815460 -3.546539
v -28.733784 62.815456 -3.528076
v -28.733784 65.815460 -3.528076
v -28.660473 62.815456 -3.513275
v -28.660473 65.815460 -3.513275
v -28.586517 65.815460 -3.502136
v -28.586517 62.815456 -3.502136
v -28.512096 65.815460 -3.494690
v -28.512096 62.815456 -3.494690
v -28.437397 65.815460 -3.490936
v -28.437397 62.815456 -3.490936
v -28.362606 62.815456 -3.490936
v -28.362606 65.815460 -3.490936
v -28.287907 62.815456 -3.494690
v -28.287907 65.815460 -3.494690
v -28.213486 65.815460 -3.502136
v -28.213486 62.815456 -3.502136
v -28.139530 62.815456 -3.513275
v -28.139530 65.815460 -3.513275
v -28.066219 65.815460 -3.528076
v -28.066219 62.815456 -3.528076
v -27.993740 65.815460 -3.546539
v -27.993740 62.815456 -3.546539
v -27.922272 65.815460 -3.568604
v -27.922272 62.815456 -3.568604
v -27.851990 65.815460 -3.594177
v -27.851990 62.815456 -3.594177
v -27.783070 65.815460 -3.623230
v -27.783070 62.815456 -3.623230
v -27.715683 62.815456 -3.655670
v -27.715683 65.815460 -3.655670
v -27.650002 65.815460 -3.691437
v -27.650002 62.815456 -3.691437
v -27.586182 65.815460 -3.730438
v -27.586182 62.815456 -3.730438
v -27.524384 65.815460 -3.772583
v -27.524384 62.815456 -3.772583
v -27.464767 65.815460 -3.817749
v -27.464767 62.815456 -3.817749
v -27.407471 65.815460 -3.865814
v -27.407471 62.815456 -3.865814
v -27.352646 62.815456 -3.916687
v -27.352646 65.815460 -3.916687
v -27.300423 65.815460 -3.970215
v -27.300423 62.815456 -3.970215
v -27.250935 62.815456 -4.026306
v -27.250935 65.815460 -4.026306
v -27.204304 65.815460 -4.084778
v -27.204304 62.815456 -4.084778
v -27.160641 65.815460 -4.145508
v -27.160641 62.815456 -4.145508
v -27.120064 65.815460 -4.208344
v -27.120064 62.815456 -4.208344
v -27.082668 65.815460 -4.273102
v -27.082668 62.815456 -4.273102
v -27.048546 65.815460 -4.339661
v -27.048546 62.815456 -4.339661
v -27.017788 62.815456 -4.407837
v -27.017788 65.815460 -4.407837
v -26.990463 65.815460 -4.477448
v -26.990463 62.815456 -4.477448
v -26.966640 65.815460 -4.548340
v -26.966640 62.815456 -4.548340
v -26.946384 65.815460 -4.620331
v -26.946384 62.815456 -4.620331
v -26.929741 65.815460 -4.693268
v -26.929741 62.815456 -4.693268
v -26.916756 65.815460 -4.766907
v -26.916756 62.815456 -4.766907
v -26.907455 65.815460 -4.841125
v -26.907455 62.815456 -4.841125
v -26.901867 65.815460 -4.915710
v -26.901867 62.815456 -4.915710
v -29.900002 62.815456 -5.490479
v -29.900002 65.815460 -5.490479
v -26.901867 65.815460 -5.565247
v -26.901867 62.815456 -5.565247
v -26.907455 65.815460 -5.639832
v -26.907455 62.815456 -5.639832
v -26.916756 65.815460 -5.714050
v -26.916756 62.815456 -5.714050
v -26.929741 65.815460 -5.787689
v -26.929741 62.815456 -5.787689
v -26.946384 65.815460 -5.860626
v -26.946384 62.815456 -5.860626
v -26.966640 62.815456 -5.932617
v -26.966640 65.815460 -5.932617
v -26.990463 65.815460 -6.003510
v -26.990463 62.815456 -6.003510
v -27.017788 62.815456 -6.073120
v -27.017788 65.815460 -6.073120
v -27.048546 65.815460 -6.141296
v -27.048546 62.815456 -6.141296
v -27.082668 65.815460 -6.207855
v -27.082668 62.815456 -6.207855
v -27.120064 62.815456 -6.272644
v -27.120064 65.815460 -6.272644
v -27.160641 65.815460 -6.335449
v -27.160641 62.815456 -6.335449
v -27.204304 65.815460 -6.396179
v -27.204304 62.815456 -6.396179
v -27.250935 65.815460 -6.454651
v -27.250935 62.815456 -6.454651
v -27.300423 65.815460 -6.510742
v -27.300423 62.815456 -6.510742
v -27.352646 65.815460 -6.564270
v -27.352646 62.815456 -6.564270
v -27.407471 62.815456 -6.615143
v -27.407471 65.815460 -6.615143
v -27.464767 65.815460 -6.663239
v -27.464767 62.815456 -6.663239
v -27.524384 62.815456 -6.708374
v -27.524384 65.815460 -6.708374
v -27.586182 62.815456 -6.750519
v -27.586182 65.815460 -6.750519
v -27.650002 65.815460 -6.789520
v -27.650002 62.815456 -6.789520
v -27.715683 65.815460 -6.825287
v -27.715683 62.815456 -6.825287
v -27.783070 62.815456 -6.857727
v -27.783070 65.815460 -6.857727
v -27.851990 65.815460 -6.886780
v -27.851990 62.815456 -6.886780
v -27.922272 65.815460 -6.912384
v -27.922272 62.815456 -6.912384
v -27.993740 65.815460 -6.934418
v -27.993740 62.815456 -6.934418
v -28.066219 62.815456 -6.952881
v -28.066219 65.815460 -6.952881
v -28.139530 65.815460 -6.967682
v -28.139530 62.815456 -6.967682
v -28.213486 62.815456 -6.978851
v -28.213486 65.815460 -6.978851
v -28.287907 65.815460 -6.986298
v -28.287907 62.815456 -6.986298
v -28.362606 62.815456 -6.990021
v -28.362606 65.815460 -6.990021
v -28.437397 65.815460 -6.990021
v -28.437397 62.815456 -6.990021
v -28.512096 65.815460 -6.986298
v -28.512096 62.815456 -6.986298
v -28.586517 62.815456 -6.978851
v -28.586517 65.815460 -6.978851
v -28.660473 65.815460 -6.967682
v -28.660473 62.815456 -6.967682
v -28.733784 62.815456 -6.952881
v -28.733784 65.815460 -6.952881
v -28.806263 65.815460 -6.934418
v -28.806263 62.815456 -6.934418
v -28.877731 65.815460 -6.912384
v -28.877731 62.815456 -6.912384
v -28.948013 65.815460 -6.886780
v -28.948013 62.815456 -6.886780
v -29.016930 65.815460 -6.857727
v -29.016930 62.815456 -6.857727
v -29.084316 62.815456 -6.825287
v -29.084316 65.815460 -6.825287
v -29.150002 65.815460 -6.789520
v -29.150002 62.815456 -6.789520
v -29.213821 65.815460 -6.750519
v -29.213821 62.815456 -6.750519
v -29.275616 65.815460 -6.708374
v -29.275616 62.815456 -6.708374
v -29.335236 65.815460 -6.663239
v -29.335236 62.815456 -6.663239
v -29.392529 65.815460 -6.615143
v -29.392529 62.815456 -6.615143
v -29.447357 65.815460 -6.564270
v -29.447357 62.815456 -6.564270
v -29.499580 65.815460 -6.510742
v -29.499580 62.815456 -6.510742
v -29.549068 65.815460 -6.454651
v -29.549068 62.815456 -6.454651
v -29.595699 65.815460 -6.396179
v -29.595699 62.815456 -6.396179
v -29.639359 65.815460 -6.335449
v -29.639359 62.815456 -6.335449
v -29.679935 65.815460 -6.272644
v -29.679935 62.815456 -6.272644
v -29.717335 65.815460 -6.207855
v -29.717335 62.815456 -6.207855
v -29.751453 65.815460 -6.141296
v -29.751453 62.815456 -6.141296
v -29.782215 62.815456 -6.073120
v -29.782215 65.815460 -6.073120
v -29.809540 65.815460 -6.003510
v -29.809540 62.815456 -6.003510
v -29.833359 65.815460 -5.932617
v -29.833359 62.815456 -5.932617
v -29.853615 62.815456 -5.860626
v -29.853615 65.815460 -5.860626
v -29.870258 65.815460 -5.787689
v -29.870258 62.815456 -5.787689
v -29.883247 65.815460 -5.714050
v -29.883247 62.815456 -5.714050
v -29.892548 65.815460 -5.639832
v -29.892548 62.815456 -5.639832
v -29.898136 65.815460 -5.565247
v -29.898136 62.815456 -5.565247
v -26.901867 65.815460 5.184753
v -26.901867 62.815460 5.184753
v -26.907455 65.815460 5.110168
v -26.907455 62.815460 5.110168
v -26.916756 65.815460 5.035950
v -26.916756 62.815460 5.035950
v -26.929741 62.815460 4.962311
v -26.929741 65.815460 4.962311
v -26.946384 65.815460 4.889374
v -26.946384 62.815460 4.889374
v -26.966640 62.815460 4.817383
v -26.966640 65.815460 4.817383
v -26.990463 65.815460 4.746490
v -26.990463 62.815460 4.746490
v -27.017788 65.815460 4.676880
v -27.017788 62.815460 4.676880
v -27.048546 65.815460 4.608704
v -27.048546 62.815460 4.608704
v -27.082668 65.815460 4.542145
v -27.082668 62.815460 4.542145
v -27.120064 65.815460 4.477356
v -27.120064 62.815460 4.477356
v -27.160641 65.815460 4.414551
v -27.160641 62.815460 4.414551
v -27.204304 62.815460 4.353821
v -27.204304 65.815460 4.353821
v -27.250935 65.815460 4.295349
v -27.250935 62.815460 4.295349
v -27.300423 62.815460 4.239258
v -27.300423 65.815460 4.239258
v -27.352646 65.815460 4.185730
v -27.352646 62.815460 4.185730
v -27.407471 65.815460 4.134857
v -27.407471 62.815460 4.134857
v -27.464767 65.815460 4.086761
v -27.464767 62.815460 4.086761
v -27.524384 65.815460 4.041626
v -27.524384 62.815460 4.041626
v -27.586182 65.815460 3.999481
v -27.586182 62.815460 3.999481
v -27.650002 65.815460 3.960480
v -27.650002 62.815460 3.960480
v -27.715683 65.815460 3.924713
v -27.715683 62.815460 3.924713
v -27.783070 62.815460 3.892273
v -27.783070 65.815460 3.892273
v -27.851990 65.815460 3.863220
v -27.851990 62.815460 3.863220
v -27.922272 62.815460 3.837616
v -27.922272 65.815460 3.837616
v -27.993740 65.815460 3.815582
v -27.993740 62.815460 3.815582
v -28.066219 62.815460 3.797119
v -28.066219 65.815460 3.797119
v -28.139530 65.815460 3.782318
v -28.139530 62.815460 3.782318
v -28.213486 65.815460 3.771149
v -28.213486 62.815460 3.771149
v -28.287907 65.815460 3.763702
v -28.287907 62.815460 3.763702
v -28.362606 65.815460 3.759979
v -28.362606 62.815460 3.759979
v -28.437397 62.815460 3.759979
v -28.437397 65.815460 3.759979
v -28.512096 62.815460 3.763702
v -28.512096 65.815460 3.763702
v -28.586517 62.815460 3.771149
v -28.586517 65.815460 3.771149
v -28.660473 65.815460 3.782318
v -28.660473 62.815460 3.782318
v -28.733784 62.815460 3.797119
v -28.733784 65.815460 3.797119
v -28.806263 62.815460 3.815582
v -28.806263 65.815460 3.815582
v -28.877731 65.815460 3.837616
v -28.877731 62.815460 3.837616
v -28.948013 65.815460 3.863220
v -28.948013 62.815460 3.863220
v -29.016930 65.815460 3.892273
v -29.016930 62.815460 3.892273
v -29.084316 65.815460 3.924713
v -29.084316 62.815460 3.924713
v -29.150002 65.815460 3.960480
v -29.150002 62.815460 3.960480
v -29.213821 65.815460 3.999481
v -29.213821 62.815460 3.999481
v -29.275616 65.815460 4.041626
v -29.275616 62.815460 4.041626
v -29.335236 65.815460 4.086761
v -29.335236 62.815460 4.086761
v -29.392529 65.815460 4.134857
v -29.392529 62.815460 4.134857
v -29.447357 65.815460 4.185730
v -29.447357 62.815460 4.185730
v -29.499580 65.815460 4.239258
v -29.499580 62.815460 4.239258
v -29.549068 65.815460 4.295349
v -29.549068 62.815460 4.295349
v -29.595699 65.815460 4.353821
v -29.595699 62.815460 4.353821
v -29.639359 65.815460 4.414551
v -29.639359 62.815460 4.414551
v -29.679935 65.815460 4.477356
v -29.679935 62.815460 4.477356
v -29.717335 65.815460 4.542145
v -29.717335 62.815460 4.542145
v -29.751453 65.815460 4.608704
v -29.751453 62.815460 4.608704
v -29.782215 65.815460 4.676880
v -29.782215 62.815460 4.676880
v -29.809540 65.815460 4.746490
v -29.809540 62.815460 4.746490
v -29.833359 62.815460 4.817383
v -29.833359 65.815460 4.817383
v -29.853615 65.815460 4.889374
v -29.853615 62.815460 4.889374
v -29.870258 62.815460 4.962311
v -29.870258 65.815460 4.962311
v -29.883247 65.815460 5.035950
v -29.883247 62.815460 5.035950
v -29.892548 62.815460 5.110168
v -29.892548 65.815460 5.110168
v -29.898136 65.815460 5.184753
v -29.898136 62.815460 5.184753
v 14.600000 48.966553 5.185791
v 14.600000 49.017517 5.189606
v 14.600000 49.068230 5.195953
v 14.600000 49.118561 5.204834
v 14.600000 49.168388 5.216217
v 14.600000 49.612637 6.960907
v 14.600000 49.649223 6.925201
v 14.600000 49.683987 6.887756
v 14.600000 49.574318 6.994720
v 14.600000 49.716839 6.848602
v 14.600000 49.534359 7.026581
v 14.600000 49.747696 6.807861
v 14.600000 49.492863 7.056427
v 14.600000 49.449932 7.084137
v 14.600000 49.776485 6.765625
v 14.600000 49.803135 6.722015
v 14.600000 49.405670 7.109680
v 14.600000 49.827579 6.677124
v 14.600000 49.360191 7.132996
v 14.600000 49.849754 6.631073
v 14.600000 49.313606 7.154022
v 14.600000 49.869606 6.583984
v 14.600000 49.266029 7.172699
v 14.600000 49.887085 6.535980
v 14.600000 49.217583 7.188965
v 14.600000 49.902149 6.487122
v 14.600000 49.914761 6.437592
v 14.600000 49.168388 7.202820
v 14.600000 49.118561 7.214203
v 14.600000 49.924889 6.387512
v 14.600000 49.932507 6.336975
v 14.600000 49.937595 6.286102
v 14.600000 49.940144 6.235077
v 14.600000 49.940144 6.183960
v 14.600000 49.937595 6.132935
v 14.600000 49.932507 6.082062
v 14.600000 49.924889 6.031525
v 14.600000 49.914761 5.981445
v 14.600000 49.902149 5.931915
v 14.600000 49.887085 5.883057
v 14.600000 49.869606 5.835052
v 14.600000 49.849754 5.787933
v 14.600000 49.827579 5.741913
v 14.600000 49.803135 5.697021
v 14.600000 49.776485 5.653412
v 14.600000 49.747696 5.611176
v 14.600000 49.716839 5.570435
v 14.600000 49.683987 5.531281
v 14.600000 49.649223 5.493835
v 14.600000 49.612637 5.458130
v 14.600000 49.574318 5.424316
v 14.600000 49.534359 5.392456
v 14.600000 49.492863 5.362610
v 14.600000 49.449932 5.334900
v 14.600000 49.405670 5.309326
v 14.600000 49.360191 5.286011
v 14.600000 49.313606 5.265015
v 14.600000 49.266029 5.246338
v 14.600000 55.902149 5.931915
v 14.600000 55.887085 5.883057
v 14.600000 55.914761 5.981445
v 14.600000 55.924889 6.031525
v 14.600000 55.932507 6.082062
v 14.600000 55.937595 6.132935
v 14.600000 55.940140 6.183960
v 14.600000 55.940140 6.235077
v 14.600000 55.937595 6.286102
v 14.600000 55.932507 6.336975
v 14.600000 55.924889 6.387512
v 14.600000 55.914761 6.437592
v 14.600000 55.902149 6.487122
v 14.600000 55.887085 6.535980
v 14.600000 55.869606 6.583984
v 14.600000 55.849754 6.631073
v 14.600000 55.827579 6.677124
v 14.600000 55.803135 6.722015
v 14.600000 55.776485 6.765625
v 14.600000 55.747696 6.807861
v 14.600000 55.716839 6.848602
v 14.600000 55.683987 6.887756
v 14.600000 55.649223 6.925201
v 14.600000 55.612637 6.960907
v 14.600000 55.574318 6.994720
v 14.600000 55.534359 7.026581
v 14.600000 55.492863 7.056427
v 14.600000 55.449932 7.084137
v 14.600000 55.405670 7.109680
v 14.600000 55.360191 7.132996
v 14.600000 55.313606 7.154022
v 14.600000 55.266029 7.172699
v 14.600000 55.217583 7.188965
v 14.600000 55.168385 7.202820
v 14.600000 55.118561 7.214203
v 14.600000 55.068230 7.223083
v 14.600000 55.017517 7.229431
v 14.600000 54.966553 7.233246
v 14.600000 54.966553 5.185791
v 14.600000 55.017517 5.189606
v 14.600000 55.068230 5.195953
v 14.600000 55.118561 5.204834
v 14.600000 55.168385 5.216217
v 14.600000 55.217583 5.230042
v 14.600000 55.266029 5.246338
v 14.600000 55.313606 5.265015
v 14.600000 55.360191 5.286011
v 14.600000 55.405670 5.309326
v 14.600000 55.449932 5.334900
v 14.600000 55.492863 5.362610
v 14.600000 55.534359 5.392456
v 14.600000 55.574318 5.424316
v 14.600000 55.612637 5.458130
v 14.600000 55.649223 5.493835
v 14.600000 55.683987 5.531281
v 14.600000 55.716839 5.570435
v 14.600000 55.747696 5.611176
v 14.600000 55.776485 5.653412
v 14.600000 55.803135 5.697021
v 14.600000 55.827579 5.741913
v 14.600000 55.849754 5.787933
v 14.600000 55.869606 5.835052
v 14.600000 49.217583 5.230042
v 14.600000 48.966553 7.233246
v 14.600000 49.017517 7.229431
v 14.600000 49.068230 7.223083
v -20.500000 65.915459 7.909515
v 14.450000 49.001225 5.338745
v 14.375000 48.955338 5.410522
v 14.375000 48.995113 5.413483
v 14.375000 49.034695 5.418457
v 14.450000 49.086166 5.351318
v 14.375000 49.073978 5.425385
v 14.375000 49.112865 5.434265
v 14.525000 49.008575 5.264099
v 14.450000 49.169460 5.372192
v 14.375000 49.151264 5.445068
v 14.375000 49.189075 5.457764
v 14.525000 49.100796 5.277771
v 14.450000 49.250309 5.401123
v 14.375000 49.226208 5.472351
v 14.375000 49.262566 5.488739
v 14.525000 49.191231 5.300415
v 14.450000 49.327934 5.437836
v 14.375000 49.298065 5.506927
v 14.375000 49.332607 5.526886
v 14.525000 49.279011 5.331818
v 14.450000 49.401585 5.481995
v 14.375000 49.366116 5.548523
v 14.375000 49.398502 5.571808
v 14.525000 49.363289 5.371704
v 14.450000 49.470554 5.533142
v 14.375000 49.429691 5.596680
v 14.375000 49.459599 5.623077
v 14.525000 49.443253 5.419617
v 14.450000 49.534180 5.590790
v 14.375000 49.488155 5.650940
v 14.375000 49.515285 5.680176
v 14.525000 49.518135 5.475159
v 14.450000 49.591846 5.654419
v 14.375000 49.540924 5.710724
v 14.375000 49.565010 5.742523
v 14.525000 49.587212 5.537781
v 14.450000 49.642998 5.723389
v 14.375000 49.587482 5.775482
v 14.375000 49.608280 5.809509
v 14.525000 49.649822 5.606842
v 14.450000 49.687141 5.797058
v 14.375000 49.627357 5.844543
v 14.375000 49.644665 5.880493
v 14.525000 49.705357 5.681732
v 14.450000 49.723854 5.874664
v 14.375000 49.660160 5.917236
v 14.375000 49.673801 5.954742
v 14.525000 49.753284 5.761688
v 14.450000 49.752785 5.955505
v 14.375000 49.685558 5.992859
v 14.375000 49.695404 6.031494
v 14.525000 49.793144 5.845978
v 14.450000 49.773647 6.038818
v 14.375000 49.703308 6.070587
v 14.375000 49.709251 6.110046
v 14.525000 49.824554 5.933746
v 14.450000 49.786247 6.123749
v 14.375000 49.713223 6.149719
v 14.375000 49.715210 6.189575
v 14.525000 49.847206 6.024170
v 14.450000 49.790459 6.209503
v 14.375000 49.715210 6.229462
v 14.525000 49.860886 6.116394
v 14.450000 49.786247 6.295288
v 14.375000 49.713223 6.269287
v 14.375000 49.709251 6.308990
v 14.525000 49.865459 6.209503
v 14.450000 49.773647 6.380219
v 14.375000 49.703308 6.348450
v 14.375000 49.695404 6.387543
v 14.525000 49.860886 6.302643
v 14.450000 49.752785 6.463531
v 14.375000 49.685558 6.426178
v 14.375000 49.673801 6.464294
v 14.525000 49.847206 6.394867
v 14.450000 49.723854 6.544373
v 14.375000 49.660160 6.501801
v 14.375000 49.644665 6.538544
v 14.525000 49.824554 6.485291
v 14.450000 49.687141 6.621979
v 14.375000 49.627357 6.574493
v 14.375000 49.608280 6.609528
v 14.525000 49.793144 6.573059
v 14.450000 49.642998 6.695648
v 14.375000 49.587482 6.643555
v 14.375000 49.565010 6.676514
v 14.525000 49.753284 6.657349
v 14.450000 49.591846 6.764618
v 14.375000 49.540924 6.708313
v 14.375000 49.515285 6.738861
v 14.525000 49.705357 6.737305
v 14.450000 49.534180 6.828247
v 14.375000 49.488155 6.768097
v 14.375000 49.459599 6.795959
v 14.525000 49.649822 6.812195
v 14.450000 49.470554 6.885895
v 14.375000 49.429691 6.822357
v 14.375000 49.398502 6.847229
v 14.525000 49.587212 6.881256
v 14.450000 49.401585 6.937042
v 14.375000 49.366116 6.870514
v 14.375000 49.332607 6.892151
v 14.525000 49.518135 6.943878
v 14.450000 49.327934 6.981201
v 14.375000 49.298065 6.912109
v 14.375000 49.262566 6.930298
v 14.525000 49.443253 6.999420
v 14.450000 49.250309 7.017914
v 14.375000 49.226208 6.946686
v 14.375000 49.189075 6.961273
v 14.525000 49.363289 7.047333
v 14.450000 49.169460 7.046844
v 14.375000 49.151264 6.973969
v 14.375000 49.112865 6.984772
v 14.525000 49.279011 7.087189
v 14.450000 49.086166 7.067719
v 14.375000 49.073978 6.993652
v 14.375000 49.034695 7.000580
v 14.525000 49.191231 7.118622
v 14.450000 49.001225 7.080292
v 14.375000 48.995113 7.005554
v 14.375000 48.955338 7.008514
v 14.525000 49.100796 7.141266
v 14.525000 49.008575 7.154938
v 14.450000 55.001225 5.338745
v 14.375000 54.955338 5.410522
v 14.375000 54.995113 5.413483
v 14.375000 55.034695 5.418457
v 14.450000 55.086163 5.351318
v 14.375000 55.073978 5.425385
v 14.375000 55.112865 5.434265
v 14.525000 55.008575 5.264099
v 14.450000 55.169460 5.372192
v 14.375000 55.151264 5.445068
v 14.375000 55.189075 5.457764
v 14.525000 55.100796 5.277771
v 14.450000 55.250309 5.401123
v 14.375000 55.226208 5.472351
v 14.375000 55.262566 5.488739
v 14.525000 55.191231 5.300415
v 14.450000 55.327930 5.437836
v 14.375000 55.298061 5.506927
v 14.375000 55.332607 5.526886
v 14.525000 55.279011 5.331818
v 14.450000 55.401585 5.481995
v 14.375000 55.366116 5.548523
v 14.375000 55.398502 5.571808
v 14.525000 55.363285 5.371704
v 14.450000 55.470554 5.533142
v 14.375000 55.429691 5.596680
v 14.375000 55.459599 5.623077
v 14.525000 55.443253 5.419617
v 14.450000 55.534180 5.590790
v 14.375000 55.488155 5.650940
v 14.375000 55.515285 5.680176
v 14.525000 55.518135 5.475159
v 14.450000 55.591843 5.654419
v 14.375000 55.540924 5.710724
v 14.375000 55.565010 5.742523
v 14.525000 55.587212 5.537781
v 14.450000 55.642998 5.723389
v 14.375000 55.587482 5.775482
v 14.375000 55.608280 5.809509
v 14.525000 55.649818 5.606842
v 14.450000 55.687141 5.797058
v 14.375000 55.627357 5.844543
v 14.375000 55.644665 5.880493
v 14.525000 55.705357 5.681732
v 14.450000 55.723854 5.874664
v 14.375000 55.660160 5.917236
v 14.375000 55.673801 5.954742
v 14.525000 55.753284 5.761688
v 14.450000 55.752781 5.955505
v 14.375000 55.685558 5.992859
v 14.375000 55.695404 6.031494
v 14.525000 55.793144 5.845978
v 14.450000 55.773647 6.038818
v 14.375000 55.703308 6.070587
v 14.375000 55.709251 6.110046
v 14.525000 55.824554 5.933746
v 14.450000 55.786247 6.123749
v 14.375000 55.713223 6.149719
v 14.375000 55.715210 6.189575
v 14.525000 55.847206 6.024170
v 14.450000 55.790459 6.209503
v 14.375000 55.715210 6.229462
v 14.525000 55.860886 6.116394
v 14.450000 55.786247 6.295288
v 14.375000 55.713223 6.269287
v 14.375000 55.709251 6.308990
v 14.525000 55.865459 6.209503
v 14.450000 55.773647 6.380219
v 14.375000 55.703308 6.348450
v 14.375000 55.695404 6.387543
v 14.525000 55.860886 6.302643
v 14.450000 55.752781 6.463531
v 14.375000 55.685558 6.426178
v 14.375000 55.673801 6.464294
v 14.525000 55.847206 6.394867
v 14.450000 55.723854 6.544373
v 14.375000 55.660160 6.501801
v 14.375000 55.644665 6.538544
v 14.525000 55.824554 6.485291
v 14.450000 55.687141 6.621979
v 14.375000 55.627357 6.574493
v 14.375000 55.608280 6.609528
v 14.525000 55.793144 6.573059
v 14.450000 55.642998 6.695648
v 14.375000 55.587482 6.643555
v 14.375000 55.565010 6.676514
v 14.525000 55.753284 6.657349
v 14.450000 55.591843 6.764618
v 14.375000 55.540924 6.708313
v 14.375000 55.515285 6.738861
v 14.525000 55.705357 6.737305
v 14.450000 55.534180 6.828247
v 14.375000 55.488155 6.768097
v 14.375000 55.459599 6.795959
v 14.525000 55.649818 6.812195
v 14.450000 55.470554 6.885895
v 14.375000 55.429691 6.822357
v 14.375000 55.398502 6.847229
v 14.525000 55.587212 6.881256
v 14.450000 55.401585 6.937042
v 14.375000 55.366116 6.870514
v 14.375000 55.332607 6.892151
v 14.525000 55.518135 6.943878
v 14.450000 55.327930 6.981201
v 14.375000 55.298061 6.912109
v 14.375000 55.262566 6.930298
v 14.525000 55.443253 6.999420
v 14.450000 55.250309 7.017914
v 14.375000 55.226208 6.946686
v 14.375000 55.189075 6.961273
v 14.525000 55.363285 7.047333
v 14.450000 55.169460 7.046844
v 14.375000 55.151264 6.973969
v 14.375000 55.112865 6.984772
v 14.525000 55.279011 7.087189
v 14.450000 55.086163 7.067719
v 14.375000 55.073978 6.993652
v 14.375000 55.034695 7.000580
v 14.525000 55.191231 7.118622
v 14.450000 55.001225 7.080292
v 14.375000 54.995113 7.005554
v 14.375000 54.955338 7.008514
v 14.525000 55.100796 7.141266
v 14.525000 55.008575 7.154938
v -34.450001 49.001225 7.080292
v -34.375000 48.955338 7.008514
v -34.375000 48.995113 7.005554
v -34.375000 49.034695 7.000580
v -34.450001 49.086166 7.067719
v -34.375000 49.073978 6.993652
v -34.375000 49.112865 6.984772
v -34.525002 49.008575 7.154938
v -34.450001 49.169460 7.046844
v -34.375000 49.151264 6.973969
v -34.375000 49.189075 6.961273
v -34.525002 49.100796 7.141266
v -34.450001 49.250309 7.017914
v -34.375000 49.226208 6.946686
v -34.375000 49.262566 6.930298
v -34.525002 49.191231 7.118622
v -34.450001 49.327934 6.981201
v -34.375000 49.298065 6.912109
v -34.375000 49.332607 6.892151
v -34.525002 49.279011 7.087189
v -34.450001 49.401585 6.937042
v -34.375000 49.366116 6.870514
v -34.375000 49.398502 6.847229
v -34.525002 49.363289 7.047333
v -34.450001 49.470554 6.885895
v -34.375000 49.429691 6.822357
v -34.375000 49.459599 6.795959
v -34.525002 49.443253 6.999420
v -34.450001 49.534180 6.828247
v -34.375000 49.488155 6.768097
v -34.375000 49.515285 6.738861
v -34.525002 49.518135 6.943878
v -34.450001 49.591846 6.764618
v -34.375000 49.540924 6.708313
v -34.375000 49.565010 6.676514
v -34.525002 49.587212 6.881256
v -34.450001 49.642998 6.695648
v -34.375000 49.587482 6.643555
v -34.375000 49.608280 6.609528
v -34.525002 49.649822 6.812195
v -34.450001 49.687141 6.621979
v -34.375000 49.627357 6.574493
v -34.375000 49.644665 6.538544
v -34.525002 49.705357 6.737305
v -34.450001 49.723854 6.544373
v -34.375000 49.660160 6.501801
v -34.375000 49.673801 6.464294
v -34.525002 49.753284 6.657349
v -34.450001 49.752785 6.463531
v -34.375000 49.685558 6.426178
v -34.375000 49.695404 6.387543
v -34.525002 49.793144 6.573059
v -34.450001 49.773647 6.380219
v -34.375000 49.703308 6.348450
v -34.375000 49.709251 6.308990
v -34.525002 49.824554 6.485291
v -34.450001 49.786247 6.295288
v -34.375000 49.713223 6.269287
v -34.375000 49.715210 6.229462
v -34.525002 49.847206 6.394867
v -34.450001 49.790459 6.209503
v -34.375000 49.715210 6.189575
v -34.525002 49.860886 6.302643
v -34.450001 49.786247 6.123749
v -34.375000 49.713223 6.149719
v -34.375000 49.709251 6.110046
v -34.525002 49.865459 6.209503
v -34.450001 49.773647 6.038818
v -34.375000 49.703308 6.070587
v -34.375000 49.695404 6.031494
v -34.525002 49.860886 6.116394
v -34.450001 49.752785 5.955505
v -34.375000 49.685558 5.992859
v -34.375000 49.673801 5.954742
v -34.525002 49.847206 6.024170
v -34.450001 49.723854 5.874664
v -34.375000 49.660160 5.917236
v -34.375000 49.644665 5.880493
v -34.525002 49.824554 5.933746
v -34.450001 49.687141 5.797058
v -34.375000 49.627357 5.844543
v -34.375000 49.608280 5.809509
v -34.525002 49.793144 5.845978
v -34.450001 49.642998 5.723389
v -34.375000 49.587482 5.775482
v -34.375000 49.565010 5.742523
v -34.525002 49.753284 5.761688
v -34.450001 49.591846 5.654419
v -34.375000 49.540924 5.710724
v -34.375000 49.515285 5.680176
v -34.525002 49.705357 5.681732
v -34.450001 49.534180 5.590790
v -34.375000 49.488155 5.650940
v -34.375000 49.459599 5.623077
v -34.525002 49.649822 5.606842
v -34.450001 49.470554 5.533142
v -34.375000 49.429691 5.596680
v -34.375000 49.398502 5.571808
v -34.525002 49.587212 5.537781
v -34.450001 49.401585 5.481995
v -34.375000 49.366116 5.548523
v -34.375000 49.332607 5.526886
v -34.525002 49.518135 5.475159
v -34.450001 49.327934 5.437836
v -34.375000 49.298065 5.506927
v -34.375000 49.262566 5.488739
v -34.525002 49.443253 5.419617
v -34.450001 49.250309 5.401123
v -34.375000 49.226208 5.472351
v -34.375000 49.189075 5.457764
v -34.525002 49.363289 5.371704
v -34.450001 49.169460 5.372192
v -34.375000 49.151264 5.445068
v -34.375000 49.112865 5.434265
v -34.525002 49.279011 5.331818
v -34.450001 49.086166 5.351318
v -34.375000 49.073978 5.425385
v -34.375000 49.034695 5.418457
v -34.525002 49.191231 5.300415
v -34.450001 49.001225 5.338745
v -34.375000 48.995113 5.413483
v -34.375000 48.955338 5.410522
v -34.525002 49.100796 5.277771
v -34.525002 49.008575 5.264099
v -34.450001 55.001225 7.080292
v -34.375000 54.955338 7.008514
v -34.375000 54.995113 7.005554
v -34.375000 55.034695 7.000580
v -34.450001 55.086163 7.067719
v -34.375000 55.073978 6.993652
v -34.375000 55.112865 6.984772
v -34.525002 55.008575 7.154938
v -34.450001 55.169460 7.046844
v -34.375000 55.151264 6.973969
v -34.375000 55.189075 6.961273
v -34.525002 55.100796 7.141266
v -34.450001 55.250309 7.017914
v -34.375000 55.226208 6.946686
v -34.375000 55.262566 6.930298
v -34.525002 55.191231 7.118622
v -34.450001 55.327930 6.981201
v -34.375000 55.298061 6.912109
v -34.375000 55.332607 6.892151
v -34.525002 55.279011 7.087189
v -34.450001 55.401585 6.937042
v -34.375000 55.366116 6.870514
v -34.375000 55.398502 6.847229
v -34.525002 55.363285 7.047333
v -34.450001 55.470554 6.885895
v -34.375000 55.429691 6.822357
v -34.375000 55.459599 6.795959
v -34.525002 55.443253 6.999420
v -34.450001 55.534180 6.828247
v -34.375000 55.488155 6.768097
v -34.375000 55.515285 6.738861
v -34.525002 55.518135 6.943878
v -34.450001 55.591843 6.764618
v -34.375000 55.540924 6.708313
v -34.375000 55.565010 6.676514
v -34.525002 55.587212 6.881256
v -34.450001 55.642998 6.695648
v -34.375000 55.587482 6.643555
v -34.375000 55.608280 6.609528
v -34.525002 55.649818 6.812195
v -34.450001 55.687141 6.621979
v -34.375000 55.627357 6.574493
v -34.375000 55.644665 6.538544
v -34.525002 55.705357 6.737305
v -34.450001 55.723854 6.544373
v -34.375000 55.660160 6.501801
v -34.375000 55.673801 6.464294
v -34.525002 55.753284 6.657349
v -34.450001 55.752781 6.463531
v -34.375000 55.685558 6.426178
v -34.375000 55.695404 6.387543
v -34.525002 55.793144 6.573059
v -34.450001 55.773647 6.380219
v -34.375000 55.703308 6.348450
v -34.375000 55.709251 6.308990
v -34.525002 55.824554 6.485291
v -34.450001 55.786247 6.295288
v -34.375000 55.713223 6.269287
v -34.375000 55.715210 6.229462
v -34.525002 55.847206 6.394867
v -34.450001 55.790459 6.209503
v -34.375000 55.715210 6.189575
v -34.525002 55.860886 6.302643
v -34.450001 55.786247 6.123749
v -34.375000 55.713223 6.149719
v -34.375000 55.709251 6.110046
v -34.525002 55.865459 6.209503
v -34.450001 55.773647 6.038818
v -34.375000 55.703308 6.070587
v -34.375000 55.695404 6.031494
v -34.525002 55.860886 6.116394
v -34.450001 55.752781 5.955505
v -34.375000 55.685558 5.992859
v -34.375000 55.673801 5.954742
v -34.525002 55.847206 6.024170
v -34.450001 55.723854 5.874664
v -34.375000 55.660160 5.917236
v -34.375000 55.644665 5.880493
v -34.525002 55.824554 5.933746
v -34.450001 55.687141 5.797058
v -34.375000 55.627357 5.844543
v -34.375000 55.608280 5.809509
v -34.525002 55.793144 5.845978
v -34.450001 55.642998 5.723389
v -34.375000 55.587482 5.775482
v -34.375000 55.565010 5.742523
v -34.525002 55.753284 5.761688
v -34.450001 55.591843 5.654419
v -34.375000 55.540924 5.710724
v -34.375000 55.515285 5.680176
v -34.525002 55.705357 5.681732
v -34.450001 55.534180 5.590790
v -34.375000 55.488155 5.650940
v -34.375000 55.459599 5.623077
v -34.525002 55.649818 5.606842
v -34.450001 55.470554 5.533142
v -34.375000 55.429691 5.596680
v -34.375000 55.398502 5.571808
v -34.525002 55.587212 5.537781
v -34.450001 55.401585 5.481995
v -34.375000 55.366116 5.548523
v -34.375000 55.332607 5.526886
v -34.525002 55.518135 5.475159
v -34.450001 55.327930 5.437836
v -34.375000 55.298061 5.506927
v -34.375000 55.262566 5.488739
v -34.525002 55.443253 5.419617
v -34.450001 55.250309 5.401123
v -34.375000 55.226208 5.472351
v -34.375000 55.189075 5.457764
v -34.525002 55.363285 5.371704
v -34.450001 55.169460 5.372192
v -34.375000 55.151264 5.445068
v -34.375000 55.112865 5.434265
v -34.525002 55.279011 5.331818
v -34.450001 55.086163 5.351318
v -34.375000 55.073978 5.425385
v -34.375000 55.034695 5.418457
v -34.525002 55.191231 5.300415
v -34.450001 55.001225 5.338745
v -34.375000 54.995113 5.413483
v -34.375000 54.955338 5.410522
v -34.525002 55.100796 5.277771
v -34.525002 55.008575 5.264099
v -26.807705 65.915459 5.102692
v -26.830746 65.915459 4.947388
v -26.868896 65.915459 4.795074
v -26.921795 65.915459 4.647217
v -26.988926 65.915459 4.505280
v -27.069649 65.915459 4.370605
v -27.163185 65.915459 4.244476
v -27.268631 65.915459 4.128143
v -27.384972 65.915459 4.022705
v -27.511089 65.915459 3.929169
v -27.645767 65.915459 3.848450
v -27.787708 65.915459 3.781311
v -27.935547 65.915459 3.728424
v -28.087856 65.915459 3.690247
v -28.243172 65.915459 3.667236
v -28.400002 65.915459 3.659515
v -28.556828 65.915459 3.667236
v -28.712147 65.915459 3.690247
v -28.864456 65.915459 3.728424
v -29.012295 65.915459 3.781311
v -29.154236 65.915459 3.848450
v -29.288914 65.915459 3.929169
v -29.415031 65.915459 4.022705
v -29.531372 65.915459 4.128143
v -29.636818 65.915459 4.244476
v -29.730350 65.915459 4.370605
v -29.811073 65.915459 4.505280
v -29.878208 65.915459 4.647217
v -29.931107 65.915459 4.795074
v -29.969257 65.915459 4.947388
v -29.992298 65.915459 5.102692
v -26.807705 65.915459 -5.647308
v -26.830746 65.915459 -5.802612
v -26.868896 65.915459 -5.954926
v -26.921795 65.915459 -6.102783
v -26.988926 65.915459 -6.244720
v -27.069649 65.915459 -6.379395
v -27.163185 65.915459 -6.505524
v -27.268631 65.915459 -6.621857
v -27.384972 65.915459 -6.727295
v -27.511089 65.915459 -6.820831
v -27.645767 65.915459 -6.901550
v -27.787708 65.915459 -6.968689
v -27.935547 65.915459 -7.021576
v -28.087856 65.915459 -7.059753
v -28.243172 65.915459 -7.082764
v -28.400002 65.915459 -7.090485
v -28.556828 65.915459 -7.082764
v -28.712147 65.915459 -7.059753
v -28.864456 65.915459 -7.021576
v -29.012295 65.915459 -6.968689
v -29.154236 65.915459 -6.901550
v -29.288914 65.915459 -6.820831
v -29.415031 65.915459 -6.727295
v -29.531372 65.915459 -6.621857
v -29.636818 65.915459 -6.505524
v -29.730350 65.915459 -6.379395
v -29.811073 65.915459 -6.244720
v -29.878208 65.915459 -6.102783
v -29.931107 65.915459 -5.954926
v -29.969257 65.915459 -5.802612
v -29.992298 65.915459 -5.647308
v -29.992298 65.915459 -4.833649
v -29.969257 65.915459 -4.678345
v -29.931107 65.915459 -4.526031
v -29.878208 65.915459 -4.378174
v -29.811073 65.915459 -4.236237
v -29.730350 65.915459 -4.101562
v -29.636818 65.915459 -3.975464
v -29.531372 65.915459 -3.859100
v -29.415031 65.915459 -3.753662
v -29.288914 65.915459 -3.660126
v -29.154236 65.915459 -3.579407
v -29.012295 65.915459 -3.512268
v -28.864456 65.915459 -3.459381
v -28.712147 65.915459 -3.421234
v -28.556828 65.915459 -3.398193
v -28.400002 65.915459 -3.390472
v -28.243172 65.915459 -3.398193
v -28.087856 65.915459 -3.421234
v -27.935547 65.915459 -3.459381
v -27.787708 65.915459 -3.512268
v -27.645767 65.915459 -3.579407
v -27.511089 65.915459 -3.660126
v -27.384972 65.915459 -3.753662
v -27.268631 65.915459 -3.859100
v -27.163185 65.915459 -3.975464
v -27.069649 65.915459 -4.101562
v -26.988926 65.915459 -4.236237
v -26.921795 65.915459 -4.378174
v -26.868896 65.915459 -4.526031
v -26.830746 65.915459 -4.678345
v -26.807705 65.915459 -4.833649
v -26.801022 61.015461 -0.397644
v -26.849506 61.015461 -0.554810
v -26.782715 61.015461 -0.317413
v -26.823307 61.015461 -0.476837
v -26.913403 61.015461 -0.706390
v -26.992069 61.015461 -0.850861
v -26.879566 61.015461 -0.631409
v -26.950935 61.015461 -0.779602
v -27.036705 61.015461 -0.919952
v -27.084732 61.015461 -0.986755
v -27.136028 61.015461 -1.051086
v -27.190464 61.015461 -1.112762
v -27.247910 61.015461 -1.171661
v -27.371243 61.015461 -1.280518
v -27.308220 61.015461 -1.227631
v -27.436825 61.015461 -1.330170
v -27.504799 61.015461 -1.376526
v -27.575001 61.015461 -1.419434
v -27.647255 61.015461 -1.458771
v -27.874496 61.015461 -1.554565
v -26.752052 61.015461 -0.072723
v -26.758202 61.015461 -0.154755
v -26.768429 61.015461 -0.236389
v -27.721378 61.015461 -1.494476
v -27.797188 61.015461 -1.526428
v -27.953114 61.015461 -1.578827
v -28.113480 61.015461 -1.615417
v -28.032841 61.015461 -1.599121
v -28.194832 61.015461 -1.627686
v -28.358864 61.015461 -1.639984
v -28.276695 61.015461 -1.635864
v -30.041801 61.015461 -0.154755
v -30.047951 61.015461 -0.072723
v -28.523304 61.015461 -1.635864
v -28.605167 61.015461 -1.627686
v -28.441135 61.015461 -1.639984
v -30.031570 61.015461 -0.236389
v -28.686520 61.015461 -1.615417
v -28.846886 61.015461 -1.578827
v -28.767159 61.015461 -1.599121
v -29.998978 61.015461 -0.397644
v -29.950493 61.015461 -0.554810
v -29.976696 61.015461 -0.476837
v -30.017284 61.015461 -0.317413
v -28.925503 61.015461 -1.554565
v -29.002815 61.015461 -1.526428
v -29.886600 61.015461 -0.706390
v -29.920437 61.015461 -0.631409
v -29.078625 61.015461 -1.494476
v -29.152748 61.015461 -1.458771
v -29.225002 61.015461 -1.419434
v -29.807930 61.015461 -0.850861
v -29.849068 61.015461 -0.779602
v -29.295200 61.015461 -1.376526
v -29.363178 61.015461 -1.330170
v -29.428761 61.015461 -1.280518
v -29.763294 61.015461 -0.919952
v -29.663975 61.015461 -1.051086
v -29.715271 61.015461 -0.986755
v -29.609535 61.015461 -1.112762
v -29.552090 61.015461 -1.171661
v -29.491783 61.015461 -1.227631
v -26.752052 65.640457 -0.072723
v -26.758202 65.640457 -0.154755
v -26.768429 65.640457 -0.236389
v -26.782715 65.640457 -0.317413
v -26.801022 65.640457 -0.397644
v -26.823307 65.640457 -0.476837
v -26.849506 65.640457 -0.554810
v -26.879566 65.640457 -0.631409
v -26.913403 65.640457 -0.706390
v -26.950935 65.640457 -0.779602
v -26.992069 65.640457 -0.850861
v -27.036705 65.640457 -0.919952
v -27.084732 65.640457 -0.986755
v -27.136028 65.640457 -1.051086
v -27.190464 65.640457 -1.112762
v -27.247910 65.640457 -1.171661
v -27.308220 65.640457 -1.227631
v -27.371243 65.640457 -1.280518
v -27.436825 65.640457 -1.330170
v -27.504799 65.640457 -1.376526
v -27.575001 65.640457 -1.419434
v -27.647255 65.640457 -1.458771
v -27.721378 65.640457 -1.494476
v -27.797188 65.640457 -1.526428
v -27.874496 65.640457 -1.554565
v -27.953114 65.640457 -1.578827
v -28.032841 65.640457 -1.599121
v -28.113480 65.640457 -1.615417
v -28.194832 65.640457 -1.627686
v -28.276695 65.640457 -1.635864
v -28.358864 65.640457 -1.639984
v -28.441135 65.640457 -1.639984
v -28.523304 65.640457 -1.635864
v -28.605167 65.640457 -1.627686
v -28.686520 65.640457 -1.615417
v -28.767159 65.640457 -1.599121
v -28.846886 65.640457 -1.578827
v -28.925503 65.640457 -1.554565
v -29.002815 65.640457 -1.526428
v -29.078625 65.640457 -1.494476
v -29.152748 65.640457 -1.458771
v -29.225002 65.640457 -1.419434
v -29.295200 65.640457 -1.376526
v -29.363178 65.640457 -1.330170
v -29.428761 65.640457 -1.280518
v -29.491783 65.640457 -1.227631
v -29.552090 65.640457 -1.171661
v -29.609535 65.640457 -1.112762
v -29.663975 65.640457 -1.051086
v -29.715271 65.640457 -0.986755
v -29.763294 65.640457 -0.919952
v -29.807930 65.640457 -0.850861
v -29.849068 65.640457 -0.779602
v -29.886600 65.640457 -0.706390
v -29.920437 65.640457 -0.631409
v -29.950493 65.640457 -0.554810
v -29.976696 65.640457 -0.476837
v -29.998978 65.640457 -0.397644
v -30.017284 65.640457 -0.317413
v -30.031570 65.640457 -0.236389
v -30.041801 65.640457 -0.154755
v -30.047951 65.640457 -0.072723
v -26.633549 65.765457 -0.164459
v -26.509151 65.890457 -0.176727
v -26.659107 65.765457 -0.336761
v -26.536510 65.890457 -0.361145
v -26.701431 65.765457 -0.505737
v -26.581814 65.890457 -0.542023
v -26.760113 65.765457 -0.669739
v -26.644630 65.890457 -0.717590
v -26.834591 65.765457 -0.827209
v -26.724350 65.890457 -0.886139
v -26.924141 65.765457 -0.976624
v -26.820210 65.890457 -1.046051
v -27.027908 65.765457 -1.116516
v -26.931282 65.890457 -1.195831
v -27.144886 65.765457 -1.245605
v -27.056499 65.890457 -1.333984
v -27.273952 65.765457 -1.362579
v -27.194653 65.890457 -1.459198
v -27.413864 65.765457 -1.466339
v -27.344418 65.890457 -1.570282
v -27.563271 65.765457 -1.555878
v -27.504349 65.890457 -1.666138
v -27.720737 65.765457 -1.630371
v -27.672901 65.890457 -1.745850
v -27.884747 65.765457 -1.689056
v -27.848461 65.890457 -1.808655
v -28.053715 65.765457 -1.731384
v -28.029327 65.890457 -1.853973
v -28.226021 65.765457 -1.756927
v -28.213768 65.890457 -1.881348
v -28.400002 65.765457 -1.765472
v -28.400002 65.890457 -1.890472
v -28.573982 65.765457 -1.756927
v -28.586235 65.890457 -1.881348
v -28.746284 65.765457 -1.731384
v -28.770672 65.890457 -1.853973
v -28.915257 65.765457 -1.689056
v -28.951542 65.890457 -1.808655
v -29.079266 65.765457 -1.630371
v -29.127098 65.890457 -1.745850
v -29.236729 65.765457 -1.555878
v -29.295654 65.890457 -1.666138
v -29.386139 65.765457 -1.466339
v -29.455585 65.890457 -1.570282
v -29.526051 65.765457 -1.362579
v -29.605347 65.890457 -1.459198
v -29.655117 65.765457 -1.245605
v -29.743504 65.890457 -1.333984
v -29.772095 65.765457 -1.116516
v -29.868721 65.890457 -1.195831
v -29.875858 65.765457 -0.976624
v -29.979794 65.890457 -1.046051
v -29.965412 65.765457 -0.827209
v -30.075649 65.890457 -0.886139
v -30.039886 65.765457 -0.669739
v -30.155373 65.890457 -0.717590
v -30.098568 65.765457 -0.505737
v -30.218189 65.890457 -0.542023
v -30.140896 65.765457 -0.336761
v -30.263493 65.890457 -0.361145
v -30.166454 65.765457 -0.164459
v -30.290852 65.890457 -0.176727
v 13.050000 54.955338 5.410522
v 13.050000 54.995113 5.413483
v 13.050000 55.034695 5.418457
v 13.050000 55.073978 5.425385
v 13.050000 55.112865 5.434265
v 13.050000 55.151264 5.445068
v 13.050000 55.189075 5.457764
v 13.050000 55.226208 5.472351
v 13.050000 55.262566 5.488739
v 13.050000 55.298061 5.506927
v 13.050000 55.332607 5.526886
v 13.050000 55.366116 5.548523
v 13.050000 55.398502 5.571808
v 13.050000 55.429691 5.596680
v 13.050000 55.459599 5.623077
v 13.050000 55.488155 5.650940
v 13.050000 55.515285 5.680176
v 13.050000 55.540924 5.710724
v 13.050000 55.565010 5.742523
v 13.050000 55.587482 5.775482
v 13.050000 55.608280 5.809509
v 13.050000 55.627357 5.844543
v 13.050000 55.644665 5.880493
v 13.050000 55.660160 5.917236
v 13.050000 55.673801 5.954742
v 13.050000 55.685558 5.992859
v 13.050000 55.695404 6.031494
v 13.050000 55.703308 6.070587
v 13.050000 55.709251 6.110046
v 13.050000 55.713223 6.149719
v 13.050000 55.715210 6.189575
v 13.050000 55.715210 6.229462
v 13.050000 55.713223 6.269287
v 13.050000 55.709251 6.308990
v 13.050000 55.703308 6.348450
v 13.050000 55.695404 6.387543
v 13.050000 55.685558 6.426178
v 13.050000 55.673801 6.464294
v 13.050000 55.660160 6.501801
v 13.050000 55.644665 6.538544
v 13.050000 55.627357 6.574493
v 13.050000 55.608280 6.609528
v 13.050000 55.587482 6.643555
v 13.050000 55.565010 6.676514
v 13.050000 55.540924 6.708313
v 13.050000 55.515285 6.738861
v 13.050000 55.488155 6.768097
v 13.050000 55.459599 6.795959
v 13.050000 55.429691 6.822357
v 13.050000 55.398502 6.847229
v 13.050000 55.366116 6.870514
v 13.050000 55.332607 6.892151
v 13.050000 55.298061 6.912109
v 13.050000 55.262566 6.930298
v 13.050000 55.226208 6.946686
v 13.050000 55.189075 6.961273
v 13.050000 55.151264 6.973969
v 13.050000 55.112865 6.984772
v 13.050000 55.073978 6.993652
v 13.050000 55.034695 7.000580
v 13.050000 54.995113 7.005554
v 13.050000 54.955338 7.008514
v 13.050000 48.955338 5.410522
v 13.050000 48.995113 5.413483
v 13.050000 49.034695 5.418457
v 13.050000 49.073978 5.425385
v 13.050000 49.112865 5.434265
v 13.050000 49.151264 5.445068
v 13.050000 49.189075 5.457764
v 13.050000 49.226208 5.472351
v 13.050000 49.262566 5.488739
v 13.050000 49.298065 5.506927
v 13.050000 49.332607 5.526886
v 13.050000 49.366116 5.548523
v 13.050000 49.398502 5.571808
v 13.050000 49.429691 5.596680
v 13.050000 49.459599 5.623077
v 13.050000 49.488155 5.650940
v 13.050000 49.515285 5.680176
v 13.050000 49.540924 5.710724
v 13.050000 49.565010 5.742523
v 13.050000 49.587482 5.775482
v 13.050000 49.608280 5.809509
v 13.050000 49.627357 5.844543
v 13.050000 49.644665 5.880493
v 13.050000 49.660160 5.917236
v 13.050000 49.673801 5.954742
v 13.050000 49.685558 5.992859
v 13.050000 49.695404 6.031494
v 13.050000 49.703308 6.070587
v 13.050000 49.709251 6.110046
v 13.050000 49.713223 6.149719
v 13.050000 49.715210 6.189575
v 13.050000 49.715210 6.229462
v 13.050000 49.713223 6.269287
v 13.050000 49.709251 6.308990
v 13.050000 49.703308 6.348450
v 13.050000 49.695404 6.387543
v 13.050000 49.685558 6.426178
v 13.050000 49.673801 6.464294
v 13.050000 49.660160 6.501801
v 13.050000 49.644665 6.538544
v 13.050000 49.627357 6.574493
v 13.050000 49.608280 6.609528
v 13.050000 49.587482 6.643555
v 13.050000 49.565010 6.676514
v 13.050000 49.540924 6.708313
v 13.050000 49.515285 6.738861
v 13.050000 49.488155 6.768097
v 13.050000 49.459599 6.795959
v 13.050000 49.429691 6.822357
v 13.050000 49.398502 6.847229
v 13.050000 49.366116 6.870514
v 13.050000 49.332607 6.892151
v 13.050000 49.298065 6.912109
v 13.050000 49.262566 6.930298
v 13.050000 49.226208 6.946686
v 13.050000 49.189075 6.961273
v 13.050000 49.151264 6.973969
v 13.050000 49.112865 6.984772
v 13.050000 49.073978 6.993652
v 13.050000 49.034695 7.000580
v 13.050000 48.995113 7.005554
v 13.050000 48.955338 7.008514
v -32.445759 54.955338 7.008514
v -32.445759 54.995113 7.005554
v -32.445759 55.034695 7.000580
v -32.445759 55.073978 6.993652
v -32.445759 55.112865 6.984772
v -32.445759 55.151264 6.973969
v -32.445759 55.189075 6.961273
v -32.445759 55.226208 6.946686
v -32.445759 55.262566 6.930298
v -32.445759 55.298061 6.912109
v -32.445759 55.332607 6.892151
v -32.445759 55.366116 6.870514
v -32.445759 55.398502 6.847229
v -32.445759 55.429691 6.822357
v -32.445759 55.459599 6.795959
v -32.445759 55.488155 6.768097
v -32.445759 55.515285 6.738861
v -32.445759 55.540924 6.708313
v -32.445759 55.565010 6.676514
v -32.445759 55.587482 6.643555
v -32.445759 55.608280 6.609528
v -32.445759 55.627357 6.574493
v -32.445759 55.644665 6.538544
v -32.445759 55.660160 6.501801
v -32.445759 55.673801 6.464294
v -32.445759 55.685558 6.426178
v -32.445759 55.695404 6.387543
v -32.445759 55.703308 6.348450
v -32.445759 55.709251 6.308990
v -32.445759 55.713223 6.269287
v -32.445759 55.715210 6.229462
v -32.445759 55.715210 6.189575
v -32.445759 55.713223 6.149719
v -32.445759 55.709251 6.110046
v -32.445759 55.703308 6.070587
v -32.445759 55.695404 6.031494
v -32.445759 55.685558 5.992859
v -32.445759 55.673801 5.954742
v -32.445759 55.660160 5.917236
v -32.445759 55.644665 5.880493
v -32.445759 55.627357 5.844543
v -32.445759 55.608280 5.809509
v -32.445759 55.587482 5.775482
v -32.445759 55.565010 5.742523
v -32.445759 55.540924 5.710724
v -32.445759 55.515285 5.680176
v -32.445759 55.488155 5.650940
v -32.445759 55.459599 5.623077
v -32.445759 55.429691 5.596680
v -32.445759 55.398502 5.571808
v -32.445759 55.366116 5.548523
v -32.445759 55.332607 5.526886
v -32.445759 55.298061 5.506927
v -32.445759 55.262566 5.488739
v -32.445759 55.226208 5.472351
v -32.445759 55.189075 5.457764
v -32.445759 55.151264 5.445068
v -32.445759 55.112865 5.434265
v -32.445759 55.073978 5.425385
v -32.445759 55.034695 5.418457
v -32.445759 54.995113 5.413483
v -32.445759 54.955338 5.410522
v -32.445759 48.955338 7.008514
v -32.445759 48.995113 7.005554
v -32.445759 49.034695 7.000580
v -32.445759 49.073978 6.993652
v -32.445759 49.112865 6.984772
v -32.445759 49.151264 6.973969
v -32.445759 49.189075 6.961273
v -32.445759 49.226208 6.946686
v -32.445759 49.262566 6.930298
v -32.445759 49.298065 6.912109
v -32.445759 49.332607 6.892151
v -32.445759 49.366116 6.870514
v -32.445759 49.398502 6.847229
v -32.445759 49.429691 6.822357
v -32.445759 49.459599 6.795959
v -32.445759 49.488155 6.768097
v -32.445759 49.515285 6.738861
v -32.445759 49.540924 6.708313
v -32.445759 49.565010 6.676514
v -32.445759 49.587482 6.643555
v -32.445759 49.608280 6.609528
v -32.445759 49.627357 6.574493
v -32.445759 49.644665 6.538544
v -32.445759 49.660160 6.501801
v -32.445759 49.673801 6.464294
v -32.445759 49.685558 6.426178
v -32.445759 49.695404 6.387543
v -32.445759 49.703308 6.348450
v -32.445759 49.709251 6.308990
v -32.445759 49.713223 6.269287
v -32.445759 49.715210 6.229462
v -32.445759 49.715210 6.189575
v -32.445759 49.713223 6.149719
v -32.445759 49.709251 6.110046
v -32.445759 49.703308 6.070587
v -32.445759 49.695404 6.031494
v -32.445759 49.685558 5.992859
v -32.445759 49.673801 5.954742
v -32.445759 49.660160 5.917236
v -32.445759 49.644665 5.880493
v -32.445759 49.627357 5.844543
v -32.445759 49.608280 5.809509
v -32.445759 49.587482 5.775482
v -32.445759 49.565010 5.742523
v -32.445759 49.540924 5.710724
v -32.445759 49.515285 5.680176
v -32.445759 49.488155 5.650940
v -32.445759 49.459599 5.623077
v -32.445759 49.429691 5.596680
v -32.445759 49.398502 5.571808
v -32.445759 49.366116 5.548523
v -32.445759 49.332607 5.526886
v -32.445759 49.298065 5.506927
v -32.445759 49.262566 5.488739
v -32.445759 49.226208 5.472351
v -32.445759 49.189075 5.457764
v -32.445759 49.151264 5.445068
v -32.445759 49.112865 5.434265
v -32.445759 49.073978 5.425385
v -32.445759 49.034695 5.418457
v -32.445759 48.995113 5.413483
v -32.445759 48.955338 5.410522
v 14.600000 55.654743 6.882904
v 12.600000 55.794415 6.686432
v 12.600000 55.654743 6.882904
v 14.600000 55.794415 6.686432
v 14.600000 55.472103 7.040283
v 12.600000 55.472103 7.040283
v 14.600000 55.257118 7.149353
v 12.600000 55.257118 7.149353
v 14.600000 55.022274 7.203796
v 12.600000 55.022274 7.203796
v 14.600000 54.781223 7.200470
v 12.600000 54.781223 7.200470
v 14.600000 54.547977 7.139557
v 12.600000 54.547977 7.139557
v 14.600000 54.336082 7.024567
v 12.600000 54.336082 7.024567
v 14.600000 54.157864 6.862244
v 12.600000 54.157864 6.862244
v 14.600000 54.023670 6.661957
v 12.600000 54.023670 6.661957
v 14.600000 53.941307 6.435394
v 12.600000 53.941307 6.435394
v 12.600000 53.915554 6.195709
v 14.600000 53.915554 6.195709
v 14.600000 53.947918 5.956818
v 12.600000 53.947918 5.956818
v 14.600000 54.036507 5.732605
v 12.600000 54.036507 5.732605
v 15.100000 56.872425 7.765259
v 14.600000 57.112843 7.401794
v 14.600000 56.872425 7.765259
v 15.100000 57.112843 7.401794
v 15.100000 56.572544 8.081421
v 14.600000 56.572544 8.081421
v 15.100000 56.222317 8.340759
v 14.600000 56.222317 8.340759
v 15.100000 55.832378 8.535309
v 14.600000 55.832378 8.535309
v 15.100000 55.414581 8.659180
v 14.600000 55.414581 8.659180
v 15.100000 54.981617 8.708649
v 14.600000 54.981617 8.708649
v 15.100000 54.546642 8.682159
v 14.600000 54.546642 8.682159
v 15.100000 54.122875 8.580566
v 14.600000 54.122875 8.580566
v 15.100000 53.723190 8.406891
v 14.600000 53.723190 8.406891
v 15.100000 53.359734 8.166473
v 14.600000 53.359734 8.166473
v 15.100000 53.043545 7.866608
v 14.600000 53.043545 7.866608
v 15.100000 52.784233 7.516357
v 14.600000 52.784233 7.516357
v 15.100000 52.589680 7.126434
v 14.600000 52.589680 7.126434
v 15.100000 52.465790 6.708649
v 14.600000 52.465790 6.708649
v 15.100000 52.416336 6.275665
v 14.600000 52.416336 6.275665
v 15.100000 52.442814 5.840698
v 14.600000 52.442814 5.840698
v 15.100000 52.544426 5.416931
v 14.600000 52.544426 5.416931
v 15.100000 52.718079 5.017242
v 14.600000 52.718079 5.017242
v 15.100000 52.958496 4.653778
v 14.600000 52.958496 4.653778
v 15.100000 53.258377 4.337616
v 14.600000 53.258377 4.337616
v 15.100000 53.608604 4.078278
v 14.600000 53.608604 4.078278
v 15.100000 53.998543 3.883728
v 14.600000 53.998543 3.883728
v 15.100000 54.416340 3.759857
v 14.600000 54.416340 3.759857
v 14.600000 54.849304 3.710388
v 15.100000 54.849304 3.710388
v 15.100000 55.284279 3.736877
v 14.600000 55.284279 3.736877
v 15.100000 55.708046 3.838470
v 14.600000 55.708046 3.838470
v 15.100000 56.107731 4.012146
v 14.600000 56.107731 4.012146
v 14.600000 56.471188 4.252563
v 15.100000 56.471188 4.252563
v 15.100000 56.787376 4.552429
v 14.600000 56.787376 4.552429
v 15.100000 57.046688 4.902649
v 14.600000 57.046688 4.902649
v 15.100000 57.241241 5.292603
v 14.600000 57.241241 5.292603
v 15.100000 57.365131 5.710388
v 14.600000 57.365131 5.710388
v 15.100000 57.414585 6.143372
v 14.600000 57.414585 6.143372
v 15.100000 57.388107 6.578339
v 14.600000 57.388107 6.578339
v 15.100000 57.286495 7.002106
v 14.600000 57.286495 7.002106
v 14.600000 55.889614 5.983643
v 14.600000 55.807251 5.757080
v 14.600000 55.915363 6.223328
v 14.600000 55.673058 5.556793
v 14.600000 55.883003 6.462219
v 14.600000 55.494839 5.394470
v 14.600000 55.282944 5.279480
v 14.600000 55.049698 5.218567
v 14.600000 54.808647 5.215240
v 14.600000 54.573803 5.269684
v 14.600000 54.358818 5.378754
v 14.600000 54.176178 5.536133
v 12.600000 54.176178 5.536133
v 12.600000 54.358818 5.378754
v 12.600000 54.573803 5.269684
v 12.600000 54.808647 5.215240
v 12.600000 55.049698 5.218567
v 12.600000 55.282944 5.279480
v 12.600000 55.494839 5.394470
v 12.600000 55.673058 5.556793
v 12.600000 55.807251 5.757080
v 12.600000 55.889614 5.983643
v 12.600000 55.915363 6.223328
v 12.600000 55.883003 6.462219
v 14.600000 49.156075 5.238892
v 12.600000 48.916798 5.209534
v 12.600000 49.156075 5.238892
v 14.600000 48.916798 5.209534
v 14.600000 49.381367 5.324677
v 12.600000 49.381367 5.324677
v 14.600000 49.579582 5.461884
v 12.600000 49.579582 5.461884
v 14.600000 49.739204 5.642548
v 12.600000 49.739204 5.642548
v 14.600000 49.850948 5.856171
v 12.600000 49.850948 5.856171
v 14.600000 49.908329 6.090302
v 12.600000 49.908329 6.090302
v 14.600000 49.908009 6.331390
v 12.600000 49.908009 6.331390
v 14.600000 49.850002 6.565369
v 12.600000 49.850002 6.565369
v 14.600000 49.737686 6.778687
v 12.600000 49.737686 6.778687
v 14.600000 49.577583 6.958923
v 12.600000 49.577583 6.958923
v 12.600000 49.379002 7.095581
v 14.600000 49.379002 7.095581
v 14.600000 49.153477 7.180786
v 12.600000 49.153477 7.180786
v 14.600000 48.914124 7.209503
v 12.600000 48.914124 7.209503
v 15.100000 49.352871 3.748077
v 14.600000 48.918800 3.709534
v 14.600000 49.352871 3.748077
v 15.100000 48.918800 3.709534
v 15.100000 49.773651 3.861420
v 14.600000 49.773651 3.861420
v 15.100000 50.168354 4.046112
v 14.600000 50.168354 4.046112
v 15.100000 50.524986 4.296570
v 14.600000 50.524986 4.296570
v 15.100000 50.832718 4.605103
v 14.600000 50.832718 4.605103
v 15.100000 51.082191 4.962402
v 14.600000 51.082191 4.962402
v 15.100000 51.265831 5.357605
v 14.600000 51.265831 5.357605
v 15.100000 51.378059 5.778687
v 14.600000 51.378059 5.778687
v 15.100000 51.415459 6.212860
v 14.600000 51.415459 6.212860
v 15.100000 51.376896 6.646942
v 14.600000 51.376896 6.646942
v 15.100000 51.263546 7.067719
v 14.600000 51.263546 7.067719
v 15.100000 51.078850 7.462402
v 14.600000 51.078850 7.462402
v 15.100000 50.828423 7.819031
v 14.600000 50.828423 7.819031
v 15.100000 50.519867 8.126770
v 14.600000 50.519867 8.126770
v 15.100000 50.162567 8.376251
v 14.600000 50.162567 8.376251
v 15.100000 49.767372 8.559875
v 14.600000 49.767372 8.559875
v 15.100000 49.346291 8.672119
v 14.600000 49.346291 8.672119
v 15.100000 48.912121 8.709503
v 14.600000 48.912121 8.709503
v 15.100000 48.478050 8.670959
v 14.600000 48.478050 8.670959
v 15.100000 48.057270 8.557617
v 14.600000 48.057270 8.557617
v 15.100000 47.662567 8.372894
v 14.600000 47.662567 8.372894
v 15.100000 47.305935 8.122467
v 14.600000 47.305935 8.122467
v 15.100000 46.998203 7.813934
v 14.600000 46.998203 7.813934
v 14.600000 46.748730 7.456635
v 15.100000 46.748730 7.456635
v 15.100000 46.565090 7.061432
v 14.600000 46.565090 7.061432
v 15.100000 46.452862 6.640350
v 14.600000 46.452862 6.640350
v 15.100000 46.415462 6.206177
v 14.600000 46.415462 6.206177
v 14.600000 46.454025 5.772095
v 15.100000 46.454025 5.772095
v 15.100000 46.567375 5.351318
v 14.600000 46.567375 5.351318
v 15.100000 46.752068 4.956635
v 14.600000 46.752068 4.956635
v 15.100000 47.002499 4.599976
v 14.600000 47.002499 4.599976
v 15.100000 47.311054 4.292267
v 14.600000 47.311054 4.292267
v 15.100000 47.668354 4.042786
v 14.600000 47.668354 4.042786
v 15.100000 48.063549 3.859131
v 14.600000 48.063549 3.859131
v 15.100000 48.484631 3.746918
v 14.600000 48.484631 3.746918
v 14.600000 48.253338 5.460114
v 14.600000 48.093235 5.640350
v 14.600000 48.451920 5.323456
v 14.600000 47.980919 5.853668
v 14.600000 48.677444 5.238251
v 14.600000 47.922913 6.087646
v 14.600000 47.922592 6.328735
v 14.600000 47.979973 6.562866
v 14.600000 48.091717 6.776489
v 14.600000 48.251339 6.957153
v 14.600000 48.449554 7.094360
v 14.600000 48.674847 7.180145
v 12.600000 48.674847 7.180145
v 12.600000 48.449554 7.094360
v 12.600000 48.251339 6.957153
v 12.600000 48.091717 6.776489
v 12.600000 47.979973 6.562866
v 12.600000 47.922592 6.328735
v 12.600000 47.922913 6.087646
v 12.600000 47.980919 5.853668
v 12.600000 48.093235 5.640350
v 12.600000 48.253338 5.460114
v 12.600000 48.451920 5.323456
v 12.600000 48.677444 5.238251
v -34.599998 55.491508 5.392090
v -32.599998 55.670387 5.553711
v -32.599998 55.491508 5.392090
v -34.599998 55.670387 5.553711
v -34.599998 55.279148 5.277985
v -32.599998 55.279148 5.277985
v -34.599998 55.045650 5.218018
v -32.599998 55.045650 5.218018
v -34.599998 54.804592 5.215668
v -32.599998 54.804592 5.215668
v -34.599998 54.569973 5.271088
v -32.599998 54.569973 5.271088
v -34.599998 54.355431 5.381042
v -32.599998 54.355431 5.381042
v -34.599998 54.173439 5.539154
v -32.599998 54.173439 5.539154
v -34.599998 54.034569 5.736206
v -32.599998 54.034569 5.736206
v -34.599998 53.946892 5.960754
v -32.599998 53.946892 5.960754
v -34.599998 53.915508 6.199799
v -32.599998 53.915508 6.199799
v -32.599998 53.942234 6.439362
v -34.599998 53.942234 6.439362
v -34.599998 54.025524 6.665588
v -32.599998 54.025524 6.665588
v -34.599998 54.160530 6.865326
v -32.599998 54.160530 6.865326
v -35.099998 56.489410 4.267181
v -34.599998 56.802780 4.570007
v -34.599998 56.489410 4.267181
v -35.099998 56.802780 4.570007
v -35.099998 56.128216 4.023376
v -34.599998 56.128216 4.023376
v -35.099998 55.730171 3.845978
v -34.599998 55.730171 3.845978
v -35.099998 55.307369 3.740417
v -34.599998 55.307369 3.740417
v -35.099998 54.872665 3.709869
v -34.599998 54.872665 3.709869
v -35.099998 54.439259 3.755280
v -34.599998 54.439259 3.755280
v -35.099998 54.020321 3.875275
v -34.599998 54.020321 3.875275
v -35.099998 53.628582 4.066162
v -34.599998 53.628582 4.066162
v -35.099998 53.275944 4.322205
v -34.599998 53.275944 4.322205
v -35.099998 52.973122 4.635559
v -34.599998 52.973122 4.635559
v -35.099998 52.729317 4.996765
v -34.599998 52.729317 4.996765
v -35.099998 52.551937 5.394806
v -34.599998 52.551937 5.394806
v -35.099998 52.446369 5.817596
v -34.599998 52.446369 5.817596
v -35.099998 52.415829 6.252319
v -34.599998 52.415829 6.252319
v -35.099998 52.461235 6.685730
v -34.599998 52.461235 6.685730
v -35.099998 52.581211 7.104645
v -34.599998 52.581211 7.104645
v -35.099998 52.772114 7.496399
v -34.599998 52.772114 7.496399
v -35.099998 53.028137 7.849030
v -34.599998 53.028137 7.849030
v -35.099998 53.341511 8.151855
v -34.599998 53.341511 8.151855
v -35.099998 53.702705 8.395660
v -34.599998 53.702705 8.395660
v -35.099998 54.100750 8.573029
v -34.599998 54.100750 8.573029
v -35.099998 54.523548 8.678619
v -34.599998 54.523548 8.678619
v -35.099998 54.958256 8.709137
v -34.599998 54.958256 8.709137
v -34.599998 55.391663 8.663757
v -35.099998 55.391663 8.663757
v -35.099998 55.810600 8.543762
v -34.599998 55.810600 8.543762
v -35.099998 56.202339 8.352875
v -34.599998 56.202339 8.352875
v -35.099998 56.554977 8.096832
v -34.599998 56.554977 8.096832
v -34.599998 56.857800 7.783478
v -35.099998 56.857800 7.783478
v -35.099998 57.101604 7.422272
v -34.599998 57.101604 7.422272
v -35.099998 57.278984 7.024231
v -34.599998 57.278984 7.024231
v -35.099998 57.384552 6.601440
v -34.599998 57.384552 6.601440
v -35.099998 57.415092 6.166718
v -34.599998 57.415092 6.166718
v -35.099998 57.369686 5.733307
v -34.599998 57.369686 5.733307
v -35.099998 57.249710 5.314392
v -34.599998 57.249710 5.314392
v -35.099998 57.058807 4.922638
v -34.599998 57.058807 4.922638
v -34.599998 55.915413 6.219238
v -34.599998 55.884026 6.458282
v -34.599998 55.888687 5.979675
v -34.599998 55.796352 6.682831
v -34.599998 55.805397 5.753448
v -34.599998 55.657482 6.879883
v -34.599998 55.475491 7.037994
v -34.599998 55.260948 7.147949
v -34.599998 55.026329 7.203339
v -34.599998 54.785271 7.201019
v -34.599998 54.551773 7.141052
v -34.599998 54.339413 7.026947
v -32.599998 54.339413 7.026947
v -32.599998 54.551773 7.141052
v -32.599998 54.785271 7.201019
v -32.599998 55.026329 7.203339
v -32.599998 55.260948 7.147949
v -32.599998 55.475491 7.037994
v -32.599998 55.657482 6.879883
v -32.599998 55.796352 6.682831
v -32.599998 55.884026 6.458282
v -32.599998 55.915413 6.219238
v -32.599998 55.888687 5.979675
v -32.599998 55.805397 5.753448
v -34.599998 49.232635 5.261139
v -32.599998 49.450378 5.364624
v -32.599998 49.232635 5.261139
v -34.599998 49.450378 5.364624
v -34.599998 48.996460 5.212799
v -32.599998 48.996460 5.212799
v -34.599998 48.755577 5.222382
v -32.599998 48.755577 5.222382
v -34.599998 48.523983 5.289337
v -32.599998 48.523983 5.289337
v -34.599998 48.315144 5.409760
v -32.599998 48.315144 5.409760
v -34.599998 48.141193 5.576660
v -32.599998 48.141193 5.576660
v -34.599998 48.012238 5.780334
v -32.599998 48.012238 5.780334
v -34.599998 47.935776 6.008972
v -32.599998 47.935776 6.008972
v -34.599998 47.916248 6.249237
v -32.599998 47.916248 6.249237
v -34.599998 47.954796 6.487213
v -32.599998 47.954796 6.487213
v -32.599998 48.049168 6.709045
v -34.599998 48.049168 6.709045
v -34.599998 48.193890 6.901855
v -32.599998 48.193890 6.901855
v -34.599998 48.380543 7.054413
v -32.599998 48.380543 7.054413
v -35.099998 49.865643 3.897125
v -34.599998 50.252750 4.097260
v -34.599998 49.865643 3.897125
v -35.099998 50.252750 4.097260
v -35.099998 49.449665 3.767273
v -34.599998 49.449665 3.767273
v -35.099998 49.017456 3.711609
v -34.599998 49.017456 3.711609
v -35.099998 48.582150 3.731842
v -34.599998 48.582150 3.731842
v -35.099998 48.156967 3.827362
v -34.599998 48.156967 3.827362
v -35.099998 47.754833 3.995270
v -34.599998 47.754833 3.995270
v -35.099998 47.387962 4.230438
v -34.599998 47.387962 4.230438
v -35.099998 47.067505 4.525757
v -34.599998 47.067505 4.525757
v -35.099998 46.803196 4.872223
v -34.599998 46.803196 4.872223
v -35.099998 46.603069 5.259338
v -34.599998 46.603069 5.259338
v -35.099998 46.473202 5.675323
v -34.599998 46.473202 5.675323
v -35.099998 46.417542 6.107513
v -34.599998 46.417542 6.107513
v -35.099998 46.437778 6.542816
v -34.599998 46.437778 6.542816
v -35.099998 46.533298 6.968018
v -34.599998 46.533298 6.968018
v -35.099998 46.701202 7.370148
v -34.599998 46.701202 7.370148
v -35.099998 46.936382 7.737030
v -34.599998 46.936382 7.737030
v -35.099998 47.231697 8.057465
v -34.599998 47.231697 8.057465
v -35.099998 47.578171 8.321777
v -34.599998 47.578171 8.321777
v -35.099998 47.965279 8.521912
v -34.599998 47.965279 8.521912
v -35.099998 48.381256 8.651764
v -34.599998 48.381256 8.651764
v -35.099998 48.813465 8.707428
v -34.599998 48.813465 8.707428
v -35.099998 49.248772 8.687195
v -34.599998 49.248772 8.687195
v -35.099998 49.673954 8.591675
v -34.599998 49.673954 8.591675
v -34.599998 50.076088 8.423767
v -35.099998 50.076088 8.423767
v -35.099998 50.442959 8.188599
v -34.599998 50.442959 8.188599
v -35.099998 50.763416 7.893280
v -34.599998 50.763416 7.893280
v -35.099998 51.027725 7.546814
v -34.599998 51.027725 7.546814
v -34.599998 51.227852 7.159698
v -35.099998 51.227852 7.159698
v -35.099998 51.357719 6.743713
v -34.599998 51.357719 6.743713
v -35.099998 51.413380 6.311523
v -34.599998 51.413380 6.311523
v -35.099998 51.393143 5.876190
v -34.599998 51.393143 5.876190
v -35.099998 51.297623 5.451019
v -34.599998 51.297623 5.451019
v -35.099998 51.129719 5.048889
v -34.599998 51.129719 5.048889
v -35.099998 50.894539 4.682007
v -34.599998 50.894539 4.682007
v -35.099998 50.599224 4.361572
v -34.599998 50.599224 4.361572
v -34.599998 49.876125 5.931824
v -34.599998 49.914669 6.169769
v -34.599998 49.781754 5.709991
v -34.599998 49.895145 6.410065
v -34.599998 49.637032 5.517181
v -34.599998 49.818684 6.638702
v -34.599998 49.689728 6.842377
v -34.599998 49.515778 7.009277
v -34.599998 49.306938 7.129700
v -34.599998 49.075344 7.196655
v -34.599998 48.834461 7.206238
v -34.599998 48.598286 7.157898
v -32.599998 48.598286 7.157898
v -32.599998 48.834461 7.206238
v -32.599998 49.075344 7.196655
v -32.599998 49.306938 7.129700
v -32.599998 49.515778 7.009277
v -32.599998 49.689728 6.842377
v -32.599998 49.818684 6.638702
v -32.599998 49.895145 6.410065
v -32.599998 49.914669 6.169769
v -32.599998 49.876125 5.931824
v -32.599998 49.781754 5.709991
v -32.599998 49.637032 5.517181
vn -0.0000 0.0253 0.9997
vn -0.0000 0.0252 0.9997
vn -0.0000 0.0742 0.9972
vn -0.0000 0.1247 0.9922
vn -0.0000 0.1737 0.9848
vn -0.0000 0.2226 0.9749
vn -0.0000 0.2708 0.9626
vn -0.0000 0.3183 0.9480
vn -0.0000 0.3656 0.9308
vn -0.0000 0.4109 0.9117
vn -0.0000 0.4560 0.8900
vn -0.0000 0.5003 0.8658
vn -0.0000 0.5002 0.8659
vn -0.0000 0.5425 0.8400
vn -0.0000 0.5424 0.8401
vn -0.0000 0.5837 0.8119
vn -0.0000 0.6235 0.7818
vn -0.0000 0.6617 0.7498
vn -0.0000 0.6618 0.7497
vn -0.0000 0.6983 0.7158
vn -0.0000 0.6984 0.7157
vn -0.0000 0.7330 0.6802
vn -0.0000 0.7329 0.6803
vn -0.0000 0.7660 0.6428
vn -0.0000 0.7659 0.6429
vn -0.0000 0.7972 0.6037
vn -0.0000 0.8262 0.5633
vn -0.0000 0.8262 0.5634
vn -0.0000 0.8532 0.5216
vn -0.0000 0.8533 0.5214
vn -0.0000 0.8782 0.4782
vn -0.0000 0.9011 0.4336
vn -0.0000 0.9010 0.4337
vn -0.0000 0.9010 0.4339
vn -0.0000 0.9214 0.3886
vn -0.0000 0.9398 0.3418
vn -0.0000 0.9398 0.3417
vn -0.0000 0.9555 0.2948
vn -0.0000 0.9556 0.2947
vn -0.0000 0.9690 0.2470
vn -0.0000 0.9802 0.1981
vn -0.0000 0.9801 0.1983
vn -0.0000 0.9889 0.1489
vn -0.0000 0.9888 0.1490
vn -0.0000 0.9889 0.1487
vn -0.0000 0.9950 0.0996
vn -0.0000 0.9988 0.0499
vn -0.0000 0.9988 0.0498
vn -0.0000 0.9988 0.0497
vn -0.0000 1.0000 -0.0000
vn -0.0000 0.9988 -0.0498
vn -0.0000 0.9988 -0.0500
vn -0.0000 0.9950 -0.0995
vn -0.0000 0.9888 -0.1490
vn -0.0000 0.9889 -0.1489
vn -0.0000 0.9801 -0.1983
vn -0.0000 0.9802 -0.1981
vn -0.0000 0.9690 -0.2470
vn -0.0000 0.9556 -0.2947
vn -0.0000 0.9555 -0.2948
vn -0.0000 0.9398 -0.3417
vn -0.0000 0.9398 -0.3418
vn -0.0000 0.9214 -0.3886
vn -0.0000 0.9010 -0.4337
vn -0.0000 0.9010 -0.4339
vn -0.0000 0.8782 -0.4782
vn -0.0000 0.8533 -0.5214
vn -0.0000 0.8532 -0.5216
vn -0.0000 0.8262 -0.5634
vn -0.0000 0.8262 -0.5633
vn -0.0000 0.8263 -0.5633
vn -0.0000 0.7972 -0.6037
vn -0.0000 0.7659 -0.6429
vn -0.0000 0.7660 -0.6428
vn -0.0000 0.7329 -0.6803
vn -0.0000 0.7330 -0.6802
vn -0.0000 0.6984 -0.7157
vn -0.0000 0.6983 -0.7158
vn -0.0000 0.6618 -0.7497
vn -0.0000 0.6617 -0.7498
vn -0.0000 0.6235 -0.7818
vn -0.0000 0.5837 -0.8119
vn -0.0000 0.5424 -0.8401
vn -0.0000 0.5425 -0.8400
vn -0.0000 0.5002 -0.8659
vn -0.0000 0.5003 -0.8658
vn -0.0000 0.4560 -0.8900
vn -0.0000 0.4109 -0.9117
vn -0.0000 0.3656 -0.9308
vn -0.0000 0.3183 -0.9480
vn -0.0000 0.2708 -0.9626
vn -0.0000 0.2226 -0.9749
vn -0.0000 0.1247 -0.9922
vn -0.0000 0.1737 -0.9848
vn -0.0000 0.0742 -0.9972
vn -0.0000 0.0252 -0.9997
vn -0.0000 0.0253 -0.9997
vn -0.0000 0.5426 0.8400
vn -0.0000 0.5836 0.8120
vn -0.0000 0.6236 0.7817
vn -0.0000 0.7973 0.6036
vn -0.0000 0.9555 0.2950
vn -0.0000 0.9691 0.2467
vn -0.0000 0.9691 0.2468
vn -0.0000 0.9691 0.2466
vn -0.0000 0.9691 -0.2468
vn -0.0000 0.9691 -0.2466
vn -0.0000 0.9691 -0.2465
vn -0.0000 0.9555 -0.2950
vn -0.0000 0.7970 -0.6040
vn -0.0000 0.7973 -0.6036
vn -0.0000 0.6236 -0.7817
vn -0.0000 0.5836 -0.8120
vn -0.0000 0.5426 -0.8400
vn -0.0000 0.2709 -0.9626
vn -0.0000 0.3657 -0.9307
vn -0.0000 0.4108 -0.9117
vn -0.0000 0.4561 -0.8899
vn -0.0000 0.4559 -0.8900
vn -0.0000 0.5004 -0.8658
vn -0.0000 0.5838 -0.8119
vn -0.0000 0.5837 -0.8120
vn -0.0000 0.6617 -0.7497
vn -0.0000 0.7331 -0.6801
vn -0.0000 0.7659 -0.6430
vn -0.0000 0.7971 -0.6038
vn -0.0000 0.8261 -0.5635
vn -0.0000 0.8781 -0.4784
vn -0.0000 0.8782 -0.4783
vn -0.0000 0.8532 -0.5215
vn -0.0000 0.9009 -0.4339
vn -0.0000 0.9011 -0.4337
vn -0.0000 0.9556 -0.2948
vn -0.0000 0.9690 -0.2471
vn -0.0000 0.9802 -0.1982
vn -0.0000 0.9950 -0.0994
vn -0.0000 0.9951 -0.0994
vn -0.0000 0.9950 0.0995
vn -0.0000 0.9950 0.0998
vn -0.0000 0.9802 0.1982
vn -0.0000 0.9690 0.2471
vn -0.0000 0.9556 0.2948
vn -0.0000 0.9011 0.4337
vn -0.0000 0.8782 0.4783
vn -0.0000 0.8781 0.4784
vn -0.0000 0.8532 0.5215
vn -0.0000 0.8261 0.5635
vn -0.0000 0.8263 0.5633
vn -0.0000 0.7971 0.6038
vn -0.0000 0.7659 0.6430
vn -0.0000 0.7331 0.6801
vn -0.0000 0.6617 0.7497
vn -0.0000 0.5837 0.8120
vn -0.0000 0.5838 0.8119
vn -0.0000 0.5004 0.8658
vn -0.0000 0.4559 0.8900
vn -0.0000 0.4561 0.8899
vn -0.0000 0.4108 0.9117
vn -0.0000 0.3657 0.9307
vn -0.0000 0.2709 0.9626
vn -0.0000 0.3182 -0.9480
vn -0.0000 0.7974 -0.6035
vn -0.0000 0.7971 -0.6039
vn -0.0000 0.7973 -0.6035
vn -0.0000 0.9010 -0.4338
vn -0.0000 0.9215 -0.3884
vn -0.0000 0.9214 -0.3887
vn -0.0000 0.9215 -0.3885
vn -0.0000 0.9397 -0.3421
vn -0.0000 0.9397 -0.3419
vn -0.0000 0.9691 -0.2467
vn -0.0000 0.9801 -0.1984
vn -0.0000 0.9690 -0.2472
vn -0.0000 0.9950 -0.0996
vn -0.0000 0.9951 0.0994
vn -0.0000 0.9801 0.1984
vn -0.0000 0.9690 0.2472
vn -0.0000 0.9399 0.3415
vn -0.0000 0.9397 0.3419
vn -0.0000 0.9214 0.3887
vn -0.0000 0.9215 0.3885
vn -0.0000 0.9010 0.4338
vn -0.0000 0.9215 0.3884
vn -0.0000 0.7971 0.6039
vn -0.0000 0.7974 0.6035
vn -0.0000 0.7972 0.6038
vn -0.0000 0.3182 0.9480
vn 0.7189 0.6949 -0.0179
vn 0.7050 0.7072 -0.0529
vn 0.7020 0.7067 -0.0880
vn 0.6943 0.7195 -0.0173
vn 0.7054 0.7068 -0.0528
vn 0.7016 0.7071 -0.0879
vn 0.7067 0.7066 -0.0347
vn 0.7067 0.7067 -0.0347
vn 0.6962 0.7072 -0.1227
vn 0.6899 0.7066 -0.1575
vn 0.6994 0.7072 -0.1036
vn 0.7049 0.7016 -0.1044
vn 0.7053 0.7011 -0.1047
vn 0.6931 0.7135 -0.1028
vn 0.7002 0.7063 -0.1039
vn 0.6936 0.7129 -0.1030
vn 0.6969 0.7066 -0.1230
vn 0.6891 0.7075 -0.1572
vn 0.6859 0.7071 -0.1717
vn 0.6913 0.7015 -0.1730
vn 0.6917 0.7011 -0.1733
vn 0.6804 0.7074 -0.1913
vn 0.6710 0.7064 -0.2254
vn 0.6813 0.7064 -0.1917
vn 0.6697 0.7078 -0.2250
vn 0.6867 0.7063 -0.1720
vn 0.6798 0.7134 -0.1702
vn 0.6803 0.7128 -0.1705
vn 0.6658 0.7071 -0.2384
vn 0.6710 0.7014 -0.2403
vn 0.6714 0.7011 -0.2403
vn 0.6578 0.7076 -0.2581
vn 0.6452 0.7064 -0.2912
vn 0.6590 0.7063 -0.2587
vn 0.6439 0.7079 -0.2905
vn 0.6665 0.7063 -0.2386
vn 0.6598 0.7134 -0.2361
vn 0.6603 0.7128 -0.2363
vn 0.6393 0.7071 -0.3022
vn 0.6443 0.7015 -0.3046
vn 0.6446 0.7011 -0.3049
vn 0.6288 0.7077 -0.3222
vn 0.6134 0.7058 -0.3543
vn 0.6107 0.7064 -0.3577
vn 0.6116 0.7014 -0.3661
vn 0.6303 0.7060 -0.3230
vn 0.6063 0.7108 -0.3566
vn 0.6085 0.7100 -0.3544
vn 0.6115 0.7081 -0.3530
vn 0.6400 0.7063 -0.3026
vn 0.6335 0.7134 -0.2996
vn 0.6341 0.7127 -0.2999
vn 0.6112 0.7016 -0.3664
vn 0.5935 0.7079 -0.3830
vn 0.5752 0.7057 -0.4136
vn 0.5726 0.7062 -0.4164
vn 0.5741 0.7005 -0.4241
vn 0.5951 0.7059 -0.3842
vn 0.5630 0.7138 -0.4165
vn 0.5701 0.7103 -0.4128
vn 0.5730 0.7085 -0.4120
vn 0.6072 0.7063 -0.3639
vn 0.5723 0.7016 -0.4245
vn 0.5521 0.7080 -0.4403
vn 0.5313 0.7054 -0.4691
vn 0.5287 0.7061 -0.4710
vn 0.5290 0.7009 -0.4784
vn 0.5537 0.7059 -0.4417
vn 0.5196 0.7128 -0.4711
vn 0.5263 0.7104 -0.4672
vn 0.5291 0.7087 -0.4667
vn 0.5685 0.7064 -0.4216
vn 0.5276 0.7017 -0.4789
vn 0.5055 0.7081 -0.4930
vn 0.4821 0.7051 -0.5200
vn 0.4798 0.7059 -0.5211
vn 0.4791 0.7013 -0.5278
vn 0.5072 0.7057 -0.4947
vn 0.4710 0.7129 -0.5196
vn 0.4772 0.7108 -0.5169
vn 0.4799 0.7090 -0.5168
vn 0.5244 0.7065 -0.4752
vn 0.4781 0.7018 -0.5282
vn 0.4539 0.7083 -0.5407
vn 0.4284 0.7048 -0.5655
vn 0.4262 0.7057 -0.5660
vn 0.4247 0.7016 -0.5722
vn 0.4753 0.7064 -0.5244
vn 0.4550 0.7058 -0.5430
vn 0.4180 0.7126 -0.5634
vn 0.4233 0.7110 -0.5615
vn 0.4256 0.7094 -0.5619
vn 0.4243 0.7018 -0.5722
vn 0.3979 0.7083 -0.5831
vn 0.3701 0.7044 -0.6057
vn 0.3693 0.7033 -0.6075
vn 0.3686 0.7007 -0.6109
vn 0.3993 0.7055 -0.5855
vn 0.3673 0.7102 -0.6006
vn 0.3674 0.7080 -0.6032
vn 0.3672 0.7097 -0.6012
vn 0.4216 0.7064 -0.5685
vn 0.3635 0.7069 -0.6067
vn 0.3377 0.7084 -0.6198
vn 0.3077 0.7041 -0.6400
vn 0.3073 0.7031 -0.6413
vn 0.3063 0.7030 -0.6419
vn 0.3389 0.7055 -0.6224
vn 0.3028 0.7113 -0.6343
vn 0.3061 0.7082 -0.6362
vn 0.3056 0.7101 -0.6344
vn 0.3608 0.7124 -0.6019
vn 0.3024 0.7069 -0.6394
vn 0.2743 0.7085 -0.6502
vn 0.2430 0.7037 -0.6676
vn 0.2426 0.7049 -0.6665
vn 0.2396 0.7024 -0.6702
vn 0.2751 0.7054 -0.6532
vn 0.2386 0.7114 -0.6610
vn 0.2394 0.7115 -0.6606
vn 0.2408 0.7104 -0.6614
vn 0.3001 0.7123 -0.6345
vn 0.2400 0.7022 -0.6704
vn 0.2077 0.7086 -0.6744
vn 0.1757 0.7035 -0.6887
vn 0.1758 0.7046 -0.6875
vn 0.1727 0.7027 -0.6902
vn 0.2385 0.7065 -0.6664
vn 0.2090 0.7054 -0.6773
vn 0.1721 0.7115 -0.6813
vn 0.1723 0.7116 -0.6811
vn 0.1735 0.7108 -0.6817
vn 0.1736 0.7023 -0.6904
vn 0.1398 0.7085 -0.6918
vn 0.1055 0.7030 -0.7033
vn 0.1067 0.7034 -0.7028
vn 0.1059 0.7024 -0.7039
vn 0.1405 0.7053 -0.6948
vn 0.1040 0.7116 -0.6948
vn 0.1041 0.7116 -0.6949
vn 0.1050 0.7111 -0.6952
vn 0.1717 0.7065 -0.6866
vn 0.1045 0.7025 -0.7040
vn 0.0703 0.7086 -0.7021
vn 0.0353 0.7026 -0.7107
vn 0.0361 0.7029 -0.7103
vn 0.0349 0.7025 -0.7108
vn 0.1038 0.7066 -0.7000
vn 0.0703 0.7054 -0.7053
vn 0.0347 0.7117 -0.7016
vn 0.0347 0.7116 -0.7017
vn 0.0348 0.7116 -0.7017
vn 0.0349 0.7026 -0.7107
vn -0.0000 0.7086 -0.7056
vn 0.0347 0.7066 -0.7068
vn -0.0000 0.7053 -0.7089
vn -0.0347 0.7068 -0.7065
vn -0.0353 0.7026 -0.7107
vn -0.0354 0.7025 -0.7108
vn -0.0348 0.7027 -0.7107
vn -0.0707 0.7086 -0.7021
vn -0.0345 0.7116 -0.7017
vn -0.0350 0.7116 -0.7017
vn -0.0348 0.7116 -0.7017
vn -0.0347 0.7117 -0.7016
vn -0.0703 0.7054 -0.7053
vn -0.1398 0.7085 -0.6918
vn -0.1038 0.7069 -0.6997
vn -0.1054 0.7027 -0.7036
vn -0.1059 0.7025 -0.7038
vn -0.1055 0.7030 -0.7034
vn -0.1050 0.7111 -0.6952
vn -0.1062 0.7108 -0.6954
vn -0.1040 0.7116 -0.6948
vn -0.1405 0.7053 -0.6948
vn -0.1030 0.7119 -0.6947
vn -0.1727 0.7027 -0.6902
vn -0.1748 0.7027 -0.6897
vn -0.1756 0.7035 -0.6887
vn -0.2078 0.7085 -0.6744
vn -0.1721 0.7068 -0.6861
vn -0.1707 0.7120 -0.6811
vn -0.1752 0.7096 -0.6825
vn -0.1721 0.7115 -0.6813
vn -0.1735 0.7108 -0.6817
vn -0.2087 0.7054 -0.6774
vn -0.2398 0.7022 -0.6704
vn -0.2425 0.7049 -0.6665
vn -0.2430 0.7038 -0.6676
vn -0.2743 0.7085 -0.6502
vn -0.2400 0.7022 -0.6704
vn -0.2385 0.7064 -0.6664
vn -0.2386 0.7114 -0.6610
vn -0.2394 0.7115 -0.6607
vn -0.2408 0.7104 -0.6613
vn -0.2751 0.7054 -0.6532
vn -0.3063 0.7030 -0.6419
vn -0.3073 0.7031 -0.6413
vn -0.3077 0.7041 -0.6400
vn -0.3377 0.7084 -0.6198
vn -0.3023 0.7069 -0.6394
vn -0.3052 0.7101 -0.6345
vn -0.3061 0.7082 -0.6362
vn -0.3028 0.7113 -0.6343
vn -0.3393 0.7054 -0.6223
vn -0.3000 0.7123 -0.6345
vn -0.3688 0.7007 -0.6108
vn -0.3693 0.7033 -0.6075
vn -0.3698 0.7045 -0.6058
vn -0.3979 0.7083 -0.5831
vn -0.3636 0.7069 -0.6067
vn -0.3608 0.7124 -0.6019
vn -0.3674 0.7079 -0.6032
vn -0.3671 0.7097 -0.6012
vn -0.3673 0.7102 -0.6006
vn -0.3992 0.7055 -0.5855
vn -0.4213 0.7069 -0.5681
vn -0.4277 0.7035 -0.5676
vn -0.4245 0.7017 -0.5722
vn -0.4284 0.7048 -0.5655
vn -0.4539 0.7083 -0.5407
vn -0.4254 0.7076 -0.5642
vn -0.4255 0.7094 -0.5619
vn -0.4180 0.7126 -0.5634
vn -0.4556 0.7056 -0.5428
vn -0.4555 0.7056 -0.5428
vn -0.4180 0.7125 -0.5636
vn -0.4791 0.7013 -0.5278
vn -0.4816 0.7037 -0.5224
vn -0.4821 0.7051 -0.5201
vn -0.5055 0.7081 -0.4930
vn -0.4749 0.7069 -0.5242
vn -0.4791 0.7074 -0.5197
vn -0.4799 0.7090 -0.5168
vn -0.4711 0.7126 -0.5199
vn -0.5071 0.7057 -0.4947
vn -0.4706 0.7126 -0.5203
vn -0.5291 0.7008 -0.4784
vn -0.5287 0.7061 -0.4710
vn -0.5313 0.7054 -0.4691
vn -0.5521 0.7080 -0.4403
vn -0.5276 0.7016 -0.4789
vn -0.5245 0.7065 -0.4752
vn -0.5292 0.7086 -0.4667
vn -0.5263 0.7104 -0.4672
vn -0.5196 0.7138 -0.4695
vn -0.5537 0.7059 -0.4417
vn -0.5741 0.7004 -0.4241
vn -0.5749 0.7041 -0.4168
vn -0.5752 0.7057 -0.4137
vn -0.5935 0.7079 -0.3830
vn -0.5681 0.7069 -0.4213
vn -0.5721 0.7070 -0.4157
vn -0.5730 0.7085 -0.4120
vn -0.5681 0.7108 -0.4147
vn -0.5951 0.7059 -0.3842
vn -0.5635 0.7128 -0.4177
vn -0.6117 0.7013 -0.3661
vn -0.6107 0.7064 -0.3577
vn -0.6134 0.7059 -0.3543
vn -0.6288 0.7077 -0.3222
vn -0.6112 0.7016 -0.3664
vn -0.6072 0.7063 -0.3639
vn -0.6084 0.7100 -0.3545
vn -0.6113 0.7083 -0.3531
vn -0.6063 0.7107 -0.3567
vn -0.6300 0.7062 -0.3230
vn -0.6455 0.7061 -0.2911
vn -0.6578 0.7076 -0.2581
vn -0.6394 0.7070 -0.3023
vn -0.6442 0.7016 -0.3046
vn -0.6446 0.7011 -0.3049
vn -0.6335 0.7134 -0.2996
vn -0.6400 0.7062 -0.3027
vn -0.6339 0.7129 -0.2999
vn -0.6439 0.7079 -0.2905
vn -0.6590 0.7063 -0.2587
vn -0.6710 0.7064 -0.2254
vn -0.6804 0.7074 -0.1913
vn -0.6665 0.7063 -0.2386
vn -0.6658 0.7070 -0.2384
vn -0.6710 0.7014 -0.2403
vn -0.6714 0.7010 -0.2403
vn -0.6598 0.7134 -0.2361
vn -0.6603 0.7128 -0.2364
vn -0.6697 0.7078 -0.2250
vn -0.6813 0.7064 -0.1917
vn -0.6899 0.7066 -0.1574
vn -0.6960 0.7074 -0.1227
vn -0.6860 0.7070 -0.1717
vn -0.6913 0.7015 -0.1731
vn -0.6917 0.7011 -0.1733
vn -0.6802 0.7130 -0.1702
vn -0.6868 0.7062 -0.1720
vn -0.6798 0.7134 -0.1703
vn -0.6890 0.7074 -0.1573
vn -0.6969 0.7066 -0.1229
vn -0.7021 0.7067 -0.0880
vn -0.7050 0.7072 -0.0528
vn -0.7192 0.6946 -0.0179
vn -0.7002 0.7063 -0.1039
vn -0.6995 0.7071 -0.1036
vn -0.7049 0.7016 -0.1045
vn -0.7053 0.7011 -0.1047
vn -0.7067 0.7067 -0.0347
vn -0.7067 0.7067 -0.0348
vn -0.6931 0.7135 -0.1028
vn -0.6937 0.7129 -0.1029
vn -0.7016 0.7071 -0.0879
vn -0.7054 0.7068 -0.0528
vn -0.6943 0.7195 -0.0173
vn 0.9997 -0.0000 -0.0249
vn 0.9972 -0.0000 -0.0748
vn 0.9922 -0.0000 -0.1244
vn 0.9922 -0.0000 -0.1243
vn 0.9848 -0.0000 -0.1736
vn 0.9749 -0.0000 -0.2226
vn 0.9626 -0.0000 -0.2709
vn 0.9627 -0.0000 -0.2707
vn 0.9480 -0.0000 -0.3184
vn 0.9479 -0.0000 -0.3186
vn 0.9308 -0.0000 -0.3655
vn 0.9309 -0.0000 -0.3653
vn 0.9115 -0.0000 -0.4112
vn 0.8899 -0.0000 -0.4562
vn 0.8661 -0.0000 -0.4999
vn 0.8659 -0.0000 -0.5002
vn 0.8402 -0.0000 -0.5423
vn 0.8400 -0.0000 -0.5426
vn 0.8119 -0.0000 -0.5839
vn 0.8121 -0.0000 -0.5836
vn 0.7817 -0.0000 -0.6237
vn 0.7819 -0.0000 -0.6234
vn 0.7496 -0.0000 -0.6619
vn 0.7499 -0.0000 -0.6616
vn 0.7819 -0.0000 -0.6233
vn 0.7160 -0.0000 -0.6981
vn 0.6801 -0.0000 -0.7332
vn 0.6802 -0.0000 -0.7331
vn 0.6798 -0.0000 -0.7334
vn 0.6425 -0.0000 -0.7663
vn 0.6432 -0.0000 -0.7657
vn 0.6429 -0.0000 -0.7660
vn 0.6038 -0.0000 -0.7972
vn 0.5633 -0.0000 -0.8262
vn 0.5211 -0.0000 -0.8535
vn 0.5216 -0.0000 -0.8532
vn 0.4786 -0.0000 -0.8781
vn 0.4338 -0.0000 -0.9010
vn 0.4336 -0.0000 -0.9011
vn 0.4335 -0.0000 -0.9011
vn 0.3888 -0.0000 -0.9213
vn 0.3420 -0.0000 -0.9397
vn 0.2945 -0.0000 -0.9556
vn 0.2470 -0.0000 -0.9690
vn 0.1983 -0.0000 -0.9801
vn 0.1488 -0.0000 -0.9889
vn 0.1489 -0.0000 -0.9889
vn 0.0998 -0.0000 -0.9950
vn 0.1001 -0.0000 -0.9950
vn 0.0995 -0.0000 -0.9950
vn 0.0500 -0.0000 -0.9987
vn 0.0497 -0.0000 -0.9988
vn 0.0499 -0.0000 -0.9988
vn -0.0000 -0.0000 -1.0000
vn -0.0499 -0.0000 -0.9988
vn -0.0497 -0.0000 -0.9988
vn -0.0500 -0.0000 -0.9987
vn -0.0995 -0.0000 -0.9950
vn -0.0998 -0.0000 -0.9950
vn -0.1001 -0.0000 -0.9950
vn -0.1489 -0.0000 -0.9889
vn -0.1488 -0.0000 -0.9889
vn -0.1487 -0.0000 -0.9889
vn -0.1983 -0.0000 -0.9801
vn -0.2470 -0.0000 -0.9690
vn -0.2945 -0.0000 -0.9556
vn -0.3420 -0.0000 -0.9397
vn -0.3888 -0.0000 -0.9213
vn -0.4338 -0.0000 -0.9010
vn -0.4336 -0.0000 -0.9011
vn -0.4786 -0.0000 -0.8781
vn -0.4335 -0.0000 -0.9011
vn -0.5216 -0.0000 -0.8532
vn -0.5211 -0.0000 -0.8535
vn -0.5633 -0.0000 -0.8262
vn -0.6038 -0.0000 -0.7972
vn -0.6428 -0.0000 -0.7661
vn -0.6429 -0.0000 -0.7660
vn -0.6425 -0.0000 -0.7663
vn -0.6430 -0.0000 -0.7659
vn -0.6801 -0.0000 -0.7331
vn -0.6800 -0.0000 -0.7332
vn -0.7160 -0.0000 -0.6981
vn -0.7496 -0.0000 -0.6618
vn -0.7497 -0.0000 -0.6618
vn -0.7496 -0.0000 -0.6619
vn -0.7819 -0.0000 -0.6234
vn -0.7817 -0.0000 -0.6237
vn -0.7819 -0.0000 -0.6233
vn -0.8120 -0.0000 -0.5836
vn -0.8118 -0.0000 -0.5839
vn -0.8121 -0.0000 -0.5836
vn -0.8402 -0.0000 -0.5423
vn -0.8400 -0.0000 -0.5426
vn -0.8661 -0.0000 -0.4999
vn -0.8659 -0.0000 -0.5002
vn -0.8899 -0.0000 -0.4562
vn -0.9116 -0.0000 -0.4112
vn -0.9308 -0.0000 -0.3655
vn -0.9309 -0.0000 -0.3653
vn -0.9480 -0.0000 -0.3183
vn -0.9480 -0.0000 -0.3182
vn -0.9479 -0.0000 -0.3185
vn -0.9626 -0.0000 -0.2709
vn -0.9626 -0.0000 -0.2711
vn -0.9749 -0.0000 -0.2226
vn -0.9848 -0.0000 -0.1736
vn -0.9922 -0.0000 -0.1243
vn -0.9972 -0.0000 -0.0748
vn -0.9997 -0.0000 -0.0250
vn -0.9997 -0.0000 -0.0249
vn 0.7016 0.7071 -0.0880
vn 0.7053 0.7070 -0.0530
vn 0.6938 0.7200 -0.0173
vn 0.7205 0.6932 -0.0180
vn 0.7048 0.7074 -0.0528
vn 0.7020 0.7067 -0.0879
vn 0.7063 0.7001 -0.1048
vn 0.6890 0.7075 -0.1573
vn 0.6971 0.7064 -0.1228
vn 0.6960 0.7075 -0.1227
vn 0.6898 0.7066 -0.1575
vn 0.6928 0.7137 -0.1028
vn 0.6925 0.7002 -0.1735
vn 0.6793 0.7139 -0.1702
vn 0.6698 0.7076 -0.2249
vn 0.6815 0.7063 -0.1917
vn 0.6802 0.7076 -0.1912
vn 0.6708 0.7065 -0.2254
vn 0.6436 0.7081 -0.2905
vn 0.6591 0.7062 -0.2586
vn 0.6574 0.7079 -0.2582
vn 0.6455 0.7061 -0.2911
vn 0.6722 0.7002 -0.2405
vn 0.6594 0.7138 -0.2360
vn 0.6452 0.7004 -0.3053
vn 0.6062 0.7109 -0.3566
vn 0.6100 0.7090 -0.3538
vn 0.6115 0.7082 -0.3530
vn 0.6300 0.7061 -0.3232
vn 0.6331 0.7137 -0.2995
vn 0.6285 0.7079 -0.3222
vn 0.6134 0.7059 -0.3542
vn 0.6135 0.7048 -0.3562
vn 0.6128 0.7032 -0.3607
vn 0.6121 0.7005 -0.3670
vn 0.6009 0.7136 -0.3601
vn 0.5679 0.7110 -0.4147
vn 0.5716 0.7092 -0.4126
vn 0.5731 0.7084 -0.4118
vn 0.5947 0.7061 -0.3844
vn 0.5934 0.7080 -0.3829
vn 0.5755 0.7055 -0.4137
vn 0.5752 0.7046 -0.4155
vn 0.5743 0.7030 -0.4195
vn 0.5285 0.7089 -0.4670
vn 0.5274 0.7096 -0.4673
vn 0.5284 0.7091 -0.4669
vn 0.5731 0.7005 -0.4252
vn 0.5521 0.7082 -0.4402
vn 0.5319 0.7051 -0.4690
vn 0.5314 0.7044 -0.4706
vn 0.5302 0.7028 -0.4742
vn 0.5628 0.7135 -0.4174
vn 0.5286 0.7006 -0.4793
vn 0.4750 0.7113 -0.5181
vn 0.4784 0.7097 -0.5171
vn 0.4795 0.7092 -0.5168
vn 0.5194 0.7133 -0.4705
vn 0.5053 0.7083 -0.4929
vn 0.4824 0.7049 -0.5200
vn 0.4822 0.7040 -0.5214
vn 0.4847 0.7021 -0.5216
vn 0.4253 0.7100 -0.5613
vn 0.4244 0.7101 -0.5619
vn 0.4255 0.7095 -0.5618
vn 0.4708 0.7132 -0.5193
vn 0.4552 0.7057 -0.5429
vn 0.4790 0.7007 -0.5287
vn 0.4539 0.7084 -0.5406
vn 0.4285 0.7045 -0.5657
vn 0.4281 0.7038 -0.5669
vn 0.4295 0.7035 -0.5662
vn 0.4248 0.7009 -0.5730
vn 0.3671 0.7102 -0.6006
vn 0.3663 0.7103 -0.6010
vn 0.3671 0.7099 -0.6010
vn 0.3992 0.7055 -0.5856
vn 0.4174 0.7132 -0.5631
vn 0.3977 0.7085 -0.5830
vn 0.3702 0.7041 -0.6059
vn 0.3698 0.7036 -0.6068
vn 0.3684 0.7025 -0.6089
vn 0.3604 0.7130 -0.6015
vn 0.3665 0.7010 -0.6118
vn 0.3027 0.7116 -0.6341
vn 0.3047 0.7105 -0.6343
vn 0.3057 0.7102 -0.6341
vn 0.3388 0.7055 -0.6225
vn 0.3372 0.7086 -0.6198
vn 0.3082 0.7037 -0.6402
vn 0.3074 0.7035 -0.6407
vn 0.3040 0.7036 -0.6423
vn 0.2385 0.7117 -0.6608
vn 0.2401 0.7108 -0.6611
vn 0.2408 0.7106 -0.6611
vn 0.2753 0.7053 -0.6532
vn 0.3049 0.7011 -0.6446
vn 0.2999 0.7129 -0.6340
vn 0.2739 0.7088 -0.6501
vn 0.2433 0.7033 -0.6679
vn 0.2424 0.7032 -0.6684
vn 0.2417 0.7022 -0.6697
vn 0.1737 0.7114 -0.6810
vn 0.1732 0.7113 -0.6813
vn 0.1735 0.7110 -0.6815
vn 0.2085 0.7054 -0.6775
vn 0.2402 0.7012 -0.6712
vn 0.2364 0.7127 -0.6604
vn 0.2081 0.7087 -0.6741
vn 0.1759 0.7029 -0.6892
vn 0.1752 0.7027 -0.6896
vn 0.1744 0.7021 -0.6904
vn 0.1730 0.7013 -0.6915
vn 0.1039 0.7119 -0.6946
vn 0.1045 0.7115 -0.6948
vn 0.1050 0.7114 -0.6949
vn 0.1404 0.7053 -0.6948
vn 0.1396 0.7087 -0.6915
vn 0.1059 0.7025 -0.7038
vn 0.1057 0.7024 -0.7039
vn 0.1053 0.7020 -0.7043
vn 0.1705 0.7125 -0.6806
vn 0.0347 0.7120 -0.7013
vn 0.0346 0.7120 -0.7013
vn 0.0351 0.7119 -0.7014
vn 0.0708 0.7053 -0.7054
vn 0.1028 0.7124 -0.6942
vn 0.1047 0.7016 -0.7048
vn 0.0702 0.7088 -0.7019
vn 0.0356 0.7022 -0.7111
vn 0.0353 0.7019 -0.7114
vn 0.0354 0.7020 -0.7113
vn -0.0000 0.7052 -0.7090
vn 0.0346 0.7121 -0.7012
vn 0.0351 0.7018 -0.7116
vn -0.0000 0.7088 -0.7054
vn -0.0347 0.7120 -0.7013
vn -0.0350 0.7119 -0.7014
vn -0.0343 0.7121 -0.7013
vn -0.0708 0.7053 -0.7054
vn -0.0351 0.7119 -0.7014
vn -0.0351 0.7017 -0.7116
vn -0.0357 0.7022 -0.7110
vn -0.0353 0.7020 -0.7113
vn -0.0356 0.7022 -0.7111
vn -0.0702 0.7088 -0.7019
vn -0.1396 0.7087 -0.6915
vn -0.1404 0.7053 -0.6948
vn -0.1050 0.7114 -0.6949
vn -0.1045 0.7115 -0.6948
vn -0.1039 0.7119 -0.6946
vn -0.1028 0.7123 -0.6943
vn -0.1044 0.7016 -0.7049
vn -0.1058 0.7024 -0.7039
vn -0.1053 0.7021 -0.7043
vn -0.1744 0.7021 -0.6904
vn -0.1752 0.7027 -0.6896
vn -0.1756 0.7029 -0.6893
vn -0.2080 0.7087 -0.6741
vn -0.2090 0.7053 -0.6774
vn -0.1739 0.7109 -0.6815
vn -0.1732 0.7112 -0.6813
vn -0.1736 0.7113 -0.6811
vn -0.1730 0.7013 -0.6915
vn -0.1704 0.7126 -0.6806
vn -0.2417 0.7022 -0.6697
vn -0.2424 0.7032 -0.6684
vn -0.2433 0.7034 -0.6679
vn -0.2743 0.7086 -0.6502
vn -0.2750 0.7054 -0.6532
vn -0.2406 0.7106 -0.6612
vn -0.2400 0.7108 -0.6611
vn -0.2385 0.7117 -0.6608
vn -0.2360 0.7128 -0.6605
vn -0.2402 0.7012 -0.6713
vn -0.3027 0.7116 -0.6340
vn -0.3047 0.7105 -0.6343
vn -0.2999 0.7129 -0.6340
vn -0.3042 0.7038 -0.6420
vn -0.3074 0.7035 -0.6407
vn -0.3087 0.7036 -0.6401
vn -0.3373 0.7086 -0.6197
vn -0.3388 0.7055 -0.6225
vn -0.3057 0.7102 -0.6341
vn -0.3049 0.7011 -0.6446
vn -0.3684 0.7025 -0.6089
vn -0.3698 0.7036 -0.6068
vn -0.3705 0.7040 -0.6059
vn -0.3977 0.7085 -0.5830
vn -0.3996 0.7054 -0.5854
vn -0.3671 0.7099 -0.6010
vn -0.3663 0.7103 -0.6010
vn -0.3672 0.7104 -0.6004
vn -0.3665 0.7009 -0.6118
vn -0.3604 0.7130 -0.6015
vn -0.4251 0.7008 -0.5729
vn -0.4281 0.7039 -0.5668
vn -0.4300 0.7030 -0.5665
vn -0.4286 0.7046 -0.5656
vn -0.4536 0.7085 -0.5407
vn -0.4552 0.7057 -0.5430
vn -0.4255 0.7095 -0.5618
vn -0.4244 0.7100 -0.5619
vn -0.4253 0.7096 -0.5617
vn -0.4175 0.7132 -0.5630
vn -0.4844 0.7027 -0.5211
vn -0.4822 0.7040 -0.5214
vn -0.4828 0.7047 -0.5199
vn -0.5054 0.7083 -0.4928
vn -0.5075 0.7056 -0.4946
vn -0.4795 0.7092 -0.5168
vn -0.4784 0.7097 -0.5172
vn -0.4750 0.7113 -0.5181
vn -0.4708 0.7132 -0.5193
vn -0.4790 0.7007 -0.5287
vn -0.5302 0.7028 -0.4742
vn -0.5314 0.7044 -0.4706
vn -0.5319 0.7050 -0.4691
vn -0.5520 0.7082 -0.4402
vn -0.5284 0.7091 -0.4668
vn -0.5274 0.7095 -0.4673
vn -0.5285 0.7088 -0.4672
vn -0.5286 0.7006 -0.4792
vn -0.5193 0.7134 -0.4705
vn -0.5950 0.7059 -0.3843
vn -0.5729 0.7086 -0.4120
vn -0.5716 0.7092 -0.4126
vn -0.5679 0.7110 -0.4147
vn -0.5743 0.7030 -0.4195
vn -0.5752 0.7046 -0.4155
vn -0.5755 0.7055 -0.4137
vn -0.5934 0.7080 -0.3829
vn -0.5628 0.7135 -0.4174
vn -0.5731 0.7005 -0.4252
vn -0.6304 0.7059 -0.3230
vn -0.6115 0.7082 -0.3529
vn -0.6101 0.7090 -0.3538
vn -0.6062 0.7109 -0.3565
vn -0.6128 0.7032 -0.3607
vn -0.6134 0.7048 -0.3562
vn -0.6134 0.7059 -0.3542
vn -0.6284 0.7080 -0.3222
vn -0.6121 0.7004 -0.3670
vn -0.6010 0.7136 -0.3601
vn -0.6591 0.7062 -0.2585
vn -0.6439 0.7079 -0.2904
vn -0.6455 0.7061 -0.2912
vn -0.6574 0.7079 -0.2581
vn -0.6452 0.7004 -0.3053
vn -0.6331 0.7137 -0.2995
vn -0.6815 0.7063 -0.1917
vn -0.6698 0.7076 -0.2249
vn -0.6708 0.7065 -0.2255
vn -0.6803 0.7076 -0.1912
vn -0.6594 0.7138 -0.2360
vn -0.6722 0.7002 -0.2405
vn -0.6793 0.7138 -0.1702
vn -0.6968 0.7066 -0.1229
vn -0.6889 0.7076 -0.1572
vn -0.6901 0.7064 -0.1575
vn -0.6960 0.7075 -0.1227
vn -0.6925 0.7002 -0.1735
vn -0.7067 0.7066 -0.0347
vn -0.6938 0.7200 -0.0173
vn -0.7056 0.7066 -0.0528
vn -0.7014 0.7073 -0.0878
vn -0.6928 0.7137 -0.1028
vn -0.7020 0.7067 -0.0879
vn -0.7048 0.7074 -0.0528
vn -0.7205 0.6932 -0.0180
vn -0.7063 0.7001 -0.1048
vn -0.6970 0.0181 0.7169
vn -0.7069 0.0525 0.7053
vn -0.7066 0.0882 0.7021
vn -0.7073 0.1228 0.6961
vn -0.7066 0.1576 0.6899
vn -0.7069 0.1036 0.6997
vn -0.7024 0.1041 0.7042
vn -0.7023 0.1042 0.7042
vn -0.7175 0.0175 0.6963
vn -0.7070 0.0528 0.7052
vn -0.7074 0.0878 0.7013
vn -0.7069 0.0348 0.7065
vn -0.7067 0.0348 0.7067
vn -0.7068 0.0349 0.7065
vn -0.7066 0.0348 0.7068
vn -0.7070 0.1718 0.6860
vn -0.7025 0.1730 0.6903
vn -0.7020 0.1731 0.6908
vn -0.7074 0.1914 0.6804
vn -0.7065 0.2253 0.6709
vn -0.7067 0.1229 0.6968
vn -0.7075 0.1574 0.6890
vn -0.7063 0.1037 0.7003
vn -0.7122 0.1029 0.6943
vn -0.7120 0.1030 0.6946
vn -0.7074 0.2584 0.6579
vn -0.7070 0.2382 0.6659
vn -0.7024 0.2396 0.6702
vn -0.7022 0.2399 0.6704
vn -0.7063 0.2909 0.6454
vn -0.7065 0.1914 0.6813
vn -0.7077 0.2253 0.6697
vn -0.7125 0.1704 0.6807
vn -0.7064 0.1720 0.6866
vn -0.7120 0.1706 0.6812
vn -0.7077 0.3222 0.6288
vn -0.7061 0.3543 0.6131
vn -0.7064 0.3581 0.6106
vn -0.7021 0.3650 0.6114
vn -0.7070 0.3024 0.6393
vn -0.7025 0.3042 0.6434
vn -0.7020 0.3045 0.6438
vn -0.7062 0.2588 0.6590
vn -0.7076 0.2903 0.6443
vn -0.7121 0.2365 0.6611
vn -0.7065 0.2384 0.6664
vn -0.7119 0.2366 0.6612
vn -0.7025 0.3660 0.6104
vn -0.7076 0.3835 0.5935
vn -0.7059 0.4133 0.5752
vn -0.7063 0.4166 0.5723
vn -0.7024 0.4231 0.5723
vn -0.7064 0.3230 0.6298
vn -0.7122 0.3599 0.6027
vn -0.7095 0.3552 0.6087
vn -0.7081 0.3532 0.6115
vn -0.7120 0.3004 0.6347
vn -0.7065 0.3027 0.6398
vn -0.7122 0.3003 0.6345
vn -0.7024 0.4238 0.5718
vn -0.7079 0.4404 0.5522
vn -0.7056 0.4689 0.5313
vn -0.7061 0.4713 0.5285
vn -0.7026 0.4772 0.5279
vn -0.7061 0.3840 0.5949
vn -0.7114 0.4185 0.5646
vn -0.7092 0.4139 0.5708
vn -0.7084 0.4122 0.5729
vn -0.7064 0.3639 0.6071
vn -0.7025 0.4778 0.5274
vn -0.7080 0.4931 0.5055
vn -0.7054 0.5195 0.4821
vn -0.7046 0.5218 0.4809
vn -0.7022 0.5267 0.4791
vn -0.7060 0.4416 0.5537
vn -0.7115 0.4717 0.5208
vn -0.7094 0.4681 0.5269
vn -0.7086 0.4669 0.5291
vn -0.7066 0.4216 0.5683
vn -0.7067 0.5242 0.4751
vn -0.7080 0.5410 0.4541
vn -0.7051 0.5653 0.4281
vn -0.7053 0.5666 0.4261
vn -0.7022 0.5710 0.4253
vn -0.7060 0.4946 0.5068
vn -0.7113 0.5207 0.4722
vn -0.7073 0.5199 0.4789
vn -0.7090 0.5168 0.4798
vn -0.7065 0.4753 0.5244
vn -0.7028 0.5712 0.4240
vn -0.7079 0.5836 0.3979
vn -0.7048 0.6052 0.3701
vn -0.7062 0.6053 0.3671
vn -0.7034 0.6096 0.3655
vn -0.7117 0.5205 0.4717
vn -0.7058 0.5428 0.4553
vn -0.7121 0.5635 0.4189
vn -0.7095 0.5626 0.4244
vn -0.7089 0.5622 0.4259
vn -0.7046 0.6087 0.3647
vn -0.7083 0.6199 0.3377
vn -0.7044 0.6396 0.3079
vn -0.7059 0.6388 0.3061
vn -0.7039 0.6420 0.3038
vn -0.7060 0.5852 0.3988
vn -0.7116 0.6024 0.3615
vn -0.7103 0.6014 0.3658
vn -0.7093 0.6016 0.3675
vn -0.7066 0.5684 0.4215
vn -0.7028 0.6431 0.3040
vn -0.7082 0.6505 0.2744
vn -0.7043 0.6672 0.2427
vn -0.7046 0.6671 0.2420
vn -0.7025 0.6697 0.2409
vn -0.7054 0.6226 0.3389
vn -0.7116 0.6350 0.3006
vn -0.7103 0.6345 0.3047
vn -0.7094 0.6349 0.3059
vn -0.7065 0.6072 0.3637
vn -0.7033 0.6694 0.2395
vn -0.7083 0.6745 0.2081
vn -0.7040 0.6882 0.1753
vn -0.7054 0.6869 0.1750
vn -0.7031 0.6898 0.1728
vn -0.7067 0.6396 0.3025
vn -0.7056 0.6531 0.2751
vn -0.7118 0.6609 0.2377
vn -0.7107 0.6614 0.2397
vn -0.7098 0.6619 0.2410
vn -0.7032 0.6897 0.1729
vn -0.7082 0.6920 0.1399
vn -0.7038 0.7025 0.1058
vn -0.7049 0.7013 0.1067
vn -0.7030 0.7034 0.1048
vn -0.7066 0.6662 0.2383
vn -0.7056 0.6772 0.2088
vn -0.7116 0.6813 0.1714
vn -0.7107 0.6819 0.1727
vn -0.7101 0.6823 0.1737
vn -0.7049 0.7016 0.1041
vn -0.7085 0.7022 0.0704
vn -0.7035 0.7098 0.0355
vn -0.7051 0.7083 0.0349
vn -0.7032 0.7101 0.0352
vn -0.7066 0.6865 0.1719
vn -0.7055 0.6947 0.1404
vn -0.7109 0.6956 0.1041
vn -0.7108 0.6955 0.1046
vn -0.7103 0.6961 0.1049
vn -0.7049 0.7084 0.0348
vn -0.7082 0.7060 -0.0000
vn -0.7067 0.6998 0.1038
vn -0.7055 0.7052 0.0706
vn -0.7108 0.7025 0.0348
vn -0.7108 0.7025 0.0349
vn -0.7108 0.7025 0.0350
vn -0.7068 0.7066 -0.0347
vn -0.7033 0.7100 -0.0354
vn -0.7034 0.7099 -0.0352
vn -0.7034 0.7099 -0.0355
vn -0.7083 0.7024 -0.0701
vn -0.7066 0.7068 0.0348
vn -0.7058 0.7084 -0.0000
vn -0.7084 0.6918 -0.1400
vn -0.7069 0.6997 -0.1039
vn -0.7034 0.7029 -0.1056
vn -0.7038 0.7027 -0.1047
vn -0.7036 0.7027 -0.1059
vn -0.7110 0.7024 -0.0348
vn -0.7106 0.7027 -0.0358
vn -0.7109 0.7024 -0.0347
vn -0.7104 0.7029 -0.0350
vn -0.7056 0.7051 -0.0705
vn -0.7031 0.6898 -0.1728
vn -0.7037 0.6887 -0.1747
vn -0.7040 0.6882 -0.1753
vn -0.7083 0.6745 -0.2081
vn -0.7068 0.6862 -0.1720
vn -0.7102 0.6961 -0.1057
vn -0.7106 0.6957 -0.1048
vn -0.7113 0.6952 -0.1037
vn -0.7056 0.6945 -0.1405
vn -0.7110 0.6956 -0.1030
vn -0.7037 0.6690 -0.2394
vn -0.7040 0.6677 -0.2421
vn -0.7041 0.6674 -0.2425
vn -0.7081 0.6507 -0.2743
vn -0.7067 0.6661 -0.2383
vn -0.7090 0.6841 -0.1714
vn -0.7077 0.6846 -0.1747
vn -0.7103 0.6822 -0.1735
vn -0.7108 0.6820 -0.1723
vn -0.7055 0.6773 -0.2088
vn -0.7025 0.6429 -0.3051
vn -0.7040 0.6405 -0.3070
vn -0.7046 0.6393 -0.3078
vn -0.7081 0.6201 -0.3377
vn -0.7068 0.6395 -0.3023
vn -0.7099 0.6617 -0.2411
vn -0.7083 0.6632 -0.2416
vn -0.7115 0.6615 -0.2370
vn -0.7058 0.6528 -0.2752
vn -0.7113 0.6620 -0.2362
vn -0.7023 0.6101 -0.3669
vn -0.7042 0.6067 -0.3689
vn -0.7049 0.6052 -0.3699
vn -0.7079 0.5836 -0.3979
vn -0.7068 0.6067 -0.3637
vn -0.7091 0.6374 -0.3015
vn -0.7080 0.6366 -0.3058
vn -0.7120 0.6341 -0.3014
vn -0.7096 0.6348 -0.3057
vn -0.7061 0.6220 -0.3386
vn -0.7040 0.5704 -0.4232
vn -0.7046 0.5669 -0.4269
vn -0.7051 0.5653 -0.4281
vn -0.7081 0.5408 -0.4540
vn -0.7068 0.5682 -0.4214
vn -0.7116 0.6024 -0.3615
vn -0.7076 0.6038 -0.3671
vn -0.7116 0.6028 -0.3608
vn -0.7093 0.6016 -0.3675
vn -0.7061 0.5852 -0.3988
vn -0.7028 0.5267 -0.4782
vn -0.7047 0.5217 -0.4808
vn -0.7055 0.5195 -0.4821
vn -0.7080 0.4932 -0.5054
vn -0.7068 0.5242 -0.4750
vn -0.7118 0.5645 -0.4180
vn -0.7075 0.5646 -0.4250
vn -0.7123 0.5630 -0.4191
vn -0.7089 0.5623 -0.4259
vn -0.7058 0.5427 -0.4554
vn -0.7027 0.4772 -0.5277
vn -0.7048 0.4715 -0.5300
vn -0.7056 0.4689 -0.5312
vn -0.7076 0.4405 -0.5524
vn -0.7068 0.4751 -0.5241
vn -0.7093 0.5222 -0.4735
vn -0.7073 0.5200 -0.4789
vn -0.7087 0.5170 -0.4800
vn -0.7123 0.5192 -0.4722
vn -0.7060 0.4947 -0.5068
vn -0.7031 0.4231 -0.5715
vn -0.7049 0.4166 -0.5740
vn -0.7056 0.4135 -0.5755
vn -0.7080 0.3832 -0.5932
vn -0.7069 0.4213 -0.5682
vn -0.7124 0.4705 -0.5207
vn -0.7072 0.4703 -0.5279
vn -0.7119 0.4719 -0.5201
vn -0.7084 0.4670 -0.5292
vn -0.7059 0.4415 -0.5538
vn -0.7029 0.3652 -0.6105
vn -0.7050 0.3579 -0.6122
vn -0.7061 0.3543 -0.6131
vn -0.7074 0.3223 -0.6290
vn -0.7068 0.3637 -0.6067
vn -0.7083 0.4121 -0.5732
vn -0.7071 0.4160 -0.5718
vn -0.7120 0.4178 -0.5644
vn -0.7061 0.3840 -0.5949
vn -0.7119 0.4186 -0.5639
vn -0.7064 0.2908 -0.6453
vn -0.7078 0.2583 -0.6576
vn -0.7068 0.3024 -0.6395
vn -0.7024 0.3042 -0.6435
vn -0.7022 0.3044 -0.6436
vn -0.7121 0.3600 -0.6027
vn -0.7067 0.3577 -0.6104
vn -0.7120 0.3612 -0.6022
vn -0.7078 0.3530 -0.6119
vn -0.7062 0.3230 -0.6301
vn -0.7065 0.2253 -0.6709
vn -0.7074 0.1914 -0.6804
vn -0.7069 0.2383 -0.6660
vn -0.7026 0.2397 -0.6700
vn -0.7021 0.2399 -0.6704
vn -0.7069 0.2953 -0.6427
vn -0.7130 0.2978 -0.6348
vn -0.7121 0.3002 -0.6347
vn -0.7078 0.2906 -0.6439
vn -0.7065 0.2587 -0.6588
vn -0.7069 0.1575 -0.6896
vn -0.7073 0.1228 -0.6961
vn -0.7069 0.1718 -0.6861
vn -0.7025 0.1729 -0.6903
vn -0.7023 0.1731 -0.6906
vn -0.7121 0.2366 -0.6610
vn -0.7064 0.2385 -0.6664
vn -0.7124 0.2366 -0.6607
vn -0.7075 0.2249 -0.6699
vn -0.7064 0.1918 -0.6814
vn -0.7070 0.0882 -0.7017
vn -0.7070 0.0525 -0.7052
vn -0.6967 0.0181 -0.7171
vn -0.7069 0.1036 -0.6997
vn -0.7024 0.1041 -0.7041
vn -0.7022 0.1043 -0.7043
vn -0.7063 0.1721 -0.6866
vn -0.7123 0.1705 -0.6809
vn -0.7120 0.1707 -0.6811
vn -0.7075 0.1574 -0.6890
vn -0.7067 0.1230 -0.6968
vn -0.7067 0.0348 -0.7067
vn -0.7067 0.0348 -0.7066
vn -0.7126 0.1029 -0.6940
vn -0.7064 0.1036 -0.7002
vn -0.7121 0.1029 -0.6945
vn -0.7072 0.0878 -0.7016
vn -0.7068 0.0528 -0.7054
vn -0.7175 0.0175 -0.6963
vn -0.7066 0.0350 -0.7068
vn -0.6966 0.0181 0.7172
vn -0.7065 0.0882 0.7022
vn -0.7024 0.1040 0.7042
vn -0.7020 0.1043 0.7045
vn -0.7174 0.0175 0.6964
vn -0.7071 0.0878 0.7016
vn -0.7066 0.0349 0.7068
vn -0.7070 0.0349 0.7063
vn -0.7066 0.0348 0.7067
vn -0.7069 0.1718 0.6861
vn -0.7025 0.1729 0.6903
vn -0.7021 0.1731 0.6908
vn -0.7067 0.1229 0.6967
vn -0.7068 0.1229 0.6967
vn -0.7074 0.1573 0.6891
vn -0.7063 0.1036 0.7003
vn -0.7120 0.1029 0.6946
vn -0.7070 0.2382 0.6658
vn -0.7024 0.2397 0.6702
vn -0.7075 0.2585 0.6577
vn -0.7062 0.2908 0.6456
vn -0.7063 0.1915 0.6815
vn -0.7119 0.1706 0.6812
vn -0.7074 0.3222 0.6290
vn -0.7074 0.3222 0.6291
vn -0.7058 0.3543 0.6134
vn -0.7064 0.3581 0.6105
vn -0.7027 0.3651 0.6107
vn -0.7076 0.2903 0.6442
vn -0.7025 0.3659 0.6104
vn -0.7077 0.3833 0.5935
vn -0.7059 0.4135 0.5751
vn -0.7061 0.4167 0.5725
vn -0.7022 0.4231 0.5726
vn -0.7064 0.3230 0.6299
vn -0.7122 0.3600 0.6026
vn -0.7081 0.3533 0.6114
vn -0.7025 0.4238 0.5717
vn -0.7077 0.4405 0.5524
vn -0.7062 0.3840 0.5949
vn -0.7115 0.4184 0.5646
vn -0.7092 0.4138 0.5708
vn -0.7081 0.4122 0.5732
vn -0.7081 0.4932 0.5053
vn -0.7057 0.5193 0.4819
vn -0.7024 0.5267 0.4788
vn -0.7059 0.4416 0.5538
vn -0.7115 0.4718 0.5208
vn -0.7094 0.4681 0.5270
vn -0.7066 0.4215 0.5684
vn -0.7080 0.5409 0.4540
vn -0.7055 0.5650 0.4279
vn -0.7053 0.5665 0.4261
vn -0.7021 0.5710 0.4255
vn -0.7113 0.5206 0.4722
vn -0.7090 0.5168 0.4799
vn -0.7028 0.5713 0.4239
vn -0.7049 0.6052 0.3700
vn -0.7063 0.6053 0.3671
vn -0.7033 0.6097 0.3655
vn -0.7061 0.5425 0.4552
vn -0.7121 0.5634 0.4189
vn -0.7094 0.5627 0.4244
vn -0.7089 0.5623 0.4258
vn -0.7046 0.6087 0.3648
vn -0.7083 0.6199 0.3376
vn -0.7044 0.6396 0.3080
vn -0.7058 0.6389 0.3061
vn -0.7040 0.6420 0.3038
vn -0.7059 0.5853 0.3989
vn -0.7115 0.6026 0.3614
vn -0.7093 0.6015 0.3676
vn -0.7028 0.6430 0.3043
vn -0.7045 0.6669 0.2426
vn -0.7026 0.6696 0.2406
vn -0.7056 0.6223 0.3389
vn -0.7103 0.6346 0.3047
vn -0.7094 0.6350 0.3059
vn -0.7065 0.6071 0.3638
vn -0.7033 0.6693 0.2396
vn -0.7083 0.6745 0.2080
vn -0.7041 0.6881 0.1754
vn -0.7052 0.6871 0.1751
vn -0.7027 0.6899 0.1738
vn -0.7067 0.6397 0.3025
vn -0.7056 0.6530 0.2752
vn -0.7119 0.6608 0.2377
vn -0.7106 0.6615 0.2397
vn -0.7049 0.7013 0.1066
vn -0.7066 0.6662 0.2384
vn -0.7115 0.6815 0.1713
vn -0.7107 0.6820 0.1727
vn -0.7099 0.6825 0.1737
vn -0.7085 0.7022 0.0703
vn -0.7066 0.6865 0.1718
vn -0.7105 0.6958 0.1049
vn -0.7068 0.6998 0.1039
vn -0.7109 0.7025 0.0349
vn -0.7108 0.7025 0.0351
vn -0.7067 0.7067 -0.0346
vn -0.7082 0.7025 -0.0703
vn -0.7066 0.7068 0.0347
vn -0.7068 0.6997 -0.1039
vn -0.7037 0.7028 -0.1047
vn -0.7107 0.7026 -0.0348
vn -0.7107 0.7026 -0.0353
vn -0.7110 0.7024 -0.0344
vn -0.7104 0.7029 -0.0351
vn -0.7027 0.6899 -0.1738
vn -0.7037 0.6888 -0.1746
vn -0.7041 0.6881 -0.1754
vn -0.7082 0.6746 -0.2080
vn -0.7069 0.6861 -0.1720
vn -0.7106 0.6957 -0.1049
vn -0.7100 0.6962 -0.1059
vn -0.7113 0.6952 -0.1036
vn -0.7110 0.6955 -0.1037
vn -0.7037 0.6689 -0.2394
vn -0.7041 0.6674 -0.2428
vn -0.7067 0.6661 -0.2384
vn -0.7104 0.6827 -0.1710
vn -0.7076 0.6847 -0.1747
vn -0.7101 0.6824 -0.1738
vn -0.7046 0.6393 -0.3079
vn -0.7083 0.6199 -0.3376
vn -0.7069 0.6394 -0.3024
vn -0.7116 0.6614 -0.2370
vn -0.7083 0.6633 -0.2415
vn -0.7114 0.6617 -0.2369
vn -0.7023 0.6100 -0.3670
vn -0.7050 0.6052 -0.3699
vn -0.7068 0.6068 -0.3636
vn -0.7121 0.6341 -0.3015
vn -0.7094 0.6350 -0.3058
vn -0.7057 0.6222 -0.3388
vn -0.7080 0.5409 -0.4540
vn -0.7068 0.5682 -0.4215
vn -0.7115 0.6026 -0.3614
vn -0.7116 0.6025 -0.3613
vn -0.7093 0.6015 -0.3676
vn -0.7057 0.5855 -0.3990
vn -0.7031 0.5266 -0.4779
vn -0.7061 0.5212 -0.4794
vn -0.7079 0.4933 -0.5055
vn -0.7028 0.5272 -0.4777
vn -0.7065 0.5243 -0.4753
vn -0.7090 0.5622 -0.4258
vn -0.7124 0.5629 -0.4191
vn -0.7061 0.5425 -0.4551
vn -0.7118 0.5642 -0.4183
vn -0.7064 0.4712 -0.5282
vn -0.7079 0.4404 -0.5522
vn -0.7026 0.4778 -0.5273
vn -0.7098 0.5176 -0.4778
vn -0.7086 0.5171 -0.4801
vn -0.7065 0.4753 -0.5244
vn -0.7025 0.4232 -0.5722
vn -0.7050 0.4167 -0.5740
vn -0.7059 0.4135 -0.5751
vn -0.7079 0.3832 -0.5933
vn -0.7082 0.4671 -0.5293
vn -0.7099 0.4679 -0.5265
vn -0.7124 0.4706 -0.5207
vn -0.7061 0.4415 -0.5536
vn -0.7029 0.3651 -0.6104
vn -0.7049 0.3580 -0.6123
vn -0.7060 0.3542 -0.6132
vn -0.7075 0.3223 -0.6289
vn -0.7069 0.3636 -0.6067
vn -0.7082 0.4123 -0.5731
vn -0.7120 0.4177 -0.5644
vn -0.7062 0.3840 -0.5949
vn -0.7119 0.4184 -0.5640
vn -0.7063 0.2908 -0.6454
vn -0.7079 0.2583 -0.6574
vn -0.7045 0.3034 -0.6416
vn -0.7064 0.3026 -0.6399
vn -0.7079 0.3531 -0.6118
vn -0.7121 0.3602 -0.6027
vn -0.7065 0.3229 -0.6298
vn -0.7120 0.3613 -0.6022
vn -0.7069 0.2384 -0.6659
vn -0.7091 0.2933 -0.6412
vn -0.7130 0.2979 -0.6348
vn -0.7025 0.1729 -0.6904
vn -0.7070 0.1718 -0.6861
vn -0.7023 0.1731 -0.6905
vn -0.7064 0.1721 -0.6866
vn -0.7121 0.2368 -0.6609
vn -0.7064 0.1918 -0.6813
vn -0.7069 0.1035 -0.6997
vn -0.7025 0.1041 -0.7040
vn -0.7068 0.0882 -0.7019
vn -0.7071 0.0525 -0.7051
vn -0.6969 0.0181 -0.7170
vn -0.7120 0.1707 -0.6812
vn -0.7071 0.1574 -0.6894
vn -0.7066 0.1230 -0.6968
vn -0.7066 0.0348 -0.7067
vn -0.7068 0.0348 -0.7066
vn -0.7069 0.0349 -0.7065
vn -0.7174 0.0175 -0.6964
vn 0.6969 0.0181 -0.7170
vn 0.7069 0.0525 -0.7053
vn 0.7071 0.0882 -0.7016
vn 0.7072 0.1228 -0.6963
vn 0.7069 0.1576 -0.6895
vn 0.7069 0.1036 -0.6997
vn 0.7024 0.1041 -0.7042
vn 0.7022 0.1043 -0.7043
vn 0.7175 0.0175 -0.6963
vn 0.7068 0.0528 -0.7054
vn 0.7072 0.0878 -0.7016
vn 0.7067 0.0349 -0.7067
vn 0.7067 0.0348 -0.7067
vn 0.7066 0.0349 -0.7068
vn 0.7067 0.0348 -0.7066
vn 0.7069 0.1719 -0.6861
vn 0.7025 0.1731 -0.6903
vn 0.7024 0.1730 -0.6905
vn 0.7074 0.1914 -0.6804
vn 0.7065 0.2253 -0.6709
vn 0.7066 0.1230 -0.6969
vn 0.7074 0.1574 -0.6890
vn 0.7064 0.1037 -0.7001
vn 0.7126 0.1029 -0.6940
vn 0.7121 0.1030 -0.6945
vn 0.7076 0.2584 -0.6576
vn 0.7065 0.2908 -0.6452
vn 0.7070 0.2384 -0.6658
vn 0.7025 0.2398 -0.6700
vn 0.7021 0.2399 -0.6704
vn 0.7063 0.1918 -0.6814
vn 0.7077 0.2249 -0.6697
vn 0.7123 0.1705 -0.6809
vn 0.7064 0.1721 -0.6866
vn 0.7119 0.1706 -0.6813
vn 0.7077 0.3222 -0.6288
vn 0.7068 0.3025 -0.6394
vn 0.7024 0.3045 -0.6434
vn 0.7022 0.3044 -0.6437
vn 0.7061 0.3543 -0.6131
vn 0.7066 0.3581 -0.6103
vn 0.7027 0.3652 -0.6106
vn 0.7064 0.2587 -0.6589
vn 0.7128 0.2983 -0.6348
vn 0.7092 0.2932 -0.6411
vn 0.7077 0.2907 -0.6440
vn 0.7124 0.2366 -0.6607
vn 0.7065 0.2385 -0.6663
vn 0.7121 0.2366 -0.6611
vn 0.7046 0.3649 -0.6086
vn 0.7080 0.3832 -0.5932
vn 0.7058 0.4136 -0.5752
vn 0.7064 0.4166 -0.5722
vn 0.7026 0.4232 -0.5720
vn 0.7065 0.3229 -0.6298
vn 0.7124 0.3595 -0.6026
vn 0.7089 0.3552 -0.6093
vn 0.7080 0.3530 -0.6117
vn 0.7064 0.3027 -0.6399
vn 0.7025 0.4239 -0.5716
vn 0.7079 0.4404 -0.5523
vn 0.7056 0.4689 -0.5313
vn 0.7063 0.4712 -0.5283
vn 0.7028 0.4771 -0.5277
vn 0.7062 0.3839 -0.5949
vn 0.7114 0.4185 -0.5646
vn 0.7096 0.4137 -0.5704
vn 0.7084 0.4122 -0.5729
vn 0.7066 0.3638 -0.6070
vn 0.7027 0.4778 -0.5272
vn 0.7081 0.4932 -0.5053
vn 0.7052 0.5197 -0.4823
vn 0.7061 0.5212 -0.4793
vn 0.7032 0.5265 -0.4778
vn 0.7061 0.4415 -0.5537
vn 0.7124 0.4705 -0.5207
vn 0.7099 0.4679 -0.5264
vn 0.7084 0.4670 -0.5292
vn 0.7065 0.4216 -0.5684
vn 0.7027 0.5274 -0.4776
vn 0.7079 0.5409 -0.4542
vn 0.7052 0.5652 -0.4280
vn 0.7058 0.5662 -0.4257
vn 0.7030 0.5710 -0.4240
vn 0.7060 0.4946 -0.5068
vn 0.7115 0.5205 -0.4721
vn 0.7097 0.5177 -0.4779
vn 0.7087 0.5171 -0.4800
vn 0.7065 0.4753 -0.5244
vn 0.7029 0.5712 -0.4239
vn 0.7082 0.5833 -0.3977
vn 0.7049 0.6052 -0.3699
vn 0.7058 0.6054 -0.3677
vn 0.7024 0.6100 -0.3668
vn 0.7065 0.5243 -0.4753
vn 0.7061 0.5425 -0.4551
vn 0.7123 0.5630 -0.4191
vn 0.7102 0.5623 -0.4236
vn 0.7089 0.5622 -0.4259
vn 0.7029 0.6101 -0.3657
vn 0.7079 0.6204 -0.3377
vn 0.7046 0.6393 -0.3080
vn 0.7053 0.6392 -0.3065
vn 0.7028 0.6428 -0.3048
vn 0.7066 0.5684 -0.4215
vn 0.7061 0.5851 -0.3988
vn 0.7117 0.6024 -0.3614
vn 0.7106 0.6013 -0.3653
vn 0.7093 0.6015 -0.3675
vn 0.7031 0.6428 -0.3041
vn 0.7082 0.6505 -0.2744
vn 0.7043 0.6671 -0.2427
vn 0.7057 0.6661 -0.2415
vn 0.7030 0.6695 -0.2399
vn 0.7061 0.6219 -0.3386
vn 0.7118 0.6346 -0.3009
vn 0.7106 0.6345 -0.3041
vn 0.7092 0.6352 -0.3059
vn 0.7065 0.6071 -0.3637
vn 0.7048 0.6679 -0.2390
vn 0.7083 0.6745 -0.2081
vn 0.7040 0.6882 -0.1753
vn 0.7053 0.6870 -0.1750
vn 0.7037 0.6892 -0.1726
vn 0.7066 0.6397 -0.3025
vn 0.7058 0.6528 -0.2752
vn 0.7099 0.6630 -0.2375
vn 0.7106 0.6614 -0.2399
vn 0.7098 0.6619 -0.2410
vn 0.7031 0.6898 -0.1729
vn 0.7084 0.6918 -0.1400
vn 0.7036 0.7027 -0.1059
vn 0.7042 0.7020 -0.1064
vn 0.7037 0.7027 -0.1046
vn 0.7065 0.6664 -0.2383
vn 0.7057 0.6771 -0.2088
vn 0.7108 0.6820 -0.1723
vn 0.7107 0.6819 -0.1731
vn 0.7103 0.6822 -0.1735
vn 0.7034 0.7031 -0.1040
vn 0.7082 0.7025 -0.0702
vn 0.7035 0.7098 -0.0355
vn 0.7050 0.7083 -0.0349
vn 0.7035 0.7098 -0.0352
vn 0.7067 0.6864 -0.1718
vn 0.7059 0.6943 -0.1403
vn 0.7113 0.6952 -0.1036
vn 0.7107 0.6957 -0.1043
vn 0.7107 0.6957 -0.1048
vn 0.7050 0.7083 -0.0348
vn 0.7083 0.7059 -0.0000
vn 0.7065 0.7001 -0.1038
vn 0.7057 0.7049 -0.0706
vn 0.7110 0.7024 -0.0348
vn 0.7108 0.7025 -0.0349
vn 0.7104 0.7029 -0.0350
vn 0.7067 0.7067 0.0347
vn 0.7034 0.7099 0.0353
vn 0.7034 0.7100 0.0352
vn 0.7034 0.7099 0.0355
vn 0.7085 0.7022 0.0702
vn 0.7066 0.7068 -0.0348
vn 0.7057 0.7085 -0.0000
vn 0.7082 0.6921 0.1399
vn 0.7067 0.6999 0.1038
vn 0.7035 0.7029 0.1053
vn 0.7031 0.7033 0.1048
vn 0.7037 0.7026 0.1058
vn 0.7105 0.7027 0.0361
vn 0.7108 0.7025 0.0348
vn 0.7108 0.7025 0.0346
vn 0.7108 0.7025 0.0350
vn 0.7056 0.7051 0.0705
vn 0.7031 0.6897 0.1729
vn 0.7038 0.6885 0.1749
vn 0.7040 0.6882 0.1753
vn 0.7083 0.6745 0.2081
vn 0.7068 0.6862 0.1720
vn 0.7109 0.6956 0.1041
vn 0.7086 0.6975 0.1068
vn 0.7111 0.6956 0.1030
vn 0.7103 0.6960 0.1049
vn 0.7055 0.6947 0.1404
vn 0.7027 0.6696 0.2407
vn 0.7037 0.6681 0.2418
vn 0.7045 0.6669 0.2426
vn 0.7085 0.6503 0.2741
vn 0.7069 0.6660 0.2384
vn 0.7116 0.6814 0.1714
vn 0.7087 0.6835 0.1749
vn 0.7090 0.6841 0.1714
vn 0.7100 0.6825 0.1736
vn 0.7056 0.6771 0.2088
vn 0.7044 0.6415 0.3040
vn 0.7040 0.6405 0.3070
vn 0.7045 0.6395 0.3079
vn 0.7081 0.6201 0.3377
vn 0.7068 0.6395 0.3024
vn 0.7118 0.6609 0.2377
vn 0.7080 0.6636 0.2415
vn 0.7090 0.6639 0.2376
vn 0.7098 0.6619 0.2410
vn 0.7056 0.6530 0.2751
vn 0.7033 0.6097 0.3656
vn 0.7046 0.6063 0.3688
vn 0.7048 0.6052 0.3700
vn 0.7066 0.6069 0.3637
vn 0.7079 0.5836 0.3978
vn 0.7094 0.6349 0.3059
vn 0.7074 0.6373 0.3057
vn 0.7115 0.6351 0.3006
vn 0.7057 0.6223 0.3388
vn 0.7091 0.6374 0.3015
vn 0.7021 0.5709 0.4256
vn 0.7042 0.5673 0.4270
vn 0.7053 0.5651 0.4280
vn 0.7069 0.5680 0.4215
vn 0.7079 0.5410 0.4541
vn 0.7079 0.5409 0.4541
vn 0.7117 0.6024 0.3614
vn 0.7080 0.6033 0.3671
vn 0.7116 0.6027 0.3611
vn 0.7093 0.6015 0.3675
vn 0.7061 0.5852 0.3988
vn 0.7022 0.5266 0.4792
vn 0.7045 0.5219 0.4809
vn 0.7055 0.5195 0.4821
vn 0.7083 0.4931 0.5051
vn 0.7067 0.5242 0.4751
vn 0.7120 0.5635 0.4189
vn 0.7074 0.5647 0.4250
vn 0.7117 0.5638 0.4190
vn 0.7089 0.5622 0.4259
vn 0.7058 0.5428 0.4553
vn 0.7026 0.4772 0.5279
vn 0.7047 0.4715 0.5301
vn 0.7056 0.4689 0.5313
vn 0.7078 0.4405 0.5523
vn 0.7068 0.4751 0.5241
vn 0.7074 0.5199 0.4789
vn 0.7117 0.5206 0.4717
vn 0.7090 0.5168 0.4798
vn 0.7113 0.5207 0.4722
vn 0.7060 0.4946 0.5068
vn 0.7020 0.4231 0.5730
vn 0.7062 0.4166 0.5724
vn 0.7061 0.4134 0.5749
vn 0.7076 0.3834 0.5936
vn 0.7024 0.4240 0.5717
vn 0.7072 0.4703 0.5279
vn 0.7086 0.4669 0.5291
vn 0.7116 0.4716 0.5208
vn 0.7058 0.4417 0.5539
vn 0.7119 0.4719 0.5202
vn 0.7066 0.4216 0.5684
vn 0.7020 0.3650 0.6115
vn 0.7064 0.3581 0.6105
vn 0.7058 0.3542 0.6135
vn 0.7079 0.3221 0.6286
vn 0.7025 0.3661 0.6103
vn 0.7093 0.4138 0.5707
vn 0.7064 0.3639 0.6071
vn 0.7083 0.4121 0.5732
vn 0.7120 0.4178 0.5644
vn 0.7061 0.3839 0.5950
vn 0.7063 0.2909 0.6454
vn 0.7074 0.2585 0.6578
vn 0.7070 0.3025 0.6393
vn 0.7026 0.3043 0.6433
vn 0.7023 0.3044 0.6435
vn 0.7122 0.3599 0.6026
vn 0.7096 0.3552 0.6085
vn 0.7081 0.3532 0.6115
vn 0.7063 0.3230 0.6299
vn 0.7070 0.2382 0.6659
vn 0.7024 0.2398 0.6701
vn 0.7022 0.2399 0.6704
vn 0.7065 0.2253 0.6709
vn 0.7074 0.1914 0.6804
vn 0.7121 0.3004 0.6346
vn 0.7064 0.3026 0.6399
vn 0.7122 0.3003 0.6345
vn 0.7076 0.2903 0.6443
vn 0.7061 0.2588 0.6591
vn 0.7066 0.1576 0.6898
vn 0.7075 0.1227 0.6960
vn 0.7025 0.1732 0.6903
vn 0.7069 0.1719 0.6861
vn 0.7023 0.1730 0.6906
vn 0.7120 0.2364 0.6612
vn 0.7064 0.2384 0.6665
vn 0.7064 0.1720 0.6866
vn 0.7121 0.2365 0.6611
vn 0.7078 0.2252 0.6695
vn 0.7062 0.1915 0.6816
vn 0.7067 0.0882 0.7020
vn 0.7069 0.0525 0.7053
vn 0.6970 0.0181 0.7168
vn 0.7069 0.1036 0.6997
vn 0.7024 0.1042 0.7041
vn 0.7020 0.1043 0.7045
vn 0.7120 0.1706 0.6812
vn 0.7125 0.1704 0.6807
vn 0.7075 0.1574 0.6890
vn 0.7067 0.1229 0.6968
vn 0.7068 0.0349 0.7065
vn 0.7067 0.0348 0.7067
vn 0.7066 0.0348 0.7068
vn 0.7121 0.1029 0.6945
vn 0.7063 0.1036 0.7002
vn 0.7126 0.1029 0.6940
vn 0.7075 0.0878 0.7012
vn 0.7070 0.0528 0.7053
vn 0.7175 0.0175 0.6963
vn 0.7069 0.0349 0.7064
vn 0.6968 0.0181 -0.7170
vn 0.7071 0.0525 -0.7051
vn 0.7067 0.0882 -0.7020
vn 0.7068 0.1575 -0.6897
vn 0.7024 0.1041 -0.7041
vn 0.7174 0.0175 -0.6964
vn 0.7066 0.0349 -0.7067
vn 0.7065 0.0349 -0.7069
vn 0.7024 0.1730 -0.6904
vn 0.7065 0.1230 -0.6969
vn 0.7073 0.1574 -0.6891
vn 0.7064 0.1037 -0.7002
vn 0.7122 0.1029 -0.6944
vn 0.7070 0.2383 -0.6658
vn 0.7025 0.2398 -0.6701
vn 0.7022 0.2399 -0.6704
vn 0.7076 0.2584 -0.6577
vn 0.7064 0.2908 -0.6453
vn 0.7063 0.1919 -0.6814
vn 0.7078 0.3222 -0.6287
vn 0.7060 0.3543 -0.6133
vn 0.7030 0.3651 -0.6103
vn 0.7068 0.3025 -0.6395
vn 0.7092 0.2932 -0.6412
vn 0.7121 0.2365 -0.6611
vn 0.7023 0.3661 -0.6105
vn 0.7077 0.3832 -0.5936
vn 0.7026 0.4232 -0.5721
vn 0.7061 0.3231 -0.6302
vn 0.7124 0.3596 -0.6026
vn 0.7077 0.3531 -0.6119
vn 0.7080 0.4403 -0.5521
vn 0.7062 0.4712 -0.5284
vn 0.7115 0.4183 -0.5646
vn 0.7081 0.4122 -0.5732
vn 0.7065 0.3638 -0.6070
vn 0.7081 0.4932 -0.5054
vn 0.7052 0.5197 -0.4822
vn 0.7031 0.5266 -0.4779
vn 0.7060 0.4415 -0.5537
vn 0.7099 0.4679 -0.5265
vn 0.7082 0.4671 -0.5293
vn 0.7027 0.5273 -0.4777
vn 0.7079 0.5410 -0.4541
vn 0.7050 0.5654 -0.4281
vn 0.7059 0.5662 -0.4257
vn 0.7115 0.5204 -0.4721
vn 0.7097 0.5176 -0.4779
vn 0.7086 0.5171 -0.4801
vn 0.7065 0.4752 -0.5244
vn 0.7029 0.5713 -0.4237
vn 0.7050 0.6052 -0.3699
vn 0.7058 0.6055 -0.3678
vn 0.7022 0.6101 -0.3670
vn 0.7057 0.5428 -0.4554
vn 0.7123 0.5629 -0.4191
vn 0.7089 0.5622 -0.4258
vn 0.7029 0.6101 -0.3656
vn 0.7081 0.6202 -0.3377
vn 0.7046 0.6393 -0.3078
vn 0.7026 0.6429 -0.3050
vn 0.7059 0.5853 -0.3989
vn 0.7116 0.6025 -0.3615
vn 0.7105 0.6014 -0.3654
vn 0.7093 0.6015 -0.3676
vn 0.7065 0.5685 -0.4215
vn 0.7031 0.6428 -0.3040
vn 0.7043 0.6672 -0.2426
vn 0.7057 0.6660 -0.2415
vn 0.7029 0.6695 -0.2400
vn 0.7056 0.6223 -0.3389
vn 0.7119 0.6346 -0.3009
vn 0.7093 0.6352 -0.3058
vn 0.7065 0.6070 -0.3638
vn 0.7048 0.6679 -0.2391
vn 0.7042 0.6880 -0.1753
vn 0.7051 0.6871 -0.1751
vn 0.7027 0.6900 -0.1736
vn 0.7097 0.6632 -0.2377
vn 0.7106 0.6615 -0.2399
vn 0.7031 0.6898 -0.1726
vn 0.7084 0.6918 -0.1399
vn 0.7043 0.7019 -0.1064
vn 0.7065 0.6663 -0.2384
vn 0.7104 0.6827 -0.1711
vn 0.7103 0.6821 -0.1736
vn 0.7035 0.7030 -0.1043
vn 0.7082 0.7025 -0.0703
vn 0.7106 0.6957 -0.1049
vn 0.7065 0.7001 -0.1040
vn 0.7107 0.7026 -0.0348
vn 0.7108 0.7025 -0.0348
vn 0.7108 0.7025 -0.0351
vn 0.7035 0.7099 0.0352
vn 0.7085 0.7022 0.0703
vn 0.7066 0.7068 -0.0347
vn 0.7082 0.6920 0.1399
vn 0.7067 0.6999 0.1039
vn 0.7035 0.7028 0.1053
vn 0.7031 0.7034 0.1048
vn 0.7108 0.7025 0.0351
vn 0.7107 0.7026 0.0356
vn 0.7108 0.7026 0.0345
vn 0.7027 0.6899 0.1738
vn 0.7049 0.6873 0.1752
vn 0.7040 0.6882 0.1754
vn 0.7081 0.6747 0.2082
vn 0.7032 0.6897 0.1727
vn 0.7103 0.6960 0.1050
vn 0.7110 0.6955 0.1038
vn 0.7066 0.6864 0.1719
vn 0.7026 0.6696 0.2408
vn 0.7045 0.6669 0.2425
vn 0.7069 0.6660 0.2382
vn 0.7100 0.6825 0.1737
vn 0.7107 0.6820 0.1728
vn 0.7115 0.6815 0.1713
vn 0.7044 0.6414 0.3039
vn 0.7040 0.6404 0.3070
vn 0.7045 0.6394 0.3078
vn 0.7083 0.6199 0.3377
vn 0.7119 0.6608 0.2377
vn 0.7090 0.6640 0.2376
vn 0.7056 0.6530 0.2752
vn 0.7032 0.6098 0.3657
vn 0.7045 0.6063 0.3688
vn 0.7048 0.6053 0.3699
vn 0.7067 0.6069 0.3638
vn 0.7074 0.6373 0.3056
vn 0.7116 0.6351 0.3006
vn 0.7058 0.6222 0.3388
vn 0.7020 0.5709 0.4257
vn 0.7042 0.5672 0.4270
vn 0.7081 0.5409 0.4539
vn 0.7069 0.5682 0.4213
vn 0.7115 0.6026 0.3614
vn 0.7116 0.6025 0.3615
vn 0.7093 0.6015 0.3676
vn 0.7057 0.5854 0.3990
vn 0.7021 0.5266 0.4793
vn 0.7083 0.4930 0.5052
vn 0.7118 0.5642 0.4183
vn 0.7121 0.5635 0.4188
vn 0.7089 0.5622 0.4258
vn 0.7057 0.5427 0.4554
vn 0.7078 0.4404 0.5523
vn 0.7090 0.5168 0.4799
vn 0.7113 0.5206 0.4722
vn 0.7117 0.5204 0.4719
vn 0.7023 0.4232 0.5725
vn 0.7063 0.4166 0.5724
vn 0.7059 0.4135 0.5751
vn 0.7074 0.3834 0.5938
vn 0.7025 0.4240 0.5716
vn 0.7119 0.4716 0.5204
vn 0.7115 0.4718 0.5207
vn 0.7060 0.4415 0.5537
vn 0.7028 0.3651 0.6105
vn 0.7066 0.3581 0.6104
vn 0.7060 0.3543 0.6132
vn 0.7076 0.3222 0.6288
vn 0.7025 0.3660 0.6104
vn 0.7093 0.4138 0.5706
vn 0.7082 0.4123 0.5731
vn 0.7121 0.4177 0.5644
vn 0.7062 0.3840 0.5949
vn 0.7074 0.2584 0.6579
vn 0.7025 0.3042 0.6433
vn 0.7096 0.3552 0.6086
vn 0.7122 0.3600 0.6027
vn 0.7081 0.3532 0.6114
vn 0.7025 0.2397 0.6701
vn 0.7022 0.2399 0.6703
vn 0.7064 0.3027 0.6399
vn 0.7121 0.3004 0.6345
vn 0.7076 0.2904 0.6442
vn 0.7065 0.1576 0.6899
vn 0.7026 0.1731 0.6902
vn 0.7023 0.1730 0.6905
vn 0.7120 0.2365 0.6612
vn 0.7064 0.2384 0.6664
vn 0.7063 0.1915 0.6815
vn 0.7066 0.0882 0.7021
vn 0.7024 0.1041 0.7041
vn 0.7069 0.0526 0.7054
vn 0.6970 0.0181 0.7169
vn 0.7063 0.1721 0.6866
vn 0.7074 0.1574 0.6890
vn 0.7067 0.1229 0.6967
vn 0.7066 0.0348 0.7067
vn 0.7063 0.1036 0.7003
vn 0.7069 0.0349 0.7065
vn 0.7072 0.0878 0.7016
vn 0.7070 0.0528 0.7052
vn 0.7174 0.0175 0.6964
vn 0.9972 -0.0000 -0.0747
vn 0.9848 -0.0000 -0.1738
vn 0.9848 -0.0000 -0.1737
vn 0.9750 -0.0000 -0.2224
vn 0.9479 -0.0000 -0.3187
vn 0.9309 -0.0000 -0.3652
vn 0.9116 -0.0000 -0.4112
vn 0.9115 -0.0000 -0.4114
vn 0.8898 -0.0000 -0.4563
vn 0.8899 -0.0000 -0.4561
vn 0.8659 -0.0000 -0.5003
vn 0.8658 -0.0000 -0.5004
vn 0.8399 -0.0000 -0.5428
vn 0.8118 -0.0000 -0.5840
vn 0.8121 -0.0000 -0.5835
vn 0.8120 -0.0000 -0.5836
vn 0.8119 -0.0000 -0.5838
vn 0.7818 -0.0000 -0.6235
vn 0.7498 -0.0000 -0.6617
vn 0.7500 -0.0000 -0.6615
vn 0.7156 -0.0000 -0.6985
vn 0.7159 -0.0000 -0.6982
vn 0.6801 -0.0000 -0.7331
vn 0.6804 -0.0000 -0.7329
vn 0.6427 -0.0000 -0.7661
vn 0.6429 -0.0000 -0.7659
vn 0.6430 -0.0000 -0.7659
vn 0.6039 -0.0000 -0.7971
vn 0.5632 -0.0000 -0.8263
vn 0.5635 -0.0000 -0.8261
vn 0.5636 -0.0000 -0.8260
vn 0.5213 -0.0000 -0.8534
vn 0.4786 -0.0000 -0.8780
vn 0.4783 -0.0000 -0.8782
vn 0.4781 -0.0000 -0.8783
vn 0.4337 -0.0000 -0.9011
vn 0.4341 -0.0000 -0.9009
vn 0.3885 -0.0000 -0.9215
vn 0.3422 -0.0000 -0.9396
vn 0.3417 -0.0000 -0.9398
vn 0.2950 -0.0000 -0.9555
vn 0.2948 -0.0000 -0.9555
vn 0.2468 -0.0000 -0.9691
vn 0.2469 -0.0000 -0.9690
vn 0.2465 -0.0000 -0.9691
vn 0.1978 -0.0000 -0.9802
vn 0.1980 -0.0000 -0.9802
vn 0.1979 -0.0000 -0.9802
vn 0.1491 -0.0000 -0.9888
vn 0.1485 -0.0000 -0.9889
vn 0.0996 -0.0000 -0.9950
vn 0.0506 -0.0000 -0.9987
vn 0.0501 -0.0000 -0.9987
vn -0.0501 -0.0000 -0.9987
vn -0.0506 -0.0000 -0.9987
vn -0.0996 -0.0000 -0.9950
vn -0.1485 -0.0000 -0.9889
vn -0.1491 -0.0000 -0.9888
vn -0.1980 -0.0000 -0.9802
vn -0.1978 -0.0000 -0.9802
vn -0.1979 -0.0000 -0.9802
vn -0.2469 -0.0000 -0.9690
vn -0.2465 -0.0000 -0.9691
vn -0.2468 -0.0000 -0.9691
vn -0.2950 -0.0000 -0.9555
vn -0.2948 -0.0000 -0.9555
vn -0.3422 -0.0000 -0.9396
vn -0.3417 -0.0000 -0.9398
vn -0.3884 -0.0000 -0.9215
vn -0.4337 -0.0000 -0.9011
vn -0.4341 -0.0000 -0.9009
vn -0.4782 -0.0000 -0.8782
vn -0.4783 -0.0000 -0.8782
vn -0.5213 -0.0000 -0.8534
vn -0.5635 -0.0000 -0.8261
vn -0.5632 -0.0000 -0.8263
vn -0.5631 -0.0000 -0.8264
vn -0.6039 -0.0000 -0.7971
vn -0.6427 -0.0000 -0.7661
vn -0.6429 -0.0000 -0.7659
vn -0.6427 -0.0000 -0.7662
vn -0.6804 -0.0000 -0.7328
vn -0.6801 -0.0000 -0.7332
vn -0.7159 -0.0000 -0.6982
vn -0.7156 -0.0000 -0.6985
vn -0.7500 -0.0000 -0.6615
vn -0.7498 -0.0000 -0.6617
vn -0.7818 -0.0000 -0.6235
vn -0.8399 -0.0000 -0.5428
vn -0.8661 -0.0000 -0.5000
vn -0.8900 -0.0000 -0.4559
vn -0.8898 -0.0000 -0.4564
vn -0.9116 -0.0000 -0.4111
vn -0.9115 -0.0000 -0.4113
vn -0.9309 -0.0000 -0.3652
vn -0.9478 -0.0000 -0.3187
vn -0.9479 -0.0000 -0.3184
vn -0.9480 -0.0000 -0.3184
vn -0.9627 -0.0000 -0.2707
vn -0.9750 -0.0000 -0.2224
vn -0.9848 -0.0000 -0.1737
vn -0.9972 -0.0000 -0.0747
vn -0.0000 -0.0000 1.0000
vn -1.0000 -0.0000 -0.0000
vn -0.7073 0.0001 0.7069
vn -0.7072 -0.0000 0.7071
vn -0.7071 -0.0000 0.7071
vn -0.0000 -1.0000 -0.0000
vn -1.0000 -0.0001 -0.0000
vn -1.0000 0.0001 -0.0000
vn -0.0000 1.0000 0.0001
vn -0.0000 1.0000 -0.0001
vn -0.0000 1.0000 -0.0002
vn -0.0000 1.0000 0.0004
vn -0.0000 1.0000 0.0002
vn -0.0000 1.0000 0.0003
vn -0.0000 1.0000 -0.0003
vn 1.0000 -0.0000 -0.0000
vn 0.9626 -0.0000 -0.2708
vn 0.9625 -0.0000 -0.2712
vn 0.9627 -0.0000 -0.2706
vn -0.9626 -0.0000 -0.2708
vn -0.9627 -0.0000 -0.2706
vn -0.9625 -0.0000 -0.2712
vn -0.9997 -0.0000 0.0249
vn -0.9972 -0.0000 0.0747
vn -0.9922 -0.0000 0.1243
vn -0.9848 -0.0000 0.1736
vn -0.9848 -0.0000 0.1737
vn -0.9750 -0.0000 0.2224
vn -0.9627 -0.0000 0.2706
vn -0.9626 -0.0000 0.2708
vn -0.9627 -0.0000 0.2707
vn -0.9625 -0.0000 0.2712
vn -0.9479 -0.0000 0.3184
vn -0.9478 -0.0000 0.3187
vn -0.9309 -0.0000 0.3652
vn -0.9308 -0.0000 0.3655
vn -0.9480 -0.0000 0.3184
vn -0.9115 -0.0000 0.4113
vn -0.9116 -0.0000 0.4111
vn -0.8899 -0.0000 0.4562
vn -0.8900 -0.0000 0.4559
vn -0.8661 -0.0000 0.5000
vn -0.8659 -0.0000 0.5001
vn -0.8898 -0.0000 0.4564
vn -0.8400 -0.0000 0.5425
vn -0.8399 -0.0000 0.5428
vn -0.8398 -0.0000 0.5429
vn -0.8120 -0.0000 0.5836
vn -0.8118 -0.0000 0.5839
vn -0.7818 -0.0000 0.6235
vn -0.7498 -0.0000 0.6617
vn -0.7500 -0.0000 0.6615
vn -0.7156 -0.0000 0.6985
vn -0.7159 -0.0000 0.6982
vn -0.6801 -0.0000 0.7332
vn -0.6801 -0.0000 0.7331
vn -0.6804 -0.0000 0.7328
vn -0.6429 -0.0000 0.7659
vn -0.6032 -0.0000 0.7976
vn -0.6039 -0.0000 0.7971
vn -0.6035 -0.0000 0.7974
vn -0.5631 -0.0000 0.8264
vn -0.5635 -0.0000 0.8261
vn -0.5632 -0.0000 0.8263
vn -0.5213 -0.0000 0.8534
vn -0.4782 -0.0000 0.8782
vn -0.4783 -0.0000 0.8782
vn -0.4336 -0.0000 0.9011
vn -0.4341 -0.0000 0.9009
vn -0.4337 -0.0000 0.9011
vn -0.3884 -0.0000 0.9215
vn -0.3425 -0.0000 0.9395
vn -0.3423 -0.0000 0.9396
vn -0.3422 -0.0000 0.9396
vn -0.3427 -0.0000 0.9395
vn -0.2944 -0.0000 0.9557
vn -0.2468 -0.0000 0.9691
vn -0.2465 -0.0000 0.9691
vn -0.2469 -0.0000 0.9690
vn -0.1978 -0.0000 0.9802
vn -0.1980 -0.0000 0.9802
vn -0.1979 -0.0000 0.9802
vn -0.1491 -0.0000 0.9888
vn -0.1495 -0.0000 0.9888
vn -0.0995 -0.0000 0.9950
vn -0.0996 -0.0000 0.9950
vn -0.0501 -0.0000 0.9987
vn -0.0998 -0.0000 0.9950
vn 0.0501 -0.0000 0.9987
vn 0.0996 -0.0000 0.9950
vn 0.0995 -0.0000 0.9950
vn 0.0998 -0.0000 0.9950
vn 0.1495 -0.0000 0.9888
vn 0.1491 -0.0000 0.9888
vn 0.1979 -0.0000 0.9802
vn 0.1980 -0.0000 0.9802
vn 0.1978 -0.0000 0.9802
vn 0.2469 -0.0000 0.9690
vn 0.2465 -0.0000 0.9691
vn 0.2468 -0.0000 0.9691
vn 0.2944 -0.0000 0.9557
vn 0.3423 -0.0000 0.9396
vn 0.3425 -0.0000 0.9395
vn 0.3427 -0.0000 0.9395
vn 0.3422 -0.0000 0.9396
vn 0.3885 -0.0000 0.9215
vn 0.4341 -0.0000 0.9009
vn 0.4337 -0.0000 0.9011
vn 0.4336 -0.0000 0.9011
vn 0.4783 -0.0000 0.8782
vn 0.4781 -0.0000 0.8783
vn 0.4786 -0.0000 0.8780
vn 0.5213 -0.0000 0.8534
vn 0.5635 -0.0000 0.8261
vn 0.5636 -0.0000 0.8260
vn 0.5632 -0.0000 0.8263
vn 0.6039 -0.0000 0.7971
vn 0.6038 -0.0000 0.7971
vn 0.6036 -0.0000 0.7973
vn 0.6032 -0.0000 0.7976
vn 0.6430 -0.0000 0.7659
vn 0.6801 -0.0000 0.7331
vn 0.6804 -0.0000 0.7329
vn 0.7156 -0.0000 0.6985
vn 0.7159 -0.0000 0.6982
vn 0.7500 -0.0000 0.6615
vn 0.7498 -0.0000 0.6617
vn 0.7818 -0.0000 0.6235
vn 0.8120 -0.0000 0.5836
vn 0.8118 -0.0000 0.5840
vn 0.8121 -0.0000 0.5835
vn 0.8119 -0.0000 0.5838
vn 0.8398 -0.0000 0.5429
vn 0.8400 -0.0000 0.5425
vn 0.8399 -0.0000 0.5428
vn 0.8662 -0.0000 0.4998
vn 0.8660 -0.0000 0.5000
vn 0.8899 -0.0000 0.4561
vn 0.8898 -0.0000 0.4563
vn 0.9115 -0.0000 0.4114
vn 0.9116 -0.0000 0.4112
vn 0.9309 -0.0000 0.3652
vn 0.9308 -0.0000 0.3655
vn 0.9480 -0.0000 0.3184
vn 0.9479 -0.0000 0.3187
vn 0.9625 -0.0000 0.2712
vn 0.9627 -0.0000 0.2707
vn 0.9626 -0.0000 0.2708
vn 0.9627 -0.0000 0.2706
vn 0.9750 -0.0000 0.2224
vn 0.9848 -0.0000 0.1738
vn 0.9848 -0.0000 0.1737
vn 0.9922 -0.0000 0.1243
vn 0.9972 -0.0000 0.0747
vn 0.9997 -0.0000 0.0249
vn -0.5634 -0.0000 0.8262
vn -0.5636 -0.0000 0.8260
vn 1.0000 0.0001 -0.0000
vn -0.0000 0.7072 -0.7071
vn -0.0000 0.7071 -0.7071
vn -0.0000 0.7071 0.7071
vn -0.0003 0.7071 0.7071
vn -0.0001 0.7071 0.7071
vn 0.0001 0.7071 0.7071
vn -0.7071 0.7071 -0.0000
vn -0.7070 0.7072 -0.0000
vn -0.7072 -0.0000 -0.7071
vn -0.7070 -0.0000 -0.7072
vn -0.7071 -0.0000 -0.7071
vn 0.7071 -0.0000 -0.7071
vn 0.7071 0.7071 -0.0000
vn 0.7070 0.7072 -0.0000
vn -0.5773 0.5774 -0.5774
vn 0.5773 0.5774 -0.5774
vn 0.5774 0.5773 -0.5773
vn 0.5775 0.5773 -0.5773
vn 0.6969 -0.0181 0.7169
vn 0.7069 -0.0525 0.7054
vn 0.7065 -0.0882 0.7022
vn 0.7076 -0.1227 0.6959
vn 0.7065 -0.1576 0.6900
vn 0.7069 -0.1036 0.6997
vn 0.7023 -0.1041 0.7042
vn 0.7020 -0.1043 0.7045
vn 0.7175 -0.0175 0.6963
vn 0.7070 -0.0528 0.7052
vn 0.7073 -0.0878 0.7014
vn 0.7066 -0.0348 0.7068
vn 0.7067 -0.0348 0.7067
vn 0.7068 -0.0349 0.7065
vn 0.7067 -0.0349 0.7066
vn 0.7070 -0.1718 0.6861
vn 0.7026 -0.1729 0.6903
vn 0.7024 -0.1730 0.6904
vn 0.7072 -0.1915 0.6806
vn 0.7065 -0.2253 0.6709
vn 0.7068 -0.1229 0.6967
vn 0.7075 -0.1574 0.6889
vn 0.7063 -0.1037 0.7003
vn 0.7126 -0.1029 0.6940
vn 0.7120 -0.1030 0.6946
vn 0.7070 -0.2383 0.6658
vn 0.7024 -0.2399 0.6701
vn 0.7022 -0.2399 0.6704
vn 0.7075 -0.2584 0.6578
vn 0.7062 -0.2909 0.6455
vn 0.7064 -0.1915 0.6814
vn 0.7075 -0.2253 0.6699
vn 0.7124 -0.1704 0.6807
vn 0.7064 -0.1720 0.6866
vn 0.7120 -0.1706 0.6812
vn 0.7077 -0.3222 0.6288
vn 0.7059 -0.3544 0.6133
vn 0.7064 -0.3581 0.6105
vn 0.7026 -0.3651 0.6108
vn 0.7071 -0.3025 0.6392
vn 0.7026 -0.3042 0.6433
vn 0.7022 -0.3044 0.6436
vn 0.7061 -0.2588 0.6591
vn 0.7076 -0.2903 0.6443
vn 0.7121 -0.2365 0.6611
vn 0.7065 -0.2385 0.6663
vn 0.7119 -0.2366 0.6612
vn 0.7025 -0.3659 0.6103
vn 0.7077 -0.3832 0.5936
vn 0.7059 -0.4135 0.5751
vn 0.7062 -0.4166 0.5725
vn 0.7022 -0.4231 0.5726
vn 0.7064 -0.3229 0.6299
vn 0.7122 -0.3600 0.6027
vn 0.7095 -0.3552 0.6087
vn 0.7081 -0.3532 0.6114
vn 0.7120 -0.3003 0.6347
vn 0.7065 -0.3026 0.6398
vn 0.7122 -0.3003 0.6345
vn 0.7025 -0.4239 0.5716
vn 0.7078 -0.4404 0.5523
vn 0.7056 -0.4689 0.5313
vn 0.7061 -0.4713 0.5285
vn 0.7025 -0.4772 0.5280
vn 0.7062 -0.3840 0.5948
vn 0.7116 -0.4182 0.5646
vn 0.7092 -0.4138 0.5708
vn 0.7083 -0.4121 0.5731
vn 0.7064 -0.3640 0.6071
vn 0.7026 -0.4776 0.5275
vn 0.7080 -0.4931 0.5056
vn 0.7056 -0.5195 0.4820
vn 0.7061 -0.5212 0.4793
vn 0.7023 -0.5267 0.4790
vn 0.7061 -0.4415 0.5536
vn 0.7114 -0.4719 0.5208
vn 0.7094 -0.4681 0.5269
vn 0.7084 -0.4670 0.5293
vn 0.7066 -0.4215 0.5684
vn 0.7027 -0.5270 0.4780
vn 0.7081 -0.5409 0.4540
vn 0.7054 -0.5650 0.4280
vn 0.7053 -0.5665 0.4261
vn 0.7022 -0.5711 0.4252
vn 0.7060 -0.4946 0.5069
vn 0.7112 -0.5208 0.4722
vn 0.7099 -0.5176 0.4777
vn 0.7090 -0.5168 0.4797
vn 0.7065 -0.4752 0.5244
vn 0.7028 -0.5714 0.4237
vn 0.7079 -0.5836 0.3979
vn 0.7048 -0.6053 0.3700
vn 0.7063 -0.6053 0.3671
vn 0.7034 -0.6097 0.3655
vn 0.7064 -0.5245 0.4753
vn 0.7057 -0.5427 0.4554
vn 0.7121 -0.5635 0.4188
vn 0.7094 -0.5627 0.4244
vn 0.7089 -0.5622 0.4259
vn 0.7046 -0.6087 0.3648
vn 0.7083 -0.6200 0.3375
vn 0.7044 -0.6395 0.3079
vn 0.7059 -0.6388 0.3060
vn 0.7038 -0.6421 0.3039
vn 0.7066 -0.5683 0.4215
vn 0.7059 -0.5853 0.3990
vn 0.7116 -0.6025 0.3615
vn 0.7103 -0.6014 0.3658
vn 0.7093 -0.6015 0.3676
vn 0.7047 -0.6414 0.3034
vn 0.7084 -0.6503 0.2744
vn 0.7045 -0.6669 0.2425
vn 0.7045 -0.6671 0.2420
vn 0.7026 -0.6696 0.2408
vn 0.7058 -0.6222 0.3388
vn 0.7115 -0.6351 0.3007
vn 0.7102 -0.6346 0.3048
vn 0.7094 -0.6349 0.3060
vn 0.7065 -0.6071 0.3638
vn 0.7033 -0.6693 0.2394
vn 0.7081 -0.6747 0.2081
vn 0.7041 -0.6881 0.1754
vn 0.7052 -0.6870 0.1751
vn 0.7028 -0.6899 0.1736
vn 0.7066 -0.6396 0.3026
vn 0.7058 -0.6528 0.2750
vn 0.7117 -0.6612 0.2372
vn 0.7107 -0.6614 0.2397
vn 0.7098 -0.6619 0.2410
vn 0.7032 -0.6898 0.1727
vn 0.7082 -0.6920 0.1399
vn 0.7038 -0.7025 0.1058
vn 0.7048 -0.7014 0.1067
vn 0.7030 -0.7034 0.1050
vn 0.7066 -0.6663 0.2384
vn 0.7056 -0.6772 0.2087
vn 0.7114 -0.6816 0.1712
vn 0.7107 -0.6820 0.1727
vn 0.7099 -0.6825 0.1739
vn 0.7050 -0.7016 0.1041
vn 0.7085 -0.7022 0.0702
vn 0.7034 -0.7099 0.0354
vn 0.7035 -0.7099 0.0352
vn 0.7033 -0.7101 0.0351
vn 0.7066 -0.6864 0.1720
vn 0.7055 -0.6947 0.1405
vn 0.7107 -0.6959 0.1033
vn 0.7109 -0.6955 0.1044
vn 0.7103 -0.6960 0.1049
vn 0.7067 -0.7066 0.0347
vn 0.7083 -0.7059 -0.0000
vn 0.7067 -0.6998 0.1037
vn 0.7056 -0.7051 0.0705
vn 0.7108 -0.7025 0.0348
vn 0.7107 -0.7026 0.0356
vn 0.7108 -0.7025 0.0351
vn 0.7050 -0.7083 -0.0348
vn 0.7034 -0.7099 -0.0351
vn 0.7034 -0.7099 -0.0354
vn 0.7082 -0.7025 -0.0702
vn 0.7108 -0.7025 0.0347
vn 0.7065 -0.7068 -0.0347
vn 0.7057 -0.7085 -0.0000
vn 0.7068 -0.6998 -0.1037
vn 0.7034 -0.7029 -0.1055
vn 0.7039 -0.7026 -0.1048
vn 0.7037 -0.7026 -0.1058
vn 0.7084 -0.6918 -0.1399
vn 0.7108 -0.7025 -0.0351
vn 0.7108 -0.7025 -0.0349
vn 0.7110 -0.7023 -0.0348
vn 0.7057 -0.7049 -0.0705
vn 0.7028 -0.6899 -0.1736
vn 0.7036 -0.6888 -0.1746
vn 0.7041 -0.6881 -0.1754
vn 0.7084 -0.6745 -0.2079
vn 0.7069 -0.6862 -0.1719
vn 0.7102 -0.6960 -0.1056
vn 0.7107 -0.6957 -0.1048
vn 0.7112 -0.6953 -0.1036
vn 0.7059 -0.6943 -0.1404
vn 0.7110 -0.6956 -0.1030
vn 0.7037 -0.6690 -0.2394
vn 0.7038 -0.6679 -0.2420
vn 0.7041 -0.6674 -0.2427
vn 0.7083 -0.6505 -0.2743
vn 0.7067 -0.6661 -0.2383
vn 0.7103 -0.6821 -0.1738
vn 0.7077 -0.6845 -0.1747
vn 0.7105 -0.6826 -0.1710
vn 0.7053 -0.6775 -0.2088
vn 0.7110 -0.6817 -0.1722
vn 0.7024 -0.6430 -0.3052
vn 0.7055 -0.6391 -0.3064
vn 0.7046 -0.6393 -0.3078
vn 0.7081 -0.6201 -0.3377
vn 0.7030 -0.6429 -0.3041
vn 0.7115 -0.6615 -0.2370
vn 0.7081 -0.6635 -0.2416
vn 0.7114 -0.6618 -0.2366
vn 0.7065 -0.6397 -0.3027
vn 0.7098 -0.6619 -0.2410
vn 0.7058 -0.6528 -0.2752
vn 0.7022 -0.6101 -0.3670
vn 0.7057 -0.6055 -0.3679
vn 0.7050 -0.6051 -0.3698
vn 0.7082 -0.5833 -0.3977
vn 0.7029 -0.6102 -0.3656
vn 0.7106 -0.6346 -0.3039
vn 0.7065 -0.6070 -0.3638
vn 0.7095 -0.6349 -0.3057
vn 0.7120 -0.6342 -0.3014
vn 0.7057 -0.6222 -0.3388
vn 0.7041 -0.5702 -0.4232
vn 0.7045 -0.5669 -0.4269
vn 0.7052 -0.5652 -0.4281
vn 0.7081 -0.5409 -0.4539
vn 0.7068 -0.5682 -0.4214
vn 0.7116 -0.6025 -0.3615
vn 0.7104 -0.6014 -0.3656
vn 0.7093 -0.6015 -0.3676
vn 0.7057 -0.5854 -0.3991
vn 0.7028 -0.5267 -0.4781
vn 0.7060 -0.5212 -0.4795
vn 0.7052 -0.5197 -0.4822
vn 0.7078 -0.4933 -0.5057
vn 0.7028 -0.5271 -0.4778
vn 0.7124 -0.5629 -0.4191
vn 0.7075 -0.5646 -0.4250
vn 0.7118 -0.5641 -0.4185
vn 0.7066 -0.5243 -0.4752
vn 0.7089 -0.5622 -0.4259
vn 0.7058 -0.5427 -0.4553
vn 0.7027 -0.4772 -0.5277
vn 0.7048 -0.4715 -0.5301
vn 0.7056 -0.4689 -0.5313
vn 0.7080 -0.4403 -0.5521
vn 0.7068 -0.4750 -0.5242
vn 0.7086 -0.5172 -0.4801
vn 0.7098 -0.5176 -0.4778
vn 0.7124 -0.5192 -0.4722
vn 0.7060 -0.4946 -0.5069
vn 0.7025 -0.4232 -0.5722
vn 0.7049 -0.4166 -0.5740
vn 0.7059 -0.4135 -0.5751
vn 0.7079 -0.3831 -0.5934
vn 0.7069 -0.4214 -0.5681
vn 0.7072 -0.4703 -0.5279
vn 0.7083 -0.4671 -0.5293
vn 0.7124 -0.4705 -0.5206
vn 0.7119 -0.4715 -0.5204
vn 0.7061 -0.4414 -0.5537
vn 0.7028 -0.3651 -0.6105
vn 0.7050 -0.3579 -0.6123
vn 0.7060 -0.3543 -0.6132
vn 0.7075 -0.3223 -0.6290
vn 0.7069 -0.3636 -0.6067
vn 0.7081 -0.4122 -0.5732
vn 0.7071 -0.4160 -0.5718
vn 0.7121 -0.4176 -0.5644
vn 0.7062 -0.3840 -0.5948
vn 0.7119 -0.4183 -0.5641
vn 0.7064 -0.2908 -0.6453
vn 0.7078 -0.2583 -0.6575
vn 0.7069 -0.3024 -0.6394
vn 0.7025 -0.3044 -0.6433
vn 0.7024 -0.3043 -0.6434
vn 0.7121 -0.3602 -0.6027
vn 0.7067 -0.3577 -0.6104
vn 0.7120 -0.3608 -0.6024
vn 0.7079 -0.3530 -0.6118
vn 0.7062 -0.3230 -0.6300
vn 0.7065 -0.2253 -0.6709
vn 0.7074 -0.1914 -0.6804
vn 0.7025 -0.2398 -0.6701
vn 0.7069 -0.2384 -0.6659
vn 0.7021 -0.2399 -0.6704
vn 0.7121 -0.3000 -0.6348
vn 0.7069 -0.2954 -0.6427
vn 0.7130 -0.2979 -0.6348
vn 0.7064 -0.2385 -0.6665
vn 0.7078 -0.2906 -0.6439
vn 0.7064 -0.2586 -0.6588
vn 0.7067 -0.1575 -0.6897
vn 0.7071 -0.1228 -0.6964
vn 0.7069 -0.1718 -0.6861
vn 0.7025 -0.1730 -0.6903
vn 0.7023 -0.1730 -0.6905
vn 0.7119 -0.2367 -0.6612
vn 0.7122 -0.2366 -0.6609
vn 0.7075 -0.2249 -0.6700
vn 0.7064 -0.1918 -0.6813
vn 0.7068 -0.0882 -0.7019
vn 0.7071 -0.0525 -0.7052
vn 0.6969 -0.0181 -0.7169
vn 0.7069 -0.1037 -0.6997
vn 0.7024 -0.1042 -0.7041
vn 0.7022 -0.1042 -0.7043
vn 0.7063 -0.1721 -0.6866
vn 0.7123 -0.1705 -0.6809
vn 0.7120 -0.1705 -0.6811
vn 0.7072 -0.1575 -0.6893
vn 0.7065 -0.1230 -0.6970
vn 0.7064 -0.1036 -0.7002
vn 0.7066 -0.0349 -0.7067
vn 0.7067 -0.0348 -0.7067
vn 0.7067 -0.0348 -0.7066
vn 0.7127 -0.1029 -0.6939
vn 0.7121 -0.1029 -0.6944
vn 0.7071 -0.0878 -0.7016
vn 0.7068 -0.0528 -0.7054
vn 0.7175 -0.0175 -0.6963
vn 0.7065 -0.0350 -0.7068
vn 0.6970 -0.0181 0.7169
vn 0.7070 -0.0525 0.7052
vn 0.7066 -0.0882 0.7021
vn 0.7074 -0.1227 0.6961
vn 0.7066 -0.1576 0.6899
vn 0.7024 -0.1041 0.7041
vn 0.7022 -0.1043 0.7043
vn 0.7174 -0.0175 0.6964
vn 0.7074 -0.0878 0.7014
vn 0.7066 -0.0348 0.7067
vn 0.7067 -0.0348 0.7066
vn 0.7066 -0.0349 0.7068
vn 0.7069 -0.1718 0.6861
vn 0.7024 -0.1731 0.6904
vn 0.7024 -0.1730 0.6905
vn 0.7073 -0.1915 0.6805
vn 0.7064 -0.2253 0.6710
vn 0.7024 -0.2398 0.6701
vn 0.7075 -0.2584 0.6577
vn 0.7064 -0.2909 0.6453
vn 0.7066 -0.1914 0.6813
vn 0.7120 -0.1705 0.6812
vn 0.7125 -0.1704 0.6807
vn 0.7078 -0.3222 0.6287
vn 0.7060 -0.3543 0.6132
vn 0.7065 -0.3581 0.6104
vn 0.7027 -0.3651 0.6107
vn 0.7024 -0.3044 0.6434
vn 0.7061 -0.2587 0.6592
vn 0.7076 -0.2904 0.6442
vn 0.7120 -0.2365 0.6611
vn 0.7065 -0.2385 0.6664
vn 0.7119 -0.2367 0.6612
vn 0.7026 -0.3660 0.6102
vn 0.7077 -0.3833 0.5935
vn 0.7063 -0.3230 0.6299
vn 0.7119 -0.3604 0.6028
vn 0.7097 -0.3552 0.6084
vn 0.7122 -0.3000 0.6346
vn 0.7066 -0.3026 0.6397
vn 0.7124 -0.3002 0.6343
vn 0.7063 -0.3840 0.5947
vn 0.7065 -0.3639 0.6070
vn 0.7026 -0.4775 0.5276
vn 0.7080 -0.4932 0.5055
vn 0.7058 -0.5193 0.4819
vn 0.7063 -0.5211 0.4790
vn 0.7024 -0.5267 0.4788
vn 0.7060 -0.4416 0.5537
vn 0.7115 -0.4717 0.5207
vn 0.7086 -0.4669 0.5291
vn 0.7027 -0.5274 0.4776
vn 0.7080 -0.5409 0.4540
vn 0.7054 -0.5650 0.4279
vn 0.7042 -0.5673 0.4270
vn 0.7021 -0.5710 0.4254
vn 0.7104 -0.5215 0.4726
vn 0.7101 -0.5175 0.4774
vn 0.7091 -0.5169 0.4797
vn 0.7070 -0.5681 0.4212
vn 0.7080 -0.5834 0.3978
vn 0.7049 -0.6053 0.3699
vn 0.7062 -0.6053 0.3672
vn 0.7033 -0.6097 0.3656
vn 0.7074 -0.5648 0.4250
vn 0.7059 -0.5426 0.4553
vn 0.7121 -0.5634 0.4189
vn 0.7091 -0.5621 0.4257
vn 0.7046 -0.6087 0.3647
vn 0.7058 -0.5852 0.3991
vn 0.7116 -0.6025 0.3614
vn 0.7093 -0.6015 0.3675
vn 0.7118 -0.5640 0.4186
vn 0.7084 -0.6503 0.2743
vn 0.7045 -0.6669 0.2426
vn 0.7048 -0.6669 0.2420
vn 0.7026 -0.6696 0.2407
vn 0.7057 -0.6223 0.3388
vn 0.7103 -0.6346 0.3047
vn 0.7094 -0.6349 0.3059
vn 0.7032 -0.6694 0.2396
vn 0.7082 -0.6746 0.2081
vn 0.7040 -0.6882 0.1753
vn 0.7033 -0.6896 0.1729
vn 0.7066 -0.6397 0.3025
vn 0.7056 -0.6530 0.2751
vn 0.7116 -0.6613 0.2372
vn 0.7106 -0.6615 0.2397
vn 0.7097 -0.6619 0.2411
vn 0.7032 -0.6897 0.1728
vn 0.7081 -0.6921 0.1399
vn 0.7107 -0.6819 0.1728
vn 0.7102 -0.6822 0.1737
vn 0.7049 -0.7016 0.1041
vn 0.7035 -0.7098 0.0354
vn 0.7051 -0.7083 0.0349
vn 0.7032 -0.7101 0.0351
vn 0.7066 -0.6863 0.1721
vn 0.7055 -0.6946 0.1406
vn 0.7109 -0.6956 0.1041
vn 0.7109 -0.6955 0.1045
vn 0.7050 -0.7084 0.0348
vn 0.7067 -0.6998 0.1038
vn 0.7109 -0.7025 0.0349
vn 0.7108 -0.7025 0.0350
vn 0.7067 -0.7067 -0.0347
vn 0.7034 -0.7099 -0.0353
vn 0.7033 -0.7100 -0.0352
vn 0.7066 -0.7068 0.0347
vn 0.7068 -0.6997 -0.1037
vn 0.7035 -0.7028 -0.1055
vn 0.7084 -0.6918 -0.1397
vn 0.7107 -0.7026 -0.0352
vn 0.7108 -0.7025 -0.0350
vn 0.7107 -0.7026 -0.0348
vn 0.7057 -0.7050 -0.0705
vn 0.7109 -0.7025 -0.0341
vn 0.7032 -0.6897 -0.1728
vn 0.7036 -0.6888 -0.1747
vn 0.7042 -0.6880 -0.1754
vn 0.7083 -0.6745 -0.2081
vn 0.7068 -0.6862 -0.1717
vn 0.7102 -0.6961 -0.1057
vn 0.7113 -0.6952 -0.1036
vn 0.7055 -0.6946 -0.1405
vn 0.7039 -0.6688 -0.2394
vn 0.7041 -0.6674 -0.2428
vn 0.7082 -0.6505 -0.2743
vn 0.7068 -0.6660 -0.2385
vn 0.7105 -0.6825 -0.1711
vn 0.7078 -0.6845 -0.1747
vn 0.7109 -0.6818 -0.1726
vn 0.7103 -0.6821 -0.1739
vn 0.7039 -0.6405 -0.3070
vn 0.7069 -0.6394 -0.3024
vn 0.7090 -0.6640 -0.2376
vn 0.7078 -0.6639 -0.2415
vn 0.7097 -0.6619 -0.2411
vn 0.7022 -0.6100 -0.3671
vn 0.7042 -0.6067 -0.3688
vn 0.7053 -0.6049 -0.3696
vn 0.7078 -0.5836 -0.3980
vn 0.7068 -0.6068 -0.3637
vn 0.7083 -0.6363 -0.3057
vn 0.7058 -0.6221 -0.3387
vn 0.7115 -0.6351 -0.3008
vn 0.7040 -0.5704 -0.4232
vn 0.7051 -0.5653 -0.4282
vn 0.7082 -0.5408 -0.4539
vn 0.7076 -0.6038 -0.3671
vn 0.7116 -0.6025 -0.3614
vn 0.7116 -0.6027 -0.3611
vn 0.7093 -0.6015 -0.3675
vn 0.7057 -0.5854 -0.3992
vn 0.7030 -0.5266 -0.4780
vn 0.7060 -0.5212 -0.4794
vn 0.7052 -0.5197 -0.4823
vn 0.7078 -0.4933 -0.5056
vn 0.7028 -0.5272 -0.4776
vn 0.7065 -0.5245 -0.4752
vn 0.7118 -0.5641 -0.4186
vn 0.7074 -0.5648 -0.4250
vn 0.7091 -0.5621 -0.4257
vn 0.7118 -0.5639 -0.4187
vn 0.7057 -0.5427 -0.4554
vn 0.7027 -0.4772 -0.5278
vn 0.7080 -0.4403 -0.5522
vn 0.7099 -0.5176 -0.4776
vn 0.7087 -0.5171 -0.4800
vn 0.7126 -0.5187 -0.4723
vn 0.7066 -0.4166 -0.5720
vn 0.7079 -0.3832 -0.5933
vn 0.7024 -0.4240 -0.5717
vn 0.7120 -0.4713 -0.5206
vn 0.7084 -0.4670 -0.5292
vn 0.7124 -0.4705 -0.5207
vn 0.7062 -0.4415 -0.5536
vn 0.7065 -0.4216 -0.5685
vn 0.7029 -0.3651 -0.6105
vn 0.7075 -0.3223 -0.6289
vn 0.7097 -0.4136 -0.5703
vn 0.7063 -0.3840 -0.5947
vn 0.7063 -0.2908 -0.6454
vn 0.7079 -0.2583 -0.6574
vn 0.7022 -0.3044 -0.6436
vn 0.7069 -0.3574 -0.6104
vn 0.7124 -0.3596 -0.6026
vn 0.7119 -0.3610 -0.6023
vn 0.7064 -0.3026 -0.6398
vn 0.7065 -0.3229 -0.6297
vn 0.7064 -0.2253 -0.6710
vn 0.7075 -0.1914 -0.6803
vn 0.7025 -0.2398 -0.6700
vn 0.7093 -0.2932 -0.6410
vn 0.7130 -0.2980 -0.6348
vn 0.7064 -0.2586 -0.6589
vn 0.7024 -0.1731 -0.6904
vn 0.7070 -0.1719 -0.6861
vn 0.7022 -0.1731 -0.6907
vn 0.7074 -0.1227 -0.6961
vn 0.7063 -0.2386 -0.6665
vn 0.7064 -0.1720 -0.6866
vn 0.7120 -0.2367 -0.6611
vn 0.7023 -0.1043 -0.7042
vn 0.7068 -0.1037 -0.6998
vn 0.7020 -0.1043 -0.7045
vn 0.7067 -0.0882 -0.7020
vn 0.7070 -0.0525 -0.7052
vn 0.6970 -0.0181 -0.7169
vn 0.7120 -0.1704 -0.6811
vn 0.7064 -0.1037 -0.7001
vn 0.7121 -0.1029 -0.6945
vn 0.7068 -0.0348 -0.7066
vn 0.7072 -0.0878 -0.7016
vn 0.7174 -0.0175 -0.6964
vn 0.7068 -0.0349 -0.7066
vn -0.6972 -0.0181 -0.7167
vn -0.7070 -0.0525 -0.7053
vn -0.7067 -0.0882 -0.7020
vn -0.7073 -0.1228 -0.6962
vn -0.7067 -0.1575 -0.6898
vn -0.7069 -0.1036 -0.6997
vn -0.7024 -0.1041 -0.7041
vn -0.7022 -0.1043 -0.7043
vn -0.7175 -0.0175 -0.6963
vn -0.7068 -0.0528 -0.7054
vn -0.7071 -0.0878 -0.7016
vn -0.7067 -0.0348 -0.7067
vn -0.7066 -0.0348 -0.7067
vn -0.7065 -0.0350 -0.7068
vn -0.7070 -0.1718 -0.6861
vn -0.7025 -0.1729 -0.6903
vn -0.7021 -0.1731 -0.6908
vn -0.7075 -0.1914 -0.6803
vn -0.7064 -0.2253 -0.6710
vn -0.7067 -0.1229 -0.6967
vn -0.7071 -0.1575 -0.6893
vn -0.7064 -0.1037 -0.7002
vn -0.7127 -0.1029 -0.6939
vn -0.7122 -0.1029 -0.6944
vn -0.7070 -0.2384 -0.6658
vn -0.7025 -0.2397 -0.6701
vn -0.7022 -0.2399 -0.6704
vn -0.7076 -0.2584 -0.6577
vn -0.7064 -0.2908 -0.6453
vn -0.7064 -0.1919 -0.6814
vn -0.7077 -0.2248 -0.6698
vn -0.7123 -0.1705 -0.6809
vn -0.7063 -0.1720 -0.6867
vn -0.7119 -0.1706 -0.6813
vn -0.7075 -0.3223 -0.6290
vn -0.7060 -0.3543 -0.6132
vn -0.7066 -0.3581 -0.6103
vn -0.7029 -0.3651 -0.6104
vn -0.7069 -0.3023 -0.6395
vn -0.7024 -0.3041 -0.6435
vn -0.7024 -0.3043 -0.6434
vn -0.7064 -0.2587 -0.6588
vn -0.7128 -0.2982 -0.6348
vn -0.7092 -0.2932 -0.6412
vn -0.7078 -0.2906 -0.6439
vn -0.7122 -0.2366 -0.6609
vn -0.7064 -0.2385 -0.6664
vn -0.7120 -0.2368 -0.6611
vn -0.7023 -0.3656 -0.6108
vn -0.7077 -0.3833 -0.5935
vn -0.7058 -0.4135 -0.5752
vn -0.7064 -0.4166 -0.5722
vn -0.7026 -0.4232 -0.5721
vn -0.7065 -0.3229 -0.6298
vn -0.7125 -0.3595 -0.6026
vn -0.7089 -0.3552 -0.6093
vn -0.7077 -0.3532 -0.6119
vn -0.7064 -0.3026 -0.6399
vn -0.7026 -0.4238 -0.5717
vn -0.7077 -0.4405 -0.5523
vn -0.7056 -0.4689 -0.5312
vn -0.7047 -0.4716 -0.5300
vn -0.7027 -0.4772 -0.5277
vn -0.7063 -0.3840 -0.5947
vn -0.7116 -0.4183 -0.5645
vn -0.7096 -0.4136 -0.5704
vn -0.7083 -0.4121 -0.5731
vn -0.7065 -0.3639 -0.6070
vn -0.7068 -0.4750 -0.5242
vn -0.7080 -0.4931 -0.5056
vn -0.7052 -0.5198 -0.4822
vn -0.7061 -0.5212 -0.4794
vn -0.7030 -0.5267 -0.4779
vn -0.7060 -0.4415 -0.5538
vn -0.7124 -0.4706 -0.5206
vn -0.7071 -0.4704 -0.5279
vn -0.7083 -0.4671 -0.5293
vn -0.7066 -0.4216 -0.5684
vn -0.7027 -0.5271 -0.4779
vn -0.7080 -0.5410 -0.4540
vn -0.7049 -0.5653 -0.4283
vn -0.7059 -0.5662 -0.4257
vn -0.7032 -0.5709 -0.4238
vn -0.7060 -0.4946 -0.5069
vn -0.7114 -0.5205 -0.4721
vn -0.7097 -0.5176 -0.4779
vn -0.7087 -0.5171 -0.4800
vn -0.7120 -0.4718 -0.5201
vn -0.7029 -0.5713 -0.4238
vn -0.7081 -0.5834 -0.3978
vn -0.7050 -0.6051 -0.3699
vn -0.7058 -0.6055 -0.3677
vn -0.7022 -0.6101 -0.3670
vn -0.7065 -0.5243 -0.4752
vn -0.7060 -0.5425 -0.4552
vn -0.7124 -0.5629 -0.4191
vn -0.7102 -0.5623 -0.4236
vn -0.7089 -0.5623 -0.4259
vn -0.7079 -0.6203 -0.3377
vn -0.7046 -0.6394 -0.3078
vn -0.7058 -0.6389 -0.3061
vn -0.7025 -0.6430 -0.3051
vn -0.7029 -0.6101 -0.3656
vn -0.7066 -0.5684 -0.4216
vn -0.7058 -0.5853 -0.3990
vn -0.7115 -0.6026 -0.3614
vn -0.7105 -0.6014 -0.3654
vn -0.7093 -0.6015 -0.3676
vn -0.7030 -0.6429 -0.3042
vn -0.7082 -0.6505 -0.2744
vn -0.7043 -0.6671 -0.2426
vn -0.7058 -0.6660 -0.2415
vn -0.7029 -0.6696 -0.2400
vn -0.7057 -0.6223 -0.3388
vn -0.7118 -0.6347 -0.3009
vn -0.7106 -0.6346 -0.3038
vn -0.7095 -0.6349 -0.3057
vn -0.7065 -0.6070 -0.3638
vn -0.7048 -0.6679 -0.2390
vn -0.7084 -0.6745 -0.2079
vn -0.7042 -0.6880 -0.1753
vn -0.7051 -0.6872 -0.1751
vn -0.7028 -0.6899 -0.1733
vn -0.7065 -0.6397 -0.3027
vn -0.7058 -0.6528 -0.2752
vn -0.7100 -0.6629 -0.2374
vn -0.7106 -0.6614 -0.2399
vn -0.7101 -0.6616 -0.2409
vn -0.7031 -0.6897 -0.1731
vn -0.7084 -0.6918 -0.1399
vn -0.7036 -0.7027 -0.1058
vn -0.7043 -0.7018 -0.1065
vn -0.7038 -0.7026 -0.1048
vn -0.7065 -0.6664 -0.2384
vn -0.7056 -0.6772 -0.2088
vn -0.7106 -0.6825 -0.1710
vn -0.7107 -0.6818 -0.1731
vn -0.7103 -0.6822 -0.1738
vn -0.7034 -0.7031 -0.1044
vn -0.7083 -0.7025 -0.0702
vn -0.7033 -0.7100 -0.0354
vn -0.7050 -0.7083 -0.0349
vn -0.7035 -0.7098 -0.0351
vn -0.7066 -0.6864 -0.1720
vn -0.7056 -0.6946 -0.1405
vn -0.7112 -0.6953 -0.1036
vn -0.7107 -0.6957 -0.1041
vn -0.7106 -0.6957 -0.1048
vn -0.7050 -0.7084 -0.0348
vn -0.7082 -0.7060 -0.0000
vn -0.7055 -0.7052 -0.0706
vn -0.7110 -0.7023 -0.0348
vn -0.7108 -0.7025 -0.0349
vn -0.7104 -0.7029 -0.0351
vn -0.7065 -0.7001 -0.1037
vn -0.7067 -0.7067 0.0347
vn -0.7034 -0.7099 0.0352
vn -0.7033 -0.7101 0.0351
vn -0.7035 -0.7098 0.0354
vn -0.7082 -0.7025 0.0703
vn -0.7066 -0.7068 -0.0346
vn -0.7058 -0.7084 -0.0000
vn -0.7067 -0.6999 0.1038
vn -0.7035 -0.7029 0.1053
vn -0.7030 -0.7034 0.1050
vn -0.7039 -0.7024 0.1058
vn -0.7082 -0.6920 0.1399
vn -0.7108 -0.7025 0.0351
vn -0.7107 -0.7026 0.0354
vn -0.7108 -0.7025 0.0348
vn -0.7055 -0.7052 0.0705
vn -0.7108 -0.7025 0.0345
vn -0.7028 -0.6899 0.1736
vn -0.7037 -0.6886 0.1749
vn -0.7042 -0.6880 0.1753
vn -0.7083 -0.6745 0.2081
vn -0.7067 -0.6863 0.1719
vn -0.7111 -0.6956 0.1030
vn -0.7086 -0.6975 0.1068
vn -0.7103 -0.6961 0.1049
vn -0.7108 -0.6958 0.1033
vn -0.7055 -0.6947 0.1405
vn -0.7026 -0.6696 0.2408
vn -0.7046 -0.6671 0.2420
vn -0.7045 -0.6669 0.2425
vn -0.7084 -0.6502 0.2744
vn -0.7033 -0.6693 0.2395
vn -0.7087 -0.6835 0.1749
vn -0.7090 -0.6841 0.1713
vn -0.7101 -0.6823 0.1737
vn -0.7114 -0.6816 0.1712
vn -0.7056 -0.6772 0.2087
vn -0.7066 -0.6663 0.2384
vn -0.7045 -0.6414 0.3039
vn -0.7040 -0.6404 0.3070
vn -0.7045 -0.6394 0.3078
vn -0.7084 -0.6199 0.3375
vn -0.7067 -0.6395 0.3026
vn -0.7097 -0.6620 0.2410
vn -0.7107 -0.6614 0.2397
vn -0.7117 -0.6612 0.2372
vn -0.7056 -0.6530 0.2752
vn -0.7031 -0.6098 0.3657
vn -0.7046 -0.6063 0.3687
vn -0.7048 -0.6053 0.3700
vn -0.7081 -0.5834 0.3978
vn -0.7067 -0.6068 0.3638
vn -0.7116 -0.6350 0.3007
vn -0.7076 -0.6371 0.3057
vn -0.7094 -0.6349 0.3060
vn -0.7057 -0.6222 0.3388
vn -0.7069 -0.5681 0.4214
vn -0.7043 -0.5672 0.4270
vn -0.7021 -0.5710 0.4255
vn -0.7053 -0.5651 0.4281
vn -0.7080 -0.5410 0.4540
vn -0.7079 -0.6034 0.3671
vn -0.7115 -0.6026 0.3614
vn -0.7115 -0.6027 0.3611
vn -0.7093 -0.6015 0.3676
vn -0.7059 -0.5853 0.3989
vn -0.7021 -0.5266 0.4794
vn -0.7045 -0.5219 0.4809
vn -0.7055 -0.5195 0.4821
vn -0.7082 -0.4929 0.5054
vn -0.7068 -0.5241 0.4752
vn -0.7074 -0.5647 0.4250
vn -0.7118 -0.5644 0.4181
vn -0.7089 -0.5622 0.4259
vn -0.7121 -0.5634 0.4189
vn -0.7060 -0.5425 0.4552
vn -0.7025 -0.4772 0.5280
vn -0.7064 -0.4712 0.5282
vn -0.7056 -0.4689 0.5312
vn -0.7079 -0.4404 0.5522
vn -0.7046 -0.4765 0.5259
vn -0.7117 -0.5205 0.4717
vn -0.7074 -0.5199 0.4789
vn -0.7064 -0.4753 0.5245
vn -0.7088 -0.5170 0.4799
vn -0.7112 -0.5208 0.4722
vn -0.7060 -0.4946 0.5069
vn -0.7023 -0.4231 0.5725
vn -0.7047 -0.4168 0.5742
vn -0.7059 -0.4135 0.5751
vn -0.7075 -0.3834 0.5937
vn -0.7069 -0.4213 0.5681
vn -0.7084 -0.4670 0.5293
vn -0.7096 -0.4680 0.5267
vn -0.7114 -0.4719 0.5208
vn -0.7061 -0.4415 0.5537
vn -0.7027 -0.3651 0.6106
vn -0.7065 -0.3581 0.6104
vn -0.7058 -0.3544 0.6134
vn -0.7077 -0.3222 0.6288
vn -0.7025 -0.3659 0.6104
vn -0.7119 -0.4186 0.5640
vn -0.7071 -0.4160 0.5718
vn -0.7063 -0.3640 0.6071
vn -0.7081 -0.4122 0.5732
vn -0.7121 -0.4177 0.5644
vn -0.7062 -0.3840 0.5948
vn -0.7063 -0.2908 0.6454
vn -0.7074 -0.2584 0.6579
vn -0.7070 -0.3024 0.6393
vn -0.7026 -0.3041 0.6433
vn -0.7021 -0.3045 0.6437
vn -0.7096 -0.3552 0.6085
vn -0.7122 -0.3600 0.6026
vn -0.7081 -0.3533 0.6114
vn -0.7063 -0.3230 0.6299
vn -0.7064 -0.2253 0.6710
vn -0.7074 -0.1914 0.6804
vn -0.7024 -0.2397 0.6702
vn -0.7070 -0.2382 0.6658
vn -0.7022 -0.2399 0.6703
vn -0.7064 -0.3026 0.6399
vn -0.7121 -0.3003 0.6346
vn -0.7064 -0.2386 0.6664
vn -0.7122 -0.3003 0.6345
vn -0.7076 -0.2903 0.6443
vn -0.7061 -0.2588 0.6591
vn -0.7066 -0.1575 0.6898
vn -0.7073 -0.1228 0.6961
vn -0.7069 -0.1718 0.6861
vn -0.7026 -0.1729 0.6902
vn -0.7023 -0.1731 0.6905
vn -0.7119 -0.2368 0.6612
vn -0.7123 -0.2364 0.6609
vn -0.7075 -0.2253 0.6699
vn -0.7064 -0.1915 0.6814
vn -0.7066 -0.0882 0.7021
vn -0.7067 -0.0525 0.7055
vn -0.6969 -0.0181 0.7169
vn -0.7024 -0.1041 0.7041
vn -0.7069 -0.1036 0.6997
vn -0.7020 -0.1043 0.7045
vn -0.7064 -0.1721 0.6866
vn -0.7063 -0.1037 0.7003
vn -0.7124 -0.1704 0.6807
vn -0.7120 -0.1707 0.6812
vn -0.7076 -0.1574 0.6889
vn -0.7068 -0.1229 0.6967
vn -0.7069 -0.0349 0.7065
vn -0.7067 -0.0348 0.7067
vn -0.7068 -0.0348 0.7065
vn -0.7123 -0.1029 0.6943
vn -0.7121 -0.1029 0.6945
vn -0.7071 -0.0878 0.7016
vn -0.7070 -0.0528 0.7052
vn -0.7175 -0.0175 0.6963
vn -0.6972 -0.0181 -0.7166
vn -0.7073 -0.0525 -0.7050
vn -0.7068 -0.0882 -0.7019
vn -0.7072 -0.1227 -0.6963
vn -0.7068 -0.1575 -0.6897
vn -0.7068 -0.1036 -0.6997
vn -0.7023 -0.1041 -0.7042
vn -0.7020 -0.1043 -0.7045
vn -0.7174 -0.0175 -0.6964
vn -0.7072 -0.0878 -0.7016
vn -0.7067 -0.0348 -0.7066
vn -0.7068 -0.0349 -0.7065
vn -0.7064 -0.0350 -0.7069
vn -0.7024 -0.1728 -0.6904
vn -0.7022 -0.1731 -0.6907
vn -0.7074 -0.1914 -0.6804
vn -0.7065 -0.2253 -0.6709
vn -0.7074 -0.1574 -0.6891
vn -0.7064 -0.1037 -0.7001
vn -0.7076 -0.2584 -0.6576
vn -0.7070 -0.2385 -0.6658
vn -0.7021 -0.2399 -0.6704
vn -0.7065 -0.1719 -0.6865
vn -0.7121 -0.1706 -0.6811
vn -0.7074 -0.3222 -0.6290
vn -0.7074 -0.3222 -0.6291
vn -0.7069 -0.3025 -0.6394
vn -0.7022 -0.3044 -0.6437
vn -0.7060 -0.3542 -0.6132
vn -0.7064 -0.3581 -0.6105
vn -0.7064 -0.2586 -0.6589
vn -0.7128 -0.2983 -0.6347
vn -0.7078 -0.2906 -0.6438
vn -0.7064 -0.2386 -0.6664
vn -0.7119 -0.2369 -0.6611
vn -0.7024 -0.3659 -0.6105
vn -0.7076 -0.3833 -0.5936
vn -0.7064 -0.3230 -0.6298
vn -0.7121 -0.3601 -0.6027
vn -0.7090 -0.3552 -0.6092
vn -0.7081 -0.3530 -0.6116
vn -0.7064 -0.3027 -0.6398
vn -0.7062 -0.4713 -0.5284
vn -0.7026 -0.4772 -0.5278
vn -0.7116 -0.4182 -0.5646
vn -0.7096 -0.4137 -0.5704
vn -0.7027 -0.4775 -0.5275
vn -0.7080 -0.4931 -0.5055
vn -0.7055 -0.5195 -0.4821
vn -0.7061 -0.5212 -0.4793
vn -0.7032 -0.5266 -0.4778
vn -0.7065 -0.4216 -0.5684
vn -0.7061 -0.4416 -0.5536
vn -0.7124 -0.4705 -0.5207
vn -0.7099 -0.4679 -0.5264
vn -0.7084 -0.4670 -0.5292
vn -0.7027 -0.5272 -0.4777
vn -0.7050 -0.5654 -0.4282
vn -0.7059 -0.5661 -0.4257
vn -0.7030 -0.5710 -0.4240
vn -0.7119 -0.5199 -0.4721
vn -0.7098 -0.5176 -0.4778
vn -0.7087 -0.5171 -0.4799
vn -0.7065 -0.4752 -0.5244
vn -0.7029 -0.5714 -0.4236
vn -0.7050 -0.6051 -0.3698
vn -0.7022 -0.6100 -0.3671
vn -0.7065 -0.5244 -0.4753
vn -0.7059 -0.5426 -0.4553
vn -0.7119 -0.5638 -0.4187
vn -0.7101 -0.5623 -0.4237
vn -0.7089 -0.5622 -0.4259
vn -0.7029 -0.6102 -0.3655
vn -0.7057 -0.6389 -0.3061
vn -0.7065 -0.5684 -0.4216
vn -0.7058 -0.5853 -0.3991
vn -0.7116 -0.6026 -0.3614
vn -0.7093 -0.6016 -0.3675
vn -0.7030 -0.6428 -0.3043
vn -0.7082 -0.6505 -0.2743
vn -0.7043 -0.6671 -0.2427
vn -0.7034 -0.6692 -0.2396
vn -0.7058 -0.6222 -0.3388
vn -0.7092 -0.6352 -0.3059
vn -0.7065 -0.6071 -0.3637
vn -0.7049 -0.6679 -0.2389
vn -0.7083 -0.6746 -0.2081
vn -0.7040 -0.6882 -0.1753
vn -0.7050 -0.6873 -0.1752
vn -0.7032 -0.6897 -0.1728
vn -0.7065 -0.6397 -0.3026
vn -0.7102 -0.6628 -0.2373
vn -0.7107 -0.6614 -0.2398
vn -0.7097 -0.6620 -0.2410
vn -0.7031 -0.6898 -0.1725
vn -0.7084 -0.6918 -0.1400
vn -0.7038 -0.7025 -0.1058
vn -0.7034 -0.7029 -0.1056
vn -0.7038 -0.7025 -0.1051
vn -0.7066 -0.6663 -0.2384
vn -0.7107 -0.6819 -0.1730
vn -0.7102 -0.6821 -0.1739
vn -0.7069 -0.6997 -0.1035
vn -0.7034 -0.7099 -0.0354
vn -0.7049 -0.7083 -0.0372
vn -0.7033 -0.7100 -0.0351
vn -0.7066 -0.6863 -0.1720
vn -0.7058 -0.6943 -0.1405
vn -0.7113 -0.6952 -0.1036
vn -0.7096 -0.6965 -0.1063
vn -0.7056 -0.7051 -0.0705
vn -0.7110 -0.7024 -0.0348
vn -0.7107 -0.7027 -0.0350
vn -0.7111 -0.6956 -0.1027
vn -0.7049 -0.7084 0.0348
vn -0.7039 -0.7093 0.0365
vn -0.7034 -0.7100 0.0351
vn -0.7034 -0.7099 0.0354
vn -0.7066 -0.7068 -0.0347
vn -0.7057 -0.7085 -0.0000
vn -0.7066 -0.7068 0.0347
vn -0.7049 -0.7016 0.1041
vn -0.7054 -0.7008 0.1065
vn -0.7030 -0.7034 0.1052
vn -0.7039 -0.7024 0.1057
vn -0.7108 -0.7025 0.0349
vn -0.7108 -0.7025 0.0350
vn -0.7032 -0.6897 0.1728
vn -0.7036 -0.6887 0.1748
vn -0.7040 -0.6882 0.1753
vn -0.7082 -0.6747 0.2081
vn -0.7068 -0.6863 0.1717
vn -0.7108 -0.6956 0.1043
vn -0.7109 -0.6956 0.1041
vn -0.7055 -0.6947 0.1406
vn -0.7027 -0.6696 0.2406
vn -0.7037 -0.6681 0.2418
vn -0.7045 -0.6669 0.2426
vn -0.7082 -0.6505 0.2743
vn -0.7069 -0.6660 0.2383
vn -0.7099 -0.6825 0.1740
vn -0.7083 -0.6839 0.1749
vn -0.7116 -0.6613 0.2372
vn -0.7081 -0.6635 0.2415
vn -0.7113 -0.6615 0.2376
vn -0.7097 -0.6619 0.2411
vn -0.7056 -0.6530 0.2751
vn -0.7030 -0.6099 0.3658
vn -0.7046 -0.6063 0.3688
vn -0.7049 -0.6053 0.3699
vn -0.7067 -0.6069 0.3637
vn -0.7116 -0.6351 0.3005
vn -0.7094 -0.6349 0.3059
vn -0.7056 -0.6223 0.3389
vn -0.7028 -0.5714 0.4237
vn -0.7054 -0.5665 0.4261
vn -0.7021 -0.5709 0.4256
vn -0.7053 -0.5651 0.4280
vn -0.7079 -0.6034 0.3672
vn -0.7116 -0.6026 0.3614
vn -0.7115 -0.6028 0.3610
vn -0.7093 -0.6016 0.3675
vn -0.7066 -0.5683 0.4216
vn -0.7067 -0.5242 0.4751
vn -0.7022 -0.5266 0.4792
vn -0.7054 -0.5195 0.4821
vn -0.7083 -0.4930 0.5053
vn -0.7096 -0.5625 0.4242
vn -0.7122 -0.5633 0.4189
vn -0.7025 -0.4772 0.5281
vn -0.7047 -0.4716 0.5301
vn -0.7068 -0.4750 0.5242
vn -0.7073 -0.5200 0.4789
vn -0.7117 -0.5206 0.4716
vn -0.7104 -0.5215 0.4726
vn -0.7077 -0.3832 0.5935
vn -0.7069 -0.4212 0.5681
vn -0.7115 -0.4718 0.5208
vn -0.7072 -0.4704 0.5279
vn -0.7119 -0.4716 0.5203
vn -0.7086 -0.4669 0.5291
vn -0.7058 -0.4417 0.5539
vn -0.7025 -0.3650 0.6110
vn -0.7064 -0.3581 0.6105
vn -0.7060 -0.3542 0.6132
vn -0.7076 -0.3222 0.6288
vn -0.7026 -0.3659 0.6103
vn -0.7119 -0.4184 0.5640
vn -0.7071 -0.4161 0.5718
vn -0.7064 -0.3640 0.6070
vn -0.7120 -0.4176 0.5644
vn -0.7060 -0.3839 0.5951
vn -0.7063 -0.2909 0.6454
vn -0.7074 -0.2585 0.6578
vn -0.7069 -0.3026 0.6393
vn -0.7025 -0.3043 0.6433
vn -0.7119 -0.3603 0.6028
vn -0.7065 -0.2253 0.6709
vn -0.7024 -0.2397 0.6701
vn -0.7070 -0.2383 0.6658
vn -0.7022 -0.2399 0.6704
vn -0.7065 -0.2386 0.6663
vn -0.7064 -0.3028 0.6398
vn -0.7124 -0.3002 0.6343
vn -0.7121 -0.3007 0.6344
vn -0.7076 -0.2904 0.6442
vn -0.7060 -0.2588 0.6592
vn -0.7026 -0.1729 0.6903
vn -0.7021 -0.1731 0.6907
vn -0.7065 -0.1576 0.6899
vn -0.7074 -0.1227 0.6961
vn -0.7121 -0.2365 0.6611
vn -0.7062 -0.1915 0.6817
vn -0.7023 -0.1041 0.7042
vn -0.7022 -0.1043 0.7043
vn -0.7067 -0.0882 0.7020
vn -0.7070 -0.0525 0.7052
vn -0.6970 -0.0181 0.7169
vn -0.7125 -0.1704 0.6807
vn -0.7064 -0.1720 0.6866
vn -0.7120 -0.1706 0.6811
vn -0.7063 -0.1036 0.7003
vn -0.7066 -0.0348 0.7068
vn -0.7072 -0.0878 0.7016
vn -0.7174 -0.0175 0.6964
vn -0.7067 -0.0349 0.7066
vn 0.7072 -0.0000 0.7071
vn 0.7073 -0.0000 0.7069
vn 0.7072 -0.0000 0.7070
vn -0.7017 0.7070 0.0880
vn -0.7054 0.7068 0.0529
vn -0.6935 0.7203 0.0173
vn -0.7067 0.7066 0.0347
vn -0.7206 0.6931 0.0180
vn -0.7048 0.7074 0.0528
vn -0.7020 0.7067 0.0879
vn -0.7063 0.7001 0.1048
vn -0.6889 0.7075 0.1573
vn -0.6969 0.7066 0.1229
vn -0.6960 0.7074 0.1228
vn -0.6896 0.7069 0.1575
vn -0.6928 0.7137 0.1028
vn -0.6926 0.7001 0.1735
vn -0.6793 0.7138 0.1702
vn -0.6696 0.7078 0.2250
vn -0.6812 0.7065 0.1917
vn -0.6804 0.7075 0.1913
vn -0.6709 0.7065 0.2256
vn -0.6438 0.7079 0.2904
vn -0.6591 0.7062 0.2587
vn -0.6577 0.7077 0.2581
vn -0.6453 0.7062 0.2914
vn -0.6723 0.7001 0.2405
vn -0.6595 0.7138 0.2359
vn -0.6452 0.7004 0.3052
vn -0.6062 0.7109 0.3566
vn -0.6100 0.7090 0.3538
vn -0.6113 0.7083 0.3530
vn -0.6302 0.7060 0.3230
vn -0.6331 0.7137 0.2995
vn -0.6285 0.7080 0.3222
vn -0.6135 0.7058 0.3541
vn -0.6132 0.7051 0.3561
vn -0.6130 0.7030 0.3606
vn -0.6124 0.7003 0.3669
vn -0.6011 0.7135 0.3601
vn -0.5628 0.7142 0.4161
vn -0.5717 0.7092 0.4126
vn -0.5730 0.7085 0.4119
vn -0.5950 0.7059 0.3843
vn -0.5930 0.7082 0.3832
vn -0.5755 0.7055 0.4137
vn -0.5752 0.7047 0.4155
vn -0.5743 0.7030 0.4195
vn -0.5193 0.7139 0.4698
vn -0.5277 0.7094 0.4671
vn -0.5293 0.7086 0.4666
vn -0.5538 0.7058 0.4417
vn -0.5732 0.7005 0.4251
vn -0.5520 0.7082 0.4401
vn -0.5315 0.7053 0.4691
vn -0.5315 0.7043 0.4707
vn -0.5348 0.7009 0.4720
vn -0.5628 0.7135 0.4174
vn -0.5288 0.7006 0.4792
vn -0.4750 0.7113 0.5181
vn -0.4784 0.7097 0.5171
vn -0.4796 0.7091 0.5168
vn -0.5071 0.7058 0.4947
vn -0.5192 0.7134 0.4706
vn -0.5055 0.7082 0.4929
vn -0.4826 0.7048 0.5199
vn -0.4822 0.7040 0.5213
vn -0.4843 0.7030 0.5208
vn -0.4177 0.7123 0.5641
vn -0.4246 0.7099 0.5619
vn -0.4256 0.7096 0.5616
vn -0.4709 0.7132 0.5193
vn -0.4556 0.7056 0.5427
vn -0.4791 0.7007 0.5286
vn -0.4537 0.7084 0.5406
vn -0.4284 0.7044 0.5659
vn -0.4281 0.7037 0.5671
vn -0.4266 0.7026 0.5695
vn -0.4246 0.7009 0.5731
vn -0.3673 0.7104 0.6003
vn -0.3665 0.7104 0.6009
vn -0.3674 0.7098 0.6009
vn -0.3992 0.7054 0.5856
vn -0.4175 0.7132 0.5630
vn -0.3977 0.7085 0.5830
vn -0.3702 0.7041 0.6059
vn -0.3698 0.7036 0.6068
vn -0.3711 0.7033 0.6064
vn -0.3604 0.7131 0.6014
vn -0.3667 0.7009 0.6118
vn -0.3000 0.7118 0.6351
vn -0.3047 0.7104 0.6344
vn -0.3055 0.7102 0.6342
vn -0.3388 0.7055 0.6225
vn -0.3374 0.7086 0.6197
vn -0.3087 0.7036 0.6401
vn -0.3074 0.7035 0.6408
vn -0.3042 0.7039 0.6418
vn -0.2385 0.7117 0.6608
vn -0.2400 0.7110 0.6610
vn -0.2408 0.7106 0.6611
vn -0.2753 0.7054 0.6532
vn -0.3049 0.7011 0.6446
vn -0.2999 0.7129 0.6340
vn -0.2742 0.7087 0.6500
vn -0.2436 0.7034 0.6678
vn -0.2428 0.7031 0.6683
vn -0.2418 0.7022 0.6697
vn -0.1721 0.7118 0.6810
vn -0.1730 0.7111 0.6814
vn -0.1734 0.7111 0.6814
vn -0.2093 0.7053 0.6773
vn -0.2401 0.7012 0.6714
vn -0.2362 0.7128 0.6604
vn -0.2077 0.7087 0.6743
vn -0.1756 0.7029 0.6892
vn -0.1751 0.7028 0.6895
vn -0.1731 0.7027 0.6902
vn -0.1732 0.7014 0.6914
vn -0.1038 0.7118 0.6946
vn -0.1045 0.7115 0.6949
vn -0.1047 0.7113 0.6951
vn -0.1404 0.7052 0.6950
vn -0.1396 0.7089 0.6914
vn -0.1060 0.7027 0.7035
vn -0.1060 0.7025 0.7037
vn -0.1065 0.7023 0.7038
vn -0.1708 0.7125 0.6806
vn -0.0347 0.7120 0.7013
vn -0.0349 0.7119 0.7014
vn -0.0708 0.7053 0.7054
vn -0.1027 0.7123 0.6943
vn -0.1042 0.7016 0.7049
vn -0.0705 0.7087 0.7020
vn -0.0354 0.7020 0.7113
vn -0.0354 0.7019 0.7114
vn -0.0000 0.7052 0.7090
vn -0.0341 0.7121 0.7013
vn -0.0350 0.7017 0.7116
vn -0.0000 0.7088 0.7054
vn 0.0347 0.7120 0.7013
vn 0.0349 0.7119 0.7014
vn 0.0346 0.7121 0.7012
vn 0.0708 0.7053 0.7054
vn 0.0350 0.7017 0.7116
vn 0.0353 0.7019 0.7114
vn 0.0354 0.7019 0.7114
vn 0.0354 0.7020 0.7113
vn 0.0705 0.7087 0.7020
vn 0.1405 0.7052 0.6950
vn 0.1050 0.7113 0.6950
vn 0.1045 0.7115 0.6949
vn 0.1038 0.7118 0.6946
vn 0.1027 0.7123 0.6943
vn 0.1046 0.7015 0.7050
vn 0.1059 0.7025 0.7038
vn 0.1064 0.7024 0.7038
vn 0.1060 0.7027 0.7035
vn 0.1396 0.7089 0.6914
vn 0.1731 0.7027 0.6901
vn 0.1750 0.7028 0.6895
vn 0.1756 0.7029 0.6892
vn 0.2078 0.7087 0.6743
vn 0.2093 0.7053 0.6773
vn 0.1734 0.7111 0.6814
vn 0.1730 0.7111 0.6815
vn 0.1721 0.7118 0.6810
vn 0.1708 0.7125 0.6806
vn 0.1732 0.7014 0.6914
vn 0.2418 0.7022 0.6697
vn 0.2427 0.7031 0.6683
vn 0.2436 0.7034 0.6678
vn 0.2739 0.7087 0.6502
vn 0.2753 0.7053 0.6532
vn 0.2407 0.7106 0.6612
vn 0.2401 0.7109 0.6610
vn 0.2385 0.7117 0.6608
vn 0.2363 0.7127 0.6604
vn 0.2401 0.7011 0.6714
vn 0.3041 0.7038 0.6420
vn 0.3074 0.7035 0.6408
vn 0.3083 0.7037 0.6401
vn 0.3000 0.7117 0.6352
vn 0.3047 0.7104 0.6344
vn 0.2999 0.7129 0.6340
vn 0.3376 0.7085 0.6197
vn 0.3388 0.7055 0.6225
vn 0.3055 0.7102 0.6342
vn 0.3049 0.7011 0.6446
vn 0.3709 0.7035 0.6063
vn 0.3698 0.7036 0.6068
vn 0.3705 0.7041 0.6058
vn 0.3980 0.7084 0.5829
vn 0.3988 0.7056 0.5857
vn 0.3674 0.7098 0.6010
vn 0.3664 0.7104 0.6009
vn 0.3672 0.7103 0.6005
vn 0.3667 0.7009 0.6118
vn 0.3604 0.7130 0.6014
vn 0.4247 0.7009 0.5730
vn 0.4281 0.7037 0.5670
vn 0.4266 0.7026 0.5695
vn 0.4287 0.7043 0.5658
vn 0.4537 0.7084 0.5406
vn 0.4555 0.7056 0.5427
vn 0.4256 0.7095 0.5617
vn 0.4246 0.7100 0.5618
vn 0.4216 0.7114 0.5623
vn 0.4178 0.7131 0.5630
vn 0.4807 0.7028 0.5244
vn 0.4822 0.7040 0.5214
vn 0.4826 0.7048 0.5199
vn 0.5055 0.7083 0.4928
vn 0.5071 0.7057 0.4948
vn 0.4796 0.7092 0.5168
vn 0.4784 0.7097 0.5171
vn 0.4750 0.7113 0.5181
vn 0.4709 0.7132 0.5193
vn 0.4791 0.7007 0.5286
vn 0.5347 0.7012 0.4717
vn 0.5315 0.7043 0.4707
vn 0.5315 0.7053 0.4691
vn 0.5522 0.7081 0.4401
vn 0.5540 0.7057 0.4416
vn 0.5288 0.7089 0.4667
vn 0.5277 0.7094 0.4671
vn 0.5193 0.7136 0.4703
vn 0.5288 0.7006 0.4792
vn 0.5192 0.7134 0.4706
vn 0.5949 0.7060 0.3843
vn 0.5731 0.7085 0.4119
vn 0.5717 0.7092 0.4126
vn 0.5629 0.7141 0.4163
vn 0.5743 0.7030 0.4195
vn 0.5752 0.7047 0.4155
vn 0.5755 0.7055 0.4137
vn 0.5930 0.7082 0.3832
vn 0.5628 0.7135 0.4174
vn 0.5732 0.7005 0.4251
vn 0.6302 0.7060 0.3230
vn 0.6113 0.7083 0.3530
vn 0.6100 0.7090 0.3538
vn 0.6061 0.7109 0.3566
vn 0.6129 0.7030 0.3606
vn 0.6132 0.7051 0.3562
vn 0.6135 0.7058 0.3542
vn 0.6285 0.7079 0.3222
vn 0.6124 0.7002 0.3670
vn 0.6011 0.7135 0.3601
vn 0.6591 0.7062 0.2586
vn 0.6438 0.7079 0.2905
vn 0.6453 0.7062 0.2913
vn 0.6576 0.7077 0.2581
vn 0.6331 0.7137 0.2995
vn 0.6452 0.7004 0.3052
vn 0.6812 0.7065 0.1917
vn 0.6696 0.7078 0.2250
vn 0.6711 0.7062 0.2255
vn 0.6802 0.7076 0.1914
vn 0.6595 0.7137 0.2359
vn 0.6723 0.7001 0.2405
vn 0.6969 0.7066 0.1229
vn 0.6890 0.7075 0.1572
vn 0.6899 0.7066 0.1574
vn 0.6963 0.7072 0.1226
vn 0.6926 0.7001 0.1735
vn 0.6793 0.7139 0.1702
vn 0.6935 0.7203 0.0173
vn 0.7054 0.7068 0.0529
vn 0.7016 0.7071 0.0880
vn 0.7063 0.7001 0.1048
vn 0.7020 0.7067 0.0879
vn 0.7048 0.7074 0.0528
vn 0.7206 0.6932 0.0180
vn 0.7067 0.7066 0.0347
vn 0.6928 0.7137 0.1028
vn -0.7052 0.7071 0.0528
vn -0.7014 0.7074 0.0879
vn -0.6960 0.7075 0.1227
vn -0.6893 0.7072 0.1572
vn -0.6965 0.7069 0.1230
vn -0.6710 0.7063 0.2255
vn -0.6457 0.7059 0.2912
vn -0.6721 0.7003 0.2405
vn -0.6434 0.7082 0.2906
vn -0.6593 0.7139 0.2360
vn -0.6134 0.7059 0.3542
vn -0.6135 0.7049 0.3561
vn -0.6182 0.6996 0.3583
vn -0.6008 0.7149 0.3578
vn -0.5749 0.7049 0.4155
vn -0.5744 0.7029 0.4195
vn -0.5678 0.7111 0.4147
vn -0.5716 0.7092 0.4127
vn -0.5949 0.7060 0.3843
vn -0.6008 0.7136 0.3602
vn -0.5241 0.7111 0.4687
vn -0.5276 0.7095 0.4672
vn -0.5540 0.7057 0.4416
vn -0.5316 0.7053 0.4690
vn -0.5348 0.7012 0.4715
vn -0.5734 0.7004 0.4251
vn -0.4751 0.7113 0.5181
vn -0.4793 0.7093 0.5169
vn -0.5052 0.7083 0.4929
vn -0.4825 0.7048 0.5200
vn -0.4822 0.7041 0.5213
vn -0.4849 0.7019 0.5218
vn -0.5190 0.7135 0.4707
vn -0.5285 0.7007 0.4793
vn -0.4215 0.7114 0.5623
vn -0.4244 0.7101 0.5618
vn -0.4554 0.7057 0.5428
vn -0.4536 0.7085 0.5407
vn -0.4278 0.7040 0.5669
vn -0.4268 0.7025 0.5695
vn -0.4791 0.7007 0.5287
vn -0.4706 0.7133 0.5193
vn -0.4249 0.7008 0.5730
vn -0.3993 0.7055 0.5855
vn -0.3974 0.7086 0.5831
vn -0.3703 0.7041 0.6059
vn -0.3685 0.7024 0.6089
vn -0.3025 0.7116 0.6341
vn -0.3046 0.7106 0.6342
vn -0.3054 0.7103 0.6342
vn -0.3376 0.7085 0.6197
vn -0.3668 0.7009 0.6117
vn -0.2363 0.7119 0.6614
vn -0.2401 0.7107 0.6612
vn -0.2740 0.7087 0.6501
vn -0.1734 0.7115 0.6810
vn -0.1730 0.7114 0.6812
vn -0.1733 0.7111 0.6814
vn -0.2080 0.7087 0.6742
vn -0.1756 0.7029 0.6893
vn -0.1752 0.7026 0.6897
vn -0.1757 0.7026 0.6896
vn -0.1397 0.7088 0.6915
vn -0.1062 0.7027 0.7035
vn -0.1064 0.7021 0.7041
vn -0.1029 0.7118 0.6948
vn -0.1043 0.7113 0.6952
vn -0.1048 0.7113 0.6950
vn -0.0703 0.7087 0.7020
vn -0.0352 0.7018 0.7115
vn -0.0356 0.7019 0.7114
vn -0.1044 0.7015 0.7049
vn -0.0346 0.7120 0.7013
vn -0.0352 0.7117 0.7016
vn -0.0345 0.7121 0.7013
vn -0.0353 0.7017 0.7116
vn 0.0353 0.7017 0.7116
vn 0.0352 0.7018 0.7115
vn 0.0351 0.7019 0.7114
vn 0.0703 0.7087 0.7020
vn 0.0346 0.7120 0.7013
vn 0.0345 0.7120 0.7013
vn 0.0352 0.7118 0.7015
vn 0.1064 0.7022 0.7040
vn 0.1060 0.7025 0.7037
vn 0.1062 0.7027 0.7035
vn 0.1397 0.7088 0.6915
vn 0.1029 0.7118 0.6948
vn 0.1042 0.7113 0.6952
vn 0.1043 0.7015 0.7049
vn 0.1048 0.7113 0.6950
vn 0.1756 0.7026 0.6895
vn 0.1752 0.7026 0.6897
vn 0.1756 0.7029 0.6893
vn 0.2080 0.7087 0.6742
vn 0.1733 0.7115 0.6810
vn 0.1730 0.7113 0.6812
vn 0.1735 0.7111 0.6814
vn 0.2740 0.7087 0.6501
vn 0.2363 0.7117 0.6615
vn 0.2401 0.7107 0.6612
vn 0.2362 0.7127 0.6605
vn 0.3376 0.7086 0.6197
vn 0.3025 0.7116 0.6341
vn 0.3046 0.7106 0.6342
vn 0.3054 0.7103 0.6342
vn 0.3685 0.7024 0.6089
vn 0.3703 0.7041 0.6059
vn 0.3974 0.7086 0.5831
vn 0.3994 0.7054 0.5856
vn 0.3668 0.7009 0.6117
vn 0.4249 0.7008 0.5729
vn 0.4278 0.7040 0.5670
vn 0.4268 0.7025 0.5695
vn 0.4536 0.7085 0.5406
vn 0.4214 0.7114 0.5624
vn 0.4244 0.7101 0.5618
vn 0.4175 0.7132 0.5630
vn 0.4554 0.7057 0.5427
vn 0.4791 0.7007 0.5287
vn 0.4849 0.7017 0.5220
vn 0.4751 0.7112 0.5181
vn 0.4706 0.7133 0.5193
vn 0.4825 0.7048 0.5200
vn 0.5053 0.7083 0.4929
vn 0.4795 0.7092 0.5169
vn 0.5288 0.7005 0.4792
vn 0.5315 0.7043 0.4706
vn 0.5346 0.7017 0.4710
vn 0.5241 0.7112 0.4686
vn 0.5276 0.7095 0.4672
vn 0.5190 0.7135 0.4707
vn 0.5316 0.7052 0.4691
vn 0.5517 0.7084 0.4402
vn 0.5744 0.7029 0.4194
vn 0.5749 0.7049 0.4155
vn 0.5730 0.7006 0.4251
vn 0.5678 0.7111 0.4147
vn 0.5716 0.7092 0.4127
vn 0.5729 0.7086 0.4119
vn 0.6008 0.7149 0.3577
vn 0.6008 0.7136 0.3602
vn 0.6181 0.7001 0.3576
vn 0.6135 0.7049 0.3561
vn 0.6457 0.7059 0.2912
vn 0.6591 0.7062 0.2587
vn 0.6435 0.7082 0.2906
vn 0.6710 0.7063 0.2254
vn 0.6721 0.7003 0.2405
vn 0.6960 0.7075 0.1227
vn 0.6968 0.7067 0.1229
vn 0.6891 0.7074 0.1572
vn 0.7052 0.7071 0.0528
vn 0.7015 0.7073 0.0879
vn 0.7204 0.6933 -0.0180
vn 0.7052 0.7071 -0.0528
vn 0.7017 0.7071 -0.0880
vn 0.7015 0.7072 -0.0879
vn 0.6935 0.7203 -0.0173
vn 0.6960 0.7074 -0.1228
vn 0.6898 0.7067 -0.1575
vn 0.6970 0.7065 -0.1228
vn 0.6802 0.7076 -0.1914
vn 0.6816 0.7061 -0.1917
vn 0.6926 0.7001 -0.1735
vn 0.6457 0.7059 -0.2911
vn 0.6721 0.7003 -0.2405
vn 0.6438 0.7079 -0.2904
vn 0.6589 0.7063 -0.2587
vn 0.6595 0.7137 -0.2360
vn 0.6286 0.7079 -0.3222
vn 0.6136 0.7057 -0.3542
vn 0.6133 0.7050 -0.3562
vn 0.6129 0.7031 -0.3606
vn 0.6061 0.7110 -0.3566
vn 0.6113 0.7083 -0.3530
vn 0.5751 0.7048 -0.4155
vn 0.5744 0.7029 -0.4195
vn 0.5678 0.7111 -0.4147
vn 0.5729 0.7086 -0.4119
vn 0.5949 0.7060 -0.3843
vn 0.6011 0.7135 -0.3601
vn 0.5540 0.7058 -0.4416
vn 0.5518 0.7083 -0.4402
vn 0.5316 0.7052 -0.4691
vn 0.5302 0.7029 -0.4742
vn 0.5733 0.7004 -0.4252
vn 0.4797 0.7091 -0.5168
vn 0.5055 0.7082 -0.4929
vn 0.4826 0.7048 -0.5199
vn 0.4844 0.7028 -0.5210
vn 0.5192 0.7134 -0.4706
vn 0.5287 0.7006 -0.4792
vn 0.4215 0.7113 -0.5624
vn 0.4244 0.7100 -0.5619
vn 0.4256 0.7095 -0.5617
vn 0.4555 0.7055 -0.5429
vn 0.4536 0.7085 -0.5407
vn 0.4282 0.7037 -0.5669
vn 0.4300 0.7028 -0.5667
vn 0.4792 0.7007 -0.5286
vn 0.4709 0.7132 -0.5193
vn 0.4251 0.7008 -0.5729
vn 0.3670 0.7104 -0.6005
vn 0.3662 0.7104 -0.6010
vn 0.3994 0.7054 -0.5855
vn 0.4176 0.7131 -0.5631
vn 0.3980 0.7084 -0.5829
vn 0.3705 0.7041 -0.6058
vn 0.3709 0.7034 -0.6063
vn 0.2999 0.7119 -0.6350
vn 0.3047 0.7105 -0.6344
vn 0.3055 0.7102 -0.6342
vn 0.3376 0.7085 -0.6197
vn 0.3081 0.7038 -0.6401
vn 0.3077 0.7033 -0.6409
vn 0.3089 0.7029 -0.6407
vn 0.3667 0.7009 -0.6118
vn 0.3601 0.7130 -0.6015
vn 0.2363 0.7118 -0.6615
vn 0.2401 0.7107 -0.6612
vn 0.2742 0.7087 -0.6500
vn 0.2429 0.7034 -0.6680
vn 0.2416 0.7023 -0.6697
vn 0.2087 0.7053 -0.6775
vn 0.2399 0.7013 -0.6712
vn 0.2080 0.7087 -0.6741
vn 0.1756 0.7029 -0.6893
vn 0.1753 0.7025 -0.6898
vn 0.1758 0.7023 -0.6898
vn 0.2362 0.7127 -0.6605
vn 0.1397 0.7087 -0.6916
vn 0.1060 0.7025 -0.7037
vn 0.1052 0.7020 -0.7043
vn 0.1733 0.7013 -0.6915
vn 0.1038 0.7119 -0.6946
vn 0.1045 0.7116 -0.6948
vn 0.0698 0.7088 -0.7019
vn 0.0354 0.7019 -0.7114
vn 0.1027 0.7124 -0.6943
vn 0.1046 0.7016 -0.7049
vn 0.0349 0.7119 -0.7014
vn 0.0352 0.7118 -0.7015
vn 0.0345 0.7120 -0.7013
vn 0.0353 0.7017 -0.7115
vn -0.0348 0.7018 -0.7115
vn -0.0354 0.7019 -0.7114
vn -0.0354 0.7020 -0.7113
vn -0.0698 0.7088 -0.7019
vn -0.0346 0.7120 -0.7013
vn -0.0345 0.7121 -0.7013
vn -0.0352 0.7118 -0.7015
vn -0.1052 0.7021 -0.7043
vn -0.1057 0.7023 -0.7040
vn -0.1060 0.7026 -0.7037
vn -0.1397 0.7087 -0.6916
vn -0.1038 0.7119 -0.6946
vn -0.1046 0.7116 -0.6948
vn -0.1031 0.7123 -0.6942
vn -0.1046 0.7016 -0.7049
vn -0.1758 0.7023 -0.6898
vn -0.1753 0.7025 -0.6898
vn -0.2080 0.7088 -0.6741
vn -0.1733 0.7013 -0.6915
vn -0.2087 0.7053 -0.6775
vn -0.2399 0.7013 -0.6712
vn -0.2416 0.7023 -0.6697
vn -0.2429 0.7034 -0.6680
vn -0.2742 0.7087 -0.6500
vn -0.2363 0.7117 -0.6615
vn -0.2400 0.7107 -0.6612
vn -0.2362 0.7128 -0.6604
vn -0.3086 0.7032 -0.6406
vn -0.3077 0.7033 -0.6409
vn -0.3081 0.7037 -0.6402
vn -0.3376 0.7086 -0.6197
vn -0.3000 0.7118 -0.6351
vn -0.3047 0.7104 -0.6344
vn -0.3055 0.7102 -0.6342
vn -0.3711 0.7032 -0.6064
vn -0.3702 0.7041 -0.6059
vn -0.3995 0.7054 -0.5855
vn -0.3662 0.7105 -0.6010
vn -0.3670 0.7105 -0.6004
vn -0.3667 0.7009 -0.6118
vn -0.3601 0.7131 -0.6015
vn -0.4246 0.7009 -0.5731
vn -0.4282 0.7037 -0.5669
vn -0.4303 0.7024 -0.5670
vn -0.4215 0.7114 -0.5624
vn -0.4245 0.7100 -0.5619
vn -0.4176 0.7131 -0.5631
vn -0.4555 0.7055 -0.5429
vn -0.4256 0.7095 -0.5616
vn -0.4793 0.7007 -0.5286
vn -0.4839 0.7035 -0.5205
vn -0.4784 0.7097 -0.5171
vn -0.4709 0.7132 -0.5193
vn -0.4826 0.7048 -0.5200
vn -0.5055 0.7083 -0.4928
vn -0.4797 0.7091 -0.5168
vn -0.5288 0.7006 -0.4792
vn -0.5302 0.7029 -0.4742
vn -0.5274 0.7096 -0.4673
vn -0.5192 0.7134 -0.4706
vn -0.5316 0.7052 -0.4692
vn -0.5518 0.7083 -0.4403
vn -0.5540 0.7058 -0.4416
vn -0.5744 0.7029 -0.4195
vn -0.5751 0.7048 -0.4155
vn -0.5732 0.7005 -0.4252
vn -0.5678 0.7111 -0.4147
vn -0.5716 0.7092 -0.4127
vn -0.5949 0.7060 -0.3843
vn -0.5729 0.7086 -0.4119
vn -0.6061 0.7110 -0.3566
vn -0.6011 0.7135 -0.3601
vn -0.6129 0.7031 -0.3606
vn -0.6133 0.7049 -0.3562
vn -0.6136 0.7057 -0.3542
vn -0.6283 0.7081 -0.3222
vn -0.6113 0.7083 -0.3529
vn -0.6457 0.7059 -0.2912
vn -0.6592 0.7061 -0.2587
vn -0.6438 0.7079 -0.2905
vn -0.6710 0.7063 -0.2254
vn -0.6802 0.7076 -0.1914
vn -0.6814 0.7064 -0.1917
vn -0.6595 0.7137 -0.2360
vn -0.6721 0.7003 -0.2405
vn -0.6896 0.7069 -0.1576
vn -0.6961 0.7073 -0.1227
vn -0.6967 0.7067 -0.1229
vn -0.6926 0.7001 -0.1735
vn -0.7019 0.7068 -0.0880
vn -0.7052 0.7071 -0.0528
vn -0.7206 0.6932 -0.0180
vn -0.6935 0.7203 -0.0173
vn -0.7017 0.7070 -0.0878
vn -0.9997 -0.0000 0.0250
vn -0.9972 -0.0000 0.0748
vn -0.9848 -0.0000 0.1735
vn -0.9749 -0.0000 0.2224
vn -0.9626 -0.0000 0.2711
vn -0.9479 -0.0000 0.3185
vn -0.9310 -0.0000 0.3651
vn -0.9309 -0.0000 0.3653
vn -0.9113 -0.0000 0.4117
vn -0.9115 -0.0000 0.4114
vn -0.9117 -0.0000 0.4110
vn -0.9117 -0.0000 0.4109
vn -0.8899 -0.0000 0.4561
vn -0.8662 -0.0000 0.4996
vn -0.8659 -0.0000 0.5002
vn -0.8400 -0.0000 0.5426
vn -0.7817 -0.0000 0.6237
vn -0.7819 -0.0000 0.6234
vn -0.7819 -0.0000 0.6233
vn -0.7497 -0.0000 0.6618
vn -0.7496 -0.0000 0.6618
vn -0.7499 -0.0000 0.6615
vn -0.7496 -0.0000 0.6619
vn -0.7160 -0.0000 0.6981
vn -0.6430 -0.0000 0.7659
vn -0.6429 -0.0000 0.7660
vn -0.6428 -0.0000 0.7661
vn -0.6425 -0.0000 0.7663
vn -0.6038 -0.0000 0.7972
vn -0.6034 -0.0000 0.7975
vn -0.5633 -0.0000 0.8262
vn -0.5211 -0.0000 0.8535
vn -0.5216 -0.0000 0.8532
vn -0.4781 -0.0000 0.8783
vn -0.4338 -0.0000 0.9010
vn -0.3887 -0.0000 0.9214
vn -0.3883 -0.0000 0.9215
vn -0.3882 -0.0000 0.9216
vn -0.3888 -0.0000 0.9213
vn -0.3420 -0.0000 0.9397
vn -0.2948 -0.0000 0.9556
vn -0.2950 -0.0000 0.9555
vn -0.2470 -0.0000 0.9690
vn -0.2464 -0.0000 0.9692
vn -0.2467 -0.0000 0.9691
vn -0.1983 -0.0000 0.9801
vn -0.1489 -0.0000 0.9889
vn -0.0994 -0.0000 0.9950
vn -0.0502 -0.0000 0.9987
vn -0.0499 -0.0000 0.9988
vn -0.0500 -0.0000 0.9988
vn 0.0500 -0.0000 0.9988
vn 0.0499 -0.0000 0.9988
vn 0.0502 -0.0000 0.9987
vn 0.0994 -0.0000 0.9950
vn 0.1489 -0.0000 0.9889
vn 0.1983 -0.0000 0.9801
vn 0.2467 -0.0000 0.9691
vn 0.2464 -0.0000 0.9692
vn 0.2470 -0.0000 0.9690
vn 0.2948 -0.0000 0.9556
vn 0.2950 -0.0000 0.9555
vn 0.3420 -0.0000 0.9397
vn 0.3888 -0.0000 0.9213
vn 0.3882 -0.0000 0.9216
vn 0.3883 -0.0000 0.9215
vn 0.3887 -0.0000 0.9214
vn 0.4338 -0.0000 0.9010
vn 0.5216 -0.0000 0.8532
vn 0.5214 -0.0000 0.8533
vn 0.5215 -0.0000 0.8532
vn 0.5634 -0.0000 0.8262
vn 0.5633 -0.0000 0.8262
vn 0.6038 -0.0000 0.7972
vn 0.6034 -0.0000 0.7975
vn 0.6425 -0.0000 0.7663
vn 0.6429 -0.0000 0.7660
vn 0.6428 -0.0000 0.7661
vn 0.6802 -0.0000 0.7331
vn 0.7160 -0.0000 0.6981
vn 0.7496 -0.0000 0.6619
vn 0.7499 -0.0000 0.6616
vn 0.7819 -0.0000 0.6234
vn 0.7817 -0.0000 0.6237
vn 0.7819 -0.0000 0.6233
vn 0.8119 -0.0000 0.5839
vn 0.8121 -0.0000 0.5836
vn 0.8400 -0.0000 0.5426
vn 0.8659 -0.0000 0.5002
vn 0.8662 -0.0000 0.4997
vn 0.8899 -0.0000 0.4562
vn 0.8898 -0.0000 0.4564
vn 0.9117 -0.0000 0.4110
vn 0.9113 -0.0000 0.4117
vn 0.9117 -0.0000 0.4109
vn 0.9310 -0.0000 0.3651
vn 0.9309 -0.0000 0.3653
vn 0.9479 -0.0000 0.3186
vn 0.9626 -0.0000 0.2710
vn 0.9749 -0.0000 0.2224
vn 0.9848 -0.0000 0.1735
vn 0.9922 -0.0000 0.1244
vn 0.9972 -0.0000 0.0748
vn -0.7189 0.6949 0.0179
vn -0.7050 0.7072 0.0529
vn -0.7021 0.7067 0.0879
vn -0.6944 0.7194 0.0173
vn -0.7053 0.7069 0.0528
vn -0.7014 0.7073 0.0879
vn -0.7067 0.7067 0.0347
vn -0.7066 0.7067 0.0347
vn -0.7065 0.7069 0.0348
vn -0.6963 0.7072 0.1228
vn -0.6898 0.7067 0.1573
vn -0.6994 0.7071 0.1037
vn -0.7049 0.7016 0.1044
vn -0.7053 0.7011 0.1047
vn -0.6931 0.7134 0.1028
vn -0.7003 0.7063 0.1039
vn -0.6937 0.7129 0.1031
vn -0.6890 0.7074 0.1573
vn -0.6860 0.7071 0.1718
vn -0.6914 0.7015 0.1731
vn -0.6919 0.7009 0.1733
vn -0.6801 0.7077 0.1914
vn -0.6711 0.7062 0.2254
vn -0.6697 0.7077 0.2250
vn -0.6867 0.7063 0.1720
vn -0.6798 0.7134 0.1703
vn -0.6803 0.7128 0.1704
vn -0.6658 0.7071 0.2382
vn -0.6711 0.7015 0.2400
vn -0.6714 0.7010 0.2403
vn -0.6455 0.7060 0.2913
vn -0.6590 0.7063 0.2587
vn -0.6438 0.7079 0.2905
vn -0.6665 0.7063 0.2385
vn -0.6597 0.7135 0.2361
vn -0.6603 0.7128 0.2364
vn -0.6392 0.7071 0.3024
vn -0.6443 0.7015 0.3046
vn -0.6446 0.7011 0.3049
vn -0.6288 0.7077 0.3222
vn -0.6136 0.7057 0.3541
vn -0.6107 0.7065 0.3577
vn -0.6106 0.7022 0.3661
vn -0.6301 0.7061 0.3231
vn -0.6063 0.7107 0.3567
vn -0.6084 0.7100 0.3545
vn -0.6113 0.7083 0.3531
vn -0.6399 0.7063 0.3028
vn -0.6336 0.7133 0.2996
vn -0.6340 0.7127 0.3001
vn -0.6113 0.7015 0.3663
vn -0.5932 0.7080 0.3832
vn -0.5751 0.7057 0.4137
vn -0.5726 0.7062 0.4164
vn -0.5742 0.7003 0.4240
vn -0.5951 0.7059 0.3842
vn -0.5631 0.7137 0.4166
vn -0.5701 0.7104 0.4128
vn -0.5732 0.7084 0.4119
vn -0.6072 0.7063 0.3639
vn -0.5723 0.7016 0.4245
vn -0.5521 0.7080 0.4403
vn -0.5313 0.7054 0.4691
vn -0.5288 0.7061 0.4710
vn -0.5286 0.7012 0.4784
vn -0.5535 0.7060 0.4419
vn -0.5197 0.7139 0.4693
vn -0.5263 0.7104 0.4672
vn -0.5291 0.7086 0.4667
vn -0.5685 0.7064 0.4217
vn -0.5277 0.7017 0.4788
vn -0.5050 0.7084 0.4931
vn -0.4825 0.7050 0.5197
vn -0.4798 0.7060 0.5210
vn -0.4775 0.7028 0.5273
vn -0.5074 0.7057 0.4945
vn -0.4753 0.7110 0.5182
vn -0.4769 0.7109 0.5168
vn -0.4795 0.7091 0.5169
vn -0.5246 0.7065 0.4751
vn -0.4787 0.7018 0.5275
vn -0.4536 0.7083 0.5408
vn -0.4285 0.7046 0.5656
vn -0.4260 0.7058 0.5660
vn -0.4238 0.7025 0.5718
vn -0.4553 0.7057 0.5428
vn -0.4179 0.7124 0.5637
vn -0.4232 0.7111 0.5615
vn -0.4256 0.7094 0.5618
vn -0.4752 0.7064 0.5246
vn -0.4243 0.7018 0.5722
vn -0.3979 0.7083 0.5831
vn -0.3697 0.7046 0.6057
vn -0.3683 0.7056 0.6054
vn -0.3688 0.7006 0.6109
vn -0.3673 0.7102 0.6006
vn -0.3655 0.7110 0.6007
vn -0.3671 0.7097 0.6012
vn -0.4216 0.7064 0.5685
vn -0.3647 0.7022 0.6115
vn -0.3376 0.7083 0.6199
vn -0.3082 0.7041 0.6398
vn -0.3075 0.7031 0.6412
vn -0.3042 0.7023 0.6436
vn -0.3393 0.7054 0.6223
vn -0.3028 0.7113 0.6343
vn -0.3061 0.7082 0.6362
vn -0.3056 0.7100 0.6344
vn -0.3638 0.7065 0.6070
vn -0.3023 0.7069 0.6394
vn -0.2739 0.7085 0.6504
vn -0.2430 0.7038 0.6676
vn -0.2426 0.7049 0.6665
vn -0.2399 0.7021 0.6704
vn -0.2754 0.7054 0.6531
vn -0.2386 0.7114 0.6610
vn -0.2394 0.7115 0.6607
vn -0.2408 0.7104 0.6613
vn -0.3000 0.7123 0.6345
vn -0.2400 0.7022 0.6704
vn -0.2082 0.7085 0.6743
vn -0.1756 0.7033 0.6888
vn -0.1747 0.7027 0.6897
vn -0.1727 0.7027 0.6902
vn -0.2087 0.7054 0.6774
vn -0.1705 0.7118 0.6813
vn -0.1754 0.7094 0.6826
vn -0.1739 0.7107 0.6816
vn -0.2385 0.7064 0.6664
vn -0.1721 0.7068 0.6862
vn -0.1398 0.7086 0.6917
vn -0.1060 0.7031 0.7032
vn -0.1066 0.7031 0.7031
vn -0.1053 0.7026 0.7037
vn -0.1707 0.7121 0.6810
vn -0.1401 0.7054 0.6948
vn -0.1040 0.7116 0.6949
vn -0.1041 0.7116 0.6949
vn -0.1050 0.7111 0.6952
vn -0.1034 0.7026 0.7041
vn -0.0702 0.7085 0.7022
vn -0.0354 0.7027 0.7106
vn -0.0365 0.7030 0.7103
vn -0.0356 0.7024 0.7109
vn -0.1037 0.7066 0.7000
vn -0.0707 0.7053 0.7054
vn -0.0347 0.7117 0.7016
vn -0.0349 0.7116 0.7017
vn -0.0353 0.7115 0.7018
vn -0.0349 0.7025 0.7108
vn -0.0000 0.7085 0.7057
vn -0.0000 0.7054 0.7088
vn -0.0349 0.7066 0.7067
vn 0.0347 0.7069 0.7065
vn 0.0354 0.7026 0.7107
vn 0.0356 0.7024 0.7108
vn 0.0354 0.7027 0.7106
vn 0.0702 0.7085 0.7022
vn 0.0353 0.7115 0.7018
vn 0.0360 0.7113 0.7019
vn 0.0347 0.7117 0.7016
vn 0.0707 0.7053 0.7054
vn 0.0358 0.7115 0.7018
vn 0.1034 0.7068 0.6998
vn 0.1054 0.7026 0.7037
vn 0.1053 0.7026 0.7037
vn 0.1060 0.7031 0.7032
vn 0.1398 0.7085 0.6917
vn 0.1038 0.7091 0.6975
vn 0.1050 0.7111 0.6952
vn 0.1040 0.7116 0.6949
vn 0.1401 0.7054 0.6948
vn 0.1030 0.7118 0.6948
vn 0.1728 0.7026 0.6903
vn 0.1746 0.7027 0.6897
vn 0.1753 0.7034 0.6889
vn 0.2082 0.7085 0.6743
vn 0.1721 0.7068 0.6862
vn 0.1739 0.7108 0.6816
vn 0.1754 0.7093 0.6827
vn 0.1706 0.7115 0.6816
vn 0.2091 0.7054 0.6773
vn 0.1708 0.7121 0.6810
vn 0.2396 0.7024 0.6703
vn 0.2423 0.7028 0.6689
vn 0.2430 0.7037 0.6676
vn 0.2739 0.7085 0.6504
vn 0.2382 0.7068 0.6661
vn 0.2376 0.7121 0.6607
vn 0.2419 0.7085 0.6629
vn 0.2408 0.7104 0.6613
vn 0.2386 0.7114 0.6610
vn 0.2751 0.7055 0.6532
vn 0.3044 0.7022 0.6437
vn 0.3075 0.7030 0.6412
vn 0.3082 0.7041 0.6398
vn 0.3373 0.7084 0.6200
vn 0.3023 0.7069 0.6394
vn 0.3000 0.7123 0.6345
vn 0.3061 0.7082 0.6362
vn 0.3056 0.7100 0.6344
vn 0.3028 0.7113 0.6343
vn 0.3389 0.7055 0.6224
vn 0.3633 0.7069 0.6069
vn 0.3695 0.7032 0.6074
vn 0.3690 0.7005 0.6108
vn 0.3702 0.7044 0.6056
vn 0.3979 0.7083 0.5831
vn 0.3674 0.7079 0.6032
vn 0.3608 0.7124 0.6019
vn 0.3672 0.7097 0.6012
vn 0.3992 0.7055 0.5855
vn 0.4235 0.7027 0.5717
vn 0.4276 0.7035 0.5677
vn 0.4285 0.7046 0.5657
vn 0.4536 0.7083 0.5408
vn 0.4213 0.7069 0.5681
vn 0.4179 0.7125 0.5636
vn 0.4253 0.7076 0.5643
vn 0.4256 0.7094 0.5618
vn 0.4179 0.7128 0.5633
vn 0.4553 0.7057 0.5428
vn 0.4775 0.7027 0.5274
vn 0.4798 0.7060 0.5210
vn 0.4828 0.7049 0.5196
vn 0.5055 0.7081 0.4929
vn 0.4788 0.7018 0.5275
vn 0.4752 0.7064 0.5245
vn 0.4795 0.7091 0.5169
vn 0.4769 0.7109 0.5168
vn 0.4753 0.7110 0.5182
vn 0.5074 0.7057 0.4945
vn 0.5285 0.7013 0.4784
vn 0.5309 0.7039 0.4719
vn 0.5313 0.7054 0.4692
vn 0.5521 0.7080 0.4403
vn 0.5240 0.7069 0.4751
vn 0.5291 0.7087 0.4667
vn 0.5281 0.7072 0.4701
vn 0.5196 0.7128 0.4711
vn 0.5535 0.7060 0.4418
vn 0.5196 0.7127 0.4712
vn 0.5685 0.7064 0.4216
vn 0.5726 0.7062 0.4164
vn 0.5723 0.7016 0.4245
vn 0.5741 0.7004 0.4241
vn 0.5752 0.7057 0.4136
vn 0.5932 0.7080 0.3832
vn 0.5701 0.7104 0.4128
vn 0.5732 0.7084 0.4119
vn 0.5631 0.7136 0.4168
vn 0.5951 0.7059 0.3842
vn 0.6107 0.7022 0.3661
vn 0.6131 0.7044 0.3577
vn 0.6134 0.7059 0.3542
vn 0.6288 0.7077 0.3222
vn 0.6066 0.7070 0.3636
vn 0.6063 0.7108 0.3566
vn 0.6105 0.7068 0.3573
vn 0.6014 0.7128 0.3607
vn 0.6115 0.7081 0.3530
vn 0.6301 0.7061 0.3231
vn 0.6399 0.7063 0.3028
vn 0.6392 0.7071 0.3023
vn 0.6443 0.7015 0.3046
vn 0.6577 0.7077 0.2580
vn 0.6446 0.7011 0.3049
vn 0.6340 0.7127 0.3001
vn 0.6590 0.7063 0.2587
vn 0.6336 0.7133 0.2996
vn 0.6711 0.7062 0.2254
vn 0.6659 0.7070 0.2383
vn 0.6709 0.7015 0.2403
vn 0.6714 0.7011 0.2403
vn 0.6597 0.7135 0.2361
vn 0.6666 0.7062 0.2385
vn 0.6603 0.7130 0.2360
vn 0.6697 0.7077 0.2250
vn 0.6897 0.7067 0.1575
vn 0.6962 0.7073 0.1226
vn 0.6860 0.7070 0.1719
vn 0.6913 0.7015 0.1732
vn 0.6918 0.7009 0.1733
vn 0.6801 0.7130 0.1705
vn 0.6868 0.7062 0.1721
vn 0.6798 0.7134 0.1702
vn 0.6891 0.7074 0.1573
vn 0.6969 0.7066 0.1230
vn 0.7049 0.7016 0.1045
vn 0.6994 0.7071 0.1037
vn 0.7053 0.7011 0.1047
vn 0.7020 0.7067 0.0880
vn 0.7050 0.7072 0.0528
vn 0.7189 0.6949 0.0179
vn 0.7003 0.7063 0.1039
vn 0.7066 0.7067 0.0347
vn 0.7065 0.7069 0.0347
vn 0.6937 0.7129 0.1030
vn 0.7014 0.7073 0.0879
vn 0.7053 0.7069 0.0528
vn 0.6944 0.7194 0.0173
vn 0.6932 0.7134 0.1028
vn -0.0000 -0.0252 0.9997
vn -0.0000 -0.0742 0.9972
vn -0.0000 -0.1247 0.9922
vn -0.0000 -0.1737 0.9848
vn -0.0000 -0.2226 0.9749
vn -0.0000 -0.2709 0.9626
vn -0.0000 -0.2708 0.9626
vn -0.0000 -0.3183 0.9480
vn -0.0000 -0.3656 0.9308
vn -0.0000 -0.3657 0.9307
vn -0.0000 -0.4109 0.9117
vn -0.0000 -0.4561 0.8899
vn -0.0000 -0.4559 0.8900
vn -0.0000 -0.5002 0.8659
vn -0.0000 -0.5425 0.8400
vn -0.0000 -0.5424 0.8401
vn -0.0000 -0.5838 0.8119
vn -0.0000 -0.5837 0.8120
vn -0.0000 -0.6235 0.7818
vn -0.0000 -0.6617 0.7497
vn -0.0000 -0.6983 0.7158
vn -0.0000 -0.7330 0.6802
vn -0.0000 -0.7329 0.6803
vn -0.0000 -0.7331 0.6801
vn -0.0000 -0.7659 0.6430
vn -0.0000 -0.7660 0.6428
vn -0.0000 -0.7971 0.6039
vn -0.0000 -0.7972 0.6037
vn -0.0000 -0.8261 0.5635
vn -0.0000 -0.8263 0.5633
vn -0.0000 -0.8532 0.5215
vn -0.0000 -0.8782 0.4783
vn -0.0000 -0.8783 0.4781
vn -0.0000 -0.9010 0.4338
vn -0.0000 -0.8781 0.4785
vn -0.0000 -0.9215 0.3884
vn -0.0000 -0.9214 0.3887
vn -0.0000 -0.9215 0.3885
vn -0.0000 -0.9397 0.3421
vn -0.0000 -0.9397 0.3419
vn -0.0000 -0.9398 0.3417
vn -0.0000 -0.9556 0.2948
vn -0.0000 -0.9690 0.2470
vn -0.0000 -0.9802 0.1981
vn -0.0000 -0.9889 0.1489
vn -0.0000 -0.9888 0.1489
vn -0.0000 -0.9951 0.0994
vn -0.0000 -0.9950 0.0996
vn -0.0000 -0.9988 0.0499
vn -0.0000 -0.9988 0.0496
vn -0.0000 -0.9988 -0.0497
vn -0.0000 -0.9988 -0.0500
vn -0.0000 -0.9950 -0.0996
vn -0.0000 -0.9888 -0.1492
vn -0.0000 -0.9888 -0.1489
vn -0.0000 -0.9889 -0.1487
vn -0.0000 -0.9889 -0.1489
vn -0.0000 -0.9802 -0.1981
vn -0.0000 -0.9690 -0.2470
vn -0.0000 -0.9556 -0.2948
vn -0.0000 -0.9214 -0.3887
vn -0.0000 -0.9215 -0.3885
vn -0.0000 -0.9398 -0.3417
vn -0.0000 -0.9397 -0.3419
vn -0.0000 -0.9397 -0.3421
vn -0.0000 -0.9215 -0.3884
vn -0.0000 -0.9010 -0.4338
vn -0.0000 -0.8781 -0.4784
vn -0.0000 -0.8782 -0.4783
vn -0.0000 -0.8532 -0.5215
vn -0.0000 -0.8263 -0.5633
vn -0.0000 -0.8261 -0.5635
vn -0.0000 -0.7972 -0.6037
vn -0.0000 -0.7971 -0.6039
vn -0.0000 -0.7660 -0.6428
vn -0.0000 -0.7659 -0.6430
vn -0.0000 -0.7329 -0.6803
vn -0.0000 -0.7330 -0.6802
vn -0.0000 -0.7331 -0.6801
vn -0.0000 -0.6983 -0.7158
vn -0.0000 -0.6617 -0.7497
vn -0.0000 -0.6235 -0.7818
vn -0.0000 -0.5837 -0.8120
vn -0.0000 -0.5838 -0.8119
vn -0.0000 -0.5424 -0.8401
vn -0.0000 -0.5425 -0.8400
vn -0.0000 -0.5002 -0.8659
vn -0.0000 -0.4559 -0.8900
vn -0.0000 -0.4561 -0.8899
vn -0.0000 -0.4109 -0.9117
vn -0.0000 -0.3657 -0.9307
vn -0.0000 -0.3656 -0.9308
vn -0.0000 -0.3183 -0.9480
vn -0.0000 -0.2708 -0.9626
vn -0.0000 -0.2709 -0.9626
vn -0.0000 -0.2226 -0.9749
vn -0.0000 -0.1737 -0.9848
vn -0.0000 -0.0742 -0.9972
vn -0.0000 -0.1247 -0.9922
vn -0.0000 -0.0252 -0.9997
vn -0.0000 -0.3182 0.9480
vn -0.0000 -0.5004 0.8658
vn -0.0000 -0.6234 0.7819
vn -0.0000 -0.6982 0.7159
vn -0.0000 -0.9011 0.4336
vn -0.0000 -0.9009 0.4340
vn -0.0000 -0.9691 0.2467
vn -0.0000 -0.9801 0.1984
vn -0.0000 -0.9801 -0.1984
vn -0.0000 -0.9691 -0.2467
vn -0.0000 -0.9009 -0.4340
vn -0.0000 -0.9011 -0.4336
vn -0.0000 -0.6985 -0.7157
vn -0.0000 -0.6234 -0.7819
vn -0.0000 -0.5004 -0.8658
vn -0.0000 -0.5003 -0.8658
vn -0.0000 -0.3182 -0.9480
vn -0.0000 -0.4560 -0.8900
vn -0.0000 -0.5837 -0.8119
vn -0.0000 -0.6618 -0.7497
vn -0.0000 -0.6617 -0.7498
vn -0.0000 -0.6984 -0.7157
vn -0.0000 -0.7659 -0.6429
vn -0.0000 -0.8262 -0.5634
vn -0.0000 -0.8262 -0.5633
vn -0.0000 -0.8533 -0.5214
vn -0.0000 -0.8532 -0.5216
vn -0.0000 -0.8782 -0.4782
vn -0.0000 -0.9010 -0.4337
vn -0.0000 -0.9214 -0.3886
vn -0.0000 -0.9398 -0.3418
vn -0.0000 -0.9555 -0.2948
vn -0.0000 -0.9556 -0.2947
vn -0.0000 -0.9888 -0.1490
vn -0.0000 -0.9950 -0.0995
vn -0.0000 -0.9951 -0.0994
vn -0.0000 -0.9950 -0.0997
vn -0.0000 -0.9988 -0.0498
vn -0.0000 -0.9988 0.0497
vn -0.0000 -0.9950 0.0998
vn -0.0000 -0.9888 0.1490
vn -0.0000 -0.9556 0.2947
vn -0.0000 -0.9555 0.2948
vn -0.0000 -0.9398 0.3418
vn -0.0000 -0.9214 0.3886
vn -0.0000 -0.8782 0.4782
vn -0.0000 -0.9010 0.4337
vn -0.0000 -0.8532 0.5216
vn -0.0000 -0.8533 0.5214
vn -0.0000 -0.8262 0.5633
vn -0.0000 -0.8262 0.5634
vn -0.0000 -0.7659 0.6429
vn -0.0000 -0.6984 0.7157
vn -0.0000 -0.6617 0.7498
vn -0.0000 -0.6618 0.7497
vn -0.0000 -0.5837 0.8119
vn -0.0000 -0.4560 0.8900
vn -0.0000 -0.5003 0.8658
vn -1.0000 -0.0002 -0.0000
vn -1.0000 0.0002 -0.0000
vn -1.0000 -0.0003 -0.0000
vn -1.0000 0.0004 -0.0000
vn 1.0000 -0.0003 -0.0000
vn 1.0000 -0.0001 -0.0000
vn 1.0000 0.0002 -0.0000
vn 1.0000 -0.0002 -0.0000
vn 1.0000 0.0003 -0.0000
vn 1.0000 0.0004 -0.0000
vn -0.0000 0.8150 0.5794
vn -0.0000 0.6528 0.7576
vn -0.0000 0.4524 0.8918
vn -0.0000 0.2258 0.9742
vn -0.0000 -0.0138 0.9999
vn -0.0000 -0.2527 0.9675
vn -0.0000 -0.4770 0.8789
vn -0.0000 -0.6734 0.7393
vn -0.0000 -0.8308 0.5566
vn -0.0000 -0.9943 0.1068
vn -0.0000 -0.9398 0.3416
vn -0.0000 -0.9909 -0.1342
vn -0.0000 -0.9300 -0.3675
vn -0.0000 0.8340 0.5517
vn -0.0000 0.7255 0.6882
vn -0.0000 0.5951 0.8037
vn -0.0000 0.4464 0.8948
vn -0.0000 0.2843 0.9587
vn -0.0000 0.1135 0.9935
vn -0.0000 -0.0608 0.9982
vn -0.0000 -0.2331 0.9724
vn -0.0000 -0.3985 0.9172
vn -0.0000 -0.5517 0.8340
vn -0.0000 -0.6881 0.7256
vn -0.0000 -0.8037 0.5950
vn -0.0000 -0.8948 0.4465
vn -0.0000 -0.9587 0.2843
vn -0.0000 -0.9935 0.1135
vn -0.0000 -0.9982 -0.0608
vn -0.0000 -0.9724 -0.2332
vn -0.0000 -0.9172 -0.3985
vn -0.0000 -0.8340 -0.5517
vn -0.0000 -0.7255 -0.6882
vn -0.0000 -0.5951 -0.8037
vn -0.0000 -0.4464 -0.8948
vn -0.0000 -0.1135 -0.9935
vn -0.0000 -0.2843 -0.9587
vn -0.0000 0.0608 -0.9982
vn -0.0000 0.2331 -0.9724
vn -0.0000 0.5517 -0.8340
vn -0.0000 0.3985 -0.9172
vn -0.0000 0.6881 -0.7256
vn -0.0000 0.8037 -0.5951
vn -0.0000 0.8948 -0.4464
vn -0.0000 0.9587 -0.2843
vn -0.0000 0.9935 -0.1135
vn -0.0000 0.9982 0.0608
vn -0.0000 0.9724 0.2332
vn -0.0000 0.9172 0.3985
vn -0.0000 -0.8150 -0.5794
vn -0.0000 -0.6528 -0.7576
vn -0.0000 -0.4524 -0.8918
vn -0.0000 -0.2258 -0.9742
vn -0.0000 0.0138 -0.9999
vn -0.0000 0.2527 -0.9676
vn -0.0000 0.4770 -0.8789
vn -0.0000 0.6734 -0.7393
vn -0.0000 0.9398 -0.3416
vn -0.0000 0.8308 -0.5566
vn -0.0000 0.9909 0.1342
vn -0.0000 0.9910 0.1342
vn -0.0000 0.9943 -0.1068
vn -0.0000 0.9300 0.3675
vn -0.0000 0.1218 -0.9926
vn -0.0000 0.3558 -0.9345
vn -0.0000 0.3559 -0.9345
vn -0.0000 0.5692 -0.8222
vn -0.0000 0.5691 -0.8222
vn -0.0000 0.7494 -0.6621
vn -0.0000 0.8861 -0.4635
vn -0.0000 0.9713 -0.2380
vn -0.0000 1.0000 0.0013
vn -0.0000 0.9706 0.2406
vn -0.0000 0.8848 0.4659
vn -0.0000 0.8849 0.4659
vn -0.0000 0.5669 0.8238
vn -0.0000 0.7476 0.6641
vn -0.0000 0.3534 0.9355
vn -0.0000 0.1191 0.9929
vn -0.0000 0.0884 -0.9961
vn -0.0000 0.2601 -0.9656
vn -0.0000 0.4238 -0.9057
vn -0.0000 0.5747 -0.8184
vn -0.0000 0.5747 -0.8183
vn -0.0000 0.7080 -0.7062
vn -0.0000 0.8199 -0.5725
vn -0.0000 0.9069 -0.4214
vn -0.0000 0.9663 -0.2575
vn -0.0000 0.9963 -0.0858
vn -0.0000 0.9961 0.0885
vn -0.0000 0.9656 0.2601
vn -0.0000 0.9057 0.4238
vn -0.0000 0.9057 0.4239
vn -0.0000 0.8184 0.5747
vn -0.0000 0.7062 0.7080
vn -0.0000 0.5725 0.8199
vn -0.0000 0.4214 0.9069
vn -0.0000 0.2576 0.9663
vn -0.0000 0.0858 0.9963
vn -0.0000 -0.0884 0.9961
vn -0.0000 -0.2601 0.9656
vn -0.0000 -0.4239 0.9057
vn -0.0000 -0.5747 0.8184
vn -0.0000 -0.8199 0.5725
vn -0.0000 -0.7080 0.7062
vn -0.0000 -0.9069 0.4214
vn -0.0000 -0.9663 0.2575
vn -0.0000 -0.9961 -0.0885
vn -0.0000 -0.9963 0.0858
vn -0.0000 -0.9656 -0.2601
vn -0.0000 -0.9057 -0.4238
vn -0.0000 -0.8184 -0.5746
vn -0.0000 -0.8184 -0.5747
vn -0.0000 -0.7061 -0.7081
vn -0.0000 -0.5725 -0.8199
vn -0.0000 -0.4214 -0.9069
vn -0.0000 -0.2575 -0.9663
vn -0.0000 -0.0858 -0.9963
vn -0.0000 -0.1218 0.9926
vn -0.0000 -0.3559 0.9345
vn -0.0000 -0.3558 0.9345
vn -0.0000 -0.5692 0.8222
vn -0.0000 -0.5691 0.8222
vn -0.0000 -0.7494 0.6621
vn -0.0000 -0.8861 0.4635
vn -0.0000 -0.9713 0.2380
vn -0.0000 -1.0000 -0.0013
vn -0.0000 -0.9706 -0.2406
vn -0.0000 -0.7476 -0.6641
vn -0.0000 -0.8848 -0.4659
vn -0.0000 -0.8849 -0.4659
vn -0.0000 -0.3534 -0.9355
vn -0.0000 -0.5669 -0.8238
vn -0.0000 -0.1191 -0.9929
vn -0.0000 0.6704 -0.7420
vn -0.0000 0.4733 -0.8809
vn -0.0000 0.2487 -0.9686
vn -0.0000 0.0097 -1.0000
vn -0.0000 -0.2299 -0.9732
vn -0.0000 -0.6558 -0.7549
vn -0.0000 -0.8174 -0.5761
vn -0.0000 -0.9315 -0.3637
vn -0.0000 -0.9938 0.1109
vn -0.0000 -0.9915 -0.1302
vn -0.0000 -0.9384 0.3455
vn -0.0000 -0.8285 0.5600
vn -0.0000 0.6949 -0.7191
vn -0.0000 0.5595 -0.8289
vn -0.0000 0.5595 -0.8288
vn -0.0000 0.4071 -0.9134
vn -0.0000 0.2422 -0.9702
vn -0.0000 0.0701 -0.9975
vn -0.0000 -0.1042 -0.9946
vn -0.0000 -0.2754 -0.9613
vn -0.0000 -0.4380 -0.8990
vn -0.0000 -0.5875 -0.8092
vn -0.0000 -0.7191 -0.6949
vn -0.0000 -0.8289 -0.5595
vn -0.0000 -0.9134 -0.4070
vn -0.0000 -0.9134 -0.4071
vn -0.0000 -0.9702 -0.2423
vn -0.0000 -0.9975 -0.0701
vn -0.0000 -0.9946 0.1042
vn -0.0000 -0.9614 0.2753
vn -0.0000 -0.9613 0.2753
vn -0.0000 -0.8989 0.4381
vn -0.0000 -0.8092 0.5875
vn -0.0000 -0.6949 0.7191
vn -0.0000 -0.5595 0.8289
vn -0.0000 -0.5595 0.8288
vn -0.0000 -0.4070 0.9134
vn -0.0000 -0.2423 0.9702
vn -0.0000 0.1041 0.9946
vn -0.0000 -0.0700 0.9975
vn -0.0000 0.2754 0.9613
vn -0.0000 0.4380 0.8990
vn -0.0000 0.7191 0.6949
vn -0.0000 0.5875 0.8092
vn -0.0000 0.8289 0.5595
vn -0.0000 0.9134 0.4070
vn -0.0000 0.9134 0.4071
vn -0.0000 0.9702 0.2423
vn -0.0000 0.9975 0.0701
vn -0.0000 0.9946 -0.1042
vn -0.0000 0.9614 -0.2753
vn -0.0000 0.9613 -0.2753
vn -0.0000 0.8989 -0.4381
vn -0.0000 0.8092 -0.5875
vn -0.0000 -0.6704 0.7420
vn -0.0000 -0.4733 0.8809
vn -0.0000 -0.2487 0.9686
vn -0.0000 -0.0096 1.0000
vn -0.0000 0.2298 0.9732
vn -0.0000 0.6558 0.7549
vn -0.0000 0.8174 0.5761
vn -0.0000 0.9915 0.1302
vn -0.0000 0.9315 0.3637
vn -0.0000 0.9384 -0.3455
vn -0.0000 0.9938 -0.1109
vn -0.0000 0.8285 -0.5600
vn -0.0000 0.4293 -0.9032
vn -0.0000 0.2005 -0.9797
vn -0.0000 -0.0397 -0.9992
vn -0.0000 -0.2777 -0.9607
vn -0.0000 -0.4995 -0.8663
vn -0.0000 -0.6923 -0.7216
vn -0.0000 -0.8449 -0.5349
vn -0.0000 -0.8449 -0.5350
vn -0.0000 -0.9484 -0.3172
vn -0.0000 -0.9967 -0.0810
vn -0.0000 -0.9202 0.3915
vn -0.0000 -0.9871 0.1599
vn -0.0000 -0.7998 0.6003
vn -0.0000 -0.6328 0.7743
vn -0.0000 0.4593 -0.8883
vn -0.0000 0.2980 -0.9546
vn -0.0000 0.1277 -0.9918
vn -0.0000 -0.0464 -0.9989
vn -0.0000 -0.2192 -0.9757
vn -0.0000 -0.3853 -0.9228
vn -0.0000 -0.5397 -0.8419
vn -0.0000 -0.6777 -0.7354
vn -0.0000 -0.7951 -0.6065
vn -0.0000 -0.8883 -0.4592
vn -0.0000 -0.9546 -0.2980
vn -0.0000 -0.9918 -0.1277
vn -0.0000 -0.9989 0.0464
vn -0.0000 -0.9757 0.2192
vn -0.0000 -0.9228 0.3853
vn -0.0000 -0.8419 0.5397
vn -0.0000 -0.7353 0.6777
vn -0.0000 -0.6065 0.7951
vn -0.0000 -0.4593 0.8883
vn -0.0000 -0.2980 0.9546
vn -0.0000 -0.1277 0.9918
vn -0.0000 0.0464 0.9989
vn -0.0000 0.3853 0.9228
vn -0.0000 0.2192 0.9757
vn -0.0000 0.5397 0.8419
vn -0.0000 0.6777 0.7354
vn -0.0000 0.8883 0.4592
vn -0.0000 0.7951 0.6065
vn -0.0000 0.9546 0.2980
vn -0.0000 0.9918 0.1277
vn -0.0000 0.9989 -0.0464
vn -0.0000 0.9757 -0.2192
vn -0.0000 0.9228 -0.3853
vn -0.0000 0.8419 -0.5397
vn -0.0000 0.7353 -0.6777
vn -0.0000 0.6065 -0.7951
vn -0.0000 -0.4293 0.9032
vn -0.0000 -0.2005 0.9797
vn -0.0000 0.0397 0.9992
vn -0.0000 0.2777 0.9607
vn -0.0000 0.4995 0.8663
vn -0.0000 0.6923 0.7216
vn -0.0000 0.8449 0.5349
vn -0.0000 0.8449 0.5350
vn -0.0000 0.9484 0.3172
vn -0.0000 0.9871 -0.1599
vn -0.0000 0.9967 0.0810
vn -0.0000 0.7998 -0.6003
vn -0.0000 0.9202 -0.3915
vn -0.0000 0.6328 -0.7743
s 1
f 1//1 2//2 3//1
f 3//3 4//3 5//3
f 2//2 4//2 3//1
f 5//4 6//4 7//4
f 4//3 6//3 5//3
f 7//5 8//5 9//5
f 6//4 8//4 7//4
f 9//6 10//6 11//6
f 8//5 10//5 9//5
f 11//7 12//7 13//7
f 10//6 12//6 11//6
f 13//8 14//8 15//8
f 12//7 14//7 13//7
f 15//9 16//9 17//9
f 14//8 16//8 15//8
f 17//10 18//10 19//10
f 16//9 18//9 17//9
f 19//11 20//11 21//11
f 18//10 20//10 19//10
f 21//12 22//13 23//12
f 20//11 22//11 21//11
f 23//14 24//15 25//14
f 22//13 24//13 23//12
f 25//16 26//16 27//16
f 24//15 26//15 25//14
f 27//17 28//17 29//17
f 26//16 28//16 27//16
f 29//18 30//19 31//18
f 28//17 30//17 29//17
f 31//20 32//21 33//20
f 30//19 32//19 31//18
f 33//22 34//23 35//22
f 32//21 34//21 33//20
f 34//23 36//23 35//22
f 35//24 36//25 37//24
f 36//25 38//25 37//24
f 37//26 38//26 39//26
f 38//26 40//26 39//26
f 39//27 40//28 41//27
f 41//29 42//30 43//29
f 40//28 42//28 41//27
f 43//31 44//31 45//31
f 42//30 44//30 43//29
f 45//32 46//33 47//34
f 44//31 46//31 45//31
f 47//35 48//35 49//35
f 46//33 48//33 47//34
f 49//36 50//37 51//36
f 48//35 50//35 49//35
f 51//38 52//39 53//38
f 50//37 52//37 51//36
f 53//40 54//40 55//40
f 52//39 54//39 53//38
f 55//41 56//42 57//41
f 54//40 56//40 55//40
f 56//42 58//42 57//41
f 57//43 58//44 59//43
f 58//44 60//45 59//43
f 59//46 60//46 61//46
f 60//46 62//46 61//46
f 61//47 62//48 63//47
f 62//48 64//49 63//47
f 63//50 64//50 65//50
f 64//50 66//50 65//50
f 65//51 66//52 67//51
f 66//52 68//52 67//51
f 67//53 68//53 69//53
f 68//53 70//53 69//53
f 69//54 70//55 71//54
f 70//55 72//55 71//54
f 71//56 72//57 73//56
f 72//57 74//57 73//56
f 73//58 74//58 75//58
f 74//58 76//58 75//58
f 75//59 76//60 77//59
f 76//60 78//60 77//59
f 77//61 78//62 79//61
f 79//63 80//63 81//63
f 78//62 80//62 79//61
f 81//64 82//65 83//64
f 80//63 82//63 81//63
f 83//66 84//66 85//66
f 82//65 84//65 83//64
f 85//67 86//68 87//67
f 84//66 86//66 85//66
f 87//69 88//70 89//69
f 86//68 88//68 87//67
f 88//70 90//71 89//69
f 89//72 90//72 91//72
f 90//72 92//72 91//72
f 91//73 92//74 93//73
f 92//74 94//74 93//73
f 93//75 94//76 95//75
f 94//76 96//76 95//75
f 95//77 96//78 97//77
f 96//78 98//78 97//77
f 97//79 98//80 99//79
f 98//80 100//80 99//79
f 99//81 100//81 101//81
f 100//81 102//81 101//81
f 101//82 102//82 103//82
f 102//82 104//82 103//82
f 104//83 105//83 103//84
f 103//84 105//83 106//84
f 105//85 107//85 106//86
f 108//87 107//87 109//87
f 106//86 107//85 108//86
f 107//87 110//87 109//87
f 109//88 110//88 111//88
f 110//88 112//88 111//88
f 111//89 112//89 113//89
f 112//89 114//89 113//89
f 114//90 115//90 113//90
f 116//91 115//91 117//91
f 113//90 115//90 116//90
f 115//91 118//91 117//91
f 117//92 118//92 119//92
f 118//92 120//92 119//92
f 121//93 122//93 123//93
f 119//94 122//94 121//94
f 120//94 122//94 119//94
f 122//93 124//93 123//93
f 123//95 124//95 125//95
f 125//96 126//97 127//96
f 124//95 126//95 125//95
f 126//97 128//97 127//96
f 129//1 130//2 131//1
f 131//3 132//3 133//3
f 130//2 132//2 131//1
f 133//4 134//4 135//4
f 132//3 134//3 133//3
f 135//5 136//5 137//5
f 134//4 136//4 135//4
f 137//6 138//6 139//6
f 136//5 138//5 137//5
f 139//7 140//7 141//7
f 138//6 140//6 139//6
f 141//8 142//8 143//8
f 140//7 142//7 141//7
f 143//9 144//9 145//9
f 142//8 144//8 143//8
f 145//10 146//10 147//10
f 144//9 146//9 145//9
f 147//11 148//11 149//11
f 146//10 148//10 147//10
f 149//13 150//13 151//13
f 148//11 150//11 149//11
f 151//98 152//15 153//98
f 150//13 152//13 151//13
f 153//99 154//16 155//99
f 152//15 154//15 153//98
f 155//100 156//17 157//100
f 154//16 156//16 155//99
f 157//18 158//19 159//18
f 156//17 158//17 157//100
f 159//20 160//21 161//20
f 158//19 160//19 159//18
f 161//22 162//23 163//22
f 160//21 162//21 161//20
f 162//23 164//23 163//22
f 163//25 164//25 165//25
f 164//25 166//25 165//25
f 165//101 166//26 167//101
f 166//26 168//26 167//101
f 167//27 168//28 169//27
f 169//29 170//30 171//29
f 168//28 170//28 169//27
f 171//31 172//31 173//31
f 170//30 172//30 171//29
f 173//32 174//33 175//34
f 172//31 174//31 173//31
f 175//35 176//35 177//35
f 174//33 176//33 175//34
f 177//36 178//37 179//36
f 176//35 178//35 177//35
f 179//102 180//39 181//102
f 178//37 180//37 179//36
f 181//103 182//104 183//105
f 180//39 182//39 181//102
f 183//41 184//42 185//41
f 182//104 184//104 183//105
f 184//42 186//42 185//41
f 185//43 186//44 187//43
f 186//44 188//45 187//43
f 187//46 188//46 189//46
f 188//46 190//46 189//46
f 189//47 190//48 191//47
f 190//48 192//49 191//47
f 191//50 192//50 193//50
f 192//50 194//50 193//50
f 193//51 194//52 195//51
f 194//52 196//52 195//51
f 195//53 196//53 197//53
f 196//53 198//53 197//53
f 197//54 198//55 199//54
f 198//55 200//55 199//54
f 199//56 200//57 201//56
f 200//57 202//57 201//56
f 201//106 202//107 203//106
f 202//107 204//108 203//106
f 203//59 204//109 205//59
f 204//109 206//109 205//59
f 205//61 206//62 207//61
f 207//63 208//63 209//63
f 206//62 208//62 207//61
f 209//64 210//65 211//64
f 208//63 210//63 209//63
f 211//66 212//66 213//66
f 210//65 212//65 211//64
f 213//67 214//68 215//67
f 212//66 214//66 213//66
f 215//69 216//70 217//69
f 214//68 216//68 215//67
f 216//70 218//71 217//69
f 217//72 218//110 219//72
f 218//110 220//111 219//72
f 219//73 220//73 221//73
f 220//73 222//73 221//73
f 221//75 222//76 223//75
f 222//76 224//76 223//75
f 223//77 224//78 225//77
f 224//78 226//78 225//77
f 225//79 226//80 227//79
f 226//80 228//80 227//79
f 227//81 228//112 229//81
f 228//112 230//112 229//81
f 229//82 230//113 231//82
f 230//113 232//113 231//82
f 232//83 233//83 231//114
f 231//114 233//83 234//114
f 233//85 235//85 234//85
f 236//87 235//87 237//87
f 234//85 235//85 236//85
f 235//87 238//87 237//87
f 237//88 238//88 239//88
f 238//88 240//88 239//88
f 239//89 240//89 241//89
f 240//89 242//89 241//89
f 242//90 243//90 241//90
f 244//91 243//91 245//91
f 241//90 243//90 244//90
f 243//91 246//91 245//91
f 245//92 246//92 247//92
f 246//92 248//92 247//92
f 249//93 250//93 251//93
f 247//94 250//94 249//94
f 248//94 250//94 247//94
f 250//93 252//93 251//93
f 251//95 252//95 253//95
f 253//96 254//97 255//96
f 252//95 254//95 253//95
f 254//97 256//97 255//96
f 257//97 258//96 259//97
f 259//95 260//95 261//95
f 258//96 260//96 259//97
f 261//93 262//93 263//93
f 260//95 262//95 261//95
f 263//94 264//94 265//94
f 262//93 264//93 263//93
f 265//92 266//92 267//92
f 264//94 266//94 265//94
f 267//115 268//91 269//115
f 266//92 268//92 267//92
f 269//90 270//90 271//90
f 268//91 270//91 269//115
f 271//89 272//116 273//89
f 270//90 272//90 271//90
f 273//117 274//88 275//117
f 272//116 274//116 273//89
f 275//118 276//119 277//118
f 274//88 276//88 275//117
f 277//120 278//85 279//86
f 276//119 278//119 277//118
f 279//84 280//83 281//84
f 278//85 280//85 279//86
f 281//121 282//122 283//121
f 280//83 282//83 281//84
f 283//81 284//81 285//81
f 282//122 284//122 283//121
f 285//123 286//123 287//123
f 284//81 286//81 285//81
f 287//78 288//78 289//78
f 286//123 288//123 287//123
f 289//76 290//75 291//76
f 288//78 290//78 289//78
f 290//75 292//124 291//76
f 291//74 292//125 293//74
f 292//125 294//125 293//74
f 293//126 294//126 295//126
f 294//126 296//126 295//126
f 295//71 296//127 297//71
f 296//127 298//127 297//71
f 299//128 300//129 301//128
f 297//130 300//130 299//130
f 298//130 300//130 297//130
f 301//131 302//132 303//65
f 300//129 302//129 301//128
f 303//63 304//63 305//63
f 302//132 304//132 303//65
f 305//62 306//62 307//62
f 304//63 306//63 305//63
f 307//133 308//133 309//133
f 306//62 308//62 307//62
f 309//106 310//58 311//134
f 308//133 310//133 309//133
f 311//135 312//135 313//135
f 310//58 312//58 311//134
f 312//135 314//135 313//135
f 313//55 314//55 315//55
f 314//55 316//55 315//55
f 316//136 317//137 315//136
f 318//51 317//52 319//51
f 315//136 317//137 318//136
f 317//52 320//52 319//51
f 319//50 320//50 321//50
f 320//50 322//50 321//50
f 321//47 322//48 323//47
f 322//48 324//48 323//47
f 323//138 324//139 325//138
f 324//139 326//139 325//138
f 325//43 326//43 327//43
f 326//43 328//43 327//43
f 327//140 328//140 329//140
f 328//140 330//140 329//140
f 329//40 330//141 331//40
f 330//141 332//104 331//40
f 331//142 332//142 333//142
f 332//142 334//142 333//142
f 333//36 334//36 335//36
f 335//35 336//35 337//35
f 334//36 336//36 335//36
f 337//143 338//34 339//143
f 336//35 338//35 337//35
f 338//34 340//34 339//143
f 340//144 341//144 339//145
f 342//146 341//146 343//146
f 339//145 341//144 342//145
f 341//146 344//146 343//146
f 344//147 345//147 343//148
f 346//149 345//149 347//149
f 343//148 345//147 346//148
f 345//149 348//149 347//149
f 347//150 348//24 349//150
f 348//24 350//24 349//150
f 350//151 351//23 349//22
f 349//22 351//23 352//22
f 351//20 353//20 352//20
f 352//20 353//20 354//20
f 353//152 355//152 354//152
f 356//17 355//17 357//17
f 354//152 355//152 356//152
f 355//17 358//17 357//17
f 357//153 358//154 359//153
f 358//154 360//154 359//153
f 360//15 361//15 359//14
f 362//13 361//155 363//13
f 359//14 361//15 362//14
f 361//155 364//155 363//13
f 364//156 365//156 363//157
f 366//10 365//158 367//10
f 363//157 365//156 366//157
f 365//158 368//158 367//10
f 367//159 368//9 369//159
f 368//9 370//9 369//159
f 369//8 370//8 371//8
f 370//8 372//8 371//8
f 371//7 372//160 373//7
f 372//160 374//160 373//7
f 374//6 375//6 373//6
f 376//5 375//5 377//5
f 373//6 375//6 376//6
f 377//4 378//4 379//4
f 375//5 378//5 377//5
f 378//4 380//4 379//4
f 379//3 380//3 381//3
f 380//3 382//3 381//3
f 381//1 383//2 384//1
f 382//2 383//2 381//1
f 385//97 386//96 387//97
f 387//95 388//95 389//95
f 386//96 388//96 387//97
f 389//93 390//93 391//93
f 388//95 390//95 389//95
f 391//94 392//94 393//94
f 390//93 392//93 391//93
f 393//92 394//92 395//92
f 392//94 394//94 393//94
f 395//115 396//115 397//115
f 394//92 396//92 395//92
f 397//161 398//90 399//161
f 396//115 398//115 397//115
f 399//89 400//116 401//89
f 398//90 400//90 399//161
f 401//88 402//117 403//88
f 400//116 402//116 401//89
f 403//118 404//118 405//118
f 402//117 404//117 403//88
f 405//85 406//85 407//85
f 404//118 406//118 405//118
f 407//84 408//83 409//84
f 406//85 408//85 407//85
f 409//122 410//121 411//122
f 408//83 410//83 409//84
f 411//81 412//81 413//81
f 410//121 412//121 411//122
f 413//123 414//123 415//123
f 412//81 414//81 413//81
f 415//78 416//78 417//78
f 414//123 416//123 415//123
f 417//75 418//76 419//124
f 416//78 418//78 417//78
f 418//76 420//76 419//124
f 419//125 420//125 421//125
f 420//125 422//125 421//125
f 421//162 422//163 423//164
f 422//163 424//163 423//164
f 423//71 424//127 425//71
f 424//127 426//127 425//71
f 427//128 428//129 429//128
f 425//130 428//130 427//130
f 426//130 428//130 425//130
f 429//165 430//165 431//165
f 428//129 430//129 429//128
f 431//166 432//167 433//168
f 430//165 432//165 431//165
f 433//169 434//170 435//61
f 432//167 434//167 433//168
f 435//133 436//133 437//133
f 434//170 436//170 435//61
f 437//107 438//171 439//58
f 436//133 438//133 437//133
f 439//172 440//57 441//172
f 438//171 440//173 439//58
f 440//57 442//57 441//172
f 441//55 442//55 443//55
f 442//55 444//55 443//55
f 444//53 445//137 443//174
f 446//52 445//52 447//52
f 443//174 445//137 446//174
f 445//52 448//52 447//52
f 447//50 448//50 449//50
f 448//50 450//50 449//50
f 449//47 450//47 451//47
f 450//47 452//47 451//47
f 451//175 452//46 453//175
f 452//46 454//46 453//175
f 453//43 454//43 455//43
f 454//43 456//43 455//43
f 455//41 456//176 457//41
f 456//176 458//176 457//41
f 457//177 458//40 459//103
f 458//40 460//105 459//103
f 459//142 460//142 461//142
f 460//142 462//142 461//142
f 461//178 462//37 463//179
f 463//180 464//181 465//180
f 462//37 464//37 463//179
f 465//182 466//182 467//182
f 464//181 466//183 465//180
f 466//182 468//182 467//182
f 468//144 469//144 467//145
f 470//146 469//146 471//146
f 467//145 469//144 470//145
f 469//146 472//146 471//146
f 472//147 473//147 471//148
f 474//184 473//185 475//184
f 471//148 473//147 474//148
f 473//185 476//186 475//184
f 475//150 476//150 477//150
f 476//150 478//150 477//150
f 478//22 479//22 477//151
f 477//151 479//22 480//23
f 479//20 481//20 480//20
f 480//20 481//20 482//20
f 481//152 483//152 482//152
f 484//17 483//17 485//17
f 482//152 483//152 484//152
f 483//17 486//17 485//17
f 485//154 486//153 487//154
f 486//153 488//153 487//154
f 488//15 489//15 487//14
f 490//13 489//13 491//13
f 487//14 489//15 490//14
f 489//13 492//13 491//13
f 492//157 493//157 491//157
f 494//158 493//10 495//158
f 491//157 493//157 494//157
f 493//10 496//10 495//158
f 495//159 496//9 497//159
f 496//9 498//9 497//159
f 497//8 498//187 499//8
f 498//187 500//187 499//8
f 499//160 500//160 501//160
f 500//160 502//160 501//160
f 502//6 503//6 501//6
f 504//5 503//5 505//5
f 501//6 503//6 504//6
f 505//4 506//4 507//4
f 503//5 506//5 505//5
f 506//4 508//4 507//4
f 507//3 508//3 509//3
f 508//3 510//3 509//3
f 509//1 511//2 512//1
f 510//2 511//2 509//1
f 513//188 514//188 515//188
f 515//189 514//189 516//189
f 516//190 514//190 517//190
f 518//191 519//191 520//191
f 521//192 519//192 518//192
f 522//193 519//193 521//193
f 520//194 519//194 513//195
f 513//195 519//194 514//195
f 517//196 523//196 524//196
f 524//197 523//197 525//197
f 514//198 523//199 517//200
f 522//201 526//202 519//203
f 527//204 526//204 522//204
f 528//205 526//205 527//205
f 519//203 526//202 514//198
f 514//198 526//202 523//199
f 523//206 529//207 525//208
f 525//209 529//209 530//209
f 530//210 529//210 531//210
f 532//211 533//211 528//211
f 534//212 533//212 532//212
f 523//206 533//213 529//207
f 528//214 533//213 526//215
f 526//215 533//213 523//206
f 529//216 535//217 531//218
f 531//219 535//219 536//219
f 536//220 535//220 537//220
f 538//221 539//221 534//221
f 540//222 539//222 538//222
f 529//216 539//223 535//217
f 534//224 539//223 533//225
f 533//225 539//223 529//216
f 535//226 541//227 537//228
f 537//229 541//229 542//229
f 542//230 541//231 543//232
f 544//233 545//233 540//233
f 546//234 545//235 544//236
f 535//226 545//237 541//227
f 540//238 545//237 539//239
f 539//239 545//237 535//226
f 541//231 547//240 543//232
f 543//241 547//241 548//241
f 548//242 547//243 549//244
f 550//245 551//245 546//245
f 552//246 551//247 550//248
f 546//234 551//249 545//235
f 545//235 551//249 541//231
f 541//231 551//249 547//240
f 547//243 553//250 549//244
f 549//251 553//251 554//251
f 554//252 553//253 555//254
f 556//255 557//255 552//255
f 558//256 557//257 556//258
f 551//247 557//259 547//243
f 552//246 557//259 551//247
f 547//243 557//259 553//250
f 553//253 559//260 555//254
f 555//261 559//261 560//261
f 560//262 559//263 561//264
f 562//265 563//265 558//265
f 564//266 563//267 562//268
f 557//257 563//269 553//253
f 558//256 563//269 557//257
f 553//253 563//269 559//260
f 559//263 565//270 561//264
f 561//271 565//271 566//271
f 566//272 565//273 567//274
f 563//267 568//275 559//263
f 569//276 568//276 564//276
f 570//277 568//278 569//279
f 559//263 568//275 565//270
f 564//266 568//275 563//267
f 565//273 571//280 567//274
f 567//281 571//281 572//281
f 572//282 571//283 573//284
f 574//285 575//285 570//285
f 576//286 575//287 574//288
f 568//278 575//289 565//273
f 565//273 575//289 571//280
f 570//277 575//289 568//278
f 571//283 577//290 573//284
f 575//287 577//290 571//283
f 573//291 577//291 578//291
f 578//292 577//293 579//294
f 580//295 581//295 576//295
f 582//296 581//297 580//298
f 576//286 581//299 575//287
f 575//287 581//299 577//290
f 577//293 583//300 579//294
f 581//297 583//300 577//293
f 579//301 583//301 584//301
f 584//302 583//303 585//304
f 586//305 587//305 582//305
f 588//306 587//307 586//308
f 582//296 587//309 581//297
f 581//297 587//309 583//300
f 583//303 589//310 585//304
f 585//311 589//311 590//311
f 590//312 589//313 591//314
f 588//306 592//315 587//307
f 587//307 592//315 583//303
f 593//316 592//316 588//316
f 583//303 592//315 589//310
f 594//317 592//318 593//319
f 589//313 595//320 591//314
f 591//321 595//321 596//321
f 596//322 595//323 597//324
f 598//325 599//325 594//325
f 600//326 599//327 598//328
f 594//317 599//329 592//318
f 589//313 599//329 595//320
f 592//318 599//329 589//313
f 595//323 601//330 597//324
f 597//331 601//331 602//331
f 602//332 601//333 603//334
f 595//323 604//335 601//330
f 605//336 604//336 600//336
f 606//337 604//338 605//339
f 600//326 604//335 599//327
f 599//327 604//335 595//323
f 601//333 607//340 603//334
f 603//341 607//341 608//341
f 604//338 609//342 601//333
f 606//337 609//342 604//338
f 610//343 609//343 606//343
f 601//333 609//342 607//340
f 607//344 611//345 608//346
f 608//346 611//345 612//347
f 612//348 611//348 613//348
f 609//349 614//350 607//344
f 607//344 614//350 611//345
f 615//351 614//350 610//352
f 616//353 614//353 615//353
f 610//352 614//350 609//349
f 617//354 618//354 619//354
f 611//355 618//356 613//357
f 613//357 618//356 617//358
f 620//359 621//360 616//361
f 622//362 621//362 620//362
f 611//355 621//360 618//356
f 614//363 621//360 611//355
f 616//361 621//360 614//363
f 619//364 623//365 624//366
f 624//367 623//367 625//367
f 618//368 623//365 619//364
f 621//369 626//370 618//368
f 622//371 626//370 621//369
f 627//372 626//370 622//371
f 628//373 626//373 627//373
f 618//368 626//370 623//365
f 625//374 629//375 630//376
f 630//377 629//377 631//377
f 623//378 629//375 625//374
f 626//379 629//375 623//378
f 628//380 632//381 626//379
f 626//379 632//381 629//375
f 633//382 632//381 628//380
f 634//383 632//383 633//383
f 631//384 635//385 636//386
f 636//387 635//387 637//387
f 629//388 635//385 631//384
f 638//389 639//390 634//391
f 640//392 639//392 638//392
f 634//391 639//390 632//393
f 632//393 639//390 629//388
f 629//388 639//390 635//385
f 637//394 641//395 642//396
f 642//397 641//397 643//397
f 635//398 641//395 637//394
f 639//399 644//400 635//398
f 645//401 644//400 640//402
f 646//403 644//403 645//403
f 635//398 644//400 641//395
f 640//402 644//400 639//399
f 641//404 647//405 643//406
f 643//406 647//405 648//407
f 648//408 647//408 649//408
f 641//404 650//409 647//405
f 651//410 650//409 646//411
f 652//412 650//413 651//413
f 644//414 650//409 641//404
f 646//411 650//409 644//414
f 649//415 653//416 654//417
f 654//418 653//418 655//418
f 647//419 653//416 649//415
f 647//419 656//420 653//416
f 657//421 656//420 652//422
f 658//423 656//423 657//423
f 650//424 656//420 647//419
f 652//422 656//420 650//424
f 655//425 659//426 660//427
f 660//428 659//428 661//428
f 653//429 659//426 655//425
f 656//430 659//426 653//429
f 662//431 663//432 658//433
f 664//434 663//434 662//434
f 658//433 663//432 656//430
f 656//430 663//432 659//426
f 661//435 665//436 666//437
f 666//438 665//438 667//438
f 659//439 665//436 661//435
f 659//439 668//440 665//436
f 669//441 668//440 664//442
f 670//443 668//443 669//443
f 663//444 668//440 659//439
f 664//442 668//440 663//444
f 667//445 671//446 672//447
f 672//448 671//448 673//448
f 665//449 671//446 667//445
f 668//450 671//446 665//449
f 668//450 674//451 671//446
f 675//452 674//451 670//453
f 676//454 674//454 675//454
f 670//453 674//451 668//450
f 673//455 677//455 678//455
f 678//456 677//456 679//456
f 671//457 677//458 673//459
f 676//460 680//461 674//462
f 674//462 680//461 671//457
f 671//457 680//461 677//458
f 681//463 680//463 676//463
f 682//464 680//464 681//464
f 679//465 683//465 684//465
f 684//466 683//466 685//466
f 680//467 683//468 677//469
f 677//469 683//468 679//470
f 682//471 686//472 680//467
f 680//467 686//472 683//468
f 687//473 686//473 682//473
f 688//474 686//474 687//474
f 685//475 689//475 690//475
f 690//476 689//476 691//476
f 683//477 689//478 685//479
f 686//480 692//481 683//477
f 688//482 692//481 686//480
f 683//477 692//481 689//478
f 693//483 692//483 688//483
f 694//484 692//484 693//484
f 691//485 695//485 696//485
f 696//486 695//486 697//486
f 697//487 695//487 698//487
f 692//488 695//489 689//490
f 689//490 695//489 691//491
f 698//492 699//492 700//492
f 695//493 699//492 698//492
f 694//494 699//495 692//488
f 692//488 699//495 695//489
f 701//496 699//496 694//496
f 702//497 699//497 701//497
f 700//498 699//498 702//498
f 513//499 515//499 703//499
f 703//499 515//499 704//499
f 515//500 516//500 704//500
f 704//500 516//500 705//500
f 705//501 516//502 706//501
f 516//502 517//502 706//501
f 517//503 524//503 706//503
f 706//503 524//503 707//503
f 524//504 525//504 707//504
f 707//504 525//504 708//504
f 525//505 530//505 708//506
f 708//506 530//505 709//506
f 530//507 531//507 709//508
f 709//508 531//507 710//508
f 710//509 531//510 711//509
f 531//510 536//510 711//509
f 536//511 537//511 711//511
f 711//511 537//511 712//511
f 712//512 537//512 713//512
f 537//512 542//512 713//512
f 713//513 542//514 714//513
f 542//514 543//514 714//513
f 714//515 548//516 715//516
f 543//516 548//516 714//515
f 715//517 549//518 716//517
f 548//518 549//518 715//517
f 716//519 554//520 717//519
f 717//521 554//522 718//521
f 549//523 554//520 716//519
f 554//522 555//522 718//521
f 718//524 560//524 719//524
f 555//524 560//524 718//524
f 719//525 561//526 720//527
f 560//526 561//526 719//525
f 561//528 566//528 720//529
f 720//529 566//528 721//530
f 721//531 566//531 722//531
f 566//531 567//531 722//531
f 567//532 572//532 722//532
f 722//532 572//532 723//532
f 572//533 573//533 723//534
f 723//534 573//533 724//534
f 724//535 573//535 725//535
f 573//535 578//535 725//535
f 578//536 579//536 725//537
f 725//537 579//536 726//538
f 579//539 584//539 726//539
f 726//539 584//539 727//539
f 584//540 585//540 727//540
f 727//540 585//540 728//540
f 728//541 585//541 729//541
f 585//541 590//541 729//541
f 590//542 591//542 729//542
f 729//542 591//542 730//542
f 591//543 596//543 730//543
f 730//543 596//543 731//543
f 596//544 597//544 731//545
f 731//545 597//544 732//545
f 732//546 597//546 733//547
f 597//546 602//548 733//547
f 602//549 603//549 733//550
f 733//550 603//549 734//551
f 603//552 608//552 734//552
f 734//552 608//552 735//552
f 608//553 612//554 735//555
f 735//555 612//554 736//555
f 612//556 613//557 736//558
f 736//558 613//557 737//557
f 613//559 617//559 737//560
f 737//560 617//559 738//561
f 738//562 619//562 739//562
f 739//563 619//563 740//563
f 617//562 619//562 738//562
f 619//563 624//563 740//563
f 740//564 625//564 741//564
f 624//564 625//564 740//564
f 741//565 630//565 742//565
f 625//565 630//565 741//565
f 742//566 631//566 743//566
f 630//566 631//566 742//566
f 743//567 636//568 744//567
f 744//569 636//569 745//569
f 631//570 636//568 743//567
f 636//569 637//569 745//569
f 637//571 642//571 745//572
f 745//572 642//571 746//572
f 642//573 643//573 746//573
f 746//573 643//573 747//573
f 643//574 648//574 747//574
f 747//574 648//574 748//574
f 748//575 649//576 749//577
f 648//578 649//576 748//575
f 749//579 654//580 750//579
f 649//579 654//580 749//579
f 750//581 655//581 751//581
f 654//581 655//581 750//581
f 751//582 660//583 752//584
f 655//584 660//583 751//582
f 752//585 661//586 753//587
f 660//586 661//586 752//585
f 753//588 666//589 754//590
f 661//589 666//589 753//588
f 754//591 667//591 755//592
f 666//592 667//591 754//591
f 755//593 672//594 756//593
f 756//595 672//595 757//595
f 667//594 672//594 755//593
f 672//595 673//595 757//595
f 757//596 678//596 758//596
f 673//596 678//596 757//596
f 758//597 679//598 759//597
f 678//598 679//598 758//597
f 759//599 684//600 760//599
f 679//601 684//600 759//599
f 760//602 685//603 761//602
f 761//604 685//604 762//604
f 684//603 685//603 760//602
f 685//604 690//604 762//604
f 762//605 691//605 763//605
f 690//605 691//605 762//605
f 763//606 696//606 764//606
f 691//606 696//606 763//606
f 764//607 697//607 765//607
f 696//607 697//607 764//607
f 697//608 698//608 765//609
f 765//609 698//608 766//609
f 767//610 768//610 769//610
f 769//611 768//611 770//611
f 770//612 768//612 771//612
f 771//194 768//194 772//194
f 772//613 768//613 773//613
f 773//614 768//614 774//614
f 774//615 768//615 775//615
f 768//616 776//616 775//616
f 777//617 776//617 778//617
f 778//618 776//618 767//618
f 775//619 776//619 779//619
f 779//620 776//620 780//620
f 767//621 776//621 768//621
f 776//622 781//622 780//622
f 777//623 781//623 776//623
f 782//624 781//624 783//624
f 783//625 781//625 777//625
f 780//626 781//626 784//626
f 784//627 781//627 785//627
f 786//628 787//628 788//628
f 788//629 787//629 782//629
f 785//630 787//630 789//630
f 789//631 787//631 790//631
f 781//632 787//632 785//632
f 782//633 787//633 781//633
f 787//634 791//634 790//634
f 792//635 791//636 793//637
f 793//638 791//638 786//638
f 786//639 791//639 787//639
f 790//640 791//640 794//640
f 794//641 791//642 795//643
f 791//642 796//644 795//643
f 792//635 796//645 791//636
f 797//646 796//647 798//648
f 798//649 796//649 792//649
f 795//650 796//650 799//650
f 799//651 796//652 800//653
f 801//654 802//655 803//656
f 803//255 802//255 797//255
f 796//652 802//657 800//653
f 800//658 802//658 804//658
f 804//659 802//660 805//661
f 797//646 802//662 796//647
f 802//660 806//663 805//661
f 807//664 806//665 808//666
f 808//265 806//265 801//265
f 801//654 806//667 802//655
f 805//668 806//668 809//668
f 809//669 806//670 810//671
f 811//672 812//673 813//674
f 807//664 812//675 806//665
f 813//676 812//676 807//676
f 806//670 812//677 810//671
f 810//678 812//678 814//678
f 814//679 812//680 815//681
f 812//680 816//682 815//681
f 817//683 816//684 818//685
f 818//686 816//686 811//686
f 811//672 816//687 812//673
f 815//688 816//688 819//688
f 819//689 816//690 820//691
f 817//683 821//692 816//684
f 816//690 821//693 820//691
f 822//694 821//695 823//696
f 823//697 821//697 817//697
f 820//698 821//698 824//698
f 824//699 821//700 825//701
f 826//702 827//703 828//704
f 828//705 827//705 822//705
f 821//700 827//706 825//701
f 822//694 827//707 821//695
f 825//708 827//708 829//708
f 829//709 827//710 830//711
f 831//712 832//713 833//714
f 833//715 832//715 826//715
f 827//710 832//716 830//711
f 826//702 832//717 827//703
f 830//718 832//718 834//718
f 834//719 832//720 835//721
f 832//720 836//722 835//721
f 837//723 836//724 838//725
f 838//726 836//726 831//726
f 835//727 836//727 839//727
f 839//728 836//729 840//730
f 831//712 836//731 832//713
f 841//732 842//733 843//734
f 843//735 842//735 837//735
f 837//723 842//736 836//724
f 836//729 842//737 840//730
f 840//738 842//738 844//738
f 844//739 842//740 845//741
f 846//742 847//742 841//742
f 841//732 847//743 842//733
f 842//740 847//744 845//741
f 845//745 847//745 848//745
f 846//746 849//747 847//748
f 850//749 849//749 851//749
f 851//750 849//747 846//746
f 847//751 849//752 848//753
f 848//753 849//752 852//754
f 852//755 849//755 853//755
f 854//756 855//756 856//756
f 857//757 855//757 858//757
f 858//758 855//759 850//760
f 850//760 855//759 849//761
f 849//762 855//763 853//764
f 853//764 855//763 854//357
f 856//765 859//766 860//767
f 860//768 859//768 861//768
f 862//769 859//769 863//769
f 863//770 859//771 857//772
f 855//773 859//766 856//765
f 857//772 859//771 855//774
f 861//775 864//776 865//777
f 865//778 864//778 866//778
f 867//779 864//779 868//779
f 868//780 864//781 862//782
f 862//782 864//781 859//783
f 859//784 864//776 861//775
f 867//785 869//786 864//787
f 866//788 869//789 870//790
f 870//791 869//791 871//791
f 872//792 869//792 873//792
f 873//793 869//786 867//785
f 864//794 869//789 866//788
f 871//795 874//796 875//797
f 875//798 874//798 876//798
f 877//799 874//799 878//799
f 878//800 874//801 872//802
f 869//803 874//796 871//795
f 872//802 874//801 869//804
f 874//805 879//806 876//807
f 876//807 879//806 880//808
f 880//809 879//809 881//809
f 882//810 879//810 883//810
f 883//811 879//812 877//813
f 877//813 879//812 874//814
f 881//815 884//816 885//817
f 885//818 884//818 886//818
f 887//819 884//819 888//819
f 888//820 884//821 882//822
f 882//822 884//821 879//823
f 879//824 884//816 881//815
f 886//825 889//826 890//827
f 890//828 889//828 891//828
f 892//434 889//434 893//434
f 893//829 889//830 887//831
f 884//832 889//826 886//825
f 887//831 889//830 884//833
f 894//834 895//834 896//834
f 896//835 895//836 892//837
f 891//838 895//839 897//840
f 897//841 895//841 898//841
f 892//837 895//836 889//842
f 889//843 895//839 891//838
f 899//844 900//844 901//844
f 901//845 900//846 894//847
f 898//848 900//849 902//850
f 902//851 900//851 903//851
f 895//852 900//849 898//848
f 894//847 900//846 895//853
f 904//854 905//854 906//854
f 906//855 905//855 899//855
f 903//856 905//856 907//856
f 907//857 905//857 908//857
f 900//858 905//858 903//858
f 899//859 905//859 900//859
f 909//860 910//860 911//860
f 911//861 910//861 904//861
f 908//862 910//862 912//862
f 912//863 910//863 913//863
f 904//864 910//864 905//864
f 905//865 910//865 908//865
f 909//866 914//866 910//866
f 915//867 914//867 916//867
f 916//868 914//868 909//868
f 913//869 914//869 917//869
f 917//870 914//870 918//870
f 910//871 914//871 913//871
f 919//872 920//872 921//872
f 921//873 920//873 922//873
f 922//874 920//874 923//874
f 923//875 920//875 915//875
f 915//876 920//876 914//876
f 918//877 920//877 924//877
f 924//878 920//878 925//878
f 925//879 920//879 919//879
f 914//880 920//880 918//880
f 130//881 926//881 132//881
f 132//882 926//882 134//882
f 134//883 926//883 136//883
f 136//884 927//884 138//884
f 138//885 927//885 140//885
f 926//886 927//887 136//888
f 928//889 929//889 930//889
f 931//890 929//890 928//890
f 932//891 929//891 931//891
f 130//892 929//893 926//894
f 930//895 929//893 130//892
f 927//896 933//897 140//898
f 140//899 933//899 142//899
f 142//900 933//900 144//900
f 934//901 935//901 932//901
f 936//902 935//902 934//902
f 926//886 935//903 927//887
f 932//904 935//903 929//905
f 929//905 935//903 926//886
f 144//906 937//906 146//906
f 933//907 937//908 144//909
f 146//910 937//910 148//910
f 938//911 939//911 936//911
f 940//912 939//912 938//912
f 936//913 939//914 935//915
f 935//915 939//914 927//896
f 927//896 939//914 933//897
f 148//916 941//916 150//916
f 150//917 941//918 152//919
f 937//920 941//921 148//922
f 942//923 943//923 940//923
f 944//924 943//924 942//924
f 940//925 943//926 939//927
f 939//927 943//926 933//907
f 933//907 943//926 937//908
f 941//918 945//928 152//919
f 152//929 945//929 154//929
f 154//930 945//931 156//932
f 946//933 947//933 944//933
f 948//934 947//935 946//936
f 943//937 947//938 937//920
f 937//920 947//938 941//921
f 944//939 947//938 943//937
f 945//931 949//940 156//932
f 156//941 949//941 158//941
f 158//942 949//943 160//944
f 950//945 951//945 948//945
f 952//946 951//947 950//948
f 941//918 951//949 945//928
f 948//934 951//949 947//935
f 947//935 951//949 941//918
f 949//943 953//950 160//944
f 160//951 953//951 162//951
f 162//952 953//953 164//954
f 954//955 955//955 952//955
f 956//956 955//957 954//958
f 945//931 955//959 949//940
f 952//946 955//959 951//947
f 951//947 955//959 945//931
f 953//953 957//960 164//954
f 164//961 957//961 166//961
f 166//962 957//963 168//964
f 958//965 959//965 956//965
f 960//966 959//967 958//968
f 949//943 959//969 953//950
f 955//957 959//969 949//943
f 953//953 959//967 957//960
f 956//956 959//969 955//957
f 957//963 961//970 168//964
f 168//971 961//971 170//971
f 170//972 961//973 172//974
f 960//966 962//975 959//967
f 963//976 962//976 960//976
f 964//977 962//978 963//979
f 959//967 962//975 957//960
f 961//973 965//980 172//974
f 172//981 965//981 174//981
f 174//982 965//983 176//984
f 966//985 967//985 964//985
f 968//986 967//987 966//988
f 964//977 967//989 962//978
f 962//978 967//989 957//963
f 957//963 967//989 961//970
f 965//983 969//990 176//984
f 176//991 969//991 178//991
f 178//992 969//993 180//994
f 970//995 971//995 968//995
f 972//996 971//997 970//998
f 961//973 971//999 965//980
f 968//986 971//999 967//987
f 967//987 971//999 961//973
f 969//993 973//1000 180//994
f 180//1001 973//1001 182//1001
f 182//1002 973//1003 184//1004
f 972//996 974//1005 971//997
f 975//1006 974//1006 972//1006
f 976//1007 974//1008 975//1009
f 965//983 974//1005 969//990
f 971//997 974//1005 965//983
f 973//1003 977//1010 184//1004
f 184//1011 977//1011 186//1011
f 186//1012 977//1013 188//1014
f 974//1008 978//1015 969//993
f 979//1016 978//1016 976//1016
f 980//1017 978//1018 979//1019
f 976//1007 978//1015 974//1008
f 969//993 978//1015 973//1000
f 977//1013 981//1020 188//1014
f 188//1021 981//1021 190//1021
f 190//1022 981//1023 192//1024
f 973//1003 982//1025 977//1010
f 978//1018 982//1025 973//1003
f 983//1026 982//1026 980//1026
f 984//1027 982//1028 983//1029
f 980//1017 982//1025 978//1018
f 981//1023 985//1030 192//1024
f 192//1031 985//1031 194//1031
f 982//1028 986//1032 977//1013
f 987//1033 986//1033 984//1033
f 988//1034 986//1035 987//1036
f 977//1013 986//1032 981//1020
f 984//1027 986//1032 982//1028
f 985//1037 989//1038 194//1039
f 194//1039 989//1038 196//1040
f 196//1041 989//1041 198//1041
f 986//1035 990//1042 981//1023
f 991//1043 990//1043 988//1043
f 988//1034 990//1042 986//1035
f 981//1023 990//1042 985//1030
f 200//1044 992//1044 202//1044
f 989//1045 992//1046 198//1047
f 198//1047 992//1046 200//1048
f 991//1049 993//1050 990//1051
f 994//1052 993//1050 991//1049
f 995//1053 993//1053 994//1053
f 985//1037 993//1050 989//1038
f 990//1051 993//1050 985//1037
f 202//1054 996//1055 204//1056
f 204//1057 996//1057 206//1057
f 992//1058 996//1055 202//1054
f 989//1045 997//1059 992//1046
f 998//1060 997//1059 995//1061
f 999//1062 997//1062 998//1062
f 993//1063 997//1059 989//1045
f 995//1061 997//1059 993//1063
f 206//1064 1000//1065 208//1066
f 208//1067 1000//1067 210//1067
f 996//1068 1000//1065 206//1064
f 997//1069 1001//1070 992//1058
f 1002//1071 1001//1070 999//1072
f 1003//1073 1001//1073 1002//1073
f 992//1058 1001//1070 996//1055
f 999//1072 1001//1070 997//1069
f 210//1074 1004//1075 212//1076
f 212//1077 1004//1077 214//1077
f 1000//1078 1004//1075 210//1074
f 1005//1079 1006//1080 1003//1081
f 1007//1082 1006//1082 1005//1082
f 1001//1083 1006//1080 996//1068
f 996//1068 1006//1080 1000//1065
f 1003//1081 1006//1080 1001//1083
f 214//1084 1008//1085 216//1086
f 216//1087 1008//1087 218//1087
f 1004//1088 1008//1085 214//1084
f 1006//1089 1009//1090 1000//1078
f 1000//1078 1009//1090 1004//1075
f 1007//1091 1009//1090 1006//1089
f 1010//1092 1009//1090 1007//1091
f 1011//1093 1009//1093 1010//1093
f 218//1094 1012//1095 220//1096
f 220//1097 1012//1097 222//1097
f 1008//1098 1012//1095 218//1094
f 1011//1099 1013//1100 1009//1101
f 1014//1102 1013//1100 1011//1099
f 1015//1103 1013//1103 1014//1103
f 1004//1088 1013//1100 1008//1085
f 1009//1101 1013//1100 1004//1088
f 222//1104 1016//1105 224//1106
f 224//1107 1016//1107 226//1107
f 1012//1108 1016//1105 222//1104
f 1013//1109 1017//1110 1008//1098
f 1015//1111 1017//1110 1013//1109
f 1008//1098 1017//1110 1012//1095
f 1018//1112 1017//1110 1015//1111
f 1019//1113 1017//1113 1018//1113
f 226//1114 1020//1115 228//1116
f 228//1117 1020//1117 230//1117
f 1016//1118 1020//1115 226//1114
f 1017//1119 1021//1120 1012//1108
f 1012//1108 1021//1120 1016//1105
f 1022//1121 1021//1120 1019//1122
f 1023//1123 1021//1123 1022//1123
f 1019//1122 1021//1120 1017//1119
f 230//1124 1024//1125 232//1126
f 232//1127 1024//1127 233//1127
f 1020//1128 1024//1125 230//1124
f 1023//1129 1025//1130 1021//1131
f 1016//1118 1025//1130 1020//1115
f 1021//1131 1025//1130 1016//1118
f 1026//1132 1025//1130 1023//1129
f 1027//1133 1025//1133 1026//1133
f 233//1134 1028//1135 235//1136
f 235//1137 1028//1137 238//1137
f 1024//1138 1028//1135 233//1134
f 1029//1139 1030//1140 1027//1141
f 1031//1142 1030//1142 1029//1142
f 1020//1128 1030//1140 1024//1125
f 1027//1141 1030//1140 1025//1143
f 1025//1143 1030//1140 1020//1128
f 238//1144 1032//1144 240//1144
f 240//1145 1032//1145 242//1145
f 1028//1146 1032//1147 238//1148
f 1031//1149 1033//1150 1030//1151
f 1024//1138 1033//1150 1028//1135
f 1034//1152 1033//1150 1031//1149
f 1035//1153 1033//1153 1034//1153
f 1030//1151 1033//1150 1024//1138
f 242//1154 1036//1154 243//1154
f 243//1155 1036//1155 246//1155
f 1032//1156 1036//1157 242//1158
f 1028//1146 1037//1159 1032//1147
f 1035//1160 1037//1159 1033//1161
f 1038//1162 1037//1159 1035//1160
f 1039//1163 1037//1163 1038//1163
f 1033//1161 1037//1159 1028//1146
f 246//1164 1040//1164 248//1164
f 248//1165 1040//1165 250//1165
f 1036//1166 1040//1167 246//1168
f 1037//1169 1041//1170 1032//1156
f 1032//1156 1041//1170 1036//1157
f 1039//1171 1041//1170 1037//1169
f 1042//1172 1041//1172 1039//1172
f 1043//1173 1041//1173 1042//1173
f 250//1174 1044//1174 252//1174
f 252//1175 1044//1175 254//1175
f 254//1176 1044//1176 256//1176
f 1040//1177 1044//1178 250//1179
f 1036//1166 1045//1180 1040//1167
f 1043//1181 1045//1180 1041//1182
f 1046//1183 1045//1183 1043//1183
f 1047//1184 1045//1184 1046//1184
f 1041//1182 1045//1180 1036//1166
f 256//1185 1048//1185 1049//1186
f 1047//1187 1048//1188 1045//1189
f 1050//1190 1048//1190 1047//1190
f 1045//1189 1048//1188 1040//1177
f 1051//1191 1048//1191 1050//1191
f 1049//1192 1048//1192 1051//1192
f 1040//1177 1048//1188 1044//1178
f 1044//1193 1048//1185 256//1185
f 2//1194 1052//1194 4//1194
f 4//882 1052//882 6//882
f 6//1195 1052//1195 8//1195
f 8//884 1053//884 10//884
f 10//885 1053//885 12//885
f 1052//886 1053//1196 8//1197
f 1054//1198 1055//1198 1056//1198
f 1057//890 1055//890 1054//890
f 1058//1199 1055//1199 1057//1199
f 2//1200 1055//893 1052//1201
f 1056//1202 1055//893 2//1200
f 1053//1203 1059//1204 12//1205
f 12//899 1059//899 14//899
f 14//900 1059//900 16//900
f 1060//1206 1061//1207 1058//1206
f 1062//1208 1061//1208 1060//1208
f 1052//886 1061//1209 1053//1196
f 1058//904 1061//1209 1055//1210
f 1055//1210 1061//1209 1052//886
f 1059//1211 1063//1212 16//909
f 16//1213 1063//1213 18//1213
f 18//1214 1063//1214 20//1214
f 1064//1215 1065//1215 1062//1215
f 1066//912 1065//912 1064//912
f 1062//913 1065//914 1061//1216
f 1061//1216 1065//914 1053//1203
f 1053//1203 1065//914 1059//1204
f 20//1217 1067//1218 22//1217
f 22//1219 1067//1220 24//1221
f 1063//920 1067//921 20//922
f 1068//923 1069//923 1066//923
f 1070//1222 1069//1222 1068//1222
f 1066//925 1069//926 1065//927
f 1065//927 1069//926 1059//1211
f 1059//1211 1069//926 1063//1212
f 1067//1220 1071//1223 24//1221
f 24//1224 1071//1224 26//1224
f 26//1225 1071//1226 28//1227
f 1072//1228 1073//1228 1070//1228
f 1074//1229 1073//935 1072//1230
f 1069//937 1073//938 1063//920
f 1063//920 1073//938 1067//921
f 1070//939 1073//938 1069//937
f 1071//1226 1075//1231 28//1227
f 28//1232 1075//1232 30//1232
f 30//942 1075//943 32//944
f 1076//1233 1077//1233 1074//1233
f 1078//1234 1077//1235 1076//1236
f 1067//1220 1077//949 1071//1223
f 1074//1229 1077//949 1073//935
f 1073//935 1077//949 1067//1220
f 1075//943 1079//950 32//944
f 32//1237 1079//1237 34//1237
f 34//1238 1079//953 36//1239
f 1080//1240 1081//1240 1078//1240
f 1082//1241 1081//1242 1080//958
f 1071//1226 1081//1243 1075//1231
f 1078//1234 1081//1243 1077//1235
f 1077//1235 1081//1243 1071//1226
f 1079//953 1083//960 36//1239
f 36//1244 1083//1244 38//1244
f 38//1245 1083//1246 40//1247
f 1084//965 1085//965 1082//965
f 1086//1248 1085//967 1084//1249
f 1075//943 1085//969 1079//950
f 1081//1242 1085//969 1075//943
f 1079//953 1085//967 1083//960
f 1082//1241 1085//969 1081//1242
f 1083//1246 1087//1250 40//1247
f 40//971 1087//971 42//971
f 42//1251 1087//1252 44//1253
f 1086//1248 1088//975 1085//967
f 1089//1254 1088//1254 1086//1254
f 1090//1255 1088//1256 1089//1257
f 1085//967 1088//975 1083//960
f 1087//1252 1091//1258 44//1253
f 44//1259 1091//1259 46//1259
f 46//1260 1091//1261 48//1262
f 1083//1246 1092//989 1087//1250
f 1093//1263 1092//1263 1090//1263
f 1094//1264 1092//987 1093//1265
f 1088//1256 1092//989 1083//1246
f 1090//1255 1092//989 1088//1256
f 1091//1261 1095//1266 48//1262
f 48//991 1095//991 50//991
f 50//1267 1095//993 52//1268
f 1096//1269 1097//1269 1094//1269
f 1098//996 1097//1270 1096//1271
f 1092//987 1097//1272 1087//1252
f 1094//1264 1097//1272 1092//987
f 1087//1252 1097//1272 1091//1258
f 1095//993 1099//1273 52//1268
f 52//1274 1099//1274 54//1274
f 54//1275 1099//1276 56//1277
f 1098//996 1100//1278 1097//1270
f 1097//1270 1100//1278 1091//1261
f 1101//1279 1100//1279 1098//1279
f 1102//1280 1100//1281 1101//1009
f 1091//1261 1100//1278 1095//1266
f 1099//1276 1103//1010 56//1277
f 56//1011 1103//1011 58//1011
f 58//1012 1103//1282 60//1014
f 1100//1281 1104//1283 1095//993
f 1105//1016 1104//1016 1102//1016
f 1106//1284 1104//1285 1105//1286
f 1102//1280 1104//1283 1100//1281
f 1095//993 1104//1283 1099//1273
f 1103//1282 1107//1020 60//1014
f 60//1287 1107//1287 62//1287
f 62//1022 1107//1023 64//1024
f 1099//1276 1108//1288 1103//1010
f 1104//1285 1108//1288 1099//1276
f 1109//1026 1108//1026 1106//1026
f 1110//1027 1108//1028 1109//1289
f 1106//1284 1108//1288 1104//1285
f 1107//1023 1111//1030 64//1024
f 64//1031 1111//1031 66//1031
f 1108//1028 1112//1290 1103//1282
f 1113//1033 1112//1033 1110//1033
f 1114//1034 1112//1291 1113//1292
f 1103//1282 1112//1290 1107//1020
f 1110//1027 1112//1290 1108//1028
f 1111//1293 1115//1038 66//1039
f 66//1039 1115//1038 68//1040
f 68//1294 1115//1294 70//1294
f 1112//1291 1116//1295 1107//1023
f 1117//1043 1116//1043 1114//1043
f 1114//1034 1116//1295 1112//1291
f 1107//1023 1116//1295 1111//1030
f 72//1044 1118//1044 74//1044
f 1115//1296 1118//1046 70//1297
f 70//1297 1118//1046 72//1048
f 1117//1298 1119//1299 1116//1300
f 1120//1301 1119//1299 1117//1298
f 1121//1053 1119//1053 1120//1053
f 1111//1293 1119//1299 1115//1038
f 1116//1300 1119//1299 1111//1293
f 74//1302 1122//1303 76//1304
f 76//1305 1122//1305 78//1305
f 1118//1306 1122//1303 74//1302
f 1123//1307 1124//1308 1121//1309
f 1125//1062 1124//1062 1123//1062
f 1119//1310 1124//1308 1115//1296
f 1115//1296 1124//1308 1118//1046
f 1121//1309 1124//1308 1119//1310
f 78//1311 1126//1065 80//1312
f 80//1067 1126//1067 82//1067
f 1122//1313 1126//1065 78//1311
f 1125//1314 1127//1315 1124//1069
f 1118//1306 1127//1315 1122//1303
f 1128//1316 1127//1315 1125//1314
f 1129//1073 1127//1073 1128//1073
f 1124//1069 1127//1315 1118//1306
f 82//1074 1130//1075 84//1317
f 84//1318 1130//1318 86//1318
f 1126//1319 1130//1075 82//1074
f 1129//1320 1131//1321 1127//1322
f 1132//1079 1131//1321 1129//1320
f 1133//1082 1131//1082 1132//1082
f 1127//1322 1131//1321 1122//1313
f 1122//1313 1131//1321 1126//1065
f 86//1323 1134//1085 88//1324
f 88//1087 1134//1087 90//1087
f 1130//1325 1134//1085 86//1323
f 1126//1319 1135//1090 1130//1075
f 1131//1089 1135//1090 1126//1319
f 1133//1326 1135//1090 1131//1089
f 1136//1327 1135//1090 1133//1326
f 1137//1328 1135//1328 1136//1328
f 90//1094 1138//1095 92//1096
f 92//1329 1138//1329 94//1329
f 1134//1330 1138//1095 90//1094
f 1130//1325 1139//1100 1134//1085
f 1137//1331 1139//1100 1135//1332
f 1140//1333 1139//1100 1137//1331
f 1141//1334 1139//1334 1140//1334
f 1135//1332 1139//1100 1130//1325
f 94//1335 1142//1336 96//1106
f 96//1337 1142//1337 98//1337
f 1138//1338 1142//1336 94//1335
f 1138//1338 1143//1339 1142//1336
f 1144//1340 1143//1110 1141//1341
f 1145//1342 1143//1342 1144//1342
f 1141//1341 1143//1110 1139//1343
f 1134//1330 1143//1110 1138//1095
f 1139//1343 1143//1110 1134//1330
f 98//1114 1146//1344 100//1116
f 100//1345 1146//1345 102//1345
f 1142//1346 1146//1344 98//1114
f 1143//1339 1147//1347 1142//1336
f 1145//1122 1147//1347 1143//1339
f 1148//1348 1147//1347 1145//1122
f 1149//1123 1147//1123 1148//1123
f 1142//1346 1147//1349 1146//1344
f 102//1350 1150//1351 104//1352
f 104//1353 1150//1353 105//1353
f 1146//1128 1150//1351 102//1350
f 1151//1354 1152//1355 1149//1356
f 1153//1357 1152//1357 1151//1357
f 1149//1356 1152//1355 1147//1349
f 1147//1349 1152//1355 1146//1344
f 105//1358 1154//1359 107//1360
f 107//1361 1154//1361 110//1361
f 1150//1362 1154//1359 105//1358
f 1146//1128 1155//1140 1150//1351
f 1156//1363 1155//1140 1153//1364
f 1157//1365 1155//1365 1156//1365
f 1152//1366 1155//1140 1146//1128
f 1153//1364 1155//1140 1152//1366
f 110//1367 1158//1367 112//1367
f 112//1368 1158//1368 114//1368
f 1154//1369 1158//1146 110//1148
f 1150//1362 1159//1150 1154//1359
f 1154//1369 1159//1370 1158//1146
f 1160//1371 1159//1150 1157//1372
f 1161//1373 1159//1373 1160//1373
f 1157//1372 1159//1150 1155//1374
f 1155//1374 1159//1150 1150//1362
f 114//1154 1162//1154 115//1154
f 115//1155 1162//1155 118//1155
f 1158//1375 1162//1157 114//1158
f 1163//1162 1164//1376 1161//1377
f 1165//1163 1164//1163 1163//1163
f 1161//1377 1164//1376 1159//1370
f 1159//1370 1164//1376 1158//1146
f 118//1164 1166//1164 120//1164
f 120//1165 1166//1165 122//1165
f 1162//1378 1166//1379 118//1380
f 1162//1378 1167//1381 1166//1379
f 1158//1375 1167//1170 1162//1157
f 1165//1171 1167//1170 1164//1382
f 1168//1172 1167//1172 1165//1172
f 1169//1383 1167//1383 1168//1383
f 1164//1382 1167//1170 1158//1375
f 1166//1384 1170//1385 122//1179
f 122//1386 1170//1386 124//1386
f 124//1387 1170//1387 126//1387
f 126//1388 1170//1388 128//1388
f 1167//1381 1171//1389 1166//1379
f 1169//1181 1171//1389 1167//1381
f 1172//1390 1171//1390 1169//1390
f 1173//1391 1171//1391 1172//1391
f 128//1392 1174//1186 1175//1393
f 1170//1394 1174//1186 128//1392
f 1173//1187 1174//1188 1171//1189
f 1166//1384 1174//1188 1170//1385
f 1176//1190 1174//1190 1173//1190
f 1177//1191 1174//1191 1176//1191
f 1175//1395 1174//1395 1177//1395
f 1171//1189 1174//1188 1166//1384
f 386//1396 1178//1396 388//1396
f 388//1397 1178//1397 390//1397
f 390//1398 1178//1398 392//1398
f 392//1399 1179//1399 394//1399
f 394//1400 1179//1400 396//1400
f 1178//1401 1179//1402 392//1403
f 1180//1404 1181//1404 1182//1404
f 1183//1405 1181//1405 1180//1405
f 1184//1406 1181//1406 1183//1406
f 386//1407 1181//1408 1178//1409
f 1182//1410 1181//1408 386//1407
f 1179//1411 1185//1412 396//1413
f 396//1414 1185//1414 398//1414
f 398//1415 1185//1415 400//1415
f 1186//1416 1187//1416 1184//1416
f 1188//1417 1187//1417 1186//1417
f 1178//1401 1187//1418 1179//1402
f 1184//1419 1187//1418 1181//1420
f 1181//1420 1187//1418 1178//1401
f 400//1421 1189//1421 402//1421
f 402//1422 1189//1422 404//1422
f 1185//1423 1189//1424 400//1425
f 1190//1426 1191//1426 1188//1426
f 1192//1427 1191//1427 1190//1427
f 1188//1428 1191//1429 1187//1430
f 1187//1430 1191//1429 1179//1411
f 1179//1411 1191//1429 1185//1412
f 404//1431 1193//1431 406//1431
f 1189//1432 1193//1433 404//1434
f 406//1435 1193//1436 408//1437
f 1194//1438 1195//1438 1192//1438
f 1196//1439 1195//1440 1194//1441
f 1192//1442 1195//1443 1191//1444
f 1191//1444 1195//1443 1185//1423
f 1185//1423 1195//1443 1189//1424
f 1193//1436 1197//1445 408//1437
f 408//1446 1197//1446 410//1446
f 410//1447 1197//1448 412//1449
f 1198//1450 1199//1450 1196//1450
f 1200//1451 1199//1452 1198//1453
f 1195//1440 1199//1454 1189//1432
f 1189//1432 1199//1454 1193//1433
f 1196//1439 1199//1454 1195//1440
f 1197//1448 1201//1455 412//1449
f 412//1456 1201//1456 414//1456
f 414//1457 1201//1458 416//1459
f 1202//1460 1203//1460 1200//1460
f 1204//1461 1203//1462 1202//1463
f 1193//1436 1203//1464 1197//1445
f 1200//1451 1203//1464 1199//1452
f 1199//1452 1203//1464 1193//1436
f 1201//1458 1205//1465 416//1459
f 416//1466 1205//1466 418//1466
f 418//1467 1205//1468 420//1469
f 1206//1470 1207//1470 1204//1470
f 1208//1471 1207//1472 1206//1473
f 1197//1448 1207//1474 1201//1455
f 1204//1461 1207//1474 1203//1462
f 1203//1462 1207//1474 1197//1448
f 1205//1468 1209//1475 420//1469
f 420//1476 1209//1476 422//1476
f 422//1477 1209//1478 424//1479
f 1210//1480 1211//1480 1208//1480
f 1212//1481 1211//1482 1210//1483
f 1201//1458 1211//1484 1205//1465
f 1207//1472 1211//1484 1201//1458
f 1208//1471 1211//1484 1207//1472
f 1209//1478 1213//1485 424//1479
f 424//1486 1213//1486 426//1486
f 426//1487 1213//1488 428//1489
f 1212//1481 1214//1490 1211//1482
f 1215//1491 1214//1491 1212//1491
f 1216//1492 1214//1493 1215//1494
f 1205//1468 1214//1490 1209//1475
f 1211//1482 1214//1490 1205//1468
f 1213//1488 1217//1495 428//1489
f 428//1496 1217//1496 430//1496
f 430//1497 1217//1498 432//1499
f 1209//1478 1218//1500 1213//1485
f 1219//1501 1218//1501 1216//1501
f 1220//1502 1218//1503 1219//1504
f 1214//1493 1218//1500 1209//1478
f 1216//1492 1218//1500 1214//1493
f 1217//1498 1221//1505 432//1499
f 432//1506 1221//1506 434//1506
f 434//1507 1221//1508 436//1509
f 1222//1510 1223//1510 1220//1510
f 1224//1511 1223//1512 1222//1513
f 1220//1502 1223//1514 1218//1503
f 1213//1488 1223//1514 1217//1495
f 1218//1503 1223//1514 1213//1488
f 1221//1508 1225//1515 436//1509
f 436//1516 1225//1516 438//1516
f 438//1517 1225//1518 440//1519
f 1223//1512 1226//1520 1217//1498
f 1227//1521 1226//1521 1224//1521
f 1228//1522 1226//1523 1227//1524
f 1217//1498 1226//1520 1221//1505
f 1224//1511 1226//1520 1223//1512
f 1225//1518 1229//1525 440//1519
f 440//1526 1229//1526 442//1526
f 442//1527 1229//1528 444//1529
f 1228//1522 1230//1530 1226//1523
f 1226//1523 1230//1530 1221//1508
f 1231//1531 1230//1531 1228//1531
f 1232//1532 1230//1533 1231//1534
f 1221//1508 1230//1530 1225//1515
f 1229//1528 1233//1535 444//1529
f 444//1536 1233//1536 445//1536
f 445//1537 1233//1538 448//1539
f 1225//1518 1234//1540 1229//1525
f 1235//1541 1234//1541 1232//1541
f 1236//1542 1234//1543 1235//1544
f 1230//1533 1234//1540 1225//1518
f 1232//1532 1234//1540 1230//1533
f 1233//1538 1237//1545 448//1539
f 448//1546 1237//1546 450//1546
f 1234//1543 1238//1547 1229//1528
f 1239//1548 1238//1548 1236//1548
f 1240//1549 1238//1550 1239//1551
f 1229//1528 1238//1547 1233//1535
f 1236//1542 1238//1547 1234//1543
f 1237//1552 1241//1553 450//1554
f 450//1554 1241//1553 452//1555
f 452//1556 1241//1556 454//1556
f 1238//1550 1242//1557 1233//1538
f 1243//1558 1242//1558 1240//1558
f 1233//1538 1242//1557 1237//1545
f 1240//1549 1242//1557 1238//1550
f 456//1559 1244//1559 458//1559
f 1241//1560 1244//1561 454//1562
f 454//1562 1244//1561 456//1563
f 1237//1552 1245//1564 1241//1553
f 1243//1565 1245//1564 1242//1566
f 1246//1567 1245//1564 1243//1565
f 1247//1568 1245//1568 1246//1568
f 1242//1566 1245//1564 1237//1552
f 458//1569 1248//1570 460//1571
f 460//1572 1248//1572 462//1572
f 1244//1573 1248//1570 458//1569
f 1247//1574 1249//1575 1245//1576
f 1250//1577 1249//1575 1247//1574
f 1251//1578 1249//1578 1250//1578
f 1241//1560 1249//1575 1244//1561
f 1245//1576 1249//1575 1241//1560
f 462//1579 1252//1580 464//1581
f 464//1582 1252//1582 466//1582
f 1248//1583 1252//1580 462//1579
f 1251//1584 1253//1585 1249//1586
f 1254//1587 1253//1585 1251//1584
f 1255//1588 1253//1588 1254//1588
f 1244//1573 1253//1585 1248//1570
f 1249//1586 1253//1585 1244//1573
f 466//1589 1256//1590 468//1591
f 468//1592 1256//1592 469//1592
f 1252//1593 1256//1590 466//1589
f 1255//1594 1257//1595 1253//1596
f 1258//1597 1257//1595 1255//1594
f 1259//1598 1257//1598 1258//1598
f 1248//1583 1257//1595 1252//1580
f 1253//1596 1257//1595 1248//1583
f 469//1599 1260//1600 472//1601
f 1256//1602 1260//1600 469//1599
f 472//1603 1260//1603 473//1603
f 1261//1604 1262//1605 1259//1606
f 1263//1607 1262//1607 1261//1607
f 1252//1593 1262//1605 1256//1590
f 1257//1608 1262//1605 1252//1593
f 1259//1606 1262//1605 1257//1608
f 473//1609 1264//1610 476//1611
f 1260//1612 1264//1610 473//1609
f 476//1613 1264//1614 478//1614
f 1263//1615 1265//1616 1262//1617
f 1256//1602 1265//1616 1260//1600
f 1266//1618 1265//1616 1263//1615
f 1267//1619 1265//1619 1266//1619
f 1262//1617 1265//1616 1256//1602
f 478//1620 1268//1621 479//1622
f 479//1623 1268//1623 481//1623
f 1264//1624 1268//1621 478//1620
f 1267//1625 1269//1626 1265//1627
f 1270//1628 1269//1626 1267//1625
f 1271//1629 1269//1629 1270//1629
f 1260//1612 1269//1626 1264//1610
f 1265//1627 1269//1626 1260//1612
f 481//1630 1272//1631 483//1632
f 483//1633 1272//1633 486//1633
f 1268//1634 1272//1631 481//1630
f 1264//1624 1273//1635 1268//1621
f 1269//1636 1273//1635 1264//1624
f 1274//1637 1273//1635 1271//1638
f 1275//1639 1273//1639 1274//1639
f 1271//1638 1273//1635 1269//1636
f 486//1640 1276//1641 488//1642
f 488//1643 1276//1643 489//1643
f 1272//1644 1276//1641 486//1640
f 1268//1634 1277//1645 1272//1631
f 1278//1646 1277//1645 1275//1647
f 1279//1648 1277//1648 1278//1648
f 1273//1649 1277//1645 1268//1634
f 1272//1644 1277//1650 1276//1641
f 1275//1647 1277//1645 1273//1649
f 489//1651 1280//1652 492//1653
f 492//1654 1280//1654 493//1654
f 1276//1655 1280//1652 489//1651
f 1277//1650 1281//1656 1276//1641
f 1276//1655 1281//1657 1280//1652
f 1282//1658 1281//1656 1279//1659
f 1283//1660 1281//1660 1282//1660
f 1279//1659 1281//1656 1277//1650
f 493//1661 1284//1661 496//1661
f 496//1662 1284//1662 498//1662
f 1280//1663 1284//1664 493//1665
f 1283//1666 1285//1667 1281//1657
f 1286//1668 1285//1667 1283//1666
f 1287//1669 1285//1669 1286//1669
f 1281//1657 1285//1667 1280//1652
f 1284//1670 1288//1671 498//1672
f 498//1673 1288//1673 500//1673
f 500//1674 1288//1674 502//1674
f 1285//1675 1289//1676 1280//1663
f 1280//1663 1289//1676 1284//1664
f 1287//1677 1289//1676 1285//1675
f 1290//1678 1289//1678 1287//1678
f 1291//1679 1289//1679 1290//1679
f 502//1680 1292//1680 503//1680
f 503//1681 1292//1681 506//1681
f 1288//1682 1292//1683 502//1684
f 1289//1685 1293//1686 1284//1670
f 1284//1670 1293//1686 1288//1671
f 1288//1682 1293//1687 1292//1683
f 1291//1688 1293//1686 1289//1685
f 1294//1689 1293//1689 1291//1689
f 1295//1690 1293//1690 1294//1690
f 506//1691 1296//1691 508//1691
f 508//1692 1296//1692 510//1692
f 510//1693 1296//1693 511//1693
f 1292//1694 1296//1695 506//1696
f 1293//1687 1297//1697 1292//1683
f 1295//1698 1297//1697 1293//1687
f 1298//1699 1297//1699 1295//1699
f 1299//1700 1297//1700 1298//1700
f 511//1701 1300//1702 1301//1703
f 1297//1704 1300//1705 1292//1694
f 1299//1706 1300//1705 1297//1704
f 1302//1707 1300//1707 1299//1707
f 1303//1708 1300//1708 1302//1708
f 1301//1709 1300//1709 1303//1709
f 1292//1694 1300//1705 1296//1695
f 1296//1710 1300//1702 511//1701
f 258//1711 1304//1711 260//1711
f 260//1712 1304//1712 262//1712
f 262//1713 1304//1713 264//1713
f 264//1399 1305//1399 266//1399
f 266//1714 1305//1714 268//1714
f 1304//1401 1305//1715 264//1403
f 1306//1716 1307//1716 1308//1716
f 1309//1405 1307//1405 1306//1405
f 1310//1406 1307//1406 1309//1406
f 258//1717 1307//1408 1304//1718
f 1308//1410 1307//1408 258//1717
f 1305//1411 1311//1412 268//1719
f 268//1414 1311//1414 270//1414
f 270//1415 1311//1415 272//1415
f 1312//1720 1313//1720 1310//1720
f 1314//1721 1313//1721 1312//1721
f 1304//1401 1313//1722 1305//1715
f 1310//1419 1313//1722 1307//1723
f 1307//1723 1313//1722 1304//1401
f 1311//1724 1315//1725 272//1726
f 272//1727 1315//1727 274//1727
f 274//1728 1315//1728 276//1728
f 1316//1729 1317//1729 1314//1729
f 1318//1427 1317//1427 1316//1427
f 1314//1428 1317//1429 1313//1430
f 1313//1430 1317//1429 1305//1411
f 1305//1411 1317//1429 1311//1412
f 276//1730 1319//1730 278//1730
f 278//1731 1319//1436 280//1732
f 1315//1733 1319//1433 276//1434
f 1320//1438 1321//1438 1318//1438
f 1322//1439 1321//1734 1320//1441
f 1318//1442 1321//1443 1317//1735
f 1317//1735 1321//1443 1311//1724
f 1311//1724 1321//1443 1315//1725
f 1319//1436 1323//1736 280//1732
f 280//1737 1323//1737 282//1737
f 282//1447 1323//1448 284//1738
f 1324//1739 1325//1739 1322//1739
f 1326//1740 1325//1452 1324//1741
f 1321//1734 1325//1454 1315//1733
f 1315//1733 1325//1454 1319//1433
f 1322//1439 1325//1454 1321//1734
f 1323//1448 1327//1455 284//1738
f 284//1742 1327//1742 286//1742
f 286//1457 1327//1743 288//1459
f 1328//1460 1329//1460 1326//1460
f 1330//1744 1329//1462 1328//1745
f 1319//1436 1329//1746 1323//1736
f 1326//1740 1329//1746 1325//1452
f 1325//1452 1329//1746 1319//1436
f 1327//1743 1331//1465 288//1459
f 288//1747 1331//1747 290//1747
f 290//1748 1331//1468 292//1749
f 1332//1750 1333//1750 1330//1750
f 1334//1471 1333//1751 1332//1752
f 1323//1448 1333//1474 1327//1455
f 1330//1744 1333//1474 1329//1462
f 1329//1462 1333//1474 1323//1448
f 1331//1468 1335//1753 292//1749
f 292//1754 1335//1754 294//1754
f 294//1755 1335//1756 296//1479
f 1336//1480 1337//1480 1334//1480
f 1338//1757 1337//1758 1336//1759
f 1327//1743 1337//1760 1331//1465
f 1333//1751 1337//1760 1327//1743
f 1334//1471 1337//1760 1333//1751
f 1335//1756 1339//1761 296//1479
f 296//1486 1339//1486 298//1486
f 298//1762 1339//1763 300//1764
f 1338//1757 1340//1490 1337//1758
f 1341//1765 1340//1765 1338//1765
f 1342//1766 1340//1493 1341//1767
f 1331//1468 1340//1490 1335//1753
f 1337//1758 1340//1490 1331//1468
f 1339//1763 1343//1768 300//1764
f 300//1769 1343//1769 302//1769
f 302//1770 1343//1498 304//1771
f 1344//1772 1345//1772 1342//1772
f 1346//1773 1345//1774 1344//1775
f 1342//1766 1345//1776 1340//1493
f 1340//1493 1345//1776 1335//1756
f 1335//1756 1345//1776 1339//1761
f 1343//1498 1347//1777 304//1771
f 304//1506 1347//1506 306//1506
f 306//1778 1347//1779 308//1780
f 1348//1781 1349//1781 1346//1781
f 1350//1782 1349//1512 1348//1783
f 1339//1763 1349//1784 1343//1768
f 1346//1773 1349//1784 1345//1774
f 1345//1774 1349//1784 1339//1763
f 1347//1779 1351//1785 308//1780
f 308//1516 1351//1516 310//1516
f 310//1786 1351//1787 312//1788
f 1349//1512 1352//1520 1343//1498
f 1353//1521 1352//1521 1350//1521
f 1343//1498 1352//1520 1347//1777
f 1354//1789 1352//1790 1353//1524
f 1350//1782 1352//1520 1349//1512
f 1351//1787 1355//1791 312//1788
f 312//1792 1355//1792 314//1792
f 314//1527 1355//1793 316//1529
f 1352//1790 1356//1794 1347//1779
f 1354//1789 1356//1794 1352//1790
f 1357//1531 1356//1531 1354//1531
f 1358//1795 1356//1533 1357//1796
f 1347//1779 1356//1794 1351//1785
f 1355//1793 1359//1797 316//1529
f 316//1798 1359//1798 317//1798
f 317//1537 1359//1538 320//1539
f 1351//1787 1360//1540 1355//1791
f 1361//1541 1360//1541 1358//1541
f 1362//1542 1360//1543 1361//1799
f 1356//1533 1360//1540 1351//1787
f 1358//1795 1360//1540 1356//1533
f 1359//1538 1363//1545 320//1539
f 320//1546 1363//1546 322//1546
f 1360//1543 1364//1800 1355//1793
f 1365//1548 1364//1548 1362//1548
f 1366//1801 1364//1802 1365//1803
f 1355//1793 1364//1800 1359//1797
f 1362//1542 1364//1800 1360//1543
f 1363//1552 1367//1804 322//1554
f 322//1554 1367//1804 324//1555
f 324//1805 1367//1805 326//1805
f 1364//1802 1368//1806 1359//1538
f 1369//1558 1368//1558 1366//1558
f 1366//1801 1368//1806 1364//1802
f 1359//1538 1368//1806 1363//1545
f 328//1807 1370//1807 330//1807
f 1367//1808 1370//1809 326//1810
f 326//1810 1370//1809 328//1563
f 1371//1811 1372//1812 1369//1565
f 1369//1565 1372//1812 1368//1813
f 1373//1568 1372//1568 1371//1568
f 1363//1552 1372//1812 1367//1804
f 1368//1813 1372//1812 1363//1552
f 330//1814 1374//1815 332//1816
f 332//1817 1374//1817 334//1817
f 1370//1818 1374//1815 330//1814
f 1375//1819 1376//1575 1373//1574
f 1377//1578 1376//1578 1375//1578
f 1367//1808 1376//1575 1370//1809
f 1372//1820 1376//1575 1367//1808
f 1370//1818 1376//1821 1374//1815
f 1373//1574 1376//1575 1372//1820
f 334//1822 1378//1580 336//1823
f 336//1582 1378//1582 338//1582
f 1374//1824 1378//1580 334//1822
f 1379//1825 1380//1826 1377//1827
f 1381//1588 1380//1588 1379//1588
f 1376//1821 1380//1826 1374//1815
f 1377//1827 1380//1826 1376//1821
f 338//1828 1382//1829 340//1830
f 340//1831 1382//1831 341//1831
f 1378//1593 1382//1829 338//1828
f 1381//1832 1383//1595 1380//1833
f 1380//1833 1383//1595 1374//1824
f 1384//1597 1383//1595 1381//1832
f 1385//1834 1383//1834 1384//1834
f 1374//1824 1383//1595 1378//1580
f 341//1835 1386//1836 344//1837
f 344//1603 1386//1603 345//1603
f 1382//1838 1386//1836 341//1835
f 1387//1604 1388//1839 1385//1840
f 1389//1841 1388//1841 1387//1841
f 1383//1608 1388//1839 1378//1593
f 1378//1593 1388//1839 1382//1829
f 1385//1840 1388//1839 1383//1608
f 345//1842 1390//1843 348//1611
f 348//1844 1390//1844 350//1844
f 1386//1845 1390//1843 345//1842
f 1388//1846 1391//1616 1382//1838
f 1382//1838 1391//1616 1386//1836
f 1389//1847 1391//1616 1388//1846
f 1392//1848 1391//1616 1389//1847
f 1393//1849 1391//1849 1392//1849
f 350//1850 1394//1621 351//1622
f 351//1851 1394//1851 353//1851
f 1390//1624 1394//1621 350//1850
f 1391//1852 1395//1626 1386//1845
f 1386//1845 1395//1626 1390//1843
f 1393//1853 1395//1626 1391//1852
f 1396//1854 1395//1626 1393//1853
f 1397//1855 1395//1855 1396//1855
f 353//1630 1398//1631 355//1632
f 355//1856 1398//1856 358//1856
f 1394//1634 1398//1631 353//1630
f 1390//1624 1399//1635 1394//1621
f 1400//1857 1399//1635 1397//1858
f 1395//1859 1399//1635 1390//1624
f 1401//1639 1399//1639 1400//1639
f 1397//1858 1399//1635 1395//1859
f 358//1860 1402//1861 360//1862
f 360//1863 1402//1863 361//1863
f 1398//1864 1402//1861 358//1860
f 1394//1634 1403//1645 1398//1631
f 1399//1865 1403//1645 1394//1634
f 1404//1646 1403//1645 1401//1866
f 1405//1867 1403//1867 1404//1867
f 1398//1864 1403//1650 1402//1861
f 1401//1866 1403//1645 1399//1865
f 361//1868 1406//1869 364//1870
f 364//1871 1406//1871 365//1871
f 1402//1872 1406//1869 361//1868
f 1403//1650 1407//1873 1402//1861
f 1402//1872 1407//1657 1406//1869
f 1408//1874 1407//1873 1405//1875
f 1409//1876 1407//1876 1408//1876
f 1405//1875 1407//1873 1403//1650
f 365//1661 1410//1661 368//1661
f 368//1877 1410//1877 370//1877
f 1406//1663 1410//1878 365//1665
f 1407//1657 1411//1879 1406//1869
f 1409//1880 1411//1879 1407//1657
f 1412//1881 1411//1879 1409//1880
f 1413//1669 1411//1669 1412//1669
f 370//1673 1414//1673 372//1673
f 372//1674 1414//1674 374//1674
f 1410//1670 1414//1882 370//1883
f 1406//1663 1415//1884 1410//1878
f 1413//1677 1415//1884 1411//1885
f 1416//1886 1415//1886 1413//1886
f 1417//1679 1415//1679 1416//1679
f 1411//1885 1415//1884 1406//1663
f 374//1887 1418//1887 375//1887
f 375//1681 1418//1681 378//1681
f 1414//1683 1418//1888 374//1889
f 1415//1890 1419//1891 1410//1670
f 1410//1670 1419//1891 1414//1882
f 1417//1688 1419//1891 1415//1890
f 1420//1689 1419//1689 1417//1689
f 1421//1892 1419//1892 1420//1892
f 378//1893 1422//1893 380//1893
f 1418//1694 1422//1894 378//1696
f 380//1895 1422//1895 382//1895
f 382//1896 1422//1896 383//1896
f 1419//1697 1423//1897 1414//1683
f 1414//1683 1423//1897 1418//1888
f 1421//1698 1423//1897 1419//1697
f 1424//1898 1423//1898 1421//1898
f 1425//1899 1423//1899 1424//1899
f 383//1701 1426//1702 1427//1900
f 1418//1694 1426//1901 1422//1894
f 1422//1902 1426//1702 383//1701
f 1425//1706 1426//1901 1423//1704
f 1428//1903 1426//1903 1425//1903
f 1429//1904 1426//1904 1428//1904
f 1427//1905 1426//1905 1429//1905
f 1423//1704 1426//1901 1418//1694
f 772//499 773//499 1430//499
f 1430//499 773//499 1431//499
f 773//1906 774//1906 1431//1906
f 1431//1906 774//1906 1432//1906
f 774//502 775//502 1432//502
f 1432//502 775//502 1433//502
f 775//1907 779//1907 1433//1908
f 1433//1908 779//1907 1434//1908
f 779//1909 780//1909 1434//504
f 1434//504 780//1909 1435//504
f 780//506 784//506 1435//506
f 1435//506 784//506 1436//506
f 784//507 785//507 1436//1910
f 1436//1910 785//507 1437//507
f 1437//1911 785//509 1438//1911
f 785//509 789//509 1438//1911
f 1438//1912 789//1913 1439//1912
f 789//1913 790//1913 1439//1912
f 790//1914 794//1914 1439//1915
f 1439//1915 794//1914 1440//1915
f 794//1916 795//1917 1440//1917
f 1440//1917 795//1917 1441//1916
f 1441//515 799//1918 1442//515
f 795//1918 799//1918 1441//515
f 1442//1919 800//1920 1443//1921
f 799//1922 800//1920 1442//1919
f 1443//1923 804//1923 1444//1923
f 800//1923 804//1923 1443//1923
f 1444//1924 805//1925 1445//1925
f 804//1925 805//1925 1444//1924
f 1445//1926 809//1927 1446//1926
f 805//1927 809//1927 1445//1926
f 1446//1928 810//1929 1447//1928
f 809//1929 810//1929 1446//1928
f 810//1930 814//1930 1447//1931
f 1447//1931 814//1930 1448//1932
f 814//1933 815//1933 1448//1933
f 1448//1933 815//1933 1449//1933
f 815//1934 819//1935 1449//1936
f 1449//1936 819//1935 1450//1935
f 819//1937 820//1937 1450//1937
f 1450//1937 820//1937 1451//1937
f 820//1938 824//1939 1451//1940
f 1451//1940 824//1939 1452//1940
f 824//537 825//1941 1452//1942
f 1452//1942 825//1941 1453//1942
f 1453//1943 825//1943 1454//1943
f 825//1943 829//1943 1454//1943
f 1454//1944 829//1945 1455//1944
f 829//1945 830//1945 1455//1944
f 1455//1946 830//1947 1456//1946
f 830//1947 834//1946 1456//1946
f 834//1948 835//1949 1456//1950
f 1456//1950 835//1949 1457//1948
f 1457//1951 835//1951 1458//1952
f 835//1951 839//1953 1458//1952
f 839//1954 840//1954 1458//1955
f 1458//1955 840//1954 1459//1955
f 840//1956 844//1956 1459//1956
f 1459//1956 844//1956 1460//1956
f 1460//1957 844//1958 1461//1957
f 844//1958 845//1958 1461//1957
f 845//552 848//552 1461//552
f 1461//552 848//552 1462//552
f 848//1959 852//1959 1462//1960
f 1462//1960 852//1959 1463//1960
f 852//1961 853//1961 1463//1961
f 1463//1961 853//1961 1464//1961
f 853//1962 854//1962 1464//1963
f 1464//1963 854//1962 1465//1963
f 1465//1964 856//1965 1466//1965
f 854//1966 856//1965 1465//1964
f 1466//1967 860//1968 1467//1969
f 856//1969 860//1968 1466//1967
f 1467//1970 861//1971 1468//1970
f 860//1970 861//1971 1467//1970
f 1468//1972 865//1973 1469//1972
f 861//1973 865//1973 1468//1972
f 1469//1974 866//1974 1470//1974
f 865//1974 866//1974 1469//1974
f 1470//1975 870//1976 1471//568
f 866//1976 870//1976 1470//1975
f 1471//1977 871//1978 1472//1977
f 1472//1979 871//1979 1473//1979
f 870//1977 871//1978 1471//1977
f 871//1979 875//1979 1473//1979
f 875//1980 876//1980 1473//1981
f 1473//1981 876//1980 1474//1982
f 876//1983 880//1983 1474//1983
f 1474//1983 880//1983 1475//1983
f 1475//1984 881//1985 1476//1986
f 1476//579 881//1987 1477//579
f 880//1985 881//1985 1475//1984
f 881//1987 885//1988 1477//579
f 1477//1989 886//1990 1478//1989
f 885//1990 886//1990 1477//1989
f 1478//1991 890//1992 1479//1991
f 886//1991 890//1992 1478//1991
f 1479//1993 891//1993 1480//1993
f 890//1993 891//1993 1479//1993
f 1480//589 897//588 1481//589
f 891//588 897//588 1480//589
f 1481//1994 898//591 1482//1994
f 897//591 898//591 1481//1994
f 1482//1995 902//1995 1483//1995
f 898//1995 902//1995 1482//1995
f 1483//1996 903//595 1484//1997
f 902//595 903//595 1483//1996
f 1484//1998 907//1999 1485//1998
f 903//1999 907//1999 1484//1998
f 1485//2000 908//597 1486//2000
f 907//597 908//597 1485//2000
f 1486//2001 912//2002 1487//2003
f 908//2001 912//2002 1486//2001
f 1487//2004 913//2004 1488//2004
f 912//2004 913//2004 1487//2004
f 1488//2005 917//604 1489//2005
f 913//604 917//604 1488//2005
f 1489//2006 918//605 1490//2006
f 1490//606 918//606 1491//606
f 917//605 918//605 1489//2006
f 918//606 924//606 1491//606
f 1491//2007 925//2007 1492//2007
f 1492//609 925//609 1493//609
f 924//2007 925//2007 1491//2007
f 925//609 919//609 1493//609
f 1494//552 1495//552 1496//552
f 1497//552 1495//552 1494//552
f 1498//2008 1499//2008 1500//2008
f 1501//2008 1500//2008 1502//2008
f 1503//2008 1498//2008 1500//2008
f 1503//2008 1500//2008 1501//2008
f 1504//2008 1501//2008 1502//2008
f 1505//2008 1501//2008 1504//2008
f 1506//2008 1505//2008 1507//2008
f 1506//2008 1501//2008 1505//2008
f 1508//2009 1509//2009 1510//2009
f 1511//2009 1508//2009 1512//2009
f 1513//2009 1508//2009 1511//2009
f 1513//2009 1509//2009 1508//2009
f 1514//2010 1513//2011 1498//2011
f 1498//2011 1511//2012 1499//2012
f 1513//2011 1511//2012 1498//2011
f 1511//2013 1500//2013 1499//2013
f 1512//2013 1497//2013 1511//2013
f 1511//2013 1497//2013 1500//2013
f 1505//2013 1495//2013 1507//2013
f 1495//2013 1515//2013 1507//2013
f 1512//2013 1515//2013 1497//2013
f 1497//2013 1515//2013 1495//2013
f 1516//552 1512//552 1508//552
f 1517//552 1516//552 1508//552
f 1518//552 1515//552 1516//552
f 1515//552 1512//552 1516//552
f 1082//2009 1494//2009 1084//2009
f 1086//2009 1084//2009 1494//2009
f 1080//2009 1494//2009 1082//2009
f 1089//2009 1086//2009 1494//2009
f 1078//2009 1494//2009 1080//2009
f 1090//2009 1089//2009 1494//2009
f 1076//2009 1494//2009 1078//2009
f 1093//2009 1090//2009 1494//2009
f 1074//2009 1494//2009 1076//2009
f 1094//2009 1093//2009 1494//2009
f 1072//2009 1494//2009 1074//2009
f 1096//2009 1094//2009 1494//2009
f 1070//2009 1494//2009 1072//2009
f 1098//2009 1096//2009 1494//2009
f 1068//2009 1494//2009 1070//2009
f 1101//2014 1098//2009 1494//2009
f 1066//2009 1494//2009 1068//2009
f 1102//2009 1494//2009 1502//2009
f 1102//2009 1101//2014 1494//2009
f 1064//2009 1494//2009 1066//2009
f 1105//2015 1102//2009 1502//2009
f 1062//2009 1494//2009 1064//2009
f 1106//2009 1105//2015 1502//2009
f 1060//2015 1494//2009 1062//2009
f 1109//2009 1106//2009 1502//2009
f 1058//2009 1494//2009 1060//2015
f 1110//2015 1109//2009 1502//2009
f 1057//2009 1494//2009 1058//2009
f 1113//2009 1110//2015 1502//2009
f 1054//2009 1494//2009 1057//2009
f 1114//2009 1113//2009 1502//2009
f 1056//2009 1494//2009 1054//2009
f 1117//2009 1114//2009 1502//2009
f 1519//2009 1494//2009 1056//2009
f 1120//2009 1117//2009 1502//2009
f 1520//2009 1494//2009 1519//2009
f 1121//2009 1120//2009 1502//2009
f 1521//2014 1494//2009 1520//2009
f 1123//2009 1121//2009 1502//2009
f 1522//2009 1494//2009 1521//2014
f 1125//2009 1123//2009 1502//2009
f 1523//2009 1494//2009 1522//2009
f 1128//2009 1125//2009 1502//2009
f 1129//2009 1128//2009 1502//2009
f 1132//2009 1129//2009 1502//2009
f 1133//2009 1132//2009 1502//2009
f 1136//2009 1133//2009 1502//2009
f 1137//2009 1136//2009 1502//2009
f 1140//2009 1137//2009 1502//2009
f 1141//2009 1140//2009 1502//2009
f 1144//2009 1141//2009 1502//2009
f 1145//2009 1144//2009 1502//2009
f 1148//2009 1145//2009 1502//2009
f 1149//2009 1148//2009 1502//2009
f 1151//2009 1149//2009 1502//2009
f 1153//2009 1151//2009 1502//2009
f 1156//2009 1153//2009 1502//2009
f 1157//2009 1156//2009 1502//2009
f 1160//2009 1157//2009 1502//2009
f 1161//2009 1160//2009 1502//2009
f 1163//2009 1161//2009 1502//2009
f 1165//2009 1163//2009 1502//2009
f 1168//2009 1165//2009 1502//2009
f 1169//2009 1168//2009 1502//2009
f 1172//2009 1169//2009 1502//2009
f 1173//2009 1172//2009 1502//2009
f 1176//2009 1173//2009 1502//2009
f 1177//2009 1176//2009 1502//2009
f 1175//2009 1177//2009 1502//2009
f 956//2009 1524//2009 958//2009
f 956//2009 1525//2009 1524//2009
f 960//2009 958//2009 1524//2009
f 960//2009 1524//2009 1526//2009
f 954//2009 1525//2009 956//2009
f 954//2009 1527//2009 1525//2009
f 963//2009 960//2009 1526//2009
f 963//2009 1526//2009 1528//2009
f 952//2009 1527//2009 954//2009
f 952//2009 1529//2009 1527//2009
f 964//2009 963//2009 1528//2009
f 964//2009 1528//2009 1530//2009
f 950//2009 1529//2009 952//2009
f 950//2009 1531//2009 1529//2009
f 966//2009 964//2009 1530//2009
f 966//2009 1532//2009 1533//2009
f 966//2009 1530//2009 1532//2009
f 948//2009 1531//2009 950//2009
f 948//2009 1534//2009 1531//2009
f 968//2009 966//2009 1533//2009
f 946//2009 1534//2009 948//2009
f 946//2009 1535//2009 1534//2009
f 970//2009 968//2009 1533//2009
f 970//2009 1533//2009 1536//2009
f 944//2009 1535//2009 946//2009
f 944//2009 1537//2009 1535//2009
f 972//2009 970//2009 1536//2009
f 972//2009 1536//2009 1538//2009
f 942//2009 1537//2009 944//2009
f 942//2009 1539//2009 1537//2009
f 975//2009 972//2009 1538//2009
f 975//2009 1538//2009 1540//2009
f 940//2009 1539//2009 942//2009
f 940//2009 1541//2009 1539//2009
f 976//2009 975//2009 1540//2009
f 976//2009 1542//2009 1543//2009
f 976//2009 1540//2009 1542//2009
f 979//2009 976//2009 1543//2009
f 980//2009 979//2009 1543//2009
f 980//2009 1543//2009 1544//2009
f 983//2009 980//2009 1544//2009
f 983//2009 1544//2009 1545//2009
f 984//2009 983//2009 1545//2009
f 984//2009 1545//2009 1546//2009
f 987//2009 984//2009 1546//2009
f 987//2009 1546//2009 1547//2009
f 988//2009 1547//2009 1548//2009
f 988//2009 987//2009 1547//2009
f 991//2009 1548//2009 1549//2009
f 991//2009 988//2009 1548//2009
f 994//2009 991//2009 1549//2009
f 994//2009 1549//2009 1550//2009
f 995//2009 1550//2009 1551//2009
f 995//2009 994//2009 1550//2009
f 998//2009 1551//2009 1552//2009
f 998//2009 995//2009 1551//2009
f 999//2009 1552//2009 1553//2009
f 999//2009 998//2009 1552//2009
f 1002//2009 999//2009 1553//2009
f 1002//2009 1553//2009 1554//2009
f 1003//2009 1554//2009 1555//2009
f 1003//2009 1002//2009 1554//2009
f 1497//2009 1494//2009 1523//2009
f 1497//2009 1541//2009 940//2009
f 1497//2009 1556//2009 1557//2009
f 1497//2009 1558//2009 1556//2009
f 1497//2009 1559//2009 1558//2009
f 1497//2009 1560//2009 1559//2009
f 1497//2009 1561//2009 1560//2009
f 1497//2009 1562//2009 1561//2009
f 1497//2009 930//2009 1562//2009
f 1497//2009 928//2009 930//2009
f 1497//2009 931//2009 928//2009
f 1497//2009 932//2015 931//2009
f 1497//2009 934//2009 932//2015
f 1497//2009 936//2009 934//2009
f 1497//2009 938//2015 936//2009
f 1497//2009 940//2009 938//2015
f 1497//2009 1563//2009 1541//2009
f 1497//2009 1523//2009 1563//2009
f 1005//2009 1555//2009 1564//2009
f 1005//2009 1003//2009 1555//2009
f 1565//2009 1497//2009 1557//2009
f 1007//2009 1005//2009 1564//2009
f 1007//2009 1564//2009 1566//2009
f 1567//2009 1497//2009 1565//2009
f 1010//2009 1566//2009 1568//2009
f 1010//2009 1007//2009 1566//2009
f 1569//2009 1497//2009 1567//2009
f 1011//2009 1010//2009 1568//2009
f 1011//2009 1568//2009 1570//2009
f 1571//2009 1497//2009 1569//2009
f 1014//2009 1011//2009 1570//2009
f 1014//2009 1570//2009 1572//2009
f 1573//2009 1497//2009 1571//2009
f 1015//2009 1014//2009 1572//2009
f 1015//2009 1572//2009 1574//2009
f 1575//2009 1497//2009 1573//2009
f 1018//2009 1015//2009 1574//2009
f 1018//2009 1576//2009 1577//2009
f 1018//2009 1574//2009 1576//2009
f 1578//2009 1497//2009 1575//2009
f 1019//2009 1018//2009 1577//2009
f 1579//2009 1497//2009 1578//2009
f 1022//2009 1019//2009 1577//2009
f 1022//2009 1580//2009 1581//2009
f 1022//2009 1577//2009 1580//2009
f 1582//2009 1497//2009 1579//2009
f 1023//2009 1022//2009 1581//2009
f 1583//2009 1497//2009 1582//2009
f 1026//2009 1023//2009 1581//2009
f 1026//2009 1581//2009 1584//2009
f 1585//2009 1497//2009 1583//2009
f 1027//2009 1026//2009 1584//2009
f 1027//2009 1584//2009 1586//2009
f 1587//2009 1497//2009 1585//2009
f 1029//2009 1027//2009 1586//2009
f 1029//2009 1588//2009 1589//2009
f 1029//2009 1586//2009 1588//2009
f 1590//2009 1497//2009 1587//2009
f 1031//2009 1589//2009 1591//2009
f 1031//2009 1029//2009 1589//2009
f 1592//2009 1497//2009 1590//2009
f 1034//2009 1031//2009 1591//2009
f 1593//2009 1497//2009 1592//2009
f 1035//2009 1591//2009 1594//2009
f 1035//2009 1034//2009 1591//2009
f 1595//2009 1497//2009 1593//2009
f 1038//2009 1594//2009 1596//2009
f 1038//2009 1035//2009 1594//2009
f 1597//2015 1497//2009 1595//2009
f 1039//2009 1596//2009 1598//2009
f 1039//2009 1038//2009 1596//2009
f 1599//2009 1497//2009 1597//2015
f 1042//2009 1600//2009 1601//2009
f 1042//2009 1598//2009 1600//2009
f 1042//2009 1039//2009 1598//2009
f 1043//2009 1042//2009 1601//2009
f 1046//2009 1601//2009 1602//2009
f 1046//2009 1043//2009 1601//2009
f 1500//2009 1603//2009 1049//2009
f 1500//2009 1604//2009 1603//2009
f 1500//2009 1605//2009 1604//2009
f 1500//2009 1606//2009 1605//2009
f 1500//2009 1607//2009 1606//2009
f 1500//2009 1608//2009 1607//2009
f 1500//2009 1609//2009 1608//2009
f 1500//2009 1610//2009 1609//2009
f 1500//2009 1611//2009 1610//2009
f 1500//2009 1612//2009 1611//2009
f 1500//2009 1613//2009 1612//2009
f 1500//2009 1614//2009 1613//2009
f 1500//2009 1615//2009 1614//2009
f 1500//2009 1616//2009 1615//2009
f 1500//2009 1617//2009 1616//2009
f 1500//2009 1618//2009 1617//2009
f 1500//2009 1619//2009 1618//2009
f 1500//2009 1620//2009 1619//2009
f 1500//2009 1621//2009 1620//2009
f 1500//2009 1622//2009 1621//2009
f 1500//2009 1623//2009 1622//2009
f 1500//2009 1624//2009 1623//2009
f 1500//2009 1625//2009 1624//2009
f 1500//2009 1051//2009 1050//2009
f 1500//2009 1626//2009 1625//2009
f 1500//2009 1049//2009 1051//2009
f 1500//2009 1627//2009 1626//2009
f 1500//2009 1628//2009 1627//2009
f 1500//2009 1629//2009 1628//2009
f 1500//2009 1630//2009 1629//2009
f 1500//2009 1631//2009 1630//2009
f 1500//2009 1632//2009 1631//2009
f 1500//2009 1633//2009 1632//2009
f 1500//2009 1634//2009 1633//2009
f 1500//2009 1635//2009 1634//2009
f 1500//2009 1636//2014 1635//2009
f 1500//2009 1637//2009 1636//2014
f 1500//2009 1638//2009 1637//2009
f 1500//2009 1639//2014 1638//2009
f 1500//2009 1599//2009 1639//2014
f 1500//2009 1497//2009 1599//2009
f 1502//2009 1500//2009 1175//2009
f 1175//2009 1500//2009 1640//2009
f 1640//2009 1500//2009 1641//2009
f 1641//2009 1500//2009 1642//2009
f 1642//2009 1500//2009 1602//2009
f 1602//2009 1500//2009 1050//2009
f 1602//2009 1050//2009 1047//2009
f 1602//2009 1047//2009 1046//2009
f 1494//2013 1496//2013 1504//2013
f 1494//2013 1504//2013 1502//2013
f 1643//50 1644//50 1645//50
f 1643//50 1646//50 1644//50
f 801//50 1647//50 808//2016
f 807//2017 808//2016 1647//50
f 803//2017 1647//50 801//50
f 813//2016 807//2017 1647//50
f 797//50 1647//50 803//2017
f 811//50 813//2016 1647//50
f 798//50 1647//50 797//50
f 818//50 811//50 1647//50
f 792//50 1647//50 798//50
f 817//2017 818//50 1647//50
f 793//50 1647//50 792//50
f 823//2016 817//2017 1647//50
f 786//50 1647//50 793//50
f 822//50 823//2016 1647//50
f 788//50 1647//50 786//50
f 828//2018 822//50 1647//50
f 782//2017 1647//50 788//50
f 826//2019 828//2018 1647//50
f 783//50 1647//50 782//2017
f 833//2020 826//2019 1647//50
f 777//50 1647//50 783//50
f 831//2016 833//2020 1647//50
f 778//50 1647//50 777//50
f 838//2016 831//2016 1647//50
f 767//50 1647//50 778//50
f 837//50 838//2016 1647//50
f 769//50 1647//50 767//50
f 843//50 837//50 1647//50
f 770//50 1647//50 769//50
f 841//50 843//50 1647//50
f 771//50 1647//50 770//50
f 1648//50 1647//50 771//50
f 1649//50 1647//50 1648//50
f 1650//50 1647//50 1649//50
f 1651//50 1647//50 1650//50
f 1652//50 1647//50 1651//50
f 1653//50 1647//50 1652//50
f 1654//50 1647//50 1653//50
f 562//50 1655//50 1656//50
f 558//50 1657//50 1655//50
f 558//50 1655//50 562//50
f 564//50 1656//50 1658//50
f 564//50 562//50 1656//50
f 556//50 1659//50 1660//50
f 556//50 1660//50 1657//50
f 556//50 1657//50 558//50
f 569//50 1658//50 1661//50
f 569//50 564//50 1658//50
f 552//50 1662//50 1659//50
f 552//50 1659//50 556//50
f 570//50 1661//50 1663//50
f 570//50 569//50 1661//50
f 550//50 1664//50 1662//50
f 550//50 1662//50 552//50
f 574//50 1663//50 1665//50
f 574//50 570//50 1663//50
f 546//50 1666//50 1664//50
f 546//50 1664//50 550//50
f 576//50 1665//50 1667//50
f 576//50 574//50 1665//50
f 544//50 1654//50 1666//50
f 544//50 1666//50 546//50
f 580//50 1667//50 1668//50
f 580//50 576//50 1667//50
f 540//50 1654//50 544//50
f 540//50 1647//50 1654//50
f 582//50 1668//50 1669//50
f 582//50 580//50 1668//50
f 538//50 1647//50 540//50
f 586//50 1669//50 1670//50
f 586//50 1670//50 1671//50
f 586//50 582//50 1669//50
f 534//50 1647//50 538//50
f 588//50 1671//50 1672//50
f 588//50 586//50 1671//50
f 532//50 1647//50 534//50
f 593//50 1672//50 1673//50
f 593//50 588//50 1672//50
f 528//50 1647//50 532//50
f 594//50 1673//50 1674//50
f 594//50 593//50 1673//50
f 527//50 1647//50 528//50
f 598//50 1674//50 1675//50
f 598//50 594//50 1674//50
f 522//50 1647//50 527//50
f 600//50 1675//50 1676//50
f 600//50 598//50 1675//50
f 521//50 1647//50 522//50
f 605//50 1676//50 1677//50
f 605//50 600//50 1676//50
f 518//2017 1647//50 521//50
f 606//50 1677//50 1678//50
f 606//50 605//50 1677//50
f 520//50 1647//50 518//2017
f 610//50 1678//50 1679//50
f 610//50 1679//50 1680//50
f 610//50 606//50 1678//50
f 615//50 610//50 1680//50
f 615//50 1680//50 1681//50
f 616//50 615//50 1681//50
f 616//50 1681//50 1682//50
f 620//50 616//50 1682//50
f 620//50 1682//50 1683//50
f 622//50 1683//50 1684//50
f 622//50 620//50 1683//50
f 627//50 622//50 1684//50
f 627//50 1684//50 1685//50
f 628//50 627//50 1685//50
f 628//50 1685//50 1686//50
f 633//50 628//50 1686//50
f 633//50 1686//50 1687//50
f 633//50 1687//50 1688//50
f 634//50 1688//50 1689//50
f 634//50 633//50 1688//50
f 638//50 634//50 1689//50
f 638//50 1689//50 1690//50
f 640//50 638//50 1690//50
f 640//50 1690//50 1691//50
f 645//50 1691//50 1692//50
f 645//50 640//50 1691//50
f 1693//50 1647//50 520//50
f 1693//50 1694//50 1695//50
f 1693//50 1696//50 1694//50
f 1693//50 1697//50 1696//50
f 1693//50 1698//50 1697//50
f 1693//50 1699//50 1698//50
f 1693//50 1700//50 1699//50
f 1693//50 1701//50 1700//50
f 1693//50 1702//2016 1701//50
f 1693//50 520//50 1702//2016
f 646//50 1692//50 1703//50
f 646//50 645//50 1692//50
f 651//50 646//50 1703//50
f 651//50 1703//50 1704//50
f 652//50 1704//50 1705//50
f 652//50 651//50 1704//50
f 657//50 1705//50 1706//50
f 657//50 652//50 1705//50
f 1707//50 921//50 922//50
f 1707//50 922//50 923//50
f 1707//50 923//50 915//50
f 1707//50 915//50 916//50
f 1707//50 916//50 909//50
f 1707//50 909//50 911//50
f 1707//50 841//50 1647//50
f 1707//50 911//50 904//50
f 1707//50 904//50 906//50
f 1707//50 906//50 899//50
f 1707//50 899//50 901//50
f 1707//50 901//50 894//50
f 1707//50 894//50 896//50
f 1707//50 896//50 892//50
f 1707//50 892//50 893//50
f 1707//50 893//50 887//50
f 1707//50 887//50 888//2016
f 1707//50 888//2016 882//50
f 1707//50 882//50 883//50
f 1707//50 883//50 877//50
f 1707//50 1708//50 1709//50
f 1707//50 877//50 878//2016
f 1707//50 1709//50 1710//50
f 1707//50 878//2016 872//50
f 1707//50 1710//50 1711//50
f 1707//50 872//50 873//2017
f 1707//50 1711//50 1712//50
f 1707//50 873//2017 867//2016
f 1707//50 1712//50 1713//50
f 1707//50 867//2016 868//50
f 1707//50 1713//50 1714//50
f 1707//50 868//50 862//2016
f 1707//50 1714//50 921//50
f 1707//50 862//2016 863//2016
f 1707//50 863//2016 857//50
f 1707//50 857//50 858//2017
f 1707//50 858//2017 850//2016
f 1707//50 850//2016 851//2016
f 1707//50 851//2016 846//50
f 1707//50 846//50 841//50
f 658//50 1706//50 1715//50
f 658//50 657//50 1706//50
f 662//50 658//50 1715//50
f 662//50 1715//50 1716//50
f 662//50 1716//50 1717//50
f 664//50 662//50 1717//50
f 664//50 1717//50 1718//50
f 669//50 664//50 1718//50
f 669//50 1718//50 1719//50
f 670//50 1719//50 1720//50
f 670//50 669//50 1719//50
f 675//50 1720//50 1708//50
f 675//50 670//50 1720//50
f 676//50 1708//50 1707//50
f 676//50 675//50 1708//50
f 681//50 676//50 1707//50
f 682//50 681//50 1707//50
f 687//50 682//50 1707//50
f 688//50 687//50 1707//50
f 693//50 688//50 1707//50
f 694//50 693//50 1707//50
f 701//50 694//50 1707//50
f 702//50 701//50 1707//50
f 700//50 702//50 1707//50
f 1721//50 1722//50 1723//50
f 1724//50 1725//50 1722//50
f 1724//50 1722//50 1721//50
f 1726//50 1721//50 1723//50
f 1726//50 1723//50 1727//50
f 1728//50 1729//50 1725//50
f 1728//50 1725//50 1724//50
f 1730//50 1727//50 1731//50
f 1730//50 1726//50 1727//50
f 1732//50 1729//50 1728//50
f 1733//50 1731//50 1734//50
f 1733//50 1730//50 1731//50
f 1735//50 1729//50 1732//50
f 1735//50 1736//50 1729//50
f 1737//50 1734//50 1738//50
f 1737//50 1733//50 1734//50
f 1739//50 1740//50 1736//50
f 1739//50 1736//50 1735//50
f 1741//50 1738//50 1742//50
f 1741//50 1737//50 1738//50
f 1743//50 1744//50 1740//50
f 1743//50 1740//50 1739//50
f 1745//50 1742//50 1746//50
f 1745//50 1741//50 1742//50
f 1747//50 1748//50 1744//50
f 1747//50 1744//50 1743//50
f 1749//50 1745//50 1746//50
f 1750//50 1748//50 1747//50
f 1750//50 1751//50 1748//50
f 1752//50 1749//50 1746//50
f 1752//50 1746//50 1753//50
f 1754//50 1751//50 1750//50
f 1754//50 1695//50 1751//50
f 1755//50 1752//50 1753//50
f 1755//50 1753//50 1756//50
f 1757//50 1693//50 1695//50
f 1757//50 1695//50 1754//50
f 1758//50 1755//50 1756//50
f 1758//50 1756//50 1759//50
f 1760//50 1693//50 1757//50
f 1761//50 1758//50 1759//50
f 1761//50 1759//50 1762//50
f 1763//50 1693//50 1760//50
f 1764//50 1761//50 1762//50
f 1764//50 1762//50 1765//50
f 1766//50 1693//50 1763//50
f 1767//50 1765//50 1768//50
f 1767//50 1764//50 1765//50
f 1769//50 1693//50 1766//50
f 1770//50 1768//50 1771//50
f 1770//50 1767//50 1768//50
f 1772//50 1693//50 1769//50
f 1773//50 1770//50 1771//50
f 1774//50 1693//50 1772//50
f 1775//50 1771//50 1776//50
f 1775//50 1773//50 1771//50
f 1777//50 1775//50 1776//50
f 1777//50 1776//50 1778//50
f 1779//50 1778//50 1780//50
f 1779//50 1777//50 1778//50
f 1781//50 1779//50 1780//50
f 1781//50 1780//50 1782//50
f 1783//50 1782//50 1784//50
f 1783//50 1781//50 1782//50
f 1785//50 1693//50 1774//50
f 1786//50 1783//50 1784//50
f 1786//50 1784//50 1787//50
f 1788//50 1693//50 1785//50
f 1789//50 1786//50 1787//50
f 1789//50 1787//50 1790//50
f 1791//50 1693//50 1788//50
f 1792//50 1789//50 1790//50
f 1792//50 1790//50 1793//50
f 1794//50 1693//50 1791//50
f 1795//50 1792//50 1793//50
f 1796//50 1693//50 1794//50
f 1797//50 1793//50 1798//50
f 1797//50 1795//50 1793//50
f 1799//50 1693//50 1796//50
f 1800//50 1693//50 1799//50
f 1801//50 1798//50 1802//50
f 1801//50 1797//50 1798//50
f 1803//2016 1693//50 1800//50
f 1804//50 1802//50 1805//50
f 1804//50 1801//50 1802//50
f 1806//50 1693//50 1803//2016
f 1807//50 1805//50 1808//50
f 1807//50 1804//50 1805//50
f 1809//50 1693//50 1806//50
f 1810//50 1808//50 1811//50
f 1810//50 1807//50 1808//50
f 1812//50 1693//50 1809//50
f 1813//50 1811//50 1814//50
f 1813//50 1810//50 1811//50
f 1815//50 1693//50 1812//50
f 1816//50 1814//50 1817//50
f 1816//50 1813//50 1814//50
f 1818//50 1693//50 1815//50
f 1819//50 1817//50 1820//50
f 1819//50 1816//50 1817//50
f 1821//50 1693//50 1818//50
f 1822//50 1820//50 1823//50
f 1822//50 1819//50 1820//50
f 1824//2016 1693//50 1821//50
f 1825//50 1822//50 1823//50
f 1826//50 1693//50 1824//2016
f 1827//50 1825//50 1823//50
f 1827//50 1823//50 1828//50
f 1829//2017 1693//50 1826//50
f 1830//50 1828//50 1831//50
f 1830//50 1827//50 1828//50
f 1832//2016 1693//50 1829//2017
f 1833//50 1831//50 1834//50
f 1833//50 1830//50 1831//50
f 1835//2017 1693//50 1832//2016
f 1836//50 1834//50 1837//50
f 1836//50 1833//50 1834//50
f 1838//50 1693//50 1835//2017
f 1839//50 1837//50 1840//50
f 1839//50 1836//50 1837//50
f 1841//50 1693//50 1838//50
f 1842//50 1840//50 1843//50
f 1842//50 1839//50 1840//50
f 1844//2016 1693//50 1841//50
f 1845//50 1842//50 1843//50
f 1846//2017 1693//50 1844//2016
f 1847//50 1693//50 1846//2017
f 1848//2020 1693//50 1847//50
f 1849//50 1850//50 1851//50
f 1849//50 1852//2016 1853//2017
f 1849//50 1853//2017 1854//2016
f 1849//50 1854//2016 1855//50
f 1849//50 1855//50 1856//2017
f 1849//50 1856//2017 1857//50
f 1849//50 1857//50 1858//50
f 1849//50 1858//50 1859//2016
f 1849//50 1859//2016 1860//50
f 1849//50 1860//50 1861//50
f 1849//50 1861//50 1862//50
f 1849//50 1862//50 1863//50
f 1849//50 1863//50 1864//50
f 1849//50 1864//50 1865//50
f 1849//50 1865//50 1866//50
f 1849//50 1866//50 1867//50
f 1849//50 1867//50 1868//50
f 1849//50 1868//50 1869//50
f 1849//50 1869//50 1870//50
f 1849//50 1870//50 1871//50
f 1849//50 1871//50 1872//50
f 1849//50 1872//50 1873//50
f 1849//50 1873//50 1874//50
f 1849//50 1874//50 1875//50
f 1849//50 1875//50 1876//50
f 1849//50 1876//50 1850//50
f 1877//50 1878//50 700//50
f 1877//50 1879//50 1878//50
f 1877//50 700//50 1707//50
f 1877//50 1880//50 1879//50
f 1877//50 1881//50 1880//50
f 1877//50 1882//50 1881//50
f 1877//50 1883//50 1882//50
f 1877//50 1884//50 1883//50
f 1877//50 1885//50 1884//50
f 1877//50 1843//50 1885//50
f 1877//50 1849//50 1851//50
f 1877//50 1845//50 1843//50
f 1877//50 1851//50 1886//50
f 1877//50 1886//50 1887//50
f 1877//50 1887//50 1888//50
f 1877//50 1888//50 1889//50
f 1877//50 1889//50 1890//50
f 1877//50 1890//50 1845//50
f 1849//50 1693//50 1891//50
f 1891//50 1693//50 1892//50
f 1892//50 1693//50 1893//50
f 1893//50 1693//50 1894//2017
f 1894//2017 1693//50 1895//50
f 1895//50 1693//50 1896//2017
f 1896//2017 1693//50 1897//2020
f 1897//2020 1693//50 1848//2020
f 1849//50 1891//50 1898//50
f 1849//50 1898//50 1899//2017
f 1849//50 1899//2017 1900//2021
f 1849//50 1900//2021 1901//2022
f 1849//50 1901//2022 1902//50
f 1849//50 1902//50 1903//50
f 1849//50 1903//50 1852//2016
f 1904//552 1905//552 1906//552
f 1904//552 1906//552 1907//552
f 1908//2023 1517//2023 1909//2023
f 1516//2023 1517//2023 1646//2023
f 1517//2023 1644//2023 1646//2023
f 1908//2023 1910//2023 1517//2023
f 1517//2023 1910//2023 1644//2023
f 1911//2009 1912//2009 1913//2009
f 1911//2009 1913//2009 1914//2009
f 1915//499 1916//499 1917//499
f 1918//499 1916//499 1915//499
f 1917//1906 1919//1906 1920//1906
f 1916//1906 1919//1906 1917//1906
f 1920//502 1921//502 1922//502
f 1919//502 1921//502 1920//502
f 1922//1908 1923//1907 1924//1908
f 1921//1907 1923//1907 1922//1908
f 1924//1909 1925//1909 1926//1909
f 1923//1909 1925//1909 1924//1909
f 1926//2024 1927//506 1928//2025
f 1925//2026 1927//506 1926//2024
f 1928//1910 1929//507 1930//507
f 1927//507 1929//507 1928//1910
f 1930//509 1931//1911 1932//509
f 1932//1912 1931//1913 1933//1912
f 1929//1911 1931//1911 1930//509
f 1931//1913 1934//1913 1933//1912
f 1933//1915 1935//1914 1936//1915
f 1934//1914 1935//1914 1933//1915
f 1936//1917 1937//1917 1938//1916
f 1935//1916 1937//1917 1936//1917
f 1938//515 1939//1918 1940//515
f 1937//1918 1939//1918 1938//515
f 1940//1919 1941//1920 1942//1921
f 1942//1923 1941//1923 1943//1923
f 1939//1922 1941//1920 1940//1919
f 1941//1923 1944//1923 1943//1923
f 1943//1924 1945//1925 1946//1925
f 1944//1925 1945//1925 1943//1924
f 1946//1926 1947//1927 1948//1926
f 1945//1927 1947//1927 1946//1926
f 1948//1928 1949//1929 1950//1928
f 1950//1930 1949//1931 1951//1930
f 1947//1929 1949//1929 1948//1928
f 1949//1931 1952//1932 1951//1930
f 1952//1933 1953//1933 1951//1933
f 1951//1933 1953//1933 1954//1933
f 1953//1934 1955//1935 1954//1936
f 1954//1936 1955//1935 1956//1935
f 1955//1937 1957//1937 1956//1937
f 1956//1937 1957//1937 1958//1937
f 1958//1938 1957//1940 1959//1939
f 1957//1940 1960//1940 1959//1939
f 1959//537 1960//1942 1961//1941
f 1960//1942 1962//1942 1961//1941
f 1962//1943 1963//1943 1961//1943
f 1961//1943 1963//1943 1964//1943
f 1964//1945 1965//1944 1966//1945
f 1966//1946 1965//1947 1967//1946
f 1963//1944 1965//1944 1964//1945
f 1967//1948 1968//1950 1969//1949
f 1965//1947 1968//1946 1967//1946
f 1969//1951 1970//1951 1971//1952
f 1968//1950 1970//1948 1969//1949
f 1970//1951 1972//1953 1971//1952
f 1971//1955 1973//1954 1974//1955
f 1972//1954 1973//1954 1971//1955
f 1974//1956 1975//1956 1976//1956
f 1973//1956 1975//1956 1974//1956
f 1976//1958 1977//1957 1978//1958
f 1978//552 1977//552 1979//552
f 1975//1957 1977//1957 1976//1958
f 1979//1959 1980//1960 1981//1959
f 1977//552 1980//552 1979//552
f 1980//1960 1982//1960 1981//1959
f 1981//1961 1983//1961 1984//1961
f 1984//1962 1983//1963 1985//1962
f 1982//1961 1983//1961 1981//1961
f 1983//1963 1986//1963 1985//1962
f 1985//1964 1987//1965 1988//1965
f 1986//1966 1987//1965 1985//1964
f 1988//1967 1989//1968 1990//1969
f 1987//1969 1989//1968 1988//1967
f 1990//1970 1991//1971 1992//1970
f 1989//1970 1991//1971 1990//1970
f 1992//1972 1993//1973 1994//1972
f 1991//1973 1993//1973 1992//1972
f 1994//1974 1995//1974 1996//1974
f 1996//1976 1995//1975 1997//1976
f 1993//1974 1995//1974 1994//1974
f 1995//1975 1998//568 1997//1976
f 1997//1977 1999//1978 2000//1977
f 1998//1977 1999//1978 1997//1977
f 1999//1979 2001//1979 2000//1979
f 2000//1979 2001//1979 2002//1979
f 2001//1980 2003//1980 2002//1981
f 2002//1981 2003//1980 2004//1982
f 2003//1983 2005//1983 2004//1983
f 2004//1983 2005//1983 2006//1983
f 2005//1985 2007//1985 2006//1984
f 2006//1984 2007//1985 2008//1986
f 2008//579 2007//1987 2009//579
f 2007//1987 2010//1988 2009//579
f 2010//1990 2011//1990 2009//1989
f 2009//1989 2011//1990 2012//1989
f 2012//1991 2011//1991 2013//1992
f 2011//1991 2014//1991 2013//1992
f 2014//1993 2015//1993 2013//1993
f 2013//1993 2015//1993 2016//1993
f 2015//588 2017//588 2016//589
f 2016//589 2017//588 2018//589
f 2017//591 2019//591 2018//1994
f 2018//1994 2019//591 2020//1994
f 2019//1995 2021//1995 2020//1995
f 2020//1995 2021//1995 2022//1995
f 2021//595 2023//595 2022//1996
f 2022//1996 2023//595 2024//1997
f 2024//1999 2023//1998 2025//1999
f 2023//1998 2026//1998 2025//1999
f 2025//2000 2027//597 2028//2000
f 2026//597 2027//597 2025//2000
f 2028//2001 2029//2002 2030//2003
f 2027//2001 2029//2002 2028//2001
f 2030//2004 2031//2027 2032//2028
f 2029//2029 2031//2027 2030//2004
f 2032//2005 2033//2005 2034//2005
f 2031//2005 2033//2005 2032//2005
f 2034//2006 2035//605 2036//2006
f 2033//605 2035//605 2034//2006
f 2036//606 2037//606 2038//606
f 2035//606 2037//606 2036//606
f 2038//2007 2039//2007 2040//2007
f 2037//2007 2039//2007 2038//2007
f 2040//609 1911//609 1914//609
f 2039//609 1911//609 2040//609
f 2041//2023 1918//2023 1915//2023
f 2042//2023 1918//2023 2041//2023
f 1913//2030 2043//2030 2044//2030
f 1912//2030 2043//2030 1913//2030
f 2044//2031 2045//2031 2046//2031
f 2043//2031 2045//2031 2044//2031
f 2046//2032 2047//2032 2048//2032
f 2045//2032 2047//2032 2046//2032
f 2048//2033 2049//2034 2050//2033
f 2047//2034 2049//2034 2048//2033
f 2050//2035 2051//2035 2052//2035
f 2052//2036 2051//2037 2053//2038
f 2049//2035 2051//2035 2050//2035
f 2051//2037 2054//2039 2053//2038
f 2053//2040 2055//2041 2056//2041
f 2056//2042 2055//2043 2057//2042
f 2054//2044 2055//2041 2053//2040
f 2055//2043 2058//2043 2057//2042
f 2057//2045 2059//2046 2060//2045
f 2058//2046 2059//2046 2057//2045
f 2060//2047 2061//2048 2062//2047
f 2062//2049 2061//2050 2063//2049
f 2059//2051 2061//2048 2060//2047
f 2061//2050 2064//2050 2063//2049
f 2063//2052 2065//2053 2066//2054
f 2064//2053 2065//2053 2063//2052
f 2066//2055 2067//2056 2068//2055
f 2065//2056 2067//2056 2066//2055
f 2068//2057 2069//2057 2070//2057
f 2067//2057 2069//2057 2068//2057
f 2070//2058 2071//2059 2072//2059
f 2069//2059 2071//2059 2070//2058
f 2072//2060 2073//2061 2074//2060
f 2074//2062 2073//2063 2075//2064
f 2071//2061 2073//2061 2072//2060
f 2073//2063 2076//2063 2075//2064
f 2076//2065 2077//2065 2075//2065
f 2075//2065 2077//2065 2078//2065
f 2078//2066 2077//2067 2079//2068
f 2077//2067 2080//2067 2079//2068
f 2079//2069 2080//2070 2081//2071
f 2080//2070 2082//2070 2081//2071
f 2082//2072 2083//2072 2081//2072
f 2081//2072 2083//2072 2084//2072
f 2083//2073 2085//2073 2084//2074
f 2084//2074 2085//2073 2086//2073
f 2086//2075 2085//2076 2087//2077
f 2085//2076 2088//2076 2087//2077
f 2088//2078 2089//2078 2087//2078
f 2087//2078 2089//2078 2090//2078
f 2090//2079 2091//2080 2092//2081
f 2089//2082 2091//2080 2090//2079
f 2092//2083 2093//2083 2094//2083
f 2094//2084 2093//2085 2095//2086
f 2091//2083 2093//2083 2092//2083
f 2093//2085 2096//2084 2095//2086
f 2095//2087 2097//2088 2098//2089
f 2098//2090 2097//2091 2099//2091
f 2096//2087 2097//2088 2095//2087
f 2097//2091 2100//2090 2099//2091
f 2099//2092 2101//2092 2102//2093
f 2102//2094 2101//2094 2103//2094
f 2100//2095 2101//2092 2099//2092
f 2101//2094 2104//2094 2103//2094
f 2103//2008 2105//2008 2106//2008
f 2104//2008 2105//2008 2103//2008
f 2106//2096 2107//2096 2108//2096
f 2108//2097 2107//2098 2109//2098
f 2105//2096 2107//2096 2106//2096
f 2107//2098 2110//2099 2109//2098
f 2109//2100 2111//2100 2112//2101
f 2112//2102 2111//2103 2113//2104
f 2110//2101 2111//2100 2109//2100
f 2111//2103 2114//2104 2113//2104
f 2113//2105 2115//2106 2116//2107
f 2114//2107 2115//2106 2113//2105
f 2116//2108 2117//2108 2118//2108
f 2115//2108 2117//2108 2116//2108
f 2118//2109 2119//2110 2120//2111
f 2117//2112 2119//2110 2118//2109
f 2120//2113 2121//2113 2122//2113
f 2122//2114 2121//2115 2123//2114
f 2119//2113 2121//2113 2120//2113
f 2121//2115 2124//2116 2123//2114
f 2123//2117 2125//2118 2126//2119
f 2124//2118 2125//2118 2123//2117
f 2125//2120 2127//2120 2126//2120
f 2126//2120 2127//2120 2128//2120
f 2127//2121 2129//2122 2128//2121
f 2128//2121 2129//2122 2130//2123
f 2129//2124 2131//2125 2130//2126
f 2130//2126 2131//2125 2132//2127
f 2131//2128 2133//2128 2132//2128
f 2132//2128 2133//2128 2134//2128
f 2133//2129 2135//2129 2134//2130
f 2134//2130 2135//2129 2136//2130
f 2135//2131 2137//2131 2136//2132
f 2136//2132 2137//2131 2138//2132
f 2137//2133 2139//2134 2138//2133
f 2138//2133 2139//2134 2140//2133
f 2139//2135 2141//2135 2140//2135
f 2140//2135 2141//2135 2142//2135
f 2141//2136 2143//2137 2142//2138
f 2142//2138 2143//2137 2144//2139
f 2143//2140 2145//2141 2144//2142
f 2144//2142 2145//2141 2146//2142
f 2145//2143 2147//2143 2146//2144
f 2146//2144 2147//2143 2148//2144
f 2147//2145 2149//2145 2148//2146
f 2148//2146 2149//2145 2150//2146
f 2150//2147 2149//2148 2151//2147
f 2149//2148 2152//2148 2151//2147
f 2151//2149 2153//2150 2154//2149
f 2152//2150 2153//2150 2151//2149
f 2154//2151 2155//2152 2156//2151
f 2156//2153 2155//2154 2157//2155
f 2153//2151 2155//2152 2154//2151
f 2155//2154 2158//2156 2157//2155
f 2157//2157 2159//2157 2160//2157
f 2158//2157 2159//2157 2157//2157
f 2160//2158 2161//2159 2162//2158
f 2159//2159 2161//2159 2160//2158
f 2162//2160 2163//2160 2164//2160
f 2161//2160 2163//2160 2162//2160
f 2164//2161 2165//2161 2166//2161
f 2163//2161 2165//2161 2164//2161
f 2166//2162 2042//2162 2041//2162
f 2165//2162 2042//2162 2166//2162
f 1943//2016 1946//50 1948//50
f 1951//2017 1948//50 1950//50
f 1940//50 1942//50 1943//2016
f 1940//50 1943//2016 1948//50
f 1956//50 1951//2017 1954//50
f 1956//50 1948//50 1951//2017
f 1959//2016 1956//50 1958//50
f 1933//50 1936//50 1938//50
f 1933//50 1938//50 1940//50
f 1966//2016 1959//2016 1961//50
f 1966//2016 1961//50 1964//50
f 1928//50 1930//50 1932//50
f 1928//50 1932//50 1933//50
f 1969//50 1966//2016 1967//50
f 1924//2016 1926//2016 1928//50
f 1924//2016 1928//50 1933//50
f 1971//2018 1966//2016 1969//50
f 1920//50 1922//2017 1924//2016
f 1917//50 1920//50 1924//2016
f 1917//50 1924//2016 1933//50
f 1915//50 1917//50 1933//50
f 1979//50 1971//2018 1974//50
f 1979//50 1974//50 1976//50
f 1979//50 1976//50 1978//50
f 1979//50 1959//2016 1966//2016
f 1979//50 1956//50 1959//2016
f 1979//50 1966//2016 1971//2018
f 1985//50 1979//50 1981//50
f 1985//50 1981//50 1984//50
f 1990//50 1985//50 1988//50
f 1992//50 1985//50 1990//50
f 1992//50 1979//50 1985//50
f 2160//50 2162//2016 2164//2017
f 2160//50 2164//2017 2166//50
f 1997//50 1979//50 1992//50
f 1997//50 1992//50 1994//50
f 1997//50 1994//50 1996//50
f 2156//50 2157//2017 2160//50
f 2002//50 1979//50 1997//50
f 2002//50 1997//50 2000//50
f 2002//50 1948//50 1956//50
f 2002//50 1956//50 1979//50
f 2151//50 2156//50 2160//50
f 2151//50 2154//50 2156//50
f 2006//2020 2002//50 2004//50
f 2148//50 2150//50 2151//50
f 2009//50 2002//50 2006//2020
f 2009//50 2006//2020 2008//50
f 2144//50 2146//50 2148//50
f 2144//50 2148//50 2151//50
f 2013//50 2009//50 2012//50
f 2016//50 1940//50 1948//50
f 2016//50 2002//50 2009//50
f 2016//50 1933//50 1940//50
f 2016//50 2009//50 2013//50
f 2016//50 1948//50 2002//50
f 2138//50 2140//50 2142//50
f 2138//50 2142//50 2144//50
f 2136//50 2144//50 2151//50
f 2136//50 2138//50 2144//50
f 2022//50 2016//50 2018//50
f 2022//50 2018//50 2020//50
f 2132//50 2134//50 2136//50
f 2028//50 2022//50 2024//50
f 2028//50 2024//50 2025//50
f 2028//50 1933//50 2016//50
f 2028//50 2016//50 2022//50
f 2128//50 2130//50 2132//50
f 2123//50 2126//50 2128//50
f 2034//50 2028//50 2030//50
f 2034//50 2030//50 2032//2016
f 2034//50 1933//50 2028//50
f 2034//50 1915//50 1933//50
f 2038//50 2034//50 2036//2017
f 2120//50 2122//50 2123//50
f 2040//2017 2034//50 2038//50
f 2118//50 2120//50 2123//50
f 1914//50 1915//50 2034//50
f 1914//50 2034//50 2040//2017
f 2109//50 2112//50 2113//50
f 2109//50 2113//50 2116//50
f 2108//50 2109//50 2116//50
f 1913//50 2041//50 1915//50
f 1913//50 1915//50 1914//50
f 2044//50 2041//50 1913//50
f 2044//50 2166//50 2041//50
f 2102//50 2108//50 2116//50
f 2102//50 2103//50 2106//50
f 2102//50 2106//50 2108//50
f 2098//2016 2099//50 2102//50
f 2050//50 2166//50 2044//50
f 2050//50 2160//50 2166//50
f 2050//50 2044//50 2046//2017
f 2050//50 2046//2017 2048//2016
f 2094//50 2116//50 2118//50
f 2094//50 2098//2016 2102//50
f 2094//50 2102//50 2116//50
f 2094//50 2095//50 2098//2016
f 2056//2017 2050//50 2052//50
f 2056//2017 2052//50 2053//2017
f 2057//50 2050//50 2056//2017
f 2087//2018 2090//50 2092//50
f 2084//2016 2086//50 2087//2018
f 2063//50 2057//50 2060//50
f 2063//50 2060//50 2062//50
f 2079//50 2081//50 2084//2016
f 2068//50 2151//50 2160//50
f 2068//50 2050//50 2057//50
f 2068//50 2160//50 2050//50
f 2068//50 2057//50 2063//50
f 2068//50 2063//50 2066//50
f 2078//50 2087//2018 2092//50
f 2078//50 2084//2016 2087//2018
f 2078//50 2079//50 2084//2016
f 2078//50 2092//50 2094//50
f 2072//50 2068//50 2070//50
f 2074//50 2118//50 2123//50
f 2074//50 2094//50 2118//50
f 2074//50 2151//50 2068//50
f 2074//50 2078//50 2094//50
f 2074//50 2136//50 2151//50
f 2074//50 2132//50 2136//50
f 2074//50 2068//50 2072//50
f 2074//50 2075//50 2078//50
f 2074//50 2128//50 2132//50
f 2074//50 2123//50 2128//50
f 919//2030 2167//2030 1493//2030
f 1493//2030 2167//2030 2168//2030
f 2167//2031 2169//2031 2168//2031
f 2168//2031 2169//2031 2170//2031
f 2169//2032 2171//2032 2170//2032
f 2170//2032 2171//2032 2172//2032
f 2172//2034 2171//2033 2173//2034
f 2171//2033 2174//2033 2173//2034
f 2174//2035 2175//2035 2173//2035
f 2173//2035 2175//2035 2176//2035
f 2176//2036 2175//2037 2177//2038
f 2175//2037 2178//2039 2177//2038
f 2178//2044 2179//2041 2177//2040
f 2177//2040 2179//2041 2180//2041
f 2179//2042 2181//2042 2180//2043
f 2180//2043 2181//2042 2182//2043
f 2181//2046 2183//2046 2182//2045
f 2182//2045 2183//2046 2184//2045
f 2184//2047 2185//2048 2186//2047
f 2183//2051 2185//2048 2184//2047
f 2186//2050 2187//2049 2188//2050
f 2185//2049 2187//2049 2186//2050
f 2188//2052 2189//2053 2190//2054
f 2190//2056 2189//2055 2191//2056
f 2187//2053 2189//2053 2188//2052
f 2189//2055 2192//2055 2191//2056
f 2191//2057 2193//2057 2194//2057
f 2194//2059 2193//2058 2195//2059
f 2192//2057 2193//2057 2191//2057
f 2193//2058 2196//2059 2195//2059
f 2195//2060 2197//2061 2198//2060
f 2196//2061 2197//2061 2195//2060
f 2198//2063 2199//2064 2200//2063
f 2197//2062 2199//2064 2198//2063
f 2199//2065 2201//2065 2200//2065
f 2200//2065 2201//2065 2202//2065
f 2201//2066 2203//2068 2202//2067
f 2202//2067 2203//2068 2204//2067
f 2203//2163 2205//2071 2204//2164
f 2204//2164 2205//2071 2206//2163
f 2205//2072 2207//2072 2206//2072
f 2206//2072 2207//2072 2208//2072
f 2207//2073 2209//2073 2208//2074
f 2208//2074 2209//2073 2210//2073
f 2210//2075 2209//2076 2211//2077
f 2209//2076 2212//2076 2211//2077
f 2212//2078 2213//2078 2211//2078
f 2211//2078 2213//2078 2214//2078
f 2214//2082 2213//2079 2215//2080
f 2213//2079 2216//2081 2215//2080
f 2216//2083 2217//2083 2215//2083
f 2215//2083 2217//2083 2218//2083
f 2218//2084 2217//2085 2219//2086
f 2217//2085 2220//2084 2219//2086
f 2220//2087 2221//2088 2219//2087
f 2219//2087 2221//2088 2222//2089
f 2221//2090 2223//2091 2222//2091
f 2222//2091 2223//2091 2224//2090
f 2223//2095 2225//2092 2224//2092
f 2224//2092 2225//2092 2226//2093
f 2225//2094 2227//2094 2226//2094
f 2226//2094 2227//2094 2228//2094
f 2228//2008 2227//2008 2229//2008
f 2227//2008 2230//2008 2229//2008
f 2229//2096 2230//2096 2231//2096
f 2230//2096 2232//2096 2231//2096
f 2231//2097 2232//2098 2233//2098
f 2232//2098 2234//2099 2233//2098
f 2234//2101 2235//2100 2233//2100
f 2233//2100 2235//2100 2236//2101
f 2237//2107 2238//2105 2239//2106
f 2235//2102 2238//2104 2236//2103
f 2236//2103 2238//2104 2237//2104
f 2238//2105 2240//2107 2239//2106
f 2239//2108 2241//2108 2242//2108
f 2240//2108 2241//2108 2239//2108
f 2242//2109 2243//2110 2244//2111
f 2241//2112 2243//2110 2242//2109
f 2244//2113 2245//2113 2246//2113
f 2243//2113 2245//2113 2244//2113
f 2246//2115 2247//2114 2248//2116
f 2245//2114 2247//2114 2246//2115
f 2248//2117 2249//2118 2250//2119
f 2247//2118 2249//2118 2248//2117
f 2249//2120 2251//2120 2250//2120
f 2250//2120 2251//2120 2252//2120
f 2251//2121 2253//2122 2252//2121
f 2252//2121 2253//2122 2254//2123
f 2254//2126 2255//2125 2256//2127
f 2253//2124 2255//2125 2254//2126
f 2256//2128 2257//2128 2258//2128
f 2255//2128 2257//2128 2256//2128
f 2258//2130 2259//2129 2260//2130
f 2257//2129 2259//2129 2258//2130
f 2260//2132 2261//2131 2262//2132
f 2259//2131 2261//2131 2260//2132
f 2262//2133 2263//2134 2264//2133
f 2261//2133 2263//2134 2262//2133
f 2264//2135 2265//2135 2266//2135
f 2263//2135 2265//2135 2264//2135
f 2266//2138 2267//2137 2268//2139
f 2265//2136 2267//2137 2266//2138
f 2268//2142 2269//2141 2270//2142
f 2267//2140 2269//2141 2268//2142
f 2270//2144 2271//2143 2272//2144
f 2269//2143 2271//2143 2270//2144
f 2272//2146 2273//2145 2274//2146
f 2271//2145 2273//2145 2272//2146
f 2274//2148 2275//2147 2276//2148
f 2273//2147 2275//2147 2274//2148
f 2276//2149 2277//2150 2278//2149
f 2278//2151 2277//2151 2279//2152
f 2275//2150 2277//2150 2276//2149
f 2277//2151 2280//2151 2279//2152
f 2279//2154 2281//2155 2282//2156
f 2282//2157 2281//2157 2283//2157
f 2280//2153 2281//2155 2279//2154
f 2281//2157 2284//2157 2283//2157
f 2283//2158 2285//2159 2286//2158
f 2286//2160 2285//2160 2287//2160
f 2284//2159 2285//2159 2283//2158
f 2285//2160 2288//2160 2287//2160
f 2287//2161 2289//2161 2290//2161
f 2288//2161 2289//2161 2287//2161
f 2290//2162 772//2162 1430//2162
f 2289//2162 772//2162 2290//2162
f 1453//2020 1449//2017 1450//2017
f 1453//2020 1450//2017 1451//50
f 1453//2020 1451//50 1452//50
f 1457//50 1449//2017 1453//2020
f 1457//50 1448//50 1449//2017
f 1457//50 1453//2020 1454//2016
f 1457//50 1454//2016 1455//50
f 1457//50 1455//50 1456//50
f 2282//50 2283//2016 2286//50
f 1469//50 1467//50 1468//50
f 1469//50 1466//50 1467//50
f 1470//50 1466//50 1469//50
f 1470//50 1464//50 1465//2016
f 1470//50 1465//2016 1466//50
f 2274//50 2276//50 2278//50
f 2274//50 2278//50 2279//2017
f 2274//50 2279//2017 2282//50
f 2272//50 2274//50 2282//50
f 2268//50 2270//50 2272//50
f 1474//50 1472//50 1473//50
f 2266//50 2268//50 2272//50
f 1475//2017 1471//50 1472//50
f 1475//2017 1472//50 1474//50
f 2262//50 2272//50 2282//50
f 2262//50 2264//50 2266//50
f 2262//50 2282//50 2286//50
f 2262//50 2286//50 2287//50
f 2262//50 2266//50 2272//50
f 1477//2017 1470//50 1471//50
f 1477//2017 1475//2017 1476//50
f 1477//2017 1471//50 1475//2017
f 2258//50 2260//50 2262//50
f 1479//50 1477//2017 1478//50
f 1480//50 1477//2017 1479//50
f 2254//2016 2258//50 2262//50
f 2254//2016 2256//50 2258//50
f 1481//50 1470//50 1477//2017
f 1481//50 1477//2017 1480//50
f 2250//2017 2252//50 2254//2016
f 1484//50 1481//50 1482//50
f 1484//50 1482//50 1483//50
f 2246//50 2250//2017 2254//2016
f 2246//50 2262//50 2287//50
f 2246//50 2248//50 2250//2017
f 2246//50 2254//2016 2262//50
f 2246//50 2287//50 2290//50
f 2246//50 2290//50 1430//50
f 2246//50 1430//50 1431//50
f 2246//50 1431//50 1432//50
f 2246//50 1432//50 1433//50
f 2246//50 1433//50 1434//2017
f 2246//50 1434//2017 1435//50
f 2246//50 1435//50 1436//50
f 2246//50 1436//50 1437//50
f 2246//50 1437//50 1438//50
f 2246//50 1438//50 1439//50
f 2246//50 1439//50 1440//50
f 2246//50 1440//50 1441//50
f 2246//50 1441//50 1442//50
f 2246//50 1442//50 1443//50
f 2246//50 1443//50 1444//50
f 2246//50 1444//50 1445//50
f 2246//50 1445//50 1446//50
f 2246//50 1446//50 1447//50
f 2246//50 1447//50 1448//50
f 1486//50 1484//50 1485//50
f 1486//50 1481//50 1484//50
f 2242//2016 2244//50 2246//50
f 1487//50 1481//50 1486//50
f 1489//50 1487//50 1488//2017
f 2231//50 2233//50 2236//50
f 2231//50 2236//50 2237//50
f 1492//2017 1489//50 1490//2016
f 1492//2017 1490//2016 1491//2016
f 1493//50 1489//50 1492//2017
f 2170//50 1493//50 2168//2017
f 2170//50 1489//50 1493//50
f 2224//50 2226//50 2228//2017
f 2173//2016 2170//50 2172//2016
f 2219//2017 2222//50 2224//50
f 2219//2017 2228//2017 2229//2020
f 2219//2017 2224//50 2228//2017
f 2215//2016 2218//50 2219//2017
f 2180//50 2173//2016 2176//50
f 2180//50 2176//50 2177//2017
f 2180//50 2170//50 2173//2016
f 2184//50 2180//50 2182//50
f 2210//50 2211//50 2214//50
f 2186//50 2180//50 2184//50
f 2208//50 2214//50 2215//2016
f 2208//50 2210//50 2214//50
f 2204//50 2206//50 2208//50
f 2204//50 2215//2016 2219//2017
f 2204//50 2208//50 2215//2016
f 2204//50 2219//2017 2229//2020
f 2191//50 2186//50 2188//50
f 2191//50 2188//50 2190//50
f 2191//50 1489//50 2170//50
f 2191//50 2170//50 2180//50
f 2191//50 1464//50 1470//50
f 2191//50 2180//50 2186//50
f 2191//50 1481//50 1487//50
f 2191//50 1470//50 1481//50
f 2191//50 1487//50 1489//50
f 2191//50 1460//50 1461//50
f 2191//50 1461//50 1462//50
f 2191//50 1462//50 1463//50
f 2191//50 1463//50 1464//50
f 2195//50 2191//50 2194//50
f 2198//50 2200//50 2202//50
f 2198//50 2202//50 2204//50
f 2198//50 1460//50 2191//50
f 2198//50 2229//2020 2231//50
f 2198//50 2246//50 1448//50
f 2198//50 2237//50 2239//50
f 2198//50 2239//50 2242//2016
f 2198//50 2204//50 2229//2020
f 2198//50 1448//50 1457//50
f 2198//50 2191//50 2195//50
f 2198//50 2242//2016 2246//50
f 2198//50 2231//50 2237//50
f 2198//50 1457//50 1458//50
f 2198//50 1458//50 1459//50
f 2198//50 1459//50 1460//50
f 1515//2023 1506//2023 1507//2023
f 1518//2023 1506//2023 1515//2023
f 1334//2023 1504//2023 1336//2023
f 1338//2023 1336//2023 1504//2023
f 1332//2023 1504//2023 1334//2023
f 1341//2023 1338//2023 1504//2023
f 1330//2023 1504//2023 1332//2023
f 1342//2023 1341//2023 1504//2023
f 1328//2023 1504//2023 1330//2023
f 1344//2023 1342//2023 1504//2023
f 1326//2023 1504//2023 1328//2023
f 1346//2023 1344//2023 1504//2023
f 1324//2023 1504//2023 1326//2023
f 1348//2023 1346//2023 1504//2023
f 1322//2023 1504//2023 1324//2023
f 1350//2023 1348//2023 1504//2023
f 1320//2023 1504//2023 1322//2023
f 1353//2023 1350//2023 1504//2023
f 1318//2023 1504//2023 1320//2023
f 1354//2023 1353//2023 1504//2023
f 1316//2023 1504//2023 1318//2023
f 1357//2023 1354//2023 1504//2023
f 1314//2023 1504//2023 1316//2023
f 1358//2023 1357//2023 1504//2023
f 1312//2023 1504//2023 1314//2023
f 1361//2023 1358//2023 1504//2023
f 1310//2023 1504//2023 1312//2023
f 1362//2023 1361//2023 1504//2023
f 1309//2023 1504//2023 1310//2023
f 1365//2023 1362//2023 1504//2023
f 1306//2023 1504//2023 1309//2023
f 1366//2023 1365//2023 1504//2023
f 1308//2023 1504//2023 1306//2023
f 1369//2023 1366//2023 1504//2023
f 1371//2023 1369//2023 1504//2023
f 1373//2023 1371//2023 1504//2023
f 1375//2023 1373//2023 1504//2023
f 1377//2023 1375//2023 1504//2023
f 1379//2023 1377//2023 1504//2023
f 1381//2023 1379//2023 1504//2023
f 1496//2023 1384//2023 1381//2023
f 1496//2023 1385//2023 1384//2023
f 1496//2023 1387//2023 1385//2023
f 1496//2023 1389//2023 1387//2023
f 1496//2023 1392//2023 1389//2023
f 1496//2023 1393//2023 1392//2023
f 1496//2023 1381//2023 1504//2023
f 1396//2023 1393//2023 1496//2023
f 1397//2023 1396//2023 1496//2023
f 1400//2023 1397//2023 1496//2023
f 1401//2023 1400//2023 1496//2023
f 1404//2023 1401//2023 1496//2023
f 1405//2023 1404//2023 1496//2023
f 1408//2023 1405//2023 1496//2023
f 1409//2023 1408//2023 1496//2023
f 1412//2023 1409//2023 1496//2023
f 1413//2023 1412//2023 1496//2023
f 1416//2023 1413//2023 1496//2023
f 1417//2023 1416//2023 1496//2023
f 1420//2023 1417//2023 1496//2023
f 1421//2023 1420//2023 1496//2023
f 1424//2023 1421//2023 1496//2023
f 1425//2023 1424//2023 1496//2023
f 1428//2023 1425//2023 1496//2023
f 1429//2023 1428//2023 1496//2023
f 1427//2023 1429//2023 1496//2023
f 2291//2023 1427//2023 1496//2023
f 2292//2023 2291//2023 1496//2023
f 2293//2023 2292//2023 1496//2023
f 2294//2023 2293//2023 1496//2023
f 2295//2023 2294//2023 1496//2023
f 1208//2023 2296//2023 2297//2023
f 1208//2023 2297//2023 1210//2023
f 1212//2023 2297//2023 2298//2023
f 1212//2023 1210//2023 2297//2023
f 1206//2023 2296//2023 1208//2023
f 1206//2023 2299//2023 2296//2023
f 1215//2023 1212//2023 2298//2023
f 1215//2023 2298//2023 2300//2023
f 1204//2023 2299//2023 1206//2023
f 1204//2023 2301//2023 2299//2023
f 1216//2023 1215//2023 2300//2023
f 1216//2023 2300//2023 2302//2023
f 1202//2023 2301//2023 1204//2023
f 1202//2023 2303//2023 2301//2023
f 1202//2023 2304//2023 2303//2023
f 1219//2023 1216//2023 2302//2023
f 1219//2023 2302//2023 2305//2023
f 1200//2023 2304//2023 1202//2023
f 1220//2023 1219//2023 2305//2023
f 1220//2023 2305//2023 2306//2023
f 1198//2023 2304//2023 1200//2023
f 1198//2023 2307//2023 2304//2023
f 1222//2023 1220//2023 2306//2023
f 1222//2023 2306//2023 2308//2023
f 1196//2023 2307//2023 1198//2023
f 1196//2023 2309//2023 2307//2023
f 1224//2023 1222//2023 2308//2023
f 1224//2023 2308//2023 2310//2023
f 1194//2023 2309//2023 1196//2023
f 1194//2023 2311//2023 2309//2023
f 1227//2023 1224//2023 2310//2023
f 1227//2023 2310//2023 2312//2023
f 1192//2023 2311//2023 1194//2023
f 1192//2023 2313//2023 2311//2023
f 1228//2023 1227//2023 2312//2023
f 1228//2023 2312//2023 2314//2023
f 1190//2023 2313//2023 1192//2023
f 1190//2023 2315//2023 2313//2023
f 1231//2023 2316//2023 2317//2023
f 1231//2023 2314//2023 2316//2023
f 1231//2023 1228//2023 2314//2023
f 1188//2023 2315//2023 1190//2023
f 1188//2023 2318//2023 2315//2023
f 1188//2023 2319//2023 2318//2023
f 1232//2023 1231//2023 2317//2023
f 1186//2023 2319//2023 1188//2023
f 1235//2023 1232//2023 2317//2023
f 1235//2023 2317//2023 2320//2023
f 1236//2023 1235//2023 2320//2023
f 1236//2023 2321//2023 2322//2023
f 1236//2023 2320//2023 2321//2023
f 1239//2023 1236//2023 2322//2023
f 1240//2023 2322//2023 2323//2023
f 1240//2023 1239//2023 2322//2023
f 1243//2023 2323//2023 2324//2023
f 1243//2023 1240//2023 2323//2023
f 1246//2023 2324//2023 2325//2023
f 1246//2023 1243//2023 2324//2023
f 1247//2023 1246//2023 2325//2023
f 1247//2023 2326//2023 2327//2023
f 1247//2023 2325//2023 2326//2023
f 1250//2023 1247//2023 2327//2023
f 1251//2023 1250//2023 2327//2023
f 1251//2023 2327//2023 2328//2023
f 1254//2023 2328//2023 2329//2023
f 1254//2023 1251//2023 2328//2023
f 1255//2023 2329//2023 2330//2023
f 1255//2023 1254//2023 2329//2023
f 1258//2023 1255//2023 2330//2023
f 1258//2023 2330//2023 2331//2023
f 1259//2023 1258//2023 2331//2023
f 1259//2023 2331//2023 2332//2023
f 1261//2023 2332//2023 2333//2023
f 1261//2023 1259//2023 2332//2023
f 1263//2023 1261//2023 2333//2023
f 1263//2023 2334//2023 2335//2023
f 1263//2023 2333//2023 2334//2023
f 1266//2023 1263//2023 2335//2023
f 1267//2023 2336//2023 2337//2023
f 1267//2023 2335//2023 2336//2023
f 1267//2023 1266//2023 2335//2023
f 1270//2023 1267//2023 2337//2023
f 1271//2023 1270//2023 2337//2023
f 1271//2023 2337//2023 2338//2023
f 1274//2023 1271//2023 2338//2023
f 1274//2023 2339//2023 2340//2023
f 1274//2023 2338//2023 2339//2023
f 1275//2023 2340//2023 2341//2023
f 1275//2023 1274//2023 2340//2023
f 1278//2023 1275//2023 2341//2023
f 1279//2023 1278//2023 2341//2023
f 1279//2023 2341//2023 2342//2023
f 1282//2023 1279//2023 2342//2023
f 1282//2023 2342//2023 2343//2023
f 1283//2023 1282//2023 2343//2023
f 1283//2023 2343//2023 2344//2023
f 1286//2023 2345//2023 2346//2023
f 1286//2023 2344//2023 2345//2023
f 1286//2023 1283//2023 2344//2023
f 1287//2023 2346//2023 2347//2023
f 1287//2023 1286//2023 2346//2023
f 1290//2023 1287//2023 2347//2023
f 1291//2023 2347//2023 2348//2023
f 1291//2023 1290//2023 2347//2023
f 1505//2023 2349//2023 2350//2023
f 1505//2023 2351//2023 2349//2023
f 1505//2023 2352//2023 2351//2023
f 1505//2023 2353//2023 2352//2023
f 1505//2023 2354//2023 2353//2023
f 1505//2023 2355//2023 2354//2023
f 1505//2023 2356//2023 2355//2023
f 1505//2023 2357//2023 2356//2023
f 1505//2023 2358//2023 2357//2023
f 1505//2023 2359//2023 2358//2023
f 1505//2023 2360//2023 2359//2023
f 1505//2023 2361//2023 2360//2023
f 1505//2023 2362//2023 2361//2023
f 1505//2023 2363//2023 2362//2023
f 1505//2023 2364//2023 2363//2023
f 1505//2023 2365//2023 2364//2023
f 1505//2023 2366//2023 2365//2023
f 1505//2023 2367//2023 2366//2023
f 1505//2023 2368//2023 2367//2023
f 1505//2023 2369//2023 2368//2023
f 1505//2023 2370//2023 2369//2023
f 1505//2023 2371//2023 2370//2023
f 1505//2023 2372//2023 2371//2023
f 1505//2023 2373//2023 2372//2023
f 1505//2023 2374//2023 2373//2023
f 1505//2023 2375//2023 2374//2023
f 1505//2023 2376//2023 2375//2023
f 1505//2023 2377//2023 2376//2023
f 1505//2023 2378//2023 2377//2023
f 1505//2023 2379//2023 2378//2023
f 1505//2023 2380//2023 2379//2023
f 1505//2023 2381//2023 2380//2023
f 1505//2023 2382//2023 2381//2023
f 1505//2023 2383//2023 2382//2023
f 1505//2023 2384//2023 2383//2023
f 1505//2023 2385//2023 2384//2023
f 1505//2023 2386//2023 2385//2023
f 1505//2023 1182//2023 2386//2023
f 1505//2023 1180//2023 1182//2023
f 1505//2023 1183//2023 1180//2023
f 1495//2023 2387//2023 1301//2023
f 1495//2023 2388//2023 2387//2023
f 1495//2023 2389//2023 2388//2023
f 1495//2023 2390//2023 2389//2023
f 1495//2023 2391//2023 2390//2023
f 1495//2023 2392//2023 2391//2023
f 1495//2023 2393//2023 2392//2023
f 1495//2023 2394//2023 2393//2023
f 1495//2023 2395//2023 2394//2023
f 1495//2023 2396//2023 2395//2023
f 1495//2023 2397//2023 2396//2023
f 1495//2023 2398//2023 2397//2023
f 1495//2023 2399//2023 2398//2023
f 1495//2023 2400//2023 2399//2023
f 1495//2023 2401//2023 2400//2023
f 1495//2023 2402//2023 2401//2023
f 1495//2023 2403//2023 2402//2023
f 1495//2023 2404//2023 2403//2023
f 1495//2023 1294//2165 1291//2023
f 1495//2023 2405//2023 2404//2023
f 1495//2023 1295//2023 1294//2165
f 1495//2023 2406//2023 2405//2023
f 1495//2023 1298//2023 1295//2023
f 1495//2023 2407//2023 2406//2023
f 1495//2023 1299//2023 1298//2023
f 1495//2023 2408//2023 2407//2023
f 1495//2023 1302//2023 1299//2023
f 1495//2023 2409//2023 2408//2023
f 1495//2023 1303//2023 1302//2023
f 1495//2023 2410//2023 2409//2023
f 1495//2023 1301//2023 1303//2023
f 1495//2023 2350//2023 2410//2023
f 1495//2023 2411//2023 2295//2023
f 1495//2023 2348//2023 2411//2023
f 1495//2023 1505//2023 2350//2023
f 1495//2023 1291//2023 2348//2023
f 1495//2023 2295//2023 1496//2023
f 1505//2023 1504//2023 1308//2023
f 1505//2023 1308//2023 2412//2023
f 1505//2023 2412//2023 2413//2023
f 1505//2023 2413//2023 2414//2023
f 1505//2023 2414//2023 2319//2023
f 1505//2023 2319//2023 1183//2023
f 1183//2023 2319//2023 1184//2023
f 1184//2023 2319//2023 1186//2023
f 1518//2166 1516//2167 1643//2166
f 1643//2166 1516//2167 1646//2167
f 1645//2168 1644//2168 1506//2168
f 1506//2168 1644//2168 1501//2168
f 1514//2169 1498//2170 1647//2170
f 1498//2170 1707//2168 1647//2170
f 1707//2168 1503//2168 2415//2171
f 1498//2170 1503//2168 1707//2168
f 1509//2172 1647//2172 1693//2172
f 1647//2172 1513//2172 1514//2173
f 1509//2172 1513//2172 1647//2172
f 1510//2174 1509//2175 1907//2176
f 1907//2176 1509//2175 1904//2175
f 1909//2177 1905//2177 1908//2177
f 1906//2177 1905//2177 1909//2177
f 1707//2178 2415//2179 1910//2178
f 1908//2178 1707//2178 1910//2178
f 1877//2178 1707//2178 1908//2178
f 1693//2180 1904//2180 1509//2180
f 1877//2181 1905//2182 1849//2183
f 1908//2181 1905//2182 1877//2181
f 1904//2167 1849//2167 1905//2167
f 1693//2167 1849//2167 1904//2167
f 383//2184 2416//2184 2417//2184
f 2417//2185 2416//2185 2418//2185
f 2418//2186 2416//2186 2419//2186
f 2419//2187 2420//2187 2421//2187
f 2421//2188 2420//2188 2422//2188
f 2416//2189 2420//2190 2419//2191
f 2291//2192 2423//2192 1427//2192
f 2292//2193 2423//2193 2291//2193
f 2293//2194 2423//2194 2292//2194
f 1427//2195 2423//2196 383//2197
f 383//2197 2423//2196 2416//2198
f 2420//2199 2424//2200 2422//2201
f 2422//2202 2424//2202 2425//2202
f 2425//2203 2424//2203 2426//2203
f 2294//2204 2427//2204 2293//2204
f 2295//2205 2427//2205 2294//2205
f 2416//2189 2427//2206 2420//2190
f 2293//2207 2427//2206 2423//2208
f 2423//2208 2427//2206 2416//2189
f 2424//2209 2428//2210 2426//2211
f 2426//2212 2428//2212 2429//2212
f 2429//2213 2428//2213 2430//2213
f 2411//2214 2431//2214 2295//2214
f 2348//2215 2431//2215 2411//2215
f 2295//2216 2431//2217 2427//2218
f 2427//2218 2431//2217 2420//2199
f 2420//2199 2431//2217 2424//2200
f 2430//2219 2432//2219 2433//2219
f 2433//2220 2432//2221 2434//2222
f 2428//2223 2432//2224 2430//2225
f 2347//2226 2435//2226 2348//2226
f 2346//2227 2435//2227 2347//2227
f 2348//2228 2435//2229 2431//2230
f 2431//2230 2435//2229 2424//2209
f 2424//2209 2435//2229 2428//2210
f 2432//2221 2436//2231 2434//2222
f 2434//2232 2436//2232 2437//2232
f 2437//2233 2436//2234 2438//2235
f 2345//2236 2439//2236 2346//2236
f 2344//2237 2439//2238 2345//2239
f 2435//2240 2439//2241 2428//2223
f 2428//2223 2439//2241 2432//2224
f 2346//2242 2439//2241 2435//2240
f 2436//2234 2440//2243 2438//2235
f 2438//2244 2440//2244 2441//2244
f 2441//2245 2440//2246 2442//2247
f 2343//2248 2443//2248 2344//2248
f 2342//2249 2443//2250 2343//2251
f 2432//2221 2443//2252 2436//2231
f 2344//2237 2443//2252 2439//2238
f 2439//2238 2443//2252 2432//2221
f 2440//2246 2444//2253 2442//2247
f 2442//2254 2444//2254 2445//2254
f 2445//2255 2444//2256 2446//2257
f 2341//2258 2447//2258 2342//2258
f 2340//2259 2447//2260 2341//2261
f 2436//2234 2447//2262 2440//2243
f 2342//2249 2447//2262 2443//2250
f 2443//2250 2447//2262 2436//2234
f 2444//2256 2448//2263 2446//2257
f 2446//2264 2448//2264 2449//2264
f 2449//2265 2448//2266 2450//2267
f 2339//2268 2451//2268 2340//2268
f 2338//2269 2451//2270 2339//2271
f 2440//2246 2451//2272 2444//2253
f 2447//2260 2451//2272 2440//2246
f 2340//2259 2451//2272 2447//2260
f 2448//2266 2452//2273 2450//2267
f 2450//2274 2452//2274 2453//2274
f 2453//2275 2452//2276 2454//2277
f 2338//2269 2455//2278 2451//2270
f 2337//2279 2455//2279 2338//2279
f 2336//2280 2455//2281 2337//2282
f 2444//2256 2455//2278 2448//2263
f 2451//2270 2455//2278 2444//2256
f 2452//2276 2456//2283 2454//2277
f 2454//2284 2456//2284 2457//2284
f 2457//2285 2456//2286 2458//2287
f 2448//2266 2459//2288 2452//2273
f 2335//2289 2459//2289 2336//2289
f 2334//2290 2459//2291 2335//2292
f 2336//2280 2459//2288 2455//2281
f 2455//2281 2459//2288 2448//2266
f 2456//2286 2460//2293 2458//2287
f 2458//2294 2460//2294 2461//2294
f 2461//2295 2460//2296 2462//2297
f 2333//2298 2463//2298 2334//2298
f 2332//2299 2463//2300 2333//2301
f 2334//2290 2463//2302 2459//2291
f 2452//2276 2463//2302 2456//2283
f 2459//2291 2463//2302 2452//2276
f 2460//2296 2464//2303 2462//2297
f 2462//2304 2464//2304 2465//2304
f 2465//2305 2464//2306 2466//2307
f 2463//2300 2467//2308 2456//2286
f 2331//2309 2467//2309 2332//2309
f 2330//2310 2467//2311 2331//2312
f 2456//2286 2467//2308 2460//2293
f 2332//2299 2467//2308 2463//2300
f 2464//2306 2468//2313 2466//2307
f 2466//2314 2468//2314 2469//2314
f 2469//2315 2468//2316 2470//2317
f 2330//2310 2471//2318 2467//2311
f 2467//2311 2471//2318 2460//2296
f 2329//2319 2471//2319 2330//2319
f 2328//2320 2471//2321 2329//2322
f 2460//2296 2471//2318 2464//2303
f 2468//2316 2472//2323 2470//2317
f 2470//2324 2472//2324 2473//2324
f 2473//2325 2472//2326 2474//2327
f 2464//2306 2475//2328 2468//2313
f 2327//2329 2475//2329 2328//2329
f 2326//2330 2475//2331 2327//2332
f 2471//2321 2475//2328 2464//2306
f 2328//2320 2475//2328 2471//2321
f 2472//2326 2476//2333 2474//2327
f 2474//2334 2476//2334 2477//2334
f 2475//2331 2478//2335 2468//2316
f 2325//2336 2478//2336 2326//2336
f 2324//2337 2478//2338 2325//2339
f 2468//2316 2478//2335 2472//2323
f 2326//2330 2478//2335 2475//2331
f 2472//2326 2478//2338 2476//2333
f 2476//2340 2479//2340 2477//2341
f 2477//2341 2479//2340 2480//2342
f 2480//2343 2479//2343 2481//2343
f 2478//2338 2482//2344 2476//2333
f 2476//2340 2482//2345 2479//2340
f 2323//2346 2482//2346 2324//2346
f 2324//2337 2482//2344 2478//2338
f 2479//2347 2483//2348 2481//2349
f 2481//2349 2483//2348 2484//2350
f 2484//2351 2483//2351 2485//2351
f 2322//2352 2486//2353 2323//2354
f 2321//2355 2486//2355 2322//2355
f 2482//2345 2486//2353 2479//2340
f 2323//2354 2486//2353 2482//2345
f 2485//2356 2487//2357 2488//2358
f 2488//2359 2487//2359 2489//2359
f 2483//2360 2487//2357 2485//2356
f 2479//2347 2490//2361 2483//2348
f 2320//2362 2490//2361 2321//2363
f 2317//2364 2490//2364 2320//2364
f 2486//2365 2490//2361 2479//2347
f 2321//2363 2490//2361 2486//2365
f 2489//2366 2491//2367 2492//2368
f 2492//2369 2491//2369 2493//2369
f 2487//2370 2491//2367 2489//2366
f 2316//2371 2494//2372 2317//2373
f 2314//2374 2494//2374 2316//2374
f 2490//2375 2494//2372 2483//2360
f 2483//2360 2494//2372 2487//2357
f 2317//2373 2494//2372 2490//2375
f 2493//2376 2495//2377 2496//2378
f 2496//2379 2495//2379 2497//2379
f 2491//2380 2495//2377 2493//2376
f 2314//2381 2498//2382 2494//2383
f 2491//2380 2498//2384 2495//2377
f 2312//2385 2498//2382 2314//2381
f 2310//2386 2498//2386 2312//2386
f 2494//2383 2498//2382 2487//2370
f 2487//2370 2498//2382 2491//2367
f 2497//2387 2499//2388 2500//2389
f 2500//2390 2499//2390 2501//2390
f 2495//2391 2499//2388 2497//2387
f 2498//2384 2502//2392 2495//2377
f 2495//2391 2502//2393 2499//2388
f 2308//2394 2502//2392 2310//2395
f 2306//2396 2502//2396 2308//2396
f 2310//2395 2502//2392 2498//2384
f 2501//2397 2503//2398 2504//2399
f 2504//2400 2503//2400 2505//2400
f 2499//2401 2503//2398 2501//2397
f 2306//2402 2506//2403 2502//2393
f 2305//2404 2506//2403 2306//2402
f 2302//2405 2506//2405 2305//2405
f 2502//2393 2506//2403 2499//2388
f 2505//2406 2507//2407 2508//2408
f 2508//2409 2507//2409 2509//2409
f 2503//2410 2507//2407 2505//2406
f 2302//2411 2510//2412 2506//2413
f 2506//2413 2510//2412 2499//2401
f 2503//2410 2510//2414 2507//2407
f 2300//2415 2510//2412 2302//2411
f 2298//2416 2510//2416 2300//2416
f 2499//2401 2510//2412 2503//2398
f 2509//2417 2511//2418 2512//2419
f 2512//2420 2511//2420 2513//2420
f 2507//2421 2511//2418 2509//2417
f 2297//2422 2514//2423 2298//2424
f 2296//2425 2514//2425 2297//2425
f 2510//2414 2514//2423 2507//2407
f 2298//2424 2514//2423 2510//2414
f 2513//2426 2515//2427 2516//2428
f 2516//2429 2515//2429 2517//2429
f 2511//2430 2515//2427 2513//2426
f 2507//2421 2518//2431 2511//2418
f 2299//2432 2518//2431 2296//2433
f 2296//2433 2518//2431 2514//2434
f 2301//2435 2518//2435 2299//2435
f 2514//2434 2518//2431 2507//2421
f 2517//2436 2519//2437 2520//2438
f 2520//2439 2519//2439 2521//2439
f 2515//2440 2519//2437 2517//2436
f 2303//2441 2522//2442 2301//2443
f 2304//2444 2522//2444 2303//2444
f 2518//2445 2522//2442 2511//2430
f 2301//2443 2522//2442 2518//2445
f 2511//2430 2522//2442 2515//2427
f 2521//2446 2523//2446 2524//2446
f 2524//2447 2523//2447 2525//2447
f 2519//2448 2523//2449 2521//2450
f 2304//2451 2526//2452 2522//2453
f 2515//2440 2526//2452 2519//2437
f 2307//2454 2526//2452 2304//2451
f 2309//2455 2526//2455 2307//2455
f 2522//2453 2526//2452 2515//2440
f 2525//2456 2527//2456 2528//2456
f 2528//2457 2527//2457 2529//2457
f 2523//2458 2527//2459 2525//2460
f 2526//2461 2530//2462 2519//2448
f 2519//2448 2530//2462 2523//2449
f 2309//2463 2530//2462 2526//2461
f 2523//2458 2530//2464 2527//2459
f 2311//2465 2530//2462 2309//2463
f 2313//2466 2530//2466 2311//2466
f 2529//2467 2531//2467 2532//2467
f 2532//2468 2531//2468 2533//2468
f 2527//2469 2531//2470 2529//2471
f 2530//2464 2534//2472 2527//2459
f 2313//2473 2534//2472 2530//2464
f 2315//2474 2534//2474 2313//2474
f 2318//2475 2534//2475 2315//2475
f 2533//2476 2535//2476 2536//2476
f 2536//2477 2535//2477 2537//2477
f 2537//2478 2535//2478 258//2478
f 2531//2479 2535//2480 2533//2481
f 2527//2469 2538//2482 2531//2470
f 2318//2483 2538//2482 2534//2484
f 2319//2485 2538//2485 2318//2485
f 2414//2486 2538//2486 2319//2486
f 2534//2484 2538//2482 2527//2469
f 2531//2479 2539//2487 2535//2480
f 258//2488 2539//2489 1308//2490
f 2414//2491 2539//2487 2538//2492
f 2413//2493 2539//2493 2414//2493
f 2412//2494 2539//2494 2413//2494
f 1308//2495 2539//2495 2412//2495
f 2538//2492 2539//2487 2531//2479
f 2535//2496 2539//2489 258//2488
f 511//2497 2540//2497 2541//2497
f 2541//2498 2540//2498 2542//2498
f 2542//2499 2540//2499 2543//2499
f 2543//2500 2544//2500 2545//2500
f 2545//2501 2544//2501 2546//2501
f 2540//2189 2544//2502 2543//2503
f 2387//2504 2547//2504 1301//2504
f 2388//2193 2547//2193 2387//2193
f 2389//2505 2547//2505 2388//2505
f 1301//2506 2547//2507 511//2508
f 511//2508 2547//2507 2540//2198
f 2544//2509 2548//2510 2546//2511
f 2546//2512 2548//2512 2549//2512
f 2549//2513 2548//2513 2550//2513
f 2390//2204 2551//2204 2389//2204
f 2391//2205 2551//2205 2390//2205
f 2540//2189 2551//2206 2544//2502
f 2389//2207 2551//2206 2547//2208
f 2547//2208 2551//2206 2540//2189
f 2548//2209 2552//2514 2550//2211
f 2550//2515 2552//2515 2553//2515
f 2553//2516 2552//2516 2554//2516
f 2392//2517 2555//2517 2391//2517
f 2393//2215 2555//2215 2392//2215
f 2551//2518 2555//2217 2544//2509
f 2391//2519 2555//2217 2551//2518
f 2544//2509 2555//2217 2548//2510
f 2554//2520 2556//2520 2557//2520
f 2557//2521 2556//2522 2558//2523
f 2552//2223 2556//2524 2554//2225
f 2394//2525 2559//2525 2393//2525
f 2395//2526 2559//2526 2394//2526
f 2393//2527 2559//2528 2555//2529
f 2555//2529 2559//2528 2548//2209
f 2548//2209 2559//2528 2552//2514
f 2556//2522 2560//2530 2558//2523
f 2558//2531 2560//2531 2561//2531
f 2561//2233 2560//2234 2562//2235
f 2396//2532 2563//2532 2395//2532
f 2397//2533 2563//2534 2396//2239
f 2559//2535 2563//2536 2552//2223
f 2552//2223 2563//2536 2556//2524
f 2395//2537 2563//2536 2559//2535
f 2560//2234 2564//2243 2562//2235
f 2562//2244 2564//2244 2565//2244
f 2565//2245 2564//2246 2566//2247
f 2398//2538 2567//2538 2397//2538
f 2399//2249 2567//2250 2398//2251
f 2556//2522 2567//2539 2560//2530
f 2397//2533 2567//2539 2563//2534
f 2563//2534 2567//2539 2556//2522
f 2564//2246 2568//2540 2566//2247
f 2566//2541 2568//2541 2569//2541
f 2569//2542 2568//2543 2570//2544
f 2400//2545 2571//2545 2399//2545
f 2401//2546 2571//2260 2400//2547
f 2560//2234 2571//2262 2564//2243
f 2399//2249 2571//2262 2567//2250
f 2567//2250 2571//2262 2560//2234
f 2568//2543 2572//2548 2570//2544
f 2570//2549 2572//2549 2573//2549
f 2573//2550 2572//2551 2574//2552
f 2402//2268 2575//2268 2401//2268
f 2403//2553 2575//2554 2402//2555
f 2564//2246 2575//2272 2568//2540
f 2571//2260 2575//2272 2564//2246
f 2401//2546 2575//2272 2571//2260
f 2572//2551 2576//2556 2574//2552
f 2574//2557 2576//2557 2577//2557
f 2577//2558 2576//2559 2578//2560
f 2572//2551 2579//2561 2576//2556
f 2403//2553 2579//2278 2575//2554
f 2404//2562 2579//2562 2403//2562
f 2405//2563 2579//2561 2404//2564
f 2568//2543 2579//2278 2572//2548
f 2575//2554 2579//2278 2568//2543
f 2576//2559 2580//2565 2578//2560
f 2578//2284 2580//2284 2581//2284
f 2581//2285 2580//2286 2582//2287
f 2406//2566 2583//2566 2405//2566
f 2407//2567 2583//2291 2406//2568
f 2405//2563 2583//2569 2579//2561
f 2579//2561 2583//2569 2576//2556
f 2580//2286 2584//2293 2582//2287
f 2582//2570 2584//2570 2585//2570
f 2585//2571 2584//2572 2586//2573
f 2408//2574 2587//2574 2407//2574
f 2409//2299 2587//2575 2408//2576
f 2576//2559 2587//2302 2580//2565
f 2407//2567 2587//2302 2583//2291
f 2583//2291 2587//2302 2576//2559
f 2584//2572 2588//2577 2586//2573
f 2586//2578 2588//2578 2589//2578
f 2589//2579 2588//2306 2590//2580
f 2409//2299 2591//2581 2587//2575
f 2410//2582 2591//2582 2409//2582
f 2350//2583 2591//2584 2410//2585
f 2580//2286 2591//2581 2584//2293
f 2587//2575 2591//2581 2580//2286
f 2588//2306 2592//2586 2590//2580
f 2590//2587 2592//2587 2593//2587
f 2593//2315 2592//2316 2594//2317
f 2349//2319 2595//2319 2350//2319
f 2351//2320 2595//2588 2349//2589
f 2350//2583 2595//2318 2591//2584
f 2591//2584 2595//2318 2584//2572
f 2584//2572 2595//2318 2588//2577
f 2592//2316 2596//2590 2594//2317
f 2594//2324 2596//2324 2597//2324
f 2597//2591 2596//2592 2598//2593
f 2588//2306 2599//2594 2592//2586
f 2352//2595 2599//2595 2351//2595
f 2353//2596 2599//2597 2352//2332
f 2595//2588 2599//2594 2588//2306
f 2351//2320 2599//2594 2595//2588
f 2596//2592 2600//2598 2598//2593
f 2598//2334 2600//2334 2601//2334
f 2592//2316 2602//2599 2596//2590
f 2354//2336 2602//2336 2353//2336
f 2355//2337 2602//2600 2354//2601
f 2599//2597 2602//2599 2592//2316
f 2353//2596 2602//2599 2599//2597
f 2600//2602 2603//2603 2601//2604
f 2601//2604 2603//2603 2604//2342
f 2604//2343 2603//2343 2605//2343
f 2356//2346 2606//2346 2355//2346
f 2596//2592 2606//2605 2600//2598
f 2602//2600 2606//2605 2596//2592
f 2355//2337 2606//2605 2602//2600
f 2603//2606 2607//2607 2605//2349
f 2605//2349 2607//2607 2608//2350
f 2608//2608 2607//2608 2609//2608
f 2600//2602 2610//2609 2603//2603
f 2357//2610 2610//2609 2356//2611
f 2358//2612 2610//2612 2357//2612
f 2606//2613 2610//2609 2600//2602
f 2356//2611 2610//2609 2606//2613
f 2609//2614 2611//2615 2612//2616
f 2612//2617 2611//2617 2613//2617
f 2607//2618 2611//2615 2609//2614
f 2359//2362 2614//2619 2358//2620
f 2360//2621 2614//2621 2359//2621
f 2603//2606 2614//2619 2607//2607
f 2358//2620 2614//2619 2610//2365
f 2610//2365 2614//2619 2603//2606
f 2613//2622 2615//2367 2616//2623
f 2616//2624 2615//2624 2617//2624
f 2611//2625 2615//2367 2613//2622
f 2360//2626 2618//2627 2614//2628
f 2361//2629 2618//2627 2360//2626
f 2362//2374 2618//2374 2361//2374
f 2607//2618 2618//2627 2611//2615
f 2614//2628 2618//2627 2607//2618
f 2617//2376 2619//2630 2620//2378
f 2620//2379 2619//2379 2621//2379
f 2615//2631 2619//2630 2617//2376
f 2618//2632 2622//2633 2611//2625
f 2362//2381 2622//2633 2618//2632
f 2363//2634 2622//2633 2362//2381
f 2364//2386 2622//2386 2363//2386
f 2611//2625 2622//2633 2615//2367
f 2621//2635 2623//2636 2624//2637
f 2624//2638 2623//2638 2625//2638
f 2619//2639 2623//2636 2621//2635
f 2365//2394 2626//2640 2364//2395
f 2366//2641 2626//2641 2365//2641
f 2622//2642 2626//2640 2615//2631
f 2615//2631 2626//2640 2619//2630
f 2364//2395 2626//2640 2622//2642
f 2625//2643 2627//2398 2628//2644
f 2628//2645 2627//2645 2629//2645
f 2623//2401 2627//2398 2625//2643
f 2619//2639 2630//2646 2623//2636
f 2366//2647 2630//2646 2626//2648
f 2367//2649 2630//2646 2366//2647
f 2368//2650 2630//2650 2367//2650
f 2626//2648 2630//2646 2619//2639
f 2629//2651 2631//2652 2632//2653
f 2632//2654 2631//2654 2633//2654
f 2627//2655 2631//2652 2629//2651
f 2627//2655 2634//2656 2631//2652
f 2630//2657 2634//2658 2623//2401
f 2369//2659 2634//2658 2368//2660
f 2370//2661 2634//2661 2369//2661
f 2623//2401 2634//2658 2627//2398
f 2368//2660 2634//2658 2630//2657
f 2633//2662 2635//2418 2636//2419
f 2636//2663 2635//2663 2637//2663
f 2631//2421 2635//2418 2633//2662
f 2634//2656 2638//2664 2631//2652
f 2371//2665 2638//2664 2370//2666
f 2372//2425 2638//2425 2371//2425
f 2370//2666 2638//2664 2634//2656
f 2637//2426 2639//2667 2640//2428
f 2640//2668 2639//2668 2641//2668
f 2635//2669 2639//2667 2637//2426
f 2638//2670 2642//2431 2631//2421
f 2373//2671 2642//2431 2372//2672
f 2631//2421 2642//2431 2635//2418
f 2374//2673 2642//2673 2373//2673
f 2635//2669 2642//2674 2639//2667
f 2372//2672 2642//2431 2638//2670
f 2641//2675 2643//2437 2644//2438
f 2644//2676 2643//2676 2645//2676
f 2639//2440 2643//2437 2641//2675
f 2642//2674 2646//2677 2639//2667
f 2375//2441 2646//2677 2374//2443
f 2376//2678 2646//2678 2375//2678
f 2374//2443 2646//2677 2642//2674
f 2645//2679 2647//2679 2648//2679
f 2648//2680 2647//2680 2649//2680
f 2643//2449 2647//2448 2645//2681
f 2639//2440 2650//2682 2643//2437
f 2376//2683 2650//2682 2646//2684
f 2643//2449 2650//2685 2647//2448
f 2377//2454 2650//2682 2376//2683
f 2378//2686 2650//2686 2377//2686
f 2646//2684 2650//2682 2639//2440
f 2649//2687 2651//2687 2652//2687
f 2652//2688 2651//2688 2653//2688
f 2647//2459 2651//2689 2649//2460
f 2650//2685 2654//2690 2647//2448
f 2378//2691 2654//2690 2650//2685
f 2379//2465 2654//2690 2378//2691
f 2380//2692 2654//2692 2379//2692
f 2653//2467 2655//2467 2656//2467
f 2651//2693 2655//2694 2653//2695
f 2656//2696 2655//2696 2657//2696
f 2647//2459 2658//2697 2651//2689
f 2651//2693 2658//2698 2655//2694
f 2380//2473 2658//2697 2654//2699
f 2654//2699 2658//2697 2647//2459
f 2381//2474 2658//2474 2380//2474
f 2382//2475 2658//2475 2381//2475
f 2655//2700 2659//2701 2657//2702
f 2657//2703 2659//2703 2660//2703
f 2660//2704 2659//2704 2661//2704
f 2661//2705 2659//2705 386//2705
f 2658//2698 2662//2706 2655//2694
f 2382//2483 2662//2706 2658//2698
f 2383//2485 2662//2485 2382//2485
f 2384//2486 2662//2486 2383//2486
f 2655//2700 2662//2707 2659//2701
f 2662//2707 2663//2708 2659//2701
f 386//2488 2663//2490 1182//2709
f 2384//2491 2663//2708 2662//2707
f 2385//2710 2663//2710 2384//2710
f 2386//2494 2663//2494 2385//2494
f 1182//2711 2663//2711 2386//2711
f 2659//2712 2663//2490 386//2488
f 128//2713 2664//2713 2665//2713
f 2665//2714 2664//2714 2666//2714
f 2666//2715 2664//2715 2667//2715
f 2667//2716 2668//2716 2669//2716
f 2669//2717 2668//2717 2670//2717
f 2664//2718 2668//2719 2667//2720
f 1640//2721 2671//2721 1175//2721
f 1641//2722 2671//2722 1640//2722
f 1642//2723 2671//2723 1641//2723
f 1175//2724 2671//2724 128//2725
f 128//2725 2671//2724 2664//2726
f 2668//2727 2672//2728 2670//2729
f 2670//2730 2672//2730 2673//2730
f 2673//2731 2672//2731 2674//2731
f 1602//2732 2675//2732 1642//2732
f 1601//2733 2675//2733 1602//2733
f 2664//2718 2675//2734 2668//2719
f 1642//2735 2675//2734 2671//2736
f 2671//2736 2675//2734 2664//2718
f 2672//2737 2676//2738 2674//2739
f 2674//2740 2676//2740 2677//2740
f 2677//2741 2676//2741 2678//2741
f 1600//2742 2679//2742 1601//2742
f 1598//2743 2679//2743 1600//2743
f 1601//2744 2679//2745 2675//2746
f 2675//2746 2679//2745 2668//2727
f 2668//2727 2679//2745 2672//2728
f 2678//2747 2680//2747 2681//2747
f 2681//2748 2680//2749 2682//2750
f 2676//2751 2680//2752 2678//2753
f 1596//2754 2683//2754 1598//2754
f 1594//2755 2683//2756 1596//2757
f 1598//2758 2683//2759 2679//2760
f 2679//2760 2683//2759 2672//2737
f 2672//2737 2683//2759 2676//2738
f 2680//2749 2684//2761 2682//2750
f 2682//2762 2684//2762 2685//2762
f 2685//2763 2684//2764 2686//2765
f 1591//2766 2687//2766 1594//2766
f 1589//2767 2687//2768 1591//2769
f 2683//2756 2687//2770 2676//2751
f 2676//2751 2687//2770 2680//2752
f 1594//2755 2687//2770 2683//2756
f 2684//2764 2688//2771 2686//2765
f 2686//2772 2688//2772 2689//2772
f 2689//2773 2688//2774 2690//2775
f 1588//2776 2691//2776 1589//2776
f 1586//2777 2691//2778 1588//2779
f 2680//2749 2691//2780 2684//2761
f 1589//2767 2691//2780 2687//2768
f 2687//2768 2691//2780 2680//2749
f 2688//2774 2692//2781 2690//2775
f 2690//2782 2692//2782 2693//2782
f 2693//2783 2692//2784 2694//2785
f 1584//2786 2695//2786 1586//2786
f 1581//2787 2695//2788 1584//2789
f 2684//2764 2695//2790 2688//2771
f 2688//2774 2695//2788 2692//2781
f 1586//2777 2695//2790 2691//2778
f 2691//2778 2695//2790 2684//2764
f 2692//2784 2696//2791 2694//2785
f 2694//2792 2696//2792 2697//2792
f 2697//2793 2696//2794 2698//2795
f 1580//2796 2699//2796 1581//2796
f 1577//2797 2699//2798 1580//2799
f 2695//2788 2699//2800 2692//2781
f 1581//2787 2699//2800 2695//2788
f 2696//2794 2700//2801 2698//2795
f 2698//2802 2700//2802 2701//2802
f 2701//2803 2700//2804 2702//2805
f 1577//2797 2703//2806 2699//2798
f 1576//2807 2703//2807 1577//2807
f 1574//2808 2703//2809 1576//2810
f 2692//2784 2703//2806 2696//2791
f 2699//2798 2703//2806 2692//2784
f 2702//2811 2704//2811 2705//2811
f 2705//2812 2704//2813 2706//2814
f 2700//2804 2704//2815 2702//2805
f 2696//2794 2707//2816 2700//2801
f 1572//2817 2707//2817 1574//2817
f 1570//2818 2707//2819 1572//2820
f 1574//2808 2707//2816 2703//2809
f 2703//2809 2707//2816 2696//2794
f 2704//2813 2708//2821 2706//2814
f 2706//2822 2708//2822 2709//2822
f 2709//2823 2708//2824 2710//2825
f 1568//2826 2711//2826 1570//2826
f 1566//2827 2711//2828 1568//2829
f 2707//2819 2711//2830 2700//2804
f 1570//2818 2711//2830 2707//2819
f 2700//2804 2711//2830 2704//2815
f 2708//2824 2712//2831 2710//2825
f 2710//2832 2712//2832 2713//2832
f 2713//2833 2712//2834 2714//2835
f 1566//2827 2715//2836 2711//2828
f 2711//2828 2715//2836 2704//2813
f 1564//2837 2715//2837 1566//2837
f 1555//2838 2715//2839 1564//2840
f 2704//2813 2715//2836 2708//2821
f 2712//2834 2716//2841 2714//2835
f 2714//2842 2716//2842 2717//2842
f 2717//2843 2716//2844 2718//2845
f 2715//2839 2719//2846 2708//2824
f 1554//2847 2719//2847 1555//2847
f 1553//2848 2719//2849 1554//2850
f 1555//2838 2719//2846 2715//2839
f 2708//2824 2719//2846 2712//2831
f 2716//2844 2720//2851 2718//2845
f 2718//2852 2720//2852 2721//2852
f 2721//2853 2720//2854 2722//2855
f 2712//2834 2723//2856 2716//2841
f 1552//2857 2723//2857 1553//2857
f 1551//2858 2723//2859 1552//2860
f 2719//2849 2723//2856 2712//2834
f 1553//2848 2723//2856 2719//2849
f 2720//2854 2724//2861 2722//2855
f 2722//2862 2724//2862 2725//2862
f 1550//2863 2726//2863 1551//2863
f 1549//2864 2726//2865 1550//2866
f 2716//2844 2726//2867 2720//2851
f 2723//2859 2726//2867 2716//2844
f 1551//2858 2726//2867 2723//2859
f 2724//2868 2727//2869 2725//2870
f 2725//2870 2727//2869 2728//2871
f 2728//2872 2727//2872 2729//2872
f 2726//2865 2730//2873 2720//2854
f 1548//2874 2730//2874 1549//2874
f 1549//2864 2730//2873 2726//2865
f 2720//2854 2730//2873 2724//2861
f 2727//2875 2731//2876 2729//2877
f 2729//2877 2731//2876 2732//2878
f 2732//2879 2731//2879 2733//2879
f 1547//2880 2734//2881 1548//2882
f 1546//2883 2734//2883 1547//2883
f 1548//2882 2734//2881 2730//2884
f 2724//2868 2734//2881 2727//2869
f 2730//2884 2734//2881 2724//2868
f 2733//2885 2735//2886 2736//2887
f 2736//2888 2735//2888 2737//2888
f 2731//2889 2735//2886 2733//2885
f 2734//2890 2738//2891 2727//2875
f 1545//2892 2738//2891 1546//2893
f 1544//2894 2738//2894 1545//2894
f 2727//2875 2738//2891 2731//2876
f 1546//2893 2738//2891 2734//2890
f 2737//2895 2739//2896 2740//2897
f 2740//2898 2739//2898 2741//2898
f 2735//2899 2739//2896 2737//2895
f 2731//2889 2742//2900 2735//2886
f 2738//2901 2742//2900 2731//2889
f 1543//2902 2742//2900 1544//2903
f 1542//2904 2742//2904 1543//2904
f 2735//2899 2742//2905 2739//2896
f 1544//2903 2742//2900 2738//2901
f 2741//2906 2743//2907 2744//2908
f 2744//2909 2743//2909 2745//2909
f 2739//2910 2743//2907 2741//2906
f 1540//2911 2746//2912 1542//2913
f 1538//2914 2746//2914 1540//2914
f 1542//2913 2746//2912 2742//2905
f 2742//2905 2746//2912 2739//2896
f 2745//2915 2747//2916 2748//2917
f 2748//2918 2747//2918 2749//2918
f 2743//2919 2747//2916 2745//2915
f 2746//2920 2750//2921 2739//2910
f 1538//2920 2750//2921 2746//2920
f 1536//2922 2750//2921 1538//2920
f 1533//2923 2750//2923 1536//2923
f 2739//2910 2750//2921 2743//2907
f 2747//2924 2751//2925 2749//2926
f 2749//2926 2751//2925 2752//2927
f 2752//2928 2751//2928 2753//2928
f 2743//2919 2754//2929 2747//2916
f 1533//2930 2754//2929 2750//2931
f 1532//2932 2754//2929 1533//2930
f 1530//2933 2754//2933 1532//2933
f 2750//2931 2754//2929 2743//2919
f 2753//2934 2755//2935 2756//2936
f 2756//2937 2755//2937 2757//2937
f 2751//2938 2755//2935 2753//2934
f 2747//2924 2758//2939 2751//2925
f 2754//2940 2758//2939 2747//2924
f 1528//2941 2758//2939 1530//2942
f 1526//2943 2758//2943 1528//2943
f 1530//2942 2758//2939 2754//2940
f 2757//2944 2759//2945 2760//2946
f 2760//2947 2759//2947 2761//2947
f 2755//2948 2759//2945 2757//2944
f 2758//2949 2762//2950 2751//2938
f 2751//2938 2762//2950 2755//2935
f 2755//2948 2762//2951 2759//2945
f 1524//2952 2762//2950 1526//2953
f 1525//2954 2762//2954 1524//2954
f 1526//2953 2762//2950 2758//2949
f 2761//2955 2763//2956 2764//2957
f 2764//2958 2763//2958 2765//2958
f 2759//2959 2763//2956 2761//2955
f 1527//2960 2766//2961 1525//2962
f 1529//2963 2766//2963 1527//2963
f 2762//2951 2766//2961 2759//2945
f 1525//2962 2766//2961 2762//2951
f 2765//2964 2767//2965 2768//2966
f 2768//2967 2767//2967 2769//2967
f 2763//2968 2767//2965 2765//2964
f 2766//2969 2770//2970 2759//2959
f 2763//2968 2770//2971 2767//2965
f 1531//2972 2770//2970 1529//2973
f 1534//2974 2770//2974 1531//2974
f 1529//2973 2770//2970 2766//2969
f 2759//2959 2770//2970 2763//2956
f 2769//2975 2771//2975 2772//2975
f 2772//2976 2771//2976 2773//2976
f 2767//2977 2771//2978 2769//2979
f 2770//2971 2774//2980 2767//2965
f 1534//2981 2774//2980 2770//2971
f 1535//2982 2774//2980 1534//2981
f 1537//2983 2774//2983 1535//2983
f 2773//2984 2775//2984 2776//2984
f 2776//2985 2775//2985 2777//2985
f 2771//2986 2775//2987 2773//2988
f 2767//2977 2778//2989 2771//2978
f 2774//2990 2778//2989 2767//2977
f 2771//2986 2778//2991 2775//2987
f 1537//2992 2778//2989 2774//2990
f 1539//2993 2778//2993 1537//2993
f 1541//2994 2778//2994 1539//2994
f 2777//2995 2779//2995 2780//2995
f 2780//2996 2779//2996 2781//2996
f 2775//2997 2779//2998 2777//2999
f 2778//2991 2782//3000 2775//2987
f 1541//3001 2782//3000 2778//2991
f 1563//3002 2782//3002 1541//3002
f 1523//3003 2782//3003 1563//3003
f 2781//3004 2783//3004 2784//3004
f 2784//3005 2783//3005 2785//3005
f 2785//3006 2783//3006 2//3006
f 2779//3007 2783//3008 2781//3009
f 2775//2997 2786//3010 2779//2998
f 2779//3007 2786//3011 2783//3008
f 1523//3012 2786//3010 2782//3013
f 1522//3014 2786//3014 1523//3014
f 1521//3015 2786//3015 1522//3015
f 2782//3013 2786//3010 2775//2997
f 2783//3016 2787//3017 2//3018
f 2//3018 2787//3017 1056//3016
f 1521//3019 2787//3020 2786//3011
f 1520//3021 2787//3021 1521//3021
f 1519//3022 2787//3022 1520//3022
f 1056//3023 2787//3023 1519//3023
f 2786//3011 2787//3020 2783//3008
f 256//3024 2788//3024 2789//3024
f 2789//3025 2788//3025 2790//3025
f 2790//3026 2788//3026 2791//3026
f 2791//3027 2792//3027 2793//3027
f 2793//3028 2792//3028 2794//3028
f 2788//3029 2792//3030 2791//3031
f 1603//3032 2795//3032 1049//3032
f 1604//2722 2795//2722 1603//2722
f 1605//3033 2795//3033 1604//3033
f 1049//3034 2795//2724 256//3035
f 256//3035 2795//2724 2788//3036
f 2792//2727 2796//3037 2794//3038
f 2794//3039 2796//3039 2797//3039
f 2797//3040 2796//3040 2798//3040
f 1606//2732 2799//2732 1605//2732
f 1607//3041 2799//3041 1606//3041
f 2788//3029 2799//3042 2792//3030
f 1605//2735 2799//3042 2795//2736
f 2795//2736 2799//3042 2788//3029
f 2798//3043 2800//3043 2801//3043
f 2801//2741 2800//2741 2802//2741
f 2796//3044 2800//2738 2798//3045
f 1608//2742 2803//2742 1607//2742
f 1609//2743 2803//2743 1608//2743
f 1607//2744 2803//3046 2799//3047
f 2799//3047 2803//3046 2792//2727
f 2792//2727 2803//3046 2796//3037
f 2802//3048 2804//3049 2805//3048
f 2800//3050 2804//2753 2802//3051
f 2805//3052 2804//3053 2806//2750
f 1610//3054 2807//3054 1609//3054
f 1611//3055 2807//2756 1610//3056
f 1609//2758 2807//3057 2803//3058
f 2803//3058 2807//3057 2796//3044
f 2796//3044 2807//3057 2800//2738
f 2804//3053 2808//3059 2806//2750
f 2806//3060 2808//3060 2809//3060
f 2809//2763 2808//2764 2810//2765
f 1612//3061 2811//3061 1611//3061
f 1613//3062 2811//3063 1612//3064
f 2807//2756 2811//3065 2800//3050
f 2800//3050 2811//3065 2804//2753
f 1611//3055 2811//3065 2807//2756
f 2808//2764 2812//2771 2810//2765
f 2810//2772 2812//2772 2813//2772
f 2813//2773 2812//3066 2814//3067
f 1614//2776 2815//2776 1613//2776
f 1615//3068 2815//3069 1614//2779
f 2804//3053 2815//2780 2808//3059
f 1613//3062 2815//2780 2811//3063
f 2811//3063 2815//2780 2804//3053
f 2812//3066 2816//3070 2814//3067
f 2814//3071 2816//3071 2817//3071
f 2817//3072 2816//3073 2818//3074
f 2808//2764 2819//3075 2812//2771
f 1616//3076 2819//3076 1615//3076
f 1617//3077 2819//3078 1616//3079
f 2815//3069 2819//3075 2808//2764
f 1615//3068 2819//3075 2815//3069
f 2816//3073 2820//3080 2818//3074
f 2818//2792 2820//2792 2821//2792
f 2821//3081 2820//3082 2822//3083
f 1618//2796 2823//2796 1617//2796
f 1619//3084 2823//3085 1618//3086
f 2812//3066 2823//3087 2816//3070
f 1617//3077 2823//3087 2819//3078
f 2819//3078 2823//3087 2812//3066
f 2820//3082 2824//3088 2822//3083
f 2822//2802 2824//2802 2825//2802
f 2825//3089 2824//2804 2826//3090
f 1619//3084 2827//3091 2823//3085
f 1620//3092 2827//3092 1619//3092
f 1621//3093 2827//3094 1620//3095
f 2816//3073 2827//3091 2820//3080
f 2823//3085 2827//3091 2816//3073
f 2824//2804 2828//3096 2826//3090
f 2826//2811 2828//2811 2829//2811
f 2829//2812 2828//3097 2830//2814
f 2820//3082 2831//3098 2824//3088
f 1622//3099 2831//3099 1621//3099
f 1623//3100 2831//2819 1622//3101
f 2827//3094 2831//3098 2820//3082
f 1621//3093 2831//3098 2827//3094
f 2828//3097 2832//3102 2830//2814
f 2830//3103 2832//3103 2833//3103
f 2833//3104 2832//2824 2834//3105
f 1624//3106 2835//3106 1623//3106
f 1625//2827 2835//2828 1624//3107
f 1623//3100 2835//3108 2831//2819
f 2824//2804 2835//3108 2828//3096
f 2831//2819 2835//3108 2824//2804
f 2832//2824 2836//3109 2834//3105
f 2834//3110 2836//3110 2837//3110
f 2837//3111 2836//3112 2838//3113
f 2835//2828 2839//3114 2828//3097
f 1626//2837 2839//2837 1625//2837
f 1627//3115 2839//3116 1626//3117
f 2828//3097 2839//3114 2832//3102
f 1625//2827 2839//3114 2835//2828
f 2836//3112 2840//3118 2838//3113
f 2838//3119 2840//3119 2841//3119
f 2841//3120 2840//3121 2842//3122
f 1627//3115 2843//3123 2839//3116
f 2839//3116 2843//3123 2832//2824
f 1628//2847 2843//2847 1627//2847
f 1629//2848 2843//3124 1628//3125
f 2832//2824 2843//3123 2836//3109
f 2840//3121 2844//3126 2842//3122
f 2842//2852 2844//2852 2845//2852
f 2845//3127 2844//3128 2846//3129
f 2836//3112 2847//3130 2840//3118
f 1630//3131 2847//3131 1629//3131
f 1631//3132 2847//3133 1630//2860
f 2843//3124 2847//3130 2836//3112
f 2840//3121 2847//3133 2844//3126
f 1629//2848 2847//3130 2843//3124
f 2844//3128 2848//2861 2846//3129
f 2846//2862 2848//2862 2849//2862
f 1632//3134 2850//3134 1631//3134
f 1633//3135 2850//2865 1632//3136
f 2847//3133 2850//3137 2844//3126
f 1631//3132 2850//3137 2847//3133
f 2848//3138 2851//3139 2849//3140
f 2849//3140 2851//3139 2852//3141
f 2852//2872 2851//2872 2853//2872
f 2850//2865 2854//3142 2844//3128
f 1634//3143 2854//3143 1633//3143
f 1633//3135 2854//3142 2850//2865
f 2844//3128 2854//3142 2848//2861
f 2848//3138 2854//3144 2851//3139
f 2851//3145 2855//3146 2853//3147
f 2853//3147 2855//3146 2856//3148
f 2856//2879 2855//2879 2857//2879
f 2854//3144 2858//3149 2851//3139
f 1635//3150 2858//3149 1634//2882
f 1636//2883 2858//2883 1635//2883
f 2851//3145 2858//2875 2855//3146
f 1634//2882 2858//3149 2854//3144
f 2857//3151 2859//3152 2860//3153
f 2860//3154 2859//3154 2861//3154
f 2855//3155 2859//3152 2857//3151
f 1637//2892 2862//3156 1636//3157
f 1638//3158 2862//3158 1637//3158
f 1636//3157 2862//3156 2858//2875
f 2858//2875 2862//3156 2855//3146
f 2861//3159 2863//3160 2864//3161
f 2864//3162 2863//3162 2865//3162
f 2859//3163 2863//3160 2861//3159
f 1639//3164 2866//3165 1638//2903
f 1599//2904 2866//2904 1639//2904
f 1638//2903 2866//3165 2862//2901
f 2862//2901 2866//3165 2855//3155
f 2855//3155 2866//3165 2859//3152
f 2865//2906 2867//2907 2868//2908
f 2868//2909 2867//2909 2869//2909
f 2863//2910 2867//2907 2865//2906
f 1599//3166 2870//3167 2866//3168
f 1597//3169 2870//3167 1599//3166
f 1595//3170 2870//3170 1597//3170
f 2866//3168 2870//3167 2859//3163
f 2859//3163 2870//3167 2863//3160
f 2869//3171 2871//3172 2872//3173
f 2872//2918 2871//2918 2873//2918
f 2867//3174 2871//3172 2869//3171
f 2870//3175 2874//2921 2863//2910
f 2863//2910 2874//2921 2867//2907
f 1595//2920 2874//2921 2870//3175
f 1593//3176 2874//2921 1595//2920
f 1592//3177 2874//3177 1593//3177
f 2871//3178 2875//3179 2873//3180
f 2873//3180 2875//3179 2876//3181
f 2876//2928 2875//2928 2877//2928
f 2867//3174 2878//3182 2871//3172
f 1592//3183 2878//3182 2874//3184
f 1590//3185 2878//3182 1592//3183
f 1587//2933 2878//2933 1590//2933
f 2871//3178 2878//3186 2875//3179
f 2874//3184 2878//3182 2867//3174
f 2875//3187 2879//2935 2877//3188
f 2877//3188 2879//2935 2880//3189
f 2880//3190 2879//3190 2881//3190
f 2878//3186 2882//3191 2875//3179
f 1585//2941 2882//3191 1587//3192
f 1583//2943 2882//2943 1585//2943
f 1587//3192 2882//3191 2878//3186
f 2881//3193 2883//3194 2884//2946
f 2884//2947 2883//2947 2885//2947
f 2879//3195 2883//3194 2881//3193
f 2875//3187 2886//3196 2879//2935
f 2882//3197 2886//3196 2875//3187
f 1582//2952 2886//3196 1583//3198
f 1579//2954 2886//2954 1582//2954
f 1583//3198 2886//3196 2882//3197
f 2885//2955 2887//2956 2888//2957
f 2888//3199 2887//3199 2889//3199
f 2883//3200 2887//2956 2885//2955
f 1579//3201 2890//3202 2886//3203
f 1578//3204 2890//3202 1579//3201
f 1575//3205 2890//3205 1578//3205
f 2886//3203 2890//3202 2879//3195
f 2879//3195 2890//3202 2883//3194
f 2889//3206 2891//3207 2892//3208
f 2892//3209 2891//3209 2893//3209
f 2887//3210 2891//3207 2889//3206
f 2890//3211 2894//3212 2883//3200
f 2887//3210 2894//3213 2891//3207
f 1573//2972 2894//3212 1575//3214
f 1571//3215 2894//3215 1573//3215
f 1575//3214 2894//3212 2890//3211
f 2883//3200 2894//3212 2887//2956
f 2893//3216 2895//3216 2896//3216
f 2896//3217 2895//3217 2897//3217
f 2891//3218 2895//3219 2893//2979
f 2894//3213 2898//2980 2891//3207
f 1571//3220 2898//2980 2894//3213
f 1569//2982 2898//2980 1571//3220
f 1567//2983 2898//2983 1569//2983
f 2897//3221 2899//3221 2900//3221
f 2900//2985 2899//2985 2901//2985
f 2895//3222 2899//3223 2897//3224
f 2895//3222 2902//3225 2899//3223
f 2891//3218 2902//3226 2895//3219
f 1567//3227 2902//3226 2898//3228
f 1565//3229 2902//3229 1567//3229
f 1557//3230 2902//3230 1565//3230
f 2898//3228 2902//3226 2891//3218
f 2899//2997 2903//3231 2901//3232
f 2901//3233 2903//3233 2904//3233
f 2904//3234 2903//3234 2905//3234
f 2902//3225 2906//3000 2899//3223
f 1557//3235 2906//3000 2902//3225
f 1556//3002 2906//3002 1557//3002
f 1558//3236 2906//3236 1556//3236
f 2903//3237 2907//3008 2905//3238
f 2905//3239 2907//3239 2908//3239
f 2908//3240 2907//3240 2909//3240
f 2909//3241 2907//3241 130//3241
f 1558//3242 2910//3243 2906//3244
f 2899//2997 2910//3243 2903//3231
f 1559//3014 2910//3014 1558//3014
f 1560//3015 2910//3015 1559//3015
f 2906//3244 2910//3243 2899//2997
f 2903//3237 2910//3245 2907//3008
f 2910//3245 2911//3020 2907//3008
f 130//3018 2911//3017 930//3246
f 1560//3019 2911//3020 2910//3245
f 1561//3247 2911//3247 1560//3247
f 1562//3022 2911//3022 1561//3022
f 930//3248 2911//3248 1562//3248
f 2907//3249 2911//3017 130//3018
f 1518//2178 1645//2178 1506//2178
f 1643//2178 1645//2178 1518//2178
f 1906//2013 1909//2013 1517//2013
f 1508//2013 1906//2013 1517//2013
f 1907//2013 1906//2013 1508//2013
f 1510//2013 1907//2013 1508//2013
f 1910//3250 2415//3251 1503//3250
f 1644//3252 1503//3250 1501//3252
f 1644//3252 1910//3250 1503//3250
f 1712//3253 2912//3253 1713//3253
f 1713//3254 2912//3254 1714//3254
f 1714//3255 2912//3255 921//3255
f 921//3256 2912//3256 919//3256
f 919//3257 2912//3257 2167//3257
f 2167//3258 2912//3258 2169//3258
f 2169//3259 2912//3259 2171//3259
f 2912//3260 2913//3260 2171//3260
f 1710//3261 2913//3261 1711//3261
f 1711//3262 2913//3262 1712//3262
f 2171//3263 2913//3263 2174//3263
f 2174//3264 2913//3264 2175//3264
f 1712//3265 2913//3265 2912//3265
f 2913//3266 2914//3266 2175//3266
f 1710//3267 2914//3267 2913//3267
f 1708//3268 2914//3268 1709//3268
f 1709//3269 2914//3269 1710//3269
f 2175//3270 2914//3270 2178//3270
f 2178//3271 2914//3271 2179//3271
f 1719//3272 2915//3272 1720//3272
f 1720//3273 2915//3273 1708//3273
f 2179//3274 2915//3274 2181//3274
f 2181//3275 2915//3275 2183//3275
f 2914//3276 2915//3276 2179//3276
f 1708//3277 2915//3277 2914//3277
f 2915//3278 2916//3278 2183//3278
f 1717//3279 2916//3280 1718//3281
f 1718//3282 2916//3282 1719//3282
f 1719//3283 2916//3283 2915//3283
f 2183//3284 2916//3284 2185//3284
f 2185//3285 2916//3286 2187//3287
f 2916//3286 2917//3288 2187//3287
f 1717//3279 2917//3289 2916//3280
f 1715//3290 2917//3291 1716//3292
f 1716//3293 2917//3293 1717//3293
f 2187//3294 2917//3294 2189//3294
f 2189//3295 2917//3296 2192//3297
f 1705//3298 2918//3299 1706//3300
f 1706//3301 2918//3301 1715//3301
f 2917//3296 2918//3302 2192//3297
f 2192//3303 2918//3303 2193//3303
f 2193//3304 2918//3305 2196//3306
f 1715//3290 2918//3307 2917//3291
f 2918//3305 2919//3308 2196//3306
f 1703//3309 2919//3310 1704//3311
f 1704//3312 2919//3312 1705//3312
f 1705//3298 2919//3313 2918//3299
f 2196//3314 2919//3314 2197//3314
f 2197//3315 2919//3316 2199//3317
f 1691//3318 2920//3319 1692//3320
f 1703//3309 2920//3321 2919//3310
f 1692//3322 2920//3322 1703//3322
f 2919//3316 2920//3323 2199//3317
f 2199//3324 2920//3324 2201//3324
f 2201//3325 2920//3326 2203//3327
f 2920//3326 2921//3328 2203//3327
f 1689//3329 2921//3330 1690//3331
f 1690//3332 2921//3332 1691//3332
f 1691//3318 2921//3333 2920//3319
f 2203//3334 2921//3334 2205//3334
f 2205//3335 2921//3336 2207//3337
f 1689//3329 2922//3338 2921//3330
f 2921//3336 2922//3339 2207//3337
f 1687//3340 2922//3341 1688//3342
f 1688//3343 2922//3343 1689//3343
f 2207//3344 2922//3344 2209//3344
f 2209//3345 2922//3346 2212//3347
f 1685//3348 2923//3349 1686//3350
f 1686//3351 2923//3351 1687//3351
f 2922//3346 2923//3352 2212//3347
f 1687//3340 2923//3353 2922//3341
f 2212//3354 2923//3354 2213//3354
f 2213//3355 2923//3356 2216//3357
f 1683//3358 2924//3359 1684//3360
f 1684//3361 2924//3361 1685//3361
f 2923//3356 2924//3362 2216//3357
f 1685//3348 2924//3363 2923//3349
f 2216//3364 2924//3364 2217//3364
f 2217//3365 2924//3366 2220//3367
f 2924//3366 2925//3368 2220//3367
f 1681//3369 2925//3370 1682//3371
f 1682//3372 2925//3372 1683//3372
f 2220//3373 2925//3373 2221//3373
f 2221//3374 2925//3375 2223//3376
f 1683//3358 2925//3377 2924//3359
f 1679//3378 2926//3379 1680//3379
f 1680//3380 2926//3380 1681//3380
f 1681//3369 2926//3381 2925//3370
f 2925//3375 2926//3382 2223//3376
f 2223//3383 2926//3383 2225//3383
f 2225//3384 2926//3385 2227//3385
f 1678//3386 2927//3386 1679//3386
f 1679//3378 2927//3387 2926//3379
f 2926//3385 2927//3388 2227//3385
f 2227//3389 2927//3389 2230//3389
f 1678//3390 2928//3391 2927//3392
f 1676//3393 2928//3393 1677//3393
f 1677//3391 2928//3391 1678//3390
f 2927//3394 2928//3395 2230//3396
f 2230//3396 2928//3395 2232//3397
f 2232//3398 2928//3398 2234//3398
f 1674//3399 2929//3399 1675//3399
f 1675//3400 2929//3401 1676//3402
f 1676//3402 2929//3401 2928//3403
f 2928//3404 2929//3405 2234//3406
f 2234//3406 2929//3405 2235//3407
f 2235//3408 2929//3408 2238//3408
f 2238//3409 2930//3410 2240//3411
f 2240//3412 2930//3412 2241//3412
f 1672//3413 2930//3413 1673//3413
f 1673//3414 2930//3415 1674//3416
f 1674//3416 2930//3415 2929//3417
f 2929//3418 2930//3410 2238//3409
f 2241//3419 2931//3420 2243//3421
f 2243//3422 2931//3422 2245//3422
f 1670//3423 2931//3423 1671//3423
f 1671//3424 2931//3425 1672//3426
f 1672//3426 2931//3425 2930//3427
f 2930//3428 2931//3420 2241//3419
f 2245//3429 2932//3430 2247//3431
f 1670//3432 2932//3433 2931//3434
f 2247//3435 2932//3435 2249//3435
f 1668//3436 2932//3436 1669//3436
f 1669//3437 2932//3433 1670//3432
f 2931//3438 2932//3430 2245//3429
f 2249//3439 2933//3440 2251//3441
f 2251//3442 2933//3442 2253//3442
f 1665//3443 2933//3443 1667//3443
f 1667//3444 2933//3445 1668//3446
f 2932//3447 2933//3440 2249//3439
f 1668//3446 2933//3445 2932//3448
f 2933//3449 2934//3450 2253//3451
f 2253//3451 2934//3450 2255//3452
f 2255//3453 2934//3453 2257//3453
f 1661//3454 2934//3454 1663//3454
f 1663//3455 2934//3456 1665//3457
f 1665//3457 2934//3456 2933//3458
f 2257//3459 2935//3460 2259//3461
f 2259//3462 2935//3462 2261//3462
f 1656//3463 2935//3463 1658//3463
f 1658//3464 2935//3465 1661//3466
f 1661//3466 2935//3465 2934//3467
f 2934//3468 2935//3460 2257//3459
f 2261//3469 2936//3470 2263//3471
f 2263//3472 2936//3472 2265//3472
f 1657//3473 2936//3473 1655//3473
f 1655//3474 2936//3475 1656//3476
f 2935//3477 2936//3470 2261//3469
f 1656//3476 2936//3475 2935//3478
f 1659//3479 2937//3479 1660//3479
f 1660//3480 2937//3481 1657//3482
f 2265//3483 2937//3484 2267//3485
f 2267//3486 2937//3486 2269//3486
f 1657//3482 2937//3481 2936//3487
f 2936//3488 2937//3484 2265//3483
f 1664//3489 2938//3489 1662//3489
f 1662//3490 2938//3491 1659//3492
f 2269//3493 2938//3494 2271//3495
f 2271//3496 2938//3496 2273//3496
f 2937//3497 2938//3494 2269//3493
f 1659//3492 2938//3491 2937//3498
f 1654//3499 2939//3499 1666//3499
f 1666//3500 2939//3500 1664//3500
f 2273//3501 2939//3501 2275//3501
f 2275//3502 2939//3502 2277//3502
f 1664//3503 2939//3503 2938//3503
f 2938//3504 2939//3504 2273//3504
f 1652//3505 2940//3505 1653//3505
f 1653//3506 2940//3506 1654//3506
f 2277//3507 2940//3507 2280//3507
f 2280//3508 2940//3508 2281//3508
f 1654//3509 2940//3509 2939//3509
f 2939//3510 2940//3510 2277//3510
f 1650//3511 2941//3511 1651//3511
f 1651//3512 2941//3512 1652//3512
f 2281//3513 2941//3513 2284//3513
f 2284//3514 2941//3514 2285//3514
f 2940//3515 2941//3515 2281//3515
f 1652//3516 2941//3516 2940//3516
f 771//3517 2942//3517 1648//3517
f 1648//3518 2942//3518 1649//3518
f 1649//3519 2942//3519 1650//3519
f 2941//3520 2942//3520 2285//3520
f 2285//3521 2942//3521 2288//3521
f 2288//3522 2942//3522 2289//3522
f 2289//3523 2942//3523 772//3523
f 772//3524 2942//3524 771//3524
f 1650//3525 2942//3525 2941//3525
f 1912//3257 2943//3257 2043//3257
f 2043//3526 2943//3526 2045//3526
f 2045//3259 2943//3259 2047//3259
f 1874//3527 2943//3527 1875//3527
f 1875//3254 2943//3254 1876//3254
f 1876//3255 2943//3255 1850//3255
f 1850//3256 2943//3256 1912//3256
f 2047//3528 2944//3528 2049//3528
f 2049//3264 2944//3264 2051//3264
f 1872//3529 2944//3529 1873//3529
f 1873//3530 2944//3530 1874//3530
f 2943//3260 2944//3260 2047//3260
f 1874//3265 2944//3265 2943//3265
f 2051//3270 2945//3270 2054//3270
f 2054//3531 2945//3531 2055//3531
f 1870//3268 2945//3268 1871//3268
f 1871//3269 2945//3269 1872//3269
f 2944//3266 2945//3266 2051//3266
f 1872//3267 2945//3267 2944//3267
f 2055//3274 2946//3274 2058//3274
f 2058//3532 2946//3532 2059//3532
f 2945//3533 2946//3533 2055//3533
f 1868//3534 2946//3534 1869//3534
f 1869//3273 2946//3273 1870//3273
f 1870//3535 2946//3535 2945//3535
f 2059//3284 2947//3284 2061//3284
f 2061//3536 2947//3537 2064//3538
f 1866//3539 2947//3280 1867//3281
f 1867//3282 2947//3282 1868//3282
f 2946//3278 2947//3278 2059//3278
f 1868//3283 2947//3283 2946//3283
f 2064//3294 2948//3294 2065//3294
f 2065//3295 2948//3540 2067//3541
f 1864//3542 2948//3543 1865//3292
f 1865//3544 2948//3544 1866//3544
f 2947//3537 2948//3288 2064//3538
f 1866//3539 2948//3545 2947//3280
f 1862//3546 2949//3547 1863//3300
f 1863//3548 2949//3548 1864//3548
f 2067//3303 2949//3303 2069//3303
f 2069//3549 2949//3305 2071//3550
f 1864//3542 2949//3307 2948//3543
f 2948//3540 2949//3551 2067//3541
f 1860//3552 2950//3310 1861//3553
f 1861//3312 2950//3312 1862//3312
f 2071//3554 2950//3554 2073//3554
f 2073//3555 2950//3556 2076//3557
f 1862//3546 2950//3558 2949//3547
f 2949//3305 2950//3559 2071//3550
f 1858//3560 2951//3561 1859//3320
f 1859//3562 2951//3562 1860//3562
f 2076//3563 2951//3563 2077//3563
f 2077//3325 2951//3564 2080//3565
f 2950//3556 2951//3566 2076//3557
f 1860//3552 2951//3567 2950//3310
f 2951//3564 2952//3568 2080//3565
f 1856//3329 2952//3330 1857//3331
f 1857//3569 2952//3569 1858//3569
f 1858//3560 2952//3333 2951//3561
f 2080//3570 2952//3570 2082//3570
f 2082//3571 2952//3336 2083//3572
f 1854//3573 2953//3574 1855//3575
f 1855//3343 2953//3343 1856//3343
f 2083//3576 2953//3576 2085//3576
f 2085//3345 2953//3346 2088//3347
f 2952//3336 2953//3577 2083//3572
f 1856//3329 2953//3338 2952//3330
f 1852//3578 2954//3579 1853//3350
f 1853//3351 2954//3351 1854//3351
f 2088//3580 2954//3580 2089//3580
f 2089//3355 2954//3356 2091//3357
f 2953//3346 2954//3352 2088//3347
f 1854//3573 2954//3353 2953//3574
f 1902//3581 2955//3582 1903//3583
f 1903//3361 2955//3361 1852//3361
f 2954//3356 2955//3362 2091//3357
f 2091//3584 2955//3584 2093//3584
f 2093//3585 2955//3586 2096//3587
f 1852//3578 2955//3363 2954//3579
f 1902//3581 2956//3377 2955//3582
f 2096//3588 2956//3588 2097//3588
f 2097//3589 2956//3375 2100//3590
f 2955//3586 2956//3368 2096//3587
f 1900//3591 2956//3592 1901//3593
f 1901//3372 2956//3372 1902//3372
f 2100//3594 2957//3594 2101//3594
f 2101//3384 2957//3595 2104//3596
f 1900//3591 2957//3381 2956//3592
f 2956//3375 2957//3597 2100//3590
f 1898//3379 2957//3598 1899//3599
f 1899//3380 2957//3380 1900//3380
f 2104//3389 2958//3389 2105//3389
f 1898//3379 2958//3600 2957//3598
f 2957//3595 2958//3601 2104//3596
f 1891//3386 2958//3386 1898//3386
f 2958//3602 2959//3603 2105//3604
f 2105//3604 2959//3603 2107//3397
f 2107//3605 2959//3605 2110//3605
f 1891//3606 2959//3391 2958//3607
f 1893//3393 2959//3393 1892//3393
f 1892//3608 2959//3391 1891//3606
f 2110//3609 2960//3610 2111//3611
f 2111//3612 2960//3612 2114//3612
f 1893//3613 2960//3614 2959//3403
f 2959//3615 2960//3610 2110//3609
f 1895//3399 2960//3399 1894//3399
f 1894//3616 2960//3614 1893//3613
f 2114//3617 2961//3618 2115//3619
f 2115//3620 2961//3620 2117//3620
f 2960//3418 2961//3618 2114//3617
f 1895//3621 2961//3622 2960//3417
f 1897//3413 2961//3413 1896//3413
f 1896//3623 2961//3622 1895//3621
f 2961//3428 2962//3420 2117//3419
f 2117//3419 2962//3420 2119//3421
f 2119//3624 2962//3624 2121//3624
f 1897//3625 2962//3626 2961//3627
f 1847//3423 2962//3423 1848//3423
f 1848//3424 2962//3626 1897//3625
f 2121//3429 2963//3430 2124//3431
f 2124//3628 2963//3628 2125//3628
f 2962//3438 2963//3430 2121//3429
f 1847//3629 2963//3630 2962//3434
f 1844//3436 2963//3436 1846//3436
f 1846//3631 2963//3630 1847//3629
f 2125//3632 2964//3440 2127//3633
f 2127//3634 2964//3634 2129//3634
f 1838//3635 2964//3635 1841//3635
f 1841//3444 2964//3445 1844//3446
f 2963//3636 2964//3440 2125//3632
f 1844//3446 2964//3445 2963//3448
f 2964//3637 2965//3638 2129//3639
f 2129//3639 2965//3638 2131//3452
f 2131//3640 2965//3640 2133//3640
f 1838//3641 2965//3642 2964//3643
f 1832//3644 2965//3644 1835//3644
f 1835//3455 2965//3642 1838//3641
f 2965//3645 2966//3460 2133//3646
f 1832//3647 2966//3465 2965//3648
f 2133//3646 2966//3460 2135//3649
f 2135//3650 2966//3650 2137//3650
f 1826//3463 2966//3463 1829//3463
f 1829//3651 2966//3465 1832//3647
f 2966//3652 2967//3653 2137//3654
f 1826//3655 2967//3656 2966//3657
f 2137//3654 2967//3653 2139//3658
f 2139//3659 2967//3659 2141//3659
f 1821//3473 2967//3473 1824//3473
f 1824//3474 2967//3656 1826//3655
f 2141//3660 2968//3661 2143//3485
f 2143//3486 2968//3486 2145//3486
f 2967//3662 2968//3661 2141//3660
f 1821//3663 2968//3664 2967//3487
f 1815//3479 2968//3479 1818//3479
f 1818//3665 2968//3664 1821//3663
f 1815//3666 2969//3491 2968//3667
f 2145//3668 2969//3669 2147//3495
f 2147//3496 2969//3496 2149//3496
f 2968//3497 2969//3669 2145//3668
f 1809//3489 2969//3489 1812//3489
f 1812//3490 2969//3491 1815//3666
f 2149//3670 2970//3670 2152//3670
f 2969//3504 2970//3504 2149//3504
f 2152//3502 2970//3502 2153//3502
f 1803//3671 2970//3671 1806//3671
f 1806//3672 2970//3672 1809//3672
f 1809//3503 2970//3503 2969//3503
f 2153//3673 2971//3673 2155//3673
f 2155//3508 2971//3508 2158//3508
f 1799//3505 2971//3505 1800//3505
f 1800//3506 2971//3506 1803//3506
f 1803//3509 2971//3509 2970//3509
f 2970//3674 2971//3674 2153//3674
f 1799//3516 2972//3516 2971//3516
f 2158//3513 2972//3513 2159//3513
f 2159//3675 2972//3675 2161//3675
f 1794//3676 2972//3676 1796//3676
f 1796//3677 2972//3677 1799//3677
f 2971//3515 2972//3515 2158//3515
f 2972//3520 2973//3520 2161//3520
f 1794//3525 2973//3525 2972//3525
f 2161//3521 2973//3521 2163//3521
f 2163//3678 2973//3678 2165//3678
f 2165//3523 2973//3523 2042//3523
f 2042//3524 2973//3524 1785//3524
f 1785//3517 2973//3517 1788//3517
f 1788//3518 2973//3518 1791//3518
f 1791//3679 2973//3679 1794//3679
f 1785//2178 1774//2178 1918//2178
f 1785//2178 1918//2178 2042//2178
f 1850//2172 1911//2172 1851//2172
f 1912//2172 1911//2172 1850//2172
f 1918//3680 2974//3680 1916//3680
f 1916//3681 2974//3681 1919//3681
f 1919//3682 2974//3682 1921//3682
f 1766//3683 2974//3683 1769//3683
f 1769//611 2974//611 1772//611
f 1772//3684 2974//3684 1774//3684
f 1774//194 2974//194 1918//194
f 1921//3685 2975//3685 1923//3685
f 1923//3686 2975//3686 1925//3686
f 1760//617 2975//617 1763//617
f 1763//3687 2975//3687 1766//3687
f 2974//616 2975//616 1921//616
f 1766//621 2975//621 2974//621
f 1925//3688 2976//3688 1927//3688
f 1927//210 2976//210 1929//210
f 1754//212 2976//212 1757//212
f 1757//3689 2976//3689 1760//3689
f 2975//3690 2976//3690 1925//3690
f 1760//623 2976//623 2975//623
f 1929//630 2977//630 1931//630
f 1931//3691 2977//3691 1934//3691
f 2976//3692 2977//3692 1929//3692
f 1747//3693 2977//3693 1750//3693
f 1750//3694 2977//3694 1754//3694
f 1754//3695 2977//3695 2976//3695
f 1934//3696 2978//3696 1935//3696
f 1935//3697 2978//3698 1937//3699
f 1739//3700 2978//636 1743//3701
f 1743//638 2978//638 1747//638
f 2977//634 2978//634 1934//634
f 1747//639 2978//639 2977//639
f 1937//650 2979//650 1939//650
f 1939//651 2979//3702 1941//3703
f 1732//3704 2979//647 1735//3705
f 1735//3706 2979//3706 1739//3706
f 2978//3698 2979//644 1937//3699
f 1739//3700 2979//3707 2978//636
f 1724//654 2980//655 1728//656
f 1728//3708 2980//3708 1732//3708
f 1941//3709 2980//3709 1944//3709
f 1944//3710 2980//660 1945//3711
f 1732//3704 2980//662 2979//647
f 2979//3702 2980//3712 1941//3703
f 1726//664 2981//665 1721//3713
f 1721//265 2981//265 1724//265
f 1945//3714 2981//3714 1947//3714
f 1947//3715 2981//670 1949//3716
f 1724//654 2981//3717 2980//655
f 2980//660 2981//3718 1945//3711
f 1733//3719 2982//3720 1730//3721
f 1730//3722 2982//3722 1726//3722
f 1949//3723 2982//3723 1952//3723
f 1952//679 2982//3724 1953//3725
f 2981//670 2982//3726 1949//3716
f 1726//664 2982//3727 2981//665
f 2982//3724 2983//3728 1953//3725
f 1741//3729 2983//3730 1737//685
f 1737//3731 2983//3731 1733//3731
f 1733//3719 2983//3732 2982//3720
f 1953//3733 2983//3733 1955//3733
f 1955//3734 2983//690 1957//3735
f 1749//3736 2984//3737 1745//3738
f 1745//697 2984//697 1741//697
f 1957//3739 2984//3739 1960//3739
f 1960//3740 2984//3741 1962//3742
f 2983//690 2984//3743 1957//3735
f 1741//3729 2984//3744 2983//3730
f 1755//3745 2985//3746 1752//704
f 1752//705 2985//705 1749//705
f 1962//3747 2985//3747 1963//3747
f 1963//3748 2985//710 1965//3749
f 2984//3741 2985//706 1962//3742
f 1749//3736 2985//707 2984//3737
f 1761//712 2986//713 1758//714
f 1758//3750 2986//3750 1755//3750
f 2985//710 2986//3751 1965//3749
f 1965//3752 2986//3752 1968//3752
f 1968//3753 2986//3754 1970//3755
f 1755//3745 2986//3756 2985//3746
f 1761//712 2987//731 2986//713
f 1970//3757 2987//3757 1972//3757
f 1972//3758 2987//729 1973//3759
f 2986//3754 2987//3760 1970//3755
f 1767//3761 2987//3762 1764//725
f 1764//726 2987//726 1761//726
f 1973//3763 2988//3763 1975//3763
f 1975//739 2988//3764 1977//741
f 1767//3761 2988//3765 2987//3762
f 2987//729 2988//3766 1973//3759
f 1773//733 2988//3767 1770//3768
f 1770//735 2988//735 1767//735
f 1977//745 2989//745 1980//745
f 1773//733 2989//3769 2988//3767
f 2988//3764 2989//3770 1977//741
f 1775//742 2989//742 1773//742
f 2989//3771 2990//3772 1980//3773
f 1980//3773 2990//3772 1982//754
f 1982//3774 2990//3774 1983//3774
f 1775//3775 2990//747 2989//3776
f 1779//749 2990//749 1777//749
f 1777//3777 2990//747 1775//3775
f 1983//3778 2991//3779 1986//3780
f 1986//3781 2991//3781 1987//3781
f 1779//3782 2991//3783 2990//3784
f 2990//3785 2991//3779 1983//3778
f 1783//757 2991//757 1781//757
f 1781//758 2991//3783 1779//3782
f 1987//3786 2992//3787 1989//767
f 1989//3788 2992//3788 1991//3788
f 2991//3789 2992//3787 1987//3786
f 1783//772 2992//771 2991//774
f 1789//3790 2992//3790 1786//3790
f 1786//770 2992//771 1783//772
f 2992//3791 2993//776 1991//3792
f 1991//3792 2993//776 1993//3793
f 1993//3794 2993//3794 1995//3794
f 1789//3795 2993//3796 2992//3797
f 1795//779 2993//779 1792//779
f 1792//780 2993//3796 1789//3795
f 1995//3798 2994//3799 1998//3800
f 1998//3801 2994//3801 1999//3801
f 2993//794 2994//3799 1995//3798
f 1795//3802 2994//3803 2993//787
f 1801//792 2994//792 1797//792
f 1797//3804 2994//3803 1795//3802
f 1999//3805 2995//796 2001//3806
f 2001//798 2995//798 2003//798
f 1807//3807 2995//3807 1804//3807
f 1804//800 2995//3808 1801//3809
f 2994//3810 2995//796 1999//3805
f 1801//3809 2995//3808 2994//3811
f 2995//3812 2996//3813 2003//3814
f 2003//3814 2996//3813 2005//808
f 2005//809 2996//809 2007//809
f 1807//3815 2996//3816 2995//3817
f 1813//3818 2996//3818 1810//3818
f 1810//3819 2996//3816 1807//3815
f 2996//3820 2997//816 2007//3821
f 1813//822 2997//3822 2996//3823
f 2007//3821 2997//816 2010//3824
f 2010//3825 2997//3825 2011//3825
f 1819//819 2997//819 1816//819
f 1816//3826 2997//3822 1813//822
f 2997//3827 2998//826 2011//3828
f 1819//831 2998//3829 2997//3830
f 2011//3828 2998//826 2014//3831
f 2014//3832 2998//3832 2015//3832
f 1825//3833 2998//3833 1822//3833
f 1822//829 2998//3829 1819//831
f 2015//3834 2999//3835 2017//840
f 2017//841 2999//841 2019//841
f 2998//3836 2999//3835 2015//3834
f 1825//3837 2999//3838 2998//842
f 1830//3839 2999//3839 1827//3839
f 1827//3840 2999//3838 1825//3837
f 1830//3841 3000//846 2999//3842
f 2019//3843 3000//3844 2021//3845
f 2021//3846 3000//3846 2023//3846
f 2999//852 3000//3844 2019//3843
f 1836//844 3000//844 1833//844
f 1833//3847 3000//846 1830//3841
f 2023//3848 3001//3848 2026//3848
f 3000//858 3001//858 2023//858
f 2026//857 3001//857 2027//857
f 1842//3849 3001//3849 1839//3849
f 1839//3850 3001//3850 1836//3850
f 1836//859 3001//859 3000//859
f 2027//3851 3002//3851 2029//3851
f 2029//3852 3002//3852 2031//3852
f 1890//3853 3002//3853 1845//3853
f 1845//473 3002//473 1842//473
f 1842//3854 3002//3854 3001//3854
f 3001//3855 3002//3855 2027//3855
f 1890//866 3003//866 3002//866
f 2031//3856 3003//3856 2033//3856
f 2033//3857 3003//3857 2035//3857
f 1888//3858 3003//3858 1889//3858
f 1889//868 3003//868 1890//868
f 3002//3859 3003//3859 2031//3859
f 3003//880 3004//880 2035//880
f 1888//876 3004//876 3003//876
f 2035//3860 3004//3860 2037//3860
f 2037//3861 3004//3861 2039//3861
f 2039//3862 3004//3862 1911//3862
f 1911//872 3004//872 1851//872
f 1851//3863 3004//3863 1886//3863
f 1886//874 3004//874 1887//874
f 1887//3864 3004//3864 1888//3864
f 749//50 747//50 748//50
f 750//50 747//50 749//50
f 746//50 744//2017 745//50
f 755//50 758//50 754//50
f 756//50 758//50 755//50
f 757//50 758//50 756//50
f 744//2017 742//50 743//50
f 753//50 762//50 752//50
f 754//50 762//50 753//50
f 759//50 762//50 758//50
f 758//50 762//50 754//50
f 760//50 762//50 759//50
f 761//50 762//50 760//50
f 738//50 736//50 737//50
f 732//50 730//50 731//50
f 732//50 729//50 730//50
f 732//50 728//50 729//50
f 733//50 728//50 732//50
f 3005//50 3006//50 3007//50
f 3008//50 3006//50 3005//50
f 728//50 726//50 727//50
f 734//50 726//50 733//50
f 735//2017 726//50 734//50
f 736//50 726//50 735//2017
f 739//50 726//50 738//50
f 738//50 726//50 736//50
f 733//50 726//50 728//50
f 726//50 724//2017 725//50
f 3009//50 3010//50 3011//50
f 3012//50 3010//50 3009//50
f 726//50 723//2016 724//2017
f 726//50 722//50 723//2016
f 3013//50 3014//50 3010//50
f 726//50 721//2016 722//50
f 3014//50 3015//50 3010//50
f 721//2016 719//2017 720//50
f 3016//50 3017//50 3015//50
f 726//50 718//50 721//2016
f 721//2016 718//50 719//2017
f 740//50 718//50 739//50
f 741//50 718//50 740//50
f 742//50 718//50 741//50
f 739//50 718//50 726//50
f 3017//50 3018//50 3015//50
f 3019//50 3018//50 3017//50
f 3018//50 3020//50 3015//50
f 3020//50 3021//50 3015//50
f 3010//50 3021//50 3011//50
f 3015//50 3021//50 3010//50
f 3011//50 3021//50 3006//50
f 716//50 714//50 715//50
f 717//50 714//50 716//50
f 718//50 714//50 717//50
f 746//50 714//50 744//2017
f 747//50 714//50 746//50
f 742//50 714//50 718//50
f 744//2017 714//50 742//50
f 3021//50 3022//50 3006//50
f 747//50 713//50 714//50
f 3022//50 3023//50 3006//50
f 713//50 711//50 712//50
f 713//50 710//2016 711//50
f 3006//50 3024//50 3007//50
f 765//50 3024//50 764//2017
f 766//50 3024//50 765//50
f 3025//50 3024//50 766//50
f 3026//50 3024//50 3025//50
f 3027//2018 3024//50 3026//50
f 3007//50 3024//50 3027//2018
f 3023//50 3024//50 3006//50
f 3028//50 3024//50 3023//50
f 3029//50 3024//50 3028//50
f 710//2016 708//50 709//50
f 713//50 708//50 710//2016
f 3030//50 3031//50 3024//50
f 3032//50 3031//50 3030//50
f 708//50 706//2016 707//50
f 706//2016 704//50 705//2018
f 708//50 704//50 706//2016
f 3033//50 3034//50 3031//50
f 3035//50 3034//50 3033//50
f 708//50 703//50 704//50
f 703//50 3036//50 3037//2018
f 3038//50 3039//50 3040//50
f 708//50 3041//50 703//50
f 703//50 3041//50 3036//50
f 3039//50 3042//50 3040//50
f 3040//50 3042//50 3034//50
f 3042//50 3043//50 3034//50
f 3044//50 3043//50 3042//50
f 3045//50 3046//2016 3047//50
f 3048//50 3046//2016 3045//50
f 3041//50 3046//2016 3048//50
f 3049//50 3050//2016 3043//50
f 3046//2016 3051//2022 3052//50
f 3053//50 3054//50 3050//2016
f 3054//50 3055//50 3050//2016
f 3051//2022 3056//50 3057//50
f 708//50 3056//50 3041//50
f 3041//50 3056//50 3046//2016
f 3046//2016 3056//50 3051//2022
f 3034//50 3058//2017 3031//50
f 3050//2016 3058//2017 3043//50
f 3043//50 3058//2017 3034//50
f 3055//50 3058//2017 3050//2016
f 763//50 3058//2017 762//50
f 764//2017 3058//2017 763//50
f 3031//50 3058//2017 3024//50
f 3024//50 3058//2017 764//2017
f 3059//50 3060//50 3058//2017
f 3061//50 3062//50 3063//50
f 3056//50 3062//50 3061//50
f 750//50 3064//50 747//50
f 751//50 3064//50 750//50
f 752//50 3064//50 751//50
f 708//50 3064//50 3056//50
f 747//50 3064//50 713//50
f 3056//50 3064//50 3062//50
f 713//50 3064//50 708//50
f 3060//50 3065//50 3058//2017
f 3066//50 3065//50 3060//50
f 752//50 3065//50 3064//50
f 762//50 3065//50 752//50
f 3058//2017 3065//50 762//50
f 698//2030 3067//2030 766//3865
f 766//3865 3067//2030 3025//3865
f 3067//3866 3068//3866 3025//3866
f 3025//3866 3068//3866 3026//3866
f 3068//2032 3069//2032 3026//2032
f 3026//2032 3069//2032 3027//2032
f 3069//3867 3070//3867 3027//2034
f 3027//2034 3070//3867 3007//2034
f 3070//3868 3071//3868 3007//3868
f 3007//3868 3071//3868 3005//3868
f 3071//3869 3072//2037 3005//2037
f 3005//2037 3072//2037 3008//2037
f 3008//3870 3072//3870 3006//3870
f 3072//3870 3073//3870 3006//3870
f 3073//3871 3074//3871 3006//3872
f 3006//3872 3074//3871 3011//3872
f 3074//3873 3075//3874 3011//3875
f 3011//3875 3075//3874 3009//3876
f 3009//3877 3075//2047 3012//2051
f 3012//3878 3076//3879 3010//3878
f 3075//2047 3076//2047 3012//2051
f 3076//3879 3077//3879 3010//3878
f 3010//3880 3078//3880 3013//3880
f 3077//3880 3078//3880 3010//3880
f 3013//2056 3079//2055 3014//2056
f 3078//2055 3079//2055 3013//2056
f 3014//3881 3080//3882 3015//3881
f 3079//3883 3080//3882 3014//3881
f 3015//3884 3081//3885 3016//3886
f 3080//3887 3081//3885 3015//3884
f 3016//3888 3082//3888 3017//3888
f 3017//2063 3082//2063 3019//2063
f 3081//3888 3082//3888 3016//3888
f 3082//2063 3083//2063 3019//2063
f 3083//3889 3084//3890 3019//3891
f 3019//3891 3084//3890 3018//3892
f 3084//3893 3085//3893 3018//3894
f 3018//3894 3085//3893 3020//3894
f 3020//3895 3085//2163 3021//2163
f 3085//2163 3086//2163 3021//2163
f 3086//3896 3087//3896 3021//3897
f 3021//3897 3087//3896 3022//3897
f 3087//3898 3088//3898 3022//2074
f 3022//2074 3088//3898 3023//2074
f 3088//3899 3089//3899 3023//3899
f 3023//3899 3089//3899 3028//3899
f 3028//3900 3089//3901 3029//3902
f 3089//3901 3090//3903 3029//3902
f 3090//3904 3091//3904 3029//3904
f 3029//3904 3091//3904 3024//3904
f 3091//3905 3092//3905 3024//3906
f 3024//3906 3092//3905 3030//3906
f 3030//3907 3092//3908 3032//3909
f 3092//3908 3093//3908 3032//3909
f 3093//3910 3094//3910 3032//3910
f 3032//3910 3094//3910 3031//3910
f 3031//3911 3094//2090 3033//3911
f 3094//2090 3095//2091 3033//3911
f 3095//3912 3096//3912 3033//3912
f 3033//3912 3096//3912 3035//2092
f 3035//3913 3096//3914 3034//3913
f 3096//3914 3097//3915 3034//3913
f 3097//2008 3098//2008 3034//2008
f 3034//2008 3098//2008 3040//2008
f 3098//3916 3099//3917 3040//3918
f 3040//3918 3099//3917 3038//3918
f 3099//2098 3100//3919 3038//3919
f 3038//3919 3100//3919 3039//3919
f 3100//2100 3101//2101 3039//3920
f 3039//3920 3101//2101 3042//3920
f 3101//3921 3102//3921 3042//3921
f 3042//3921 3102//3921 3044//3921
f 3044//3922 3103//3923 3043//3924
f 3102//3923 3103//3923 3044//3922
f 3043//3925 3104//3926 3049//3925
f 3049//3927 3104//3927 3050//3927
f 3103//3926 3104//3926 3043//3925
f 3050//3928 3105//3929 3053//3930
f 3104//3927 3105//3927 3050//3927
f 3105//3929 3106//3931 3053//3930
f 3053//3932 3107//3932 3054//3932
f 3106//3932 3107//3932 3053//3932
f 3054//2118 3108//2117 3055//2118
f 3107//2117 3108//2117 3054//2118
f 3108//3933 3109//3933 3055//3934
f 3055//3934 3109//3933 3058//3935
f 3109//3936 3110//3936 3058//3937
f 3058//3937 3110//3936 3059//3937
f 3059//3938 3111//3939 3060//3938
f 3110//3939 3111//3939 3059//3938
f 3060//3940 3111//3941 3066//3942
f 3111//3941 3112//2128 3066//3942
f 3066//3943 3113//3943 3065//3943
f 3112//3943 3113//3943 3066//3943
f 3065//3944 3114//3944 3064//3944
f 3113//3944 3114//3944 3065//3944
f 3064//3945 3115//3946 3062//3945
f 3114//3946 3115//3946 3064//3945
f 3062//3947 3116//3948 3063//3949
f 3115//3948 3116//3948 3062//3947
f 3063//2139 3117//3950 3061//3951
f 3116//3950 3117//3950 3063//2139
f 3061//3952 3118//3952 3056//3952
f 3117//3952 3118//3952 3061//3952
f 3056//2144 3119//3953 3057//3954
f 3057//3955 3119//2145 3051//3955
f 3118//3953 3119//3953 3056//2144
f 3119//2145 3120//3956 3051//3955
f 3051//2147 3121//3957 3052//3958
f 3120//3959 3121//3957 3051//2147
f 3052//3960 3122//3961 3046//3960
f 3046//3962 3122//3962 3047//3962
f 3121//3961 3122//3961 3052//3960
f 3122//3962 3123//3962 3047//3962
f 3047//2154 3124//3963 3045//2154
f 3045//3964 3124//3964 3048//3964
f 3123//3963 3124//3963 3047//2154
f 3124//3964 3125//3964 3048//3964
f 3048//3965 3126//2159 3041//3965
f 3125//2159 3126//2159 3048//3965
f 3041//3966 3127//2160 3036//3966
f 3126//2160 3127//2160 3041//3966
f 3036//3967 3128//3967 3037//3967
f 3127//3967 3128//3967 3036//3967
f 3037//2162 513//2162 703//2162
f 3128//2162 513//2162 3037//2162
f 698//3968 3129//3968 3067//3968
f 3067//3969 3129//3969 3068//3969
f 3068//3970 3129//3970 3069//3970
f 1878//3971 3130//3971 700//3971
f 1879//3972 3130//3972 1878//3972
f 1880//3973 3130//3973 1879//3973
f 700//3256 3130//3974 698//3975
f 698//3975 3130//3974 3129//3976
f 3069//3977 3131//3977 3070//3977
f 3070//3978 3131//3978 3071//3978
f 3129//3979 3131//3980 3069//3981
f 1880//3982 3132//3983 3130//3984
f 1881//3262 3132//3262 1880//3262
f 1882//3985 3132//3985 1881//3985
f 3130//3984 3132//3983 3129//3979
f 3129//3979 3132//3983 3131//3980
f 3131//3986 3133//3987 3071//3988
f 3071//3989 3133//3989 3072//3989
f 3072//3990 3133//3990 3073//3990
f 1883//3269 3134//3269 1882//3269
f 1884//3991 3134//3991 1883//3991
f 3131//3986 3134//3992 3133//3987
f 1882//3993 3134//3992 3132//3994
f 3132//3994 3134//3992 3131//3986
f 3133//3995 3135//3996 3073//3997
f 3073//3274 3135//3274 3074//3274
f 3074//3998 3135//3998 3075//3998
f 1885//3999 3136//3999 1884//3999
f 1843//4000 3136//4000 1885//4000
f 3133//3995 3136//4001 3135//3996
f 1884//4002 3136//4001 3134//4003
f 3134//4003 3136//4001 3133//3995
f 3135//4004 3137//4005 3075//4006
f 3075//4007 3137//4007 3076//4007
f 3076//4008 3137//4009 3077//4010
f 1840//4011 3138//4011 1843//4011
f 1837//4012 3138//4013 1840//4014
f 3135//4004 3138//4015 3137//4005
f 1843//4016 3138//4015 3136//4017
f 3136//4017 3138//4015 3135//4004
f 3137//4009 3139//4018 3077//4010
f 3077//4019 3139//4019 3078//4019
f 3078//4020 3139//4021 3079//4022
f 1834//4023 3140//4023 1837//4023
f 1831//4024 3140//4025 1834//4026
f 1837//4012 3140//4027 3138//4013
f 3138//4013 3140//4027 3137//4009
f 3137//4009 3140//4027 3139//4018
f 3139//4021 3141//4028 3079//4022
f 3079//4029 3141//4029 3080//4029
f 3080//4030 3141//4031 3081//4032
f 1828//4033 3142//4033 1831//4033
f 1823//4034 3142//4035 1828//4036
f 3140//4025 3142//4037 3139//4021
f 3139//4021 3142//4037 3141//4028
f 1831//4024 3142//4037 3140//4025
f 3141//4031 3143//4038 3081//4032
f 3081//4039 3143//4039 3082//4039
f 3082//4040 3143//4041 3083//4042
f 1820//4043 3144//4043 1823//4043
f 1817//4044 3144//4045 1820//4046
f 3142//4035 3144//4047 3141//4031
f 1823//4034 3144//4047 3142//4035
f 3141//4031 3144//4047 3143//4038
f 3143//4041 3145//4048 3083//4042
f 3083//4049 3145//4049 3084//4049
f 3084//4050 3145//4051 3085//4052
f 1814//4053 3146//4053 1817//4053
f 1811//4054 3146//4055 1814//4056
f 3144//4045 3146//4057 3143//4041
f 3143//4041 3146//4057 3145//4048
f 1817//4044 3146//4057 3144//4045
f 3145//4051 3147//4058 3085//4052
f 3085//4059 3147//4059 3086//4059
f 3086//4060 3147//4061 3087//4062
f 1808//3569 3148//3569 1811//3569
f 1805//4063 3148//4064 1808//4065
f 1811//4054 3148//4066 3146//4055
f 3146//4055 3148//4066 3145//4051
f 3145//4051 3148//4066 3147//4058
f 3147//4061 3149//4067 3087//4062
f 3087//4068 3149//4068 3088//4068
f 3088//4069 3149//4070 3089//4071
f 1802//4072 3150//4072 1805//4072
f 1798//4073 3150//4074 1802//4075
f 1805//4063 3150//4076 3148//4064
f 3148//4064 3150//4076 3147//4061
f 3147//4061 3150//4076 3149//4067
f 3149//4070 3151//4077 3089//4071
f 3150//4074 3151//4077 3149//4070
f 3089//4078 3151//4078 3090//4078
f 3090//4079 3151//4080 3091//4081
f 1793//4082 3152//4082 1798//4082
f 1790//4083 3152//4084 1793//4085
f 1798//4073 3152//4086 3150//4074
f 3150//4074 3152//4086 3151//4077
f 3151//4080 3153//4087 3091//4081
f 3091//4088 3153//4088 3092//4088
f 3092//4089 3153//4090 3093//4091
f 1787//4092 3154//4092 1790//4092
f 1784//4093 3154//4094 1787//4095
f 3152//4084 3154//4096 3151//4080
f 1790//4083 3154//4096 3152//4084
f 3151//4080 3154//4096 3153//4087
f 3153//4090 3155//4097 3093//4091
f 3154//4094 3155//4097 3153//4090
f 3093//4098 3155//4098 3094//4098
f 3094//4099 3155//4100 3095//4101
f 1784//4093 3156//4102 3154//4094
f 1782//4103 3156//4103 1784//4103
f 1780//4104 3156//4105 1782//4106
f 3154//4094 3156//4102 3155//4097
f 3155//4100 3157//4107 3095//4101
f 3095//4108 3157//4108 3096//4108
f 3096//4109 3157//4110 3097//4111
f 1780//4104 3158//4112 3156//4105
f 1778//4113 3158//4113 1780//4113
f 1776//4114 3158//4115 1778//4116
f 3155//4100 3158//4112 3157//4107
f 3156//4105 3158//4112 3155//4100
f 3157//4110 3159//4117 3097//4111
f 3097//4118 3159//4118 3098//4118
f 1771//4119 3160//4119 1776//4119
f 3157//4110 3160//4120 3159//4117
f 3158//4115 3160//4120 3157//4110
f 1776//4114 3160//4120 3158//4115
f 3159//4121 3161//4122 3098//4123
f 3098//4123 3161//4122 3099//4124
f 3099//4125 3161//4125 3100//4125
f 1768//4126 3162//4127 1771//4128
f 1765//4129 3162//4129 1768//4129
f 3160//4130 3162//4127 3159//4121
f 3159//4121 3162//4127 3161//4122
f 1771//4128 3162//4127 3160//4130
f 3161//4131 3163//4132 3100//4133
f 3100//4133 3163//4132 3101//4134
f 3101//4135 3163//4135 3102//4135
f 3161//4131 3164//4136 3163//4132
f 1762//4137 3164//4136 1765//4138
f 1759//4139 3164//4139 1762//4139
f 1765//4138 3164//4136 3162//4140
f 3162//4140 3164//4136 3161//4131
f 3102//4141 3165//4142 3103//4143
f 3103//4144 3165//4144 3104//4144
f 3163//4145 3165//4142 3102//4141
f 1756//4146 3166//4147 1759//4148
f 1753//4149 3166//4149 1756//4149
f 1759//4148 3166//4147 3164//4150
f 3163//4145 3166//4147 3165//4142
f 3164//4150 3166//4147 3163//4145
f 3104//4151 3167//4152 3105//4153
f 3105//4154 3167//4154 3106//4154
f 3165//4155 3167//4152 3104//4151
f 3166//4156 3168//4157 3165//4155
f 1746//4158 3168//4157 1753//4159
f 1742//4160 3168//4160 1746//4160
f 1753//4159 3168//4157 3166//4156
f 3165//4155 3168//4157 3167//4152
f 3106//4161 3169//4162 3107//4163
f 3107//4164 3169//4164 3108//4164
f 3167//4165 3169//4162 3106//4161
f 3168//4166 3170//4167 3167//4165
f 3167//4165 3170//4167 3169//4162
f 1738//4168 3170//4167 1742//4169
f 1734//4170 3170//4170 1738//4170
f 1742//4169 3170//4167 3168//4166
f 3169//4171 3171//4172 3108//4173
f 3108//4173 3171//4172 3109//4174
f 3109//4175 3171//4175 3110//4175
f 1734//3446 3172//4176 3170//4177
f 3169//4171 3172//4176 3171//4172
f 1731//4178 3172//4176 1734//3446
f 1727//4179 3172//4179 1731//4179
f 3170//4177 3172//4176 3169//4171
f 3110//4180 3173//4181 3111//4182
f 3111//4183 3173//4183 3112//4183
f 3171//4184 3173//4181 3110//4180
f 3172//4185 3174//4186 3171//4184
f 3171//4184 3174//4186 3173//4181
f 1723//4187 3174//4186 1727//4188
f 1722//4189 3174//4189 1723//4189
f 1727//4188 3174//4186 3172//4185
f 3112//4190 3175//4191 3113//4192
f 3113//4193 3175//4193 3114//4193
f 3173//4194 3175//4191 3112//4190
f 3174//4195 3175//4191 3173//4194
f 1725//4196 3176//4197 1722//4198
f 1729//4199 3176//4199 1725//4199
f 1722//4198 3176//4197 3174//4195
f 3174//4195 3176//4197 3175//4191
f 3114//4200 3177//4201 3115//4202
f 3115//4203 3177//4203 3116//4203
f 3175//4204 3177//4201 3114//4200
f 1736//4205 3178//4206 1729//4207
f 1740//4208 3178//4208 1736//4208
f 3176//4209 3178//4206 3175//4204
f 1729//4207 3178//4206 3176//4209
f 3175//4204 3178//4206 3177//4201
f 3178//4210 3179//4211 3177//4212
f 3116//4213 3179//4211 3117//4214
f 3117//4215 3179//4215 3118//4215
f 3177//4212 3179//4211 3116//4213
f 3178//4210 3180//4216 3179//4211
f 1744//4217 3180//4216 1740//4218
f 1748//4219 3180//4219 1744//4219
f 1740//4218 3180//4216 3178//4210
f 3118//4220 3181//4221 3119//4222
f 3119//4223 3181//4223 3120//4223
f 3179//4224 3181//4221 3118//4220
f 1748//4225 3182//4226 3180//4227
f 1751//4228 3182//4226 1748//4225
f 3180//4227 3182//4226 3179//4224
f 1695//4229 3182//4229 1751//4229
f 3179//4224 3182//4226 3181//4221
f 3182//4230 3183//4231 3181//4232
f 3120//3501 3183//3501 3121//3501
f 3121//4233 3183//4233 3122//4233
f 3181//4232 3183//4231 3120//4234
f 3182//4230 3184//4235 3183//4231
f 1694//3500 3184//3500 1695//3500
f 1696//4236 3184//4236 1694//4236
f 1695//4237 3184//4235 3182//4230
f 3122//4238 3185//4238 3123//4238
f 3123//3508 3185//3508 3124//3508
f 3183//4239 3185//4240 3122//4241
f 1696//4242 3186//4243 3184//4244
f 3184//4244 3186//4243 3183//4239
f 1697//4245 3186//4245 1696//4245
f 1698//3505 3186//3505 1697//3505
f 3183//4239 3186//4243 3185//4240
f 3124//4246 3187//4246 3125//4246
f 3125//4247 3187//4247 3126//4247
f 3185//4248 3187//4249 3124//4250
f 3186//4251 3188//4252 3185//4248
f 1698//4253 3188//4252 3186//4251
f 1699//4254 3188//4254 1698//4254
f 1700//4255 3188//4255 1699//4255
f 3185//4248 3188//4252 3187//4249
f 3187//4256 3189//4257 3126//4258
f 3126//4259 3189//4259 3127//4259
f 3127//4260 3189//4260 3128//4260
f 3128//4261 3189//4261 513//4261
f 3188//4262 3189//4257 3187//4256
f 513//4263 3190//1552 520//3524
f 3189//4264 3190//1552 513//4263
f 3188//4262 3190//4265 3189//4257
f 1701//4266 3190//4266 1700//4266
f 1702//4267 3190//4267 1701//4267
f 520//4268 3190//4268 1702//4268
f 1700//4269 3190//4265 3188//4262
f 512//4270 511//4270 3191//4270
f 3191//4271 2541//4271 3192//4271
f 511//4270 2541//4270 3191//4270
f 3192//4272 2542//4272 3193//4272
f 2541//4271 2542//4271 3192//4271
f 3193//4273 2543//4273 3194//4273
f 2542//4272 2543//4272 3193//4272
f 3194//4274 2545//4274 3195//4274
f 2543//4273 2545//4273 3194//4273
f 3195//4275 2546//4276 3196//4275
f 2545//4274 2546//4274 3195//4274
f 3196//4277 2549//4277 3197//4277
f 2546//4276 2549//4276 3196//4275
f 3197//4278 2550//4279 3198//4278
f 2549//4277 2550//4277 3197//4277
f 3198//4280 2553//4280 3199//4280
f 2550//4279 2553//4279 3198//4278
f 3199//4281 2554//4282 3200//4281
f 2553//4280 2554//4280 3199//4280
f 3200//4283 2557//4283 3201//4283
f 2554//4282 2557//4282 3200//4281
f 3201//4284 2558//4285 3202//4284
f 2557//4283 2558//4283 3201//4283
f 3202//4286 2561//4287 3203//4286
f 2558//4285 2561//4285 3202//4284
f 3203//4288 2562//4288 3204//4288
f 2561//4287 2562//4287 3203//4286
f 3204//4289 2565//4289 3205//4289
f 2562//4288 2565//4288 3204//4288
f 3205//4290 2566//4290 3206//4290
f 2565//4289 2566//4289 3205//4289
f 3206//4291 2569//4292 3207//4291
f 2566//4290 2569//4290 3206//4290
f 2569//4292 2570//4293 3207//4291
f 3207//4294 2570//4295 3208//4294
f 2570//4295 2573//4295 3208//4294
f 3208//4296 2573//4297 3209//4296
f 2573//4297 2574//4297 3209//4296
f 3209//4298 2574//4299 3210//4298
f 3210//4300 2577//4300 3211//4300
f 2574//4299 2577//4299 3210//4298
f 3211//4301 2578//4302 3212//4301
f 2577//4300 2578//4300 3211//4300
f 3212//4303 2581//4303 3213//4303
f 2578//4302 2581//4304 3212//4301
f 3213//4305 2582//4306 3214//4307
f 2581//4303 2582//4303 3213//4303
f 3214//4308 2585//4309 3215//4310
f 2582//4306 2585//4306 3214//4307
f 3215//4311 2586//4311 3216//4311
f 2585//4309 2586//4309 3215//4310
f 3216//4312 2589//4312 3217//4312
f 2586//4311 2589//4311 3216//4311
f 2589//4312 2590//4312 3217//4312
f 2590//4313 2593//4313 3217//4313
f 3218//4314 2593//4314 3219//4315
f 3217//4313 2593//4313 3218//4313
f 2593//4314 2594//4314 3219//4315
f 3219//4316 2594//4317 3220//4316
f 2594//4317 2597//4317 3220//4316
f 3220//4318 2597//4319 3221//4318
f 2597//4319 2598//4319 3221//4318
f 3221//2013 2598//2013 3222//2013
f 2598//2013 2601//2013 3222//2013
f 3222//4320 2601//4321 3223//4320
f 2601//4321 2604//4321 3223//4320
f 3223//4322 2604//4322 3224//4322
f 2604//4322 2605//4322 3224//4322
f 3224//4323 2605//4324 3225//4325
f 2605//4324 2608//4326 3225//4325
f 2608//4327 2609//4327 3225//4327
f 3226//4328 2609//4328 3227//4328
f 3225//4327 2609//4327 3226//4327
f 2609//4328 2612//4328 3227//4328
f 2612//4329 2613//4329 3227//4329
f 3227//4329 2613//4329 3228//4329
f 3229//4330 2616//4331 3230//4330
f 3228//4332 2616//4333 3229//4334
f 2613//4333 2616//4333 3228//4332
f 2616//4331 2617//4335 3230//4330
f 3230//4336 2617//4336 3231//4336
f 3231//4337 2620//4338 3232//4337
f 2617//4336 2620//4336 3231//4336
f 2620//4338 2621//4338 3232//4337
f 2621//4339 2624//4339 3232//4339
f 3233//4340 2624//4341 3234//4340
f 3232//4339 2624//4339 3233//4339
f 2624//4341 2625//4341 3234//4340
f 2625//4342 2628//4342 3234//4343
f 3234//4343 2628//4342 3235//4343
f 2628//4344 2629//4344 3235//4345
f 3236//4346 2629//4347 3237//4348
f 3235//4345 2629//4344 3236//4345
f 2629//4347 2632//4347 3237//4348
f 3237//4349 2632//4349 3238//4349
f 2632//4349 2633//4349 3238//4349
f 2633//4350 2636//4350 3238//4350
f 3239//4351 2636//4351 3240//4351
f 3238//4350 2636//4350 3239//4350
f 2636//4351 2637//4351 3240//4351
f 2637//4352 2640//4352 3240//4353
f 3240//4353 2640//4352 3241//4353
f 2640//4354 2641//4354 3241//4355
f 3242//4356 2641//4356 3243//4356
f 3241//4355 2641//4354 3242//4355
f 2641//4356 2644//4356 3243//4356
f 2644//4357 2645//4357 3243//4358
f 3243//4358 2645//4357 3244//4358
f 2645//4359 2648//4359 3244//4359
f 3245//4360 2648//4361 3246//4360
f 3244//4359 2648//4359 3245//4359
f 2648//4361 2649//4361 3246//4360
f 3246//4362 2649//4362 3247//4362
f 2649//4362 2652//4362 3247//4362
f 2652//4363 2653//4363 3247//4364
f 3248//4365 2653//4365 3249//4365
f 3247//4364 2653//4363 3248//4364
f 2653//4365 2656//4365 3249//4365
f 3249//4366 2657//4366 3250//4366
f 2656//4366 2657//4366 3249//4366
f 3251//4367 2660//4367 3252//4367
f 3250//4368 2660//4368 3251//4368
f 2657//4368 2660//4368 3250//4368
f 2660//4367 2661//4367 3252//4367
f 3252//4369 386//4369 385//4369
f 2661//4369 386//4369 3252//4369
f 384//4270 383//4270 3253//4270
f 3253//4271 2417//4271 3254//4271
f 383//4270 2417//4270 3253//4270
f 3254//4272 2418//4272 3255//4272
f 2417//4271 2418//4271 3254//4271
f 3255//4273 2419//4273 3256//4273
f 2418//4272 2419//4272 3255//4272
f 3256//4274 2421//4274 3257//4274
f 2419//4273 2421//4273 3256//4273
f 3257//4275 2422//4275 3258//4275
f 2421//4274 2422//4274 3257//4274
f 3258//4370 2425//4277 3259//4370
f 2422//4275 2425//4275 3258//4275
f 3259//4278 2426//4279 3260//4278
f 2425//4277 2426//4277 3259//4370
f 3260//4280 2429//4280 3261//4280
f 2426//4279 2429//4279 3260//4278
f 3261//4282 2430//4281 3262//4282
f 2429//4280 2430//4280 3261//4280
f 3262//4283 2433//4371 3263//4283
f 2430//4281 2433//4281 3262//4282
f 3263//4285 2434//4285 3264//4285
f 2433//4371 2434//4371 3263//4283
f 3264//4286 2437//4286 3265//4286
f 2434//4285 2437//4285 3264//4285
f 3265//4372 2438//4288 3266//4372
f 2437//4286 2438//4286 3265//4286
f 3266//4289 2441//4289 3267//4289
f 2438//4288 2441//4288 3266//4372
f 3267//4290 2442//4373 3268//4290
f 2441//4289 2442//4289 3267//4289
f 3268//4291 2445//4291 3269//4291
f 2442//4373 2445//4373 3268//4290
f 2445//4291 2446//4291 3269//4291
f 3269//4294 2446//4295 3270//4294
f 2446//4295 2449//4295 3270//4294
f 3270//4297 2449//4296 3271//4297
f 2449//4296 2450//4296 3271//4297
f 3271//4298 2450//4299 3272//4298
f 3272//4300 2453//4300 3273//4300
f 2450//4299 2453//4299 3272//4298
f 3273//4301 2454//4302 3274//4301
f 2453//4300 2454//4300 3273//4300
f 3274//4374 2457//4375 3275//4374
f 2454//4302 2457//4304 3274//4301
f 3275//4305 2458//4306 3276//4307
f 2457//4375 2458//4375 3275//4374
f 3276//4308 2461//4309 3277//4310
f 2458//4306 2461//4306 3276//4307
f 3277//4311 2462//4311 3278//4311
f 2461//4309 2462//4309 3277//4310
f 3278//4312 2465//4376 3279//4312
f 2462//4311 2465//4311 3278//4311
f 2465//4376 2466//4312 3279//4312
f 2466//4377 2469//4377 3279//4313
f 3280//4314 2469//4314 3281//4314
f 3279//4313 2469//4377 3280//4313
f 2469//4314 2470//4314 3281//4314
f 3281//4317 2470//4317 3282//4317
f 2470//4317 2473//4317 3282//4317
f 3282//4318 2473//4319 3283//4318
f 2473//4319 2474//4319 3283//4318
f 3283//2013 2474//2013 3284//2013
f 2474//2013 2477//2013 3284//2013
f 3284//4320 2477//4321 3285//4320
f 2477//4321 2480//4321 3285//4320
f 3285//4322 2480//4322 3286//4322
f 2480//4322 2481//4322 3286//4322
f 3286//4326 2481//4326 3287//4326
f 2481//4326 2484//4326 3287//4326
f 2484//4327 2485//4327 3287//4378
f 3288//4328 2485//4328 3289//4379
f 3287//4378 2485//4327 3288//4378
f 2485//4328 2488//4328 3289//4379
f 2488//4329 2489//4329 3289//4329
f 3289//4329 2489//4329 3290//4329
f 3291//4330 2492//4331 3292//4330
f 3290//4332 2492//4333 3291//4334
f 2489//4333 2492//4333 3290//4332
f 2492//4331 2493//4335 3292//4330
f 3292//4380 2493//4381 3293//4380
f 3293//4337 2496//4338 3294//4337
f 2493//4381 2496//4381 3293//4380
f 2496//4338 2497//4338 3294//4337
f 2497//4339 2500//4339 3294//4339
f 3295//4340 2500//4341 3296//4340
f 3294//4339 2500//4339 3295//4339
f 2500//4341 2501//4341 3296//4340
f 2501//4343 2504//4343 3296//4342
f 3296//4342 2504//4343 3297//4342
f 2504//4344 2505//4344 3297//4345
f 3298//4347 2505//4347 3299//4347
f 3297//4345 2505//4344 3298//4345
f 2505//4347 2508//4347 3299//4347
f 3299//4382 2508//4349 3300//4382
f 2508//4349 2509//4349 3300//4382
f 2509//4350 2512//4350 3300//4350
f 3301//4351 2512//4383 3302//4351
f 3300//4350 2512//4350 3301//4350
f 2512//4383 2513//4383 3302//4351
f 2513//4353 2516//4353 3302//4353
f 3302//4353 2516//4353 3303//4353
f 2516//4354 2517//4354 3303//4354
f 3304//4384 2517//4356 3305//4385
f 3303//4354 2517//4354 3304//4354
f 2517//4356 2520//4356 3305//4385
f 2520//4358 2521//4358 3305//4357
f 3305//4357 2521//4358 3306//4357
f 2521//4359 2524//4359 3306//4359
f 3307//4360 2524//4361 3308//4360
f 3306//4359 2524//4359 3307//4359
f 2524//4361 2525//4361 3308//4360
f 3308//4362 2525//4386 3309//4362
f 2525//4386 2528//4386 3309//4362
f 2528//4364 2529//4364 3309//4364
f 3310//4365 2529//4365 3311//4365
f 3309//4364 2529//4364 3310//4364
f 2529//4365 2532//4365 3311//4365
f 3311//4366 2533//4366 3312//4366
f 2532//4366 2533//4366 3311//4366
f 3313//4367 2536//4367 3314//4367
f 3312//4368 2536//4368 3313//4368
f 2533//4368 2536//4368 3312//4368
f 2536//4367 2537//4367 3314//4367
f 3314//4369 258//4369 257//4369
f 2537//4369 258//4369 3314//4369
f 255//4369 256//4369 3315//4369
f 3315//4367 2789//4367 3316//4367
f 256//4369 2789//4369 3315//4369
f 3316//4368 2790//4368 3317//4368
f 2789//4367 2790//4367 3316//4367
f 3317//4366 2791//4366 3318//4366
f 2790//4368 2791//4368 3317//4368
f 3318//4365 2793//4365 3319//4365
f 2791//4366 2793//4366 3318//4366
f 3319//4364 2794//4363 3320//4364
f 2793//4365 2794//4365 3319//4365
f 3320//4362 2797//4362 3321//4362
f 2794//4363 2797//4363 3320//4364
f 3321//4361 2798//4360 3322//4361
f 2797//4362 2798//4362 3321//4362
f 3322//4359 2801//4359 3323//4359
f 2798//4360 2801//4360 3322//4361
f 3323//4387 2802//4387 3324//4387
f 2801//4359 2802//4359 3323//4359
f 3324//4356 2805//4356 3325//4356
f 2802//4387 2805//4387 3324//4387
f 3325//4355 2806//4354 3326//4355
f 2805//4356 2806//4356 3325//4356
f 3326//4388 2809//4353 3327//4388
f 2806//4354 2809//4354 3326//4355
f 3327//4383 2810//4351 3328//4383
f 2809//4353 2810//4353 3327//4388
f 3328//4389 2813//4390 3329//4389
f 2810//4351 2813//4351 3328//4383
f 3329//4391 2814//4349 3330//4391
f 2813//4390 2814//4390 3329//4389
f 3330//4347 2817//4347 3331//4347
f 2814//4349 2817//4349 3330//4391
f 2817//4347 2818//4347 3331//4347
f 3331//4392 2818//4344 3332//4392
f 2818//4344 2821//4344 3332//4392
f 3332//4343 2821//4342 3333//4343
f 2821//4342 2822//4342 3333//4343
f 3333//4393 2822//4394 3334//4393
f 3334//4395 2825//4396 3335//4395
f 2822//4394 2825//4340 3334//4393
f 3335//4397 2826//4397 3336//4397
f 2825//4396 2826//4396 3335//4395
f 3336//4398 2829//4398 3337//4398
f 2826//4397 2829//4397 3336//4397
f 3337//4399 2830//4330 3338//4399
f 2829//4398 2830//4398 3337//4398
f 3338//4332 2833//4400 3339//4332
f 2830//4330 2833//4330 3338//4399
f 3339//4401 2834//4402 3340//4401
f 2833//4400 2834//4400 3339//4332
f 3340//4328 2837//4328 3341//4328
f 2834//4402 2837//4402 3340//4401
f 2837//4328 2838//4328 3341//4328
f 3341//4327 2838//4327 3342//4327
f 2838//4327 2841//4327 3342//4327
f 3342//4403 2841//4326 3343//4403
f 2841//4326 2842//4326 3343//4403
f 3343//4404 2842//4405 3344//4404
f 2842//4405 2845//4406 3344//4404
f 3344//4407 2845//4407 3345//4407
f 2845//4407 2846//4407 3345//4407
f 3345//2013 2846//2013 3346//2013
f 2846//2013 2849//2013 3346//2013
f 3346//4408 2849//4408 3347//4408
f 2849//4408 2852//4408 3347//4408
f 3347//4409 2852//4317 3348//4409
f 2852//4317 2853//4317 3348//4409
f 2853//4314 2856//4314 3348//4410
f 3349//4313 2856//4313 3350//4313
f 3348//4410 2856//4314 3349//4410
f 2856//4313 2857//4313 3350//4313
f 3350//4312 2857//4312 3351//4312
f 2857//4312 2860//4312 3351//4312
f 3351//4411 2860//4412 3352//4411
f 2860//4412 2861//4412 3352//4411
f 3352//4413 2861//4310 3353//4413
f 3353//4306 2864//4414 3354//4306
f 2861//4310 2864//4310 3353//4413
f 2864//4414 2865//4414 3354//4306
f 3355//4415 2868//4415 3356//4415
f 3354//4416 2868//4416 3355//4416
f 2865//4416 2868//4416 3354//4416
f 3356//4417 2869//4418 3357//4417
f 2868//4415 2869//4415 3356//4415
f 3357//4419 2872//4420 3358//4419
f 2869//4418 2872//4418 3357//4417
f 2872//4420 2873//4420 3358//4419
f 2873//4297 2876//4297 3358//4296
f 3359//4295 2876//4421 3360//4295
f 3358//4296 2876//4297 3359//4296
f 2876//4421 2877//4421 3360//4295
f 3360//4291 2877//4291 3361//4291
f 2877//4291 2880//4291 3361//4291
f 2880//4290 2881//4290 3361//4422
f 3362//4423 2881//4424 3363//4423
f 3361//4422 2881//4290 3362//4422
f 2881//4424 2884//4424 3363//4423
f 3363//4288 2884//4372 3364//4288
f 2884//4372 2885//4372 3364//4288
f 2885//4286 2888//4286 3364//4425
f 3364//4425 2888//4286 3365//4425
f 2888//4285 2889//4285 3365//4284
f 3366//4283 2889//4283 3367//4283
f 3365//4284 2889//4285 3366//4284
f 2889//4283 2892//4283 3367//4283
f 3367//4426 2892//4426 3368//4426
f 2892//4426 2893//4426 3368//4426
f 3368//4280 2893//4280 3369//4280
f 2893//4280 2896//4280 3369//4280
f 2896//4279 2897//4279 3369//4278
f 3369//4278 2897//4279 3370//4278
f 2897//4277 2900//4277 3370//4277
f 3371//4276 2900//4275 3372//4276
f 3370//4277 2900//4277 3371//4277
f 2900//4275 2901//4275 3372//4276
f 2901//4274 2904//4274 3372//4274
f 3372//4274 2904//4274 3373//4274
f 3374//4272 2905//4272 3375//4272
f 3373//4273 2905//4273 3374//4273
f 2904//4273 2905//4273 3373//4273
f 2905//4272 2908//4272 3375//4272
f 3375//4271 2908//4271 3376//4271
f 2908//4271 2909//4271 3376//4271
f 3376//4270 130//4270 129//4270
f 2909//4270 130//4270 3376//4270
f 127//4369 128//4369 3377//4369
f 3377//4367 2665//4367 3378//4367
f 128//4369 2665//4369 3377//4369
f 3378//4368 2666//4368 3379//4368
f 2665//4367 2666//4367 3378//4367
f 3379//4366 2667//4366 3380//4366
f 2666//4368 2667//4368 3379//4368
f 3380//4365 2669//4365 3381//4365
f 2667//4366 2669//4366 3380//4366
f 3381//4364 2670//4363 3382//4364
f 2669//4365 2670//4365 3381//4365
f 3382//4362 2673//4362 3383//4362
f 2670//4363 2673//4363 3382//4364
f 3383//4361 2674//4360 3384//4361
f 2673//4362 2674//4362 3383//4362
f 3384//4359 2677//4359 3385//4359
f 2674//4360 2677//4360 3384//4361
f 3385//4357 2678//4387 3386//4357
f 2677//4359 2678//4359 3385//4359
f 3386//4356 2681//4385 3387//4356
f 2678//4387 2681//4387 3386//4357
f 3387//4355 2682//4354 3388//4355
f 2681//4385 2682//4385 3387//4356
f 3388//4388 2685//4353 3389//4388
f 2682//4354 2685//4354 3388//4355
f 3389//4383 2686//4351 3390//4383
f 2685//4353 2686//4353 3389//4388
f 3390//4389 2689//4390 3391//4389
f 2686//4351 2689//4351 3390//4383
f 3391//4391 2690//4349 3392//4391
f 2689//4390 2690//4390 3391//4389
f 3392//4347 2693//4347 3393//4347
f 2690//4349 2693//4349 3392//4391
f 2693//4347 2694//4347 3393//4347
f 3393//4392 2694//4344 3394//4392
f 2694//4344 2697//4344 3394//4392
f 3394//4343 2697//4342 3395//4343
f 2697//4342 2698//4342 3395//4343
f 3395//4393 2698//4394 3396//4393
f 3396//4395 2701//4396 3397//4395
f 2698//4394 2701//4340 3396//4393
f 3397//4397 2702//4397 3398//4397
f 2701//4396 2702//4396 3397//4395
f 3398//4398 2705//4398 3399//4398
f 2702//4397 2705//4397 3398//4397
f 3399//4399 2706//4330 3400//4399
f 2705//4398 2706//4398 3399//4398
f 3400//4332 2709//4400 3401//4332
f 2706//4330 2709//4330 3400//4399
f 3401//4401 2710//4402 3402//4401
f 2709//4400 2710//4400 3401//4332
f 3402//4328 2713//4328 3403//4328
f 2710//4402 2713//4402 3402//4401
f 2713//4328 2714//4328 3403//4328
f 3403//4327 2714//4327 3404//4327
f 2714//4327 2717//4327 3404//4327
f 3404//4403 2717//4326 3405//4403
f 2717//4326 2718//4326 3405//4403
f 3405//4404 2718//4405 3406//4404
f 2718//4405 2721//4406 3406//4404
f 3406//4407 2721//4407 3407//4407
f 2721//4407 2722//4407 3407//4407
f 3407//2013 2722//2013 3408//2013
f 2722//2013 2725//2013 3408//2013
f 3408//4408 2725//4408 3409//4408
f 2725//4408 2728//4408 3409//4408
f 3409//4409 2728//4317 3410//4409
f 2728//4317 2729//4317 3410//4409
f 2729//4314 2732//4314 3410//4410
f 3411//4313 2732//4313 3412//4313
f 3410//4410 2732//4314 3411//4410
f 2732//4313 2733//4313 3412//4313
f 3412//4312 2733//4312 3413//4312
f 2733//4312 2736//4312 3413//4312
f 3413//4411 2736//4412 3414//4411
f 2736//4412 2737//4412 3414//4411
f 3414//4413 2737//4310 3415//4413
f 3415//4306 2740//4414 3416//4306
f 2737//4310 2740//4310 3415//4413
f 2740//4414 2741//4414 3416//4306
f 3417//4415 2744//4415 3418//4415
f 3416//4416 2744//4416 3417//4416
f 2741//4416 2744//4416 3416//4416
f 3418//4417 2745//4418 3419//4417
f 2744//4415 2745//4415 3418//4415
f 3419//4419 2748//4420 3420//4419
f 2745//4418 2748//4418 3419//4417
f 2748//4420 2749//4420 3420//4419
f 2749//4297 2752//4297 3420//4296
f 3421//4295 2752//4421 3422//4295
f 3420//4296 2752//4297 3421//4296
f 2752//4421 2753//4421 3422//4295
f 3422//4291 2753//4291 3423//4291
f 2753//4291 2756//4291 3423//4291
f 2756//4290 2757//4290 3423//4422
f 3424//4423 2757//4424 3425//4423
f 3423//4422 2757//4290 3424//4422
f 2757//4424 2760//4424 3425//4423
f 3425//4288 2760//4372 3426//4288
f 2760//4372 2761//4372 3426//4288
f 2761//4286 2764//4286 3426//4425
f 3426//4425 2764//4286 3427//4425
f 2764//4285 2765//4285 3427//4284
f 3428//4427 2765//4283 3429//4427
f 3427//4284 2765//4285 3428//4284
f 2765//4283 2768//4283 3429//4427
f 3429//4426 2768//4282 3430//4426
f 2768//4282 2769//4282 3430//4426
f 3430//4280 2769//4280 3431//4280
f 2769//4280 2772//4280 3431//4280
f 2772//4279 2773//4279 3431//4278
f 3431//4278 2773//4279 3432//4278
f 2773//4277 2776//4277 3432//4277
f 3433//4276 2776//4275 3434//4276
f 3432//4277 2776//4277 3433//4277
f 2776//4275 2777//4275 3434//4276
f 2777//4274 2780//4274 3434//4274
f 3434//4274 2780//4274 3435//4274
f 3436//4272 2781//4272 3437//4272
f 3435//4273 2781//4273 3436//4273
f 2780//4273 2781//4273 3435//4273
f 2781//4272 2784//4272 3437//4272
f 3437//4271 2784//4271 3438//4271
f 2784//4271 2785//4271 3438//4271
f 3438//4270 2//4270 1//4270
f 2785//4270 2//4270 3438//4270
f 37//2009 33//2014 35//2009
f 37//2009 31//2009 33//2014
f 25//2014 29//2015 31//2009
f 25//2014 27//2009 29//2015
f 23//2009 31//2009 37//2009
f 23//2009 25//2014 31//2009
f 43//2009 39//2009 41//2009
f 43//2009 37//2009 39//2009
f 49//2009 45//2009 47//2009
f 49//2009 43//2009 45//2009
f 49//2009 37//2009 43//2009
f 13//2009 19//2009 21//2015
f 13//2009 17//2015 19//2009
f 13//2009 15//2009 17//2015
f 53//2009 49//2009 51//2009
f 11//2009 21//2015 23//2009
f 11//2009 13//2009 21//2015
f 55//4428 49//2009 53//2009
f 5//2015 9//2015 11//2009
f 5//2015 7//2009 9//2015
f 61//2009 57//2009 59//2009
f 61//2009 55//4428 57//2009
f 61//2009 49//2009 55//4428
f 1//2009 3//2015 5//2015
f 1//2009 11//2009 23//2009
f 1//2009 5//2015 11//2009
f 65//2009 61//2009 63//2009
f 67//2009 61//2009 65//2009
f 3437//2014 3438//2015 1//2009
f 71//2015 67//2009 69//2009
f 3434//2009 3436//2009 3437//2014
f 3434//2009 3435//2009 3436//2009
f 3434//2009 3437//2014 1//2009
f 75//2009 71//2015 73//2009
f 75//2009 67//2009 71//2015
f 75//2009 49//2009 61//2009
f 75//2009 61//2009 67//2009
f 3432//2009 3434//2009 1//2009
f 3432//2009 3433//2009 3434//2009
f 79//2014 75//2009 77//2009
f 3429//2009 3430//2009 3431//2014
f 3428//4428 3429//2009 3431//2014
f 87//2015 83//2009 85//2009
f 87//2015 81//2009 83//2009
f 87//2015 79//2014 81//2009
f 3426//2014 3427//2009 3428//4428
f 91//2009 49//2009 75//2009
f 91//2009 79//2014 87//2015
f 91//2009 87//2015 89//2009
f 91//2009 37//2009 49//2009
f 91//2009 75//2009 79//2014
f 3425//2009 3426//2014 3428//4428
f 3425//2009 3428//4428 3431//2014
f 97//2009 93//2014 95//2009
f 97//2009 91//2009 93//2014
f 3422//2014 3424//2015 3425//2009
f 3422//2014 3423//2009 3424//2015
f 103//2009 99//2009 101//2009
f 103//2009 97//2009 99//2009
f 106//2009 37//2009 91//2009
f 106//2009 23//2009 37//2009
f 106//2009 91//2009 97//2009
f 106//2009 97//2009 103//2009
f 3418//2009 3420//2009 3421//2014
f 3418//2009 3419//2009 3420//2009
f 3417//2009 3418//2009 3421//2014
f 3417//2009 3421//2014 3422//2014
f 113//2009 109//2009 111//2009
f 113//2009 108//2014 109//2009
f 113//2009 106//2009 108//2014
f 113//2009 23//2009 106//2009
f 113//2009 1//2009 23//2009
f 3414//2009 3415//2009 3416//2014
f 3413//4429 3414//2009 3416//2014
f 117//2009 113//2009 116//2009
f 121//2009 117//2009 119//2009
f 3410//2009 3412//2009 3413//4429
f 3410//2009 3411//2009 3412//2009
f 3410//2009 3413//4429 3416//2014
f 125//2009 121//2009 123//2015
f 127//2009 117//2009 121//2009
f 127//2009 121//2009 125//2009
f 127//2009 1//2009 113//2009
f 127//2009 113//2009 117//2009
f 3406//2009 3409//2014 3410//2009
f 3406//2009 3408//2009 3409//2014
f 3406//2009 3407//2009 3408//2009
f 3378//2014 127//2009 3377//2015
f 3404//2014 3405//2009 3406//2009
f 3380//2014 3378//2014 3379//2009
f 3381//2009 3432//2009 1//2009
f 3381//2009 127//2009 3378//2014
f 3381//2009 3378//2014 3380//2014
f 3381//2009 1//2009 127//2009
f 3402//2015 3404//2014 3406//2009
f 3402//2015 3403//2009 3404//2014
f 3382//2009 3432//2009 3381//2009
f 3382//2009 3431//2014 3432//2009
f 3400//2009 3401//2009 3402//2015
f 3385//2009 3383//2014 3384//2009
f 3385//2009 3382//2009 3383//2014
f 3397//2009 3399//2009 3400//2009
f 3397//2009 3398//2009 3399//2009
f 3387//4428 3385//2009 3386//2009
f 3389//2009 3387//4428 3388//2009
f 3394//2009 3395//2009 3396//4429
f 3390//2009 3387//4428 3389//2009
f 3390//2009 3382//2009 3385//2009
f 3390//2009 3385//2009 3387//4428
f 3393//2009 3410//2009 3416//2014
f 3393//2009 3396//4429 3397//2009
f 3393//2009 3406//2009 3410//2009
f 3393//2009 3425//2009 3431//2014
f 3393//2009 3431//2014 3382//2009
f 3393//2009 3402//2015 3406//2009
f 3393//2009 3400//2009 3402//2015
f 3393//2009 3394//2009 3396//4429
f 3393//2009 3397//2009 3400//2009
f 3393//2009 3422//2014 3425//2009
f 3393//2009 3417//2009 3422//2014
f 3393//2009 3416//2014 3417//2009
f 3391//2009 3393//2009 3382//2009
f 3391//2009 3382//2009 3390//2009
f 3392//2009 3393//2009 3391//2009
f 165//2009 161//2014 163//2009
f 165//2009 159//2009 161//2014
f 153//2009 157//2009 159//2009
f 153//2009 155//2009 157//2009
f 169//2009 165//2009 167//2009
f 151//2009 159//2009 165//2009
f 151//2009 153//2009 159//2009
f 171//2009 165//2009 169//2009
f 177//2014 173//2009 175//2009
f 177//2014 171//2009 173//2009
f 177//2014 165//2009 171//2009
f 141//2009 147//2009 149//2015
f 141//2009 145//2015 147//2009
f 141//2009 143//2009 145//2015
f 181//2009 177//2014 179//2009
f 181//2009 165//2009 177//2014
f 139//2009 149//2015 151//2009
f 139//2009 141//2009 149//2015
f 185//2009 181//2009 183//2009
f 133//2015 137//2015 139//2009
f 133//2015 135//2009 137//2015
f 189//2009 185//2009 187//2009
f 189//2009 181//2009 185//2009
f 129//2009 131//4428 133//2015
f 129//2009 139//2009 151//2009
f 129//2009 133//2015 139//2009
f 3375//2014 3376//2015 129//2009
f 197//2009 193//2015 195//2009
f 197//2009 191//2015 193//2015
f 197//2009 189//2009 191//2015
f 3372//2009 3374//2009 3375//2014
f 3372//2009 3373//2009 3374//2009
f 3372//2009 3375//2014 129//2009
f 203//2009 199//2009 201//2009
f 203//2009 197//2009 199//2009
f 3370//2015 3372//2009 129//2009
f 3370//2015 3371//2009 3372//2009
f 207//2009 203//2009 205//2009
f 207//2009 197//2009 203//2009
f 207//2009 181//2009 189//2009
f 207//2009 189//2009 197//2009
f 3369//2009 3370//2015 129//2009
f 211//2009 207//2009 209//2009
f 3367//2009 3368//2009 3369//2009
f 3366//4428 3367//2009 3369//2009
f 219//2009 181//2009 207//2009
f 219//2009 215//2009 217//2009
f 219//2009 213//2015 215//2009
f 219//2009 211//2009 213//2015
f 219//2009 207//2009 211//2009
f 219//2009 151//2009 165//2009
f 219//2009 165//2009 181//2009
f 3363//2009 3366//4428 3369//2009
f 3363//2009 3365//2009 3366//4428
f 3363//2009 3364//2009 3365//2009
f 225//2009 221//2014 223//2009
f 225//2009 219//2009 221//2014
f 3360//2014 3362//2015 3363//2009
f 3360//2014 3361//2009 3362//2015
f 229//2009 225//2009 227//2009
f 234//2009 229//2009 231//2009
f 234//2009 225//2009 229//2009
f 234//2009 151//2009 219//2009
f 234//2009 219//2009 225//2009
f 3356//2009 3358//2009 3359//2014
f 3356//2009 3357//2009 3358//2009
f 3355//2009 3356//2009 3359//2014
f 3355//2009 3359//2014 3360//2014
f 241//2009 237//2009 239//2009
f 241//2009 236//2014 237//2009
f 241//2009 234//2009 236//2014
f 241//2009 151//2009 234//2009
f 241//2009 129//2009 151//2009
f 3351//2009 3352//2009 3353//2009
f 245//2009 241//2009 244//2009
f 3350//2009 3353//2009 3354//2014
f 3350//2009 3351//2009 3353//2009
f 251//2015 247//2015 249//2009
f 253//2009 247//2015 251//2015
f 255//2009 245//2009 247//2015
f 255//2009 247//2015 253//2009
f 255//2009 129//2009 241//2009
f 255//2009 241//2009 245//2009
f 3344//2015 3347//2014 3348//4430
f 3344//2015 3346//2009 3347//2014
f 3344//2015 3345//2009 3346//2009
f 3319//2009 3369//2009 129//2009
f 3319//2009 129//2009 255//2009
f 3319//2009 3317//4431 3318//2009
f 3319//2009 3316//2009 3317//4431
f 3319//2009 3315//2014 3316//2009
f 3319//2009 255//2009 3315//2014
f 3340//2009 3342//2009 3343//2014
f 3340//2009 3341//2009 3342//2009
f 3339//2009 3340//2009 3343//2014
f 3339//2009 3343//2014 3344//2015
f 3338//2009 3344//2015 3348//4430
f 3338//2009 3339//2009 3344//2015
f 3338//2009 3349//2015 3350//2009
f 3338//2009 3348//4430 3349//2015
f 3322//2014 3320//2009 3321//2009
f 3323//2009 3320//2009 3322//2014
f 3335//2009 3336//2009 3337//2009
f 3325//4428 3323//2009 3324//2009
f 3334//2014 3337//2009 3338//2009
f 3334//2014 3335//2009 3337//2009
f 3327//2009 3325//4428 3326//2009
f 3328//2009 3319//2009 3320//2009
f 3328//2009 3323//2009 3325//4428
f 3328//2009 3320//2009 3323//2009
f 3328//2009 3325//4428 3327//2009
f 3331//2009 3369//2009 3319//2009
f 3331//2009 3333//2009 3334//2014
f 3331//2009 3332//2009 3333//2009
f 3331//2009 3338//2009 3350//2009
f 3331//2009 3363//2009 3369//2009
f 3331//2009 3334//2014 3338//2009
f 3331//2009 3360//2014 3363//2009
f 3331//2009 3319//2009 3328//2009
f 3331//2009 3350//2009 3354//2014
f 3331//2009 3355//2009 3360//2014
f 3331//2009 3354//2014 3355//2009
f 3330//2009 3328//2009 3329//2009
f 3330//2009 3331//2009 3328//2009
f 293//2023 289//2023 291//2023
f 293//2023 287//2023 289//2023
f 281//2165 285//2023 287//2023
f 281//2165 283//2023 285//2023
f 279//2023 287//2023 293//2023
f 279//2023 281//2165 287//2023
f 299//2023 295//4432 297//2023
f 299//2023 293//2023 295//4432
f 303//2023 299//2023 301//2023
f 305//2023 293//2023 299//2023
f 305//2023 299//2023 303//2023
f 271//2023 277//2165 279//2023
f 271//2023 275//4433 277//2165
f 271//2023 273//2023 275//4433
f 309//2023 305//2023 307//2023
f 309//2023 293//2023 305//2023
f 267//2023 269//4433 271//2023
f 313//2023 309//2023 311//2023
f 261//2023 265//2165 267//2023
f 261//2023 263//4434 265//2165
f 318//2023 313//2023 315//2023
f 318//2023 309//2023 313//2023
f 257//2023 259//2023 261//2023
f 257//2023 267//2023 271//2023
f 257//2023 261//2023 267//2023
f 321//2023 318//2023 319//2023
f 323//2165 318//2023 321//2023
f 3313//2023 3314//2023 257//2023
f 327//2023 323//2165 325//2023
f 3311//2023 3312//4435 3313//2023
f 3310//2023 3311//2023 3313//2023
f 3310//2023 3313//2023 257//2023
f 331//2023 327//2023 329//2023
f 331//2023 323//2165 327//2023
f 331//2023 309//2023 318//2023
f 331//2023 318//2023 323//2165
f 3308//2023 3310//2023 257//2023
f 3308//2023 3309//2165 3310//2023
f 335//2165 331//2023 333//2023
f 3305//2165 3306//2023 3307//2023
f 342//2023 331//2023 335//2165
f 342//2023 309//2023 331//2023
f 342//2023 337//4436 339//2023
f 342//2023 335//2165 337//4436
f 342//2023 293//2023 309//2023
f 3304//2023 3305//2165 3307//2023
f 346//2023 342//2023 343//2023
f 3302//2023 3303//4433 3304//2023
f 347//2023 342//2023 346//2023
f 3301//2023 3304//2023 3307//2023
f 3301//2023 3302//2023 3304//2023
f 352//2165 347//2023 349//2023
f 3298//2023 3300//2023 3301//2023
f 3298//2023 3299//2023 3300//2023
f 357//2023 354//4435 356//2023
f 357//2023 352//2165 354//4435
f 357//2023 293//2023 342//2023
f 357//2023 342//2023 347//2023
f 357//2023 279//2023 293//2023
f 357//2023 347//2023 352//2165
f 362//4433 357//2023 359//2165
f 3293//2023 3297//4437 3298//2023
f 3293//2023 3296//2023 3297//4437
f 3293//2023 3295//4434 3296//2023
f 3293//2023 3294//2023 3295//4434
f 367//2023 363//4433 366//2023
f 367//2023 362//4433 363//4433
f 369//2023 279//2023 357//2023
f 369//2023 357//2023 362//4433
f 369//2023 271//2023 279//2023
f 369//2023 362//4433 367//2023
f 3289//2023 3291//4433 3292//4434
f 3289//2023 3290//2023 3291//4433
f 373//2023 369//2023 371//2023
f 3288//2023 3292//4434 3293//2023
f 3288//2023 3289//2023 3292//4434
f 377//2165 373//2023 376//4434
f 379//4433 373//2023 377//2165
f 3285//2023 3287//2023 3288//2023
f 3285//2023 3286//2023 3287//2023
f 381//2165 373//2023 379//4433
f 384//2023 373//2023 381//2165
f 384//2023 271//2023 369//2023
f 384//2023 369//2023 373//2023
f 384//2023 257//2023 271//2023
f 3281//2023 3284//4435 3285//2023
f 3281//2023 3283//4433 3284//4435
f 3281//2023 3282//2023 3283//4433
f 3279//2023 3280//2023 3281//2023
f 3257//2023 3255//4433 3256//4435
f 3257//2023 3254//2165 3255//4433
f 3257//2023 3253//2023 3254//2165
f 3257//2023 384//2023 3253//2023
f 3278//2023 3279//2023 3281//2023
f 3258//2023 3308//2023 257//2023
f 3258//2023 257//2023 384//2023
f 3258//2023 384//2023 3257//2023
f 3258//2023 3307//2023 3308//2023
f 3276//2023 3277//2023 3278//2023
f 3276//2023 3285//2023 3288//2023
f 3276//2023 3281//2023 3285//2023
f 3276//2023 3278//2023 3281//2023
f 3276//2023 3288//2023 3293//2023
f 3261//2023 3259//2165 3260//2023
f 3261//2023 3258//2023 3259//2165
f 3274//2023 3275//2023 3276//2023
f 3272//4433 3273//2023 3274//2023
f 3272//4433 3274//2023 3276//2023
f 3264//2023 3262//2165 3263//2023
f 3264//2023 3261//2023 3262//2165
f 3265//2023 3261//2023 3264//2023
f 3270//4434 3271//2023 3272//4433
f 3269//2023 3258//2023 3261//2023
f 3269//2023 3307//2023 3258//2023
f 3269//2023 3301//2023 3307//2023
f 3269//2023 3276//2023 3293//2023
f 3269//2023 3272//4433 3276//2023
f 3269//2023 3298//2023 3301//2023
f 3269//2023 3261//2023 3265//2023
f 3269//2023 3270//4434 3272//4433
f 3269//2023 3293//2023 3298//2023
f 3267//2023 3265//2023 3266//2023
f 3267//2023 3269//2023 3265//2023
f 3268//2023 3269//2023 3267//2023
f 421//2023 417//2023 419//2023
f 421//2023 415//2023 417//2023
f 409//2165 413//2023 415//2023
f 409//2165 411//2023 413//2023
f 425//2165 421//2023 423//2023
f 407//2023 415//2023 421//2023
f 407//2023 409//2165 415//2023
f 427//2023 421//2023 425//2165
f 433//2023 429//2023 431//2165
f 433//2023 427//2023 429//2023
f 433//2023 421//2023 427//2023
f 399//2023 405//2165 407//2023
f 399//2023 403//4433 405//2165
f 399//2023 401//2023 403//4433
f 437//2023 433//2023 435//2023
f 395//2023 397//4433 399//2023
f 443//2023 439//2165 441//2023
f 389//2023 393//2165 395//2023
f 389//2023 391//4434 393//2165
f 446//2023 437//2023 439//2165
f 446//2023 433//2023 437//2023
f 446//2023 439//2165 443//2023
f 385//2023 387//2023 389//2023
f 385//2023 395//2023 399//2023
f 385//2023 389//2023 395//2023
f 3251//2023 3252//2023 385//2023
f 453//2023 449//4433 451//2023
f 3249//2023 3250//4435 3251//2023
f 3248//2023 3249//2023 3251//2023
f 3248//2023 3251//2023 385//2023
f 459//2023 455//2165 457//2023
f 461//2023 455//2165 459//2023
f 461//2023 453//2023 455//2165
f 3246//2023 3248//2023 385//2023
f 3246//2023 3247//2165 3248//2023
f 3245//2023 3246//2023 385//2023
f 3243//4432 3244//2023 3245//2023
f 470//4433 465//4436 467//2023
f 470//4433 463//2165 465//4436
f 470//4433 461//2023 463//2165
f 3242//2023 3243//4432 3245//2023
f 3240//2023 3241//4433 3242//2023
f 475//2023 461//2023 470//4433
f 475//2023 471//4435 474//2023
f 475//2023 470//4433 471//4435
f 475//2023 447//2023 449//4433
f 475//2023 446//2023 447//2023
f 475//2023 421//2023 433//2023
f 475//2023 453//2023 461//2023
f 475//2023 433//2023 446//2023
f 475//2023 449//4433 453//2023
f 3239//2023 3242//2023 3245//2023
f 3239//2023 3240//2023 3242//2023
f 480//2023 475//2023 477//2023
f 482//2023 475//2023 480//2023
f 3236//2023 3238//2023 3239//2023
f 3236//2023 3237//2023 3238//2023
f 485//2023 482//2023 484//2023
f 485//2023 421//2023 475//2023
f 485//2023 407//2023 421//2023
f 485//2023 475//2023 482//2023
f 3233//2023 3234//2023 3235//2023
f 3231//2023 3233//2023 3235//2023
f 3231//2023 3235//2023 3236//2023
f 3231//2023 3232//2023 3233//2023
f 3230//2023 3231//2023 3236//2023
f 495//2023 491//4433 494//2023
f 495//2023 490//4433 491//4433
f 495//2023 487//2165 490//4433
f 495//2023 485//2023 487//2165
f 495//2023 407//2023 485//2023
f 495//2023 399//2023 407//2023
f 497//2023 399//2023 495//2023
f 501//2023 497//2023 499//2023
f 3226//2023 3229//2023 3230//2023
f 3226//2023 3228//2165 3229//2023
f 3226//2023 3227//2023 3228//2165
f 3224//4433 3225//2023 3226//2023
f 507//2023 504//2165 505//4434
f 507//2023 501//2023 504//2165
f 512//2023 501//2023 507//2023
f 512//2023 507//2023 509//2023
f 512//2023 399//2023 497//2023
f 512//2023 497//2023 501//2023
f 3221//2023 3223//2023 3224//4433
f 3221//2023 3222//2023 3223//2023
f 3220//2023 3224//4433 3226//2023
f 3220//2023 3221//2023 3224//4433
f 3220//2023 3226//2023 3230//2023
f 3192//2023 512//2023 3191//2023
f 3194//2023 3192//2023 3193//2165
f 3217//2023 3218//2023 3219//2023
f 3195//2023 399//2023 512//2023
f 3195//2023 512//2023 3192//2023
f 3195//2023 3245//2023 385//2023
f 3195//2023 3192//2023 3194//2023
f 3195//2023 385//2023 399//2023
f 3216//2023 3217//2023 3219//2023
f 3214//2023 3215//2023 3216//2023
f 3214//2023 3216//2023 3219//2023
f 3214//2023 3219//2023 3220//2023
f 3199//2023 3197//2165 3198//2023
f 3199//2023 3196//4433 3197//2165
f 3199//2023 3195//2023 3196//4433
f 3212//2023 3213//2023 3214//2023
f 3210//4433 3211//2023 3212//2023
f 3210//4433 3212//2023 3214//2023
f 3202//2023 3200//2165 3201//2023
f 3202//2023 3199//2023 3200//2165
f 3204//2023 3202//2023 3203//2023
f 3204//2023 3199//2023 3202//2023
f 3207//2023 3209//4433 3210//4433
f 3207//2023 3208//2023 3209//4433
f 3207//2023 3220//2023 3230//2023
f 3207//2023 3214//2023 3220//2023
f 3207//2023 3245//2023 3195//2023
f 3207//2023 3195//2023 3199//2023
f 3207//2023 3239//2023 3245//2023
f 3207//2023 3236//2023 3239//2023
f 3207//2023 3210//4433 3214//2023
f 3207//2023 3230//2023 3236//2023
f 3207//2023 3199//2023 3204//2023
f 3206//2023 3204//2023 3205//2023
f 3206//2023 3207//2023 3204//2023
f 3439//4438 3440//4438 3441//4438
f 3439//4438 3442//4438 3440//4438
f 3443//4439 3441//4439 3444//4439
f 3443//4439 3439//4439 3441//4439
f 3445//4440 3444//4440 3446//4440
f 3445//4440 3443//4440 3444//4440
f 3447//4441 3446//4441 3448//4441
f 3447//4441 3445//4441 3446//4441
f 3449//4442 3448//4442 3450//4442
f 3449//4442 3447//4442 3448//4442
f 3451//4443 3450//4443 3452//4443
f 3451//4443 3449//4443 3450//4443
f 3453//4444 3452//4444 3454//4444
f 3453//4444 3451//4444 3452//4444
f 3455//4445 3454//4445 3456//4445
f 3455//4445 3453//4445 3454//4445
f 3457//4446 3456//4446 3458//4446
f 3457//4446 3455//4446 3456//4446
f 3459//4447 3460//4447 3461//4447
f 3459//4448 3458//4310 3460//4310
f 3459//4448 3457//4448 3458//4310
f 3462//4447 3459//4447 3461//4447
f 3463//4449 3461//4449 3464//4449
f 3463//4449 3462//4449 3461//4449
f 3465//4450 3464//4450 3466//4450
f 3465//4450 3463//4450 3464//4450
f 3467//4451 3468//4451 3469//4451
f 3467//4451 3470//4451 3468//4451
f 3471//4452 3469//4452 3472//4452
f 3471//4452 3467//4452 3469//4452
f 3473//4453 3472//4453 3474//4453
f 3473//4453 3471//4453 3472//4453
f 3475//4454 3474//4454 3476//4454
f 3475//4454 3473//4454 3474//4454
f 3477//4455 3476//4455 3478//4455
f 3477//4455 3475//4455 3476//4455
f 3479//4456 3478//4456 3480//4456
f 3479//4456 3477//4456 3478//4456
f 3481//4457 3480//4457 3482//4457
f 3481//4457 3479//4457 3480//4457
f 3483//4458 3482//4458 3484//4458
f 3483//4458 3481//4458 3482//4458
f 3485//4459 3484//4459 3486//4459
f 3485//4459 3483//4459 3484//4459
f 3487//4460 3486//4460 3488//4460
f 3487//4460 3485//4460 3486//4460
f 3489//4461 3488//4461 3490//4461
f 3489//4461 3487//4461 3488//4461
f 3491//4462 3490//4462 3492//4462
f 3491//4462 3489//4462 3490//4462
f 3493//4463 3492//4463 3494//4463
f 3493//4463 3491//4463 3492//4463
f 3495//4464 3494//4464 3496//4464
f 3495//4464 3493//4464 3494//4464
f 3497//4465 3495//4465 3496//4465
f 3497//4465 3496//4465 3498//4465
f 3499//4466 3497//4466 3498//4466
f 3499//4466 3498//4466 3500//4466
f 3501//4467 3500//4467 3502//4467
f 3501//4467 3499//4467 3500//4467
f 3503//4468 3502//4468 3504//4468
f 3503//4468 3501//4468 3502//4468
f 3505//4469 3503//4469 3504//4469
f 3505//4469 3504//4469 3506//4469
f 3507//4470 3506//4470 3508//4470
f 3507//4470 3505//4470 3506//4470
f 3509//4471 3508//4471 3510//4471
f 3509//4471 3507//4471 3508//4471
f 3511//4472 3510//4472 3512//4472
f 3511//4472 3509//4472 3510//4472
f 3513//4473 3514//4473 3515//4473
f 3513//4474 3512//4474 3514//4474
f 3513//4474 3511//4474 3512//4474
f 3516//4473 3513//4473 3515//4473
f 3517//4475 3515//4475 3518//4475
f 3517//4475 3516//4475 3515//4475
f 3519//4476 3518//4476 3520//4476
f 3519//4476 3517//4476 3518//4476
f 3521//4477 3522//4477 3523//4477
f 3521//4478 3520//4478 3522//4478
f 3521//4478 3519//4478 3520//4478
f 3524//4477 3521//4477 3523//4477
f 3525//4479 3523//4479 3526//4479
f 3525//4479 3524//4479 3523//4479
f 3527//4480 3526//4480 3528//4480
f 3527//4480 3525//4480 3526//4480
f 3529//4481 3528//4481 3530//4481
f 3529//4481 3527//4481 3528//4481
f 3531//4482 3530//4482 3532//4482
f 3531//4482 3529//4482 3530//4482
f 3533//4483 3531//4483 3532//4483
f 3533//4483 3532//4483 3534//4483
f 3535//4484 3533//4484 3534//4484
f 3535//4484 3534//4484 3536//4484
f 3537//4485 3536//4485 3538//4485
f 3537//4485 3535//4485 3536//4485
f 3470//4486 3538//4486 3468//4486
f 3470//4486 3537//4486 3538//4486
f 3539//2009 3534//2009 3532//2009
f 3539//2009 3532//2009 3530//2009
f 3540//2009 3530//2009 3528//2009
f 3540//2009 3539//2009 3530//2009
f 3541//2009 3536//2009 3534//2009
f 3541//2009 3534//2009 3539//2009
f 3542//2009 3528//2009 3526//2009
f 3542//2009 3526//2009 3523//2009
f 3542//2009 3540//2009 3528//2009
f 3543//2009 3538//2009 3536//2009
f 3543//2009 3536//2009 3541//2009
f 3544//2009 3523//2009 3522//2009
f 3544//2009 3542//2009 3523//2009
f 3442//2009 3468//2009 3538//2009
f 3442//2009 3469//2009 3468//2009
f 3442//2009 3538//2009 3543//2009
f 3545//2009 3522//2009 3520//2009
f 3545//2009 3544//2009 3522//2009
f 3439//2009 3472//2009 3469//2009
f 3439//2009 3469//2009 3442//2009
f 3546//2009 3545//2009 3520//2009
f 3546//2009 3520//2009 3518//2009
f 3546//2009 3518//2009 3515//2009
f 3443//2009 3472//2009 3439//2009
f 3443//2009 3474//2009 3472//2009
f 3547//2009 3515//2009 3514//2009
f 3547//2009 3546//2009 3515//2009
f 3445//2009 3474//2009 3443//2009
f 3445//2009 3476//2009 3474//2009
f 3548//2009 3547//2009 3514//2009
f 3512//2009 3548//2009 3514//2009
f 3478//2009 3476//2009 3445//2009
f 3478//2009 3445//2009 3447//2009
f 3510//2009 3548//2009 3512//2009
f 3510//2009 3549//2009 3548//2009
f 3480//2009 3478//2009 3447//2009
f 3480//2009 3447//2009 3449//2009
f 3508//2009 3549//2009 3510//2009
f 3508//2009 3550//2009 3549//2009
f 3482//2009 3480//2009 3449//2009
f 3506//2009 3465//2009 3550//2009
f 3506//2009 3550//2009 3508//2009
f 3484//2009 3482//2009 3449//2009
f 3484//2009 3449//2009 3451//2009
f 3504//2009 3465//2009 3506//2009
f 3486//2009 3451//2009 3453//2009
f 3486//2009 3484//2009 3451//2009
f 3502//2009 3463//2009 3465//2009
f 3502//2009 3465//2009 3504//2009
f 3488//2009 3453//2009 3455//2009
f 3488//2009 3486//2009 3453//2009
f 3500//2009 3462//2009 3463//2009
f 3500//2009 3463//2009 3502//2009
f 3490//2009 3488//2009 3455//2009
f 3498//2009 3459//2009 3462//2009
f 3498//2009 3462//2009 3500//2009
f 3492//2009 3455//2009 3457//2009
f 3492//2009 3490//2009 3455//2009
f 3496//2009 3459//2009 3498//2009
f 3494//2009 3457//2009 3459//2009
f 3494//2009 3459//2009 3496//2009
f 3494//2009 3492//2009 3457//2009
f 3533//2023 3535//2023 3531//2023
f 3531//2023 3535//2023 3529//2023
f 3529//2023 3535//2023 3527//2023
f 3527//2023 3521//2023 3525//2023
f 3525//2023 3521//2023 3524//2023
f 3470//2165 3467//2023 3537//2023
f 3521//2023 3517//2023 3519//2023
f 3471//2023 3473//2023 3467//2023
f 3517//2023 3511//2023 3516//2023
f 3516//2023 3511//2023 3513//2023
f 3521//2023 3511//2023 3517//2023
f 3527//2023 3509//2023 3521//2023
f 3521//2023 3509//2023 3511//2023
f 3477//2023 3479//2023 3475//2023
f 3481//2023 3483//2023 3479//2023
f 3479//2023 3483//2023 3475//2023
f 3509//2023 3503//2023 3507//2023
f 3507//2023 3503//2023 3505//2023
f 3537//2023 3501//2023 3535//2023
f 3535//2023 3501//2023 3527//2023
f 3467//2023 3501//2023 3537//2023
f 3527//2023 3501//2023 3509//2023
f 3509//2023 3501//2023 3503//2023
f 3485//2023 3487//2023 3483//2023
f 3473//2023 3499//2023 3467//2023
f 3467//2023 3499//2023 3501//2023
f 3489//2023 3491//2023 3487//2023
f 3475//2023 3491//2023 3473//2023
f 3487//2023 3491//2023 3483//2023
f 3483//2023 3491//2023 3475//2023
f 3499//2023 3493//2023 3497//2023
f 3497//2023 3493//2023 3495//2023
f 3491//2023 3493//2023 3473//2023
f 3473//2023 3493//2023 3499//2023
f 3550//4487 3465//4487 3466//4487
f 3550//4487 3466//4487 3551//4487
f 3549//4488 3551//4488 3552//4488
f 3549//4488 3550//4488 3551//4488
f 3548//4489 3552//4489 3553//4489
f 3548//4489 3549//4489 3552//4489
f 3547//4490 3553//4490 3554//4490
f 3547//4490 3548//4490 3553//4490
f 3546//4491 3554//4491 3555//4491
f 3546//4491 3547//4491 3554//4491
f 3545//4492 3555//4492 3556//4492
f 3545//4492 3546//4492 3555//4492
f 3544//4493 3556//4493 3557//4493
f 3544//4493 3545//4493 3556//4493
f 3542//4494 3557//4494 3558//4494
f 3542//4494 3544//4494 3557//4494
f 3540//4495 3559//61 3560//61
f 3540//4496 3558//4496 3559//4496
f 3540//4496 3542//4496 3558//4496
f 3539//4495 3540//4495 3560//61
f 3541//4497 3561//4498 3562//4498
f 3541//4499 3560//4499 3561//4499
f 3541//4499 3539//4499 3560//4499
f 3543//4497 3541//4497 3562//4498
f 3442//4500 3562//4500 3440//4500
f 3442//4500 3543//4500 3562//4500
f 3554//2009 3558//2009 3557//2009
f 3554//2009 3557//2009 3556//2009
f 3554//2009 3556//2009 3555//2009
f 3553//2009 3559//2009 3558//2009
f 3553//2009 3558//2009 3554//2009
f 3552//2009 3561//2009 3560//2009
f 3552//2009 3560//2009 3559//2009
f 3552//2009 3559//2009 3553//2009
f 3551//2009 3562//2009 3561//2009
f 3551//2009 3561//2009 3552//2009
f 3466//2009 3440//2009 3562//2009
f 3466//2009 3562//2009 3551//2009
f 3464//2009 3441//2009 3440//2009
f 3464//2009 3440//2009 3466//2009
f 3461//2009 3444//2009 3441//2009
f 3461//2009 3441//2009 3464//2009
f 3458//2009 3456//2009 3454//2009
f 3458//2009 3454//2009 3452//2009
f 3458//2009 3452//2009 3450//2009
f 3458//2009 3450//2009 3448//2009
f 3460//2009 3448//2009 3446//2009
f 3460//2009 3446//2009 3444//2009
f 3460//2009 3444//2009 3461//2009
f 3460//2009 3458//2009 3448//2009
f 3563//4501 3564//4501 3565//4501
f 3563//4501 3566//4501 3564//4501
f 3567//4502 3565//4503 3568//4503
f 3567//4502 3563//4502 3565//4503
f 3569//4504 3568//4504 3570//4504
f 3569//4504 3567//4505 3568//4504
f 3571//4506 3570//4506 3572//4506
f 3571//4506 3569//4506 3570//4506
f 3573//4507 3572//4507 3574//4507
f 3573//4507 3571//4507 3572//4507
f 3575//4508 3574//4508 3576//4508
f 3575//4508 3573//4508 3574//4508
f 3577//4509 3576//4509 3578//4509
f 3577//4509 3575//4509 3576//4509
f 3579//4510 3578//4510 3580//4510
f 3579//4510 3577//4510 3578//4510
f 3581//4511 3580//4511 3582//4511
f 3581//4511 3579//4512 3580//4511
f 3583//4513 3584//4513 3585//4513
f 3583//4514 3582//4514 3584//4514
f 3583//4514 3581//4514 3582//4514
f 3586//4513 3583//4513 3585//4513
f 3587//4515 3585//4515 3588//4515
f 3587//4515 3586//4515 3585//4515
f 3589//4516 3588//4516 3590//4516
f 3589//4516 3587//4516 3588//4516
f 3591//4517 3592//4517 3593//4517
f 3591//4517 3594//4517 3592//4517
f 3595//4518 3593//4518 3596//4518
f 3595//4518 3591//4518 3593//4518
f 3597//4519 3596//4519 3598//4519
f 3597//4519 3595//4519 3596//4519
f 3599//4520 3598//4520 3600//4521
f 3599//4520 3597//4520 3598//4520
f 3601//4522 3600//4522 3602//4522
f 3601//4522 3599//4522 3600//4522
f 3603//4523 3602//4523 3604//4523
f 3603//4523 3601//4523 3602//4523
f 3605//4524 3604//4524 3606//4524
f 3605//4524 3603//4524 3604//4524
f 3607//4525 3606//4525 3608//4525
f 3607//4525 3605//4525 3606//4525
f 3609//4526 3608//4526 3610//4526
f 3609//4526 3607//4526 3608//4526
f 3611//4527 3610//4527 3612//4527
f 3611//4527 3609//4527 3610//4527
f 3613//4528 3612//4528 3614//4528
f 3613//4528 3611//4528 3612//4528
f 3615//4529 3614//4529 3616//4529
f 3615//4529 3613//4530 3614//4529
f 3617//4531 3616//4531 3618//4531
f 3617//4531 3615//4531 3616//4531
f 3619//4532 3618//4532 3620//4532
f 3619//4532 3617//4532 3618//4532
f 3621//4533 3619//4533 3620//4533
f 3621//4533 3620//4533 3622//4533
f 3623//4534 3621//4534 3622//4534
f 3623//4534 3622//4534 3624//4534
f 3625//4535 3624//4535 3626//4535
f 3625//4535 3623//4535 3624//4535
f 3627//4536 3626//4536 3628//4536
f 3627//4536 3625//4536 3626//4536
f 3629//4537 3627//4537 3628//4537
f 3629//4537 3628//4537 3630//4537
f 3631//4538 3630//4538 3632//4538
f 3631//4538 3629//4538 3630//4538
f 3633//4539 3632//4539 3634//4539
f 3633//4539 3631//4539 3632//4539
f 3635//4540 3634//4540 3636//4540
f 3635//4540 3633//4540 3634//4540
f 3637//4541 3638//4541 3639//4541
f 3637//4542 3636//4542 3638//4542
f 3637//4542 3635//4542 3636//4542
f 3640//4541 3637//4541 3639//4541
f 3641//4543 3639//4543 3642//4543
f 3641//4543 3640//4543 3639//4543
f 3643//4544 3642//4544 3644//4544
f 3643//4544 3641//4544 3642//4544
f 3645//4545 3646//4545 3647//4545
f 3645//4546 3644//4546 3646//4546
f 3645//4546 3643//4546 3644//4546
f 3648//4545 3645//4545 3647//4545
f 3649//4547 3647//4547 3650//4547
f 3649//4547 3648//4547 3647//4547
f 3651//4548 3650//4548 3652//4548
f 3651//4548 3649//4548 3650//4548
f 3653//4549 3652//4549 3654//4550
f 3653//4549 3651//4549 3652//4549
f 3655//4551 3654//4551 3656//4551
f 3655//4551 3653//4551 3654//4551
f 3657//4552 3655//4552 3656//4552
f 3657//4552 3656//4552 3658//4552
f 3659//4553 3657//4553 3658//4553
f 3659//4553 3658//4553 3660//4553
f 3661//4554 3660//4554 3662//4554
f 3661//4554 3659//4554 3660//4554
f 3594//4555 3662//4555 3592//4555
f 3594//4555 3661//4555 3662//4555
f 3663//2009 3658//2009 3656//2009
f 3663//2009 3656//2009 3654//2009
f 3664//2009 3654//2009 3652//2009
f 3664//2009 3663//2009 3654//2009
f 3665//2009 3660//2009 3658//2009
f 3665//2009 3658//2009 3663//2009
f 3666//2009 3652//2009 3650//2009
f 3666//2009 3650//2009 3647//2009
f 3666//2009 3664//2009 3652//2009
f 3667//2009 3662//2009 3660//2009
f 3667//2009 3660//2009 3665//2009
f 3668//2009 3647//2009 3646//2009
f 3668//2009 3666//2009 3647//2009
f 3566//2009 3592//2009 3662//2009
f 3566//2009 3593//2009 3592//2009
f 3566//2009 3662//2009 3667//2009
f 3669//2009 3646//2009 3644//2009
f 3669//2009 3668//2009 3646//2009
f 3563//2009 3596//2009 3593//2009
f 3563//2009 3593//2009 3566//2009
f 3670//2009 3669//2009 3644//2009
f 3670//2009 3644//2009 3642//2009
f 3670//2009 3642//2009 3639//2009
f 3567//2009 3596//2009 3563//2009
f 3567//2009 3598//2009 3596//2009
f 3671//2009 3639//2009 3638//2009
f 3671//2009 3670//2009 3639//2009
f 3569//2009 3598//2009 3567//2009
f 3569//2009 3600//2009 3598//2009
f 3672//2009 3671//2009 3638//2009
f 3636//2009 3672//2009 3638//2009
f 3602//2009 3600//2009 3569//2009
f 3602//2009 3569//2009 3571//2009
f 3634//2009 3672//2009 3636//2009
f 3634//2009 3673//2009 3672//2009
f 3604//2009 3602//2009 3571//2009
f 3604//2009 3571//2009 3573//2009
f 3632//2009 3673//2009 3634//2009
f 3632//2009 3674//2009 3673//2009
f 3606//2009 3604//2009 3573//2009
f 3630//2009 3589//2009 3674//2009
f 3630//2009 3674//2009 3632//2009
f 3608//2009 3606//2009 3573//2009
f 3608//2009 3573//2009 3575//2009
f 3628//2009 3589//2009 3630//2009
f 3610//2009 3575//2009 3577//2009
f 3610//2009 3608//2009 3575//2009
f 3626//2009 3587//2009 3589//2009
f 3626//2009 3589//2009 3628//2009
f 3612//2009 3577//2009 3579//2009
f 3612//2009 3610//2009 3577//2009
f 3624//2009 3586//2009 3587//2009
f 3624//2009 3587//2009 3626//2009
f 3614//2009 3612//2009 3579//2009
f 3622//2009 3583//2009 3586//2009
f 3622//2009 3586//2009 3624//2009
f 3616//2009 3579//2009 3581//2009
f 3616//2009 3614//2009 3579//2009
f 3620//2009 3583//2009 3622//2009
f 3618//2009 3581//2009 3583//2009
f 3618//2009 3583//2009 3620//2009
f 3618//2009 3616//2009 3581//2009
f 3657//2023 3659//2023 3655//2023
f 3655//2023 3659//2023 3653//2023
f 3653//2023 3659//2023 3651//2023
f 3651//2023 3645//2023 3649//2023
f 3649//2023 3645//2023 3648//2023
f 3594//2023 3591//2023 3661//2023
f 3645//2023 3641//2023 3643//2023
f 3595//2023 3597//2023 3591//2023
f 3641//2023 3635//2023 3640//2023
f 3640//2023 3635//2023 3637//2023
f 3645//2023 3635//2023 3641//2023
f 3651//2023 3633//2023 3645//2023
f 3645//2023 3633//2023 3635//2023
f 3601//2023 3603//2023 3599//2023
f 3605//2023 3607//2023 3603//2023
f 3603//2023 3607//2023 3599//2023
f 3633//2023 3627//2023 3631//2023
f 3631//2023 3627//2023 3629//2023
f 3661//2023 3625//2023 3659//2023
f 3659//2023 3625//2023 3651//2023
f 3591//2023 3625//2023 3661//2023
f 3651//2023 3625//2023 3633//2023
f 3633//2023 3625//2023 3627//2023
f 3609//2023 3611//2023 3607//2023
f 3597//2023 3623//2023 3591//2023
f 3591//2023 3623//2023 3625//2023
f 3613//2023 3615//2023 3611//2023
f 3599//2023 3615//2023 3597//2023
f 3611//2023 3615//2023 3607//2023
f 3607//2023 3615//2023 3599//2023
f 3623//2023 3617//2023 3621//2023
f 3621//2023 3617//2023 3619//2023
f 3615//2023 3617//2023 3597//2023
f 3597//2023 3617//2023 3623//2023
f 3674//4556 3589//4556 3590//4556
f 3674//4556 3590//4556 3675//4556
f 3673//4557 3675//4558 3676//4558
f 3673//4557 3674//4557 3675//4558
f 3672//4559 3676//4559 3677//4560
f 3672//4559 3673//4559 3676//4559
f 3671//4561 3677//4561 3678//4561
f 3671//4561 3672//4561 3677//4561
f 3670//4562 3678//4562 3679//4562
f 3670//4562 3671//4562 3678//4562
f 3669//4563 3679//4563 3680//4563
f 3669//4563 3670//4563 3679//4563
f 3668//4564 3680//4564 3681//4564
f 3668//4564 3669//4564 3680//4564
f 3666//4565 3681//4565 3682//4565
f 3666//4565 3668//4565 3681//4565
f 3664//4566 3683//4566 3684//4566
f 3664//4567 3682//4567 3683//4568
f 3664//4567 3666//4567 3682//4567
f 3663//4566 3664//4566 3684//4566
f 3665//4569 3685//4569 3686//4569
f 3665//4570 3684//4570 3685//4570
f 3665//4570 3663//4570 3684//4570
f 3667//4569 3665//4569 3686//4569
f 3566//4571 3686//4571 3564//4571
f 3566//4571 3667//4571 3686//4571
f 3678//2009 3682//2009 3681//2009
f 3678//2009 3681//2009 3680//2009
f 3678//2009 3680//2009 3679//2009
f 3677//2009 3683//2009 3682//2009
f 3677//2009 3682//2009 3678//2009
f 3676//2009 3685//2009 3684//2009
f 3676//2009 3684//2009 3683//2009
f 3676//2009 3683//2009 3677//2009
f 3675//2009 3686//2009 3685//2009
f 3675//2009 3685//2009 3676//2009
f 3590//2009 3564//2009 3686//2009
f 3590//2009 3686//2009 3675//2009
f 3588//2009 3565//2009 3564//2009
f 3588//2009 3564//2009 3590//2009
f 3585//2009 3568//2009 3565//2009
f 3585//2009 3565//2009 3588//2009
f 3582//2009 3580//2009 3578//2009
f 3582//2009 3578//2009 3576//2009
f 3582//2009 3576//2009 3574//2009
f 3582//2009 3574//2009 3572//2009
f 3584//2009 3572//2009 3570//2009
f 3584//2009 3570//2009 3568//2009
f 3584//2009 3568//2009 3585//2009
f 3584//2009 3582//2009 3572//2009
f 3687//4572 3688//4572 3689//4572
f 3687//4572 3690//4572 3688//4572
f 3691//4573 3689//4573 3692//4573
f 3691//4573 3687//4573 3689//4573
f 3693//4574 3692//4574 3694//4574
f 3693//4574 3691//4574 3692//4574
f 3695//4575 3694//4575 3696//4575
f 3695//4575 3693//4575 3694//4575
f 3697//4576 3696//4576 3698//4576
f 3697//4576 3695//4576 3696//4576
f 3699//4358 3698//4358 3700//4358
f 3699//4358 3697//4358 3698//4358
f 3701//4577 3700//4577 3702//4577
f 3701//4577 3699//4577 3700//4577
f 3703//4578 3702//4578 3704//4578
f 3703//4578 3701//4578 3702//4578
f 3705//4579 3704//4579 3706//4579
f 3705//4579 3703//4579 3704//4579
f 3707//4580 3708//4580 3709//4580
f 3707//4581 3706//4581 3708//4581
f 3707//4581 3705//4581 3706//4581
f 3710//4580 3707//4580 3709//4580
f 3711//4582 3709//4582 3712//4582
f 3711//4582 3710//4582 3709//4582
f 3713//4583 3712//4583 3714//4583
f 3713//4583 3711//4583 3712//4583
f 3715//4584 3716//4584 3717//4584
f 3715//4584 3718//4584 3716//4584
f 3719//4585 3717//4585 3720//4585
f 3719//4585 3715//4586 3717//4585
f 3721//4587 3720//4587 3722//4587
f 3721//4587 3719//4587 3720//4587
f 3723//4588 3722//4588 3724//4588
f 3723//4588 3721//4588 3722//4588
f 3725//4589 3724//4589 3726//4589
f 3725//4589 3723//4589 3724//4589
f 3727//4590 3726//4590 3728//4590
f 3727//4590 3725//4590 3726//4590
f 3729//4591 3728//4591 3730//4591
f 3729//4591 3727//4591 3728//4591
f 3731//4592 3730//4592 3732//4592
f 3731//4592 3729//4592 3730//4592
f 3733//4593 3732//4593 3734//4593
f 3733//4593 3731//4593 3732//4593
f 3735//4594 3734//4594 3736//4594
f 3735//4594 3733//4594 3734//4594
f 3737//4595 3736//4595 3738//4595
f 3737//4595 3735//4595 3736//4595
f 3739//4596 3738//4596 3740//4596
f 3739//4596 3737//4597 3738//4596
f 3741//4598 3740//4598 3742//4598
f 3741//4598 3739//4598 3740//4598
f 3743//4599 3742//4599 3744//4599
f 3743//4599 3741//4599 3742//4599
f 3745//4600 3743//4600 3744//4600
f 3745//4600 3744//4600 3746//4600
f 3747//4601 3745//4602 3746//4601
f 3747//4601 3746//4601 3748//4601
f 3749//4603 3748//4603 3750//4603
f 3749//4603 3747//4603 3748//4603
f 3751//4604 3750//4604 3752//4604
f 3751//4604 3749//4604 3750//4604
f 3753//4605 3751//4605 3752//4605
f 3753//4605 3752//4605 3754//4605
f 3755//4606 3754//4606 3756//4607
f 3755//4606 3753//4606 3754//4606
f 3757//4608 3756//4608 3758//4608
f 3757//4608 3755//4608 3756//4608
f 3759//4609 3758//4609 3760//4609
f 3759//4609 3757//4609 3758//4609
f 3761//4610 3762//4610 3763//4610
f 3761//4611 3760//4611 3762//4611
f 3761//4611 3759//4611 3760//4611
f 3764//4610 3761//4610 3763//4610
f 3765//4612 3763//4612 3766//4612
f 3765//4612 3764//4612 3763//4612
f 3767//4613 3766//4613 3768//4613
f 3767//4613 3765//4613 3766//4613
f 3769//4614 3770//4614 3771//4614
f 3769//4615 3768//4615 3770//4615
f 3769//4615 3767//4615 3768//4615
f 3772//4614 3769//4614 3771//4614
f 3773//4616 3771//4616 3774//4616
f 3773//4616 3772//4616 3771//4616
f 3775//4617 3774//4617 3776//4618
f 3775//4617 3773//4617 3774//4617
f 3777//4619 3776//4619 3778//4619
f 3777//4619 3775//4619 3776//4619
f 3779//4620 3778//4620 3780//4620
f 3779//4620 3777//4620 3778//4620
f 3781//4621 3779//4621 3780//4621
f 3781//4621 3780//4621 3782//4621
f 3783//4622 3781//4622 3782//4622
f 3783//4622 3782//4622 3784//4623
f 3785//4624 3784//4624 3786//4624
f 3785//4624 3783//4624 3784//4624
f 3718//4625 3786//4625 3716//4625
f 3718//4625 3785//4625 3786//4625
f 3787//2023 3782//2023 3780//2023
f 3787//2023 3780//2023 3778//2023
f 3788//2023 3778//2023 3776//2023
f 3788//2023 3787//2023 3778//2023
f 3789//2023 3784//2023 3782//2023
f 3789//2023 3782//2023 3787//2023
f 3790//2023 3776//2023 3774//2023
f 3790//2023 3774//2023 3771//2023
f 3790//2023 3788//2023 3776//2023
f 3791//2023 3786//2023 3784//2023
f 3791//2023 3784//2023 3789//2023
f 3792//2023 3771//2023 3770//2023
f 3792//2023 3790//2023 3771//2023
f 3690//2023 3716//2023 3786//2023
f 3690//2023 3717//2023 3716//2023
f 3690//2023 3786//2023 3791//2023
f 3793//2023 3770//2023 3768//2023
f 3793//2023 3792//2023 3770//2023
f 3687//2023 3720//2023 3717//2023
f 3687//2023 3717//2023 3690//2023
f 3794//2023 3793//2023 3768//2023
f 3794//2023 3768//2023 3766//2023
f 3794//2023 3766//2023 3763//2023
f 3691//2023 3720//2023 3687//2023
f 3691//2023 3722//2023 3720//2023
f 3795//2023 3763//2023 3762//2023
f 3795//2023 3794//2023 3763//2023
f 3693//2023 3722//2023 3691//2023
f 3693//2023 3724//2023 3722//2023
f 3796//2023 3795//2023 3762//2023
f 3760//2023 3796//2023 3762//2023
f 3726//2023 3724//2023 3693//2023
f 3726//2023 3693//2023 3695//2023
f 3758//2023 3796//2023 3760//2023
f 3758//2023 3797//2023 3796//2023
f 3728//2023 3726//2023 3695//2023
f 3728//2023 3695//2023 3697//2023
f 3756//2023 3797//2023 3758//2023
f 3756//2023 3798//2023 3797//2023
f 3730//2023 3728//2023 3697//2023
f 3754//2023 3713//2023 3798//2023
f 3754//2023 3798//2023 3756//2023
f 3732//2023 3730//2023 3697//2023
f 3732//2023 3697//2023 3699//2023
f 3752//2023 3713//2023 3754//2023
f 3734//2023 3699//2023 3701//2023
f 3734//2023 3732//2023 3699//2023
f 3750//2023 3711//2023 3713//2023
f 3750//2023 3713//2023 3752//2023
f 3736//2023 3701//2023 3703//2023
f 3736//2023 3734//2023 3701//2023
f 3748//2023 3710//2023 3711//2023
f 3748//2023 3711//2023 3750//2023
f 3738//2023 3736//2023 3703//2023
f 3746//2023 3707//2023 3710//2023
f 3746//2023 3710//2023 3748//2023
f 3740//2023 3703//2023 3705//2023
f 3740//2023 3738//2023 3703//2023
f 3744//2023 3707//2023 3746//2023
f 3742//2023 3705//2023 3707//2023
f 3742//2023 3707//2023 3744//2023
f 3742//2023 3740//2023 3705//2023
f 3781//2009 3783//2009 3779//2009
f 3779//2009 3783//2009 3777//2009
f 3777//2009 3783//2009 3775//2009
f 3775//2009 3769//2009 3773//2009
f 3773//2009 3769//2009 3772//2009
f 3718//2009 3715//2009 3785//2009
f 3769//2009 3765//2009 3767//2009
f 3719//2009 3721//2009 3715//2009
f 3765//2009 3759//2009 3764//2009
f 3764//2009 3759//2009 3761//2009
f 3769//2009 3759//2009 3765//2009
f 3775//2009 3757//2009 3769//2009
f 3769//2009 3757//2009 3759//2009
f 3725//2009 3727//2009 3723//2009
f 3729//2009 3731//2009 3727//2009
f 3727//2009 3731//2009 3723//2009
f 3757//2009 3751//2009 3755//2009
f 3755//2009 3751//2009 3753//2014
f 3785//2009 3749//2009 3783//2009
f 3783//2009 3749//2009 3775//2009
f 3715//2009 3749//2009 3785//2009
f 3775//2009 3749//2009 3757//2009
f 3757//2009 3749//2009 3751//2009
f 3733//2009 3735//2009 3731//2009
f 3721//2009 3747//2009 3715//2009
f 3715//2009 3747//2009 3749//2009
f 3737//2009 3739//2009 3735//2009
f 3723//2009 3739//2009 3721//2009
f 3735//2009 3739//2009 3731//2009
f 3731//2009 3739//2009 3723//2009
f 3747//2009 3741//2009 3745//2009
f 3745//2009 3741//2009 3743//2014
f 3739//2009 3741//2009 3721//2009
f 3721//2009 3741//2009 3747//2009
f 3798//4626 3713//4626 3714//4626
f 3798//4626 3714//4626 3799//4626
f 3797//4627 3799//4627 3800//4627
f 3797//4627 3798//4627 3799//4627
f 3796//4628 3800//4628 3801//4628
f 3796//4628 3797//4628 3800//4628
f 3795//4629 3801//4629 3802//4629
f 3795//4629 3796//4629 3801//4629
f 3794//4630 3802//4630 3803//4630
f 3794//4630 3795//4630 3802//4630
f 3793//157 3803//157 3804//157
f 3793//157 3794//157 3803//157
f 3792//4631 3804//4631 3805//4631
f 3792//4631 3793//4631 3804//4631
f 3790//4632 3805//4632 3806//4632
f 3790//4632 3792//4632 3805//4632
f 3788//4633 3807//4633 3808//4633
f 3788//4634 3806//4634 3807//4634
f 3788//4634 3790//4634 3806//4634
f 3787//4633 3788//4633 3808//4633
f 3789//4635 3809//4635 3810//4635
f 3789//4636 3808//4636 3809//4636
f 3789//4636 3787//4636 3808//4636
f 3791//4635 3789//4635 3810//4635
f 3690//4637 3810//4637 3688//4637
f 3690//4637 3791//4637 3810//4637
f 3802//2023 3806//2023 3805//2023
f 3802//2023 3805//2023 3804//2023
f 3802//2023 3804//2023 3803//2023
f 3801//2023 3807//2023 3806//2023
f 3801//2023 3806//2023 3802//2023
f 3800//2023 3809//2023 3808//2023
f 3800//2023 3808//2023 3807//2023
f 3800//2023 3807//2023 3801//2023
f 3799//2023 3810//2023 3809//2023
f 3799//2023 3809//2023 3800//2023
f 3714//2023 3688//2023 3810//2023
f 3714//2023 3810//2023 3799//2023
f 3712//2023 3689//2023 3688//2023
f 3712//2023 3688//2023 3714//2023
f 3709//2023 3692//2023 3689//2023
f 3709//2023 3689//2023 3712//2023
f 3706//2023 3704//2023 3702//2023
f 3706//2023 3702//2023 3700//2023
f 3706//2023 3700//2023 3698//2023
f 3706//2023 3698//2023 3696//2023
f 3708//2023 3696//2023 3694//2023
f 3708//2023 3694//2023 3692//2023
f 3708//2023 3692//2023 3709//2023
f 3708//2023 3706//2023 3696//2023
f 3811//4638 3812//4638 3813//4638
f 3811//4638 3814//4638 3812//4638
f 3815//4639 3813//4639 3816//4639
f 3815//4639 3811//4639 3813//4639
f 3817//4640 3816//4640 3818//4640
f 3817//4640 3815//4640 3816//4640
f 3819//4641 3818//4641 3820//4641
f 3819//4641 3817//4641 3818//4641
f 3821//4642 3820//4642 3822//4642
f 3821//4642 3819//4642 3820//4642
f 3823//4643 3822//4643 3824//4643
f 3823//4643 3821//4643 3822//4643
f 3825//4644 3824//4644 3826//4644
f 3825//4644 3823//4645 3824//4644
f 3827//4646 3826//4646 3828//4646
f 3827//4646 3825//4646 3826//4646
f 3829//4647 3828//4647 3830//4647
f 3829//4647 3827//4647 3828//4647
f 3831//4648 3832//4648 3833//4648
f 3831//4649 3830//4649 3832//4649
f 3831//4649 3829//4649 3830//4649
f 3834//4648 3831//4648 3833//4648
f 3835//4650 3833//4650 3836//4650
f 3835//4650 3834//4650 3833//4650
f 3837//4651 3836//4651 3838//4651
f 3837//4651 3835//4651 3836//4651
f 3839//4652 3840//4652 3841//4652
f 3839//4652 3842//4652 3840//4652
f 3843//4653 3841//4653 3844//4653
f 3843//4653 3839//4653 3841//4653
f 3845//4654 3844//4654 3846//4654
f 3845//4654 3843//4654 3844//4654
f 3847//4655 3846//4655 3848//4655
f 3847//4655 3845//4655 3846//4655
f 3849//4656 3848//4656 3850//4656
f 3849//4656 3847//4656 3848//4656
f 3851//4657 3850//4657 3852//4657
f 3851//4657 3849//4657 3850//4657
f 3853//4658 3852//4658 3854//4658
f 3853//4658 3851//4658 3852//4658
f 3855//4659 3854//4659 3856//4659
f 3855//4659 3853//4659 3854//4659
f 3857//4660 3856//4660 3858//4660
f 3857//4660 3855//4660 3856//4660
f 3859//4661 3858//4661 3860//4661
f 3859//4661 3857//4661 3858//4661
f 3861//4662 3860//4662 3862//4662
f 3861//4662 3859//4662 3860//4662
f 3863//4663 3862//4663 3864//4663
f 3863//4663 3861//4663 3862//4663
f 3865//4664 3864//4664 3866//4664
f 3865//4664 3863//4664 3864//4664
f 3867//4665 3866//4665 3868//4665
f 3867//4665 3865//4665 3866//4665
f 3869//4666 3867//4666 3868//4666
f 3869//4666 3868//4666 3870//4666
f 3871//4667 3869//4667 3870//4667
f 3871//4667 3870//4667 3872//4667
f 3873//4668 3872//4668 3874//4668
f 3873//4668 3871//4668 3872//4668
f 3875//4669 3874//4669 3876//4669
f 3875//4669 3873//4669 3874//4669
f 3877//4670 3875//4670 3876//4670
f 3877//4670 3876//4670 3878//4670
f 3879//4671 3878//4671 3880//4671
f 3879//4671 3877//4671 3878//4671
f 3881//4672 3880//4672 3882//4672
f 3881//4672 3879//4672 3880//4672
f 3883//4673 3882//4673 3884//4673
f 3883//4673 3881//4673 3882//4673
f 3885//4674 3886//4674 3887//4674
f 3885//4675 3884//4675 3886//4675
f 3885//4675 3883//4675 3884//4675
f 3888//4674 3885//4674 3887//4674
f 3889//4676 3887//4676 3890//4676
f 3889//4676 3888//4676 3887//4676
f 3891//4677 3890//4677 3892//4677
f 3891//4677 3889//4677 3890//4677
f 3893//4678 3894//4678 3895//4678
f 3893//4679 3892//4679 3894//4679
f 3893//4679 3891//4679 3892//4679
f 3896//4678 3893//4678 3895//4678
f 3897//4680 3895//4680 3898//4680
f 3897//4680 3896//4680 3895//4680
f 3899//4681 3898//4681 3900//4681
f 3899//4681 3897//4681 3898//4681
f 3901//4682 3900//4682 3902//4682
f 3901//4682 3899//4682 3900//4682
f 3903//4683 3902//4683 3904//4683
f 3903//4683 3901//4683 3902//4683
f 3905//4684 3903//4684 3904//4684
f 3905//4684 3904//4684 3906//4684
f 3907//4685 3905//4685 3906//4685
f 3907//4685 3906//4685 3908//4685
f 3909//4686 3908//4686 3910//4686
f 3909//4686 3907//4686 3908//4686
f 3842//4687 3910//4687 3840//4687
f 3842//4687 3909//4687 3910//4687
f 3911//2023 3906//2023 3904//2023
f 3911//2023 3904//2023 3902//2023
f 3912//2023 3902//2023 3900//2023
f 3912//2023 3911//2023 3902//2023
f 3913//2023 3908//2023 3906//2023
f 3913//2023 3906//2023 3911//2023
f 3914//2023 3900//2023 3898//2023
f 3914//2023 3898//2023 3895//2023
f 3914//2023 3912//2023 3900//2023
f 3915//2023 3910//2023 3908//2023
f 3915//2023 3908//2023 3913//2023
f 3916//2023 3895//2023 3894//2023
f 3916//2023 3914//2023 3895//2023
f 3814//2023 3840//2023 3910//2023
f 3814//2023 3841//2023 3840//2023
f 3814//2023 3910//2023 3915//2023
f 3917//2023 3894//2023 3892//2023
f 3917//2023 3916//2023 3894//2023
f 3811//2023 3844//2023 3841//2023
f 3811//2023 3841//2023 3814//2023
f 3918//2023 3917//2023 3892//2023
f 3918//2023 3892//2023 3890//2023
f 3918//2023 3890//2023 3887//2023
f 3815//2023 3844//2023 3811//2023
f 3815//2023 3846//2023 3844//2023
f 3919//2023 3887//2023 3886//2023
f 3919//2023 3918//2023 3887//2023
f 3817//2023 3846//2023 3815//2023
f 3817//2023 3848//2023 3846//2023
f 3920//2023 3919//2023 3886//2023
f 3884//2023 3920//2023 3886//2023
f 3850//2023 3848//2023 3817//2023
f 3850//2023 3817//2023 3819//2023
f 3882//2023 3920//2023 3884//2023
f 3882//2023 3921//2023 3920//2023
f 3852//2023 3850//2023 3819//2023
f 3852//2023 3819//2023 3821//2023
f 3880//2023 3921//2023 3882//2023
f 3880//2023 3922//2023 3921//2023
f 3854//2023 3852//2023 3821//2023
f 3878//2023 3837//2023 3922//2023
f 3878//2023 3922//2023 3880//2023
f 3856//2023 3854//2023 3821//2023
f 3856//2023 3821//2023 3823//2023
f 3876//2023 3837//2023 3878//2023
f 3858//2023 3823//2023 3825//2023
f 3858//2023 3856//2023 3823//2023
f 3874//2023 3835//2023 3837//2023
f 3874//2023 3837//2023 3876//2023
f 3860//2023 3825//2023 3827//2023
f 3860//2023 3858//2023 3825//2023
f 3872//2023 3834//2023 3835//2023
f 3872//2023 3835//2023 3874//2023
f 3862//2023 3860//2023 3827//2023
f 3870//2023 3831//2023 3834//2023
f 3870//2023 3834//2023 3872//2023
f 3864//2023 3827//2023 3829//2023
f 3864//2023 3862//2023 3827//2023
f 3868//2023 3831//2023 3870//2023
f 3866//2023 3829//2023 3831//2023
f 3866//2023 3831//2023 3868//2023
f 3866//2023 3864//2023 3829//2023
f 3905//2009 3907//2009 3903//2009
f 3903//2009 3907//2009 3901//2009
f 3901//2009 3907//2009 3899//2009
f 3899//2009 3893//2009 3897//2009
f 3897//2009 3893//2009 3896//2009
f 3842//2009 3839//2009 3909//2009
f 3893//2009 3889//2009 3891//2014
f 3843//2009 3845//2009 3839//2009
f 3889//2009 3883//2009 3888//2009
f 3888//2009 3883//2009 3885//2009
f 3893//2009 3883//2009 3889//2009
f 3899//2009 3881//2009 3893//2009
f 3893//2009 3881//2009 3883//2009
f 3849//2009 3851//2009 3847//2009
f 3853//2009 3855//2009 3851//2009
f 3851//2009 3855//2009 3847//2009
f 3881//2009 3875//2009 3879//2009
f 3879//2009 3875//2009 3877//2009
f 3909//2009 3873//2009 3907//2009
f 3907//2009 3873//2009 3899//2009
f 3839//2009 3873//2009 3909//2009
f 3899//2009 3873//2009 3881//2009
f 3881//2009 3873//2009 3875//2009
f 3857//2009 3859//2009 3855//2009
f 3845//2009 3871//2009 3839//2009
f 3839//2009 3871//2009 3873//2009
f 3861//2009 3863//2009 3859//2009
f 3847//2009 3863//2009 3845//2009
f 3859//2009 3863//2009 3855//2009
f 3855//2009 3863//2009 3847//2009
f 3871//2009 3865//2009 3869//2009
f 3869//2009 3865//2009 3867//2015
f 3863//2009 3865//2009 3845//2009
f 3845//2009 3865//2009 3871//2009
f 3922//4688 3837//4688 3838//4688
f 3922//4688 3838//4688 3923//4688
f 3921//4689 3923//4689 3924//4689
f 3921//4689 3922//4689 3923//4689
f 3920//4690 3924//4690 3925//4690
f 3920//4690 3921//4690 3924//4690
f 3919//4691 3925//4691 3926//4691
f 3919//4691 3920//4691 3925//4691
f 3918//4692 3926//4692 3927//4692
f 3918//4692 3919//4692 3926//4692
f 3917//4693 3927//4693 3928//4693
f 3917//4693 3918//4693 3927//4693
f 3916//4694 3928//4694 3929//4695
f 3916//4694 3917//4694 3928//4694
f 3914//4696 3929//4696 3930//4696
f 3914//4696 3916//4696 3929//4696
f 3912//4697 3931//4697 3932//4697
f 3912//4698 3930//4698 3931//4698
f 3912//4698 3914//4698 3930//4698
f 3911//4697 3912//4697 3932//4697
f 3913//4699 3933//4699 3934//4699
f 3913//4700 3932//4700 3933//4700
f 3913//4700 3911//4700 3932//4700
f 3915//4699 3913//4699 3934//4699
f 3814//4701 3934//4701 3812//4701
f 3814//4701 3915//4701 3934//4701
f 3926//2023 3930//2023 3929//2023
f 3926//2023 3929//2023 3928//2023
f 3926//2023 3928//2023 3927//4433
f 3925//2023 3931//2023 3930//2023
f 3925//2023 3930//2023 3926//2023
f 3924//2023 3933//2023 3932//2023
f 3924//2023 3932//2023 3931//2023
f 3924//2023 3931//2023 3925//2023
f 3923//2023 3934//2023 3933//2023
f 3923//2023 3933//2023 3924//2023
f 3838//2023 3812//2023 3934//2023
f 3838//2023 3934//2023 3923//2023
f 3836//2023 3813//2023 3812//2023
f 3836//2023 3812//2023 3838//2023
f 3833//2023 3816//2023 3813//2023
f 3833//2023 3813//2023 3836//2023
f 3830//2023 3828//2023 3826//2023
f 3830//2023 3826//2023 3824//2023
f 3830//2023 3824//2023 3822//2023
f 3830//2023 3822//2023 3820//2023
f 3832//2023 3820//2023 3818//2023
f 3832//2023 3818//2023 3816//2023
f 3832//2023 3816//2023 3833//2023
f 3832//2023 3830//2023 3820//2023
