# Blender 5.2.0 LTS
# www.blender.org
mtllib shouler_link.mtl
o shoulder_link
v -0.036693 0.215750 -0.033996
v -0.035268 0.213100 -0.034377
v -0.035268 0.215750 -0.034377
v -0.034225 0.213100 -0.035421
v -0.034225 0.215750 -0.035421
v -0.033843 0.213100 -0.036846
v -0.033843 0.215750 -0.036846
v -0.034225 0.213100 -0.038271
v -0.034225 0.215750 -0.038271
v -0.035268 0.213100 -0.039314
v -0.035268 0.215750 -0.039314
v -0.036693 0.213100 -0.039696
v -0.036693 0.215750 -0.039696
v -0.038118 0.213100 -0.039314
v -0.038118 0.215750 -0.039314
v -0.039162 0.213100 -0.038271
v -0.039162 0.215750 -0.038271
v -0.039543 0.213100 -0.036846
v -0.039543 0.215750 -0.036846
v -0.039162 0.213100 -0.035421
v -0.039162 0.215750 -0.035421
v -0.038118 0.213100 -0.034377
v -0.038118 0.215750 -0.034377
v -0.036693 0.213100 -0.033996
v 0.036846 0.215750 -0.033843
v 0.038271 0.213100 -0.034225
v 0.038271 0.215750 -0.034225
v 0.039314 0.213100 -0.035268
v 0.039314 0.215750 -0.035268
v 0.039696 0.213100 -0.036693
v 0.039696 0.215750 -0.036693
v 0.039314 0.213100 -0.038118
v 0.039314 0.215750 -0.038118
v 0.038271 0.213100 -0.039162
v 0.038271 0.215750 -0.039162
v 0.036846 0.213100 -0.039543
v 0.036846 0.215750 -0.039543
v 0.035421 0.213100 -0.039162
v 0.035421 0.215750 -0.039162
v 0.034377 0.213100 -0.038118
v 0.034377 0.215750 -0.038118
v 0.033996 0.213100 -0.036693
v 0.033996 0.215750 -0.036693
v 0.034377 0.213100 -0.035268
v 0.034377 0.215750 -0.035268
v 0.035421 0.213100 -0.034225
v 0.035421 0.215750 -0.034225
v 0.036846 0.213100 -0.033843
v 0.036693 0.215750 0.039696
v 0.038118 0.213100 0.039314
v 0.038118 0.215750 0.039314
v 0.039162 0.213100 0.038271
v 0.039162 0.215750 0.038271
v 0.039543 0.213100 0.036846
v 0.039543 0.215750 0.036846
v 0.039162 0.213100 0.035421
v 0.039162 0.215750 0.035421
v 0.038118 0.213100 0.034377
v 0.038118 0.215750 0.034377
v 0.036693 0.213100 0.033996
v 0.036693 0.215750 0.033996
v 0.035268 0.213100 0.034377
v 0.035268 0.215750 0.034377
v 0.034225 0.213100 0.035421
v 0.034225 0.215750 0.035421
v 0.033843 0.213100 0.036846
v 0.033843 0.215750 0.036846
v 0.034225 0.213100 0.038271
v 0.034225 0.215750 0.038271
v 0.035268 0.213100 0.039314
v 0.035268 0.215750 0.039314
v 0.036693 0.213100 0.039696
v -0.036846 0.215750 0.039543
v -0.035421 0.213100 0.039162
v -0.035421 0.215750 0.039162
v -0.034377 0.213100 0.038118
v -0.034377 0.215750 0.038118
v -0.033996 0.213100 0.036693
v -0.033996 0.215750 0.036693
v -0.034377 0.213100 0.035268
v -0.034377 0.215750 0.035268
v -0.035421 0.213100 0.034225
v -0.035421 0.215750 0.034225
v -0.036846 0.213100 0.033843
v -0.036846 0.215750 0.033843
v -0.038271 0.213100 0.034225
v -0.038271 0.215750 0.034225
v -0.039314 0.213100 0.035268
v -0.039314 0.215750 0.035268
v -0.039696 0.213100 0.036693
v -0.039696 0.215750 0.036693
v -0.039314 0.213100 0.038118
v -0.039314 0.215750 0.038118
v -0.038271 0.213100 0.039162
v -0.038271 0.215750 0.039162
v -0.036846 0.213100 0.039543
v 0.055000 0.079000 -0.000000
v 0.055000 0.075000 -0.000000
v 0.054064 0.075000 -0.010106
v 0.054064 0.079000 -0.010106
v 0.051286 0.075000 -0.019868
v 0.051286 0.079000 -0.019868
v 0.046762 0.075000 -0.028954
v 0.046762 0.079000 -0.028954
v 0.040645 0.075000 -0.037053
v 0.040645 0.079000 -0.037053
v 0.033145 0.075000 -0.043891
v 0.033145 0.079000 -0.043891
v 0.024516 0.075000 -0.049234
v 0.024516 0.079000 -0.049234
v 0.015051 0.075000 -0.052900
v 0.015051 0.079000 -0.052900
v 0.005075 0.075000 -0.054765
v 0.005075 0.079000 -0.054765
v -0.005075 0.075000 -0.054765
v -0.005075 0.079000 -0.054765
v -0.015051 0.075000 -0.052900
v -0.015051 0.079000 -0.052900
v -0.024516 0.075000 -0.049234
v -0.024516 0.079000 -0.049234
v -0.033145 0.075000 -0.043891
v -0.033145 0.079000 -0.043891
v -0.040645 0.075000 -0.037053
v -0.040645 0.079000 -0.037053
v -0.046762 0.075000 -0.028954
v -0.046762 0.079000 -0.028954
v -0.051286 0.075000 -0.019868
v -0.051286 0.079000 -0.019868
v -0.054064 0.075000 -0.010106
v -0.054064 0.079000 -0.010106
v -0.055000 0.075000 0.000000
v -0.055000 0.079000 0.000000
v 0.020001 0.074300 0.011356
v 0.020001 0.075000 0.011356
v 0.015992 0.075000 0.016531
v 0.015992 0.074300 0.016531
v 0.010687 0.075000 0.020367
v 0.010687 0.074300 0.020367
v 0.004516 0.075000 0.022552
v 0.004516 0.074300 0.022552
v -0.002021 0.075000 0.022911
v -0.002021 0.074300 0.022911
v -0.008394 0.075000 0.021414
v -0.008394 0.074300 0.021414
v -0.014087 0.075000 0.018181
v -0.014087 0.074300 0.018181
v -0.018638 0.075000 0.013476
v -0.018638 0.074300 0.013476
v -0.021680 0.075000 0.007679
v -0.021680 0.074300 0.007679
v -0.022965 0.075000 0.001260
v -0.022965 0.074300 0.001260
v -0.022390 0.075000 -0.005261
v -0.022390 0.074300 -0.005261
v -0.020001 0.075000 -0.011356
v -0.020001 0.074300 -0.011356
v 0.019740 0.074000 0.011208
v 0.015783 0.074000 0.016315
v 0.010547 0.074000 0.020101
v 0.004457 0.074000 0.022258
v -0.001995 0.074000 0.022612
v -0.008284 0.074000 0.021134
v -0.013903 0.074000 0.017944
v -0.018395 0.074000 0.013300
v -0.021397 0.074000 0.007579
v -0.022666 0.074000 0.001244
v -0.022098 0.074000 -0.005192
v -0.019740 0.074000 -0.011208
v -0.002609 0.075000 -0.001481
v -0.003478 0.074000 -0.001975
v -0.001519 0.075000 -0.002587
v -0.002025 0.074000 -0.003450
v -0.000022 0.075000 -0.003000
v -0.000029 0.074000 -0.004000
v 0.001481 0.075000 -0.002609
v 0.001975 0.074000 -0.003478
v 0.002587 0.075000 -0.001519
v 0.003450 0.074000 -0.002025
v 0.003000 0.075000 -0.000022
v 0.004000 0.074000 -0.000029
v 0.002609 0.075000 0.001481
v 0.003478 0.074000 0.001975
v -0.057500 0.213100 -0.000000
v -0.057500 0.212997 -0.000000
v -0.056521 0.212997 0.010566
v -0.056521 0.213100 0.010566
v -0.053617 0.212997 0.020771
v -0.053617 0.213100 0.020771
v -0.048887 0.212997 0.030270
v -0.048887 0.213100 0.030270
v -0.042493 0.212997 0.038737
v -0.042493 0.213100 0.038737
v -0.034651 0.212997 0.045886
v -0.034651 0.213100 0.045886
v -0.025630 0.212997 0.051472
v -0.025630 0.213100 0.051472
v -0.015736 0.212997 0.055305
v -0.015736 0.213100 0.055305
v -0.005305 0.212997 0.057255
v -0.005305 0.213100 0.057255
v 0.005305 0.212997 0.057255
v 0.005305 0.213100 0.057255
v 0.015736 0.212997 0.055305
v 0.015736 0.213100 0.055305
v 0.025630 0.212997 0.051472
v 0.025630 0.213100 0.051472
v 0.034651 0.212997 0.045886
v 0.034651 0.213100 0.045886
v 0.042493 0.212997 0.038737
v 0.042493 0.213100 0.038737
v 0.048887 0.212997 0.030270
v 0.048887 0.213100 0.030270
v 0.053617 0.212997 0.020771
v 0.053617 0.213100 0.020771
v 0.056521 0.212997 0.010566
v 0.056521 0.213100 0.010566
v 0.057500 0.212997 0.000000
v 0.057500 0.213100 0.000000
v -0.058000 0.212497 -0.000000
v -0.057868 0.212497 0.001428
v -0.057012 0.212497 0.010657
v -0.056666 0.212497 0.011874
v -0.054083 0.212497 0.020952
v -0.053595 0.212497 0.021933
v -0.049313 0.212497 0.030533
v -0.048754 0.212497 0.031273
v -0.042863 0.212497 0.039074
v -0.042302 0.212497 0.039586
v -0.034953 0.212497 0.046285
v -0.034451 0.212497 0.046596
v -0.025853 0.212497 0.051919
v -0.025460 0.212497 0.052072
v -0.015872 0.212497 0.055786
v -0.015624 0.212497 0.055832
v 0.005267 0.212497 0.057753
v -0.005267 0.212497 0.057753
v -0.005352 0.212497 0.057753
v 0.005352 0.212497 0.057753
v 0.015624 0.212497 0.055832
v 0.015872 0.212497 0.055786
v 0.025460 0.212497 0.052072
v 0.025853 0.212497 0.051919
v 0.034451 0.212497 0.046596
v 0.034953 0.212497 0.046285
v 0.042302 0.212497 0.039586
v 0.042863 0.212497 0.039074
v 0.048754 0.212497 0.031273
v 0.049313 0.212497 0.030533
v 0.053595 0.212497 0.021933
v 0.054083 0.212497 0.020952
v 0.056666 0.212497 0.011874
v 0.057012 0.212497 0.010657
v 0.057868 0.212497 0.001428
v 0.058000 0.212497 0.000000
v 0.046903 0.192302 0.034119
v 0.048780 0.190322 0.031297
v 0.057984 0.165887 0.001355
v 0.058000 0.152000 0.000000
v 0.057995 0.152762 0.000762
v 0.057982 0.164433 0.001438
v 0.057982 0.153438 0.001438
v 0.057980 0.162953 0.001523
v 0.057980 0.153523 0.001523
v 0.057781 0.172816 0.005037
v 0.057811 0.172413 0.004620
v 0.057905 0.171149 0.003316
v 0.057956 0.169600 0.002249
v 0.057978 0.167845 0.001598
v 0.057982 0.166556 0.001438
v 0.055756 0.180057 0.015811
v 0.056563 0.178165 0.012831
v 0.056734 0.177558 0.011897
v 0.057042 0.176469 0.010221
v 0.057431 0.175090 0.008101
v 0.053665 0.184024 0.021970
v 0.053920 0.183570 0.021269
v 0.055307 0.181109 0.017468
v 0.050219 0.188739 0.029019
v 0.051249 0.187471 0.027157
v 0.049601 0.189457 0.030063
v 0.050210 0.188749 0.029034
v 0.051548 0.187050 0.026523
v 0.053563 0.184204 0.022248
v 0.040392 0.197812 0.041623
v 0.042009 0.196539 0.039918
v 0.042310 0.196302 0.039600
v 0.043711 0.195199 0.038123
v 0.046680 0.192505 0.034399
v 0.030568 0.203791 0.049237
v 0.032447 0.202844 0.048075
v 0.025456 0.206139 0.052072
v 0.027252 0.205369 0.051154
v 0.028496 0.204835 0.050517
v 0.033695 0.202113 0.047153
v 0.034447 0.201672 0.046597
v 0.036408 0.200523 0.045149
v 0.036664 0.200349 0.044923
v 0.016400 0.209196 0.055606
v 0.020023 0.208158 0.054434
v 0.020167 0.208107 0.054375
v 0.023779 0.206821 0.052880
v 0.024287 0.206640 0.052670
v 0.011211 0.210378 0.056906
v 0.012494 0.210099 0.056601
v 0.015628 0.209415 0.055854
v 0.015653 0.209410 0.055848
v -0.003929 0.211288 0.057821
v -0.001880 0.211449 0.057970
v 0.000213 0.211440 0.057962
v 0.002304 0.211431 0.057954
v 0.004357 0.211258 0.057792
v 0.005264 0.211181 0.057720
v 0.006821 0.211049 0.057597
v 0.008462 0.210798 0.057339
v -0.012060 0.210191 0.056701
v -0.011208 0.210379 0.056907
v -0.008023 0.210858 0.057399
v -0.006503 0.211086 0.057634
v -0.005265 0.211183 0.057724
v -0.023434 0.206928 0.053002
v -0.020567 0.207982 0.054231
v -0.019802 0.208206 0.054485
v -0.016003 0.209319 0.055747
v -0.015968 0.209329 0.055759
v -0.015625 0.209405 0.055841
v -0.033349 0.202345 0.047454
v -0.030258 0.203953 0.049436
v -0.029215 0.204496 0.050105
v -0.026920 0.205511 0.051323
v -0.025467 0.206154 0.052094
v -0.025112 0.206311 0.052282
v -0.040776 0.197528 0.041247
v -0.037195 0.200020 0.044503
v -0.036442 0.200476 0.045081
v -0.034453 0.201678 0.046607
v -0.033460 0.202278 0.047368
v -0.047436 0.191773 0.033374
v -0.046550 0.192600 0.034524
v -0.044366 0.194639 0.037358
v -0.042302 0.196299 0.039594
v -0.041866 0.196651 0.040067
v -0.053630 0.184021 0.021955
v -0.052413 0.185914 0.024837
v -0.051532 0.187047 0.026515
v -0.050206 0.188754 0.029041
v -0.050158 0.188809 0.029123
v -0.048770 0.190321 0.031291
v -0.055991 0.179622 0.015133
v -0.055772 0.180059 0.015815
v -0.054351 0.182901 0.020249
v -0.053920 0.183569 0.021267
v -0.057982 0.167007 0.001446
v -0.057969 0.168831 0.001900
v -0.057935 0.170399 0.002735
v -0.057839 0.172186 0.004321
v -0.057811 0.172426 0.004617
v -0.057627 0.174006 0.006564
v -0.057115 0.176414 0.010093
v -0.057086 0.176498 0.010225
v -0.056714 0.177559 0.011891
v -0.057982 0.166770 0.001438
v -0.058000 0.152000 -0.000000
v -0.057980 0.153523 0.001523
v -0.057980 0.162953 0.001523
v -0.057982 0.153438 0.001438
v -0.057982 0.163859 0.001438
v -0.057995 0.152762 0.000762
v -0.057984 0.164579 0.001371
v -0.057982 0.166550 0.001432
v 0.006503 0.092914 0.057634
v 0.005265 0.092817 0.057724
v 0.005242 0.079503 0.057532
v -0.046903 0.111698 0.034119
v -0.048780 0.113678 0.031297
v -0.048682 0.079503 0.031243
v -0.057984 0.138113 0.001355
v -0.058000 0.079503 -0.000000
v -0.057995 0.151238 0.000762
v -0.057982 0.139567 0.001438
v -0.057982 0.150562 0.001438
v -0.057980 0.141047 0.001523
v -0.057980 0.150477 0.001523
v -0.057781 0.131184 0.005037
v -0.057811 0.131587 0.004620
v -0.057932 0.079503 0.001436
v -0.057905 0.132851 0.003316
v -0.057956 0.134400 0.002249
v -0.057978 0.136155 0.001598
v -0.057982 0.137444 0.001438
v -0.055756 0.123943 0.015811
v -0.056563 0.125835 0.012831
v -0.056574 0.079503 0.011868
v -0.056734 0.126442 0.011897
v -0.057744 0.079503 0.005443
v -0.057042 0.127531 0.010221
v -0.057431 0.128910 0.008101
v -0.053510 0.079503 0.021913
v -0.053665 0.119976 0.021970
v -0.055956 0.079503 0.015263
v -0.053920 0.120430 0.021269
v -0.055307 0.122891 0.017468
v -0.050219 0.115261 0.029019
v -0.051249 0.116529 0.027157
v -0.052510 0.079503 0.024631
v -0.049601 0.114543 0.030063
v -0.050210 0.115251 0.029034
v -0.051548 0.116950 0.026523
v -0.053563 0.119796 0.022248
v -0.040392 0.106188 0.041623
v -0.042009 0.107461 0.039918
v -0.042249 0.079503 0.039552
v -0.042310 0.107698 0.039600
v -0.047509 0.079503 0.033270
v -0.043711 0.108801 0.038123
v -0.046680 0.111495 0.034399
v -0.032447 0.101156 0.048075
v -0.034418 0.079503 0.046568
v -0.030568 0.100209 0.049237
v -0.028496 0.099165 0.050517
v -0.033695 0.101887 0.047153
v -0.034447 0.102328 0.046597
v -0.041101 0.079503 0.040923
v -0.036408 0.103477 0.045149
v -0.036664 0.103651 0.044923
v -0.027252 0.098631 0.051154
v -0.033476 0.079503 0.047364
v -0.025456 0.097861 0.052072
v -0.025446 0.079503 0.052059
v -0.024287 0.097360 0.052670
v -0.020023 0.095842 0.054434
v -0.020167 0.095893 0.054375
v -0.023779 0.097179 0.052880
v -0.008462 0.093202 0.057339
v -0.015506 0.079503 0.055889
v -0.005694 0.079503 0.057720
v -0.011211 0.093622 0.056906
v -0.012494 0.093901 0.056601
v -0.015624 0.079503 0.055845
v -0.015628 0.094585 0.055854
v -0.024859 0.079503 0.052402
v -0.015653 0.094590 0.055848
v -0.016400 0.094804 0.055606
v -0.000864 0.081269 0.057994
v -0.000757 0.081665 0.057995
v -0.005264 0.092819 0.057720
v -0.000895 0.079503 0.057993
v -0.005266 0.079503 0.057744
v -0.006821 0.092951 0.057597
v -0.000594 0.081842 0.057997
v -0.000485 0.081959 0.057998
v -0.004357 0.092742 0.057792
v -0.000100 0.082096 0.058000
v -0.002304 0.092569 0.057954
v -0.000213 0.092560 0.057962
v -0.000017 0.082100 0.058000
v 0.001880 0.092551 0.057970
v 0.000017 0.082100 0.058000
v 0.003929 0.092712 0.057821
v 0.000412 0.082002 0.057999
v 0.000596 0.081840 0.057997
v 0.000713 0.081737 0.057996
v 0.000858 0.081356 0.057994
v 0.000864 0.081269 0.057994
v 0.001153 0.079503 0.057989
v 0.000895 0.079503 0.057993
v 0.008023 0.093142 0.057399
v 0.011656 0.079503 0.056817
v 0.011208 0.093621 0.056907
v 0.015562 0.079503 0.055636
v 0.012060 0.093809 0.056701
v 0.020567 0.096018 0.054231
v 0.025369 0.079503 0.051904
v 0.023434 0.097072 0.053002
v 0.025112 0.097689 0.052282
v 0.019802 0.095794 0.054485
v 0.016003 0.094681 0.055747
v 0.021772 0.079503 0.053759
v 0.015968 0.094671 0.055759
v 0.015625 0.094595 0.055841
v 0.033349 0.101655 0.047454
v 0.030258 0.100047 0.049436
v 0.034339 0.079503 0.046460
v 0.029215 0.099504 0.050105
v 0.031165 0.079503 0.048916
v 0.026920 0.098489 0.051323
v 0.025467 0.097846 0.052094
v 0.040776 0.106472 0.041247
v 0.037195 0.103980 0.044503
v 0.042177 0.079503 0.039483
v 0.036442 0.103524 0.045081
v 0.039523 0.079503 0.042449
v 0.034453 0.102322 0.046607
v 0.033460 0.101722 0.047368
v 0.046550 0.111400 0.034524
v 0.044366 0.109361 0.037358
v 0.048623 0.079503 0.031203
v 0.046570 0.079503 0.034573
v 0.042302 0.107701 0.039594
v 0.041866 0.107349 0.040067
v 0.053619 0.119980 0.021950
v 0.052500 0.118208 0.024652
v 0.053466 0.079503 0.021894
v 0.051527 0.116952 0.026513
v 0.050206 0.115246 0.029041
v 0.050158 0.115191 0.029123
v 0.048770 0.113679 0.031291
v 0.047436 0.112227 0.033374
v 0.052070 0.079503 0.025549
v 0.056117 0.124679 0.014658
v 0.055759 0.123942 0.015811
v 0.056545 0.079503 0.011862
v 0.054558 0.121467 0.019682
v 0.053904 0.120431 0.021261
v 0.055841 0.079503 0.015677
v 0.057982 0.136985 0.001447
v 0.057969 0.135160 0.001904
v 0.057934 0.079503 0.001436
v 0.057935 0.133593 0.002741
v 0.057854 0.132011 0.004113
v 0.057808 0.131589 0.004620
v 0.057657 0.130188 0.006301
v 0.057219 0.127984 0.009484
v 0.057759 0.079503 0.005284
v 0.057062 0.127513 0.010221
v 0.056707 0.126447 0.011890
v 0.057982 0.137267 0.001438
v 0.058000 0.079503 0.000000
v 0.057980 0.150477 0.001523
v 0.057980 0.141047 0.001523
v 0.057982 0.150562 0.001438
v 0.057982 0.140136 0.001438
v 0.057995 0.151238 0.000762
v 0.057984 0.139410 0.001371
v 0.057982 0.137449 0.001432
v -0.000825 0.079471 -0.057963
v -0.000813 0.079460 -0.057951
v -0.000806 0.079438 -0.057929
v -0.000859 0.079494 -0.057985
v -0.000844 0.079489 -0.057980
v -0.000895 0.079503 -0.057993
v -0.000882 0.079502 -0.057992
v -0.005221 0.079003 -0.057246
v -0.000795 0.079402 -0.057893
v -0.000801 0.079057 -0.057549
v -0.000792 0.079021 -0.057513
v -0.000787 0.079003 -0.057495
v -0.057500 0.079003 -0.000000
v -0.057433 0.079003 -0.001424
v -0.057932 0.079503 -0.001436
v -0.057246 0.079003 -0.005396
v -0.057744 0.079503 -0.005443
v -0.056086 0.079003 -0.011765
v -0.056574 0.079503 -0.011868
v -0.055473 0.079003 -0.015132
v -0.055956 0.079503 -0.015263
v -0.053049 0.079003 -0.021724
v -0.053510 0.079503 -0.021913
v -0.052057 0.079003 -0.024419
v -0.052510 0.079503 -0.024631
v -0.048263 0.079003 -0.030974
v -0.048682 0.079503 -0.031243
v -0.047100 0.079003 -0.032983
v -0.047509 0.079503 -0.033270
v -0.041884 0.079003 -0.039212
v -0.042249 0.079503 -0.039552
v -0.040747 0.079003 -0.040570
v -0.041101 0.079503 -0.040923
v -0.034121 0.079003 -0.046167
v -0.034418 0.079503 -0.046568
v -0.033187 0.079003 -0.046956
v -0.033476 0.079503 -0.047364
v -0.025226 0.079003 -0.051611
v -0.025446 0.079503 -0.052059
v -0.024645 0.079003 -0.051951
v -0.024859 0.079503 -0.052402
v -0.015490 0.079003 -0.055363
v -0.015624 0.079503 -0.055845
v -0.015373 0.079003 -0.055407
v -0.015506 0.079503 -0.055889
v -0.005694 0.079503 -0.057720
v -0.005266 0.079503 -0.057744
v -0.005645 0.079003 -0.057222
v -0.057500 0.079000 -0.000000
v -0.057482 0.079000 0.001426
v 0.000694 0.081346 0.057496
v 0.000567 0.081641 0.057497
v 0.000475 0.081720 0.057498
v 0.000337 0.081838 0.057499
v 0.000265 0.081856 0.057499
v -0.000471 0.081720 0.057498
v 0.000017 0.081919 0.057500
v -0.000000 0.081919 0.057500
v -0.000017 0.081919 0.057500
v -0.000079 0.081915 0.057500
v -0.000398 0.081802 0.057499
v -0.000626 0.081547 0.057497
v -0.000633 0.081521 0.057497
v -0.000703 0.081267 0.057496
v -0.000754 0.079896 0.057495
v -0.005221 0.079003 0.057246
v -0.005222 0.079000 0.057262
v 0.005222 0.079000 0.057262
v -0.000787 0.079003 0.057495
v 0.005197 0.079003 0.057036
v 0.001143 0.079003 0.057489
v 0.000787 0.079003 0.057495
v 0.000754 0.079896 0.057495
v 0.000703 0.081267 0.057496
v 0.011556 0.079003 0.056327
v 0.015493 0.079000 0.055373
v 0.015428 0.079003 0.055156
v 0.021584 0.079003 0.053295
v 0.025254 0.079000 0.051657
v 0.025150 0.079003 0.051457
v 0.030896 0.079003 0.048494
v 0.034181 0.079000 0.046237
v 0.034043 0.079003 0.046059
v 0.039183 0.079003 0.042083
v 0.041981 0.079000 0.039292
v 0.041813 0.079003 0.039142
v 0.046168 0.079003 0.034275
v 0.048395 0.079000 0.031050
v 0.048204 0.079003 0.030934
v 0.051621 0.079003 0.025328
v 0.053214 0.079000 0.021785
v 0.053005 0.079003 0.021705
v 0.055360 0.079003 0.015541
v 0.056276 0.079000 0.011800
v 0.056058 0.079003 0.011760
v 0.057261 0.079003 0.005238
v 0.057482 0.079000 0.001426
v 0.057435 0.079003 0.001424
v 0.057500 0.079000 0.000000
v 0.057500 0.079003 0.000000
v -0.057433 0.079003 0.001424
v -0.056276 0.079000 0.011800
v -0.057246 0.079003 0.005396
v -0.053214 0.079000 0.021785
v -0.055473 0.079003 0.015132
v -0.056086 0.079003 0.011765
v -0.048395 0.079000 0.031050
v -0.052057 0.079003 0.024419
v -0.053049 0.079003 0.021724
v -0.041981 0.079000 0.039292
v -0.047100 0.079003 0.032983
v -0.048263 0.079003 0.030974
v -0.034181 0.079000 0.046237
v -0.040747 0.079003 0.040570
v -0.041884 0.079003 0.039212
v -0.025254 0.079000 0.051657
v -0.033187 0.079003 0.046956
v -0.034121 0.079003 0.046167
v -0.015493 0.079000 0.055373
v -0.024645 0.079003 0.051951
v -0.025226 0.079003 0.051611
v -0.005645 0.079003 0.057222
v -0.015373 0.079003 0.055407
v -0.015490 0.079003 0.055363
v 0.037232 0.107551 0.048924
v 0.039042 0.109174 0.047655
v 0.038969 0.109263 0.064297
v -0.021493 0.098129 0.057257
v -0.020946 0.097934 0.057389
v -0.020952 0.097917 0.064297
v -0.011471 0.095188 0.059063
v -0.010649 0.095030 0.059139
v -0.010657 0.094988 0.064297
v -0.008679 0.094653 0.059322
v -0.005763 0.094336 0.059453
v -0.000000 0.094000 0.064297
v -0.017492 0.096701 0.058221
v -0.017073 0.096586 0.058287
v -0.013129 0.095505 0.058910
v -0.029856 0.102297 0.053773
v -0.029281 0.101934 0.054116
v -0.030533 0.102687 0.064297
v -0.027676 0.101074 0.054863
v -0.025454 0.099884 0.055896
v -0.022758 0.098690 0.056823
v -0.022485 0.098569 0.056917
v -0.039074 0.109137 0.064297
v -0.037212 0.107564 0.048927
v -0.036356 0.106809 0.049523
v -0.032641 0.104057 0.052112
v -0.032639 0.104056 0.052113
v -0.030516 0.102714 0.053379
v -0.045263 0.115816 0.042741
v -0.043889 0.114083 0.043968
v -0.046285 0.117047 0.064297
v -0.043871 0.114063 0.043983
v -0.041440 0.111492 0.045887
v -0.040305 0.110292 0.046776
v -0.039040 0.109176 0.047656
v -0.051529 0.125491 0.036203
v -0.049869 0.122384 0.038219
v -0.051919 0.126147 0.064297
v -0.048631 0.120502 0.039497
v -0.047282 0.118451 0.040891
v -0.046945 0.117938 0.041239
v -0.046256 0.117070 0.041854
v -0.055786 0.136128 0.064297
v -0.055781 0.136129 0.029779
v -0.054289 0.131587 0.032398
v -0.053927 0.130737 0.032921
v -0.052336 0.127000 0.035223
v -0.051888 0.126164 0.035766
v -0.057383 0.143562 0.026567
v -0.057753 0.146648 0.064297
v -0.057570 0.144950 0.025409
v -0.057751 0.146649 0.023250
v -0.055822 0.136254 0.029707
v -0.056526 0.139006 0.028537
v -0.057119 0.141932 0.027325
v -0.057092 0.141790 0.027366
v -0.056676 0.139680 0.027980
v -0.057980 0.153523 0.010870
v -0.057980 0.150477 0.010870
v -0.057980 0.150473 0.016722
v -0.057981 0.153485 0.016513
v -0.057986 0.150727 0.014196
v -0.057986 0.153274 0.014312
v -0.057985 0.150699 0.013813
v -0.057985 0.153306 0.013815
v -0.057981 0.153478 0.011201
v -0.057803 0.156599 0.022268
v -0.057917 0.155109 0.020406
v -0.057960 0.149840 0.018684
v -0.057953 0.154304 0.018913
v -0.057963 0.154078 0.018494
v -0.057746 0.157351 0.023209
v -0.057954 0.149719 0.018900
v -0.057910 0.148762 0.020599
v -0.057761 0.146741 0.023133
v -0.057753 0.157352 0.064297
v -0.057810 0.147409 0.022295
v -0.056487 0.165161 0.028366
v -0.057077 0.162309 0.027400
v -0.057368 0.160538 0.026629
v -0.057556 0.159160 0.025526
v -0.057718 0.157710 0.023657
v -0.051919 0.177853 0.064297
v -0.052298 0.177079 0.035274
v -0.055786 0.167872 0.064297
v -0.053944 0.173270 0.032919
v -0.054101 0.172906 0.032694
v -0.055781 0.167891 0.029786
v -0.055785 0.167872 0.029777
v -0.055801 0.167814 0.029747
v -0.048638 0.183502 0.039498
v -0.049898 0.181566 0.038185
v -0.047405 0.185396 0.040782
v -0.051532 0.178510 0.036202
v -0.051892 0.177838 0.035766
v -0.039074 0.194863 0.064297
v -0.039042 0.194826 0.047655
v -0.046285 0.186953 0.064297
v -0.040499 0.193519 0.046632
v -0.041444 0.192511 0.045888
v -0.043945 0.189845 0.043917
v -0.044032 0.189752 0.043849
v -0.045260 0.188182 0.042741
v -0.046246 0.186922 0.041852
v -0.047232 0.185662 0.040963
v -0.033605 0.199273 0.051452
v -0.032610 0.199928 0.052083
v -0.030533 0.201313 0.064297
v -0.036887 0.196759 0.049166
v -0.037232 0.196449 0.048924
v -0.018784 0.206874 0.057949
v -0.020937 0.206046 0.057363
v -0.020952 0.206083 0.064297
v -0.022499 0.205445 0.056937
v -0.027683 0.202933 0.054873
v -0.030187 0.201525 0.053619
v -0.030526 0.201302 0.053404
v -0.022790 0.205333 0.056858
v -0.022838 0.205314 0.056845
v -0.026610 0.203535 0.055410
v -0.010653 0.208991 0.059154
v -0.011471 0.208816 0.059064
v -0.010657 0.209012 0.064297
v -0.014332 0.208201 0.058752
v -0.017060 0.207388 0.058260
v -0.005078 0.209777 0.059501
v -0.005765 0.209687 0.059462
v -0.010002 0.209131 0.059225
v -0.000000 0.210000 0.059590
v -0.000000 0.210000 0.064297
v 0.003866 0.209871 0.059538
v 0.005443 0.209744 0.064297
v 0.005763 0.209664 0.059453
v 0.010619 0.208801 0.064297
v 0.008679 0.209347 0.059322
v 0.020881 0.205889 0.064297
v 0.017492 0.207299 0.058221
v 0.017073 0.207414 0.058287
v 0.015263 0.207956 0.064297
v 0.013129 0.208495 0.058910
v 0.011471 0.208812 0.059063
v 0.010649 0.208970 0.059139
v 0.030438 0.201148 0.064297
v 0.029281 0.202066 0.054116
v 0.027676 0.202926 0.054863
v 0.025454 0.204116 0.055896
v 0.022758 0.205310 0.056823
v 0.024631 0.204510 0.064297
v 0.022485 0.205431 0.056917
v 0.021493 0.205871 0.057257
v 0.020946 0.206066 0.057389
v 0.036356 0.197191 0.049523
v 0.032641 0.199943 0.052112
v 0.038969 0.194737 0.064297
v 0.032639 0.199944 0.052113
v 0.033270 0.199509 0.064297
v 0.030516 0.201286 0.053379
v 0.029856 0.201703 0.053773
v 0.046187 0.186870 0.064297
v 0.043889 0.189917 0.043968
v 0.043871 0.189937 0.043983
v 0.041440 0.192508 0.045887
v 0.040305 0.193708 0.046776
v 0.040923 0.193101 0.064297
v 0.039040 0.194824 0.047656
v 0.037212 0.196436 0.048927
v 0.051529 0.178509 0.036203
v 0.049869 0.181616 0.038219
v 0.051846 0.177810 0.064297
v 0.048631 0.183498 0.039497
v 0.047282 0.185549 0.040891
v 0.046945 0.186062 0.041239
v 0.047364 0.185476 0.064297
v 0.046256 0.186930 0.041854
v 0.045263 0.188184 0.042741
v 0.054289 0.172413 0.032398
v 0.053927 0.173263 0.032921
v 0.055756 0.167861 0.064297
v 0.052402 0.176859 0.064297
v 0.052336 0.177000 0.035223
v 0.051888 0.177836 0.035766
v 0.057739 0.157351 0.064297
v 0.057751 0.157351 0.023250
v 0.057570 0.159050 0.025409
v 0.057720 0.157694 0.064297
v 0.056526 0.164994 0.028537
v 0.055889 0.167506 0.064297
v 0.055822 0.167746 0.029707
v 0.055781 0.167871 0.029779
v 0.057383 0.160438 0.026567
v 0.057119 0.162068 0.027325
v 0.057092 0.162210 0.027366
v 0.056676 0.164320 0.027980
v 0.057993 0.152895 0.064297
v 0.057994 0.152864 0.062532
v 0.057995 0.152757 0.062134
v 0.057997 0.152594 0.061959
v 0.057980 0.153527 0.016722
v 0.057963 0.149922 0.018494
v 0.057981 0.150515 0.016513
v 0.057980 0.150477 0.010870
v 0.057980 0.153523 0.010870
v 0.057986 0.153273 0.014196
v 0.057986 0.150726 0.014312
v 0.057985 0.153301 0.013813
v 0.057985 0.150694 0.013815
v 0.057981 0.150523 0.011201
v 0.057953 0.149696 0.018913
v 0.057960 0.154160 0.018684
v 0.057917 0.148891 0.020406
v 0.057803 0.147401 0.022268
v 0.057954 0.154281 0.018900
v 0.057910 0.155238 0.020599
v 0.057998 0.152484 0.061841
v 0.058000 0.152093 0.061703
v 0.057761 0.157259 0.023133
v 0.058000 0.152017 0.061700
v 0.057810 0.156591 0.022295
v 0.058000 0.151983 0.061700
v 0.057746 0.146649 0.023209
v 0.057999 0.151587 0.061798
v 0.057997 0.151405 0.061960
v 0.057996 0.151286 0.062065
v 0.057994 0.151141 0.062451
v 0.057739 0.146649 0.064297
v 0.057994 0.151136 0.062532
v 0.057993 0.151105 0.064297
v 0.055801 0.136186 0.029747
v 0.056487 0.138839 0.028366
v 0.057077 0.141691 0.027400
v 0.057368 0.143462 0.026629
v 0.057556 0.144840 0.025526
v 0.057718 0.146290 0.023657
v 0.057720 0.146306 0.064297
v 0.055889 0.136494 0.064297
v 0.055785 0.136128 0.029777
v 0.055756 0.136139 0.064297
v 0.055781 0.136109 0.029786
v 0.054101 0.131094 0.032694
v 0.048638 0.120498 0.039498
v 0.049898 0.122434 0.038185
v 0.051846 0.126190 0.064297
v 0.051532 0.125490 0.036202
v 0.051892 0.126162 0.035766
v 0.052402 0.127141 0.064297
v 0.052298 0.126921 0.035274
v 0.053944 0.130730 0.032919
v 0.043945 0.114155 0.043917
v 0.044032 0.114248 0.043849
v 0.046187 0.117130 0.064297
v 0.040923 0.110899 0.064297
v 0.040499 0.110481 0.046632
v 0.041444 0.111489 0.045888
v 0.045260 0.115818 0.042741
v 0.046246 0.117078 0.041852
v 0.047364 0.118524 0.064297
v 0.047232 0.118338 0.040963
v 0.047405 0.118604 0.040782
v 0.030438 0.102852 0.064297
v 0.032610 0.104072 0.052083
v 0.033270 0.104491 0.064297
v 0.033605 0.104727 0.051452
v 0.036887 0.107241 0.049166
v 0.020937 0.097954 0.057363
v 0.022499 0.098555 0.056937
v 0.020881 0.098111 0.064297
v 0.024631 0.099490 0.064297
v 0.027683 0.101067 0.054873
v 0.030187 0.102475 0.053619
v 0.030526 0.102698 0.053404
v 0.022790 0.098667 0.056858
v 0.022838 0.098686 0.056845
v 0.026610 0.100465 0.055410
v 0.010619 0.095199 0.064297
v 0.010653 0.095009 0.059154
v 0.011471 0.095184 0.059064
v 0.015263 0.096044 0.064297
v 0.014332 0.095799 0.058752
v 0.017060 0.096612 0.058260
v 0.018784 0.097126 0.057949
v -0.003866 0.094129 0.059538
v -0.000000 0.094000 0.059590
v 0.005443 0.094256 0.064297
v 0.005078 0.094223 0.059501
v 0.005765 0.094313 0.059462
v 0.010002 0.094869 0.059225
v 0.005768 0.210383 0.058083
v 0.005769 0.210157 0.058316
v 0.011480 0.209243 0.057664
v 0.045308 0.188590 0.041259
v 0.057980 0.154179 0.009778
v 0.057818 0.159051 0.013971
v 0.057980 0.155121 0.008209
v 0.057980 0.156370 0.006692
v 0.057818 0.161046 0.011124
v 0.057980 0.157050 0.005865
v 0.057980 0.159063 0.004039
v 0.057817 0.163515 0.008689
v 0.057092 0.173965 0.010852
v 0.033674 0.201942 0.047253
v 0.032608 0.202511 0.047976
v 0.032640 0.201665 0.048524
v 0.000214 0.211473 0.057998
v -0.000000 0.211480 0.058001
v -0.000000 0.211216 0.058106
v 0.005767 0.211059 0.057727
v 0.005609 0.211085 0.057747
v 0.005768 0.210652 0.057896
v 0.004355 0.211193 0.057821
v 0.001639 0.211428 0.057981
v 0.011464 0.210063 0.056877
v 0.009749 0.210427 0.057227
v 0.011480 0.209837 0.057047
v 0.008448 0.210634 0.057390
v 0.017063 0.208723 0.055491
v 0.016354 0.208911 0.055695
v 0.017077 0.208505 0.055658
v 0.014169 0.209489 0.056325
v 0.012462 0.209852 0.056673
v 0.022505 0.206680 0.053756
v 0.020098 0.207805 0.054448
v 0.018186 0.208426 0.055168
v 0.027212 0.205141 0.051269
v 0.026508 0.205465 0.051670
v 0.027710 0.204390 0.051367
v 0.023720 0.206553 0.052979
v 0.022586 0.206997 0.053512
v 0.030555 0.203606 0.049369
v 0.027684 0.204925 0.051001
v 0.037246 0.198536 0.045259
v 0.037216 0.199811 0.044482
v 0.036605 0.200188 0.044973
v 0.034300 0.201608 0.046828
v 0.041795 0.196640 0.040246
v 0.041468 0.196873 0.040558
v 0.041482 0.196084 0.040927
v 0.038153 0.199234 0.043728
v 0.045307 0.192476 0.036776
v 0.045279 0.193732 0.036213
v 0.044686 0.194284 0.036996
v 0.042021 0.196456 0.039991
v 0.048682 0.188591 0.032304
v 0.047077 0.192057 0.033840
v 0.046647 0.192457 0.034408
v 0.051574 0.186439 0.026713
v 0.048682 0.190277 0.031589
v 0.048639 0.190447 0.031511
v 0.047593 0.191577 0.033160
v 0.053955 0.182416 0.021600
v 0.055800 0.178245 0.016296
v 0.057816 0.169616 0.005318
v 0.057974 0.168079 0.001815
v 0.057817 0.166394 0.006731
v 0.057980 0.159313 0.003812
v 0.057980 0.161860 0.002103
v 0.057980 0.162213 0.001916
v 0.057818 0.157598 0.017164
v 0.057094 0.162393 0.024602
v 0.057819 0.156750 0.020638
v 0.053957 0.173351 0.032302
v 0.055802 0.167944 0.028502
v 0.051576 0.178562 0.035969
v 0.048630 0.183514 0.039431
v 0.048684 0.183980 0.037670
v 0.037247 0.196504 0.048621
v 0.041484 0.192546 0.045825
v 0.032641 0.200040 0.051124
v 0.027711 0.203115 0.053305
v 0.027711 0.202978 0.054525
v 0.022506 0.205549 0.056011
v 0.017078 0.207482 0.057821
v 0.022485 0.205434 0.056882
v 0.011481 0.208952 0.058482
v 0.005769 0.209845 0.058886
v 0.022506 0.205695 0.055138
v 0.017077 0.207748 0.056598
v -0.000000 0.210177 0.059033
v -0.000000 0.210239 0.058841
v -0.000000 0.210497 0.058565
v 0.011480 0.209498 0.057320
v 0.017077 0.208052 0.056072
v 0.022505 0.206071 0.054363
v 0.027710 0.203582 0.052219
v 0.032640 0.200619 0.049667
v 0.037246 0.197215 0.046738
v 0.041483 0.192869 0.044593
v 0.051574 0.184468 0.027557
v 0.053955 0.180146 0.022579
v 0.055800 0.175665 0.017416
v 0.057092 0.171067 0.012117
v 0.057093 0.166257 0.016057
v 0.057092 0.168478 0.013872
v 0.055801 0.171383 0.020911
v 0.055801 0.173360 0.018972
v 0.053956 0.176379 0.025641
v 0.053956 0.178118 0.023941
v 0.051575 0.181196 0.030203
v 0.051575 0.182707 0.028733
v 0.048683 0.185791 0.034554
v 0.048683 0.187085 0.033304
v 0.045307 0.190119 0.038654
v 0.045307 0.191208 0.037610
v 0.041482 0.194139 0.042461
v 0.041482 0.195038 0.041608
v 0.057093 0.163155 0.021481
v 0.057093 0.164463 0.018613
v 0.055802 0.168623 0.025728
v 0.055801 0.169787 0.023180
v 0.053957 0.173949 0.029868
v 0.053956 0.174973 0.027632
v 0.051576 0.179084 0.033860
v 0.051575 0.179975 0.031925
v 0.048683 0.184745 0.036021
v 0.045308 0.189237 0.039880
v 0.041483 0.193408 0.043464
v -0.000000 0.210941 0.058215
v -0.000000 0.210755 0.058289
v -0.005768 0.093617 0.058083
v -0.005769 0.093843 0.058316
v -0.011480 0.094757 0.057664
v -0.045308 0.115410 0.041259
v -0.057980 0.149821 0.009778
v -0.057818 0.144949 0.013971
v -0.057980 0.148879 0.008209
v -0.057980 0.147630 0.006692
v -0.057818 0.142954 0.011124
v -0.057980 0.146950 0.005865
v -0.057980 0.144937 0.004039
v -0.057817 0.140485 0.008689
v -0.057092 0.130035 0.010852
v -0.033674 0.102058 0.047253
v -0.032608 0.101489 0.047976
v -0.032640 0.102335 0.048524
v -0.004355 0.092807 0.057821
v -0.005768 0.093348 0.057896
v -0.005609 0.092915 0.057747
v -0.005767 0.092941 0.057727
v -0.000000 0.092520 0.058001
v -0.000000 0.092784 0.058106
v -0.000214 0.092527 0.057998
v -0.000000 0.093059 0.058215
v -0.001639 0.092572 0.057981
v -0.011464 0.093937 0.056877
v -0.009749 0.093573 0.057227
v -0.011480 0.094163 0.057047
v -0.008448 0.093366 0.057390
v -0.017063 0.095277 0.055491
v -0.016354 0.095089 0.055695
v -0.017077 0.095495 0.055658
v -0.014169 0.094511 0.056325
v -0.012462 0.094148 0.056673
v -0.022505 0.097320 0.053756
v -0.020098 0.096195 0.054448
v -0.018186 0.095574 0.055168
v -0.027212 0.098859 0.051269
v -0.026508 0.098535 0.051670
v -0.027710 0.099610 0.051367
v -0.023720 0.097447 0.052979
v -0.022586 0.097003 0.053512
v -0.030556 0.100395 0.049368
v -0.027684 0.099075 0.051001
v -0.037246 0.105464 0.045259
v -0.037216 0.104189 0.044482
v -0.036605 0.103812 0.044973
v -0.034300 0.102392 0.046828
v -0.041795 0.107360 0.040246
v -0.041468 0.107127 0.040558
v -0.041482 0.107916 0.040927
v -0.038153 0.104766 0.043728
v -0.045307 0.111524 0.036776
v -0.045279 0.110268 0.036213
v -0.044686 0.109716 0.036996
v -0.042021 0.107544 0.039991
v -0.048682 0.115409 0.032304
v -0.047077 0.111943 0.033840
v -0.046647 0.111543 0.034408
v -0.051574 0.117561 0.026713
v -0.048682 0.113723 0.031589
v -0.048639 0.113553 0.031511
v -0.047593 0.112423 0.033160
v -0.053955 0.121584 0.021600
v -0.055800 0.125755 0.016296
v -0.057816 0.134384 0.005318
v -0.057974 0.135921 0.001815
v -0.057817 0.137606 0.006731
v -0.057980 0.144687 0.003812
v -0.057980 0.142140 0.002103
v -0.057980 0.141787 0.001916
v -0.057818 0.146402 0.017164
v -0.057094 0.141607 0.024602
v -0.057819 0.147250 0.020638
v -0.053957 0.130649 0.032302
v -0.055802 0.136056 0.028502
v -0.051576 0.125437 0.035969
v -0.048630 0.120486 0.039431
v -0.048684 0.120020 0.037670
v -0.037247 0.107496 0.048621
v -0.041484 0.111454 0.045825
v -0.032641 0.103960 0.051124
v -0.027711 0.100885 0.053305
v -0.027711 0.101022 0.054525
v -0.022506 0.098451 0.056011
v -0.017078 0.096518 0.057821
v -0.022485 0.098566 0.056882
v -0.011481 0.095048 0.058482
v -0.005769 0.094155 0.058886
v -0.022506 0.098305 0.055138
v -0.017077 0.096252 0.056598
v -0.000000 0.093823 0.059033
v -0.000000 0.093761 0.058841
v -0.000000 0.093503 0.058565
v -0.011480 0.094502 0.057320
v -0.017077 0.095948 0.056072
v -0.022505 0.097929 0.054363
v -0.027710 0.100418 0.052219
v -0.032640 0.103381 0.049667
v -0.037246 0.106785 0.046738
v -0.041483 0.111131 0.044593
v -0.051574 0.119532 0.027557
v -0.053955 0.123854 0.022579
v -0.055800 0.128335 0.017416
v -0.057092 0.132933 0.012117
v -0.057093 0.137743 0.016057
v -0.057092 0.135522 0.013872
v -0.055801 0.132617 0.020911
v -0.055801 0.130640 0.018972
v -0.053956 0.127621 0.025641
v -0.053956 0.125882 0.023941
v -0.051575 0.122804 0.030203
v -0.051575 0.121293 0.028733
v -0.048683 0.118209 0.034554
v -0.048683 0.116915 0.033304
v -0.045307 0.113881 0.038654
v -0.045307 0.112792 0.037610
v -0.041482 0.109861 0.042461
v -0.041482 0.108962 0.041608
v -0.057093 0.140845 0.021481
v -0.057093 0.139537 0.018613
v -0.055802 0.135377 0.025728
v -0.055801 0.134213 0.023180
v -0.053957 0.130051 0.029868
v -0.053956 0.129027 0.027632
v -0.051576 0.124916 0.033860
v -0.051575 0.124025 0.031925
v -0.048683 0.119255 0.036021
v -0.045308 0.114763 0.039880
v -0.041483 0.110592 0.043464
v -0.000000 0.093245 0.058289
v -0.000000 0.209500 0.064797
v -0.010566 0.208521 0.064797
v -0.020771 0.205617 0.064797
v -0.030270 0.200887 0.064797
v -0.038737 0.194493 0.064797
v -0.045886 0.186651 0.064797
v -0.051472 0.177630 0.064797
v -0.055305 0.167736 0.064797
v -0.057255 0.157305 0.064797
v -0.057255 0.146695 0.064797
v -0.055305 0.136264 0.064797
v -0.051472 0.126370 0.064797
v -0.045886 0.117349 0.064797
v -0.038737 0.109507 0.064797
v -0.030270 0.103113 0.064797
v -0.020771 0.098383 0.064797
v -0.010566 0.095479 0.064797
v -0.000000 0.094500 0.064797
v 0.057963 0.151175 0.064329
v 0.057951 0.151187 0.064340
v 0.057929 0.151194 0.064362
v 0.057549 0.151199 0.064743
v 0.057985 0.151141 0.064306
v 0.057957 0.151168 0.064334
v 0.057980 0.151156 0.064311
v 0.057893 0.151205 0.064398
v 0.057495 0.151213 0.064797
v 0.057222 0.146355 0.064797
v 0.057514 0.151208 0.064777
v 0.057992 0.151118 0.064298
v 0.056291 0.141366 0.064797
v 0.055407 0.136627 0.064797
v 0.053620 0.131834 0.064797
v 0.051951 0.127355 0.064797
v 0.049348 0.122904 0.064797
v 0.046956 0.118813 0.064797
v 0.043603 0.114843 0.064797
v 0.040570 0.111253 0.064797
v 0.036555 0.107891 0.064797
v 0.032983 0.104900 0.064797
v 0.028416 0.102257 0.064797
v 0.024419 0.099943 0.064797
v 0.019428 0.098107 0.064797
v 0.015132 0.096527 0.064797
v 0.009861 0.095567 0.064797
v 0.005396 0.094754 0.064797
v -0.000000 0.209500 0.064800
v -0.010566 0.208521 0.064800
v -0.020771 0.205617 0.064800
v -0.030270 0.200887 0.064800
v -0.038737 0.194493 0.064800
v -0.045886 0.186651 0.064800
v -0.051472 0.177630 0.064800
v -0.055305 0.167736 0.064800
v -0.057255 0.157305 0.064800
v -0.057255 0.146695 0.064800
v -0.055305 0.136264 0.064800
v -0.051472 0.126370 0.064800
v -0.045886 0.117349 0.064800
v -0.038737 0.109507 0.064800
v -0.030270 0.103113 0.064800
v -0.020771 0.098383 0.064800
v -0.010566 0.095479 0.064800
v -0.000000 0.094500 0.064800
v 0.009899 0.095358 0.064800
v 0.019502 0.097908 0.064800
v 0.028522 0.102073 0.064800
v 0.036692 0.107728 0.064800
v 0.043765 0.114706 0.064800
v 0.049532 0.122797 0.064800
v 0.053820 0.131760 0.064800
v 0.057495 0.151213 0.064800
v 0.056501 0.141327 0.064800
v 0.057598 0.151983 0.061800
v 0.057598 0.152017 0.061800
v 0.057562 0.151983 0.061810
v 0.057562 0.152017 0.061810
v 0.057549 0.151983 0.061813
v 0.057549 0.152017 0.061813
v 0.057512 0.151983 0.061849
v 0.057512 0.152017 0.061849
v 0.057508 0.151983 0.061863
v 0.057498 0.152017 0.061898
v 0.057498 0.151983 0.061898
v 0.057497 0.152287 0.061958
v 0.057505 0.152275 0.061914
v 0.057495 0.152460 0.062096
v 0.057502 0.152495 0.062058
v 0.057494 0.152530 0.062152
v 0.057498 0.152643 0.062275
v 0.057489 0.152653 0.062431
v 0.057493 0.152697 0.062533
v 0.057487 0.152663 0.062533
v 0.057527 0.152288 0.061883
v 0.057561 0.152296 0.061863
v 0.057558 0.152534 0.062019
v 0.057598 0.152165 0.061815
v 0.057597 0.152265 0.061861
v 0.057550 0.152755 0.062533
v 0.057516 0.152734 0.062533
v 0.057555 0.152695 0.062254
v 0.057521 0.152674 0.062262
v 0.057524 0.152519 0.062034
v 0.057591 0.152692 0.062254
v 0.057591 0.152699 0.062282
v 0.057553 0.152757 0.062533
v 0.057587 0.152763 0.062533
v 0.057597 0.152291 0.061874
v 0.057595 0.152482 0.061963
v 0.057595 0.152531 0.062022
v 0.057592 0.152678 0.062200
v 0.057496 0.151600 0.062025
v 0.057495 0.151542 0.062094
v 0.057502 0.151505 0.062058
v 0.057487 0.151337 0.062533
v 0.057494 0.151301 0.062533
v 0.057492 0.151401 0.062264
v 0.057498 0.151357 0.062275
v 0.057498 0.151882 0.061906
v 0.057553 0.151243 0.062533
v 0.057587 0.151237 0.062533
v 0.057589 0.151244 0.062443
v 0.057550 0.151245 0.062533
v 0.057555 0.151305 0.062254
v 0.057516 0.151267 0.062533
v 0.057595 0.151474 0.062029
v 0.057597 0.151622 0.061893
v 0.057558 0.151466 0.062019
v 0.057561 0.151704 0.061863
v 0.057505 0.151725 0.061914
v 0.057524 0.151481 0.062034
v 0.057527 0.151712 0.061883
v 0.057597 0.151733 0.061865
v 0.057597 0.151705 0.061872
v 0.057591 0.151305 0.062285
v 0.057591 0.151315 0.062258
v 0.057593 0.151364 0.062130
v 0.057521 0.151326 0.062262
v 0.057448 0.152702 0.064797
v 0.057448 0.151298 0.064797
v 0.057900 0.151983 0.061800
v 0.057900 0.151911 0.061804
v 0.057899 0.151735 0.061866
v 0.057898 0.151708 0.061876
v 0.057898 0.151571 0.061924
v 0.057897 0.151475 0.062028
v 0.057896 0.151330 0.062186
v 0.057895 0.151312 0.062254
v 0.057895 0.151304 0.062283
v 0.057894 0.151237 0.062533
v 0.057900 0.152017 0.061800
v 0.057894 0.152758 0.062461
v 0.057894 0.152763 0.062533
v 0.057895 0.152693 0.062286
v 0.057895 0.152682 0.062259
v 0.057896 0.152632 0.062123
v 0.057897 0.152526 0.062029
v 0.057899 0.152268 0.061862
v 0.057898 0.152297 0.061870
v 0.057898 0.152366 0.061887
v 0.057549 0.152801 0.064743
v 0.057893 0.152795 0.064398
v 0.057514 0.152792 0.064777
v 0.057495 0.152787 0.064797
v 0.057479 0.152771 0.064797
v 0.057460 0.152751 0.064797
v 0.057456 0.152736 0.064797
v 0.057479 0.151229 0.064797
v 0.057460 0.151249 0.064797
v 0.057456 0.151264 0.064797
v 0.057448 0.151298 0.064800
v 0.057448 0.152702 0.064800
v 0.057460 0.151249 0.064800
v 0.057495 0.152787 0.064800
v 0.057222 0.157645 0.064797
v 0.056501 0.162673 0.064800
v 0.056291 0.162634 0.064797
v 0.055407 0.167373 0.064797
v 0.053820 0.172240 0.064800
v 0.053620 0.172166 0.064797
v 0.051951 0.176645 0.064797
v 0.049532 0.181203 0.064800
v 0.049348 0.181096 0.064797
v 0.046956 0.185187 0.064797
v 0.043765 0.189294 0.064800
v 0.043603 0.189157 0.064797
v 0.040570 0.192747 0.064797
v 0.036692 0.196272 0.064800
v 0.036555 0.196109 0.064797
v 0.032983 0.199100 0.064797
v 0.028522 0.201927 0.064800
v 0.028416 0.201743 0.064797
v 0.024419 0.204057 0.064797
v 0.019502 0.206092 0.064800
v 0.009899 0.208642 0.064800
v 0.005396 0.209246 0.064797
v 0.019428 0.205893 0.064797
v 0.015132 0.207473 0.064797
v 0.009861 0.208433 0.064797
v 0.057460 0.152751 0.064800
v 0.057987 0.151173 0.062532
v 0.057965 0.151207 0.062533
v 0.057931 0.151230 0.062533
v 0.057988 0.151240 0.062226
v 0.057932 0.151292 0.062248
v 0.057990 0.151415 0.061969
v 0.057968 0.151439 0.061993
v 0.057992 0.151677 0.061798
v 0.057993 0.151983 0.061737
v 0.057970 0.151690 0.061829
v 0.057934 0.151455 0.062009
v 0.057966 0.151271 0.062240
v 0.057937 0.151983 0.061793
v 0.057936 0.151698 0.061850
v 0.057971 0.151983 0.061771
v 0.057993 0.152017 0.061737
v 0.057971 0.152017 0.061771
v 0.057937 0.152017 0.061793
v 0.057992 0.152324 0.061798
v 0.057936 0.152303 0.061850
v 0.057990 0.152585 0.061969
v 0.057968 0.152561 0.061993
v 0.057988 0.152761 0.062227
v 0.057986 0.152826 0.062532
v 0.057966 0.152729 0.062241
v 0.057934 0.152545 0.062009
v 0.057970 0.152311 0.061829
v 0.057931 0.152770 0.062533
v 0.057932 0.152708 0.062249
v 0.057965 0.152793 0.062533
v 0.057926 0.152801 0.064365
v 0.057930 0.152803 0.064362
v 0.057964 0.152825 0.064328
v 0.057969 0.152828 0.064323
v 0.057986 0.152858 0.064305
v 0.057988 0.152862 0.064303
v 0.054440 0.144173 0.064800
v 0.054938 0.154617 0.064800
v 0.053450 0.164967 0.064800
v 0.050030 0.174848 0.064800
v 0.044802 0.183903 0.064800
v 0.037954 0.191805 0.064800
v 0.029735 0.198269 0.064800
v 0.020441 0.203060 0.064800
v 0.010409 0.206006 0.064800
v -0.000000 0.207000 0.064800
v -0.010409 0.206006 0.064800
v -0.020441 0.203060 0.064800
v -0.029735 0.198269 0.064800
v -0.037954 0.191805 0.064800
v -0.044802 0.183903 0.064800
v -0.050030 0.174848 0.064800
v -0.053450 0.164967 0.064800
v -0.054938 0.154617 0.064800
v -0.054440 0.144173 0.064800
v -0.051975 0.134011 0.064800
v -0.047631 0.124500 0.064800
v -0.041566 0.115983 0.064800
v -0.033999 0.108767 0.064800
v -0.025202 0.103114 0.064800
v -0.015495 0.099228 0.064800
v -0.005228 0.097249 0.064800
v -0.000000 0.097000 0.064800
v 0.005228 0.097249 0.064800
v 0.015495 0.099228 0.064800
v 0.025202 0.103114 0.064800
v 0.033999 0.108767 0.064800
v 0.041566 0.115983 0.064800
v 0.047631 0.124500 0.064800
v 0.051975 0.134011 0.064800
v 0.001639 0.092572 0.057981
v 0.003927 0.092764 0.057850
v 0.005394 0.092888 0.057766
v 0.005765 0.092946 0.057721
v 0.008010 0.093297 0.057445
v 0.008176 0.093323 0.057424
v 0.009633 0.093551 0.057245
v 0.011464 0.093936 0.056878
v 0.012027 0.094054 0.056765
v 0.013933 0.094455 0.056383
v 0.015945 0.094983 0.055810
v 0.022210 0.096870 0.053670
v 0.019747 0.096078 0.054584
v 0.018103 0.095550 0.055195
v 0.017063 0.095276 0.055491
v 0.030233 0.100245 0.049552
v 0.027674 0.099083 0.050989
v 0.026878 0.098722 0.051435
v 0.025982 0.098315 0.051938
v 0.023394 0.097323 0.053126
v 0.022499 0.096980 0.053537
v 0.041879 0.107434 0.040141
v 0.041683 0.107274 0.040362
v 0.041473 0.107125 0.040562
v 0.038243 0.104826 0.043649
v 0.037214 0.104190 0.044481
v 0.036393 0.103682 0.045144
v 0.034394 0.102447 0.046759
v 0.033400 0.101916 0.047434
v 0.032606 0.101491 0.047973
v 0.030501 0.100367 0.049402
v 0.045286 0.110266 0.036218
v 0.044908 0.109909 0.036724
v 0.048653 0.113551 0.031519
v 0.047932 0.112765 0.032667
v 0.047057 0.111939 0.033841
v 0.046534 0.111444 0.034543
v 0.005768 0.093348 0.057896
v 0.005769 0.093843 0.058316
v 0.005768 0.093042 0.057763
v 0.017077 0.095495 0.055658
v 0.048682 0.113723 0.031589
v 0.048682 0.115409 0.032304
v 0.057816 0.134384 0.005318
v 0.048637 0.120483 0.039438
v 0.005769 0.094155 0.058886
v 0.011481 0.095048 0.058482
v 0.017078 0.096518 0.057821
v 0.022507 0.098542 0.056915
v 0.027711 0.100885 0.053305
v 0.022506 0.098305 0.055138
v 0.032641 0.103960 0.051124
v 0.037247 0.107496 0.048621
v 0.041484 0.111454 0.045825
v 0.045308 0.115410 0.041259
v 0.041483 0.111131 0.044593
v 0.048684 0.120020 0.037670
v 0.051576 0.125438 0.035969
v 0.053957 0.130649 0.032302
v 0.055802 0.136056 0.028502
v 0.057094 0.141607 0.024602
v 0.057819 0.147250 0.020638
v 0.057818 0.146402 0.017164
v 0.057980 0.150076 0.010111
v 0.057818 0.144949 0.013971
v 0.057980 0.149848 0.009763
v 0.057818 0.142954 0.011124
v 0.057980 0.147624 0.006700
v 0.057980 0.148457 0.007635
v 0.057817 0.140485 0.008689
v 0.057980 0.144912 0.004071
v 0.057980 0.146286 0.005198
v 0.057817 0.137606 0.006731
v 0.057980 0.141767 0.001949
v 0.057980 0.143773 0.003136
v 0.057092 0.130035 0.010852
v 0.055800 0.125755 0.016296
v 0.051574 0.117561 0.026713
v 0.053955 0.121584 0.021600
v 0.045307 0.111524 0.036776
v 0.041482 0.107916 0.040927
v 0.037246 0.105464 0.045259
v 0.032640 0.102335 0.048524
v 0.027710 0.099610 0.051367
v 0.022505 0.097320 0.053756
v 0.011480 0.094163 0.057047
v 0.017077 0.096252 0.056598
v 0.011480 0.094757 0.057664
v 0.041482 0.108962 0.041608
v 0.051574 0.119532 0.027557
v 0.048683 0.116915 0.033304
v 0.045307 0.112792 0.037610
v 0.045307 0.113881 0.038654
v 0.041482 0.109861 0.042461
v 0.041483 0.110592 0.043464
v 0.037246 0.106785 0.046738
v 0.053955 0.123854 0.022579
v 0.055800 0.128335 0.017416
v 0.057092 0.132933 0.012117
v 0.051575 0.121293 0.028733
v 0.053956 0.125882 0.023941
v 0.055801 0.130640 0.018972
v 0.057092 0.135522 0.013872
v 0.048683 0.118209 0.034554
v 0.051575 0.122804 0.030203
v 0.053956 0.127621 0.025641
v 0.055801 0.132617 0.020911
v 0.057093 0.137743 0.016057
v 0.045308 0.114763 0.039880
v 0.048683 0.119255 0.036021
v 0.051575 0.124025 0.031925
v 0.053956 0.129027 0.027632
v 0.055801 0.134213 0.023180
v 0.057093 0.139537 0.018613
v 0.051576 0.124916 0.033860
v 0.053957 0.130051 0.029868
v 0.055802 0.135377 0.025728
v 0.057093 0.140845 0.021481
v 0.005768 0.093617 0.058083
v 0.011480 0.094502 0.057320
v 0.017077 0.095948 0.056072
v 0.022505 0.097929 0.054363
v 0.027710 0.100418 0.052219
v 0.032640 0.103381 0.049667
v -0.001639 0.211428 0.057981
v -0.003927 0.211236 0.057850
v -0.005394 0.211112 0.057766
v -0.005765 0.211054 0.057721
v -0.008010 0.210703 0.057445
v -0.008176 0.210677 0.057424
v -0.009633 0.210449 0.057245
v -0.011464 0.210064 0.056878
v -0.012027 0.209946 0.056765
v -0.013933 0.209545 0.056383
v -0.015945 0.209017 0.055810
v -0.022210 0.207130 0.053670
v -0.019747 0.207922 0.054584
v -0.018103 0.208450 0.055195
v -0.017063 0.208724 0.055491
v -0.030233 0.203755 0.049552
v -0.027674 0.204917 0.050989
v -0.026878 0.205278 0.051435
v -0.025982 0.205685 0.051938
v -0.023394 0.206677 0.053126
v -0.022499 0.207020 0.053537
v -0.041879 0.196566 0.040141
v -0.041683 0.196726 0.040362
v -0.041473 0.196875 0.040562
v -0.038243 0.199174 0.043649
v -0.037214 0.199810 0.044481
v -0.036393 0.200318 0.045144
v -0.034394 0.201553 0.046759
v -0.033400 0.202084 0.047434
v -0.032606 0.202509 0.047973
v -0.030501 0.203633 0.049402
v -0.045286 0.193734 0.036218
v -0.044908 0.194091 0.036724
v -0.048653 0.190449 0.031519
v -0.047932 0.191235 0.032667
v -0.047057 0.192061 0.033841
v -0.046534 0.192556 0.034543
v -0.005768 0.210652 0.057896
v -0.005769 0.210157 0.058316
v -0.005768 0.210958 0.057763
v -0.017077 0.208505 0.055658
v -0.048682 0.190277 0.031589
v -0.048682 0.188591 0.032304
v -0.057816 0.169616 0.005318
v -0.048637 0.183517 0.039438
v -0.005769 0.209845 0.058886
v -0.011481 0.208952 0.058482
v -0.017078 0.207482 0.057821
v -0.022507 0.205458 0.056915
v -0.027711 0.203115 0.053305
v -0.022506 0.205695 0.055138
v -0.032641 0.200040 0.051124
v -0.037247 0.196504 0.048621
v -0.041484 0.192546 0.045825
v -0.045308 0.188590 0.041259
v -0.041483 0.192869 0.044593
v -0.048684 0.183980 0.037670
v -0.051576 0.178562 0.035969
v -0.053957 0.173351 0.032302
v -0.055802 0.167944 0.028502
v -0.057094 0.162393 0.024602
v -0.057819 0.156750 0.020638
v -0.057818 0.157598 0.017164
v -0.057980 0.153924 0.010111
v -0.057818 0.159051 0.013971
v -0.057980 0.154152 0.009763
v -0.057818 0.161046 0.011124
v -0.057980 0.156376 0.006700
v -0.057980 0.155543 0.007635
v -0.057817 0.163515 0.008689
v -0.057980 0.159088 0.004071
v -0.057980 0.157714 0.005198
v -0.057817 0.166394 0.006731
v -0.057980 0.162233 0.001949
v -0.057980 0.160227 0.003136
v -0.057092 0.173965 0.010852
v -0.055800 0.178245 0.016296
v -0.051574 0.186439 0.026713
v -0.053955 0.182416 0.021600
v -0.045307 0.192476 0.036776
v -0.041482 0.196084 0.040927
v -0.037246 0.198536 0.045259
v -0.032640 0.201665 0.048524
v -0.027710 0.204390 0.051367
v -0.022505 0.206680 0.053756
v -0.011480 0.209837 0.057047
v -0.017077 0.207748 0.056598
v -0.011480 0.209243 0.057664
v -0.041482 0.195038 0.041608
v -0.051574 0.184468 0.027557
v -0.048683 0.187085 0.033304
v -0.045307 0.191208 0.037610
v -0.045307 0.190119 0.038654
v -0.041482 0.194139 0.042461
v -0.041483 0.193408 0.043464
v -0.037246 0.197215 0.046738
v -0.053955 0.180146 0.022579
v -0.055800 0.175665 0.017416
v -0.057092 0.171067 0.012117
v -0.051575 0.182707 0.028733
v -0.053956 0.178118 0.023941
v -0.055801 0.173360 0.018972
v -0.057092 0.168478 0.013872
v -0.048683 0.185791 0.034554
v -0.051575 0.181196 0.030203
v -0.053956 0.176379 0.025641
v -0.055801 0.171383 0.020911
v -0.057093 0.166257 0.016057
v -0.045308 0.189237 0.039880
v -0.048683 0.184745 0.036021
v -0.051575 0.179975 0.031925
v -0.053956 0.174973 0.027632
v -0.055801 0.169787 0.023180
v -0.057093 0.164463 0.018613
v -0.051576 0.179084 0.033860
v -0.053957 0.173949 0.029868
v -0.055802 0.168623 0.025728
v -0.057093 0.163155 0.021481
v -0.005768 0.210383 0.058083
v -0.011480 0.209498 0.057320
v -0.017077 0.208052 0.056072
v -0.022505 0.206071 0.054363
v -0.027710 0.203582 0.052219
v -0.032640 0.200619 0.049667
v -0.000561 0.081807 0.057968
v -0.000302 0.081950 0.057936
v -0.000310 0.081971 0.057970
v -0.000017 0.082007 0.057937
v -0.000017 0.082000 0.057900
v -0.000268 0.081938 0.057899
v -0.000296 0.081931 0.057898
v -0.000366 0.081913 0.057898
v -0.000708 0.081552 0.057932
v -0.000682 0.081542 0.057895
v -0.000632 0.081677 0.057896
v -0.000545 0.081791 0.057934
v -0.000526 0.081771 0.057897
v -0.000770 0.081267 0.057931
v -0.000729 0.081560 0.057966
v -0.000017 0.082029 0.057971
v -0.000017 0.082062 0.057992
v -0.000323 0.082002 0.057992
v -0.000585 0.081831 0.057990
v -0.000760 0.081574 0.057988
v -0.000763 0.081267 0.057894
v -0.000758 0.081339 0.057894
v -0.000693 0.081514 0.057895
v -0.000827 0.081268 0.057987
v -0.000793 0.081267 0.057965
v 0.000017 0.082062 0.057992
v 0.000017 0.082029 0.057971
v 0.000017 0.082007 0.057937
v 0.000017 0.082000 0.057900
v 0.000561 0.081807 0.057968
v 0.000708 0.081551 0.057932
v 0.000729 0.081559 0.057966
v 0.000770 0.081267 0.057931
v 0.000763 0.081267 0.057894
v 0.000696 0.081517 0.057895
v 0.000689 0.081545 0.057895
v 0.000670 0.081614 0.057896
v 0.000525 0.081772 0.057897
v 0.000545 0.081791 0.057934
v 0.000429 0.081876 0.057898
v 0.000303 0.081950 0.057936
v 0.000293 0.081924 0.057898
v 0.000311 0.081971 0.057970
v 0.000793 0.081267 0.057965
v 0.000826 0.081268 0.057986
v 0.000761 0.081573 0.057988
v 0.000585 0.081831 0.057990
v 0.000324 0.082002 0.057992
v 0.000089 0.081996 0.057900
v 0.000265 0.081934 0.057899
v 0.000882 0.079502 0.057992
v 0.000859 0.079494 0.057985
v 0.000844 0.079489 0.057980
v 0.000825 0.079471 0.057963
v 0.000813 0.079460 0.057951
v 0.000806 0.079438 0.057929
v 0.000795 0.079402 0.057893
v 0.000800 0.079435 -0.057926
v 0.000795 0.079402 -0.057893
v 0.000763 0.081267 -0.057894
v 0.000803 0.079438 -0.057930
v 0.000826 0.081268 -0.057986
v 0.000864 0.081269 -0.057994
v 0.000895 0.079503 -0.057993
v 0.000771 0.081267 -0.057932
v 0.000825 0.079472 -0.057964
v 0.000793 0.081267 -0.057965
v 0.000828 0.079477 -0.057969
v 0.000858 0.079495 -0.057986
v 0.000862 0.079497 -0.057988
v 0.000561 0.081807 -0.057968
v 0.000302 0.081950 -0.057936
v 0.000310 0.081971 -0.057970
v 0.000017 0.082008 -0.057938
v 0.000017 0.082000 -0.057900
v 0.000268 0.081938 -0.057899
v 0.000296 0.081931 -0.057898
v 0.000366 0.081913 -0.057898
v 0.000708 0.081552 -0.057932
v 0.000682 0.081542 -0.057895
v 0.000632 0.081677 -0.057896
v 0.000545 0.081791 -0.057934
v 0.000526 0.081771 -0.057897
v 0.000729 0.081560 -0.057966
v 0.000017 0.082029 -0.057971
v 0.000017 0.082062 -0.057992
v 0.000323 0.082002 -0.057992
v 0.000017 0.082100 -0.058000
v 0.000100 0.082096 -0.058000
v 0.000485 0.081959 -0.057998
v 0.000585 0.081831 -0.057990
v 0.000594 0.081842 -0.057997
v 0.000760 0.081574 -0.057988
v 0.000757 0.081665 -0.057995
v 0.000758 0.081339 -0.057894
v 0.000693 0.081514 -0.057895
v -0.000017 0.082000 -0.057900
v -0.000017 0.082008 -0.057938
v -0.000017 0.082029 -0.057971
v -0.000017 0.082062 -0.057992
v -0.000017 0.082100 -0.058000
v -0.000561 0.081807 -0.057968
v -0.000708 0.081551 -0.057932
v -0.000729 0.081559 -0.057966
v -0.000771 0.081267 -0.057932
v -0.000763 0.081267 -0.057894
v -0.000696 0.081517 -0.057895
v -0.000689 0.081545 -0.057895
v -0.000670 0.081614 -0.057896
v -0.000525 0.081772 -0.057897
v -0.000545 0.081791 -0.057934
v -0.000429 0.081876 -0.057898
v -0.000303 0.081950 -0.057936
v -0.000293 0.081924 -0.057898
v -0.000311 0.081971 -0.057970
v -0.000793 0.081267 -0.057965
v -0.000827 0.081268 -0.057987
v -0.000761 0.081573 -0.057988
v -0.000864 0.081269 -0.057994
v -0.000858 0.081356 -0.057994
v -0.000713 0.081737 -0.057996
v -0.000585 0.081831 -0.057990
v -0.000596 0.081840 -0.057997
v -0.000324 0.082002 -0.057992
v -0.000412 0.082002 -0.057999
v -0.000089 0.081996 -0.057900
v -0.000265 0.081934 -0.057899
v -0.000800 0.079435 0.057926
v -0.000795 0.079402 0.057893
v -0.000803 0.079438 0.057930
v -0.000825 0.079472 0.057964
v -0.000828 0.079477 0.057969
v -0.000858 0.079495 0.057986
v -0.000862 0.079497 0.057988
v -0.000801 0.079057 0.057549
v -0.000763 0.081267 0.057587
v -0.000699 0.081518 0.057591
v -0.000692 0.081546 0.057591
v -0.000678 0.081600 0.057592
v -0.000531 0.081778 0.057595
v -0.000017 0.082000 0.057598
v -0.000165 0.081985 0.057598
v -0.000265 0.081939 0.057597
v -0.000291 0.081926 0.057597
v -0.000482 0.081837 0.057595
v 0.000017 0.082000 0.057598
v 0.000267 0.081935 0.057597
v 0.000295 0.081928 0.057597
v 0.000378 0.081907 0.057597
v 0.000526 0.081771 0.057595
v 0.000636 0.081670 0.057593
v 0.000685 0.081542 0.057591
v 0.000695 0.081515 0.057591
v 0.000756 0.081357 0.057589
v 0.000763 0.081267 0.057587
v 0.000801 0.079057 0.057549
v 0.000801 0.079057 -0.057549
v 0.000763 0.081267 -0.057587
v 0.000792 0.079021 0.057513
v 0.000787 0.079003 -0.057495
v 0.000792 0.079021 -0.057513
v 0.001143 0.079003 -0.057489
v 0.001153 0.079503 -0.057989
v 0.057934 0.079503 -0.001436
v 0.057435 0.079003 -0.001424
v 0.057759 0.079503 -0.005284
v 0.057261 0.079003 -0.005238
v 0.056545 0.079503 -0.011862
v 0.056058 0.079003 -0.011760
v 0.055841 0.079503 -0.015677
v 0.055360 0.079003 -0.015541
v 0.053466 0.079503 -0.021894
v 0.053005 0.079003 -0.021705
v 0.052070 0.079503 -0.025549
v 0.051621 0.079003 -0.025328
v 0.048623 0.079503 -0.031203
v 0.048204 0.079003 -0.030934
v 0.046570 0.079503 -0.034573
v 0.046168 0.079003 -0.034275
v 0.042177 0.079503 -0.039483
v 0.041813 0.079003 -0.039142
v 0.039523 0.079503 -0.042449
v 0.039183 0.079003 -0.042083
v 0.034339 0.079503 -0.046460
v 0.034043 0.079003 -0.046059
v 0.031165 0.079503 -0.048916
v 0.030896 0.079003 -0.048494
v 0.025369 0.079503 -0.051904
v 0.025150 0.079003 -0.051457
v 0.021772 0.079503 -0.053759
v 0.021584 0.079003 -0.053295
v 0.015562 0.079503 -0.055636
v 0.015428 0.079003 -0.055156
v 0.011656 0.079503 -0.056817
v 0.011556 0.079003 -0.056327
v 0.005242 0.079503 -0.057532
v 0.005197 0.079003 -0.057036
v 0.000017 0.082000 -0.057598
v 0.000165 0.081985 -0.057598
v 0.000265 0.081939 -0.057597
v 0.000291 0.081926 -0.057597
v 0.000482 0.081837 -0.057595
v 0.000531 0.081778 -0.057595
v 0.000678 0.081600 -0.057592
v 0.000692 0.081546 -0.057591
v 0.000699 0.081518 -0.057591
v -0.000017 0.082000 -0.057598
v -0.000756 0.081357 -0.057589
v -0.000763 0.081267 -0.057587
v -0.000695 0.081515 -0.057591
v -0.000685 0.081542 -0.057591
v -0.000636 0.081670 -0.057593
v -0.000526 0.081771 -0.057595
v -0.000378 0.081907 -0.057597
v -0.000295 0.081928 -0.057597
v -0.000267 0.081935 -0.057597
v 0.000711 0.081267 0.057501
v 0.000757 0.081267 0.057555
v 0.000756 0.081267 0.057551
v 0.000733 0.081267 0.057516
v 0.000655 0.081530 0.057504
v 0.000504 0.081751 0.057508
v 0.000523 0.081770 0.057532
v 0.000680 0.081540 0.057528
v 0.000536 0.081782 0.057563
v 0.000696 0.081547 0.057559
v 0.000280 0.081898 0.057511
v 0.000290 0.081923 0.057534
v 0.000297 0.081939 0.057565
v 0.000017 0.081949 0.057513
v 0.000017 0.081960 0.057518
v 0.000017 0.081989 0.057553
v 0.000017 0.081992 0.057566
v -0.000017 0.081949 0.057513
v -0.000017 0.081992 0.057566
v -0.000017 0.081989 0.057553
v -0.000017 0.081960 0.057518
v -0.000536 0.081782 0.057563
v -0.000523 0.081770 0.057532
v -0.000290 0.081923 0.057534
v -0.000504 0.081751 0.057508
v -0.000280 0.081898 0.057511
v -0.000297 0.081939 0.057565
v -0.000655 0.081530 0.057504
v -0.000680 0.081540 0.057528
v -0.000696 0.081547 0.057559
v -0.000711 0.081267 0.057501
v -0.000733 0.081267 0.057516
v -0.000756 0.081267 0.057551
v -0.000757 0.081267 0.057555
v -0.000792 0.079021 0.057513
v 0.057482 0.079000 -0.001426
v 0.056276 0.079000 -0.011800
v 0.053214 0.079000 -0.021785
v 0.048395 0.079000 -0.031050
v 0.041981 0.079000 -0.039292
v 0.034181 0.079000 -0.046237
v 0.025254 0.079000 -0.051657
v 0.015493 0.079000 -0.055373
v 0.005222 0.079000 -0.057262
v -0.005222 0.079000 -0.057262
v -0.015493 0.079000 -0.055373
v -0.025254 0.079000 -0.051657
v -0.034181 0.079000 -0.046237
v -0.041981 0.079000 -0.039292
v -0.048395 0.079000 -0.031050
v -0.053214 0.079000 -0.021785
v -0.056276 0.079000 -0.011800
v -0.057482 0.079000 -0.001426
v 0.054064 0.079000 0.010106
v 0.051286 0.079000 0.019868
v 0.046762 0.079000 0.028954
v 0.040645 0.079000 0.037053
v 0.033145 0.079000 0.043891
v 0.024516 0.079000 0.049234
v 0.015051 0.079000 0.052900
v 0.005075 0.079000 0.054765
v -0.005075 0.079000 0.054765
v -0.015051 0.079000 0.052900
v -0.024516 0.079000 0.049234
v -0.033145 0.079000 0.043891
v -0.040645 0.079000 0.037053
v -0.046762 0.079000 0.028954
v -0.051286 0.079000 0.019868
v -0.054064 0.079000 0.010106
v -0.000703 0.081267 -0.057496
v -0.000694 0.081346 -0.057496
v -0.000567 0.081641 -0.057497
v 0.000000 0.081919 -0.057500
v 0.000471 0.081720 -0.057498
v -0.000017 0.081919 -0.057500
v -0.000265 0.081856 -0.057499
v 0.000017 0.081919 -0.057500
v 0.000079 0.081915 -0.057500
v 0.000398 0.081802 -0.057499
v -0.000337 0.081838 -0.057499
v -0.000475 0.081720 -0.057498
v 0.000626 0.081547 -0.057497
v 0.000633 0.081521 -0.057497
v 0.000703 0.081267 -0.057496
v 0.000754 0.079896 -0.057495
v -0.000754 0.079896 -0.057495
v -0.000711 0.081267 -0.057501
v -0.000757 0.081267 -0.057555
v -0.000756 0.081267 -0.057551
v -0.000733 0.081267 -0.057516
v -0.000655 0.081530 -0.057504
v -0.000504 0.081751 -0.057508
v -0.000523 0.081770 -0.057532
v -0.000680 0.081540 -0.057528
v -0.000536 0.081782 -0.057563
v -0.000696 0.081547 -0.057559
v -0.000280 0.081898 -0.057511
v -0.000290 0.081923 -0.057534
v -0.000297 0.081939 -0.057565
v -0.000017 0.081949 -0.057513
v -0.000017 0.081960 -0.057518
v -0.000017 0.081989 -0.057553
v -0.000017 0.081992 -0.057566
v 0.000017 0.081949 -0.057513
v 0.000017 0.081960 -0.057518
v 0.000017 0.081992 -0.057566
v 0.000017 0.081989 -0.057553
v 0.000536 0.081782 -0.057563
v 0.000523 0.081770 -0.057532
v 0.000290 0.081923 -0.057534
v 0.000504 0.081751 -0.057508
v 0.000280 0.081898 -0.057511
v 0.000297 0.081939 -0.057565
v 0.000655 0.081530 -0.057504
v 0.000680 0.081540 -0.057528
v 0.000696 0.081547 -0.057559
v 0.000711 0.081267 -0.057501
v 0.000733 0.081267 -0.057516
v 0.000756 0.081267 -0.057551
v 0.000757 0.081267 -0.057555
v -0.057868 0.212497 -0.001428
v -0.005267 0.212497 -0.057753
v 0.005267 0.212497 -0.057753
v 0.057868 0.212497 -0.001428
v 0.042863 0.212497 -0.039074
v 0.048754 0.212497 -0.031273
v 0.049313 0.212497 -0.030533
v 0.053595 0.212497 -0.021933
v 0.054083 0.212497 -0.020952
v 0.056666 0.212497 -0.011874
v 0.057012 0.212497 -0.010657
v 0.005352 0.212497 -0.057753
v 0.015624 0.212497 -0.055832
v 0.015872 0.212497 -0.055786
v 0.025460 0.212497 -0.052072
v 0.025853 0.212497 -0.051919
v 0.034451 0.212497 -0.046596
v 0.034953 0.212497 -0.046285
v 0.042302 0.212497 -0.039586
v -0.015624 0.212497 -0.055832
v -0.005352 0.212497 -0.057753
v -0.057012 0.212497 -0.010657
v -0.056666 0.212497 -0.011874
v -0.054083 0.212497 -0.020952
v -0.053595 0.212497 -0.021933
v -0.049313 0.212497 -0.030533
v -0.048754 0.212497 -0.031273
v -0.042863 0.212497 -0.039074
v -0.042302 0.212497 -0.039586
v -0.034953 0.212497 -0.046285
v -0.034451 0.212497 -0.046596
v -0.025853 0.212497 -0.051919
v -0.025460 0.212497 -0.052072
v -0.015872 0.212497 -0.055786
v 0.056521 0.212997 -0.010566
v 0.053617 0.212997 -0.020771
v 0.048887 0.212997 -0.030270
v 0.042493 0.212997 -0.038737
v 0.034651 0.212997 -0.045886
v 0.025630 0.212997 -0.051472
v 0.015736 0.212997 -0.055305
v 0.005305 0.212997 -0.057255
v -0.005305 0.212997 -0.057255
v -0.015736 0.212997 -0.055305
v -0.025630 0.212997 -0.051472
v -0.034651 0.212997 -0.045886
v -0.042493 0.212997 -0.038737
v -0.048887 0.212997 -0.030270
v -0.053617 0.212997 -0.020771
v -0.056521 0.212997 -0.010566
v 0.056521 0.213100 -0.010566
v 0.053617 0.213100 -0.020771
v 0.048887 0.213100 -0.030270
v 0.042493 0.213100 -0.038737
v 0.034651 0.213100 -0.045886
v 0.025630 0.213100 -0.051472
v 0.015736 0.213100 -0.055305
v 0.005305 0.213100 -0.057255
v -0.005305 0.213100 -0.057255
v -0.015736 0.213100 -0.055305
v -0.025630 0.213100 -0.051472
v -0.034651 0.213100 -0.045886
v -0.042493 0.213100 -0.038737
v -0.048887 0.213100 -0.030270
v -0.053617 0.213100 -0.020771
v -0.056521 0.213100 -0.010566
v -0.000000 0.207000 0.061000
v -0.010409 0.206006 0.061000
v -0.020441 0.203060 0.061000
v -0.029735 0.198269 0.061000
v -0.037954 0.191805 0.061000
v -0.044802 0.183903 0.061000
v -0.050030 0.174848 0.061000
v -0.053450 0.164967 0.061000
v -0.054938 0.154617 0.061000
v -0.054440 0.144173 0.061000
v -0.051975 0.134011 0.061000
v -0.047631 0.124500 0.061000
v -0.041566 0.115983 0.061000
v -0.033999 0.108767 0.061000
v -0.025202 0.103114 0.061000
v -0.015495 0.099228 0.061000
v -0.005228 0.097249 0.061000
v -0.000000 0.097000 0.061000
v 0.005228 0.097249 0.061000
v 0.015495 0.099228 0.061000
v 0.025202 0.103114 0.061000
v 0.033999 0.108767 0.061000
v 0.041566 0.115983 0.061000
v 0.047631 0.124500 0.061000
v 0.051975 0.134011 0.061000
v 0.054440 0.144173 0.061000
v 0.054938 0.154617 0.061000
v 0.053450 0.164967 0.061000
v 0.050030 0.174848 0.061000
v 0.044802 0.183903 0.061000
v 0.037954 0.191805 0.061000
v 0.029735 0.198269 0.061000
v 0.020441 0.203060 0.061000
v 0.010409 0.206006 0.061000
v 0.001519 0.075000 0.002587
v 0.000022 0.075000 0.003000
v -0.003000 0.075000 0.000022
v -0.002587 0.075000 0.001519
v -0.001481 0.075000 0.002609
v 0.002025 0.074000 0.003450
v 0.000029 0.074000 0.004000
v -0.001975 0.074000 0.003478
v -0.003450 0.074000 0.002025
v -0.004000 0.074000 0.000029
v 0.022098 0.074000 0.005192
v -0.015783 0.074000 -0.016315
v 0.021397 0.074000 -0.007579
v 0.022666 0.074000 -0.001244
v 0.013903 0.074000 -0.017944
v 0.018395 0.074000 -0.013300
v -0.010547 0.074000 -0.020101
v -0.004457 0.074000 -0.022258
v 0.001995 0.074000 -0.022612
v 0.008284 0.074000 -0.021134
v -0.015992 0.074300 -0.016531
v -0.010687 0.074300 -0.020367
v -0.004516 0.074300 -0.022552
v 0.002021 0.074300 -0.022911
v 0.008394 0.074300 -0.021414
v 0.014087 0.074300 -0.018181
v 0.018638 0.074300 -0.013476
v 0.021680 0.074300 -0.007679
v 0.022965 0.074300 -0.001260
v 0.022390 0.074300 0.005261
v -0.015992 0.075000 -0.016531
v -0.010687 0.075000 -0.020367
v -0.004516 0.075000 -0.022552
v 0.002021 0.075000 -0.022911
v 0.008394 0.075000 -0.021414
v 0.014087 0.075000 -0.018181
v 0.018638 0.075000 -0.013476
v 0.021680 0.075000 -0.007679
v 0.022965 0.075000 -0.001260
v 0.022390 0.075000 0.005261
v 0.054064 0.075000 0.010106
v 0.051286 0.075000 0.019868
v 0.046762 0.075000 0.028954
v -0.054064 0.075000 0.010106
v -0.040645 0.075000 0.037053
v -0.046762 0.075000 0.028954
v -0.051286 0.075000 0.019868
v -0.015051 0.075000 0.052900
v -0.024516 0.075000 0.049234
v -0.033145 0.075000 0.043891
v 0.040645 0.075000 0.037053
v 0.033145 0.075000 0.043891
v 0.024516 0.075000 0.049234
v 0.015051 0.075000 0.052900
v 0.005075 0.075000 0.054765
v -0.005075 0.075000 0.054765
v -0.036846 0.215750 0.036693
v 0.036693 0.215750 0.036846
v 0.036846 0.215750 -0.036693
v -0.036693 0.215750 -0.036846
v 0.031257 0.103166 0.048834
v 0.025548 0.099930 0.052070
v 0.029769 0.102023 0.049777
v 0.038749 0.107972 0.043106
v 0.038739 0.108903 0.043097
v 0.038208 0.108364 0.043636
v 0.037756 0.107160 0.044028
v 0.031198 0.102868 0.048838
v 0.031240 0.102893 0.048811
v 0.031555 0.103335 0.048665
v 0.033867 0.104444 0.047085
v 0.036731 0.106443 0.044834
v 0.041114 0.109906 0.040910
v 0.041732 0.110500 0.040235
v 0.044266 0.114524 0.037476
v 0.044413 0.113079 0.037303
v 0.045177 0.115784 0.036216
v 0.045225 0.114012 0.036250
v 0.050508 0.121074 0.028437
v 0.050427 0.123604 0.028396
v 0.049936 0.120067 0.029503
v 0.049475 0.121730 0.030270
v 0.046100 0.115016 0.035117
v 0.047352 0.116454 0.033493
v 0.049851 0.119948 0.029634
v 0.052189 0.124034 0.025304
v 0.052791 0.125432 0.023934
v 0.053604 0.129850 0.022150
v 0.053947 0.128119 0.021301
v 0.054355 0.132162 0.019838
v 0.054464 0.129749 0.019874
v 0.055033 0.131544 0.018302
v 0.055074 0.131674 0.018188
v 0.055853 0.135070 0.015633
v 0.056383 0.138400 0.013600
v 0.029485 0.102054 0.050149
v 0.036882 0.107237 0.045549
v 0.036762 0.107146 0.045630
v 0.033349 0.104547 0.047924
v 0.031242 0.103188 0.049138
v 0.031201 0.103162 0.049161
v 0.038743 0.108902 0.044089
v 0.040392 0.110377 0.042795
v 0.041728 0.111770 0.041575
v 0.043279 0.113387 0.040159
v 0.045220 0.115755 0.038076
v 0.046136 0.116872 0.037094
v 0.048951 0.120890 0.033500
v 0.046343 0.117124 0.036872
v 0.053062 0.128583 0.026172
v 0.052817 0.128075 0.026670
v 0.051302 0.124942 0.029744
v 0.050504 0.123567 0.031019
v 0.049811 0.122373 0.032126
v 0.054484 0.132119 0.022371
v 0.054457 0.132041 0.022466
v 0.056229 0.137792 0.014655
v 0.056085 0.137220 0.015645
v 0.055425 0.134912 0.018977
v 0.055010 0.133679 0.020475
v 0.046146 0.115941 0.035992
v 0.049856 0.121254 0.030806
v 0.052835 0.126909 0.025287
v 0.055037 0.132827 0.019510
v -0.029786 0.102033 0.049767
v -0.025548 0.099930 0.052070
v -0.031224 0.103222 0.048778
v -0.044712 0.115057 0.036943
v -0.045211 0.115759 0.036241
v -0.045227 0.114011 0.036251
v -0.055057 0.131610 0.018240
v -0.054342 0.132166 0.019834
v -0.055851 0.135057 0.015642
v -0.056383 0.138400 0.013600
v -0.050446 0.123594 0.028406
v -0.053509 0.129621 0.022379
v -0.052798 0.125427 0.023932
v -0.055035 0.131542 0.018301
v -0.054460 0.129760 0.019872
v -0.053816 0.127766 0.021630
v -0.046094 0.115018 0.035115
v -0.049621 0.121970 0.030030
v -0.049838 0.119955 0.029631
v -0.047591 0.116758 0.033153
v -0.052212 0.124080 0.025258
v -0.050517 0.121064 0.028442
v -0.050111 0.120343 0.029203
v -0.044539 0.113212 0.037152
v -0.041731 0.110500 0.040235
v -0.038952 0.109027 0.042973
v -0.041141 0.109930 0.040883
v -0.038742 0.107978 0.043098
v -0.038765 0.108879 0.043121
v -0.037471 0.106944 0.044271
v -0.036740 0.106438 0.044841
v -0.033803 0.104403 0.047132
v -0.032505 0.103965 0.048035
v -0.031241 0.102891 0.048812
v -0.031200 0.102867 0.048840
v -0.054460 0.132128 0.022301
v -0.055033 0.133699 0.020505
v -0.055076 0.133818 0.020369
v -0.055855 0.136371 0.016949
v -0.056221 0.137778 0.014626
v -0.053850 0.130454 0.024216
v -0.052805 0.128070 0.026659
v -0.052337 0.127003 0.027752
v -0.050527 0.123552 0.031043
v -0.050320 0.123157 0.031420
v -0.049828 0.122372 0.032135
v -0.041858 0.111852 0.041505
v -0.045119 0.115555 0.038258
v -0.045250 0.115731 0.038102
v -0.046105 0.116882 0.037080
v -0.047926 0.119334 0.034904
v -0.041757 0.111755 0.041590
v -0.038767 0.108875 0.044112
v -0.038546 0.108662 0.044298
v -0.031264 0.103153 0.049165
v -0.034792 0.105594 0.046997
v -0.036724 0.107173 0.045608
v -0.027037 0.100688 0.051382
v -0.031176 0.103092 0.049220
v -0.031234 0.103132 0.049184
v -0.046146 0.115932 0.035983
v -0.055037 0.132812 0.019495
v -0.052835 0.126897 0.025274
v -0.049856 0.121244 0.030796
v -0.031257 0.200834 0.048834
v -0.025548 0.204070 0.052070
v -0.029769 0.201977 0.049777
v -0.038749 0.196028 0.043106
v -0.038739 0.195097 0.043097
v -0.038208 0.195636 0.043636
v -0.037757 0.196840 0.044027
v -0.031198 0.201132 0.048838
v -0.031240 0.201108 0.048811
v -0.031555 0.200665 0.048665
v -0.033867 0.199556 0.047085
v -0.036731 0.197556 0.044834
v -0.041120 0.194089 0.040904
v -0.041732 0.193500 0.040235
v -0.044266 0.189476 0.037476
v -0.044408 0.190926 0.037308
v -0.045177 0.188216 0.036216
v -0.045225 0.189988 0.036250
v -0.050508 0.182926 0.028437
v -0.050427 0.180396 0.028396
v -0.049937 0.183932 0.029501
v -0.049475 0.182270 0.030270
v -0.046100 0.188984 0.035117
v -0.047342 0.187558 0.033507
v -0.049851 0.184052 0.029634
v -0.052189 0.179965 0.025303
v -0.052791 0.178568 0.023934
v -0.053604 0.174150 0.022150
v -0.053945 0.175886 0.021305
v -0.054355 0.171838 0.019838
v -0.054464 0.174251 0.019874
v -0.055033 0.172456 0.018302
v -0.055073 0.172330 0.018191
v -0.055853 0.168934 0.015636
v -0.056383 0.165600 0.013600
v -0.029485 0.201946 0.050149
v -0.036885 0.196760 0.045546
v -0.036762 0.196854 0.045630
v -0.033344 0.199457 0.047928
v -0.031242 0.200812 0.049138
v -0.031201 0.200838 0.049161
v -0.038740 0.195094 0.044086
v -0.040558 0.193461 0.042654
v -0.041717 0.192224 0.041571
v -0.044022 0.189763 0.039416
v -0.045218 0.188244 0.038075
v -0.046105 0.187116 0.037079
v -0.049602 0.182060 0.032542
v -0.047054 0.185910 0.036015
v -0.052795 0.175929 0.026654
v -0.051676 0.178336 0.029054
v -0.050507 0.180436 0.031021
v -0.049841 0.181632 0.032141
v -0.056241 0.166171 0.014622
v -0.056205 0.166317 0.014881
v -0.055612 0.168472 0.018148
v -0.055014 0.170320 0.020480
v -0.054729 0.171202 0.021593
v -0.054469 0.171875 0.022334
v -0.053435 0.174554 0.025282
v -0.055037 0.171175 0.019509
v -0.046146 0.188060 0.035991
v -0.049856 0.182747 0.030805
v -0.052835 0.177092 0.025286
v 0.029748 0.201988 0.049790
v 0.025548 0.204070 0.052070
v 0.031224 0.200778 0.048778
v 0.044712 0.188943 0.036943
v 0.045211 0.188241 0.036241
v 0.045227 0.189989 0.036251
v 0.055058 0.172388 0.018239
v 0.054342 0.171834 0.019834
v 0.055851 0.168943 0.015642
v 0.056383 0.165600 0.013600
v 0.050446 0.180406 0.028406
v 0.053509 0.174379 0.022379
v 0.052798 0.178574 0.023932
v 0.055035 0.172458 0.018301
v 0.054460 0.174240 0.019872
v 0.053816 0.176232 0.021629
v 0.046094 0.188982 0.035115
v 0.049621 0.182030 0.030030
v 0.049838 0.184045 0.029631
v 0.047592 0.187240 0.033151
v 0.052213 0.179917 0.025254
v 0.050517 0.182936 0.028442
v 0.050113 0.183654 0.029200
v 0.044540 0.190788 0.037151
v 0.041731 0.193500 0.040234
v 0.038952 0.194973 0.042973
v 0.041127 0.194083 0.040897
v 0.038741 0.196021 0.043097
v 0.038765 0.195121 0.043121
v 0.037435 0.197082 0.044301
v 0.036741 0.197562 0.044842
v 0.033766 0.199621 0.047158
v 0.032505 0.200035 0.048035
v 0.031241 0.201108 0.048812
v 0.031199 0.201133 0.048839
v 0.054460 0.171872 0.022301
v 0.055032 0.170302 0.020505
v 0.055077 0.170180 0.020365
v 0.055855 0.167629 0.016949
v 0.056221 0.166222 0.014627
v 0.053851 0.173542 0.024212
v 0.052805 0.175930 0.026659
v 0.052342 0.176986 0.027742
v 0.050527 0.180448 0.031043
v 0.050321 0.180841 0.031418
v 0.049828 0.181628 0.032135
v 0.041861 0.192145 0.041503
v 0.045129 0.188433 0.038247
v 0.045250 0.188270 0.038102
v 0.046106 0.187118 0.037080
v 0.047927 0.184665 0.034903
v 0.041757 0.192245 0.041590
v 0.038767 0.195125 0.044112
v 0.038554 0.195331 0.044291
v 0.031236 0.200870 0.049185
v 0.027098 0.203280 0.051353
v 0.031241 0.200867 0.049182
v 0.031266 0.200849 0.049167
v 0.034796 0.198403 0.046994
v 0.036724 0.196827 0.045608
v 0.046146 0.188068 0.035983
v 0.055037 0.171187 0.019495
v 0.052835 0.177103 0.025274
v 0.049856 0.182756 0.030796
v -0.043683 0.217343 0.017344
v -0.039297 0.217343 0.025783
v -0.016737 0.216364 0.016810
v -0.033612 0.216702 -0.000135
v -0.045348 0.217343 -0.011920
v -0.045761 0.217343 -0.010719
v -0.046982 0.217343 -0.001288
v -0.046280 0.217343 0.008196
v -0.045326 0.217343 0.011556
v -0.042667 0.217343 -0.019711
v -0.016710 0.216367 -0.016980
v -0.037826 0.217343 -0.027897
v -0.023759 0.217343 -0.040553
v -0.031436 0.217343 -0.034940
v -0.032942 0.217343 -0.033280
v 0.013023 0.217343 -0.045160
v 0.011841 0.217343 -0.045374
v 0.000205 0.216710 -0.033812
v 0.003666 0.217343 -0.046857
v -0.005841 0.217343 -0.046636
v -0.011313 0.217343 -0.045378
v -0.015110 0.217343 -0.044505
v 0.029777 0.217343 -0.036364
v 0.021847 0.217343 -0.041614
v 0.017080 0.216372 -0.016867
v 0.045213 0.217343 -0.012836
v 0.041704 0.217343 -0.021675
v 0.045466 0.217343 -0.011410
v 0.036487 0.217343 -0.029626
v 0.033203 0.217343 -0.032923
v 0.046611 0.217343 0.006034
v 0.046872 0.217343 -0.003472
v 0.033955 0.216715 0.000078
v 0.027740 0.217343 0.037941
v 0.033143 0.217343 0.033079
v 0.017054 0.216373 0.016923
v 0.034809 0.217343 0.031580
v 0.040454 0.217343 0.023927
v 0.044442 0.217343 0.015294
v 0.045331 0.217343 0.011501
v -0.017525 0.217343 0.043611
v -0.011521 0.217343 0.045342
v 0.000138 0.216707 0.033755
v -0.008387 0.217343 0.046246
v 0.001093 0.217343 0.046987
v 0.010530 0.217343 0.045805
v 0.011732 0.217343 0.045397
v 0.019535 0.217343 0.042748
v -0.033303 0.217343 0.033165
v -0.033224 0.217343 0.033230
v -0.025945 0.217343 0.039190
v 0.000172 0.216030 -0.000028
v -0.033303 0.217000 0.033165
v -0.039297 0.217000 0.025783
v -0.043683 0.217000 0.017344
v -0.046280 0.217000 0.008196
v -0.046982 0.217000 -0.001288
v -0.045761 0.217000 -0.010719
v -0.042667 0.217000 -0.019711
v -0.037826 0.217000 -0.027897
v -0.031436 0.217000 -0.034940
v -0.023759 0.217000 -0.040553
v -0.015110 0.217000 -0.044505
v -0.005841 0.217000 -0.046636
v 0.003666 0.217000 -0.046857
v 0.013023 0.217000 -0.045160
v 0.021847 0.217000 -0.041614
v 0.029777 0.217000 -0.036364
v 0.036487 0.217000 -0.029626
v 0.041704 0.217000 -0.021675
v 0.045213 0.217000 -0.012836
v 0.046872 0.217000 -0.003472
v 0.046611 0.217000 0.006034
v 0.044442 0.217000 0.015294
v 0.040454 0.217000 0.023927
v 0.034809 0.217000 0.031580
v 0.027740 0.217000 0.037941
v 0.019535 0.217000 0.042748
v 0.010530 0.217000 0.045805
v 0.001093 0.217000 0.046987
v -0.008387 0.217000 0.046246
v -0.017525 0.217000 0.043611
v -0.025945 0.217000 0.039190
v 0.030093 0.217000 -0.036751
v 0.022079 0.217000 -0.042057
v 0.013162 0.217000 -0.045640
v 0.003705 0.217000 -0.047355
v -0.005904 0.217000 -0.047132
v -0.015270 0.217000 -0.044979
v -0.024012 0.217000 -0.040984
v -0.031770 0.217000 -0.035311
v -0.038228 0.217000 -0.028193
v -0.043121 0.217000 -0.019921
v -0.046248 0.217000 -0.010833
v -0.047482 0.217000 -0.001302
v -0.046772 0.217000 0.008283
v -0.044147 0.217000 0.017529
v -0.039715 0.217000 0.026057
v -0.033657 0.217000 0.033518
v -0.026221 0.217000 0.039607
v -0.017711 0.217000 0.044074
v -0.008477 0.217000 0.046738
v 0.001105 0.217000 0.047487
v 0.010642 0.217000 0.046293
v 0.019742 0.217000 0.043203
v 0.028035 0.217000 0.038344
v 0.035180 0.217000 0.031916
v 0.040884 0.217000 0.024181
v 0.044915 0.217000 0.015456
v 0.047107 0.217000 0.006099
v 0.047370 0.217000 -0.003509
v 0.045694 0.217000 -0.012973
v 0.042148 0.217000 -0.021905
v 0.036875 0.217000 -0.029941
v -0.033577 0.217372 0.033584
v -0.026221 0.217372 0.039607
v -0.017711 0.217372 0.044074
v -0.011435 0.217372 0.045884
v -0.008477 0.217372 0.046738
v 0.001105 0.217372 0.047487
v 0.010642 0.217372 0.046293
v 0.011658 0.217372 0.045947
v 0.019742 0.217372 0.043203
v 0.028035 0.217372 0.038344
v 0.033496 0.217372 0.033431
v 0.035180 0.217372 0.031916
v 0.040884 0.217372 0.024181
v 0.044915 0.217372 0.015456
v 0.045864 0.217372 0.011404
v 0.047107 0.217372 0.006099
v 0.047370 0.217372 -0.003509
v 0.045990 0.217372 -0.011304
v 0.045694 0.217372 -0.012973
v 0.042148 0.217372 -0.021905
v 0.036875 0.217372 -0.029941
v 0.033557 0.217372 -0.033273
v 0.030093 0.217372 -0.036751
v 0.022079 0.217372 -0.042057
v 0.013162 0.217372 -0.045640
v 0.011741 0.217372 -0.045898
v 0.003705 0.217372 -0.047355
v -0.005904 0.217372 -0.047132
v -0.011214 0.217372 -0.045911
v -0.015270 0.217372 -0.044979
v -0.024012 0.217372 -0.040984
v -0.031770 0.217372 -0.035311
v -0.033292 0.217372 -0.033634
v -0.038228 0.217372 -0.028193
v -0.043121 0.217372 -0.019921
v -0.045899 0.217372 -0.011848
v -0.046248 0.217372 -0.010833
v -0.047482 0.217372 -0.001302
v -0.046772 0.217372 0.008283
v -0.045867 0.217372 0.011472
v -0.044147 0.217372 0.017529
v -0.039715 0.217372 0.026057
v -0.033657 0.217372 0.033518
v -0.042064 0.217393 0.022856
v -0.038383 0.217393 0.028610
v -0.033921 0.217393 0.033781
v -0.047743 0.217393 -0.003514
v -0.047757 0.217393 0.003316
v -0.046799 0.217393 0.010079
v -0.046275 0.217393 0.011879
v -0.044889 0.217393 0.016637
v -0.041969 0.217393 -0.023030
v -0.044819 0.217393 -0.016822
v -0.046201 0.217393 -0.012152
v -0.046757 0.217393 -0.010273
v -0.028610 0.217393 -0.038383
v -0.033671 0.217393 -0.034015
v -0.033781 0.217393 -0.033921
v -0.038264 0.217393 -0.028768
v -0.003316 0.217393 -0.047757
v -0.010079 0.217393 -0.046799
v -0.011645 0.217393 -0.046343
v -0.016637 0.217393 -0.044889
v -0.022856 0.217393 -0.042064
v 0.016822 0.217393 -0.044819
v 0.012070 0.217393 -0.046225
v 0.010273 0.217393 -0.046757
v 0.003514 0.217393 -0.047743
v 0.038383 0.217393 -0.028610
v 0.033988 0.217393 -0.033703
v 0.033921 0.217393 -0.033781
v 0.028768 0.217393 -0.038264
v 0.023030 0.217393 -0.041969
v 0.046341 0.217393 -0.011654
v 0.044889 0.217393 -0.016637
v 0.042064 0.217393 -0.022856
v 0.046295 0.217393 0.011836
v 0.046757 0.217393 0.010273
v 0.047743 0.217393 0.003514
v 0.047757 0.217393 -0.003316
v 0.046799 0.217393 -0.010079
v 0.033876 0.217393 0.033812
v 0.038264 0.217393 0.028768
v 0.041969 0.217393 0.023030
v 0.044819 0.217393 0.016822
v 0.016637 0.217393 0.044889
v 0.022856 0.217393 0.042064
v 0.028610 0.217393 0.038383
v 0.033781 0.217393 0.033921
v -0.010273 0.217393 0.046757
v -0.003514 0.217393 0.047743
v 0.003316 0.217393 0.047757
v 0.010079 0.217393 0.046799
v 0.011961 0.217393 0.046251
v -0.033843 0.217393 0.033849
v -0.028768 0.217393 0.038264
v -0.023030 0.217393 0.041969
v -0.016822 0.217393 0.044819
v -0.011845 0.217393 0.046292
v -0.023151 0.217375 0.042191
v 0.023151 0.217375 -0.042191
v -0.042069 0.217375 0.023316
v -0.047557 0.217375 0.006533
v -0.047047 0.217375 0.010132
v -0.045577 0.217375 0.015175
v -0.045126 0.217375 0.016725
v -0.042286 0.217375 0.022977
v -0.047998 0.217375 -0.002322
v -0.048010 0.217375 0.003334
v -0.043877 0.217375 -0.019480
v -0.045056 0.217375 -0.016911
v -0.046775 0.217375 -0.011101
v -0.047004 0.217375 -0.010327
v -0.047996 0.217375 -0.003533
v -0.033959 0.217375 -0.034100
v -0.038467 0.217375 -0.028920
v -0.039561 0.217375 -0.027224
v -0.042191 0.217375 -0.023151
v -0.028761 0.217375 -0.038586
v -0.027060 0.217375 -0.039674
v -0.010907 0.217375 -0.046821
v -0.016725 0.217375 -0.045126
v -0.019299 0.217375 -0.043957
v -0.022977 0.217375 -0.042286
v -0.002123 0.217375 -0.048007
v -0.003334 0.217375 -0.048010
v -0.010132 0.217375 -0.047047
v 0.016911 0.217375 -0.045056
v 0.015363 0.217375 -0.045514
v 0.010327 0.217375 -0.047004
v 0.006730 0.217375 -0.047529
v 0.003533 0.217375 -0.047996
v 0.037003 0.217375 -0.030595
v 0.034100 0.217375 -0.033959
v 0.030748 0.217375 -0.036876
v 0.028920 0.217375 -0.038467
v 0.023490 0.217375 -0.041972
v 0.042069 0.217375 -0.023316
v 0.038586 0.217375 -0.028761
v 0.047557 0.217375 -0.006533
v 0.047047 0.217375 -0.010132
v 0.045577 0.217375 -0.015175
v 0.045126 0.217375 -0.016725
v 0.042286 0.217375 -0.022977
v 0.047998 0.217375 0.002322
v 0.048010 0.217375 -0.003334
v 0.043877 0.217375 0.019480
v 0.045056 0.217375 0.016911
v 0.046775 0.217375 0.011101
v 0.047004 0.217375 0.010327
v 0.047996 0.217375 0.003533
v 0.033959 0.217375 0.034100
v 0.038467 0.217375 0.028920
v 0.039561 0.217375 0.027224
v 0.042191 0.217375 0.023151
v 0.028761 0.217375 0.038586
v 0.027060 0.217375 0.039674
v 0.010907 0.217375 0.046821
v 0.016725 0.217375 0.045126
v 0.019299 0.217375 0.043957
v 0.022977 0.217375 0.042286
v 0.002123 0.217375 0.048007
v 0.003334 0.217375 0.048010
v 0.010132 0.217375 0.047047
v -0.016911 0.217375 0.045056
v -0.015363 0.217375 0.045514
v -0.010327 0.217375 0.047004
v -0.006730 0.217375 0.047529
v -0.003533 0.217375 0.047996
v -0.038586 0.217375 0.028761
v -0.037003 0.217375 0.030595
v -0.034100 0.217375 0.033959
v -0.030748 0.217375 0.036876
v -0.028920 0.217375 0.038467
v -0.023490 0.217375 0.041972
v -0.036563 0.215561 0.043851
v 0.036563 0.215561 -0.043851
v 0.039053 0.215969 0.038945
v 0.038935 0.215965 0.039096
v 0.040360 0.215561 0.040527
v 0.038849 0.215961 0.039205
v 0.036911 0.216110 0.040028
v 0.034725 0.215561 0.045449
v 0.037957 0.216003 0.039779
v 0.038076 0.215998 0.039703
v 0.036883 0.216114 0.040025
v 0.035833 0.216273 0.039911
v 0.032160 0.215561 0.047155
v 0.035668 0.216306 0.039835
v 0.034972 0.216446 0.039516
v 0.033584 0.216997 0.037063
v 0.033586 0.217104 0.036336
v 0.034601 0.216538 0.039231
v 0.033927 0.216755 0.038382
v 0.033881 0.216781 0.038246
v 0.033583 0.216950 0.037381
v 0.033754 0.217152 0.035848
v 0.033925 0.217200 0.035354
v 0.034372 0.217220 0.034780
v 0.034488 0.217225 0.034631
v 0.034568 0.217228 0.034529
v 0.035350 0.217187 0.034023
v 0.035459 0.217182 0.033952
v 0.036507 0.217063 0.033700
v 0.038447 0.216707 0.034210
v 0.038819 0.216614 0.034494
v 0.047021 0.215561 0.032355
v 0.036541 0.217058 0.033704
v 0.037588 0.216888 0.033816
v 0.037753 0.216853 0.033892
v 0.039496 0.216400 0.035345
v 0.039542 0.216375 0.035478
v 0.045305 0.215561 0.034913
v 0.039840 0.216215 0.036344
v 0.039839 0.216171 0.036663
v 0.039838 0.216073 0.037392
v 0.039670 0.216030 0.037877
v 0.039497 0.215986 0.038379
v -0.034506 0.217219 -0.034649
v -0.034639 0.217220 -0.034513
v -0.034853 0.217221 -0.034296
v -0.035701 0.217156 -0.033879
v -0.035811 0.217148 -0.033824
v -0.036886 0.217008 -0.033698
v -0.036922 0.217001 -0.033706
v -0.037946 0.216818 -0.033943
v -0.038100 0.216782 -0.034037
v -0.038752 0.216632 -0.034435
v -0.039087 0.216538 -0.034762
v -0.047021 0.215561 -0.032355
v -0.039654 0.216331 -0.035681
v -0.045305 0.215561 -0.034913
v -0.039686 0.216307 -0.035827
v -0.039879 0.216159 -0.036710
v -0.039840 0.216120 -0.037042
v -0.039756 0.216036 -0.037748
v -0.040360 0.215561 -0.040527
v -0.039524 0.216002 -0.038231
v -0.039303 0.215970 -0.038690
v -0.038918 0.215969 -0.039079
v -0.038781 0.215969 -0.039217
v -0.037605 0.216034 -0.039906
v -0.034725 0.215561 -0.045449
v -0.037720 0.216026 -0.039850
v -0.038562 0.215968 -0.039438
v -0.034668 0.216521 -0.039289
v -0.034333 0.216614 -0.038962
v -0.036532 0.216161 -0.040030
v -0.036499 0.216167 -0.040022
v -0.032160 0.215561 -0.047155
v -0.035474 0.216340 -0.039784
v -0.035319 0.216374 -0.039689
v -0.033769 0.216826 -0.038046
v -0.033737 0.216852 -0.037898
v -0.033545 0.217009 -0.037017
v -0.033584 0.217052 -0.036686
v -0.033666 0.217145 -0.035983
v -0.033898 0.217183 -0.035500
v -0.034116 0.217218 -0.035045
v 0.049474 0.215561 0.028700
v 0.052211 0.215561 0.023179
v 0.044002 0.215561 -0.036382
v 0.045449 0.215561 -0.034725
v 0.049592 0.215561 -0.028496
v 0.049980 0.215561 -0.027706
v 0.052887 0.215561 -0.021779
v 0.054153 0.215561 -0.018025
v 0.055278 0.215561 -0.014689
v 0.056637 0.215561 -0.007780
v 0.056722 0.215561 -0.007348
v 0.057196 0.215561 0.000118
v 0.057018 0.215561 0.002752
v 0.056691 0.215561 0.007583
v 0.055563 0.215561 0.013193
v 0.055216 0.215561 0.014918
v 0.052797 0.215561 0.021997
v 0.033960 0.217170 -0.035526
v 0.033720 0.217090 -0.036304
v 0.033738 0.217025 -0.036734
v 0.033766 0.216924 -0.037390
v 0.033984 0.216815 -0.037925
v 0.034177 0.216719 -0.038396
v 0.034656 0.216576 -0.038932
v 0.034896 0.216504 -0.039199
v 0.035658 0.216340 -0.039616
v 0.035829 0.216303 -0.039709
v 0.036854 0.216140 -0.039880
v 0.036866 0.216138 -0.039883
v 0.037897 0.216022 -0.039709
v 0.040527 0.215561 -0.040360
v 0.038061 0.216011 -0.039623
v 0.038749 0.215968 -0.039261
v 0.039110 0.215961 -0.038949
v 0.039692 0.215990 -0.038145
v 0.039768 0.216013 -0.037898
v 0.040008 0.216085 -0.037120
v 0.039990 0.216146 -0.036690
v 0.039962 0.216238 -0.036037
v 0.039743 0.216342 -0.035498
v 0.039552 0.216433 -0.035029
v 0.039070 0.216577 -0.034491
v 0.038831 0.216648 -0.034224
v 0.038068 0.216817 -0.033808
v 0.037894 0.216856 -0.033713
v 0.036874 0.217030 -0.033544
v 0.036857 0.217033 -0.033541
v 0.034979 0.217221 -0.034163
v 0.035667 0.217172 -0.033801
v 0.035831 0.217160 -0.033715
v 0.034618 0.217229 -0.034475
v 0.034037 0.217196 -0.035277
v 0.034913 0.215561 -0.045305
v 0.028700 0.215561 -0.049474
v 0.027913 0.215561 -0.049865
v 0.021997 0.215561 -0.052797
v 0.018249 0.215561 -0.054078
v 0.014918 0.215561 -0.055216
v 0.008014 0.215561 -0.056605
v 0.007583 0.215561 -0.056691
v 0.000118 0.215561 -0.057196
v -0.002516 0.215561 -0.057029
v -0.007348 0.215561 -0.056722
v -0.012963 0.215561 -0.055617
v -0.014689 0.215561 -0.055278
v -0.021779 0.215561 -0.052887
v -0.022963 0.215561 -0.052306
v -0.028496 0.215561 -0.049592
v -0.049474 0.215561 -0.028700
v -0.052211 0.215561 -0.023179
v -0.044002 0.215561 0.036382
v -0.045449 0.215561 0.034725
v -0.049592 0.215561 0.028496
v -0.049980 0.215561 0.027706
v -0.052887 0.215561 0.021779
v -0.054153 0.215561 0.018025
v -0.055278 0.215561 0.014689
v -0.056637 0.215561 0.007780
v -0.056722 0.215561 0.007348
v -0.057196 0.215561 -0.000118
v -0.057018 0.215561 -0.002752
v -0.056691 0.215561 -0.007583
v -0.055563 0.215561 -0.013193
v -0.055216 0.215561 -0.014918
v -0.052797 0.215561 -0.021997
v -0.040008 0.216085 0.037120
v -0.039990 0.216146 0.036688
v -0.039962 0.216238 0.036037
v -0.039742 0.216343 0.035495
v -0.039552 0.216433 0.035029
v -0.039068 0.216577 0.034488
v -0.038831 0.216648 0.034224
v -0.038066 0.216818 0.033806
v -0.037894 0.216856 0.033713
v -0.036872 0.217031 0.033544
v -0.036857 0.217033 0.033541
v -0.035831 0.217160 0.033715
v -0.035666 0.217172 0.033801
v -0.034979 0.217221 0.034163
v -0.034618 0.217229 0.034475
v -0.034037 0.217196 0.035277
v -0.033960 0.217170 0.035526
v -0.033720 0.217090 0.036304
v -0.033738 0.217025 0.036732
v -0.033766 0.216924 0.037390
v -0.033983 0.216816 0.037922
v -0.034177 0.216719 0.038396
v -0.034655 0.216576 0.038929
v -0.034896 0.216504 0.039199
v -0.035656 0.216340 0.039615
v -0.035829 0.216303 0.039709
v -0.036853 0.216140 0.039880
v -0.038749 0.215968 0.039261
v -0.039110 0.215961 0.038949
v -0.040527 0.215561 0.040360
v -0.036866 0.216138 0.039883
v -0.037897 0.216022 0.039709
v -0.038061 0.216011 0.039623
v -0.039692 0.215990 0.038145
v -0.039768 0.216013 0.037897
v -0.034913 0.215561 0.045305
v -0.028700 0.215561 0.049474
v -0.027913 0.215561 0.049865
v -0.021997 0.215561 0.052797
v -0.018249 0.215561 0.054078
v -0.014918 0.215561 0.055216
v -0.008014 0.215561 0.056605
v -0.007583 0.215561 0.056691
v -0.000118 0.215561 0.057196
v 0.002516 0.215561 0.057029
v 0.007348 0.215561 0.056722
v 0.012963 0.215561 0.055617
v 0.014689 0.215561 0.055278
v 0.021779 0.215561 0.052887
v 0.022963 0.215561 0.052306
v 0.028496 0.215561 0.049592
v 0.039656 0.216184 -0.035645
v 0.039594 0.216209 -0.035538
v 0.038276 0.215855 -0.039330
v 0.038971 0.215830 -0.038810
v 0.036288 0.216095 -0.039641
v 0.036838 0.216015 -0.039649
v 0.037315 0.215945 -0.039656
v 0.037616 0.215917 -0.039554
v 0.037977 0.215883 -0.039432
v 0.034097 0.216687 -0.037848
v 0.034539 0.216504 -0.038612
v 0.034751 0.216446 -0.038792
v 0.035321 0.216289 -0.039277
v 0.035709 0.216211 -0.039423
v 0.036086 0.216136 -0.039565
v 0.033846 0.216893 -0.036761
v 0.033982 0.216762 -0.037470
v 0.034033 0.216713 -0.037737
v 0.034414 0.217090 -0.034937
v 0.034093 0.217040 -0.035574
v 0.033985 0.217023 -0.035789
v 0.033966 0.217005 -0.035926
v 0.033853 0.216899 -0.036717
v 0.034765 0.217083 -0.034628
v 0.035413 0.217070 -0.034058
v 0.037407 0.216806 -0.033746
v 0.036853 0.216894 -0.033738
v 0.036376 0.216969 -0.033730
v 0.036075 0.217001 -0.033833
v 0.035713 0.217038 -0.033956
v 0.039151 0.216386 -0.034774
v 0.038939 0.216445 -0.034593
v 0.038372 0.216602 -0.034111
v 0.037981 0.216685 -0.033963
v 0.037606 0.216764 -0.033821
v 0.039709 0.216137 -0.035917
v 0.039845 0.216016 -0.036621
v 0.039838 0.216010 -0.036670
v 0.039725 0.215914 -0.037461
v 0.039706 0.215897 -0.037598
v 0.039598 0.215882 -0.037812
v 0.039278 0.215837 -0.038450
v 0.038030 0.216649 0.034160
v 0.037675 0.216720 0.034052
v 0.037464 0.216762 0.033988
v 0.037074 0.216840 0.033870
v 0.036533 0.216922 0.033890
v 0.036090 0.216988 0.033907
v 0.034595 0.217091 0.034742
v 0.035176 0.217077 0.034258
v 0.035404 0.217054 0.034170
v 0.035931 0.217003 0.033968
v 0.034456 0.217095 0.034859
v 0.034417 0.217096 0.034891
v 0.033899 0.217041 0.035754
v 0.033695 0.216915 0.036757
v 0.033835 0.217001 0.036071
v 0.033875 0.217026 0.035875
v 0.034568 0.216445 0.038962
v 0.034054 0.216649 0.038123
v 0.033842 0.216734 0.037778
v 0.033818 0.216763 0.037612
v 0.033734 0.216867 0.037028
v 0.036305 0.216065 0.039820
v 0.035923 0.216137 0.039703
v 0.035710 0.216178 0.039638
v 0.035351 0.216245 0.039528
v 0.034710 0.216408 0.039066
v 0.038791 0.215836 0.038948
v 0.038212 0.215849 0.039433
v 0.037985 0.215869 0.039520
v 0.037455 0.215915 0.039723
v 0.037292 0.215929 0.039785
v 0.036855 0.215989 0.039801
v 0.038932 0.215833 0.038830
v 0.038973 0.215832 0.038796
v 0.039489 0.215881 0.037934
v 0.039692 0.215995 0.036934
v 0.039553 0.215917 0.037620
v 0.039513 0.215895 0.037814
v 0.038687 0.216483 0.034604
v 0.038819 0.216445 0.034729
v 0.039331 0.216246 0.035565
v 0.039545 0.216163 0.035914
v 0.039569 0.216136 0.036079
v 0.039653 0.216040 0.036661
v -0.039656 0.216184 0.035645
v -0.039593 0.216209 0.035535
v -0.037407 0.216806 0.033746
v -0.036851 0.216894 0.033738
v -0.036376 0.216969 0.033730
v -0.036075 0.217001 0.033833
v -0.039151 0.216386 0.034774
v -0.038940 0.216445 0.034594
v -0.038936 0.216446 0.034591
v -0.038372 0.216602 0.034111
v -0.037978 0.216685 0.033962
v -0.037606 0.216764 0.033821
v -0.039709 0.216137 0.035917
v -0.039845 0.216016 0.036621
v -0.039838 0.216010 0.036668
v -0.039725 0.215914 0.037461
v -0.039706 0.215897 0.037598
v -0.039598 0.215882 0.037812
v -0.039278 0.215837 0.038450
v -0.038926 0.215844 0.038759
v -0.038276 0.215855 0.039330
v -0.036288 0.216095 0.039641
v -0.036837 0.216015 0.039649
v -0.037315 0.215945 0.039656
v -0.037616 0.215917 0.039554
v -0.037978 0.215883 0.039432
v -0.034751 0.216446 0.038792
v -0.035321 0.216289 0.039277
v -0.035707 0.216212 0.039422
v -0.036086 0.216136 0.039565
v -0.034096 0.216687 0.037846
v -0.034539 0.216504 0.038612
v -0.034749 0.216446 0.038791
v -0.033846 0.216893 0.036761
v -0.033982 0.216762 0.037470
v -0.034033 0.216713 0.037737
v -0.034414 0.217090 0.034937
v -0.034093 0.217040 0.035574
v -0.033985 0.217023 0.035789
v -0.033966 0.217005 0.035926
v -0.033853 0.216899 0.036715
v -0.035713 0.217038 0.033956
v -0.035412 0.217070 0.034058
v -0.034720 0.217098 0.034576
v -0.037453 0.215917 -0.039710
v -0.037125 0.215949 -0.039814
v -0.036493 0.216041 -0.039801
v -0.036137 0.216093 -0.039793
v -0.035921 0.216136 -0.039714
v -0.039383 0.215865 -0.038151
v -0.038858 0.215830 -0.038923
v -0.038804 0.215832 -0.038963
v -0.038658 0.215837 -0.039072
v -0.038064 0.215858 -0.039514
v -0.037644 0.215899 -0.039649
v -0.039595 0.216131 -0.036085
v -0.039674 0.215985 -0.037020
v -0.039682 0.215971 -0.037110
v -0.039548 0.215918 -0.037617
v -0.039421 0.215868 -0.038094
v -0.038008 0.216650 -0.034178
v -0.038187 0.216613 -0.034244
v -0.038804 0.216445 -0.034747
v -0.038940 0.216408 -0.034857
v -0.039487 0.216177 -0.035882
v -0.039591 0.216133 -0.036076
v -0.037465 0.216764 -0.033978
v -0.037247 0.216809 -0.033897
v -0.036891 0.216866 -0.033890
v -0.036261 0.216966 -0.033877
v -0.035934 0.217001 -0.033981
v -0.034001 0.217058 -0.035542
v -0.034536 0.217098 -0.034761
v -0.034582 0.217096 -0.034727
v -0.034725 0.217090 -0.034621
v -0.035328 0.217066 -0.034175
v -0.035740 0.217022 -0.034043
v -0.033884 0.216722 -0.037816
v -0.033796 0.216766 -0.037615
v -0.033791 0.216769 -0.037603
v -0.033714 0.216926 -0.036671
v -0.033706 0.216942 -0.036575
v -0.033840 0.217000 -0.036074
v -0.033969 0.217056 -0.035589
v -0.035375 0.216245 -0.039512
v -0.035198 0.216280 -0.039446
v -0.034568 0.216445 -0.038962
v -0.034454 0.216483 -0.038821
v -0.034165 0.216581 -0.038460
v -0.045777 0.215373 0.034976
v -0.022267 0.215022 0.053444
v -0.015101 0.215022 0.055893
v -0.015025 0.215373 0.055615
v 0.007438 0.215022 0.057417
v 0.014869 0.215022 0.055955
v 0.014795 0.215373 0.055677
v 0.057386 0.215022 0.007676
v 0.057897 0.215022 0.000120
v 0.057609 0.215373 0.000119
v 0.041024 0.215022 -0.040855
v 0.035340 0.215022 -0.045860
v 0.035165 0.215373 -0.045632
v -0.007438 0.215022 -0.057417
v -0.014869 0.215022 -0.055955
v -0.014795 0.215373 -0.055677
v -0.057386 0.215022 -0.007676
v -0.057897 0.215022 -0.000120
v -0.057609 0.215373 -0.000119
v -0.053536 0.215022 0.022046
v -0.050200 0.215022 0.028845
v -0.049951 0.215373 0.028701
v -0.046006 0.215022 0.035150
v -0.041024 0.215022 0.040855
v -0.040820 0.215373 0.040652
v 0.018279 0.214580 0.054914
v 0.022085 0.214580 0.053631
v 0.022046 0.215022 0.053536
v 0.032810 0.214580 -0.047682
v 0.029104 0.214580 -0.050169
v 0.029052 0.215022 -0.050080
v -0.018279 0.214580 -0.054914
v -0.022085 0.214580 -0.053631
v -0.022046 0.215022 -0.053536
v -0.041097 0.214580 0.040927
v -0.046087 0.214580 0.035213
v -0.047817 0.214580 0.032612
v -0.056055 0.214580 0.014896
v -0.053631 0.214580 0.022085
v -0.053042 0.214580 0.023286
v -0.050289 0.214580 0.028896
v -0.057830 0.214580 0.002552
v -0.057519 0.214580 0.007452
v -0.057417 0.215022 0.007438
v -0.056399 0.214580 0.013145
v -0.055955 0.215022 0.014869
v -0.055993 0.214580 -0.015127
v -0.057400 0.214580 -0.008126
v -0.057488 0.214580 -0.007689
v -0.058000 0.214580 -0.000120
v -0.054838 0.214580 -0.018506
v -0.055893 0.215022 -0.015101
v -0.053444 0.215022 -0.022267
v -0.045941 0.214580 -0.035403
v -0.050169 0.214580 -0.029104
v -0.050080 0.215022 -0.029052
v -0.050565 0.214580 -0.028305
v -0.053539 0.214580 -0.022306
v -0.044467 0.214580 -0.037077
v -0.045860 0.215022 -0.035340
v -0.040855 0.215022 -0.041024
v -0.035150 0.215022 -0.046006
v -0.036893 0.214580 -0.044620
v -0.040927 0.214580 -0.041097
v -0.028845 0.215022 -0.050200
v -0.028095 0.214580 -0.050682
v -0.028896 0.214580 -0.050289
v -0.035213 0.214580 -0.046087
v 0.000120 0.214580 -0.058000
v -0.007452 0.214580 -0.057519
v -0.007889 0.214580 -0.057433
v -0.014896 0.214580 -0.056055
v 0.002791 0.214580 -0.057819
v 0.000120 0.215022 -0.057897
v 0.007676 0.215022 -0.057386
v 0.022306 0.214580 -0.053539
v 0.015127 0.214580 -0.055993
v 0.015101 0.215022 -0.055893
v 0.013378 0.214580 -0.056344
v 0.007689 0.214580 -0.057488
v 0.023505 0.214580 -0.052945
v 0.022267 0.215022 -0.053444
v 0.035403 0.214580 -0.045941
v 0.041097 0.214580 -0.040927
v 0.046087 0.214580 -0.035213
v 0.047817 0.214580 -0.032612
v 0.046006 0.215022 -0.035150
v 0.050200 0.215022 -0.028845
v 0.056055 0.214580 -0.014896
v 0.053631 0.214580 -0.022085
v 0.053536 0.215022 -0.022046
v 0.053042 0.214580 -0.023286
v 0.050289 0.214580 -0.028896
v 0.057830 0.214580 -0.002552
v 0.057519 0.214580 -0.007452
v 0.057417 0.215022 -0.007438
v 0.056399 0.214580 -0.013145
v 0.055955 0.215022 -0.014869
v 0.055993 0.214580 0.015127
v 0.057400 0.214580 0.008126
v 0.057488 0.214580 0.007689
v 0.058000 0.214580 0.000120
v 0.054838 0.214580 0.018506
v 0.055893 0.215022 0.015101
v 0.053444 0.215022 0.022267
v 0.045941 0.214580 0.035403
v 0.050169 0.214580 0.029104
v 0.050080 0.215022 0.029052
v 0.050565 0.214580 0.028305
v 0.053539 0.214580 0.022306
v 0.044467 0.214580 0.037077
v 0.045860 0.215022 0.035340
v 0.040855 0.215022 0.041024
v 0.035150 0.215022 0.046006
v 0.036893 0.214580 0.044620
v 0.040927 0.214580 0.041097
v 0.028845 0.215022 0.050200
v 0.028095 0.214580 0.050682
v 0.028896 0.214580 0.050289
v 0.035213 0.214580 0.046087
v -0.000120 0.214580 0.058000
v 0.007452 0.214580 0.057519
v 0.007889 0.214580 0.057433
v 0.014896 0.214580 0.056055
v -0.013378 0.214580 0.056344
v -0.007689 0.214580 0.057488
v -0.007676 0.215022 0.057386
v -0.002791 0.214580 0.057819
v -0.000120 0.215022 0.057897
v -0.029104 0.214580 0.050169
v -0.023505 0.214580 0.052945
v -0.022306 0.214580 0.053539
v -0.015127 0.214580 0.055993
v -0.035403 0.214580 0.045941
v -0.035340 0.215022 0.045860
v -0.057132 0.215373 0.007401
v -0.055677 0.215373 0.014795
v -0.053270 0.215373 0.021936
v -0.057101 0.215373 -0.007638
v -0.055615 0.215373 -0.015025
v -0.053178 0.215373 -0.022156
v -0.021936 0.215373 -0.053270
v -0.028701 0.215373 -0.049951
v -0.034976 0.215373 -0.045777
v -0.040652 0.215373 -0.040820
v -0.045632 0.215373 -0.035165
v -0.049831 0.215373 -0.028908
v -0.007401 0.215373 -0.057132
v 0.000119 0.215373 -0.057609
v 0.007638 0.215373 -0.057101
v 0.015025 0.215373 -0.055615
v 0.022156 0.215373 -0.053178
v 0.028908 0.215373 -0.049831
v 0.040820 0.215373 -0.040652
v 0.045777 0.215373 -0.034976
v 0.049951 0.215373 -0.028701
v 0.057132 0.215373 -0.007401
v 0.055677 0.215373 -0.014795
v 0.053270 0.215373 -0.021936
v 0.057101 0.215373 0.007638
v 0.055615 0.215373 0.015025
v 0.053178 0.215373 0.022156
v 0.021936 0.215373 0.053270
v 0.028701 0.215373 0.049951
v 0.034976 0.215373 0.045777
v 0.040652 0.215373 0.040820
v 0.045632 0.215373 0.035165
v 0.049831 0.215373 0.028908
v -0.007638 0.215373 0.057101
v -0.000119 0.215373 0.057609
v 0.007401 0.215373 0.057132
v -0.028908 0.215373 0.049831
v -0.035165 0.215373 0.045632
v -0.022156 0.215373 0.053178
v -0.029052 0.215022 0.050080
v -0.032810 0.214580 0.047682
v 0.037628 0.214000 -0.039590
v 0.039745 0.214000 -0.037464
v 0.038971 0.214000 -0.038810
v 0.039742 0.214000 -0.035911
v 0.038962 0.214000 -0.034568
v 0.037616 0.214000 -0.033794
v 0.036063 0.214000 -0.033797
v 0.034720 0.214000 -0.034576
v 0.033946 0.214000 -0.035923
v 0.033949 0.214000 -0.037476
v 0.034729 0.214000 -0.038819
v 0.036075 0.214000 -0.039593
v 0.034576 0.214000 0.034720
v 0.033797 0.214000 0.036063
v 0.037464 0.214000 0.039745
v 0.039593 0.214000 0.036075
v 0.038819 0.214000 0.034729
v 0.039590 0.214000 0.037628
v 0.038810 0.214000 0.038971
v 0.035911 0.214000 0.039742
v 0.034568 0.214000 0.038962
v 0.033794 0.214000 0.037616
v 0.035923 0.214000 0.033946
v 0.037476 0.214000 0.033949
v -0.038962 0.214000 0.034568
v -0.037628 0.214000 0.039590
v -0.034729 0.214000 0.038819
v -0.033946 0.214000 0.035923
v -0.034720 0.214000 0.034576
v -0.033949 0.214000 0.037476
v -0.036075 0.214000 0.039593
v -0.038971 0.214000 0.038810
v -0.039745 0.214000 0.037464
v -0.039742 0.214000 0.035911
v -0.037616 0.214000 0.033794
v -0.036063 0.214000 0.033797
v -0.039590 0.214000 -0.037628
v -0.035923 0.214000 -0.033946
v -0.034568 0.214000 -0.038962
v -0.033794 0.214000 -0.037616
v -0.033797 0.214000 -0.036063
v -0.034576 0.214000 -0.034720
v -0.037476 0.214000 -0.033949
v -0.038819 0.214000 -0.034729
v -0.039593 0.214000 -0.036075
v -0.038810 0.214000 -0.038971
v -0.037464 0.214000 -0.039745
v -0.035911 0.214000 -0.039742
v 0.023537 0.213100 -0.053009
v 0.032877 0.213100 -0.047782
v 0.013396 0.213100 -0.056432
v 0.002798 0.213100 -0.057932
v -0.007894 0.213100 -0.057460
v -0.018318 0.213100 -0.055031
v -0.036961 0.213100 -0.044698
v -0.028118 0.213100 -0.050728
v -0.044545 0.213100 -0.037145
v -0.050612 0.213100 -0.028328
v -0.054955 0.213100 -0.018546
v -0.057944 0.213100 0.002559
v -0.057427 0.213100 -0.008132
v -0.056487 0.213100 0.013162
v -0.053106 0.213100 0.023318
v -0.047918 0.213100 0.032679
v -0.041097 0.213100 0.040927
v -0.032877 0.213100 0.047782
v -0.013396 0.213100 0.056432
v -0.023537 0.213100 0.053009
v -0.002798 0.213100 0.057932
v 0.007894 0.213100 0.057460
v 0.018318 0.213100 0.055031
v 0.036961 0.213100 0.044698
v 0.028118 0.213100 0.050728
v 0.044545 0.213100 0.037145
v 0.050612 0.213100 0.028328
v 0.054955 0.213100 0.018546
v 0.057944 0.213100 -0.002559
v 0.057427 0.213100 0.008132
v 0.056487 0.213100 -0.013162
v 0.053106 0.213100 -0.023318
v 0.047918 0.213100 -0.032679
v 0.041097 0.213100 -0.040927
v 0.038487 0.214000 -0.036250
v 0.038489 0.214000 -0.037130
v 0.038050 0.214000 -0.037893
v 0.037289 0.214000 -0.038335
v 0.036409 0.214000 -0.038336
v 0.035646 0.214000 -0.037898
v 0.035204 0.214000 -0.037137
v 0.035203 0.214000 -0.036257
v 0.035641 0.214000 -0.035494
v 0.036402 0.214000 -0.035052
v 0.037282 0.214000 -0.035050
v 0.038045 0.214000 -0.035489
v 0.035494 0.214000 0.035641
v 0.035052 0.214000 0.036402
v 0.035050 0.214000 0.037282
v 0.035489 0.214000 0.038045
v 0.036250 0.214000 0.038487
v 0.037130 0.214000 0.038489
v 0.037893 0.214000 0.038050
v 0.038335 0.214000 0.037289
v 0.038336 0.214000 0.036409
v 0.037898 0.214000 0.035646
v 0.037137 0.214000 0.035204
v 0.036257 0.214000 0.035203
v -0.035203 0.214000 0.036257
v -0.035641 0.214000 0.035494
v -0.036402 0.214000 0.035052
v -0.037282 0.214000 0.035050
v -0.038045 0.214000 0.035489
v -0.038487 0.214000 0.036250
v -0.038489 0.214000 0.037130
v -0.038050 0.214000 0.037893
v -0.037289 0.214000 0.038335
v -0.036409 0.214000 0.038336
v -0.035646 0.214000 0.037898
v -0.035204 0.214000 0.037137
v -0.037893 0.214000 -0.038050
v -0.038335 0.214000 -0.037289
v -0.038336 0.214000 -0.036409
v -0.037898 0.214000 -0.035646
v -0.037137 0.214000 -0.035204
v -0.036257 0.214000 -0.035203
v -0.035494 0.214000 -0.035641
v -0.035052 0.214000 -0.036402
v -0.035050 0.214000 -0.037282
v -0.035489 0.214000 -0.038045
v -0.036250 0.214000 -0.038487
v -0.037130 0.214000 -0.038489
v -0.026819 0.213100 0.048875
v -0.035584 0.213100 0.042916
v -0.043063 0.213100 0.035406
v -0.048986 0.213100 0.026617
v -0.053138 0.213100 0.016865
v -0.055369 0.213100 0.006504
v -0.055600 0.213100 -0.004092
v -0.053820 0.213100 -0.014541
v -0.050096 0.213100 -0.024463
v -0.044561 0.213100 -0.033502
v -0.037415 0.213100 -0.041330
v -0.028918 0.213100 -0.047664
v -0.019375 0.213100 -0.052275
v -0.009131 0.213100 -0.054997
v 0.001442 0.213100 -0.055731
v 0.011963 0.213100 -0.054451
v 0.022052 0.213100 -0.051203
v 0.031344 0.213100 -0.046105
v 0.039503 0.213100 -0.039340
v 0.046234 0.213100 -0.031153
v 0.051294 0.213100 -0.021840
v 0.054500 0.213100 -0.011738
v 0.055737 0.213100 -0.001211
v 0.054959 0.213100 0.009359
v 0.052195 0.213100 0.019591
v 0.047544 0.213100 0.029114
v 0.041175 0.213100 0.037586
v 0.033317 0.213100 0.044699
v 0.024256 0.213100 0.050197
v 0.014318 0.213100 0.053880
v 0.003862 0.213100 0.055616
v -0.006733 0.213100 0.055342
v -0.017085 0.213100 0.053068
v 0.035641 0.209100 -0.035494
v 0.036402 0.209100 -0.035052
v 0.037282 0.209100 -0.035050
v 0.038045 0.209100 -0.035489
v 0.038487 0.209100 -0.036250
v 0.038489 0.209100 -0.037130
v 0.038050 0.209100 -0.037893
v 0.037289 0.209100 -0.038335
v 0.036409 0.209100 -0.038336
v 0.035646 0.209100 -0.037898
v 0.035204 0.209100 -0.037137
v 0.035203 0.209100 -0.036257
v 0.035489 0.209100 0.038045
v 0.036250 0.209100 0.038487
v 0.037130 0.209100 0.038489
v 0.037893 0.209100 0.038050
v 0.038335 0.209100 0.037289
v 0.038336 0.209100 0.036409
v 0.037898 0.209100 0.035646
v 0.037137 0.209100 0.035204
v 0.036257 0.209100 0.035203
v 0.035494 0.209100 0.035641
v 0.035052 0.209100 0.036402
v 0.035050 0.209100 0.037282
v -0.038050 0.209100 0.037893
v -0.037289 0.209100 0.038335
v -0.036409 0.209100 0.038336
v -0.035646 0.209100 0.037898
v -0.035204 0.209100 0.037137
v -0.035203 0.209100 0.036257
v -0.035641 0.209100 0.035494
v -0.036402 0.209100 0.035052
v -0.037282 0.209100 0.035050
v -0.038045 0.209100 0.035489
v -0.038487 0.209100 0.036250
v -0.038489 0.209100 0.037130
v -0.037898 0.209100 -0.035646
v -0.037137 0.209100 -0.035204
v -0.036257 0.209100 -0.035203
v -0.035494 0.209100 -0.035641
v -0.035052 0.209100 -0.036402
v -0.035050 0.209100 -0.037282
v -0.035489 0.209100 -0.038045
v -0.036250 0.209100 -0.038487
v -0.037130 0.209100 -0.038489
v -0.037893 0.209100 -0.038050
v -0.038335 0.209100 -0.037289
v -0.038336 0.209100 -0.036409
v 0.022052 0.209100 -0.051203
v 0.016398 0.209100 -0.053024
v -0.009131 0.209100 -0.054997
v 0.001442 0.209100 -0.055731
v 0.011963 0.209100 -0.054451
v -0.016204 0.209100 -0.053118
v -0.019375 0.209100 -0.052275
v -0.028918 0.209100 -0.047664
v -0.037415 0.209100 -0.041330
v -0.044561 0.209100 -0.033502
v -0.050096 0.209100 -0.024463
v -0.053820 0.209100 -0.014541
v -0.055600 0.209100 -0.004092
v -0.055369 0.209100 0.006504
v -0.053251 0.209100 0.016338
v -0.053138 0.209100 0.016865
v -0.048986 0.209100 0.026617
v -0.043063 0.209100 0.035406
v -0.035584 0.209100 0.042916
v -0.026819 0.209100 0.048875
v -0.017085 0.209100 0.053068
v -0.006733 0.209100 0.055342
v 0.003862 0.209100 0.055616
v 0.014318 0.209100 0.053880
v 0.024256 0.209100 0.050197
v 0.033317 0.209100 0.044699
v 0.041175 0.209100 0.037586
v 0.047544 0.209100 0.029114
v 0.052195 0.209100 0.019591
v 0.053050 0.209100 0.016424
v 0.031344 0.209100 -0.046105
v 0.039503 0.209100 -0.039340
v 0.046234 0.209100 -0.031153
v 0.051294 0.209100 -0.021840
v 0.054500 0.209100 -0.011738
v 0.055737 0.209100 -0.001211
v 0.054959 0.209100 0.009359
v -0.039538 0.209100 -0.034887
v -0.038845 0.209100 -0.034477
v -0.037425 0.209100 -0.033730
v -0.035820 0.209100 -0.033767
v -0.034435 0.209100 -0.034578
v -0.033619 0.209100 -0.035960
v -0.033575 0.209100 -0.037564
v -0.034316 0.209100 -0.038987
v -0.034723 0.209100 -0.039682
v -0.034602 0.209100 -0.041254
v -0.034824 0.209100 -0.040480
v -0.040336 0.209100 -0.034991
v -0.041110 0.209100 -0.034772
v -0.041736 0.209100 -0.034266
v 0.040480 0.209100 -0.034824
v 0.039682 0.209100 -0.034723
v 0.038987 0.209100 -0.034316
v 0.041254 0.209100 -0.034602
v 0.034887 0.209100 -0.039538
v 0.034477 0.209100 -0.038845
v 0.033730 0.209100 -0.037425
v 0.033767 0.209100 -0.035820
v 0.034578 0.209100 -0.034435
v 0.035960 0.209100 -0.033619
v 0.037564 0.209100 -0.033575
v 0.034991 0.209100 -0.040336
v 0.034772 0.209100 -0.041110
v 0.034266 0.209100 -0.041736
v 0.026648 0.209100 -0.046967
v 0.018250 0.209100 -0.050823
v 0.015041 0.209100 -0.051673
v 0.009317 0.209100 -0.053190
v 0.000112 0.209100 -0.054000
v -0.009097 0.209100 -0.053228
v -0.014827 0.209100 -0.051735
v -0.018039 0.209100 -0.050898
v -0.026453 0.209100 -0.047077
v -0.034093 0.209100 -0.041877
v 0.047077 0.209100 -0.026453
v 0.041877 0.209100 -0.034093
v -0.041254 0.209100 0.034602
v -0.040480 0.209100 0.034824
v -0.046967 0.209100 -0.026648
v -0.050823 0.209100 -0.018250
v -0.053190 0.209100 -0.009317
v -0.054000 0.209100 -0.000112
v -0.053228 0.209100 0.009097
v -0.051735 0.209100 0.014827
v -0.050898 0.209100 0.018039
v -0.047077 0.209100 0.026453
v -0.041877 0.209100 0.034093
v 0.034723 0.209100 0.039682
v 0.034316 0.209100 0.038987
v 0.033575 0.209100 0.037564
v 0.033619 0.209100 0.035960
v 0.034824 0.209100 0.040480
v 0.039538 0.209100 0.034887
v 0.038845 0.209100 0.034477
v 0.037425 0.209100 0.033730
v 0.035820 0.209100 0.033767
v 0.034435 0.209100 0.034578
v 0.040336 0.209100 0.034991
v 0.041110 0.209100 0.034772
v 0.041736 0.209100 0.034266
v 0.046967 0.209100 0.026648
v 0.050823 0.209100 0.018250
v 0.051673 0.209100 0.015041
v 0.053190 0.209100 0.009317
v 0.054000 0.209100 0.000112
v 0.053228 0.209100 -0.009097
v 0.050898 0.209100 -0.018039
v -0.039682 0.209100 0.034723
v -0.038987 0.209100 0.034316
v -0.037564 0.209100 0.033575
v -0.035960 0.209100 0.033619
v -0.034578 0.209100 0.034435
v -0.033767 0.209100 0.035820
v -0.033730 0.209100 0.037425
v -0.034477 0.209100 0.038845
v -0.034887 0.209100 0.039538
v -0.034991 0.209100 0.040336
v 0.034602 0.209100 0.041254
v -0.000112 0.209100 0.054000
v 0.009097 0.209100 0.053228
v 0.018039 0.209100 0.050898
v 0.026453 0.209100 0.047077
v 0.034093 0.209100 0.041877
v -0.034772 0.209100 0.041110
v -0.034266 0.209100 0.041736
v -0.026648 0.209100 0.046967
v -0.018250 0.209100 0.050823
v -0.009317 0.209100 0.053190
v 0.044113 0.213200 -0.031145
v 0.041877 0.213200 -0.034093
v 0.046996 0.213200 -0.026404
v 0.047955 0.213200 -0.024825
v 0.050898 0.213200 -0.018039
v 0.052885 0.213200 -0.010915
v 0.053134 0.213200 -0.009084
v 0.053881 0.213200 -0.003587
v 0.053873 0.213200 0.000111
v 0.050823 0.213200 0.018250
v 0.052840 0.213200 0.011134
v 0.053096 0.213200 0.009304
v 0.053865 0.213200 0.003809
v 0.047852 0.213200 0.025023
v 0.046886 0.213200 0.026598
v 0.043984 0.213200 0.031327
v 0.041736 0.213200 0.034266
v 0.041181 0.213200 0.034734
v 0.041105 0.213200 0.034757
v 0.040336 0.213200 0.034991
v 0.039540 0.213200 0.034871
v 0.039462 0.213200 0.034859
v 0.038845 0.213200 0.034477
v 0.037974 0.213200 0.033913
v 0.037410 0.213200 0.033814
v 0.036481 0.213200 0.033653
v 0.035847 0.213200 0.033852
v 0.035036 0.213200 0.034108
v 0.034500 0.213200 0.034643
v 0.033963 0.213200 0.035177
v 0.033704 0.213200 0.035987
v 0.033501 0.213200 0.036620
v 0.033659 0.213200 0.037549
v 0.033755 0.213200 0.038114
v 0.034316 0.213200 0.038987
v 0.034696 0.213200 0.039605
v 0.034707 0.213200 0.039684
v 0.034824 0.213200 0.040480
v 0.034586 0.213200 0.041249
v 0.034563 0.213200 0.041325
v 0.034093 0.213200 0.041877
v 0.024825 0.213200 0.047955
v 0.026404 0.213200 0.046996
v 0.031145 0.213200 0.044113
v 0.010915 0.213200 0.052885
v 0.018039 0.213200 0.050898
v -0.003809 0.213200 0.053865
v -0.000111 0.213200 0.053873
v 0.003587 0.213200 0.053881
v 0.009084 0.213200 0.053134
v -0.009304 0.213200 0.053096
v -0.011134 0.213200 0.052840
v -0.018250 0.213200 0.050823
v -0.025023 0.213200 0.047852
v -0.026598 0.213200 0.046886
v -0.031327 0.213200 0.043984
v -0.034266 0.213200 0.041736
v -0.034734 0.213200 0.041181
v -0.034757 0.213200 0.041105
v -0.034991 0.213200 0.040336
v -0.034871 0.213200 0.039540
v -0.034859 0.213200 0.039462
v -0.034477 0.213200 0.038845
v -0.033913 0.213200 0.037974
v -0.033814 0.213200 0.037410
v -0.033653 0.213200 0.036481
v -0.033852 0.213200 0.035847
v -0.034108 0.213200 0.035036
v -0.034643 0.213200 0.034500
v -0.035177 0.213200 0.033963
v -0.035987 0.213200 0.033704
v -0.036620 0.213200 0.033501
v -0.037549 0.213200 0.033659
v -0.038114 0.213200 0.033755
v -0.038987 0.213200 0.034316
v -0.039605 0.213200 0.034696
v -0.039684 0.213200 0.034707
v -0.040480 0.213200 0.034824
v -0.041249 0.213200 0.034586
v -0.041325 0.213200 0.034563
v -0.041877 0.213200 0.034093
v -0.052885 0.213200 0.010915
v -0.050898 0.213200 0.018039
v -0.047955 0.213200 0.024825
v -0.046996 0.213200 0.026404
v -0.044113 0.213200 0.031145
v -0.053865 0.213200 -0.003809
v -0.053873 0.213200 -0.000111
v -0.053881 0.213200 0.003587
v -0.053134 0.213200 0.009084
v -0.053096 0.213200 -0.009304
v -0.052840 0.213200 -0.011134
v -0.050823 0.213200 -0.018250
v -0.047852 0.213200 -0.025023
v -0.046886 0.213200 -0.026598
v -0.043984 0.213200 -0.031327
v -0.041736 0.213200 -0.034266
v -0.041181 0.213200 -0.034734
v -0.041105 0.213200 -0.034757
v -0.040336 0.213200 -0.034991
v -0.039540 0.213200 -0.034871
v -0.039462 0.213200 -0.034859
v -0.038845 0.213200 -0.034477
v -0.037974 0.213200 -0.033913
v -0.037410 0.213200 -0.033814
v -0.036481 0.213200 -0.033653
v -0.035847 0.213200 -0.033852
v -0.035036 0.213200 -0.034108
v -0.034500 0.213200 -0.034643
v -0.033963 0.213200 -0.035177
v -0.033704 0.213200 -0.035987
v -0.033501 0.213200 -0.036620
v -0.033659 0.213200 -0.037549
v -0.033755 0.213200 -0.038114
v -0.034316 0.213200 -0.038987
v -0.034696 0.213200 -0.039605
v -0.034707 0.213200 -0.039684
v -0.034824 0.213200 -0.040480
v -0.034586 0.213200 -0.041249
v -0.034563 0.213200 -0.041325
v -0.034093 0.213200 -0.041877
v -0.009084 0.213200 -0.053134
v -0.010915 0.213200 -0.052885
v -0.018039 0.213200 -0.050898
v -0.024825 0.213200 -0.047955
v -0.026404 0.213200 -0.046996
v -0.031145 0.213200 -0.044113
v -0.003587 0.213200 -0.053881
v 0.000111 0.213200 -0.053873
v 0.018250 0.213200 -0.050823
v 0.011134 0.213200 -0.052840
v 0.009304 0.213200 -0.053096
v 0.003809 0.213200 -0.053865
v 0.025023 0.213200 -0.047852
v 0.026598 0.213200 -0.046886
v 0.031327 0.213200 -0.043984
v 0.034266 0.213200 -0.041736
v 0.034734 0.213200 -0.041181
v 0.034757 0.213200 -0.041105
v 0.034991 0.213200 -0.040336
v 0.034871 0.213200 -0.039540
v 0.034859 0.213200 -0.039462
v 0.034477 0.213200 -0.038845
v 0.033913 0.213200 -0.037974
v 0.033814 0.213200 -0.037410
v 0.033653 0.213200 -0.036481
v 0.033852 0.213200 -0.035847
v 0.034108 0.213200 -0.035036
v 0.034643 0.213200 -0.034500
v 0.035177 0.213200 -0.033963
v 0.035987 0.213200 -0.033704
v 0.036620 0.213200 -0.033501
v 0.037549 0.213200 -0.033659
v 0.038114 0.213200 -0.033755
v 0.038987 0.213200 -0.034316
v 0.039605 0.213200 -0.034696
v 0.039684 0.213200 -0.034707
v 0.040480 0.213200 -0.034824
v 0.041249 0.213200 -0.034586
v 0.041325 0.213200 -0.034563
v 0.043959 0.213373 0.031309
v 0.047825 0.213373 0.025009
v 0.050794 0.213373 0.018239
v 0.052809 0.213373 0.011128
v 0.053835 0.213373 0.003807
v 0.053850 0.213373 -0.003585
v 0.052855 0.213373 -0.010909
v 0.050869 0.213373 -0.018029
v 0.047928 0.213373 -0.024811
v 0.044088 0.213373 -0.031127
v 0.043846 0.213669 -0.030956
v 0.041624 0.213669 -0.033886
v 0.041763 0.213554 -0.034000
v 0.041489 0.213700 -0.033777
v 0.043670 0.213700 -0.030830
v 0.044436 0.213700 -0.029795
v 0.047665 0.213669 -0.024675
v 0.047029 0.213700 -0.025506
v 0.050590 0.213669 -0.017930
v 0.049251 0.213700 -0.020895
v 0.047476 0.213700 -0.024578
v 0.052375 0.213700 -0.010811
v 0.052290 0.213700 -0.011315
v 0.052565 0.213669 -0.010849
v 0.050995 0.213700 -0.016180
v 0.050376 0.213700 -0.017854
v 0.053118 0.213700 -0.006381
v 0.053555 0.213669 -0.003565
v 0.053325 0.213700 -0.003549
v 0.053481 0.213700 -0.001411
v 0.053539 0.213669 0.003786
v 0.053383 0.213700 0.003544
v 0.052520 0.213669 0.011067
v 0.052826 0.213700 0.008465
v 0.053357 0.213700 0.003773
v 0.050515 0.213669 0.018139
v 0.051832 0.213700 0.013258
v 0.052296 0.213700 0.011020
v 0.047563 0.213669 0.024872
v 0.048564 0.213700 0.022445
v 0.050389 0.213700 0.017978
v 0.043570 0.213700 0.031032
v 0.043735 0.213700 0.030815
v 0.043718 0.213669 0.031137
v 0.046290 0.213700 0.026823
v 0.047359 0.213700 0.024765
v 0.041712 0.213373 0.034246
v 0.041622 0.213554 0.034173
v 0.041853 0.213373 -0.034073
v 0.043994 0.213554 -0.031060
v 0.047825 0.213554 -0.024758
v 0.050760 0.213554 -0.017990
v 0.052742 0.213554 -0.010886
v 0.053735 0.213554 -0.003577
v 0.053719 0.213554 0.003799
v 0.052696 0.213554 0.011104
v 0.050685 0.213554 0.018200
v 0.047723 0.213554 0.024955
v 0.043865 0.213554 0.031242
v 0.041483 0.213669 0.034058
v 0.041349 0.213700 0.033948
v 0.040333 0.213373 0.034960
v 0.039473 0.213373 0.034830
v 0.041166 0.213373 0.034707
v 0.041109 0.213554 0.034606
v 0.041019 0.213669 0.034450
v 0.040913 0.213700 0.034272
v 0.040766 0.213700 0.034382
v 0.040295 0.213700 0.034469
v 0.039653 0.213700 0.034358
v 0.040147 0.213700 0.034496
v 0.040312 0.213669 0.034665
v 0.039181 0.213700 0.034107
v 0.039449 0.213700 0.034301
v 0.039581 0.213669 0.034555
v 0.039065 0.213669 0.034235
v 0.039515 0.213554 0.034723
v 0.038944 0.213554 0.034369
v 0.038866 0.213373 0.034454
v 0.040325 0.213554 0.034845
v 0.033727 0.213373 0.038126
v 0.033471 0.213373 0.036618
v 0.033936 0.213373 0.035161
v 0.035020 0.213373 0.034082
v 0.036479 0.213373 0.033622
v 0.037986 0.213373 0.033884
v 0.038032 0.213554 0.033779
v 0.038104 0.213669 0.033613
v 0.038165 0.213700 0.033468
v 0.036459 0.213669 0.033326
v 0.036811 0.213700 0.033147
v 0.038083 0.213700 0.033416
v 0.034386 0.213700 0.033953
v 0.034802 0.213700 0.033727
v 0.034867 0.213669 0.033828
v 0.035524 0.213700 0.033335
v 0.036455 0.213700 0.033199
v 0.033527 0.213700 0.034930
v 0.033684 0.213669 0.035007
v 0.033085 0.213700 0.036022
v 0.033175 0.213669 0.036597
v 0.033062 0.213700 0.036587
v 0.033944 0.213700 0.039322
v 0.033418 0.213700 0.038567
v 0.033455 0.213669 0.038243
v 0.033332 0.213700 0.038300
v 0.033029 0.213700 0.037362
v 0.034293 0.213373 0.039008
v 0.034207 0.213554 0.039085
v 0.036471 0.213554 0.033506
v 0.034960 0.213554 0.033983
v 0.033838 0.213554 0.035101
v 0.033355 0.213554 0.036610
v 0.033621 0.213554 0.038172
v 0.034073 0.213669 0.039206
v 0.034793 0.213373 0.040478
v 0.034536 0.213373 0.041309
v 0.034667 0.213373 0.039617
v 0.034559 0.213554 0.039658
v 0.034391 0.213669 0.039723
v 0.034199 0.213700 0.039801
v 0.034286 0.213700 0.039963
v 0.034301 0.213700 0.040442
v 0.034096 0.213700 0.041060
v 0.034306 0.213700 0.040593
v 0.034498 0.213669 0.040455
v 0.033777 0.213700 0.041489
v 0.034009 0.213700 0.041254
v 0.034280 0.213669 0.041161
v 0.033886 0.213669 0.041624
v 0.034436 0.213554 0.041252
v 0.034000 0.213554 0.041763
v 0.034073 0.213373 0.041853
v 0.034678 0.213554 0.040469
v -0.031309 0.213373 0.043959
v -0.025009 0.213373 0.047825
v -0.018239 0.213373 0.050794
v -0.011128 0.213373 0.052809
v -0.003807 0.213373 0.053835
v 0.003585 0.213373 0.053850
v 0.010909 0.213373 0.052855
v 0.018029 0.213373 0.050869
v 0.024811 0.213373 0.047928
v 0.031127 0.213373 0.044088
v 0.030956 0.213669 0.043846
v 0.030830 0.213700 0.043670
v 0.029795 0.213700 0.044436
v 0.024675 0.213669 0.047665
v 0.025506 0.213700 0.047029
v 0.017930 0.213669 0.050590
v 0.020895 0.213700 0.049251
v 0.024578 0.213700 0.047476
v 0.010811 0.213700 0.052375
v 0.011315 0.213700 0.052290
v 0.010849 0.213669 0.052565
v 0.016180 0.213700 0.050995
v 0.017854 0.213700 0.050376
v 0.006381 0.213700 0.053118
v 0.003565 0.213669 0.053555
v 0.003549 0.213700 0.053325
v 0.001411 0.213700 0.053481
v -0.003786 0.213669 0.053539
v -0.003544 0.213700 0.053383
v -0.011067 0.213669 0.052520
v -0.008465 0.213700 0.052826
v -0.003773 0.213700 0.053357
v -0.018139 0.213669 0.050515
v -0.013258 0.213700 0.051832
v -0.011020 0.213700 0.052296
v -0.024872 0.213669 0.047563
v -0.022445 0.213700 0.048564
v -0.017978 0.213700 0.050389
v -0.031032 0.213700 0.043570
v -0.030815 0.213700 0.043735
v -0.031137 0.213669 0.043718
v -0.026823 0.213700 0.046290
v -0.024765 0.213700 0.047359
v -0.034246 0.213373 0.041712
v -0.034173 0.213554 0.041622
v 0.031060 0.213554 0.043994
v 0.024758 0.213554 0.047825
v 0.017990 0.213554 0.050760
v 0.010886 0.213554 0.052742
v 0.003577 0.213554 0.053735
v -0.003799 0.213554 0.053719
v -0.011104 0.213554 0.052696
v -0.018200 0.213554 0.050685
v -0.024955 0.213554 0.047723
v -0.031242 0.213554 0.043865
v -0.034058 0.213669 0.041483
v -0.033948 0.213700 0.041349
v -0.034960 0.213373 0.040333
v -0.034830 0.213373 0.039473
v -0.034707 0.213373 0.041166
v -0.034606 0.213554 0.041109
v -0.034450 0.213669 0.041019
v -0.034272 0.213700 0.040913
v -0.034382 0.213700 0.040766
v -0.034469 0.213700 0.040295
v -0.034358 0.213700 0.039653
v -0.034496 0.213700 0.040147
v -0.034665 0.213669 0.040312
v -0.034107 0.213700 0.039181
v -0.034301 0.213700 0.039449
v -0.034555 0.213669 0.039581
v -0.034235 0.213669 0.039065
v -0.034723 0.213554 0.039515
v -0.034369 0.213554 0.038944
v -0.034454 0.213373 0.038866
v -0.034845 0.213554 0.040325
v -0.033884 0.213373 0.037986
v -0.033613 0.213669 0.038104
v -0.033468 0.213700 0.038165
v -0.033326 0.213669 0.036459
v -0.033147 0.213700 0.036811
v -0.033416 0.213700 0.038083
v -0.033828 0.213669 0.034867
v -0.033335 0.213700 0.035524
v -0.033199 0.213700 0.036455
v -0.035007 0.213669 0.033684
v -0.034945 0.213700 0.033577
v -0.034224 0.213700 0.034083
v -0.033953 0.213700 0.034386
v -0.033727 0.213700 0.034802
v -0.039005 0.213700 0.033689
v -0.038288 0.213700 0.033345
v -0.038243 0.213669 0.033455
v -0.037838 0.213700 0.033129
v -0.036597 0.213669 0.033175
v -0.036543 0.213700 0.033006
v -0.035286 0.213700 0.033338
v -0.038126 0.213373 0.033727
v -0.039008 0.213373 0.034293
v -0.039085 0.213554 0.034207
v -0.036618 0.213373 0.033471
v -0.035161 0.213373 0.033936
v -0.034082 0.213373 0.035020
v -0.033622 0.213373 0.036479
v -0.039322 0.213700 0.033944
v -0.039206 0.213669 0.034073
v -0.038172 0.213554 0.033621
v -0.036610 0.213554 0.033355
v -0.035101 0.213554 0.033838
v -0.033983 0.213554 0.034960
v -0.033506 0.213554 0.036471
v -0.033779 0.213554 0.038032
v -0.040478 0.213373 0.034793
v -0.041309 0.213373 0.034536
v -0.039617 0.213373 0.034667
v -0.039658 0.213554 0.034559
v -0.039723 0.213669 0.034391
v -0.039801 0.213700 0.034199
v -0.039963 0.213700 0.034286
v -0.040442 0.213700 0.034301
v -0.041060 0.213700 0.034096
v -0.040593 0.213700 0.034306
v -0.040455 0.213669 0.034498
v -0.041489 0.213700 0.033777
v -0.041254 0.213700 0.034009
v -0.041161 0.213669 0.034280
v -0.041624 0.213669 0.033886
v -0.041252 0.213554 0.034436
v -0.041763 0.213554 0.034000
v -0.041853 0.213373 0.034073
v -0.040469 0.213554 0.034678
v -0.043959 0.213373 -0.031309
v -0.047825 0.213373 -0.025009
v -0.050794 0.213373 -0.018239
v -0.052809 0.213373 -0.011128
v -0.053835 0.213373 -0.003807
v -0.053850 0.213373 0.003585
v -0.052855 0.213373 0.010909
v -0.050869 0.213373 0.018029
v -0.047928 0.213373 0.024811
v -0.044088 0.213373 0.031127
v -0.043846 0.213669 0.030956
v -0.043670 0.213700 0.030830
v -0.044436 0.213700 0.029795
v -0.047665 0.213669 0.024675
v -0.047029 0.213700 0.025506
v -0.050590 0.213669 0.017930
v -0.049251 0.213700 0.020895
v -0.047476 0.213700 0.024578
v -0.052375 0.213700 0.010811
v -0.052290 0.213700 0.011315
v -0.052565 0.213669 0.010849
v -0.050995 0.213700 0.016180
v -0.050376 0.213700 0.017854
v -0.053118 0.213700 0.006381
v -0.053555 0.213669 0.003565
v -0.053325 0.213700 0.003549
v -0.053481 0.213700 0.001411
v -0.053539 0.213669 -0.003786
v -0.053383 0.213700 -0.003544
v -0.052520 0.213669 -0.011067
v -0.052826 0.213700 -0.008465
v -0.053357 0.213700 -0.003773
v -0.050515 0.213669 -0.018139
v -0.051832 0.213700 -0.013258
v -0.052296 0.213700 -0.011020
v -0.047563 0.213669 -0.024872
v -0.048564 0.213700 -0.022445
v -0.050389 0.213700 -0.017978
v -0.043570 0.213700 -0.031032
v -0.043735 0.213700 -0.030815
v -0.043718 0.213669 -0.031137
v -0.046290 0.213700 -0.026823
v -0.047359 0.213700 -0.024765
v -0.041712 0.213373 -0.034246
v -0.041622 0.213554 -0.034173
v -0.043994 0.213554 0.031060
v -0.047825 0.213554 0.024758
v -0.050760 0.213554 0.017990
v -0.052742 0.213554 0.010886
v -0.053735 0.213554 0.003577
v -0.053719 0.213554 -0.003799
v -0.052696 0.213554 -0.011104
v -0.050685 0.213554 -0.018200
v -0.047723 0.213554 -0.024955
v -0.043865 0.213554 -0.031242
v -0.041483 0.213669 -0.034058
v -0.041349 0.213700 -0.033948
v -0.040333 0.213373 -0.034960
v -0.039473 0.213373 -0.034830
v -0.039181 0.213700 -0.034107
v -0.039449 0.213700 -0.034301
v -0.039581 0.213669 -0.034555
v -0.039065 0.213669 -0.034235
v -0.039515 0.213554 -0.034723
v -0.038944 0.213554 -0.034369
v -0.038866 0.213373 -0.034454
v -0.041166 0.213373 -0.034707
v -0.041109 0.213554 -0.034606
v -0.041019 0.213669 -0.034450
v -0.040913 0.213700 -0.034272
v -0.040766 0.213700 -0.034382
v -0.040295 0.213700 -0.034469
v -0.039653 0.213700 -0.034358
v -0.040147 0.213700 -0.034496
v -0.040312 0.213669 -0.034665
v -0.040325 0.213554 -0.034845
v -0.033727 0.213373 -0.038126
v -0.033471 0.213373 -0.036618
v -0.033936 0.213373 -0.035161
v -0.035020 0.213373 -0.034082
v -0.036479 0.213373 -0.033622
v -0.037986 0.213373 -0.033884
v -0.038032 0.213554 -0.033779
v -0.038104 0.213669 -0.033613
v -0.038165 0.213700 -0.033468
v -0.036459 0.213669 -0.033326
v -0.036811 0.213700 -0.033147
v -0.038083 0.213700 -0.033416
v -0.034386 0.213700 -0.033953
v -0.034802 0.213700 -0.033727
v -0.034867 0.213669 -0.033828
v -0.035524 0.213700 -0.033335
v -0.036455 0.213700 -0.033199
v -0.033527 0.213700 -0.034930
v -0.033684 0.213669 -0.035007
v -0.033085 0.213700 -0.036022
v -0.033175 0.213669 -0.036597
v -0.033062 0.213700 -0.036587
v -0.033944 0.213700 -0.039322
v -0.033418 0.213700 -0.038567
v -0.033455 0.213669 -0.038243
v -0.033332 0.213700 -0.038300
v -0.033029 0.213700 -0.037362
v -0.034293 0.213373 -0.039008
v -0.034207 0.213554 -0.039085
v -0.036471 0.213554 -0.033506
v -0.034960 0.213554 -0.033983
v -0.033838 0.213554 -0.035101
v -0.033355 0.213554 -0.036610
v -0.033621 0.213554 -0.038172
v -0.034073 0.213669 -0.039206
v -0.034793 0.213373 -0.040478
v -0.034536 0.213373 -0.041309
v -0.033777 0.213700 -0.041489
v -0.034009 0.213700 -0.041254
v -0.034280 0.213669 -0.041161
v -0.033886 0.213669 -0.041624
v -0.034436 0.213554 -0.041252
v -0.034000 0.213554 -0.041763
v -0.034073 0.213373 -0.041853
v -0.034667 0.213373 -0.039617
v -0.034559 0.213554 -0.039658
v -0.034391 0.213669 -0.039723
v -0.034199 0.213700 -0.039801
v -0.034286 0.213700 -0.039963
v -0.034301 0.213700 -0.040442
v -0.034096 0.213700 -0.041060
v -0.034306 0.213700 -0.040593
v -0.034498 0.213669 -0.040455
v -0.034678 0.213554 -0.040469
v 0.031309 0.213373 -0.043959
v 0.025009 0.213373 -0.047825
v 0.018239 0.213373 -0.050794
v 0.011128 0.213373 -0.052809
v 0.003807 0.213373 -0.053835
v -0.003585 0.213373 -0.053850
v -0.010909 0.213373 -0.052855
v -0.018029 0.213373 -0.050869
v -0.024811 0.213373 -0.047928
v -0.031127 0.213373 -0.044088
v -0.030956 0.213669 -0.043846
v -0.030830 0.213700 -0.043670
v -0.029795 0.213700 -0.044436
v -0.024675 0.213669 -0.047665
v -0.025506 0.213700 -0.047029
v -0.017930 0.213669 -0.050590
v -0.020895 0.213700 -0.049251
v -0.024578 0.213700 -0.047476
v -0.010811 0.213700 -0.052375
v -0.011315 0.213700 -0.052290
v -0.010849 0.213669 -0.052565
v -0.016180 0.213700 -0.050995
v -0.017854 0.213700 -0.050376
v -0.006381 0.213700 -0.053118
v -0.003565 0.213669 -0.053555
v -0.003549 0.213700 -0.053325
v -0.001411 0.213700 -0.053481
v 0.003786 0.213669 -0.053539
v 0.003544 0.213700 -0.053383
v 0.011067 0.213669 -0.052520
v 0.008465 0.213700 -0.052826
v 0.003773 0.213700 -0.053357
v 0.018139 0.213669 -0.050515
v 0.013258 0.213700 -0.051832
v 0.011020 0.213700 -0.052296
v 0.024872 0.213669 -0.047563
v 0.022445 0.213700 -0.048564
v 0.017978 0.213700 -0.050389
v 0.031032 0.213700 -0.043570
v 0.030815 0.213700 -0.043735
v 0.031137 0.213669 -0.043718
v 0.026823 0.213700 -0.046290
v 0.024765 0.213700 -0.047359
v 0.034246 0.213373 -0.041712
v 0.034173 0.213554 -0.041622
v -0.031060 0.213554 -0.043994
v -0.024758 0.213554 -0.047825
v -0.017990 0.213554 -0.050760
v -0.010886 0.213554 -0.052742
v -0.003577 0.213554 -0.053735
v 0.003799 0.213554 -0.053719
v 0.011104 0.213554 -0.052696
v 0.018200 0.213554 -0.050685
v 0.024955 0.213554 -0.047723
v 0.031242 0.213554 -0.043865
v 0.034058 0.213669 -0.041483
v 0.033948 0.213700 -0.041349
v 0.034830 0.213373 -0.039473
v 0.034454 0.213373 -0.038866
v 0.034369 0.213554 -0.038944
v 0.034960 0.213373 -0.040333
v 0.034707 0.213373 -0.041166
v 0.034450 0.213669 -0.041019
v 0.034665 0.213669 -0.040312
v 0.034432 0.213700 -0.040625
v 0.034261 0.213700 -0.040911
v 0.034059 0.213700 -0.041248
v 0.034175 0.213700 -0.039262
v 0.034356 0.213700 -0.039661
v 0.034555 0.213669 -0.039581
v 0.034471 0.213700 -0.039913
v 0.034450 0.213700 -0.040297
v 0.034606 0.213554 -0.041109
v 0.034845 0.213554 -0.040325
v 0.034723 0.213554 -0.039515
v 0.034235 0.213669 -0.039065
v 0.034107 0.213700 -0.039181
v 0.038126 0.213373 -0.033727
v 0.036618 0.213373 -0.033471
v 0.035161 0.213373 -0.033936
v 0.034082 0.213373 -0.035020
v 0.033622 0.213373 -0.036479
v 0.033884 0.213373 -0.037986
v 0.033779 0.213554 -0.038032
v 0.033613 0.213669 -0.038104
v 0.033468 0.213700 -0.038165
v 0.033326 0.213669 -0.036459
v 0.033147 0.213700 -0.036811
v 0.033416 0.213700 -0.038083
v 0.033953 0.213700 -0.034386
v 0.033727 0.213700 -0.034802
v 0.033828 0.213669 -0.034867
v 0.033335 0.213700 -0.035524
v 0.033199 0.213700 -0.036455
v 0.034930 0.213700 -0.033527
v 0.035007 0.213669 -0.033684
v 0.036022 0.213700 -0.033085
v 0.036597 0.213669 -0.033175
v 0.036587 0.213700 -0.033062
v 0.039322 0.213700 -0.033944
v 0.038567 0.213700 -0.033418
v 0.038243 0.213669 -0.033455
v 0.038300 0.213700 -0.033332
v 0.037362 0.213700 -0.033029
v 0.039008 0.213373 -0.034293
v 0.039085 0.213554 -0.034207
v 0.033506 0.213554 -0.036471
v 0.033983 0.213554 -0.034960
v 0.035101 0.213554 -0.033838
v 0.036610 0.213554 -0.033355
v 0.038172 0.213554 -0.033621
v 0.039206 0.213669 -0.034073
v 0.041389 0.213700 -0.033888
v 0.041312 0.213700 -0.033961
v 0.041161 0.213669 -0.034280
v 0.041309 0.213373 -0.034536
v 0.040478 0.213373 -0.034793
v 0.039617 0.213373 -0.034667
v 0.039723 0.213669 -0.034391
v 0.039801 0.213700 -0.034199
v 0.041056 0.213700 -0.034093
v 0.040676 0.213700 -0.034289
v 0.040455 0.213669 -0.034498
v 0.040442 0.213700 -0.034288
v 0.039964 0.213700 -0.034286
v 0.039658 0.213554 -0.034559
v 0.040469 0.213554 -0.034678
v 0.041252 0.213554 -0.034436
vn 0.2588 -0.0000 0.9659
vn 0.7071 -0.0000 0.7071
vn 0.9659 -0.0000 0.2588
vn 0.9659 -0.0000 -0.2588
vn 0.7071 -0.0000 -0.7071
vn 0.2588 -0.0000 -0.9659
vn -0.2588 -0.0000 -0.9659
vn -0.7071 -0.0000 -0.7071
vn -0.9659 -0.0000 -0.2588
vn -0.9659 -0.0000 0.2588
vn -0.7071 -0.0000 0.7071
vn -0.2588 -0.0000 0.9659
vn 0.9957 -0.0000 -0.0923
vn 0.9618 -0.0000 -0.2737
vn 0.8952 -0.0000 -0.4457
vn 0.7980 -0.0000 -0.6026
vn 0.6737 -0.0000 -0.7390
vn 0.5264 -0.0000 -0.8502
vn 0.3612 -0.0000 -0.9325
vn 0.1837 -0.0000 -0.9830
vn -0.0000 -0.0000 -1.0000
vn -0.1837 -0.0000 -0.9830
vn -0.3612 -0.0000 -0.9325
vn -0.5264 -0.0000 -0.8502
vn -0.6737 -0.0000 -0.7390
vn -0.7980 -0.0000 -0.6026
vn -0.8952 -0.0000 -0.4457
vn -0.9618 -0.0000 -0.2737
vn -0.9957 -0.0000 -0.0923
vn 0.7905 -0.0000 0.6125
vn 0.5859 -0.0000 0.8104
vn 0.3339 -0.0000 0.9426
vn 0.0548 -0.0000 0.9985
vn -0.2287 -0.0000 0.9735
vn -0.4937 -0.0000 0.8696
vn -0.7187 -0.0000 0.6953
vn -0.8855 -0.0000 0.4646
vn -0.9805 -0.0000 0.1963
vn -0.9961 -0.0000 -0.0879
vn -0.9310 -0.0000 -0.3650
vn -0.9310 -0.0000 -0.3649
vn 0.5618 -0.7035 0.4353
vn 0.4164 -0.7035 0.5759
vn 0.2373 -0.7035 0.6699
vn 0.0389 -0.7035 0.7096
vn 0.0389 -0.7035 0.7097
vn -0.1626 -0.7035 0.6919
vn -0.3509 -0.7035 0.6180
vn -0.5108 -0.7035 0.4941
vn -0.5108 -0.7035 0.4942
vn -0.6293 -0.7035 0.3302
vn -0.6969 -0.7035 0.1395
vn -0.7080 -0.7035 -0.0624
vn -0.6617 -0.7035 -0.2594
vn 0.5123 -0.6947 0.5049
vn 0.5122 -0.6947 0.5049
vn 0.1912 -0.6947 0.6934
vn -0.1811 -0.6947 0.6961
vn -0.5049 -0.6947 0.5123
vn -0.5049 -0.6947 0.5122
vn -0.6934 -0.6948 0.1912
vn -0.6934 -0.6947 0.1912
vn -0.6961 -0.6947 -0.1811
vn -0.9957 -0.0000 0.0923
vn -0.9619 -0.0000 0.2736
vn -0.9618 -0.0000 0.2738
vn -0.8952 -0.0000 0.4457
vn -0.8951 -0.0000 0.4458
vn -0.7981 -0.0000 0.6026
vn -0.7980 -0.0000 0.6027
vn -0.6737 -0.0000 0.7390
vn -0.6736 -0.0000 0.7391
vn -0.5265 -0.0000 0.8502
vn -0.5263 -0.0000 0.8503
vn -0.3614 -0.0000 0.9324
vn -0.3612 -0.0000 0.9325
vn -0.1838 -0.0000 0.9830
vn -0.1837 -0.0000 0.9830
vn -0.0000 -0.0000 1.0000
vn 0.1838 -0.0000 0.9830
vn 0.1837 -0.0000 0.9830
vn 0.3614 -0.0000 0.9324
vn 0.3612 -0.0000 0.9325
vn 0.5265 -0.0000 0.8502
vn 0.5263 -0.0000 0.8503
vn 0.6737 -0.0000 0.7390
vn 0.6736 -0.0000 0.7391
vn 0.7981 -0.0000 0.6026
vn 0.7980 -0.0000 0.6027
vn 0.8952 -0.0000 0.4457
vn 0.8951 -0.0000 0.4458
vn 0.9619 -0.0000 0.2736
vn 0.9618 -0.0000 0.2738
vn 0.9957 -0.0000 0.0923
vn -0.7056 0.7056 0.0654
vn -0.6815 0.7056 0.1939
vn -0.6816 0.7056 0.1939
vn -0.6343 0.7056 0.3159
vn -0.5655 0.7056 0.4270
vn -0.4774 0.7056 0.5237
vn -0.3731 0.7056 0.6025
vn -0.3730 0.7056 0.6025
vn -0.2560 0.7056 0.6608
vn -0.1302 0.7056 0.6966
vn -0.0000 0.7056 0.7086
vn 0.1302 0.7056 0.6966
vn 0.2560 0.7056 0.6608
vn 0.3730 0.7056 0.6025
vn 0.3731 0.7056 0.6025
vn 0.4774 0.7056 0.5237
vn 0.5655 0.7056 0.4270
vn 0.6343 0.7056 0.3159
vn 0.6816 0.7056 0.1939
vn 0.6815 0.7056 0.1939
vn 0.7056 0.7056 0.0654
vn 0.8332 0.0016 0.5530
vn 0.9999 -0.0000 0.0117
vn 1.0000 0.0006 0.0060
vn 0.9998 -0.0002 0.0219
vn 0.9998 -0.0000 0.0197
vn 0.9997 -0.0000 0.0238
vn 0.9998 -0.0000 0.0198
vn 0.9977 0.0040 0.0682
vn 0.9977 0.0040 0.0681
vn 0.9990 0.0029 0.0438
vn 0.9997 0.0026 0.0263
vn 1.0000 0.0025 0.0055
vn 0.9957 0.0025 0.0923
vn 0.9997 0.0003 0.0230
vn 0.9659 0.0043 0.2589
vn 0.9838 0.0020 0.1793
vn 0.9618 0.0021 0.2737
vn 0.9834 -0.0014 0.1815
vn 0.9957 -0.0003 0.0923
vn 0.9855 0.0186 0.1689
vn 0.9942 0.0076 0.1077
vn 0.8952 0.0028 0.4457
vn 0.9391 -0.0015 0.3436
vn 0.9618 -0.0024 0.2737
vn 0.9431 0.0184 0.3321
vn 0.8796 0.0168 0.4755
vn 0.7980 0.0016 0.6026
vn 0.8324 -0.0009 0.5542
vn 0.8952 0.0021 0.4457
vn 0.8676 0.0248 0.4966
vn 0.8722 0.0218 0.4887
vn 0.9055 0.0037 0.4244
vn 0.9400 0.0027 0.3411
vn 0.7260 0.0010 0.6877
vn 0.6737 0.0010 0.7390
vn 0.7248 -0.0024 0.6890
vn 0.7980 0.0060 0.6026
vn 0.7870 0.0148 0.6167
vn 0.5326 0.0191 0.8461
vn 0.3612 -0.0002 0.9325
vn 0.4531 -0.0069 0.8915
vn 0.5264 0.0120 0.8502
vn 0.4794 0.0749 0.8744
vn 0.5941 -0.0001 0.8044
vn 0.5264 -0.0000 0.8502
vn 0.5924 -0.0044 0.8056
vn 0.6736 0.0118 0.7390
vn 0.6688 0.0162 0.7432
vn 0.6688 0.0161 0.7432
vn 0.3612 0.0070 0.9325
vn 0.3312 0.0961 0.9387
vn 0.3873 0.0167 0.9218
vn 0.3873 0.0166 0.9218
vn 0.4553 -0.0002 0.8903
vn 0.2332 0.0071 0.9724
vn 0.1838 0.0071 0.9829
vn 0.2323 0.0030 0.9726
vn 0.3071 -0.0027 0.9517
vn -0.0706 -0.0218 0.9973
vn 0.0045 0.2164 0.9763
vn -0.0000 0.1942 0.9810
vn 0.0043 0.1743 0.9847
vn 0.0766 -0.0245 0.9968
vn -0.0000 -0.0244 0.9997
vn 0.0762 -0.0294 0.9967
vn 0.1831 0.0809 0.9797
vn 0.1739 0.1324 0.9758
vn -0.2351 0.0029 0.9720
vn -0.1825 0.1148 0.9765
vn -0.1596 0.0476 0.9860
vn -0.0000 -0.0837 0.9965
vn -0.3969 0.0089 0.9178
vn -0.3362 0.0842 0.9380
vn -0.3608 0.0481 0.9314
vn -0.3156 0.0013 0.9489
vn -0.1838 -0.0029 0.9830
vn -0.5441 0.0118 0.8389
vn -0.4890 0.0616 0.8701
vn -0.5264 0.0078 0.8502
vn -0.4673 -0.0042 0.8841
vn -0.3612 0.0036 0.9325
vn -0.4699 0.0036 0.8827
vn -0.6775 0.0126 0.7354
vn -0.6268 0.0500 0.7776
vn -0.6737 0.0094 0.7390
vn -0.6070 -0.0044 0.7947
vn -0.5264 0.0010 0.8502
vn -0.6090 0.0009 0.7932
vn -0.7958 0.0108 0.6054
vn -0.7980 0.0093 0.6026
vn -0.7334 -0.0036 0.6798
vn -0.6737 0.0004 0.7390
vn -0.7349 0.0004 0.6782
vn -0.9216 0.0014 0.3882
vn -0.8883 0.0107 0.4592
vn -0.8951 0.0057 0.4457
vn -0.8658 0.0011 0.5005
vn -0.7980 -0.0074 0.6026
vn -0.8425 0.0010 0.5388
vn -0.9541 0.0101 0.2995
vn -0.9282 0.0323 0.3708
vn -0.8952 -0.0002 0.4457
vn -0.9618 -0.0024 0.2737
vn -0.9998 0.0025 0.0188
vn -0.9994 0.0027 0.0349
vn -0.9984 0.0034 0.0570
vn -0.9960 0.0057 0.0893
vn -0.9907 0.0119 0.1357
vn -0.9957 0.0014 0.0923
vn -0.9759 -0.0006 0.2181
vn -0.9618 -0.0013 0.2737
vn -0.9762 0.0014 0.2168
vn -0.9984 0.0025 -0.0568
vn -0.9957 0.0025 0.0923
vn -0.9999 -0.0000 0.0124
vn -0.9998 -0.0000 0.0198
vn -0.9997 -0.0000 0.0242
vn -0.9998 -0.0000 0.0197
vn -0.9997 -0.0002 0.0225
vn -1.0000 0.0006 0.0059
vn -1.0000 0.0005 0.0068
vn -1.0000 0.0005 0.0070
vn 0.0734 -0.0145 0.9972
vn -0.8337 -0.0032 0.5522
vn -0.9999 -0.0000 0.0117
vn -1.0000 -0.0006 0.0060
vn -0.9998 0.0002 0.0219
vn -0.9997 -0.0000 0.0238
vn -0.9975 -0.0020 0.0701
vn -0.9989 -0.0011 0.0464
vn -0.9995 -0.0009 0.0308
vn -0.9998 -0.0009 0.0187
vn -0.9989 -0.0009 0.0470
vn -0.9997 -0.0003 0.0233
vn -0.9660 -0.0051 0.2584
vn -0.9839 -0.0035 0.1784
vn -0.9838 -0.0035 0.1792
vn -0.9839 -0.0034 0.1785
vn -0.9988 0.0099 0.0470
vn -0.9850 -0.0132 0.1723
vn -0.9939 -0.0047 0.1098
vn -0.9385 -0.0041 0.3452
vn -0.9401 -0.0033 0.3408
vn -0.9836 0.0226 0.1791
vn -0.9425 -0.0156 0.3337
vn -0.8788 -0.0139 0.4770
vn -0.8654 -0.0033 0.5010
vn -0.8374 -0.0152 0.5463
vn -0.9383 0.0244 0.3451
vn -0.8661 -0.0195 0.4994
vn -0.8712 -0.0174 0.4906
vn -0.9057 -0.0047 0.4238
vn -0.9403 -0.0041 0.3404
vn -0.7267 -0.0027 0.6870
vn -0.7667 -0.0028 0.6420
vn -0.7322 -0.0179 0.6809
vn -0.8651 0.0292 0.5008
vn -0.7860 -0.0118 0.6181
vn -0.5297 -0.0108 0.8481
vn -0.5948 -0.0018 0.8039
vn -0.6453 -0.0018 0.7639
vn -0.6025 -0.0227 0.7978
vn -0.7662 0.0369 0.6415
vn -0.6671 -0.0114 0.7449
vn -0.4675 -0.0366 0.8832
vn -0.6442 0.0585 0.7626
vn -0.4636 -0.0246 0.8857
vn -0.5048 -0.0009 0.8633
vn -0.4557 -0.0009 0.8901
vn -0.3843 -0.0066 0.9232
vn -0.1834 -0.0097 0.9830
vn -0.1589 -0.0228 0.9870
vn -0.2317 0.0004 0.9728
vn -0.3492 0.0268 0.9367
vn -0.2319 -0.0006 0.9727
vn -0.3493 -0.0006 0.9370
vn -0.2457 -0.0708 0.9668
vn -0.5017 0.1102 0.8580
vn -0.3161 -0.0329 0.9481
vn -0.0420 0.0076 0.9991
vn -0.0569 0.0007 0.9984
vn -0.0573 0.0018 0.9984
vn -0.0569 0.0018 0.9984
vn -0.0785 0.0025 0.9969
vn -0.1562 -0.0041 0.9877
vn -0.0260 0.0141 0.9996
vn -0.0795 -0.0095 0.9968
vn -0.0105 0.0153 0.9998
vn -0.0798 -0.0124 0.9967
vn -0.0036 0.0036 1.0000
vn -0.0012 0.0036 1.0000
vn -0.0000 0.0029 1.0000
vn 0.0731 -0.0101 0.9973
vn 0.0072 0.0142 0.9999
vn 0.0729 -0.0074 0.9973
vn 0.0230 0.0151 0.9996
vn 0.0947 -0.0145 0.9954
vn 0.1218 0.0413 0.9917
vn 0.1074 0.0065 0.9942
vn 0.1109 0.0153 0.9937
vn 0.0177 -0.0000 0.9998
vn 0.1560 -0.0222 0.9875
vn 0.1109 -0.0129 0.9938
vn 0.1530 -0.0014 0.9882
vn 0.2894 0.0031 0.9572
vn 0.2374 -0.0142 0.9713
vn 0.3983 -0.0134 0.9172
vn 0.3252 -0.0386 0.9449
vn 0.4575 0.0576 0.8873
vn 0.3163 -0.0040 0.9487
vn 0.2893 -0.0155 0.9571
vn 0.5447 -0.0133 0.8385
vn 0.5447 -0.0133 0.8386
vn 0.6119 0.0126 0.7909
vn 0.4710 -0.0065 0.8821
vn 0.4582 -0.0102 0.8888
vn 0.4727 -0.0116 0.8812
vn 0.6776 -0.0129 0.7353
vn 0.6212 -0.0341 0.7829
vn 0.7451 0.0225 0.6666
vn 0.6118 -0.0082 0.7910
vn 0.6119 -0.0081 0.7909
vn 0.6117 -0.0081 0.7910
vn 0.7960 -0.0113 0.6052
vn 0.8538 0.0145 0.5204
vn 0.7379 -0.0085 0.6749
vn 0.7453 -0.0059 0.6667
vn 0.7369 -0.0059 0.6759
vn 0.9248 -0.0040 0.3804
vn 0.8890 -0.0104 0.4577
vn 0.8437 -0.0050 0.5368
vn 0.8679 -0.0084 0.4967
vn 0.8539 -0.0063 0.5204
vn 0.9341 0.0138 0.3568
vn 0.9567 -0.0090 0.2911
vn 0.9292 -0.0247 0.3686
vn 0.9341 -0.0045 0.3569
vn 0.9832 0.0218 0.1814
vn 0.9997 -0.0008 0.0256
vn 0.9993 -0.0009 0.0383
vn 0.9983 -0.0014 0.0575
vn 0.9962 -0.0029 0.0874
vn 0.9913 -0.0072 0.1313
vn 0.9989 0.0072 0.0456
vn 0.9789 -0.0068 0.2042
vn 0.9834 -0.0044 0.1814
vn 0.9785 -0.0035 0.2062
vn 1.0000 -0.0008 -0.0009
vn 0.9990 -0.0008 0.0456
vn 0.9999 -0.0000 0.0124
vn 0.9997 -0.0000 0.0242
vn 0.9997 0.0002 0.0225
vn 1.0000 -0.0006 0.0059
vn 1.0000 -0.0006 0.0068
vn 0.0024 -0.7052 -0.7090
vn -0.0261 -0.7194 -0.6942
vn -0.0169 -0.7104 -0.7036
vn -0.0343 -0.7268 -0.6860
vn -0.0374 -0.7160 -0.6971
vn -0.0386 -0.7112 -0.7019
vn -0.0397 -0.7063 -0.7068
vn -0.0394 -0.7107 -0.7024
vn -0.0394 -0.7104 -0.7027
vn -0.7067 -0.7067 -0.0332
vn -0.6970 -0.7058 -0.1269
vn -0.6969 -0.7058 -0.1269
vn -0.6649 -0.7058 -0.2445
vn -0.6649 -0.7058 -0.2446
vn -0.6131 -0.7058 -0.3549
vn -0.5432 -0.7058 -0.4548
vn -0.5431 -0.7058 -0.4548
vn -0.4572 -0.7058 -0.5412
vn -0.4571 -0.7058 -0.5412
vn -0.3576 -0.7058 -0.6115
vn -0.3576 -0.7058 -0.6116
vn -0.2474 -0.7058 -0.6638
vn -0.2475 -0.7058 -0.6638
vn -0.1300 -0.7058 -0.6964
vn -0.0377 -0.7489 -0.6616
vn -0.0400 -0.7071 -0.7060
vn -0.0402 -0.7071 -0.7060
vn -0.0396 -0.7068 -0.7063
vn 0.0059 -0.0022 1.0000
vn 0.0003 -0.0110 0.9999
vn 0.0003 -0.0109 0.9999
vn 0.0002 -0.0104 0.9999
vn -0.0002 -0.0088 1.0000
vn -0.0004 -0.0095 1.0000
vn -0.0020 -0.0059 1.0000
vn -0.0000 -0.0090 1.0000
vn -0.0000 -0.0079 1.0000
vn -0.0007 -0.0029 1.0000
vn -0.0007 -0.0031 1.0000
vn -0.0017 -0.0004 1.0000
vn 0.0032 -0.0038 1.0000
vn -0.0000 0.9837 0.1798
vn -0.0003 -1.0000 0.0053
vn 0.0015 0.9999 0.0131
vn 0.0003 -0.9998 0.0190
vn -0.0000 -0.9999 0.0129
vn -0.0000 -0.0005 1.0000
vn 0.0008 -0.0014 1.0000
vn 0.0024 -0.9999 0.0131
vn 0.0038 0.9999 0.0126
vn 0.0048 -0.9999 0.0124
vn 0.0061 0.9999 0.0118
vn 0.0069 -0.9999 0.0114
vn 0.0081 0.9999 0.0105
vn 0.0089 -0.9999 0.0100
vn 0.0100 0.9999 0.0089
vn 0.0106 -0.9999 0.0083
vn 0.0114 0.9999 0.0070
vn 0.0120 -0.9999 0.0062
vn 0.0126 0.9999 0.0048
vn 0.0129 -0.9999 0.0040
vn 0.0133 0.9999 0.0024
vn 0.0132 0.9999 0.0024
vn 0.0135 -0.9999 0.0016
vn 0.0630 0.9980 0.0029
vn 0.0633 0.9980 0.0008
vn 0.9990 -0.0000 0.0456
vn -0.0605 0.9982 0.0028
vn -0.0604 0.9982 0.0070
vn -0.0044 -1.0000 0.0002
vn -0.0137 -0.9999 0.0042
vn -0.0152 0.9999 0.0028
vn -0.0153 0.9999 0.0028
vn -0.0140 -0.9999 0.0073
vn -0.0160 0.9999 0.0059
vn -0.0144 -0.9998 0.0112
vn -0.0169 0.9998 0.0098
vn -0.0168 0.9998 0.0098
vn -0.0149 -0.9997 0.0167
vn -0.0183 0.9997 0.0153
vn -0.0158 -0.9995 0.0260
vn -0.0208 0.9995 0.0247
vn -0.0185 -0.9986 0.0487
vn -0.0279 0.9985 0.0476
vn -0.0101 0.9838 0.1792
vn -0.0144 -0.9969 0.0769
vn -0.0466 -0.9662 0.2535
vn -0.0945 0.9626 0.2538
vn -0.0948 0.9626 0.2536
vn 0.6704 -0.7420 0.0069
vn -0.3357 -0.9419 -0.0027
vn -0.1874 -0.9823 -0.0085
vn -0.1092 -0.9937 0.0234
vn -0.0922 -0.9949 0.0408
vn -0.3357 -0.9420 -0.0027
vn -0.2697 -0.9622 0.0390
vn -0.2735 -0.9612 0.0363
vn -0.2685 -0.9628 0.0306
vn -0.5329 -0.8462 -0.0029
vn -0.4746 -0.8802 0.0068
vn -0.4187 -0.9068 0.0495
vn -0.4457 -0.8951 0.0151
vn -0.4060 -0.9139 0.0036
vn -0.6603 -0.7510 -0.0031
vn -0.6020 -0.7984 0.0151
vn -0.6037 -0.7971 0.0162
vn -0.6026 -0.7979 0.0146
vn -0.7832 -0.6218 -0.0016
vn -0.7315 -0.6818 0.0132
vn -0.7314 -0.6819 0.0132
vn -0.7390 -0.6737 0.0075
vn -0.8816 -0.4719 -0.0012
vn -0.8393 -0.5436 0.0124
vn -0.8502 -0.5264 0.0040
vn -0.9501 -0.3121 -0.0002
vn -0.9225 -0.3858 0.0116
vn -0.9325 -0.3612 0.0027
vn -0.9912 -0.1326 0.0011
vn -0.9943 -0.1062 -0.0000
vn -0.9500 -0.3122 -0.0002
vn -0.9830 -0.1837 0.0003
vn -0.9705 -0.2406 0.0181
vn -0.9874 -0.1581 0.0033
vn -0.9816 -0.1909 0.0075
vn -0.9806 -0.1958 0.0082
vn -0.9826 -0.1789 0.0494
vn -0.9576 -0.2777 -0.0770
vn -0.9998 0.0197 -0.0000
vn -1.0000 -0.0000 0.0066
vn -0.9998 -0.0000 0.0196
vn -1.0000 -0.0006 -0.0000
vn -1.0000 -0.0000 0.0002
vn -1.0000 -0.0002 0.0024
vn -1.0000 -0.0001 0.0023
vn -1.0000 0.0001 -0.0018
vn -1.0000 -0.0000 -0.0015
vn -1.0000 -0.0000 -0.0018
vn -1.0000 -0.0002 -0.0016
vn -1.0000 -0.0000 -0.0036
vn -0.9972 -0.0159 0.0735
vn -0.9997 0.0004 0.0239
vn -0.9999 0.0011 0.0106
vn -0.9995 -0.0097 0.0293
vn -1.0000 0.0003 0.0091
vn -0.9995 0.0095 0.0315
vn -0.9995 0.0095 0.0316
vn -0.9984 -0.0552 0.0144
vn -0.9799 0.1995 0.0088
vn -0.9870 0.1610 0.0035
vn -0.9909 0.1344 0.0013
vn -0.9982 0.0010 0.0593
vn -1.0000 0.0065 -0.0002
vn -0.9971 0.0763 -0.0002
vn -0.9938 0.1108 0.0001
vn -0.9325 0.3612 0.0025
vn -0.9208 0.3899 0.0130
vn -0.9482 0.3175 -0.0000
vn -0.9682 0.2503 -0.0000
vn -0.9830 0.1837 -0.0000
vn -0.9702 0.2416 0.0183
vn -0.9702 0.2415 0.0183
vn -0.8416 0.5400 0.0116
vn -0.8815 0.4721 -0.0011
vn -0.8816 0.4721 -0.0011
vn -0.7390 0.6737 -0.0029
vn -0.6847 0.7273 0.0461
vn -0.7338 0.6792 0.0121
vn -0.7338 0.6793 0.0121
vn -0.7868 0.6172 -0.0022
vn -0.8502 0.5264 -0.0022
vn -0.8003 0.5983 0.0395
vn -0.8416 0.5399 0.0116
vn -0.5677 0.8223 0.0406
vn -0.6026 0.7980 0.0120
vn -0.6126 0.7903 0.0105
vn -0.6665 0.7455 -0.0029
vn -0.6666 0.7454 -0.0029
vn -0.3577 0.9338 -0.0058
vn -0.3576 0.9338 -0.0058
vn -0.4905 0.8714 0.0015
vn -0.5498 0.8353 -0.0012
vn -0.5497 0.8353 -0.0012
vn -0.3578 0.9338 -0.0058
vn -0.3574 0.9339 -0.0058
vn -0.4456 0.8950 0.0204
vn -0.4364 0.8992 0.0323
vn -0.2095 0.9778 -0.0042
vn -0.2734 0.9610 0.0406
vn -0.2890 0.9571 0.0205
vn -0.1305 0.9914 0.0063
vn -0.0454 0.9934 0.1056
vn -0.0923 0.9957 -0.0000
vn 0.0333 0.9994 -0.0000
vn 0.0470 0.9988 0.0111
vn 0.1078 0.9941 -0.0092
vn 0.1792 0.9838 -0.0043
vn 0.1109 0.9917 0.0655
vn 0.2738 0.9592 0.0699
vn 0.3451 0.9384 0.0194
vn 0.2630 0.9648 -0.0077
vn 0.1901 0.9815 0.0229
vn 0.1791 0.9833 0.0312
vn 0.1910 0.9810 0.0331
vn 0.4808 0.8765 0.0244
vn 0.4235 0.9034 0.0679
vn 0.5007 0.8650 -0.0329
vn 0.4040 0.9147 -0.0033
vn 0.3451 0.9382 0.0275
vn 0.3420 0.9393 0.0272
vn 0.6062 0.7949 0.0248
vn 0.6036 0.7968 0.0265
vn 0.6420 0.7667 -0.0058
vn 0.5352 0.8447 0.0025
vn 0.5009 0.8654 0.0145
vn 0.5402 0.8414 0.0145
vn 0.7334 0.6795 0.0190
vn 0.7639 0.6453 -0.0046
vn 0.6626 0.7490 0.0025
vn 0.6420 0.7667 0.0067
vn 0.6642 0.7476 0.0067
vn 0.8824 0.4704 0.0017
vn 0.8401 0.5421 0.0154
vn 0.8402 0.5421 0.0154
vn 0.8633 0.5048 -0.0029
vn 0.7843 0.6204 0.0015
vn 0.7639 0.6453 0.0041
vn 0.7851 0.6193 0.0041
vn 0.7852 0.6193 0.0041
vn 0.9227 0.3853 0.0125
vn 0.9370 0.3493 0.0055
vn 0.9200 0.3920 -0.0002
vn 0.8633 0.5048 0.0005
vn 0.9944 0.1058 0.0003
vn 0.9830 0.1834 0.0046
vn 0.9688 0.2479 -0.0002
vn 0.9370 0.3493 0.0006
vn 0.9502 0.3116 0.0008
vn 0.9912 0.1323 0.0015
vn 0.9874 0.1579 0.0036
vn 0.9983 0.0568 -0.0095
vn 0.9815 0.1911 0.0067
vn 0.9805 0.1962 0.0073
vn 0.9826 0.1789 0.0494
vn 0.9576 0.2777 -0.0770
vn 0.9984 0.0569 -0.0007
vn 0.9980 0.0616 -0.0129
vn 0.9985 0.0554 0.0003
vn 0.9999 0.0155 -0.0044
vn 1.0000 -0.0003 0.0091
vn 0.9998 -0.0197 -0.0000
vn 1.0000 -0.0000 0.0066
vn 0.9998 -0.0000 0.0196
vn 1.0000 0.0006 -0.0000
vn 1.0000 -0.0000 0.0002
vn 1.0000 0.0002 0.0024
vn 1.0000 0.0001 0.0023
vn 1.0000 -0.0001 -0.0018
vn 1.0000 -0.0000 -0.0016
vn 1.0000 -0.0000 -0.0018
vn 1.0000 0.0002 -0.0016
vn 1.0000 -0.0000 -0.0036
vn 0.9995 0.0097 0.0293
vn 0.9999 -0.0011 0.0106
vn 0.9997 -0.0004 0.0239
vn 0.9972 0.0159 0.0735
vn 0.9995 -0.0071 0.0302
vn 0.9995 -0.0071 0.0303
vn 1.0000 0.0069 -0.0055
vn 0.9952 0.0975 0.0069
vn 1.0000 0.0012 -0.0060
vn 0.9976 0.0692 0.0032
vn 0.9999 -0.0143 -0.0033
vn 1.0000 -0.0000 -0.0050
vn 0.9974 -0.0719 0.0034
vn 1.0000 -0.0052 -0.0059
vn 0.9999 -0.0139 -0.0048
vn 0.9977 -0.0643 -0.0191
vn 0.9983 -0.0577 -0.0030
vn 0.9984 -0.0569 -0.0007
vn 0.9703 -0.2414 0.0186
vn 0.9799 -0.1994 0.0092
vn 0.9870 -0.1608 0.0039
vn 0.9910 -0.1341 0.0016
vn 0.9999 -0.0140 -0.0048
vn 0.9985 -0.0551 0.0002
vn 0.9971 -0.0758 0.0002
vn 0.9939 -0.1104 0.0005
vn 0.9976 -0.0568 -0.0388
vn 0.9830 -0.1834 -0.0009
vn 0.9681 -0.2507 -0.0002
vn 0.9370 -0.3493 0.0009
vn 0.9683 -0.2499 0.0009
vn 0.9484 -0.3171 0.0009
vn 0.8425 -0.5385 0.0146
vn 0.8823 -0.4706 0.0019
vn 0.8633 -0.5048 0.0019
vn 0.8820 -0.4713 0.0004
vn 0.9370 -0.3493 -0.0007
vn 0.9210 -0.3894 0.0139
vn 0.7359 -0.6769 0.0178
vn 0.6420 -0.7667 0.0069
vn 0.6683 -0.7439 0.0016
vn 0.7639 -0.6453 -0.0031
vn 0.7359 -0.6769 0.0179
vn 0.7887 -0.6147 0.0035
vn 0.7639 -0.6453 0.0035
vn 0.7877 -0.6161 0.0005
vn 0.8633 -0.5048 -0.0009
vn 0.5010 -0.8654 0.0026
vn 0.5498 -0.8353 -0.0010
vn 0.6420 -0.7667 0.0026
vn 0.6168 -0.7869 0.0203
vn 0.3646 -0.9308 0.0239
vn 0.3451 -0.9384 0.0192
vn 0.4970 -0.8675 0.0189
vn 0.5574 -0.8301 0.0162
vn 0.5573 -0.8301 0.0162
vn 0.3622 -0.9320 0.0134
vn 0.5008 -0.8651 -0.0271
vn 0.4416 -0.8958 0.0504
vn 0.2137 -0.9762 0.0375
vn 0.1791 -0.9833 0.0318
vn 0.2108 -0.9775 0.0079
vn 0.2848 -0.9586 -0.0054
vn 0.3452 -0.9384 0.0145
vn 0.2938 -0.9545 0.0510
vn -0.1108 -0.9918 0.0631
vn -0.0333 -0.9994 -0.0000
vn 0.0470 -0.9989 -0.0000
vn 0.0439 -0.9990 0.0036
vn 0.1300 -0.9915 -0.0030
vn 0.1792 -0.9838 0.0004
vn 0.1326 -0.9900 0.0482
vn 0.1907 0.7053 0.6827
vn 0.8277 0.5344 0.1716
vn 0.9997 0.0219 0.0132
vn 0.9997 0.0195 0.0161
vn 0.9997 0.0170 0.0187
vn 0.9878 0.0561 0.1450
vn 0.6526 0.4288 0.6247
vn 0.0226 0.3688 0.9292
vn 0.1743 0.3765 0.9099
vn 0.0854 0.3515 0.9323
vn 0.0637 0.2976 0.9526
vn 0.0654 0.0772 0.9949
vn 0.2796 0.5887 0.7584
vn 0.1422 0.1172 0.9829
vn 0.3636 0.5798 0.7292
vn 0.3635 0.5798 0.7291
vn 0.2762 0.1758 0.9449
vn 0.2797 0.5887 0.7584
vn 0.4189 0.3922 0.8190
vn 0.4073 0.2297 0.8840
vn 0.5896 0.4756 0.6529
vn 0.5057 0.3426 0.7917
vn 0.5223 0.4031 0.7515
vn 0.5165 0.4358 0.7371
vn 0.4408 0.4743 0.7621
vn 0.6526 0.4289 0.6247
vn 0.6018 0.3295 0.7275
vn 0.5896 0.4755 0.6529
vn 0.7104 0.3778 0.5937
vn 0.6920 0.3747 0.6171
vn 0.6959 0.2508 0.6730
vn 0.7608 0.2858 0.5827
vn 0.8471 0.2326 0.4778
vn 0.8026 0.2074 0.5592
vn 0.8032 0.2243 0.5519
vn 0.8536 0.1783 0.4895
vn 0.9288 0.1459 0.3407
vn 0.8974 0.0975 0.4304
vn 0.8744 0.0299 0.4842
vn 0.8524 -0.0214 0.5225
vn 0.8788 0.3652 0.3071
vn 0.9288 0.1460 0.3407
vn 0.9232 0.0649 0.3788
vn 0.9544 0.1082 0.2781
vn 0.9534 0.0419 0.2988
vn 0.9878 0.0561 0.1449
vn 0.9765 0.0219 0.2145
vn 0.9738 0.0806 0.2126
vn 0.9928 -0.0082 0.1193
vn 0.9933 0.0210 0.1136
vn 0.9983 0.0161 0.0565
vn 0.9990 -0.0024 0.0445
vn 0.9988 -0.0065 0.0477
vn 0.9998 0.0010 0.0174
vn 0.9999 0.0091 0.0087
vn 0.9990 -0.0014 0.0455
vn 0.9990 0.0017 0.0455
vn 0.9995 0.0004 0.0311
vn 0.9997 0.0143 0.0213
vn 0.9997 0.0123 0.0232
vn 0.9996 0.0291 0.0004
vn 0.9991 0.0422 0.0024
vn 0.9992 0.0400 -0.0026
vn 0.9992 0.0399 -0.0016
vn 0.9818 0.1893 0.0134
vn 0.9878 0.1554 0.0093
vn 0.9902 0.1393 -0.0071
vn 0.9905 0.1354 -0.0234
vn 0.9905 0.1354 -0.0233
vn 0.9915 0.1299 -0.0036
vn 0.9982 0.0597 0.0108
vn 0.9355 0.3408 0.0934
vn 0.9430 0.3325 -0.0152
vn 0.9550 0.2947 0.0328
vn 0.9767 0.2138 0.0192
vn 0.9669 0.2540 -0.0254
vn 0.9355 0.3409 0.0935
vn 0.8717 0.4770 -0.1121
vn 0.9117 0.3202 0.2574
vn 0.8635 0.4916 0.1125
vn 0.8635 0.4916 0.1124
vn 0.5349 0.6742 -0.5093
vn 0.8276 0.5344 0.1716
vn 0.8362 0.5406 0.0922
vn 0.7282 0.6469 0.2264
vn 0.7282 0.6469 0.2263
vn 0.5531 0.7864 -0.2750
vn 0.7313 0.2116 0.6483
vn 0.7314 0.2117 0.6483
vn 0.6067 0.7949 -0.0065
vn 0.6271 0.7753 0.0757
vn 0.5455 0.8377 0.0273
vn 0.5446 0.8372 0.0505
vn 0.5661 0.8205 0.0800
vn 0.6218 0.7795 0.0757
vn 0.5294 0.8280 0.1846
vn 0.4361 0.8995 -0.0284
vn 0.4376 0.8903 0.1259
vn 0.2821 0.9490 0.1408
vn 0.4222 0.9042 0.0638
vn 0.2983 0.9138 -0.2756
vn 0.3494 0.9347 0.0648
vn 0.2822 0.9490 0.1408
vn 0.2579 0.9654 0.0376
vn 0.2036 0.9513 0.2316
vn 0.1166 0.9458 0.3031
vn 0.1588 0.9851 0.0660
vn 0.4722 0.8716 -0.1315
vn 0.5331 0.8408 0.0940
vn 0.4631 0.8808 0.0985
vn 0.4799 0.8653 0.1449
vn 0.3851 0.9102 0.1525
vn 0.0358 0.9521 0.3036
vn 0.0604 0.9887 0.1373
vn 0.0625 0.9509 0.3032
vn 0.0445 0.7302 0.6818
vn 0.1942 0.5589 0.8062
vn 0.1998 0.7874 0.5831
vn 0.3221 0.7608 0.5633
vn 0.3106 0.8225 0.4765
vn 0.4281 0.7820 0.4530
vn 0.4160 0.8184 0.3965
vn 0.5207 0.7684 0.3722
vn 0.5110 0.7898 0.3392
vn 0.6033 0.7328 0.3147
vn 0.5964 0.7461 0.2961
vn 0.6777 0.6835 0.2712
vn 0.6731 0.6920 0.2609
vn 0.7513 0.6176 0.2328
vn 0.7309 0.6602 0.1730
vn 0.7933 0.5889 0.1543
vn 0.7652 0.6377 0.0885
vn 0.7493 0.6584 0.0709
vn 0.6243 -0.3316 0.7073
vn 0.8651 0.1960 0.4617
vn 0.9005 0.1700 0.4003
vn 0.9005 0.1713 0.3998
vn 0.9351 0.1395 0.3256
vn 0.9351 0.1404 0.3253
vn 0.9622 0.1079 0.2499
vn 0.9622 0.1085 0.2497
vn 0.9819 0.0755 0.1736
vn 0.9819 0.0759 0.1735
vn 0.9944 0.0424 0.0969
vn 0.9944 0.0426 0.0968
vn 0.9995 0.0132 0.0299
vn 0.9997 0.0175 0.0176
vn 0.9949 0.0707 0.0715
vn 0.9949 0.0706 0.0716
vn 0.9836 0.1264 0.1283
vn 0.9837 0.1261 0.1284
vn 0.9658 0.1816 0.1850
vn 0.9659 0.1811 0.1852
vn 0.9412 0.2363 0.2416
vn 0.9412 0.2356 0.2420
vn 0.9094 0.2901 0.2981
vn 0.9095 0.2890 0.2987
vn 0.8700 0.3428 0.3544
vn 0.8702 0.3411 0.3555
vn 0.8224 0.3938 0.4105
vn 0.8228 0.3913 0.4122
vn 0.7665 0.4422 0.4659
vn 0.9993 0.0380 0.0010
vn 0.9995 0.0288 0.0130
vn 0.9944 0.0959 0.0435
vn 0.9944 0.0958 0.0436
vn 0.9821 0.1714 0.0780
vn 0.9821 0.1713 0.0781
vn 0.9627 0.2462 0.1123
vn 0.9627 0.2459 0.1125
vn 0.9360 0.3200 0.1465
vn 0.9361 0.3195 0.1469
vn 0.9019 0.3923 0.1805
vn 0.9022 0.3913 0.1813
vn 0.8601 0.4628 0.2145
vn 0.8606 0.4611 0.2161
vn 0.8103 0.5306 0.2487
vn 0.8113 0.5278 0.2516
vn 0.7528 0.5942 0.2833
vn 0.9997 0.0204 0.0142
vn 0.9948 0.0833 0.0582
vn 0.9948 0.0832 0.0583
vn 0.9833 0.1490 0.1044
vn 0.9833 0.1488 0.1045
vn 0.9651 0.2141 0.1505
vn 0.9652 0.2138 0.1507
vn 0.9400 0.2787 0.1966
vn 0.9401 0.2781 0.1970
vn 0.9078 0.3422 0.2425
vn 0.9080 0.3412 0.2432
vn 0.8679 0.4045 0.2883
vn 0.8682 0.4028 0.2896
vn 0.8200 0.4647 0.3342
vn 0.8205 0.4621 0.3365
vn 0.7632 0.5223 0.3804
vn 0.7718 0.4744 0.4234
vn 0.6980 0.5342 0.4768
vn 0.6998 0.5272 0.4820
vn 0.6213 0.5783 0.5288
vn 0.6237 0.5673 0.5378
vn 0.5333 0.6139 0.5820
vn 0.5364 0.5961 0.5974
vn 0.4332 0.6365 0.6381
vn 0.4367 0.6074 0.6636
vn 0.3209 0.6394 0.6987
vn 0.3241 0.5936 0.7366
vn 0.2011 0.6147 0.7627
vn 0.1799 0.2775 0.9437
vn 0.1742 0.3765 0.9099
vn 0.8697 0.4705 0.1493
vn 0.8704 0.4689 0.1504
vn 0.8962 0.4215 0.1387
vn 0.8863 0.4496 0.1110
vn 0.9283 0.3611 0.0891
vn 0.9281 0.3616 0.0887
vn 0.9579 0.2787 0.0683
vn 0.9579 0.2790 0.0681
vn 0.9797 0.1946 0.0475
vn 0.9797 0.1947 0.0474
vn 0.9937 0.1090 0.0265
vn 0.9988 0.0468 0.0113
vn 0.9982 0.0602 -0.0077
vn 0.9997 0.0144 0.0210
vn 0.9948 0.0574 0.0842
vn 0.9948 0.0572 0.0842
vn 0.9832 0.1024 0.1510
vn 0.9832 0.1021 0.1511
vn 0.9649 0.1470 0.2175
vn 0.9650 0.1464 0.2177
vn 0.9396 0.1909 0.2840
vn 0.9397 0.1901 0.2843
vn 0.9071 0.2339 0.3499
vn 0.9072 0.2328 0.3505
vn 0.8668 0.2758 0.4154
vn 0.8669 0.2742 0.4163
vn 0.8183 0.3161 0.4800
vn 0.8185 0.3137 0.4814
vn 0.7609 0.3543 0.5436
vn 0.7610 0.2865 0.5821
vn 0.7104 0.3779 0.5937
vn 0.0697 0.3680 0.9272
vn 0.0659 0.5685 0.8200
vn 0.0713 0.7291 0.6807
vn 0.0722 0.7166 0.6937
vn 0.0722 0.8753 0.4781
vn 0.1915 0.8614 0.4704
vn 0.1687 0.9284 0.3310
vn 0.3010 0.8983 0.3201
vn 0.2711 0.9407 0.2042
vn 0.3862 0.9014 0.1956
vn 0.3710 0.9194 0.1306
vn 0.4314 0.8930 0.1286
vn 0.4221 0.9043 0.0637
vn -0.1907 -0.7053 0.6827
vn -0.8277 -0.5344 0.1716
vn -0.9997 -0.0219 0.0132
vn -0.9997 -0.0195 0.0161
vn -0.9997 -0.0170 0.0187
vn -0.9878 -0.0561 0.1449
vn -0.6526 -0.4289 0.6247
vn -0.0854 -0.3515 0.9323
vn -0.1742 -0.3765 0.9099
vn -0.0226 -0.3688 0.9292
vn -0.2796 -0.5887 0.7584
vn -0.1422 -0.1172 0.9829
vn -0.3636 -0.5798 0.7292
vn -0.3636 -0.5798 0.7291
vn -0.2763 -0.1758 0.9449
vn -0.2796 -0.5888 0.7584
vn -0.4189 -0.3922 0.8190
vn -0.4073 -0.2296 0.8840
vn -0.5896 -0.4755 0.6529
vn -0.5057 -0.3426 0.7917
vn -0.5222 -0.4031 0.7515
vn -0.5164 -0.4358 0.7371
vn -0.4408 -0.4743 0.7621
vn -0.6018 -0.3296 0.7275
vn -0.7104 -0.3778 0.5937
vn -0.6920 -0.3747 0.6170
vn -0.6959 -0.2508 0.6730
vn -0.6526 -0.4288 0.6247
vn -0.7608 -0.2858 0.5827
vn -0.8471 -0.2326 0.4778
vn -0.8026 -0.2074 0.5592
vn -0.8032 -0.2243 0.5519
vn -0.8031 -0.2243 0.5520
vn -0.8536 -0.1783 0.4895
vn -0.9288 -0.1459 0.3407
vn -0.8974 -0.0975 0.4304
vn -0.8748 -0.0298 0.4836
vn -0.8524 0.0214 0.5225
vn -0.8788 -0.3652 0.3071
vn -0.9232 -0.0649 0.3788
vn -0.9544 -0.1082 0.2781
vn -0.9534 -0.0419 0.2987
vn -0.9765 -0.0219 0.2145
vn -0.9738 -0.0806 0.2126
vn -0.9928 0.0082 0.1193
vn -0.9933 -0.0210 0.1136
vn -0.9983 -0.0161 0.0565
vn -0.9990 0.0024 0.0445
vn -0.9988 0.0065 0.0477
vn -0.9998 -0.0010 0.0174
vn -0.9999 -0.0091 0.0087
vn -0.9990 0.0014 0.0455
vn -0.9990 -0.0017 0.0455
vn -0.9995 -0.0004 0.0311
vn -0.9997 -0.0143 0.0213
vn -0.9997 -0.0123 0.0232
vn -0.9996 -0.0291 0.0004
vn -0.9991 -0.0422 0.0024
vn -0.9992 -0.0400 -0.0026
vn -0.9992 -0.0399 -0.0016
vn -0.9818 -0.1893 0.0134
vn -0.9878 -0.1554 0.0093
vn -0.9902 -0.1393 -0.0071
vn -0.9905 -0.1354 -0.0234
vn -0.9905 -0.1354 -0.0232
vn -0.9915 -0.1299 -0.0036
vn -0.9982 -0.0597 0.0108
vn -0.9355 -0.3409 0.0935
vn -0.9430 -0.3324 -0.0152
vn -0.9550 -0.2947 0.0328
vn -0.9767 -0.2138 0.0192
vn -0.9669 -0.2540 -0.0254
vn -0.9355 -0.3408 0.0935
vn -0.8717 -0.4770 -0.1120
vn -0.9117 -0.3202 0.2574
vn -0.8636 -0.4915 0.1125
vn -0.5349 -0.6742 -0.5092
vn -0.8276 -0.5344 0.1716
vn -0.8362 -0.5406 0.0922
vn -0.7282 -0.6469 0.2264
vn -0.5531 -0.7864 -0.2751
vn -0.7315 -0.2116 0.6482
vn -0.7314 -0.2117 0.6483
vn -0.6067 -0.7949 -0.0065
vn -0.6271 -0.7753 0.0757
vn -0.5455 -0.8377 0.0273
vn -0.5446 -0.8372 0.0505
vn -0.5660 -0.8205 0.0800
vn -0.6295 -0.7734 0.0752
vn -0.5294 -0.8280 0.1846
vn -0.4361 -0.8995 -0.0284
vn -0.4376 -0.8903 0.1259
vn -0.2822 -0.9490 0.1408
vn -0.4224 -0.9042 0.0638
vn -0.2983 -0.9138 -0.2756
vn -0.3494 -0.9347 0.0648
vn -0.2579 -0.9654 0.0376
vn -0.2036 -0.9513 0.2316
vn -0.1166 -0.9458 0.3031
vn -0.1588 -0.9851 0.0660
vn -0.4723 -0.8716 -0.1315
vn -0.5331 -0.8408 0.0940
vn -0.4631 -0.8808 0.0985
vn -0.4799 -0.8653 0.1449
vn -0.3851 -0.9102 0.1525
vn -0.0358 -0.9521 0.3036
vn -0.0604 -0.9887 0.1373
vn -0.0625 -0.9509 0.3032
vn -0.0445 -0.7302 0.6818
vn -0.1942 -0.5589 0.8062
vn -0.1998 -0.7874 0.5831
vn -0.3221 -0.7608 0.5633
vn -0.3106 -0.8225 0.4765
vn -0.4281 -0.7820 0.4530
vn -0.4160 -0.8184 0.3965
vn -0.5207 -0.7684 0.3721
vn -0.5110 -0.7898 0.3393
vn -0.6033 -0.7328 0.3147
vn -0.5964 -0.7461 0.2961
vn -0.6777 -0.6835 0.2712
vn -0.6731 -0.6920 0.2609
vn -0.7513 -0.6176 0.2328
vn -0.7309 -0.6602 0.1730
vn -0.7933 -0.5889 0.1543
vn -0.7652 -0.6377 0.0885
vn -0.7505 -0.6571 0.0710
vn -0.6244 0.3315 0.7072
vn -0.8651 -0.1960 0.4617
vn -0.9005 -0.1700 0.4003
vn -0.9005 -0.1713 0.3998
vn -0.9352 -0.1395 0.3256
vn -0.9351 -0.1404 0.3253
vn -0.9622 -0.1079 0.2499
vn -0.9622 -0.1085 0.2497
vn -0.9819 -0.0755 0.1736
vn -0.9819 -0.0759 0.1735
vn -0.9944 -0.0424 0.0969
vn -0.9944 -0.0426 0.0969
vn -0.9995 -0.0132 0.0299
vn -0.9997 -0.0175 0.0176
vn -0.9949 -0.0707 0.0715
vn -0.9949 -0.0706 0.0716
vn -0.9836 -0.1264 0.1283
vn -0.9837 -0.1261 0.1284
vn -0.9658 -0.1816 0.1850
vn -0.9659 -0.1811 0.1852
vn -0.9412 -0.2363 0.2416
vn -0.9412 -0.2356 0.2420
vn -0.9094 -0.2901 0.2981
vn -0.9095 -0.2890 0.2988
vn -0.8700 -0.3428 0.3544
vn -0.8702 -0.3411 0.3555
vn -0.8225 -0.3938 0.4105
vn -0.8228 -0.3913 0.4122
vn -0.7665 -0.4422 0.4659
vn -0.9993 -0.0380 0.0010
vn -0.9995 -0.0288 0.0130
vn -0.9944 -0.0959 0.0435
vn -0.9944 -0.0958 0.0436
vn -0.9821 -0.1714 0.0780
vn -0.9821 -0.1713 0.0781
vn -0.9627 -0.2462 0.1123
vn -0.9627 -0.2459 0.1125
vn -0.9360 -0.3200 0.1465
vn -0.9361 -0.3195 0.1469
vn -0.9019 -0.3923 0.1805
vn -0.9022 -0.3913 0.1813
vn -0.8601 -0.4628 0.2145
vn -0.8606 -0.4611 0.2161
vn -0.8103 -0.5306 0.2487
vn -0.8113 -0.5278 0.2516
vn -0.7528 -0.5942 0.2833
vn -0.9997 -0.0204 0.0142
vn -0.9948 -0.0833 0.0582
vn -0.9948 -0.0832 0.0583
vn -0.9833 -0.1490 0.1044
vn -0.9833 -0.1488 0.1045
vn -0.9651 -0.2141 0.1505
vn -0.9652 -0.2138 0.1507
vn -0.9400 -0.2787 0.1966
vn -0.9401 -0.2781 0.1970
vn -0.9078 -0.3422 0.2425
vn -0.9080 -0.3412 0.2432
vn -0.8679 -0.4045 0.2883
vn -0.8682 -0.4028 0.2897
vn -0.8200 -0.4647 0.3342
vn -0.8205 -0.4621 0.3365
vn -0.7632 -0.5223 0.3804
vn -0.7718 -0.4744 0.4234
vn -0.6980 -0.5342 0.4768
vn -0.6998 -0.5272 0.4820
vn -0.6213 -0.5783 0.5288
vn -0.6237 -0.5673 0.5377
vn -0.5333 -0.6139 0.5820
vn -0.5364 -0.5961 0.5974
vn -0.4332 -0.6365 0.6381
vn -0.4367 -0.6074 0.6636
vn -0.3209 -0.6394 0.6987
vn -0.3241 -0.5936 0.7366
vn -0.2011 -0.6147 0.7627
vn -0.1799 -0.2775 0.9437
vn -0.8697 -0.4706 0.1493
vn -0.8704 -0.4689 0.1504
vn -0.8962 -0.4215 0.1387
vn -0.8863 -0.4497 0.1110
vn -0.9283 -0.3611 0.0891
vn -0.9281 -0.3616 0.0887
vn -0.9579 -0.2787 0.0683
vn -0.9579 -0.2790 0.0681
vn -0.9797 -0.1946 0.0475
vn -0.9797 -0.1947 0.0474
vn -0.9937 -0.1090 0.0265
vn -0.9988 -0.0468 0.0113
vn -0.9982 -0.0602 -0.0077
vn -0.9997 -0.0144 0.0210
vn -0.9948 -0.0574 0.0842
vn -0.9948 -0.0572 0.0842
vn -0.9832 -0.1024 0.1510
vn -0.9832 -0.1021 0.1511
vn -0.9649 -0.1470 0.2175
vn -0.9650 -0.1464 0.2177
vn -0.9396 -0.1909 0.2840
vn -0.9397 -0.1901 0.2843
vn -0.9071 -0.2339 0.3499
vn -0.9072 -0.2328 0.3505
vn -0.8668 -0.2758 0.4154
vn -0.8669 -0.2742 0.4163
vn -0.8183 -0.3161 0.4800
vn -0.8184 -0.3138 0.4814
vn -0.7609 -0.3543 0.5436
vn -0.7610 -0.2865 0.5821
vn -0.4224 -0.9042 0.0637
vn -0.4315 -0.8929 0.1286
vn -0.3710 -0.9194 0.1306
vn -0.3862 -0.9014 0.1956
vn -0.2711 -0.9407 0.2042
vn -0.3010 -0.8983 0.3201
vn -0.1687 -0.9284 0.3310
vn -0.1915 -0.8614 0.4704
vn -0.0722 -0.8753 0.4781
vn -0.0722 -0.7166 0.6937
vn -0.0713 -0.7291 0.6807
vn -0.0659 -0.5685 0.8200
vn -0.0697 -0.3680 0.9272
vn -0.0679 -0.3079 0.9490
vn -0.0758 -0.2115 0.9744
vn -0.0654 0.7056 0.7056
vn -0.1939 0.6816 0.7056
vn -0.3159 0.6343 0.7056
vn -0.4270 0.5655 0.7056
vn -0.5237 0.4774 0.7056
vn -0.6025 0.3730 0.7056
vn -0.6608 0.2560 0.7056
vn -0.6965 0.1302 0.7056
vn -0.6966 0.1302 0.7056
vn -0.7086 -0.0000 0.7056
vn -0.6965 -0.1302 0.7056
vn -0.6966 -0.1302 0.7056
vn -0.6608 -0.2560 0.7056
vn -0.6025 -0.3730 0.7056
vn -0.5237 -0.4774 0.7056
vn -0.4270 -0.5655 0.7056
vn -0.3159 -0.6343 0.7056
vn -0.1939 -0.6816 0.7056
vn -0.0654 -0.7056 0.7056
vn 0.0332 -0.7067 0.7067
vn 0.7075 0.0008 0.7067
vn 0.7076 -0.0009 0.7066
vn 0.6977 -0.0217 0.7160
vn 0.6986 -0.0154 0.7154
vn 0.7027 -0.0206 0.7112
vn 0.7064 -0.0106 0.7077
vn 0.7069 -0.0102 0.7072
vn 0.7028 -0.0394 0.7102
vn 0.7026 -0.0394 0.7105
vn 0.7042 -0.0188 0.7098
vn 0.7058 -0.0173 0.7082
vn 0.7034 -0.0401 0.7097
vn 0.7061 -0.0397 0.7070
vn 0.7063 -0.0402 0.7068
vn 0.6964 -0.1300 0.7058
vn 0.6638 -0.2474 0.7058
vn 0.6116 -0.3576 0.7058
vn 0.6115 -0.3576 0.7058
vn 0.5412 -0.4572 0.7058
vn 0.5412 -0.4571 0.7058
vn 0.4548 -0.5432 0.7058
vn 0.4548 -0.5431 0.7058
vn 0.3549 -0.6131 0.7058
vn 0.2445 -0.6649 0.7058
vn 0.1269 -0.6970 0.7058
vn 0.1269 -0.6969 0.7058
vn -0.0921 0.9957 -0.0000
vn -0.0924 0.9957 -0.0000
vn -0.2729 0.9620 -0.0000
vn -0.2739 0.9618 -0.0000
vn -0.4457 0.8952 -0.0000
vn -0.6016 0.7988 -0.0000
vn -0.6033 0.7975 -0.0000
vn -0.7379 0.6749 -0.0000
vn -0.7397 0.6729 -0.0000
vn -0.8495 0.5276 -0.0000
vn -0.8512 0.5249 -0.0000
vn -0.9317 0.3633 -0.0000
vn -0.9329 0.3601 -0.0000
vn -0.9828 0.1845 -0.0000
vn -0.9832 0.1827 -0.0000
vn -1.0000 -0.0000 -0.0000
vn -0.9828 -0.1845 -0.0000
vn -0.9832 -0.1827 -0.0000
vn -0.9317 -0.3633 -0.0000
vn -0.9329 -0.3601 -0.0000
vn -0.8495 -0.5276 -0.0000
vn -0.8512 -0.5249 -0.0000
vn -0.7379 -0.6749 -0.0000
vn -0.7397 -0.6729 -0.0000
vn -0.6016 -0.7988 -0.0000
vn -0.6033 -0.7975 -0.0000
vn -0.4457 -0.8952 -0.0000
vn -0.2729 -0.9620 -0.0000
vn -0.2739 -0.9618 -0.0000
vn -0.0921 -0.9957 -0.0000
vn -0.0924 -0.9957 -0.0000
vn 0.0469 -0.9989 -0.0000
vn 0.0012 -0.0140 0.9999
vn 0.0025 -0.0140 -0.9999
vn 0.0025 -0.0139 -0.9999
vn 0.0036 -0.0136 0.9999
vn 0.0049 -0.0133 -0.9999
vn 0.0059 -0.0127 0.9999
vn 0.0071 -0.0123 -0.9999
vn 0.0080 -0.0115 0.9999
vn 0.0091 -0.0109 -0.9999
vn 0.0098 -0.0099 0.9999
vn 0.0108 -0.0091 -0.9999
vn 0.0114 -0.0081 0.9999
vn 0.0122 -0.0071 -0.9999
vn 0.0126 -0.0060 0.9999
vn 0.9950 -0.0995 -0.0000
vn 0.0068 -0.0004 1.0000
vn 0.0132 -0.0049 -0.9999
vn 0.0135 -0.0038 0.9999
vn 0.0138 -0.0026 -0.9999
vn 0.2560 -0.0000 0.9667
vn 0.2561 -0.0000 0.9666
vn 0.7007 -0.0000 0.7135
vn 0.7011 -0.0000 0.7131
vn 0.9620 -0.0000 0.2732
vn 0.9621 0.0001 0.2728
vn 0.9620 -0.0000 0.2729
vn 0.9668 -0.1512 0.2059
vn 0.9894 -0.0714 0.1261
vn 0.9898 -0.0802 0.1177
vn 0.9602 -0.2228 0.1687
vn 0.9913 -0.1131 0.0670
vn 0.9609 -0.2664 0.0751
vn 0.9839 -0.1754 0.0343
vn 0.5412 -0.4570 0.7059
vn -0.3229 -0.4025 0.8566
vn 0.2547 -0.0959 0.9622
vn 0.5229 -0.1561 0.8380
vn 0.2518 -0.1789 0.9511
vn 0.5398 -0.1690 0.8246
vn 0.6952 -0.1262 0.7076
vn 0.5286 -0.8281 0.1869
vn 0.5454 -0.8169 0.1876
vn 0.5405 -0.6911 0.4798
vn 0.5429 -0.6896 0.4792
vn 0.5392 -0.4574 0.7072
vn -0.0926 -0.9651 0.2450
vn 0.5311 -0.8265 0.1866
vn -0.0682 -0.9742 0.2150
vn 0.1671 -0.9546 0.2465
vn -0.3228 -0.4025 0.8566
vn -0.3225 -0.4025 0.8568
vn 0.4390 -0.4893 0.7536
vn -0.1331 -0.7652 0.6299
vn -0.1329 -0.8198 0.5570
vn 0.4972 -0.6655 0.5567
vn -0.0935 -0.9649 0.2454
vn 0.8356 -0.5338 0.1299
vn 0.8336 -0.5369 0.1300
vn 0.8304 -0.4538 0.3233
vn 0.8315 -0.4523 0.3226
vn 0.8288 -0.3004 0.4721
vn 0.8296 -0.2996 0.4713
vn 0.8288 -0.1134 0.5479
vn 0.9852 -0.0139 0.1708
vn 0.9606 -0.0560 0.2724
vn 0.9901 0.0990 0.0993
vn 0.9797 0.1907 0.0623
vn 0.9861 0.1584 0.0504
vn 0.9619 0.0203 0.2727
vn 0.1735 0.9816 0.0794
vn 0.5270 0.8215 0.2179
vn 0.4670 0.8628 0.1935
vn 0.5290 0.8278 0.1869
vn -0.3480 0.6361 0.6886
vn 0.4614 0.4829 0.7442
vn 0.9590 0.1477 0.2419
vn 0.8288 0.3002 0.4721
vn 0.8295 0.2997 0.4713
vn 0.2486 0.2408 0.9382
vn -0.2000 0.1837 0.9624
vn -0.2461 0.2432 0.9382
vn -0.2464 0.2430 0.9382
vn -0.2807 0.8979 0.3391
vn -0.2805 0.8979 0.3392
vn -0.2804 0.8980 0.3390
vn 0.8353 0.5344 0.1295
vn 0.8336 0.5367 0.1305
vn 0.5454 0.8169 0.1876
vn 0.5401 0.6914 0.4799
vn 0.4995 0.7121 0.4934
vn -0.3483 0.6361 0.6885
vn 0.6952 0.1262 0.7076
vn 0.9587 0.0859 0.2710
vn 0.8271 0.0971 0.5536
vn 0.9348 0.0559 0.3508
vn 0.9903 0.0475 0.1304
vn 0.2518 0.1790 0.9511
vn 0.5398 0.1690 0.8247
vn 0.5414 0.4568 0.7058
vn 0.5390 0.4575 0.7072
vn 0.5433 0.6893 0.4792
vn 0.8312 0.4526 0.3227
vn 0.8303 0.4537 0.3236
vn 0.9901 0.1075 0.0902
vn 0.9671 0.1873 0.1721
vn 0.9998 -0.0000 0.0175
vn 0.9998 -0.0000 0.0174
vn 0.9998 -0.0000 0.0176
vn 0.9999 -0.0000 0.0171
vn -0.0000 0.0488 0.9988
vn 0.0487 0.2492 0.9672
vn -0.0066 0.3346 0.9423
vn -0.0066 0.3342 0.9425
vn -0.0146 0.2501 0.9681
vn -0.0151 0.3346 0.9422
vn -0.0572 0.2496 0.9667
vn 0.0551 0.7338 0.6772
vn -0.0004 0.6758 0.7371
vn -0.0008 0.7351 0.6779
vn -0.0593 0.6751 0.7353
vn 0.0607 0.9643 0.2578
vn 0.0146 0.9340 0.3571
vn 0.0138 0.9662 0.2575
vn 0.0044 0.9340 0.3571
vn 0.0038 0.9662 0.2579
vn -0.0833 0.9313 0.3547
vn -0.0000 0.9970 0.0779
vn -0.0000 -0.9978 0.0662
vn 0.0684 -0.9341 0.3505
vn -0.0226 -0.9687 0.2473
vn -0.0225 -0.9687 0.2470
vn -0.0334 -0.9359 0.3506
vn -0.0327 -0.9684 0.2471
vn -0.0535 -0.9351 0.3502
vn 0.0865 -0.6622 0.7444
vn -0.0000 -0.0998 0.9950
vn -0.0705 -0.2407 0.9680
vn 0.0019 -0.4230 0.9061
vn -0.0004 -0.2408 0.9706
vn 0.0207 -0.4223 0.9062
vn 0.0182 -0.2409 0.9704
vn 0.0659 -0.4216 0.9044
vn -0.0676 -0.6638 0.7448
vn -0.0281 -0.7709 0.6363
vn -0.0281 -0.7711 0.6361
vn -0.0000 0.9998 0.0175
vn -0.0000 -0.9998 0.0175
vn 0.6375 -0.6052 0.4768
vn 0.5382 -0.8425 0.0226
vn 0.5297 -0.8479 0.0227
vn 0.8423 -0.5385 0.0227
vn 0.7251 -0.6881 0.0268
vn 0.9679 -0.2504 0.0201
vn 0.9843 -0.1755 0.0191
vn 0.9679 -0.2503 0.0213
vn 0.5451 -0.8381 0.0225
vn 0.1756 -0.9843 0.0186
vn 0.2760 -0.9609 0.0216
vn 0.2767 0.9607 0.0216
vn 0.6378 0.6055 0.4760
vn 0.1755 0.9843 0.0186
vn 0.5399 0.8414 0.0224
vn 0.5296 0.8480 0.0225
vn 0.5389 0.8421 0.0228
vn 0.7260 0.6872 0.0233
vn 0.8418 0.5392 0.0251
vn 0.9680 0.2500 0.0203
vn 0.9812 0.1918 0.0205
vn 1.0000 -0.0000 -0.0000
vn 0.7255 0.6882 -0.0000
vn 0.7267 0.6869 -0.0030
vn 0.9678 0.2515 -0.0000
vn 0.9685 0.2490 -0.0000
vn 0.9682 0.2503 -0.0000
vn 0.7236 0.6902 -0.0000
vn 0.9984 0.0560 -0.0000
vn 0.0139 0.0014 0.9999
vn 0.0138 0.0026 -0.9999
vn 0.0135 0.0038 0.9999
vn 0.0132 0.0049 -0.9999
vn 0.0126 0.0060 0.9999
vn 0.0122 0.0071 -0.9999
vn 0.0114 0.0081 0.9999
vn 0.0108 0.0091 -0.9999
vn 0.0098 0.0099 0.9999
vn 0.0091 0.0109 -0.9999
vn 0.0080 0.0115 0.9999
vn 0.0071 0.0123 -0.9999
vn 0.0059 0.0127 0.9999
vn 0.0868 0.9962 -0.0000
vn 0.0004 0.0077 1.0000
vn 0.0049 0.0133 -0.9999
vn 0.0036 0.0136 0.9999
vn 0.0025 0.0139 -0.9999
vn 0.0025 0.0140 -0.9999
vn 0.9685 -0.2489 -0.0030
vn 0.9678 -0.2518 -0.0000
vn 0.9681 -0.2506 -0.0000
vn 0.7236 -0.6902 -0.0000
vn 0.7271 -0.6865 -0.0015
vn 0.7259 -0.6878 -0.0000
vn 0.9987 0.0509 0.0012
vn 0.9832 0.1823 0.0025
vn 0.9504 0.3110 0.0066
vn 0.9504 0.3109 0.0066
vn 0.8448 0.5350 0.0083
vn 0.7441 0.6679 0.0131
vn 0.7450 0.6669 0.0131
vn 0.5473 0.8368 0.0136
vn 0.3089 0.9509 0.0190
vn 0.1974 0.9801 0.0195
vn 0.3072 0.9515 0.0167
vn 0.9824 0.1814 0.0436
vn 0.1916 0.9480 0.2541
vn 0.4905 0.8413 0.2274
vn 0.8343 0.4520 0.3155
vn 0.8313 0.1070 0.5455
vn -0.3696 0.6844 0.6285
vn 0.5953 0.6613 0.4563
vn 0.5455 0.6901 0.4757
vn 0.5443 0.6908 0.4760
vn 0.8346 0.4518 0.3153
vn 0.8357 0.5360 0.1192
vn 0.8398 0.5297 0.1188
vn 0.1948 0.0469 0.9797
vn -0.0981 0.1959 0.9757
vn 0.5415 0.1637 0.8246
vn 0.5362 0.1635 0.8281
vn 0.8349 0.1051 0.5403
vn 0.5912 0.2667 0.7611
vn 0.5908 0.2667 0.7614
vn 0.5912 0.2669 0.7611
vn 0.8971 0.2885 0.3347
vn 0.9920 0.1002 0.0764
vn 0.8825 0.4387 0.1695
vn 0.9974 0.0716 0.0058
vn 0.9931 0.0722 0.0922
vn 0.9529 0.0696 0.2953
vn 0.9801 0.0368 0.1949
vn 0.4908 0.8411 0.2272
vn 0.4648 0.8647 0.1906
vn 0.5457 0.8182 0.1807
vn 0.5395 0.8224 0.1806
vn 0.8911 0.2434 0.3831
vn 0.8324 0.2988 0.4668
vn 0.8325 0.2986 0.4666
vn 0.5432 0.4569 0.7044
vn 0.5426 0.4570 0.7049
vn -0.1966 0.5384 0.8195
vn 0.5999 0.5858 0.5450
vn 0.9808 -0.0000 0.1952
vn 0.9808 -0.0000 0.1949
vn 0.8396 -0.0000 0.5432
vn 0.8394 -0.0000 0.5435
vn 0.5430 -0.0000 0.8398
vn 0.5437 -0.0000 0.8393
vn 0.1952 -0.0000 0.9808
vn 0.1948 -0.0000 0.9808
vn 0.9801 -0.0368 0.1952
vn 0.1898 -0.2356 0.9531
vn 0.4779 -0.2090 0.8532
vn 0.8328 -0.2992 0.4657
vn 0.8355 -0.5365 0.1184
vn -0.3616 -0.6216 0.6949
vn 0.5934 -0.4386 0.6750
vn 0.5426 -0.4581 0.7041
vn 0.5431 -0.4580 0.7037
vn 0.8325 -0.2996 0.4661
vn 0.8311 -0.1061 0.5458
vn 0.8349 -0.1059 0.5401
vn 0.1966 -0.9783 0.0660
vn -0.0939 -0.9727 0.2122
vn 0.5462 -0.8179 0.1808
vn 0.5405 -0.8217 0.1805
vn 0.8312 -0.5428 0.1207
vn 0.6030 -0.7458 0.2832
vn 0.6031 -0.7457 0.2832
vn 0.6031 -0.7457 0.2831
vn 0.8960 -0.3208 0.3070
vn 0.9911 -0.0673 0.1146
vn 0.8854 -0.1498 0.4400
vn 0.9959 -0.0031 0.0906
vn 0.9941 -0.0745 0.0791
vn 0.9506 -0.2988 0.0841
vn 0.9825 -0.1812 0.0435
vn 0.4780 -0.2091 0.8531
vn 0.4520 -0.1739 0.8749
vn 0.5416 -0.1636 0.8246
vn 0.5360 -0.1635 0.8282
vn 0.8908 -0.3722 0.2605
vn 0.8347 -0.4522 0.3145
vn 0.8343 -0.4526 0.3147
vn 0.5442 -0.6916 0.4750
vn 0.5451 -0.6912 0.4745
vn -0.1972 -0.8116 0.5500
vn 0.5996 -0.5297 0.5999
vn 0.1706 -0.9852 0.0172
vn 0.5566 -0.8308 0.0071
vn 0.9833 -0.1822 0.0034
vn 0.1971 -0.9802 0.0175
vn 0.5621 -0.8269 0.0150
vn 0.5484 -0.8361 0.0155
vn 0.5637 -0.8258 0.0154
vn 0.8367 -0.5476 0.0092
vn 0.8691 -0.4945 0.0094
vn 0.8677 -0.4970 0.0095
vn 0.9885 -0.1514 0.0022
vn 0.7055 0.0075 0.7087
vn 0.7026 0.0394 0.7105
vn 0.7068 0.0397 0.7063
vn 0.7036 0.0390 0.7095
vn 0.6974 0.0376 0.7157
vn 0.6973 0.0376 0.7158
vn 0.6855 0.0345 0.7273
vn 0.6850 0.0348 0.7277
vn 0.6556 0.0268 0.7547
vn 0.0332 0.7067 0.7067
vn 0.7063 0.0402 0.7068
vn 0.6964 0.1300 0.7058
vn 0.6638 0.2474 0.7058
vn 0.6115 0.3576 0.7058
vn 0.6116 0.3576 0.7058
vn 0.5412 0.4572 0.7058
vn 0.5412 0.4571 0.7058
vn 0.4548 0.5432 0.7058
vn 0.3549 0.6131 0.7058
vn 0.2445 0.6649 0.7058
vn 0.1269 0.6970 0.7058
vn 0.1269 0.6969 0.7058
vn -0.0000 -0.0001 1.0000
vn -0.0000 0.0006 1.0000
vn -1.0000 -0.0000 0.0001
vn -0.6367 -0.7620 -0.1186
vn -0.0579 0.8059 0.5891
vn -0.8458 -0.0434 0.5317
vn -0.8457 -0.0436 0.5318
vn -0.7891 -0.4655 0.4007
vn -0.7891 -0.4656 0.4008
vn -0.8033 -0.4541 0.3854
vn -0.6636 0.1854 0.7248
vn -0.7054 -0.7079 0.0351
vn -0.8300 -0.4394 0.3436
vn -0.6416 0.3071 0.7028
vn -0.6305 0.2967 0.7172
vn -0.5562 0.4193 0.7175
vn -0.5562 0.4193 0.7176
vn -0.7167 -0.6425 0.2711
vn -0.7962 -0.3646 0.4828
vn -0.6205 0.1597 0.7678
vn -0.7363 -0.5223 0.4303
vn -0.6318 -0.0135 0.7750
vn -0.6609 0.0047 0.7504
vn -0.6014 0.0638 0.7964
vn -0.6860 -0.4582 0.5653
vn -0.6523 -0.5123 0.5586
vn -0.6753 -0.3078 0.6702
vn -0.6436 -0.3252 0.6929
vn -0.6173 -0.0654 0.7840
vn -0.5735 -0.0339 0.8185
vn -0.6213 -0.4264 0.6574
vn -0.5162 -0.0668 0.8539
vn -0.5171 -0.2190 0.8274
vn -0.5704 -0.2911 0.7681
vn -0.5703 -0.2912 0.7681
vn -0.5507 -0.4334 0.7134
vn -0.4965 -0.2853 0.8198
vn -0.4720 -0.0507 0.8801
vn -0.4397 -0.2246 0.8696
vn -0.4814 -0.2088 0.8513
vn -0.4713 -0.4276 0.7714
vn -0.3867 -0.1335 0.9125
vn -0.4166 -0.1238 0.9006
vn -0.3829 -0.1173 0.9163
vn -0.3878 -0.4372 0.8115
vn -0.3259 -0.2342 0.9159
vn -0.3259 -0.2341 0.9160
vn -0.3578 -0.2258 0.9061
vn -0.2398 -0.0407 0.9700
vn -0.3108 -0.1527 0.9381
vn -0.2970 -0.4314 0.8519
vn -0.2434 -0.2447 0.9385
vn -0.2434 -0.2448 0.9385
vn -0.2538 -0.1143 0.9605
vn -0.2160 -0.0829 0.9729
vn -0.2056 -0.4499 0.8691
vn -0.1635 -0.2807 0.9458
vn -0.1906 -0.2771 0.9418
vn -0.1222 0.0166 0.9924
vn -0.1105 -0.5078 0.8544
vn -0.1968 -0.8448 0.4976
vn -0.0978 -0.5775 0.8105
vn -0.1062 -0.4075 0.9070
vn -0.0890 -0.4088 0.9083
vn -0.0393 0.3921 0.9191
vn -0.0048 -0.9737 0.2276
vn -0.0153 -0.7382 -0.6744
vn -0.0152 -0.7380 -0.6746
vn 0.0121 -0.6636 -0.7480
vn -0.0053 -0.5527 0.8334
vn 0.0531 0.0475 0.9975
vn 0.1010 -0.4837 0.8694
vn 0.0906 -0.4843 0.8702
vn 0.1053 -0.6409 0.7604
vn 0.1949 -0.7360 0.6483
vn 0.0946 -0.3414 0.9351
vn 0.1176 0.0283 0.9927
vn 0.1859 -0.2625 0.9469
vn 0.1585 -0.2660 0.9508
vn 0.1585 -0.2661 0.9508
vn 0.2044 -0.4842 0.8507
vn 0.2130 -0.0845 0.9734
vn 0.2130 -0.0846 0.9734
vn 0.2725 -0.2081 0.9394
vn 0.2353 -0.2152 0.9478
vn 0.3039 -0.4741 0.8264
vn 0.3134 -0.1824 0.9319
vn 0.2607 -0.1369 0.9557
vn 0.3459 -0.1265 0.9297
vn 0.4856 -0.4387 0.7562
vn 0.3834 -0.1380 0.9132
vn 0.3690 -0.2422 0.8973
vn 0.4032 -0.2315 0.8854
vn 0.3981 -0.4569 0.7955
vn 0.3046 -0.1372 0.9426
vn 0.3045 -0.1372 0.9426
vn 0.6260 -0.3356 0.7039
vn 0.5087 -0.0588 0.8590
vn 0.5288 -0.2086 0.8227
vn 0.5625 -0.2757 0.7795
vn 0.5444 -0.2838 0.7894
vn 0.5801 -0.4023 0.7083
vn 0.5571 -0.3646 0.7461
vn 0.4632 -0.1654 0.8707
vn 0.4721 -0.3309 0.8171
vn 0.4942 -0.3225 0.8073
vn 0.4943 -0.3224 0.8073
vn 0.8034 -0.4578 0.3807
vn 0.7220 -0.6298 0.2865
vn 0.8034 -0.3636 0.4716
vn 0.6544 0.0890 0.7509
vn 0.7528 -0.4264 0.5015
vn 0.6176 0.0281 0.7860
vn 0.5962 0.0317 0.8022
vn 0.6600 -0.0936 0.7454
vn 0.6440 -0.1035 0.7580
vn 0.7121 -0.3829 0.5885
vn 0.6976 -0.3984 0.5955
vn 0.5911 -0.0875 0.8018
vn 0.6319 -0.0650 0.7724
vn 0.5797 -0.0517 0.8132
vn 0.5885 -0.1526 0.7939
vn 0.6531 -0.4304 0.6231
vn 0.5755 -0.3597 0.7345
vn 0.8411 -0.4095 0.3535
vn 0.7954 -0.4643 0.3895
vn 0.7955 -0.4643 0.3895
vn 0.6813 0.1540 0.7156
vn 0.8057 -0.5537 0.2103
vn 0.7237 -0.6899 -0.0174
vn 0.7238 -0.6898 -0.0173
vn 0.7239 -0.6897 -0.0174
vn 0.5536 0.4283 0.7142
vn 0.6600 0.2686 0.7016
vn 0.7921 0.0278 0.6097
vn 0.7921 0.0277 0.6098
vn 0.0697 -0.3680 0.9272
vn 0.0723 -0.7290 0.6807
vn 0.1735 -0.4024 0.8989
vn 0.3605 -0.5804 0.7302
vn 0.8625 -0.1978 0.4658
vn 0.9991 0.0006 0.0431
vn 0.8655 -0.4887 0.1102
vn 0.0470 -0.9517 0.3034
vn 0.0611 -0.9823 0.1773
vn 0.2279 -0.9473 0.2249
vn 0.2280 -0.9473 0.2249
vn 0.1596 -0.9839 0.0799
vn 0.1400 -0.9546 0.2630
vn 0.2542 -0.9671 0.0024
vn 0.3140 -0.9257 0.2108
vn 0.4257 -0.7060 0.5660
vn 0.4257 -0.7059 0.5662
vn 0.3474 -0.9376 -0.0131
vn 0.3398 -0.9374 -0.0767
vn 0.4614 -0.8848 0.0646
vn 0.4574 -0.8827 0.1080
vn 0.5615 -0.8197 0.1133
vn 0.5419 -0.8402 -0.0186
vn 0.5275 -0.8427 0.1076
vn 0.7183 -0.6777 0.1575
vn 0.7183 -0.6777 0.1574
vn 0.6244 -0.7796 0.0476
vn 0.6178 -0.7860 0.0226
vn 0.5952 -0.7958 0.1117
vn 0.7512 -0.2540 0.6093
vn 0.7511 -0.2540 0.6094
vn 0.8311 -0.5287 0.1724
vn 0.7563 -0.6491 0.0816
vn 0.7828 -0.6119 0.1127
vn 0.7828 -0.6019 0.1577
vn 0.7309 -0.6602 0.1730
vn 0.5591 -0.7856 -0.2650
vn 0.8712 -0.4692 0.1444
vn 0.8364 -0.5402 0.0928
vn 0.8655 -0.4887 0.1103
vn 0.5446 -0.6733 -0.5001
vn 0.9121 -0.3286 0.2452
vn 0.9303 -0.3607 0.0670
vn 0.8727 -0.4758 -0.1096
vn 0.9121 -0.3286 0.2450
vn 0.9121 -0.3286 0.2451
vn 0.9710 -0.2376 0.0260
vn 0.9520 -0.3049 0.0285
vn 0.9494 -0.3139 0.0069
vn 0.9706 -0.2399 -0.0199
vn 0.9710 -0.2377 0.0260
vn 0.9905 -0.1360 -0.0198
vn 0.9901 -0.1400 -0.0059
vn 0.9874 -0.1579 0.0109
vn 0.9800 -0.1985 0.0121
vn 0.9981 -0.0608 -0.0087
vn 0.9982 -0.0575 0.0149
vn 0.9933 -0.1135 0.0201
vn 0.9883 -0.1426 -0.0538
vn 0.9993 -0.0382 0.0010
vn 0.9992 -0.0398 -0.0015
vn 0.9992 -0.0400 -0.0028
vn 0.9999 0.0090 -0.0048
vn 0.9997 -0.0248 0.0091
vn 0.9997 -0.0212 0.0139
vn 0.9997 -0.0189 0.0168
vn 0.9997 -0.0162 0.0197
vn 0.9997 -0.0133 0.0225
vn 1.0000 0.0027 -0.0046
vn 0.9996 -0.0074 0.0277
vn 0.9995 -0.0006 0.0309
vn 0.9972 -0.0210 0.0724
vn 0.9988 -0.0090 0.0487
vn 0.9990 0.0027 0.0452
vn 0.9990 0.0042 0.0455
vn 0.9832 -0.0550 0.1743
vn 0.9930 -0.0164 0.1172
vn 0.9913 -0.0070 0.1314
vn 0.9775 -0.0295 0.2087
vn 0.9658 -0.0869 0.2441
vn 0.9167 -0.1869 0.3531
vn 0.9167 -0.1868 0.3531
vn 0.9434 -0.1309 0.3049
vn 0.9005 -0.1700 0.4003
vn 0.8514 0.0240 0.5240
vn 0.8725 -0.0252 0.4879
vn 0.7183 0.1903 0.6692
vn 0.8870 -0.2944 0.3557
vn 0.8870 -0.2945 0.3557
vn 0.8505 -0.2249 0.4755
vn 0.7598 -0.2790 0.5872
vn 0.8048 -0.2297 0.5473
vn 0.8065 -0.2265 0.5461
vn 0.8029 -0.2157 0.5557
vn 0.7119 -0.3787 0.5915
vn 0.6531 -0.4320 0.6220
vn 0.6824 -0.3175 0.6584
vn 0.5852 -0.4991 0.6391
vn 0.6039 -0.3407 0.7206
vn 0.5585 -0.2545 0.7895
vn 0.5108 -0.4717 0.7188
vn 0.5098 -0.3300 0.7945
vn 0.4087 -0.2612 0.8745
vn 0.4148 -0.3652 0.8334
vn 0.4329 -0.4343 0.7899
vn 0.3604 -0.5804 0.7302
vn 0.2767 -0.1783 0.9443
vn 0.2759 -0.5853 0.7624
vn 0.1730 -0.2096 0.9624
vn 0.0226 -0.3688 0.9292
vn 0.0687 -0.1440 0.9872
vn 0.1733 -0.4010 0.8995
vn 0.1733 -0.4010 0.8996
vn 0.3863 -0.9134 0.1286
vn 0.4211 -0.8990 0.1199
vn 0.3796 -0.9170 0.1223
vn 0.3712 -0.9074 0.1969
vn 0.2887 -0.9356 0.2031
vn 0.2758 -0.9054 0.3227
vn 0.1857 -0.9256 0.3299
vn 0.1688 -0.8651 0.4724
vn 0.0560 -0.8762 0.4786
vn 0.0625 -0.9509 0.3032
vn 0.7604 -0.2841 0.5840
vn 0.7607 -0.2786 0.5863
vn 0.7609 -0.3543 0.5436
vn 0.8184 -0.3138 0.4814
vn 0.9154 -0.0317 0.4012
vn 0.9352 -0.1395 0.3256
vn 0.9005 -0.1713 0.3998
vn 0.9072 -0.2328 0.3505
vn 0.8668 -0.2758 0.4154
vn 0.8702 -0.3411 0.3555
vn 0.8225 -0.3938 0.4105
vn 0.8205 -0.4621 0.3365
vn 0.7632 -0.5223 0.3804
vn 0.9622 -0.1085 0.2497
vn 0.9819 -0.0755 0.1736
vn 0.9819 -0.0759 0.1735
vn 0.9944 -0.0424 0.0969
vn 0.9944 -0.0426 0.0968
vn 0.9994 -0.0140 0.0316
vn 0.9995 0.0002 0.0312
vn 0.9396 -0.1909 0.2840
vn 0.9650 -0.1465 0.2177
vn 0.9649 -0.1470 0.2175
vn 0.9832 -0.1021 0.1511
vn 0.9832 -0.1024 0.1510
vn 0.9948 -0.0572 0.0842
vn 0.9948 -0.0574 0.0842
vn 0.9997 -0.0143 0.0208
vn 0.9094 -0.2901 0.2981
vn 0.9412 -0.2356 0.2420
vn 0.9412 -0.2363 0.2416
vn 0.9659 -0.1811 0.1852
vn 0.9658 -0.1816 0.1850
vn 0.9837 -0.1261 0.1284
vn 0.9836 -0.1264 0.1283
vn 0.9949 -0.0706 0.0716
vn 0.9949 -0.0707 0.0715
vn 0.9997 -0.0175 0.0176
vn 0.8679 -0.4045 0.2883
vn 0.9080 -0.3412 0.2432
vn 0.9078 -0.3422 0.2425
vn 0.9401 -0.2781 0.1970
vn 0.9400 -0.2787 0.1966
vn 0.9652 -0.2138 0.1507
vn 0.9651 -0.2141 0.1505
vn 0.9833 -0.1488 0.1045
vn 0.9833 -0.1490 0.1044
vn 0.9948 -0.0832 0.0583
vn 0.9948 -0.0833 0.0582
vn 0.9997 -0.0205 0.0142
vn 0.9997 -0.0212 0.0138
vn 0.8103 -0.5306 0.2487
vn 0.8606 -0.4611 0.2161
vn 0.8601 -0.4628 0.2145
vn 0.9022 -0.3913 0.1813
vn 0.9019 -0.3923 0.1805
vn 0.9361 -0.3195 0.1469
vn 0.9360 -0.3200 0.1465
vn 0.9627 -0.2459 0.1125
vn 0.9627 -0.2462 0.1123
vn 0.9821 -0.1713 0.0781
vn 0.9821 -0.1714 0.0780
vn 0.9944 -0.0958 0.0436
vn 0.9944 -0.0959 0.0435
vn 0.9997 -0.0239 0.0108
vn 0.9993 -0.0381 0.0009
vn 0.8718 -0.4677 0.1454
vn 0.8955 -0.4243 0.1346
vn 0.8869 -0.4485 0.1108
vn 0.9283 -0.3611 0.0891
vn 0.9281 -0.3616 0.0887
vn 0.9579 -0.2787 0.0683
vn 0.9579 -0.2790 0.0681
vn 0.9797 -0.1946 0.0475
vn 0.9797 -0.1947 0.0474
vn 0.9937 -0.1090 0.0265
vn 0.9989 -0.0451 0.0109
vn 0.0642 -0.0860 0.9942
vn 0.0639 -0.1109 0.9918
vn 0.0721 -0.3974 0.9148
vn 0.1729 -0.3924 0.9034
vn 0.1727 -0.3945 0.9025
vn 0.0569 -0.3683 0.9280
vn 0.0738 -0.5682 0.8196
vn 0.1942 -0.5589 0.8062
vn 0.2011 -0.6147 0.7627
vn 0.3182 -0.5948 0.7382
vn 0.3251 -0.6384 0.6977
vn 0.4318 -0.6090 0.6654
vn 0.4368 -0.6353 0.6369
vn 0.5327 -0.5978 0.5991
vn 0.5361 -0.6126 0.5808
vn 0.6210 -0.5688 0.5392
vn 0.6233 -0.5771 0.5277
vn 0.6979 -0.5286 0.4832
vn 0.6995 -0.5332 0.4759
vn 0.7718 -0.4744 0.4234
vn 0.7665 -0.4422 0.4659
vn 0.8228 -0.3913 0.4122
vn 0.8183 -0.3161 0.4800
vn 0.8669 -0.2742 0.4163
vn 0.8567 -0.1945 0.4778
vn 0.8437 -0.1697 0.5092
vn 0.0710 -0.7167 0.6938
vn 0.1907 -0.7053 0.6827
vn 0.1998 -0.7874 0.5831
vn 0.3117 -0.7636 0.5654
vn 0.3179 -0.8204 0.4753
vn 0.4194 -0.7856 0.4550
vn 0.4222 -0.8158 0.3952
vn 0.5143 -0.7719 0.3738
vn 0.5157 -0.7872 0.3381
vn 0.5988 -0.7359 0.3160
vn 0.5998 -0.7437 0.2952
vn 0.6746 -0.6861 0.2723
vn 0.6754 -0.6900 0.2602
vn 0.7513 -0.6176 0.2328
vn 0.7528 -0.5942 0.2833
vn 0.8113 -0.5278 0.2516
vn 0.8200 -0.4647 0.3342
vn 0.8682 -0.4028 0.2897
vn 0.8700 -0.3428 0.3544
vn 0.9095 -0.2890 0.2988
vn 0.9071 -0.2339 0.3499
vn 0.9397 -0.1901 0.2843
vn 0.9351 -0.1404 0.3253
vn 0.9622 -0.1079 0.2499
vn 0.9526 -0.0373 0.3020
vn 1.0000 -0.0000 0.0001
vn 0.6366 0.7620 -0.1185
vn 0.0577 -0.8060 0.5892
vn 0.8456 0.0435 0.5320
vn 0.8459 0.0436 0.5315
vn 0.7892 0.4654 0.4007
vn 0.7891 0.4655 0.4007
vn 0.8033 0.4541 0.3853
vn 0.6635 -0.1854 0.7249
vn 0.7054 0.7079 0.0352
vn 0.8299 0.4395 0.3437
vn 0.6416 -0.3072 0.7029
vn 0.6304 -0.2968 0.7173
vn 0.5564 -0.4192 0.7174
vn 0.5564 -0.4192 0.7175
vn 0.7168 0.6424 0.2710
vn 0.7962 0.3646 0.4828
vn 0.6204 -0.1598 0.7678
vn 0.7363 0.5223 0.4302
vn 0.6318 0.0135 0.7750
vn 0.6317 0.0135 0.7751
vn 0.6610 -0.0047 0.7504
vn 0.6013 -0.0638 0.7965
vn 0.6860 0.4582 0.5652
vn 0.6523 0.5123 0.5586
vn 0.6754 0.3078 0.6702
vn 0.6436 0.3252 0.6929
vn 0.6173 0.0654 0.7840
vn 0.5735 0.0339 0.8185
vn 0.6213 0.4267 0.6572
vn 0.5162 0.0669 0.8539
vn 0.5171 0.2190 0.8274
vn 0.5704 0.2911 0.7681
vn 0.5704 0.2912 0.7680
vn 0.5507 0.4334 0.7134
vn 0.4965 0.2853 0.8198
vn 0.4720 0.0507 0.8801
vn 0.4397 0.2246 0.8696
vn 0.4814 0.2088 0.8513
vn 0.4713 0.4276 0.7714
vn 0.3867 0.1335 0.9125
vn 0.4166 0.1238 0.9006
vn 0.3829 0.1173 0.9163
vn 0.3878 0.4372 0.8115
vn 0.3259 0.2341 0.9159
vn 0.3259 0.2341 0.9160
vn 0.3578 0.2258 0.9061
vn 0.2400 0.0407 0.9699
vn 0.3107 0.1527 0.9381
vn 0.2970 0.4314 0.8519
vn 0.2434 0.2447 0.9385
vn 0.2434 0.2448 0.9385
vn 0.2537 0.1143 0.9605
vn 0.2160 0.0829 0.9729
vn 0.2056 0.4499 0.8691
vn 0.1635 0.2807 0.9458
vn 0.1906 0.2771 0.9418
vn 0.1222 -0.0166 0.9924
vn 0.1105 0.5078 0.8544
vn 0.1967 0.8447 0.4978
vn 0.0978 0.5774 0.8106
vn 0.1062 0.4076 0.9070
vn 0.0890 0.4088 0.9083
vn 0.0394 -0.3920 0.9191
vn 0.0048 0.9737 0.2278
vn 0.0153 0.7382 -0.6744
vn 0.0152 0.7381 -0.6745
vn -0.0121 0.6636 -0.7480
vn 0.0053 0.5523 0.8336
vn -0.0531 -0.0473 0.9975
vn -0.1010 0.4836 0.8694
vn -0.0906 0.4843 0.8702
vn -0.1053 0.6408 0.7604
vn -0.1949 0.7360 0.6484
vn -0.0946 0.3416 0.9351
vn -0.1176 -0.0283 0.9927
vn -0.1859 0.2624 0.9469
vn -0.1585 0.2660 0.9508
vn -0.1585 0.2661 0.9508
vn -0.2044 0.4842 0.8507
vn -0.2130 0.0845 0.9734
vn -0.2130 0.0846 0.9734
vn -0.2725 0.2081 0.9394
vn -0.2353 0.2152 0.9478
vn -0.3039 0.4741 0.8264
vn -0.3134 0.1824 0.9319
vn -0.2607 0.1369 0.9556
vn -0.3459 0.1265 0.9297
vn -0.4856 0.4387 0.7562
vn -0.3834 0.1380 0.9132
vn -0.3690 0.2422 0.8973
vn -0.4032 0.2315 0.8854
vn -0.3981 0.4569 0.7955
vn -0.3046 0.1372 0.9426
vn -0.6260 0.3356 0.7039
vn -0.5086 0.0588 0.8590
vn -0.5288 0.2086 0.8227
vn -0.5625 0.2757 0.7795
vn -0.5444 0.2838 0.7894
vn -0.5801 0.4023 0.7082
vn -0.5572 0.3646 0.7461
vn -0.4631 0.1654 0.8707
vn -0.4720 0.3309 0.8171
vn -0.4942 0.3225 0.8073
vn -0.4944 0.3224 0.8072
vn -0.8034 0.4579 0.3807
vn -0.7218 0.6300 0.2866
vn -0.8034 0.3635 0.4716
vn -0.6543 -0.0890 0.7509
vn -0.7528 0.4265 0.5015
vn -0.6177 -0.0281 0.7859
vn -0.5962 -0.0317 0.8022
vn -0.6601 0.0936 0.7454
vn -0.6441 0.1035 0.7579
vn -0.7122 0.3829 0.5884
vn -0.6976 0.3984 0.5955
vn -0.5911 0.0875 0.8018
vn -0.6319 0.0650 0.7723
vn -0.5797 0.0517 0.8132
vn -0.5885 0.1526 0.7940
vn -0.6531 0.4304 0.6231
vn -0.5755 0.3597 0.7345
vn -0.8410 0.4095 0.3535
vn -0.7954 0.4643 0.3895
vn -0.6813 -0.1540 0.7157
vn -0.8056 0.5539 0.2104
vn -0.7241 0.6895 -0.0174
vn -0.7241 0.6895 -0.0173
vn -0.7237 0.6899 -0.0174
vn -0.5541 -0.4281 0.7139
vn -0.6596 -0.2687 0.7019
vn -0.7924 -0.0278 0.6094
vn -0.7920 -0.0278 0.6099
vn -0.0697 0.3680 0.9272
vn -0.0723 0.7290 0.6807
vn -0.1737 0.4020 0.8990
vn -0.3605 0.5804 0.7302
vn -0.8625 0.1978 0.4658
vn -0.9991 -0.0006 0.0431
vn -0.8656 0.4885 0.1101
vn -0.0470 0.9517 0.3035
vn -0.0611 0.9823 0.1773
vn -0.2280 0.9473 0.2249
vn -0.2279 0.9473 0.2249
vn -0.1596 0.9839 0.0799
vn -0.1400 0.9546 0.2630
vn -0.2542 0.9671 0.0024
vn -0.3140 0.9257 0.2108
vn -0.4259 0.7059 0.5660
vn -0.4259 0.7058 0.5661
vn -0.3474 0.9376 -0.0131
vn -0.3398 0.9374 -0.0766
vn -0.4614 0.8848 0.0646
vn -0.4574 0.8827 0.1080
vn -0.5615 0.8197 0.1134
vn -0.5419 0.8402 -0.0186
vn -0.5419 0.8402 -0.0187
vn -0.5275 0.8427 0.1076
vn -0.7183 0.6777 0.1574
vn -0.7182 0.6777 0.1574
vn -0.6244 0.7796 0.0476
vn -0.6178 0.7860 0.0226
vn -0.5952 0.7958 0.1117
vn -0.7510 0.2540 0.6095
vn -0.7510 0.2540 0.6094
vn -0.8311 0.5287 0.1724
vn -0.7564 0.6490 0.0817
vn -0.7828 0.6119 0.1127
vn -0.7828 0.6019 0.1577
vn -0.7309 0.6602 0.1730
vn -0.5590 0.7857 -0.2650
vn -0.7182 0.6777 0.1575
vn -0.8712 0.4692 0.1444
vn -0.8364 0.5402 0.0928
vn -0.8654 0.4888 0.1103
vn -0.5446 0.6733 -0.5001
vn -0.9121 0.3286 0.2452
vn -0.9303 0.3607 0.0670
vn -0.8727 0.4758 -0.1096
vn -0.9121 0.3286 0.2451
vn -0.9710 0.2376 0.0260
vn -0.9520 0.3049 0.0285
vn -0.9494 0.3139 0.0069
vn -0.9706 0.2399 -0.0199
vn -0.9710 0.2377 0.0260
vn -0.9905 0.1360 -0.0198
vn -0.9901 0.1400 -0.0059
vn -0.9874 0.1579 0.0109
vn -0.9800 0.1985 0.0121
vn -0.9981 0.0608 -0.0087
vn -0.9982 0.0575 0.0149
vn -0.9933 0.1135 0.0201
vn -0.9883 0.1426 -0.0538
vn -0.9993 0.0382 0.0009
vn -0.9992 0.0398 -0.0015
vn -0.9992 0.0400 -0.0028
vn -0.9999 -0.0090 -0.0048
vn -0.9997 0.0248 0.0091
vn -0.9997 0.0212 0.0138
vn -0.9997 0.0189 0.0168
vn -0.9997 0.0162 0.0197
vn -0.9997 0.0133 0.0225
vn -1.0000 -0.0027 -0.0046
vn -0.9996 0.0074 0.0277
vn -0.9995 0.0006 0.0309
vn -0.9968 0.0211 0.0768
vn -0.9987 0.0104 0.0491
vn -0.9990 -0.0028 0.0452
vn -0.9990 -0.0041 0.0455
vn -0.9810 0.0488 0.1877
vn -0.9936 0.0248 0.1106
vn -0.9898 0.0023 0.1421
vn -0.9784 0.0363 0.2036
vn -0.9632 0.0825 0.2559
vn -0.9158 0.1806 0.3588
vn -0.9158 0.1806 0.3589
vn -0.9403 0.1198 0.3184
vn -0.9404 0.1198 0.3184
vn -0.9005 0.1700 0.4003
vn -0.8514 -0.0240 0.5240
vn -0.8727 0.0252 0.4876
vn -0.7183 -0.1903 0.6693
vn -0.8870 0.2944 0.3557
vn -0.8505 0.2248 0.4755
vn -0.7598 0.2790 0.5872
vn -0.8048 0.2297 0.5472
vn -0.8065 0.2265 0.5461
vn -0.8029 0.2157 0.5557
vn -0.8505 0.2249 0.4755
vn -0.7119 0.3787 0.5915
vn -0.6531 0.4320 0.6220
vn -0.6824 0.3175 0.6584
vn -0.5852 0.4991 0.6391
vn -0.6039 0.3407 0.7206
vn -0.5585 0.2545 0.7895
vn -0.5107 0.4717 0.7188
vn -0.5108 0.4717 0.7188
vn -0.5098 0.3300 0.7945
vn -0.4087 0.2612 0.8745
vn -0.4148 0.3652 0.8334
vn -0.4329 0.4343 0.7899
vn -0.3604 0.5804 0.7303
vn -0.2767 0.1783 0.9443
vn -0.2759 0.5853 0.7624
vn -0.1730 0.2096 0.9624
vn -0.2759 0.5853 0.7625
vn -0.0226 0.3688 0.9292
vn -0.0686 0.1440 0.9872
vn -0.1733 0.4009 0.8996
vn -0.3865 0.9133 0.1286
vn -0.4211 0.8991 0.1199
vn -0.3796 0.9170 0.1223
vn -0.3712 0.9074 0.1969
vn -0.2887 0.9356 0.2031
vn -0.2758 0.9054 0.3227
vn -0.1857 0.9256 0.3299
vn -0.1688 0.8651 0.4724
vn -0.0560 0.8762 0.4786
vn -0.0625 0.9509 0.3032
vn -0.7604 0.2841 0.5840
vn -0.7607 0.2786 0.5863
vn -0.7609 0.3543 0.5436
vn -0.8184 0.3137 0.4814
vn -0.9159 0.0335 0.4000
vn -0.9351 0.1395 0.3256
vn -0.9005 0.1713 0.3998
vn -0.9072 0.2328 0.3505
vn -0.8668 0.2758 0.4154
vn -0.8702 0.3411 0.3555
vn -0.8225 0.3938 0.4105
vn -0.8205 0.4621 0.3365
vn -0.7632 0.5223 0.3804
vn -0.9622 0.1085 0.2497
vn -0.9819 0.0755 0.1736
vn -0.9819 0.0759 0.1735
vn -0.9944 0.0424 0.0969
vn -0.9944 0.0426 0.0968
vn -0.9994 0.0140 0.0316
vn -0.9995 -0.0002 0.0312
vn -0.9396 0.1909 0.2840
vn -0.9650 0.1465 0.2177
vn -0.9649 0.1470 0.2175
vn -0.9832 0.1021 0.1511
vn -0.9832 0.1024 0.1510
vn -0.9948 0.0572 0.0842
vn -0.9948 0.0574 0.0842
vn -0.9997 0.0143 0.0208
vn -0.9094 0.2901 0.2981
vn -0.9412 0.2356 0.2420
vn -0.9412 0.2363 0.2416
vn -0.9659 0.1811 0.1852
vn -0.9658 0.1816 0.1850
vn -0.9837 0.1261 0.1284
vn -0.9836 0.1264 0.1283
vn -0.9949 0.0706 0.0716
vn -0.9949 0.0707 0.0715
vn -0.9997 0.0175 0.0176
vn -0.8679 0.4045 0.2883
vn -0.9080 0.3412 0.2432
vn -0.9078 0.3422 0.2425
vn -0.9401 0.2781 0.1970
vn -0.9400 0.2787 0.1966
vn -0.9652 0.2138 0.1507
vn -0.9651 0.2141 0.1505
vn -0.9833 0.1488 0.1045
vn -0.9833 0.1490 0.1044
vn -0.9948 0.0832 0.0583
vn -0.9948 0.0833 0.0582
vn -0.9997 0.0205 0.0142
vn -0.8103 0.5306 0.2487
vn -0.8606 0.4611 0.2161
vn -0.8601 0.4628 0.2145
vn -0.9022 0.3913 0.1813
vn -0.9019 0.3923 0.1805
vn -0.9361 0.3195 0.1469
vn -0.9360 0.3200 0.1465
vn -0.9627 0.2459 0.1125
vn -0.9627 0.2462 0.1123
vn -0.9821 0.1713 0.0781
vn -0.9821 0.1714 0.0780
vn -0.9944 0.0958 0.0436
vn -0.9944 0.0959 0.0435
vn -0.9997 0.0239 0.0108
vn -0.9993 0.0381 0.0009
vn -0.8718 0.4677 0.1454
vn -0.8955 0.4243 0.1346
vn -0.8869 0.4485 0.1108
vn -0.9283 0.3611 0.0891
vn -0.9281 0.3616 0.0887
vn -0.9579 0.2787 0.0683
vn -0.9579 0.2790 0.0681
vn -0.9797 0.1946 0.0475
vn -0.9797 0.1947 0.0474
vn -0.9937 0.1090 0.0265
vn -0.9989 0.0451 0.0109
vn -0.0642 0.0860 0.9942
vn -0.0639 0.1109 0.9918
vn -0.0721 0.3974 0.9148
vn -0.1728 0.3924 0.9034
vn -0.1727 0.3945 0.9025
vn -0.0569 0.3683 0.9280
vn -0.0738 0.5682 0.8196
vn -0.1942 0.5589 0.8062
vn -0.2011 0.6147 0.7627
vn -0.3182 0.5949 0.7382
vn -0.3251 0.6384 0.6977
vn -0.4318 0.6090 0.6654
vn -0.4368 0.6353 0.6368
vn -0.5327 0.5978 0.5991
vn -0.5361 0.6126 0.5808
vn -0.6210 0.5688 0.5392
vn -0.6233 0.5771 0.5277
vn -0.6979 0.5286 0.4832
vn -0.6995 0.5331 0.4758
vn -0.7718 0.4744 0.4234
vn -0.7665 0.4422 0.4659
vn -0.8228 0.3913 0.4122
vn -0.8183 0.3161 0.4800
vn -0.8669 0.2742 0.4163
vn -0.8567 0.1945 0.4778
vn -0.8437 0.1697 0.5092
vn -0.0710 0.7167 0.6938
vn -0.1907 0.7053 0.6827
vn -0.1998 0.7874 0.5831
vn -0.3117 0.7636 0.5654
vn -0.3179 0.8204 0.4753
vn -0.4194 0.7855 0.4550
vn -0.4222 0.8158 0.3952
vn -0.5143 0.7719 0.3739
vn -0.5157 0.7872 0.3381
vn -0.5988 0.7359 0.3160
vn -0.5998 0.7437 0.2952
vn -0.6747 0.6861 0.2723
vn -0.6754 0.6900 0.2602
vn -0.7513 0.6176 0.2328
vn -0.7528 0.5942 0.2833
vn -0.8113 0.5278 0.2516
vn -0.8200 0.4647 0.3342
vn -0.8682 0.4028 0.2896
vn -0.8700 0.3428 0.3544
vn -0.9095 0.2890 0.2987
vn -0.9071 0.2339 0.3499
vn -0.9397 0.1901 0.2843
vn -0.9351 0.1404 0.3253
vn -0.9622 0.1079 0.2499
vn -0.9541 0.0458 0.2959
vn 0.4570 -0.7045 0.5430
vn 0.1636 -0.8247 0.5414
vn 0.2356 -0.9532 0.1897
vn 0.1740 -0.8751 0.4516
vn 0.2094 -0.8539 0.4765
vn 0.2092 -0.8540 0.4764
vn 0.7439 -0.2826 0.6056
vn 0.8112 -0.5518 -0.1936
vn 0.5297 -0.5996 0.5999
vn 0.8179 -0.1807 0.5463
vn 0.1065 -0.5523 0.8268
vn 0.0368 -0.1947 0.9802
vn 0.0034 -0.0919 0.9958
vn 0.1438 -0.4174 0.8973
vn 0.0665 -0.1135 0.9913
vn 0.3186 -0.3038 0.8979
vn 0.3681 -0.2588 0.8930
vn 0.0765 -0.0806 0.9938
vn 0.3049 -0.0862 0.9485
vn 0.9783 -0.0659 0.1966
vn 0.9727 -0.2122 -0.0942
vn 0.7439 -0.2825 0.6056
vn 0.7441 -0.2823 0.6055
vn 0.6906 -0.4758 0.5447
vn 0.6903 -0.4759 0.5450
vn 0.4570 -0.7049 0.5424
vn 0.4369 -0.6749 0.5946
vn 0.6188 -0.6919 -0.3720
vn 0.5301 -0.1180 0.8397
vn 0.8220 -0.1805 0.5401
vn 0.1814 -0.0436 0.9824
vn 0.5357 -0.1201 0.8358
vn 0.4517 -0.3152 0.8346
vn 0.4521 -0.3155 0.8343
vn 0.2985 -0.4664 0.8327
vn 0.2988 -0.4670 0.8323
vn 0.1062 -0.5460 0.8310
vn 0.1635 -0.8282 0.5361
vn -0.0000 -0.1954 0.9807
vn -0.0000 -0.5553 0.8317
vn -0.0000 -0.5556 0.8314
vn -0.0000 -0.8395 0.5433
vn -0.0000 -0.9808 0.1951
vn -0.0000 -0.9808 0.1950
vn -0.6914 -0.4749 0.5445
vn -0.8179 -0.1808 0.5462
vn -0.9481 -0.2541 0.1912
vn -0.8654 -0.1909 0.4633
vn -0.8419 -0.2275 0.4893
vn -0.8419 -0.2276 0.4894
vn -0.5856 -0.5447 0.6003
vn -0.5401 -0.8191 -0.1931
vn -0.2663 -0.7595 0.5935
vn -0.1636 -0.8246 0.5415
vn -0.5425 -0.1197 0.8315
vn -0.1814 -0.0435 0.9824
vn -0.0725 -0.0063 0.9973
vn -0.4154 -0.1627 0.8950
vn -0.0993 -0.0755 0.9922
vn -0.2838 -0.3318 0.8996
vn -0.2413 -0.3783 0.8937
vn -0.0738 -0.0947 0.9928
vn -0.0712 -0.3010 0.9510
vn -0.0468 -0.9797 0.1948
vn -0.1959 -0.9757 -0.0977
vn -0.2660 -0.7597 0.5934
vn -0.2665 -0.7594 0.5935
vn -0.4580 -0.7038 0.5430
vn -0.4581 -0.7041 0.5426
vn -0.6912 -0.4746 0.5450
vn -0.6611 -0.4547 0.5968
vn -0.6811 -0.6252 -0.3810
vn -0.1075 -0.5525 0.8266
vn -0.1634 -0.8282 0.5361
vn -0.0368 -0.1950 0.9801
vn -0.1052 -0.5460 0.8312
vn -0.2995 -0.4660 0.8326
vn -0.2993 -0.4659 0.8327
vn -0.4527 -0.3148 0.8343
vn -0.4523 -0.3145 0.8346
vn -0.5360 -0.1193 0.8357
vn -0.8220 -0.1806 0.5401
vn -0.0509 -0.0011 0.9987
vn -0.1823 -0.0025 0.9832
vn -0.3110 -0.0067 0.9504
vn -0.3111 -0.0067 0.9503
vn -0.5478 -0.0088 0.8366
vn -0.6674 -0.0131 0.7446
vn -0.6673 -0.0131 0.7446
vn -0.8366 -0.0135 0.5477
vn -0.9509 -0.0190 0.3089
vn -0.9802 -0.0195 0.1969
vn -0.9516 -0.0167 0.3068
vn -0.9854 -0.0172 -0.1692
vn -0.8302 -0.0070 -0.5574
vn -0.1822 -0.0034 -0.9832
vn -0.9803 -0.0175 -0.1969
vn -0.8263 -0.0153 -0.5631
vn -0.8282 -0.0154 -0.5602
vn -0.8261 -0.0154 -0.5633
vn -0.5478 -0.0092 -0.8366
vn -0.4943 -0.0094 -0.8692
vn -0.4946 -0.0095 -0.8691
vn -0.1514 -0.0022 -0.9885
vn -0.4570 -0.7045 -0.5430
vn -0.1618 -0.8251 -0.5413
vn -0.2355 -0.9532 -0.1895
vn -0.1727 -0.8759 -0.4505
vn -0.2094 -0.8539 -0.4765
vn -0.2092 -0.8540 -0.4764
vn -0.7439 -0.2826 -0.6056
vn -0.8112 -0.5518 0.1936
vn -0.5297 -0.5996 -0.5999
vn -0.8184 -0.1787 -0.5461
vn -0.1065 -0.5523 -0.8268
vn -0.0368 -0.1947 -0.9802
vn -0.0034 -0.0919 -0.9958
vn -0.1438 -0.4174 -0.8973
vn -0.0665 -0.1135 -0.9913
vn -0.3186 -0.3038 -0.8979
vn -0.3681 -0.2588 -0.8930
vn -0.0765 -0.0806 -0.9938
vn -0.3049 -0.0862 -0.9485
vn -0.9782 -0.0660 -0.1967
vn -0.9731 -0.2138 0.0853
vn -0.7439 -0.2825 -0.6056
vn -0.7441 -0.2823 -0.6055
vn -0.6906 -0.4758 -0.5447
vn -0.6903 -0.4759 -0.5450
vn -0.4570 -0.7049 -0.5424
vn -0.4371 -0.6752 -0.5941
vn -0.6189 -0.6917 0.3721
vn -0.5425 -0.1206 -0.8314
vn -0.8141 -0.1788 -0.5526
vn -0.1814 -0.0435 -0.9824
vn -0.5364 -0.1183 -0.8356
vn -0.4517 -0.3152 -0.8346
vn -0.4521 -0.3155 -0.8343
vn -0.2985 -0.4664 -0.8327
vn -0.2988 -0.4670 -0.8323
vn -0.1062 -0.5460 -0.8310
vn -0.1619 -0.8204 -0.5484
vn -0.0000 -0.9808 -0.1949
vn -0.0000 -0.8315 -0.5555
vn -0.0000 -0.8313 -0.5558
vn -0.0000 -0.5557 -0.8314
vn -0.0000 -0.5554 -0.8316
vn -0.0000 -0.1954 -0.9807
vn -0.0000 -0.1953 -0.9807
vn 0.6914 -0.4749 -0.5445
vn 0.8185 -0.1788 -0.5460
vn 0.9481 -0.2542 -0.1912
vn 0.8663 -0.1894 -0.4623
vn 0.8419 -0.2275 -0.4893
vn 0.8419 -0.2276 -0.4894
vn 0.5855 -0.5447 -0.6003
vn 0.5401 -0.8191 0.1931
vn 0.2663 -0.7595 -0.5935
vn 0.1617 -0.8252 -0.5412
vn 0.5300 -0.1190 -0.8396
vn 0.1814 -0.0434 -0.9825
vn 0.0725 -0.0063 -0.9973
vn 0.4154 -0.1627 -0.8950
vn 0.0993 -0.0755 -0.9922
vn 0.2838 -0.3318 -0.8996
vn 0.2413 -0.3783 -0.8937
vn 0.0738 -0.0947 -0.9928
vn 0.0712 -0.3010 -0.9510
vn 0.0467 -0.9797 -0.1947
vn 0.1975 -0.9763 0.0891
vn 0.2660 -0.7597 -0.5934
vn 0.2665 -0.7594 -0.5935
vn 0.4580 -0.7038 -0.5430
vn 0.4581 -0.7041 -0.5426
vn 0.6912 -0.4746 -0.5450
vn 0.6615 -0.4549 -0.5962
vn 0.6811 -0.6253 0.3810
vn 0.1075 -0.5525 -0.8266
vn 0.1619 -0.8204 -0.5483
vn 0.0368 -0.1950 -0.9801
vn 0.1052 -0.5460 -0.8312
vn 0.2995 -0.4660 -0.8326
vn 0.2993 -0.4659 -0.8327
vn 0.4527 -0.3148 -0.8343
vn 0.4523 -0.3145 -0.8346
vn 0.5360 -0.1193 -0.8357
vn 0.8140 -0.1789 -0.5526
vn 0.0509 -0.0011 -0.9987
vn 0.1822 -0.0025 -0.9832
vn 0.3110 -0.0066 -0.9504
vn 0.3112 -0.0066 -0.9503
vn 0.5351 -0.0084 -0.8447
vn 0.6674 -0.0131 -0.7446
vn 0.6673 -0.0131 -0.7446
vn 0.8282 -0.0135 -0.5602
vn 0.9509 -0.0191 -0.3090
vn 0.9802 -0.0195 -0.1969
vn 0.9516 -0.0167 -0.3068
vn 0.9854 -0.0172 0.1692
vn 0.8302 -0.0070 0.5574
vn 0.1822 -0.0034 0.9832
vn 0.9803 -0.0175 0.1969
vn 0.8264 -0.0149 0.5628
vn 0.8365 -0.0155 0.5477
vn 0.8258 -0.0153 0.5638
vn 0.5351 -0.0089 0.8447
vn 0.4946 -0.0092 0.8691
vn 0.4940 -0.0091 0.8694
vn 0.1515 -0.0022 0.9885
vn 0.9998 -0.0175 -0.0000
vn 0.9978 -0.0661 -0.0000
vn 0.9340 -0.3506 0.0683
vn 0.9687 -0.2473 -0.0225
vn 0.9687 -0.2472 -0.0225
vn 0.9359 -0.3507 -0.0335
vn 0.9684 -0.2471 -0.0332
vn 0.9352 -0.3502 -0.0536
vn 0.7701 -0.6364 0.0431
vn 0.0998 -0.9950 -0.0000
vn 0.2408 -0.9680 -0.0705
vn 0.4229 -0.9062 0.0018
vn 0.2412 -0.9705 -0.0004
vn 0.4224 -0.9062 0.0201
vn 0.2408 -0.9704 0.0182
vn 0.4217 -0.9043 0.0659
vn 0.6638 -0.7448 -0.0677
vn 0.7711 -0.6361 -0.0281
vn 0.6648 -0.7464 -0.0294
vn -0.0000 -1.0000 -0.0000
vn -0.0488 -0.9988 -0.0000
vn -0.2492 -0.9672 0.0487
vn -0.3346 -0.9424 -0.0066
vn -0.3349 -0.9422 -0.0066
vn -0.2495 -0.9683 -0.0149
vn -0.3347 -0.9422 -0.0151
vn -0.2496 -0.9667 -0.0572
vn -0.7337 -0.6772 0.0550
vn -0.6758 -0.7371 -0.0003
vn -0.7351 -0.6780 -0.0008
vn -0.6751 -0.7353 -0.0594
vn -0.9643 -0.2577 0.0607
vn -0.9340 -0.3571 0.0143
vn -0.9660 -0.2581 0.0138
vn -0.9341 -0.3569 0.0044
vn -0.9662 -0.2578 0.0038
vn -0.9313 -0.3547 -0.0833
vn -0.9970 -0.0780 -0.0000
vn -0.9998 -0.0175 -0.0000
vn 0.0169 -0.7104 0.7036
vn 0.0125 -0.7071 0.7070
vn 0.0163 -0.7061 0.7079
vn 0.0156 -0.7063 0.7077
vn 0.0052 -0.7095 0.7046
vn 0.0049 -0.7094 0.7048
vn 0.0114 -0.7075 0.7066
vn 0.0113 -0.7074 0.7068
vn 0.0119 -0.7071 0.7070
vn 0.0118 -0.7075 0.7066
vn 0.0119 -0.7072 0.7069
vn 0.0119 -0.7072 -0.7069
vn 0.0118 -0.7075 -0.7066
vn 0.0119 -0.7071 -0.7070
vn 0.0122 -0.7079 -0.7062
vn 0.0121 -0.7083 -0.7058
vn 0.0123 -0.7088 -0.7053
vn 0.0124 -0.7109 -0.7032
vn 0.0108 -0.7117 -0.7024
vn 0.0786 -0.7056 0.7042
vn 0.2050 -0.7056 0.6783
vn 0.3247 -0.7056 0.6298
vn 0.4336 -0.7056 0.5604
vn 0.5281 -0.7056 0.4724
vn 0.5281 -0.7056 0.4725
vn 0.6050 -0.7056 0.3688
vn 0.6051 -0.7056 0.3688
vn 0.6619 -0.7056 0.2529
vn 0.6968 -0.7056 0.1286
vn 0.7067 -0.7067 0.0323
vn 0.7067 -0.7067 -0.0323
vn 0.6968 -0.7056 -0.1286
vn 0.6619 -0.7056 -0.2529
vn 0.6050 -0.7056 -0.3688
vn 0.6051 -0.7056 -0.3688
vn 0.5281 -0.7056 -0.4725
vn 0.5281 -0.7056 -0.4724
vn 0.4336 -0.7056 -0.5604
vn 0.3247 -0.7056 -0.6298
vn 0.2050 -0.7056 -0.6783
vn 0.2051 -0.7056 -0.6783
vn 0.0786 -0.7056 -0.7042
vn 0.0120 -0.7071 -0.7070
vn 0.0118 -0.7072 -0.7069
vn 0.0057 -0.7072 -0.7070
vn -0.0998 -0.9950 -0.0000
vn -0.2408 -0.9680 0.0705
vn -0.4229 -0.9062 -0.0018
vn -0.2412 -0.9705 0.0004
vn -0.4224 -0.9062 -0.0201
vn -0.2408 -0.9704 -0.0182
vn -0.4217 -0.9043 -0.0659
vn -0.6637 -0.7449 0.0677
vn -0.7712 -0.6359 0.0282
vn -0.6648 -0.7464 0.0294
vn -0.7701 -0.6364 -0.0431
vn -0.9351 -0.3502 0.0536
vn -0.9684 -0.2471 0.0332
vn -0.9359 -0.3507 0.0335
vn -0.9687 -0.2473 0.0225
vn -0.9340 -0.3506 -0.0683
vn -0.9978 -0.0661 -0.0000
vn 0.9970 -0.0780 -0.0000
vn 0.9313 -0.3547 0.0833
vn 0.9662 -0.2578 -0.0038
vn 0.9341 -0.3569 -0.0044
vn 0.9660 -0.2581 -0.0138
vn 0.9340 -0.3571 -0.0143
vn 0.9643 -0.2577 -0.0607
vn 0.7346 -0.6772 0.0421
vn 0.6758 -0.7371 0.0004
vn 0.7337 -0.6772 -0.0550
vn 0.2496 -0.9667 0.0572
vn 0.3347 -0.9422 0.0151
vn 0.2496 -0.9682 0.0149
vn 0.0488 -0.9988 -0.0000
vn 0.2492 -0.9672 -0.0487
vn 0.3346 -0.9424 0.0066
vn 0.3349 -0.9422 0.0066
vn -0.5608 -0.0212 0.8277
vn -0.9567 -0.0356 0.2889
vn -0.9609 -0.0216 0.2760
vn -0.9829 -0.0188 0.1830
vn -0.9829 -0.0187 0.1831
vn -0.8071 -0.0229 0.5900
vn -0.8356 -0.0212 0.5490
vn -0.5610 -0.0212 0.8275
vn -0.5595 -0.0654 0.8263
vn -0.9776 -0.2105 -0.0029
vn -0.1921 -0.0871 0.9775
vn -0.5734 -0.4037 0.7129
vn -0.1499 -0.1840 0.9714
vn -0.7198 -0.4988 0.4829
vn -0.7215 -0.4995 0.4794
vn -0.8746 -0.3291 -0.3559
vn -0.9802 -0.0794 0.1817
vn -0.8547 -0.1918 0.4824
vn -0.9616 -0.2105 0.1761
vn -0.8525 -0.1953 0.4849
vn -0.8222 -0.1823 0.5393
vn -0.0591 -0.2476 0.9671
vn -0.2735 -0.4324 0.8592
vn -0.3518 -0.5496 0.7577
vn -0.2380 -0.9172 -0.3194
vn -0.8746 -0.3292 -0.3559
vn -0.8746 -0.3291 -0.3560
vn -0.7030 -0.4875 0.5178
vn -0.6146 -0.6639 -0.4260
vn -0.0977 -0.4005 0.9111
vn -0.0398 -0.2544 0.9663
vn -0.0691 -0.4012 0.9134
vn -0.1303 -0.6407 0.7566
vn -0.1393 -0.7596 0.6353
vn -0.1748 -0.8601 0.4792
vn -0.1819 -0.9570 0.2260
vn -0.1820 -0.9453 -0.2708
vn -0.2425 -0.9441 0.2233
vn -0.5560 -0.1304 0.8209
vn -0.6283 -0.1545 0.7625
vn -0.5327 -0.3761 0.7582
vn -0.5313 -0.3749 0.7597
vn -0.3525 -0.5506 0.7567
vn -0.4776 -0.7368 0.4786
vn -0.4771 -0.7356 0.4810
vn -0.4787 -0.7378 0.4758
vn -0.2381 -0.9172 -0.3195
vn 0.0001 -0.4025 0.9154
vn 0.0004 -0.4025 0.9154
vn 0.0006 -0.4023 0.9155
vn -0.0001 -0.4026 0.9154
vn -0.0000 -0.9731 0.2302
vn -0.0000 -0.9732 0.2300
vn -0.0000 -0.7670 0.6416
vn -0.0000 -0.7671 0.6415
vn -0.0000 -0.4025 0.9154
vn 0.4775 -0.7368 0.4786
vn 0.1621 -0.1525 0.9749
vn 0.1621 -0.1523 0.9749
vn 0.3081 -0.4844 0.8188
vn 0.0712 -0.2111 0.9749
vn 0.0915 -0.5126 0.8538
vn 0.0188 -0.4024 0.9153
vn 0.0965 -0.9686 0.2290
vn 0.1557 -0.8282 0.5384
vn 0.1819 -0.9569 0.2262
vn 0.3137 -0.0902 0.9452
vn 0.4150 -0.2981 0.8596
vn 0.5325 -0.3760 0.7583
vn 0.9580 -0.2426 -0.1527
vn 0.9580 -0.2427 -0.1527
vn 0.3904 -0.8293 -0.3998
vn 0.3900 -0.8294 -0.3999
vn 0.3902 -0.8295 -0.3997
vn 0.1393 -0.7595 0.6354
vn 0.1748 -0.8601 0.4793
vn 0.4771 -0.7355 0.4810
vn 0.4858 -0.7484 0.4515
vn 0.7575 -0.6222 -0.1975
vn 0.5537 -0.1552 0.8181
vn 0.3172 -0.0806 0.9449
vn 0.5559 -0.1304 0.8210
vn 0.6281 -0.1545 0.7626
vn 0.8222 -0.1823 0.5393
vn 0.8524 -0.1954 0.4850
vn 0.9617 -0.2098 0.1762
vn 0.9708 -0.2077 -0.1202
vn 0.9534 -0.2462 0.1743
vn 0.0691 -0.4019 0.9131
vn 0.1303 -0.6406 0.7567
vn 0.3517 -0.5494 0.7579
vn 0.3523 -0.5504 0.7569
vn 0.5311 -0.3748 0.7599
vn 0.7198 -0.4988 0.4828
vn 0.7215 -0.4996 0.4795
vn 0.8115 -0.5501 -0.1972
vn 0.6565 -0.5495 0.5167
vn 0.5609 -0.0212 0.8276
vn 0.5610 -0.0212 0.8276
vn 0.8356 -0.0212 0.5490
vn 0.9567 -0.0356 0.2889
vn 0.8071 -0.0229 0.5900
vn 0.9614 -0.0200 0.2745
vn 0.9829 -0.0203 0.1831
vn 0.9829 -0.0204 0.1830
vn 0.0132 0.9999 -0.0024
vn 0.0044 -1.0000 -0.0002
vn 0.0626 0.9980 -0.0073
vn 0.0630 0.9980 -0.0029
vn 0.9999 -0.0000 -0.0124
vn 0.0133 0.9999 -0.0024
vn 0.0129 -0.9999 -0.0040
vn 0.0125 0.9999 -0.0048
vn 0.0126 0.9999 -0.0048
vn 0.0120 -0.9999 -0.0062
vn 0.0115 0.9999 -0.0070
vn 0.0114 0.9999 -0.0070
vn 0.0106 -0.9999 -0.0083
vn 0.0099 0.9999 -0.0089
vn 0.0100 0.9999 -0.0089
vn 0.0089 -0.9999 -0.0100
vn 0.0081 0.9999 -0.0105
vn 0.0069 -0.9999 -0.0114
vn 0.0061 0.9999 -0.0118
vn 0.0048 -0.9999 -0.0124
vn 0.0038 0.9999 -0.0126
vn 0.0024 -0.9999 -0.0131
vn 0.0015 0.9999 -0.0131
vn -0.0105 -0.0002 -0.9999
vn -0.0002 -0.0099 -1.0000
vn -0.0003 -0.0110 -0.9999
vn 0.0002 -0.0088 -1.0000
vn 0.0004 -0.0095 -1.0000
vn 0.0020 -0.0059 -1.0000
vn -0.0012 -0.0076 -1.0000
vn -0.0000 -0.0094 -1.0000
vn -0.0000 -0.0091 -1.0000
vn -0.0001 -0.0080 -1.0000
vn 0.0003 -0.0036 -1.0000
vn 0.0003 -0.0032 -1.0000
vn 0.0011 -0.0004 -1.0000
vn -0.0000 -0.9999 -0.0132
vn 0.0002 -1.0000 -0.0090
vn -0.0000 -0.9999 -0.0129
vn -0.0000 -0.0010 -1.0000
vn -0.0109 -0.0001 -0.9999
vn -0.0146 -0.9967 -0.0793
vn -0.0100 0.9838 -0.1792
vn -0.0101 0.9838 -0.1791
vn -0.0279 0.9985 -0.0476
vn -0.0168 -0.9988 -0.0451
vn -0.0965 0.9626 -0.2531
vn -0.0945 0.9626 -0.2538
vn -0.0485 -0.9644 -0.2598
vn -0.0158 -0.9995 -0.0260
vn -0.0209 0.9995 -0.0247
vn -0.0208 0.9995 -0.0247
vn -0.0149 -0.9997 -0.0167
vn -0.0183 0.9997 -0.0153
vn -0.0144 -0.9998 -0.0112
vn -0.0169 0.9998 -0.0098
vn -0.0168 0.9998 -0.0098
vn -0.0140 -0.9999 -0.0073
vn -0.0160 0.9999 -0.0059
vn -0.0137 -0.9999 -0.0042
vn -0.0152 0.9999 -0.0028
vn -0.0153 0.9999 -0.0028
vn -0.0132 -0.9999 -0.0015
vn -0.0607 0.9982 -0.0028
vn -0.0607 0.9982 -0.0008
vn -0.9989 -0.0000 -0.0470
vn -0.0394 -0.7104 0.7027
vn -0.0394 -0.7107 0.7024
vn -0.0397 -0.7063 0.7068
vn -0.0374 -0.7159 0.6973
vn -0.0390 -0.7094 0.7037
vn -0.0057 -0.7072 0.7070
vn -0.0375 -0.7151 0.6981
vn -0.0343 -0.7270 0.6858
vn -0.0343 -0.7271 0.6857
vn -0.0262 -0.7539 0.6565
vn -0.0402 -0.7071 0.7060
vn -0.0396 -0.7071 0.7060
vn -0.0402 -0.7068 0.7063
vn -0.1300 -0.7058 0.6964
vn -0.7067 -0.7067 0.0332
vn -0.6969 -0.7058 0.1269
vn -0.6970 -0.7058 0.1269
vn -0.6649 -0.7058 0.2445
vn -0.6131 -0.7058 0.3549
vn -0.5432 -0.7058 0.4548
vn -0.4571 -0.7058 0.5412
vn -0.4572 -0.7058 0.5412
vn -0.3576 -0.7058 0.6116
vn -0.3576 -0.7058 0.6115
vn -0.2474 -0.7058 0.6638
vn -0.2475 -0.7058 0.6638
vn 0.5608 -0.0212 -0.8277
vn 0.9567 -0.0356 -0.2889
vn 0.9609 -0.0216 -0.2760
vn 0.9829 -0.0188 -0.1830
vn 0.9829 -0.0187 -0.1831
vn 0.8071 -0.0229 -0.5900
vn 0.8356 -0.0212 -0.5490
vn 0.5610 -0.0212 -0.8275
vn 0.5595 -0.0654 -0.8263
vn 0.9776 -0.2105 0.0029
vn 0.1921 -0.0871 -0.9775
vn 0.5734 -0.4037 -0.7129
vn 0.1499 -0.1840 -0.9714
vn 0.7198 -0.4988 -0.4829
vn 0.7215 -0.4995 -0.4794
vn 0.8746 -0.3291 0.3559
vn 0.9802 -0.0794 -0.1817
vn 0.8547 -0.1918 -0.4824
vn 0.9616 -0.2105 -0.1761
vn 0.8525 -0.1953 -0.4849
vn 0.8222 -0.1823 -0.5393
vn 0.0591 -0.2476 -0.9671
vn 0.2735 -0.4324 -0.8592
vn 0.3518 -0.5496 -0.7577
vn 0.2380 -0.9172 0.3194
vn 0.8746 -0.3292 0.3559
vn 0.8746 -0.3291 0.3560
vn 0.7030 -0.4875 -0.5178
vn 0.6146 -0.6639 0.4260
vn 0.0977 -0.4005 -0.9111
vn 0.0398 -0.2544 -0.9663
vn 0.0691 -0.4012 -0.9134
vn 0.1303 -0.6407 -0.7566
vn 0.1393 -0.7596 -0.6353
vn 0.1748 -0.8601 -0.4792
vn 0.1819 -0.9570 -0.2260
vn 0.1820 -0.9453 0.2708
vn 0.2425 -0.9441 -0.2233
vn 0.5560 -0.1304 -0.8209
vn 0.6283 -0.1545 -0.7625
vn 0.5327 -0.3761 -0.7582
vn 0.5313 -0.3749 -0.7597
vn 0.3525 -0.5506 -0.7567
vn 0.4776 -0.7368 -0.4786
vn 0.4771 -0.7356 -0.4810
vn 0.4787 -0.7378 -0.4758
vn 0.2381 -0.9172 0.3195
vn -0.0000 -0.4025 -0.9154
vn 0.0012 -0.4025 -0.9154
vn -0.0000 -0.9731 -0.2302
vn -0.0000 -0.9732 -0.2300
vn -0.0000 -0.7670 -0.6416
vn -0.0000 -0.7671 -0.6415
vn -0.0000 -0.4023 -0.9155
vn -0.0000 -0.4026 -0.9154
vn -0.0003 -0.4025 -0.9154
vn -0.4775 -0.7368 -0.4786
vn -0.1621 -0.1525 -0.9749
vn -0.1621 -0.1523 -0.9749
vn -0.3081 -0.4844 -0.8188
vn -0.0712 -0.2111 -0.9749
vn -0.0915 -0.5126 -0.8538
vn -0.0188 -0.4024 -0.9153
vn -0.0965 -0.9686 -0.2290
vn -0.1557 -0.8282 -0.5384
vn -0.1819 -0.9569 -0.2262
vn -0.3137 -0.0902 -0.9452
vn -0.4150 -0.2981 -0.8596
vn -0.5325 -0.3760 -0.7583
vn -0.9580 -0.2426 0.1527
vn -0.9580 -0.2427 0.1527
vn -0.3904 -0.8293 0.3998
vn -0.3900 -0.8294 0.3999
vn -0.3902 -0.8295 0.3997
vn -0.1393 -0.7595 -0.6354
vn -0.1748 -0.8601 -0.4793
vn -0.4771 -0.7355 -0.4810
vn -0.4858 -0.7484 -0.4515
vn -0.7575 -0.6222 0.1975
vn -0.5537 -0.1552 -0.8181
vn -0.3172 -0.0806 -0.9449
vn -0.5559 -0.1304 -0.8210
vn -0.6281 -0.1545 -0.7626
vn -0.8222 -0.1823 -0.5393
vn -0.8524 -0.1954 -0.4850
vn -0.9617 -0.2098 -0.1762
vn -0.9708 -0.2077 0.1202
vn -0.9534 -0.2462 -0.1743
vn -0.0691 -0.4019 -0.9131
vn -0.1303 -0.6406 -0.7567
vn -0.3517 -0.5494 -0.7579
vn -0.3523 -0.5504 -0.7569
vn -0.5311 -0.3748 -0.7599
vn -0.7198 -0.4988 -0.4828
vn -0.7215 -0.4996 -0.4795
vn -0.8115 -0.5501 0.1972
vn -0.6565 -0.5495 -0.5167
vn -0.5609 -0.0212 -0.8276
vn -0.5610 -0.0212 -0.8276
vn -0.8356 -0.0212 -0.5490
vn -0.9567 -0.0356 -0.2889
vn -0.8071 -0.0229 -0.5900
vn -0.9614 -0.0200 -0.2745
vn -0.9829 -0.0203 -0.1831
vn -0.9829 -0.0204 -0.1830
vn -0.0569 0.0007 -0.9984
vn 0.0177 -0.0000 -0.9998
vn 0.1109 0.0153 -0.9937
vn -0.0041 0.0017 -1.0000
vn -0.0000 0.0019 -1.0000
vn 0.0123 0.0014 -0.9999
vn 0.0122 0.0014 -0.9999
vn 0.0058 0.0021 -1.0000
vn 0.0011 0.0019 -1.0000
vn -0.0110 0.0015 -0.9999
vn -0.0551 -0.0001 -0.9985
vn -0.0647 0.0195 -0.9977
vn -0.0578 0.0031 -0.9983
vn 0.7453 -0.0018 -0.6668
vn 0.7980 0.0018 -0.6026
vn 0.8539 -0.0011 -0.5205
vn 0.7980 -0.0011 -0.6026
vn 0.8539 -0.0018 -0.5205
vn 0.8952 0.0019 -0.4457
vn 0.9342 -0.0010 -0.3569
vn 0.8952 -0.0010 -0.4457
vn 0.9342 -0.0018 -0.3569
vn 0.9618 0.0019 -0.2737
vn 0.9834 -0.0009 -0.1815
vn 0.9618 -0.0009 -0.2737
vn 0.9834 -0.0018 -0.1814
vn 0.9957 0.0019 -0.0923
vn 0.9990 0.0005 -0.0456
vn 0.9975 0.0005 -0.0710
vn 0.9990 -0.0000 -0.0456
vn 0.1157 0.0276 -0.9929
vn 0.1018 -0.0017 -0.9948
vn 0.1109 -0.0017 -0.9938
vn -0.0000 -0.0070 -1.0000
vn 0.2894 0.0070 -0.9572
vn 0.1837 -0.0015 -0.9830
vn 0.2894 -0.0015 -0.9572
vn 0.1837 -0.0068 -0.9829
vn 0.4582 0.0068 -0.8888
vn 0.3612 -0.0014 -0.9325
vn 0.4583 -0.0014 -0.8888
vn 0.3612 -0.0066 -0.9325
vn 0.6119 0.0066 -0.7909
vn 0.5264 -0.0013 -0.8502
vn 0.6119 -0.0013 -0.7909
vn 0.5264 -0.0064 -0.8502
vn 0.7453 0.0064 -0.6667
vn 0.6737 -0.0012 -0.7390
vn -0.0569 0.0099 -0.9983
vn -0.1837 -0.0002 -0.9830
vn -0.0000 -0.0001 -1.0000
vn -0.9974 0.0005 -0.0717
vn -0.9989 0.0005 -0.0470
vn -0.9957 0.0019 -0.0923
vn -0.9838 -0.0016 -0.1792
vn -0.9618 -0.0007 -0.2737
vn -0.9838 -0.0007 -0.1792
vn -0.9618 0.0018 -0.2737
vn -0.9385 -0.0016 -0.3452
vn -0.8952 -0.0006 -0.4457
vn -0.9385 -0.0007 -0.3452
vn -0.8952 0.0017 -0.4457
vn -0.8654 -0.0014 -0.5010
vn -0.7980 -0.0006 -0.6026
vn -0.8654 -0.0006 -0.5010
vn -0.7980 0.0016 -0.6026
vn -0.7667 -0.0012 -0.6420
vn -0.6737 -0.0005 -0.7390
vn -0.7667 -0.0005 -0.6420
vn -0.6737 0.0014 -0.7390
vn -0.6453 -0.0010 -0.7639
vn -0.5264 -0.0003 -0.8502
vn -0.6453 -0.0003 -0.7639
vn -0.5264 0.0011 -0.8502
vn -0.5048 -0.0006 -0.8633
vn -0.3612 -0.0001 -0.9325
vn -0.5048 -0.0001 -0.8633
vn -0.3612 0.0007 -0.9325
vn -0.3493 -0.0002 -0.9370
vn -0.1838 0.0001 -0.9830
vn -0.3493 0.0001 -0.9370
vn -0.1834 0.0003 -0.9830
vn 0.7056 0.7056 -0.0654
vn 0.6815 0.7056 -0.1939
vn 0.6816 0.7056 -0.1939
vn 0.6343 0.7056 -0.3159
vn 0.5655 0.7056 -0.4270
vn 0.4774 0.7056 -0.5237
vn 0.3731 0.7056 -0.6025
vn 0.3730 0.7056 -0.6025
vn 0.2560 0.7056 -0.6608
vn 0.1302 0.7056 -0.6966
vn -0.0000 0.7056 -0.7086
vn -0.1302 0.7056 -0.6966
vn -0.2560 0.7056 -0.6608
vn -0.3730 0.7056 -0.6025
vn -0.3731 0.7056 -0.6025
vn -0.4774 0.7056 -0.5237
vn -0.5655 0.7056 -0.4270
vn -0.6343 0.7056 -0.3159
vn -0.6816 0.7056 -0.1939
vn -0.6815 0.7056 -0.1939
vn -0.7056 0.7056 -0.0654
vn 0.9619 -0.0000 -0.2736
vn 0.9618 -0.0000 -0.2738
vn 0.8951 -0.0000 -0.4458
vn 0.7981 -0.0000 -0.6026
vn 0.7980 -0.0000 -0.6027
vn 0.6736 -0.0000 -0.7391
vn 0.5265 -0.0000 -0.8502
vn 0.5263 -0.0000 -0.8503
vn 0.3614 -0.0000 -0.9324
vn 0.1838 -0.0000 -0.9830
vn -0.1838 -0.0000 -0.9830
vn -0.3614 -0.0000 -0.9324
vn -0.5265 -0.0000 -0.8502
vn -0.5263 -0.0000 -0.8503
vn -0.6736 -0.0000 -0.7391
vn -0.7981 -0.0000 -0.6026
vn -0.7980 -0.0000 -0.6027
vn -0.8951 -0.0000 -0.4458
vn -0.9619 -0.0000 -0.2736
vn -0.9618 -0.0000 -0.2738
vn 0.0951 -0.9955 -0.0000
vn 0.2817 -0.9595 -0.0000
vn 0.4582 -0.8888 -0.0000
vn 0.6182 -0.7861 -0.0000
vn 0.7558 -0.6549 -0.0000
vn 0.7557 -0.6549 -0.0000
vn 0.8660 -0.5000 -0.0000
vn 0.9450 -0.3271 -0.0000
vn 0.9898 -0.1423 -0.0000
vn 0.9989 0.0476 -0.0000
vn 0.9718 0.2358 -0.0000
vn 0.9096 0.4154 -0.0000
vn 0.8146 0.5801 -0.0000
vn 0.6901 0.7237 -0.0000
vn 0.5406 0.8413 -0.0000
vn 0.3717 0.9284 -0.0000
vn 0.1893 0.9819 -0.0000
vn 0.0476 0.9989 -0.0000
vn -0.0476 0.9989 -0.0000
vn -0.1893 0.9819 -0.0000
vn -0.3717 0.9284 -0.0000
vn -0.5406 0.8413 -0.0000
vn -0.6901 0.7237 -0.0000
vn -0.8146 0.5801 -0.0000
vn -0.9096 0.4154 -0.0000
vn -0.9718 0.2358 -0.0000
vn -0.9989 0.0476 -0.0000
vn -0.9898 -0.1423 -0.0000
vn -0.9450 -0.3271 -0.0000
vn -0.8660 -0.5000 -0.0000
vn -0.7557 -0.6549 -0.0000
vn -0.6182 -0.7861 -0.0000
vn -0.4582 -0.8888 -0.0000
vn -0.2817 -0.9595 -0.0000
vn -0.0951 -0.9955 -0.0000
vn -0.5123 -0.6947 -0.5049
vn -0.5122 -0.6947 -0.5049
vn -0.1912 -0.6947 -0.6934
vn 0.1811 -0.6947 -0.6961
vn 0.5049 -0.6947 -0.5123
vn 0.5049 -0.6947 -0.5122
vn 0.6934 -0.6948 -0.1912
vn 0.6934 -0.6947 -0.1912
vn 0.6961 -0.6947 0.1811
vn -0.5618 -0.7035 -0.4353
vn -0.4164 -0.7035 -0.5759
vn -0.2373 -0.7035 -0.6699
vn -0.0389 -0.7035 -0.7096
vn -0.0389 -0.7035 -0.7097
vn 0.1626 -0.7035 -0.6919
vn 0.3509 -0.7035 -0.6180
vn 0.5108 -0.7035 -0.4941
vn 0.5108 -0.7035 -0.4942
vn 0.6293 -0.7035 -0.3302
vn 0.6969 -0.7035 -0.1395
vn 0.7080 -0.7035 0.0624
vn 0.6617 -0.7035 0.2594
vn -0.7905 -0.0000 -0.6125
vn -0.5859 -0.0000 -0.8104
vn -0.3339 -0.0000 -0.9426
vn -0.0548 -0.0000 -0.9985
vn 0.2287 -0.0000 -0.9735
vn 0.4937 -0.0000 -0.8696
vn 0.7187 -0.0000 -0.6953
vn 0.8855 -0.0000 -0.4646
vn 0.9805 -0.0000 -0.1963
vn 0.9961 -0.0000 0.0879
vn 0.9310 -0.0000 0.3650
vn 0.9310 -0.0000 0.3649
vn -0.9618 -0.0000 0.2737
vn -0.7980 -0.0000 0.6026
vn -0.5264 -0.0000 0.8502
vn 0.7980 -0.0000 0.6026
vn 0.9618 -0.0000 0.2737
vn -0.0000 1.0000 -0.0000
vn -0.0001 1.0000 -0.0000
vn 0.0001 1.0000 -0.0000
vn 0.3369 0.2986 0.8929
vn 0.7054 0.0148 0.7086
vn 0.6908 -0.0243 0.7226
vn 0.5880 -0.1032 0.8022
vn 0.5880 -0.1033 0.8023
vn 0.5341 -0.1031 0.8391
vn 0.6128 -0.1820 0.7690
vn 0.4743 0.2238 0.8514
vn 0.6035 0.0326 0.7967
vn 0.6739 0.0148 0.7387
vn 0.5989 0.2443 0.7626
vn 0.6618 0.0931 0.7439
vn 0.7404 -0.0057 0.6721
vn 0.8055 0.0104 0.5925
vn 0.7770 0.0330 0.6287
vn 0.8662 0.0355 0.4984
vn 0.8804 0.0257 0.4735
vn 0.7696 0.0776 0.6338
vn 0.8445 -0.0127 0.5354
vn 0.8542 0.1266 0.5043
vn 0.8779 0.0313 0.4778
vn 0.9195 -0.0106 0.3930
vn 0.9433 0.0245 0.3311
vn 0.9207 0.0471 0.3874
vn 0.9207 0.0471 0.3873
vn 0.9208 0.0471 0.3873
vn 0.9220 0.0743 0.3799
vn 0.9159 0.0928 0.3905
vn 0.3311 -0.8920 -0.3079
vn 0.5622 -0.8216 -0.0939
vn 0.5623 -0.8216 -0.0940
vn 0.4913 -0.8482 -0.1982
vn 0.5950 -0.7900 0.1482
vn 0.5281 -0.8447 0.0869
vn 0.5749 -0.8136 0.0870
vn 0.6873 -0.7247 0.0497
vn 0.7110 -0.7032 -0.0039
vn 0.6651 -0.7468 -0.0038
vn 0.6414 -0.7513 -0.1555
vn 0.6670 -0.7403 -0.0842
vn 0.7021 -0.7108 -0.0428
vn 0.7841 -0.6201 0.0259
vn 0.7967 -0.6037 -0.0279
vn 0.7609 -0.6483 -0.0278
vn 0.7968 -0.6036 -0.0277
vn 0.7743 -0.6250 -0.0992
vn 0.8910 -0.4534 -0.0229
vn 0.8754 -0.4821 -0.0369
vn 0.8674 -0.4921 -0.0740
vn 0.8513 -0.5238 -0.0321
vn 0.8775 -0.4785 -0.0323
vn 0.8700 -0.4928 0.0130
vn 0.9328 -0.3565 -0.0533
vn 0.9329 -0.3583 -0.0359
vn 0.9312 -0.3643 0.0106
vn 0.9168 -0.3889 -0.0909
vn 0.9195 -0.3840 -0.0839
vn 0.9249 -0.3765 -0.0533
vn -0.5875 0.6342 -0.5026
vn -0.6621 0.5099 -0.5493
vn -0.6541 0.5618 -0.5065
vn -0.6602 0.5580 -0.5029
vn -0.6539 0.5626 -0.5059
vn -0.6600 0.5586 -0.5023
vn -0.6536 0.5887 -0.4757
vn -0.7245 0.4694 -0.5048
vn -0.7767 0.4550 -0.4356
vn -0.7645 0.4490 -0.4625
vn -0.7204 0.5348 -0.4415
vn -0.7125 0.5397 -0.4485
vn -0.7655 0.4910 -0.4159
vn -0.8103 0.4147 -0.4140
vn -0.8233 0.4109 -0.3915
vn -0.8108 0.4530 -0.3707
vn -0.8508 0.3658 -0.3772
vn -0.8653 0.3615 -0.3473
vn -0.8626 0.3649 -0.3505
vn -0.8650 0.3671 -0.3420
vn -0.9315 0.2388 -0.2743
vn -0.9339 0.2082 -0.2907
vn -0.9015 0.2912 -0.3202
vn -0.8942 0.3011 -0.3313
vn -0.8966 0.2112 -0.3893
vn -0.9660 0.0960 -0.2402
vn -0.9559 0.2137 -0.2017
vn -0.9830 0.1236 -0.1354
vn -0.9725 0.1613 -0.1679
vn -0.9725 0.1613 -0.1680
vn -0.9908 0.1073 -0.0823
vn -0.9837 0.0776 -0.1622
vn -0.9756 0.2188 -0.0158
vn -0.9834 0.1618 -0.0827
vn -0.9777 0.1426 -0.1540
vn -0.9777 0.1425 -0.1539
vn -0.9655 0.1552 -0.2090
vn -0.9656 0.2112 -0.1517
vn -0.9585 0.2589 -0.1192
vn -0.9201 0.2825 -0.2713
vn -0.9321 0.3127 -0.1828
vn -0.9452 0.2433 -0.2179
vn -0.9452 0.2433 -0.2178
vn -0.8516 0.3967 -0.3427
vn -0.8515 0.3967 -0.3427
vn -0.8934 0.3543 -0.2762
vn -0.8858 0.3943 -0.2446
vn -0.2871 0.3830 0.8780
vn -0.8103 0.0106 0.5859
vn -0.9195 0.0787 0.3852
vn -0.9136 0.0959 0.3950
vn -0.8804 0.0261 0.4735
vn -0.9177 0.0511 0.3940
vn -0.9328 0.0513 0.3567
vn -0.9347 0.0114 0.3552
vn -0.9177 -0.0085 0.3972
vn -0.7904 0.0106 0.6125
vn -0.8256 -0.0223 0.5638
vn -0.7530 0.1707 0.6355
vn -0.8582 0.1181 0.4995
vn -0.8697 0.0314 0.4926
vn -0.8780 0.0314 0.4776
vn -0.8752 0.0185 0.4834
vn -0.8482 -0.0131 0.5295
vn -0.7978 -0.0067 0.6028
vn -0.7360 0.0075 0.6769
vn -0.6754 0.0871 0.7322
vn -0.6348 0.1932 0.7481
vn -0.7017 -0.0566 0.7102
vn -0.6344 -0.0358 0.7722
vn -0.6935 -0.0359 0.7196
vn -0.5618 0.1117 0.8197
vn -0.5257 0.1650 0.8345
vn -0.5956 -0.1273 0.7931
vn -0.4479 0.1144 0.8867
vn -0.4970 0.1142 0.8602
vn -0.9186 -0.3921 -0.0500
vn -0.9201 -0.3839 -0.0772
vn -0.9145 -0.3935 -0.0941
vn -0.9427 -0.3327 -0.0240
vn -0.9190 -0.3942 0.0083
vn -0.8693 -0.4918 -0.0500
vn -0.8711 -0.4898 -0.0345
vn -0.8775 -0.4786 -0.0326
vn -0.8537 -0.5206 0.0152
vn -0.7563 -0.6541 0.0137
vn -0.7955 -0.6057 -0.0167
vn -0.8027 -0.5958 -0.0258
vn -0.7914 -0.6107 -0.0258
vn -0.7958 -0.6042 -0.0392
vn -0.7651 -0.6389 -0.0796
vn -0.6091 -0.7760 -0.1638
vn -0.6684 -0.7372 -0.0987
vn -0.7020 -0.7119 0.0194
vn -0.6152 -0.7884 -0.0049
vn -0.6916 -0.7223 -0.0048
vn -0.4023 -0.8935 -0.1998
vn -0.6077 -0.7876 0.1020
vn -0.5141 -0.8379 -0.1831
vn -0.6196 -0.7844 -0.0297
vn -0.1926 -0.8398 -0.5076
vn -0.4031 -0.8890 -0.2171
vn -0.4710 -0.8590 -0.2007
vn -0.4712 -0.8589 -0.2007
vn 0.8740 0.3506 -0.3364
vn 0.9717 0.1628 -0.1713
vn 0.9830 0.1246 -0.1350
vn 0.9904 0.0987 -0.0965
vn 0.9642 0.1376 -0.2266
vn 0.9325 0.2293 -0.2792
vn 0.9041 0.2933 -0.3108
vn 0.9314 0.2080 -0.2988
vn 0.9551 0.2127 -0.2062
vn 0.8901 0.2489 -0.3818
vn 0.8672 0.3682 -0.3353
vn 0.8672 0.3682 -0.3352
vn 0.8681 0.3690 -0.3321
vn 0.8671 0.3703 -0.3333
vn 0.8742 0.3667 -0.3184
vn 0.8332 0.3909 -0.3911
vn 0.8231 0.4279 -0.3733
vn 0.7880 0.4592 -0.4101
vn 0.8234 0.4241 -0.3769
vn 0.7874 0.4351 -0.4368
vn 0.7727 0.4849 -0.4097
vn 0.7880 0.4708 -0.3968
vn 0.7722 0.4897 -0.4049
vn 0.7351 0.4678 -0.4907
vn 0.7211 0.4926 -0.4872
vn 0.6493 0.6355 -0.4178
vn 0.6061 0.4590 -0.6496
vn 0.4980 0.8568 -0.1342
vn 0.7333 0.5664 -0.3762
vn 0.6616 0.4847 -0.5722
vn 0.6759 0.6120 -0.4106
vn 0.6504 0.6295 -0.4251
vn 0.6754 0.6148 -0.4072
vn 0.6757 0.6146 -0.4071
vn 0.9561 0.2126 -0.2014
vn 0.9347 0.2200 -0.2791
vn 0.9338 0.2962 -0.2006
vn 0.9336 0.2933 -0.2059
vn 0.9075 0.3117 -0.2815
vn 0.8944 0.3327 -0.2990
vn 0.8947 0.4190 -0.1549
vn 0.9720 0.1743 -0.1576
vn 0.9720 0.1743 -0.1575
vn 0.9653 0.2169 -0.1457
vn 0.9645 0.2479 -0.0907
vn 0.9835 0.0719 -0.1658
vn 0.9789 0.2017 -0.0322
vn 0.9829 0.1409 -0.1186
vn -0.3369 -0.2986 0.8929
vn -0.7055 -0.0148 0.7086
vn -0.6909 0.0243 0.7225
vn -0.5880 0.1032 0.8023
vn -0.5879 0.1033 0.8023
vn -0.5341 0.1031 0.8391
vn -0.6128 0.1821 0.7690
vn -0.4743 -0.2238 0.8514
vn -0.6035 -0.0325 0.7967
vn -0.6036 -0.0325 0.7967
vn -0.6740 -0.0147 0.7386
vn -0.5988 -0.2446 0.7627
vn -0.6616 -0.0933 0.7440
vn -0.7404 0.0055 0.6722
vn -0.8056 -0.0101 0.5923
vn -0.7769 -0.0330 0.6288
vn -0.8662 -0.0356 0.4984
vn -0.8804 -0.0258 0.4735
vn -0.7696 -0.0777 0.6338
vn -0.8445 0.0128 0.5354
vn -0.8542 -0.1266 0.5043
vn -0.8779 -0.0314 0.4778
vn -0.9194 0.0105 0.3931
vn -0.9433 -0.0244 0.3310
vn -0.9207 -0.0471 0.3874
vn -0.9207 -0.0471 0.3873
vn -0.9220 -0.0743 0.3799
vn -0.9159 -0.0928 0.3905
vn -0.3311 0.8919 -0.3079
vn -0.5625 0.8215 -0.0939
vn -0.5624 0.8215 -0.0938
vn -0.4914 0.8481 -0.1980
vn -0.5948 0.7902 0.1477
vn -0.5279 0.8449 0.0864
vn -0.5751 0.8135 0.0865
vn -0.5747 0.8138 0.0866
vn -0.6904 0.7214 0.0537
vn -0.7136 0.7006 0.0012
vn -0.6689 0.7434 0.0013
vn -0.6323 0.7527 -0.1832
vn -0.6719 0.7368 -0.0760
vn -0.7253 0.6884 -0.0103
vn -0.7896 0.6136 0.0089
vn -0.7976 0.6027 -0.0263
vn -0.7742 0.6324 -0.0262
vn -0.8142 0.5805 0.0079
vn -0.7616 0.6323 -0.1422
vn -0.8780 0.4776 -0.0311
vn -0.8643 0.4943 -0.0925
vn -0.8594 0.5101 -0.0336
vn -0.8768 0.4796 -0.0337
vn -0.8721 0.4892 -0.0038
vn -0.9173 0.3880 -0.0898
vn -0.9178 0.3870 -0.0885
vn -0.9248 0.3756 -0.0607
vn -0.9131 0.4049 -0.0476
vn -0.9349 0.3517 -0.0478
vn -0.9346 0.3558 0.0045
vn -0.9043 0.4269 -0.0063
vn 0.9803 -0.1362 -0.1433
vn 0.5875 -0.6342 -0.5026
vn 0.6621 -0.5098 -0.5493
vn 0.6540 -0.5621 -0.5063
vn 0.6600 -0.5582 -0.5028
vn 0.6538 -0.5629 -0.5057
vn 0.6600 -0.5589 -0.5021
vn 0.6536 -0.5890 -0.4753
vn 0.7245 -0.4689 -0.5053
vn 0.7124 -0.5396 -0.4487
vn 0.7125 -0.5395 -0.4486
vn 0.7204 -0.5348 -0.4416
vn 0.7657 -0.4465 -0.4629
vn 0.7769 -0.4520 -0.4383
vn 0.7664 -0.4613 -0.4470
vn 0.7755 -0.4726 -0.4186
vn 0.8168 -0.4074 -0.4085
vn 0.8236 -0.4054 -0.3967
vn 0.8649 -0.3671 -0.3423
vn 0.8236 -0.4054 -0.3966
vn 0.8174 -0.4278 -0.3859
vn 0.8655 -0.3543 -0.3541
vn 0.8610 -0.3658 -0.3533
vn 0.8621 -0.3645 -0.3520
vn 0.9315 -0.2387 -0.2743
vn 0.9339 -0.2082 -0.2908
vn 0.9558 -0.2137 -0.2017
vn 0.9015 -0.2913 -0.3202
vn 0.8942 -0.3012 -0.3312
vn 0.8966 -0.2118 -0.3890
vn 0.9725 -0.1613 -0.1681
vn 0.9655 -0.1552 -0.2090
vn 0.9660 -0.0961 -0.2402
vn 0.9830 -0.1237 -0.1354
vn 0.9837 -0.0792 -0.1613
vn 0.9909 -0.1119 -0.0748
vn 0.9821 -0.1779 -0.0611
vn 0.9741 -0.2258 -0.0089
vn 0.9498 -0.2241 -0.2183
vn 0.9644 -0.2276 -0.1344
vn 0.9657 -0.2186 -0.1400
vn 0.9263 -0.2838 -0.2478
vn 0.9348 -0.2831 -0.2145
vn 0.9192 -0.3576 -0.1648
vn 0.8611 -0.3677 -0.3512
vn 0.8912 -0.3792 -0.2491
vn 0.8970 -0.3503 -0.2697
vn 0.2849 -0.3861 0.8774
vn 0.8103 -0.0106 0.5859
vn 0.9195 -0.0787 0.3852
vn 0.9136 -0.0959 0.3950
vn 0.8804 -0.0261 0.4735
vn 0.9177 -0.0512 0.3941
vn 0.9177 -0.0511 0.3940
vn 0.9328 -0.0513 0.3567
vn 0.9347 -0.0114 0.3552
vn 0.9177 0.0085 0.3972
vn 0.7904 -0.0106 0.6125
vn 0.8256 0.0223 0.5638
vn 0.7529 -0.1709 0.6356
vn 0.8582 -0.1182 0.4996
vn 0.8697 -0.0314 0.4926
vn 0.8780 -0.0314 0.4776
vn 0.8752 -0.0186 0.4834
vn 0.8483 0.0131 0.5294
vn 0.7978 0.0067 0.6028
vn 0.7359 -0.0075 0.6770
vn 0.6758 -0.0866 0.7320
vn 0.6354 -0.1922 0.7479
vn 0.7017 0.0576 0.7102
vn 0.6349 0.0369 0.7717
vn 0.6935 0.0371 0.7195
vn 0.5597 -0.1147 0.8208
vn 0.5596 -0.1147 0.8208
vn 0.5271 -0.1628 0.8341
vn 0.5943 0.1253 0.7944
vn 0.4486 -0.1131 0.8866
vn 0.4971 -0.1129 0.8603
vn 0.9186 0.3920 -0.0500
vn 0.9201 0.3840 -0.0772
vn 0.9145 0.3935 -0.0941
vn 0.9427 0.3328 -0.0241
vn 0.9190 0.3941 0.0083
vn 0.8693 0.4917 -0.0499
vn 0.8712 0.4898 -0.0345
vn 0.8712 0.4897 -0.0345
vn 0.8774 0.4786 -0.0327
vn 0.8537 0.5206 0.0152
vn 0.7566 0.6538 0.0141
vn 0.7954 0.6058 -0.0171
vn 0.8026 0.5960 -0.0262
vn 0.7914 0.6108 -0.0261
vn 0.7957 0.6044 -0.0394
vn 0.7653 0.6387 -0.0794
vn 0.6090 0.7761 -0.1637
vn 0.6685 0.7371 -0.0986
vn 0.7020 0.7120 0.0190
vn 0.6150 0.7885 -0.0054
vn 0.6915 0.7224 -0.0052
vn 0.4074 0.8886 -0.2106
vn 0.1945 0.8406 -0.5055
vn 0.4103 0.8873 -0.2104
vn 0.4686 0.8589 -0.2066
vn 0.3990 0.8936 -0.2056
vn 0.6066 0.7890 0.0971
vn 0.5141 0.8379 -0.1831
vn 0.6199 0.7841 -0.0292
vn -0.8741 -0.3507 -0.3361
vn -0.9717 -0.1628 -0.1713
vn -0.9830 -0.1246 -0.1350
vn -0.9904 -0.0987 -0.0965
vn -0.9642 -0.1376 -0.2266
vn -0.9717 -0.1628 -0.1712
vn -0.9325 -0.2292 -0.2792
vn -0.9041 -0.2933 -0.3107
vn -0.9314 -0.2081 -0.2986
vn -0.9551 -0.2127 -0.2062
vn -0.8901 -0.2489 -0.3818
vn -0.8672 -0.3682 -0.3352
vn -0.8681 -0.3691 -0.3318
vn -0.8671 -0.3705 -0.3331
vn -0.8742 -0.3668 -0.3181
vn -0.8333 -0.3906 -0.3912
vn -0.8230 -0.4283 -0.3731
vn -0.7881 -0.4594 -0.4098
vn -0.8233 -0.4244 -0.3768
vn -0.7874 -0.4348 -0.4369
vn -0.7722 -0.4861 -0.4091
vn -0.7880 -0.4715 -0.3958
vn -0.7717 -0.4908 -0.4044
vn -0.7351 -0.4669 -0.4915
vn -0.7206 -0.4920 -0.4885
vn -0.7329 -0.5700 -0.3713
vn -0.6609 -0.4816 -0.5756
vn -0.6758 -0.6170 -0.4033
vn -0.6488 -0.6355 -0.4186
vn -0.6754 -0.6198 -0.3996
vn -0.6138 -0.6576 -0.4368
vn -0.6485 -0.6368 -0.4171
vn -0.6062 -0.4524 -0.6540
vn -0.5024 -0.8519 -0.1476
vn -0.9562 -0.2126 -0.2013
vn -0.9347 -0.2200 -0.2791
vn -0.9338 -0.2961 -0.2007
vn -0.9336 -0.2933 -0.2058
vn -0.9075 -0.3116 -0.2815
vn -0.8944 -0.3327 -0.2990
vn -0.8947 -0.4191 -0.1548
vn -0.9720 -0.1742 -0.1575
vn -0.9720 -0.1741 -0.1576
vn -0.9653 -0.2169 -0.1457
vn -0.9645 -0.2480 -0.0906
vn -0.9562 -0.2126 -0.2012
vn -0.9835 -0.0719 -0.1658
vn -0.9789 -0.2017 -0.0322
vn -0.9829 -0.1409 -0.1186
vn 0.0359 0.9992 -0.0187
vn 0.0406 0.9991 0.0140
vn 0.0474 0.9989 0.0061
vn 0.0483 0.9988 -0.0036
vn 0.0427 0.9990 -0.0121
vn 0.0359 0.9992 0.0162
vn 0.0354 0.9992 0.0209
vn 0.0248 0.9991 0.0340
vn 0.0314 0.9991 0.0285
vn -0.0084 0.9989 0.0463
vn 0.0011 0.9988 0.0488
vn 0.0102 0.9990 0.0446
vn 0.0172 0.9991 0.0376
vn 0.0083 0.9993 0.0359
vn 0.0166 0.9992 0.0364
vn -0.0230 0.9991 0.0348
vn -0.0366 0.9992 0.0145
vn -0.0354 0.9994 0.0063
vn -0.0349 0.9991 0.0229
vn -0.0302 0.9991 0.0301
vn -0.0489 0.9988 -0.0013
vn -0.0285 0.9991 -0.0317
vn -0.0339 0.9991 -0.0250
vn -0.0364 0.9992 -0.0168
vn -0.0364 0.9992 -0.0162
vn -0.0447 0.9989 -0.0105
vn 0.0123 0.9990 -0.0425
vn 0.0038 0.9988 -0.0483
vn -0.0060 0.9988 -0.0476
vn -0.0139 0.9991 -0.0408
vn -0.0174 0.9992 -0.0373
vn -0.0123 0.9993 -0.0364
vn -0.0208 0.9992 -0.0355
vn 0.0328 0.9991 -0.0266
vn 0.0267 0.9991 -0.0327
vn 0.0268 0.9991 -0.0327
vn -0.0146 0.9992 0.0364
vn -0.0169 0.9992 0.0367
vn -0.0002 0.9998 0.0201
vn 0.0199 0.9998 0.0001
vn 0.0360 0.9992 -0.0160
vn -0.0463 0.9989 0.0082
vn -0.0375 0.9992 0.0171
vn -0.0203 0.9998 -0.0000
vn -0.0002 0.9998 -0.0200
vn 0.0159 0.9992 -0.0360
vn 0.0189 0.9992 -0.0359
vn -0.7763 -0.0000 0.6303
vn -0.8873 -0.0000 0.4612
vn -0.8873 -0.0000 0.4611
vn -0.9620 -0.0000 0.2731
vn -0.9973 -0.0000 0.0739
vn -0.9917 -0.0000 -0.1284
vn -0.9456 -0.0000 -0.3254
vn -0.8607 -0.0000 -0.5091
vn -0.7406 -0.0000 -0.6719
vn -0.5902 -0.0000 -0.8072
vn -0.4156 -0.0000 -0.9095
vn -0.2240 -0.0000 -0.9746
vn -0.0233 -0.0000 -0.9997
vn 0.1785 -0.0000 -0.9839
vn 0.1784 -0.0000 -0.9839
vn 0.3729 -0.0000 -0.9279
vn 0.5520 -0.0000 -0.8338
vn 0.7086 -0.0000 -0.7056
vn 0.8361 -0.0000 -0.5486
vn 0.9294 -0.0000 -0.3690
vn 0.9847 -0.0000 -0.1744
vn 0.9996 -0.0000 0.0274
vn 0.9736 -0.0000 0.2281
vn 0.9736 -0.0000 0.2280
vn 0.9078 -0.0000 0.4194
vn 0.8048 -0.0000 0.5936
vn 0.8048 -0.0000 0.5935
vn 0.6688 -0.0000 0.7434
vn 0.6689 -0.0000 0.7434
vn 0.5055 -0.0000 0.8628
vn 0.3215 -0.0000 0.9469
vn 0.1243 -0.0000 0.9922
vn -0.0780 -0.0000 0.9970
vn -0.2771 -0.0000 0.9608
vn -0.4648 -0.0000 0.8854
vn -0.6335 -0.0000 0.7737
vn 0.6336 -0.0000 -0.7737
vn 0.6335 -0.0000 -0.7737
vn 0.4648 -0.0000 -0.8854
vn 0.2771 -0.0000 -0.9609
vn 0.2771 -0.0000 -0.9608
vn 0.0780 -0.0000 -0.9970
vn -0.1243 -0.0000 -0.9922
vn -0.3215 -0.0000 -0.9469
vn -0.5056 -0.0000 -0.8628
vn -0.5055 -0.0000 -0.8628
vn -0.6688 -0.0000 -0.7434
vn -0.6689 -0.0000 -0.7434
vn -0.8048 -0.0000 -0.5935
vn -0.8048 -0.0000 -0.5936
vn -0.9078 -0.0000 -0.4194
vn -0.9736 -0.0000 -0.2281
vn -0.9996 -0.0000 -0.0274
vn -0.9847 -0.0000 0.1744
vn -0.9294 -0.0000 0.3690
vn -0.8361 -0.0000 0.5485
vn -0.8361 -0.0000 0.5486
vn -0.7085 -0.0000 0.7057
vn -0.7086 -0.0000 0.7057
vn -0.5520 -0.0000 0.8338
vn -0.3729 -0.0000 0.9279
vn -0.3728 -0.0000 0.9279
vn -0.1784 -0.0000 0.9839
vn -0.1785 -0.0000 0.9839
vn -0.1784 -0.0000 0.9840
vn 0.0233 -0.0000 0.9997
vn 0.2240 -0.0000 0.9746
vn 0.4156 -0.0000 0.9095
vn 0.5902 -0.0000 0.8073
vn 0.7406 -0.0000 0.6719
vn 0.8607 -0.0000 0.5091
vn 0.9456 -0.0000 0.3254
vn 0.9917 -0.0000 0.1284
vn 0.9973 -0.0000 -0.0739
vn 0.9620 -0.0000 -0.2731
vn 0.8873 -0.0000 -0.4611
vn 0.8873 -0.0000 -0.4612
vn 0.7763 -0.0000 -0.6303
vn 0.0308 0.9994 -0.0160
vn 0.0699 0.9965 -0.0448
vn 0.0285 0.9993 -0.0231
vn 0.0431 0.9984 -0.0371
vn 0.0360 0.9984 -0.0441
vn 0.0385 0.9992 0.0050
vn 0.0793 0.9969 0.0002
vn 0.0342 0.9994 -0.0025
vn 0.0749 0.9971 -0.0106
vn 0.0393 0.9992 -0.0112
vn 0.0401 0.9991 -0.0117
vn 0.0403 0.9991 -0.0114
vn 0.0439 0.9990 -0.0128
vn 0.0628 0.9976 -0.0285
vn 0.0307 0.9994 0.0182
vn 0.0765 0.9965 0.0351
vn 0.0334 0.9994 0.0115
vn 0.0539 0.9984 0.0159
vn 0.0519 0.9985 0.0178
vn 0.0614 0.9979 0.0182
vn 0.0494 0.9988 0.0072
vn 0.0203 0.9994 0.0278
vn 0.0527 0.9967 0.0612
vn 0.0291 0.9992 0.0264
vn 0.0258 0.9992 0.0298
vn 0.0282 0.9993 0.0256
vn 0.0393 0.9986 0.0342
vn 0.0518 0.9981 0.0334
vn 0.0009 0.9993 0.0373
vn 0.0115 0.9966 0.0813
vn 0.0077 0.9994 0.0337
vn 0.0110 0.9992 0.0379
vn 0.0091 0.9992 0.0397
vn 0.0199 0.9975 0.0684
vn 0.0180 0.9991 0.0395
vn 0.0173 0.9991 0.0380
vn 0.0395 0.9973 0.0619
vn -0.0131 0.9994 0.0325
vn -0.0237 0.9965 0.0803
vn -0.0099 0.9985 0.0545
vn -0.0147 0.9987 0.0496
vn -0.0065 0.9993 0.0356
vn -0.0085 0.9982 0.0586
vn -0.0001 0.9985 0.0544
vn -0.0333 0.9992 0.0218
vn -0.0588 0.9970 0.0506
vn -0.0246 0.9994 0.0245
vn -0.0264 0.9994 0.0227
vn -0.0243 0.9994 0.0242
vn -0.0508 0.9970 0.0585
vn -0.0220 0.9992 0.0332
vn -0.0259 0.9989 0.0401
vn -0.0277 0.9978 0.0604
vn -0.0511 0.9987 0.0091
vn -0.0803 0.9965 0.0234
vn -0.0325 0.9994 0.0129
vn -0.0605 0.9978 0.0275
vn -0.0402 0.9989 0.0257
vn -0.0397 0.9992 -0.0093
vn -0.0378 0.9992 -0.0112
vn -0.0336 0.9994 -0.0079
vn -0.0813 0.9966 -0.0118
vn -0.0373 0.9993 -0.0010
vn -0.0545 0.9985 -0.0001
vn -0.0598 0.9982 0.0106
vn -0.0332 0.9994 0.0047
vn -0.0466 0.9988 0.0136
vn -0.0263 0.9992 -0.0292
vn -0.0610 0.9967 -0.0530
vn -0.0277 0.9994 -0.0204
vn -0.0616 0.9973 -0.0398
vn -0.0382 0.9991 -0.0176
vn -0.0397 0.9990 -0.0182
vn -0.0682 0.9975 -0.0202
vn -0.0114 0.9994 -0.0334
vn -0.0348 0.9965 -0.0765
vn -0.0181 0.9994 -0.0308
vn -0.0332 0.9981 -0.0519
vn -0.0342 0.9987 -0.0380
vn -0.0247 0.9993 -0.0287
vn -0.0298 0.9992 -0.0258
vn 0.0113 0.9992 -0.0393
vn 0.0109 0.9971 -0.0748
vn 0.0027 0.9994 -0.0342
vn 0.0002 0.9969 -0.0793
vn -0.0048 0.9992 -0.0386
vn -0.0070 0.9988 -0.0494
vn -0.0226 0.9975 -0.0667
vn -0.0157 0.9984 -0.0539
vn 0.0369 0.9984 -0.0425
vn 0.0370 0.9984 -0.0425
vn 0.0233 0.9993 -0.0284
vn 0.0451 0.9965 -0.0698
vn 0.0161 0.9994 -0.0308
vn 0.0287 0.9976 -0.0626
vn 0.0125 0.9990 -0.0432
vn 0.0118 0.9991 -0.0399
vn -0.0294 0.9975 0.0639
vn 0.0294 0.9975 -0.0639
vn -0.0592 0.9975 0.0379
vn -0.0697 0.9975 0.0099
vn -0.0696 0.9975 0.0099
vn -0.0674 0.9975 0.0197
vn -0.0675 0.9975 0.0197
vn -0.0676 0.9975 0.0197
vn -0.0640 0.9975 0.0291
vn -0.0641 0.9975 0.0291
vn -0.0703 0.9975 -0.0001
vn -0.0695 0.9975 0.0099
vn -0.0639 0.9975 -0.0293
vn -0.0640 0.9975 -0.0293
vn -0.0675 0.9975 -0.0200
vn -0.0674 0.9975 -0.0200
vn -0.0697 0.9975 -0.0102
vn -0.0694 0.9975 -0.0102
vn -0.0705 0.9975 -0.0001
vn -0.0530 0.9975 -0.0462
vn -0.0590 0.9975 -0.0381
vn -0.0591 0.9975 -0.0381
vn -0.0531 0.9975 -0.0462
vn -0.0460 0.9975 -0.0532
vn -0.0459 0.9975 -0.0532
vn -0.0380 0.9975 -0.0592
vn -0.0379 0.9975 -0.0592
vn -0.0197 0.9975 -0.0675
vn -0.0196 0.9975 -0.0675
vn -0.0291 0.9975 -0.0640
vn 0.0001 0.9975 -0.0703
vn -0.0099 0.9975 -0.0696
vn 0.0293 0.9975 -0.0639
vn 0.0200 0.9975 -0.0674
vn 0.0199 0.9975 -0.0674
vn 0.0101 0.9975 -0.0696
vn 0.0102 0.9975 -0.0696
vn 0.0533 0.9975 -0.0459
vn 0.0535 0.9975 -0.0459
vn 0.0461 0.9975 -0.0531
vn 0.0462 0.9975 -0.0531
vn 0.0381 0.9975 -0.0591
vn 0.0382 0.9975 -0.0591
vn 0.0592 0.9975 -0.0379
vn 0.0697 0.9975 -0.0099
vn 0.0696 0.9975 -0.0099
vn 0.0676 0.9975 -0.0197
vn 0.0675 0.9975 -0.0197
vn 0.0640 0.9975 -0.0291
vn 0.0641 0.9975 -0.0291
vn 0.0703 0.9975 0.0001
vn 0.0695 0.9975 -0.0099
vn 0.0639 0.9975 0.0293
vn 0.0640 0.9975 0.0293
vn 0.0674 0.9975 0.0200
vn 0.0675 0.9975 0.0200
vn 0.0697 0.9975 0.0102
vn 0.0694 0.9975 0.0102
vn 0.0705 0.9975 0.0001
vn 0.0530 0.9975 0.0462
vn 0.0590 0.9975 0.0381
vn 0.0591 0.9975 0.0381
vn 0.0531 0.9975 0.0462
vn 0.0460 0.9975 0.0532
vn 0.0459 0.9975 0.0532
vn 0.0380 0.9975 0.0592
vn 0.0379 0.9975 0.0592
vn 0.0197 0.9975 0.0675
vn 0.0196 0.9975 0.0675
vn 0.0291 0.9975 0.0640
vn -0.0001 0.9975 0.0703
vn 0.0099 0.9975 0.0696
vn -0.0293 0.9975 0.0639
vn -0.0200 0.9975 0.0674
vn -0.0199 0.9975 0.0674
vn -0.0101 0.9975 0.0696
vn -0.0102 0.9975 0.0696
vn -0.0593 0.9975 0.0379
vn -0.0533 0.9975 0.0459
vn -0.0532 0.9975 0.0459
vn -0.0460 0.9975 0.0530
vn -0.0462 0.9975 0.0531
vn -0.0461 0.9975 0.0531
vn -0.0381 0.9975 0.0591
vn -0.0382 0.9975 0.0591
vn -0.1286 0.9806 0.1478
vn 0.1286 0.9806 -0.1478
vn 0.1392 0.9806 0.1380
vn 0.1396 0.9806 0.1379
vn 0.1366 0.9785 0.1543
vn 0.1330 0.9793 0.1523
vn 0.1368 0.9806 0.1407
vn 0.1315 0.9796 0.1521
vn 0.1311 0.9796 0.1522
vn 0.0971 0.9845 0.1460
vn 0.1242 0.9794 0.1593
vn 0.1244 0.9794 0.1593
vn 0.1228 0.9818 0.1451
vn 0.1180 0.9806 0.1564
vn 0.1171 0.9815 0.1512
vn 0.1258 0.9724 0.1967
vn 0.1237 0.9811 0.1488
vn 0.1195 0.9832 0.1379
vn 0.1209 0.9827 0.1401
vn 0.1374 0.9805 0.1402
vn 0.1376 0.9805 0.1403
vn 0.1377 0.9805 0.1402
vn 0.1400 0.9807 0.1368
vn 0.1394 0.9828 0.1213
vn 0.1242 0.9859 0.1122
vn 0.1400 0.9827 0.1215
vn 0.1565 0.9807 0.1173
vn 0.1463 0.9814 0.1240
vn 0.1460 0.9815 0.1238
vn 0.2069 0.9692 0.1336
vn 0.1520 0.9813 0.1181
vn 0.1575 0.9800 0.1215
vn 0.1594 0.9791 0.1265
vn 0.1488 0.9838 0.0999
vn 0.1512 0.9800 0.1294
vn 0.1520 0.9794 0.1330
vn 0.1520 0.9794 0.1331
vn 0.1550 0.9780 0.1398
vn 0.1519 0.9793 0.1338
vn 0.1437 0.9802 0.1361
vn 0.1393 0.9806 0.1379
vn -0.1388 0.9804 -0.1396
vn -0.1388 0.9804 -0.1395
vn -0.1425 0.9820 -0.1240
vn -0.1321 0.9843 -0.1170
vn -0.1319 0.9843 -0.1171
vn -0.1426 0.9821 -0.1227
vn -0.1480 0.9812 -0.1241
vn -0.1473 0.9813 -0.1241
vn -0.1989 0.9716 -0.1284
vn -0.1540 0.9810 -0.1184
vn -0.1570 0.9803 -0.1195
vn -0.1581 0.9797 -0.1232
vn -0.1476 0.9841 -0.0991
vn -0.1514 0.9798 -0.1306
vn -0.1513 0.9798 -0.1305
vn -0.1527 0.9790 -0.1349
vn -0.1524 0.9792 -0.1342
vn -0.1419 0.9804 -0.1367
vn -0.1417 0.9804 -0.1367
vn -0.1382 0.9806 -0.1387
vn -0.1384 0.9806 -0.1388
vn -0.1442 0.9769 -0.1580
vn -0.1333 0.9793 -0.1526
vn -0.1362 0.9804 -0.1422
vn -0.1383 0.9806 -0.1387
vn -0.1181 0.9802 -0.1588
vn -0.1342 0.9790 -0.1533
vn -0.1296 0.9799 -0.1518
vn -0.0936 0.9856 -0.1407
vn -0.1275 0.9787 -0.1607
vn -0.1226 0.9797 -0.1586
vn -0.1178 0.9810 -0.1545
vn -0.1166 0.9819 -0.1494
vn -0.1301 0.9704 -0.2033
vn -0.1235 0.9813 -0.1477
vn -0.1221 0.9821 -0.1432
vn -0.1169 0.9841 -0.1333
vn -0.1211 0.9827 -0.1403
vn -0.1328 0.9811 -0.1406
vn 0.1521 0.9813 0.1180
vn 0.1568 0.9805 0.1187
vn 0.1651 0.9805 0.1066
vn 0.1617 0.9809 0.1085
vn 0.1808 0.9800 0.0830
vn 0.1750 0.9807 0.0867
vn 0.1773 0.9808 0.0814
vn 0.1476 0.9806 -0.1289
vn 0.1481 0.9807 -0.1278
vn 0.1642 0.9804 -0.1092
vn 0.1642 0.9808 -0.1050
vn 0.1767 0.9804 -0.0867
vn 0.1659 0.9804 -0.1061
vn 0.1776 0.9802 -0.0871
vn 0.1769 0.9809 -0.0804
vn 0.1879 0.9802 -0.0633
vn 0.1891 0.9804 -0.0551
vn 0.1865 0.9804 -0.0629
vn 0.1862 0.9810 -0.0543
vn 0.1948 0.9801 -0.0383
vn 0.1922 0.9810 -0.0272
vn 0.1908 0.9809 -0.0375
vn 0.1918 0.9811 -0.0272
vn 0.1983 0.9801 -0.0126
vn 0.1936 0.9811 0.0004
vn 0.1966 0.9804 0.0133
vn 0.1972 0.9804 0.0004
vn 0.1982 0.9801 0.0134
vn 0.1916 0.9811 0.0280
vn 0.1946 0.9801 0.0391
vn 0.1891 0.9804 0.0559
vn 0.1931 0.9804 0.0388
vn 0.1860 0.9810 0.0550
vn 0.1876 0.9802 0.0641
vn 0.1735 0.9811 0.0860
vn 0.1208 0.9830 -0.1383
vn 0.1220 0.9818 -0.1453
vn 0.1210 0.9812 -0.1502
vn 0.1181 0.9806 -0.1566
vn 0.1200 0.9805 -0.1557
vn 0.1203 0.9805 -0.1557
vn 0.1268 0.9800 -0.1532
vn 0.1266 0.9800 -0.1532
vn 0.1309 0.9796 -0.1524
vn 0.1311 0.9796 -0.1525
vn 0.1357 0.9789 -0.1527
vn 0.1340 0.9792 -0.1522
vn 0.1369 0.9805 -0.1413
vn 0.1384 0.9806 -0.1390
vn 0.1401 0.9806 -0.1372
vn 0.1518 0.9795 -0.1326
vn 0.1538 0.9784 -0.1379
vn 0.1539 0.9784 -0.1379
vn 0.1529 0.9794 -0.1319
vn 0.1533 0.9799 -0.1277
vn 0.1549 0.9803 -0.1227
vn 0.1572 0.9806 -0.1172
vn 0.1526 0.9810 -0.1197
vn 0.1476 0.9816 -0.1212
vn 0.1497 0.9813 -0.1212
vn 0.1406 0.9810 -0.1338
vn 0.1395 0.9829 -0.1204
vn 0.1319 0.9843 -0.1174
vn 0.1421 0.9824 -0.1210
vn 0.1396 0.9806 -0.1377
vn 0.1291 0.9805 -0.1483
vn 0.1131 0.9860 -0.1223
vn 0.1207 0.9830 -0.1383
vn 0.1293 0.9807 -0.1468
vn 0.1099 0.9804 -0.1638
vn 0.1057 0.9808 -0.1638
vn 0.0874 0.9804 -0.1764
vn 0.1068 0.9804 -0.1655
vn 0.0879 0.9802 -0.1772
vn 0.0811 0.9809 -0.1766
vn 0.0641 0.9802 -0.1876
vn 0.0559 0.9804 -0.1889
vn 0.0622 0.9813 -0.1820
vn 0.0292 0.9794 -0.2000
vn 0.0383 0.9809 -0.1907
vn 0.0280 0.9810 -0.1921
vn 0.0376 0.9816 -0.1872
vn 0.0134 0.9801 -0.1982
vn 0.0004 0.9811 -0.1936
vn -0.0125 0.9804 -0.1966
vn 0.0004 0.9804 -0.1972
vn -0.0126 0.9801 -0.1983
vn -0.0272 0.9811 -0.1918
vn -0.0383 0.9801 -0.1948
vn -0.0552 0.9804 -0.1893
vn -0.0380 0.9804 -0.1933
vn -0.0543 0.9810 -0.1862
vn -0.0633 0.9802 -0.1879
vn -0.0804 0.9809 -0.1769
vn -0.0860 0.9807 -0.1753
vn -0.0807 0.9808 -0.1777
vn -0.0871 0.9802 -0.1776
vn -0.1050 0.9808 -0.1642
vn -0.1088 0.9805 -0.1636
vn -0.1181 0.9805 -0.1573
vn -0.1539 0.9810 -0.1184
vn -0.1568 0.9805 -0.1187
vn -0.1651 0.9805 -0.1066
vn -0.1617 0.9809 -0.1085
vn -0.1808 0.9800 -0.0830
vn -0.1750 0.9807 -0.0867
vn -0.1773 0.9808 -0.0814
vn -0.1476 0.9806 0.1289
vn -0.1481 0.9807 0.1278
vn -0.1642 0.9804 0.1092
vn -0.1642 0.9808 0.1050
vn -0.1767 0.9804 0.0867
vn -0.1659 0.9804 0.1061
vn -0.1776 0.9802 0.0871
vn -0.1769 0.9809 0.0804
vn -0.1879 0.9802 0.0633
vn -0.1891 0.9804 0.0551
vn -0.1865 0.9804 0.0629
vn -0.1862 0.9810 0.0543
vn -0.1948 0.9801 0.0383
vn -0.1922 0.9810 0.0272
vn -0.1908 0.9809 0.0375
vn -0.1918 0.9811 0.0272
vn -0.1983 0.9801 0.0126
vn -0.1936 0.9811 -0.0004
vn -0.1966 0.9804 -0.0133
vn -0.1972 0.9804 -0.0004
vn -0.1982 0.9801 -0.0134
vn -0.1916 0.9811 -0.0280
vn -0.1946 0.9801 -0.0391
vn -0.1891 0.9804 -0.0559
vn -0.1931 0.9804 -0.0388
vn -0.1860 0.9810 -0.0550
vn -0.1876 0.9802 -0.0641
vn -0.1735 0.9811 -0.0860
vn -0.1529 0.9794 0.1318
vn -0.1529 0.9794 0.1319
vn -0.1533 0.9799 0.1277
vn -0.1549 0.9803 0.1226
vn -0.1550 0.9803 0.1226
vn -0.1572 0.9806 0.1172
vn -0.1526 0.9810 0.1197
vn -0.1528 0.9810 0.1197
vn -0.1476 0.9816 0.1212
vn -0.1482 0.9815 0.1211
vn -0.1421 0.9824 0.1210
vn -0.1321 0.9843 0.1174
vn -0.1395 0.9829 0.1204
vn -0.1406 0.9810 0.1338
vn -0.1396 0.9806 0.1377
vn -0.1290 0.9805 0.1483
vn -0.1131 0.9860 0.1223
vn -0.1207 0.9830 0.1383
vn -0.1220 0.9818 0.1453
vn -0.1211 0.9812 0.1502
vn -0.1181 0.9806 0.1566
vn -0.1201 0.9805 0.1557
vn -0.1198 0.9805 0.1557
vn -0.1269 0.9800 0.1532
vn -0.1268 0.9800 0.1532
vn -0.1309 0.9796 0.1524
vn -0.1383 0.9806 0.1390
vn -0.1312 0.9796 0.1524
vn -0.1357 0.9789 0.1527
vn -0.1340 0.9792 0.1522
vn -0.1369 0.9804 0.1414
vn -0.1369 0.9805 0.1413
vn -0.1402 0.9806 0.1372
vn -0.1518 0.9795 0.1326
vn -0.1539 0.9784 0.1379
vn -0.1293 0.9807 0.1468
vn -0.1099 0.9804 0.1638
vn -0.1057 0.9808 0.1638
vn -0.0874 0.9804 0.1764
vn -0.1068 0.9804 0.1655
vn -0.0879 0.9802 0.1772
vn -0.0811 0.9809 0.1766
vn -0.0641 0.9802 0.1876
vn -0.0559 0.9804 0.1889
vn -0.0622 0.9813 0.1820
vn -0.0292 0.9794 0.2000
vn -0.0383 0.9809 0.1907
vn -0.0280 0.9810 0.1921
vn -0.0376 0.9816 0.1872
vn -0.0134 0.9801 0.1982
vn -0.0004 0.9811 0.1936
vn 0.0125 0.9804 0.1966
vn -0.0004 0.9804 0.1972
vn 0.0126 0.9801 0.1983
vn 0.0272 0.9811 0.1918
vn 0.0383 0.9801 0.1948
vn 0.0552 0.9804 0.1893
vn 0.0380 0.9804 0.1933
vn 0.0543 0.9810 0.1862
vn 0.0633 0.9802 0.1879
vn 0.0804 0.9809 0.1769
vn 0.0860 0.9807 0.1753
vn 0.0807 0.9808 0.1777
vn 0.0871 0.9802 0.1776
vn 0.1050 0.9808 0.1642
vn 0.1088 0.9805 0.1636
vn 0.1180 0.9805 0.1573
vn 0.1212 0.9799 0.1582
vn -0.5179 0.7170 -0.4666
vn -0.2677 0.7539 0.5999
vn -0.2675 0.8767 0.3998
vn 0.2247 0.7134 0.6637
vn 0.1336 0.8684 0.4775
vn 0.2163 0.8531 0.4748
vn 0.1339 0.8703 0.4740
vn -0.0335 0.7277 0.6851
vn -0.0741 0.8833 0.4630
vn -0.1372 0.9181 0.3719
vn -0.0985 0.8457 0.5245
vn 0.7000 0.6996 0.1432
vn 0.5624 0.8166 0.1302
vn 0.6296 0.6764 0.3822
vn 0.5217 0.7715 0.3640
vn 0.5756 0.7556 0.3126
vn 0.4732 0.8328 0.2874
vn 0.4541 0.6960 0.5562
vn 0.3376 0.8216 0.4592
vn 0.4082 0.8053 0.4299
vn 0.3252 0.8521 0.4100
vn 0.3253 0.8521 0.4100
vn 0.7652 0.6405 -0.0655
vn 0.5911 0.8059 -0.0351
vn 0.6194 0.7794 0.0941
vn 0.8489 0.5244 0.0659
vn 0.6668 0.7135 0.2152
vn 0.5880 0.7279 -0.3527
vn 0.5879 0.7280 -0.3527
vn 0.7187 0.6333 -0.2872
vn 0.5695 0.8000 -0.1888
vn 0.4782 0.8710 -0.1131
vn 0.7392 0.6454 -0.1922
vn 0.7393 0.6453 -0.1922
vn 0.4498 0.8636 -0.2278
vn 0.6016 0.6513 -0.4625
vn 0.3840 0.8233 -0.4179
vn 0.3808 0.8233 -0.4209
vn 0.3884 0.8186 -0.4231
vn 0.3866 0.6594 -0.6448
vn -0.0144 0.6507 -0.7592
vn 0.1187 0.8054 -0.5807
vn 0.0418 0.8144 -0.5788
vn 0.1192 0.8085 -0.5763
vn 0.2044 0.6439 -0.7372
vn 0.2656 0.8021 -0.5349
vn 0.3090 0.8240 -0.4750
vn 0.2770 0.7669 -0.5790
vn 0.2771 0.7668 -0.5790
vn -0.5623 0.7385 -0.3721
vn -0.3549 0.8442 -0.4017
vn -0.4511 0.6749 -0.5840
vn -0.2944 0.7512 -0.5908
vn -0.3606 0.7688 -0.5281
vn -0.2104 0.8294 -0.5175
vn -0.2409 0.6612 -0.7105
vn -0.0714 0.7784 -0.6237
vn -0.1476 0.7919 -0.5926
vn -0.0444 0.8174 -0.5743
vn -0.0445 0.8174 -0.5743
vn -0.7324 0.6333 -0.2501
vn -0.4843 0.8008 -0.3524
vn -0.4525 0.8602 -0.2352
vn -0.6930 0.7092 -0.1294
vn -0.6643 0.7474 0.0031
vn -0.6643 0.7475 0.0032
vn -0.3785 0.9142 -0.1451
vn -0.4833 0.8746 -0.0379
vn -0.6736 0.7255 0.1409
vn -0.5287 0.8228 0.2084
vn -0.5288 0.8228 0.2084
vn -0.3621 0.9318 0.0257
vn -0.5968 0.6322 0.4941
vn -0.4695 0.8268 0.3096
vn -0.3548 0.8308 0.4288
vn -0.1779 0.8420 0.5092
vn -0.1688 0.4701 0.8663
vn -0.1096 0.7906 0.6024
vn -0.0352 0.7774 0.6280
vn -0.0775 0.8309 0.5510
vn -0.0144 0.8125 0.5828
vn 0.0211 0.6392 0.7688
vn 0.1416 0.7963 0.5882
vn 0.1416 0.7963 0.5881
vn 0.0877 0.8657 0.4929
vn 0.2475 0.6363 0.7307
vn 0.5592 0.5098 0.6537
vn 0.2953 0.7616 0.5769
vn 0.3856 0.7520 0.5346
vn 0.2825 0.7963 0.5348
vn 0.2825 0.7964 0.5347
vn 0.3492 0.8087 0.4734
vn 0.5046 0.7550 0.4188
vn 0.4306 0.7565 0.4922
vn 0.5687 0.6776 0.4664
vn 0.4827 0.6760 0.5569
vn 0.6511 0.6248 0.4310
vn 0.4242 0.8314 0.3589
vn 0.6957 0.6509 0.3040
vn 0.7518 0.6521 0.0979
vn 0.5595 0.8006 0.2146
vn 0.6079 0.7420 0.2828
vn 0.6803 0.6972 0.2262
vn 0.6802 0.6973 0.2261
vn 0.6329 0.7038 -0.3228
vn 0.5059 0.8567 -0.1009
vn 0.5851 0.8098 -0.0431
vn 0.5409 0.8312 -0.1285
vn 0.7436 0.6564 -0.1275
vn 0.5846 0.8092 0.0593
vn 0.5392 0.8330 0.1241
vn 0.6591 0.7511 0.0382
vn 0.6590 0.7512 0.0381
vn 0.1810 0.7087 -0.6819
vn 0.2932 0.8538 -0.4302
vn 0.3537 0.8460 -0.3991
vn 0.3018 0.8267 -0.4748
vn 0.3706 0.8121 -0.4507
vn 0.3363 0.5888 -0.7350
vn 0.4519 0.8324 -0.3208
vn 0.4562 0.8215 -0.3420
vn 0.4561 0.8216 -0.3420
vn -0.4851 0.6394 -0.5966
vn -0.1290 0.8398 -0.5273
vn -0.2601 0.8456 -0.4661
vn -0.1024 0.8786 -0.4664
vn -0.0678 0.7816 -0.6201
vn -0.2631 0.5297 -0.8063
vn 0.1788 0.9023 -0.3924
vn 0.1012 0.8634 -0.4943
vn -0.2090 0.8967 -0.3902
vn -0.4328 0.8450 -0.3141
vn -0.3295 0.8475 -0.4162
vn -0.5107 0.7725 -0.3774
vn -0.3981 0.7718 -0.4959
vn -0.6156 0.7167 -0.3275
vn -0.3062 0.9279 -0.2126
vn -0.6557 0.7375 -0.1619
vn -0.6863 0.7209 0.0965
vn -0.4772 0.8788 0.0030
vn -0.5458 0.8299 -0.1156
vn -0.6419 0.7656 -0.0433
vn -0.6419 0.7655 -0.0433
vn -0.2287 0.7511 0.6193
vn -0.3020 0.7734 0.5574
vn -0.4317 0.7319 0.5273
vn -0.2954 0.8730 0.3882
vn -0.4051 0.8638 0.2995
vn -0.3462 0.8428 0.4121
vn -0.6254 0.6999 0.3450
vn -0.4552 0.8657 0.2084
vn -0.3855 0.9144 0.1233
vn -0.5640 0.7978 0.2130
vn -0.5640 0.7979 0.2129
vn 0.5167 0.7181 0.4663
vn 0.0144 0.6507 0.7592
vn -0.1187 0.8057 0.5803
vn -0.0440 0.8145 0.5784
vn -0.1193 0.8085 0.5763
vn -0.2044 0.6439 0.7373
vn -0.2657 0.8021 0.5349
vn -0.3090 0.8240 0.4749
vn 0.5611 0.7396 0.3718
vn 0.3547 0.8443 0.4017
vn 0.4510 0.6749 0.5840
vn 0.2935 0.7521 0.5901
vn 0.2939 0.7521 0.5899
vn 0.3597 0.7697 0.5274
vn 0.2103 0.8294 0.5175
vn 0.2410 0.6611 0.7105
vn 0.0709 0.7790 0.6229
vn 0.1470 0.7925 0.5918
vn 0.0445 0.8174 0.5743
vn 0.7344 0.6310 0.2500
vn 0.4841 0.8009 0.3524
vn 0.4525 0.8602 0.2352
vn 0.6930 0.7092 0.1294
vn 0.6652 0.7466 -0.0033
vn 0.6652 0.7466 -0.0034
vn 0.3782 0.9143 0.1451
vn 0.4835 0.8745 0.0380
vn 0.6735 0.7256 -0.1409
vn 0.5290 0.8226 -0.2085
vn 0.5743 0.8122 -0.1022
vn 0.4436 0.8816 -0.1615
vn 0.5484 0.7502 -0.3694
vn 0.2589 0.9138 -0.3128
vn 0.2677 0.7539 -0.5999
vn 0.2636 0.9107 -0.3180
vn 0.2556 0.9137 -0.3159
vn -0.2246 0.7135 -0.6637
vn -0.1337 0.8682 -0.4778
vn -0.2141 0.8532 -0.4755
vn -0.1339 0.8703 -0.4739
vn 0.0335 0.7277 -0.6851
vn 0.0741 0.8833 -0.4630
vn 0.1372 0.9181 -0.3718
vn 0.0986 0.8457 -0.5245
vn 0.0986 0.8456 -0.5246
vn -0.5755 0.7556 -0.3127
vn -0.4733 0.8327 -0.2873
vn -0.4539 0.6961 -0.5563
vn -0.3380 0.8211 -0.4599
vn -0.4087 0.8048 -0.4305
vn -0.3252 0.8521 -0.4100
vn -0.7007 0.6988 -0.1437
vn -0.5624 0.8165 -0.1303
vn -0.6295 0.6765 -0.3823
vn -0.5222 0.7709 -0.3648
vn -0.5165 0.7743 -0.3657
vn -0.7651 0.6405 0.0655
vn -0.5912 0.8058 0.0351
vn -0.6194 0.7794 -0.0941
vn -0.8475 0.5267 -0.0652
vn -0.6675 0.7126 -0.2157
vn -0.5880 0.7280 0.3527
vn -0.5880 0.7279 0.3527
vn -0.7187 0.6332 0.2872
vn -0.5697 0.7999 0.1887
vn -0.4780 0.8710 0.1131
vn -0.7385 0.6463 0.1922
vn -0.7386 0.6462 0.1921
vn -0.2770 0.7668 0.5790
vn -0.3866 0.6594 0.6448
vn -0.3907 0.7860 0.4792
vn -0.4488 0.7394 0.5019
vn -0.5045 0.7393 0.4460
vn -0.6018 0.6511 0.4625
vn -0.4498 0.8636 0.2279
vn 0.1443 0.8961 0.4197
vn 0.0659 0.8799 0.4706
vn -0.0055 0.7193 0.6947
vn -0.1368 0.8669 0.4793
vn -0.2528 0.8378 0.4839
vn -0.1360 0.8594 0.4930
vn -0.2713 0.7032 0.6572
vn -0.3227 0.8510 0.4143
vn -0.3644 0.8921 0.2673
vn 0.6016 0.7630 0.2363
vn 0.3987 0.8876 0.2305
vn 0.4792 0.7391 0.4733
vn 0.3704 0.7603 0.5336
vn 0.4586 0.7646 0.4529
vn 0.3217 0.8213 0.4711
vn 0.4058 0.8217 0.4002
vn 0.2547 0.8874 0.3843
vn 0.2581 0.7325 0.6299
vn 0.0807 0.8565 0.5099
vn 0.0807 0.8564 0.5099
vn 0.6466 0.7169 -0.2609
vn 0.4711 0.8646 -0.1746
vn 0.6319 0.7749 -0.0180
vn 0.6350 0.7534 -0.1710
vn 0.6838 0.7296 -0.0064
vn 0.4740 0.8799 0.0333
vn 0.4181 0.8978 0.1385
vn 0.7239 0.6793 0.1204
vn 0.5476 0.7658 0.3372
vn 0.0828 0.7535 -0.6522
vn 0.2527 0.6936 -0.6746
vn 0.2080 0.8222 -0.5298
vn 0.2931 0.7965 -0.5288
vn 0.2818 0.7513 -0.5968
vn 0.4218 0.7933 -0.4391
vn 0.3421 0.8609 -0.3765
vn 0.4817 0.8412 -0.2457
vn 0.4183 0.8124 -0.4062
vn 0.4162 0.8136 -0.4061
vn 0.0829 0.7535 -0.6522
vn 0.0676 0.8920 -0.4470
vn 0.0480 0.8074 -0.5881
vn 0.0570 0.6538 -0.7546
vn -0.1131 0.7904 -0.6021
vn -0.2592 0.7971 -0.5453
vn -0.3115 0.8023 -0.5091
vn -0.0625 0.9010 -0.4294
vn -0.1717 0.6395 -0.7494
vn -0.6509 0.6660 -0.3642
vn -0.3631 0.8593 -0.3602
vn -0.6476 0.5970 -0.4735
vn -0.4638 0.6604 -0.5905
vn -0.5330 0.6622 -0.5267
vn -0.4270 0.7280 -0.5364
vn -0.4892 0.7256 -0.4839
vn -0.3803 0.7968 -0.4696
vn -0.3796 0.6345 -0.6733
vn -0.2655 0.7756 -0.5727
vn -0.2658 0.7755 -0.5727
vn -0.6267 0.7723 0.1044
vn -0.6291 0.7704 0.1041
vn -0.7540 0.6551 0.0478
vn -0.5806 0.8094 -0.0883
vn -0.6980 0.6948 -0.1734
vn -0.7010 0.7105 -0.0617
vn -0.7433 0.6464 -0.1723
vn -0.5461 0.8029 -0.2390
vn -0.5100 0.8033 -0.3075
vn -0.7450 0.6100 -0.2699
vn -0.6061 0.6571 -0.4481
vn -0.3396 0.8067 0.4837
vn -0.3396 0.8067 0.4836
vn -0.4762 0.7127 0.5151
vn -0.4698 0.8172 0.3337
vn -0.5496 0.7608 0.3451
vn -0.5681 0.7864 0.2425
vn -0.5679 0.7866 0.2425
vn -0.6268 0.7722 0.1044
vn -0.4888 0.8711 -0.0485
vn -0.6988 0.6591 0.2779
vn -0.3120 0.9102 0.2725
vn -0.2503 0.6332 0.7324
vn 0.1494 0.6332 0.7594
vn 0.7722 0.6332 0.0522
vn 0.5116 0.6332 -0.5809
vn -0.1494 0.6332 -0.7594
vn -0.7722 0.6332 -0.0522
vn -0.6949 0.6332 0.3409
vn -0.5830 0.6332 0.5091
vn 0.3112 0.2264 0.9230
vn 0.5428 0.2265 -0.8087
vn -0.3112 0.2264 -0.9230
vn -0.7336 0.2265 0.6407
vn -0.7336 0.2264 0.6407
vn -0.8110 0.2264 0.5395
vn -0.9230 0.2264 0.3112
vn -0.8745 0.2264 0.4290
vn -0.9721 0.2264 0.0617
vn -0.9557 0.2264 0.1880
vn -0.9557 0.2264 0.1881
vn -0.9549 0.2264 -0.1920
vn -0.9718 0.2264 -0.0657
vn -0.9217 0.2265 -0.3150
vn -0.8088 0.2264 -0.5428
vn -0.8727 0.2264 -0.4326
vn -0.9217 0.2264 -0.3150
vn -0.7310 0.2264 -0.6437
vn -0.6407 0.2264 -0.7337
vn -0.6407 0.2264 -0.7336
vn -0.4290 0.2264 -0.8745
vn -0.5394 0.2264 -0.8110
vn -0.5395 0.2264 -0.8110
vn -0.6407 0.2265 -0.7337
vn -0.0617 0.2264 -0.9721
vn -0.1881 0.2264 -0.9557
vn -0.1880 0.2264 -0.9557
vn -0.1881 0.2265 -0.9557
vn -0.3112 0.2265 -0.9230
vn 0.0657 0.2264 -0.9718
vn 0.3150 0.2264 -0.9217
vn 0.1920 0.2264 -0.9549
vn 0.1920 0.2265 -0.9549
vn 0.4326 0.2264 -0.8727
vn 0.5428 0.2264 -0.8088
vn 0.6437 0.2264 -0.7310
vn 0.7336 0.2265 -0.6407
vn 0.8110 0.2264 -0.5395
vn 0.9230 0.2264 -0.3112
vn 0.8745 0.2264 -0.4290
vn 0.9721 0.2264 -0.0617
vn 0.9557 0.2264 -0.1880
vn 0.9557 0.2264 -0.1881
vn 0.9549 0.2264 0.1920
vn 0.9718 0.2264 0.0657
vn 0.9217 0.2265 0.3150
vn 0.8088 0.2264 0.5428
vn 0.8727 0.2264 0.4326
vn 0.9217 0.2264 0.3150
vn 0.7310 0.2264 0.6437
vn 0.6407 0.2264 0.7337
vn 0.6407 0.2264 0.7336
vn 0.4290 0.2264 0.8745
vn 0.5394 0.2264 0.8110
vn 0.5395 0.2264 0.8110
vn 0.6407 0.2265 0.7337
vn 0.0617 0.2264 0.9721
vn 0.1881 0.2264 0.9557
vn 0.1880 0.2264 0.9557
vn 0.1881 0.2265 0.9557
vn 0.3112 0.2265 0.9230
vn -0.1920 0.2265 0.9549
vn -0.0657 0.2264 0.9718
vn -0.4326 0.2264 0.8727
vn -0.4326 0.2265 0.8727
vn -0.3150 0.2264 0.9217
vn -0.1920 0.2264 0.9549
vn -0.6437 0.2264 0.7310
vn -0.7594 0.6332 0.1494
vn -0.7595 0.6332 0.1494
vn -0.7334 0.6332 0.2473
vn -0.7588 0.6332 -0.1526
vn -0.7324 0.6332 -0.2503
vn -0.6935 0.6332 -0.3438
vn -0.3409 0.6332 -0.6949
vn -0.4287 0.6332 -0.6445
vn -0.5091 0.6332 -0.5830
vn -0.5092 0.6332 -0.5830
vn -0.5809 0.6332 -0.5115
vn -0.6427 0.6332 -0.4314
vn -0.0490 0.6332 -0.7725
vn 0.0522 0.6332 -0.7722
vn 0.1526 0.6332 -0.7588
vn 0.2503 0.6332 -0.7324
vn 0.3438 0.6332 -0.6935
vn 0.5830 0.6332 -0.5091
vn 0.6445 0.6332 -0.4287
vn 0.6444 0.6332 -0.4287
vn 0.6949 0.6332 -0.3409
vn 0.7594 0.6332 -0.1494
vn 0.7595 0.6332 -0.1494
vn 0.7334 0.6332 -0.2473
vn 0.7588 0.6332 0.1526
vn 0.7324 0.6332 0.2503
vn 0.6935 0.6332 0.3438
vn 0.3409 0.6332 0.6949
vn 0.4287 0.6332 0.6445
vn 0.5091 0.6332 0.5830
vn 0.5092 0.6332 0.5830
vn 0.5809 0.6332 0.5115
vn 0.6427 0.6332 0.4314
vn -0.0522 0.6332 0.7722
vn 0.0490 0.6332 0.7725
vn -0.4313 0.6332 0.6427
vn -0.3121 0.9102 0.2725
vn -0.6445 0.6332 0.4287
vn -0.6444 0.6332 0.4287
vn -0.3449 0.9102 0.2294
vn -0.3719 0.9102 0.1824
vn -0.3719 0.9101 0.1824
vn -0.3925 0.9102 0.1323
vn -0.3926 0.9102 0.1323
vn -0.4064 0.9102 0.0800
vn -0.4065 0.9102 0.0800
vn -0.9721 0.2265 0.0617
vn -0.7725 0.6332 0.0490
vn -0.4134 0.9102 0.0262
vn -0.4133 0.9102 -0.0279
vn -0.3919 0.9102 -0.1340
vn -0.4061 0.9102 -0.0817
vn -0.4133 0.9101 -0.0279
vn -0.3712 0.9102 -0.1840
vn -0.3710 0.9102 -0.1840
vn -0.6427 0.6332 -0.4313
vn -0.8087 0.2265 -0.5428
vn -0.3712 0.9101 -0.1840
vn -0.3440 0.9102 -0.2308
vn -0.3439 0.9102 -0.2308
vn -0.3108 0.9102 -0.2738
vn -0.3109 0.9102 -0.2738
vn -0.2725 0.9102 -0.3120
vn -0.2294 0.9102 -0.3449
vn -0.2295 0.9102 -0.3449
vn -0.1824 0.9102 -0.3719
vn -0.1825 0.9102 -0.3719
vn -0.2473 0.6332 -0.7334
vn -0.1323 0.9102 -0.3925
vn -0.0800 0.9102 -0.4064
vn -0.0490 0.6332 -0.7724
vn 0.0279 0.9102 -0.4133
vn -0.0263 0.9102 -0.4134
vn -0.0262 0.9102 -0.4134
vn 0.0817 0.9102 -0.4061
vn 0.1339 0.9102 -0.3920
vn 0.1340 0.9102 -0.3920
vn 0.1839 0.9102 -0.3711
vn 0.1840 0.9102 -0.3711
vn 0.5428 0.2264 -0.8087
vn 0.4313 0.6332 -0.6427
vn 0.2308 0.9102 -0.3439
vn 0.2309 0.9102 -0.3439
vn 0.2738 0.9102 -0.3109
vn 0.5115 0.6332 -0.5809
vn 0.7336 0.2264 -0.6407
vn 0.3449 0.9102 -0.2294
vn 0.3448 0.9102 -0.2294
vn 0.3120 0.9102 -0.2725
vn 0.3719 0.9102 -0.1824
vn 0.3719 0.9101 -0.1824
vn 0.3925 0.9102 -0.1323
vn 0.3926 0.9102 -0.1323
vn 0.4064 0.9102 -0.0800
vn 0.4065 0.9102 -0.0800
vn 0.9721 0.2265 -0.0617
vn 0.7725 0.6332 -0.0490
vn 0.4134 0.9102 -0.0262
vn 0.4133 0.9102 0.0279
vn 0.3919 0.9102 0.1340
vn 0.4061 0.9102 0.0817
vn 0.4133 0.9101 0.0279
vn 0.3712 0.9102 0.1840
vn 0.3710 0.9102 0.1840
vn 0.6427 0.6332 0.4313
vn 0.8087 0.2265 0.5428
vn 0.3712 0.9101 0.1840
vn 0.3440 0.9102 0.2308
vn 0.3439 0.9102 0.2308
vn 0.3108 0.9102 0.2738
vn 0.3109 0.9102 0.2738
vn 0.2725 0.9102 0.3120
vn 0.2294 0.9102 0.3449
vn 0.2295 0.9102 0.3449
vn 0.1824 0.9102 0.3719
vn 0.1825 0.9102 0.3719
vn 0.2473 0.6332 0.7334
vn 0.1323 0.9102 0.3925
vn 0.0800 0.9102 0.4064
vn 0.0490 0.6332 0.7724
vn 0.0262 0.9102 0.4134
vn -0.0279 0.9102 0.4133
vn -0.0280 0.9102 0.4133
vn -0.0817 0.9102 0.4061
vn -0.1526 0.6332 0.7588
vn -0.1339 0.9102 0.3920
vn -0.3438 0.6332 0.6935
vn -0.5428 0.2265 0.8088
vn -0.1340 0.9102 0.3920
vn -0.1839 0.9102 0.3711
vn -0.5428 0.2264 0.8087
vn -0.5428 0.2264 0.8088
vn -0.1840 0.9102 0.3711
vn -0.2308 0.9102 0.3439
vn -0.2309 0.9102 0.3439
vn -0.2738 0.9102 0.3109
vn -0.5116 0.6332 0.5809
vn -0.5115 0.6332 0.5809
vn -0.3229 -0.0194 0.9462
vn -0.8937 0.0133 0.4484
vn -0.8668 0.0246 0.4981
vn -0.9823 -0.0156 -0.1867
vn -0.9871 0.0957 0.1284
vn -0.9989 0.0470 -0.0021
vn -0.9898 -0.0103 0.1418
vn -0.9898 -0.0103 0.1419
vn -0.6503 -0.0142 -0.7595
vn -0.8623 0.0244 -0.5059
vn -0.8647 0.0270 -0.5016
vn -0.8618 0.0280 -0.5064
vn -0.4978 0.0392 -0.8664
vn -0.3552 -0.0106 -0.9347
vn 0.3205 -0.0125 -0.9472
vn -0.0118 0.0238 -0.9996
vn 0.0021 0.0171 -0.9999
vn 0.5015 0.0329 -0.8645
vn 0.6602 -0.0221 -0.7508
vn 0.9900 -0.0065 -0.1406
vn 0.8931 0.0084 -0.4497
vn 0.8931 0.0084 -0.4498
vn 0.8667 0.0278 -0.4980
vn 0.9818 -0.0119 0.1897
vn 0.9818 -0.0119 0.1898
vn 0.9994 0.0351 0.0021
vn 0.6456 -0.0143 0.7635
vn 0.8647 0.0239 0.5016
vn 0.8675 0.0211 0.4969
vn 0.8675 0.0211 0.4970
vn 0.3498 -0.0139 0.9367
vn 0.4981 0.0160 0.8669
vn 0.3667 0.0904 0.9260
vn 0.0204 0.0376 0.9991
vn -0.0021 0.0288 0.9996
vn 0.0180 0.0212 0.9996
vn -0.8935 0.0617 0.4449
vn -0.7620 -0.0000 0.6476
vn -0.5018 -0.0000 0.8650
vn -0.5940 0.0959 0.7987
vn 0.6409 -0.0095 0.7675
vn 0.9801 -0.0127 0.1982
vn -0.3587 -0.0124 -0.9334
vn -0.9900 -0.0113 0.1407
vn -0.8528 -0.0000 0.5222
vn -0.8670 0.0122 0.4982
vn -0.8505 0.0204 0.5256
vn -0.8583 0.0373 -0.5118
vn -0.8646 0.0287 -0.5016
vn -0.6421 -0.0164 -0.7664
vn -0.9794 -0.0196 -0.2011
vn -0.9998 -0.0192 -0.0021
vn -0.9747 0.1275 -0.1834
vn -0.9900 -0.0113 0.1408
vn -0.3588 -0.0124 -0.9333
vn -0.4974 0.0551 -0.8657
vn -0.6420 -0.0164 -0.7665
vn -0.0331 0.0179 -0.9993
vn 0.0021 0.0287 -0.9996
vn -0.0296 0.0437 -0.9986
vn 0.5857 -0.0000 -0.8105
vn 0.3122 0.1283 -0.9413
vn 0.5018 0.0052 -0.8650
vn 0.2892 -0.0188 -0.9571
vn 0.8527 -0.0000 -0.5225
vn 0.8670 0.0105 -0.4982
vn 0.8543 0.0158 -0.5196
vn 0.9892 0.0660 -0.1310
vn 0.9998 0.0214 0.0021
vn 0.9895 -0.0088 -0.1443
vn 0.6409 -0.0096 0.7675
vn 0.8649 0.0167 0.5017
vn 0.8563 0.0238 0.5160
vn 0.0393 0.0110 0.9992
vn -0.0021 0.0277 0.9996
vn -0.2929 -0.0147 0.9560
vn 0.0392 0.0110 0.9992
vn 0.3577 -0.0077 0.9338
vn 0.4982 -0.0076 0.8670
vn 0.3633 0.0688 0.9291
vn -0.6868 -0.0000 0.7268
vn -0.5578 0.0121 0.8299
vn -0.5015 0.0363 0.8644
vn 0.6509 -0.0142 0.7591
vn 0.3230 -0.0194 -0.9462
vn -0.6456 -0.0143 -0.7635
vn -0.9900 -0.0065 0.1406
vn -0.8931 0.0084 0.4498
vn -0.8931 0.0084 0.4497
vn -0.8667 0.0278 0.4980
vn -0.9994 0.0351 -0.0021
vn -0.9900 -0.0065 0.1407
vn -0.8675 0.0211 -0.4970
vn -0.8649 -0.0135 -0.5017
vn -0.6649 0.1729 -0.7266
vn -0.6653 0.1728 -0.7263
vn -0.8675 0.0211 -0.4969
vn -0.9818 -0.0119 -0.1898
vn -0.3666 0.0904 -0.9260
vn -0.4981 0.0162 -0.8669
vn -0.3498 -0.0139 -0.9367
vn 0.3229 -0.0194 -0.9462
vn -0.0203 0.0376 -0.9991
vn 0.0021 0.0288 -0.9996
vn -0.0180 0.0212 -0.9996
vn 0.8935 0.0617 -0.4449
vn 0.8668 0.0246 -0.4981
vn 0.8937 0.0133 -0.4484
vn 0.6602 -0.0371 -0.7502
vn 0.5015 -0.0364 -0.8644
vn 0.6540 0.1242 -0.7463
vn 0.9823 -0.0156 0.1867
vn 0.9871 0.0956 -0.1283
vn 0.9989 0.0471 0.0021
vn 0.9898 -0.0103 -0.1418
vn 0.6503 -0.0142 0.7595
vn 0.8622 0.0244 0.5059
vn 0.8647 0.0270 0.5016
vn 0.8618 0.0280 0.5065
vn 0.4978 0.0392 0.8664
vn 0.3552 -0.0106 0.9347
vn -0.3206 -0.0125 0.9471
vn 0.0118 0.0238 0.9996
vn 0.0117 0.0238 0.9996
vn -0.0021 0.0171 0.9999
vn -0.5994 -0.0000 0.8005
vn -0.5015 0.0329 0.8645
vn -0.3205 -0.0125 0.9472
vn 0.9659 -0.0226 0.2580
vn -0.3026 -0.0122 -0.9530
vn -0.7802 -0.0000 0.6255
vn -0.8664 0.0383 0.4978
vn -0.9164 -0.0008 0.4003
vn -0.9664 -0.0146 -0.2567
vn -0.9962 0.0441 0.0749
vn -1.0000 0.0013 -0.0021
vn -0.9163 -0.0008 0.4005
vn -0.5953 -0.0029 -0.8035
vn -0.8650 0.0047 -0.5018
vn -0.8236 0.0414 -0.5657
vn -0.4979 0.0322 -0.8666
vn 0.3481 -0.0109 -0.9374
vn 0.0021 0.0184 -0.9998
vn 0.0165 0.0252 -0.9995
vn 0.5014 0.0391 -0.8643
vn 0.6333 -0.0096 -0.7738
vn 0.8671 0.0021 -0.4982
vn 0.8802 0.0189 -0.4742
vn 0.9965 0.0008 -0.0840
vn 0.8823 -0.0011 -0.4707
vn 0.8823 -0.0011 -0.4708
vn 0.9998 -0.0219 0.0021
vn 0.9573 0.1671 0.2359
vn 0.8266 0.0650 0.5590
vn 0.8641 0.0446 0.5013
vn 0.8271 0.0066 0.5620
vn 0.3061 -0.0193 0.9518
vn 0.5927 0.0920 0.8002
vn 0.4982 0.0061 0.8670
vn 0.5974 -0.0057 0.8019
vn -0.0270 0.0402 0.9988
vn -0.0021 0.0284 0.9996
vn -0.0243 0.0221 0.9995
vn -0.6088 -0.0000 0.7933
vn -0.3621 0.0967 0.9271
vn -0.5015 0.0312 0.8646
vn -0.3444 -0.0139 0.9387
vn 0.4878 0.0486 -0.8716
vn 0.4239 -0.2987 -0.8550
vn 0.1968 0.0603 -0.9786
vn 0.3184 -0.0924 -0.9434
vn 0.3226 -0.0695 -0.9440
vn 0.4436 0.0487 -0.8949
vn 0.1383 -0.1637 -0.9768
vn 0.0673 0.0764 -0.9948
vn -0.1930 0.0186 -0.9810
vn -0.0441 -0.0267 -0.9987
vn -0.0625 -0.1581 -0.9854
vn -0.2245 -0.1469 -0.9633
vn -0.3184 0.0833 -0.9443
vn -0.6562 0.0695 -0.7514
vn -0.5600 -0.1096 -0.8212
vn -0.5533 -0.0441 -0.8318
vn -0.4402 0.0348 -0.8972
vn -0.4018 0.0348 -0.9151
vn -0.4251 -0.2618 -0.8665
vn -0.6960 -0.1649 -0.6989
vn -0.7487 0.0695 -0.6593
vn -0.8954 0.0348 -0.4439
vn -0.8228 -0.0510 -0.5661
vn -0.8236 -0.1266 -0.5528
vn -0.9029 -0.1548 -0.4009
vn -0.9430 0.0833 -0.3223
vn -0.9951 0.0764 0.0631
vn -0.9911 -0.1244 -0.0479
vn -0.9975 -0.0209 -0.0675
vn -0.9802 0.0186 -0.1971
vn -0.9728 0.0186 -0.2309
vn -0.9550 -0.2259 -0.1920
vn -0.9951 0.0764 0.0632
vn -0.9773 -0.1637 0.1343
vn -0.9794 0.0603 0.1927
vn -0.9463 -0.0729 0.3150
vn -0.9431 -0.0970 0.3180
vn -0.8299 0.0810 0.5520
vn -0.8633 -0.1604 0.4785
vn -0.8967 0.0487 0.4399
vn -0.7393 -0.1913 0.6456
vn -0.7707 -0.0000 0.6373
vn -0.6609 -0.0000 0.7505
vn -0.6344 -0.1368 0.7608
vn -0.5555 0.0810 0.8276
vn -0.1968 0.0603 0.9786
vn -0.3184 -0.0924 0.9434
vn -0.3226 -0.0695 0.9440
vn -0.4436 0.0487 0.8949
vn -0.4878 0.0486 0.8716
vn -0.4239 -0.2987 0.8550
vn -0.1383 -0.1637 0.9768
vn -0.0673 0.0764 0.9948
vn 0.1930 0.0186 0.9810
vn 0.0441 -0.0267 0.9987
vn 0.0625 -0.1581 0.9854
vn 0.2245 -0.1469 0.9633
vn 0.3184 0.0833 0.9443
vn 0.6562 0.0695 0.7514
vn 0.5600 -0.1096 0.8212
vn 0.5533 -0.0441 0.8318
vn 0.4402 0.0348 0.8972
vn 0.4018 0.0348 0.9151
vn 0.4251 -0.2618 0.8665
vn 0.6960 -0.1649 0.6989
vn 0.7487 0.0695 0.6593
vn 0.8954 0.0348 0.4439
vn 0.8228 -0.0510 0.5661
vn 0.8236 -0.1266 0.5528
vn 0.9029 -0.1548 0.4009
vn 0.9430 0.0833 0.3223
vn 0.9951 0.0764 -0.0631
vn 0.9911 -0.1244 0.0479
vn 0.9975 -0.0209 0.0675
vn 0.9802 0.0186 0.1971
vn 0.9728 0.0186 0.2309
vn 0.9550 -0.2259 0.1920
vn 0.9951 0.0764 -0.0632
vn 0.9773 -0.1637 -0.1343
vn 0.9794 0.0603 -0.1927
vn 0.8967 0.0487 -0.4399
vn 0.9463 -0.0729 -0.3150
vn 0.9431 -0.0970 -0.3180
vn 0.8633 -0.1604 -0.4785
vn 0.8299 0.0810 -0.5520
vn 0.5555 0.0810 -0.8276
vn 0.6344 -0.1368 -0.7608
vn 0.6609 -0.0000 -0.7505
vn 0.7707 -0.0000 -0.6373
vn 0.7393 -0.1913 -0.6456
vn 0.5018 -0.0000 -0.8650
vn 0.0021 -0.0000 -1.0000
vn -0.4982 -0.0000 -0.8671
vn -0.8650 -0.0000 -0.5018
vn -1.0000 -0.0000 -0.0021
vn -0.8671 -0.0000 0.4982
vn -0.0021 -0.0000 1.0000
vn 0.4982 -0.0000 0.8671
vn 0.8650 -0.0000 0.5018
vn 1.0000 -0.0000 0.0021
vn 0.8671 -0.0000 -0.4982
vn 0.3065 -0.0000 -0.9519
vn -0.0693 -0.0000 -0.9976
vn 0.1208 -0.0000 -0.9927
vn -0.2568 -0.0000 -0.9665
vn -0.4351 -0.0000 -0.9004
vn -0.5976 -0.0000 -0.8018
vn -0.7386 -0.0000 -0.6742
vn -0.8528 -0.0000 -0.5222
vn -0.9362 -0.0000 -0.3514
vn -0.9858 -0.0000 -0.1679
vn -0.9998 -0.0000 0.0217
vn -0.9776 -0.0000 0.2105
vn -0.9201 -0.0000 0.3917
vn -0.9201 -0.0000 0.3918
vn -0.8293 -0.0000 0.5588
vn -0.5622 -0.0000 0.8270
vn -0.3956 -0.0000 0.9184
vn -0.2146 -0.0000 0.9767
vn -0.0259 -0.0000 0.9997
vn 0.1638 -0.0000 0.9865
vn 0.3475 -0.0000 0.9377
vn 0.5187 -0.0000 0.8550
vn 0.6711 -0.0000 0.7413
vn 0.7993 -0.0000 0.6009
vn 0.8986 -0.0000 0.4388
vn 0.9654 -0.0000 0.2608
vn 0.4811 -0.0000 -0.8767
vn 0.6383 -0.0000 -0.7698
vn 0.7724 -0.0000 -0.6351
vn 0.8787 -0.0000 -0.4774
vn 0.9531 -0.0000 -0.3025
vn 0.9932 -0.0000 -0.1167
vn 0.9973 -0.0000 0.0734
vn -0.0001 -1.0000 -0.0000
vn 0.0001 -1.0000 -0.0000
vn -0.7967 -0.0000 0.6044
vn -0.8509 0.0922 0.5172
vn -0.8265 -0.0232 0.5625
vn -0.8543 -0.0232 0.5193
vn -0.9101 0.0309 0.4133
vn -0.9175 -0.0000 0.3978
vn -0.9632 -0.0000 0.2687
vn -0.9672 0.0309 0.2521
vn -0.9906 -0.0232 0.1346
vn -0.9954 0.0463 0.0834
vn -0.9995 -0.0309 -0.0021
vn -0.9614 0.0386 -0.2725
vn -0.9901 -0.0232 -0.1387
vn -0.9959 -0.0232 -0.0876
vn -0.9861 0.0922 -0.1381
vn -0.9666 -0.0000 -0.2562
vn -0.9158 -0.0000 -0.4016
vn -0.9084 0.0309 -0.4170
vn -0.8521 -0.0232 -0.5228
vn -0.8235 0.0463 -0.5655
vn -0.7942 -0.0000 -0.6077
vn -0.6450 -0.0000 -0.7642
vn -0.6294 0.0036 -0.7771
vn -0.2916 -0.0040 -0.9565
vn -0.2915 -0.0040 -0.9566
vn -0.2721 -0.0000 -0.9623
vn 0.1493 -0.0000 -0.9888
vn 0.1293 -0.0040 -0.9916
vn 0.1493 -0.0040 -0.9888
vn 0.5097 0.0036 -0.8603
vn 0.5270 -0.0000 -0.8498
vn 0.5434 -0.0000 -0.8395
vn 0.4652 -0.0229 -0.8849
vn 0.1717 0.0209 -0.9849
vn -0.0229 -0.0242 -0.9994
vn -0.3006 0.0218 -0.9535
vn -0.5053 -0.0248 -0.8626
vn -0.7055 0.0222 -0.7084
vn -0.8605 -0.0248 -0.5088
vn -0.9523 0.0218 -0.3045
vn -0.9993 -0.0242 -0.0271
vn -0.9856 0.0209 0.1676
vn -0.8868 -0.0229 0.4615
vn -0.8417 -0.0000 0.5399
vn -0.8520 -0.0000 0.5235
vn -0.8624 0.0036 0.5061
vn -0.9894 -0.0040 0.1453
vn -0.9894 -0.0040 0.1452
vn -0.9921 -0.0000 0.1252
vn -0.9553 -0.0000 -0.2955
vn -0.9611 -0.0040 -0.2761
vn -0.9553 -0.0040 -0.2955
vn -0.7745 0.0036 -0.6326
vn -0.7615 -0.0000 -0.6482
vn -0.4133 0.0309 -0.9101
vn -0.5193 -0.0232 -0.8543
vn -0.5625 -0.0232 -0.8265
vn -0.5172 0.0922 -0.8509
vn -0.6044 -0.0000 -0.7967
vn -0.2521 0.0309 -0.9672
vn -0.2687 -0.0000 -0.9632
vn -0.3978 -0.0000 -0.9175
vn 0.0021 -0.0309 -0.9995
vn -0.0834 0.0463 -0.9954
vn -0.1346 -0.0232 -0.9906
vn 0.1381 0.0922 -0.9861
vn 0.0876 -0.0232 -0.9959
vn 0.1387 -0.0232 -0.9901
vn 0.2561 0.0309 -0.9662
vn 0.2727 -0.0000 -0.9621
vn 0.4016 -0.0000 -0.9158
vn 0.4170 0.0309 -0.9084
vn 0.5229 -0.0232 -0.8521
vn 0.5655 0.0463 -0.8235
vn 0.6077 -0.0000 -0.7942
vn 0.7642 -0.0000 -0.6450
vn 0.7771 0.0036 -0.6294
vn 0.9566 -0.0040 -0.2915
vn 0.9623 -0.0000 -0.2721
vn 0.9888 -0.0000 0.1493
vn 0.9916 -0.0040 0.1293
vn 0.9888 -0.0040 0.1493
vn 0.8603 0.0036 0.5097
vn 0.8498 -0.0000 0.5270
vn 0.8395 -0.0000 0.5434
vn 0.8849 -0.0229 0.4652
vn 0.9849 0.0209 0.1717
vn 0.9994 -0.0242 -0.0229
vn 0.9535 0.0218 -0.3006
vn 0.8626 -0.0248 -0.5053
vn 0.7084 0.0222 -0.7055
vn 0.5088 -0.0248 -0.8605
vn 0.3045 0.0218 -0.9523
vn 0.0271 -0.0242 -0.9993
vn -0.1676 0.0209 -0.9856
vn -0.4615 -0.0229 -0.8868
vn -0.5399 -0.0000 -0.8417
vn -0.5235 -0.0000 -0.8520
vn -0.5061 0.0036 -0.8624
vn -0.1453 -0.0040 -0.9894
vn -0.1452 -0.0040 -0.9894
vn -0.1252 -0.0000 -0.9921
vn 0.2955 -0.0000 -0.9553
vn 0.2761 -0.0040 -0.9611
vn 0.2955 -0.0040 -0.9553
vn 0.6326 0.0036 -0.7745
vn 0.6482 -0.0000 -0.7615
vn 0.9672 0.0309 -0.2521
vn 0.9631 0.0139 -0.2687
vn 0.9677 -0.0000 -0.2522
vn 0.9175 -0.0000 -0.3978
vn 0.9101 0.0309 -0.4133
vn 0.8543 -0.0232 -0.5193
vn 0.8265 -0.0232 -0.5625
vn 0.8509 0.0922 -0.5172
vn 0.7967 -0.0000 -0.6044
vn 0.9995 -0.0309 0.0021
vn 0.9954 0.0463 -0.0834
vn 0.9906 -0.0232 -0.1346
vn 0.9861 0.0922 0.1381
vn 0.9959 -0.0232 0.0876
vn 0.9901 -0.0232 0.1387
vn 0.9662 0.0309 0.2561
vn 0.9621 -0.0000 0.2727
vn 0.9158 -0.0000 0.4016
vn 0.9084 0.0309 0.4170
vn 0.8521 -0.0232 0.5228
vn 0.8235 0.0463 0.5655
vn 0.7942 -0.0000 0.6077
vn 0.6450 -0.0000 0.7642
vn 0.6294 0.0036 0.7771
vn 0.2916 -0.0040 0.9565
vn 0.2915 -0.0040 0.9566
vn 0.2721 -0.0000 0.9623
vn -0.1493 -0.0000 0.9888
vn -0.1293 -0.0040 0.9916
vn -0.1493 -0.0040 0.9888
vn -0.5097 0.0036 0.8603
vn -0.5270 -0.0000 0.8498
vn -0.5434 -0.0000 0.8395
vn -0.4652 -0.0229 0.8849
vn -0.1717 0.0209 0.9849
vn 0.0229 -0.0242 0.9994
vn 0.3006 0.0218 0.9535
vn 0.5053 -0.0248 0.8626
vn 0.7055 0.0222 0.7084
vn 0.8605 -0.0248 0.5088
vn 0.9523 0.0218 0.3045
vn 0.9993 -0.0242 0.0271
vn 0.9856 0.0209 -0.1676
vn 0.8868 -0.0229 -0.4615
vn 0.8417 -0.0000 -0.5399
vn 0.8520 -0.0000 -0.5235
vn 0.8624 0.0036 -0.5061
vn 0.9894 -0.0040 -0.1453
vn 0.9894 -0.0040 -0.1452
vn 0.9921 -0.0000 -0.1252
vn 0.9553 -0.0000 0.2955
vn 0.9611 -0.0040 0.2761
vn 0.9553 -0.0040 0.2955
vn 0.7745 0.0036 0.6326
vn 0.7615 -0.0000 0.6482
vn 0.1346 -0.0232 0.9906
vn 0.2521 0.0309 0.9672
vn 0.2687 0.0139 0.9631
vn 0.2522 -0.0000 0.9677
vn 0.3978 -0.0000 0.9175
vn 0.4133 0.0309 0.9101
vn 0.5193 -0.0232 0.8543
vn 0.5625 -0.0232 0.8265
vn 0.5172 0.0922 0.8509
vn 0.6044 -0.0000 0.7967
vn 0.0834 0.0463 0.9954
vn -0.0021 -0.0309 0.9995
vn -0.2725 0.0386 0.9614
vn -0.1387 -0.0232 0.9901
vn -0.0876 -0.0232 0.9959
vn -0.1381 0.0922 0.9861
vn -0.2562 -0.0000 0.9666
vn -0.4016 -0.0000 0.9158
vn -0.4170 0.0309 0.9084
vn -0.5229 -0.0232 0.8521
vn -0.5655 0.0463 0.8235
vn -0.6077 -0.0000 0.7942
vn -0.7642 -0.0000 0.6450
vn -0.7771 0.0036 0.6294
vn -0.9566 -0.0040 0.2915
vn -0.9623 -0.0000 0.2721
vn -0.9888 -0.0000 -0.1493
vn -0.9916 -0.0040 -0.1293
vn -0.9888 -0.0040 -0.1493
vn -0.8603 0.0036 -0.5097
vn -0.8498 -0.0000 -0.5270
vn -0.8395 -0.0000 -0.5434
vn -0.8849 -0.0229 -0.4652
vn -0.9849 0.0209 -0.1717
vn -0.9994 -0.0242 0.0229
vn -0.9535 0.0218 0.3006
vn -0.8626 -0.0248 0.5053
vn -0.7084 0.0222 0.7055
vn -0.5088 -0.0248 0.8605
vn -0.3045 0.0218 0.9523
vn -0.0271 -0.0242 0.9993
vn 0.1676 0.0209 0.9856
vn 0.4615 -0.0229 0.8868
vn 0.5399 -0.0000 0.8417
vn 0.5235 -0.0000 0.8520
vn 0.5061 0.0036 0.8624
vn 0.1453 -0.0040 0.9894
vn 0.1452 -0.0040 0.9894
vn 0.1252 -0.0000 0.9921
vn -0.2955 -0.0000 0.9553
vn -0.2761 -0.0040 0.9611
vn -0.2955 -0.0040 0.9553
vn -0.6326 0.0036 0.7745
vn -0.6482 -0.0000 0.7615
vn -0.8391 -0.1754 -0.5149
vn -0.8392 -0.1754 -0.5148
vn -0.9016 -0.1754 -0.3954
vn -0.9472 -0.1754 -0.2685
vn -0.9750 -0.1754 -0.1365
vn -0.9750 -0.1754 -0.1366
vn -0.9845 -0.1754 -0.0020
vn -0.9755 -0.1754 0.1325
vn -0.9483 -0.1754 0.2646
vn -0.9483 -0.1754 0.2645
vn -0.9032 -0.1754 0.3916
vn -0.9033 -0.1754 0.3916
vn -0.8413 -0.1754 0.5114
vn -0.8413 -0.1754 0.5113
vn -0.4297 -0.8421 0.3260
vn -0.1414 -0.9844 0.1047
vn -0.1124 -0.9900 0.0853
vn -0.1132 -0.9900 0.0839
vn -0.2532 -0.9551 0.1539
vn -0.2234 -0.9653 0.1349
vn -0.4930 -0.8434 0.2138
vn -0.1298 -0.9896 0.0626
vn -0.1297 -0.9896 0.0626
vn -0.1551 -0.9876 0.0260
vn -0.2001 -0.9783 0.0532
vn -0.3476 -0.9326 0.0969
vn -0.1266 -0.9908 0.0468
vn -0.1267 -0.9908 0.0468
vn -0.1550 -0.9876 0.0260
vn -0.4984 -0.8643 0.0677
vn -0.1329 -0.9911 0.0097
vn -0.4109 -0.9117 -0.0008
vn -0.1884 -0.9821 -0.0037
vn -0.4696 -0.8804 -0.0657
vn -0.1655 -0.9860 -0.0187
vn -0.1657 -0.9860 -0.0187
vn -0.4162 -0.9016 -0.1179
vn -0.1312 -0.9910 -0.0272
vn -0.1309 -0.9910 -0.0272
vn -0.4363 -0.8792 -0.1914
vn -0.1587 -0.9852 -0.0648
vn -0.1734 -0.9834 -0.0530
vn -0.1332 -0.9859 -0.1014
vn -0.1599 -0.9818 -0.1024
vn -0.3708 -0.9005 -0.2274
vn -0.1183 -0.9911 -0.0615
vn -0.1184 -0.9911 -0.0615
vn -0.7819 -0.1757 -0.5982
vn -0.7818 -0.1757 -0.5983
vn -0.6690 -0.5389 -0.5119
vn -0.7843 -0.1757 0.5950
vn -0.6711 -0.5389 0.5091
vn -0.7201 -0.5383 0.4378
vn -0.7732 -0.5383 0.3353
vn -0.8118 -0.5383 0.2265
vn -0.8351 -0.5382 0.1134
vn -0.8428 -0.5382 -0.0017
vn -0.8428 -0.5383 -0.0017
vn -0.8346 -0.5383 -0.1169
vn -0.8347 -0.5382 -0.1169
vn -0.8108 -0.5382 -0.2298
vn -0.8109 -0.5382 -0.2298
vn -0.7718 -0.5383 -0.3385
vn -0.7183 -0.5383 -0.4407
vn -0.7183 -0.5383 -0.4408
vn -0.6689 -0.5390 -0.5119
vn -0.4284 -0.8420 -0.3278
vn -0.1401 -0.9844 -0.1066
vn -0.1329 -0.9859 -0.1017
vn -0.4284 -0.8421 -0.3278
vn -0.4602 -0.8417 -0.2824
vn -0.4603 -0.8416 -0.2824
vn -0.4946 -0.8416 -0.2169
vn -0.5196 -0.8416 -0.1473
vn -0.5195 -0.8417 -0.1473
vn -0.5347 -0.8417 -0.0749
vn -0.5348 -0.8416 -0.0749
vn -0.5400 -0.8416 -0.0011
vn -0.5351 -0.8416 0.0727
vn -0.5351 -0.8417 0.0727
vn -0.5201 -0.8417 0.1451
vn -0.5202 -0.8416 0.1451
vn -0.4955 -0.8416 0.2148
vn -0.4615 -0.8416 0.2805
vn -0.4614 -0.8417 0.2805
vn -0.2872 -0.1716 -0.9424
vn 0.1471 -0.1716 -0.9741
vn -0.6353 -0.1730 -0.7527
vn -0.5458 -0.5328 -0.6467
vn -0.5459 -0.5328 -0.6467
vn -0.3519 -0.8381 -0.4169
vn -0.3518 -0.8381 -0.4169
vn -0.1080 -0.9835 -0.1453
vn -0.0967 -0.9887 -0.1146
vn -0.0888 -0.9889 -0.1194
vn -0.0480 -0.9645 -0.2597
vn 0.0680 -0.9676 -0.2433
vn 0.1383 -0.9719 -0.1902
vn 0.0941 -0.9839 -0.1518
vn 0.2875 -0.8381 -0.4636
vn 0.2876 -0.8381 -0.4636
vn 0.4460 -0.5328 -0.7192
vn 0.5191 -0.1730 -0.8370
vn 0.5191 -0.1730 -0.8371
vn 0.1472 -0.1716 -0.9741
vn 0.1267 -0.5296 -0.8387
vn 0.0819 -0.8360 -0.5426
vn 0.0820 -0.8360 -0.5426
vn 0.0222 -0.9888 -0.1473
vn 0.0392 -0.9892 -0.1410
vn -0.2473 -0.5296 -0.8114
vn -0.1600 -0.8360 -0.5249
vn -0.1599 -0.8360 -0.5249
vn -0.0461 -0.9874 -0.1514
vn -0.0282 -0.9878 -0.1530
vn -0.9713 -0.1709 0.1652
vn -0.9385 -0.1709 -0.3001
vn -0.9384 -0.1710 -0.3001
vn -0.6952 -0.1710 -0.6982
vn -0.6953 -0.1709 -0.6981
vn -0.6953 -0.1710 -0.6981
vn -0.2962 -0.1710 -0.9397
vn -0.2963 -0.1710 -0.9397
vn 0.1692 -0.1710 -0.9706
vn 0.1692 -0.1709 -0.9706
vn 0.1692 -0.1709 -0.9707
vn 0.4595 -0.5341 -0.7097
vn 0.2957 -0.8389 -0.4569
vn 0.1065 -0.9806 -0.1644
vn 0.0949 -0.9839 -0.1511
vn 0.0222 -0.9916 -0.1275
vn 0.0336 -0.9868 -0.1586
vn 0.1040 -0.9807 -0.1654
vn -0.1188 -0.9685 -0.2188
vn -0.1189 -0.9685 -0.2188
vn -0.0338 -0.9937 -0.1072
vn -0.0342 -0.9714 -0.2348
vn -0.0343 -0.9714 -0.2348
vn -0.0826 -0.9939 -0.0726
vn -0.1304 -0.9828 -0.1308
vn -0.1622 -0.9846 -0.0656
vn -0.1121 -0.9930 -0.0359
vn -0.2619 -0.9650 -0.0110
vn -0.1161 -0.9899 0.0810
vn -0.2124 -0.9748 0.0685
vn -0.2259 -0.9734 0.0384
vn -0.0783 -0.9966 0.0253
vn -0.2616 -0.9651 -0.0110
vn -0.8289 -0.1735 0.5318
vn -0.8289 -0.1736 0.5318
vn -0.7116 -0.5341 0.4565
vn 0.2958 -0.8389 -0.4569
vn 0.0945 -0.8350 -0.5420
vn -0.1655 -0.8350 -0.5247
vn -0.1654 -0.8350 -0.5247
vn -0.3882 -0.8350 -0.3899
vn -0.3882 -0.8350 -0.3898
vn -0.5240 -0.8351 -0.1676
vn -0.5241 -0.8350 -0.1676
vn -0.5425 -0.8350 0.0922
vn -0.5424 -0.8350 0.0922
vn -0.4581 -0.8389 0.2939
vn -0.1499 -0.9840 0.0962
vn 0.5352 -0.1735 -0.8267
vn 0.5352 -0.1736 -0.8267
vn 0.4594 -0.5341 -0.7097
vn 0.1458 -0.5282 -0.8365
vn 0.1458 -0.5281 -0.8365
vn -0.2553 -0.5282 -0.8099
vn -0.5992 -0.5282 -0.6017
vn -0.5992 -0.5281 -0.6017
vn -0.8088 -0.5281 -0.2586
vn -0.8088 -0.5282 -0.2587
vn -0.8371 -0.5282 0.1424
vn -0.7117 -0.5340 0.4564
vn -0.9747 -0.1716 0.1431
vn -0.9412 -0.1716 -0.2911
vn -0.8392 -0.1729 0.5155
vn -0.8391 -0.1730 0.5157
vn -0.7211 -0.5328 0.4430
vn -0.7210 -0.5328 0.4430
vn -0.4649 -0.8381 0.2856
vn -0.4647 -0.8381 0.2856
vn -0.1595 -0.9835 0.0850
vn -0.1279 -0.9887 0.0785
vn -0.1311 -0.9889 0.0699
vn -0.2641 -0.9644 0.0087
vn -0.2304 -0.9676 -0.1036
vn -0.1673 -0.9720 -0.1650
vn -0.1360 -0.9839 -0.1158
vn -0.4155 -0.8381 -0.3536
vn -0.6444 -0.5328 -0.5485
vn -0.7500 -0.1730 -0.6384
vn -0.7500 -0.1729 -0.6384
vn -0.9412 -0.1715 -0.2911
vn -0.8103 -0.5296 -0.2507
vn -0.8104 -0.5296 -0.2507
vn -0.5243 -0.8360 -0.1621
vn -0.5242 -0.8360 -0.1621
vn -0.1422 -0.9889 -0.0440
vn -0.1335 -0.9892 -0.0600
vn -0.9747 -0.1715 0.1432
vn -0.8393 -0.5296 0.1232
vn -0.5429 -0.8360 0.0797
vn -0.5430 -0.8360 0.0797
vn -0.1565 -0.9874 0.0230
vn -0.1555 -0.9878 0.0051
vn 0.5148 -0.1754 -0.8392
vn 0.5149 -0.1754 -0.8391
vn 0.3953 -0.1753 -0.9017
vn 0.3954 -0.1754 -0.9016
vn 0.2685 -0.1754 -0.9472
vn 0.1365 -0.1754 -0.9750
vn 0.1365 -0.1753 -0.9750
vn 0.0020 -0.1754 -0.9845
vn -0.1325 -0.1755 -0.9755
vn -0.1325 -0.1754 -0.9755
vn -0.2646 -0.1754 -0.9483
vn -0.3917 -0.1754 -0.9032
vn -0.5114 -0.1754 -0.8413
vn -0.5115 -0.1755 -0.8412
vn -0.5113 -0.1754 -0.8413
vn -0.3260 -0.8421 -0.4297
vn -0.1047 -0.9844 -0.1415
vn -0.0853 -0.9900 -0.1124
vn -0.0838 -0.9900 -0.1134
vn -0.1539 -0.9551 -0.2532
vn -0.1349 -0.9654 -0.2232
vn -0.2138 -0.8433 -0.4931
vn -0.0625 -0.9896 -0.1298
vn -0.0260 -0.9876 -0.1550
vn -0.0533 -0.9783 -0.2000
vn -0.0969 -0.9327 -0.3475
vn -0.0468 -0.9909 -0.1266
vn -0.0677 -0.8643 -0.4983
vn -0.0097 -0.9911 -0.1329
vn 0.0009 -0.9117 -0.4108
vn 0.0037 -0.9821 -0.1882
vn 0.0658 -0.8805 -0.4694
vn 0.0188 -0.9860 -0.1657
vn 0.0187 -0.9860 -0.1657
vn 0.1178 -0.9017 -0.4159
vn 0.0272 -0.9910 -0.1312
vn 0.1912 -0.8792 -0.4364
vn 0.0648 -0.9852 -0.1587
vn 0.0530 -0.9834 -0.1733
vn 0.1014 -0.9859 -0.1332
vn 0.1022 -0.9818 -0.1600
vn 0.2275 -0.9005 -0.3706
vn 0.0615 -0.9911 -0.1184
vn 0.5983 -0.1757 -0.7818
vn 0.5982 -0.1757 -0.7818
vn 0.5119 -0.5389 -0.6689
vn -0.5950 -0.1757 -0.7843
vn -0.5091 -0.5389 -0.6711
vn -0.4378 -0.5382 -0.7202
vn -0.4377 -0.5383 -0.7202
vn -0.3352 -0.5383 -0.7732
vn -0.3353 -0.5383 -0.7732
vn -0.2265 -0.5383 -0.8118
vn -0.1134 -0.5383 -0.8351
vn 0.0017 -0.5382 -0.8428
vn 0.0017 -0.5383 -0.8428
vn 0.1169 -0.5383 -0.8346
vn 0.2299 -0.5383 -0.8108
vn 0.2299 -0.5382 -0.8108
vn 0.3385 -0.5383 -0.7718
vn 0.4407 -0.5383 -0.7183
vn 0.5118 -0.5390 -0.6690
vn 0.3277 -0.8421 -0.4284
vn 0.1066 -0.9844 -0.1400
vn 0.1018 -0.9859 -0.1329
vn 0.3278 -0.8421 -0.4284
vn 0.2824 -0.8416 -0.4603
vn 0.2169 -0.8416 -0.4946
vn 0.1473 -0.8416 -0.5196
vn 0.1472 -0.8416 -0.5196
vn 0.0749 -0.8416 -0.5348
vn 0.0011 -0.8416 -0.5400
vn -0.0727 -0.8416 -0.5351
vn -0.1452 -0.8416 -0.5202
vn -0.1451 -0.8416 -0.5202
vn -0.2149 -0.8416 -0.4955
vn -0.2148 -0.8417 -0.4955
vn -0.2805 -0.8416 -0.4615
vn -0.2806 -0.8416 -0.4615
vn -0.3259 -0.8421 -0.4297
vn 0.9424 -0.1716 -0.2872
vn 0.9741 -0.1716 0.1471
vn 0.7527 -0.1730 -0.6353
vn 0.6468 -0.5327 -0.5458
vn 0.6467 -0.5328 -0.5458
vn 0.4169 -0.8381 -0.3519
vn 0.4168 -0.8381 -0.3519
vn 0.1452 -0.9835 -0.1080
vn 0.1147 -0.9887 -0.0967
vn 0.1195 -0.9889 -0.0887
vn 0.2595 -0.9645 -0.0480
vn 0.2432 -0.9676 0.0680
vn 0.1904 -0.9719 0.1381
vn 0.1518 -0.9839 0.0942
vn 0.4636 -0.8381 0.2875
vn 0.7192 -0.5327 0.4460
vn 0.7191 -0.5328 0.4460
vn 0.8370 -0.1730 0.5191
vn 0.8387 -0.5296 0.1267
vn 0.5427 -0.8359 0.0819
vn 0.5425 -0.8360 0.0819
vn 0.1474 -0.9888 0.0222
vn 0.1409 -0.9892 0.0394
vn 0.8114 -0.5296 -0.2473
vn 0.5250 -0.8360 -0.1600
vn 0.5249 -0.8360 -0.1600
vn 0.1514 -0.9874 -0.0461
vn 0.1533 -0.9878 -0.0283
vn 0.8267 -0.1735 0.5352
vn 0.4569 -0.8389 0.2957
vn 0.1643 -0.9806 0.1064
vn 0.1511 -0.9839 0.0950
vn 0.1276 -0.9916 0.0222
vn 0.1586 -0.9868 0.0336
vn 0.1652 -0.9808 0.1040
vn 0.1072 -0.9937 -0.0338
vn 0.2346 -0.9715 -0.0342
vn 0.2348 -0.9715 -0.0342
vn 0.1782 -0.9678 -0.1775
vn 0.0425 -0.9972 -0.0608
vn 0.1003 -0.9909 -0.0896
vn 0.2188 -0.9685 -0.1188
vn 0.2189 -0.9685 -0.1188
vn -0.1086 -0.9680 -0.2264
vn -0.1085 -0.9680 -0.2264
vn -0.0202 -0.9927 -0.1190
vn -0.0175 -0.9827 -0.1846
vn 0.0521 -0.9853 -0.1630
vn 0.0299 -0.9932 -0.1129
vn 0.1401 -0.9697 -0.2001
vn -0.4565 -0.5341 -0.7116
vn -0.5317 -0.1736 -0.8290
vn -0.5317 -0.1735 -0.8289
vn -0.1652 -0.1709 -0.9713
vn 0.3001 -0.1710 -0.9385
vn 0.6982 -0.1709 -0.6952
vn 0.6981 -0.1709 -0.6953
vn 0.3001 -0.1710 -0.9384
vn 0.9397 -0.1710 -0.2962
vn 0.9397 -0.1709 -0.2962
vn 0.6981 -0.1710 -0.6953
vn 0.9706 -0.1709 0.1692
vn 0.9706 -0.1710 0.1692
vn -0.1106 -0.9844 -0.1370
vn -0.0768 -0.9898 -0.1198
vn -0.2938 -0.8389 -0.4581
vn -0.0923 -0.8350 -0.5424
vn -0.0922 -0.8350 -0.5424
vn 0.1676 -0.8350 -0.5241
vn 0.1676 -0.8350 -0.5240
vn 0.3899 -0.8350 -0.3882
vn 0.3898 -0.8351 -0.3882
vn 0.5247 -0.8350 -0.1654
vn 0.5248 -0.8350 -0.1654
vn 0.5420 -0.8351 0.0945
vn 0.5420 -0.8350 0.0945
vn 0.7097 -0.5341 0.4594
vn 0.8365 -0.5282 0.1458
vn 0.8366 -0.5281 0.1458
vn 0.8098 -0.5282 -0.2553
vn 0.8099 -0.5282 -0.2553
vn 0.6017 -0.5282 -0.5992
vn 0.6017 -0.5281 -0.5992
vn 0.2586 -0.5282 -0.8088
vn -0.1424 -0.5282 -0.8371
vn -0.1423 -0.5282 -0.8371
vn -0.4565 -0.5340 -0.7116
vn -0.2939 -0.8389 -0.4581
vn -0.1431 -0.1716 -0.9747
vn 0.2911 -0.1716 -0.9412
vn -0.5156 -0.1730 -0.8392
vn -0.5157 -0.1729 -0.8391
vn -0.4430 -0.5328 -0.7210
vn -0.2856 -0.8381 -0.4648
vn -0.0850 -0.9835 -0.1598
vn -0.0785 -0.9887 -0.1277
vn -0.0698 -0.9889 -0.1313
vn -0.0086 -0.9645 -0.2640
vn 0.1036 -0.9676 -0.2304
vn 0.1650 -0.9720 -0.1674
vn 0.1158 -0.9839 -0.1361
vn 0.3536 -0.8381 -0.4154
vn 0.3535 -0.8381 -0.4154
vn 0.5485 -0.5328 -0.6444
vn 0.5485 -0.5327 -0.6444
vn 0.6384 -0.1730 -0.7500
vn 0.2506 -0.5296 -0.8104
vn 0.1622 -0.8360 -0.5242
vn 0.0441 -0.9888 -0.1423
vn 0.0600 -0.9892 -0.1335
vn -0.1431 -0.1715 -0.9747
vn -0.1232 -0.5296 -0.8393
vn -0.1232 -0.5296 -0.8392
vn -0.0796 -0.8360 -0.5429
vn -0.0798 -0.8360 -0.5429
vn -0.0230 -0.9874 -0.1566
vn -0.0051 -0.9878 -0.1555
vn 0.8391 -0.1754 0.5149
vn 0.8392 -0.1754 0.5148
vn 0.9016 -0.1754 0.3954
vn 0.9472 -0.1754 0.2685
vn 0.9750 -0.1754 0.1365
vn 0.9750 -0.1754 0.1366
vn 0.9845 -0.1754 0.0020
vn 0.9755 -0.1754 -0.1325
vn 0.9483 -0.1754 -0.2646
vn 0.9483 -0.1754 -0.2645
vn 0.9032 -0.1754 -0.3916
vn 0.9033 -0.1754 -0.3916
vn 0.8413 -0.1754 -0.5114
vn 0.8413 -0.1754 -0.5113
vn 0.4297 -0.8421 -0.3260
vn 0.1414 -0.9844 -0.1047
vn 0.1124 -0.9900 -0.0853
vn 0.1132 -0.9900 -0.0839
vn 0.2532 -0.9551 -0.1539
vn 0.2234 -0.9653 -0.1349
vn 0.4930 -0.8434 -0.2138
vn 0.1298 -0.9896 -0.0626
vn 0.1297 -0.9896 -0.0626
vn 0.1551 -0.9876 -0.0260
vn 0.2001 -0.9783 -0.0532
vn 0.3476 -0.9326 -0.0969
vn 0.1266 -0.9908 -0.0468
vn 0.1267 -0.9908 -0.0468
vn 0.1550 -0.9876 -0.0260
vn 0.4984 -0.8643 -0.0677
vn 0.1329 -0.9911 -0.0097
vn 0.4109 -0.9117 0.0008
vn 0.1884 -0.9821 0.0037
vn 0.4696 -0.8804 0.0657
vn 0.1655 -0.9860 0.0187
vn 0.1657 -0.9860 0.0187
vn 0.4162 -0.9016 0.1179
vn 0.1312 -0.9910 0.0272
vn 0.1309 -0.9910 0.0272
vn 0.4363 -0.8792 0.1914
vn 0.1587 -0.9852 0.0648
vn 0.1734 -0.9834 0.0530
vn 0.1332 -0.9859 0.1014
vn 0.1599 -0.9818 0.1024
vn 0.3708 -0.9005 0.2274
vn 0.1183 -0.9911 0.0615
vn 0.1184 -0.9911 0.0615
vn 0.7819 -0.1757 0.5982
vn 0.7818 -0.1757 0.5983
vn 0.6690 -0.5389 0.5119
vn 0.7843 -0.1757 -0.5950
vn 0.6711 -0.5389 -0.5091
vn 0.7201 -0.5383 -0.4378
vn 0.7732 -0.5383 -0.3353
vn 0.8118 -0.5383 -0.2265
vn 0.8351 -0.5382 -0.1134
vn 0.8428 -0.5382 0.0017
vn 0.8428 -0.5383 0.0017
vn 0.8346 -0.5383 0.1169
vn 0.8347 -0.5382 0.1169
vn 0.8108 -0.5382 0.2298
vn 0.8109 -0.5382 0.2298
vn 0.7718 -0.5383 0.3385
vn 0.7183 -0.5383 0.4407
vn 0.7183 -0.5383 0.4408
vn 0.6689 -0.5390 0.5119
vn 0.4284 -0.8420 0.3278
vn 0.1401 -0.9844 0.1066
vn 0.1329 -0.9859 0.1017
vn 0.4284 -0.8421 0.3278
vn 0.4602 -0.8417 0.2824
vn 0.4603 -0.8416 0.2824
vn 0.4946 -0.8416 0.2169
vn 0.5196 -0.8416 0.1473
vn 0.5195 -0.8417 0.1473
vn 0.5347 -0.8417 0.0749
vn 0.5348 -0.8416 0.0749
vn 0.5400 -0.8416 0.0011
vn 0.5351 -0.8416 -0.0727
vn 0.5351 -0.8417 -0.0727
vn 0.5201 -0.8417 -0.1451
vn 0.5202 -0.8416 -0.1451
vn 0.4955 -0.8416 -0.2148
vn 0.4615 -0.8416 -0.2805
vn 0.4614 -0.8417 -0.2805
vn 0.2872 -0.1716 0.9424
vn -0.1471 -0.1716 0.9741
vn -0.1383 -0.9719 0.1902
vn -0.0941 -0.9839 0.1518
vn -0.2875 -0.8381 0.4636
vn -0.2876 -0.8381 0.4636
vn -0.4460 -0.5328 0.7192
vn -0.5191 -0.1730 0.8370
vn -0.5191 -0.1730 0.8371
vn 0.6353 -0.1730 0.7527
vn 0.6353 -0.1729 0.7527
vn 0.5458 -0.5328 0.6467
vn 0.5459 -0.5328 0.6467
vn 0.3519 -0.8381 0.4169
vn 0.3518 -0.8381 0.4169
vn 0.1080 -0.9835 0.1453
vn 0.0967 -0.9887 0.1146
vn 0.0888 -0.9889 0.1194
vn 0.0480 -0.9645 0.2597
vn -0.0680 -0.9676 0.2433
vn -0.1472 -0.1716 0.9741
vn -0.1267 -0.5296 0.8387
vn -0.0819 -0.8360 0.5426
vn -0.0820 -0.8360 0.5426
vn -0.0222 -0.9888 0.1473
vn -0.0392 -0.9892 0.1410
vn 0.2473 -0.5296 0.8114
vn 0.1600 -0.8360 0.5249
vn 0.1599 -0.8360 0.5249
vn 0.0461 -0.9874 0.1514
vn 0.0282 -0.9878 0.1530
vn 0.9713 -0.1709 -0.1652
vn 0.9385 -0.1709 0.3001
vn 0.9384 -0.1710 0.3001
vn 0.6952 -0.1710 0.6982
vn 0.6953 -0.1709 0.6981
vn 0.6953 -0.1710 0.6981
vn 0.2962 -0.1710 0.9397
vn 0.2963 -0.1710 0.9397
vn -0.1692 -0.1710 0.9706
vn -0.1692 -0.1709 0.9706
vn -0.1692 -0.1709 0.9707
vn -0.4595 -0.5341 0.7097
vn -0.2957 -0.8389 0.4569
vn -0.1065 -0.9806 0.1644
vn -0.0949 -0.9839 0.1511
vn -0.0222 -0.9916 0.1275
vn -0.0336 -0.9868 0.1586
vn -0.1040 -0.9807 0.1654
vn 0.1188 -0.9685 0.2188
vn 0.1189 -0.9685 0.2188
vn 0.0338 -0.9937 0.1072
vn 0.0342 -0.9714 0.2348
vn 0.0343 -0.9714 0.2348
vn 0.0826 -0.9939 0.0726
vn 0.1304 -0.9828 0.1308
vn 0.1622 -0.9846 0.0656
vn 0.1121 -0.9930 0.0359
vn 0.2619 -0.9650 0.0110
vn 0.1161 -0.9899 -0.0810
vn 0.2124 -0.9748 -0.0685
vn 0.2259 -0.9734 -0.0384
vn 0.0783 -0.9966 -0.0253
vn 0.2616 -0.9651 0.0110
vn 0.8289 -0.1735 -0.5318
vn 0.8289 -0.1736 -0.5318
vn 0.7116 -0.5341 -0.4565
vn -0.2958 -0.8389 0.4569
vn -0.0945 -0.8350 0.5420
vn 0.1655 -0.8350 0.5247
vn 0.1654 -0.8350 0.5247
vn 0.3882 -0.8350 0.3899
vn 0.3882 -0.8350 0.3898
vn 0.5240 -0.8351 0.1676
vn 0.5241 -0.8350 0.1676
vn 0.5425 -0.8350 -0.0922
vn 0.5424 -0.8350 -0.0922
vn 0.4581 -0.8389 -0.2939
vn 0.1499 -0.9840 -0.0962
vn -0.5352 -0.1735 0.8267
vn -0.5352 -0.1736 0.8267
vn -0.4594 -0.5341 0.7097
vn -0.1458 -0.5282 0.8365
vn -0.1458 -0.5281 0.8365
vn 0.2553 -0.5282 0.8099
vn 0.5992 -0.5282 0.6017
vn 0.5992 -0.5281 0.6017
vn 0.8088 -0.5281 0.2586
vn 0.8088 -0.5282 0.2587
vn 0.8371 -0.5282 -0.1424
vn 0.7117 -0.5340 -0.4564
vn 0.9747 -0.1716 -0.1431
vn 0.9412 -0.1716 0.2911
vn 0.1673 -0.9720 0.1650
vn 0.1360 -0.9839 0.1158
vn 0.4155 -0.8381 0.3536
vn 0.6444 -0.5328 0.5485
vn 0.7500 -0.1730 0.6384
vn 0.7500 -0.1729 0.6384
vn 0.8392 -0.1730 -0.5156
vn 0.7211 -0.5328 -0.4430
vn 0.7210 -0.5328 -0.4430
vn 0.4649 -0.8381 -0.2856
vn 0.4647 -0.8381 -0.2856
vn 0.1595 -0.9835 -0.0850
vn 0.1279 -0.9887 -0.0785
vn 0.1311 -0.9889 -0.0699
vn 0.2641 -0.9644 -0.0087
vn 0.2304 -0.9676 0.1036
vn 0.9412 -0.1715 0.2911
vn 0.8103 -0.5296 0.2507
vn 0.8104 -0.5296 0.2507
vn 0.5243 -0.8360 0.1621
vn 0.5242 -0.8360 0.1621
vn 0.1422 -0.9889 0.0440
vn 0.1335 -0.9892 0.0600
vn 0.9747 -0.1715 -0.1432
vn 0.8393 -0.5296 -0.1232
vn 0.5429 -0.8360 -0.0797
vn 0.5430 -0.8360 -0.0797
vn 0.1565 -0.9874 -0.0230
vn 0.1555 -0.9878 -0.0051
vn -0.5148 -0.1754 0.8392
vn -0.5149 -0.1754 0.8391
vn -0.3953 -0.1753 0.9017
vn -0.3954 -0.1754 0.9016
vn -0.2685 -0.1754 0.9472
vn -0.1365 -0.1754 0.9750
vn -0.1365 -0.1753 0.9750
vn -0.0020 -0.1754 0.9845
vn 0.1325 -0.1755 0.9755
vn 0.1325 -0.1754 0.9755
vn 0.2646 -0.1754 0.9483
vn 0.3917 -0.1754 0.9032
vn 0.5114 -0.1754 0.8413
vn 0.5115 -0.1755 0.8412
vn 0.5113 -0.1754 0.8413
vn 0.3260 -0.8421 0.4297
vn 0.1047 -0.9844 0.1415
vn 0.0853 -0.9900 0.1124
vn 0.0838 -0.9900 0.1134
vn 0.1539 -0.9551 0.2532
vn 0.1349 -0.9654 0.2232
vn 0.2138 -0.8433 0.4931
vn 0.0625 -0.9896 0.1298
vn 0.0260 -0.9876 0.1550
vn 0.0533 -0.9783 0.2000
vn 0.0969 -0.9327 0.3475
vn 0.0468 -0.9909 0.1266
vn 0.0677 -0.8643 0.4983
vn 0.0097 -0.9911 0.1329
vn -0.0009 -0.9117 0.4108
vn -0.0037 -0.9821 0.1882
vn -0.0658 -0.8805 0.4694
vn -0.0188 -0.9860 0.1657
vn -0.0187 -0.9860 0.1657
vn -0.1178 -0.9017 0.4159
vn -0.0272 -0.9910 0.1312
vn -0.1912 -0.8792 0.4364
vn -0.0648 -0.9852 0.1587
vn -0.0530 -0.9834 0.1733
vn -0.1014 -0.9859 0.1332
vn -0.1022 -0.9818 0.1600
vn -0.2275 -0.9005 0.3706
vn -0.0615 -0.9911 0.1184
vn -0.5983 -0.1757 0.7818
vn -0.5982 -0.1757 0.7818
vn -0.5119 -0.5389 0.6689
vn 0.5950 -0.1757 0.7843
vn 0.5091 -0.5389 0.6711
vn 0.4378 -0.5382 0.7202
vn 0.4377 -0.5383 0.7202
vn 0.3352 -0.5383 0.7732
vn 0.3353 -0.5383 0.7732
vn 0.2265 -0.5383 0.8118
vn 0.1134 -0.5383 0.8351
vn -0.0017 -0.5382 0.8428
vn -0.0017 -0.5383 0.8428
vn -0.1169 -0.5383 0.8346
vn -0.2299 -0.5383 0.8108
vn -0.2299 -0.5382 0.8108
vn -0.3385 -0.5383 0.7718
vn -0.4407 -0.5383 0.7183
vn -0.5118 -0.5390 0.6690
vn -0.3277 -0.8421 0.4284
vn -0.1066 -0.9844 0.1400
vn -0.1018 -0.9859 0.1329
vn -0.3278 -0.8421 0.4284
vn -0.2824 -0.8416 0.4603
vn -0.2169 -0.8416 0.4946
vn -0.1473 -0.8416 0.5196
vn -0.1472 -0.8416 0.5196
vn -0.0749 -0.8416 0.5348
vn -0.0011 -0.8416 0.5400
vn 0.0727 -0.8416 0.5351
vn 0.1452 -0.8416 0.5202
vn 0.1451 -0.8416 0.5202
vn 0.2149 -0.8416 0.4955
vn 0.2148 -0.8417 0.4955
vn 0.2805 -0.8416 0.4615
vn 0.2806 -0.8416 0.4615
vn 0.3259 -0.8421 0.4297
vn -0.7192 -0.5328 -0.4460
vn -0.8370 -0.1730 -0.5191
vn -0.9741 -0.1716 -0.1471
vn -0.9424 -0.1716 0.2872
vn -0.9424 -0.1716 0.2873
vn -0.4168 -0.8381 0.3519
vn -0.2189 -0.9735 0.0667
vn -0.1209 -0.9900 0.0723
vn -0.1094 -0.9897 0.0922
vn -0.2148 -0.9681 0.1286
vn -0.1185 -0.9844 0.1303
vn -0.1303 -0.9897 -0.0592
vn -0.1304 -0.9897 -0.0592
vn -0.2248 -0.9738 -0.0340
vn -0.1420 -0.9898 0.0077
vn -0.1419 -0.9899 0.0077
vn -0.7527 -0.1730 0.6352
vn -0.7526 -0.1730 0.6353
vn -0.6468 -0.5327 0.5458
vn -0.8114 -0.5296 0.2473
vn -0.8387 -0.5296 -0.1267
vn -0.4636 -0.8381 -0.2875
vn -0.1343 -0.9844 -0.1137
vn -0.1665 -0.9806 -0.1033
vn -0.5426 -0.8360 -0.0819
vn -0.5248 -0.8360 0.1600
vn -0.5250 -0.8360 0.1600
vn -0.4170 -0.8380 0.3519
vn -0.6466 -0.5328 0.5459
vn 0.1652 -0.1709 0.9713
vn -0.3001 -0.1710 0.9385
vn -0.6981 -0.1709 0.6953
vn -0.6982 -0.1709 0.6952
vn -0.9397 -0.1709 0.2962
vn -0.9397 -0.1710 0.2962
vn -0.9706 -0.1710 -0.1692
vn -0.9706 -0.1709 -0.1692
vn -0.7097 -0.5341 -0.4594
vn -0.4569 -0.8389 -0.2957
vn -0.1643 -0.9806 -0.1064
vn -0.1511 -0.9839 -0.0950
vn -0.1276 -0.9916 -0.0222
vn -0.1586 -0.9868 -0.0336
vn -0.1652 -0.9808 -0.1040
vn -0.2188 -0.9685 0.1188
vn -0.2189 -0.9685 0.1188
vn -0.1072 -0.9937 0.0338
vn -0.2346 -0.9715 0.0342
vn -0.2348 -0.9715 0.0342
vn -0.0726 -0.9939 0.0826
vn -0.1308 -0.9828 0.1303
vn -0.0657 -0.9846 0.1623
vn -0.0359 -0.9930 0.1122
vn -0.0110 -0.9651 0.2617
vn 0.0810 -0.9899 0.1161
vn 0.0686 -0.9748 0.2123
vn 0.0384 -0.9734 0.2259
vn 0.0252 -0.9966 0.0783
vn 0.5317 -0.1735 0.8290
vn 0.5318 -0.1735 0.8289
vn 0.4565 -0.5341 0.7116
vn -0.4569 -0.8389 -0.2958
vn -0.5420 -0.8351 -0.0945
vn -0.5248 -0.8350 0.1654
vn -0.5247 -0.8351 0.1654
vn -0.3898 -0.8351 0.3882
vn -0.3899 -0.8350 0.3882
vn -0.1676 -0.8350 0.5240
vn -0.1676 -0.8350 0.5241
vn 0.0922 -0.8350 0.5424
vn 0.0923 -0.8350 0.5424
vn 0.2938 -0.8389 0.4581
vn 0.0962 -0.9840 0.1499
vn -0.8267 -0.1735 -0.5352
vn -0.8267 -0.1735 -0.5351
vn -0.8365 -0.5282 -0.1458
vn -0.8366 -0.5281 -0.1458
vn -0.8098 -0.5282 0.2553
vn -0.8099 -0.5282 0.2553
vn -0.6017 -0.5282 0.5992
vn -0.6017 -0.5281 0.5992
vn -0.2586 -0.5282 0.8088
vn 0.1424 -0.5282 0.8371
vn 0.1423 -0.5282 0.8371
vn 0.4565 -0.5340 0.7116
vn 0.2939 -0.8389 0.4581
vn -0.1592 -0.9727 0.1690
vn -0.5485 -0.5328 0.6444
vn -0.6384 -0.1730 0.7500
vn -0.2911 -0.1716 0.9412
vn 0.1431 -0.1716 0.9747
vn 0.1431 -0.1715 0.9747
vn 0.2856 -0.8381 0.4648
vn 0.0785 -0.9887 0.1277
vn 0.0849 -0.9835 0.1598
vn -0.0653 -0.9898 0.1268
vn -0.0654 -0.9898 0.1268
vn -0.0661 -0.9746 0.2139
vn 0.0007 -0.9894 0.1455
vn 0.0215 -0.9889 0.1467
vn 0.0012 -0.9599 0.2802
vn 0.0699 -0.9889 0.1313
vn 0.5156 -0.1730 0.8392
vn 0.5157 -0.1729 0.8392
vn 0.4430 -0.5328 0.7210
vn 0.1232 -0.5296 0.8393
vn 0.1232 -0.5296 0.8392
vn -0.2506 -0.5296 0.8104
vn -0.3536 -0.8381 0.4154
vn -0.1309 -0.9844 0.1178
vn -0.1304 -0.9795 0.1533
vn -0.1622 -0.8360 0.5242
vn 0.0798 -0.8360 0.5429
vn 0.0797 -0.8360 0.5429
vn 0.4431 -0.5328 0.7210
vn 0.0003 -1.0000 -0.0000
vn -0.0005 -1.0000 -0.0000
vn -0.0004 -1.0000 -0.0000
vn -0.0003 -1.0000 -0.0000
vn 0.0002 -1.0000 -0.0000
vn 0.0011 -1.0000 -0.0000
vt 0.808142 0.243685
vt 0.802566 0.240587
vt 0.808142 0.240585
vt 0.802582 0.237978
vt 0.808158 0.237976
vt 0.105741 0.890107
vt 0.111316 0.890135
vt 0.111283 0.893111
vt 0.105708 0.893083
vt 0.111283 0.896129
vt 0.105708 0.896101
vt 0.111316 0.898380
vt 0.105741 0.898352
vt 0.785637 0.246446
vt 0.780066 0.246449
vt 0.780132 0.243780
vt 0.785702 0.243777
vt 0.780132 0.240676
vt 0.785702 0.240673
vt 0.780066 0.237969
vt 0.785637 0.237966
vt 0.885953 0.247047
vt 0.880378 0.247059
vt 0.880402 0.244628
vt 0.885977 0.244616
vt 0.880402 0.241558
vt 0.885977 0.241545
vt 0.880378 0.238670
vt 0.885953 0.238658
vt 0.808158 0.246446
vt 0.802582 0.246449
vt 0.802566 0.243688
vt 0.802550 0.243675
vt 0.796975 0.240578
vt 0.802550 0.240575
vt 0.796991 0.237969
vt 0.802566 0.237966
vt 0.138053 0.890107
vt 0.143627 0.890135
vt 0.143594 0.893111
vt 0.138020 0.893083
vt 0.143594 0.896129
vt 0.138020 0.896101
vt 0.143627 0.898380
vt 0.138053 0.898352
vt 0.791273 0.246446
vt 0.785702 0.246449
vt 0.785768 0.243780
vt 0.791339 0.243777
vt 0.785768 0.240676
vt 0.791339 0.240673
vt 0.785702 0.237969
vt 0.791273 0.237966
vt 0.897151 0.247047
vt 0.891576 0.247059
vt 0.891599 0.244628
vt 0.897174 0.244616
vt 0.891599 0.241558
vt 0.897174 0.241545
vt 0.891576 0.238670
vt 0.897151 0.238658
vt 0.802566 0.246436
vt 0.796991 0.246439
vt 0.796975 0.243678
vt 0.819325 0.243685
vt 0.813749 0.240587
vt 0.819325 0.240585
vt 0.813765 0.237978
vt 0.819341 0.237976
vt 0.111349 0.890107
vt 0.116924 0.890134
vt 0.116890 0.893111
vt 0.111316 0.893083
vt 0.116890 0.896129
vt 0.111316 0.896101
vt 0.116924 0.898380
vt 0.111349 0.898352
vt 0.796910 0.246446
vt 0.791339 0.246449
vt 0.791404 0.243780
vt 0.796975 0.243777
vt 0.791404 0.240676
vt 0.796975 0.240673
vt 0.791339 0.237969
vt 0.796910 0.237966
vt 0.856214 0.247106
vt 0.850638 0.247118
vt 0.850662 0.244687
vt 0.856237 0.244675
vt 0.850662 0.241617
vt 0.856237 0.241605
vt 0.850638 0.238730
vt 0.856214 0.238717
vt 0.819341 0.246446
vt 0.813765 0.246449
vt 0.813749 0.243688
vt 0.813734 0.243685
vt 0.808158 0.240587
vt 0.813734 0.240585
vt 0.808174 0.237978
vt 0.813749 0.237976
vt 0.132445 0.890107
vt 0.138020 0.890135
vt 0.137986 0.893111
vt 0.132412 0.893083
vt 0.137986 0.896129
vt 0.132412 0.896101
vt 0.138020 0.898380
vt 0.132445 0.898352
vt 0.780001 0.246446
vt 0.774430 0.246449
vt 0.774495 0.243780
vt 0.780066 0.243777
vt 0.774495 0.240676
vt 0.780066 0.240673
vt 0.774430 0.237969
vt 0.780001 0.237966
vt 0.891552 0.247047
vt 0.885977 0.247059
vt 0.886000 0.244628
vt 0.891575 0.244616
vt 0.886000 0.241558
vt 0.891575 0.241545
vt 0.885977 0.238671
vt 0.891552 0.238658
vt 0.813749 0.246446
vt 0.808174 0.246449
vt 0.808158 0.243688
vt 0.956783 0.565301
vt 0.965198 0.565313
vt 0.965198 0.586621
vt 0.956783 0.586610
vt 0.965279 0.607306
vt 0.956865 0.607294
vt 0.965440 0.626663
vt 0.957026 0.626651
vt 0.965675 0.644033
vt 0.957260 0.644021
vt 0.965975 0.658824
vt 0.957560 0.658812
vt 0.465376 0.730691
vt 0.473785 0.730692
vt 0.473122 0.745124
vt 0.464713 0.745123
vt 0.472582 0.762202
vt 0.464173 0.762201
vt 0.472182 0.781346
vt 0.463773 0.781345
vt 0.471937 0.801903
vt 0.463528 0.801902
vt 0.471854 0.823173
vt 0.463445 0.823172
vt 0.471937 0.844432
vt 0.463528 0.844431
vt 0.472182 0.864955
vt 0.463773 0.864954
vt 0.472582 0.884045
vt 0.464173 0.884044
vt 0.473122 0.901051
vt 0.464713 0.901050
vt 0.473785 0.915393
vt 0.465376 0.915392
vt 0.984309 0.643951
vt 0.975894 0.643956
vt 0.976087 0.627437
vt 0.984503 0.627432
vt 0.976231 0.608713
vt 0.984646 0.608708
vt 0.941590 0.884160
vt 0.940118 0.884159
vt 0.940306 0.873492
vt 0.941778 0.873493
vt 0.712401 0.925626
vt 0.710928 0.925625
vt 0.710987 0.913010
vt 0.712460 0.913010
vt 0.711008 0.899348
vt 0.712480 0.899348
vt 0.710987 0.885745
vt 0.712460 0.885745
vt 0.710928 0.873304
vt 0.712401 0.873304
vt 0.700301 0.951644
vt 0.698829 0.951642
vt 0.698716 0.940636
vt 0.700189 0.940638
vt 0.698658 0.927742
vt 0.700131 0.927744
vt 0.698658 0.914005
vt 0.700131 0.914007
vt 0.698716 0.900538
vt 0.700189 0.900540
vt 0.698829 0.888432
vt 0.700301 0.888434
vt 0.698985 0.878668
vt 0.700458 0.878669
vt 0.083598 0.881368
vt 0.083226 0.881882
vt 0.073234 0.872401
vt 0.073736 0.872011
vt 0.066318 0.860489
vt 0.066910 0.860255
vt 0.063037 0.847111
vt 0.063672 0.847051
vt 0.063659 0.833351
vt 0.064286 0.833470
vt 0.068131 0.820323
vt 0.068700 0.820612
vt 0.076093 0.809083
vt 0.076558 0.809519
vt 0.086899 0.800541
vt 0.087223 0.801088
vt 0.700771 0.927609
vt 0.700771 0.914051
vt 0.099830 0.796004
vt 0.099673 0.795389
vt 0.113381 0.794046
vt 0.113359 0.794678
vt 0.126912 0.796619
vt 0.126714 0.797217
vt 0.139170 0.802900
vt 0.138812 0.803416
vt 0.114831 0.837236
vt 0.116070 0.835524
vt 0.116917 0.839751
vt 0.118852 0.838877
vt 0.484702 0.246536
vt 0.482619 0.247195
vt 0.484702 0.243274
vt 0.482619 0.242845
vt 0.117467 0.842972
vt 0.119585 0.843171
vt 0.116333 0.846036
vt 0.118073 0.847257
vt 0.113818 0.848122
vt 0.114720 0.850039
vt 0.482619 0.246935
vt 0.480484 0.247195
vt 0.482619 0.243700
vt 0.480484 0.242881
vt 0.110598 0.848672
vt 0.110426 0.850773
vt 0.107534 0.847538
vt 0.106340 0.849260
vt 0.231142 0.407586
vt 0.230925 0.407586
vt 0.231017 0.386371
vt 0.231234 0.386371
vt 0.231048 0.364239
vt 0.231265 0.364239
vt 0.231017 0.341944
vt 0.231234 0.341944
vt 0.230925 0.320245
vt 0.231142 0.320245
vt 0.230776 0.299880
vt 0.230992 0.299880
vt 0.230573 0.281544
vt 0.230790 0.281543
vt 0.673161 0.730115
vt 0.673378 0.730115
vt 0.673499 0.748760
vt 0.673282 0.748760
vt 0.673582 0.769345
vt 0.673365 0.769345
vt 0.673624 0.791168
vt 0.673408 0.791168
vt 0.673624 0.813485
vt 0.673408 0.813485
vt 0.673582 0.835538
vt 0.673365 0.835538
vt 0.673499 0.856574
vt 0.673282 0.856574
vt 0.673378 0.875878
vt 0.673161 0.875878
vt 0.463229 0.730691
vt 0.463445 0.730692
vt 0.463132 0.748154
vt 0.462915 0.748154
vt 0.462886 0.767875
vt 0.462670 0.767875
vt 0.462718 0.789184
vt 0.462502 0.789183
vt 0.462633 0.811354
vt 0.462416 0.811354
vt 0.310613 0.009220
vt 0.310243 0.008242
vt 0.313144 0.007416
vt 0.332086 0.003110
vt 0.331902 0.002078
vt 0.334553 0.001833
vt 0.354316 0.001049
vt 0.354326 -0.000000
vt 0.356622 0.000213
vt 0.376546 0.003109
vt 0.376749 0.002077
vt 0.378626 0.002611
vt 0.398019 0.009218
vt 0.398409 0.008240
vt 0.399838 0.008951
vt 0.418004 0.019170
vt 0.418567 0.018278
vt 0.419558 0.019026
vt 0.435820 0.032624
vt 0.436538 0.031849
vt 0.437136 0.032504
vt 0.450860 0.049123
vt 0.451710 0.048491
vt 0.451990 0.048943
vt 0.462613 0.068105
vt 0.471635 0.088472
vt 0.470678 0.088923
vt 0.463629 0.067803
vt 0.463565 0.067638
vt 0.471700 0.088638
vt 0.674687 0.791041
vt 0.674687 0.813021
vt 0.674687 0.813553
vt 0.474780 0.110869
vt 0.475837 0.110774
vt 0.475837 0.132408
vt 0.474780 0.133195
vt 0.475837 0.133295
vt 0.470678 0.155141
vt 0.471928 0.154211
vt 0.471700 0.155432
vt 0.462613 0.175960
vt 0.464141 0.174943
vt 0.463565 0.176432
vt 0.450860 0.194943
vt 0.452737 0.193920
vt 0.451710 0.195579
vt 0.435820 0.211442
vt 0.438092 0.210518
vt 0.436538 0.212222
vt 0.418004 0.224897
vt 0.420692 0.224190
vt 0.418567 0.225794
vt 0.398019 0.234849
vt 0.401109 0.234488
vt 0.398409 0.235833
vt 0.169356 0.043979
vt 0.163481 0.048002
vt 0.163884 0.001358
vt 0.100511 0.098360
vt 0.097378 0.127541
vt 0.098615 0.000283
vt 0.098995 0.125956
vt 0.100656 0.101419
vt 0.100432 0.124548
vt 0.100804 0.104535
vt 0.100611 0.124371
vt 0.108386 0.083872
vt 0.107503 0.084710
vt 0.101611 0.000320
vt 0.104739 0.087336
vt 0.102465 0.090570
vt 0.101062 0.094246
vt 0.100700 0.096954
vt 0.131084 0.068960
vt 0.124822 0.072840
vt 0.123517 0.000597
vt 0.122853 0.074091
vt 0.120976 0.000556
vt 0.119324 0.076332
vt 0.114858 0.079169
vt 0.144505 0.000947
vt 0.144003 0.060838
vt 0.142468 0.000905
vt 0.142534 0.061767
vt 0.134565 0.066803
vt 0.158737 0.051223
vt 0.154851 0.053804
vt 0.162358 0.001318
vt 0.160913 0.049761
vt 0.158770 0.051201
vt 0.153527 0.054664
vt 0.144587 0.060470
vt 0.705379 0.870283
vt 0.708028 0.874368
vt 0.674447 0.875108
vt 0.708521 0.875129
vt 0.674438 0.876489
vt 0.710815 0.878668
vt 0.179969 0.001781
vt 0.177660 0.038110
vt 0.169935 0.043570
vt 0.692923 0.846691
vt 0.694899 0.851075
vt 0.674565 0.855847
vt 0.674646 0.834922
vt 0.688024 0.834917
vt 0.674644 0.835797
vt 0.689631 0.839019
vt 0.690745 0.841862
vt 0.696423 0.854051
vt 0.697341 0.855845
vt 0.674560 0.857017
vt 0.699735 0.860523
vt 0.700097 0.861148
vt 0.681631 0.814720
vt 0.683804 0.822693
vt 0.683911 0.823015
vt 0.686599 0.831108
vt 0.686978 0.832248
vt 0.679150 0.803470
vt 0.679737 0.806244
vt 0.681171 0.813022
vt 0.681183 0.813077
vt 0.677195 0.771926
vt 0.676869 0.776073
vt 0.674645 0.769202
vt 0.676895 0.780382
vt 0.674687 0.790868
vt 0.676921 0.784685
vt 0.677292 0.788980
vt 0.677456 0.790877
vt 0.677737 0.794134
vt 0.678265 0.797624
vt 0.679447 0.755702
vt 0.679060 0.757361
vt 0.674562 0.748756
vt 0.674644 0.769029
vt 0.678075 0.763693
vt 0.677605 0.766714
vt 0.677408 0.769221
vt 0.686189 0.733956
vt 0.684009 0.739305
vt 0.674443 0.730199
vt 0.683546 0.740765
vt 0.674560 0.748266
vt 0.681246 0.748016
vt 0.681225 0.748084
vt 0.681069 0.748752
vt 0.039765 0.513025
vt 0.037081 0.534392
vt 0.030682 0.531042
vt 0.028523 0.529911
vt 0.024261 0.527806
vt 0.022288 0.513122
vt 0.021562 0.526473
vt 0.188331 0.843534
vt 0.188331 0.856905
vt 0.187592 0.843578
vt 0.021665 0.513128
vt 0.020904 0.526147
vt 0.687465 0.730824
vt 0.055230 0.544478
vt 0.045973 0.539253
vt 0.059870 0.512984
vt 0.044231 0.538300
vt 0.040784 0.513020
vt 0.039633 0.535787
vt 0.037338 0.534532
vt 0.075945 0.556594
vt 0.072993 0.554851
vt 0.081318 0.513007
vt 0.065714 0.550553
vt 0.061327 0.512982
vt 0.059688 0.547062
vt 0.058413 0.546323
vt 0.103401 0.513093
vt 0.103095 0.573001
vt 0.096533 0.568985
vt 0.092566 0.566585
vt 0.086597 0.562972
vt 0.083215 0.513010
vt 0.086401 0.562855
vt 0.081069 0.559662
vt 0.118194 0.582346
vt 0.116700 0.581417
vt 0.125389 0.513238
vt 0.106979 0.575377
vt 0.104660 0.573958
vt 0.105704 0.513102
vt 0.146151 0.609138
vt 0.145281 0.605292
vt 0.146560 0.513439
vt 0.143658 0.601976
vt 0.140533 0.598183
vt 0.139942 0.597672
vt 0.136047 0.594309
vt 0.128831 0.589179
vt 0.128028 0.513256
vt 0.128552 0.589000
vt 0.125036 0.586741
vt 0.146162 0.609638
vt 0.149426 0.513467
vt 0.148801 0.640743
vt 0.145860 0.637506
vt 0.145958 0.617666
vt 0.146024 0.637686
vt 0.146132 0.615761
vt 0.147335 0.639124
vt 0.146271 0.614248
vt 0.146173 0.610100
vt 0.036273 0.883753
vt 0.036311 0.886348
vt 0.008417 0.888873
vt 0.073233 0.725056
vt 0.080274 0.720906
vt 0.079943 0.792807
vt 0.146029 0.669929
vt 0.148052 0.793265
vt 0.147319 0.642328
vt 0.145881 0.666869
vt 0.145995 0.643738
vt 0.145732 0.663753
vt 0.145829 0.643914
vt 0.138680 0.684431
vt 0.139513 0.683591
vt 0.145224 0.793235
vt 0.142123 0.680959
vt 0.144242 0.677721
vt 0.145534 0.674044
vt 0.145859 0.671336
vt 0.116112 0.699478
vt 0.122560 0.695543
vt 0.123951 0.793038
vt 0.124514 0.694281
vt 0.137331 0.793151
vt 0.128016 0.692020
vt 0.132450 0.689157
vt 0.101995 0.792893
vt 0.102433 0.707740
vt 0.116878 0.792979
vt 0.104005 0.706794
vt 0.112529 0.701665
vt 0.085892 0.717588
vt 0.090362 0.714937
vt 0.095910 0.792858
vt 0.083352 0.719092
vt 0.085854 0.717611
vt 0.091839 0.714057
vt 0.101809 0.708115
vt 0.053239 0.736645
vt 0.057899 0.733964
vt 0.058516 0.792784
vt 0.058767 0.733464
vt 0.075048 0.792792
vt 0.062803 0.731142
vt 0.072505 0.725481
vt 0.034082 0.747285
vt 0.038416 0.792824
vt 0.030254 0.749300
vt 0.026038 0.751520
vt 0.036913 0.745736
vt 0.038620 0.744803
vt 0.054909 0.792783
vt 0.043070 0.742369
vt 0.043722 0.742002
vt 0.023761 0.752659
vt 0.036091 0.792830
vt 0.020476 0.754303
vt 0.020302 0.792927
vt 0.052692 0.945767
vt 0.014227 0.949276
vt 0.051429 0.943736
vt 0.047460 0.936081
vt 0.047594 0.936339
vt 0.050956 0.942823
vt 0.039757 0.914210
vt 0.012385 0.930626
vt 0.010529 0.911349
vt 0.041158 0.919564
vt 0.041985 0.922001
vt 0.012407 0.930848
vt 0.044006 0.927955
vt 0.014120 0.948227
vt 0.044023 0.928004
vt 0.449539 0.926756
vt 0.450579 0.892137
vt 0.450579 0.927254
vt 0.044610 0.929384
vt 0.013302 0.901241
vt 0.014113 0.900945
vt 0.038346 0.907904
vt 0.009609 0.901644
vt 0.010447 0.910484
vt 0.038920 0.911012
vt 0.014452 0.900578
vt 0.014676 0.900334
vt 0.038012 0.906094
vt 0.014889 0.899519
vt 0.037255 0.901995
vt 0.036834 0.897720
vt 0.014881 0.899348
vt 0.036412 0.893438
vt 0.014875 0.899280
vt 0.036351 0.889147
vt 0.014593 0.898488
vt 0.014218 0.898143
vt 0.013980 0.897922
vt 0.013154 0.897697
vt 0.012969 0.897702
vt 0.009214 0.897448
vt 0.009264 0.897978
vt 0.036455 0.880493
vt 0.007166 0.875421
vt 0.036834 0.873660
vt 0.006390 0.866899
vt 0.037060 0.871789
vt 0.040000 0.852846
vt 0.004427 0.845160
vt 0.041632 0.846227
vt 0.042587 0.842351
vt 0.039683 0.854569
vt 0.038109 0.863122
vt 0.005156 0.853349
vt 0.038094 0.863202
vt 0.038003 0.863955
vt 0.049213 0.822575
vt 0.046478 0.830096
vt 0.002591 0.824372
vt 0.045555 0.832634
vt 0.003251 0.831963
vt 0.043895 0.838070
vt 0.042843 0.841512
vt 0.057752 0.803683
vt 0.053285 0.812941
vt 0.000943 0.805223
vt 0.052487 0.814829
vt 0.001513 0.811974
vt 0.050382 0.819810
vt 0.049331 0.822297
vt 0.168533 0.214185
vt 0.174333 0.218629
vt 0.161010 0.281121
vt 0.167984 0.281282
vt 0.000000 0.794046
vt 0.063037 0.794046
vt 0.060000 0.799585
vt 0.059357 0.800757
vt 0.142650 0.195561
vt 0.148236 0.199394
vt 0.141695 0.280711
vt 0.152070 0.202118
vt 0.157281 0.205818
vt 0.157448 0.205939
vt 0.161901 0.209225
vt 0.166181 0.212383
vt 0.149306 0.280850
vt 0.127546 0.185411
vt 0.129936 0.187002
vt 0.120764 0.280361
vt 0.137961 0.192343
vt 0.141226 0.194584
vt 0.128749 0.280474
vt 0.100113 0.159159
vt 0.101036 0.163008
vt 0.098912 0.280076
vt 0.102762 0.166324
vt 0.105612 0.169684
vt 0.106667 0.170586
vt 0.110166 0.173575
vt 0.116793 0.178299
vt 0.106996 0.280167
vt 0.118324 0.179312
vt 0.121792 0.181606
vt 0.100100 0.158565
vt 0.095895 0.280042
vt 0.100549 0.130779
vt 0.100356 0.150615
vt 0.100373 0.130599
vt 0.100159 0.152530
vt 0.098964 0.129160
vt 0.100002 0.154055
vt 0.100092 0.158181
vt 0.866552 0.236666
vt 0.866579 0.236650
vt 0.866628 0.236654
vt 0.230531 0.359812
vt 0.230517 0.359840
vt 0.230475 0.359874
vt 0.838285 0.997662
vt 0.838311 0.997665
vt 0.838354 0.997684
vt 0.230475 0.350506
vt 0.866552 0.246024
vt 0.866707 0.236660
vt 0.867435 0.236943
vt 0.867513 0.236952
vt 0.867553 0.236957
vt 0.957995 0.029139
vt 0.958982 0.028772
vt 0.958874 0.032006
vt 0.959869 0.031664
vt 0.961328 0.040005
vt 0.962345 0.039733
vt 0.963558 0.053442
vt 0.964594 0.053286
vt 0.964737 0.060544
vt 0.965783 0.060450
vt 0.964621 0.075322
vt 0.965667 0.075356
vt 0.964574 0.081363
vt 0.965619 0.081451
vt 0.961719 0.097041
vt 0.962739 0.097264
vt 0.960844 0.101847
vt 0.961856 0.102112
vt 0.954943 0.117888
vt 0.955904 0.118293
vt 0.953656 0.121387
vt 0.954606 0.121822
vt 0.944514 0.137180
vt 0.945384 0.137752
vt 0.943225 0.139406
vt 0.944084 0.139998
vt 0.766578 0.997920
vt 0.766241 0.996823
vt 0.785357 0.997966
vt 0.785183 0.996869
vt 0.786729 0.997969
vt 0.786567 0.996872
vt 0.807217 0.998172
vt 0.807233 0.997077
vt 0.807478 0.998175
vt 0.807497 0.997080
vt 0.828412 0.997438
vt 0.230490 0.336021
vt 0.230468 0.336097
vt 0.230468 0.326808
vt 0.829292 0.997458
vt 0.829085 0.998550
vt 0.828213 0.998530
vt 0.230550 0.284311
vt 0.230543 0.284311
vt 0.230547 0.281543
vt 0.716043 0.482863
vt 0.716306 0.482242
vt 0.716497 0.482076
vt 0.716782 0.481827
vt 0.716930 0.481789
vt 0.718443 0.482076
vt 0.717441 0.481658
vt 0.717475 0.481658
vt 0.717510 0.481658
vt 0.717638 0.481665
vt 0.718293 0.481904
vt 0.718760 0.482441
vt 0.718774 0.482494
vt 0.718916 0.483028
vt 0.719014 0.485914
vt 0.230509 0.282436
vt 0.230543 0.282434
vt 0.230462 0.304408
vt 0.378122 0.491362
vt 0.356300 0.488790
vt 0.368915 0.489765
vt 0.230573 0.474979
vt 0.230573 0.466397
vt 0.231052 0.474979
vt 0.364879 0.489308
vt 0.365625 0.489382
vt 0.719078 0.487792
vt 0.715841 0.487792
vt 0.715913 0.485914
vt 0.716024 0.483028
vt 0.230573 0.488441
vt 0.342835 0.489205
vt 0.334373 0.490241
vt 0.230711 0.512982
vt 0.231188 0.521493
vt 0.230711 0.521493
vt 0.230711 0.535026
vt 0.321138 0.493104
vt 0.313071 0.495635
vt 0.230726 0.705844
vt 0.231202 0.714286
vt 0.230726 0.714286
vt 0.230726 0.727888
vt 0.300509 0.500875
vt 0.293096 0.504792
vt 0.462203 0.752736
vt 0.461728 0.744364
vt 0.462203 0.744364
vt 0.462203 0.730691
vt 0.281633 0.512259
vt 0.275107 0.517412
vt 0.462201 0.774780
vt 0.461728 0.766478
vt 0.462201 0.766478
vt 0.462201 0.752736
vt 0.265136 0.526880
vt 0.259697 0.533077
vt 0.462200 0.796824
vt 0.461729 0.788593
vt 0.462199 0.788593
vt 0.462200 0.774780
vt 0.251566 0.544251
vt 0.247376 0.551271
vt 0.462199 0.818869
vt 0.461730 0.810707
vt 0.462199 0.810707
vt 0.462199 0.796824
vt 0.241373 0.563796
vt 0.238549 0.571393
vt 0.231199 0.838106
vt 0.230731 0.830015
vt 0.231199 0.830015
vt 0.231199 0.816062
vt 0.234896 0.584867
vt 0.233507 0.592781
vt 0.230562 0.326808
vt 0.230462 0.318774
vt 0.230562 0.318774
vt 0.230562 0.315775
vt 0.098849 0.281149
vt 0.095858 0.281122
vt 0.095858 0.281116
vt 0.710815 0.755075
vt 0.711088 0.758063
vt 0.710984 0.758069
vt 0.710815 0.780036
vt 0.956850 0.026367
vt 0.947183 0.006642
vt 0.953656 0.018633
vt 0.469810 0.577137
vt 0.472916 0.591589
vt 0.473785 0.598748
vt 0.908761 0.239388
vt 0.908354 0.246588
vt 0.908354 0.239388
vt 0.908354 0.225767
vt 0.461992 0.556601
vt 0.468034 0.571350
vt 0.910193 0.240545
vt 0.909823 0.246587
vt 0.909823 0.240545
vt 0.909823 0.225767
vt 0.450587 0.537818
vt 0.459753 0.552247
vt 0.910886 0.241702
vt 0.910563 0.246587
vt 0.910563 0.241702
vt 0.910563 0.225766
vt 0.435974 0.521407
vt 0.448319 0.534847
vt 0.711079 0.797128
vt 0.710815 0.800856
vt 0.710815 0.797128
vt 0.710815 0.780036
vt 0.418633 0.507910
vt 0.434072 0.519664
vt 0.231247 0.484645
vt 0.231052 0.487217
vt 0.231052 0.484645
vt 0.231052 0.466397
vt 0.399136 0.497772
vt 0.417431 0.507149
vt 0.231265 0.463834
vt 0.231151 0.465251
vt 0.231151 0.463834
vt 0.231151 0.444430
vt 0.230462 0.281543
vt 0.378128 0.491328
vt 0.379002 0.491515
vt 0.398892 0.497672
vt 0.230552 0.392845
vt 0.230529 0.393107
vt 0.230529 0.392844
vt 0.230529 0.372287
vt 0.225639 0.859532
vt 0.228257 0.863346
vt 0.193241 0.863062
vt 0.208792 0.735931
vt 0.208515 0.737082
vt 0.193981 0.737014
vt 0.204981 0.757012
vt 0.204818 0.758741
vt 0.193968 0.758683
vt 0.204428 0.762887
vt 0.204136 0.769022
vt 0.193906 0.781110
vt 0.206766 0.744346
vt 0.206626 0.745228
vt 0.205309 0.753525
vt 0.216091 0.718351
vt 0.215375 0.719558
vt 0.193946 0.716842
vt 0.213811 0.722932
vt 0.211646 0.727603
vt 0.209703 0.733272
vt 0.209506 0.733846
vt 0.193864 0.698852
vt 0.226222 0.702896
vt 0.224981 0.704694
vt 0.219567 0.712498
vt 0.219565 0.712502
vt 0.216916 0.716963
vt 0.055261 0.716242
vt 0.051723 0.719896
vt 0.014521 0.713151
vt 0.051679 0.719937
vt 0.045942 0.725364
vt 0.043263 0.727898
vt 0.008401 0.729971
vt 0.230711 0.696398
vt 0.228875 0.699056
vt 0.073229 0.695876
vt 0.067915 0.702410
vt 0.019334 0.693866
vt 0.064390 0.706372
vt 0.060549 0.710690
vt 0.059590 0.711768
vt 0.057818 0.713599
vt 0.022675 0.672773
vt 0.089298 0.673531
vt 0.082947 0.683067
vt 0.081625 0.684851
vt 0.075810 0.692702
vt 0.074379 0.694461
vt 0.096917 0.657924
vt 0.024431 0.650589
vt 0.099322 0.655025
vt 0.103659 0.651495
vt 0.089472 0.673270
vt 0.092350 0.667487
vt 0.095217 0.661343
vt 0.095113 0.661642
vt 0.093558 0.666078
vt 0.127819 0.637299
vt 0.127788 0.643708
vt 0.116490 0.643587
vt 0.116927 0.637255
vt 0.121374 0.643107
vt 0.121178 0.637747
vt 0.122113 0.643177
vt 0.122137 0.637690
vt 0.127181 0.637388
vt 0.105701 0.630581
vt 0.109374 0.633754
vt 0.112680 0.644875
vt 0.112279 0.635480
vt 0.113095 0.635965
vt 0.103846 0.628980
vt 0.112258 0.645126
vt 0.108931 0.647103
vt 0.103894 0.651303
vt 0.024541 0.628072
vt 0.105560 0.649914
vt 0.092918 0.612467
vt 0.095246 0.618474
vt 0.096961 0.622209
vt 0.099232 0.625127
vt 0.102961 0.628216
vt 0.019868 0.585086
vt 0.076199 0.587344
vt 0.023003 0.605986
vt 0.082083 0.595370
vt 0.082645 0.596137
vt 0.089612 0.606710
vt 0.089634 0.606748
vt 0.089705 0.606871
vt 0.065046 0.573829
vt 0.068615 0.577900
vt 0.061555 0.569847
vt 0.073780 0.584332
vt 0.074916 0.585747
vt 0.229559 0.528058
vt 0.194544 0.528240
vt 0.229645 0.512982
vt 0.192405 0.525196
vt 0.190849 0.523224
vt 0.186732 0.518009
vt 0.186588 0.517827
vt 0.052856 0.560700
vt 0.056006 0.563996
vt 0.015243 0.566081
vt 0.058535 0.566641
vt 0.061064 0.569287
vt 0.202495 0.539601
vt 0.203818 0.541682
vt 0.229507 0.545952
vt 0.197705 0.532740
vt 0.197199 0.532020
vt 0.216135 0.570650
vt 0.214901 0.566132
vt 0.229490 0.566054
vt 0.214005 0.562856
vt 0.209670 0.551994
vt 0.207039 0.546750
vt 0.206588 0.546041
vt 0.213839 0.562247
vt 0.213811 0.562145
vt 0.210797 0.554239
vt 0.218687 0.587724
vt 0.218497 0.586006
vt 0.229509 0.587679
vt 0.217831 0.579995
vt 0.216792 0.574269
vt 0.219442 0.599441
vt 0.219358 0.597997
vt 0.218839 0.589091
vt 0.219659 0.610123
vt 0.229563 0.610091
vt 0.219579 0.618259
vt 0.229604 0.621547
vt 0.219415 0.622254
vt 0.229654 0.632449
vt 0.219164 0.628393
vt 0.229772 0.654075
vt 0.216941 0.646969
vt 0.217076 0.646085
vt 0.229700 0.642231
vt 0.218342 0.637769
vt 0.218648 0.634277
vt 0.218800 0.632545
vt 0.229916 0.674241
vt 0.208471 0.671865
vt 0.210017 0.668472
vt 0.212158 0.663775
vt 0.214069 0.658082
vt 0.229820 0.661983
vt 0.214262 0.657505
vt 0.214965 0.655411
vt 0.215235 0.654256
vt 0.198937 0.686840
vt 0.204314 0.678974
vt 0.230081 0.692268
vt 0.204316 0.678969
vt 0.229962 0.680219
vt 0.206943 0.674478
vt 0.207760 0.673080
vt 0.232678 0.056090
vt 0.189857 0.049340
vt 0.189887 0.049299
vt 0.193811 0.044038
vt 0.195642 0.041582
vt 0.232516 0.043209
vt 0.230122 0.696398
vt 0.193242 0.695209
vt 0.195066 0.692528
vt 0.197703 0.688654
vt 0.173709 0.072840
vt 0.177922 0.066419
vt 0.232803 0.074902
vt 0.180582 0.062541
vt 0.183481 0.058314
vt 0.184205 0.057259
vt 0.232714 0.058971
vt 0.185478 0.055475
vt 0.187316 0.052900
vt 0.165734 0.085461
vt 0.166832 0.083701
vt 0.232814 0.095661
vt 0.232814 0.076878
vt 0.171663 0.075959
vt 0.172797 0.074230
vt 0.232708 0.117684
vt 0.146376 0.116797
vt 0.150942 0.113279
vt 0.232714 0.116963
vt 0.157583 0.100887
vt 0.232814 0.096402
vt 0.160063 0.095153
vt 0.160214 0.094895
vt 0.153395 0.110392
vt 0.155007 0.106991
vt 0.155095 0.106694
vt 0.156407 0.102287
vt 0.232631 0.127046
vt 0.228917 0.127073
vt 0.228079 0.127290
vt 0.227707 0.127629
vt 0.132580 0.124691
vt 0.136230 0.132313
vt 0.132078 0.131022
vt 0.120208 0.130981
vt 0.120270 0.124573
vt 0.127262 0.125171
vt 0.127453 0.130531
vt 0.126457 0.125102
vt 0.126407 0.130588
vt 0.120905 0.130892
vt 0.137108 0.132798
vt 0.136719 0.123403
vt 0.140230 0.134526
vt 0.144110 0.137704
vt 0.137173 0.123153
vt 0.140764 0.121179
vt 0.227456 0.127858
vt 0.227160 0.128677
vt 0.146128 0.116988
vt 0.227151 0.128838
vt 0.144355 0.118373
vt 0.227150 0.128908
vt 0.146069 0.139309
vt 0.227348 0.129744
vt 0.227685 0.130131
vt 0.227903 0.130382
vt 0.228712 0.130696
vt 0.232489 0.140196
vt 0.228881 0.130709
vt 0.232594 0.130812
vt 0.159499 0.161544
vt 0.156687 0.155903
vt 0.154746 0.149857
vt 0.153177 0.146103
vt 0.150896 0.143173
vt 0.147003 0.140075
vt 0.232481 0.140919
vt 0.232180 0.161638
vt 0.159561 0.161668
vt 0.232165 0.162391
vt 0.159580 0.161707
vt 0.165502 0.172392
vt 0.179296 0.195065
vt 0.176643 0.190909
vt 0.231747 0.183488
vt 0.172625 0.184368
vt 0.171741 0.182929
vt 0.231797 0.181464
vt 0.170742 0.181304
vt 0.165959 0.173169
vt 0.188204 0.208705
vt 0.188066 0.208504
vt 0.231252 0.202790
vt 0.193187 0.867168
vt 0.230366 0.866417
vt 0.230835 0.216126
vt 0.193650 0.216641
vt 0.192156 0.214464
vt 0.185835 0.205125
vt 0.184045 0.202413
vt 0.231345 0.199807
vt 0.182255 0.199701
vt 0.181890 0.199130
vt 0.193458 0.845129
vt 0.219110 0.849792
vt 0.193398 0.851083
vt 0.220414 0.851888
vt 0.225140 0.858806
vt 0.208238 0.825208
vt 0.209106 0.828496
vt 0.193645 0.825033
vt 0.193583 0.832921
vt 0.213350 0.839412
vt 0.215935 0.844687
vt 0.216379 0.845401
vt 0.209267 0.829107
vt 0.209295 0.829209
vt 0.212242 0.837153
vt 0.193794 0.803450
vt 0.204620 0.803563
vt 0.204797 0.805283
vt 0.193738 0.813220
vt 0.205417 0.811305
vt 0.206412 0.817046
vt 0.207040 0.820674
vt 0.203947 0.773013
vt 0.203811 0.781148
vt 0.193857 0.792563
vt 0.203952 0.791833
vt 0.204025 0.793278
vt 0.204479 0.802194
vt 0.143137 0.898406
vt 0.143628 0.898380
vt 0.143628 0.910571
vt 0.184209 0.052011
vt 0.117988 0.123171
vt 0.126897 0.113018
vt 0.114707 0.121154
vt 0.111541 0.118495
vt 0.120949 0.108761
vt 0.109817 0.117047
vt 0.106016 0.112773
vt 0.115878 0.103514
vt 0.120602 0.081610
vt 0.696783 0.853962
vt 0.695598 0.851449
vt 0.697390 0.851271
vt 0.676826 0.780366
vt 0.676811 0.779926
vt 0.677368 0.779879
vt 0.677713 0.791908
vt 0.677660 0.791574
vt 0.678573 0.791836
vt 0.677428 0.788962
vt 0.676925 0.783305
vt 0.679813 0.804003
vt 0.679048 0.800320
vt 0.680293 0.803960
vt 0.678612 0.797571
vt 0.682625 0.816135
vt 0.682232 0.814585
vt 0.683089 0.816089
vt 0.681020 0.809812
vt 0.680258 0.806146
vt 0.686909 0.828100
vt 0.684547 0.822841
vt 0.683248 0.818588
vt 0.690112 0.838886
vt 0.689438 0.837260
vt 0.691697 0.839867
vt 0.687164 0.830945
vt 0.686238 0.828374
vt 0.693315 0.846607
vt 0.690564 0.839976
vt 0.703922 0.862197
vt 0.701221 0.862481
vt 0.700438 0.861006
vt 0.697479 0.855439
vt 0.182050 0.035208
vt 0.182694 0.034739
vt 0.183454 0.036406
vt 0.189228 0.029984
vt 0.174859 0.043742
vt 0.173701 0.041089
vt 0.175326 0.039969
vt 0.181523 0.035581
vt 0.165560 0.051670
vt 0.168774 0.044483
vt 0.169952 0.043671
vt 0.153915 0.055952
vt 0.164090 0.048109
vt 0.163928 0.047752
vt 0.167362 0.045455
vt 0.143208 0.064202
vt 0.132069 0.072781
vt 0.108913 0.090608
vt 0.101523 0.093758
vt 0.111820 0.097417
vt 0.105544 0.112242
vt 0.102001 0.106846
vt 0.101615 0.106100
vt 0.133583 0.116145
vt 0.149285 0.106249
vt 0.140872 0.118002
vt 0.165534 0.083501
vt 0.157530 0.094713
vt 0.173221 0.072720
vt 0.180443 0.062505
vt 0.897903 0.247059
vt 0.897571 0.243433
vt 0.897903 0.237518
vt 0.176751 0.061485
vt 0.822101 0.239939
vt 0.822101 0.244134
vt 0.821506 0.240219
vt 0.822101 0.247036
vt 0.142834 0.898380
vt 0.143137 0.905894
vt 0.142834 0.909065
vt 0.462249 0.751973
vt 0.462389 0.748233
vt 0.462389 0.751942
vt 0.462389 0.759886
vt 0.822101 0.237976
vt 0.197058 0.688729
vt 0.202233 0.678978
vt 0.206737 0.668553
vt 0.209307 0.668548
vt 0.212355 0.657556
vt 0.216094 0.646099
vt 0.214190 0.657505
vt 0.217423 0.634299
vt 0.218220 0.622268
vt 0.210514 0.657558
vt 0.213516 0.646102
vt 0.218485 0.610125
vt 0.218081 0.610125
vt 0.217495 0.610124
vt 0.679144 0.791753
vt 0.681011 0.803839
vt 0.214968 0.634299
vt 0.216520 0.622266
vt 0.215697 0.634300
vt 0.212405 0.646101
vt 0.208879 0.657558
vt 0.204444 0.668553
vt 0.199158 0.678979
vt 0.193083 0.688731
vt 0.195467 0.034336
vt 0.199414 0.035872
vt 0.191099 0.043248
vt 0.193683 0.043954
vt 0.187488 0.905903
vt 0.187553 0.904215
vt 0.187781 0.909887
vt 0.155649 0.060116
vt 0.145221 0.068997
vt 0.134372 0.078232
vt 0.123204 0.087734
vt 0.131392 0.097937
vt 0.126842 0.093218
vt 0.141635 0.087314
vt 0.137597 0.083113
vt 0.151584 0.076988
vt 0.148045 0.073292
vt 0.161147 0.067055
vt 0.158088 0.063845
vt 0.170235 0.057608
vt 0.167632 0.054861
vt 0.178761 0.048739
vt 0.176587 0.046425
vt 0.186642 0.040531
vt 0.184865 0.038620
vt 0.192383 0.031525
vt 0.142737 0.104578
vt 0.136731 0.101766
vt 0.151711 0.093225
vt 0.146376 0.090722
vt 0.160425 0.082191
vt 0.155743 0.079987
vt 0.168797 0.071577
vt 0.164745 0.069661
vt 0.173298 0.059841
vt 0.181321 0.050621
vt 0.188736 0.042090
vt 0.201445 0.027438
vt 0.199061 0.025213
vt 0.699615 0.850764
vt 0.693415 0.839489
vt 0.688204 0.827830
vt 0.684049 0.815906
vt 0.702424 0.864743
vt 0.677949 0.779831
vt 0.678343 0.779798
vt 0.216909 0.610123
vt 0.217015 0.622267
vt 0.207036 0.769023
vt 0.206540 0.769021
vt 0.207935 0.757006
vt 0.058155 0.717129
vt 0.129887 0.645111
vt 0.121609 0.655274
vt 0.132906 0.647129
vt 0.135823 0.649789
vt 0.127083 0.659533
vt 0.137411 0.651237
vt 0.140916 0.655513
vt 0.131758 0.664782
vt 0.126867 0.686738
vt 0.036704 0.745377
vt 0.034410 0.746583
vt 0.033388 0.744790
vt 0.038147 0.906089
vt 0.039554 0.908913
vt 0.038615 0.908604
vt 0.038697 0.908913
vt 0.036710 0.897308
vt 0.037265 0.897303
vt 0.036765 0.897743
vt 0.037843 0.897299
vt 0.037133 0.900645
vt 0.041866 0.920009
vt 0.040780 0.916723
vt 0.042346 0.920073
vt 0.040099 0.914171
vt 0.728774 0.483671
vt 0.728774 0.484742
vt 0.728228 0.483779
vt 0.728774 0.488041
vt 0.046190 0.930660
vt 0.043579 0.925192
vt 0.042498 0.921921
vt 0.014750 0.755479
vt 0.011386 0.757890
vt 0.006513 0.759411
vt 0.048215 0.936173
vt 0.046558 0.932697
vt 0.728774 0.481975
vt 0.023507 0.752179
vt 0.022141 0.752868
vt 0.023743 0.750584
vt 0.017268 0.755199
vt 0.015285 0.756148
vt 0.029994 0.748906
vt 0.024422 0.751717
vt 0.043580 0.738165
vt 0.045041 0.740866
vt 0.043577 0.741663
vt 0.038052 0.744668
vt 0.057085 0.734174
vt 0.056206 0.734665
vt 0.055515 0.732997
vt 0.047286 0.739645
vt 0.066768 0.725402
vt 0.067816 0.728057
vt 0.065802 0.729217
vt 0.057768 0.733786
vt 0.078265 0.717244
vt 0.073920 0.724541
vt 0.072461 0.725382
vt 0.091501 0.712767
vt 0.079628 0.720806
vt 0.079740 0.721166
vt 0.075669 0.723534
vt 0.103407 0.704357
vt 0.115233 0.695653
vt 0.138201 0.677691
vt 0.145110 0.674532
vt 0.135506 0.670881
vt 0.141351 0.656044
vt 0.144624 0.661442
vt 0.144981 0.662188
vt 0.115461 0.652145
vt 0.100448 0.662089
vt 0.108765 0.650286
vt 0.082844 0.685049
vt 0.091781 0.673712
vt 0.073719 0.695992
vt 0.064517 0.706407
vt 0.897903 0.237518
vt 0.898234 0.241123
vt 0.897903 0.247004
vt 0.067958 0.707425
vt 0.138020 0.907277
vt 0.138020 0.902018
vt 0.138534 0.906901
vt 0.138020 0.898380
vt 0.137716 0.898380
vt 0.138020 0.905862
vt 0.137716 0.909020
vt 0.046098 0.725445
vt 0.138020 0.909738
vt 0.226868 0.702825
vt 0.221648 0.712507
vt 0.217093 0.722872
vt 0.214521 0.722861
vt 0.211415 0.733808
vt 0.207608 0.745220
vt 0.209578 0.733846
vt 0.206207 0.756997
vt 0.205332 0.769015
vt 0.213256 0.733816
vt 0.210188 0.745232
vt 0.204986 0.781152
vt 0.205390 0.781154
vt 0.205978 0.781157
vt 0.040122 0.908944
vt 0.043061 0.920129
vt 0.208666 0.757010
vt 0.211302 0.745238
vt 0.214893 0.733825
vt 0.219389 0.722884
vt 0.224727 0.712522
vt 0.031192 0.742565
vt 0.028386 0.741314
vt 0.040738 0.735353
vt 0.037111 0.733815
vt 0.048472 0.726153
vt 0.089894 0.708602
vt 0.101541 0.699560
vt 0.113098 0.690201
vt 0.124454 0.680612
vt 0.116900 0.670405
vt 0.121094 0.675126
vt 0.106397 0.681116
vt 0.110119 0.685318
vt 0.095670 0.691567
vt 0.098933 0.695264
vt 0.084821 0.701661
vt 0.087641 0.704872
vt 0.073952 0.711304
vt 0.076351 0.714052
vt 0.063167 0.720403
vt 0.065171 0.722717
vt 0.052573 0.728870
vt 0.054211 0.730782
vt 0.106464 0.663761
vt 0.111986 0.666575
vt 0.097127 0.675201
vt 0.102032 0.677706
vt 0.087537 0.686361
vt 0.091842 0.688566
vt 0.077783 0.697136
vt 0.081509 0.699054
vt 0.071132 0.709071
vt 0.060810 0.718520
vt 0.050645 0.727311
vt 0.022107 0.748865
vt 0.013583 0.754183
vt 0.005719 0.758450
vt 0.212183 0.745243
vt 0.206565 0.781160
vt 0.038235 0.897296
vt 0.230624 0.610094
vt 0.230570 0.587875
vt 0.230551 0.566436
vt 0.230568 0.546508
vt 0.001010 0.537152
vt 0.002200 0.536262
vt 0.009287 0.549620
vt 0.008036 0.550394
vt 0.013941 0.566714
vt 0.018526 0.585555
vt 0.021634 0.606275
vt 0.023159 0.628170
vt 0.023049 0.650494
vt 0.021309 0.672486
vt 0.017996 0.693397
vt 0.013225 0.712516
vt 0.007157 0.729191
vt 0.001181 0.743754
vt 0.000000 0.742855
vt 0.192882 0.717390
vt 0.192917 0.737389
vt 0.192904 0.758871
vt 0.192843 0.781105
vt 0.928797 0.717270
vt 0.928836 0.717270
vt 0.928886 0.717297
vt 0.929595 0.717932
vt 0.928710 0.717285
vt 0.928798 0.717291
vt 0.928739 0.717271
vt 0.928968 0.717341
vt 0.929715 0.718001
vt 0.923278 0.725959
vt 0.929671 0.717976
vt 0.928663 0.717308
vt 0.928643 0.717327
vt 0.922745 0.724631
vt 0.922290 0.725194
vt 0.917663 0.735027
vt 0.911247 0.743029
vt 0.912330 0.743640
vt 0.910948 0.743766
vt 0.908299 0.753580
vt 0.903382 0.762424
vt 0.904533 0.762868
vt 0.902891 0.764673
vt 0.902233 0.773395
vt 0.898929 0.782805
vt 0.900118 0.783073
vt 0.898762 0.786600
vt 0.899644 0.793882
vt 0.898019 0.803568
vt 0.899216 0.803657
vt 0.898698 0.808809
vt 0.900612 0.814428
vt 0.900679 0.824098
vt 0.901853 0.824010
vt 0.902696 0.830552
vt 0.905106 0.834419
vt 0.906831 0.843787
vt 0.907952 0.843530
vt 0.910619 0.851100
vt 0.912993 0.853260
vt 0.916293 0.862053
vt 0.917332 0.861637
vt 0.922200 0.869762
vt 0.924037 0.870387
vt 0.928783 0.878353
vt 0.929715 0.877797
vt 0.192794 0.792459
vt 0.230630 0.610094
vt 0.230576 0.587875
vt 0.230557 0.566436
vt 0.230574 0.546508
vt 0.230619 0.528768
vt 0.230626 0.528768
vt 0.230704 0.513822
vt 0.230711 0.513821
vt 0.013935 0.566714
vt 0.018520 0.585554
vt 0.021628 0.606275
vt 0.023153 0.628170
vt 0.023043 0.650494
vt 0.021303 0.672486
vt 0.017990 0.693397
vt 0.013219 0.712516
vt 0.007152 0.729191
vt 0.192794 0.699555
vt 0.192800 0.699555
vt 0.192876 0.717390
vt 0.192911 0.737389
vt 0.192897 0.758871
vt 0.192836 0.781105
vt 0.582033 0.488146
vt 0.571034 0.486567
vt 0.561940 0.484427
vt 0.906586 0.245793
vt 0.906586 0.236610
vt 0.907031 0.236612
vt 0.906586 0.225767
vt 0.551461 0.480965
vt 0.542796 0.477224
vt 0.905705 0.245824
vt 0.905705 0.236545
vt 0.906150 0.236553
vt 0.905705 0.225767
vt 0.533140 0.472009
vt 0.525173 0.466752
vt 0.461751 0.901992
vt 0.461751 0.892596
vt 0.462194 0.892609
vt 0.461751 0.881860
vt 0.516613 0.459965
vt 0.509596 0.453324
vt 0.695534 0.898908
vt 0.695534 0.889379
vt 0.695975 0.889395
vt 0.695534 0.878668
vt 0.502369 0.445189
vt 0.496531 0.437339
vt 0.187468 0.898096
vt 0.187469 0.888422
vt 0.187907 0.888440
vt 0.187469 0.877725
vt 0.490831 0.428119
vt 0.486367 0.419276
vt 0.461751 0.881860
vt 0.461751 0.872038
vt 0.462187 0.872055
vt 0.461751 0.861353
vt 0.482340 0.409261
vt 0.479409 0.399674
vt 0.710809 0.892187
vt 0.710815 0.892187
vt 0.710761 0.913027
vt 0.917289 0.734801
vt 0.187898 0.877538
vt 0.187898 0.867571
vt 0.188331 0.867586
vt 0.187898 0.856904
vt 0.477147 0.389173
vt 0.475864 0.379119
vt 0.187862 0.820023
vt 0.187431 0.830112
vt 0.187431 0.820011
vt 0.187431 0.809377
vt 0.489815 0.246045
vt 0.489815 0.245975
vt 0.489894 0.246045
vt 0.489894 0.245975
vt 0.489923 0.246045
vt 0.489923 0.245975
vt 0.490014 0.246045
vt 0.490014 0.245975
vt 0.704609 0.890562
vt 0.704609 0.890492
vt 0.704639 0.890562
vt 0.704712 0.890492
vt 0.704712 0.890562
vt 0.704837 0.889924
vt 0.704745 0.889949
vt 0.705127 0.889560
vt 0.705049 0.889487
vt 0.705245 0.889414
vt 0.705505 0.889176
vt 0.705833 0.889155
vt 0.706046 0.889061
vt 0.706047 0.889134
vt 0.489999 0.245406
vt 0.489921 0.245387
vt 0.489995 0.244890
vt 0.489823 0.245663
vt 0.489845 0.245454
vt 0.725407 0.486435
vt 0.725478 0.486434
vt 0.725408 0.487023
vt 0.725479 0.487004
vt 0.725408 0.487521
vt 0.725478 0.487488
vt 0.490071 0.244923
vt 0.725330 0.487023
vt 0.725330 0.486964
vt 0.725402 0.486435
vt 0.725330 0.486435
vt 0.489851 0.245399
vt 0.489894 0.244999
vt 0.725331 0.487641
vt 0.725331 0.487517
vt 0.725331 0.487139
vt 0.706047 0.888984
vt 0.705479 0.889109
vt 0.704999 0.889435
vt 0.704681 0.889921
vt 0.704978 0.891370
vt 0.705123 0.891490
vt 0.705049 0.891568
vt 0.706047 0.891923
vt 0.706046 0.891998
vt 0.705481 0.891788
vt 0.705505 0.891880
vt 0.704729 0.890777
vt 0.726379 0.483022
vt 0.726306 0.483022
vt 0.726306 0.482832
vt 0.726383 0.483022
vt 0.726385 0.482435
vt 0.726455 0.483022
vt 0.726310 0.481957
vt 0.726312 0.481669
vt 0.726387 0.481937
vt 0.489995 0.247139
vt 0.489860 0.246806
vt 0.489921 0.246634
vt 0.704745 0.891105
vt 0.704999 0.891617
vt 0.704681 0.891131
vt 0.489847 0.246573
vt 0.489850 0.246632
vt 0.726307 0.482499
vt 0.726308 0.482442
vt 0.726309 0.482172
vt 0.706047 0.892070
vt 0.705479 0.891945
vt 0.726456 0.482453
vt 0.489999 0.246616
vt 0.490071 0.247105
vt 0.726458 0.481970
vt 0.710806 0.889056
vt 0.710806 0.892010
vt 0.489195 0.246046
vt 0.489197 0.246199
vt 0.489227 0.246570
vt 0.489232 0.246627
vt 0.489255 0.246916
vt 0.479947 0.242748
vt 0.480148 0.242143
vt 0.480148 0.242838
vt 0.479147 0.242838
vt 0.478952 0.242229
vt 0.479274 0.242229
vt 0.725674 0.481945
vt 0.725670 0.482279
vt 0.479465 0.242830
vt 0.479274 0.242229
vt 0.479513 0.242229
vt 0.725668 0.482424
vt 0.725667 0.482485
vt 0.725661 0.483012
vt 0.489195 0.245976
vt 0.724687 0.486598
vt 0.724685 0.486445
vt 0.724690 0.486966
vt 0.724691 0.487024
vt 0.724694 0.487310
vt 0.489347 0.244689
vt 0.490006 0.244593
vt 0.489303 0.244909
vt 0.489226 0.245449
vt 0.489229 0.245388
vt 0.489238 0.245244
vt 0.724695 0.487511
vt 0.725600 0.486936
vt 0.726313 0.487672
vt 0.725335 0.481784
vt 0.724622 0.482521
vt 0.710768 0.888863
vt 0.710809 0.888875
vt 0.710808 0.888910
vt 0.725405 0.481711
vt 0.725479 0.481668
vt 0.710807 0.888953
vt 0.710807 0.888984
vt 0.726384 0.487746
vt 0.710808 0.892153
vt 0.710768 0.892197
vt 0.726458 0.487788
vt 0.710807 0.892112
vt 0.710807 0.892081
vt 0.710813 0.892010
vt 0.710813 0.889056
vt 0.710814 0.892112
vt 0.710815 0.888875
vt 0.710794 0.878668
vt 0.476158 0.354927
vt 0.477701 0.344806
vt 0.480201 0.334417
vt 0.187468 0.877725
vt 0.187468 0.867047
vt 0.187898 0.867046
vt 0.187468 0.856904
vt 0.483394 0.324787
vt 0.487634 0.314902
vt 0.187898 0.898328
vt 0.187898 0.887581
vt 0.188328 0.887574
vt 0.187898 0.877538
vt 0.492355 0.306040
vt 0.498235 0.296964
vt 0.694986 0.899384
vt 0.694985 0.888590
vt 0.695417 0.888578
vt 0.694985 0.878668
vt 0.504318 0.289120
vt 0.511686 0.281139
vt 0.905271 0.246376
vt 0.905271 0.235554
vt 0.905705 0.235538
vt 0.905271 0.225767
vt 0.518928 0.274529
vt 0.527586 0.267900
vt 0.906150 0.246246
vt 0.906150 0.235409
vt 0.906586 0.235391
vt 0.906150 0.225767
vt 0.535753 0.262698
vt 0.545462 0.257642
vt 0.907031 0.246110
vt 0.907031 0.235262
vt 0.907470 0.235244
vt 0.907031 0.225767
vt 0.554295 0.253977
vt 0.564777 0.250671
vt 0.230711 0.630932
vt 0.462181 0.840912
vt 0.462181 0.861353
vt 0.461732 0.852015
vt 0.907470 0.245982
vt 0.907470 0.235120
vt 0.907911 0.235104
vt 0.907470 0.225767
vt 0.574004 0.248626
vt 0.584957 0.247195
vt 0.908354 0.234978
vt 0.907911 0.245879
vt 0.907911 0.234990
vt 0.907911 0.225767
vt 0.710814 0.888953
vt 0.232596 0.130784
vt 0.228883 0.130631
vt 0.232614 0.130736
vt 0.232624 0.130706
vt 0.228884 0.130560
vt 0.232660 0.130668
vt 0.232684 0.130642
vt 0.725511 0.483009
vt 0.725583 0.483011
vt 0.725479 0.486811
vt 0.725525 0.486859
vt 0.228241 0.130484
vt 0.725591 0.482410
vt 0.227703 0.130109
vt 0.227754 0.130060
vt 0.227349 0.129556
vt 0.227227 0.128909
vt 0.227415 0.129530
vt 0.725597 0.481904
vt 0.725526 0.481870
vt 0.725520 0.482391
vt 0.228269 0.130419
vt 0.489116 0.246046
vt 0.489143 0.246647
vt 0.489064 0.246665
vt 0.489036 0.246046
vt 0.227297 0.128911
vt 0.489141 0.247195
vt 0.489218 0.247162
vt 0.489303 0.247120
vt 0.227228 0.128839
vt 0.227298 0.128841
vt 0.489036 0.245976
vt 0.489116 0.245976
vt 0.227363 0.128193
vt 0.489143 0.245375
vt 0.227728 0.127648
vt 0.227778 0.127701
vt 0.228274 0.127285
vt 0.228917 0.127155
vt 0.228300 0.127352
vt 0.230529 0.393014
vt 0.230468 0.393107
vt 0.230468 0.392716
vt 0.489219 0.244869
vt 0.489142 0.244835
vt 0.489064 0.245357
vt 0.227428 0.128222
vt 0.724607 0.486446
vt 0.724615 0.487045
vt 0.724543 0.487064
vt 0.724535 0.486448
vt 0.228916 0.127225
vt 0.724547 0.487588
vt 0.724618 0.487554
vt 0.724553 0.482592
vt 0.724546 0.482599
vt 0.724476 0.482671
vt 0.724466 0.482682
vt 0.232682 0.127188
vt 0.232646 0.127124
vt 0.232641 0.127116
vt 0.460972 0.892063
vt 0.460902 0.892111
vt 0.460893 0.892113
vt 0.461729 0.891414
vt 0.461684 0.891439
vt 0.455306 0.883442
vt 0.461607 0.891482
vt 0.460798 0.892134
vt 0.460784 0.892137
vt 0.460709 0.892119
vt 0.460700 0.892117
vt 0.460644 0.892074
vt 0.230664 0.621451
vt 0.454759 0.884756
vt 0.454305 0.884193
vt 0.449703 0.874357
vt 0.443286 0.866323
vt 0.444382 0.865727
vt 0.442988 0.865585
vt 0.440360 0.855767
vt 0.435439 0.846889
vt 0.436602 0.846460
vt 0.434949 0.844635
vt 0.434307 0.835910
vt 0.430996 0.826465
vt 0.432197 0.826212
vt 0.430830 0.822661
vt 0.431724 0.815379
vt 0.430088 0.805656
vt 0.431297 0.805583
vt 0.430765 0.800403
vt 0.432690 0.794788
vt 0.432742 0.785079
vt 0.433929 0.785183
vt 0.437174 0.774750
vt 0.434754 0.778610
vt 0.440014 0.765618
vt 0.438881 0.765343
vt 0.445043 0.755863
vt 0.442660 0.758013
vt 0.449373 0.747465
vt 0.448321 0.747033
vt 0.456063 0.738694
vt 0.454215 0.739305
vt 0.461729 0.731264
vt 0.460784 0.730691
vt 0.480661 0.373559
vt 0.475916 0.358154
vt 0.475951 0.358055
vt 0.476237 0.355113
vt 0.476221 0.355010
vt 0.481765 0.351591
vt 0.486914 0.330206
vt 0.495924 0.310177
vt 0.508468 0.292228
vt 0.524094 0.277008
vt 0.542235 0.265068
vt 0.562237 0.256837
vt 0.583377 0.252615
vt 0.604891 0.252554
vt 0.605399 0.247318
vt 0.626001 0.256655
vt 0.626833 0.251419
vt 0.645943 0.264771
vt 0.647139 0.259480
vt 0.663999 0.276608
vt 0.665625 0.271228
vt 0.679514 0.291739
vt 0.681663 0.286262
vt 0.691928 0.309616
vt 0.694706 0.304071
vt 0.700792 0.329594
vt 0.704310 0.324047
vt 0.705786 0.350950
vt 0.710148 0.345511
vt 0.706730 0.372912
vt 0.712020 0.367732
vt 0.703589 0.394688
vt 0.709864 0.389953
vt 0.696477 0.415489
vt 0.703753 0.411417
vt 0.685651 0.434564
vt 0.693895 0.431393
vt 0.671503 0.451224
vt 0.680625 0.449202
vt 0.654542 0.464866
vt 0.664395 0.464236
vt 0.635384 0.474997
vt 0.645759 0.475984
vt 0.614719 0.481252
vt 0.625350 0.484045
vt 0.593295 0.483404
vt 0.603864 0.488146
vt 0.582541 0.482911
vt 0.571887 0.481374
vt 0.551267 0.475238
vt 0.532182 0.465216
vt 0.515320 0.451671
vt 0.501292 0.435092
vt 0.490605 0.416078
vt 0.483644 0.395317
vt 0.475838 0.358223
vt 0.230475 0.343948
vt 0.230566 0.346419
vt 0.230475 0.350506
vt 0.230475 0.366081
vt 0.230552 0.368608
vt 0.230475 0.372287
vt 0.230471 0.398297
vt 0.230552 0.401415
vt 0.230471 0.403471
vt 0.018338 0.755373
vt 0.051507 0.942696
vt 0.017504 0.755762
vt 0.011582 0.758525
vt 0.050370 0.940695
vt 0.045726 0.930599
vt 0.045200 0.929274
vt 0.230522 0.382524
vt 0.230522 0.383583
vt 0.230475 0.382856
vt 0.230471 0.409720
vt 0.230512 0.408320
vt 0.230546 0.412719
vt 0.230471 0.412720
vt 0.230471 0.413169
vt 0.230471 0.413579
vt 0.230561 0.413169
vt 0.230561 0.416909
vt 0.036501 0.893934
vt 0.036462 0.889153
vt 0.036436 0.886088
vt 0.230471 0.420943
vt 0.230563 0.420672
vt 0.230563 0.421724
vt 0.036485 0.885297
vt 0.036783 0.880511
vt 0.036805 0.880157
vt 0.036998 0.877048
vt 0.037444 0.873062
vt 0.037581 0.871837
vt 0.038045 0.867688
vt 0.038753 0.863212
vt 0.041456 0.849068
vt 0.040290 0.854670
vt 0.039512 0.858410
vt 0.039146 0.860723
vt 0.046901 0.830159
vt 0.044988 0.836263
vt 0.044393 0.838161
vt 0.043723 0.840296
vt 0.042168 0.846315
vt 0.041629 0.848397
vt 0.180010 0.222851
vt 0.180460 0.223201
vt 0.179851 0.223028
vt 0.180868 0.223529
vt 0.182257 0.224946
vt 0.710824 0.845109
vt 0.711100 0.842904
vt 0.711100 0.852291
vt 0.899507 0.237344
vt 0.899829 0.243413
vt 0.899507 0.245914
vt 0.054838 0.810253
vt 0.053721 0.812852
vt 0.052829 0.814925
vt 0.050656 0.819974
vt 0.049749 0.822411
vt 0.049023 0.824361
vt 0.047102 0.829521
vt 0.172003 0.216662
vt 0.178888 0.222260
vt 0.462389 0.748233
vt 0.462212 0.740673
vt 0.462389 0.738864
vt 0.173040 0.217440
vt 0.162372 0.209505
vt 0.164731 0.211214
vt 0.462211 0.779400
vt 0.462201 0.777641
vt 0.462394 0.780548
vt 0.462412 0.782315
vt 0.167136 0.213016
vt 0.168574 0.214093
vt 0.037329 0.885290
vt 0.206448 0.793296
vt 0.036686 0.885290
vt 0.039605 0.860727
vt 0.162525 0.209143
vt 0.164064 0.205612
vt 0.108192 0.164720
vt 0.179170 0.195094
vt 0.205241 0.793291
vt 0.206025 0.805309
vt 0.207337 0.817089
vt 0.209153 0.828512
vt 0.216653 0.839483
vt 0.212898 0.828525
vt 0.221130 0.849865
vt 0.868132 0.240858
vt 0.868132 0.245197
vt 0.867553 0.244912
vt 0.868132 0.246024
vt 0.226277 0.859567
vt 0.231392 0.748639
vt 0.231392 0.756887
vt 0.231264 0.756857
vt 0.231392 0.760004
vt 0.182712 0.205950
vt 0.189428 0.215188
vt 0.192025 0.214535
vt 0.197594 0.223104
vt 0.711101 0.821677
vt 0.711101 0.832299
vt 0.710824 0.829651
vt 0.868132 0.237363
vt 0.175443 0.196029
vt 0.898234 0.241208
vt 0.898555 0.237518
vt 0.898555 0.246987
vt 0.172135 0.184471
vt 0.164661 0.173325
vt 0.156878 0.161790
vt 0.148860 0.149974
vt 0.140678 0.137987
vt 0.133354 0.139695
vt 0.118604 0.131808
vt 0.126608 0.142684
vt 0.117868 0.132279
vt 0.120579 0.146818
vt 0.111379 0.136891
vt 0.113362 0.135159
vt 0.115407 0.151960
vt 0.105794 0.142539
vt 0.108193 0.139675
vt 0.111232 0.157973
vt 0.101266 0.149110
vt 0.103803 0.144915
vt 0.119703 0.174020
vt 0.130995 0.183196
vt 0.152507 0.200839
vt 0.141964 0.192163
vt 0.462412 0.774780
vt 0.173203 0.214026
vt 0.181651 0.221871
vt 0.056399 0.812888
vt 0.050796 0.824373
vt 0.046092 0.836256
vt 0.042344 0.848416
vt 0.037920 0.873062
vt 0.209917 0.817097
vt 0.207753 0.805315
vt 0.187137 0.228571
vt 0.190479 0.227306
vt 0.183105 0.219687
vt 0.154321 0.196712
vt 0.166197 0.202465
vt 0.174984 0.211378
vt 0.177202 0.209110
vt 0.184919 0.217812
vt 0.187043 0.216297
vt 0.193618 0.224559
vt 0.144069 0.187410
vt 0.133404 0.177793
vt 0.122424 0.167951
vt 0.156832 0.193033
vt 0.146976 0.183174
vt 0.136723 0.172978
vt 0.126168 0.162542
vt 0.168853 0.199772
vt 0.159953 0.189887
vt 0.150587 0.179551
vt 0.140842 0.168861
vt 0.130809 0.157917
vt 0.179798 0.207281
vt 0.171959 0.197603
vt 0.163601 0.187355
vt 0.154803 0.176638
vt 0.145649 0.165551
vt 0.136222 0.154198
vt 0.167690 0.185522
vt 0.159527 0.174531
vt 0.151031 0.163158
vt 0.142280 0.151510
vt 0.037898 0.885321
vt 0.038635 0.873118
vt 0.040561 0.860824
vt 0.043633 0.848568
vt 0.047801 0.836479
vt 0.053009 0.824679
vt 0.199457 0.231982
vt 0.197030 0.234157
vt 0.206944 0.793298
vt 0.208484 0.805318
vt 0.211030 0.817101
vt 0.214536 0.828531
vt 0.218949 0.839492
vt 0.224209 0.849877
vt 0.230256 0.859582
vt 0.230581 0.343948
vt 0.230490 0.341468
vt 0.230581 0.337369
vt 0.230552 0.366081
vt 0.230475 0.363552
vt 0.230552 0.359874
vt 0.180713 0.035883
vt 0.181370 0.035404
vt 0.462416 0.730691
vt 0.462416 0.738864
vt 0.462212 0.735723
vt 0.230552 0.398297
vt 0.230471 0.395169
vt 0.230552 0.393107
vt 0.187485 0.902801
vt 0.187781 0.898328
vt 0.187608 0.902808
vt 0.187453 0.903519
vt 0.184894 0.032833
vt 0.899179 0.247004
vt 0.898876 0.243694
vt 0.899179 0.237421
vt 0.899507 0.240738
vt 0.899179 0.245914
vt 0.899179 0.237421
vt 0.230463 0.384642
vt 0.230463 0.383583
vt 0.230509 0.384310
vt 0.230547 0.406920
vt 0.230505 0.408320
vt 0.230471 0.403921
vt 0.230547 0.403920
vt 0.230547 0.403471
vt 0.230554 0.420217
vt 0.230471 0.420672
vt 0.230471 0.416909
vt 0.676912 0.776564
vt 0.677306 0.771916
vt 0.677559 0.768937
vt 0.230554 0.422505
vt 0.230463 0.422775
vt 0.230463 0.421724
vt 0.677678 0.768194
vt 0.678402 0.763700
vt 0.678456 0.763368
vt 0.678926 0.760450
vt 0.679720 0.756847
vt 0.679964 0.755740
vt 0.680791 0.751991
vt 0.681882 0.748109
vt 0.018115 0.524875
vt 0.015804 0.524465
vt 0.013352 0.522702
vt 0.685782 0.736175
vt 0.684145 0.740833
vt 0.683053 0.743943
vt 0.682489 0.745950
vt 0.030435 0.531458
vt 0.025531 0.529044
vt 0.024006 0.528294
vt 0.022290 0.527450
vt 0.017839 0.525402
vt 0.016299 0.524693
vt 0.058280 0.546499
vt 0.057691 0.546163
vt 0.057130 0.545849
vt 0.048489 0.541025
vt 0.046030 0.539694
vt 0.044068 0.538632
vt 0.039289 0.536047
vt 0.037160 0.534940
vt 0.035457 0.534054
vt 0.030948 0.531710
vt 0.068677 0.552458
vt 0.067386 0.551706
vt 0.230490 0.326808
vt 0.230541 0.332729
vt 0.230490 0.332194
vt 0.230566 0.335564
vt 0.230490 0.337369
vt 0.077721 0.557729
vt 0.074729 0.555986
vt 0.072941 0.554944
vt 0.678527 0.768109
vt 0.216938 0.597993
vt 0.677881 0.768168
vt 0.682952 0.745848
vt 0.080419 0.559750
vt 0.079021 0.563280
vt 0.138565 0.603569
vt 0.065161 0.573800
vt 0.218144 0.597992
vt 0.217270 0.585988
vt 0.215867 0.574232
vt 0.213959 0.562840
vt 0.206367 0.551943
vt 0.210214 0.562851
vt 0.201798 0.541622
vt 0.868703 0.242863
vt 0.868703 0.237653
vt 0.869175 0.238035
vt 0.868703 0.236660
vt 0.196562 0.531990
vt 0.052651 0.560505
vt 0.046782 0.554914
vt 0.046936 0.554841
vt 0.044563 0.552801
vt 0.058911 0.563169
vt 0.049317 0.554188
vt 0.038030 0.546558
vt 0.710824 0.842904
vt 0.710824 0.832299
vt 0.711101 0.834944
vt 0.868703 0.247059
vt 0.068619 0.572862
vt 0.898876 0.243313
vt 0.898555 0.246999
vt 0.898555 0.237535
vt 0.074268 0.584226
vt 0.083285 0.595213
vt 0.092111 0.606625
vt 0.100663 0.618357
vt 0.108863 0.630298
vt 0.115576 0.628592
vt 0.129287 0.636472
vt 0.121755 0.625604
vt 0.129961 0.636001
vt 0.127270 0.621471
vt 0.135897 0.631390
vt 0.134084 0.633122
vt 0.131996 0.616329
vt 0.141000 0.625743
vt 0.138810 0.628607
vt 0.135803 0.610317
vt 0.145129 0.619172
vt 0.142817 0.623366
vt 0.127321 0.594315
vt 0.115775 0.585223
vt 0.092213 0.567860
vt 0.104036 0.576377
vt 0.080532 0.559389
vt 0.067604 0.555093
vt 0.056425 0.547506
vt 0.044541 0.542357
vt 0.034414 0.535817
vt 0.024825 0.530143
vt 0.015880 0.525402
vt 0.686729 0.735531
vt 0.011984 0.522840
vt 0.680201 0.756741
vt 0.213289 0.574238
vt 0.215544 0.585991
vt 0.055100 0.549690
vt 0.090564 0.571987
vt 0.077076 0.566428
vt 0.065981 0.557741
vt 0.063955 0.560009
vt 0.053443 0.551564
vt 0.051501 0.553080
vt 0.041673 0.545104
vt 0.102123 0.581131
vt 0.113587 0.590626
vt 0.124849 0.600384
vt 0.088276 0.575666
vt 0.099473 0.585367
vt 0.110560 0.595440
vt 0.121435 0.605793
vt 0.074650 0.569121
vt 0.085424 0.578812
vt 0.096174 0.588989
vt 0.106797 0.599557
vt 0.117195 0.610417
vt 0.061580 0.561838
vt 0.071809 0.571290
vt 0.082087 0.581343
vt 0.092317 0.591901
vt 0.102400 0.602866
vt 0.112243 0.614135
vt 0.078343 0.583175
vt 0.087991 0.594008
vt 0.097471 0.605259
vt 0.106694 0.616822
vt 0.679098 0.768026
vt 0.680920 0.756620
vt 0.683913 0.745664
vt 0.188331 0.831636
vt 0.187480 0.843534
vt 0.187480 0.831421
vt 0.006877 0.522599
vt 0.007681 0.521657
vt 0.014701 0.526671
vt 0.023173 0.531824
vt 0.032197 0.537992
vt 0.216443 0.597992
vt 0.214815 0.585991
vt 0.212177 0.574239
vt 0.208579 0.562854
vt 0.204075 0.551947
vt 0.198723 0.541626
vt 0.029379 0.539178
vt 0.489048 0.242003
vt 0.489112 0.242547
vt 0.489040 0.242529
vt 0.489108 0.243147
vt 0.489186 0.243147
vt 0.489190 0.242618
vt 0.489191 0.242560
vt 0.489192 0.242412
vt 0.230536 0.424711
vt 0.230464 0.424706
vt 0.230464 0.424404
vt 0.727369 0.482421
vt 0.727298 0.482155
vt 0.727381 0.481911
vt 0.230534 0.425686
vt 0.230515 0.425975
vt 0.230464 0.425686
vt 0.727365 0.483023
vt 0.727440 0.482404
vt 0.014733 0.899349
vt 0.014801 0.899352
vt 0.014735 0.899991
vt 0.014427 0.900558
vt 0.013922 0.900967
vt 0.727288 0.483023
vt 0.727289 0.482871
vt 0.230464 0.425159
vt 0.230464 0.424768
vt 0.727452 0.481878
vt 0.489120 0.242036
vt 0.489198 0.242076
vt 0.013887 0.900895
vt 0.013294 0.901162
vt 0.013285 0.901082
vt 0.727436 0.483023
vt 0.014371 0.900504
vt 0.014666 0.899961
vt 0.489037 0.243147
vt 0.014795 0.899284
vt 0.014726 0.899280
vt 0.489037 0.243217
vt 0.489108 0.243217
vt 0.489186 0.243217
vt 0.722502 0.481912
vt 0.722469 0.482456
vt 0.722385 0.482441
vt 0.722440 0.483057
vt 0.722518 0.483055
vt 0.722552 0.482525
vt 0.722556 0.482466
vt 0.722565 0.482319
vt 0.722672 0.481978
vt 0.722582 0.481942
vt 0.722743 0.481754
vt 0.489194 0.244084
vt 0.489120 0.244329
vt 0.489112 0.243819
vt 0.489191 0.243798
vt 0.489040 0.243837
vt 0.722356 0.483059
vt 0.722287 0.483061
vt 0.722314 0.482416
vt 0.013627 0.897853
vt 0.012975 0.897778
vt 0.014201 0.898163
vt 0.014610 0.898665
vt 0.489187 0.243369
vt 0.489191 0.243739
vt 0.489048 0.244363
vt 0.230535 0.385693
vt 0.230535 0.386086
vt 0.230476 0.385786
vt 0.014546 0.898688
vt 0.014154 0.898207
vt 0.722437 0.481864
vt 0.009265 0.898005
vt 0.009252 0.898051
vt 0.009244 0.898079
vt 0.722419 0.486803
vt 0.722470 0.486837
vt 0.722503 0.486859
vt 0.722553 0.486905
vt 0.722635 0.486978
vt 0.728224 0.486907
vt 0.728165 0.486978
vt 0.728107 0.483053
vt 0.841679 0.997897
vt 0.841635 0.994047
vt 0.841685 0.997890
vt 0.841815 0.994040
vt 0.841898 0.994040
vt 0.841910 0.997753
vt 0.728175 0.483052
vt 0.728228 0.486900
vt 0.841673 0.994044
vt 0.841751 0.997816
vt 0.841736 0.994042
vt 0.841760 0.997805
vt 0.841832 0.997769
vt 0.841841 0.997764
vt 0.491022 0.247195
vt 0.490951 0.246650
vt 0.491022 0.246668
vt 0.490954 0.246050
vt 0.490874 0.246050
vt 0.490873 0.246579
vt 0.490873 0.246638
vt 0.490872 0.246785
vt 0.230540 0.423953
vt 0.230463 0.423950
vt 0.230463 0.423647
vt 0.230540 0.425686
vt 0.230464 0.425432
vt 0.230540 0.425159
vt 0.230541 0.423368
vt 0.230463 0.423647
vt 0.230468 0.423354
vt 0.841554 0.993442
vt 0.841616 0.993422
vt 0.840190 0.992400
vt 0.840203 0.992330
vt 0.840822 0.992471
vt 0.840208 0.992249
vt 0.840377 0.992262
vt 0.841152 0.992569
vt 0.841345 0.992844
vt 0.841368 0.992821
vt 0.841693 0.993394
vt 0.841692 0.993200
vt 0.728108 0.482900
vt 0.728213 0.482450
vt 0.230463 0.424404
vt 0.230463 0.424013
vt 0.841283 0.992895
vt 0.841231 0.992930
vt 0.490951 0.247162
vt 0.230463 0.422776
vt 0.230522 0.384642
vt 0.230522 0.385107
vt 0.230463 0.384779
vt 0.840782 0.992538
vt 0.491022 0.246050
vt 0.490874 0.245980
vt 0.490954 0.245980
vt 0.491022 0.245980
vt 0.840122 0.992398
vt 0.840135 0.992328
vt 0.840141 0.992247
vt 0.723480 0.481888
vt 0.723548 0.482432
vt 0.723475 0.482415
vt 0.723544 0.483032
vt 0.723626 0.483032
vt 0.723626 0.482503
vt 0.723626 0.482444
vt 0.723626 0.482297
vt 0.723631 0.481959
vt 0.723553 0.481920
vt 0.723635 0.481736
vt 0.490871 0.245113
vt 0.490949 0.244869
vt 0.490950 0.245378
vt 0.490872 0.245399
vt 0.491021 0.245360
vt 0.838526 0.993961
vt 0.838469 0.993956
vt 0.838613 0.993318
vt 0.838398 0.993952
vt 0.838413 0.993769
vt 0.838718 0.992975
vt 0.838977 0.992785
vt 0.838959 0.992765
vt 0.839510 0.992438
vt 0.839336 0.992434
vt 0.490873 0.245827
vt 0.490872 0.245458
vt 0.491020 0.244835
vt 0.839523 0.992507
vt 0.839012 0.992839
vt 0.838664 0.993350
vt 0.723474 0.483032
vt 0.838380 0.997695
vt 0.723441 0.486776
vt 0.723479 0.486812
vt 0.723503 0.486835
vt 0.723550 0.486881
vt 0.723627 0.486957
vt 0.727365 0.486878
vt 0.727295 0.486949
vt 0.727372 0.486871
vt 0.727442 0.486800
vt 0.727452 0.486790
vt 0.009543 0.901501
vt 0.009586 0.901567
vt 0.009591 0.901576
vt 0.726572 0.487675
vt 0.726643 0.483025
vt 0.727293 0.482501
vt 0.726653 0.482494
vt 0.726654 0.482435
vt 0.727294 0.482441
vt 0.726656 0.482319
vt 0.726669 0.481938
vt 0.489821 0.243147
vt 0.489822 0.242835
vt 0.489824 0.242625
vt 0.489825 0.242570
vt 0.489830 0.242167
vt 0.726673 0.481813
vt 0.727305 0.481953
vt 0.479947 0.242838
vt 0.479736 0.242239
vt 0.479947 0.242172
vt 0.489821 0.243217
vt 0.489825 0.243744
vt 0.489825 0.243803
vt 0.489826 0.243976
vt 0.723364 0.481669
vt 0.489198 0.244286
vt 0.489834 0.244289
vt 0.478699 0.242587
vt 0.478952 0.242063
vt 0.478952 0.242838
vt 0.489204 0.244593
vt 0.489840 0.244521
vt 0.723173 0.482182
vt 0.723145 0.482454
vt 0.723140 0.482512
vt 0.723106 0.482847
vt 0.723109 0.483037
vt 0.723321 0.487682
vt 0.727511 0.487713
vt 0.727516 0.483062
vt 0.365523 0.488303
vt 0.365551 0.488307
vt 0.365597 0.488329
vt 0.364983 0.488249
vt 0.365626 0.488343
vt 0.365661 0.488384
vt 0.365684 0.488411
vt 0.365693 0.488459
vt 0.365707 0.488538
vt 0.365609 0.489265
vt 0.365620 0.489342
vt 0.841393 0.998837
vt 0.841414 0.998797
vt 0.842111 0.998856
vt 0.841454 0.998720
vt 0.841648 0.997969
vt 0.842430 0.997767
vt 0.230468 0.336717
vt 0.230483 0.336174
vt 0.356326 0.488209
vt 0.356298 0.489268
vt 0.342747 0.488146
vt 0.334297 0.489664
vt 0.334458 0.490711
vt 0.320861 0.492079
vt 0.312893 0.495080
vt 0.313239 0.496080
vt 0.300053 0.499917
vt 0.292822 0.504278
vt 0.293341 0.505198
vt 0.281012 0.511400
vt 0.274746 0.516954
vt 0.275420 0.517765
vt 0.264372 0.526148
vt 0.259260 0.532691
vt 0.260068 0.533367
vt 0.250684 0.543671
vt 0.246877 0.550970
vt 0.247792 0.551488
vt 0.240402 0.563386
vt 0.128428 0.281543
vt 0.120512 0.281432
vt 0.106863 0.281239
vt 0.092871 0.280014
vt 0.092859 0.281088
vt 0.084768 0.279939
vt 0.084827 0.281013
vt 0.070867 0.279849
vt 0.071045 0.280924
vt 0.062805 0.279797
vt 0.063052 0.280873
vt 0.185754 0.794046
vt 0.186589 0.794679
vt 0.178466 0.806003
vt 0.179364 0.806533
vt 0.174182 0.813032
vt 0.175116 0.813502
vt 0.169210 0.826047
vt 0.170187 0.826404
vt 0.166246 0.833803
vt 0.167249 0.834094
vt 0.163731 0.847435
vt 0.164756 0.847608
vt 0.162212 0.855670
vt 0.163249 0.855772
vt 0.162212 0.869461
vt 0.163249 0.869444
vt 0.162212 0.877906
vt 0.163249 0.877816
vt 0.164701 0.891399
vt 0.165717 0.891193
vt 0.166246 0.899772
vt 0.167249 0.899494
vt 0.171118 0.912524
vt 0.172078 0.912136
vt 0.174182 0.920545
vt 0.175116 0.920087
vt 0.181249 0.932140
vt 0.182122 0.931583
vt 0.185754 0.939532
vt 0.186589 0.938911
vt 0.490239 0.246051
vt 0.490239 0.246362
vt 0.490239 0.246572
vt 0.490239 0.246628
vt 0.490238 0.247031
vt 0.490873 0.247122
vt 0.478296 0.242308
vt 0.478699 0.241913
vt 0.478382 0.242408
vt 0.479736 0.242202
vt 0.479736 0.242838
vt 0.479513 0.242835
vt 0.727701 0.481975
vt 0.728203 0.482185
vt 0.727581 0.482356
vt 0.728165 0.482471
vt 0.727570 0.482472
vt 0.728157 0.482530
vt 0.727565 0.482531
vt 0.490239 0.245981
vt 0.724268 0.482842
vt 0.724270 0.483032
vt 0.724266 0.482508
vt 0.724266 0.482450
vt 0.724264 0.482179
vt 0.490235 0.244678
vt 0.490872 0.244912
vt 0.490236 0.244910
vt 0.490237 0.245222
vt 0.724271 0.481669
vt 0.490238 0.245395
vt 0.490238 0.245454
vt 0.724351 0.487682
vt 0.723319 0.483028
vt 0.723336 0.483027
vt 0.723400 0.485914
vt 0.723441 0.487792
vt 0.723400 0.487755
vt 0.723177 0.483034
vt 0.723184 0.483033
vt 0.723272 0.483029
vt 0.723337 0.482861
vt 0.723339 0.482473
vt 0.716129 0.482477
vt 0.723418 0.482233
vt 0.723441 0.481999
vt 0.716442 0.482011
vt 0.723378 0.481961
vt 0.723272 0.482454
vt 0.723307 0.481938
vt 0.723198 0.482443
vt 0.716905 0.481703
vt 0.716894 0.481650
vt 0.489892 0.243807
vt 0.489901 0.244309
vt 0.717447 0.481594
vt 0.717449 0.481572
vt 0.489990 0.243217
vt 0.489958 0.243792
vt 0.489915 0.243217
vt 0.489888 0.243217
vt 0.716413 0.481971
vt 0.489967 0.244283
vt 0.717516 0.481594
vt 0.489888 0.243147
vt 0.489915 0.243147
vt 0.489990 0.243147
vt 0.717518 0.481572
vt 0.489901 0.242055
vt 0.489967 0.242081
vt 0.489958 0.242571
vt 0.718514 0.482011
vt 0.718055 0.481703
vt 0.489892 0.242557
vt 0.718822 0.482477
vt 0.718885 0.482455
vt 0.726586 0.482433
vt 0.726601 0.481930
vt 0.718935 0.483028
vt 0.718987 0.483029
vt 0.726495 0.483022
vt 0.726521 0.482446
vt 0.726568 0.483023
vt 0.726575 0.483024
vt 0.718087 0.481650
vt 0.718565 0.481971
vt 0.726537 0.481955
vt 0.726458 0.485909
vt 0.726460 0.487788
vt 0.726498 0.487750
vt 0.232814 0.598741
vt 0.238349 0.596364
vt 0.232814 0.620714
vt 0.237850 0.617712
vt 0.236789 0.642325
vt 0.241283 0.638789
vt 0.244607 0.662861
vt 0.248531 0.658876
vt 0.256011 0.681644
vt 0.259346 0.677290
vt 0.270625 0.698055
vt 0.273361 0.693403
vt 0.287966 0.711552
vt 0.290098 0.706666
vt 0.307463 0.721690
vt 0.308987 0.716629
vt 0.328471 0.728134
vt 0.329386 0.722951
vt 0.350299 0.730672
vt 0.350598 0.725418
vt 0.372226 0.729221
vt 0.371903 0.723945
vt 0.393528 0.723827
vt 0.392574 0.718583
vt 0.413503 0.714670
vt 0.411908 0.709514
vt 0.431492 0.702050
vt 0.429246 0.697047
vt 0.446902 0.686385
vt 0.443997 0.681606
vt 0.459223 0.668191
vt 0.455660 0.663718
vt 0.468050 0.648069
vt 0.463837 0.643991
vt 0.473092 0.626681
vt 0.468250 0.623098
vt 0.473475 0.623706
vt 0.233124 0.595756
vt 0.242762 0.575471
vt 0.250939 0.555744
vt 0.262602 0.537856
vt 0.277353 0.522415
vt 0.294691 0.509948
vt 0.314025 0.500879
vt 0.334696 0.495517
vt 0.356001 0.494044
vt 0.377213 0.496511
vt 0.397612 0.502833
vt 0.416501 0.512796
vt 0.433238 0.526059
vt 0.447253 0.542172
vt 0.458068 0.560586
vt 0.465316 0.580673
vt 0.468749 0.601749
vt 0.473785 0.620721
vt 0.462198 0.826960
vt 0.462198 0.840912
vt 0.461730 0.826960
vt 0.231100 0.466397
vt 0.230573 0.452447
vt 0.231100 0.444430
vt 0.711088 0.730115
vt 0.710915 0.752081
vt 0.710815 0.752087
vt 0.711088 0.755075
vt 0.092857 0.281092
vt 0.462198 0.818869
vt 0.233820 0.628756
vt 0.188332 0.831421
vt 0.187862 0.817539
vt 0.188332 0.817539
vt 0.188332 0.809377
vt 0.239256 0.650119
vt 0.231200 0.816062
vt 0.230729 0.802250
vt 0.231200 0.802250
vt 0.231200 0.794019
vt 0.248479 0.670141
vt 0.231200 0.794019
vt 0.230728 0.780277
vt 0.231200 0.780277
vt 0.231200 0.771976
vt 0.261181 0.688157
vt 0.231200 0.771976
vt 0.230726 0.758303
vt 0.231200 0.758303
vt 0.231200 0.749932
vt 0.276942 0.703569
vt 0.231202 0.749932
vt 0.230726 0.736330
vt 0.231202 0.736330
vt 0.231202 0.727889
vt 0.295238 0.715866
vt 0.231188 0.557070
vt 0.230711 0.543538
vt 0.231188 0.543538
vt 0.231188 0.535026
vt 0.315461 0.724640
vt 0.231052 0.510485
vt 0.230573 0.497023
vt 0.231052 0.497023
vt 0.719192 0.483030
vt 0.719209 0.482865
vt 0.719460 0.482244
vt 0.720603 0.481660
vt 0.721561 0.482078
vt 0.720569 0.481660
vt 0.720068 0.481791
vt 0.720637 0.481660
vt 0.720763 0.481667
vt 0.721411 0.481906
vt 0.719923 0.481829
vt 0.719645 0.482078
vt 0.721879 0.482443
vt 0.721893 0.482496
vt 0.722041 0.483030
vt 0.722178 0.485913
vt 0.722267 0.487790
vt 0.231052 0.488441
vt 0.336941 0.729598
vt 0.337684 0.729697
vt 0.340974 0.730080
vt 0.719078 0.487790
vt 0.719123 0.485913
vt 0.351193 0.730691
vt 0.230475 0.373180
vt 0.230509 0.372287
vt 0.230509 0.373180
vt 0.230509 0.382524
vt 0.231370 0.747222
vt 0.231370 0.748640
vt 0.231256 0.747222
vt 0.231256 0.705844
vt 0.231378 0.707260
vt 0.231256 0.727818
vt 0.230573 0.281543
vt 0.230572 0.303518
vt 0.230549 0.303518
vt 0.230573 0.303781
vt 0.371965 0.729262
vt 0.231370 0.727818
vt 0.411252 0.715929
vt 0.231052 0.487217
vt 0.231246 0.489790
vt 0.231052 0.489790
vt 0.231052 0.508039
vt 0.428603 0.704421
vt 0.710824 0.800856
vt 0.711088 0.804584
vt 0.710824 0.804584
vt 0.710824 0.821677
vt 0.443724 0.690109
vt 0.910886 0.225766
vt 0.911208 0.230652
vt 0.910886 0.230652
vt 0.910886 0.246587
vt 0.456166 0.673416
vt 0.910193 0.225767
vt 0.910563 0.231809
vt 0.910193 0.231809
vt 0.910193 0.246588
vt 0.465563 0.654837
vt 0.908761 0.225767
vt 0.909167 0.232967
vt 0.908761 0.232967
vt 0.908761 0.246588
vt 0.471634 0.634922
vt 0.230462 0.304408
vt 0.230566 0.312776
vt 0.230462 0.312776
vt 0.230462 0.315775
vt 0.230543 0.287003
vt 0.368930 0.489727
vt 0.368958 0.489654
vt 0.369031 0.488925
vt 0.369111 0.488783
vt 0.369056 0.488849
vt 0.369051 0.488856
vt 0.369119 0.488773
vt 0.369186 0.488744
vt 0.369195 0.488740
vt 0.369265 0.488738
vt 0.378340 0.490320
vt 0.379228 0.490475
vt 0.399291 0.496687
vt 0.957828 0.025976
vt 0.954606 0.018175
vt 0.947722 0.006285
vt 0.946832 0.006845
vt 0.944084 0.000000
vt 0.943225 0.000615
vt 0.116723 0.794046
vt 0.101968 0.793961
vt 0.095936 0.793926
vt 0.080106 0.793876
vt 0.075254 0.793860
vt 0.460681 0.551736
vt 0.451214 0.537327
vt 0.450367 0.537963
vt 0.449148 0.534184
vt 0.436552 0.520762
vt 0.435832 0.521540
vt 0.434777 0.518870
vt 0.419134 0.507105
vt 0.418564 0.508001
vt 0.417992 0.506246
vt 0.399527 0.496807
vt 0.399126 0.497792
vt 0.719180 0.483029
vt 0.724466 0.485916
vt 0.724466 0.487795
vt 0.724427 0.487757
vt 0.724339 0.483031
vt 0.724346 0.483031
vt 0.724422 0.483029
vt 0.719144 0.483027
vt 0.230488 0.337105
vt 0.230475 0.337271
vt 0.230475 0.336717
vt 0.719289 0.482478
vt 0.230569 0.304014
vt 0.230549 0.304253
vt 0.230549 0.303781
vt 0.719592 0.482012
vt 0.724400 0.481962
vt 0.724399 0.482453
vt 0.724334 0.481937
vt 0.724333 0.482441
vt 0.720043 0.481703
vt 0.720034 0.481648
vt 0.490170 0.245391
vt 0.490168 0.244889
vt 0.720576 0.481595
vt 0.720579 0.481572
vt 0.490072 0.245981
vt 0.490105 0.245405
vt 0.490145 0.245981
vt 0.490172 0.245981
vt 0.724450 0.482475
vt 0.719250 0.482453
vt 0.719565 0.481969
vt 0.490103 0.244916
vt 0.720644 0.481595
vt 0.720646 0.481572
vt 0.490172 0.246051
vt 0.490145 0.246051
vt 0.490072 0.246051
vt 0.490170 0.247143
vt 0.490105 0.247117
vt 0.490106 0.246626
vt 0.721632 0.482012
vt 0.721176 0.481703
vt 0.490171 0.246641
vt 0.721941 0.482478
vt 0.722006 0.482453
vt 0.727504 0.482471
vt 0.478341 0.242461
vt 0.722060 0.483029
vt 0.722113 0.483027
vt 0.722180 0.483025
vt 0.722056 0.482437
vt 0.727452 0.483062
vt 0.727458 0.483062
vt 0.721210 0.481648
vt 0.721684 0.481969
vt 0.721727 0.481941
vt 0.478699 0.242838
vt 0.230463 0.385694
vt 0.230463 0.385107
vt 0.230509 0.385585
vt 0.230531 0.352385
vt 0.230531 0.350506
vt 0.230562 0.352346
vt 0.722286 0.487749
vt 0.727452 0.487788
vt 0.152071 0.513502
vt 0.850449 0.998011
vt 0.833032 0.717897
vt 0.854364 0.718434
vt 0.095605 0.000258
vt 0.011984 0.279874
vt 0.015600 0.000095
vt 0.022552 0.279790
vt 0.032331 0.000008
vt 0.029752 0.279774
vt 0.033919 -0.000000
vt 0.041834 0.279747
vt 0.052241 0.000000
vt 0.049598 0.279766
vt 0.054332 0.000000
vt 0.073567 0.000085
vt 0.076145 0.000096
vt 0.863028 0.998393
vt 0.854534 0.718438
vt 0.870263 0.998684
vt 0.874238 0.719111
vt 0.881765 0.999146
vt 0.874715 0.719127
vt 0.887989 0.999473
vt 0.892007 0.719904
vt 0.898019 1.000000
vt 0.892716 0.719935
vt 0.964065 0.481365
vt 0.964587 0.201745
vt 0.969405 0.481365
vt 0.942454 0.768753
vt 0.942454 0.488146
vt 0.956783 0.489525
vt 0.946096 0.481522
vt 0.946096 0.201745
vt 0.954815 0.481308
vt 0.186589 0.976570
vt 0.186589 0.696398
vt 0.187426 0.696460
vt 0.005600 0.279925
vt -0.000000 0.000281
vt 0.014494 0.000108
vt 0.810964 0.717517
vt 0.832861 0.717892
vt 0.150767 0.793298
vt 0.158344 0.793391
vt 0.169171 0.513727
vt 0.169765 0.793562
vt 0.171229 0.513762
vt 0.175802 0.793652
vt 0.186589 0.514027
vt 0.186589 0.793860
vt 0.232814 0.561133
vt 0.231265 0.281614
vt 0.232814 0.281543
vt 0.188385 0.976167
vt 0.192794 0.696398
vt 0.192794 0.976298
vt 0.714715 0.997612
vt 0.714715 0.718204
vt 0.728298 0.717757
vt 0.726242 0.997295
vt 0.729852 0.717728
vt 0.729775 0.997198
vt 0.746237 0.717425
vt 0.744016 0.996980
vt 0.747665 0.717414
vt 0.747122 0.996933
vt 0.766372 0.717270
vt 0.763879 0.996836
vt 0.767565 0.717272
vt 0.788017 0.717298
vt 0.788899 0.717306
vt 0.810434 0.717508
vt 0.395507 0.236659
vt 0.376546 0.240960
vt 0.376749 0.241996
vt 0.374099 0.242242
vt 0.354316 0.243020
vt 0.354326 0.244075
vt 0.352029 0.243862
vt 0.332086 0.240961
vt 0.331902 0.241998
vt 0.330025 0.241463
vt 0.310613 0.234851
vt 0.310243 0.235835
vt 0.308814 0.235123
vt 0.290628 0.224900
vt 0.290084 0.225797
vt 0.289093 0.225049
vt 0.272812 0.211446
vt 0.272113 0.212226
vt 0.271516 0.211571
vt 0.257771 0.194947
vt 0.245087 0.176437
vt 0.246019 0.175965
vt 0.256662 0.195131
vt 0.256942 0.195584
vt 0.245023 0.176271
vt 0.237016 0.155603
vt 0.237954 0.155147
vt 0.236952 0.155437
vt 0.232912 0.133823
vt 0.233852 0.133201
vt 0.232814 0.133300
vt 0.232814 0.111667
vt 0.233852 0.110875
vt 0.232814 0.110780
vt 0.237954 0.088928
vt 0.236724 0.089863
vt 0.236952 0.088643
vt 0.246019 0.068110
vt 0.244510 0.069132
vt 0.245087 0.067643
vt 0.257771 0.049127
vt 0.255915 0.050155
vt 0.256942 0.048496
vt 0.272812 0.032627
vt 0.270559 0.033557
vt 0.272113 0.031853
vt 0.290628 0.019172
vt 0.287960 0.019885
vt 0.290084 0.018281
vt 0.307542 0.009587
vt 0.462633 0.833631
vt 0.462416 0.833631
vt 0.462718 0.855256
vt 0.462502 0.855256
vt 0.462886 0.875493
vt 0.462670 0.875492
vt 0.463132 0.893652
vt 0.462915 0.893652
vt 0.463445 0.909115
vt 0.463229 0.909115
vt 0.714499 0.730115
vt 0.714715 0.730115
vt 0.714022 0.745203
vt 0.713806 0.745203
vt 0.713458 0.763057
vt 0.713241 0.763057
vt 0.713040 0.783071
vt 0.712823 0.783071
vt 0.712783 0.804562
vt 0.712567 0.804562
vt 0.712697 0.826799
vt 0.712480 0.826799
vt 0.712783 0.849024
vt 0.712567 0.849024
vt 0.713040 0.870481
vt 0.712823 0.870481
vt 0.713458 0.890439
vt 0.713241 0.890438
vt 0.714022 0.908217
vt 0.713806 0.908217
vt 0.714715 0.923212
vt 0.714499 0.923212
vt 0.230790 0.444430
vt 0.230573 0.444430
vt 0.230776 0.427161
vt 0.230992 0.427161
vt 0.984173 0.079818
vt 0.976178 0.079818
vt 0.984196 0.057919
vt 0.976201 0.057920
vt 0.984265 0.036818
vt 0.976269 0.036818
vt 0.984376 0.017276
vt 0.976381 0.017276
vt 0.984527 -0.000000
vt 0.976532 0.000000
vt 0.971658 0.768758
vt 0.979651 0.768753
vt 0.971307 0.785682
vt 0.979299 0.785676
vt 0.971046 0.804960
vt 0.979039 0.804955
vt 0.970885 0.825896
vt 0.978878 0.825891
vt 0.970831 0.847734
vt 0.978824 0.847728
vt 0.970885 0.869683
vt 0.978878 0.869678
vt 0.971046 0.890951
vt 0.979039 0.890945
vt 0.971307 0.910769
vt 0.979299 0.910763
vt 0.971658 0.928420
vt 0.979651 0.928415
vt 0.962516 0.768753
vt 0.970511 0.768753
vt 0.962638 0.784763
vt 0.970633 0.784762
vt 0.962733 0.803339
vt 0.970728 0.803338
vt 0.962798 0.823810
vt 0.970794 0.823810
vt 0.962832 0.845437
vt 0.970827 0.845436
vt 0.962836 0.856440
vt 0.970831 0.856440
vt 0.962832 0.867437
vt 0.970827 0.867437
vt 0.962798 0.889016
vt 0.970794 0.889016
vt 0.962733 0.909394
vt 0.970728 0.909394
vt 0.962638 0.927834
vt 0.970633 0.927833
vt 0.962516 0.943669
vt 0.970511 0.943669
vt 0.962516 0.928407
vt 0.955181 0.928498
vt 0.957102 0.910763
vt 0.949767 0.910854
vt 0.953089 0.890951
vt 0.945754 0.891042
vt 0.950622 0.869687
vt 0.943287 0.869778
vt 0.949789 0.847740
vt 0.942454 0.847831
vt 0.950622 0.825903
vt 0.943287 0.825994
vt 0.953089 0.804964
vt 0.945754 0.805056
vt 0.957102 0.785682
vt 0.949767 0.785773
vt 0.962516 0.768753
vt 0.955181 0.768844
vt 0.984527 0.159719
vt 0.976532 0.159719
vt 0.984376 0.142408
vt 0.976381 0.142408
vt 0.984265 0.122840
vt 0.976269 0.122840
vt 0.984196 0.101722
vt 0.976201 0.101722
vt 0.105447 0.845024
vt 0.104897 0.841803
vt 0.111767 0.836102
vt 0.108546 0.836652
vt 0.106032 0.838739
vt 0.103558 0.845908
vt 0.480484 0.246661
vt 0.478296 0.247195
vt 0.480484 0.243393
vt 0.478296 0.242838
vt 0.102825 0.841613
vt 0.104338 0.837527
vt 0.107690 0.834745
vt 0.821506 0.245372
vt 0.819364 0.246390
vt 0.821488 0.242200
vt 0.819341 0.242162
vt 0.821506 0.239061
vt 0.819364 0.237976
vt 0.095696 0.887567
vt 0.148674 0.812773
vt 0.122580 0.888780
vt 0.109051 0.890107
vt 0.111984 0.834012
vt 0.145852 0.875266
vt 0.135188 0.883696
vt 0.155500 0.824530
vt 0.158738 0.837733
vt 0.158124 0.851314
vt 0.153710 0.864172
vt 0.149162 0.812380
vt 0.156079 0.824292
vt 0.943225 0.164136
vt 0.943881 0.164003
vt 0.943963 0.177747
vt 0.943306 0.177701
vt 0.943881 0.191192
vt 0.943225 0.190970
vt 0.158738 0.851430
vt 0.154265 0.864459
vt 0.146303 0.875699
vt 0.135498 0.884241
vt 0.122723 0.889392
vt 0.942115 0.923912
vt 0.941471 0.924107
vt 0.941430 0.910535
vt 0.942075 0.910517
vt 0.941471 0.896850
vt 0.942115 0.897011
vt 0.095484 0.888163
vt 0.943260 0.140003
vt 0.944732 0.139998
vt 0.945112 0.151068
vt 0.943640 0.151072
vt 0.945352 0.163998
vt 0.945435 0.177743
vt 0.945352 0.191187
vt 0.945112 0.203242
vt 0.943640 0.203247
vt 0.944732 0.212931
vt 0.943260 0.212936
vt 0.941778 0.946611
vt 0.940306 0.946610
vt 0.940118 0.936465
vt 0.941590 0.936466
vt 0.939999 0.924106
vt 0.939958 0.910534
vt 0.939999 0.896849
vt 0.081599 0.432059
vt 0.022881 0.467003
vt 0.073158 0.421175
vt 0.011639 0.448847
vt 0.068125 0.408354
vt 0.003924 0.428935
vt 0.000000 0.407944
vt 0.066909 0.394634
vt 0.000000 0.386590
vt 0.069607 0.381127
vt 0.105751 0.444717
vt 0.073426 0.505169
vt 0.092765 0.440124
vt 0.054310 0.495651
vt 0.037268 0.482783
vt 0.162337 0.386171
vt 0.230462 0.386581
vt 0.163553 0.399891
vt 0.230462 0.407935
vt 0.160855 0.413398
vt 0.148863 0.362466
vt 0.207581 0.327523
vt 0.157304 0.373350
vt 0.218824 0.345678
vt 0.226538 0.365590
vt 0.132912 0.442308
vt 0.136495 0.511011
vt 0.119505 0.445465
vt 0.115231 0.512982
vt 0.093967 0.511012
vt 0.144888 0.435502
vt 0.176152 0.495647
vt 0.157036 0.505166
vt 0.124712 0.349808
vt 0.157036 0.289356
vt 0.137697 0.354401
vt 0.176152 0.298874
vt 0.193194 0.311742
vt 0.226538 0.428926
vt 0.218824 0.448839
vt 0.154460 0.425597
vt 0.207581 0.466995
vt 0.193194 0.482777
vt 0.097550 0.352217
vt 0.093967 0.283515
vt 0.110958 0.349060
vt 0.115231 0.281543
vt 0.136495 0.283513
vt 0.003924 0.365599
vt 0.011639 0.345686
vt 0.076002 0.368928
vt 0.022881 0.327530
vt 0.085574 0.359024
vt 0.037268 0.311748
vt 0.054310 0.298879
vt 0.073426 0.289359
vt 0.976318 0.588421
vt 0.984734 0.588416
vt 0.976348 0.567251
vt 0.984764 0.567246
vt 0.976318 0.545925
vt 0.984734 0.545920
vt 0.976231 0.525169
vt 0.984646 0.525164
vt 0.976087 0.505690
vt 0.984503 0.505685
vt 0.975894 0.488151
vt 0.984309 0.488146
vt 0.978310 0.346604
vt 0.986726 0.346607
vt 0.986842 0.364442
vt 0.978426 0.364439
vt 0.986921 0.384131
vt 0.978505 0.384129
vt 0.986962 0.405005
vt 0.978546 0.405003
vt 0.986962 0.426352
vt 0.978546 0.426350
vt 0.986921 0.447446
vt 0.978505 0.447444
vt 0.986842 0.467568
vt 0.978426 0.467565
vt 0.986726 0.486033
vt 0.978310 0.486030
vt 0.957560 0.488146
vt 0.965975 0.488158
vt 0.965675 0.504861
vt 0.957260 0.504849
vt 0.965440 0.523725
vt 0.957026 0.523713
vt 0.965279 0.544107
vt 0.956865 0.544095
vt 0.908933 0.519867
vt 0.774021 0.705026
vt 0.892189 0.506374
vt 0.764745 0.699562
vt 0.756045 0.693224
vt 0.830951 0.488146
vt 0.852480 0.490221
vt 0.873142 0.496371
vt 0.836830 0.717270
vt 0.815158 0.717270
vt 0.793966 0.713139
vt 0.740685 0.678160
vt 0.728499 0.660379
vt 0.809331 0.490221
vt 0.788404 0.496371
vt 0.922768 0.536365
vt 0.933195 0.555269
vt 0.939838 0.575898
vt 0.925950 0.660379
vt 0.912994 0.678160
vt 0.896983 0.693224
vt 0.942454 0.597505
vt 0.940951 0.619309
vt 0.858200 0.713139
vt 0.935383 0.640523
vt 0.768924 0.506374
vt 0.719925 0.640523
vt 0.715275 0.619309
vt 0.718267 0.575898
vt 0.725802 0.555269
vt 0.737047 0.536365
vt 0.878496 0.705026
vt 0.714715 0.597504
vt 0.751596 0.519867
vt 0.691930 0.574519
vt 0.692917 0.577462
vt 0.631907 0.707432
vt 0.554268 0.508773
vt 0.556593 0.510829
vt 0.496570 0.643742
vt 0.495953 0.646784
vt 0.553898 0.502788
vt 0.553281 0.505830
vt 0.493258 0.638743
vt 0.495583 0.640799
vt 0.695242 0.579518
vt 0.634602 0.715473
vt 0.635219 0.712431
vt 0.634232 0.709488
vt 0.561939 0.500093
vt 0.558897 0.499476
vt 0.572020 0.490205
vt 0.616480 0.728056
vt 0.626561 0.718168
vt 0.629603 0.718785
vt 0.637953 0.721947
vt 0.703283 0.576823
vt 0.710613 0.576026
vt 0.701227 0.579149
vt 0.714715 0.597972
vt 0.698284 0.580135
vt 0.714715 0.620298
vt 0.550547 0.496314
vt 0.710613 0.642244
vt 0.702548 0.663062
vt 0.690795 0.682044
vt 0.565251 0.505092
vt 0.637954 0.496318
vt 0.564634 0.508134
vt 0.657938 0.506270
vt 0.562578 0.510460
vt 0.692547 0.571477
vt 0.694603 0.569151
vt 0.675755 0.519725
vt 0.697546 0.568165
vt 0.690795 0.536225
vt 0.700588 0.568782
vt 0.702548 0.555207
vt 0.702914 0.570838
vt 0.703900 0.573781
vt 0.564265 0.502149
vt 0.594250 0.488146
vt 0.616480 0.490207
vt 0.632546 0.717799
vt 0.657938 0.711996
vt 0.675754 0.698542
vt 0.623249 0.713169
vt 0.550547 0.721943
vt 0.623866 0.710127
vt 0.530562 0.711991
vt 0.624235 0.716112
vt 0.594250 0.730115
vt 0.572020 0.728054
vt 0.485217 0.641438
vt 0.477887 0.642235
vt 0.487273 0.639112
vt 0.473785 0.620289
vt 0.490216 0.638126
vt 0.473785 0.597962
vt 0.625922 0.707801
vt 0.559635 0.511446
vt 0.628865 0.706815
vt 0.484600 0.644480
vt 0.485586 0.647423
vt 0.485952 0.663053
vt 0.487912 0.649479
vt 0.497705 0.682036
vt 0.490954 0.650096
vt 0.512745 0.698536
vt 0.493897 0.649110
vt 0.555954 0.500462
vt 0.530562 0.506265
vt 0.512746 0.519719
vt 0.477887 0.576017
vt 0.485952 0.555199
vt 0.497705 0.536217
vt 0.794927 0.237682
vt 0.791824 0.237682
vt 0.793375 0.231890
vt 0.789135 0.236130
vt 0.787583 0.233442
vt 0.799168 0.230338
vt 0.799168 0.233442
vt 0.797616 0.236130
vt 0.791824 0.226098
vt 0.794927 0.226098
vt 0.797616 0.227650
vt 0.787583 0.230338
vt 0.789135 0.227650
vt 0.806512 0.237682
vt 0.803408 0.237682
vt 0.804960 0.231890
vt 0.800720 0.236130
vt 0.799168 0.233442
vt 0.810752 0.230338
vt 0.810752 0.233442
vt 0.809200 0.236130
vt 0.803408 0.226098
vt 0.806512 0.226098
vt 0.809200 0.227650
vt 0.799168 0.230338
vt 0.800719 0.227650
vt 0.818096 0.237682
vt 0.814992 0.237682
vt 0.816544 0.231890
vt 0.812304 0.236130
vt 0.810752 0.233442
vt 0.822336 0.230338
vt 0.822336 0.233442
vt 0.820784 0.236130
vt 0.814992 0.226098
vt 0.818096 0.226098
vt 0.820784 0.227650
vt 0.810752 0.230338
vt 0.812304 0.227650
vt 0.783343 0.237682
vt 0.780239 0.237682
vt 0.781791 0.231890
vt 0.777551 0.236130
vt 0.775999 0.233442
vt 0.787583 0.230338
vt 0.787583 0.233442
vt 0.786031 0.236130
vt 0.780239 0.226098
vt 0.783343 0.226098
vt 0.786031 0.227650
vt 0.775999 0.230338
vt 0.777551 0.227650
vt 0.923272 0.918201
vt 0.925094 0.932942
vt 0.923251 0.922437
vt 0.921503 0.897628
vt 0.923128 0.896533
vt 0.922940 0.898277
vt 0.921472 0.900625
vt 0.922825 0.918657
vt 0.922812 0.918546
vt 0.923177 0.917432
vt 0.922028 0.911600
vt 0.921618 0.903519
vt 0.921578 0.890490
vt 0.921727 0.888482
vt 0.925094 0.878353
vt 0.922377 0.879762
vt 0.220785 0.938128
vt 0.218427 0.940069
vt 0.220772 0.934383
vt 0.066259 0.907166
vt 0.063936 0.912774
vt 0.063687 0.909868
vt 0.217049 0.915051
vt 0.220667 0.911151
vt 0.217159 0.918130
vt 0.220713 0.916719
vt 0.063420 0.906742
vt 0.063037 0.902264
vt 0.066259 0.890107
vt 0.217770 0.929413
vt 0.217179 0.918500
vt 0.216726 0.906002
vt 0.216726 0.901889
vt 0.220511 0.892590
vt 0.216726 0.893980
vt 0.220424 0.885715
vt 0.216972 0.889429
vt 0.217242 0.884420
vt 0.217262 0.884055
vt 0.218386 0.875184
vt 0.220190 0.867168
vt 0.079261 0.899214
vt 0.080485 0.890107
vt 0.079499 0.903833
vt 0.078681 0.917456
vt 0.078680 0.917154
vt 0.080485 0.921984
vt 0.078649 0.908540
vt 0.079448 0.904549
vt 0.078983 0.903454
vt 0.078989 0.903357
vt 0.079061 0.922392
vt 0.491505 0.243595
vt 0.489990 0.243595
vt 0.490158 0.242003
vt 0.903794 0.225767
vt 0.905271 0.227241
vt 0.903229 0.230117
vt 0.903023 0.233892
vt 0.905271 0.243724
vt 0.222814 0.948265
vt 0.223130 0.943755
vt 0.223555 0.937139
vt 0.223755 0.934017
vt 0.224352 0.922698
vt 0.223801 0.933312
vt 0.224728 0.900369
vt 0.224727 0.901864
vt 0.224721 0.911090
vt 0.224596 0.915031
vt 0.224487 0.918451
vt 0.224213 0.889472
vt 0.224241 0.889728
vt 0.220893 0.869629
vt 0.221553 0.871938
vt 0.223198 0.880292
vt 0.223646 0.884346
vt 0.897174 0.247059
vt 0.897174 0.236958
vt 0.897571 0.246159
vt 0.692821 0.914328
vt 0.692335 0.914949
vt 0.693303 0.910475
vt 0.692718 0.910281
vt 0.693317 0.910361
vt 0.692727 0.910171
vt 0.694204 0.903281
vt 0.693197 0.904440
vt 0.694738 0.894997
vt 0.694985 0.881586
vt 0.694945 0.888942
vt 0.693084 0.888335
vt 0.694929 0.892031
vt 0.693367 0.894159
vt 0.693361 0.894508
vt 0.692834 0.883174
vt 0.692335 0.878668
vt 0.905671 0.949699
vt 0.901928 0.947572
vt 0.905596 0.948247
vt 0.905268 0.941941
vt 0.901143 0.944023
vt 0.900227 0.938648
vt 0.905241 0.939588
vt 0.902668 0.936476
vt 0.905213 0.937055
vt 0.905367 0.921506
vt 0.901847 0.923511
vt 0.905550 0.913813
vt 0.901618 0.909215
vt 0.905305 0.924125
vt 0.905301 0.924430
vt 0.905172 0.933428
vt 0.905574 0.899153
vt 0.905671 0.903266
vt 0.905592 0.910204
vt 0.904795 0.886042
vt 0.905459 0.894295
vt 0.901986 0.893784
vt 0.905466 0.894625
vt 0.903555 0.878353
vt 0.902743 0.880492
vt 0.901981 0.882500
vt 0.900008 0.889825
vt 0.898682 0.898129
vt 0.898718 0.897904
vt 0.899438 0.893392
vt 0.898019 0.907460
vt 0.898426 0.923050
vt 0.898243 0.920130
vt 0.898032 0.916767
vt 0.898021 0.908758
vt 0.899795 0.936111
vt 0.899698 0.935538
vt 0.898654 0.926677
vt 0.127383 0.893614
vt 0.126726 0.902498
vt 0.126726 0.890106
vt 0.195963 0.940805
vt 0.196018 0.938494
vt 0.198778 0.940925
vt 0.199272 0.884145
vt 0.195970 0.886135
vt 0.197578 0.875100
vt 0.195194 0.867168
vt 0.196459 0.912923
vt 0.196287 0.893881
vt 0.200549 0.902403
vt 0.199292 0.884343
vt 0.199788 0.889454
vt 0.200343 0.895176
vt 0.199102 0.937325
vt 0.196506 0.918055
vt 0.200319 0.920137
vt 0.199663 0.931109
vt 0.200667 0.906564
vt 0.200451 0.916441
vt 0.200399 0.918803
vt 0.198521 0.943780
vt 0.197363 0.953810
vt 0.194705 0.961607
vt 0.197120 0.955919
vt 0.196091 0.963377
vt 0.194650 0.962145
vt 0.195546 0.967330
vt 0.195228 0.969328
vt 0.193949 0.977361
vt 0.192794 0.980115
vt 0.192824 0.983544
vt 0.492536 0.242003
vt 0.492536 0.245209
vt 0.492012 0.244749
vt 0.491505 0.242003
vt 0.492012 0.242480
vt 0.491997 0.242581
vt 0.491505 0.246014
vt 0.192928 0.889672
vt 0.193053 0.884529
vt 0.193062 0.884139
vt 0.193825 0.875158
vt 0.194774 0.869617
vt 0.192794 0.895151
vt 0.192875 0.902663
vt 0.192911 0.906023
vt 0.193185 0.916733
vt 0.193217 0.917959
vt 0.193279 0.920399
vt 0.193663 0.953684
vt 0.193705 0.941746
vt 0.193697 0.941191
vt 0.193641 0.937565
vt 0.193522 0.929843
vt 0.921188 0.918938
vt 0.917375 0.929538
vt 0.921196 0.918662
vt 0.919807 0.912252
vt 0.921453 0.910474
vt 0.919806 0.911752
vt 0.921472 0.909868
vt 0.919324 0.891989
vt 0.920015 0.891555
vt 0.919763 0.895067
vt 0.921032 0.900185
vt 0.921258 0.905168
vt 0.917375 0.878353
vt 0.918175 0.881704
vt 0.919990 0.891339
vt 0.920007 0.891481
vt 0.204862 0.933976
vt 0.207909 0.934201
vt 0.207769 0.937441
vt 0.201269 0.884371
vt 0.201280 0.884178
vt 0.204934 0.884264
vt 0.202505 0.875182
vt 0.204419 0.867168
vt 0.205027 0.869623
vt 0.204847 0.901680
vt 0.200668 0.894950
vt 0.200985 0.889362
vt 0.201017 0.915081
vt 0.204823 0.918328
vt 0.201100 0.917290
vt 0.201176 0.918507
vt 0.200668 0.905843
vt 0.200668 0.901863
vt 0.201794 0.928520
vt 0.202216 0.934040
vt 0.202461 0.937236
vt 0.202655 0.939772
vt 0.207747 0.937937
vt 0.207275 0.948301
vt 0.203384 0.948415
vt 0.207263 0.948572
vt 0.203537 0.950232
vt 0.206920 0.956630
vt 0.204082 0.956450
vt 0.206895 0.957227
vt 0.204371 0.959745
vt 0.206747 0.961404
vt 0.204512 0.961351
vt 0.205509 0.972658
vt 0.206409 0.972890
vt 0.205740 0.975290
vt 0.206322 0.979715
vt 0.710873 0.862373
vt 0.711096 0.869103
vt 0.710873 0.872561
vt 0.205083 0.967811
vt 0.206590 0.965833
vt 0.205502 0.972580
vt 0.206414 0.972718
vt 0.206412 0.972777
vt 0.208652 0.902003
vt 0.208717 0.905220
vt 0.208584 0.915264
vt 0.208568 0.916413
vt 0.208494 0.918650
vt 0.208207 0.927303
vt 0.207725 0.884074
vt 0.207753 0.884454
vt 0.208118 0.889468
vt 0.208507 0.894812
vt 0.206402 0.875178
vt 0.187781 0.910625
vt 0.187781 0.898328
vt 0.188332 0.907114
vt 0.973281 0.386337
vt 0.971797 0.387616
vt 0.971688 0.385755
vt 0.972870 0.383254
vt 0.969405 0.362815
vt 0.970033 0.366237
vt 0.969594 0.366688
vt 0.970051 0.366338
vt 0.969703 0.367351
vt 0.971204 0.372627
vt 0.972431 0.380451
vt 0.974262 0.393700
vt 0.974500 0.395870
vt 0.972934 0.407007
vt 0.975542 0.405360
vt 0.973003 0.411152
vt 0.975822 0.408709
vt 0.977245 0.433153
vt 0.973204 0.436622
vt 0.977205 0.429856
vt 0.973329 0.430709
vt 0.976123 0.412293
vt 0.976549 0.417386
vt 0.977183 0.429442
vt 0.977362 0.442863
vt 0.977173 0.447165
vt 0.972789 0.456338
vt 0.976810 0.455423
vt 0.972395 0.463374
vt 0.976271 0.460091
vt 0.975679 0.465214
vt 0.975637 0.465576
vt 0.973829 0.474469
vt 0.971332 0.482360
vt 0.702673 0.919338
vt 0.700771 0.928316
vt 0.702782 0.914718
vt 0.704609 0.901204
vt 0.704587 0.901515
vt 0.703150 0.896563
vt 0.703978 0.910109
vt 0.702887 0.914009
vt 0.703267 0.915136
vt 0.703254 0.915232
vt 0.704586 0.896271
vt 0.702941 0.894996
vt 0.704564 0.891434
vt 0.704267 0.888135
vt 0.700771 0.878668
vt 0.703676 0.881571
vt 0.970840 0.403603
vt 0.970757 0.408397
vt 0.970695 0.411955
vt 0.970237 0.427720
vt 0.970629 0.415761
vt 0.969571 0.446762
vt 0.969798 0.439239
vt 0.970045 0.432744
vt 0.970186 0.429045
vt 0.970894 0.479983
vt 0.970783 0.479379
vt 0.969827 0.471247
vt 0.969541 0.464911
vt 0.969405 0.461885
vt 0.969412 0.459712
vt 0.969441 0.451062
vt 0.216214 0.957100
vt 0.215868 0.960089
vt 0.213151 0.960262
vt 0.868307 0.247059
vt 0.868307 0.236934
vt 0.868703 0.246158
vt 0.212557 0.867694
vt 0.213158 0.867168
vt 0.212405 0.870445
vt 0.213322 0.870403
vt 0.212401 0.870526
vt 0.213326 0.870479
vt 0.212122 0.875582
vt 0.213527 0.874440
vt 0.211725 0.882101
vt 0.213953 0.881965
vt 0.213968 0.882237
vt 0.211582 0.884438
vt 0.214259 0.887015
vt 0.211411 0.887084
vt 0.214545 0.891699
vt 0.211003 0.893406
vt 0.214765 0.895230
vt 0.210878 0.895319
vt 0.212623 0.910027
vt 0.209947 0.909948
vt 0.210147 0.906710
vt 0.210333 0.903684
vt 0.215202 0.902255
vt 0.215458 0.906591
vt 0.208988 0.929196
vt 0.212784 0.925896
vt 0.208717 0.938375
vt 0.212960 0.942719
vt 0.208754 0.942530
vt 0.209080 0.926078
vt 0.209099 0.925696
vt 0.209665 0.914550
vt 0.209472 0.960505
vt 0.209449 0.960149
vt 0.209122 0.955105
vt 0.208824 0.950508
vt 0.210715 0.969408
vt 0.213313 0.975053
vt 0.212642 0.977432
vt 0.215142 0.966346
vt 0.213484 0.974448
vt 0.216726 0.942412
vt 0.216726 0.946542
vt 0.216317 0.954981
vt 0.216430 0.925567
vt 0.216537 0.929057
vt 0.216726 0.935186
vt 0.215647 0.909810
vt 0.215850 0.913252
vt 0.216392 0.924317
vt 0.927853 0.888773
vt 0.929715 0.878353
vt 0.927971 0.893079
vt 0.228917 0.878491
vt 0.228901 0.880545
vt 0.226340 0.877905
vt 0.225313 0.930172
vt 0.228519 0.928706
vt 0.226497 0.939113
vt 0.228362 0.947103
vt 0.228726 0.903483
vt 0.228583 0.921192
vt 0.224728 0.912659
vt 0.225302 0.929977
vt 0.225031 0.925030
vt 0.224728 0.919495
vt 0.226126 0.881031
vt 0.228764 0.898711
vt 0.225197 0.896257
vt 0.232814 0.849112
vt 0.232814 0.864309
vt 0.230902 0.855427
vt 0.225756 0.886435
vt 0.224728 0.908737
vt 0.225052 0.899627
vt 0.225129 0.897461
vt 0.226509 0.875429
vt 0.929715 0.934269
vt 0.926769 0.931710
vt 0.926143 0.922618
vt 0.927538 0.915173
vt 0.926008 0.920663
vt 0.925997 0.913525
vt 0.927539 0.914627
vt 0.925991 0.909617
vt 0.926107 0.907675
vt 0.926602 0.899349
vt 0.927577 0.896403
vt 0.927388 0.892704
vt 0.927401 0.892594
vt 0.232169 0.925005
vt 0.231790 0.929969
vt 0.231761 0.930355
vt 0.230397 0.939161
vt 0.228986 0.944667
vt 0.232571 0.919726
vt 0.232719 0.912610
vt 0.232784 0.909463
vt 0.232625 0.899531
vt 0.232607 0.898401
vt 0.232520 0.896199
vt 0.231022 0.867168
vt 0.231630 0.877307
vt 0.231654 0.877759
vt 0.231823 0.880934
vt 0.232184 0.887696
vt 0.913564 0.888980
vt 0.917375 0.878353
vt 0.913555 0.889265
vt 0.914944 0.895707
vt 0.913297 0.897486
vt 0.914945 0.896208
vt 0.913279 0.898072
vt 0.914740 0.916543
vt 0.915428 0.916035
vt 0.916545 0.926212
vt 0.917375 0.929710
vt 0.914738 0.916530
vt 0.914731 0.916470
vt 0.914988 0.912949
vt 0.913719 0.907803
vt 0.913493 0.902812
vt 0.910659 0.883589
vt 0.907811 0.883992
vt 0.908218 0.881259
vt 0.913018 0.926214
vt 0.913013 0.926394
vt 0.909595 0.927038
vt 0.912309 0.934865
vt 0.911044 0.942655
vt 0.910311 0.940502
vt 0.909329 0.911387
vt 0.913279 0.916550
vt 0.913141 0.921653
vt 0.913125 0.898888
vt 0.909686 0.896837
vt 0.913099 0.896987
vt 0.913095 0.895956
vt 0.913235 0.906880
vt 0.913251 0.910405
vt 0.913066 0.887543
vt 0.913170 0.883031
vt 0.913231 0.880420
vt 0.913279 0.878353
vt 0.908276 0.880870
vt 0.438580 0.899724
vt 0.435196 0.903523
vt 0.435196 0.892137
vt 0.713922 0.488146
vt 0.712020 0.481572
vt 0.715841 0.481572
vt 0.491310 0.244201
vt 0.491310 0.247195
vt 0.491022 0.247032
vt 0.487897 0.243686
vt 0.486656 0.247195
vt 0.486656 0.242893
vt 0.698658 0.906955
vt 0.695975 0.909969
vt 0.696402 0.900434
vt 0.698309 0.899711
vt 0.696433 0.899755
vt 0.698117 0.895745
vt 0.696329 0.894338
vt 0.697913 0.893781
vt 0.697036 0.885363
vt 0.696220 0.888635
vt 0.695975 0.878668
vt 0.909824 0.229535
vt 0.909167 0.237945
vt 0.909167 0.229188
vt 0.909821 0.229430
vt 0.909167 0.229126
vt 0.909168 0.229114
vt 0.909720 0.225767
vt 0.231260 0.844881
vt 0.230731 0.848937
vt 0.230731 0.838106
vt 0.711101 0.862373
vt 0.710873 0.855886
vt 0.711101 0.852291
vt 0.905750 0.911842
vt 0.905671 0.909023
vt 0.906009 0.900199
vt 0.906047 0.899196
vt 0.906232 0.897266
vt 0.906945 0.889813
vt 0.906976 0.927760
vt 0.906938 0.927414
vt 0.906448 0.922957
vt 0.905927 0.918216
vt 0.908656 0.935634
vt 0.418169 0.877450
vt 0.406738 0.893872
vt 0.362073 0.869069
vt 0.401868 0.838266
vt 0.429550 0.816837
vt 0.430088 0.819454
vt 0.430088 0.839463
vt 0.426060 0.859063
vt 0.423162 0.865816
vt 0.426060 0.799855
vt 0.371145 0.798553
vt 0.418169 0.781467
vt 0.392236 0.751257
vt 0.406738 0.765043
vt 0.409433 0.768915
vt 0.316730 0.731704
vt 0.319255 0.731576
vt 0.340401 0.758855
vt 0.336713 0.730691
vt 0.356492 0.733722
vt 0.367569 0.737825
vt 0.375255 0.740672
vt 0.279395 0.745529
vt 0.297359 0.736718
vt 0.300607 0.789658
vt 0.240828 0.790452
vt 0.250539 0.772957
vt 0.239916 0.793359
vt 0.263572 0.757776
vt 0.271315 0.751783
vt 0.232814 0.829449
vt 0.234838 0.809543
vt 0.260822 0.820450
vt 0.263572 0.901126
vt 0.253611 0.889522
vt 0.291534 0.860173
vt 0.250539 0.885943
vt 0.240828 0.868448
vt 0.234838 0.849356
vt 0.234009 0.841201
vt 0.356492 0.925189
vt 0.343497 0.927179
vt 0.322288 0.899861
vt 0.336713 0.928218
vt 0.316730 0.927203
vt 0.297359 0.922187
vt 0.294960 0.921010
vt 0.279395 0.913374
vt 0.392236 0.907657
vt 0.392055 0.907770
vt 0.375255 0.918240
vt 0.331335 0.829368
vt 0.160116 0.827420
vt 0.160928 0.846690
vt 0.160206 0.846690
vt 0.160959 0.866650
vt 0.160236 0.866651
vt 0.160940 0.879199
vt 0.160206 0.886484
vt 0.160928 0.886484
vt 0.160838 0.905379
vt 0.160116 0.905380
vt 0.160692 0.922562
vt 0.159970 0.922562
vt 0.160666 0.924534
vt 0.159774 0.937329
vt 0.160496 0.937329
vt 0.939802 0.717271
vt 0.940524 0.717270
vt 0.941134 0.731740
vt 0.940412 0.731742
vt 0.941501 0.744700
vt 0.940892 0.748698
vt 0.941614 0.748697
vt 0.941946 0.767444
vt 0.941224 0.767446
vt 0.942115 0.787216
vt 0.941393 0.787218
vt 0.942115 0.795403
vt 0.941393 0.807204
vt 0.942115 0.807202
vt 0.941946 0.826585
vt 0.941224 0.826586
vt 0.941656 0.842298
vt 0.940892 0.844572
vt 0.941614 0.844570
vt 0.941134 0.860422
vt 0.940411 0.860423
vt 0.940524 0.873491
vt 0.939802 0.873492
vt 0.712480 0.873304
vt 0.711758 0.873303
vt 0.711619 0.865879
vt 0.712209 0.858765
vt 0.711486 0.858764
vt 0.711284 0.841755
vt 0.712006 0.841756
vt 0.711159 0.822973
vt 0.711882 0.822974
vt 0.711153 0.819960
vt 0.711839 0.803187
vt 0.711117 0.803186
vt 0.711159 0.783205
vt 0.711882 0.783206
vt 0.711233 0.771777
vt 0.712006 0.763848
vt 0.711284 0.763847
vt 0.711486 0.745906
vt 0.712209 0.745907
vt 0.711758 0.730115
vt 0.712480 0.730116
vt 0.187609 0.696398
vt 0.188332 0.696398
vt 0.188308 0.700492
vt 0.187509 0.713765
vt 0.188231 0.713765
vt 0.188170 0.732776
vt 0.187447 0.732777
vt 0.188152 0.750000
vt 0.187426 0.752655
vt 0.188149 0.752655
vt 0.188170 0.772587
vt 0.187447 0.772587
vt 0.188231 0.791756
vt 0.187509 0.791756
vt 0.188266 0.797800
vt 0.187609 0.809377
vt 0.188331 0.809377
vt 0.159774 0.794046
vt 0.160496 0.794046
vt 0.160692 0.809629
vt 0.159970 0.809629
vt 0.160837 0.827230
vt 0.160838 0.827420
vt 0.474837 0.829929
vt 0.473785 0.829929
vt 0.476861 0.810023
vt 0.475831 0.809812
vt 0.482851 0.790932
vt 0.481885 0.790517
vt 0.492562 0.773437
vt 0.491699 0.772836
vt 0.505596 0.758255
vt 0.504871 0.757493
vt 0.521419 0.746007
vt 0.520862 0.745115
vt 0.539384 0.737195
vt 0.539018 0.736209
vt 0.558754 0.732179
vt 0.558595 0.731140
vt 0.578738 0.731166
vt 0.578791 0.730115
vt 0.598517 0.734195
vt 0.598781 0.733177
vt 0.617281 0.741144
vt 0.617744 0.740199
vt 0.634262 0.751727
vt 0.634906 0.750895
vt 0.648765 0.765512
vt 0.649563 0.764827
vt 0.660196 0.781934
vt 0.661115 0.781424
vt 0.668087 0.800321
vt 0.669090 0.800006
vt 0.672114 0.819920
vt 0.673161 0.819814
vt 0.672114 0.839929
vt 0.673161 0.840035
vt 0.668087 0.859528
vt 0.669090 0.859843
vt 0.660196 0.877916
vt 0.661115 0.878426
vt 0.648765 0.894338
vt 0.649563 0.895023
vt 0.634262 0.908124
vt 0.634906 0.908956
vt 0.617281 0.918708
vt 0.617744 0.919653
vt 0.598517 0.925658
vt 0.598781 0.926676
vt 0.578738 0.928688
vt 0.578791 0.929739
vt 0.558754 0.927675
vt 0.558595 0.928715
vt 0.539384 0.922660
vt 0.539018 0.923647
vt 0.521419 0.913849
vt 0.520862 0.914742
vt 0.505596 0.901602
vt 0.504871 0.902365
vt 0.492562 0.886421
vt 0.491699 0.887022
vt 0.482851 0.868926
vt 0.481885 0.869341
vt 0.476861 0.849835
vt 0.475831 0.850047
vt 0.232437 0.719060
vt 0.231652 0.718915
vt 0.232160 0.705846
vt 0.231378 0.705844
vt 0.232033 0.561135
vt 0.231479 0.575825
vt 0.232260 0.575823
vt 0.231980 0.587504
vt 0.231067 0.593011
vt 0.231848 0.593010
vt 0.230812 0.611991
vt 0.231593 0.611990
vt 0.230726 0.631988
vt 0.231507 0.631986
vt 0.231517 0.634242
vt 0.230812 0.652182
vt 0.231593 0.652180
vt 0.231067 0.671747
vt 0.231848 0.671745
vt 0.232163 0.685608
vt 0.231479 0.689882
vt 0.232260 0.689880
vt 0.232033 0.705844
vt 0.232814 0.705842
vt 0.161430 0.794047
vt 0.162212 0.794046
vt 0.161230 0.807515
vt 0.162012 0.807513
vt 0.161948 0.814540
vt 0.161082 0.823743
vt 0.161863 0.823741
vt 0.160990 0.842068
vt 0.161772 0.842066
vt 0.161746 0.858268
vt 0.160959 0.861739
vt 0.161741 0.861738
vt 0.160990 0.881952
vt 0.161772 0.881950
vt 0.161082 0.901878
vt 0.161863 0.901876
vt 0.161936 0.911087
vt 0.161230 0.920702
vt 0.162012 0.920700
vt 0.161430 0.937653
vt 0.162212 0.937652
vt 0.158738 0.794046
vt 0.159519 0.794046
vt 0.158857 0.810794
vt 0.159639 0.810794
vt 0.159651 0.813601
vt 0.158939 0.829481
vt 0.159721 0.829481
vt 0.158981 0.849341
vt 0.159763 0.849341
vt 0.159763 0.860806
vt 0.158981 0.869562
vt 0.159763 0.869562
vt 0.158939 0.889315
vt 0.159721 0.889315
vt 0.158857 0.907792
vt 0.159639 0.907792
vt 0.159610 0.911666
vt 0.158738 0.924237
vt 0.159519 0.924237
vt 0.232160 0.849112
vt 0.231378 0.849109
vt 0.232437 0.831979
vt 0.231655 0.831976
vt 0.232644 0.813034
vt 0.231839 0.815148
vt 0.231862 0.813032
vt 0.232771 0.793053
vt 0.231989 0.793051
vt 0.232814 0.772854
vt 0.232032 0.772852
vt 0.232018 0.766095
vt 0.232771 0.753264
vt 0.231989 0.753261
vt 0.232644 0.735084
vt 0.231862 0.735082
vt 0.231655 0.719057
vt 0.588948 0.021310
vt 0.600941 0.020308
vt 0.609164 0.021779
vt 0.615220 0.021930
vt 0.628872 0.026308
vt 0.629123 0.025566
vt 0.629070 0.026399
vt 0.533427 0.043625
vt 0.545867 0.034018
vt 0.550288 0.032461
vt 0.558756 0.027662
vt 0.569051 0.024920
vt 0.572418 0.023204
vt 0.575913 0.023675
vt 0.576304 0.022527
vt 0.586576 0.020736
vt 0.508067 0.074864
vt 0.514354 0.063012
vt 0.519159 0.057955
vt 0.523437 0.051875
vt 0.531833 0.045226
vt 0.530979 0.044936
vt 0.534014 0.042145
vt 0.497080 0.113572
vt 0.497732 0.102477
vt 0.500605 0.093659
vt 0.501291 0.088868
vt 0.502363 0.089231
vt 0.501369 0.088573
vt 0.506947 0.075328
vt 0.510729 0.171834
vt 0.503463 0.158943
vt 0.502247 0.153476
vt 0.499005 0.145280
vt 0.499632 0.142313
vt 0.498416 0.141900
vt 0.497635 0.133787
vt 0.496538 0.131122
vt 0.496110 0.116757
vt 0.537765 0.201633
vt 0.527674 0.194263
vt 0.522732 0.188108
vt 0.520615 0.186590
vt 0.520928 0.185663
vt 0.517944 0.183687
vt 0.509819 0.171833
vt 0.594426 0.220867
vt 0.578273 0.219969
vt 0.574361 0.218355
vt 0.564580 0.216387
vt 0.564992 0.215175
vt 0.564370 0.216332
vt 0.555213 0.211855
vt 0.551126 0.210754
vt 0.538810 0.203347
vt 0.618013 0.218300
vt 0.617676 0.219287
vt 0.614586 0.219289
vt 0.606917 0.221163
vt 0.592553 0.221590
vt 0.667564 0.191471
vt 0.662005 0.197431
vt 0.660790 0.197019
vt 0.659480 0.199754
vt 0.651919 0.204283
vt 0.647627 0.207881
vt 0.634016 0.213684
vt 0.634738 0.214237
vt 0.621075 0.218695
vt 0.690936 0.153243
vt 0.692007 0.153607
vt 0.689635 0.157826
vt 0.686546 0.166571
vt 0.680310 0.175771
vt 0.679140 0.178887
vt 0.670056 0.190024
vt 0.694343 0.100391
vt 0.696955 0.110777
vt 0.696650 0.118205
vt 0.697383 0.125142
vt 0.695157 0.138372
vt 0.695762 0.139422
vt 0.692125 0.153326
vt 0.672824 0.056825
vt 0.675549 0.058212
vt 0.677177 0.061623
vt 0.683675 0.070066
vt 0.687472 0.079029
vt 0.690031 0.082955
vt 0.694052 0.098150
vt 0.694488 0.096618
vt 0.695196 0.100681
vt 0.629323 0.025651
vt 0.642367 0.031145
vt 0.647264 0.034712
vt 0.654683 0.038552
vt 0.663589 0.046647
vt 0.665819 0.047636
vt 0.673213 0.055673
vt 0.654989 0.038116
vt 0.538505 0.203783
vt 0.601806 0.019872
vt 0.565018 0.025060
vt 0.572290 0.022687
vt 0.583176 0.020790
vt 0.586523 0.020207
vt 0.600963 0.019777
vt 0.547883 0.032432
vt 0.558555 0.027169
vt 0.519291 0.056119
vt 0.523050 0.051510
vt 0.532433 0.042878
vt 0.533682 0.041728
vt 0.545598 0.033559
vt 0.500865 0.088402
vt 0.506473 0.075087
vt 0.508662 0.071447
vt 0.513918 0.062706
vt 0.497209 0.102379
vt 0.496730 0.106599
vt 0.498198 0.143737
vt 0.496009 0.131176
vt 0.495832 0.125231
vt 0.495579 0.116735
vt 0.504097 0.161429
vt 0.502970 0.159144
vt 0.498489 0.145409
vt 0.527310 0.194651
vt 0.525010 0.192151
vt 0.517528 0.184018
vt 0.513204 0.177709
vt 0.509360 0.172102
vt 0.573245 0.219203
vt 0.564199 0.216837
vt 0.555583 0.213207
vt 0.550885 0.211229
vt 0.539232 0.204220
vt 0.591688 0.222026
vt 0.578176 0.220493
vt 0.628476 0.216839
vt 0.621204 0.219211
vt 0.610318 0.221109
vt 0.606972 0.221692
vt 0.592531 0.222122
vt 0.645611 0.209467
vt 0.634939 0.214730
vt 0.674203 0.185780
vt 0.670444 0.190389
vt 0.661061 0.199021
vt 0.659812 0.200171
vt 0.647896 0.208340
vt 0.692629 0.153497
vt 0.687021 0.166812
vt 0.684833 0.170452
vt 0.679576 0.179193
vt 0.696285 0.139520
vt 0.696764 0.135300
vt 0.695296 0.098162
vt 0.697485 0.110723
vt 0.697662 0.116668
vt 0.697915 0.125164
vt 0.689398 0.080470
vt 0.690524 0.082755
vt 0.695005 0.096490
vt 0.666184 0.047248
vt 0.668484 0.049748
vt 0.675966 0.057881
vt 0.680291 0.064190
vt 0.684134 0.069797
vt 0.615318 0.021406
vt 0.620249 0.022696
vt 0.629295 0.025062
vt 0.637911 0.028692
vt 0.642609 0.030670
vt 0.654262 0.037679
vt 0.645734 0.011249
vt 0.547834 0.230663
vt 0.706530 0.158635
vt 0.706706 0.158270
vt 0.710738 0.159638
vt 0.706832 0.158009
vt 0.706589 0.153584
vt 0.714813 0.144432
vt 0.707090 0.155791
vt 0.707056 0.156086
vt 0.706557 0.153533
vt 0.705365 0.151655
vt 0.715658 0.138007
vt 0.705068 0.151413
vt 0.703817 0.150395
vt 0.697886 0.150043
vt 0.696512 0.150720
vt 0.702932 0.149957
vt 0.700701 0.149470
vt 0.700400 0.149508
vt 0.698486 0.149748
vt 0.695746 0.151490
vt 0.694969 0.152270
vt 0.694300 0.153646
vt 0.694126 0.154004
vt 0.694007 0.154249
vt 0.693775 0.156196
vt 0.693743 0.156467
vt 0.694241 0.158681
vt 0.697009 0.161876
vt 0.697892 0.162315
vt 0.701474 0.179794
vt 0.694280 0.158743
vt 0.695465 0.160616
vt 0.695762 0.160858
vt 0.700131 0.162805
vt 0.700426 0.162768
vt 0.704714 0.174182
vt 0.702342 0.162530
vt 0.702943 0.162234
vt 0.704321 0.161556
vt 0.705084 0.160789
vt 0.705871 0.159997
vt 0.499325 0.087879
vt 0.499458 0.087501
vt 0.499669 0.086896
vt 0.499674 0.084908
vt 0.499674 0.084650
vt 0.498920 0.082502
vt 0.498872 0.082442
vt 0.497479 0.080727
vt 0.497159 0.080523
vt 0.495806 0.079662
vt 0.494880 0.079332
vt 0.492094 0.062117
vt 0.492623 0.079113
vt 0.488854 0.067729
vt 0.492318 0.079188
vt 0.490475 0.079642
vt 0.489884 0.080024
vt 0.488630 0.080836
vt 0.482830 0.082273
vt 0.487933 0.081723
vt 0.487272 0.082565
vt 0.486894 0.083654
vt 0.486760 0.084040
vt 0.486547 0.086901
vt 0.478756 0.097479
vt 0.486547 0.086631
vt 0.486545 0.084658
vt 0.490424 0.091875
vt 0.491351 0.092204
vt 0.487305 0.089041
vt 0.487350 0.089096
vt 0.477910 0.103905
vt 0.488747 0.090812
vt 0.489068 0.091016
vt 0.493599 0.092420
vt 0.493909 0.092343
vt 0.495747 0.091890
vt 0.496335 0.091509
vt 0.497585 0.090700
vt 0.498282 0.089815
vt 0.498939 0.088982
vt 0.696844 0.187815
vt 0.688951 0.198102
vt 0.568837 0.237792
vt 0.573307 0.238990
vt 0.588913 0.241044
vt 0.590764 0.241044
vt 0.604655 0.241044
vt 0.612917 0.239956
vt 0.620261 0.238989
vt 0.634573 0.235154
vt 0.635466 0.234914
vt 0.650009 0.228890
vt 0.654820 0.226113
vt 0.663642 0.221019
vt 0.673194 0.213689
vt 0.676130 0.211435
vt 0.687261 0.200304
vt 0.561115 0.218025
vt 0.559424 0.218292
vt 0.558631 0.218725
vt 0.557419 0.219386
vt 0.556613 0.220295
vt 0.555903 0.221095
vt 0.555339 0.222498
vt 0.555058 0.223198
vt 0.554979 0.225026
vt 0.554962 0.225435
vt 0.555592 0.227530
vt 0.555599 0.227555
vt 0.556884 0.229342
vt 0.558102 0.234916
vt 0.557200 0.229572
vt 0.558522 0.230536
vt 0.559446 0.230929
vt 0.561503 0.231283
vt 0.562040 0.231198
vt 0.563730 0.230931
vt 0.564524 0.230498
vt 0.565731 0.229840
vt 0.566543 0.228926
vt 0.567250 0.228131
vt 0.567817 0.226721
vt 0.568099 0.226021
vt 0.568175 0.224194
vt 0.568192 0.223777
vt 0.567562 0.221692
vt 0.567551 0.221658
vt 0.564633 0.218687
vt 0.565954 0.219650
vt 0.566270 0.219880
vt 0.563708 0.218293
vt 0.561657 0.217940
vt 0.543559 0.228892
vt 0.529926 0.221021
vt 0.528459 0.219895
vt 0.517438 0.211438
vt 0.511545 0.205545
vt 0.506307 0.200307
vt 0.497288 0.188552
vt 0.496725 0.187818
vt 0.488854 0.174185
vt 0.486728 0.169053
vt 0.482830 0.159641
vt 0.479714 0.148012
vt 0.478756 0.144436
vt 0.476701 0.128828
vt 0.476701 0.126053
vt 0.476701 0.113086
vt 0.496725 0.054096
vt 0.504617 0.043810
vt 0.624732 0.004119
vt 0.620261 0.002921
vt 0.604655 0.000867
vt 0.602805 0.000867
vt 0.588914 0.000867
vt 0.580651 0.001955
vt 0.573307 0.002922
vt 0.558995 0.006757
vt 0.558102 0.006997
vt 0.543559 0.013021
vt 0.538749 0.015798
vt 0.529926 0.020892
vt 0.520375 0.028222
vt 0.517438 0.030476
vt 0.506307 0.041607
vt 0.629817 0.010977
vt 0.629016 0.011412
vt 0.627810 0.012067
vt 0.626989 0.012985
vt 0.626283 0.013775
vt 0.625707 0.015190
vt 0.625425 0.015883
vt 0.625342 0.017715
vt 0.625323 0.018126
vt 0.625948 0.020212
vt 0.625957 0.020243
vt 0.627233 0.022020
vt 0.627549 0.022251
vt 0.628868 0.023213
vt 0.629792 0.023607
vt 0.631845 0.023961
vt 0.632388 0.023875
vt 0.634082 0.023609
vt 0.634875 0.023178
vt 0.636093 0.022515
vt 0.636900 0.021612
vt 0.637618 0.020808
vt 0.638186 0.019412
vt 0.638472 0.018707
vt 0.638557 0.016885
vt 0.638576 0.016471
vt 0.637954 0.014380
vt 0.635030 0.011373
vt 0.634105 0.010979
vt 0.635466 0.006996
vt 0.637945 0.014352
vt 0.636665 0.012566
vt 0.636349 0.012336
vt 0.632047 0.010625
vt 0.631509 0.010710
vt 0.650010 0.013020
vt 0.663642 0.020890
vt 0.665110 0.022017
vt 0.676130 0.030473
vt 0.682023 0.036366
vt 0.687261 0.041604
vt 0.696281 0.053360
vt 0.696844 0.054093
vt 0.704714 0.067726
vt 0.706840 0.072858
vt 0.710738 0.082270
vt 0.713854 0.093900
vt 0.714813 0.097475
vt 0.716867 0.113083
vt 0.716867 0.115859
vt 0.716867 0.128825
vt 0.566188 0.228899
vt 0.566333 0.228682
vt 0.557955 0.229708
vt 0.559582 0.230539
vt 0.555520 0.226239
vt 0.556016 0.227286
vt 0.556447 0.228195
vt 0.556919 0.228668
vt 0.557486 0.229237
vt 0.556866 0.220437
vt 0.555835 0.221981
vt 0.555692 0.222549
vt 0.555308 0.224075
vt 0.555393 0.224943
vt 0.555476 0.225786
vt 0.866383 0.240979
vt 0.866110 0.240928
vt 0.866173 0.239600
vt 0.558683 0.218955
vt 0.557471 0.219868
vt 0.865953 0.238487
vt 0.865842 0.239444
vt 0.865741 0.238885
vt 0.557015 0.220212
vt 0.562649 0.218336
vt 0.561149 0.218321
vt 0.560645 0.218316
vt 0.494759 0.242625
vt 0.495007 0.243207
vt 0.494759 0.244285
vt 0.560368 0.218406
vt 0.866351 0.242690
vt 0.866123 0.241021
vt 0.563559 0.218713
vt 0.565236 0.219408
vt 0.493677 0.244665
vt 0.493421 0.243727
vt 0.493677 0.242470
vt 0.567677 0.222888
vt 0.567179 0.221833
vt 0.566749 0.220925
vt 0.566276 0.220451
vt 0.565708 0.219882
vt 0.567362 0.227135
vt 0.567505 0.226567
vt 0.567888 0.225050
vt 0.494514 0.244439
vt 0.494236 0.243481
vt 0.494514 0.242625
vt 0.567802 0.224174
vt 0.567721 0.223333
vt 0.565724 0.229250
vt 0.564522 0.230160
vt 0.564424 0.230192
vt 0.562827 0.230713
vt 0.562552 0.230803
vt 0.562046 0.230798
vt 0.560546 0.230784
vt 0.125746 0.895843
vt 0.126053 0.894905
vt 0.125741 0.896795
vt 0.696529 0.161134
vt 0.755101 0.238519
vt 0.755220 0.237682
vt 0.755254 0.239202
vt 0.695994 0.160562
vt 0.695678 0.160224
vt 0.695091 0.159596
vt 0.493158 0.243618
vt 0.492876 0.244665
vt 0.492876 0.242532
vt 0.694627 0.158554
vt 0.694247 0.157703
vt 0.493421 0.246021
vt 0.493158 0.246947
vt 0.493158 0.244665
vt 0.756038 0.245841
vt 0.756014 0.244433
vt 0.756251 0.243970
vt 0.694060 0.155649
vt 0.694107 0.156163
vt 0.694214 0.157346
vt 0.694438 0.154104
vt 0.694528 0.153734
vt 0.694554 0.153630
vt 0.695704 0.151852
vt 0.487897 0.242796
vt 0.488143 0.241925
vt 0.488143 0.242962
vt 0.495257 0.246404
vt 0.494998 0.245797
vt 0.495257 0.244858
vt 0.697411 0.150537
vt 0.696244 0.151436
vt 0.695910 0.151694
vt 0.702397 0.150143
vt 0.700331 0.149949
vt 0.699482 0.149869
vt 0.494235 0.244439
vt 0.493955 0.243488
vt 0.494235 0.242571
vt 0.699146 0.149977
vt 0.697962 0.150359
vt 0.705635 0.152632
vt 0.705058 0.152017
vt 0.704737 0.151675
vt 0.899904 0.226273
vt 0.899373 0.227721
vt 0.899505 0.227051
vt 0.704195 0.151099
vt 0.702725 0.150317
vt 0.898927 0.234381
vt 0.898865 0.232934
vt 0.899139 0.232492
vt 0.706674 0.156595
vt 0.706628 0.156084
vt 0.706519 0.154895
vt 0.899265 0.229940
vt 0.898923 0.231231
vt 0.898936 0.230865
vt 0.706486 0.154529
vt 0.706109 0.153688
vt 0.706296 0.158137
vt 0.706204 0.158512
vt 0.706177 0.158621
vt 0.705025 0.160395
vt 0.703323 0.161705
vt 0.704492 0.160806
vt 0.704822 0.160551
vt 0.697979 0.161964
vt 0.698339 0.162098
vt 0.700396 0.162291
vt 0.701257 0.162372
vt 0.492012 0.245209
vt 0.492300 0.246117
vt 0.492012 0.247160
vt 0.701590 0.162264
vt 0.702769 0.161884
vt 0.627355 0.013008
vt 0.627206 0.013230
vt 0.493429 0.244665
vt 0.493158 0.243709
vt 0.493429 0.242458
vt 0.625840 0.019015
vt 0.626337 0.020072
vt 0.626761 0.020976
vt 0.494227 0.246730
vt 0.493972 0.245849
vt 0.494227 0.244680
vt 0.627233 0.021450
vt 0.626173 0.014770
vt 0.626028 0.015335
vt 0.626025 0.015345
vt 0.625638 0.016855
vt 0.493972 0.246476
vt 0.493678 0.245522
vt 0.493972 0.244680
vt 0.625720 0.017736
vt 0.625798 0.018570
vt 0.132107 0.891968
vt 0.132412 0.891622
vt 0.132052 0.892543
vt 0.627821 0.012657
vt 0.629027 0.011748
vt 0.629122 0.011718
vt 0.630726 0.011196
vt 0.631003 0.011106
vt 0.631508 0.011111
vt 0.633011 0.011126
vt 0.633919 0.011503
vt 0.635601 0.012201
vt 0.638026 0.015669
vt 0.637535 0.014625
vt 0.637106 0.013714
vt 0.636635 0.013240
vt 0.636069 0.012671
vt 0.637840 0.019356
vt 0.638231 0.017831
vt 0.638149 0.016968
vt 0.638069 0.016121
vt 0.636654 0.021471
vt 0.637694 0.019923
vt 0.637838 0.019362
vt 0.736437 0.245081
vt 0.736713 0.245054
vt 0.736599 0.246333
vt 0.634831 0.022947
vt 0.636048 0.022035
vt 0.736786 0.247185
vt 0.736933 0.246318
vt 0.737015 0.246793
vt 0.636506 0.021691
vt 0.630857 0.023565
vt 0.632359 0.023580
vt 0.632864 0.023585
vt 0.494741 0.244858
vt 0.494998 0.245372
vt 0.494741 0.246570
vt 0.633141 0.023495
vt 0.736541 0.243336
vt 0.736704 0.244961
vt 0.627800 0.022020
vt 0.628271 0.022493
vt 0.629892 0.023321
vt 0.494227 0.244680
vt 0.494480 0.245753
vt 0.494227 0.246715
vt 0.487061 0.087006
vt 0.487166 0.087721
vt 0.487776 0.088903
vt 0.488119 0.089570
vt 0.488468 0.089902
vt 0.488219 0.081916
vt 0.487247 0.083623
vt 0.487221 0.083762
vt 0.487151 0.084138
vt 0.486865 0.085671
vt 0.487000 0.086589
vt 0.491918 0.079599
vt 0.490083 0.080317
vt 0.489905 0.080386
vt 0.489073 0.081110
vt 0.870418 0.245494
vt 0.870610 0.244206
vt 0.870698 0.245203
vt 0.488290 0.081790
vt 0.496981 0.080828
vt 0.496691 0.080551
vt 0.495173 0.079852
vt 0.494838 0.079698
vt 0.492400 0.079615
vt 0.491939 0.079600
vt 0.497860 0.081667
vt 0.498213 0.082005
vt 0.493955 0.243078
vt 0.493677 0.244439
vt 0.493677 0.242470
vt 0.498556 0.082671
vt 0.499162 0.083849
vt 0.499267 0.084562
vt 0.493677 0.245586
vt 0.493421 0.246932
vt 0.493421 0.244665
vt 0.498109 0.089659
vt 0.869512 0.226548
vt 0.869420 0.228072
vt 0.869175 0.228066
vt 0.869421 0.228185
vt 0.499109 0.087808
vt 0.499177 0.087439
vt 0.499463 0.085887
vt 0.494514 0.242625
vt 0.494759 0.243678
vt 0.494514 0.244586
vt 0.499330 0.084987
vt 0.493929 0.091991
vt 0.494389 0.091970
vt 0.494417 0.091969
vt 0.494741 0.246570
vt 0.494480 0.246085
vt 0.494741 0.244680
vt 0.496245 0.091250
vt 0.496434 0.091176
vt 0.497254 0.090459
vt 0.498050 0.089763
vt 0.489354 0.090747
vt 0.489640 0.091020
vt 0.491135 0.091762
vt 0.491507 0.091845
vt 0.492455 0.092057
vt 0.492876 0.245873
vt 0.493158 0.244665
vt 0.493158 0.246948
vt 0.620435 0.002069
vt 0.986810 0.788057
vt 0.986892 0.801707
vt 0.986148 0.801984
vt 0.987019 0.847383
vt 0.987019 0.863315
vt 0.986275 0.863287
vt 0.985345 0.061276
vt 0.985277 0.077142
vt 0.984551 0.077157
vt 0.557639 0.236314
vt 0.542918 0.230216
vt 0.543178 0.229672
vt 0.985331 0.882135
vt 0.985354 0.866251
vt 0.986067 0.866241
vt 0.989973 0.732768
vt 0.990044 0.718610
vt 0.990774 0.718366
vt 0.990070 0.672172
vt 0.990015 0.656254
vt 0.990744 0.656320
vt 0.989929 0.640570
vt 0.989815 0.625388
vt 0.990546 0.625608
vt 0.987941 0.870790
vt 0.987930 0.879188
vt 0.986998 0.879150
vt 0.982756 0.958109
vt 0.983045 0.952021
vt 0.983967 0.951863
vt 0.984404 0.858754
vt 0.984370 0.850314
vt 0.985290 0.850337
vt 0.988888 0.625312
vt 0.989003 0.640521
vt 0.989038 0.646989
vt 0.989166 0.688085
vt 0.989143 0.672178
vt 0.989133 0.669366
vt 0.989088 0.656233
vt 0.989132 0.713400
vt 0.989158 0.703681
vt 0.990085 0.703618
vt 0.989164 0.691753
vt 0.990093 0.688050
vt 0.988946 0.745988
vt 0.989041 0.733652
vt 0.989047 0.732882
vt 0.989118 0.718699
vt 0.988885 0.751542
vt 0.989872 0.745850
vt 0.989744 0.757633
vt 0.983279 0.791605
vt 0.982821 0.779452
vt 0.983744 0.779601
vt 0.982760 0.778194
vt 0.983227 0.768921
vt 0.982303 0.768753
vt 0.988816 0.757792
vt 0.983393 0.795545
vt 0.984201 0.791733
vt 0.984590 0.805110
vt 0.984905 0.819503
vt 0.983891 0.815185
vt 0.983669 0.805006
vt 0.985139 0.834665
vt 0.984237 0.836459
vt 0.984219 0.834614
vt 0.983984 0.819424
vt 0.984301 0.897778
vt 0.984411 0.882169
vt 0.984412 0.881234
vt 0.984434 0.866256
vt 0.984231 0.903085
vt 0.985221 0.897717
vt 0.985025 0.912730
vt 0.983471 0.940173
vt 0.983827 0.927031
vt 0.984748 0.926918
vt 0.983892 0.923689
vt 0.984105 0.912818
vt 0.983396 0.942262
vt 0.984393 0.940037
vt 0.983477 0.962195
vt 0.982554 0.962370
vt 0.986912 0.175255
vt 0.985986 0.175085
vt 0.986694 0.164398
vt 0.985768 0.164247
vt 0.986510 0.152106
vt 0.986450 0.146541
vt 0.985585 0.151977
vt 0.985439 0.138485
vt 0.986197 0.108827
vt 0.986260 0.124081
vt 0.985335 0.124002
vt 0.986278 0.126640
vt 0.986365 0.138590
vt 0.986194 0.082766
vt 0.986178 0.093090
vt 0.985253 0.093065
vt 0.986193 0.105126
vt 0.985272 0.108775
vt 0.986380 0.045681
vt 0.986277 0.060330
vt 0.986270 0.061244
vt 0.986202 0.077138
vt 0.986451 0.038638
vt 0.985454 0.045741
vt 0.985604 0.030801
vt 0.986940 0.003581
vt 0.986718 0.016600
vt 0.985792 0.016712
vt 0.986696 0.018259
vt 0.986530 0.030714
vt 0.987671 0.932578
vt 0.986710 0.936213
vt 0.986810 0.923394
vt 0.986892 0.909448
vt 0.987800 0.913648
vt 0.987742 0.923511
vt 0.986955 0.894616
vt 0.987892 0.892861
vt 0.987887 0.894682
vt 0.987824 0.909541
vt 0.987930 0.831580
vt 0.987951 0.847365
vt 0.987951 0.848303
vt 0.987951 0.863326
vt 0.987839 0.805048
vt 0.987887 0.816240
vt 0.986955 0.816313
vt 0.987915 0.826167
vt 0.986998 0.831626
vt 0.987642 0.775451
vt 0.987724 0.785732
vt 0.987742 0.787933
vt 0.987824 0.801607
vt 0.988746 0.610866
vt 0.989674 0.610968
vt 0.990814 0.703449
vt 0.990822 0.687958
vt 0.990799 0.672158
vt 0.529447 0.020170
vt 0.516869 0.029823
vt 0.516477 0.029369
vt 0.505210 0.040637
vt 0.505657 0.041035
vt 0.495509 0.053279
vt 0.986003 0.850406
vt 0.985853 0.834812
vt 0.985619 0.819725
vt 0.985306 0.805404
vt 0.482011 0.081995
vt 0.481445 0.081801
vt 0.488078 0.067346
vt 0.487542 0.067079
vt 0.496006 0.053614
vt 0.986044 0.882046
vt 0.985934 0.897551
vt 0.985739 0.912489
vt 0.505657 0.200881
vt 0.516869 0.212092
vt 0.516477 0.212549
vt 0.529118 0.222249
vt 0.529447 0.221744
vt 0.557826 0.235740
vt 0.573141 0.239843
vt 0.573030 0.240438
vt 0.984857 0.151620
vt 0.984713 0.138195
vt 0.984527 0.093001
vt 0.984546 0.108633
vt 0.984608 0.123784
vt 0.984619 0.061370
vt 0.984728 0.045912
vt 0.984877 0.031046
vt 0.986253 0.879043
vt 0.986211 0.894432
vt 0.986148 0.909190
vt 0.986067 0.923067
vt 0.711565 0.159918
vt 0.712146 0.160114
vt 0.705498 0.174567
vt 0.706048 0.174836
vt 0.697570 0.188298
vt 0.986211 0.816518
vt 0.986253 0.831755
vt 0.986275 0.847434
vt 0.990240 0.597914
vt 0.990405 0.611259
vt 0.635750 0.006173
vt 0.990659 0.640714
vt 0.604716 0.000000
vt 0.588861 0.000000
vt 0.573141 0.002070
vt 0.557826 0.006174
vt 0.543178 0.012242
vt 0.990703 0.732453
vt 0.529118 0.019668
vt 0.477907 0.097310
vt 0.475837 0.113030
vt 0.475837 0.128886
vt 0.477907 0.144606
vt 0.482011 0.159921
vt 0.496006 0.188302
vt 0.488078 0.174570
vt 0.985463 0.926606
vt 0.505209 0.201281
vt 0.588860 0.241912
vt 0.604715 0.241912
vt 0.620435 0.239842
vt 0.635750 0.235738
vt 0.650398 0.229670
vt 0.664129 0.221742
vt 0.687918 0.200878
vt 0.676707 0.212090
vt 0.985063 0.017027
vt 0.698081 0.188636
vt 0.986014 0.003715
vt 0.987642 0.936353
vt 0.715669 0.144602
vt 0.717739 0.128882
vt 0.717739 0.113026
vt 0.715669 0.097306
vt 0.711565 0.081991
vt 0.705498 0.067342
vt 0.697570 0.053611
vt 0.687919 0.041032
vt 0.676707 0.029820
vt 0.986067 0.788402
vt 0.677114 0.029366
vt 0.664472 0.019666
vt 0.986710 0.775596
vt 0.988580 0.597430
vt 0.989508 0.597556
vt 0.988678 0.605334
vt 0.664129 0.020168
vt 0.650398 0.012240
vt 0.430122 0.899686
vt 0.430163 0.898994
vt 0.434132 0.899713
vt 0.121864 0.893573
vt 0.125857 0.893838
vt 0.125829 0.894343
vt 0.121891 0.896820
vt 0.126362 0.890588
vt 0.126102 0.891836
vt 0.121864 0.890578
vt 0.126090 0.891935
vt 0.125891 0.893558
vt 0.882171 0.233816
vt 0.882137 0.234360
vt 0.877089 0.234607
vt 0.882019 0.235726
vt 0.877529 0.236911
vt 0.882002 0.235918
vt 0.126462 0.890107
vt 0.882261 0.232365
vt 0.876589 0.231478
vt 0.882300 0.231473
vt 0.882412 0.226808
vt 0.882412 0.227478
vt 0.876163 0.228364
vt 0.882412 0.228036
vt 0.882387 0.229019
vt 0.882358 0.230163
vt 0.882338 0.230617
vt 0.882412 0.226251
vt 0.875925 0.226098
vt 0.866552 0.246698
vt 0.860064 0.245573
vt 0.866551 0.245464
vt 0.860030 0.242699
vt 0.866391 0.242980
vt 0.866431 0.243437
vt 0.866550 0.244795
vt 0.860030 0.239433
vt 0.435196 0.893498
vt 0.430119 0.892666
vt 0.430088 0.892137
vt 0.860064 0.236650
vt 0.865323 0.237072
vt 0.865688 0.238655
vt 0.434662 0.896565
vt 0.430232 0.895817
vt 0.430217 0.894965
vt 0.430202 0.894088
vt 0.430197 0.898419
vt 0.430217 0.897422
vt 0.430239 0.896275
vt 0.121938 0.899449
vt 0.125818 0.898380
vt 0.430088 0.900257
vt 0.749534 0.245873
vt 0.749472 0.239728
vt 0.749440 0.240140
vt 0.743134 0.240463
vt 0.894900 0.231410
vt 0.769128 0.243995
vt 0.769117 0.242785
vt 0.773556 0.243493
vt 0.768971 0.239489
vt 0.774053 0.240284
vt 0.769072 0.241572
vt 0.769114 0.242444
vt 0.899178 0.236364
vt 0.895267 0.236911
vt 0.898947 0.234836
vt 0.895070 0.234574
vt 0.898943 0.234734
vt 0.769078 0.246336
vt 0.769085 0.246124
vt 0.773073 0.246449
vt 0.769095 0.245780
vt 0.769132 0.244563
vt 0.898882 0.232423
vt 0.899033 0.229965
vt 0.894801 0.228268
vt 0.899154 0.228834
vt 0.894801 0.225989
vt 0.899936 0.225767
vt 0.899857 0.226001
vt 0.899295 0.228119
vt 0.748631 0.246315
vt 0.743496 0.246593
vt 0.748943 0.244503
vt 0.743308 0.243725
vt 0.749071 0.243757
vt 0.749330 0.241583
vt 0.749261 0.242161
vt 0.749113 0.243405
vt 0.756044 0.246178
vt 0.756045 0.246274
vt 0.743019 0.237682
vt 0.749534 0.237682
vt 0.749491 0.239473
vt 0.755688 0.241478
vt 0.749543 0.242760
vt 0.755514 0.240356
vt 0.749534 0.239568
vt 0.755345 0.239606
vt 0.755829 0.242395
vt 0.755861 0.242750
vt 0.755968 0.243923
vt 0.768943 0.239128
vt 0.768802 0.237682
vt 0.774430 0.237682
vt 0.768210 0.245257
vt 0.768209 0.245266
vt 0.763093 0.245789
vt 0.875977 0.246510
vt 0.875962 0.245846
vt 0.879986 0.246116
vt 0.875481 0.241006
vt 0.875204 0.239558
vt 0.880342 0.239814
vt 0.742859 0.243556
vt 0.736513 0.243054
vt 0.736494 0.242549
vt 0.736437 0.241048
vt 0.742961 0.240311
vt 0.742741 0.246549
vt 0.875102 0.239019
vt 0.874737 0.237661
vt 0.880378 0.237468
vt 0.875203 0.239552
vt 0.874685 0.237468
vt 0.875598 0.241877
vt 0.880199 0.242979
vt 0.875713 0.242734
vt 0.875949 0.245294
vt 0.875868 0.244314
vt 0.875775 0.243191
vt 0.131862 0.897926
vt 0.128083 0.899003
vt 0.131835 0.896565
vt 0.127824 0.896140
vt 0.131826 0.896107
vt 0.131943 0.898590
vt 0.484702 0.246024
vt 0.486656 0.242671
vt 0.486656 0.247195
vt 0.487897 0.247195
vt 0.487897 0.242962
vt 0.489037 0.243447
vt 0.875990 0.247059
vt 0.131907 0.894033
vt 0.127567 0.892884
vt 0.131904 0.894132
vt 0.131837 0.895817
vt 0.768133 0.245789
vt 0.127383 0.890107
vt 0.132412 0.890132
vt 0.132146 0.891736
vt 0.768415 0.243858
vt 0.762807 0.242689
vt 0.768507 0.242969
vt 0.762497 0.239512
vt 0.768785 0.238953
vt 0.768777 0.239530
vt 0.768714 0.240520
vt 0.768641 0.241679
vt 0.768595 0.242128
vt 0.736447 0.240095
vt 0.736545 0.238517
vt 0.743019 0.237682
vt 0.768802 0.237682
vt 0.768794 0.238259
vt 0.874647 0.244277
vt 0.869568 0.232080
vt 0.869523 0.231356
vt 0.875830 0.231611
vt 0.762296 0.244438
vt 0.762274 0.244814
vt 0.757191 0.245601
vt 0.762351 0.243479
vt 0.756689 0.242393
vt 0.762419 0.241973
vt 0.762497 0.237682
vt 0.762497 0.238521
vt 0.756250 0.239430
vt 0.762497 0.239386
vt 0.762492 0.239581
vt 0.762441 0.241474
vt 0.762440 0.241503
vt 0.875925 0.228444
vt 0.875925 0.226098
vt 0.869517 0.226456
vt 0.869496 0.230926
vt 0.869439 0.230013
vt 0.869425 0.228537
vt 0.870027 0.235469
vt 0.869859 0.234476
vt 0.875664 0.234750
vt 0.869791 0.234077
vt 0.869710 0.233355
vt 0.870083 0.235797
vt 0.875473 0.237020
vt 0.869174 0.237020
vt 0.874685 0.238136
vt 0.869542 0.238116
vt 0.874685 0.241011
vt 0.870107 0.240548
vt 0.869623 0.238357
vt 0.870489 0.242955
vt 0.870202 0.240981
vt 0.870198 0.240962
vt 0.870517 0.243146
vt 0.870701 0.245321
vt 0.874580 0.247059
vt 0.870733 0.246917
vt 0.845435 0.242704
vt 0.845390 0.243425
vt 0.841360 0.243557
vt 0.845364 0.243847
vt 0.845307 0.244772
vt 0.845300 0.246193
vt 0.841446 0.246669
vt 0.845298 0.246541
vt 0.845298 0.246669
vt 0.845586 0.241405
vt 0.841254 0.240367
vt 0.845671 0.240672
vt 0.762167 0.246310
vt 0.492876 0.246948
vt 0.492536 0.242029
vt 0.492876 0.242003
vt 0.475838 0.247195
vt 0.475838 0.242148
vt 0.478296 0.246263
vt 0.845936 0.239221
vt 0.845746 0.240262
vt 0.980289 0.942370
vt 0.979652 0.958308
vt 0.980787 0.923780
vt 0.981129 0.903171
vt 0.981303 0.881244
vt 0.981303 0.858747
vt 0.980787 0.815098
vt 0.981129 0.836445
vt 0.980289 0.795433
vt 0.979652 0.778120
vt 0.985567 0.766972
vt 0.985774 0.751726
vt 0.986022 0.713489
vt 0.985927 0.733694
vt 0.986053 0.691801
vt 0.986021 0.669368
vt 0.985927 0.646953
vt 0.985774 0.625320
vt 0.985567 0.605206
vt 0.990955 0.804974
vt 0.990840 0.785638
vt 0.899936 0.226172
vt 0.903023 0.225767
vt 0.903023 0.243816
vt 0.990690 0.768753
vt 0.991032 0.826102
vt 0.991066 0.848302
vt 0.991058 0.870820
vt 0.990916 0.913753
vt 0.991008 0.892888
vt 0.990787 0.932707
vt 0.989808 0.018216
vt 0.990125 -0.000000
vt 0.989560 0.038555
vt 0.989303 0.082782
vt 0.989389 0.060324
vt 0.989303 0.105165
vt 0.989389 0.126710
vt 0.989560 0.146683
vt 0.990125 0.179271
vt 0.989808 0.164405
vt 0.760238 0.234114
vt 0.762172 0.236049
vt 0.758634 0.235040
vt 0.759342 0.237682
vt 0.756783 0.235040
vt 0.756075 0.237682
vt 0.755179 0.234115
vt 0.753245 0.236049
vt 0.754254 0.232511
vt 0.751612 0.233219
vt 0.754254 0.230659
vt 0.751612 0.229952
vt 0.755179 0.229056
vt 0.753245 0.227122
vt 0.756783 0.228130
vt 0.756075 0.225488
vt 0.758634 0.228130
vt 0.759342 0.225488
vt 0.760238 0.229056
vt 0.762172 0.227122
vt 0.761163 0.230659
vt 0.763805 0.229951
vt 0.761163 0.232511
vt 0.763805 0.233219
vt 0.729866 0.230659
vt 0.727224 0.229952
vt 0.730792 0.229056
vt 0.728857 0.227122
vt 0.732395 0.228130
vt 0.731687 0.225488
vt 0.734246 0.228130
vt 0.734954 0.225488
vt 0.735850 0.229056
vt 0.737784 0.227122
vt 0.736776 0.230659
vt 0.739418 0.229951
vt 0.736776 0.232511
vt 0.739418 0.233219
vt 0.735850 0.234114
vt 0.737784 0.236049
vt 0.734246 0.235040
vt 0.734954 0.237682
vt 0.732395 0.235040
vt 0.731687 0.237682
vt 0.730792 0.234115
vt 0.728857 0.236049
vt 0.729866 0.232511
vt 0.727224 0.233219
vt 0.770828 0.235040
vt 0.771536 0.237682
vt 0.768976 0.235040
vt 0.768269 0.237682
vt 0.767373 0.234114
vt 0.765439 0.236049
vt 0.766447 0.232511
vt 0.763805 0.233219
vt 0.766447 0.230659
vt 0.763805 0.229951
vt 0.767373 0.229056
vt 0.765439 0.227122
vt 0.768977 0.228130
vt 0.768269 0.225488
vt 0.770828 0.228130
vt 0.771536 0.225488
vt 0.772431 0.229056
vt 0.774366 0.227122
vt 0.773357 0.230659
vt 0.775999 0.229951
vt 0.773357 0.232511
vt 0.775999 0.233219
vt 0.772431 0.234114
vt 0.774365 0.236049
vt 0.742060 0.230659
vt 0.739418 0.229952
vt 0.742985 0.229056
vt 0.741051 0.227122
vt 0.744589 0.228130
vt 0.743881 0.225488
vt 0.746440 0.228130
vt 0.747148 0.225488
vt 0.748044 0.229056
vt 0.749978 0.227122
vt 0.748969 0.230659
vt 0.751611 0.229951
vt 0.748969 0.232511
vt 0.751611 0.233219
vt 0.748044 0.234114
vt 0.749978 0.236049
vt 0.746440 0.235040
vt 0.747148 0.237682
vt 0.744589 0.235040
vt 0.743881 0.237682
vt 0.742985 0.234115
vt 0.741051 0.236049
vt 0.742060 0.232511
vt 0.739418 0.233219
vt 0.463565 0.311721
vt 0.471700 0.332721
vt 0.469442 0.343595
vt 0.475838 0.354857
vt 0.471624 0.365789
vt 0.475838 0.377377
vt 0.469566 0.387994
vt 0.471700 0.399514
vt 0.463344 0.409408
vt 0.463565 0.420513
vt 0.453181 0.429257
vt 0.451710 0.439659
vt 0.439445 0.446825
vt 0.436539 0.456301
vt 0.422633 0.461474
vt 0.418568 0.469871
vt 0.403352 0.472678
vt 0.398409 0.479908
vt 0.382299 0.480029
vt 0.376749 0.486069
vt 0.360235 0.483263
vt 0.354326 0.488146
vt 0.337958 0.482263
vt 0.331903 0.486067
vt 0.316272 0.477065
vt 0.310243 0.479903
vt 0.295961 0.467857
vt 0.290084 0.469863
vt 0.277760 0.454971
vt 0.272113 0.456291
vt 0.262327 0.438874
vt 0.256942 0.439648
vt 0.250218 0.420147
vt 0.245087 0.420500
vt 0.241872 0.399467
vt 0.236952 0.399500
vt 0.237590 0.377581
vt 0.232814 0.377364
vt 0.237528 0.355281
vt 0.232814 0.354843
vt 0.241687 0.333372
vt 0.236952 0.332707
vt 0.249917 0.312646
vt 0.245087 0.311708
vt 0.261921 0.293853
vt 0.256942 0.292562
vt 0.277264 0.277671
vt 0.272113 0.275920
vt 0.295393 0.264686
vt 0.290084 0.262350
vt 0.315651 0.255366
vt 0.310243 0.252313
vt 0.337308 0.250049
vt 0.331903 0.246151
vt 0.359579 0.248927
vt 0.354326 0.244075
vt 0.381661 0.252040
vt 0.376749 0.246154
vt 0.402755 0.259276
vt 0.398409 0.252318
vt 0.422098 0.270373
vt 0.418568 0.262357
vt 0.438992 0.284931
vt 0.436539 0.275930
vt 0.452826 0.302422
vt 0.451710 0.292573
vt 0.463100 0.322215
vt 0.066259 0.900408
vt 0.066259 0.890107
vt 0.067549 0.900463
vt 0.067549 0.890162
vt 0.069330 0.900485
vt 0.069330 0.890184
vt 0.071126 0.900466
vt 0.071126 0.890165
vt 0.072454 0.900411
vt 0.072454 0.890110
vt 0.143627 0.900424
vt 0.143627 0.890115
vt 0.145325 0.900435
vt 0.145325 0.890126
vt 0.147165 0.900432
vt 0.147165 0.890123
vt 0.148654 0.900416
vt 0.148654 0.890107
vt 0.438581 0.902451
vt 0.438581 0.892141
vt 0.440390 0.902447
vt 0.440390 0.892137
vt 0.442154 0.902453
vt 0.442154 0.892143
vt 0.080485 0.900414
vt 0.080485 0.890106
vt 0.082062 0.900435
vt 0.082062 0.890127
vt 0.083912 0.900436
vt 0.083912 0.890128
vt 0.085541 0.900417
vt 0.085541 0.890109
vt 0.882412 0.236834
vt 0.882412 0.226533
vt 0.883702 0.236890
vt 0.883702 0.226589
vt 0.885483 0.236911
vt 0.885483 0.226610
vt 0.887278 0.236892
vt 0.887278 0.226591
vt 0.888606 0.236838
vt 0.888606 0.226537
vt 0.148654 0.900424
vt 0.148654 0.890115
vt 0.150351 0.900435
vt 0.150351 0.890126
vt 0.152191 0.900432
vt 0.152191 0.890123
vt 0.153681 0.900416
vt 0.153681 0.890107
vt 0.442154 0.902451
vt 0.442154 0.892141
vt 0.443963 0.902447
vt 0.443963 0.892137
vt 0.445727 0.902453
vt 0.445727 0.892143
vt 0.090598 0.900414
vt 0.090598 0.890107
vt 0.092175 0.900435
vt 0.092175 0.890127
vt 0.094026 0.900436
vt 0.094026 0.890128
vt 0.095654 0.900417
vt 0.095654 0.890110
vt 0.072454 0.900408
vt 0.072454 0.890107
vt 0.073744 0.900463
vt 0.073744 0.890162
vt 0.075525 0.900485
vt 0.075525 0.890184
vt 0.077321 0.900466
vt 0.077321 0.890165
vt 0.078649 0.900411
vt 0.078649 0.890110
vt 0.100681 0.900424
vt 0.100681 0.890115
vt 0.102378 0.900435
vt 0.102378 0.890126
vt 0.104218 0.900432
vt 0.104218 0.890123
vt 0.105708 0.900415
vt 0.105708 0.890106
vt 0.454153 0.902451
vt 0.454153 0.892141
vt 0.455962 0.902447
vt 0.455962 0.892137
vt 0.457726 0.902453
vt 0.457726 0.892143
vt 0.085541 0.900414
vt 0.085541 0.890107
vt 0.087118 0.900435
vt 0.087118 0.890127
vt 0.088969 0.900436
vt 0.088969 0.890128
vt 0.090598 0.900417
vt 0.090598 0.890110
vt 0.888607 0.236834
vt 0.888607 0.226533
vt 0.889897 0.236890
vt 0.889897 0.226589
vt 0.891678 0.236911
vt 0.891678 0.226610
vt 0.893473 0.236892
vt 0.893473 0.226591
vt 0.894801 0.236838
vt 0.894801 0.226537
vt 0.095654 0.900424
vt 0.095654 0.890115
vt 0.097352 0.900435
vt 0.097352 0.890126
vt 0.099191 0.900432
vt 0.099191 0.890123
vt 0.100681 0.900416
vt 0.100681 0.890107
vt 0.450579 0.902451
vt 0.450579 0.892141
vt 0.452388 0.902447
vt 0.452388 0.892137
vt 0.454153 0.902452
vt 0.454153 0.892143
vt 0.153681 0.900414
vt 0.153681 0.890107
vt 0.155258 0.900435
vt 0.155258 0.890127
vt 0.157109 0.900436
vt 0.157109 0.890128
vt 0.158738 0.900417
vt 0.158738 0.890109
vt 0.930361 0.878647
vt 0.930645 0.868232
vt 0.939277 0.860059
vt 0.931393 0.817651
vt 0.939625 0.839479
vt 0.931216 0.839485
vt 0.930868 0.860065
vt 0.931393 0.802253
vt 0.939802 0.795347
vt 0.939802 0.817646
vt 0.931393 0.795352
vt 0.931216 0.773395
vt 0.939625 0.773390
vt 0.930868 0.752573
vt 0.939277 0.752568
vt 0.930361 0.733638
vt 0.938770 0.733633
vt 0.929715 0.717275
vt 0.938124 0.717270
vt 0.977820 0.362802
vt 0.969405 0.362815
vt 0.969613 0.346779
vt 0.978029 0.346766
vt 0.969768 0.328100
vt 0.978183 0.328087
vt 0.969862 0.307453
vt 0.978278 0.307440
vt 0.969893 0.286697
vt 0.978310 0.285571
vt 0.969894 0.285584
vt 0.969862 0.263283
vt 0.978278 0.263270
vt 0.969768 0.241358
vt 0.978183 0.241345
vt 0.969613 0.220599
vt 0.978029 0.220586
vt 0.969405 0.201758
vt 0.977820 0.201745
vt 0.978310 0.201745
vt 0.986726 0.201749
vt 0.986850 0.219906
vt 0.978434 0.219902
vt 0.986936 0.240185
vt 0.978520 0.240181
vt 0.986979 0.261854
vt 0.978564 0.261849
vt 0.986979 0.284128
vt 0.978564 0.284124
vt 0.986936 0.306204
vt 0.978520 0.306200
vt 0.986850 0.327284
vt 0.978434 0.327280
vt 0.986726 0.346604
vt 0.978310 0.346600
vt 0.955650 0.201745
vt 0.964065 0.201761
vt 0.963743 0.219233
vt 0.955328 0.219217
vt 0.963491 0.239011
vt 0.955077 0.238995
vt 0.963437 0.245625
vt 0.954903 0.260366
vt 0.938770 0.878642
vt 0.938124 0.894555
vt 0.929715 0.894560
vt 0.964065 0.378331
vt 0.955650 0.378315
vt 0.955328 0.363641
vt 0.963743 0.363657
vt 0.955077 0.346053
vt 0.963491 0.346069
vt 0.954903 0.326189
vt 0.963318 0.326205
vt 0.954815 0.304766
vt 0.963230 0.304782
vt 0.954815 0.282557
vt 0.963230 0.282573
vt 0.963318 0.260382
vt 0.908260 0.444549
vt 0.908304 0.442698
vt 0.921531 0.436868
vt 0.910900 0.439552
vt 0.909462 0.438657
vt 0.907416 0.441073
vt 0.906508 0.437022
vt 0.905835 0.440109
vt 0.903131 0.437026
vt 0.903984 0.440065
vt 0.900181 0.438668
vt 0.902359 0.440953
vt 0.898400 0.441537
vt 0.901395 0.442533
vt 0.898235 0.444909
vt 0.901351 0.444384
vt 0.899728 0.447938
vt 0.902239 0.446009
vt 0.900554 0.449417
vt 0.903820 0.446973
vt 0.907296 0.446130
vt 0.906141 0.453007
vt 0.905671 0.447017
vt 0.900226 0.452718
vt 0.900729 0.451101
vt 0.912574 0.439807
vt 0.914213 0.439382
vt 0.915552 0.438345
vt 0.933587 0.418109
vt 0.742578 0.435758
vt 0.744262 0.435583
vt 0.749295 0.436381
vt 0.745741 0.434758
vt 0.747669 0.437268
vt 0.746706 0.438849
vt 0.740960 0.435255
vt 0.746662 0.440700
vt 0.747549 0.442325
vt 0.744427 0.445301
vt 0.749130 0.443288
vt 0.750981 0.443332
vt 0.754127 0.445929
vt 0.755022 0.444491
vt 0.752606 0.442445
vt 0.756658 0.441537
vt 0.753570 0.440864
vt 0.756654 0.438160
vt 0.753614 0.439013
vt 0.755011 0.435210
vt 0.752727 0.437388
vt 0.752142 0.433429
vt 0.748770 0.433264
vt 0.751146 0.436425
vt 0.753872 0.447603
vt 0.754297 0.449242
vt 0.755334 0.450581
vt 0.761281 0.459904
vt 0.771120 0.461933
vt 0.780594 0.471054
vt 0.788610 0.470428
vt 0.792405 0.475142
vt 0.795320 0.472363
vt 0.801668 0.478348
vt 0.807292 0.475816
vt 0.823742 0.481522
vt 0.826620 0.477941
vt 0.846018 0.480461
vt 0.846027 0.476739
vt 0.860983 0.476831
vt 0.858150 0.473860
vt 0.867690 0.475205
vt 0.864944 0.472246
vt 0.887976 0.465941
vt 0.882819 0.464594
vt 0.899127 0.454006
vt 0.720423 0.407951
vt 0.729084 0.417849
vt 0.730642 0.427772
vt 0.739672 0.434156
vt 0.906141 0.275713
vt 0.921531 0.291852
vt 0.911099 0.286393
vt 0.911986 0.288018
vt 0.917687 0.293462
vt 0.916070 0.292959
vt 0.911942 0.289869
vt 0.910978 0.291450
vt 0.926905 0.422561
vt 0.935400 0.405072
vt 0.941876 0.397407
vt 0.940789 0.386391
vt 0.946096 0.375510
vt 0.942913 0.367064
vt 0.946096 0.353211
vt 0.941711 0.347659
vt 0.942091 0.332429
vt 0.938831 0.335537
vt 0.941876 0.331314
vt 0.937217 0.328742
vt 0.933587 0.310612
vt 0.929564 0.310869
vt 0.918975 0.294562
vt 0.758094 0.279301
vt 0.758919 0.280780
vt 0.757296 0.284333
vt 0.760413 0.283808
vt 0.760248 0.287181
vt 0.757919 0.277616
vt 0.756409 0.282708
vt 0.754828 0.281744
vt 0.751352 0.282587
vt 0.750388 0.284168
vt 0.744427 0.283413
vt 0.750344 0.286019
vt 0.747748 0.289165
vt 0.749186 0.290060
vt 0.751231 0.287644
vt 0.752140 0.291696
vt 0.752812 0.288608
vt 0.755516 0.291692
vt 0.754663 0.288652
vt 0.758467 0.290049
vt 0.756289 0.287765
vt 0.757252 0.286184
vt 0.746074 0.288910
vt 0.744434 0.289335
vt 0.743095 0.290372
vt 0.730642 0.300942
vt 0.731743 0.306157
vt 0.720423 0.320762
vt 0.723248 0.323645
vt 0.718479 0.327384
vt 0.721312 0.330355
vt 0.714140 0.342158
vt 0.717859 0.342327
vt 0.712020 0.364357
vt 0.715735 0.361653
vt 0.714140 0.386555
vt 0.716937 0.381059
vt 0.721430 0.399975
vt 0.914386 0.293135
vt 0.912907 0.293960
vt 0.909353 0.292337
vt 0.909878 0.295453
vt 0.907502 0.292293
vt 0.906505 0.295288
vt 0.905921 0.291329
vt 0.903637 0.293507
vt 0.905034 0.289704
vt 0.901994 0.290557
vt 0.905078 0.287853
vt 0.901990 0.287180
vt 0.906041 0.286272
vt 0.903626 0.284227
vt 0.907667 0.285385
vt 0.904520 0.282789
vt 0.904776 0.281115
vt 0.909518 0.285429
vt 0.752977 0.281700
vt 0.761281 0.268811
vt 0.758422 0.275999
vt 0.846018 0.248256
vt 0.832028 0.250776
vt 0.823742 0.247195
vt 0.812621 0.251978
vt 0.801669 0.250368
vt 0.793703 0.256471
vt 0.780594 0.257661
vt 0.775829 0.264124
vt 0.759521 0.274711
vt 0.904350 0.279475
vt 0.903313 0.278137
vt 0.887976 0.262778
vt 0.887528 0.266784
vt 0.867690 0.253514
vt 0.870038 0.258290
vt 0.851355 0.252901
vt 0.984741 0.757865
vt 0.984804 0.765428
vt 0.976178 0.765468
vt 0.984663 0.746301
vt 0.976034 0.746368
vt 0.984637 0.742449
vt 0.975938 0.726927
vt 0.984564 0.726887
vt 0.984524 0.711471
vt 0.975894 0.707714
vt 0.984523 0.707728
vt 0.984518 0.696491
vt 0.975901 0.689292
vt 0.984531 0.689359
vt 0.984697 0.656899
vt 0.984605 0.668946
vt 0.975961 0.672200
vt 0.984590 0.672264
vt 0.984545 0.682226
vt 0.976032 0.662421
vt 0.976071 0.656939
vt 0.984819 0.646311
vt 0.976228 0.643956
vt 0.673916 0.878668
vt 0.682611 0.881517
vt 0.673984 0.881524
vt 0.674189 0.890101
vt 0.682911 0.896461
vt 0.674292 0.896333
vt 0.674298 0.897723
vt 0.682916 0.898017
vt 0.674296 0.897889
vt 0.674272 0.899582
vt 0.682890 0.899711
vt 0.674220 0.901125
vt 0.682839 0.901267
vt 0.674215 0.901277
vt 0.682770 0.902435
vt 0.674152 0.902306
vt 0.674062 0.903749
vt 0.682636 0.904885
vt 0.674024 0.904834
vt 0.673961 0.906622
vt 0.682552 0.908154
vt 0.673942 0.908020
vt 0.673918 0.909808
vt 0.682539 0.911422
vt 0.673930 0.911200
vt 0.673941 0.912592
vt 0.682601 0.913865
vt 0.859251 0.238467
vt 0.850642 0.237265
vt 0.859265 0.237121
vt 0.859277 0.236068
vt 0.850656 0.234204
vt 0.859280 0.234142
vt 0.859281 0.232973
vt 0.850645 0.230836
vt 0.859271 0.230816
vt 0.859264 0.229305
vt 0.850638 0.229155
vt 0.859265 0.229144
vt 0.859268 0.227509
vt 0.850642 0.227529
vt 0.859281 0.226225
vt 0.850655 0.226222
vt 0.859283 0.226098
vt 0.975427 0.139562
vt 0.966815 0.139768
vt 0.966760 0.138382
vt 0.975379 0.138295
vt 0.965999 0.100731
vt 0.974861 0.116063
vt 0.966316 0.119949
vt 0.974942 0.119808
vt 0.975187 0.131051
vt 0.965820 0.081291
vt 0.974464 0.085083
vt 0.974618 0.100644
vt 0.974428 0.054699
vt 0.974414 0.062186
vt 0.965783 0.062199
vt 0.974400 0.069672
vt 0.974448 0.081232
vt 0.974518 0.044008
vt 0.965890 0.044014
vt 0.974547 0.040447
vt 0.966137 0.027268
vt 0.974756 0.027182
vt 0.975050 0.015153
vt 0.966518 0.012452
vt 0.975143 0.012513
vt 0.975424 0.004586
vt 0.967020 -0.000000
vt 0.718487 0.225488
vt 0.727210 0.230428
vt 0.718585 0.230378
vt 0.718598 0.231570
vt 0.727224 0.231772
vt 0.718598 0.231731
vt 0.718598 0.233363
vt 0.727223 0.233413
vt 0.718582 0.235030
vt 0.727208 0.235086
vt 0.718581 0.235194
vt 0.727181 0.236520
vt 0.718556 0.236470
vt 0.718520 0.238272
vt 0.727129 0.239467
vt 0.718508 0.239452
vt 0.718489 0.241397
vt 0.727110 0.242843
vt 0.718489 0.242741
vt 0.718489 0.244461
vt 0.727126 0.245800
vt 0.718505 0.245619
vt 0.718521 0.246777
vt 0.840436 0.238892
vt 0.831767 0.239874
vt 0.831859 0.237541
vt 0.840471 0.237399
vt 0.840498 0.236232
vt 0.831887 0.234317
vt 0.840498 0.234259
vt 0.840498 0.233062
vt 0.831843 0.231011
vt 0.840462 0.230973
vt 0.840438 0.229505
vt 0.831818 0.229373
vt 0.840438 0.229339
vt 0.840440 0.227660
vt 0.831821 0.227698
vt 0.840472 0.226238
vt 0.831852 0.226258
vt 0.840475 0.226098
vt 0.975147 0.632942
vt 0.966525 0.633031
vt 0.966498 0.631927
vt 0.975123 0.631923
vt 0.966007 0.578733
vt 0.974646 0.582573
vt 0.966071 0.590868
vt 0.974731 0.597665
vt 0.966107 0.597669
vt 0.974859 0.612098
vt 0.966272 0.615575
vt 0.974900 0.615472
vt 0.975026 0.625601
vt 0.974607 0.551547
vt 0.974605 0.559325
vt 0.965975 0.559322
vt 0.974604 0.567103
vt 0.974636 0.578708
vt 0.974642 0.540032
vt 0.966013 0.540003
vt 0.974653 0.536197
vt 0.966118 0.521343
vt 0.974743 0.521339
vt 0.974875 0.507254
vt 0.966289 0.503888
vt 0.974918 0.503993
vt 0.975046 0.494205
vt 0.966520 0.488150
vt 0.975145 0.488146
vt 0.121864 0.890856
vt 0.121864 0.899483
vt 0.120517 0.890849
vt 0.120353 0.899475
vt 0.120350 0.890849
vt 0.118663 0.890847
vt 0.118663 0.899474
vt 0.117080 0.890854
vt 0.117068 0.899480
vt 0.116924 0.890854
vt 0.461712 0.892891
vt 0.461728 0.901516
vt 0.460357 0.901515
vt 0.460457 0.892890
vt 0.458638 0.892887
vt 0.457726 0.901516
vt 0.736258 0.238424
vt 0.735218 0.247058
vt 0.735142 0.238430
vt 0.733304 0.238439
vt 0.731902 0.247067
vt 0.731912 0.238439
vt 0.730130 0.238439
vt 0.728694 0.247060
vt 0.728789 0.238431
vt 0.727448 0.238424
vt 0.823117 0.227306
vt 0.831767 0.226098
vt 0.831721 0.228959
vt 0.823100 0.228995
vt 0.823086 0.230316
vt 0.831707 0.232331
vt 0.823086 0.232279
vt 0.823086 0.233471
vt 0.831729 0.235366
vt 0.823104 0.235340
vt 0.823116 0.236660
vt 0.831741 0.236848
vt 0.823116 0.236826
vt 0.823115 0.238507
vt 0.831740 0.238533
vt 0.823099 0.240111
vt 0.831724 0.240148
vt 0.823097 0.240270
vt 0.966926 0.633133
vt 0.975554 0.633032
vt 0.975541 0.634356
vt 0.966915 0.634345
vt 0.975345 0.690807
vt 0.966721 0.690781
vt 0.966722 0.686904
vt 0.975366 0.678358
vt 0.966751 0.671370
vt 0.975378 0.671380
vt 0.966801 0.656107
vt 0.975444 0.652378
vt 0.966819 0.652433
vt 0.966872 0.641402
vt 0.966716 0.702419
vt 0.975347 0.710089
vt 0.966723 0.710021
vt 0.966826 0.745970
vt 0.966768 0.732232
vt 0.975383 0.728661
vt 0.966759 0.728582
vt 0.966731 0.717623
vt 0.975428 0.739760
vt 0.975453 0.745980
vt 0.966905 0.758580
vt 0.975554 0.761539
vt 0.683665 0.878668
vt 0.692303 0.881802
vt 0.683674 0.881852
vt 0.683703 0.891413
vt 0.692335 0.898279
vt 0.683709 0.898215
vt 0.683705 0.899676
vt 0.692329 0.899911
vt 0.683703 0.899842
vt 0.683688 0.901525
vt 0.692313 0.901589
vt 0.683664 0.902960
vt 0.692289 0.903043
vt 0.683661 0.903101
vt 0.449276 0.892891
vt 0.449276 0.901505
vt 0.448050 0.901540
vt 0.448150 0.892921
vt 0.446510 0.892963
vt 0.445727 0.901616
vt 0.869040 0.226866
vt 0.869175 0.235527
vt 0.868041 0.226977
vt 0.866393 0.227160
vt 0.866067 0.235883
vt 0.865012 0.227325
vt 0.863245 0.227536
vt 0.862740 0.236292
vt 0.861774 0.227723
vt 0.860302 0.227910
vt 0.860030 0.236650
vt 0.841996 0.226311
vt 0.850632 0.227772
vt 0.842004 0.227861
vt 0.842010 0.229073
vt 0.850638 0.231052
vt 0.842010 0.231055
vt 0.842010 0.232258
vt 0.850627 0.234309
vt 0.842001 0.234304
vt 0.841995 0.235744
vt 0.850621 0.235918
vt 0.841995 0.235911
vt 0.841995 0.237600
vt 0.850621 0.237605
vt 0.842003 0.239075
vt 0.850629 0.239097
vt 0.842004 0.239221
vt 0.984820 0.766797
vt 0.976196 0.766972
vt 0.673823 0.890136
vt 0.673550 0.878710
vt 0.985184 0.646360
vt 0.985062 0.656942
vt 0.984970 0.668982
vt 0.984910 0.682255
vt 0.984883 0.696511
vt 0.984890 0.711483
vt 0.984929 0.726890
vt 0.985002 0.742443
vt 0.985106 0.757850
vt 0.719154 0.093795
vt 0.718118 0.101463
vt 0.717738 0.101427
vt 0.718481 0.101499
vt 0.719605 0.093869
vt 0.720000 0.091188
vt 0.722786 0.078760
vt 0.722501 0.080944
vt 0.728439 0.064363
vt 0.726034 0.070770
vt 0.723212 0.078896
vt 0.736348 0.051098
vt 0.735725 0.051976
vt 0.736006 0.050873
vt 0.730434 0.061151
vt 0.728872 0.064566
vt 0.741815 0.043390
vt 0.745345 0.038544
vt 0.745711 0.038861
vt 0.748652 0.035441
vt 0.756281 0.027607
vt 0.756155 0.028201
vt 0.768610 0.018267
vt 0.764291 0.021691
vt 0.756534 0.027897
vt 0.782099 0.010699
vt 0.772890 0.016021
vt 0.768874 0.018669
vt 0.796495 0.005046
vt 0.791400 0.007175
vt 0.782048 0.011126
vt 0.811594 0.001790
vt 0.811025 0.001868
vt 0.811530 0.001412
vt 0.801290 0.004025
vt 0.796642 0.005506
vt 0.673926 0.896365
vt 0.673536 0.896498
vt 0.985169 0.765408
vt 0.985489 0.757798
vt 0.985385 0.742424
vt 0.985313 0.726905
vt 0.985273 0.711531
vt 0.985267 0.696591
vt 0.985294 0.682365
vt 0.985353 0.669121
vt 0.985445 0.657106
vt 0.985567 0.646547
vt 0.673161 0.878881
vt 0.673433 0.890283
vt 0.811464 0.001040
vt 0.819158 0.000000
vt 0.819198 0.000376
vt 0.819235 0.000738
vt 0.796379 0.004685
vt 0.781934 0.010358
vt 0.768400 0.017951
vt 0.756030 0.027322
vt 0.745057 0.038296
vt 0.735686 0.050667
vt 0.728094 0.064202
vt 0.722422 0.078647
vt 0.718778 0.093733
vt 0.985551 0.765341
vt 0.673906 0.899564
vt 0.673849 0.901232
vt 0.673932 0.897733
vt 0.673541 0.897786
vt 0.820568 0.000116
vt 0.820470 0.000481
vt 0.820366 0.000902
vt 0.820747 0.000958
vt 0.821580 0.001528
vt 0.822372 0.002645
vt 0.821841 0.001707
vt 0.821845 0.001210
vt 0.822702 0.003721
vt 0.822592 0.003034
vt 0.822771 0.002460
vt 0.823066 0.003703
vt 0.823117 0.002309
vt 0.823443 0.003685
vt 0.673406 0.902034
vt 0.673464 0.901080
vt 0.673788 0.902246
vt 0.673517 0.899509
vt 0.822091 0.000924
vt 0.859646 0.232972
vt 0.859642 0.236097
vt 0.859616 0.238520
vt 0.673575 0.912631
vt 0.673551 0.909820
vt 0.673595 0.906603
vt 0.673697 0.903702
vt 0.673312 0.903543
vt 0.823575 0.006056
vt 0.823269 0.006182
vt 0.825601 0.008926
vt 0.824812 0.008670
vt 0.823315 0.006381
vt 0.829623 0.011070
vt 0.828667 0.010789
vt 0.828721 0.010542
vt 0.827008 0.010301
vt 0.825420 0.009122
vt 0.832355 0.010887
vt 0.832234 0.010542
vt 0.834634 0.009916
vt 0.835353 0.008926
vt 0.835509 0.009108
vt 0.838253 0.003721
vt 0.837917 0.005627
vt 0.837380 0.006056
vt 0.837649 0.006154
vt 0.836708 0.008001
vt 0.859636 0.230795
vt 0.860019 0.230716
vt 0.823926 0.005918
vt 0.825849 0.008641
vt 0.828809 0.010174
vt 0.832142 0.010174
vt 0.835102 0.008641
vt 0.837024 0.005918
vt 0.837889 0.003703
vt 0.673206 0.906547
vt 0.673161 0.909879
vt 0.673186 0.912791
vt 0.859998 0.238718
vt 0.860025 0.236209
vt 0.860030 0.232971
vt 0.837507 0.003685
vt 0.859633 0.227539
vt 0.859647 0.226149
vt 0.859629 0.229307
vt 0.860013 0.229316
vt 0.837833 0.002309
vt 0.838182 0.002460
vt 0.838584 0.002627
vt 0.838696 0.002258
vt 0.839384 0.001520
vt 0.840607 0.000904
vt 0.839600 0.001289
vt 0.839109 0.001210
vt 0.841720 0.000738
vt 0.841025 0.000745
vt 0.840483 0.000481
vt 0.841756 0.000376
vt 0.840382 0.000116
vt 0.841791 0.000000
vt 0.976133 0.138165
vt 0.976178 0.139339
vt 0.975793 0.139513
vt 0.975745 0.138266
vt 0.860016 0.227652
vt 0.860030 0.226343
vt 0.838859 0.000924
vt 0.975790 0.004633
vt 0.975416 0.015194
vt 0.975123 0.027216
vt 0.974914 0.040474
vt 0.974794 0.054718
vt 0.974766 0.069681
vt 0.974830 0.085084
vt 0.974985 0.100636
vt 0.975227 0.116047
vt 0.975553 0.131026
vt 0.849424 0.001412
vt 0.849350 0.001862
vt 0.852031 0.002257
vt 0.864459 0.005046
vt 0.862275 0.004759
vt 0.878856 0.010699
vt 0.872449 0.008292
vt 0.864323 0.005471
vt 0.892121 0.018608
vt 0.891243 0.017985
vt 0.892346 0.018267
vt 0.882068 0.012693
vt 0.878654 0.011131
vt 0.899830 0.024075
vt 0.904675 0.027607
vt 0.904359 0.027972
vt 0.907779 0.030913
vt 0.915613 0.038544
vt 0.915019 0.038417
vt 0.924954 0.050873
vt 0.921530 0.046553
vt 0.915323 0.038796
vt 0.932522 0.064363
vt 0.927200 0.055153
vt 0.924552 0.051137
vt 0.938177 0.078760
vt 0.936047 0.073663
vt 0.932096 0.064312
vt 0.941433 0.093858
vt 0.941355 0.093290
vt 0.941811 0.093795
vt 0.939198 0.083554
vt 0.937717 0.078905
vt 0.718122 0.225538
vt 0.718220 0.230425
vt 0.717836 0.230607
vt 0.975941 0.130941
vt 0.975616 0.115994
vt 0.975374 0.100616
vt 0.975220 0.085097
vt 0.975156 0.069728
vt 0.975184 0.054796
vt 0.975303 0.040582
vt 0.975512 0.027353
vt 0.975805 0.015357
vt 0.976178 0.004818
vt 0.717738 0.225730
vt 0.942183 0.093733
vt 0.943223 0.101427
vt 0.942847 0.101463
vt 0.942486 0.101499
vt 0.938537 0.078648
vt 0.932863 0.064202
vt 0.925269 0.050667
vt 0.915897 0.038296
vt 0.904923 0.027323
vt 0.892552 0.017951
vt 0.879017 0.010358
vt 0.864571 0.004685
vt 0.849486 0.001040
vt 0.718233 0.233364
vt 0.718216 0.235167
vt 0.718233 0.231598
vt 0.717848 0.231711
vt 0.943107 0.102837
vt 0.942743 0.102736
vt 0.942322 0.102630
vt 0.942266 0.103012
vt 0.941696 0.103844
vt 0.940579 0.104636
vt 0.941517 0.104105
vt 0.942014 0.104111
vt 0.939503 0.104967
vt 0.940190 0.104856
vt 0.940763 0.105037
vt 0.939521 0.105331
vt 0.940914 0.105386
vt 0.939538 0.105712
vt 0.717809 0.236252
vt 0.717832 0.235070
vt 0.718191 0.236423
vt 0.717848 0.233373
vt 0.942300 0.104360
vt 0.718155 0.238242
vt 0.937168 0.105840
vt 0.937042 0.105533
vt 0.934298 0.107866
vt 0.934554 0.107076
vt 0.936843 0.105579
vt 0.932683 0.110986
vt 0.932923 0.109272
vt 0.934102 0.107684
vt 0.932683 0.114499
vt 0.932433 0.114566
vt 0.932108 0.112742
vt 0.932155 0.111887
vt 0.932436 0.110930
vt 0.938653 0.120428
vt 0.937073 0.119876
vt 0.937169 0.119645
vt 0.936080 0.119530
vt 0.934299 0.117618
vt 0.933968 0.117791
vt 0.932587 0.115430
vt 0.840865 0.233052
vt 0.840828 0.230942
vt 0.841216 0.230833
vt 0.840865 0.236252
vt 0.840802 0.238938
vt 0.718124 0.244491
vt 0.718156 0.246830
vt 0.718123 0.241397
vt 0.939504 0.120517
vt 0.939522 0.120154
vt 0.937306 0.119294
vt 0.934583 0.117371
vt 0.933050 0.114411
vt 0.933049 0.111077
vt 0.934583 0.108117
vt 0.937305 0.106195
vt 0.717771 0.238137
vt 0.717738 0.241405
vt 0.717739 0.244609
vt 0.717773 0.247032
vt 0.841189 0.239114
vt 0.841254 0.236333
vt 0.841254 0.233018
vt 0.939539 0.119776
vt 0.840806 0.227680
vt 0.840841 0.226143
vt 0.840805 0.229497
vt 0.841194 0.229472
vt 0.940915 0.120102
vt 0.940764 0.120448
vt 0.940598 0.120849
vt 0.940967 0.120961
vt 0.941705 0.121648
vt 0.942321 0.122871
vt 0.941936 0.121864
vt 0.942015 0.121374
vt 0.942487 0.123984
vt 0.942481 0.123289
vt 0.942744 0.122749
vt 0.942849 0.124021
vt 0.943108 0.122651
vt 0.943225 0.124061
vt 0.975872 0.631734
vt 0.975894 0.632679
vt 0.975512 0.632886
vt 0.975488 0.631883
vt 0.841196 0.227762
vt 0.841229 0.226315
vt 0.942301 0.121128
vt 0.975411 0.494244
vt 0.975240 0.507285
vt 0.975109 0.521363
vt 0.975019 0.536212
vt 0.974972 0.551553
vt 0.974970 0.567100
vt 0.975011 0.582561
vt 0.975097 0.597645
vt 0.975224 0.612070
vt 0.975391 0.625564
vt 0.941813 0.131690
vt 0.941363 0.131615
vt 0.940968 0.134296
vt 0.938181 0.146725
vt 0.938467 0.144539
vt 0.932528 0.161122
vt 0.934935 0.154714
vt 0.937756 0.146587
vt 0.924621 0.174386
vt 0.925243 0.173508
vt 0.924961 0.174611
vt 0.930535 0.164332
vt 0.932097 0.160918
vt 0.919154 0.182094
vt 0.915622 0.186940
vt 0.915258 0.186623
vt 0.912317 0.190042
vt 0.904686 0.197878
vt 0.904814 0.197283
vt 0.892357 0.207218
vt 0.896678 0.203793
vt 0.904434 0.197586
vt 0.878868 0.214785
vt 0.888078 0.209463
vt 0.892094 0.206815
vt 0.864472 0.220439
vt 0.869569 0.218308
vt 0.878920 0.214358
vt 0.849374 0.223694
vt 0.849943 0.223616
vt 0.849438 0.224072
vt 0.859678 0.221459
vt 0.864327 0.219978
vt 0.975510 0.488188
vt 0.975894 0.488347
vt 0.975775 0.625429
vt 0.975608 0.611964
vt 0.975481 0.597570
vt 0.975396 0.582518
vt 0.975354 0.567090
vt 0.975357 0.551577
vt 0.975403 0.536268
vt 0.975493 0.521451
vt 0.975624 0.507403
vt 0.975795 0.494389
vt 0.849499 0.224448
vt 0.841805 0.225488
vt 0.841769 0.225108
vt 0.841733 0.224746
vt 0.864584 0.220803
vt 0.879029 0.215130
vt 0.892563 0.207537
vt 0.904933 0.198166
vt 0.915906 0.187192
vt 0.925277 0.174821
vt 0.932869 0.161286
vt 0.938541 0.146841
vt 0.942185 0.131755
vt 0.118672 0.890484
vt 0.116960 0.890491
vt 0.838266 0.221763
vt 0.838376 0.222450
vt 0.838196 0.223024
vt 0.837902 0.221782
vt 0.837846 0.223179
vt 0.837520 0.221803
vt 0.460339 0.892140
vt 0.461502 0.892142
vt 0.461670 0.892526
vt 0.460435 0.892525
vt 0.121824 0.890493
vt 0.120497 0.890485
vt 0.120424 0.890108
vt 0.121673 0.890115
vt 0.840395 0.225372
vt 0.840497 0.225003
vt 0.840603 0.224581
vt 0.840221 0.224526
vt 0.839389 0.223956
vt 0.838597 0.222839
vt 0.839127 0.223777
vt 0.839122 0.224275
vt 0.118706 0.890107
vt 0.117094 0.890113
vt 0.838872 0.224564
vt 0.822721 0.233494
vt 0.822721 0.230309
vt 0.822752 0.227270
vt 0.727400 0.238060
vt 0.730109 0.238076
vt 0.733313 0.238076
vt 0.736296 0.238060
vt 0.458437 0.892137
vt 0.837393 0.219429
vt 0.837699 0.219302
vt 0.835366 0.216559
vt 0.836157 0.216813
vt 0.837653 0.219103
vt 0.831346 0.214414
vt 0.832302 0.214695
vt 0.832246 0.214943
vt 0.833960 0.215183
vt 0.835548 0.216362
vt 0.828613 0.214596
vt 0.828733 0.214943
vt 0.826334 0.215568
vt 0.825614 0.216559
vt 0.825459 0.216375
vt 0.822716 0.221763
vt 0.823051 0.219856
vt 0.823587 0.219429
vt 0.823319 0.219330
vt 0.824260 0.217482
vt 0.822739 0.235381
vt 0.822355 0.235538
vt 0.837037 0.219570
vt 0.835114 0.216847
vt 0.832154 0.215314
vt 0.828821 0.215314
vt 0.825861 0.216847
vt 0.823939 0.219570
vt 0.823079 0.221782
vt 0.458598 0.892522
vt 0.736437 0.237682
vt 0.733349 0.237698
vt 0.730029 0.237698
vt 0.727224 0.237682
vt 0.822368 0.227136
vt 0.822336 0.230284
vt 0.822336 0.233584
vt 0.823456 0.221803
vt 0.822750 0.238500
vt 0.822732 0.240235
vt 0.819248 0.224746
vt 0.819944 0.224739
vt 0.820484 0.225003
vt 0.819212 0.225108
vt 0.820581 0.225372
vt 0.819172 0.225488
vt 0.966174 0.634484
vt 0.966184 0.633360
vt 0.966562 0.633180
vt 0.966551 0.634374
vt 0.822751 0.236681
vt 0.822366 0.236762
vt 0.823130 0.223179
vt 0.822785 0.223024
vt 0.822384 0.222856
vt 0.822272 0.223226
vt 0.821585 0.223963
vt 0.820362 0.224580
vt 0.821368 0.224195
vt 0.821859 0.224275
vt 0.822365 0.238473
vt 0.822349 0.240107
vt 0.822104 0.224564
vt 0.683338 0.891444
vt 0.683299 0.878706
vt 0.966541 0.758538
vt 0.966463 0.745935
vt 0.966405 0.732205
vt 0.966367 0.717605
vt 0.966352 0.702409
vt 0.966359 0.686903
vt 0.966388 0.671378
vt 0.966438 0.656123
vt 0.966509 0.641427
vt 0.811543 0.224072
vt 0.811618 0.223621
vt 0.808937 0.223226
vt 0.796508 0.220439
vt 0.798694 0.220724
vt 0.782111 0.214785
vt 0.788519 0.217191
vt 0.796646 0.220013
vt 0.768847 0.206876
vt 0.769725 0.207499
vt 0.768621 0.207218
vt 0.778900 0.212791
vt 0.782315 0.214353
vt 0.761139 0.201408
vt 0.756292 0.197877
vt 0.756609 0.197512
vt 0.753190 0.194571
vt 0.745354 0.186940
vt 0.745949 0.187067
vt 0.736013 0.174611
vt 0.739438 0.178931
vt 0.745645 0.186688
vt 0.728445 0.161122
vt 0.733768 0.170331
vt 0.736416 0.174347
vt 0.722791 0.146724
vt 0.724922 0.151820
vt 0.728873 0.161172
vt 0.719535 0.131626
vt 0.719613 0.132194
vt 0.719156 0.131690
vt 0.721771 0.141929
vt 0.723252 0.146578
vt 0.683344 0.898242
vt 0.682960 0.898350
vt 0.966131 0.641521
vt 0.966061 0.656186
vt 0.966010 0.671408
vt 0.965982 0.686901
vt 0.965975 0.702374
vt 0.965990 0.717536
vt 0.966027 0.732105
vt 0.966085 0.745806
vt 0.966164 0.758382
vt 0.682916 0.878856
vt 0.682954 0.891567
vt 0.718780 0.131755
vt 0.717740 0.124061
vt 0.718120 0.124021
vt 0.718483 0.123984
vt 0.722426 0.146840
vt 0.728100 0.161286
vt 0.735694 0.174821
vt 0.745066 0.187192
vt 0.756040 0.198165
vt 0.768411 0.207537
vt 0.781946 0.215130
vt 0.796392 0.220803
vt 0.811477 0.224448
vt 0.449228 0.892525
vt 0.448120 0.892554
vt 0.447995 0.892165
vt 0.683297 0.903053
vt 0.683323 0.901500
vt 0.683340 0.899681
vt 0.718225 0.122749
vt 0.718953 0.121374
vt 0.718837 0.122185
vt 0.718667 0.122866
vt 0.718467 0.123669
vt 0.721244 0.120536
vt 0.720381 0.120861
vt 0.720204 0.120448
vt 0.719835 0.121067
vt 0.719297 0.121670
vt 0.682956 0.899704
vt 0.682940 0.901417
vt 0.682916 0.902879
vt 0.449039 0.892137
vt 0.720049 0.120102
vt 0.721425 0.119776
vt 0.721446 0.120154
vt 0.721465 0.120517
vt 0.718663 0.121128
vt 0.717856 0.122651
vt 0.841647 0.232270
vt 0.841647 0.229055
vt 0.841632 0.226266
vt 0.860221 0.227552
vt 0.863193 0.227175
vt 0.866371 0.226795
vt 0.869044 0.226499
vt 0.446280 0.892208
vt 0.723799 0.119645
vt 0.723926 0.119950
vt 0.726669 0.117618
vt 0.726414 0.118408
vt 0.724125 0.119905
vt 0.728814 0.113597
vt 0.728533 0.114553
vt 0.728285 0.114499
vt 0.728045 0.116211
vt 0.726866 0.117799
vt 0.728631 0.110865
vt 0.728284 0.110986
vt 0.727659 0.108585
vt 0.726668 0.107866
vt 0.726852 0.107711
vt 0.721464 0.104967
vt 0.723371 0.105302
vt 0.723798 0.105840
vt 0.723897 0.105570
vt 0.725745 0.106511
vt 0.841637 0.234336
vt 0.841260 0.234457
vt 0.723658 0.119293
vt 0.726380 0.117371
vt 0.727913 0.114411
vt 0.727913 0.111077
vt 0.726380 0.108117
vt 0.723657 0.106194
vt 0.721445 0.105331
vt 0.446464 0.892596
vt 0.869175 0.226098
vt 0.866406 0.226405
vt 0.863114 0.226798
vt 0.860036 0.227189
vt 0.841254 0.226098
vt 0.841270 0.228987
vt 0.841269 0.232317
vt 0.721424 0.105712
vt 0.718466 0.101814
vt 0.718473 0.102036
vt 0.718223 0.102736
vt 0.985185 0.766757
vt 0.841640 0.239177
vt 0.841632 0.237581
vt 0.841631 0.235754
vt 0.720203 0.105037
vt 0.720371 0.104635
vt 0.718659 0.102613
vt 0.718934 0.103470
vt 0.718952 0.104110
vt 0.719285 0.103816
vt 0.720000 0.104523
vt 0.841254 0.235791
vt 0.841254 0.237511
vt 0.841262 0.239014
vt 0.985567 0.766610
vt 0.717855 0.102837
vt 0.718662 0.104360
vt 0.720048 0.105386
s 0
usemtl Material.011
f 1/1/1 2/2/1 3/3/1
f 3/3/2 4/4/2 5/5/2
f 5/6/3 6/8/3 7/9/3
f 7/9/4 8/10/4 9/11/4
f 9/11/5 10/12/5 11/13/5
f 11/14/6 12/16/6 13/17/6
f 13/17/7 14/18/7 15/19/7
f 15/19/8 16/20/8 17/21/8
f 17/22/9 18/24/9 19/25/9
f 19/25/10 20/26/10 21/27/10
f 21/27/11 22/28/11 23/29/11
f 23/30/12 24/32/12 1/1/12
f 25/33/1 26/34/1 27/35/1
f 27/35/2 28/36/2 29/37/2
f 29/38/3 30/40/3 31/41/3
f 31/41/4 32/42/4 33/43/4
f 33/43/5 34/44/5 35/45/5
f 35/46/6 36/48/6 37/49/6
f 37/49/7 38/50/7 39/51/7
f 39/51/8 40/52/8 41/53/8
f 41/54/9 42/56/9 43/57/9
f 43/57/10 44/58/10 45/59/10
f 45/59/11 46/60/11 47/61/11
f 47/62/12 48/64/12 25/33/12
f 49/65/1 50/66/1 51/67/1
f 51/67/2 52/68/2 53/69/2
f 53/70/3 54/72/3 55/73/3
f 55/73/4 56/74/4 57/75/4
f 57/75/5 58/76/5 59/77/5
f 59/78/6 60/80/6 61/81/6
f 61/81/7 62/82/7 63/83/7
f 63/83/8 64/84/8 65/85/8
f 65/86/9 66/88/9 67/89/9
f 67/89/10 68/90/10 69/91/10
f 69/91/11 70/92/11 71/93/11
f 71/94/12 72/96/12 49/65/12
f 73/97/1 74/98/1 75/99/1
f 75/99/2 76/100/2 77/101/2
f 77/102/3 78/104/3 79/105/3
f 79/105/4 80/106/4 81/107/4
f 81/107/5 82/108/5 83/109/5
f 83/110/6 84/112/6 85/113/6
f 85/113/7 86/114/7 87/115/7
f 87/115/8 88/116/8 89/117/8
f 89/118/9 90/120/9 91/121/9
f 91/121/10 92/122/10 93/123/10
f 93/123/11 94/124/11 95/125/11
f 95/126/12 96/128/12 73/97/12
f 2529/4204/3683 2478/4205/3683 2530/4206/3683
f 2530/4206/3684 2478/4205/3684 2477/4207/3684
f 2530/4206/3685 2477/4207/3685 2531/4208/3685
f 2531/4208/3686 2477/4207/3686 2485/4209/3686
f 2531/4208/3686 2485/4209/3686 2532/4210/3686
f 2485/4209/3686 2484/4211/3686 2532/4210/3686
f 2532/4210/3687 2484/4211/3687 2483/4212/3687
f 2532/4210/3687 2483/4212/3687 2533/4213/3687
f 2533/4213/3688 2483/4212/3688 2482/4214/3688
f 2533/4213/3688 2482/4214/3688 2534/4215/3688
f 2534/4215/3689 2482/4214/3689 2481/4216/3689
f 2534/4215/3689 2481/4216/3689 2535/4217/3689
f 2481/4216/3689 2486/4218/3689 2535/4217/3689
f 2535/4219/3690 2486/4220/3690 2488/4221/3690
f 2535/4219/3690 2488/4221/3690 2536/4222/3690
f 2536/4222/3691 2488/4221/3691 2491/4223/3691
f 2536/4222/3691 2491/4223/3691 2537/4224/3691
f 2491/4223/3691 2490/4225/3691 2537/4224/3691
f 2537/4224/3692 2490/4225/3692 2489/4226/3692
f 2537/4224/3692 2489/4226/3692 2538/4227/3692
f 2538/4227/3693 2489/4226/3693 2498/4228/3693
f 2538/4227/3693 2498/4228/3693 2539/4229/3693
f 2539/4229/3694 2498/4228/3694 2497/4230/3694
f 2539/4229/3694 2497/4230/3694 2540/4231/3694
f 2497/4230/3694 2496/4232/3694 2540/4231/3694
f 2540/4231/3695 2496/4232/3695 2495/4233/3695
f 2540/4231/3695 2495/4233/3695 2541/4234/3695
f 2541/4234/3696 2495/4233/3696 2493/4235/3696
f 2541/4234/3697 2493/4235/3697 2542/4236/3697
f 2493/4235/3697 2492/4237/3697 2542/4236/3697
f 2542/4236/3698 2492/4237/3698 2500/4238/3698
f 2542/4236/3698 2500/4238/3698 2543/4239/3698
f 2543/4239/3699 2500/4238/3699 2499/4240/3699
f 2543/4239/3699 2499/4240/3699 2544/4241/3699
f 2544/4242/3700 2499/4243/3700 2506/4244/3700
f 2544/4242/3700 2506/4244/3700 2545/4245/3700
f 2506/4244/3700 2505/4246/3700 2545/4245/3700
f 2545/4245/3701 2505/4246/3701 2503/4247/3701
f 2545/4245/3701 2503/4247/3701 2546/4248/3701
f 2546/4248/3702 2503/4247/3702 2502/4249/3702
f 2546/4248/3702 2502/4249/3702 2547/4250/3702
f 2547/4250/3703 2502/4249/3703 2504/4251/3703
f 2547/4250/3703 2504/4251/3703 2548/4252/3703
f 2504/4251/3703 2508/4253/3703 2548/4252/3703
f 2548/4252/3704 2508/4253/3704 2507/4254/3704
f 2548/4252/3704 2507/4254/3704 2549/4255/3704
f 2549/4255/3705 2507/4254/3705 2516/4256/3705
f 2549/4255/3706 2516/4256/3706 2550/4257/3706
f 2516/4256/3705 2515/4258/3705 2550/4257/3705
f 2550/4257/3707 2515/4258/3707 2514/4259/3707
f 2550/4257/3707 2514/4259/3707 2551/4260/3707
f 2551/4260/3708 2514/4259/3708 2513/4261/3708
f 2551/4260/3709 2513/4261/3709 2552/4262/3709
f 2552/4263/3710 2513/4264/3710 2511/4265/3710
f 2552/4263/3711 2511/4265/3711 2553/4266/3711
f 2511/4265/3710 2510/4267/3710 2553/4266/3710
f 2553/4266/3712 2510/4267/3712 2524/4268/3712
f 2553/4266/3712 2524/4268/3712 2554/4269/3712
f 2554/4269/3713 2524/4268/3713 2523/4270/3713
f 2554/4269/3713 2523/4270/3713 2555/4271/3713
f 2523/4270/3713 2522/4272/3713 2555/4271/3713
f 2555/4271/3714 2522/4272/3714 2521/4273/3714
f 2555/4271/3714 2521/4273/3714 2556/4274/3714
f 2556/4274/3715 2521/4273/3715 2520/4275/3715
f 2556/4274/3715 2520/4275/3715 2557/4276/3715
f 2557/4276/3716 2520/4275/3716 2518/4277/3716
f 2557/4276/3716 2518/4277/3716 2558/4278/3716
f 2518/4277/3716 2517/4279/3716 2558/4278/3716
f 2558/4280/3717 2517/4281/3717 2527/4282/3717
f 2558/4280/3717 2527/4282/3717 2559/4283/3717
f 2559/4283/3718 2527/4282/3718 2526/4284/3718
f 2559/4283/3718 2526/4284/3718 2529/4204/3718
f 2529/4204/3718 2526/4284/3718 2525/4285/3718
f 2529/4204/3683 2525/4285/3683 2478/4205/3683
f 2544/4286/3208 2560/4287/3208 2543/4288/3208
f 2543/4288/3208 2560/4287/3208 2561/4289/3208
f 2543/4288/3208 2561/4289/3208 2542/4290/3208
f 2542/4290/3208 2561/4289/3208 2562/4291/3208
f 2542/4290/3208 2562/4291/3208 2541/4292/3208
f 2541/4292/3208 2562/4291/3208 2563/4293/3208
f 2541/4292/3208 2563/4293/3208 2540/4294/3208
f 2540/4294/3208 2563/4293/3208 2564/4295/3208
f 2540/4294/3208 2564/4295/3208 2539/4296/3208
f 2539/4296/3208 2564/4295/3208 2565/4297/3208
f 2539/4296/3208 2565/4297/3208 2538/4298/3208
f 2538/4298/3208 2565/4297/3208 2566/4299/3208
f 2538/4298/3208 2566/4299/3208 2537/4300/3208
f 2537/4300/3208 2566/4299/3208 2567/4301/3208
f 2537/4300/3208 2567/4301/3208 2536/4302/3208
f 2536/4302/3208 2567/4301/3208 2568/4303/3208
f 2536/4302/3208 2568/4303/3208 2535/4304/3208
f 2535/4304/3208 2568/4303/3208 2569/4305/3208
f 2535/4304/3208 2569/4305/3208 2534/4306/3208
f 2534/4306/3208 2569/4305/3208 2570/4307/3208
f 2534/4306/3208 2570/4307/3208 2533/4308/3208
f 2533/4308/3208 2570/4307/3208 2571/4309/3208
f 2533/4308/3209 2571/4309/3209 2532/4310/3209
f 2532/4310/3208 2571/4309/3208 2572/4311/3208
f 2532/4310/3208 2572/4311/3208 2531/4312/3208
f 2531/4312/3208 2572/4311/3208 2573/4313/3208
f 2531/4312/3208 2573/4313/3208 2530/4314/3208
f 2530/4314/3208 2573/4313/3208 2574/4315/3208
f 2530/4314/3208 2574/4315/3208 2529/4316/3208
f 2529/4316/3208 2574/4315/3208 2575/4317/3208
f 2529/4316/3208 2575/4317/3208 2559/4318/3208
f 2559/4318/3208 2575/4317/3208 2576/4319/3208
f 2559/4318/3208 2576/4319/3208 2558/4320/3208
f 2558/4320/3208 2576/4319/3208 2577/4321/3208
f 2558/4320/3208 2577/4321/3208 2557/4322/3208
f 2557/4322/3208 2577/4321/3208 2578/4323/3208
f 2557/4322/3208 2578/4323/3208 2556/4324/3208
f 2556/4324/3208 2578/4323/3208 2579/4325/3208
f 2556/4324/3208 2579/4325/3208 2555/4326/3208
f 2555/4326/3208 2579/4325/3208 2580/4327/3208
f 2555/4326/3208 2580/4327/3208 2554/4328/3208
f 2554/4328/3208 2580/4327/3208 2581/4329/3208
f 2554/4328/3208 2581/4329/3208 2553/4330/3208
f 2553/4330/3208 2581/4329/3208 2582/4331/3208
f 2553/4330/3208 2582/4331/3208 2552/4332/3208
f 2552/4332/3208 2582/4331/3208 2583/4333/3208
f 2552/4332/3208 2583/4333/3208 2551/4334/3208
f 2551/4334/3208 2583/4333/3208 2584/4335/3208
f 2551/4334/3208 2584/4335/3208 2550/4336/3208
f 2550/4336/3208 2584/4335/3208 2585/4337/3208
f 2550/4336/3209 2585/4337/3209 2549/4338/3209
f 2549/4338/3210 2585/4337/3210 2586/4339/3210
f 2549/4338/3209 2586/4339/3209 2548/4340/3209
f 2548/4340/3208 2586/4339/3208 2587/4341/3208
f 2548/4340/3208 2587/4341/3208 2547/4342/3208
f 2547/4342/3208 2587/4341/3208 2588/4343/3208
f 2547/4342/3208 2588/4343/3208 2546/4344/3208
f 2546/4344/3208 2588/4343/3208 2589/4345/3208
f 2546/4344/3208 2589/4345/3208 2545/4346/3208
f 2545/4346/3208 2589/4345/3208 2590/4347/3208
f 2545/4346/3208 2590/4347/3208 2544/4286/3208
f 2544/4286/3208 2590/4347/3208 2560/4287/3208
f 2575/4348/3719 2591/4349/3719 2576/4350/3719
f 2576/4350/3720 2591/4349/3720 2592/4351/3720
f 2576/4352/3721 2592/3109/3721 2577/4353/3721
f 2592/3109/3721 2593/4354/3721 2577/4353/3721
f 2577/4353/3722 2593/4354/3722 2594/4355/3722
f 2577/4353/3723 2594/4355/3723 2578/4356/3723
f 2578/4356/3723 2594/4355/3723 2595/4357/3723
f 2578/4356/3724 2595/4357/3724 2579/4358/3724
f 2579/4358/3724 2595/4357/3724 2596/4359/3724
f 2579/4358/3725 2596/4359/3725 2580/4360/3725
f 2596/4359/3725 2597/4361/3725 2580/4360/3725
f 2580/4360/3726 2597/4361/3726 2598/4362/3726
f 2580/4360/3726 2598/4362/3726 2581/4363/3726
f 2581/4363/3726 2598/4362/3726 2599/4364/3726
f 2581/4363/3727 2599/4364/3727 2582/4365/3727
f 2599/4364/3728 2600/4366/3728 2582/4365/3728
f 2582/4365/3729 2600/4366/3729 2601/4367/3729
f 2582/4365/3730 2601/4367/3730 2583/4368/3730
f 2583/4368/3729 2601/4367/3729 2602/4369/3729
f 2583/4368/3731 2602/4369/3731 2584/4370/3731
f 2584/4370/3732 2602/4369/3732 2603/4371/3732
f 2584/4372/3733 2603/4373/3733 2585/4374/3733
f 2603/4373/3733 2604/4375/3733 2585/4374/3733
f 2585/4374/3734 2604/4375/3734 2605/4376/3734
f 2585/4374/3734 2605/4376/3734 2586/4377/3734
f 2586/4377/3734 2605/4376/3734 2606/4378/3734
f 2586/4377/3735 2606/4378/3735 2587/4379/3735
f 2606/4378/3735 2607/4380/3735 2587/4379/3735
f 2587/4379/3736 2607/4380/3736 2608/4381/3736
f 2587/4379/3736 2608/4381/3736 2588/4382/3736
f 2588/4382/3736 2608/4381/3736 2609/4383/3736
f 2588/4382/3737 2609/4383/3737 2589/4384/3737
f 2589/4384/3737 2609/4383/3737 2610/4385/3737
f 2589/4384/3738 2610/4385/3738 2590/4386/3738
f 2610/4385/3739 2611/4387/3739 2590/4386/3739
f 2590/4386/3740 2611/4387/3740 2612/4388/3740
f 2590/4386/1211 2612/4388/1211 2560/4389/1211
f 2560/4389/3741 2612/4388/3741 2613/4390/3741
f 2560/4389/3742 2613/4390/3742 2561/4391/3742
f 2561/4391/3742 2613/4390/3742 2614/4392/3742
f 2561/4393/3743 2614/4394/3743 2562/4395/3743
f 2614/4394/3744 2615/4396/3744 2562/4395/3744
f 2562/4395/3745 2615/4396/3745 2616/4397/3745
f 2562/4395/3746 2616/4397/3746 2563/4398/3746
f 2563/4398/3747 2616/4397/3747 2617/4399/3747
f 2563/4398/3748 2617/4399/3748 2564/4400/3748
f 2617/4399/3748 2618/4401/3748 2564/4400/3748
f 2564/4400/3749 2618/4401/3749 2619/4402/3749
f 2564/4400/3749 2619/4402/3749 2565/4403/3749
f 2565/4403/3749 2619/4402/3749 2620/4404/3749
f 2565/4403/3750 2620/4404/3750 2566/4405/3750
f 2566/4405/3750 2620/4404/3750 2621/4406/3750
f 2566/4405/3751 2621/4406/3751 2567/4407/3751
f 2621/4406/3751 2622/4408/3751 2567/4407/3751
f 2567/4407/3752 2622/4408/3752 2623/4409/3752
f 2567/4407/3752 2623/4409/3752 2568/4410/3752
f 2568/4410/3752 2623/4409/3752 2624/4411/3752
f 2568/4412/3753 2624/4413/3753 2569/4414/3753
f 2569/4414/3753 2624/4413/3753 2625/4415/3753
f 2569/4414/3754 2625/4415/3754 2570/4416/3754
f 2625/4415/3754 2626/4417/3754 2570/4416/3754
f 2570/4416/3754 2626/4417/3754 2627/4418/3754
f 2570/4416/3755 2627/4418/3755 2571/4419/3755
f 2571/4419/3755 2627/4418/3755 2628/4420/3755
f 2571/4419/3756 2628/4420/3756 2572/4421/3756
f 2628/4420/3756 2629/4422/3756 2572/4421/3756
f 2572/4421/3757 2629/4422/3757 2630/4423/3757
f 2572/4421/3757 2630/4423/3757 2573/4424/3757
f 2573/4424/3757 2630/4423/3757 2631/4425/3757
f 2573/4424/3758 2631/4425/3758 2574/4426/3758
f 2574/4426/3759 2631/4425/3759 2632/4427/3759
f 2574/4426/3760 2632/4427/3760 2575/4348/3760
f 2575/4348/3760 2632/4427/3760 2633/4428/3760
f 2575/4348/3720 2633/4428/3720 2591/4349/3720
f 2631/4429/3761 2634/4430/3761 2632/4431/3761
f 2632/4431/3762 2634/4430/3762 2635/4432/3762
f 2632/4431/3763 2635/4432/3763 2633/4433/3763
f 2633/4433/3764 2635/4432/3764 2636/4434/3764
f 2633/4433/3765 2636/4434/3765 2591/4435/3765
f 2627/4436/3766 2637/4437/3766 2628/4438/3766
f 2628/4438/3767 2637/4437/3767 2638/4439/3767
f 2628/4438/3768 2638/4439/3768 2629/4440/3768
f 2629/4440/3769 2638/4439/3769 2639/4441/3769
f 2629/4440/3770 2639/4441/3770 2630/4442/3770
f 2630/4442/3771 2639/4441/3771 2640/4443/3771
f 2630/4442/3772 2640/4443/3772 2631/4429/3772
f 2631/4429/3773 2640/4443/3773 2641/4444/3773
f 2631/4429/3774 2641/4444/3774 2634/4430/3774
f 2624/4445/3775 2642/4446/3775 2625/4447/3775
f 2625/4447/3776 2642/4446/3776 2643/4448/3776
f 2625/4447/3777 2643/4448/3777 2626/4449/3777
f 2626/4449/3778 2643/4448/3778 2644/4450/3778
f 2626/4449/3779 2644/4450/3779 2627/4436/3779
f 2627/4436/3780 2644/4450/3780 2645/4451/3780
f 2627/4436/3781 2645/4451/3781 2637/4437/3781
f 2621/4452/3782 2646/4453/3782 2622/4454/3782
f 2622/4454/3783 2646/4453/3783 2647/4455/3783
f 2622/4454/3784 2647/4455/3784 2623/4456/3784
f 2623/4456/3785 2647/4455/3785 2648/4457/3785
f 2623/4456/3786 2648/4457/3786 2624/4445/3786
f 2624/4445/3787 2648/4457/3787 2649/4458/3787
f 2624/4445/3788 2649/4458/3788 2642/4446/3788
f 2617/4459/3789 2650/4460/3789 2618/4461/3789
f 2618/4461/3790 2650/4460/3790 2651/4462/3790
f 2618/4461/3791 2651/4462/3791 2619/4463/3791
f 2619/4463/3792 2651/4462/3792 2652/4464/3792
f 2619/4463/3793 2652/4464/3793 2620/4465/3793
f 2620/4465/3794 2652/4464/3794 2653/4466/3794
f 2620/4465/3795 2653/4466/3795 2621/4452/3795
f 2621/4452/3796 2653/4466/3796 2654/4467/3796
f 2621/4452/3797 2654/4467/3797 2646/4453/3797
f 2614/4468/3798 2655/4469/3798 2615/4470/3798
f 2615/4470/3799 2655/4469/3799 2656/4471/3799
f 2615/4470/3800 2656/4471/3800 2616/4472/3800
f 2616/4472/3801 2656/4471/3801 2657/4473/3801
f 2616/4472/3802 2657/4473/3802 2617/4459/3802
f 2617/4459/3803 2657/4473/3803 2658/4474/3803
f 2617/4459/3804 2658/4474/3804 2650/4460/3804
f 2610/4475/3805 2659/4476/3805 2611/4477/3805
f 2611/4477/3806 2659/4476/3806 2660/4478/3806
f 2611/4477/3807 2660/4478/3807 2612/4479/3807
f 2612/4479/3808 2660/4478/3808 2661/4480/3808
f 2612/4479/3809 2661/4480/3809 2613/4481/3809
f 2613/4481/3810 2661/4480/3810 2662/4482/3810
f 2613/4481/3811 2662/4482/3811 2614/4468/3811
f 2614/4468/3812 2662/4482/3812 2663/4483/3812
f 2614/4468/3813 2663/4483/3813 2655/4469/3813
f 2608/4484/3814 2664/4485/3814 2609/4486/3814
f 2609/4486/3815 2664/4485/3815 2665/4487/3815
f 2609/4486/3816 2665/4487/3816 2610/4475/3816
f 2610/4475/3817 2665/4487/3817 2666/4488/3817
f 2610/4475/3818 2666/4488/3818 2659/4476/3818
f 2604/4489/3819 2667/4490/3819 2605/4491/3819
f 2605/4491/3820 2667/4490/3820 2668/4492/3820
f 2605/4491/3821 2668/4492/3821 2606/4493/3821
f 2606/4493/3822 2668/4492/3822 2669/4494/3822
f 2606/4493/3823 2669/4494/3823 2607/4495/3823
f 2607/4495/3824 2669/4494/3824 2670/4496/3824
f 2607/4495/3825 2670/4496/3825 2608/4484/3825
f 2608/4484/3826 2670/4496/3826 2671/4497/3826
f 2608/4484/3827 2671/4497/3827 2664/4485/3827
f 2601/4498/3828 2672/4499/3828 2602/4500/3828
f 2602/4500/3829 2672/4499/3829 2673/4501/3829
f 2602/4500/3830 2673/4501/3830 2603/4502/3830
f 2603/4502/3831 2673/4501/3831 2674/4503/3831
f 2603/4502/3832 2674/4503/3832 2604/4489/3832
f 2604/4489/3833 2674/4503/3833 2675/4504/3833
f 2604/4489/3834 2675/4504/3834 2667/4490/3834
f 2598/4505/3835 2676/4506/3835 2599/4507/3835
f 2599/4507/3836 2676/4506/3836 2677/4508/3836
f 2599/4507/3837 2677/4508/3837 2600/4509/3837
f 2600/4509/3838 2677/4508/3838 2678/4510/3838
f 2600/4509/3839 2678/4510/3839 2601/4498/3839
f 2601/4498/3840 2678/4510/3840 2679/4511/3840
f 2601/4498/3841 2679/4511/3841 2672/4499/3841
f 2594/4512/3842 2680/4513/3842 2595/4514/3842
f 2595/4514/3843 2680/4513/3843 2681/4515/3843
f 2595/4514/3844 2681/4515/3844 2596/4516/3844
f 2596/4516/3845 2681/4515/3845 2682/4517/3845
f 2596/4516/3846 2682/4517/3846 2597/4518/3846
f 2597/4518/3847 2682/4517/3847 2683/4519/3847
f 2597/4518/3848 2683/4519/3848 2598/4505/3848
f 2598/4505/3849 2683/4519/3849 2684/4520/3849
f 2598/4505/3849 2684/4520/3849 2676/4506/3849
f 2636/4434/3850 2685/4521/3850 2591/4435/3850
f 2591/4435/3851 2685/4521/3851 2686/4522/3851
f 2591/4435/3852 2686/4522/3852 2592/4523/3852
f 2592/4523/3853 2686/4522/3853 2687/4524/3853
f 2592/4523/3854 2687/4524/3854 2593/4525/3854
f 2593/4525/3855 2687/4524/3855 2688/4526/3855
f 2593/4525/3856 2688/4526/3856 2594/4512/3856
f 2594/4512/3857 2688/4526/3857 2689/4527/3857
f 2594/4512/3857 2689/4527/3857 2680/4513/3857
f 2688/4526/3858 2687/4524/3858 2690/4528/3858
f 2655/4469/3859 2663/4483/3859 2691/4529/3859
f 2635/4432/3860 2634/4430/3860 2692/4530/3860
f 2638/4439/3861 2693/4531/3861 2639/4441/3861
f 2639/4441/3862 2693/4531/3862 2694/4532/3862
f 2639/4441/3863 2694/4532/3863 2640/4443/3863
f 2640/4443/3864 2694/4532/3864 2695/4533/3864
f 2640/4443/3865 2695/4533/3865 2641/4444/3865
f 2641/4444/3864 2695/4533/3864 2696/4534/3864
f 2641/4444/3866 2696/4534/3866 2634/4430/3866
f 2634/4430/3867 2696/4534/3867 2697/4535/3867
f 2634/4430/3860 2697/4535/3860 2692/4530/3860
f 2637/4437/3868 2698/4536/3868 2638/4439/3868
f 2638/4439/3868 2698/4536/3868 2699/4537/3868
f 2638/4439/3869 2699/4537/3869 2693/4531/3869
f 2642/4446/3870 2700/4538/3870 2643/4448/3870
f 2643/4448/3871 2700/4538/3871 2701/4539/3871
f 2643/4448/3872 2701/4539/3872 2644/4450/3872
f 2644/4450/3873 2701/4539/3873 2702/4540/3873
f 2644/4450/3873 2702/4540/3873 2645/4451/3873
f 2645/4451/3873 2702/4540/3873 2703/4541/3873
f 2645/4451/3874 2703/4541/3874 2637/4437/3874
f 2637/4437/3875 2703/4541/3875 2704/4542/3875
f 2637/4437/3876 2704/4542/3876 2698/4536/3876
f 2705/4543/3877 2706/4544/3877 2649/4458/3877
f 2649/4458/3878 2706/4544/3878 2707/4545/3878
f 2649/4458/3878 2707/4545/3878 2642/4446/3878
f 2642/4446/3879 2707/4545/3879 2708/4546/3879
f 2642/4446/3870 2708/4546/3870 2700/4538/3870
f 2649/4458/3880 2648/4457/3880 2705/4543/3880
f 2705/4543/3881 2648/4457/3881 2647/4455/3881
f 2705/4543/3881 2647/4455/3881 2709/4547/3881
f 2709/4547/3882 2647/4455/3882 2646/4453/3882
f 2709/4547/3883 2646/4453/3883 2710/4548/3883
f 2710/4548/3884 2646/4453/3884 2654/4467/3884
f 2651/4462/3885 2711/4549/3885 2652/4464/3885
f 2652/4464/3885 2711/4549/3885 2712/4550/3885
f 2652/4464/3886 2712/4550/3886 2653/4466/3886
f 2653/4466/3887 2712/4550/3887 2713/4551/3887
f 2653/4466/3887 2713/4551/3887 2654/4467/3887
f 2654/4467/3887 2713/4551/3887 2714/4552/3887
f 2654/4467/3884 2714/4552/3884 2710/4548/3884
f 2658/4474/3888 2715/4553/3888 2650/4460/3888
f 2650/4460/3888 2715/4553/3888 2716/4554/3888
f 2650/4460/3889 2716/4554/3889 2651/4462/3889
f 2651/4462/3889 2716/4554/3889 2717/4555/3889
f 2651/4462/3885 2717/4555/3885 2711/4549/3885
f 2691/4529/3890 2718/4556/3890 2655/4469/3890
f 2655/4469/3891 2718/4556/3891 2719/4557/3891
f 2655/4469/3891 2719/4557/3891 2656/4471/3891
f 2656/4471/3891 2719/4557/3891 2720/4558/3891
f 2656/4471/3892 2720/4558/3892 2657/4473/3892
f 2657/4473/3893 2720/4558/3893 2721/4559/3893
f 2657/4473/3894 2721/4559/3894 2658/4474/3894
f 2658/4474/3893 2721/4559/3893 2722/4560/3893
f 2658/4474/3888 2722/4560/3888 2715/4553/3888
f 2659/4476/3895 2723/4561/3895 2660/4478/3895
f 2660/4478/3895 2723/4561/3895 2724/4562/3895
f 2660/4478/3896 2724/4562/3896 2661/4480/3896
f 2661/4480/3897 2724/4562/3897 2725/4563/3897
f 2661/4480/3897 2725/4563/3897 2662/4482/3897
f 2662/4482/3898 2725/4563/3898 2726/4564/3898
f 2662/4482/3899 2726/4564/3899 2663/4483/3899
f 2663/4483/3900 2726/4564/3900 2727/4565/3900
f 2663/4483/3900 2727/4565/3900 2691/4529/3900
f 2666/4488/3901 2728/4566/3901 2659/4476/3901
f 2659/4476/3901 2728/4566/3901 2729/4567/3901
f 2659/4476/3895 2729/4567/3895 2723/4561/3895
f 2670/4496/3902 2730/4568/3902 2671/4497/3902
f 2671/4497/3903 2730/4568/3903 2731/4569/3903
f 2671/4497/3904 2731/4569/3904 2664/4485/3904
f 2664/4485/3905 2731/4569/3905 2732/4570/3905
f 2664/4485/3904 2732/4570/3904 2665/4487/3904
f 2665/4487/3905 2732/4570/3905 2733/4571/3905
f 2665/4487/3906 2733/4571/3906 2666/4488/3906
f 2666/4488/3907 2733/4571/3907 2734/4572/3907
f 2666/4488/3901 2734/4572/3901 2728/4566/3901
f 2669/4494/3908 2735/4573/3908 2670/4496/3908
f 2670/4496/3908 2735/4573/3908 2736/4574/3908
f 2670/4496/3909 2736/4574/3909 2730/4568/3909
f 2674/4503/3910 2737/4575/3910 2675/4504/3910
f 2675/4504/3911 2737/4575/3911 2738/4576/3911
f 2675/4504/3912 2738/4576/3912 2667/4490/3912
f 2667/4490/3912 2738/4576/3912 2739/4577/3912
f 2667/4490/3913 2739/4577/3913 2668/4492/3913
f 2668/4492/3912 2739/4577/3912 2740/4578/3912
f 2668/4492/3914 2740/4578/3914 2669/4494/3914
f 2669/4494/3915 2740/4578/3915 2741/4579/3915
f 2669/4494/3916 2741/4579/3916 2735/4573/3916
f 2742/4580/3917 2743/4581/3917 2673/4501/3917
f 2673/4501/3918 2743/4581/3918 2744/4582/3918
f 2673/4501/3918 2744/4582/3918 2674/4503/3918
f 2674/4503/3919 2744/4582/3919 2745/4583/3919
f 2674/4503/3910 2745/4583/3910 2737/4575/3910
f 2673/4501/3920 2672/4499/3920 2742/4580/3920
f 2742/4580/3917 2672/4499/3917 2679/4511/3917
f 2742/4580/3921 2679/4511/3921 2746/4584/3921
f 2746/4584/3922 2679/4511/3922 2678/4510/3922
f 2746/4584/3923 2678/4510/3923 2747/4585/3923
f 2747/4585/3924 2678/4510/3924 2677/4508/3924
f 2683/4519/3925 2748/4586/3925 2684/4520/3925
f 2684/4520/3926 2748/4586/3926 2749/4587/3926
f 2684/4520/3925 2749/4587/3925 2676/4506/3925
f 2676/4506/3927 2749/4587/3927 2750/4588/3927
f 2676/4506/3927 2750/4588/3927 2677/4508/3927
f 2677/4508/3927 2750/4588/3927 2751/4589/3927
f 2677/4508/3924 2751/4589/3924 2747/4585/3924
f 2681/4515/3928 2752/4590/3928 2682/4517/3928
f 2682/4517/3928 2752/4590/3928 2753/4591/3928
f 2682/4517/3929 2753/4591/3929 2683/4519/3929
f 2683/4519/3929 2753/4591/3929 2754/4592/3929
f 2683/4519/3925 2754/4592/3925 2748/4586/3925
f 2690/4528/3930 2755/4593/3930 2688/4526/3930
f 2688/4526/3931 2755/4593/3931 2756/4594/3931
f 2688/4526/3932 2756/4594/3932 2689/4527/3932
f 2689/4527/3931 2756/4594/3931 2757/4595/3931
f 2689/4527/3931 2757/4595/3931 2680/4513/3931
f 2680/4513/3933 2757/4595/3933 2758/4596/3933
f 2680/4513/3934 2758/4596/3934 2681/4515/3934
f 2681/4515/3933 2758/4596/3933 2759/4597/3933
f 2681/4515/3928 2759/4597/3928 2752/4590/3928
f 2692/4530/3935 2760/4598/3935 2635/4432/3935
f 2635/4432/3936 2760/4598/3936 2761/4599/3936
f 2635/4432/3937 2761/4599/3937 2636/4434/3937
f 2636/4434/3936 2761/4599/3936 2762/4600/3936
f 2636/4434/3938 2762/4600/3938 2685/4521/3938
f 2685/4521/3939 2762/4600/3939 2763/4601/3939
f 2685/4521/3940 2763/4601/3940 2686/4522/3940
f 2686/4522/3939 2763/4601/3939 2764/4602/3939
f 2686/4522/3941 2764/4602/3941 2687/4524/3941
f 2687/4524/3942 2764/4602/3942 2765/4603/3942
f 2687/4524/3942 2765/4603/3942 2690/4528/3942
f 2764/4602/3943 2763/4601/3943 2766/4604/3943
f 2726/4564/3944 2725/4563/3944 2767/4605/3944
f 2768/4606/3945 2769/4607/3945 2770/4608/3945
f 2770/4608/3946 2769/4607/3946 2771/4609/3946
f 2772/4610/3947 2773/4611/3947 2774/4612/3947
f 2774/4612/3948 2773/4611/3948 2770/4608/3948
f 2774/4612/3949 2770/4608/3949 2775/4613/3949
f 2775/4613/3949 2770/4608/3949 2771/4609/3949
f 2772/4610/3950 2776/4614/3950 2773/4611/3950
f 2773/4611/3951 2776/4614/3951 2777/4615/3951
f 2773/4611/3952 2777/4615/3952 2778/4616/3952
f 2778/4616/3953 2777/4615/3953 2779/4617/3953
f 2778/4616/3954 2779/4617/3954 2780/4618/3954
f 2781/4619/3955 2782/4620/3955 2746/4584/3955
f 2783/4621/3956 2784/4622/3956 2747/4585/3956
f 2747/4585/3957 2784/4622/3957 2785/4623/3957
f 2747/4585/3958 2785/4623/3958 2746/4584/3958
f 2746/4584/3959 2785/4623/3959 2786/4624/3959
f 2746/4584/3955 2786/4624/3955 2781/4619/3955
f 2782/4620/3960 2787/4625/3960 2746/4584/3960
f 2746/4584/3960 2787/4625/3960 2788/4626/3960
f 2746/4584/3961 2788/4626/3961 2742/4580/3961
f 2742/4580/3962 2788/4626/3962 2789/4627/3962
f 2742/4580/3963 2789/4627/3963 2790/4628/3963
f 2790/4628/3964 2791/4629/3964 2742/4580/3964
f 2742/4580/3965 2791/4629/3965 2792/4630/3965
f 2742/4580/3966 2792/4630/3966 2743/4581/3966
f 2743/4581/3967 2792/4630/3967 2793/4631/3967
f 2743/4581/3968 2793/4631/3968 2794/4632/3968
f 2795/4633/3969 2796/4634/3969 2797/4635/3969
f 2794/4632/3970 2798/4636/3970 2743/4581/3970
f 2743/4581/3971 2798/4636/3971 2799/4637/3971
f 2743/4581/3972 2799/4637/3972 2744/4582/3972
f 2744/4582/3973 2799/4637/3973 2800/4638/3973
f 2796/4634/3974 2801/4639/3974 2797/4635/3974
f 2797/4635/3975 2801/4639/3975 2802/4640/3975
f 2797/4635/3976 2802/4640/3976 2803/4641/3976
f 2803/4641/3977 2802/4640/3977 2804/4642/3977
f 2803/4641/3978 2804/4642/3978 2805/4643/3978
f 2805/4643/3979 2806/4644/3979 2803/4641/3979
f 2803/4641/3980 2806/4644/3980 2807/4645/3980
f 2803/4641/3981 2807/4645/3981 2770/4608/3981
f 2770/4608/3982 2807/4645/3982 2808/4646/3982
f 2770/4608/3983 2808/4646/3983 2768/4606/3983
f 2809/4647/3984 2810/4648/3984 2705/4543/3984
f 2705/4543/3985 2810/4648/3985 2811/4649/3985
f 2705/4543/3986 2811/4649/3986 2706/4544/3986
f 2811/4649/3987 2812/4650/3987 2706/4544/3987
f 2706/4544/3988 2812/4650/3988 2813/4651/3988
f 2706/4544/3989 2813/4651/3989 2814/4652/3989
f 2814/4652/3990 2815/4653/3990 2706/4544/3990
f 2706/4544/3991 2815/4653/3991 2816/4654/3991
f 2706/4544/3992 2816/4654/3992 2707/4545/3992
f 2707/4545/3993 2816/4654/3993 2817/4655/3993
f 2818/4656/3994 2819/4657/3994 2820/4658/3994
f 2820/4658/3995 2819/4657/3995 2821/4659/3995
f 2820/4658/3996 2821/4659/3996 2822/4660/3996
f 2822/4660/3997 2821/4659/3997 2823/4661/3997
f 2822/4660/3998 2823/4661/3998 2824/4662/3998
f 2824/4662/3999 2825/4663/3999 2822/4660/3999
f 2822/4660/3999 2825/4663/3999 2826/4664/3999
f 2822/4660/4000 2826/4664/4000 2827/4665/4000
f 2827/4665/4001 2826/4664/4001 2828/4666/4001
f 2828/4666/4002 2829/4667/4002 2827/4665/4002
f 2827/4665/4003 2829/4667/4003 2830/4668/4003
f 2827/4665/4004 2830/4668/4004 2831/4669/4004
f 2832/4670/4005 2833/4671/4005 2834/4672/4005
f 2834/4672/4006 2833/4671/4006 2827/4665/4006
f 2834/4672/4007 2827/4665/4007 2835/4673/4007
f 2835/4673/4008 2827/4665/4008 2831/4669/4008
f 2836/4674/4009 2837/4675/4009 2710/4548/4009
f 2832/4670/4010 2838/4676/4010 2833/4671/4010
f 2833/4671/4011 2838/4676/4011 2839/4677/4011
f 2833/4671/4012 2839/4677/4012 2840/4678/4012
f 2840/4678/4013 2839/4677/4013 2841/4679/4013
f 2840/4678/4014 2841/4679/4014 2842/4680/4014
f 2837/4675/4015 2843/4681/4015 2710/4548/4015
f 2710/4548/4016 2843/4681/4016 2844/4682/4016
f 2710/4548/4017 2844/4682/4017 2709/4547/4017
f 2709/4547/4018 2844/4682/4018 2845/4683/4018
f 2709/4547/4019 2845/4683/4019 2846/4684/4019
f 2846/4684/4019 2847/4685/4019 2709/4547/4019
f 2709/4547/4020 2847/4685/4020 2848/4686/4020
f 2709/4547/4021 2848/4686/4021 2705/4543/4021
f 2705/4543/4022 2848/4686/4022 2849/4687/4022
f 2705/4543/3985 2849/4687/3985 2809/4647/3985
f 2800/4638/4023 2795/4633/4023 2744/4582/4023
f 2744/4582/4024 2795/4633/4024 2797/4635/4024
f 2744/4582/4025 2797/4635/4025 2745/4583/4025
f 2745/4583/4026 2797/4635/4026 2850/4688/4026
f 2745/4583/4027 2850/4688/4027 2737/4575/4027
f 2737/4575/4028 2850/4688/4028 2851/4689/4028
f 2737/4575/4029 2851/4689/4029 2738/4576/4029
f 2852/4690/4030 2723/4561/4030 2853/4691/4030
f 2853/4691/4031 2723/4561/4031 2729/4567/4031
f 2853/4691/4032 2729/4567/4032 2854/4692/4032
f 2854/4692/4033 2729/4567/4033 2728/4566/4033
f 2854/4692/4034 2728/4566/4034 2855/4693/4034
f 2855/4693/4035 2728/4566/4035 2734/4572/4035
f 2855/4693/4036 2734/4572/4036 2856/4694/4036
f 2856/4694/4037 2734/4572/4037 2733/4571/4037
f 2856/4694/4038 2733/4571/4038 2857/4695/4038
f 2857/4695/4039 2733/4571/4039 2732/4570/4039
f 2857/4695/4040 2732/4570/4040 2858/4696/4040
f 2858/4696/4041 2732/4570/4041 2731/4569/4041
f 2858/4696/4042 2731/4569/4042 2859/4697/4042
f 2859/4697/4043 2731/4569/4043 2730/4568/4043
f 2859/4697/4044 2730/4568/4044 2860/4698/4044
f 2860/4698/4045 2730/4568/4045 2736/4574/4045
f 2860/4698/4046 2736/4574/4046 2861/4699/4046
f 2861/4699/4047 2736/4574/4047 2735/4573/4047
f 2861/4699/4048 2735/4573/4048 2862/4700/4048
f 2862/4700/4049 2735/4573/4049 2741/4579/4049
f 2862/4700/4050 2741/4579/4050 2863/4701/4050
f 2863/4701/4051 2741/4579/4051 2740/4578/4051
f 2863/4701/4052 2740/4578/4052 2864/4702/4052
f 2864/4702/4053 2740/4578/4053 2739/4577/4053
f 2864/4702/4054 2739/4577/4054 2865/4703/4054
f 2865/4703/4055 2739/4577/4055 2738/4576/4055
f 2865/4703/4056 2738/4576/4056 2866/4704/4056
f 2866/4704/4057 2738/4576/4057 2851/4689/4057
f 2867/4705/4058 2868/4706/4058 2725/4563/4058
f 2725/4563/4059 2868/4706/4059 2869/4707/4059
f 2725/4563/4059 2869/4707/4059 2870/4708/4059
f 2870/4708/4060 2871/4709/4060 2725/4563/4060
f 2725/4563/4060 2871/4709/4060 2872/4710/4060
f 2725/4563/4061 2872/4710/4061 2767/4605/4061
f 2767/4605/4062 2872/4710/4062 2873/4711/4062
f 2767/4605/4063 2873/4711/4063 2874/4712/4063
f 2874/4712/4064 2875/4713/4064 2767/4605/4064
f 2767/4605/4065 2875/4713/4065 2876/4714/4065
f 2767/4605/4066 2876/4714/4066 2877/4715/4066
f 2877/4715/4067 2878/4716/4067 2767/4605/4067
f 2767/4605/4068 2878/4716/4068 2879/4717/4068
f 2767/4605/4069 2879/4717/4069 2880/4718/4069
f 2880/4718/4070 2879/4717/4070 2881/4719/4070
f 2880/4718/4070 2881/4719/4070 2882/4720/4070
f 2882/4720/4071 2883/4721/4071 2880/4718/4071
f 2880/4718/4072 2883/4721/4072 2884/4722/4072
f 2880/4718/4073 2884/4722/4073 2852/4690/4073
f 2884/4722/4074 2885/4723/4074 2852/4690/4074
f 2852/4690/4075 2885/4723/4075 2886/4724/4075
f 2852/4690/4076 2886/4724/4076 2887/4725/4076
f 2887/4725/4076 2888/4726/4076 2852/4690/4076
f 2852/4690/4077 2888/4726/4077 2889/4727/4077
f 2852/4690/4077 2889/4727/4077 2890/4728/4077
f 2890/4728/4078 2891/4729/4078 2852/4690/4078
f 2852/4690/4078 2891/4729/4078 2892/4730/4078
f 2852/4690/4079 2892/4730/4079 2723/4561/4079
f 2723/4561/4080 2892/4730/4080 2893/4731/4080
f 2893/4731/4080 2894/4732/4080 2723/4561/4080
f 2723/4561/4081 2894/4732/4081 2895/4733/4081
f 2723/4561/4082 2895/4733/4082 2896/4734/4082
f 2897/4735/4083 2724/4562/4083 2898/4736/4083
f 2898/4736/4084 2724/4562/4084 2723/4561/4084
f 2898/4736/4085 2723/4561/4085 2899/4737/4085
f 2899/4737/4086 2723/4561/4086 2896/4734/4086
f 2897/4735/4087 2900/4738/4087 2724/4562/4087
f 2724/4562/4088 2900/4738/4088 2725/4563/4088
f 2725/4563/4089 2900/4738/4089 2901/4739/4089
f 2725/4563/4090 2901/4739/4090 2867/4705/4090
f 2767/4605/4091 2902/4740/4091 2726/4564/4091
f 2726/4564/4092 2902/4740/4092 2903/4741/4092
f 2726/4564/4093 2903/4741/4093 2727/4565/4093
f 2727/4565/4094 2903/4741/4094 2904/4742/4094
f 2727/4565/4095 2904/4742/4095 2691/4529/4095
f 2691/4529/4096 2904/4742/4096 2905/4743/4096
f 2691/4529/4097 2905/4743/4097 2718/4556/4097
f 2718/4556/4098 2905/4743/4098 2906/4744/4098
f 2718/4556/4099 2906/4744/4099 2719/4557/4099
f 2719/4557/4099 2906/4744/4099 2720/4558/4099
f 2720/4558/4100 2906/4744/4100 2907/4745/4100
f 2720/4558/4101 2907/4745/4101 2721/4559/4101
f 2721/4559/4102 2907/4745/4102 2908/4746/4102
f 2721/4559/4103 2908/4746/4103 2722/4560/4103
f 2908/4746/4104 2909/4747/4104 2722/4560/4104
f 2722/4560/4105 2909/4747/4105 2910/4748/4105
f 2722/4560/4106 2910/4748/4106 2715/4553/4106
f 2715/4553/4107 2910/4748/4107 2911/4749/4107
f 2715/4553/4108 2911/4749/4108 2716/4554/4108
f 2716/4554/4109 2911/4749/4109 2912/4750/4109
f 2716/4554/4110 2912/4750/4110 2717/4555/4110
f 2717/4555/4111 2912/4750/4111 2913/4751/4111
f 2717/4555/4112 2913/4751/4112 2711/4549/4112
f 2711/4549/4113 2913/4751/4113 2914/4752/4113
f 2711/4549/4114 2914/4752/4114 2712/4550/4114
f 2712/4550/4115 2914/4752/4115 2915/4753/4115
f 2712/4550/4116 2915/4753/4116 2713/4551/4116
f 2713/4551/4117 2915/4753/4117 2916/4754/4117
f 2713/4551/4118 2916/4754/4118 2714/4552/4118
f 2714/4552/4119 2916/4754/4119 2917/4755/4119
f 2714/4552/4120 2917/4755/4120 2710/4548/4120
f 2710/4548/4121 2917/4755/4121 2840/4678/4121
f 2710/4548/4122 2840/4678/4122 2836/4674/4122
f 2836/4674/4014 2840/4678/4014 2842/4680/4014
f 2817/4655/4123 2818/4656/4123 2707/4545/4123
f 2707/4545/4124 2818/4656/4124 2820/4658/4124
f 2707/4545/4125 2820/4658/4125 2708/4546/4125
f 2708/4546/4126 2820/4658/4126 2918/4756/4126
f 2708/4546/4127 2918/4756/4127 2700/4538/4127
f 2700/4538/4128 2918/4756/4128 2919/4757/4128
f 2700/4538/4129 2919/4757/4129 2701/4539/4129
f 2920/4758/4130 2761/4599/4130 2921/4759/4130
f 2921/4759/4131 2761/4599/4131 2760/4598/4131
f 2921/4759/4132 2760/4598/4132 2922/4760/4132
f 2922/4760/4133 2760/4598/4133 2692/4530/4133
f 2922/4760/4134 2692/4530/4134 2923/4761/4134
f 2923/4761/4135 2692/4530/4135 2697/4535/4135
f 2923/4761/4136 2697/4535/4136 2924/4762/4136
f 2924/4762/4137 2697/4535/4137 2696/4534/4137
f 2924/4762/4138 2696/4534/4138 2925/4763/4138
f 2925/4763/4139 2696/4534/4139 2695/4533/4139
f 2925/4763/4140 2695/4533/4140 2926/4764/4140
f 2926/4764/4141 2695/4533/4141 2694/4532/4141
f 2926/4764/4142 2694/4532/4142 2927/4765/4142
f 2927/4765/4143 2694/4532/4143 2693/4531/4143
f 2927/4765/4144 2693/4531/4144 2928/4766/4144
f 2928/4766/4145 2693/4531/4145 2699/4537/4145
f 2928/4766/4146 2699/4537/4146 2929/4767/4146
f 2929/4767/4147 2699/4537/4147 2698/4536/4147
f 2929/4767/4148 2698/4536/4148 2930/4768/4148
f 2930/4768/4149 2698/4536/4149 2704/4542/4149
f 2930/4768/4150 2704/4542/4150 2931/4769/4150
f 2931/4769/4151 2704/4542/4151 2703/4541/4151
f 2931/4769/4152 2703/4541/4152 2932/4770/4152
f 2932/4770/4153 2703/4541/4153 2702/4540/4153
f 2932/4770/4154 2702/4540/4154 2933/4771/4154
f 2933/4771/4155 2702/4540/4155 2701/4539/4155
f 2933/4771/4156 2701/4539/4156 2934/4772/4156
f 2934/4772/4157 2701/4539/4157 2919/4757/4157
f 2920/4758/4158 2935/4773/4158 2936/4774/4158
f 2936/4774/4159 2937/4775/4159 2920/4758/4159
f 2920/4758/4160 2937/4775/4160 2938/4776/4160
f 2920/4758/4160 2938/4776/4160 2939/4777/4160
f 2939/4777/4161 2940/4778/4161 2920/4758/4161
f 2920/4758/4162 2940/4778/4162 2941/4779/4162
f 2920/4758/4163 2941/4779/4163 2761/4599/4163
f 2761/4599/4164 2941/4779/4164 2942/4780/4164
f 2942/4780/4165 2943/4781/4165 2761/4599/4165
f 2761/4599/4166 2943/4781/4166 2944/4782/4166
f 2761/4599/4167 2944/4782/4167 2945/4783/4167
f 2945/4783/4168 2946/4784/4168 2761/4599/4168
f 2761/4599/4169 2946/4784/4169 2947/4785/4169
f 2761/4599/4170 2947/4785/4170 2762/4600/4170
f 2947/4785/4171 2948/4786/4171 2762/4600/4171
f 2762/4600/4172 2948/4786/4172 2949/4787/4172
f 2762/4600/4173 2949/4787/4173 2763/4601/4173
f 2763/4601/4174 2949/4787/4174 2950/4788/4174
f 2763/4601/4175 2950/4788/4175 2951/4789/4175
f 2951/4789/4175 2952/4790/4175 2763/4601/4175
f 2763/4601/4176 2952/4790/4176 2953/4791/4176
f 2763/4601/4176 2953/4791/4176 2954/4792/4176
f 2954/4792/4177 2955/4793/4177 2763/4601/4177
f 2763/4601/4177 2955/4793/4177 2956/4794/4177
f 2763/4601/4178 2956/4794/4178 2766/4604/4178
f 2766/4604/4179 2956/4794/4179 2957/4795/4179
f 2766/4604/4180 2957/4795/4180 2958/4796/4180
f 2958/4796/4181 2959/4797/4181 2766/4604/4181
f 2766/4604/4182 2959/4797/4182 2960/4798/4182
f 2766/4604/4183 2960/4798/4183 2961/4799/4183
f 2962/4800/4184 2963/4801/4184 2964/4802/4184
f 2961/4799/4185 2965/4803/4185 2766/4604/4185
f 2766/4604/4186 2965/4803/4186 2966/4804/4186
f 2766/4604/4187 2966/4804/4187 2964/4802/4187
f 2964/4802/4188 2966/4804/4188 2967/4805/4188
f 2964/4802/4189 2967/4805/4189 2962/4800/4189
f 2964/4802/4190 2963/4801/4190 2968/4806/4190
f 2964/4802/4191 2968/4806/4191 2920/4758/4191
f 2920/4758/4192 2968/4806/4192 2969/4807/4192
f 2920/4758/4192 2969/4807/4192 2935/4773/4192
f 2766/4604/4193 2970/4808/4193 2764/4602/4193
f 2764/4602/4194 2970/4808/4194 2971/4809/4194
f 2764/4602/4195 2971/4809/4195 2765/4603/4195
f 2765/4603/4196 2971/4809/4196 2972/4810/4196
f 2765/4603/4197 2972/4810/4197 2690/4528/4197
f 2690/4528/4198 2972/4810/4198 2973/4811/4198
f 2690/4528/4199 2973/4811/4199 2755/4593/4199
f 2755/4593/4200 2973/4811/4200 2974/4812/4200
f 2755/4593/4201 2974/4812/4201 2756/4594/4201
f 2756/4594/4201 2974/4812/4201 2757/4595/4201
f 2757/4595/4202 2974/4812/4202 2975/4813/4202
f 2757/4595/4203 2975/4813/4203 2758/4596/4203
f 2758/4596/4204 2975/4813/4204 2976/4814/4204
f 2758/4596/4205 2976/4814/4205 2759/4597/4205
f 2976/4814/4206 2977/4815/4206 2759/4597/4206
f 2759/4597/4207 2977/4815/4207 2978/4816/4207
f 2759/4597/4208 2978/4816/4208 2752/4590/4208
f 2752/4590/4209 2978/4816/4209 2979/4817/4209
f 2752/4590/4210 2979/4817/4210 2753/4591/4210
f 2753/4591/4211 2979/4817/4211 2980/4818/4211
f 2753/4591/4212 2980/4818/4212 2754/4592/4212
f 2754/4592/4213 2980/4818/4213 2981/4819/4213
f 2754/4592/4214 2981/4819/4214 2748/4586/4214
f 2748/4586/4215 2981/4819/4215 2982/4820/4215
f 2748/4586/4216 2982/4820/4216 2749/4587/4216
f 2749/4587/4217 2982/4820/4217 2983/4821/4217
f 2749/4587/4218 2983/4821/4218 2750/4588/4218
f 2750/4588/4219 2983/4821/4219 2984/4822/4219
f 2750/4588/4220 2984/4822/4220 2751/4589/4220
f 2751/4589/4221 2984/4822/4221 2985/4823/4221
f 2751/4589/4222 2985/4823/4222 2747/4585/4222
f 2747/4585/4223 2985/4823/4223 2778/4616/4223
f 2747/4585/4224 2778/4616/4224 2783/4621/4224
f 2783/4621/4225 2778/4616/4225 2780/4618/4225
f 2986/4824/4226 2987/4825/4226 2889/4727/4226
f 2881/4719/4227 2988/4826/4227 2882/4720/4227
f 2882/4720/4228 2988/4826/4228 2989/4827/4228
f 2876/4714/4229 2990/4828/4229 2877/4715/4229
f 2877/4715/4230 2990/4828/4230 2991/4829/4230
f 2877/4715/4231 2991/4829/4231 2878/4716/4231
f 2878/4716/4232 2991/4829/4232 2992/4830/4232
f 2878/4716/4233 2992/4830/4233 2879/4717/4233
f 2879/4717/4234 2992/4830/4234 2993/4831/4234
f 2879/4717/4235 2993/4831/4235 2881/4719/4235
f 2881/4719/4236 2993/4831/4236 2994/4832/4236
f 2881/4719/4236 2994/4832/4236 2988/4826/4236
f 2871/4709/4237 2995/4833/4237 2872/4710/4237
f 2872/4710/4238 2995/4833/4238 2996/4834/4238
f 2872/4710/4239 2996/4834/4239 2873/4711/4239
f 2996/4834/4240 2997/4835/4240 2873/4711/4240
f 2873/4711/4241 2997/4835/4241 2874/4712/4241
f 2874/4712/4242 2997/4835/4242 2998/4836/4242
f 2874/4712/4243 2998/4836/4243 2875/4713/4243
f 2875/4713/4244 2998/4836/4244 2999/4837/4244
f 2875/4713/4245 2999/4837/4245 2876/4714/4245
f 2876/4714/4246 2999/4837/4246 3000/4838/4246
f 2876/4714/4247 3000/4838/4247 2990/4828/4247
f 2869/4839/4248 3001/4840/4248 2870/4841/4248
f 2870/4708/4249 3001/4842/4249 3002/4843/4249
f 2870/4708/4250 3002/4843/4250 2871/4709/4250
f 2871/4844/4251 3002/4845/4251 3003/4846/4251
f 2871/4709/4252 3003/4847/4252 2995/4833/4252
f 3004/4848/4253 3005/4849/4253 2867/4705/4253
f 2867/4705/4254 3005/4849/4254 3006/4850/4254
f 2867/4851/4255 3006/4852/4255 2868/4853/4255
f 2868/4706/4256 3006/4850/4256 3007/4854/4256
f 2868/4706/4257 3007/4854/4257 2869/4707/4257
f 2869/4839/4258 3007/4855/4258 3008/4856/4258
f 2869/4839/4259 3008/4856/4259 3001/4840/4259
f 2867/4705/4260 2901/4739/4260 3004/4848/4260
f 3004/4848/4261 2901/4739/4261 2900/4738/4261
f 3004/4848/4262 2900/4738/4262 3009/4857/4262
f 3009/4857/4263 2900/4738/4263 2897/4735/4263
f 3009/4857/4264 2897/4735/4264 3010/4858/4264
f 3010/4858/4265 2897/4735/4265 2898/4736/4265
f 2894/4859/4266 3011/4860/4266 2895/4861/4266
f 2895/4733/4267 3011/4862/4267 3012/4863/4267
f 2895/4733/4268 3012/4863/4268 2896/4734/4268
f 2896/4734/4269 3012/4863/4269 3013/4864/4269
f 2896/4734/4270 3013/4864/4270 2899/4737/4270
f 2899/4737/4271 3013/4864/4271 3014/4865/4271
f 2899/4737/4272 3014/4865/4272 2898/4736/4272
f 2898/4736/4273 3014/4865/4273 3015/4866/4273
f 2898/4736/4274 3015/4866/4274 3010/4858/4274
f 2889/4727/4275 2987/4825/4275 2890/4728/4275
f 2890/4728/4276 2987/4825/4276 3016/4867/4276
f 2890/4728/4277 3016/4867/4277 2891/4729/4277
f 3016/4867/4278 3017/4868/4278 2891/4729/4278
f 2891/4729/4279 3017/4868/4279 2892/4730/4279
f 2892/4730/4280 3017/4868/4280 3018/4869/4280
f 2892/4870/4281 3018/4871/4281 2893/4872/4281
f 2893/4731/4282 3018/4869/4282 3019/4873/4282
f 2893/4731/4283 3019/4873/4283 2894/4732/4283
f 2894/4732/4284 3019/4873/4284 3020/4874/4284
f 2894/4732/4285 3020/4874/4285 3011/4862/4285
f 2986/4824/4286 2889/4727/4286 3021/4875/4286
f 3021/4875/4287 2889/4727/4287 2888/4726/4287
f 3021/4875/4288 2888/4726/4288 3022/4876/4288
f 3022/4876/4289 2888/4726/4289 2887/4725/4289
f 3022/4876/4290 2887/4725/4290 3023/4877/4290
f 3023/4877/4291 2887/4725/4291 3024/4878/4291
f 3024/4878/4292 2887/4725/4292 2886/4724/4292
f 3024/4878/4293 2886/4724/4293 3025/4879/4293
f 3025/4879/4294 2886/4724/4294 2885/4723/4294
f 3025/4879/4295 2885/4723/4295 3026/4880/4295
f 3026/4880/4296 2885/4723/4296 3027/4881/4296
f 3027/4881/4297 2885/4723/4297 2884/4722/4297
f 3027/4882/4298 2884/4883/4298 2989/4884/4298
f 2989/4827/4299 2884/4722/4299 2883/4721/4299
f 2989/4827/4300 2883/4721/4300 2882/4720/4300
f 2796/4634/4301 2795/4633/4301 3028/4885/4301
f 3028/4886/4302 2795/4887/4302 3029/4888/4302
f 3029/4889/4303 2795/4633/4303 2800/4638/4303
f 3029/4889/4304 2800/4638/4304 3030/4890/4304
f 3030/4890/4305 2800/4638/4305 2799/4637/4305
f 3030/4890/4306 2799/4637/4306 3031/4891/4306
f 3031/4892/4307 2799/4893/4307 2798/4894/4307
f 3031/4891/4308 2798/4636/4308 3032/4895/4308
f 3032/4895/4309 2798/4636/4309 3033/4896/4309
f 3033/4896/4310 2798/4636/4310 2794/4632/4310
f 3033/4897/4311 2794/4898/4311 2793/4899/4311
f 3034/4900/4312 3035/4901/4312 2792/4902/4312
f 2792/4630/4313 3035/4903/4313 3036/4904/4313
f 2792/4630/4314 3036/4904/4314 2793/4631/4314
f 2793/4631/4315 3036/4904/4315 3037/4905/4315
f 2793/4631/4316 3037/4905/4316 3033/4896/4316
f 2792/4630/4317 2791/4629/4317 3034/4906/4317
f 3034/4906/4318 2791/4629/4318 2790/4628/4318
f 3034/4906/4319 2790/4628/4319 3038/4907/4319
f 3038/4907/4320 2790/4628/4320 2789/4627/4320
f 3038/4907/4321 2789/4627/4321 3039/4908/4321
f 3039/4908/4322 2789/4627/4322 3040/4909/4322
f 3040/4909/4323 2789/4627/4323 2788/4626/4323
f 3040/4910/4324 2788/4911/4324 2787/4912/4324
f 2781/4913/4325 3041/4914/4325 2782/4915/4325
f 2782/4620/4326 3041/4916/4326 3042/4917/4326
f 2782/4620/4327 3042/4917/4327 2787/4625/4327
f 2787/4625/4328 3042/4917/4328 3043/4918/4328
f 2787/4625/4329 3043/4918/4329 3040/4909/4329
f 2783/4621/4330 3044/4919/4330 2784/4622/4330
f 2784/4622/4331 3044/4919/4331 3045/4920/4331
f 2784/4622/4332 3045/4920/4332 2785/4623/4332
f 2785/4623/4333 3045/4920/4333 3046/4921/4333
f 2785/4922/4334 3046/4923/4334 2786/4924/4334
f 2786/4624/4335 3046/4921/4335 3047/4925/4335
f 2786/4624/4336 3047/4925/4336 2781/4619/4336
f 2781/4619/4337 3047/4925/4337 3048/4926/4337
f 2781/4619/4338 3048/4926/4338 3041/4916/4338
f 2776/4614/4339 3049/4927/4339 2777/4615/4339
f 2777/4615/4340 3049/4927/4340 3050/4928/4340
f 2777/4615/4341 3050/4928/4341 2779/4617/4341
f 2779/4617/4342 3050/4928/4342 3051/4929/4342
f 2779/4617/4343 3051/4929/4343 2780/4618/4343
f 2780/4930/4344 3051/4931/4344 3052/4932/4344
f 2780/4618/4345 3052/4933/4345 2783/4621/4345
f 2783/4621/4346 3052/4933/4346 3053/4934/4346
f 2783/4621/4347 3053/4934/4347 3044/4919/4347
f 3054/4935/4348 3055/4936/4348 2775/4937/4348
f 2775/4613/4349 3055/4938/4349 3056/4939/4349
f 2775/4613/4350 3056/4939/4350 2774/4612/4350
f 2774/4612/4351 3056/4939/4351 3057/4940/4351
f 2774/4612/4352 3057/4940/4352 2772/4610/4352
f 2772/4941/4353 3057/4942/4353 3058/4943/4353
f 2772/4610/4354 3058/4944/4354 2776/4614/4354
f 2776/4614/4355 3058/4944/4355 3059/4945/4355
f 2776/4614/4355 3059/4945/4355 3049/4927/4355
f 2775/4613/4356 2771/4609/4356 3054/4946/4356
f 3054/4946/4357 2771/4609/4357 2769/4607/4357
f 3054/4946/4358 2769/4607/4358 3060/4947/4358
f 3060/4947/4359 2769/4607/4359 2768/4606/4359
f 3060/4947/4360 2768/4606/4360 3061/4948/4360
f 3061/4948/4361 2768/4606/4361 3062/4949/4361
f 3062/4949/4362 2768/4606/4362 2808/4646/4362
f 3062/4949/4363 2808/4646/4363 2807/4645/4363
f 2805/4643/4364 3063/4950/4364 2806/4644/4364
f 2806/4644/4365 3063/4950/4365 3064/4951/4365
f 2806/4644/4366 3064/4951/4366 2807/4645/4366
f 2807/4645/4367 3064/4951/4367 3065/4952/4367
f 2807/4645/4368 3065/4952/4368 3062/4949/4368
f 3028/4885/4369 3066/4953/4369 2796/4634/4369
f 2796/4634/4370 3066/4953/4370 3067/4954/4370
f 2796/4634/4371 3067/4954/4371 2801/4639/4371
f 2801/4639/4372 3067/4954/4372 3068/4955/4372
f 2801/4639/4373 3068/4955/4373 2802/4640/4373
f 2802/4640/4374 3068/4955/4374 3069/4956/4374
f 2802/4957/4375 3069/4958/4375 2804/4959/4375
f 2804/4642/4376 3069/4956/4376 3070/4960/4376
f 2804/4642/4377 3070/4960/4377 2805/4643/4377
f 2805/4643/4378 3070/4960/4378 3071/4961/4378
f 2805/4643/4379 3071/4961/4379 3063/4950/4379
f 3072/4962/4380 3073/4963/4380 2938/4776/4380
f 2943/4964/4381 3074/4965/4381 2944/4966/4381
f 2944/4782/4382 3074/4967/4382 3075/4968/4382
f 2944/4782/4383 3075/4968/4383 2945/4783/4383
f 2945/4783/4384 3075/4968/4384 3076/4969/4384
f 2945/4970/4385 3076/4971/4385 2946/4972/4385
f 2946/4784/4386 3076/4969/4386 3077/4973/4386
f 2946/4784/4387 3077/4973/4387 2947/4785/4387
f 2938/4776/4388 3073/4963/4388 2939/4777/4388
f 2939/4777/4389 3073/4963/4389 3078/4974/4389
f 2939/4777/4390 3078/4974/4390 2940/4778/4390
f 3078/4974/4391 3079/4975/4391 2940/4778/4391
f 2940/4778/4392 3079/4975/4392 3080/4976/4392
f 2940/4778/4393 3080/4976/4393 2941/4779/4393
f 2941/4779/4394 3080/4976/4394 3081/4977/4394
f 2941/4978/4395 3081/4979/4395 2942/4980/4395
f 2942/4780/4396 3081/4977/4396 3082/4981/4396
f 2942/4780/4397 3082/4981/4397 2943/4781/4397
f 2943/4781/4398 3082/4981/4398 3083/4982/4398
f 2943/4781/4398 3083/4982/4398 3074/4967/4398
f 3072/4983/4399 2938/4984/4399 3084/4985/4399
f 3084/4986/4400 2938/4776/4400 2937/4775/4400
f 3084/4986/4401 2937/4775/4401 3085/4987/4401
f 3085/4987/4402 2937/4775/4402 2936/4774/4402
f 3085/4987/4403 2936/4774/4403 3086/4988/4403
f 3086/4988/4404 2936/4774/4404 3087/4989/4404
f 3087/4989/4405 2936/4774/4405 2935/4773/4405
f 3087/4989/4406 2935/4773/4406 3088/4990/4406
f 3088/4990/4407 2935/4773/4407 2969/4807/4407
f 3088/4990/4408 2969/4807/4408 3089/4991/4408
f 3089/4991/4409 2969/4807/4409 2968/4806/4409
f 3089/4991/4410 2968/4806/4410 3090/4992/4410
f 3090/4992/4411 2968/4806/4411 2963/4801/4411
f 3090/4992/4412 2963/4801/4412 3091/4993/4412
f 2967/4805/4413 3092/4994/4413 2962/4800/4413
f 2962/4800/4414 3092/4994/4414 3091/4993/4414
f 3091/4993/4415 2963/4801/4415 2962/4800/4415
f 2960/4798/4416 3093/4995/4416 2961/4799/4416
f 2961/4799/4417 3093/4995/4417 3094/4996/4417
f 2961/4799/4418 3094/4996/4418 2965/4803/4418
f 2965/4803/4419 3094/4996/4419 3095/4997/4419
f 2965/4803/4420 3095/4997/4420 2966/4804/4420
f 2966/4804/4421 3095/4997/4421 3096/4998/4421
f 2966/4804/4422 3096/4998/4422 2967/4805/4422
f 2967/4805/4423 3096/4998/4423 3097/4999/4423
f 2967/4805/4424 3097/4999/4424 3092/4994/4424
f 2957/4795/4425 3098/5000/4425 2958/4796/4425
f 2958/4796/4426 3098/5000/4426 3099/5001/4426
f 2958/4796/4427 3099/5001/4427 2959/4797/4427
f 2959/4797/4428 3099/5001/4428 3100/5002/4428
f 2959/4797/4429 3100/5002/4429 2960/4798/4429
f 2960/4798/4430 3100/5002/4430 3101/5003/4430
f 2960/4798/4430 3101/5003/4430 3093/4995/4430
f 2955/4793/4431 3102/5004/4431 2956/4794/4431
f 2956/4794/4432 3102/5004/4432 3103/5005/4432
f 2956/4794/4433 3103/5005/4433 2957/4795/4433
f 2957/4795/4434 3103/5005/4434 3104/5006/4434
f 2957/4795/4435 3104/5006/4435 3098/5000/4435
f 2953/5007/4436 3105/5008/4436 2954/5009/4436
f 2954/4792/4437 3105/5010/4437 3106/5011/4437
f 2954/4792/4438 3106/5011/4438 2955/4793/4438
f 2955/5012/4439 3106/5013/4439 3107/5014/4439
f 2955/4793/4440 3107/5015/4440 3102/5004/4440
f 3108/5016/4441 3109/5017/4441 2951/4789/4441
f 2951/4789/4442 3109/5017/4442 3110/5018/4442
f 2951/5019/4443 3110/5020/4443 2952/5021/4443
f 2952/4790/4444 3110/5018/4444 3111/5022/4444
f 2952/4790/4445 3111/5022/4445 2953/4791/4445
f 2953/5007/4446 3111/5023/4446 3112/5024/4446
f 2953/5007/4447 3112/5024/4447 3105/5008/4447
f 3077/4973/4448 3113/5025/4448 2947/4785/4448
f 2947/4785/4448 3113/5025/4448 3114/5026/4448
f 2947/4785/4449 3114/5026/4449 2948/4786/4449
f 2948/4786/4450 3114/5026/4450 3115/5027/4450
f 2948/4786/4451 3115/5027/4451 2949/4787/4451
f 2949/4787/4452 3115/5027/4452 3108/5016/4452
f 2949/5028/4453 3108/5029/4453 2950/5030/4453
f 2950/4788/4454 3108/5016/4454 2951/4789/4454
f 2834/4672/4455 3116/5031/4455 2832/4670/4455
f 2832/4670/4456 3116/5031/4456 3117/5032/4456
f 2832/4670/4457 3117/5032/4457 2838/4676/4457
f 2838/4676/4458 3117/5032/4458 3118/5033/4458
f 2838/4676/4459 3118/5033/4459 2839/4677/4459
f 2839/4677/4460 3118/5033/4460 3119/5034/4460
f 2839/4677/4461 3119/5034/4461 2841/4679/4461
f 2841/4679/4462 3119/5034/4462 3120/5035/4462
f 2841/4679/4463 3120/5035/4463 2842/4680/4463
f 2828/4666/4464 3121/5036/4464 2829/4667/4464
f 2829/4667/4465 3121/5036/4465 3122/5037/4465
f 2829/4667/4466 3122/5037/4466 2830/4668/4466
f 2830/4668/4467 3122/5037/4467 3123/5038/4467
f 2830/4668/4468 3123/5038/4468 2831/4669/4468
f 2831/4669/4469 3123/5038/4469 3124/5039/4469
f 2831/4669/4470 3124/5039/4470 2835/4673/4470
f 2835/4673/4471 3124/5039/4471 3125/5040/4471
f 2835/4673/4472 3125/5040/4472 2834/4672/4472
f 2834/4672/4473 3125/5040/4473 3126/5041/4473
f 2834/4672/4474 3126/5041/4474 3116/5031/4474
f 2823/4661/4475 3127/5042/4475 2824/4662/4475
f 2824/4662/4476 3127/5042/4476 3128/5043/4476
f 2824/4662/4477 3128/5043/4477 2825/4663/4477
f 2825/4663/4478 3128/5043/4478 3129/5044/4478
f 2825/4663/4479 3129/5044/4479 2826/4664/4479
f 2826/4664/4480 3129/5044/4480 3130/5045/4480
f 2826/4664/4481 3130/5045/4481 2828/4666/4481
f 2828/5046/4482 3130/5047/4482 3131/5048/4482
f 2828/4666/4483 3131/5049/4483 3121/5036/4483
f 2817/4655/4484 3132/5050/4484 3133/5051/4484
f 2817/4655/4485 3133/5051/4485 2818/4656/4485
f 2818/4656/4486 3133/5051/4486 3134/5052/4486
f 2818/4656/4487 3134/5052/4487 2819/4657/4487
f 2819/4657/4488 3134/5052/4488 3135/5053/4488
f 2819/4657/4489 3135/5053/4489 2821/4659/4489
f 2821/4659/4490 3135/5053/4490 3136/5054/4490
f 2821/4659/4491 3136/5054/4491 2823/4661/4491
f 2823/4661/4492 3136/5054/4492 3137/5055/4492
f 2823/4661/4493 3137/5055/4493 3127/5042/4493
f 3132/5050/4494 2817/4655/4494 3138/5056/4494
f 3138/5056/4495 2817/4655/4495 2816/4654/4495
f 3138/5056/4496 2816/4654/4496 3139/5057/4496
f 3139/5058/4497 2816/5059/4497 2815/5060/4497
f 3139/5057/4498 2815/4653/4498 3140/5061/4498
f 3141/5062/4499 2813/4651/4499 3142/5063/4499
f 3142/5063/4500 2813/4651/4500 2812/4650/4500
f 3140/5061/4498 2815/4653/4498 3141/5062/4498
f 3141/5062/4501 2815/4653/4501 2814/4652/4501
f 3141/5064/4502 2814/5065/4502 2813/5066/4502
f 2849/4687/4503 2848/4686/4503 3143/5067/4503
f 2849/4687/4504 3143/5067/4504 2809/4647/4504
f 3143/5068/4505 3144/5069/4505 2809/5070/4505
f 2809/5070/4506 3144/5069/4506 3145/5071/4506
f 2809/4647/4507 3145/5072/4507 2810/4648/4507
f 2810/4648/4508 3145/5072/4508 3146/5073/4508
f 2810/4648/4509 3146/5073/4509 2811/4649/4509
f 2811/4649/4510 3146/5073/4510 3147/5074/4510
f 2811/5075/4511 3147/5076/4511 2812/5077/4511
f 2812/4650/4512 3147/5074/4512 3148/5078/4512
f 2812/4650/4513 3148/5078/4513 3142/5063/4513
f 3149/5079/4514 3150/5080/4514 2844/4682/4514
f 2844/4682/4515 3150/5080/4515 3151/5081/4515
f 2844/5082/4516 3151/5083/4516 2845/5084/4516
f 2845/4683/4517 3151/5081/4517 3152/5085/4517
f 2845/4683/4518 3152/5085/4518 2846/4684/4518
f 2846/4684/4519 3152/5085/4519 3153/5086/4519
f 2846/4684/4520 3153/5086/4520 2847/4685/4520
f 2847/4685/4521 3153/5086/4521 3154/5087/4521
f 2847/4685/4522 3154/5087/4522 2848/4686/4522
f 2848/4686/4523 3154/5087/4523 3155/5088/4523
f 2848/4686/4524 3155/5088/4524 3143/5067/4524
f 3120/5035/4525 3156/5089/4525 2842/4680/4525
f 2842/4680/4526 3156/5089/4526 3157/5090/4526
f 2842/4680/4527 3157/5090/4527 2836/4674/4527
f 2836/4674/4528 3157/5090/4528 3158/5091/4528
f 2836/4674/4529 3158/5091/4529 2837/4675/4529
f 2837/4675/4530 3158/5091/4530 3159/5092/4530
f 2837/4675/4531 3159/5092/4531 3160/5093/4531
f 3149/5079/4532 2844/4682/4532 3160/5093/4532
f 3160/5093/4533 2844/4682/4533 2843/4681/4533
f 3160/5094/4534 2843/5095/4534 2837/5096/4534
f 2920/4758/4535 2921/4759/4535 3161/5097/4535
f 3162/5098/4536 3163/5099/4536 3164/5100/4536
f 3165/5101/4537 3166/5102/4537 3167/5103/4537
f 3168/5104/4538 3169/5105/4538 3170/5106/4538
f 3171/5107/4539 3172/5108/4539 3173/5109/4539
f 3174/5110/4540 3175/5111/4540 3176/5112/4540
f 3177/5113/4541 3178/5114/4541 3179/5115/4541
f 3180/5116/4542 3181/5117/4542 3182/5118/4542
f 3183/5119/4543 3184/5120/4543 3185/5121/4543
f 3186/5122/4544 3187/5123/4544 3188/5124/4544
f 3189/5125/4545 3190/5126/4545 3191/5127/4545
f 3192/5128/4546 3193/5129/4546 3194/5130/4546
f 3195/5131/4547 3184/5120/4547 3196/5132/4547
f 3196/5132/4548 3184/5120/4548 3183/5119/4548
f 3196/5132/4549 3183/5119/4549 3197/5133/4549
f 3198/5134/4550 3199/5135/4550 3180/5116/4550
f 3180/5116/4551 3199/5135/4551 3200/5136/4551
f 3180/5116/4551 3200/5136/4551 3181/5117/4551
f 3181/5117/4551 3200/5136/4551 3201/5137/4551
f 3181/5117/4549 3201/5137/4549 3197/5133/4549
f 3202/5138/4552 3203/5139/4552 3204/5140/4552
f 3204/5140/4553 3203/5139/4553 3205/5141/4553
f 3204/5140/4554 3205/5141/4554 3206/5142/4554
f 3207/5143/4555 3208/5144/4555 3177/5113/4555
f 3177/5113/4555 3208/5144/4555 3209/5145/4555
f 3177/5113/4556 3209/5145/4556 3178/5114/4556
f 3178/5114/4556 3209/5145/4556 3210/5146/4556
f 3178/5114/4552 3210/5146/4552 3202/5138/4552
f 3211/5147/4557 3212/5148/4557 3213/5149/4557
f 3214/5150/4558 3215/5151/4558 3216/5152/4558
f 3216/5152/4559 3215/5151/4559 3217/5153/4559
f 3216/5152/4559 3217/5153/4559 3213/5154/4559
f 3213/5154/4559 3217/5153/4559 3218/5155/4559
f 3213/5149/4560 3218/5156/4560 3211/5147/4560
f 3219/5157/4561 3220/5158/4561 3221/5159/4561
f 3222/5160/4562 3223/5161/4562 3221/5159/4562
f 3221/5159/4563 3223/5161/4563 3224/5162/4563
f 3221/5159/4561 3224/5162/4561 3219/5157/4561
f 3194/5130/4564 3193/5129/4564 3225/5163/4564
f 3193/5129/4564 3226/5164/4564 3225/5163/4564
f 3225/5163/4564 3226/5164/4564 3227/5165/4564
f 3225/5163/4565 3227/5165/4565 3222/5160/4565
f 3222/5160/4566 3227/5165/4566 3228/5166/4566
f 3222/5160/4567 3228/5166/4567 3223/5161/4567
f 3229/5167/4568 3230/5168/4568 3174/5110/4568
f 3174/5110/4569 3230/5168/4569 3231/5169/4569
f 3174/5110/4570 3231/5169/4570 3175/5111/4570
f 3175/5111/4571 3231/5169/4571 3232/5170/4571
f 3175/5111/4572 3232/5170/4572 3192/5128/4572
f 3233/5171/4573 3234/5172/4573 3235/5173/4573
f 3236/5174/4574 3237/5175/4574 3238/5176/4574
f 3238/5176/4575 3237/5175/4575 3239/5177/4575
f 3238/5176/4575 3239/5177/4575 3235/5173/4575
f 3235/5173/4576 3239/5177/4576 3240/5178/4576
f 3235/5173/4573 3240/5178/4573 3233/5171/4573
f 3190/5126/4577 3241/5179/4577 3242/5180/4577
f 3172/5181/4578 3243/5182/4578 3189/5125/4578
f 3243/5183/4579 3172/5184/4579 3244/5185/4579
f 3244/5185/4579 3172/5184/4579 3171/5186/4579
f 3244/5185/4580 3171/5186/4580 3245/5187/4580
f 3246/5188/4581 3247/5189/4581 3248/5190/4581
f 3249/5191/4582 3250/5192/4582 3251/5193/4582
f 3251/5193/4583 3250/5192/4583 3252/5194/4583
f 3251/5193/4583 3252/5194/4583 3248/5190/4583
f 3248/5190/4583 3252/5194/4583 3253/5195/4583
f 3248/5190/4581 3253/5195/4581 3246/5188/4581
f 3254/5196/4584 3255/5197/4584 3256/5198/4584
f 3256/5198/4585 3255/5197/4585 3257/5199/4585
f 3256/5198/4586 3257/5199/4586 3258/5200/4586
f 3259/5201/4587 3260/5202/4587 3168/5104/4587
f 3168/5104/4587 3260/5202/4587 3261/5203/4587
f 3168/5104/4588 3261/5203/4588 3169/5105/4588
f 3169/5105/4588 3261/5203/4588 3262/5204/4588
f 3169/5105/4584 3262/5204/4584 3254/5196/4584
f 3263/5205/4589 3264/5206/4589 3265/5207/4589
f 3266/5208/4590 3267/5209/4590 3268/5210/4590
f 3268/5210/4591 3267/5209/4591 3269/5211/4591
f 3268/5210/4591 3269/5211/4591 3265/5207/4591
f 3265/5207/4591 3269/5211/4591 3270/5212/4591
f 3265/5207/4592 3270/5212/4592 3263/5205/4592
f 3271/5213/4593 3272/5214/4593 3273/5215/4593
f 3274/5216/4594 3275/5217/4594 3273/5215/4594
f 3273/5215/4595 3275/5217/4595 3276/5218/4595
f 3273/5215/4593 3276/5218/4593 3271/5213/4593
f 3188/5124/4596 3187/5123/4596 3277/5219/4596
f 3187/5123/4596 3278/5220/4596 3277/5219/4596
f 3277/5219/4596 3278/5220/4596 3279/5221/4596
f 3277/5219/4597 3279/5221/4597 3274/5216/4597
f 3274/5216/4598 3279/5221/4598 3280/5222/4598
f 3274/5216/4599 3280/5222/4599 3275/5217/4599
f 3281/5223/4600 3282/5224/4600 3165/5101/4600
f 3165/5101/4601 3282/5224/4601 3283/5225/4601
f 3165/5101/4602 3283/5225/4602 3166/5102/4602
f 3166/5102/4603 3283/5225/4603 3284/5226/4603
f 3166/5102/4604 3284/5226/4604 3186/5122/4604
f 3285/5227/4605 3286/5228/4605 3287/5229/4605
f 3287/5229/4606 3286/5228/4606 3288/5230/4606
f 3287/5229/4606 3288/5230/4606 3289/5231/4606
f 3290/5232/4607 3291/5233/4607 3162/5098/4607
f 3162/5098/4608 3291/5233/4608 3292/5234/4608
f 3162/5098/4609 3292/5234/4609 3163/5099/4609
f 3163/5099/4609 3292/5234/4609 3293/5235/4609
f 3163/5099/4610 3293/5235/4610 3285/5227/4610
f 3195/5131/4611 3294/5236/4611 3295/5237/4611
f 3296/5238/4612 3204/5140/4612 3297/5239/4612
f 3297/5239/4613 3204/5140/4613 3206/5142/4613
f 3297/5239/4614 3206/5142/4614 3298/5240/4614
f 3299/5241/4615 3300/5242/4615 3212/5243/4615
f 3212/5243/4616 3300/5242/4616 3213/5244/4616
f 3213/5244/4616 3300/5242/4616 3301/5245/4616
f 3213/5244/4617 3301/5245/4617 3216/5246/4617
f 3302/5247/4618 3194/5130/4618 3303/5248/4618
f 3303/5248/4618 3194/5130/4618 3225/5163/4618
f 3303/5248/4619 3225/5163/4619 3304/5249/4619
f 3304/5249/4619 3225/5163/4619 3222/5160/4619
f 3304/5249/4620 3222/5160/4620 3305/5250/4620
f 3305/5250/4621 3222/5160/4621 3221/5159/4621
f 3305/5251/4622 3221/5252/4622 3306/5253/4622
f 3306/5253/4622 3221/5252/4622 3220/5254/4622
f 3306/5253/4623 3220/5254/4623 3307/5255/4623
f 3308/5256/4624 3309/5257/4624 3234/5172/4624
f 3234/5172/4625 3309/5257/4625 3235/5173/4625
f 3235/5173/4625 3309/5257/4625 3310/5258/4625
f 3235/5173/4626 3310/5258/4626 3238/5176/4626
f 3311/5259/4627 3312/5260/4627 3242/5261/4627
f 3190/5126/4577 3242/5180/4577 3191/5127/4577
f 3191/5262/4628 3242/5261/4628 3312/5260/4628
f 3191/5262/4628 3312/5260/4628 3313/5263/4628
f 3314/5264/4629 3315/5265/4629 3247/5266/4629
f 3247/5189/4630 3315/5267/4630 3248/5190/4630
f 3248/5190/4631 3315/5267/4631 3316/5268/4631
f 3248/5190/4632 3316/5268/4632 3251/5193/4632
f 3317/5269/4633 3256/5198/4633 3318/5270/4633
f 3318/5270/4634 3256/5198/4634 3258/5200/4634
f 3318/5270/4635 3258/5200/4635 3319/5271/4635
f 3320/5272/4636 3321/5273/4636 3264/5206/4636
f 3264/5206/4637 3321/5273/4637 3265/5207/4637
f 3265/5207/4637 3321/5273/4637 3322/5274/4637
f 3265/5207/4638 3322/5274/4638 3268/5210/4638
f 3323/5275/4639 3188/5124/4639 3324/5276/4639
f 3324/5276/4639 3188/5124/4639 3277/5219/4639
f 3324/5276/4640 3277/5219/4640 3325/5277/4640
f 3325/5277/4640 3277/5219/4640 3274/5216/4640
f 3325/5277/4641 3274/5216/4641 3326/5278/4641
f 3326/5278/4642 3274/5216/4642 3273/5215/4642
f 3326/5279/4643 3273/5280/4643 3327/5281/4643
f 3327/5281/4643 3273/5280/4643 3272/5282/4643
f 3327/5281/4644 3272/5282/4644 3328/5283/4644
f 3329/5284/4645 3287/5229/4645 3330/5285/4645
f 3330/5285/4645 3287/5229/4645 3289/5231/4645
f 3330/5285/4646 3289/5231/4646 3331/5286/4646
f 3332/5287/4647 3333/5288/4647 3295/5237/4647
f 2964/4802/4648 2920/4758/4648 3185/5289/4648
f 3185/5289/4535 2920/4758/4535 3161/5097/4535
f 3185/5121/4543 3161/5290/4543 3183/5119/4543
f 3197/5133/4549 3183/5119/4549 3181/5117/4549
f 3181/5117/4649 3183/5119/4649 3161/5290/4649
f 3181/5117/4650 3161/5290/4650 3182/5118/4650
f 3182/5291/4651 3161/5097/4651 2921/4759/4651
f 3182/5291/4651 2921/4759/4651 2922/4760/4651
f 2922/4760/4652 2923/4761/4652 3182/5291/4652
f 3182/5291/4652 2923/4761/4652 3298/5292/4652
f 3182/5118/4542 3298/5240/4542 3180/5116/4542
f 3180/5116/4614 3298/5240/4614 3206/5142/4614
f 3180/5116/4550 3206/5142/4550 3198/5134/4550
f 3198/5134/4553 3206/5142/4553 3205/5141/4553
f 2923/4761/4653 2924/4762/4653 3298/5292/4653
f 3298/5292/4654 2924/4762/4654 2925/4763/4654
f 3298/5292/4654 2925/4763/4654 3297/5293/4654
f 3297/5293/4655 2925/4763/4655 2926/4764/4655
f 3297/5293/4656 2926/4764/4656 3296/5294/4656
f 3296/5294/4657 2926/4764/4657 2927/4765/4657
f 3296/5294/4657 2927/4765/4657 2928/4766/4657
f 3202/5138/4658 3204/5140/4658 3178/5114/4658
f 3178/5114/4659 3204/5140/4659 3296/5238/4659
f 3178/5114/4659 3296/5238/4659 3179/5115/4659
f 3179/5295/4660 3296/5294/4660 2928/4766/4660
f 3179/5295/4660 2928/4766/4660 2929/4767/4660
f 2929/4767/4661 2930/4768/4661 3179/5295/4661
f 3179/5295/4661 2930/4768/4661 3299/5241/4661
f 3179/5115/4541 3299/5296/4541 3177/5113/4541
f 3177/5297/4615 3299/5241/4615 3212/5243/4615
f 3177/5113/4555 3212/5148/4555 3207/5143/4555
f 3207/5143/4560 3212/5148/4560 3211/5147/4560
f 2934/4772/4662 3301/5245/4662 2933/4771/4662
f 2933/4771/4662 3301/5245/4662 3300/5242/4662
f 2933/4771/4663 3300/5242/4663 2932/4770/4663
f 2932/4770/4663 3300/5242/4663 3299/5241/4663
f 2932/4770/4663 3299/5241/4663 2931/4769/4663
f 2931/4769/4664 3299/5241/4664 2930/4768/4664
f 2934/4772/4665 2919/4757/4665 3301/5245/4665
f 3301/5245/4666 2919/4757/4666 3307/5255/4666
f 3301/5245/4617 3307/5255/4617 3216/5246/4617
f 3216/5246/4667 3307/5255/4667 3220/5254/4667
f 3216/5152/4668 3220/5158/4668 3214/5150/4668
f 3214/5150/4561 3220/5158/4561 3219/5157/4561
f 2919/4757/4669 2918/4756/4669 3307/5255/4669
f 3307/5255/4670 2918/4756/4670 2820/4658/4670
f 3307/5255/4671 2820/4658/4671 3306/5253/4671
f 3306/5253/4670 2820/4658/4670 2822/4660/4670
f 3306/5253/4672 2822/4660/4672 3305/5251/4672
f 3305/5251/4673 2822/4660/4673 2827/4665/4673
f 3305/5251/4674 2827/4665/4674 3304/5298/4674
f 2827/4665/4674 2833/4671/4674 3304/5298/4674
f 3304/5298/4675 2833/4671/4675 2840/4678/4675
f 3304/5298/4675 2840/4678/4675 3303/5299/4675
f 3303/5299/4676 2840/4678/4676 2917/4755/4676
f 3303/5299/4677 2917/4755/4677 3302/5300/4677
f 3302/5300/4678 2917/4755/4678 2916/4754/4678
f 3302/5300/4678 2916/4754/4678 2915/4753/4678
f 3192/5128/4546 3194/5130/4546 3175/5111/4546
f 3175/5111/4679 3194/5130/4679 3302/5247/4679
f 3175/5111/4679 3302/5247/4679 3176/5112/4679
f 3176/5301/4680 3302/5300/4680 2915/4753/4680
f 3176/5301/4680 2915/4753/4680 2914/4752/4680
f 2914/4752/4681 2913/4751/4681 3176/5301/4681
f 3176/5301/4681 2913/4751/4681 3308/5302/4681
f 3176/5112/4540 3308/5256/4540 3174/5110/4540
f 3174/5110/4682 3308/5256/4682 3234/5172/4682
f 3174/5110/4568 3234/5172/4568 3229/5167/4568
f 3229/5167/4573 3234/5172/4573 3233/5171/4573
f 2909/4747/4683 3310/5303/4683 2910/4748/4683
f 2910/4748/4683 3310/5303/4683 3309/5304/4683
f 2910/4748/4684 3309/5304/4684 2911/4749/4684
f 2911/4749/4685 3309/5304/4685 3308/5302/4685
f 2911/4749/4685 3308/5302/4685 2912/4750/4685
f 2912/4750/4681 3308/5302/4681 2913/4751/4681
f 2909/4747/4686 2908/4746/4686 3310/5303/4686
f 3310/5303/4686 2908/4746/4686 3311/5259/4686
f 3310/5258/4626 3311/5305/4626 3238/5176/4626
f 3238/5306/4627 3311/5259/4627 3242/5261/4627
f 3238/5176/4574 3242/5180/4574 3236/5174/4574
f 3236/5174/4577 3242/5180/4577 3241/5179/4577
f 2908/4746/4686 2907/4745/4686 3311/5259/4686
f 3311/5259/4687 2907/4745/4687 2906/4744/4687
f 3311/5259/4687 2906/4744/4687 3312/5260/4687
f 3312/5260/4688 2906/4744/4688 2905/4743/4688
f 3312/5260/4689 2905/4743/4689 3313/5263/4689
f 3313/5263/4690 2905/4743/4690 2904/4742/4690
f 3313/5263/4690 2904/4742/4690 2903/4741/4690
f 3189/5125/4691 3191/5127/4691 3172/5181/4691
f 3172/5108/4692 3191/5262/4692 3313/5263/4692
f 3172/5108/4692 3313/5263/4692 3173/5109/4692
f 3173/5109/4693 3313/5263/4693 2903/4741/4693
f 3173/5109/4694 2903/4741/4694 2902/4740/4694
f 2902/4740/4695 2767/4605/4695 3173/5109/4695
f 3173/5109/4695 2767/4605/4695 3314/5264/4695
f 3173/5109/4696 3314/5264/4696 3171/5107/4696
f 3171/5107/4629 3314/5264/4629 3247/5266/4629
f 3171/5186/4697 3247/5189/4697 3245/5187/4697
f 3245/5187/4581 3247/5189/4581 3246/5188/4581
f 2854/4692/4698 3316/5307/4698 2853/4691/4698
f 2853/4691/4699 3316/5307/4699 3315/5265/4699
f 2853/4691/4700 3315/5265/4700 2852/4690/4700
f 2852/4690/4700 3315/5265/4700 3314/5264/4700
f 2852/4690/4700 3314/5264/4700 2880/4718/4700
f 2880/4718/4695 3314/5264/4695 2767/4605/4695
f 2854/4692/4701 2855/4693/4701 3316/5307/4701
f 3316/5307/4701 2855/4693/4701 3319/5308/4701
f 3316/5268/4632 3319/5271/4632 3251/5193/4632
f 3251/5193/4635 3319/5271/4635 3258/5200/4635
f 3251/5193/4582 3258/5200/4582 3249/5191/4582
f 3249/5191/4585 3258/5200/4585 3257/5199/4585
f 2855/4693/4702 2856/4694/4702 3319/5308/4702
f 3319/5308/4703 2856/4694/4703 2857/4695/4703
f 3319/5308/4703 2857/4695/4703 3318/5309/4703
f 3318/5309/4704 2857/4695/4704 2858/4696/4704
f 3318/5309/4705 2858/4696/4705 3317/5310/4705
f 3317/5310/4706 2858/4696/4706 2859/4697/4706
f 3317/5310/4706 2859/4697/4706 2860/4698/4706
f 3254/5196/4707 3256/5198/4707 3169/5105/4707
f 3169/5105/4708 3256/5198/4708 3317/5269/4708
f 3169/5105/4708 3317/5269/4708 3170/5106/4708
f 3170/5311/4709 3317/5310/4709 2860/4698/4709
f 3170/5311/4709 2860/4698/4709 2861/4699/4709
f 2861/4699/4710 2862/4700/4710 3170/5311/4710
f 3170/5311/4710 2862/4700/4710 3320/5312/4710
f 3170/5106/4538 3320/5272/4538 3168/5104/4538
f 3168/5104/4636 3320/5272/4636 3264/5206/4636
f 3168/5104/4587 3264/5206/4587 3259/5201/4587
f 3259/5201/4592 3264/5206/4592 3263/5205/4592
f 2866/4704/4711 3322/5313/4711 2865/4703/4711
f 2865/4703/4711 3322/5313/4711 3321/5314/4711
f 2865/4703/4712 3321/5314/4712 2864/4702/4712
f 2864/4702/4712 3321/5314/4712 3320/5312/4712
f 2864/4702/4712 3320/5312/4712 2863/4701/4712
f 2863/4701/4713 3320/5312/4713 2862/4700/4713
f 2866/4704/4714 2851/4689/4714 3322/5313/4714
f 3322/5313/4715 2851/4689/4715 3328/5283/4715
f 3322/5274/4638 3328/5315/4638 3268/5210/4638
f 3268/5316/4716 3328/5283/4716 3272/5282/4716
f 3268/5210/4717 3272/5317/4717 3266/5208/4717
f 3266/5318/4593 3272/5214/4593 3271/5213/4593
f 2851/4689/4718 2850/4688/4718 3328/5283/4718
f 3328/5283/4719 2850/4688/4719 2797/4635/4719
f 3328/5283/4720 2797/4635/4720 3327/5281/4720
f 3327/5281/4719 2797/4635/4719 2803/4641/4719
f 3327/5281/4721 2803/4641/4721 3326/5279/4721
f 3326/5279/4722 2803/4641/4722 2770/4608/4722
f 3326/5279/4723 2770/4608/4723 3325/5319/4723
f 2770/4608/4723 2773/4611/4723 3325/5319/4723
f 3325/5319/4724 2773/4611/4724 2778/4616/4724
f 3325/5319/4724 2778/4616/4724 3324/5320/4724
f 3324/5320/4725 2778/4616/4725 2985/4823/4725
f 3324/5320/4726 2985/4823/4726 3323/5321/4726
f 3323/5321/4727 2985/4823/4727 2984/4822/4727
f 3323/5321/4727 2984/4822/4727 2983/4821/4727
f 3186/5122/4544 3188/5124/4544 3166/5102/4544
f 3166/5102/4728 3188/5124/4728 3323/5275/4728
f 3166/5102/4728 3323/5275/4728 3167/5103/4728
f 3167/5322/4729 3323/5321/4729 2983/4821/4729
f 3167/5322/4729 2983/4821/4729 2982/4820/4729
f 2982/4820/4730 2981/4819/4730 3167/5322/4730
f 3167/5322/4730 2981/4819/4730 3331/5323/4730
f 3167/5103/4537 3331/5286/4537 3165/5101/4537
f 3165/5101/4731 3331/5286/4731 3289/5231/4731
f 3165/5101/4600 3289/5231/4600 3281/5223/4600
f 3281/5223/4606 3289/5231/4606 3288/5230/4606
f 2981/4819/4730 2980/4818/4730 3331/5323/4730
f 3331/5323/4732 2980/4818/4732 2979/4817/4732
f 3331/5323/4732 2979/4817/4732 3330/5324/4732
f 3330/5324/4732 2979/4817/4732 2978/4816/4732
f 3330/5324/4733 2978/4816/4733 3329/5325/4733
f 3329/5325/4734 2978/4816/4734 2977/4815/4734
f 3329/5325/4735 2977/4815/4735 2976/4814/4735
f 3285/5227/4610 3287/5229/4610 3163/5099/4610
f 3163/5099/4736 3287/5229/4736 3329/5284/4736
f 3163/5099/4736 3329/5284/4736 3164/5100/4736
f 3164/5326/4735 3329/5325/4735 2976/4814/4735
f 3164/5326/4735 2976/4814/4735 2975/4813/4735
f 2975/4813/4737 2974/4812/4737 3164/5326/4737
f 3164/5326/4737 2974/4812/4737 3334/5327/4737
f 3164/5100/4536 3334/5328/4536 3162/5098/4536
f 3162/5329/4738 3334/5327/4738 3335/5330/4738
f 3162/5098/4607 3335/5331/4607 3290/5232/4607
f 3290/5332/4739 3335/5333/4739 3336/5334/4739
f 2974/4812/4740 2973/4811/4740 3334/5327/4740
f 3334/5327/4741 2973/4811/4741 3332/5335/4741
f 3334/5327/4738 3332/5335/4738 3335/5330/4738
f 3335/5333/4647 3332/5287/4647 3295/5237/4647
f 3335/5333/4742 3295/5237/4742 3336/5334/4742
f 3336/5334/4743 3295/5237/4743 3294/5236/4743
f 2973/4811/4744 2972/4810/4744 3332/5335/4744
f 3332/5335/4744 2972/4810/4744 2971/4809/4744
f 3332/5335/4745 2971/4809/4745 3333/5336/4745
f 3333/5336/4746 2971/4809/4746 2970/4808/4746
f 3333/5336/4747 2970/4808/4747 2766/4604/4747
f 3195/5131/4611 3295/5237/4611 3184/5120/4611
f 3184/5120/4748 3295/5237/4748 3333/5288/4748
f 3184/5120/4749 3333/5288/4749 3185/5121/4749
f 3185/5289/4747 3333/5336/4747 2766/4604/4747
f 3185/5289/4747 2766/4604/4747 2964/4802/4747
f 2994/5337/4750 2993/5338/4750 3337/5339/4750
f 3338/5340/4751 3025/5341/4751 3026/5342/4751
f 3338/5340/4752 3026/5342/4752 3339/5343/4752
f 3021/5344/4753 3022/5345/4753 3340/5346/4753
f 3340/5346/4754 3022/5345/4754 3023/5347/4754
f 3340/5346/4755 3023/5347/4755 3338/5340/4755
f 3338/5340/4756 3023/5347/4756 3024/5348/4756
f 3338/5340/4757 3024/5348/4757 3025/5341/4757
f 3017/5349/4758 3016/5350/4758 3341/5351/4758
f 3341/5351/4759 3016/5350/4759 2987/5352/4759
f 3341/5351/4760 2987/5352/4760 3340/5353/4760
f 3340/5353/4761 2987/5352/4761 2986/5354/4761
f 3340/5346/4753 2986/5355/4753 3021/5344/4753
f 3017/5349/4758 3341/5351/4758 3018/5356/4758
f 3018/5356/4762 3341/5351/4762 3342/5357/4762
f 3018/5356/4763 3342/5357/4763 3019/5358/4763
f 3015/5359/4764 3014/5360/4764 3343/5361/4764
f 3343/5361/4764 3014/5360/4764 3013/5362/4764
f 3013/5362/4765 3012/5363/4765 3343/5361/4765
f 3343/5361/4765 3012/5363/4765 3011/5364/4765
f 3343/5361/4766 3011/5364/4766 3342/5357/4766
f 3342/5357/4763 3011/5364/4763 3020/5365/4763
f 3342/5357/4763 3020/5365/4763 3019/5358/4763
f 3015/5359/4764 3343/5361/4764 3010/5366/4764
f 3010/5366/4767 3343/5361/4767 3344/5367/4767
f 3010/5368/4768 3344/5369/4768 3009/5370/4768
f 3345/5371/4769 3007/4855/4769 3006/5372/4769
f 3006/5372/4770 3005/5373/4770 3345/5371/4770
f 3345/5371/4771 3005/5373/4771 3004/5374/4771
f 3345/5371/4772 3004/5374/4772 3344/5369/4772
f 3344/5369/4768 3004/5374/4768 3009/5370/4768
f 3003/4846/4773 3002/4845/4773 3346/5375/4773
f 3346/5375/4774 3002/4845/4774 3001/4840/4774
f 3346/5375/4775 3001/4840/4775 3345/5371/4775
f 3345/5371/4769 3001/4840/4769 3008/4856/4769
f 3345/5371/4769 3008/4856/4769 3007/4855/4769
f 3347/5376/4776 2997/5377/4776 2996/5378/4776
f 3347/5379/4777 2996/5380/4777 3346/5375/4777
f 3346/5375/4778 2996/5380/4778 2995/5381/4778
f 3346/5375/4779 2995/5381/4779 3003/4846/4779
f 3348/5382/4780 3000/5383/4780 2999/5384/4780
f 3348/5382/4781 2999/5384/4781 3347/5376/4781
f 3347/5376/4782 2999/5384/4782 2998/5385/4782
f 3347/5376/4776 2998/5385/4776 2997/5377/4776
f 2993/5338/4750 2992/5386/4750 3337/5339/4750
f 3337/5339/4783 2992/5386/4783 2991/5387/4783
f 3337/5339/4784 2991/5387/4784 3348/5382/4784
f 3348/5382/4785 2991/5387/4785 2990/5388/4785
f 3348/5382/4780 2990/5388/4780 3000/5383/4780
f 3026/5342/4786 3027/4882/4786 3339/5343/4786
f 3339/5343/4787 3027/4882/4787 2989/4884/4787
f 3339/5343/4788 2989/4884/4788 3337/5389/4788
f 3337/5389/4789 2989/4884/4789 2988/5390/4789
f 3337/5339/4750 2988/5391/4750 2994/5337/4750
f 3035/4901/4790 3034/4900/4790 3349/5392/4790
f 3043/5393/4791 3042/5394/4791 3350/5395/4791
f 3058/4943/4792 3057/4942/4792 3351/5396/4792
f 3071/5397/4793 3070/5398/4793 3352/5399/4793
f 3067/5400/4794 3353/5401/4794 3068/5402/4794
f 3068/5402/4795 3353/5401/4795 3352/5399/4795
f 3068/5402/4796 3352/5399/4796 3069/5403/4796
f 3069/5403/4793 3352/5399/4793 3070/5398/4793
f 3062/5404/4797 3354/5405/4797 3061/5406/4797
f 3061/5406/4798 3354/5405/4798 3355/5407/4798
f 3061/5406/4799 3355/5407/4799 3060/5408/4799
f 3062/5409/4800 3065/5410/4800 3354/5411/4800
f 3354/5411/4800 3065/5410/4800 3064/5412/4800
f 3354/5411/4801 3064/5412/4801 3352/5399/4801
f 3352/5399/4802 3064/5412/4802 3063/5413/4802
f 3352/5399/4803 3063/5413/4803 3071/5397/4803
f 3057/4942/4804 3056/5414/4804 3351/5396/4804
f 3351/5396/4804 3056/5414/4804 3055/4936/4804
f 3351/5396/4805 3055/4936/4805 3355/5407/4805
f 3355/5407/4806 3055/4936/4806 3054/4935/4806
f 3355/5407/4806 3054/4935/4806 3060/5408/4806
f 3058/4943/4807 3351/5396/4807 3059/5415/4807
f 3059/5415/4808 3351/5396/4808 3356/5416/4808
f 3059/5415/4809 3356/5416/4809 3049/5417/4809
f 3357/5418/4810 3044/5419/4810 3053/5420/4810
f 3053/5420/4810 3052/4932/4810 3357/5418/4810
f 3357/5418/4811 3052/4932/4811 3051/4931/4811
f 3357/5418/4812 3051/4931/4812 3356/5416/4812
f 3356/5416/4813 3051/4931/4813 3050/5421/4813
f 3356/5416/4813 3050/5421/4813 3049/5417/4813
f 3044/5422/4814 3357/5423/4814 3045/5424/4814
f 3045/5424/4815 3357/5423/4815 3358/5425/4815
f 3045/5424/4816 3358/5425/4816 3046/5426/4816
f 3042/5394/4791 3041/5427/4791 3350/5395/4791
f 3350/5395/4817 3041/5427/4817 3048/5428/4817
f 3350/5395/4818 3048/5428/4818 3358/5425/4818
f 3358/5425/4819 3048/5428/4819 3047/5429/4819
f 3358/5425/4819 3047/5429/4819 3046/5426/4819
f 3034/4900/4790 3038/5430/4790 3349/5392/4790
f 3349/5392/4820 3038/5430/4820 3039/5431/4820
f 3349/5432/4821 3039/5433/4821 3350/5395/4821
f 3350/5395/4822 3039/5433/4822 3040/5434/4822
f 3350/5395/4791 3040/5434/4791 3043/5393/4791
f 3032/5435/4823 3359/5436/4823 3031/5437/4823
f 3031/5437/4824 3359/5436/4824 3360/5438/4824
f 3031/5437/4825 3360/5438/4825 3030/5439/4825
f 3032/5435/4826 3033/5440/4826 3359/5436/4826
f 3359/5436/4827 3033/5440/4827 3037/5441/4827
f 3359/5436/4828 3037/5441/4828 3349/5392/4828
f 3349/5392/4829 3037/5441/4829 3036/5442/4829
f 3349/5392/4829 3036/5442/4829 3035/4901/4829
f 3067/5400/4830 3066/5443/4830 3353/5401/4830
f 3353/5401/4831 3066/5443/4831 3028/5444/4831
f 3353/5401/4832 3028/5444/4832 3360/5445/4832
f 3360/5438/4825 3028/4886/4825 3029/4888/4825
f 3360/5438/4825 3029/4888/4825 3030/5439/4825
f 3080/5446/4833 3079/5447/4833 3361/5448/4833
f 3097/5449/4834 3096/5450/4834 3362/5451/4834
f 3099/5452/4835 3098/5453/4835 3363/5454/4835
f 3364/5455/4836 3111/5023/4836 3110/5456/4836
f 3110/5456/4837 3109/5457/4837 3364/5455/4837
f 3364/5455/4838 3109/5457/4838 3108/5458/4838
f 3364/5455/4839 3108/5458/4839 3365/5459/4839
f 3366/5460/4840 3105/5008/4840 3364/5455/4840
f 3364/5455/4841 3105/5008/4841 3112/5024/4841
f 3364/5455/4836 3112/5024/4836 3111/5023/4836
f 3103/5461/4842 3102/5462/4842 3366/5463/4842
f 3363/5454/4843 3098/5453/4843 3366/5463/4843
f 3366/5463/4844 3098/5453/4844 3104/5464/4844
f 3366/5463/4845 3104/5464/4845 3103/5461/4845
f 3102/5462/4846 3107/5465/4846 3366/5463/4846
f 3366/5460/4847 3107/5014/4847 3106/5013/4847
f 3366/5460/4847 3106/5013/4847 3105/5008/4847
f 3099/5452/4848 3363/5454/4848 3100/5466/4848
f 3100/5466/4849 3363/5454/4849 3367/5467/4849
f 3100/5466/4850 3367/5467/4850 3101/5468/4850
f 3096/5450/4851 3095/5469/4851 3362/5451/4851
f 3362/5451/4852 3095/5469/4852 3094/5470/4852
f 3362/5451/4853 3094/5470/4853 3367/5467/4853
f 3367/5467/4854 3094/5470/4854 3093/5471/4854
f 3367/5467/4850 3093/5471/4850 3101/5468/4850
f 3090/5472/4855 3368/5473/4855 3089/5474/4855
f 3089/5474/4856 3368/5473/4856 3369/5475/4856
f 3089/5474/4857 3369/5475/4857 3088/5476/4857
f 3090/5472/4858 3091/5477/4858 3368/5473/4858
f 3368/5478/4859 3091/5479/4859 3362/5480/4859
f 3362/5481/4860 3091/5482/4860 3092/5483/4860
f 3362/5451/4834 3092/5484/4834 3097/5449/4834
f 3084/4985/4861 3085/5485/4861 3370/5486/4861
f 3370/5486/4862 3085/5485/4862 3086/5487/4862
f 3370/5486/4863 3086/5487/4863 3369/5475/4863
f 3369/5475/4864 3086/5487/4864 3087/5488/4864
f 3369/5475/4864 3087/5488/4864 3088/5476/4864
f 3079/5447/4865 3078/5489/4865 3361/5448/4865
f 3361/5490/4866 3078/5491/4866 3073/5492/4866
f 3361/5490/4867 3073/5492/4867 3370/5486/4867
f 3370/5486/4868 3073/5492/4868 3072/4983/4868
f 3370/5486/4861 3072/4983/4861 3084/4985/4861
f 3080/5446/4865 3361/5448/4865 3081/5493/4865
f 3081/5493/4869 3361/5448/4869 3371/5494/4869
f 3081/5493/4870 3371/5494/4870 3082/5495/4870
f 3372/5496/4871 3077/5497/4871 3076/5498/4871
f 3076/5498/4872 3075/5499/4872 3372/5496/4872
f 3372/5496/4873 3075/5499/4873 3074/5500/4873
f 3372/5496/4874 3074/5500/4874 3371/5494/4874
f 3371/5494/4870 3074/5500/4870 3083/5501/4870
f 3371/5494/4870 3083/5501/4870 3082/5495/4870
f 3108/5458/4787 3115/5502/4787 3365/5459/4787
f 3365/5459/4875 3115/5502/4875 3114/5503/4875
f 3365/5459/4876 3114/5503/4876 3372/5504/4876
f 3372/5496/4871 3114/5505/4871 3113/5506/4871
f 3372/5496/4877 3113/5506/4877 3077/5497/4877
f 3131/5048/4878 3130/5047/4878 3373/5507/4878
f 3141/5508/4879 3142/5509/4879 3374/5510/4879
f 3159/5511/4880 3158/5512/4880 3375/5513/4880
f 3159/5511/4880 3375/5513/4880 3160/5514/4880
f 3160/5514/4881 3375/5513/4881 3376/5515/4881
f 3160/5514/4882 3376/5515/4882 3149/5516/4882
f 3155/5517/4883 3154/5518/4883 3377/5519/4883
f 3377/5519/4883 3154/5518/4883 3153/5520/4883
f 3153/5520/4884 3152/5521/4884 3377/5519/4884
f 3377/5519/4884 3152/5521/4884 3151/5522/4884
f 3377/5519/4885 3151/5522/4885 3376/5515/4885
f 3376/5515/4886 3151/5522/4886 3150/5523/4886
f 3376/5515/4882 3150/5523/4882 3149/5516/4882
f 3378/5524/4887 3145/5071/4887 3144/5069/4887
f 3378/5524/4888 3144/5069/4888 3377/5525/4888
f 3377/5525/4889 3144/5069/4889 3143/5068/4889
f 3377/5525/4889 3143/5068/4889 3155/5526/4889
f 3142/5509/4879 3148/5527/4879 3374/5510/4879
f 3374/5510/4879 3148/5527/4879 3147/5528/4879
f 3374/5510/4890 3147/5528/4890 3378/5524/4890
f 3378/5524/4887 3147/5528/4887 3146/5529/4887
f 3378/5524/4887 3146/5529/4887 3145/5071/4887
f 3132/5530/4891 3138/5531/4891 3379/5532/4891
f 3379/5532/4891 3138/5531/4891 3139/5533/4891
f 3379/5532/4892 3139/5533/4892 3374/5510/4892
f 3374/5510/4893 3139/5533/4893 3140/5534/4893
f 3374/5510/4893 3140/5534/4893 3141/5508/4893
f 3132/5530/4891 3379/5532/4891 3133/5535/4891
f 3133/5535/4894 3379/5532/4894 3380/5536/4894
f 3133/5537/4895 3380/5538/4895 3134/5539/4895
f 3381/5540/4896 3136/5541/4896 3380/5538/4896
f 3380/5538/4897 3136/5541/4897 3135/5542/4897
f 3380/5538/4895 3135/5542/4895 3134/5539/4895
f 3128/5543/4898 3127/5544/4898 3381/5540/4898
f 3381/5540/4899 3127/5544/4899 3137/5545/4899
f 3381/5540/4900 3137/5545/4900 3136/5541/4900
f 3373/5507/4901 3130/5047/4901 3381/5540/4901
f 3381/5540/4902 3130/5047/4902 3129/5546/4902
f 3381/5540/4898 3129/5546/4898 3128/5543/4898
f 3131/5048/4903 3373/5507/4903 3121/5547/4903
f 3121/5547/4904 3373/5507/4904 3382/5548/4904
f 3121/5547/4905 3382/5548/4905 3122/5549/4905
f 3117/5550/4906 3116/5551/4906 3383/5552/4906
f 3383/5552/4906 3116/5551/4906 3126/5553/4906
f 3126/5553/4906 3125/5554/4906 3383/5552/4906
f 3383/5552/4907 3125/5554/4907 3124/5555/4907
f 3383/5552/4908 3124/5555/4908 3382/5556/4908
f 3382/5556/4909 3124/5555/4909 3123/5557/4909
f 3382/5556/4909 3123/5557/4909 3122/5558/4909
f 3117/5550/4910 3383/5552/4910 3118/5559/4910
f 3118/5559/4911 3383/5552/4911 3384/5560/4911
f 3118/5559/4912 3384/5560/4912 3119/5561/4912
f 3158/5512/4913 3157/5562/4913 3375/5513/4913
f 3375/5563/4914 3157/5564/4914 3156/5565/4914
f 3375/5566/4915 3156/5567/4915 3384/5568/4915
f 3384/5560/4916 3156/5569/4916 3120/5570/4916
f 3384/5560/4916 3120/5570/4916 3119/5561/4916
usemtl Material.016
f 3/3/2 2/2/2 4/4/2
f 5/6/3 4/7/3 6/8/3
f 7/9/4 6/8/4 8/10/4
f 9/11/5 8/10/5 10/12/5
f 11/14/6 10/15/6 12/16/6
f 13/17/7 12/16/7 14/18/7
f 15/19/8 14/18/8 16/20/8
f 17/22/9 16/23/9 18/24/9
f 19/25/10 18/24/10 20/26/10
f 21/27/11 20/26/11 22/28/11
f 23/30/12 22/31/12 24/32/12
f 1/1/1 24/32/1 2/2/1
f 27/35/2 26/34/2 28/36/2
f 29/38/3 28/39/3 30/40/3
f 31/41/4 30/40/4 32/42/4
f 33/43/5 32/42/5 34/44/5
f 35/46/6 34/47/6 36/48/6
f 37/49/7 36/48/7 38/50/7
f 39/51/8 38/50/8 40/52/8
f 41/54/9 40/55/9 42/56/9
f 43/57/10 42/56/10 44/58/10
f 45/59/11 44/58/11 46/60/11
f 47/62/12 46/63/12 48/64/12
f 25/33/1 48/64/1 26/34/1
f 51/67/2 50/66/2 52/68/2
f 53/70/3 52/71/3 54/72/3
f 55/73/4 54/72/4 56/74/4
f 57/75/5 56/74/5 58/76/5
f 59/78/6 58/79/6 60/80/6
f 61/81/7 60/80/7 62/82/7
f 63/83/8 62/82/8 64/84/8
f 65/86/9 64/87/9 66/88/9
f 67/89/10 66/88/10 68/90/10
f 69/91/11 68/90/11 70/92/11
f 71/94/12 70/95/12 72/96/12
f 49/65/1 72/96/1 50/66/1
f 75/99/2 74/98/2 76/100/2
f 77/102/3 76/103/3 78/104/3
f 79/105/4 78/104/4 80/106/4
f 81/107/5 80/106/5 82/108/5
f 83/110/6 82/111/6 84/112/6
f 85/113/7 84/112/7 86/114/7
f 87/115/8 86/114/8 88/116/8
f 89/118/9 88/119/9 90/120/9
f 91/121/10 90/120/10 92/122/10
f 93/123/11 92/122/11 94/124/11
f 95/126/12 94/127/12 96/128/12
f 73/97/1 96/128/1 74/98/1
f 97/129/13 98/130/13 99/131/13
f 97/129/13 99/131/13 100/132/13
f 100/132/14 99/131/14 101/133/14
f 100/132/14 101/133/14 102/134/14
f 102/134/15 101/133/15 103/135/15
f 102/134/15 103/135/15 104/136/15
f 104/136/16 103/135/16 105/137/16
f 104/136/16 105/137/16 106/138/16
f 106/138/17 105/137/17 107/139/17
f 106/138/17 107/139/17 108/140/17
f 108/141/18 107/142/18 109/143/18
f 108/141/18 109/143/18 110/144/18
f 110/144/19 109/143/19 111/145/19
f 110/144/19 111/145/19 112/146/19
f 112/146/20 111/145/20 113/147/20
f 112/146/20 113/147/20 114/148/20
f 114/148/21 113/147/21 115/149/21
f 114/148/21 115/149/21 116/150/21
f 116/150/22 115/149/22 117/151/22
f 116/150/22 117/151/22 118/152/22
f 118/152/23 117/151/23 119/153/23
f 118/152/23 119/153/23 120/154/23
f 120/154/24 119/153/24 121/155/24
f 120/154/24 121/155/24 122/156/24
f 122/156/25 121/155/25 123/157/25
f 122/156/25 123/157/25 124/158/25
f 124/158/26 123/157/26 125/159/26
f 124/158/26 125/159/26 126/160/26
f 126/160/27 125/159/27 127/161/27
f 126/160/27 127/161/27 128/162/27
f 128/163/28 127/164/28 129/165/28
f 128/163/28 129/165/28 130/166/28
f 130/166/29 129/165/29 131/167/29
f 130/166/29 131/167/29 132/168/29
f 133/169/30 134/170/30 135/171/30
f 133/169/30 135/171/30 136/172/30
f 136/173/31 135/174/31 137/175/31
f 136/173/31 137/175/31 138/176/31
f 138/176/32 137/175/32 139/177/32
f 138/176/32 139/177/32 140/178/32
f 140/178/33 139/177/33 141/179/33
f 140/178/33 141/179/33 142/180/33
f 142/180/34 141/179/34 143/181/34
f 142/180/34 143/181/34 144/182/34
f 144/183/35 143/184/35 145/185/35
f 144/183/35 145/185/35 146/186/35
f 146/186/36 145/185/36 147/187/36
f 146/186/36 147/187/36 148/188/36
f 148/188/37 147/187/37 149/189/37
f 148/188/37 149/189/37 150/190/37
f 150/190/38 149/189/38 151/191/38
f 150/190/38 151/191/38 152/192/38
f 152/192/39 151/191/39 153/193/39
f 152/192/39 153/193/39 154/194/39
f 154/194/40 153/193/40 155/195/40
f 154/194/41 155/195/41 156/196/41
f 157/197/42 133/198/42 136/199/42
f 157/197/42 136/199/42 158/200/42
f 158/200/43 136/199/43 138/201/43
f 158/200/43 138/201/43 159/202/43
f 159/202/44 138/201/44 140/203/44
f 159/202/44 140/203/44 160/204/44
f 160/204/45 140/203/45 142/205/45
f 160/204/46 142/205/46 161/206/46
f 161/206/47 142/205/47 144/207/47
f 161/206/47 144/207/47 162/208/47
f 162/208/48 144/207/48 146/209/48
f 162/208/48 146/209/48 163/210/48
f 163/210/49 146/209/49 148/211/49
f 163/210/50 148/211/50 164/212/50
f 164/213/51 148/188/51 150/190/51
f 164/213/51 150/190/51 165/214/51
f 165/215/52 150/216/52 152/217/52
f 165/215/52 152/217/52 166/218/52
f 166/218/53 152/217/53 154/219/53
f 166/218/53 154/219/53 167/220/53
f 167/220/54 154/219/54 156/221/54
f 167/220/54 156/221/54 168/222/54
f 169/223/55 170/224/55 171/225/55
f 171/225/56 170/224/56 172/226/56
f 171/227/57 172/228/57 173/229/57
f 173/229/57 172/228/57 174/230/57
f 173/231/58 174/232/58 175/233/58
f 175/233/58 174/232/58 176/234/58
f 175/233/59 176/234/59 177/235/59
f 177/235/60 176/234/60 178/236/60
f 177/237/61 178/238/61 179/239/61
f 179/239/62 178/238/62 180/240/62
f 179/241/63 180/242/63 181/243/63
f 181/243/63 180/242/63 182/244/63
f 183/245/64 184/246/64 185/247/64
f 183/245/64 185/247/64 186/248/64
f 186/248/65 185/247/65 187/249/65
f 186/248/66 187/249/66 188/250/66
f 188/250/67 187/249/67 189/251/67
f 188/250/68 189/251/68 190/252/68
f 190/252/69 189/251/69 191/253/69
f 190/252/70 191/253/70 192/254/70
f 192/254/71 191/253/71 193/255/71
f 192/254/72 193/255/72 194/256/72
f 194/256/73 193/255/73 195/257/73
f 194/256/74 195/257/74 196/258/74
f 196/259/75 195/260/75 197/261/75
f 196/259/76 197/261/76 198/262/76
f 198/262/77 197/261/77 199/263/77
f 198/262/78 199/263/78 200/264/78
f 200/264/79 199/263/79 201/265/79
f 200/264/79 201/265/79 202/266/79
f 202/266/80 201/265/80 203/267/80
f 202/266/81 203/267/81 204/268/81
f 204/268/82 203/267/82 205/269/82
f 204/268/83 205/269/83 206/270/83
f 206/270/84 205/269/84 207/271/84
f 206/270/85 207/271/85 208/272/85
f 208/272/86 207/271/86 209/273/86
f 208/272/87 209/273/87 210/274/87
f 210/275/88 209/276/88 211/277/88
f 210/275/89 211/277/89 212/278/89
f 212/278/90 211/277/90 213/279/90
f 212/278/91 213/279/91 214/280/91
f 214/280/92 213/279/92 215/281/92
f 214/280/93 215/281/93 216/282/93
f 216/282/94 215/281/94 217/283/94
f 216/282/94 217/283/94 218/284/94
f 184/285/95 219/286/95 220/287/95
f 184/285/95 220/287/95 185/288/95
f 220/287/95 221/289/95 185/288/95
f 185/288/96 221/289/96 222/290/96
f 185/288/97 222/290/97 187/291/97
f 222/290/97 223/292/97 187/291/97
f 187/291/98 223/292/98 224/293/98
f 187/291/98 224/293/98 189/294/98
f 224/293/98 225/295/98 189/294/98
f 189/294/99 225/295/99 226/296/99
f 189/294/99 226/296/99 191/297/99
f 226/296/99 227/298/99 191/297/99
f 191/297/100 227/298/100 228/299/100
f 191/297/100 228/299/100 193/300/100
f 228/299/100 229/301/100 193/300/100
f 193/300/101 229/301/101 230/302/101
f 193/300/101 230/302/101 195/303/101
f 230/302/102 231/304/102 195/303/102
f 195/303/103 231/304/103 232/305/103
f 195/303/103 232/305/103 197/306/103
f 232/305/103 233/307/103 197/306/103
f 197/306/104 233/307/104 234/308/104
f 197/306/104 234/308/104 199/309/104
f 235/310/105 201/311/105 236/312/105
f 236/312/105 201/311/105 199/309/105
f 236/312/105 199/309/105 237/313/105
f 237/313/104 199/309/104 234/308/104
f 235/310/105 238/314/105 201/311/105
f 201/265/106 238/315/106 239/316/106
f 201/265/106 239/316/106 203/267/106
f 239/316/106 240/317/106 203/267/106
f 203/318/107 240/319/107 241/320/107
f 203/318/107 241/320/107 205/321/107
f 205/321/107 241/320/107 242/322/107
f 205/321/108 242/322/108 207/323/108
f 242/322/108 243/324/108 207/323/108
f 207/323/109 243/324/109 244/325/109
f 207/323/110 244/325/110 209/326/110
f 244/325/110 245/327/110 209/326/110
f 209/326/110 245/327/110 246/328/110
f 209/326/111 246/328/111 211/329/111
f 246/328/111 247/330/111 211/329/111
f 211/329/111 247/330/111 248/331/111
f 211/329/112 248/331/112 213/332/112
f 248/331/112 249/333/112 213/332/112
f 213/332/112 249/333/112 250/334/112
f 213/332/113 250/334/113 215/335/113
f 250/334/113 251/336/113 215/335/113
f 215/335/114 251/336/114 252/337/114
f 215/335/115 252/337/115 217/338/115
f 217/338/115 252/337/115 253/339/115
f 217/338/115 253/339/115 254/340/115
f 255/341/116 256/342/116 247/343/116
f 257/344/117 258/345/117 254/346/117
f 258/345/118 257/344/118 259/347/118
f 259/347/119 257/344/119 260/348/119
f 259/347/120 260/348/120 261/349/120
f 261/349/121 260/348/121 262/350/121
f 261/349/122 262/350/122 263/351/122
f 264/352/123 265/353/123 253/354/123
f 253/354/124 265/353/124 266/355/124
f 253/354/125 266/355/125 267/356/125
f 267/356/126 268/357/126 253/354/126
f 253/354/127 268/357/127 269/358/127
f 253/354/128 269/358/128 254/346/128
f 254/346/129 269/358/129 257/344/129
f 270/359/130 271/360/130 251/361/130
f 251/361/131 271/360/131 272/362/131
f 251/361/132 272/362/132 252/363/132
f 252/363/133 272/362/133 273/364/133
f 252/363/134 273/364/134 253/354/134
f 253/354/135 273/364/135 274/365/135
f 253/354/136 274/365/136 264/352/136
f 249/366/137 275/367/137 250/368/137
f 250/368/138 275/367/138 276/369/138
f 250/368/139 276/369/139 251/361/139
f 251/361/140 276/369/140 277/370/140
f 251/361/130 277/370/130 270/359/130
f 278/371/141 279/372/141 249/366/141
f 247/343/142 256/342/142 248/373/142
f 248/373/143 256/342/143 280/374/143
f 248/373/144 280/374/144 249/366/144
f 249/366/145 280/374/145 281/375/145
f 249/366/146 281/375/146 278/371/146
f 279/372/147 282/376/147 249/366/147
f 249/366/147 282/376/147 283/377/147
f 249/366/148 283/377/148 275/367/148
f 284/378/149 285/379/149 245/380/149
f 245/380/149 285/379/149 286/381/149
f 245/380/150 286/381/150 246/382/150
f 246/382/151 286/381/151 287/383/151
f 246/384/152 287/385/152 247/343/152
f 247/343/153 287/385/153 288/386/153
f 247/343/153 288/386/153 255/341/153
f 289/387/154 290/388/154 243/389/154
f 241/390/155 291/391/155 242/392/155
f 242/392/156 291/391/156 292/393/156
f 242/392/157 292/393/157 243/389/157
f 243/389/158 292/393/158 293/394/158
f 243/389/154 293/394/154 289/387/154
f 290/388/159 294/395/159 243/389/159
f 243/389/159 294/395/159 295/396/159
f 243/389/160 295/396/160 244/397/160
f 244/397/161 295/396/161 296/398/161
f 244/397/162 296/398/162 245/380/162
f 245/380/163 296/398/163 297/399/163
f 245/380/164 297/399/164 284/378/164
f 240/317/165 298/400/165 241/390/165
f 241/390/166 298/400/166 299/401/166
f 241/390/167 299/401/167 300/402/167
f 300/402/168 301/403/168 241/390/168
f 241/390/168 301/403/168 302/404/168
f 241/390/169 302/404/169 291/391/169
f 303/405/170 304/406/170 239/316/170
f 239/316/170 304/406/170 305/407/170
f 239/316/171 305/407/171 240/317/171
f 240/317/172 305/407/172 306/408/172
f 240/317/173 306/408/173 298/400/173
f 307/409/174 308/410/174 236/411/174
f 236/411/175 308/410/175 309/412/175
f 236/411/176 309/412/176 235/413/176
f 235/413/177 309/412/177 310/414/177
f 310/414/178 311/415/178 235/413/178
f 235/413/178 311/415/178 312/416/178
f 235/413/179 312/416/179 238/315/179
f 238/315/180 312/416/180 313/417/180
f 238/315/181 313/417/181 239/316/181
f 239/316/182 313/417/182 314/418/182
f 239/316/182 314/418/182 303/405/182
f 315/419/183 316/420/183 234/421/183
f 234/421/184 316/420/184 237/422/184
f 316/420/185 317/423/185 237/422/185
f 237/422/185 317/423/185 318/424/185
f 237/422/186 318/424/186 236/411/186
f 236/411/174 318/424/174 319/425/174
f 236/411/174 319/425/174 307/409/174
f 320/426/187 321/427/187 232/428/187
f 232/428/188 321/427/188 322/429/188
f 232/428/189 322/429/189 233/430/189
f 322/429/190 323/431/190 233/430/190
f 233/430/190 323/431/190 324/432/190
f 233/430/191 324/432/191 234/421/191
f 234/421/183 324/432/183 325/433/183
f 234/421/183 325/433/183 315/419/183
f 230/434/192 326/435/192 327/436/192
f 327/436/192 328/437/192 230/434/192
f 230/434/193 328/437/193 329/438/193
f 230/434/194 329/438/194 231/439/194
f 231/439/195 329/438/195 330/440/195
f 231/441/196 330/442/196 232/443/196
f 232/444/197 330/440/197 331/445/197
f 232/428/187 331/446/187 320/426/187
f 332/447/198 333/448/198 228/449/198
f 228/449/199 333/448/199 334/450/199
f 228/449/200 334/450/200 229/451/200
f 229/451/201 334/450/201 335/452/201
f 229/451/202 335/452/202 230/434/202
f 230/434/203 335/452/203 336/453/203
f 230/434/203 336/453/203 326/435/203
f 337/454/204 338/455/204 226/456/204
f 226/456/204 338/455/204 339/457/204
f 226/456/205 339/457/205 227/458/205
f 227/458/206 339/457/206 340/459/206
f 227/458/207 340/459/207 228/449/207
f 228/449/208 340/459/208 341/460/208
f 228/449/208 341/460/208 332/447/208
f 224/461/209 342/462/209 343/463/209
f 343/463/210 344/464/210 224/461/210
f 224/461/210 344/464/210 345/465/210
f 224/461/211 345/465/211 225/466/211
f 225/466/212 345/465/212 346/467/212
f 225/466/213 346/467/213 226/456/213
f 226/456/214 346/467/214 347/468/214
f 226/456/214 347/468/214 337/454/214
f 348/469/215 349/470/215 222/471/215
f 222/471/215 349/470/215 350/472/215
f 222/471/216 350/472/216 351/473/216
f 342/462/209 224/461/209 351/473/209
f 351/473/217 224/461/217 223/474/217
f 351/473/218 223/474/218 222/471/218
f 352/475/219 353/476/219 220/477/219
f 353/476/220 354/478/220 220/477/220
f 220/477/221 354/478/221 355/479/221
f 220/477/222 355/479/222 356/480/222
f 356/480/222 357/481/222 220/477/222
f 220/477/223 357/481/223 358/482/223
f 220/477/224 358/482/224 221/483/224
f 221/483/225 358/482/225 359/484/225
f 221/483/226 359/484/226 222/471/226
f 222/471/227 359/484/227 360/485/227
f 222/471/227 360/485/227 348/469/227
f 352/475/228 220/477/228 361/486/228
f 361/486/229 220/477/229 219/487/229
f 361/486/230 219/487/230 362/488/230
f 363/489/231 364/490/231 365/491/231
f 365/491/232 364/490/232 366/492/232
f 365/491/233 366/492/233 367/493/233
f 367/493/234 366/492/234 368/494/234
f 367/493/235 368/494/235 362/488/235
f 362/488/236 368/494/236 369/495/236
f 362/488/237 369/495/237 361/486/237
f 370/496/238 371/497/238 372/498/238
f 373/499/239 374/500/239 375/501/239
f 376/502/240 362/488/240 377/503/240
f 362/488/241 376/502/241 378/504/241
f 378/504/242 376/502/242 379/505/242
f 378/504/233 379/505/233 380/506/233
f 380/506/243 379/505/243 381/507/243
f 380/506/231 381/507/231 382/508/231
f 383/509/244 384/510/244 385/511/244
f 385/511/244 384/510/244 386/512/244
f 385/511/245 386/512/245 387/513/245
f 387/513/246 388/514/246 385/511/246
f 385/511/247 388/514/247 389/515/247
f 385/511/248 389/515/248 377/503/248
f 377/503/249 389/515/249 376/502/249
f 390/516/250 391/517/250 392/518/250
f 392/518/251 391/517/251 393/519/251
f 392/518/252 393/519/252 394/520/252
f 394/520/253 393/519/253 395/521/253
f 394/520/254 395/521/254 385/511/254
f 385/511/255 395/521/255 396/522/255
f 385/511/256 396/522/256 383/509/256
f 397/523/257 398/524/257 399/525/257
f 399/525/258 398/524/258 400/526/258
f 399/525/259 400/526/259 392/518/259
f 392/518/260 400/526/260 401/527/260
f 392/518/250 401/527/250 390/516/250
f 402/528/261 403/529/261 397/523/261
f 375/501/262 374/500/262 404/530/262
f 404/530/263 374/500/263 405/531/263
f 404/530/264 405/531/264 397/523/264
f 397/523/265 405/531/265 406/532/265
f 397/523/266 406/532/266 402/528/266
f 403/529/267 407/533/267 397/523/267
f 397/523/267 407/533/267 408/534/267
f 397/523/268 408/534/268 398/524/268
f 409/535/269 410/536/269 411/537/269
f 411/537/269 410/536/269 412/538/269
f 411/537/270 412/538/270 413/539/270
f 413/539/271 412/538/271 414/540/271
f 413/539/272 414/540/272 375/501/272
f 375/501/273 414/540/273 415/541/273
f 375/501/273 415/541/273 373/499/273
f 416/542/274 417/543/274 418/544/274
f 418/544/274 417/543/274 419/545/274
f 416/542/275 420/546/275 417/543/275
f 417/543/275 420/546/275 421/547/275
f 417/543/276 421/547/276 422/548/276
f 422/548/277 421/547/277 423/549/277
f 422/548/278 423/549/278 411/537/278
f 411/537/279 423/549/279 424/550/279
f 411/537/279 424/550/279 409/535/279
f 419/545/280 417/543/280 425/551/280
f 425/551/281 417/543/281 426/552/281
f 425/551/282 426/552/282 427/553/282
f 427/553/283 426/552/283 428/554/283
f 427/555/284 428/556/284 429/557/284
f 430/558/285 431/559/285 428/556/285
f 428/556/285 431/559/285 432/560/285
f 428/556/285 432/560/285 429/557/285
f 433/561/286 434/562/286 435/563/286
f 433/561/287 436/564/287 434/562/287
f 434/562/288 436/564/288 437/565/288
f 434/562/289 437/565/289 438/566/289
f 438/566/290 437/565/290 439/567/290
f 438/566/291 439/567/291 440/568/291
f 440/568/292 439/567/292 441/569/292
f 440/570/293 441/571/293 428/572/293
f 428/556/294 441/569/294 442/573/294
f 428/556/294 442/573/294 430/558/294
f 443/574/295 444/575/295 445/576/295
f 446/577/296 443/574/296 447/578/296
f 447/578/297 443/574/297 445/576/297
f 447/578/298 445/576/298 435/563/298
f 435/563/299 445/576/299 448/579/299
f 435/563/300 448/579/300 433/561/300
f 444/575/301 449/580/301 445/576/301
f 445/576/301 449/580/301 450/581/301
f 445/576/302 450/581/302 451/582/302
f 451/582/303 450/581/303 452/583/303
f 451/582/304 452/583/304 453/584/304
f 453/584/305 452/583/305 454/585/305
f 454/585/306 452/583/306 455/586/306
f 454/585/305 455/586/305 456/587/305
f 456/587/307 455/586/307 457/588/307
f 456/587/308 457/588/308 458/589/308
f 458/589/309 457/588/309 459/590/309
f 458/589/310 459/590/310 371/497/310
f 459/590/311 460/591/311 371/497/311
f 371/497/311 460/591/311 461/592/311
f 371/497/312 461/592/312 372/498/312
f 461/592/313 462/593/313 372/498/313
f 372/498/314 462/593/314 463/594/314
f 372/498/315 463/594/315 464/595/315
f 464/595/316 463/594/316 465/596/316
f 370/496/317 372/498/317 466/597/317
f 466/597/318 372/498/318 467/598/318
f 466/597/319 467/598/319 468/599/319
f 468/599/320 467/598/320 469/600/320
f 468/599/321 469/600/321 470/601/321
f 471/602/322 472/603/322 473/604/322
f 473/604/322 472/603/322 474/605/322
f 471/602/323 475/606/323 472/603/323
f 472/603/323 475/606/323 476/607/323
f 472/603/324 476/607/324 477/608/324
f 477/608/325 476/607/325 478/609/325
f 477/608/326 478/609/326 469/600/326
f 469/600/321 478/609/321 479/610/321
f 469/600/321 479/610/321 470/601/321
f 480/611/327 481/612/327 482/613/327
f 482/613/328 481/612/328 483/614/328
f 482/613/329 483/614/329 484/615/329
f 484/615/330 483/614/330 485/616/330
f 484/615/331 485/616/331 472/603/331
f 472/603/332 485/616/332 486/617/332
f 472/603/332 486/617/332 474/605/332
f 487/618/333 488/619/333 489/620/333
f 489/620/334 488/619/334 490/621/334
f 489/620/335 490/621/335 491/622/335
f 491/622/336 490/621/336 492/623/336
f 491/622/337 492/623/337 482/613/337
f 482/613/338 492/623/338 493/624/338
f 482/613/338 493/624/338 480/611/338
f 494/625/339 495/626/339 496/627/339
f 496/627/340 495/626/340 497/628/340
f 497/629/341 495/630/341 498/631/341
f 497/629/342 498/631/342 489/620/342
f 489/620/343 498/631/343 499/632/343
f 489/620/343 499/632/343 487/618/343
f 500/633/344 501/634/344 502/635/344
f 502/635/345 501/634/345 503/636/345
f 502/635/345 503/636/345 504/637/345
f 505/638/346 506/639/346 496/627/346
f 496/627/346 506/639/346 507/640/346
f 496/627/339 507/640/339 494/625/339
f 505/638/347 496/627/347 504/637/347
f 504/637/348 496/627/348 508/641/348
f 504/637/349 508/641/349 502/635/349
f 509/642/350 510/643/350 511/644/350
f 511/644/350 510/643/350 512/645/350
f 511/644/351 512/645/351 513/646/351
f 500/633/344 502/635/344 513/646/344
f 513/646/352 502/635/352 514/647/352
f 513/646/353 514/647/353 511/644/353
f 515/648/354 516/649/354 517/650/354
f 516/649/355 518/651/355 517/650/355
f 517/650/356 518/651/356 519/652/356
f 517/650/357 519/652/357 520/653/357
f 520/653/357 521/654/357 517/650/357
f 517/650/358 521/654/358 522/655/358
f 517/650/359 522/655/359 523/656/359
f 523/656/360 522/655/360 524/657/360
f 523/656/361 524/657/361 511/644/361
f 511/644/362 524/657/362 525/658/362
f 511/644/362 525/658/362 509/642/362
f 515/648/363 517/650/363 526/659/363
f 526/659/364 517/650/364 527/660/364
f 526/659/365 527/660/365 258/345/365
f 528/661/122 529/662/122 530/663/122
f 530/663/366 529/662/366 531/664/366
f 530/663/120 531/664/120 532/665/120
f 532/665/367 531/664/367 533/666/367
f 532/665/368 533/666/368 258/345/368
f 258/345/369 533/666/369 534/667/369
f 258/345/368 534/667/368 526/659/368
f 535/668/370 536/669/370 537/670/370
f 538/671/371 539/672/371 535/673/371
f 540/674/372 541/675/372 538/676/372
f 538/671/373 535/673/373 542/677/373
f 542/678/374 535/668/374 537/670/374
f 542/678/375 537/670/375 543/679/375
f 543/679/376 544/680/376 542/678/376
f 542/678/377 544/680/377 545/681/377
f 542/678/378 545/681/378 546/682/378
f 547/683/379 377/684/379 548/685/379
f 548/685/379 377/684/379 549/686/379
f 548/685/379 549/686/379 550/687/379
f 550/687/379 549/686/379 551/688/379
f 550/687/380 551/688/380 552/689/380
f 552/689/381 551/688/381 553/690/381
f 552/689/380 553/690/380 554/691/380
f 554/691/380 553/690/380 555/692/380
f 554/691/382 555/692/382 556/693/382
f 556/693/383 555/692/383 557/694/383
f 556/693/382 557/694/382 558/695/382
f 558/695/382 557/694/382 559/696/382
f 558/695/384 559/696/384 560/697/384
f 560/697/384 559/696/384 561/698/384
f 560/697/384 561/698/384 562/699/384
f 562/699/384 561/698/384 563/700/384
f 562/699/385 563/700/385 564/701/385
f 564/701/386 563/700/386 565/702/386
f 564/701/385 565/702/385 566/703/385
f 566/703/385 565/702/385 567/704/385
f 566/703/387 567/704/387 568/705/387
f 568/705/388 567/704/388 569/706/388
f 568/705/387 569/706/387 570/707/387
f 570/707/388 569/706/388 571/708/388
f 570/709/389 571/710/389 572/711/389
f 572/711/390 571/710/390 573/712/390
f 572/711/390 573/712/390 574/713/390
f 574/713/389 573/712/389 575/714/389
f 574/713/391 575/714/391 576/715/391
f 576/715/391 575/714/391 577/716/391
f 576/715/391 577/716/391 578/717/391
f 578/717/392 577/716/392 579/718/392
f 578/717/393 579/718/393 580/719/393
f 540/720/394 538/721/394 581/722/394
f 581/723/395 538/676/395 542/724/395
f 581/723/396 542/724/396 580/719/396
f 580/719/397 542/724/397 582/725/397
f 580/719/393 582/725/393 578/717/393
f 547/726/230 583/727/230 584/728/230
f 585/729/398 586/730/398 587/731/398
f 588/732/399 589/733/399 590/734/399
f 590/734/400 589/733/400 591/735/400
f 590/734/401 591/735/401 592/736/401
f 592/736/402 593/737/402 590/734/402
f 590/734/403 593/737/403 594/738/403
f 590/734/404 594/738/404 595/739/404
f 588/732/405 590/734/405 587/731/405
f 587/731/406 590/734/406 596/740/406
f 587/731/407 596/740/407 597/741/407
f 597/741/408 598/742/408 587/731/408
f 587/731/409 598/742/409 599/743/409
f 587/731/410 599/743/410 585/729/410
f 600/744/411 601/745/411 602/746/411
f 600/747/412 602/748/412 603/749/412
f 604/750/413 605/751/413 602/752/413
f 602/748/414 605/753/414 606/754/414
f 602/748/415 606/754/415 603/749/415
f 603/755/416 606/756/416 607/757/416
f 603/755/416 607/757/416 599/743/416
f 599/743/416 607/757/416 608/758/416
f 599/743/417 608/758/417 585/729/417
f 604/750/413 602/752/413 609/759/413
f 609/760/418 602/748/418 610/761/418
f 609/762/419 610/763/419 611/764/419
f 611/764/419 610/763/419 612/765/419
f 612/766/420 610/761/420 613/767/420
f 612/768/421 613/769/421 614/770/421
f 614/770/421 613/769/421 615/771/421
f 615/772/422 613/767/422 616/773/422
f 615/774/423 616/775/423 617/776/423
f 617/776/423 616/775/423 618/777/423
f 618/778/424 616/773/424 619/779/424
f 618/780/425 619/781/425 620/782/425
f 620/782/425 619/781/425 621/783/425
f 621/784/426 619/779/426 622/785/426
f 621/786/427 622/787/427 623/788/427
f 623/788/427 622/787/427 624/789/427
f 624/790/428 622/785/428 625/791/428
f 624/792/429 625/793/429 626/794/429
f 626/794/429 625/793/429 627/795/429
f 627/796/430 625/791/430 628/797/430
f 627/798/431 628/799/431 629/800/431
f 629/800/432 628/799/432 630/801/432
f 630/802/433 628/797/433 631/803/433
f 630/804/434 631/805/434 632/806/434
f 632/806/435 631/805/435 633/807/435
f 632/808/436 633/809/436 634/810/436
f 547/811/437 584/812/437 635/813/437
f 635/813/438 584/812/438 636/814/438
f 635/815/439 636/816/439 637/817/439
f 638/818/440 639/819/440 636/820/440
f 636/821/441 639/822/441 640/823/441
f 636/821/442 640/823/442 637/824/442
f 641/825/443 642/826/443 638/818/443
f 638/827/444 642/828/444 643/829/444
f 638/827/444 643/829/444 639/830/444
f 644/831/445 645/832/445 641/825/445
f 641/833/446 645/834/446 646/835/446
f 641/833/447 646/835/447 642/836/447
f 647/837/448 648/838/448 644/831/448
f 644/839/449 648/840/449 649/841/449
f 644/839/449 649/841/449 645/842/449
f 650/843/450 651/844/450 647/837/450
f 647/845/451 651/846/451 652/847/451
f 647/845/451 652/847/451 648/848/451
f 653/849/452 654/850/452 650/843/452
f 650/851/453 654/852/453 655/853/453
f 650/851/453 655/853/453 651/854/453
f 600/744/454 656/855/454 601/745/454
f 601/856/455 656/857/455 657/858/455
f 601/856/456 657/858/456 653/849/456
f 653/859/457 657/860/457 658/861/457
f 653/859/458 658/861/458 654/862/458
f 659/863/459 660/864/459 661/865/459
f 662/866/460 663/867/460 664/868/460
f 665/869/461 666/870/461 667/871/461
f 666/870/461 668/872/461 667/871/461
f 667/871/462 668/872/462 669/873/462
f 667/871/463 669/873/463 670/874/463
f 663/867/464 671/875/464 664/868/464
f 664/868/465 671/875/465 672/876/465
f 664/868/466 672/876/466 667/871/466
f 667/871/467 672/876/467 673/877/467
f 667/871/461 673/877/461 665/869/461
f 674/878/468 675/879/468 676/880/468
f 676/880/469 675/879/469 677/881/469
f 677/881/469 678/882/469 676/880/469
f 676/880/470 678/882/470 679/883/470
f 676/880/471 679/883/471 664/868/471
f 664/868/472 679/883/472 680/884/472
f 664/868/472 680/884/472 662/866/472
f 681/885/473 682/886/473 683/887/473
f 683/887/474 684/888/474 681/885/474
f 681/885/475 684/888/475 685/889/475
f 681/885/476 685/889/476 676/880/476
f 676/880/468 685/889/468 686/890/468
f 676/880/468 686/890/468 674/878/468
f 687/891/477 688/892/477 689/893/477
f 689/893/478 688/892/478 690/894/478
f 690/894/479 691/895/479 689/893/479
f 689/893/479 691/895/479 692/896/479
f 689/893/480 692/896/480 681/897/480
f 681/885/473 692/898/473 693/899/473
f 681/885/473 693/899/473 682/886/473
f 694/900/481 695/901/481 696/902/481
f 696/902/482 695/901/482 697/903/482
f 697/903/482 698/904/482 696/902/482
f 696/902/482 698/904/482 699/905/482
f 696/902/483 699/905/483 689/893/483
f 689/893/477 699/905/477 700/906/477
f 689/893/477 700/906/477 687/891/477
f 701/907/484 702/908/484 703/909/484
f 703/909/485 704/910/485 701/907/485
f 701/907/485 704/910/485 705/911/485
f 701/907/486 705/911/486 696/902/486
f 696/902/481 705/911/481 706/912/481
f 696/902/481 706/912/481 694/900/481
f 707/913/487 708/914/487 709/915/487
f 709/915/488 708/914/488 710/916/488
f 702/908/489 701/907/489 711/917/489
f 711/917/490 701/907/490 708/914/490
f 711/917/491 708/914/491 712/918/491
f 707/913/492 713/919/492 708/914/492
f 708/914/493 713/919/493 714/920/493
f 708/914/494 714/920/494 712/918/494
f 712/918/495 714/920/495 715/921/495
f 712/918/496 715/921/496 711/917/496
f 716/922/497 363/489/497 365/491/497
f 367/493/498 362/488/498 378/504/498
f 378/504/233 380/506/233 367/493/233
f 367/493/499 380/506/499 382/508/499
f 367/493/233 382/508/233 365/491/233
f 365/491/500 382/508/500 717/923/500
f 365/491/501 717/923/501 716/922/501
f 718/924/502 719/925/502 720/926/502
f 720/926/503 719/925/503 721/927/503
f 720/926/504 721/927/504 722/928/504
f 722/928/505 721/927/505 723/929/505
f 722/928/506 723/929/506 717/923/506
f 717/923/507 723/929/507 724/930/507
f 717/923/508 724/930/508 716/922/508
f 725/931/509 726/932/509 727/933/509
f 727/933/510 726/932/510 728/934/510
f 727/933/511 728/934/511 718/924/511
f 718/924/512 728/934/512 729/935/512
f 718/924/513 729/935/513 719/925/513
f 725/931/509 727/933/509 730/936/509
f 730/936/514 727/933/514 731/937/514
f 730/936/515 731/937/515 732/938/515
f 710/916/488 708/914/488 733/939/488
f 733/939/501 708/914/501 734/940/501
f 733/939/516 734/940/516 735/941/516
f 736/942/517 737/943/517 734/940/517
f 734/940/518 737/943/518 738/944/518
f 734/940/519 738/944/519 739/945/519
f 732/938/520 735/941/520 730/936/520
f 730/936/521 735/941/521 734/940/521
f 730/936/522 734/940/522 740/946/522
f 740/946/523 734/940/523 739/945/523
f 741/947/524 742/948/524 743/949/524
f 743/949/525 742/948/525 744/950/525
f 743/949/525 744/950/525 745/951/525
f 745/951/526 746/952/526 743/949/526
f 743/949/527 746/952/527 747/953/527
f 743/949/528 747/953/528 734/940/528
f 734/940/529 747/953/529 748/954/529
f 734/940/530 748/954/530 736/942/530
f 749/955/531 750/956/531 741/947/531
f 749/955/531 741/947/531 751/957/531
f 750/956/532 752/958/532 741/947/532
f 741/947/533 752/958/533 753/959/533
f 741/947/532 753/959/532 742/948/532
f 754/960/534 755/961/534 756/962/534
f 756/962/535 755/961/535 757/963/535
f 757/963/536 758/964/536 756/962/536
f 756/962/536 758/964/536 759/965/536
f 756/962/537 759/965/537 760/966/537
f 760/967/538 761/968/538 756/969/538
f 756/969/538 761/968/538 762/970/538
f 756/969/539 762/970/539 741/947/539
f 741/947/540 762/970/540 763/971/540
f 741/947/541 763/971/541 751/957/541
f 764/972/542 754/960/542 765/973/542
f 765/973/543 754/960/543 766/974/543
f 764/972/544 767/975/544 754/960/544
f 754/960/545 767/975/545 768/976/545
f 754/960/546 768/976/546 755/961/546
f 769/977/547 770/978/547 771/979/547
f 771/979/548 770/978/548 772/980/548
f 773/981/549 774/982/549 766/974/549
f 766/974/550 774/982/550 775/983/550
f 766/974/551 775/983/551 765/973/551
f 772/980/552 776/984/552 771/979/552
f 771/979/553 776/984/553 777/985/553
f 771/979/554 777/985/554 766/974/554
f 766/974/555 777/985/555 778/986/555
f 766/974/549 778/986/549 773/981/549
f 779/987/556 780/988/556 781/989/556
f 781/989/556 780/988/556 782/990/556
f 781/989/557 782/990/557 771/979/557
f 771/979/558 782/990/558 783/991/558
f 771/979/558 783/991/558 769/977/558
f 784/992/559 785/993/559 781/989/559
f 781/989/559 785/993/559 786/994/559
f 781/989/556 786/994/556 779/987/556
f 784/992/560 781/989/560 787/995/560
f 787/995/561 781/989/561 788/996/561
f 787/995/562 788/996/562 789/997/562
f 789/997/563 788/996/563 790/998/563
f 789/997/564 790/998/564 791/999/564
f 791/999/565 790/998/565 792/1000/565
f 791/999/566 792/1000/566 793/1001/566
f 794/1002/567 795/1003/567 796/1004/567
f 794/1002/568 796/1004/568 797/1005/568
f 796/1004/569 798/1006/569 797/1005/569
f 797/1005/570 798/1006/570 799/1007/570
f 797/1005/571 799/1007/571 792/1000/571
f 792/1000/572 799/1007/572 800/1008/572
f 792/1000/572 800/1008/572 793/1001/572
f 801/1009/573 802/1010/573 803/1011/573
f 803/1011/573 804/1012/573 801/1009/573
f 801/1009/574 804/1012/574 805/1013/574
f 801/1009/575 805/1013/575 806/1014/575
f 805/1013/576 807/1015/576 806/1014/576
f 806/1014/576 807/1015/576 808/1016/576
f 806/1014/577 808/1016/577 794/1002/577
f 794/1002/578 808/1016/578 809/1017/578
f 794/1002/578 809/1017/578 795/1003/578
f 810/1018/579 811/1019/579 812/1020/579
f 812/1020/580 811/1019/580 813/1021/580
f 812/1020/581 813/1021/581 814/1022/581
f 814/1022/582 813/1021/582 815/1023/582
f 814/1022/583 815/1023/583 801/1009/583
f 801/1009/584 815/1023/584 816/1024/584
f 801/1009/584 816/1024/584 802/1010/584
f 817/1025/585 818/1026/585 819/1027/585
f 819/1027/585 820/1028/585 817/1025/585
f 817/1025/585 820/1028/585 821/1029/585
f 817/1025/586 821/1029/586 822/1030/586
f 822/1031/587 821/1032/587 823/1033/587
f 822/1031/588 823/1033/588 812/1020/588
f 812/1020/589 823/1033/589 824/1034/589
f 812/1020/589 824/1034/589 810/1018/589
f 825/1035/590 826/1036/590 827/1037/590
f 827/1037/591 826/1036/591 828/1038/591
f 828/1038/592 829/1039/592 827/1037/592
f 827/1037/592 829/1039/592 830/1040/592
f 827/1037/593 830/1040/593 831/1041/593
f 831/1041/594 830/1040/594 832/1042/594
f 831/1041/595 832/1042/595 817/1025/595
f 817/1025/596 832/1042/596 833/1043/596
f 817/1025/597 833/1043/597 818/1026/597
f 834/1044/598 835/1045/598 836/1046/598
f 836/1046/599 835/1045/599 837/1047/599
f 837/1047/600 835/1045/600 838/1048/600
f 837/1047/601 838/1048/601 827/1037/601
f 827/1037/590 838/1048/590 839/1049/590
f 827/1037/590 839/1049/590 825/1035/590
f 840/1050/602 841/1051/602 842/1052/602
f 843/1053/603 844/1054/603 845/1055/603
f 845/1055/604 844/1054/604 846/1056/604
f 845/1055/605 846/1056/605 836/1046/605
f 836/1046/606 846/1056/606 847/1057/606
f 836/1046/606 847/1057/606 834/1044/606
f 842/1052/607 848/1058/607 840/1050/607
f 840/1050/608 848/1058/608 849/1059/608
f 840/1050/609 849/1059/609 843/1053/609
f 843/1053/610 849/1059/610 850/1060/610
f 843/1053/611 850/1060/611 844/1054/611
f 844/1054/612 850/1060/612 851/1061/612
f 844/1054/613 851/1061/613 846/1056/613
f 852/1062/614 853/1063/614 840/1050/614
f 840/1050/615 853/1063/615 854/1064/615
f 840/1050/616 854/1064/616 841/1051/616
f 841/1051/617 854/1064/617 855/1065/617
f 856/1066/618 857/1067/618 858/1068/618
f 859/1069/619 528/661/619 530/663/619
f 532/665/620 258/345/620 259/347/620
f 259/347/120 261/349/120 532/665/120
f 532/665/621 261/349/621 263/351/621
f 532/665/120 263/351/120 530/663/120
f 530/663/622 263/351/622 860/1070/622
f 530/663/623 860/1070/623 859/1069/623
f 856/1066/624 858/1068/624 861/1071/624
f 861/1071/625 858/1068/625 862/1072/625
f 861/1071/626 862/1072/626 863/1073/626
f 863/1073/627 862/1072/627 864/1074/627
f 863/1073/628 864/1074/628 860/1070/628
f 860/1070/629 864/1074/629 865/1075/629
f 860/1070/630 865/1075/630 859/1069/630
f 857/1067/631 856/1066/631 866/1076/631
f 866/1076/632 856/1066/632 867/1077/632
f 866/1076/633 867/1077/633 868/1078/633
f 868/1078/634 867/1077/634 869/1079/634
f 869/1079/635 867/1077/635 870/1080/635
f 869/1079/636 870/1080/636 871/1081/636
f 855/1065/617 872/1082/617 841/1051/617
f 841/1051/637 872/1082/637 873/1083/637
f 841/1051/638 873/1083/638 874/1084/638
f 874/1084/639 873/1083/639 875/1085/639
f 874/1084/640 875/1085/640 876/1086/640
f 876/1086/640 875/1085/640 871/1081/640
f 871/1081/641 875/1085/641 869/1079/641
f 869/1079/642 875/1085/642 877/1087/642
f 869/1079/643 877/1087/643 878/1088/643
f 878/1088/644 877/1087/644 879/1089/644
f 878/1088/645 879/1089/645 880/1090/645
f 881/1091/646 882/1092/646 883/1093/646
f 883/1093/647 882/1092/647 884/1094/647
f 883/1093/648 884/1094/648 885/1095/648
f 883/1093/649 886/1096/649 887/1097/649
f 887/1097/650 888/1098/650 883/1093/650
f 883/1093/651 888/1098/651 889/1099/651
f 883/1093/652 889/1099/652 890/1100/652
f 880/1090/653 881/1091/653 878/1088/653
f 878/1088/654 881/1091/654 883/1093/654
f 878/1088/655 883/1093/655 891/1101/655
f 891/1101/656 883/1093/656 890/1100/656
f 883/1093/657 892/1102/657 886/1096/657
f 886/1096/658 892/1102/658 893/1103/658
f 886/1096/659 893/1103/659 894/1104/659
f 894/1104/660 893/1103/660 895/1105/660
f 894/1104/661 895/1105/661 896/1106/661
f 896/1106/662 895/1105/662 897/1107/662
f 898/1108/663 899/1109/663 900/1110/663
f 899/1109/664 901/1111/664 900/1110/664
f 900/1110/664 901/1111/664 902/1112/664
f 900/1110/665 902/1112/665 903/1113/665
f 903/1113/666 902/1112/666 904/1114/666
f 903/1113/667 904/1114/667 895/1105/667
f 895/1105/668 904/1114/668 905/1115/668
f 895/1105/668 905/1115/668 897/1107/668
f 906/1116/669 907/1117/669 908/1118/669
f 661/865/670 660/864/670 909/1119/670
f 909/1119/671 660/864/671 910/1120/671
f 909/1121/672 910/1122/672 908/1118/672
f 908/1118/673 910/1122/673 911/1123/673
f 908/1118/673 911/1123/673 906/1116/673
f 907/1117/674 912/1124/674 908/1118/674
f 908/1118/674 912/1124/674 913/1125/674
f 908/1118/675 913/1125/675 914/1126/675
f 914/1126/676 913/1125/676 915/1127/676
f 914/1126/677 915/1127/677 900/1110/677
f 900/1110/663 915/1127/663 916/1128/663
f 900/1110/663 916/1128/663 898/1108/663
f 917/1129/678 918/1130/678 919/1131/678
f 919/1131/679 918/1130/679 920/1132/679
f 919/1131/680 920/1132/680 661/865/680
f 661/865/681 920/1132/681 921/1133/681
f 661/865/459 921/1133/459 659/863/459
f 922/1134/682 923/1135/682 924/1136/682
f 924/1136/683 923/1135/683 925/1137/683
f 926/1138/684 927/1139/684 917/1129/684
f 917/1129/685 927/1139/685 928/1140/685
f 917/1129/686 928/1140/686 918/1130/686
f 923/1135/687 929/1141/687 925/1137/687
f 925/1137/687 929/1141/687 930/1142/687
f 925/1137/688 930/1142/688 917/1129/688
f 917/1129/689 930/1142/689 931/1143/689
f 917/1129/684 931/1143/684 926/1138/684
f 932/1144/690 933/1145/690 934/1146/690
f 932/1144/691 934/1146/691 935/1147/691
f 934/1146/692 936/1148/692 935/1147/692
f 935/1147/693 936/1148/693 937/1149/693
f 935/1147/694 937/1149/694 924/1136/694
f 924/1136/695 937/1149/695 938/1150/695
f 924/1136/682 938/1150/682 922/1134/682
f 669/873/696 939/1151/696 670/874/696
f 670/874/697 939/1151/697 940/1152/697
f 670/874/698 940/1152/698 941/1153/698
f 940/1152/699 942/1154/699 941/1153/699
f 941/1153/700 942/1154/700 943/1155/700
f 941/1153/701 943/1155/701 932/1144/701
f 932/1144/702 943/1155/702 944/1156/702
f 932/1144/690 944/1156/690 933/1145/690
f 945/1157/703 946/1158/703 947/1159/703
f 818/1026/704 833/1043/704 948/1160/704
f 860/1070/705 949/1161/705 950/1162/705
f 951/1163/706 952/1164/706 953/1165/706
f 954/1166/707 955/1167/707 956/1168/707
f 274/365/708 273/364/708 957/1169/708
f 958/1170/709 959/1171/709 960/1172/709
f 961/1173/710 962/1174/710 963/1175/710
f 964/1176/711 965/1177/711 966/1178/711
f 966/1178/712 965/1177/712 967/1179/712
f 966/1178/713 967/1179/713 963/1175/713
f 963/1175/714 967/1179/714 968/1180/714
f 963/1175/710 968/1180/710 961/1173/710
f 969/1181/715 970/1182/715 971/1183/715
f 971/1183/716 970/1182/716 972/1184/716
f 973/1185/717 974/1186/717 975/1187/717
f 975/1187/718 974/1186/718 976/1188/718
f 975/1187/719 976/1188/719 971/1183/719
f 971/1183/720 976/1188/720 977/1189/720
f 971/1183/715 977/1189/715 969/1181/715
f 978/1190/721 979/1191/721 975/1187/721
f 975/1187/722 979/1191/722 980/1192/722
f 975/1187/717 980/1192/717 973/1185/717
f 981/1193/723 982/1194/723 983/1195/723
f 983/1195/724 982/1194/724 984/1196/724
f 983/1195/725 984/1196/725 978/1190/725
f 978/1190/726 984/1196/726 985/1197/726
f 978/1190/727 985/1197/727 979/1191/727
f 959/1171/728 986/1198/728 960/1172/728
f 960/1172/729 986/1198/729 983/1195/729
f 983/1195/730 986/1198/730 987/1199/730
f 983/1195/730 987/1199/730 981/1193/730
f 988/1200/731 989/1201/731 990/1202/731
f 988/1200/732 990/1202/732 960/1172/732
f 960/1172/733 990/1202/733 991/1203/733
f 960/1172/728 991/1203/728 958/1170/728
f 992/1204/734 993/1205/734 994/1206/734
f 994/1206/734 993/1205/734 995/1207/734
f 996/1208/735 997/1209/735 998/1210/735
f 996/1208/736 998/1210/736 994/1206/736
f 994/1206/737 998/1210/737 999/1211/737
f 994/1206/737 999/1211/737 992/1204/737
f 1000/1212/738 1001/1213/738 996/1208/738
f 996/1208/735 1001/1213/735 1002/1214/735
f 996/1208/735 1002/1214/735 997/1209/735
f 1003/1215/739 282/376/739 279/372/739
f 279/372/740 278/371/740 1003/1215/740
f 1003/1215/741 278/371/741 281/375/741
f 1003/1215/742 281/375/742 1004/1216/742
f 1004/1216/743 281/375/743 1005/1217/743
f 1004/1216/743 1005/1217/743 1006/1218/743
f 282/376/744 1003/1215/744 283/377/744
f 283/377/745 1003/1215/745 1007/1219/745
f 283/377/746 1007/1219/746 275/367/746
f 1008/1220/747 277/370/747 1007/1219/747
f 1007/1219/746 277/370/746 276/369/746
f 1007/1219/746 276/369/746 275/367/746
f 273/364/748 272/362/748 957/1169/748
f 957/1169/748 272/362/748 271/360/748
f 957/1169/749 271/360/749 1008/1220/749
f 1008/1220/750 271/360/750 270/359/750
f 1008/1220/750 270/359/750 277/370/750
f 274/365/751 957/1169/751 264/352/751
f 264/352/752 957/1169/752 1009/1221/752
f 264/352/753 1009/1221/753 265/353/753
f 257/344/754 269/358/754 1009/1221/754
f 1009/1221/755 269/358/755 1010/1222/755
f 269/358/756 268/357/756 1010/1222/756
f 1010/1222/757 268/357/757 267/356/757
f 1010/1222/758 267/356/758 1009/1221/758
f 1009/1221/759 267/356/759 266/355/759
f 1009/1221/753 266/355/753 265/353/753
f 262/350/760 260/348/760 1011/1223/760
f 1012/1224/761 1013/1225/761 1011/1223/761
f 1011/1223/762 1013/1225/762 1014/1226/762
f 1011/1223/762 1014/1226/762 262/350/762
f 860/1070/763 950/1162/763 863/1073/763
f 870/1080/764 867/1077/764 1015/1227/764
f 1015/1227/765 867/1077/765 856/1066/765
f 1015/1227/766 856/1066/766 861/1071/766
f 850/1060/767 849/1059/767 1016/1228/767
f 1016/1228/768 849/1059/768 848/1058/768
f 1016/1228/769 848/1058/769 842/1052/769
f 842/1052/770 841/1051/770 1016/1228/770
f 1016/1228/771 841/1051/771 874/1084/771
f 1016/1228/772 874/1084/772 1017/1229/772
f 1017/1229/773 874/1084/773 876/1086/773
f 1017/1229/773 876/1086/773 871/1081/773
f 1018/1230/774 835/1045/774 834/1044/774
f 1018/1230/775 834/1044/775 1019/1231/775
f 834/1044/776 847/1057/776 1019/1231/776
f 1019/1231/776 847/1057/776 846/1056/776
f 1019/1231/777 846/1056/777 1016/1228/777
f 1016/1228/778 846/1056/778 851/1061/778
f 1016/1228/767 851/1061/767 850/1060/767
f 835/1045/779 1018/1230/779 838/1048/779
f 838/1048/780 1018/1230/780 1020/1232/780
f 838/1048/781 1020/1232/781 839/1049/781
f 829/1039/782 828/1038/782 1021/1233/782
f 1021/1233/783 828/1038/783 826/1036/783
f 1021/1234/784 826/1235/784 1020/1236/784
f 1020/1232/781 826/1036/781 825/1035/781
f 1020/1232/781 825/1035/781 839/1049/781
f 833/1043/785 832/1042/785 948/1160/785
f 948/1160/704 832/1042/704 830/1040/704
f 948/1160/786 830/1040/786 1022/1237/786
f 824/1238/787 823/1239/787 1023/1240/787
f 1023/1240/788 823/1239/788 821/1241/788
f 1023/1242/789 821/1243/789 1024/1244/789
f 1024/1245/790 821/1246/790 820/1247/790
f 1024/1245/791 820/1247/791 819/1248/791
f 824/1238/787 1023/1240/787 810/1249/787
f 810/1018/792 1023/1250/792 1025/1251/792
f 810/1018/793 1025/1251/793 811/1019/793
f 816/1024/794 815/1023/794 1026/1252/794
f 1026/1252/795 815/1023/795 1025/1251/795
f 1025/1251/796 815/1023/796 813/1021/796
f 1025/1251/797 813/1021/797 811/1019/797
f 1027/1253/798 803/1011/798 802/1010/798
f 803/1011/798 1027/1253/798 804/1012/798
f 804/1012/799 1027/1253/799 1028/1254/799
f 804/1012/800 1028/1254/800 805/1013/800
f 1029/1255/801 796/1004/801 795/1003/801
f 807/1015/802 1030/1256/802 808/1016/802
f 808/1016/803 1030/1256/803 1029/1255/803
f 808/1016/804 1029/1255/804 809/1017/804
f 809/1017/804 1029/1255/804 795/1003/804
f 796/1004/805 1029/1255/805 798/1006/805
f 798/1006/806 1029/1255/806 1031/1257/806
f 798/1006/807 1031/1257/807 799/1007/807
f 789/997/808 791/999/808 1032/1258/808
f 1032/1258/808 791/999/808 793/1001/808
f 1032/1258/809 793/1001/809 1031/1257/809
f 1031/1257/807 793/1001/807 800/1008/807
f 1031/1257/807 800/1008/807 799/1007/807
f 802/1010/810 816/1024/810 1027/1253/810
f 1027/1253/811 816/1024/811 1026/1252/811
f 1027/1253/812 1026/1252/812 1028/1254/812
f 1028/1254/813 1026/1252/813 1033/1259/813
f 1028/1254/814 1033/1259/814 1034/1260/814
f 787/995/815 789/997/815 1035/1261/815
f 1035/1261/816 789/997/816 1032/1258/816
f 1035/1261/817 1032/1258/817 1036/1262/817
f 1036/1262/818 1032/1258/818 1037/1263/818
f 966/1178/819 945/1264/819 1038/1265/819
f 1038/1266/820 945/1267/820 947/1268/820
f 1038/1266/821 947/1268/821 1039/1269/821
f 1039/1269/822 947/1268/822 1034/1260/822
f 1039/1269/823 1034/1260/823 1040/1270/823
f 1040/1270/824 1034/1260/824 1033/1259/824
f 1040/1270/825 1033/1259/825 1041/1271/825
f 1041/1271/826 1033/1259/826 1026/1252/826
f 1041/1271/827 1026/1252/827 1042/1272/827
f 1042/1272/828 1026/1252/828 1025/1251/828
f 1042/1272/829 1025/1251/829 1043/1273/829
f 1043/1273/830 1025/1251/830 1023/1250/830
f 1043/1274/831 1023/1275/831 1044/1276/831
f 1044/1276/832 1023/1275/832 1024/1277/832
f 1044/1276/833 1024/1277/833 948/1160/833
f 948/1160/834 1024/1277/834 819/1027/834
f 948/1160/835 819/1027/835 818/1026/835
f 1006/1278/836 1001/1279/836 1004/1280/836
f 1004/1216/837 1001/1213/837 1000/1212/837
f 1004/1216/838 1000/1212/838 1003/1215/838
f 1003/1215/839 1000/1212/839 1045/1281/839
f 1003/1215/840 1045/1281/840 1007/1219/840
f 1007/1219/841 1045/1281/841 1046/1282/841
f 1007/1219/842 1046/1282/842 1008/1220/842
f 1008/1220/843 1046/1282/843 1047/1283/843
f 1008/1220/844 1047/1283/844 957/1169/844
f 957/1169/845 1047/1283/845 1048/1284/845
f 957/1169/846 1048/1284/846 1009/1221/846
f 1009/1221/847 1048/1284/847 1011/1223/847
f 1009/1221/848 1011/1223/848 257/344/848
f 257/344/760 1011/1223/760 260/348/760
f 952/1164/706 954/1166/706 953/1165/706
f 953/1165/849 954/1166/849 956/1168/849
f 953/1165/850 956/1168/850 1049/1285/850
f 1049/1285/851 956/1168/851 1050/1286/851
f 1049/1285/852 1050/1286/852 1051/1287/852
f 1051/1287/853 1050/1286/853 1052/1288/853
f 1051/1287/854 1052/1288/854 1053/1289/854
f 1053/1289/855 1052/1288/855 1054/1290/855
f 1053/1289/856 1054/1290/856 1055/1291/856
f 1055/1291/857 1054/1290/857 1056/1292/857
f 1055/1291/858 1056/1292/858 1057/1293/858
f 1057/1293/859 1056/1292/859 1058/1294/859
f 1057/1293/860 1058/1294/860 1059/1295/860
f 1059/1295/861 1058/1294/861 1060/1296/861
f 1059/1295/862 1060/1296/862 1061/1297/862
f 1061/1297/863 1060/1296/863 1062/1298/863
f 1061/1297/864 1062/1298/864 988/1299/864
f 861/1071/865 863/1073/865 1015/1227/865
f 1015/1227/866 863/1073/866 950/1162/866
f 1015/1227/867 950/1162/867 1063/1300/867
f 1063/1300/868 950/1162/868 1064/1301/868
f 1063/1300/869 1064/1301/869 1065/1302/869
f 1065/1302/870 1064/1301/870 1066/1303/870
f 1065/1302/871 1066/1303/871 1067/1304/871
f 1067/1304/872 1066/1303/872 1068/1305/872
f 1067/1304/873 1068/1305/873 1069/1306/873
f 1069/1306/874 1068/1305/874 1070/1307/874
f 1069/1306/875 1070/1307/875 1022/1237/875
f 1022/1237/876 1070/1307/876 1071/1308/876
f 1022/1237/877 1071/1308/877 948/1160/877
f 948/1160/878 1071/1308/878 1072/1309/878
f 948/1160/879 1072/1309/879 1044/1276/879
f 1044/1276/880 1072/1309/880 1073/1310/880
f 1044/1276/881 1073/1310/881 1043/1274/881
f 949/1161/705 951/1163/705 950/1162/705
f 950/1162/882 951/1163/882 953/1165/882
f 950/1162/883 953/1165/883 1064/1301/883
f 1064/1301/884 953/1165/884 1049/1285/884
f 1064/1301/885 1049/1285/885 1066/1303/885
f 1066/1303/886 1049/1285/886 1051/1287/886
f 1066/1303/887 1051/1287/887 1068/1305/887
f 1068/1305/888 1051/1287/888 1053/1289/888
f 1068/1305/889 1053/1289/889 1070/1307/889
f 1070/1307/890 1053/1289/890 1055/1291/890
f 1070/1307/891 1055/1291/891 1071/1308/891
f 1071/1308/892 1055/1291/892 1057/1293/892
f 1071/1308/893 1057/1293/893 1072/1309/893
f 1072/1309/894 1057/1293/894 1059/1295/894
f 1072/1309/895 1059/1295/895 1073/1310/895
f 1073/1310/896 1059/1295/896 1061/1297/896
f 1073/1310/897 1061/1297/897 1043/1274/897
f 1043/1274/898 1061/1297/898 988/1299/898
f 1043/1274/899 988/1299/899 1042/1311/899
f 1042/1311/900 988/1299/900 960/1312/900
f 1042/1313/901 960/1172/901 1041/1314/901
f 1041/1314/902 960/1172/902 983/1195/902
f 1041/1314/903 983/1195/903 1040/1315/903
f 1040/1315/904 983/1195/904 978/1190/904
f 1040/1315/905 978/1190/905 1039/1316/905
f 1039/1316/906 978/1190/906 975/1187/906
f 1039/1316/907 975/1187/907 1038/1265/907
f 1038/1265/908 975/1187/908 971/1183/908
f 1038/1265/909 971/1183/909 966/1178/909
f 966/1178/910 971/1183/910 972/1184/910
f 966/1178/911 972/1184/911 964/1176/911
f 830/1040/912 829/1039/912 1022/1237/912
f 1022/1237/913 829/1039/913 1021/1233/913
f 1022/1237/914 1021/1233/914 1069/1306/914
f 1069/1306/915 1021/1233/915 1020/1232/915
f 1069/1306/916 1020/1232/916 1067/1304/916
f 1067/1304/917 1020/1232/917 1018/1230/917
f 1067/1304/918 1018/1230/918 1065/1302/918
f 1065/1302/919 1018/1230/919 1019/1231/919
f 1065/1302/920 1019/1231/920 1063/1300/920
f 1063/1300/921 1019/1231/921 1016/1228/921
f 1063/1300/922 1016/1228/922 1015/1227/922
f 1015/1227/922 1016/1228/922 1017/1229/922
f 1015/1227/923 1017/1229/923 870/1080/923
f 870/1080/924 1017/1229/924 871/1081/924
f 955/1167/707 1012/1224/707 956/1168/707
f 956/1168/925 1012/1224/925 1011/1223/925
f 956/1168/926 1011/1223/926 1050/1286/926
f 1050/1286/927 1011/1223/927 1048/1284/927
f 1050/1286/928 1048/1284/928 1052/1288/928
f 1052/1288/929 1048/1284/929 1047/1283/929
f 1052/1288/930 1047/1283/930 1054/1290/930
f 1054/1290/931 1047/1283/931 1046/1282/931
f 1054/1290/932 1046/1282/932 1056/1292/932
f 1056/1292/933 1046/1282/933 1045/1281/933
f 1056/1292/934 1045/1281/934 1058/1294/934
f 1058/1294/935 1045/1281/935 1000/1212/935
f 1058/1294/936 1000/1212/936 1060/1296/936
f 1060/1296/937 1000/1212/937 996/1208/937
f 1060/1296/938 996/1208/938 1062/1298/938
f 1062/1298/939 996/1208/939 994/1206/939
f 1062/1298/940 994/1206/940 988/1299/940
f 988/1299/941 994/1206/941 995/1207/941
f 988/1200/942 995/1317/942 989/1201/942
f 963/1175/943 1074/1318/943 966/1178/943
f 966/1178/943 1074/1318/943 1075/1319/943
f 966/1178/944 1075/1319/944 945/1264/944
f 945/1267/945 1075/1320/945 1037/1263/945
f 945/1267/946 1037/1263/946 946/1321/946
f 946/1321/947 1037/1263/947 1032/1258/947
f 946/1321/948 1032/1258/948 947/1268/948
f 947/1268/949 1032/1258/949 1031/1257/949
f 947/1268/950 1031/1257/950 1034/1260/950
f 1034/1260/951 1031/1257/951 1029/1255/951
f 1034/1260/952 1029/1255/952 1028/1254/952
f 1028/1254/953 1029/1255/953 1030/1256/953
f 1028/1254/954 1030/1256/954 805/1013/954
f 805/1013/955 1030/1256/955 807/1015/955
f 1076/1322/956 1077/1323/956 1078/1324/956
f 688/892/957 687/891/957 1079/1325/957
f 717/923/958 1080/1326/958 1081/1327/958
f 1082/1328/959 1083/1329/959 1084/1330/959
f 1085/1331/960 1086/1332/960 1087/1333/960
f 396/522/961 395/521/961 1088/1334/961
f 1089/1335/962 1090/1336/962 1091/1337/962
f 1092/1338/963 1093/1339/963 1094/1340/963
f 1094/1340/964 1093/1339/964 1095/1341/964
f 1096/1342/965 1097/1343/965 1098/1344/965
f 1098/1344/965 1097/1343/965 1099/1345/965
f 1098/1344/965 1099/1345/965 1100/1346/965
f 1101/1347/966 1102/1348/966 1103/1349/966
f 1103/1349/967 1102/1348/967 1104/1350/967
f 1105/1351/968 1106/1352/968 1107/1353/968
f 1107/1353/969 1106/1352/969 1108/1354/969
f 1107/1355/970 1108/1356/970 1103/1349/970
f 1103/1349/971 1108/1356/971 1109/1357/971
f 1103/1349/966 1109/1357/966 1101/1347/966
f 1110/1358/972 1111/1359/972 1107/1360/972
f 1107/1355/973 1111/1361/973 1112/1362/973
f 1107/1353/968 1112/1363/968 1105/1351/968
f 1113/1364/974 1114/1365/974 1115/1366/974
f 1115/1366/975 1114/1365/975 1116/1367/975
f 1115/1366/976 1116/1367/976 1110/1358/976
f 1110/1358/977 1116/1367/977 1117/1368/977
f 1110/1358/978 1117/1368/978 1111/1359/978
f 1090/1336/962 1118/1369/962 1091/1337/962
f 1091/1337/979 1118/1369/979 1115/1366/979
f 1115/1366/974 1118/1369/974 1119/1370/974
f 1115/1366/974 1119/1370/974 1113/1364/974
f 1120/1371/980 1121/1372/980 1122/1373/980
f 1120/1371/981 1122/1373/981 1091/1337/981
f 1091/1337/982 1122/1373/982 1123/1374/982
f 1091/1337/983 1123/1374/983 1089/1335/983
f 1124/1375/984 1125/1376/984 1126/1377/984
f 1126/1377/984 1125/1376/984 1127/1378/984
f 1128/1379/985 1129/1380/985 1130/1381/985
f 1128/1379/986 1130/1381/986 1126/1377/986
f 1126/1377/987 1130/1381/987 1131/1382/987
f 1126/1377/988 1131/1382/988 1124/1375/988
f 1132/1383/989 1133/1384/989 1128/1379/989
f 1128/1379/985 1133/1384/985 1134/1385/985
f 1128/1379/985 1134/1385/985 1129/1380/985
f 1135/1386/990 407/533/990 403/529/990
f 403/529/991 402/528/991 1135/1386/991
f 1135/1386/992 402/528/992 406/532/992
f 1135/1386/993 406/532/993 1136/1387/993
f 1136/1387/994 406/532/994 1137/1388/994
f 1136/1387/994 1137/1388/994 1138/1389/994
f 407/533/990 1135/1386/990 408/534/990
f 408/534/995 1135/1386/995 1139/1390/995
f 408/534/996 1139/1390/996 398/524/996
f 1140/1391/997 401/527/997 1139/1390/997
f 1139/1390/996 401/527/996 400/526/996
f 1139/1390/996 400/526/996 398/524/996
f 395/521/961 393/519/961 1088/1334/961
f 1088/1334/961 393/519/961 391/517/961
f 1088/1334/998 391/517/998 1140/1391/998
f 1140/1391/999 391/517/999 390/516/999
f 1140/1391/999 390/516/999 401/527/999
f 396/522/1000 1088/1334/1000 383/509/1000
f 383/509/1001 1088/1334/1001 1141/1392/1001
f 383/509/1002 1141/1392/1002 384/510/1002
f 376/502/1003 389/515/1003 1141/1392/1003
f 1141/1392/1004 389/515/1004 1142/1393/1004
f 389/515/1005 388/514/1005 1142/1393/1005
f 1142/1393/1006 388/514/1006 387/513/1006
f 1142/1393/1007 387/513/1007 1141/1392/1007
f 1141/1392/1008 387/513/1008 386/512/1008
f 1141/1392/1002 386/512/1002 384/510/1002
f 381/507/1009 379/505/1009 1143/1394/1009
f 1144/1395/1010 1145/1396/1010 1143/1394/1010
f 1143/1394/1011 1145/1396/1011 1146/1397/1011
f 1143/1394/1011 1146/1397/1011 381/507/1011
f 717/923/1012 1081/1327/1012 722/928/1012
f 731/937/1013 727/933/1013 1147/1398/1013
f 1147/1398/1014 727/933/1014 718/924/1014
f 1147/1398/1015 718/924/1015 720/926/1015
f 714/920/1016 713/919/1016 1148/1399/1016
f 1148/1399/1017 713/919/1017 707/913/1017
f 1148/1399/1018 707/913/1018 709/915/1018
f 709/915/1019 710/916/1019 1148/1399/1019
f 1148/1399/1020 710/916/1020 733/939/1020
f 1148/1399/1021 733/939/1021 1149/1400/1021
f 1149/1400/1022 733/939/1022 735/941/1022
f 1149/1400/1022 735/941/1022 732/938/1022
f 1150/1401/1023 704/910/1023 703/909/1023
f 1150/1401/1024 703/909/1024 1151/1402/1024
f 703/909/1025 702/908/1025 1151/1402/1025
f 1151/1402/1025 702/908/1025 711/917/1025
f 1151/1402/1026 711/917/1026 1148/1399/1026
f 1148/1399/1027 711/917/1027 715/921/1027
f 1148/1399/1016 715/921/1016 714/920/1016
f 704/910/1028 1150/1401/1028 705/911/1028
f 705/911/1029 1150/1401/1029 1152/1403/1029
f 705/911/1030 1152/1403/1030 706/912/1030
f 698/904/1031 697/903/1031 1153/1404/1031
f 1153/1404/1031 697/903/1031 695/901/1031
f 1153/1405/1032 695/1406/1032 1152/1407/1032
f 1152/1403/1030 695/901/1030 694/900/1030
f 1152/1403/1030 694/900/1030 706/912/1030
f 687/891/1033 700/906/1033 1079/1325/1033
f 1079/1325/957 700/906/957 699/905/957
f 1079/1325/1034 699/905/1034 1154/1408/1034
f 682/1409/1035 693/1410/1035 1155/1411/1035
f 1155/1411/1035 693/1410/1035 692/1412/1035
f 1155/1413/1036 692/1414/1036 1156/1415/1036
f 1156/1416/1037 692/896/1037 691/895/1037
f 1156/1416/1038 691/895/1038 690/894/1038
f 682/1409/1035 1155/1411/1035 683/1417/1035
f 683/887/1039 1155/1418/1039 1157/1419/1039
f 683/887/1040 1157/1419/1040 684/888/1040
f 674/878/1041 686/890/1041 1158/1420/1041
f 1158/1420/1042 686/890/1042 1157/1419/1042
f 1157/1419/1043 686/890/1043 685/889/1043
f 1157/1419/1044 685/889/1044 684/888/1044
f 1159/1421/1045 677/881/1045 675/879/1045
f 677/881/1045 1159/1421/1045 678/882/1045
f 678/882/1046 1159/1421/1046 1160/1422/1046
f 678/882/1047 1160/1422/1047 679/883/1047
f 1161/1423/1048 672/876/1048 671/875/1048
f 680/884/1049 1162/1424/1049 662/866/1049
f 662/866/1050 1162/1424/1050 1161/1423/1050
f 662/866/1051 1161/1423/1051 663/867/1051
f 663/867/1051 1161/1423/1051 671/875/1051
f 672/876/1048 1161/1423/1048 673/877/1048
f 673/877/1052 1161/1423/1052 1163/1425/1052
f 673/877/1053 1163/1425/1053 665/869/1053
f 939/1151/1054 669/873/1054 1164/1426/1054
f 1164/1426/1054 669/873/1054 668/872/1054
f 1164/1426/1055 668/872/1055 1163/1425/1055
f 1163/1425/1053 668/872/1053 666/870/1053
f 1163/1425/1053 666/870/1053 665/869/1053
f 675/879/1056 674/878/1056 1159/1421/1056
f 1159/1421/1057 674/878/1057 1158/1420/1057
f 1159/1421/1058 1158/1420/1058 1160/1422/1058
f 1160/1422/1059 1158/1420/1059 1165/1427/1059
f 1160/1422/1060 1165/1427/1060 1166/1428/1060
f 940/1152/1061 939/1151/1061 1167/1429/1061
f 1167/1429/1062 939/1151/1062 1164/1426/1062
f 1167/1429/1063 1164/1426/1063 1168/1430/1063
f 1168/1430/1064 1164/1426/1064 1169/1431/1064
f 1093/1339/1065 1076/1432/1065 1170/1433/1065
f 1170/1434/1066 1076/1322/1066 1078/1324/1066
f 1170/1434/1067 1078/1324/1067 1171/1435/1067
f 1171/1435/1068 1078/1324/1068 1166/1428/1068
f 1171/1435/1069 1166/1428/1069 1172/1436/1069
f 1172/1436/1070 1166/1428/1070 1165/1427/1070
f 1172/1436/1071 1165/1427/1071 1173/1437/1071
f 1173/1437/1072 1165/1427/1072 1158/1420/1072
f 1173/1437/1073 1158/1420/1073 1174/1438/1073
f 1174/1438/1074 1158/1420/1074 1157/1419/1074
f 1174/1439/1075 1157/1440/1075 1175/1441/1075
f 1175/1441/1076 1157/1440/1076 1155/1442/1076
f 1175/1441/1077 1155/1442/1077 1176/1443/1077
f 1176/1443/1078 1155/1442/1078 1156/1416/1078
f 1176/1443/1079 1156/1416/1079 1079/1325/1079
f 1079/1325/1080 1156/1416/1080 690/894/1080
f 1079/1325/1081 690/894/1081 688/892/1081
f 1138/1389/1082 1133/1384/1082 1136/1387/1082
f 1136/1387/1083 1133/1384/1083 1132/1383/1083
f 1136/1387/1084 1132/1383/1084 1135/1386/1084
f 1135/1386/1085 1132/1383/1085 1177/1444/1085
f 1135/1386/1086 1177/1444/1086 1139/1390/1086
f 1139/1390/1087 1177/1444/1087 1178/1445/1087
f 1139/1390/1088 1178/1445/1088 1140/1391/1088
f 1140/1391/1089 1178/1445/1089 1179/1446/1089
f 1140/1391/1090 1179/1446/1090 1088/1334/1090
f 1088/1334/1091 1179/1446/1091 1180/1447/1091
f 1088/1334/1092 1180/1447/1092 1141/1392/1092
f 1141/1392/1093 1180/1447/1093 1143/1394/1093
f 1141/1392/1094 1143/1394/1094 376/502/1094
f 376/502/1009 1143/1394/1009 379/505/1009
f 1083/1329/959 1085/1331/959 1084/1330/959
f 1084/1330/1095 1085/1331/1095 1087/1333/1095
f 1084/1330/1096 1087/1333/1096 1181/1448/1096
f 1181/1448/1097 1087/1333/1097 1182/1449/1097
f 1181/1448/1098 1182/1449/1098 1183/1450/1098
f 1183/1450/1099 1182/1449/1099 1184/1451/1099
f 1183/1450/1100 1184/1451/1100 1185/1452/1100
f 1185/1452/1101 1184/1451/1101 1186/1453/1101
f 1185/1452/1102 1186/1453/1102 1187/1454/1102
f 1187/1454/1103 1186/1453/1103 1188/1455/1103
f 1187/1454/1104 1188/1455/1104 1189/1456/1104
f 1189/1456/1105 1188/1455/1105 1190/1457/1105
f 1189/1456/1106 1190/1457/1106 1191/1458/1106
f 1191/1458/1107 1190/1457/1107 1192/1459/1107
f 1191/1458/1108 1192/1459/1108 1193/1460/1108
f 1193/1460/1109 1192/1459/1109 1194/1461/1109
f 1193/1460/1110 1194/1461/1110 1120/1371/1110
f 720/926/1111 722/928/1111 1147/1398/1111
f 1147/1398/1112 722/928/1112 1081/1327/1112
f 1147/1398/1113 1081/1327/1113 1195/1462/1113
f 1195/1462/1114 1081/1327/1114 1196/1463/1114
f 1195/1462/1115 1196/1463/1115 1197/1464/1115
f 1197/1464/1116 1196/1463/1116 1198/1465/1116
f 1197/1464/1117 1198/1465/1117 1199/1466/1117
f 1199/1466/1118 1198/1465/1118 1200/1467/1118
f 1199/1466/1119 1200/1467/1119 1201/1468/1119
f 1201/1468/1120 1200/1467/1120 1202/1469/1120
f 1201/1468/1121 1202/1469/1121 1154/1408/1121
f 1154/1408/1122 1202/1469/1122 1203/1470/1122
f 1154/1408/1123 1203/1470/1123 1079/1325/1123
f 1079/1325/1124 1203/1470/1124 1204/1471/1124
f 1079/1325/1125 1204/1471/1125 1176/1443/1125
f 1176/1443/1126 1204/1471/1126 1205/1472/1126
f 1176/1443/1127 1205/1472/1127 1175/1441/1127
f 1080/1326/958 1082/1328/958 1081/1327/958
f 1081/1327/1128 1082/1328/1128 1084/1330/1128
f 1081/1327/1129 1084/1330/1129 1196/1463/1129
f 1196/1463/1130 1084/1330/1130 1181/1448/1130
f 1196/1463/1131 1181/1448/1131 1198/1465/1131
f 1198/1465/1132 1181/1448/1132 1183/1450/1132
f 1198/1465/1133 1183/1450/1133 1200/1467/1133
f 1200/1467/1134 1183/1450/1134 1185/1452/1134
f 1200/1467/1135 1185/1452/1135 1202/1469/1135
f 1202/1469/1136 1185/1452/1136 1187/1454/1136
f 1202/1469/1137 1187/1454/1137 1203/1470/1137
f 1203/1470/1138 1187/1454/1138 1189/1456/1138
f 1203/1470/1139 1189/1456/1139 1204/1471/1139
f 1204/1471/1140 1189/1456/1140 1191/1458/1140
f 1204/1471/1141 1191/1458/1141 1205/1472/1141
f 1205/1472/1142 1191/1458/1142 1193/1460/1142
f 1205/1472/1143 1193/1460/1143 1175/1441/1143
f 1175/1441/1144 1193/1460/1144 1120/1371/1144
f 1175/1441/1145 1120/1371/1145 1174/1439/1145
f 1174/1439/1146 1120/1371/1146 1091/1337/1146
f 1174/1439/1147 1091/1337/1147 1173/1473/1147
f 1173/1473/1148 1091/1337/1148 1115/1366/1148
f 1173/1473/1149 1115/1366/1149 1172/1474/1149
f 1172/1474/1150 1115/1366/1150 1110/1358/1150
f 1172/1474/1151 1110/1358/1151 1171/1475/1151
f 1171/1475/1152 1110/1358/1152 1107/1360/1152
f 1171/1435/1153 1107/1476/1153 1170/1434/1153
f 1170/1433/1154 1107/1355/1154 1103/1349/1154
f 1170/1433/1155 1103/1349/1155 1093/1339/1155
f 1093/1339/1156 1103/1349/1156 1104/1350/1156
f 1093/1339/964 1104/1350/964 1095/1341/964
f 699/905/1157 698/904/1157 1154/1408/1157
f 1154/1408/1158 698/904/1158 1153/1404/1158
f 1154/1408/1159 1153/1404/1159 1201/1468/1159
f 1201/1468/1160 1153/1404/1160 1152/1403/1160
f 1201/1468/1161 1152/1403/1161 1199/1466/1161
f 1199/1466/1162 1152/1403/1162 1150/1401/1162
f 1199/1466/1163 1150/1401/1163 1197/1464/1163
f 1197/1464/1164 1150/1401/1164 1151/1402/1164
f 1197/1464/1165 1151/1402/1165 1195/1462/1165
f 1195/1462/1166 1151/1402/1166 1148/1399/1166
f 1195/1462/1167 1148/1399/1167 1147/1398/1167
f 1147/1398/1167 1148/1399/1167 1149/1400/1167
f 1147/1398/1168 1149/1400/1168 731/937/1168
f 731/937/1169 1149/1400/1169 732/938/1169
f 1086/1332/960 1144/1395/960 1087/1333/960
f 1087/1333/1170 1144/1395/1170 1143/1394/1170
f 1087/1333/1171 1143/1394/1171 1182/1449/1171
f 1182/1449/1172 1143/1394/1172 1180/1447/1172
f 1182/1449/1173 1180/1447/1173 1184/1451/1173
f 1184/1451/1174 1180/1447/1174 1179/1446/1174
f 1184/1451/1175 1179/1446/1175 1186/1453/1175
f 1186/1453/1176 1179/1446/1176 1178/1445/1176
f 1186/1453/1177 1178/1445/1177 1188/1455/1177
f 1188/1455/1178 1178/1445/1178 1177/1444/1178
f 1188/1455/1179 1177/1444/1179 1190/1457/1179
f 1190/1457/1180 1177/1444/1180 1132/1383/1180
f 1190/1457/1181 1132/1383/1181 1192/1459/1181
f 1192/1459/1182 1132/1383/1182 1128/1379/1182
f 1192/1459/1183 1128/1379/1183 1194/1461/1183
f 1194/1461/1184 1128/1379/1184 1126/1377/1184
f 1194/1461/1185 1126/1377/1185 1120/1371/1185
f 1120/1371/1186 1126/1377/1186 1127/1378/1186
f 1120/1371/980 1127/1378/980 1121/1372/980
f 680/884/1187 679/883/1187 1162/1424/1187
f 1162/1424/1188 679/883/1188 1160/1422/1188
f 1162/1424/1189 1160/1422/1189 1161/1423/1189
f 1161/1423/1190 1160/1422/1190 1166/1428/1190
f 1161/1423/1191 1166/1428/1191 1163/1425/1191
f 1163/1425/1192 1166/1428/1192 1078/1324/1192
f 1163/1425/1193 1078/1324/1193 1164/1426/1193
f 1164/1426/1194 1078/1324/1194 1077/1323/1194
f 1164/1426/1195 1077/1323/1195 1169/1431/1195
f 1169/1431/1196 1077/1323/1196 1076/1322/1196
f 1169/1431/1197 1076/1322/1197 1206/1477/1197
f 1206/1478/1198 1076/1432/1198 1093/1339/1198
f 1206/1478/1199 1093/1339/1199 1099/1345/1199
f 1099/1345/1200 1093/1339/1200 1092/1338/1200
f 1099/1345/1201 1092/1338/1201 1100/1346/1201
f 1207/1479/1202 788/996/1202 781/989/1202
f 1207/1479/1202 781/989/1202 1208/1480/1202
f 1208/1480/1203 781/989/1203 771/979/1203
f 1208/1480/1203 771/979/1203 1209/1481/1203
f 1209/1481/1204 771/979/1204 766/974/1204
f 1209/1481/1204 766/974/1204 1210/1482/1204
f 1210/1483/1205 766/1484/1205 754/1485/1205
f 1210/1483/1205 754/1485/1205 1211/1486/1205
f 1211/1486/1206 754/1485/1206 756/969/1206
f 1211/1486/1206 756/969/1206 1212/1487/1206
f 1212/1487/1207 756/969/1207 741/947/1207
f 1212/1487/1207 741/947/1207 1213/1488/1207
f 1213/1488/1208 741/947/1208 743/949/1208
f 1213/1488/1208 743/949/1208 1214/1489/1208
f 1214/1489/1209 743/949/1209 734/940/1209
f 1214/1489/1210 734/940/1210 1215/1490/1210
f 1215/1490/1211 734/940/1211 708/914/1211
f 1215/1490/1211 708/914/1211 1216/1491/1211
f 1216/1491/1212 708/914/1212 701/907/1212
f 1216/1491/1213 701/907/1213 1217/1492/1213
f 1217/1492/1214 701/907/1214 696/902/1214
f 1217/1492/1214 696/902/1214 1218/1493/1214
f 1218/1493/1215 696/902/1215 689/893/1215
f 1218/1493/1215 689/893/1215 1219/1494/1215
f 1219/1494/1216 689/893/1216 681/897/1216
f 1219/1494/1216 681/897/1216 1220/1495/1216
f 1220/1495/1217 681/897/1217 676/1496/1217
f 1220/1495/1217 676/1496/1217 1221/1497/1217
f 1221/1498/1218 676/880/1218 664/868/1218
f 1221/1498/1218 664/868/1218 1222/1499/1218
f 1222/1499/1219 664/868/1219 667/871/1219
f 1222/1499/1219 667/871/1219 1223/1500/1219
f 1223/1500/1220 667/871/1220 670/874/1220
f 1223/1500/1220 670/874/1220 1224/1501/1220
f 1224/1501/1221 670/874/1221 941/1153/1221
f 1225/1502/1222 1226/1503/1222 1227/1504/1222
f 1228/1505/1223 1229/1506/1223 1230/1507/1223
f 1230/1507/1224 1229/1506/1224 1231/1508/1224
f 1230/1507/1225 1231/1508/1225 1225/1502/1225
f 1225/1502/1226 1227/1504/1226 1230/1507/1226
f 1230/1507/1227 1227/1504/1227 1232/1509/1227
f 1230/1507/1228 1232/1509/1228 1228/1505/1228
f 1233/1510/1229 1234/1511/1229 1235/1512/1229
f 1235/1512/1230 1234/1511/1230 1228/1505/1230
f 1236/1513/1231 1229/1506/1231 885/1514/1231
f 885/1514/1232 1229/1506/1232 1228/1505/1232
f 885/1514/1233 1228/1505/1233 883/1515/1233
f 883/1515/1234 1228/1505/1234 1234/1511/1234
f 883/1515/1235 1234/1511/1235 892/1516/1235
f 892/1516/1236 1234/1511/1236 1237/1517/1236
f 892/1516/1236 1237/1517/1236 893/1518/1236
f 893/1518/1236 1237/1517/1236 1238/1519/1236
f 893/1518/1237 1238/1519/1237 895/1520/1237
f 895/1520/1237 1238/1519/1237 1239/1521/1237
f 895/1520/1237 1239/1521/1237 903/1522/1237
f 903/1522/1237 1239/1521/1237 1240/1523/1237
f 903/1522/1238 1240/1523/1238 900/1524/1238
f 900/1524/1239 1240/1523/1239 1241/1525/1239
f 900/1524/1239 1241/1525/1239 914/1526/1239
f 914/1526/1239 1241/1525/1239 1242/1527/1239
f 914/1526/1240 1242/1527/1240 908/1528/1240
f 908/1528/1241 1242/1527/1241 1243/1529/1241
f 908/1528/1240 1243/1529/1240 909/1530/1240
f 909/1530/1241 1243/1529/1241 1244/1531/1241
f 909/1530/1242 1244/1531/1242 661/1532/1242
f 661/1532/1242 1244/1531/1242 1245/1533/1242
f 661/1532/1242 1245/1533/1242 919/1534/1242
f 919/1534/1243 1245/1533/1243 1246/1535/1243
f 919/1534/1244 1246/1535/1244 917/1536/1244
f 917/1536/1244 1246/1535/1244 1247/1537/1244
f 917/1536/1244 1247/1537/1244 925/1538/1244
f 925/1538/1244 1247/1537/1244 1248/1539/1244
f 925/1538/1245 1248/1539/1245 924/1540/1245
f 924/1540/1245 1248/1539/1245 1249/1541/1245
f 924/1540/1245 1249/1541/1245 935/1542/1245
f 935/1542/1245 1249/1541/1245 1250/1543/1245
f 935/1542/1246 1250/1543/1246 932/1544/1246
f 932/1544/1246 1250/1543/1246 1251/1545/1246
f 932/1544/1246 1251/1545/1246 941/1546/1246
f 941/1546/1247 1251/1545/1247 1252/1547/1247
f 941/1153/1221 1252/1548/1221 1224/1501/1221
f 1253/1549/1248 1207/1479/1248 1208/1480/1248
f 1253/1549/1249 1208/1480/1249 1254/1550/1249
f 1254/1550/1250 1208/1480/1250 1209/1481/1250
f 1254/1550/1251 1209/1481/1251 1255/1551/1251
f 1255/1551/1252 1209/1481/1252 1210/1482/1252
f 1255/1551/1252 1210/1482/1252 1256/1552/1252
f 1256/1552/1253 1210/1482/1253 1211/1553/1253
f 1256/1552/1254 1211/1553/1254 1257/1554/1254
f 1257/1554/1255 1211/1553/1255 1212/1555/1255
f 1257/1554/1256 1212/1555/1256 1258/1556/1256
f 1258/1557/1257 1212/1487/1257 1213/1488/1257
f 1258/1557/1258 1213/1488/1258 1259/1558/1258
f 1259/1558/1259 1213/1488/1259 1214/1489/1259
f 1259/1558/1260 1214/1489/1260 1260/1559/1260
f 1260/1559/1261 1214/1489/1261 1215/1490/1261
f 1260/1559/1262 1215/1490/1262 1261/1560/1262
f 1261/1560/1263 1215/1490/1263 1216/1491/1263
f 1261/1560/1263 1216/1491/1263 1262/1561/1263
f 1262/1561/1264 1216/1491/1264 1217/1492/1264
f 1262/1561/1265 1217/1492/1265 1263/1562/1265
f 1263/1562/1266 1217/1492/1266 1218/1493/1266
f 1263/1562/1267 1218/1493/1267 1264/1563/1267
f 1264/1563/1268 1218/1493/1268 1219/1494/1268
f 1264/1563/1269 1219/1494/1269 1265/1564/1269
f 1265/1564/1270 1219/1494/1270 1220/1495/1270
f 1265/1564/1271 1220/1495/1271 1266/1565/1271
f 1266/1566/1272 1220/1567/1272 1221/1498/1272
f 1266/1566/1273 1221/1498/1273 1267/1568/1273
f 1267/1568/1274 1221/1498/1274 1222/1499/1274
f 1267/1568/1274 1222/1499/1274 1268/1569/1274
f 1268/1569/1275 1222/1499/1275 1223/1500/1275
f 1268/1569/1276 1223/1500/1276 1269/1570/1276
f 1269/1570/1277 1223/1500/1277 1224/1501/1277
f 1269/1570/1278 1224/1501/1278 1270/1571/1278
f 1270/1571/1279 1224/1501/1279 1252/1548/1279
f 1270/1572/1280 1252/1573/1280 1271/1574/1280
f 1252/1575/1281 1251/1576/1281 1271/1577/1281
f 1271/1577/1282 1251/1576/1282 1250/1578/1282
f 1271/1574/1283 1250/1579/1283 1272/1580/1283
f 1250/1581/1284 1249/1582/1284 1272/1583/1284
f 1272/1583/1284 1249/1582/1284 1248/1584/1284
f 1272/1580/1285 1248/1585/1285 1273/1586/1285
f 1248/1587/1286 1247/1588/1286 1273/1589/1286
f 1273/1589/1286 1247/1588/1286 1246/1590/1286
f 1273/1586/1287 1246/1591/1287 1274/1592/1287
f 1246/1593/1288 1245/1594/1288 1274/1595/1288
f 1274/1595/1288 1245/1594/1288 1244/1596/1288
f 1274/1592/1289 1244/1597/1289 1275/1598/1289
f 1244/1599/1290 1243/1600/1290 1275/1601/1290
f 1275/1601/1290 1243/1600/1290 1242/1602/1290
f 1275/1598/1291 1242/1603/1291 1276/1604/1291
f 1242/1605/1292 1241/1606/1292 1276/1607/1292
f 1276/1607/1292 1241/1606/1292 1240/1608/1292
f 1276/1604/1293 1240/1609/1293 1277/1610/1293
f 1233/1611/1294 1278/1612/1294 1279/1613/1294
f 1233/1510/1295 1279/1614/1295 1234/1511/1295
f 1240/1615/1296 1239/1616/1296 1277/1617/1296
f 1277/1617/1296 1239/1616/1296 1238/1618/1296
f 1277/1610/1297 1238/1619/1297 1279/1620/1297
f 1279/1621/1298 1238/1622/1298 1237/1623/1298
f 1279/1621/1298 1237/1623/1298 1234/1624/1298
f 1280/1625/1299 1281/1626/1299 1282/1627/1299
f 1282/1627/1299 1281/1626/1299 1283/1628/1299
f 1282/1627/1300 1283/1628/1300 1284/1629/1300
f 1284/1629/1300 1283/1628/1300 1285/1630/1300
f 1284/1629/1301 1285/1630/1301 1286/1631/1301
f 1286/1631/1302 1285/1630/1302 1287/1632/1302
f 1286/1633/1303 1287/1634/1303 1288/1635/1303
f 1288/1635/1304 1287/1634/1304 1289/1636/1304
f 1288/1635/1305 1289/1636/1305 1290/1637/1305
f 1291/1638/1306 1292/1639/1306 1293/1640/1306
f 1293/1640/1307 1292/1639/1307 1294/1641/1307
f 1293/1640/1308 1294/1641/1308 1295/1642/1308
f 1295/1642/1309 1294/1641/1309 1296/1643/1309
f 1295/1642/1310 1296/1643/1310 1297/1644/1310
f 1297/1644/1311 1296/1643/1311 1298/1645/1311
f 1297/1644/1312 1298/1645/1312 1299/1646/1312
f 1300/1647/1313 1301/1648/1313 1302/1649/1313
f 1303/1650/1314 1304/1651/1314 1301/1648/1314
f 1281/1626/1315 1303/1650/1315 1283/1628/1315
f 1283/1628/1316 1303/1650/1316 1301/1648/1316
f 1283/1628/1317 1301/1648/1317 1285/1630/1317
f 1285/1630/1318 1301/1648/1318 1300/1647/1318
f 1285/1630/1319 1300/1647/1319 1287/1632/1319
f 1305/1652/1320 1306/1653/1320 1307/1654/1320
f 1307/1654/1321 1306/1653/1321 1308/1655/1321
f 1307/1654/1322 1308/1655/1322 1302/1656/1322
f 1302/1656/1323 1308/1655/1323 1309/1657/1323
f 1302/1649/1324 1309/1658/1324 1300/1647/1324
f 1307/1654/1325 1310/1659/1325 1311/1660/1325
f 1305/1652/1326 1307/1654/1326 1312/1661/1326
f 1312/1661/1327 1307/1654/1327 1311/1660/1327
f 1312/1661/1328 1311/1660/1328 1313/1662/1328
f 1304/1651/1329 1314/1663/1329 1301/1648/1329
f 1301/1648/1330 1314/1663/1330 1315/1664/1330
f 1301/1648/1331 1315/1664/1331 1302/1649/1331
f 1302/1656/1332 1315/1665/1332 1316/1666/1332
f 1302/1656/1333 1316/1666/1333 1307/1654/1333
f 1307/1654/1334 1316/1666/1334 1317/1667/1334
f 1307/1654/1335 1317/1667/1335 1310/1659/1335
f 1306/1668/1336 1298/1645/1336 1308/1669/1336
f 1308/1669/1337 1298/1645/1337 1296/1643/1337
f 1308/1669/1338 1296/1643/1338 1309/1670/1338
f 1309/1670/1339 1296/1643/1339 1294/1641/1339
f 1309/1670/1340 1294/1641/1340 1300/1671/1340
f 1300/1671/1341 1294/1641/1341 1292/1639/1341
f 1300/1671/1342 1292/1639/1342 1287/1634/1342
f 1287/1634/1343 1292/1639/1343 1291/1638/1343
f 1287/1634/1344 1291/1638/1344 1289/1636/1344
f 1318/1672/1345 1319/1673/1345 1320/1674/1345
f 1321/1675/1346 1322/1676/1346 1323/1677/1346
f 1323/1677/1347 1322/1676/1347 1324/1678/1347
f 1288/1635/1348 1290/1637/1348 1325/1679/1348
f 1326/1680/1349 1327/1681/1349 1328/1682/1349
f 1326/1680/1350 1328/1682/1350 1329/1683/1350
f 1329/1683/1351 1328/1682/1351 1330/1684/1351
f 1329/1683/1352 1330/1684/1352 1331/1685/1352
f 1332/1686/1353 1333/1687/1353 1334/1688/1353
f 1334/1689/1354 1333/1690/1354 1335/1691/1354
f 1318/1672/1355 1320/1674/1355 1336/1692/1355
f 1336/1692/1356 1320/1674/1356 1337/1693/1356
f 1336/1692/1357 1337/1693/1357 1338/1694/1357
f 1280/1625/1358 1282/1627/1358 1339/1695/1358
f 1339/1695/1359 1282/1627/1359 1335/1691/1359
f 1339/1695/1360 1335/1691/1360 1340/1696/1360
f 1340/1696/1361 1335/1691/1361 1333/1690/1361
f 1328/1682/1362 1341/1697/1362 1330/1684/1362
f 1330/1684/1363 1341/1697/1363 1342/1698/1363
f 1330/1684/1364 1342/1698/1364 1343/1699/1364
f 1324/1678/1365 1322/1676/1365 1331/1700/1365
f 1324/1678/1366 1331/1700/1366 1344/1701/1366
f 1344/1702/1367 1331/1685/1367 1330/1684/1367
f 1344/1702/1368 1330/1684/1368 1334/1688/1368
f 1334/1688/1369 1330/1684/1369 1343/1699/1369
f 1334/1688/1370 1343/1699/1370 1332/1686/1370
f 1284/1629/1371 1286/1631/1371 1338/1703/1371
f 1338/1694/1372 1286/1633/1372 1288/1635/1372
f 1338/1694/1373 1288/1635/1373 1336/1692/1373
f 1336/1692/1374 1288/1635/1374 1325/1679/1374
f 1336/1692/1375 1325/1679/1375 1318/1672/1375
f 1282/1627/1376 1284/1629/1376 1335/1691/1376
f 1335/1691/1377 1284/1629/1377 1338/1703/1377
f 1335/1691/1378 1338/1703/1378 1334/1689/1378
f 1334/1689/1379 1338/1703/1379 1337/1704/1379
f 1334/1688/1380 1337/1705/1380 1344/1702/1380
f 1344/1701/1381 1337/1693/1381 1320/1674/1381
f 1344/1701/1382 1320/1674/1382 1324/1678/1382
f 1324/1678/1383 1320/1674/1383 1319/1673/1383
f 1324/1678/1384 1319/1673/1384 1323/1677/1384
f 1299/1646/1385 1345/1706/1385 1346/1707/1385
f 1321/1675/1386 1323/1677/1386 1319/1673/1386
f 1293/1640/1385 1346/1707/1385 1321/1675/1385
f 1325/1679/1387 1290/1637/1387 1293/1640/1387
f 1293/1640/1388 1290/1637/1388 1289/1636/1388
f 1293/1640/1386 1289/1636/1386 1291/1638/1386
f 1293/1640/1386 1295/1642/1386 1346/1707/1386
f 1346/1707/1386 1295/1642/1386 1297/1644/1386
f 1346/1707/1386 1297/1644/1386 1299/1646/1386
f 1321/1675/1386 1319/1673/1386 1293/1640/1386
f 1293/1640/1385 1319/1673/1385 1318/1672/1385
f 1293/1640/1385 1318/1672/1385 1325/1679/1385
f 1347/1708/1389 1280/1625/1389 1348/1709/1389
f 1348/1709/1390 1280/1625/1390 1339/1695/1390
f 1348/1709/1391 1339/1695/1391 1349/1710/1391
f 1349/1710/1392 1339/1695/1392 1350/1711/1392
f 1350/1711/1393 1339/1695/1393 1340/1696/1393
f 1350/1711/1394 1340/1696/1394 1351/1712/1394
f 1351/1712/1395 1340/1696/1395 1333/1690/1395
f 1351/1713/1396 1333/1714/1396 1352/1715/1396
f 1352/1716/1397 1333/1717/1397 1332/1718/1397
f 1352/1719/1398 1332/1686/1398 1353/1720/1398
f 1353/1721/1399 1332/1722/1399 1343/1723/1399
f 1353/1720/1400 1343/1699/1400 1354/1724/1400
f 1354/1724/1401 1343/1699/1401 1342/1698/1401
f 1354/1724/1402 1342/1698/1402 1355/1725/1402
f 1355/1725/1403 1342/1698/1403 1341/1697/1403
f 1355/1725/1404 1341/1697/1404 1356/1726/1404
f 1356/1726/1405 1341/1697/1405 1328/1682/1405
f 1356/1726/1406 1328/1682/1406 1327/1681/1406
f 1280/1625/79 1347/1708/79 1281/1626/79
f 1281/1626/79 1347/1708/79 1357/1727/79
f 1358/1728/1407 1359/1729/1407 1313/1662/1407
f 1358/1728/1408 1313/1662/1408 1360/1730/1408
f 1313/1662/1409 1311/1660/1409 1360/1730/1409
f 1360/1730/1410 1311/1660/1410 1310/1659/1410
f 1360/1730/1411 1310/1659/1411 1361/1731/1411
f 1361/1731/1412 1310/1659/1412 1317/1667/1412
f 1361/1731/1413 1317/1667/1413 1362/1732/1413
f 1362/1733/1414 1317/1734/1414 1363/1735/1414
f 1281/1626/1415 1357/1727/1415 1303/1650/1415
f 1303/1650/1416 1357/1727/1416 1364/1736/1416
f 1303/1650/1417 1364/1736/1417 1304/1651/1417
f 1304/1651/1418 1364/1736/1418 1365/1737/1418
f 1304/1651/1419 1365/1737/1419 1314/1663/1419
f 1314/1663/1420 1365/1737/1420 1366/1738/1420
f 1314/1663/1421 1366/1738/1421 1315/1664/1421
f 1315/1664/1422 1366/1738/1422 1363/1735/1422
f 1315/1665/1423 1363/1739/1423 1316/1666/1423
f 1316/1666/1424 1363/1739/1424 1317/1667/1424
f 1232/1740/1425 1356/1726/1425 1228/1741/1425
f 1228/1741/1425 1356/1726/1425 1327/1681/1425
f 1367/1742/1426 1313/1662/1426 1368/1743/1426
f 1368/1743/1426 1313/1662/1426 1359/1729/1426
f 1369/1744/1427 1370/1745/1427 1371/1746/1427
f 1305/1652/1428 1369/1747/1428 1306/1653/1428
f 1306/1653/1429 1369/1747/1429 1371/1748/1429
f 1306/1668/1430 1371/1746/1430 1298/1645/1430
f 1298/1645/1431 1371/1746/1431 1372/1749/1431
f 1298/1645/1432 1372/1749/1432 1373/1750/1432
f 1298/1645/1433 1373/1750/1433 1299/1646/1433
f 1299/1646/1434 1373/1750/1434 1345/1706/1434
f 1305/1652/1435 1312/1661/1435 1369/1747/1435
f 1369/1747/1436 1312/1661/1436 1313/1662/1436
f 1369/1747/1437 1313/1662/1437 1367/1742/1437
f 1235/1751/1438 1228/1741/1438 1327/1681/1438
f 1374/1752/1439 1233/1611/1439 1235/1753/1439
f 1327/1681/1440 1326/1680/1440 1235/1751/1440
f 1235/1751/1441 1326/1680/1441 1329/1683/1441
f 1235/1751/1442 1329/1683/1442 1374/1754/1442
f 1374/1754/1443 1329/1683/1443 1331/1685/1443
f 1374/1752/1444 1331/1700/1444 1375/1755/1444
f 1375/1755/1445 1331/1700/1445 1322/1676/1445
f 1375/1755/1446 1322/1676/1446 1376/1756/1446
f 1376/1756/1446 1322/1676/1446 1346/1707/1446
f 1346/1707/1447 1322/1676/1447 1321/1675/1447
f 1377/1757/1448 1346/1707/1448 1378/1758/1448
f 1378/1758/1448 1346/1707/1448 1345/1706/1448
f 1278/1612/1449 1233/1611/1449 1374/1752/1449
f 1278/1612/1450 1374/1752/1450 1379/1759/1450
f 1346/1707/1451 1377/1757/1451 1376/1756/1451
f 1376/1756/1452 1377/1757/1452 1379/1759/1452
f 1376/1756/1453 1379/1759/1453 1375/1755/1453
f 1375/1755/1454 1379/1759/1454 1374/1752/1454
f 1380/1760/1455 1370/1745/1455 1381/1761/1455
f 1380/1762/1456 1381/1763/1456 1382/1764/1456
f 1381/1765/1457 1383/1766/1457 1382/1767/1457
f 1382/1767/1457 1383/1766/1457 1384/1768/1457
f 1382/1764/1458 1384/1769/1458 1385/1770/1458
f 1384/1771/1459 1386/1772/1459 1385/1773/1459
f 1385/1773/1459 1386/1772/1459 1387/1774/1459
f 1385/1770/1460 1387/1775/1460 1388/1776/1460
f 1387/1777/1461 1389/1778/1461 1388/1779/1461
f 1388/1779/1461 1389/1778/1461 1390/1780/1461
f 1388/1776/1462 1390/1781/1462 1391/1782/1462
f 1390/1783/1463 1392/1784/1463 1391/1785/1463
f 1391/1785/1463 1392/1784/1463 1393/1786/1463
f 1391/1782/1464 1393/1787/1464 1394/1788/1464
f 1393/1789/1465 1395/1790/1465 1394/1791/1465
f 1394/1791/1465 1395/1790/1465 1396/1792/1465
f 1394/1788/1466 1396/1793/1466 1397/1794/1466
f 1396/1795/1467 1398/1796/1467 1397/1797/1467
f 1397/1797/1467 1398/1796/1467 1399/1798/1467
f 1397/1794/1468 1399/1799/1468 1400/1800/1468
f 1207/1479/1469 1253/1549/1469 1401/1801/1469
f 1207/1802/1470 1401/1803/1470 1402/1804/1470
f 1399/1805/1471 1403/1806/1471 1400/1807/1471
f 1400/1807/1471 1403/1806/1471 1404/1808/1471
f 1400/1800/1472 1404/1809/1472 1401/1810/1472
f 1401/1811/1473 1404/1812/1473 1405/1813/1473
f 1401/1811/1474 1405/1813/1474 1402/1814/1474
f 1406/1815/1475 1378/1758/1475 1373/1750/1475
f 1373/1750/1476 1378/1758/1476 1345/1706/1476
f 1373/1750/1477 1372/1749/1477 1406/1815/1477
f 1406/1815/1478 1372/1749/1478 1371/1746/1478
f 1406/1815/1479 1371/1746/1479 1380/1760/1479
f 1380/1760/1480 1371/1746/1480 1370/1745/1480
f 885/1095/1481 884/1094/1481 1236/1816/1481
f 1236/1816/1482 884/1094/1482 1407/1817/1482
f 1236/1816/1483 1407/1817/1483 1229/1818/1483
f 1229/1818/1484 1407/1817/1484 1231/1819/1484
f 1231/1819/1485 1407/1817/1485 1408/1820/1485
f 1231/1819/1486 1408/1820/1486 1225/1821/1486
f 1225/1821/1487 1408/1820/1487 1226/1822/1487
f 1408/1823/1488 1409/1824/1488 1226/1825/1488
f 1226/1825/1489 1409/1824/1489 1227/1826/1489
f 1227/1826/1490 1409/1824/1490 1356/1726/1490
f 1227/1826/1491 1356/1726/1491 1232/1740/1491
f 1410/1827/1492 1407/1817/1492 884/1094/1492
f 1355/1725/1493 1356/1726/1493 1409/1824/1493
f 1353/1720/1494 1354/1724/1494 1411/1828/1494
f 1410/1827/1495 1412/1829/1495 1413/1830/1495
f 1414/1831/1496 1415/1832/1496 1416/1833/1496
f 1353/1720/1497 1411/1828/1497 1352/1719/1497
f 1417/1834/1498 1352/1719/1498 1411/1828/1498
f 1417/1834/1499 1411/1828/1499 1413/1835/1499
f 1413/1835/1500 1411/1828/1500 1418/1836/1500
f 1413/1830/1501 1418/1837/1501 1410/1827/1501
f 1410/1827/1502 1418/1837/1502 1408/1820/1502
f 1410/1827/1503 1408/1820/1503 1407/1817/1503
f 1347/1708/1504 1348/1709/1504 1419/1838/1504
f 1419/1838/1505 1348/1709/1505 1420/1839/1505
f 1419/1838/1506 1420/1839/1506 1416/1840/1506
f 1419/1838/1507 1416/1840/1507 1421/1841/1507
f 1421/1842/1508 1416/1833/1508 1415/1832/1508
f 1348/1709/1509 1349/1710/1509 1420/1839/1509
f 1420/1839/1510 1349/1710/1510 1350/1711/1510
f 1420/1839/1511 1350/1711/1511 1351/1712/1511
f 880/1090/1512 1412/1829/1512 881/1091/1512
f 881/1091/1513 1412/1829/1513 1410/1827/1513
f 881/1091/1514 1410/1827/1514 882/1092/1514
f 882/1092/1515 1410/1827/1515 884/1094/1515
f 880/1090/1516 879/1089/1516 1414/1831/1516
f 1414/1831/1517 879/1089/1517 877/1087/1517
f 1414/1831/1518 877/1087/1518 1415/1832/1518
f 1354/1724/1519 1355/1725/1519 1411/1828/1519
f 1411/1828/1520 1355/1725/1520 1409/1824/1520
f 1411/1828/1521 1409/1824/1521 1418/1836/1521
f 1418/1836/1522 1409/1824/1522 1408/1823/1522
f 880/1090/1523 1414/1831/1523 1412/1829/1523
f 1412/1829/1524 1414/1831/1524 1416/1833/1524
f 1412/1829/1525 1416/1833/1525 1413/1830/1525
f 1413/1843/1526 1416/1840/1526 1420/1839/1526
f 1413/1843/1527 1420/1839/1527 1417/1844/1527
f 1417/1844/1528 1420/1839/1528 1351/1712/1528
f 1417/1844/1529 1351/1712/1529 1352/1845/1529
f 877/1087/1530 875/1085/1530 1415/1832/1530
f 1415/1832/1531 875/1085/1531 1422/1846/1531
f 1415/1832/1532 1422/1846/1532 1421/1842/1532
f 1421/1842/1533 1422/1846/1533 1423/1847/1533
f 1421/1841/1534 1423/1848/1534 1419/1838/1534
f 1419/1838/1535 1423/1848/1535 1424/1849/1535
f 1419/1838/1536 1424/1849/1536 1347/1708/1536
f 1347/1708/1537 1424/1849/1537 1357/1727/1537
f 1425/1850/1538 1422/1846/1538 875/1085/1538
f 1364/1736/1539 1357/1727/1539 1424/1849/1539
f 1366/1738/1540 1365/1737/1540 1426/1851/1540
f 1425/1850/1541 1427/1852/1541 1428/1853/1541
f 1429/1854/1542 1430/1855/1542 1431/1856/1542
f 1366/1857/1543 1426/1858/1543 1363/1859/1543
f 1432/1860/1544 1363/1735/1544 1426/1851/1544
f 1432/1860/1545 1426/1851/1545 1428/1861/1545
f 1428/1861/1546 1426/1851/1546 1433/1862/1546
f 1428/1853/1547 1433/1863/1547 1425/1850/1547
f 1425/1850/1548 1433/1863/1548 1423/1847/1548
f 1425/1850/1549 1423/1847/1549 1422/1846/1549
f 1359/1729/1550 1358/1728/1550 1434/1864/1550
f 1434/1864/1551 1358/1728/1551 1435/1865/1551
f 1434/1864/1552 1435/1865/1552 1431/1866/1552
f 1434/1864/1553 1431/1866/1553 1436/1867/1553
f 1436/1868/1554 1431/1856/1554 1430/1855/1554
f 1358/1728/1555 1360/1730/1555 1435/1865/1555
f 1435/1865/1556 1360/1730/1556 1361/1731/1556
f 1435/1865/1557 1361/1731/1557 1362/1732/1557
f 855/1065/1558 1427/1852/1558 872/1082/1558
f 872/1082/1559 1427/1852/1559 1425/1850/1559
f 872/1082/1560 1425/1850/1560 873/1083/1560
f 873/1083/1561 1425/1850/1561 875/1085/1561
f 855/1065/1562 854/1064/1562 1429/1854/1562
f 1429/1854/1563 854/1064/1563 853/1063/1563
f 1429/1854/1564 853/1063/1564 1430/1855/1564
f 1365/1737/1565 1364/1736/1565 1426/1851/1565
f 1426/1851/1566 1364/1736/1566 1424/1849/1566
f 1426/1851/1567 1424/1849/1567 1433/1862/1567
f 1433/1862/1568 1424/1849/1568 1423/1848/1568
f 855/1065/1569 1429/1854/1569 1427/1852/1569
f 1427/1852/1570 1429/1854/1570 1431/1856/1570
f 1427/1852/1571 1431/1856/1571 1428/1853/1571
f 1428/1869/1572 1431/1866/1572 1435/1865/1572
f 1428/1869/1573 1435/1865/1573 1432/1870/1573
f 1432/1870/1574 1435/1865/1574 1362/1732/1574
f 1432/1860/1575 1362/1733/1575 1363/1735/1575
f 1437/1871/1576 1368/1743/1576 1359/1729/1576
f 1437/1871/1577 1359/1729/1577 1438/1872/1577
f 1430/1855/1578 853/1063/1578 852/1062/1578
f 1359/1729/1579 1434/1864/1579 1438/1872/1579
f 1438/1872/1580 1434/1864/1580 1439/1873/1580
f 1439/1873/1581 1434/1864/1581 1436/1867/1581
f 1439/1873/1582 1436/1867/1582 1440/1874/1582
f 1440/1875/1583 1436/1868/1583 1430/1855/1583
f 1440/1875/1584 1430/1855/1584 1441/1876/1584
f 1441/1876/1585 1430/1855/1585 1442/1877/1585
f 1442/1877/1586 1430/1855/1586 852/1062/1586
f 1368/1878/1587 1437/1879/1587 1438/1880/1587
f 1370/1881/1588 1369/1882/1588 1381/1883/1588
f 1381/1883/1588 1369/1882/1588 1367/1884/1588
f 1381/1883/1589 1367/1884/1589 1368/1878/1589
f 1368/1878/1590 1438/1880/1590 1381/1883/1590
f 1381/1883/1591 1438/1880/1591 1439/1885/1591
f 1381/1883/1592 1439/1885/1592 1440/1886/1592
f 1440/1886/1593 1441/1887/1593 1381/1883/1593
f 1381/1883/1594 1441/1887/1594 1442/1888/1594
f 1381/1883/1595 1442/1888/1595 852/1889/1595
f 788/996/1596 1207/1479/1596 1402/1890/1596
f 852/1889/1597 840/1891/1597 1381/1883/1597
f 1381/1883/1597 840/1891/1597 843/1892/1597
f 1381/1883/1598 843/1892/1598 1383/1893/1598
f 1383/1893/1598 843/1892/1598 845/1894/1598
f 1383/1893/1598 845/1894/1598 1384/1895/1598
f 1384/1895/1599 845/1894/1599 836/1896/1599
f 1384/1895/1599 836/1896/1599 1386/1897/1599
f 1386/1897/1599 836/1896/1599 837/1898/1599
f 1386/1897/1599 837/1898/1599 1387/1899/1599
f 1387/1899/1600 837/1898/1600 827/1900/1600
f 1387/1899/1601 827/1900/1601 1389/1901/1601
f 1389/1901/1601 827/1900/1601 831/1902/1601
f 1389/1901/1600 831/1902/1600 1390/1903/1600
f 1390/1903/1602 831/1902/1602 817/1904/1602
f 1390/1903/1603 817/1904/1603 1392/1905/1603
f 1392/1905/1602 817/1904/1602 822/1906/1602
f 1392/1905/1603 822/1906/1603 1393/1907/1603
f 1393/1907/1604 822/1906/1604 812/1908/1604
f 1393/1907/1604 812/1908/1604 1395/1909/1604
f 1395/1909/1604 812/1908/1604 814/1910/1604
f 1395/1909/1604 814/1910/1604 1396/1911/1604
f 1396/1911/1605 814/1910/1605 1398/1912/1605
f 1398/1912/1605 814/1910/1605 801/1913/1605
f 1398/1912/1605 801/1913/1605 1399/1914/1605
f 1399/1914/1605 801/1913/1605 806/1915/1605
f 1399/1914/1606 806/1915/1606 1403/1916/1606
f 1403/1916/1606 806/1915/1606 794/1917/1606
f 1403/1916/1606 794/1917/1606 1404/1918/1606
f 1404/1918/1606 794/1917/1606 797/1919/1606
f 1404/1918/1607 797/1919/1607 1405/1920/1607
f 1405/1920/1607 797/1919/1607 792/1921/1607
f 1405/1920/1608 792/1921/1608 1402/1922/1608
f 1402/1922/1607 792/1921/1607 790/1923/1607
f 1402/1890/1596 790/998/1596 788/996/1596
f 1443/1924/1609 1379/1925/1609 1377/1926/1609
f 1377/1926/79 1378/1927/79 1443/1924/79
f 1443/1924/1610 1378/1927/1610 1406/1928/1610
f 1443/1924/79 1406/1928/79 1444/1929/79
f 1444/1929/1609 1406/1928/1609 1380/1762/1609
f 1444/1929/79 1380/1762/79 1445/1930/79
f 1445/1930/79 1380/1762/79 1382/1764/79
f 1445/1930/79 1382/1764/79 1446/1931/79
f 1446/1931/79 1382/1764/79 1385/1770/79
f 1446/1931/79 1385/1770/79 1447/1932/79
f 1385/1770/79 1388/1776/79 1447/1932/79
f 1447/1932/79 1388/1776/79 1391/1782/79
f 1447/1932/79 1391/1782/79 1448/1933/79
f 1448/1933/79 1391/1782/79 1394/1788/79
f 1448/1933/79 1394/1788/79 1449/1934/79
f 1449/1934/79 1394/1788/79 1397/1794/79
f 1449/1934/79 1397/1794/79 1450/1935/79
f 1450/1935/79 1397/1794/79 1400/1800/79
f 1450/1935/79 1400/1800/79 1451/1936/79
f 1451/1936/79 1400/1800/79 1401/1810/79
f 1451/1936/79 1401/1810/79 1452/1937/79
f 1452/1937/79 1401/1810/79 1253/1938/79
f 1452/1937/79 1253/1938/79 1453/1939/79
f 1453/1939/79 1253/1938/79 1254/1940/79
f 1453/1939/79 1254/1940/79 1454/1941/79
f 1454/1941/79 1254/1940/79 1255/1942/79
f 1454/1941/79 1255/1942/79 1455/1943/79
f 1455/1943/79 1255/1942/79 1256/1944/79
f 1455/1943/79 1256/1944/79 1456/1945/79
f 1456/1945/79 1256/1944/79 1257/1946/79
f 1456/1945/79 1257/1946/79 1457/1947/79
f 1457/1947/79 1257/1946/79 1258/1948/79
f 1457/1947/79 1258/1948/79 1458/1949/79
f 1458/1949/79 1258/1948/79 1259/1950/79
f 1458/1949/79 1259/1950/79 1459/1951/79
f 1459/1951/79 1259/1950/79 1260/1952/79
f 1459/1951/79 1260/1952/79 1460/1953/79
f 1460/1953/79 1260/1952/79 1261/1954/79
f 1460/1953/79 1261/1954/79 1461/1955/79
f 1461/1955/79 1261/1954/79 1262/1956/79
f 1461/1955/79 1262/1956/79 1462/1957/79
f 1462/1957/79 1262/1956/79 1263/1958/79
f 1462/1957/79 1263/1958/79 1463/1959/79
f 1463/1959/79 1263/1958/79 1264/1960/79
f 1463/1959/79 1264/1960/79 1464/1961/79
f 1464/1961/79 1264/1960/79 1265/1962/79
f 1464/1961/79 1265/1962/79 1465/1963/79
f 1465/1963/79 1265/1962/79 1266/1964/79
f 1465/1963/79 1266/1964/79 1466/1965/79
f 1466/1965/79 1266/1964/79 1267/1966/79
f 1466/1965/79 1267/1966/79 1467/1967/79
f 1467/1967/79 1267/1966/79 1268/1968/79
f 1467/1967/79 1268/1968/79 1468/1969/79
f 1468/1969/79 1268/1968/79 1269/1970/79
f 1468/1969/79 1269/1970/79 1469/1971/79
f 1469/1971/79 1269/1970/79 1270/1572/79
f 1469/1971/79 1270/1572/79 1470/1972/79
f 1470/1972/79 1270/1572/79 1271/1574/79
f 1470/1972/79 1271/1574/79 1471/1973/79
f 1471/1973/79 1271/1574/79 1272/1580/79
f 1471/1973/79 1272/1580/79 1472/1974/79
f 1472/1974/79 1272/1580/79 1273/1586/79
f 1472/1974/79 1273/1586/79 1473/1975/79
f 1473/1975/79 1273/1586/79 1274/1592/79
f 1473/1975/79 1274/1592/79 1474/1976/79
f 1474/1976/79 1274/1592/79 1275/1598/79
f 1474/1976/79 1275/1598/79 1475/1977/79
f 1475/1977/79 1275/1598/79 1276/1604/79
f 1475/1977/79 1276/1604/79 1476/1978/79
f 1476/1978/79 1276/1604/79 1277/1610/79
f 1476/1978/79 1277/1610/79 1443/1924/79
f 1443/1924/79 1277/1610/79 1279/1620/79
f 1443/1924/79 1279/1620/79 1379/1925/79
f 1379/1925/79 1279/1620/79 1278/1979/79
f 1080/1326/1263 717/923/1263 382/508/1263
f 1145/1396/1611 382/508/1611 1146/1397/1611
f 1146/1397/1263 382/508/1263 381/507/1263
f 1145/1396/1263 1144/1395/1263 382/508/1263
f 382/508/1263 1144/1395/1263 1086/1332/1263
f 382/508/1263 1086/1332/1263 1085/1331/1263
f 1085/1331/1263 1083/1329/1263 382/508/1263
f 382/508/1263 1083/1329/1263 1082/1328/1263
f 382/508/1263 1082/1328/1263 1080/1326/1263
f 373/1980/1612 1138/1981/1612 1137/1982/1612
f 406/1983/1613 405/1984/1613 1137/1985/1613
f 1137/1388/1614 405/531/1614 374/500/1614
f 1137/1388/1615 374/500/1615 373/499/1615
f 414/540/1616 412/538/1616 1131/1382/1616
f 1131/1382/1617 412/538/1617 410/536/1617
f 1131/1382/1618 410/536/1618 1124/1375/1618
f 1131/1382/1619 1130/1381/1619 414/540/1619
f 414/1986/1620 1130/1987/1620 1129/1988/1620
f 414/540/1621 1129/1380/1621 415/541/1621
f 415/541/1622 1129/1380/1622 1134/1385/1622
f 415/541/1623 1134/1385/1623 373/499/1623
f 373/499/1624 1134/1385/1624 1133/1384/1624
f 373/499/1625 1133/1384/1625 1138/1389/1625
f 1124/1375/1626 410/536/1626 1125/1376/1626
f 1125/1376/1627 410/536/1627 409/535/1627
f 1125/1376/1628 409/535/1628 1127/1378/1628
f 1127/1378/1629 409/535/1629 424/550/1629
f 1127/1378/1630 424/550/1630 1121/1372/1630
f 1121/1372/1630 424/550/1630 1122/1373/1630
f 1122/1373/1631 424/550/1631 423/549/1631
f 1122/1373/1632 423/549/1632 1123/1374/1632
f 1123/1374/1633 423/549/1633 421/547/1633
f 1123/1374/1634 421/547/1634 1089/1335/1634
f 1089/1335/1635 421/547/1635 420/546/1635
f 1089/1335/1636 420/546/1636 1090/1336/1636
f 1090/1336/1637 420/546/1637 416/542/1637
f 1090/1336/1638 416/542/1638 1118/1369/1638
f 1118/1369/1639 416/542/1639 418/544/1639
f 1118/1369/1639 418/544/1639 419/545/1639
f 1118/1369/1640 419/545/1640 1119/1370/1640
f 1119/1370/1641 419/545/1641 425/551/1641
f 1119/1370/1642 425/551/1642 1113/1364/1642
f 1113/1364/1643 425/551/1643 1114/1365/1643
f 1114/1365/1644 425/551/1644 427/553/1644
f 1114/1365/1645 427/553/1645 1116/1367/1645
f 427/553/1646 429/1989/1646 1116/1367/1646
f 1116/1990/1647 429/557/1647 432/560/1647
f 1116/1367/1648 432/1991/1648 1117/1368/1648
f 1117/1368/1649 432/1991/1649 431/1992/1649
f 1117/1993/1650 431/559/1650 1111/1361/1650
f 1111/1361/1651 431/559/1651 430/558/1651
f 1111/1361/1652 430/558/1652 1112/1362/1652
f 1112/1362/1653 430/558/1653 442/573/1653
f 1112/1362/1654 442/573/1654 1105/1994/1654
f 1105/1994/1655 442/573/1655 1106/1995/1655
f 442/573/1656 441/569/1656 1106/1995/1656
f 1106/1995/1657 441/569/1657 439/567/1657
f 1106/1995/1658 439/567/1658 1108/1356/1658
f 1108/1356/1659 439/567/1659 437/565/1659
f 1108/1356/1660 437/565/1660 1109/1357/1660
f 1109/1357/1661 437/565/1661 1101/1347/1661
f 1101/1347/1662 437/565/1662 436/564/1662
f 1101/1347/1663 436/564/1663 1102/1348/1663
f 1102/1348/1664 436/564/1664 433/561/1664
f 1102/1348/1665 433/561/1665 1104/1350/1665
f 1104/1350/1666 433/561/1666 448/579/1666
f 1104/1350/1667 448/579/1667 1095/1341/1667
f 1095/1341/1668 448/579/1668 445/576/1668
f 1095/1996/1669 445/1997/1669 1094/1998/1669
f 1094/1340/1670 445/576/1670 1092/1338/1670
f 1092/1338/1671 445/576/1671 451/582/1671
f 1092/1338/1672 451/582/1672 1100/1346/1672
f 451/582/1673 453/584/1673 1100/1346/1673
f 1100/1999/1674 453/2000/1674 454/2001/1674
f 1100/1999/1675 454/2001/1675 1098/2002/1675
f 1098/2002/1676 454/2001/1676 1096/2003/1676
f 1096/2004/1677 454/2005/1677 1477/2006/1677
f 1477/2007/1678 454/585/1678 456/587/1678
f 1477/2007/1679 456/587/1679 1478/2008/1679
f 1478/2008/1680 456/587/1680 458/589/1680
f 1478/2008/1681 458/589/1681 1479/2009/1681
f 1479/2009/1682 458/589/1682 371/497/1682
f 1479/2010/1683 371/2011/1683 1480/2012/1683
f 1480/2013/1684 371/497/1684 370/496/1684
f 1480/2013/1685 370/496/1685 1481/2014/1685
f 1481/2014/1686 370/496/1686 466/597/1686
f 1481/2014/1687 466/597/1687 1482/2015/1687
f 1482/2015/1688 466/597/1688 1483/2016/1688
f 1483/2016/1689 466/597/1689 468/599/1689
f 1483/2016/1690 468/599/1690 1484/2017/1690
f 1484/2017/1691 468/599/1691 1485/2018/1691
f 1485/2018/1692 468/599/1692 470/601/1692
f 1485/2018/1693 470/601/1693 1486/2019/1693
f 1486/2019/1694 470/601/1694 479/610/1694
f 1486/2019/1695 479/610/1695 1487/2020/1695
f 1487/2020/1696 479/610/1696 478/609/1696
f 1487/2020/1697 478/609/1697 476/607/1697
f 473/604/1698 1488/2021/1698 471/602/1698
f 471/602/1699 1488/2021/1699 1489/2022/1699
f 471/602/1700 1489/2022/1700 475/606/1700
f 475/606/1701 1489/2022/1701 1490/2023/1701
f 475/606/1702 1490/2023/1702 476/607/1702
f 476/607/1703 1490/2023/1703 1491/2024/1703
f 476/607/1704 1491/2024/1704 1487/2020/1704
f 481/612/1705 1492/2025/1705 483/614/1705
f 483/614/1706 1492/2025/1706 1493/2026/1706
f 483/614/1707 1493/2026/1707 485/616/1707
f 485/616/1708 1493/2026/1708 1494/2027/1708
f 485/616/1709 1494/2027/1709 486/617/1709
f 486/617/1710 1494/2027/1710 1495/2028/1710
f 486/617/1711 1495/2028/1711 474/605/1711
f 474/605/1712 1495/2028/1712 1496/2029/1712
f 474/605/1713 1496/2029/1713 473/604/1713
f 473/604/1714 1496/2029/1714 1497/2030/1714
f 473/604/1715 1497/2030/1715 1488/2021/1715
f 1498/2031/1716 1499/2032/1716 499/2033/1716
f 499/2033/1717 1499/2032/1717 1500/2034/1717
f 499/2033/1718 1500/2034/1718 487/2035/1718
f 487/2036/1719 1500/2037/1719 1501/2038/1719
f 487/2039/1720 1501/2040/1720 488/2041/1720
f 488/619/1721 1501/2042/1721 1502/2043/1721
f 488/619/1722 1502/2043/1722 490/621/1722
f 490/621/1723 1502/2043/1723 1503/2044/1723
f 490/621/1724 1503/2044/1724 492/623/1724
f 492/623/1725 1503/2044/1725 1504/2045/1725
f 492/623/1726 1504/2045/1726 493/624/1726
f 493/624/1727 1504/2045/1727 1505/2046/1727
f 493/624/1728 1505/2046/1728 480/611/1728
f 480/611/1729 1505/2046/1729 1506/2047/1729
f 480/611/1730 1506/2047/1730 481/612/1730
f 481/612/1731 1506/2047/1731 1507/2048/1731
f 481/612/1732 1507/2048/1732 1492/2025/1732
f 1508/2049/1733 495/626/1733 494/625/1733
f 499/2033/1734 498/2050/1734 1498/2031/1734
f 1498/2031/1735 498/2050/1735 495/626/1735
f 1498/2051/1736 495/2052/1736 1509/2053/1736
f 1509/2054/1737 495/626/1737 1508/2049/1737
f 505/638/1738 1510/2055/1738 506/639/1738
f 506/639/1739 1510/2055/1739 1511/2056/1739
f 506/639/1740 1511/2056/1740 507/640/1740
f 507/2057/1741 1511/2058/1741 1512/2059/1741
f 507/2057/1742 1512/2059/1742 494/2060/1742
f 494/625/1743 1512/2061/1743 1513/2062/1743
f 494/625/1744 1513/2062/1744 1508/2049/1744
f 1514/2063/1745 1099/1345/1745 1097/1343/1745
f 1168/1430/1746 1169/1431/1746 1515/2064/1746
f 1481/2014/1747 1482/2015/1747 1516/2065/1747
f 1487/2020/1748 1491/2024/1748 1517/2066/1748
f 1512/2061/1749 1518/2067/1749 1519/2068/1749
f 526/659/1750 534/667/1750 1520/2069/1750
f 916/1128/1751 1521/2070/1751 898/1108/1751
f 940/1152/1752 1167/1429/1752 942/1154/1752
f 942/1154/1753 1167/1429/1753 1522/2071/1753
f 934/1146/1754 933/1145/1754 1523/2072/1754
f 1523/2072/1755 933/1145/1755 944/1156/1755
f 1523/2072/1756 944/1156/1756 1522/2071/1756
f 1522/2071/1757 944/1156/1757 943/1155/1757
f 1522/2071/1757 943/1155/1757 942/1154/1757
f 934/1146/1755 1523/2072/1755 936/1148/1755
f 936/1148/1758 1523/2072/1758 1524/2073/1758
f 936/1148/1759 1524/2073/1759 937/1149/1759
f 929/1141/1760 923/1135/1760 1525/2074/1760
f 1525/2074/1761 923/1135/1761 922/1134/1761
f 1525/2074/1762 922/1134/1762 1524/2073/1762
f 1524/2073/1763 922/1134/1763 938/1150/1763
f 1524/2073/1759 938/1150/1759 937/1149/1759
f 1526/2075/1764 931/1143/1764 1527/2076/1764
f 1527/2076/1765 931/1143/1765 930/1142/1765
f 1528/2077/1766 918/1130/1766 1526/2075/1766
f 1526/2075/1767 918/1130/1767 928/1140/1767
f 928/1140/1767 927/1139/1767 1526/2075/1767
f 1526/2075/1768 927/1139/1768 926/1138/1768
f 1526/2075/1768 926/1138/1768 931/1143/1768
f 660/2078/1769 659/2079/1769 1529/2080/1769
f 1529/2080/1770 659/2079/1770 921/2081/1770
f 1529/2082/1771 921/1133/1771 1528/2077/1771
f 1528/2077/1772 921/1133/1772 920/1132/1772
f 1528/2077/1773 920/1132/1773 918/1130/1773
f 906/2083/1774 911/2084/1774 1530/2085/1774
f 1530/2085/1775 911/2084/1775 910/2086/1775
f 912/1124/1776 907/1117/1776 1531/2087/1776
f 1531/2087/1777 907/1117/1777 906/1116/1777
f 1531/2087/1778 906/1116/1778 1532/2088/1778
f 1532/2088/1779 906/1116/1779 1530/2089/1779
f 1532/2088/1780 1530/2089/1780 1529/2090/1780
f 1529/2091/1781 1530/2092/1781 910/2093/1781
f 1529/2080/1770 910/2094/1770 660/2078/1770
f 916/1128/1782 915/1127/1782 1533/2095/1782
f 1533/2095/1783 915/1127/1783 1531/2087/1783
f 1531/2087/1776 915/1127/1776 913/1125/1776
f 1531/2087/1776 913/1125/1776 912/1124/1776
f 898/1108/1784 1521/2070/1784 899/1109/1784
f 899/2096/1785 1521/2097/1785 1534/2098/1785
f 899/1109/1786 1534/2099/1786 901/1111/1786
f 1535/2100/1787 905/1115/1787 904/1114/1787
f 1535/2100/1788 904/1114/1788 1534/2099/1788
f 1534/2099/1789 904/1114/1789 902/1112/1789
f 1534/2099/1790 902/1112/1790 901/1111/1790
f 894/1104/1791 896/1106/1791 1536/2101/1791
f 1536/2101/1792 896/1106/1792 1535/2100/1792
f 1535/2100/1793 896/1106/1793 897/1107/1793
f 1535/2100/1787 897/1107/1787 905/1115/1787
f 1537/2102/1794 887/1097/1794 1536/2101/1794
f 1536/2101/1795 887/1097/1795 886/1096/1795
f 1536/2101/1795 886/1096/1795 894/1104/1795
f 1537/2102/1796 891/1101/1796 890/1100/1796
f 890/1100/1797 889/1099/1797 1537/2102/1797
f 1537/2102/1798 889/1099/1798 888/1098/1798
f 1537/2102/1799 888/1098/1799 887/1097/1799
f 866/1076/1800 868/1078/1800 1538/2103/1800
f 1538/2103/1801 868/1078/1801 869/1079/1801
f 1538/2103/1802 869/1079/1802 1537/2102/1802
f 1537/2102/1803 869/1079/1803 878/1088/1803
f 1537/2102/1803 878/1088/1803 891/1101/1803
f 864/1074/1804 862/1072/1804 1539/2104/1804
f 1539/2104/1805 862/1072/1805 858/1068/1805
f 1539/2104/1806 858/1068/1806 857/1067/1806
f 859/1069/1807 865/1075/1807 1540/2105/1807
f 1540/2105/1808 865/1075/1808 1541/2106/1808
f 1540/2105/1809 1541/2106/1809 1542/2107/1809
f 1543/2108/1810 1544/2109/1810 1545/2110/1810
f 1546/2111/1811 1547/2112/1811 1548/2113/1811
f 1549/2114/1812 1550/2115/1812 1551/2116/1812
f 529/662/1813 1550/2115/1813 531/664/1813
f 531/664/1814 1550/2115/1814 1549/2114/1814
f 531/664/1815 1549/2114/1815 533/666/1815
f 520/653/1816 519/652/1816 1520/2069/1816
f 1520/2069/1817 519/652/1817 518/651/1817
f 518/651/1818 516/649/1818 1520/2069/1818
f 1520/2069/1819 516/649/1819 515/648/1819
f 1520/2069/1750 515/648/1750 526/659/1750
f 525/658/1820 524/657/1820 1552/2117/1820
f 1552/2117/1820 524/657/1820 522/655/1820
f 1552/2117/1821 522/655/1821 1520/2069/1821
f 1520/2069/1822 522/655/1822 521/654/1822
f 1520/2069/1816 521/654/1816 520/653/1816
f 525/658/1820 1552/2117/1820 509/642/1820
f 509/642/1823 1552/2117/1823 1553/2118/1823
f 509/642/1824 1553/2118/1824 510/643/1824
f 504/637/1825 503/636/1825 1554/2119/1825
f 1554/2119/1826 503/636/1826 501/634/1826
f 501/634/1827 500/633/1827 1555/2120/1827
f 1555/2120/1827 500/633/1827 513/646/1827
f 1555/2120/1827 513/646/1827 512/645/1827
f 1519/2068/1828 1518/2067/1828 1554/2119/1828
f 1554/2119/1829 1518/2067/1829 505/638/1829
f 1554/2119/1830 505/638/1830 504/637/1830
f 1512/2059/1831 1511/2058/1831 1518/2121/1831
f 1518/2067/1832 1511/2056/1832 1510/2055/1832
f 1518/2067/1833 1510/2055/1833 505/638/1833
f 1556/2122/1834 1508/2049/1834 1513/2062/1834
f 1500/2034/1835 1499/2032/1835 1557/2123/1835
f 1557/2123/1836 1499/2032/1836 1498/2031/1836
f 1557/2123/1837 1498/2031/1837 1556/2122/1837
f 1556/2122/1838 1498/2031/1838 1509/2054/1838
f 1556/2122/1834 1509/2054/1834 1508/2049/1834
f 1558/2124/1839 1502/2043/1839 1501/2042/1839
f 1506/2047/1840 1505/2046/1840 1559/2125/1840
f 1559/2125/1840 1505/2046/1840 1504/2045/1840
f 1559/2125/1841 1504/2045/1841 1558/2124/1841
f 1558/2124/1839 1504/2045/1839 1503/2044/1839
f 1558/2124/1839 1503/2044/1839 1502/2043/1839
f 1560/2126/1842 1493/2026/1842 1492/2025/1842
f 1560/2126/1843 1492/2025/1843 1559/2125/1843
f 1559/2125/1844 1492/2025/1844 1507/2048/1844
f 1559/2125/1840 1507/2048/1840 1506/2047/1840
f 1497/2030/1845 1496/2029/1845 1561/2127/1845
f 1561/2127/1845 1496/2029/1845 1495/2028/1845
f 1561/2127/1846 1495/2028/1846 1560/2126/1846
f 1560/2126/1842 1495/2028/1842 1494/2027/1842
f 1560/2126/1842 1494/2027/1842 1493/2026/1842
f 1491/2024/1748 1490/2023/1748 1517/2066/1748
f 1517/2066/1847 1490/2023/1847 1489/2022/1847
f 1517/2066/1848 1489/2022/1848 1561/2127/1848
f 1561/2127/1849 1489/2022/1849 1488/2021/1849
f 1561/2127/1845 1488/2021/1845 1497/2030/1845
f 1487/2020/1850 1517/2066/1850 1486/2019/1850
f 1486/2019/1851 1517/2066/1851 1562/2128/1851
f 1486/2019/1852 1562/2128/1852 1485/2018/1852
f 1514/2063/1853 1483/2016/1853 1562/2128/1853
f 1562/2128/1852 1483/2016/1852 1484/2017/1852
f 1562/2128/1852 1484/2017/1852 1485/2018/1852
f 1097/1343/1854 1096/1342/1854 1477/2007/1854
f 1478/2008/1855 1479/2009/1855 1516/2065/1855
f 1516/2065/1856 1479/2009/1856 1480/2013/1856
f 1516/2065/1857 1480/2013/1857 1481/2014/1857
f 930/1142/1858 929/1141/1858 1527/2076/1858
f 1527/2076/1859 929/1141/1859 1525/2074/1859
f 1527/2076/1860 1525/2074/1860 1563/2129/1860
f 1563/2129/1861 1525/2074/1861 1524/2073/1861
f 1563/2129/1862 1524/2073/1862 1564/2130/1862
f 1564/2130/1863 1524/2073/1863 1523/2072/1863
f 1564/2130/1864 1523/2072/1864 1515/2064/1864
f 1515/2064/1865 1523/2072/1865 1522/2071/1865
f 1515/2064/1866 1522/2071/1866 1168/1430/1866
f 1168/1430/1867 1522/2071/1867 1167/1429/1867
f 1501/2131/1868 1500/2034/1868 1558/2132/1868
f 1558/2132/1869 1500/2034/1869 1557/2123/1869
f 1558/2132/1870 1557/2123/1870 1565/2133/1870
f 1565/2133/1871 1557/2123/1871 1556/2122/1871
f 501/634/1872 1555/2120/1872 1554/2119/1872
f 1554/2119/1873 1555/2120/1873 1566/2134/1873
f 1554/2119/1874 1566/2134/1874 1519/2068/1874
f 1519/2068/1875 1566/2134/1875 1567/2135/1875
f 1519/2068/1876 1567/2135/1876 1568/2136/1876
f 1568/2136/1877 1567/2135/1877 1569/2137/1877
f 1568/2136/1878 1569/2137/1878 1570/2138/1878
f 1570/2138/1879 1569/2137/1879 1571/2139/1879
f 1570/2138/1880 1571/2139/1880 1572/2140/1880
f 1573/2141/1881 1553/2118/1881 1574/2142/1881
f 1574/2142/1882 1553/2118/1882 1552/2117/1882
f 1574/2142/1883 1552/2117/1883 1575/2143/1883
f 1575/2143/1884 1552/2117/1884 1520/2069/1884
f 1575/2143/1885 1520/2069/1885 1549/2114/1885
f 1549/2114/1886 1520/2069/1886 534/667/1886
f 1549/2114/1887 534/667/1887 533/666/1887
f 1576/2144/1888 1573/2141/1888 1577/2145/1888
f 1577/2145/1889 1573/2141/1889 1574/2142/1889
f 1577/2145/1890 1574/2142/1890 1578/2146/1890
f 1578/2146/1891 1574/2142/1891 1575/2143/1891
f 1578/2146/1892 1575/2143/1892 1579/2147/1892
f 1579/2147/1893 1575/2143/1893 1549/2114/1893
f 1579/2147/1894 1549/2114/1894 1546/2111/1894
f 1546/2111/1895 1549/2114/1895 1551/2116/1895
f 1546/2111/1811 1551/2116/1811 1547/2112/1811
f 1580/2148/1896 1576/2144/1896 1581/2149/1896
f 1581/2149/1897 1576/2144/1897 1577/2145/1897
f 1581/2149/1898 1577/2145/1898 1582/2150/1898
f 1582/2150/1899 1577/2145/1899 1578/2146/1899
f 1582/2150/1900 1578/2146/1900 1583/2151/1900
f 1583/2151/1901 1578/2146/1901 1579/2147/1901
f 1583/2151/1902 1579/2147/1902 1584/2152/1902
f 1584/2152/1903 1579/2147/1903 1546/2111/1903
f 1584/2152/1904 1546/2111/1904 1543/2108/1904
f 1543/2108/1905 1546/2111/1905 1548/2113/1905
f 1543/2108/1810 1548/2113/1810 1544/2109/1810
f 1585/2153/1906 1580/2148/1906 1586/2154/1906
f 1586/2154/1907 1580/2148/1907 1581/2149/1907
f 1586/2154/1908 1581/2149/1908 1587/2155/1908
f 1587/2155/1909 1581/2149/1909 1582/2150/1909
f 1587/2155/1910 1582/2150/1910 1588/2156/1910
f 1588/2156/1911 1582/2150/1911 1583/2151/1911
f 1588/2156/1912 1583/2151/1912 1589/2157/1912
f 1589/2157/1913 1583/2151/1913 1584/2152/1913
f 1589/2157/1914 1584/2152/1914 1590/2158/1914
f 1590/2158/1915 1584/2152/1915 1543/2108/1915
f 1590/2158/1916 1543/2108/1916 1541/2106/1916
f 1541/2106/1917 1543/2108/1917 1545/2110/1917
f 1541/2106/1918 1545/2110/1918 1542/2107/1918
f 1532/2088/1919 1585/2153/1919 1531/2087/1919
f 1531/2087/1920 1585/2153/1920 1586/2154/1920
f 1531/2087/1921 1586/2154/1921 1533/2095/1921
f 1533/2095/1922 1586/2154/1922 1587/2155/1922
f 1533/2095/1923 1587/2155/1923 1591/2159/1923
f 1591/2159/1924 1587/2155/1924 1588/2156/1924
f 1591/2159/1925 1588/2156/1925 1592/2160/1925
f 1592/2160/1926 1588/2156/1926 1589/2157/1926
f 1592/2160/1927 1589/2157/1927 1593/2161/1927
f 1593/2161/1928 1589/2157/1928 1590/2158/1928
f 1593/2161/1929 1590/2158/1929 1594/2162/1929
f 1594/2162/1930 1590/2158/1930 1541/2106/1930
f 1594/2162/1931 1541/2106/1931 1539/2104/1931
f 1539/2104/1932 1541/2106/1932 865/1075/1932
f 1539/2104/1933 865/1075/1933 864/1074/1933
f 916/1128/1934 1533/2095/1934 1521/2070/1934
f 1521/2070/1935 1533/2095/1935 1591/2159/1935
f 1521/2070/1936 1591/2159/1936 1534/2099/1936
f 1534/2099/1937 1591/2159/1937 1592/2160/1937
f 1534/2099/1938 1592/2160/1938 1535/2100/1938
f 1535/2100/1939 1592/2160/1939 1593/2161/1939
f 1535/2100/1940 1593/2161/1940 1536/2101/1940
f 1536/2101/1941 1593/2161/1941 1594/2162/1941
f 1536/2101/1942 1594/2162/1942 1537/2102/1942
f 1537/2102/1943 1594/2162/1943 1539/2104/1943
f 1537/2102/1943 1539/2104/1943 1538/2103/1943
f 1538/2103/1944 1539/2104/1944 857/1067/1944
f 1538/2103/1800 857/1067/1800 866/1076/1800
f 1477/2007/1945 1478/2008/1945 1097/1343/1945
f 1097/1343/1946 1478/2008/1946 1516/2065/1946
f 1097/1343/1947 1516/2065/1947 1514/2063/1947
f 1514/2063/1948 1516/2065/1948 1482/2015/1948
f 1514/2063/1949 1482/2015/1949 1483/2016/1949
f 1206/1478/1950 1099/1345/1950 1595/2163/1950
f 1595/2163/1951 1099/1345/1951 1514/2063/1951
f 1595/2163/1952 1514/2063/1952 1596/2164/1952
f 1596/2164/1953 1514/2063/1953 1562/2128/1953
f 1596/2164/1954 1562/2128/1954 1597/2165/1954
f 1597/2165/1955 1562/2128/1955 1517/2066/1955
f 1597/2165/1956 1517/2066/1956 1598/2166/1956
f 1598/2166/1957 1517/2066/1957 1561/2127/1957
f 1598/2166/1958 1561/2127/1958 1599/2167/1958
f 1599/2167/1959 1561/2127/1959 1560/2126/1959
f 1599/2167/1960 1560/2126/1960 1600/2168/1960
f 1600/2168/1961 1560/2126/1961 1559/2125/1961
f 1600/2169/1962 1559/2170/1962 1572/2140/1962
f 1572/2140/1963 1559/2170/1963 1558/2132/1963
f 1572/2140/1964 1558/2132/1964 1570/2138/1964
f 1570/2138/1965 1558/2132/1965 1565/2133/1965
f 1570/2138/1966 1565/2133/1966 1568/2136/1966
f 1568/2136/1967 1565/2133/1967 1556/2122/1967
f 1568/2136/1968 1556/2122/1968 1519/2068/1968
f 1519/2068/1969 1556/2122/1969 1513/2062/1969
f 1519/2068/1970 1513/2062/1970 1512/2061/1970
f 1169/1431/1746 1206/1477/1746 1515/2064/1746
f 1515/2064/1971 1206/1477/1971 1595/2171/1971
f 1515/2064/1972 1595/2171/1972 1564/2130/1972
f 1564/2130/1973 1595/2171/1973 1596/2172/1973
f 1564/2130/1974 1596/2172/1974 1563/2129/1974
f 1563/2129/1975 1596/2172/1975 1597/2173/1975
f 1563/2129/1976 1597/2173/1976 1527/2076/1976
f 1527/2076/1977 1597/2173/1977 1598/2174/1977
f 1527/2076/1978 1598/2174/1978 1526/2075/1978
f 1526/2075/1979 1598/2174/1979 1599/2175/1979
f 1526/2075/1980 1599/2175/1980 1528/2077/1980
f 1528/2077/1981 1599/2175/1981 1600/2176/1981
f 1528/2077/1982 1600/2176/1982 1529/2082/1982
f 1529/2082/1983 1600/2176/1983 1572/2177/1983
f 1529/2090/1984 1572/2140/1984 1532/2088/1984
f 1532/2088/1985 1572/2140/1985 1571/2139/1985
f 1532/2088/1986 1571/2139/1986 1585/2153/1986
f 1585/2153/1987 1571/2139/1987 1569/2137/1987
f 1585/2153/1988 1569/2137/1988 1580/2148/1988
f 1580/2148/1989 1569/2137/1989 1567/2135/1989
f 1580/2148/1990 1567/2135/1990 1576/2144/1990
f 1576/2144/1991 1567/2135/1991 1566/2134/1991
f 1576/2144/1992 1566/2134/1992 1573/2141/1992
f 1573/2141/1993 1566/2134/1993 1555/2120/1993
f 1573/2141/1994 1555/2120/1994 1553/2118/1994
f 1553/2118/1995 1555/2120/1995 512/645/1995
f 1553/2118/1824 512/645/1824 510/643/1824
f 528/661/1448 859/1069/1448 1540/2105/1448
f 1544/2109/1448 1548/2113/1448 528/661/1448
f 528/661/1448 1548/2113/1448 1547/2112/1448
f 1547/2112/1448 1551/2116/1448 528/661/1448
f 528/661/1448 1551/2116/1448 1550/2115/1448
f 528/661/1448 1550/2115/1448 529/662/1448
f 1540/2105/1448 1542/2107/1448 528/661/1448
f 528/661/1448 1542/2107/1448 1545/2110/1448
f 528/661/1448 1545/2110/1448 1544/2109/1448
f 949/1161/1448 860/1070/1448 263/351/1448
f 1013/1225/1996 263/351/1996 1014/1226/1996
f 1014/1226/1448 263/351/1448 262/350/1448
f 1013/1225/1448 1012/1224/1448 263/351/1448
f 263/351/1448 1012/1224/1448 955/1167/1448
f 263/351/1448 955/1167/1448 954/1166/1448
f 954/1166/1448 952/1164/1448 263/351/1448
f 263/351/1448 952/1164/1448 951/1163/1448
f 263/351/1448 951/1163/1448 949/1161/1448
f 255/2178/1997 1006/2179/1997 1005/2180/1997
f 281/2181/1998 280/2182/1998 1005/2183/1998
f 1005/1217/1999 280/374/1999 256/342/1999
f 1005/1217/2000 256/342/2000 255/341/2000
f 287/385/2001 286/2184/2001 999/1211/2001
f 999/1211/2002 286/2184/2002 285/2185/2002
f 999/1211/2003 285/2185/2003 992/1204/2003
f 999/2186/2004 998/2187/2004 287/2188/2004
f 287/2189/2005 998/2190/2005 997/2191/2005
f 287/385/2006 997/1209/2006 288/386/2006
f 288/2192/2007 997/2193/2007 1002/2194/2007
f 288/2192/2008 1002/2194/2008 255/2195/2008
f 255/2195/2009 1002/2194/2009 1001/1279/2009
f 255/2195/2010 1001/1279/2010 1006/1278/2010
f 992/1204/2011 285/2185/2011 993/1205/2011
f 993/1205/2012 285/2185/2012 284/2196/2012
f 993/2197/2013 284/2198/2013 995/2199/2013
f 995/2200/2014 284/2201/2014 297/2202/2014
f 995/1317/2015 297/399/2015 989/1201/2015
f 989/1201/2016 297/399/2016 990/1202/2016
f 990/1202/2017 297/399/2017 296/398/2017
f 990/1202/2018 296/398/2018 991/1203/2018
f 991/1203/2019 296/398/2019 295/396/2019
f 991/1203/2020 295/396/2020 958/1170/2020
f 958/1170/2021 295/396/2021 294/395/2021
f 958/1170/2022 294/395/2022 959/1171/2022
f 959/1171/2023 294/395/2023 290/388/2023
f 959/1171/2024 290/388/2024 986/1198/2024
f 986/1198/2025 290/388/2025 289/387/2025
f 986/1198/2025 289/387/2025 293/394/2025
f 986/1198/2026 293/394/2026 987/1199/2026
f 987/1199/2027 293/394/2027 292/393/2027
f 987/1199/2028 292/393/2028 981/1193/2028
f 981/1193/2029 292/393/2029 982/1194/2029
f 982/1194/2030 292/393/2030 291/391/2030
f 982/1194/2031 291/391/2031 984/1196/2031
f 291/391/2032 302/404/2032 984/1196/2032
f 984/1196/2033 302/404/2033 301/403/2033
f 984/1196/2034 301/403/2034 985/1197/2034
f 985/1197/2035 301/403/2035 300/402/2035
f 985/1197/2036 300/402/2036 979/1191/2036
f 979/1191/2037 300/402/2037 299/401/2037
f 979/1191/2038 299/401/2038 980/1192/2038
f 980/1192/2039 299/401/2039 298/400/2039
f 980/1192/2040 298/400/2040 973/1185/2040
f 973/1185/2041 298/400/2041 974/1186/2041
f 298/400/2042 306/408/2042 974/1186/2042
f 974/1186/2043 306/408/2043 305/407/2043
f 974/1186/2044 305/407/2044 976/1188/2044
f 976/1188/2045 305/407/2045 304/406/2045
f 976/1188/2046 304/406/2046 977/1189/2046
f 977/1189/2047 304/406/2047 969/1181/2047
f 969/1181/2048 304/406/2048 303/405/2048
f 969/1181/2049 303/405/2049 970/1182/2049
f 970/1182/2050 303/405/2050 314/418/2050
f 970/1182/2051 314/418/2051 972/1184/2051
f 972/1184/2052 314/418/2052 313/417/2052
f 972/1184/2053 313/417/2053 964/1176/2053
f 964/1176/2054 313/417/2054 312/416/2054
f 964/2203/2055 312/2204/2055 965/2205/2055
f 965/1177/2056 312/416/2056 967/1179/2056
f 967/1179/2057 312/416/2057 311/415/2057
f 967/1179/2058 311/415/2058 968/1180/2058
f 311/415/2059 310/414/2059 968/1180/2059
f 968/2206/2060 310/2207/2060 309/2208/2060
f 968/2206/2061 309/2208/2061 961/2209/2061
f 961/2209/2062 309/2208/2062 962/2210/2062
f 962/2211/2063 309/2212/2063 1601/2213/2063
f 1601/2214/2064 309/412/2064 308/410/2064
f 1601/2214/2065 308/410/2065 1602/2215/2065
f 1602/2215/2066 308/410/2066 307/409/2066
f 1602/2215/2067 307/409/2067 1603/2216/2067
f 1603/2216/2068 307/409/2068 319/425/2068
f 1603/2217/2069 319/2218/2069 1604/2219/2069
f 1604/2220/2070 319/425/2070 318/424/2070
f 1604/2220/2071 318/424/2071 1605/2221/2071
f 1605/2221/2072 318/424/2072 317/423/2072
f 1605/2221/2073 317/423/2073 1606/2222/2073
f 1606/2222/2074 317/423/2074 1607/2223/2074
f 1607/2223/2075 317/423/2075 316/420/2075
f 1607/2223/2076 316/420/2076 1608/2224/2076
f 1608/2224/2077 316/420/2077 1609/2225/2077
f 1609/2225/2078 316/420/2078 315/419/2078
f 1609/2225/2079 315/419/2079 1610/2226/2079
f 1610/2226/2080 315/419/2080 325/433/2080
f 1610/2226/2081 325/433/2081 1611/2227/2081
f 1611/2227/2082 325/433/2082 324/432/2082
f 1611/2227/2083 324/432/2083 323/431/2083
f 320/2228/2084 1612/2229/2084 321/2230/2084
f 321/427/2085 1612/2231/2085 1613/2232/2085
f 321/427/2086 1613/2232/2086 322/429/2086
f 322/429/2087 1613/2232/2087 1614/2233/2087
f 322/429/2088 1614/2233/2088 323/431/2088
f 323/431/2089 1614/2233/2089 1615/2234/2089
f 323/431/2089 1615/2234/2089 1611/2227/2089
f 327/436/2090 1616/2235/2090 328/437/2090
f 328/437/2091 1616/2235/2091 1617/2236/2091
f 328/437/2092 1617/2236/2092 329/438/2092
f 329/438/2093 1617/2236/2093 1618/2237/2093
f 329/438/2094 1618/2237/2094 330/440/2094
f 330/440/2095 1618/2237/2095 1619/2238/2095
f 330/440/2096 1619/2238/2096 331/445/2096
f 331/445/2097 1619/2238/2097 1620/2239/2097
f 331/445/2098 1620/2239/2098 320/2228/2098
f 320/2228/2099 1620/2239/2099 1621/2240/2099
f 320/2228/2100 1621/2240/2100 1612/2229/2100
f 1622/2241/2101 1623/2242/2101 341/460/2101
f 341/460/2102 1623/2242/2102 1624/2243/2102
f 341/460/2103 1624/2243/2103 332/447/2103
f 332/447/2104 1624/2243/2104 1625/2244/2104
f 332/447/2105 1625/2244/2105 333/448/2105
f 333/448/2106 1625/2244/2106 1626/2245/2106
f 333/448/2107 1626/2245/2107 334/450/2107
f 334/450/2108 1626/2245/2108 1627/2246/2108
f 334/450/2109 1627/2246/2109 335/452/2109
f 335/452/2110 1627/2246/2110 1628/2247/2110
f 335/452/2111 1628/2247/2111 336/453/2111
f 336/453/2112 1628/2247/2112 1629/2248/2112
f 336/453/2113 1629/2248/2113 326/435/2113
f 326/435/2114 1629/2248/2114 1630/2249/2114
f 326/435/2115 1630/2249/2115 327/436/2115
f 327/436/2116 1630/2249/2116 1631/2250/2116
f 327/436/2117 1631/2250/2117 1616/2235/2117
f 1632/2251/2118 339/457/2118 338/455/2118
f 341/460/2119 340/459/2119 1622/2241/2119
f 1622/2241/2119 340/459/2119 339/457/2119
f 1622/2241/2120 339/457/2120 1633/2252/2120
f 1633/2252/2121 339/457/2121 1632/2251/2121
f 346/2253/2122 1634/2254/2122 347/2255/2122
f 347/2255/2123 1634/2254/2123 1635/2256/2123
f 347/2255/2124 1635/2256/2124 337/2257/2124
f 337/454/2125 1635/2258/2125 1636/2259/2125
f 337/454/2126 1636/2259/2126 338/455/2126
f 338/455/2127 1636/2259/2127 1637/2260/2127
f 338/455/2128 1637/2260/2128 1632/2251/2128
f 1638/2261/2129 1074/1318/2129 963/1175/2129
f 1036/1262/2130 1037/1263/2130 1639/2262/2130
f 1605/2221/2131 1606/2222/2131 1640/2263/2131
f 1611/2227/2132 1615/2234/2132 1641/2264/2132
f 1636/2259/2133 1642/2265/2133 1643/2266/2133
f 361/486/2134 369/495/2134 1644/2267/2134
f 751/957/2135 1645/2268/2135 749/955/2135
f 787/995/2136 1035/1261/2136 784/992/2136
f 784/992/2137 1035/1261/2137 1646/2269/2137
f 780/988/2138 779/987/2138 1647/2270/2138
f 1647/2270/2139 779/987/2139 786/994/2139
f 1647/2270/2140 786/994/2140 1646/2269/2140
f 1646/2269/2141 786/994/2141 785/993/2141
f 1646/2269/2141 785/993/2141 784/992/2141
f 780/988/2138 1647/2270/2138 782/990/2138
f 782/990/2142 1647/2270/2142 1648/2271/2142
f 782/990/2143 1648/2271/2143 783/991/2143
f 776/984/2144 772/980/2144 1649/2272/2144
f 1649/2272/2145 772/980/2145 770/978/2145
f 1649/2272/2146 770/978/2146 1648/2271/2146
f 1648/2271/2147 770/978/2147 769/977/2147
f 1648/2271/2143 769/977/2143 783/991/2143
f 1650/2273/2148 778/986/2148 1651/2274/2148
f 1651/2274/2149 778/986/2149 777/985/2149
f 1652/2275/2150 765/973/2150 1650/2273/2150
f 1650/2273/2151 765/973/2151 775/983/2151
f 775/983/2152 774/982/2152 1650/2273/2152
f 1650/2273/2153 774/982/2153 773/981/2153
f 1650/2273/2153 773/981/2153 778/986/2153
f 755/2276/2154 768/2277/2154 1653/2278/2154
f 1653/2278/2155 768/2277/2155 767/2279/2155
f 1653/2280/2156 767/975/2156 1652/2275/2156
f 1652/2275/2157 767/975/2157 764/972/2157
f 1652/2275/2158 764/972/2158 765/973/2158
f 759/2281/2159 758/2282/2159 1654/2283/2159
f 1654/2283/2160 758/2282/2160 757/2284/2160
f 761/968/2161 760/967/2161 1655/2285/2161
f 1655/2285/2162 760/967/2162 759/2281/2162
f 1655/2285/2163 759/2281/2163 1656/2286/2163
f 1656/2286/2164 759/2281/2164 1654/2283/2164
f 1656/2286/2165 1654/2283/2165 1653/2287/2165
f 1653/2288/2166 1654/2289/2166 757/2290/2166
f 1653/2278/2167 757/2291/2167 755/2276/2167
f 751/957/2168 763/971/2168 1657/2292/2168
f 1657/2292/2169 763/971/2169 1655/2285/2169
f 1655/2285/2161 763/971/2161 762/970/2161
f 1655/2285/2161 762/970/2161 761/968/2161
f 749/955/2170 1645/2268/2170 750/956/2170
f 750/2293/2171 1645/2294/2171 1658/2295/2171
f 750/956/2172 1658/2296/2172 752/958/2172
f 1659/2297/2173 744/950/2173 742/948/2173
f 1659/2297/2174 742/948/2174 1658/2296/2174
f 1658/2296/2175 742/948/2175 753/959/2175
f 1658/2296/2175 753/959/2175 752/958/2175
f 747/953/2176 746/952/2176 1660/2298/2176
f 1660/2298/2177 746/952/2177 1659/2297/2177
f 1659/2297/2178 746/952/2178 745/951/2178
f 1659/2297/2173 745/951/2173 744/950/2173
f 1661/2299/2179 736/942/2179 1660/2298/2179
f 1660/2298/2180 736/942/2180 748/954/2180
f 1660/2298/2180 748/954/2180 747/953/2180
f 1661/2299/2181 740/946/2181 739/945/2181
f 739/945/2182 738/944/2182 1661/2299/2182
f 1661/2299/2183 738/944/2183 737/943/2183
f 1661/2299/2184 737/943/2184 736/942/2184
f 728/934/2185 726/932/2185 1662/2300/2185
f 1662/2300/2186 726/932/2186 725/931/2186
f 1662/2300/2187 725/931/2187 1661/2299/2187
f 1661/2299/2188 725/931/2188 730/936/2188
f 1661/2299/2188 730/936/2188 740/946/2188
f 723/929/2189 721/927/2189 1663/2301/2189
f 1663/2301/2190 721/927/2190 719/925/2190
f 1663/2301/2191 719/925/2191 729/935/2191
f 716/922/2192 724/930/2192 1664/2302/2192
f 1664/2302/2193 724/930/2193 1665/2303/2193
f 1664/2302/2194 1665/2303/2194 1666/2304/2194
f 1667/2305/2195 1668/2306/2195 1669/2307/2195
f 1670/2308/2196 1671/2309/2196 1672/2310/2196
f 1673/2311/2197 1674/2312/2197 1675/2313/2197
f 364/490/2198 1674/2312/2198 366/492/2198
f 366/492/2199 1674/2312/2199 1673/2311/2199
f 366/492/2200 1673/2311/2200 368/494/2200
f 356/480/2201 355/479/2201 1644/2267/2201
f 1644/2267/2202 355/479/2202 354/478/2202
f 354/478/2203 353/476/2203 1644/2267/2203
f 1644/2267/2204 353/476/2204 352/475/2204
f 1644/2267/2134 352/475/2134 361/486/2134
f 360/485/2205 359/484/2205 1676/2314/2205
f 1676/2314/2205 359/484/2205 358/482/2205
f 1676/2314/2206 358/482/2206 1644/2267/2206
f 1644/2267/2207 358/482/2207 357/481/2207
f 1644/2267/2201 357/481/2201 356/480/2201
f 360/485/2205 1676/2314/2205 348/469/2205
f 348/469/2208 1676/2314/2208 1677/2315/2208
f 348/469/2209 1677/2315/2209 349/470/2209
f 345/465/2210 344/464/2210 1678/2316/2210
f 1678/2316/2211 344/464/2211 343/463/2211
f 343/463/2212 342/462/2212 1679/2317/2212
f 1679/2317/2213 342/462/2213 351/473/2213
f 1679/2317/2213 351/473/2213 350/472/2213
f 1643/2266/2214 1642/2265/2214 1678/2316/2214
f 1678/2316/2215 1642/2265/2215 346/467/2215
f 1678/2316/2216 346/467/2216 345/465/2216
f 1636/2259/2217 1635/2258/2217 1642/2265/2217
f 1642/2265/2218 1635/2258/2218 1634/2318/2218
f 1642/2265/2218 1634/2318/2218 346/467/2218
f 1680/2319/2219 1632/2251/2219 1637/2260/2219
f 1624/2243/2220 1623/2242/2220 1681/2320/2220
f 1681/2320/2221 1623/2242/2221 1622/2241/2221
f 1681/2320/2222 1622/2241/2222 1680/2319/2222
f 1680/2319/2223 1622/2241/2223 1633/2252/2223
f 1680/2319/2224 1633/2252/2224 1632/2251/2224
f 1682/2321/2225 1626/2245/2225 1625/2244/2225
f 1630/2249/2226 1629/2248/2226 1683/2322/2226
f 1683/2322/2226 1629/2248/2226 1628/2247/2226
f 1683/2322/2227 1628/2247/2227 1682/2321/2227
f 1682/2321/2225 1628/2247/2225 1627/2246/2225
f 1682/2321/2225 1627/2246/2225 1626/2245/2225
f 1684/2323/2228 1617/2236/2228 1616/2235/2228
f 1684/2323/2229 1616/2235/2229 1683/2322/2229
f 1683/2322/2230 1616/2235/2230 1631/2250/2230
f 1683/2322/2226 1631/2250/2226 1630/2249/2226
f 1621/2240/2231 1620/2239/2231 1685/2324/2231
f 1685/2324/2232 1620/2239/2232 1619/2238/2232
f 1685/2324/2233 1619/2238/2233 1684/2323/2233
f 1684/2323/2228 1619/2238/2228 1618/2237/2228
f 1684/2323/2228 1618/2237/2228 1617/2236/2228
f 1615/2234/2132 1614/2233/2132 1641/2264/2132
f 1641/2264/2234 1614/2233/2234 1613/2232/2234
f 1641/2264/2235 1613/2232/2235 1685/2325/2235
f 1685/2324/2236 1613/2326/2236 1612/2229/2236
f 1685/2324/2231 1612/2229/2231 1621/2240/2231
f 1611/2227/2237 1641/2264/2237 1610/2226/2237
f 1610/2226/2238 1641/2264/2238 1686/2327/2238
f 1610/2226/2239 1686/2327/2239 1609/2225/2239
f 1638/2261/2240 1607/2223/2240 1686/2327/2240
f 1686/2327/2239 1607/2223/2239 1608/2224/2239
f 1686/2327/2241 1608/2224/2241 1609/2225/2241
f 963/1175/2242 962/1174/2242 1601/2214/2242
f 1602/2215/2243 1603/2216/2243 1640/2263/2243
f 1640/2263/2244 1603/2216/2244 1604/2220/2244
f 1640/2263/2244 1604/2220/2244 1605/2221/2244
f 777/985/2245 776/984/2245 1651/2274/2245
f 1651/2274/2246 776/984/2246 1649/2272/2246
f 1651/2274/2247 1649/2272/2247 1687/2328/2247
f 1687/2328/2248 1649/2272/2248 1648/2271/2248
f 1687/2328/2249 1648/2271/2249 1688/2329/2249
f 1688/2329/2250 1648/2271/2250 1647/2270/2250
f 1688/2329/2251 1647/2270/2251 1639/2262/2251
f 1639/2262/2252 1647/2270/2252 1646/2269/2252
f 1639/2262/2253 1646/2269/2253 1036/1262/2253
f 1036/1262/2254 1646/2269/2254 1035/1261/2254
f 1625/2244/2255 1624/2243/2255 1682/2321/2255
f 1682/2321/2256 1624/2243/2256 1681/2320/2256
f 1682/2321/2257 1681/2320/2257 1689/2330/2257
f 1689/2330/2258 1681/2320/2258 1680/2319/2258
f 343/463/2259 1679/2317/2259 1678/2316/2259
f 1678/2316/2260 1679/2317/2260 1690/2331/2260
f 1678/2316/2261 1690/2331/2261 1643/2266/2261
f 1643/2266/2262 1690/2331/2262 1691/2332/2262
f 1643/2266/2263 1691/2332/2263 1692/2333/2263
f 1692/2333/2264 1691/2332/2264 1693/2334/2264
f 1692/2333/2265 1693/2334/2265 1694/2335/2265
f 1694/2335/2266 1693/2334/2266 1695/2336/2266
f 1694/2335/2267 1695/2336/2267 1696/2337/2267
f 1697/2338/2268 1677/2315/2268 1698/2339/2268
f 1698/2339/2269 1677/2315/2269 1676/2314/2269
f 1698/2339/2270 1676/2314/2270 1699/2340/2270
f 1699/2340/2271 1676/2314/2271 1644/2267/2271
f 1699/2340/2272 1644/2267/2272 1673/2311/2272
f 1673/2311/2273 1644/2267/2273 369/495/2273
f 1673/2311/2274 369/495/2274 368/494/2274
f 1700/2341/2275 1697/2338/2275 1701/2342/2275
f 1701/2342/2276 1697/2338/2276 1698/2339/2276
f 1701/2342/2277 1698/2339/2277 1702/2343/2277
f 1702/2343/2278 1698/2339/2278 1699/2340/2278
f 1702/2343/2279 1699/2340/2279 1703/2344/2279
f 1703/2344/2280 1699/2340/2280 1673/2311/2280
f 1703/2344/2281 1673/2311/2281 1670/2308/2281
f 1670/2308/2282 1673/2311/2282 1675/2313/2282
f 1670/2308/2196 1675/2313/2196 1671/2309/2196
f 1704/2345/2283 1700/2341/2283 1705/2346/2283
f 1705/2346/2284 1700/2341/2284 1701/2342/2284
f 1705/2346/2285 1701/2342/2285 1706/2347/2285
f 1706/2347/2286 1701/2342/2286 1702/2343/2286
f 1706/2347/2287 1702/2343/2287 1707/2348/2287
f 1707/2348/2288 1702/2343/2288 1703/2344/2288
f 1707/2348/2289 1703/2344/2289 1708/2349/2289
f 1708/2349/2290 1703/2344/2290 1670/2308/2290
f 1708/2349/2291 1670/2308/2291 1667/2305/2291
f 1667/2305/2292 1670/2308/2292 1672/2310/2292
f 1667/2305/2195 1672/2310/2195 1668/2306/2195
f 1709/2350/2293 1704/2345/2293 1710/2351/2293
f 1710/2351/2294 1704/2345/2294 1705/2346/2294
f 1710/2351/2295 1705/2346/2295 1711/2352/2295
f 1711/2352/2296 1705/2346/2296 1706/2347/2296
f 1711/2352/2297 1706/2347/2297 1712/2353/2297
f 1712/2353/2298 1706/2347/2298 1707/2348/2298
f 1712/2353/2299 1707/2348/2299 1713/2354/2299
f 1713/2354/2300 1707/2348/2300 1708/2349/2300
f 1713/2354/2301 1708/2349/2301 1714/2355/2301
f 1714/2355/2302 1708/2349/2302 1667/2305/2302
f 1714/2355/2303 1667/2305/2303 1665/2303/2303
f 1665/2303/2304 1667/2305/2304 1669/2307/2304
f 1665/2303/2194 1669/2307/2194 1666/2304/2194
f 1656/2286/2305 1709/2350/2305 1655/2285/2305
f 1655/2285/2306 1709/2350/2306 1710/2351/2306
f 1655/2285/2307 1710/2351/2307 1657/2292/2307
f 1657/2292/2308 1710/2351/2308 1711/2352/2308
f 1657/2292/2309 1711/2352/2309 1715/2356/2309
f 1715/2356/2310 1711/2352/2310 1712/2353/2310
f 1715/2356/2311 1712/2353/2311 1716/2357/2311
f 1716/2357/2312 1712/2353/2312 1713/2354/2312
f 1716/2357/2313 1713/2354/2313 1717/2358/2313
f 1717/2358/2314 1713/2354/2314 1714/2355/2314
f 1717/2358/2315 1714/2355/2315 1718/2359/2315
f 1718/2359/2316 1714/2355/2316 1665/2303/2316
f 1718/2359/2317 1665/2303/2317 1663/2301/2317
f 1663/2301/2318 1665/2303/2318 724/930/2318
f 1663/2301/2319 724/930/2319 723/929/2319
f 751/957/2320 1657/2292/2320 1645/2268/2320
f 1645/2268/2321 1657/2292/2321 1715/2356/2321
f 1645/2268/2322 1715/2356/2322 1658/2296/2322
f 1658/2296/2323 1715/2356/2323 1716/2357/2323
f 1658/2296/2324 1716/2357/2324 1659/2297/2324
f 1659/2297/2325 1716/2357/2325 1717/2358/2325
f 1659/2297/2326 1717/2358/2326 1660/2298/2326
f 1660/2298/2327 1717/2358/2327 1718/2359/2327
f 1660/2298/2328 1718/2359/2328 1661/2299/2328
f 1661/2299/2329 1718/2359/2329 1663/2301/2329
f 1661/2299/2329 1663/2301/2329 1662/2300/2329
f 1662/2300/2330 1663/2301/2330 729/935/2330
f 1662/2300/2185 729/935/2185 728/934/2185
f 1601/2214/2331 1602/2215/2331 963/1175/2331
f 963/1175/2332 1602/2215/2332 1640/2263/2332
f 963/1175/2333 1640/2263/2333 1638/2261/2333
f 1638/2261/2334 1640/2263/2334 1606/2222/2334
f 1638/2261/2335 1606/2222/2335 1607/2223/2335
f 1075/1319/2336 1074/1318/2336 1719/2360/2336
f 1719/2360/2337 1074/1318/2337 1638/2261/2337
f 1719/2360/2338 1638/2261/2338 1720/2361/2338
f 1720/2361/2339 1638/2261/2339 1686/2327/2339
f 1720/2361/2340 1686/2327/2340 1721/2362/2340
f 1721/2363/2341 1686/2364/2341 1641/2365/2341
f 1721/2366/2342 1641/2367/2342 1722/2368/2342
f 1722/2368/2343 1641/2367/2343 1685/2324/2343
f 1722/2368/2344 1685/2324/2344 1723/2369/2344
f 1723/2369/2345 1685/2324/2345 1684/2323/2345
f 1723/2369/2346 1684/2323/2346 1724/2370/2346
f 1724/2370/2347 1684/2323/2347 1683/2322/2347
f 1724/2370/2348 1683/2322/2348 1696/2337/2348
f 1696/2337/2349 1683/2322/2349 1682/2321/2349
f 1696/2337/2350 1682/2321/2350 1694/2335/2350
f 1694/2335/2351 1682/2321/2351 1689/2330/2351
f 1694/2335/2352 1689/2330/2352 1692/2333/2352
f 1692/2333/2353 1689/2330/2353 1680/2319/2353
f 1692/2333/2354 1680/2319/2354 1643/2266/2354
f 1643/2266/2355 1680/2319/2355 1637/2260/2355
f 1643/2266/2356 1637/2260/2356 1636/2259/2356
f 1037/1263/2130 1075/1320/2130 1639/2262/2130
f 1639/2262/2357 1075/1320/2357 1719/2371/2357
f 1639/2262/2358 1719/2371/2358 1688/2329/2358
f 1688/2329/2359 1719/2371/2359 1720/2372/2359
f 1688/2329/2360 1720/2372/2360 1687/2328/2360
f 1687/2328/2361 1720/2372/2361 1721/2373/2361
f 1687/2328/2362 1721/2373/2362 1651/2274/2362
f 1651/2274/2363 1721/2373/2363 1722/2374/2363
f 1651/2274/2364 1722/2374/2364 1650/2273/2364
f 1650/2273/2365 1722/2374/2365 1723/2375/2365
f 1650/2273/2366 1723/2375/2366 1652/2275/2366
f 1652/2275/2367 1723/2375/2367 1724/2376/2367
f 1652/2377/2368 1724/2370/2368 1653/2287/2368
f 1653/2287/2369 1724/2370/2369 1696/2337/2369
f 1653/2287/2370 1696/2337/2370 1656/2286/2370
f 1656/2286/2371 1696/2337/2371 1695/2336/2371
f 1656/2286/2372 1695/2336/2372 1709/2350/2372
f 1709/2350/2373 1695/2336/2373 1693/2334/2373
f 1709/2350/2374 1693/2334/2374 1704/2345/2374
f 1704/2345/2375 1693/2334/2375 1691/2332/2375
f 1704/2345/2376 1691/2332/2376 1700/2341/2376
f 1700/2341/2377 1691/2332/2377 1690/2331/2377
f 1700/2341/2378 1690/2331/2378 1697/2338/2378
f 1697/2338/2379 1690/2331/2379 1679/2317/2379
f 1697/2338/2380 1679/2317/2380 1677/2315/2380
f 1677/2315/2381 1679/2317/2381 350/472/2381
f 1677/2315/2209 350/472/2209 349/470/2209
f 363/489/1263 716/922/1263 1664/2302/1263
f 1668/2306/1263 1672/2310/1263 363/489/1263
f 363/489/1263 1672/2310/1263 1671/2309/1263
f 1671/2309/1263 1675/2313/1263 363/489/1263
f 363/489/1263 1675/2313/1263 1674/2312/1263
f 363/489/1263 1674/2312/1263 364/490/1263
f 1664/2302/1263 1666/2304/1263 363/489/1263
f 363/489/1263 1666/2304/1263 1669/2307/1263
f 363/489/1263 1669/2307/1263 1668/2306/1263
f 1725/2378/2382 1726/2379/2382 1727/2380/2382
f 1727/2380/2383 1726/2379/2383 1728/2381/2383
f 1729/2382/2384 1728/2381/2384 1730/2383/2384
f 1730/2383/2385 1728/2381/2385 1726/2379/2385
f 1730/2383/2386 1726/2379/2386 1731/2384/2386
f 1731/2384/2387 1726/2379/2387 1732/2385/2387
f 1733/2386/2388 1734/2387/2388 1735/2388/2388
f 1733/2389/2389 1735/2390/2389 1736/2391/2389
f 1736/2392/2390 1735/2393/2390 1737/2394/2390
f 1738/2395/2391 1733/2389/2391 1739/2396/2391
f 1740/2397/2392 1741/2398/2392 1742/2399/2392
f 1742/2399/2393 1741/2398/2393 455/586/2393
f 455/586/2394 452/583/2394 1742/2399/2394
f 1742/2399/2395 452/583/2395 450/581/2395
f 1742/2399/2396 450/581/2396 1743/2400/2396
f 1743/2400/2397 450/581/2397 449/580/2397
f 1743/2400/2398 449/580/2398 1744/2401/2398
f 1744/2401/2399 449/580/2399 444/575/2399
f 1744/2401/2400 444/575/2400 443/574/2400
f 1738/2395/2401 1745/2402/2401 1746/2403/2401
f 1738/2395/2402 1746/2403/2402 1733/2389/2402
f 1733/2386/2403 1746/2404/2403 1747/2405/2403
f 1733/2386/2404 1747/2405/2404 1734/2387/2404
f 1739/2396/2405 1733/2389/2405 1725/2406/2405
f 1725/2406/2406 1733/2389/2406 1736/2391/2406
f 1725/2378/2407 1736/2407/2407 1726/2379/2407
f 1726/2379/2408 1736/2407/2408 1737/2408/2408
f 1726/2379/2409 1737/2408/2409 1732/2385/2409
f 1739/2409/2410 1748/2410/2410 1749/2411/2410
f 1739/2396/2411 1749/2412/2411 1738/2395/2411
f 443/574/2412 1748/2410/2412 1744/2401/2412
f 1744/2401/2413 1748/2410/2413 1739/2409/2413
f 1744/2401/2414 1739/2409/2414 1743/2400/2414
f 1743/2400/2415 1739/2409/2415 1725/2413/2415
f 1743/2400/2416 1725/2413/2416 1742/2399/2416
f 1742/2399/2417 1725/2413/2417 1727/2414/2417
f 1742/2399/2418 1727/2414/2418 1740/2397/2418
f 1740/2415/2419 1727/2380/2419 1728/2381/2419
f 457/588/2420 455/586/2420 1750/2416/2420
f 1750/2416/2420 455/586/2420 1741/2398/2420
f 1750/2416/2421 1741/2398/2421 1751/2417/2421
f 1751/2417/2422 1741/2398/2422 1740/2397/2422
f 1751/2418/2423 1740/2415/2423 1752/2419/2423
f 1752/2419/2423 1740/2415/2423 1728/2381/2423
f 1752/2419/2424 1728/2381/2424 1753/2420/2424
f 1753/2420/2425 1728/2381/2425 1729/2382/2425
f 1754/2421/2426 1755/2422/2426 1756/2423/2426
f 1756/2423/2427 1755/2422/2427 1757/2424/2427
f 1758/2425/2428 1757/2424/2428 1759/2426/2428
f 1759/2426/2429 1757/2424/2429 1755/2422/2429
f 1759/2426/2430 1755/2422/2430 1760/2427/2430
f 1760/2427/2431 1755/2422/2431 1761/2428/2431
f 1762/2429/2432 1763/2430/2432 1764/2431/2432
f 1764/2432/2433 1763/2433/2433 1765/2434/2433
f 1764/2432/2434 1765/2434/2434 1766/2435/2434
f 1752/2419/2435 1765/2434/2435 1767/2436/2435
f 1768/2437/2436 1769/2438/2436 1770/2439/2436
f 1770/2440/2437 1769/2441/2437 463/594/2437
f 463/594/2438 462/593/2438 1770/2440/2438
f 1770/2440/2439 462/593/2439 461/592/2439
f 1770/2440/2440 461/592/2440 1771/2442/2440
f 1771/2442/2441 461/592/2441 460/591/2441
f 1771/2442/2442 460/591/2442 1772/2443/2442
f 1772/2443/2443 460/591/2443 459/590/2443
f 1772/2443/2444 459/590/2444 457/588/2444
f 1752/2419/2445 1753/2420/2445 1773/2444/2445
f 1752/2419/2446 1773/2444/2446 1765/2434/2446
f 1765/2434/2447 1773/2444/2447 1774/2445/2447
f 1765/2434/2448 1774/2445/2448 1766/2435/2448
f 1767/2436/2449 1765/2434/2449 1754/2446/2449
f 1754/2446/2450 1765/2434/2450 1763/2433/2450
f 1754/2421/2451 1763/2430/2451 1755/2422/2451
f 1755/2422/2452 1763/2430/2452 1762/2429/2452
f 1755/2447/2453 1762/2448/2453 1761/2449/2453
f 1767/2450/2454 1750/2416/2454 1751/2417/2454
f 1767/2436/2455 1751/2418/2455 1752/2419/2455
f 457/588/2456 1750/2416/2456 1772/2443/2456
f 1772/2443/2457 1750/2416/2457 1767/2450/2457
f 1772/2443/2458 1767/2450/2458 1771/2442/2458
f 1771/2442/2459 1767/2450/2459 1754/2451/2459
f 1771/2452/2460 1754/2421/2460 1770/2439/2460
f 1770/2439/2461 1754/2421/2461 1756/2423/2461
f 1770/2439/2462 1756/2423/2462 1768/2437/2462
f 1768/2437/2463 1756/2423/2463 1757/2424/2463
f 465/596/2464 463/594/2464 1775/2453/2464
f 1775/2453/2465 463/594/2465 1769/2441/2465
f 1775/2453/2466 1769/2441/2466 1776/2454/2466
f 1776/2454/2467 1769/2441/2467 1777/2455/2467
f 1777/2456/2468 1769/2438/2468 1768/2437/2468
f 1777/2456/2469 1768/2437/2469 1778/2457/2469
f 1778/2457/2470 1768/2437/2470 1779/2458/2470
f 1768/2437/2471 1757/2424/2471 1779/2458/2471
f 1779/2458/2472 1757/2424/2472 1780/2459/2472
f 1780/2459/2473 1757/2424/2473 1758/2425/2473
f 1780/2459/2474 1758/2425/2474 1781/2460/2474
f 1782/2461/2475 1783/2462/2475 1784/2463/2475
f 1782/2464/2476 1784/2465/2476 1785/2466/2476
f 1786/2467/2477 1787/2468/2477 1788/2469/2477
f 1784/2463/2478 1789/2470/2478 1785/2471/2478
f 1785/2466/2479 1789/2472/2479 1790/2473/2479
f 1790/2473/2480 1789/2472/2480 1791/2474/2480
f 1790/2473/2481 1791/2474/2481 1792/2475/2481
f 1792/2475/2482 1791/2474/2482 1786/2467/2482
f 1792/2475/2483 1786/2467/2483 1793/2476/2483
f 1793/2476/2484 1786/2467/2484 1794/2477/2484
f 1794/2477/2485 1786/2467/2485 1788/2469/2485
f 1795/2478/2486 1796/2479/2486 1797/2480/2486
f 1797/2480/2487 1796/2479/2487 1798/2481/2487
f 1799/2482/2488 1798/2481/2488 1800/2483/2488
f 1800/2483/2489 1798/2481/2489 1796/2479/2489
f 1800/2483/2490 1796/2479/2490 1801/2484/2490
f 1801/2484/2491 1796/2479/2491 1802/2485/2491
f 1803/2486/2492 1804/2487/2492 1805/2488/2492
f 1803/2489/2493 1805/2490/2493 1806/2491/2493
f 1806/2492/2494 1805/2493/2494 1807/2494/2494
f 1789/2472/2495 1803/2495/2495 1808/2496/2495
f 1809/2497/2496 1810/2498/2496 1811/2499/2496
f 1811/2499/2497 1810/2498/2497 1812/2500/2497
f 1812/2500/2498 1813/2501/2498 1811/2499/2498
f 1811/2499/2499 1813/2501/2499 1814/2502/2499
f 1811/2499/2500 1814/2502/2500 1815/2503/2500
f 1815/2503/2501 1814/2502/2501 1816/2504/2501
f 1815/2503/2502 1816/2504/2502 1817/2505/2502
f 1817/2505/2503 1816/2504/2503 1818/2506/2503
f 1817/2505/2504 1818/2506/2504 1787/2468/2504
f 1789/2470/2505 1784/2463/2505 1819/2507/2505
f 1789/2470/2506 1819/2507/2506 1803/2508/2506
f 1803/2486/2507 1819/2509/2507 1820/2510/2507
f 1803/2486/2508 1820/2510/2508 1804/2487/2508
f 1808/2496/2509 1803/2495/2509 1795/2511/2509
f 1795/2511/2510 1803/2495/2510 1806/2512/2510
f 1795/2478/2511 1806/2513/2511 1796/2479/2511
f 1796/2514/2512 1806/2492/2512 1807/2494/2512
f 1796/2515/2513 1807/2516/2513 1802/2517/2513
f 1808/2496/2514 1786/2467/2514 1791/2474/2514
f 1808/2496/2515 1791/2474/2515 1789/2472/2515
f 1787/2468/2516 1786/2467/2516 1817/2505/2516
f 1817/2505/2517 1786/2467/2517 1808/2496/2517
f 1817/2505/2518 1808/2496/2518 1815/2503/2518
f 1815/2503/2519 1808/2496/2519 1795/2511/2519
f 1815/2503/2520 1795/2511/2520 1811/2499/2520
f 1811/2499/2521 1795/2511/2521 1797/2518/2521
f 1811/2499/2522 1797/2518/2522 1809/2497/2522
f 1809/2519/2523 1797/2480/2523 1798/2481/2523
f 1799/2482/2524 1821/2520/2524 1798/2481/2524
f 1798/2481/2524 1821/2520/2524 1822/2521/2524
f 1798/2481/2525 1822/2521/2525 1809/2519/2525
f 1809/2519/2526 1822/2521/2526 1823/2522/2526
f 1809/2497/2527 1823/2523/2527 1810/2498/2527
f 1810/2498/2528 1823/2523/2528 1824/2524/2528
f 1810/2498/2529 1824/2524/2529 1812/2500/2529
f 1812/2500/2530 1824/2524/2530 1825/2525/2530
f 1826/2526/2531 1827/2527/2531 1828/2528/2531
f 1828/2528/2532 1827/2527/2532 1829/2529/2532
f 1830/2530/2533 1829/2529/2533 1831/2531/2533
f 1831/2531/2534 1829/2529/2534 1827/2527/2534
f 1831/2531/2535 1827/2527/2535 1832/2532/2535
f 1832/2532/2536 1827/2527/2536 1833/2533/2536
f 1834/2534/2537 1835/2535/2537 1836/2536/2537
f 1836/2537/2538 1835/2538/2538 1837/2539/2538
f 1836/2537/2539 1837/2539/2539 1838/2540/2539
f 1822/2521/2540 1837/2539/2540 1839/2541/2540
f 1840/2542/2541 1841/2543/2541 1842/2544/2541
f 1842/2544/2542 1841/2543/2542 1843/2545/2542
f 1843/2545/2543 1844/2546/2543 1842/2544/2543
f 1842/2544/2544 1844/2546/2544 1845/2547/2544
f 1842/2544/2545 1845/2547/2545 1846/2548/2545
f 1846/2548/2546 1845/2547/2546 1847/2549/2546
f 1846/2548/2547 1847/2549/2547 1848/2550/2547
f 1848/2550/2548 1847/2549/2548 1849/2551/2548
f 1848/2550/2549 1849/2551/2549 1825/2525/2549
f 1822/2521/2550 1821/2520/2550 1850/2552/2550
f 1822/2521/2551 1850/2552/2551 1837/2539/2551
f 1837/2539/2552 1850/2552/2552 1851/2553/2552
f 1837/2539/2553 1851/2553/2553 1838/2540/2553
f 1839/2541/2554 1837/2539/2554 1826/2554/2554
f 1826/2554/2555 1837/2539/2555 1835/2538/2555
f 1826/2526/2556 1835/2535/2556 1827/2527/2556
f 1827/2527/2557 1835/2535/2557 1834/2534/2557
f 1827/2527/2558 1834/2534/2558 1833/2533/2558
f 1839/2555/2559 1824/2524/2559 1823/2523/2559
f 1839/2541/2560 1823/2522/2560 1822/2521/2560
f 1825/2525/2561 1824/2524/2561 1848/2550/2561
f 1848/2550/2562 1824/2524/2562 1839/2555/2562
f 1848/2550/2563 1839/2555/2563 1846/2548/2563
f 1846/2548/2564 1839/2555/2564 1826/2556/2564
f 1846/2548/2565 1826/2556/2565 1842/2544/2565
f 1842/2544/2566 1826/2556/2566 1828/2557/2566
f 1842/2544/2567 1828/2557/2567 1840/2542/2567
f 1840/2558/2568 1828/2528/2568 1829/2529/2568
f 540/674/2569 1843/2545/2569 541/675/2569
f 541/675/2570 1843/2545/2570 1841/2543/2570
f 541/675/2571 1841/2543/2571 538/676/2571
f 538/676/2572 1841/2543/2572 539/2559/2572
f 539/2559/2573 1841/2543/2573 1840/2542/2573
f 539/2560/2574 1840/2558/2574 535/2561/2574
f 535/2561/2575 1840/2558/2575 536/2562/2575
f 1840/2558/2576 1829/2529/2576 536/2562/2576
f 536/2562/2577 1829/2529/2577 537/2563/2577
f 537/2563/2578 1829/2529/2578 1830/2530/2578
f 537/2563/2579 1830/2530/2579 543/2564/2579
f 1852/2565/2580 1853/2566/2580 1745/2402/2580
f 1852/2565/2581 1745/2402/2581 1854/2567/2581
f 1748/2410/2582 443/574/2582 446/577/2582
f 1745/2402/2583 1738/2395/2583 1854/2567/2583
f 1854/2567/2584 1738/2395/2584 1855/2568/2584
f 1855/2568/2585 1738/2395/2585 1749/2412/2585
f 1855/2568/2586 1749/2412/2586 1856/2569/2586
f 1856/2570/2587 1749/2411/2587 1748/2410/2587
f 1856/2570/2588 1748/2410/2588 1857/2571/2588
f 1857/2571/2589 1748/2410/2589 1858/2572/2589
f 1858/2572/2590 1748/2410/2590 446/577/2590
f 1859/2573/2591 1860/2574/2591 1853/2566/2591
f 1853/2566/2591 1860/2574/2591 1745/2402/2591
f 1746/2403/2592 1745/2402/2592 1860/2574/2592
f 1746/2403/2593 1860/2574/2593 1747/2575/2593
f 1860/2574/2594 1861/2576/2594 1747/2575/2594
f 1747/2575/2595 1861/2576/2595 1862/2577/2595
f 1747/2575/2596 1862/2577/2596 1734/2578/2596
f 1734/2578/2597 1862/2577/2597 1863/2579/2597
f 1734/2578/2598 1863/2579/2598 1735/2390/2598
f 1735/2390/2599 1863/2579/2599 1864/2580/2599
f 1865/2581/2600 1729/2382/2600 1866/2582/2600
f 1866/2582/2601 1729/2382/2601 1730/2383/2601
f 1866/2582/2602 1730/2383/2602 1867/2583/2602
f 1867/2583/2603 1730/2383/2603 1731/2384/2603
f 1867/2583/2604 1731/2384/2604 1868/2584/2604
f 1868/2584/2605 1731/2384/2605 1732/2385/2605
f 1868/2584/2606 1732/2385/2606 1869/2585/2606
f 1869/2585/2607 1732/2385/2607 1737/2408/2607
f 1869/2586/2608 1737/2587/2608 1864/2580/2608
f 1864/2588/2609 1737/2589/2609 1735/2590/2609
f 1870/2591/2610 1753/2420/2610 1865/2581/2610
f 1865/2581/2610 1753/2420/2610 1729/2382/2610
f 1753/2420/2611 1870/2591/2611 1773/2444/2611
f 1773/2444/2612 1870/2591/2612 1871/2592/2612
f 1773/2444/2613 1871/2592/2613 1774/2445/2613
f 1774/2445/2614 1871/2592/2614 1766/2435/2614
f 1766/2435/2615 1871/2592/2615 1872/2593/2615
f 1766/2435/2616 1872/2593/2616 1764/2432/2616
f 1764/2432/2617 1872/2593/2617 1873/2594/2617
f 1764/2431/2618 1873/2595/2618 1762/2429/2618
f 1762/2596/2619 1873/2594/2619 1874/2597/2619
f 1762/2598/2620 1874/2599/2620 1761/2600/2620
f 1761/2601/2621 1874/2597/2621 1875/2602/2621
f 1761/2428/2622 1875/2603/2622 1760/2427/2622
f 1760/2427/2623 1875/2603/2623 1876/2604/2623
f 1760/2427/2624 1876/2604/2624 1759/2426/2624
f 1759/2426/2625 1876/2604/2625 1877/2605/2625
f 1759/2426/2626 1877/2605/2626 1758/2425/2626
f 1758/2425/2627 1877/2605/2627 1878/2606/2627
f 1758/2425/2628 1878/2606/2628 1879/2607/2628
f 1781/2460/2629 1758/2425/2629 1880/2608/2629
f 1880/2608/2629 1758/2425/2629 1879/2607/2629
f 1881/2609/2629 1882/2610/2629 1783/2462/2629
f 1783/2462/2629 1882/2610/2629 1784/2463/2629
f 465/2611/2630 1775/2612/2630 1776/2613/2630
f 605/753/2631 464/2614/2631 465/2611/2631
f 465/2611/2632 1776/2613/2632 605/753/2632
f 605/753/2633 1776/2613/2633 1777/2615/2633
f 605/753/2634 1777/2615/2634 1778/2616/2634
f 1778/2616/2635 1779/2617/2635 605/753/2635
f 605/753/2636 1779/2617/2636 1780/2618/2636
f 605/753/2637 1780/2618/2637 1781/2619/2637
f 1781/2619/2638 1880/2620/2638 605/753/2638
f 605/753/2639 1880/2620/2639 1883/2621/2639
f 605/753/2640 1883/2621/2640 606/754/2640
f 1884/2622/2641 1885/2623/2641 1886/2624/2641
f 1886/2624/2642 1885/2623/2642 1881/2625/2642
f 1886/2624/2643 1881/2625/2643 1783/2626/2643
f 1785/2466/2644 1790/2473/2644 1887/2627/2644
f 1790/2473/2645 1792/2475/2645 1887/2627/2645
f 1887/2627/2646 1792/2475/2646 1793/2476/2646
f 1887/2628/2647 1793/721/2647 1788/2629/2647
f 1788/2469/2648 1793/2476/2648 1794/2477/2648
f 464/2614/2649 605/753/2649 372/2630/2649
f 372/2630/2649 605/753/2649 604/2631/2649
f 372/2630/2649 604/2631/2649 467/2632/2649
f 467/2632/2649 604/2631/2649 609/760/2649
f 467/2632/2650 609/760/2650 469/2633/2650
f 469/2633/2650 609/760/2650 611/2634/2650
f 469/2633/2650 611/2634/2650 477/2635/2650
f 477/2635/2650 611/2634/2650 612/766/2650
f 477/2635/2651 612/766/2651 472/2636/2651
f 472/2636/2651 612/766/2651 614/2637/2651
f 472/2636/2651 614/2637/2651 484/2638/2651
f 484/2638/2651 614/2637/2651 615/772/2651
f 484/2638/2652 615/772/2652 482/2639/2652
f 482/2639/2652 615/772/2652 617/2640/2652
f 482/2639/2652 617/2640/2652 491/2641/2652
f 491/2641/2652 617/2640/2652 618/778/2652
f 491/2641/2653 618/778/2653 489/2642/2653
f 489/2642/2653 618/778/2653 620/2643/2653
f 489/2642/2654 620/2643/2654 497/2644/2654
f 497/2644/2653 620/2643/2653 621/784/2653
f 497/2644/2655 621/784/2655 496/2645/2655
f 496/2645/2656 621/784/2656 623/2646/2656
f 496/2645/2656 623/2646/2656 508/2647/2656
f 508/2647/2655 623/2646/2655 624/790/2655
f 508/2647/2657 624/790/2657 502/2648/2657
f 502/2648/2657 624/790/2657 626/2649/2657
f 502/2648/2657 626/2649/2657 514/2650/2657
f 514/2650/2657 626/2649/2657 627/796/2657
f 514/647/2658 627/2651/2658 511/644/2658
f 511/644/2658 627/2651/2658 629/2652/2658
f 511/644/2658 629/2652/2658 523/656/2658
f 523/656/2658 629/2652/2658 630/2653/2658
f 523/656/2659 630/2653/2659 517/650/2659
f 517/650/2659 630/2653/2659 632/808/2659
f 517/650/2659 632/808/2659 527/660/2659
f 527/660/2659 632/808/2659 634/810/2659
f 527/660/2660 634/810/2660 1888/2654/2660
f 1888/2654/2660 634/810/2660 1889/2655/2660
f 1888/2654/2660 1889/2655/2660 1890/2656/2660
f 1890/2656/2660 1889/2655/2660 1891/2657/2660
f 1890/2656/2661 1891/2657/2661 1892/2658/2661
f 1892/2658/2661 1891/2657/2661 1893/2659/2661
f 1892/2658/2661 1893/2659/2661 1894/2660/2661
f 1894/2660/2661 1893/2659/2661 1895/2661/2661
f 1894/2662/2662 1895/2663/2662 1896/2664/2662
f 1896/2664/2662 1895/2663/2662 1897/2665/2662
f 1896/2664/2662 1897/2665/2662 1898/2666/2662
f 1898/2666/2662 1897/2665/2662 1899/2667/2662
f 1898/2666/2663 1899/2667/2663 1900/2668/2663
f 1900/2668/2664 1899/2667/2664 1901/2669/2664
f 1900/2668/2663 1901/2669/2663 1902/2670/2663
f 1902/2670/2664 1901/2669/2664 1903/2671/2664
f 1902/2670/2665 1903/2671/2665 1904/2672/2665
f 1904/2672/2666 1903/2671/2666 1905/2673/2666
f 1904/2672/2666 1905/2673/2666 1906/2674/2666
f 1906/2674/2666 1905/2673/2666 1907/2675/2666
f 1906/2674/2667 1907/2675/2667 1908/2676/2667
f 1908/2676/2667 1907/2675/2667 1909/2677/2667
f 1908/2676/2667 1909/2677/2667 1910/2678/2667
f 1910/2678/2667 1909/2677/2667 1911/2679/2667
f 1910/2678/2668 1911/2679/2668 1912/2680/2668
f 1912/2680/2668 1911/2679/2668 1913/2681/2668
f 1912/2680/2668 1913/2681/2668 1914/2682/2668
f 1914/2682/2668 1913/2681/2668 1915/2683/2668
f 1914/2682/2669 1915/2683/2669 1916/2684/2669
f 1916/2684/2670 1915/2683/2670 1917/2685/2670
f 1916/2684/2669 1917/2685/2669 1918/2686/2669
f 1918/2686/2669 1917/2685/2669 1919/2687/2669
f 1918/2686/2671 1919/2687/2671 1920/2688/2671
f 1920/2688/2671 1919/2687/2671 1921/2689/2671
f 1920/2688/2671 1921/2689/2671 1887/2690/2671
f 1887/2690/2671 1921/2689/2671 1886/2691/2671
f 1887/2627/2672 1886/2624/2672 1785/2466/2672
f 1785/2466/2673 1886/2624/2673 1783/2626/2673
f 1785/2466/2674 1783/2626/2674 1782/2464/2674
f 1922/2692/2675 1799/2482/2675 1923/2693/2675
f 1923/2693/2676 1799/2482/2676 1800/2483/2676
f 1923/2693/2677 1800/2483/2677 1924/2694/2677
f 1924/2694/2678 1800/2483/2678 1801/2484/2678
f 1924/2694/2679 1801/2484/2679 1925/2695/2679
f 1925/2695/2680 1801/2484/2680 1802/2485/2680
f 1925/2695/2681 1802/2485/2681 1926/2696/2681
f 1926/2696/2682 1802/2485/2682 1807/2697/2682
f 1926/2698/2683 1807/2699/2683 1927/2700/2683
f 1927/2701/2684 1807/2702/2684 1805/2703/2684
f 1927/2704/2685 1805/2705/2685 1928/2706/2685
f 1928/2706/2686 1805/2705/2686 1804/2707/2686
f 1928/2706/2687 1804/2707/2687 1929/2708/2687
f 1929/2708/2688 1804/2707/2688 1820/2709/2688
f 1929/2708/2689 1820/2709/2689 1930/2710/2689
f 1930/2710/2689 1820/2709/2689 1882/2610/2689
f 1882/2610/2690 1820/2709/2690 1819/2507/2690
f 1882/2610/2691 1819/2507/2691 1784/2463/2691
f 1799/2482/2610 1922/2692/2610 1821/2520/2610
f 1821/2520/2610 1922/2692/2610 1931/2711/2610
f 1932/2712/2692 1933/2713/2692 1830/2530/2692
f 1932/2712/2693 1830/2530/2693 1934/2714/2693
f 1934/2714/2694 1830/2530/2694 1831/2531/2694
f 1934/2714/2695 1831/2531/2695 1935/2715/2695
f 1935/2715/2696 1831/2531/2696 1832/2532/2696
f 1935/2715/2697 1832/2532/2697 1936/2716/2697
f 1832/2532/2698 1833/2533/2698 1936/2716/2698
f 1936/2716/2699 1833/2533/2699 1834/2534/2699
f 1936/2717/2700 1834/2718/2700 1937/2719/2700
f 1937/2719/2700 1834/2718/2700 1938/2720/2700
f 1938/2721/2701 1834/2534/2701 1836/2536/2701
f 1938/2720/2702 1836/2537/2702 1939/2722/2702
f 1939/2722/2703 1836/2537/2703 1838/2540/2703
f 1939/2722/2704 1838/2540/2704 1940/2723/2704
f 1821/2520/2705 1931/2711/2705 1850/2552/2705
f 1850/2552/2706 1931/2711/2706 1940/2723/2706
f 1850/2552/2707 1940/2723/2707 1851/2553/2707
f 1851/2553/2708 1940/2723/2708 1838/2540/2708
f 543/2564/2591 1830/2530/2591 544/2724/2591
f 544/2724/2591 1830/2530/2591 1933/2713/2591
f 1941/2725/2709 608/2726/2709 607/2727/2709
f 607/2727/2710 606/2728/2710 1883/2729/2710
f 1883/2729/2711 1880/2608/2711 1879/2607/2711
f 1879/2607/2712 1942/2730/2712 1883/2729/2712
f 1883/2729/2713 1942/2730/2713 1943/2731/2713
f 1883/2729/2714 1943/2731/2714 607/2727/2714
f 607/2727/2715 1943/2731/2715 1944/2732/2715
f 607/2727/2716 1944/2732/2716 1941/2725/2716
f 608/2726/2717 1941/2725/2717 585/2733/2717
f 585/2733/2718 1941/2725/2718 1945/2734/2718
f 585/729/2719 1945/2735/2719 586/730/2719
f 586/2736/2720 1945/2734/2720 1946/2737/2720
f 586/730/2721 1946/2738/2721 587/731/2721
f 587/731/2721 1946/2738/2721 588/732/2721
f 1947/2739/2722 1948/2740/2722 1949/2741/2722
f 1949/2741/2723 1948/2740/2723 1950/2742/2723
f 1878/2606/2724 1877/2605/2724 1950/2742/2724
f 1879/2607/2725 1878/2606/2725 1942/2730/2725
f 1942/2730/2726 1878/2606/2726 1950/2742/2726
f 1942/2730/2727 1950/2742/2727 1943/2731/2727
f 1943/2731/2728 1950/2742/2728 1948/2740/2728
f 1943/2731/2729 1948/2740/2729 1944/2732/2729
f 589/733/2730 588/732/2730 1951/2743/2730
f 1951/2743/2731 588/732/2731 1946/2738/2731
f 1951/2743/2732 1946/2738/2732 1952/2744/2732
f 1953/2745/2733 1872/2593/2733 1871/2592/2733
f 1877/2605/2734 1876/2604/2734 1950/2742/2734
f 1950/2742/2735 1876/2604/2735 1875/2603/2735
f 1950/2742/2736 1875/2603/2736 1949/2741/2736
f 1949/2746/2737 1875/2602/2737 1874/2597/2737
f 1949/2746/2737 1874/2597/2737 1873/2594/2737
f 591/735/2738 589/733/2738 1954/2747/2738
f 1954/2747/2739 589/733/2739 1951/2743/2739
f 1954/2747/2740 1951/2743/2740 1955/2748/2740
f 1955/2748/2741 1951/2743/2741 1952/2744/2741
f 1955/2749/2742 1952/2750/2742 1956/2751/2742
f 1956/2751/2743 1952/2750/2743 1953/2745/2743
f 1956/2751/2744 1953/2745/2744 1957/2752/2744
f 1957/2752/2745 1953/2745/2745 1871/2592/2745
f 1957/2752/2746 1871/2592/2746 1870/2591/2746
f 1941/2725/2747 1944/2732/2747 1945/2734/2747
f 1945/2734/2748 1944/2732/2748 1948/2740/2748
f 1945/2734/2749 1948/2740/2749 1946/2737/2749
f 1946/2737/2750 1948/2740/2750 1947/2739/2750
f 1946/2738/2751 1947/2753/2751 1952/2744/2751
f 1952/2750/2752 1947/2754/2752 1949/2746/2752
f 1952/2750/2753 1949/2746/2753 1953/2745/2753
f 1953/2745/2754 1949/2746/2754 1873/2594/2754
f 1953/2745/2755 1873/2594/2755 1872/2593/2755
f 1958/2755/2756 593/737/2756 592/736/2756
f 591/735/2757 1954/2747/2757 592/736/2757
f 592/736/2758 1954/2747/2758 1955/2748/2758
f 592/736/2759 1955/2748/2759 1958/2755/2759
f 1870/2591/2760 1865/2581/2760 1957/2752/2760
f 1957/2752/2761 1865/2581/2761 1959/2756/2761
f 1957/2752/2761 1959/2756/2761 1956/2751/2761
f 1956/2751/2761 1959/2756/2761 1960/2757/2761
f 1956/2751/2762 1960/2757/2762 1955/2749/2762
f 1955/2749/2763 1960/2757/2763 1961/2758/2763
f 1955/2748/2764 1961/2759/2764 1958/2755/2764
f 1962/2760/2765 1963/2761/2765 1964/2762/2765
f 596/740/2766 590/734/2766 1965/2763/2766
f 1965/2763/2767 590/734/2767 595/739/2767
f 1965/2763/2768 595/739/2768 1966/2764/2768
f 1966/2764/2769 595/739/2769 594/738/2769
f 1966/2764/2770 594/738/2770 1958/2755/2770
f 1958/2755/2771 594/738/2771 593/737/2771
f 1865/2581/2772 1866/2582/2772 1959/2756/2772
f 1959/2756/2773 1866/2582/2773 1967/2765/2773
f 1959/2756/2774 1967/2765/2774 1960/2757/2774
f 597/741/2775 596/740/2775 1968/2766/2775
f 1968/2766/2776 596/740/2776 1965/2763/2776
f 1968/2766/2777 1965/2763/2777 1969/2767/2777
f 1863/2579/2778 1862/2577/2778 1970/2768/2778
f 1970/2768/2779 1862/2577/2779 1861/2576/2779
f 1866/2582/2780 1867/2583/2780 1967/2765/2780
f 1967/2765/2781 1867/2583/2781 1868/2584/2781
f 1967/2765/2782 1868/2584/2782 1869/2585/2782
f 1961/2758/2783 1960/2757/2783 1964/2762/2783
f 1964/2762/2784 1960/2757/2784 1967/2765/2784
f 1964/2762/2785 1967/2765/2785 1962/2760/2785
f 1962/2760/2786 1967/2765/2786 1869/2585/2786
f 1962/2769/2787 1869/2586/2787 1864/2580/2787
f 598/742/2788 597/741/2788 1971/2770/2788
f 1971/2770/2789 597/741/2789 1968/2766/2789
f 1971/2770/2790 1968/2766/2790 1972/2771/2790
f 1972/2771/2791 1968/2766/2791 1969/2767/2791
f 1972/2772/2792 1969/2773/2792 1973/2774/2792
f 1973/2774/2793 1969/2773/2793 1970/2768/2793
f 1973/2774/2794 1970/2768/2794 1974/2775/2794
f 1974/2775/2795 1970/2768/2795 1861/2576/2795
f 1974/2775/2796 1861/2576/2796 1860/2574/2796
f 1958/2755/2797 1961/2759/2797 1966/2764/2797
f 1966/2764/2798 1961/2759/2798 1964/2776/2798
f 1966/2764/2799 1964/2776/2799 1965/2763/2799
f 1965/2763/2800 1964/2776/2800 1963/2777/2800
f 1965/2763/2801 1963/2777/2801 1969/2767/2801
f 1969/2773/2802 1963/2778/2802 1962/2769/2802
f 1969/2773/2803 1962/2769/2803 1970/2768/2803
f 1970/2768/2804 1962/2769/2804 1864/2580/2804
f 1970/2768/2805 1864/2580/2805 1863/2579/2805
f 598/742/2806 1971/2770/2806 599/743/2806
f 599/743/2807 1971/2770/2807 1972/2771/2807
f 599/2779/2808 1972/2772/2808 1973/2774/2808
f 603/2780/2809 599/2779/2809 1975/2781/2809
f 1975/2781/2810 599/2779/2810 1973/2774/2810
f 1975/2781/2811 1973/2774/2811 1859/2573/2811
f 1859/2573/2812 1973/2774/2812 1974/2775/2812
f 1859/2573/2813 1974/2775/2813 1860/2574/2813
f 1976/2782/2610 97/2783/2610 1977/2784/2610
f 1977/2784/2610 97/2783/2610 100/2785/2610
f 1977/2784/2610 100/2785/2610 1978/2786/2610
f 1978/2786/2610 100/2785/2610 102/2787/2610
f 1978/2786/2610 102/2787/2610 1979/2788/2610
f 1979/2788/2610 102/2787/2610 104/2789/2610
f 1979/2788/2610 104/2789/2610 1980/2790/2610
f 1980/2790/2610 104/2789/2610 106/2791/2610
f 1980/2790/2610 106/2791/2610 1981/2792/2610
f 1981/2792/2610 106/2791/2610 108/2793/2610
f 1981/2792/2610 108/2793/2610 1982/2794/2610
f 1982/2794/2610 108/2793/2610 110/2795/2610
f 1982/2794/2610 110/2795/2610 1983/2796/2610
f 1983/2796/2610 110/2795/2610 112/2797/2610
f 1983/2796/2610 112/2797/2610 1984/2798/2610
f 1984/2798/2610 112/2797/2610 114/2799/2610
f 1984/2798/2610 114/2799/2610 1985/2800/2610
f 1985/2800/2610 114/2799/2610 116/2801/2610
f 1985/2800/2610 116/2801/2610 1986/2802/2610
f 1986/2802/2610 116/2801/2610 118/2803/2610
f 1986/2802/2610 118/2803/2610 1987/2804/2610
f 1987/2804/2610 118/2803/2610 120/2805/2610
f 1987/2804/2610 120/2805/2610 1988/2806/2610
f 1988/2806/2610 120/2805/2610 122/2807/2610
f 1988/2806/2610 122/2807/2610 1989/2808/2610
f 1989/2808/2610 122/2807/2610 124/2809/2610
f 1989/2808/2610 124/2809/2610 1990/2810/2610
f 1990/2810/2610 124/2809/2610 126/2811/2610
f 1990/2810/2610 126/2811/2610 1991/2812/2610
f 1991/2812/2610 126/2811/2610 128/2813/2610
f 1991/2812/2610 128/2813/2610 1992/2814/2610
f 1992/2814/2610 128/2813/2610 130/2815/2610
f 1992/2814/2610 130/2815/2610 1993/2816/2610
f 1993/2816/2610 130/2815/2610 132/2817/2610
f 1993/2816/2610 132/2817/2610 583/2818/2610
f 1976/2782/2610 633/2819/2610 97/2783/2610
f 97/2783/2610 633/2819/2610 631/803/2610
f 97/2783/2610 631/803/2610 1994/2820/2610
f 1994/2820/2610 631/803/2610 628/797/2610
f 1994/2820/2610 628/797/2610 1995/2821/2610
f 1995/2821/2610 628/797/2610 625/791/2610
f 1995/2821/2610 625/791/2610 1996/2822/2610
f 1996/2822/2610 625/791/2610 622/785/2610
f 1996/2822/2610 622/785/2610 1997/2823/2610
f 1997/2823/2610 622/785/2610 619/779/2610
f 1997/2823/2610 619/779/2610 1998/2824/2610
f 1998/2824/2610 619/779/2610 616/773/2610
f 1998/2824/2610 616/773/2610 1999/2825/2610
f 1999/2825/2610 616/773/2610 613/767/2610
f 1999/2825/2610 613/767/2610 2000/2826/2610
f 2000/2826/2610 613/767/2610 610/761/2610
f 2000/2826/2610 610/761/2610 2001/2827/2610
f 2001/2827/2610 610/761/2610 602/748/2610
f 2001/2827/2610 602/748/2610 2002/2828/2610
f 2002/2828/2610 602/748/2610 601/856/2610
f 2002/2828/2610 601/856/2610 2003/2829/2610
f 2003/2829/2610 601/856/2610 653/849/2610
f 2003/2829/2610 653/849/2610 2004/2830/2610
f 2004/2830/2610 653/849/2610 650/843/2610
f 2004/2830/2610 650/843/2610 2005/2831/2610
f 2005/2831/2610 650/843/2610 647/837/2610
f 2005/2831/2610 647/837/2610 2006/2832/2610
f 2006/2832/2610 647/837/2610 644/831/2610
f 2006/2832/2610 644/831/2610 2007/2833/2610
f 2007/2833/2610 644/831/2610 641/825/2610
f 2007/2833/2610 641/825/2610 2008/2834/2610
f 2008/2834/2610 641/825/2610 638/818/2610
f 2008/2834/2610 638/818/2610 2009/2835/2610
f 2009/2835/2610 638/818/2610 636/820/2610
f 2009/2835/2610 636/820/2610 132/2817/2610
f 132/2817/2610 636/820/2610 584/2836/2610
f 132/2817/2610 584/2836/2610 583/2818/2610
f 1893/2837/2814 1891/2838/2814 1977/2839/2814
f 1977/2840/2815 1891/2841/2815 1889/2842/2815
f 1977/2843/2816 1889/2844/2816 1976/2845/2816
f 1976/2845/2817 1889/2844/2817 634/2846/2817
f 1976/2847/2818 634/810/2818 633/809/2818
f 1893/2837/2819 1977/2839/2819 1895/2848/2819
f 1895/2849/2820 1977/2784/2820 1978/2786/2820
f 1895/2850/2821 1978/2851/2821 1897/2852/2821
f 1897/2852/2822 1978/2851/2822 1899/2853/2822
f 1899/2854/2823 1978/2786/2823 1979/2788/2823
f 1899/2855/2824 1979/2856/2824 1901/2857/2824
f 1901/2857/2825 1979/2856/2825 1903/2858/2825
f 1903/2859/2826 1979/2788/2826 1980/2790/2826
f 1903/2860/2827 1980/2861/2827 1905/2862/2827
f 1905/2862/2828 1980/2861/2828 1907/2863/2828
f 1907/2864/2829 1980/2790/2829 1981/2792/2829
f 1907/2865/2830 1981/2866/2830 1909/2867/2830
f 1909/2867/2830 1981/2866/2830 1911/2868/2830
f 1911/2869/2831 1981/2792/2831 1982/2794/2831
f 1911/2870/2832 1982/2871/2832 1913/2872/2832
f 1913/2872/2832 1982/2871/2832 1915/2873/2832
f 1915/2874/2833 1982/2794/2833 1983/2796/2833
f 1915/2875/2834 1983/2876/2834 1917/2877/2834
f 1917/2877/2834 1983/2876/2834 1919/2878/2834
f 1919/2879/2835 1983/2796/2835 1984/2798/2835
f 1919/2880/2836 1984/2881/2836 1921/2882/2836
f 2010/2883/2837 2011/2884/2837 2012/2885/2837
f 2013/2886/2838 2014/2887/2838 2015/2888/2838
f 2015/2888/2839 2014/2887/2839 2016/2889/2839
f 2013/2886/2840 2017/2890/2840 2014/2887/2840
f 2014/2887/2841 2017/2890/2841 2018/2891/2841
f 2014/2887/2842 2018/2891/2842 2019/2892/2842
f 2020/2893/2843 2016/2889/2843 2021/2894/2843
f 2021/2894/2844 2016/2889/2844 2014/2887/2844
f 2021/2894/2845 2014/2887/2845 2012/2885/2845
f 2012/2885/2846 2014/2887/2846 2022/2895/2846
f 2012/2885/2847 2022/2895/2847 2023/2896/2847
f 2023/2896/2848 2024/2897/2848 2012/2885/2848
f 2012/2885/2849 2024/2897/2849 2025/2898/2849
f 2012/2885/2849 2025/2898/2849 1884/2899/2849
f 1921/2882/2836 1984/2881/2836 1886/2900/2836
f 1886/2901/2850 1984/2798/2850 1985/2800/2850
f 1886/2901/2851 1985/2800/2851 1884/2902/2851
f 1884/2902/2852 1985/2800/2852 546/2903/2852
f 1884/2899/2853 546/2904/2853 2012/2885/2853
f 2012/2885/2854 546/2904/2854 2026/2905/2854
f 2012/2885/2854 2026/2905/2854 2010/2883/2854
f 1986/2802/2855 582/2906/2855 1985/2800/2855
f 1985/2907/2856 582/2908/2856 542/2909/2856
f 1985/2907/2857 542/2909/2857 546/2910/2857
f 572/2911/2858 574/2912/2858 1987/2913/2858
f 1987/2914/2859 574/2915/2859 576/2916/2859
f 1987/2917/2860 576/2918/2860 1986/2919/2860
f 1986/2919/2861 576/2918/2861 578/2920/2861
f 1986/2802/2862 578/2921/2862 582/2906/2862
f 572/2911/2858 1987/2913/2858 570/2922/2858
f 570/2923/2863 1987/2804/2863 1988/2806/2863
f 570/2924/2864 1988/2925/2864 568/2926/2864
f 568/2926/2865 1988/2925/2865 566/2927/2865
f 566/2928/2866 1988/2806/2866 1989/2808/2866
f 566/2929/2867 1989/2930/2867 564/2931/2867
f 564/2931/2867 1989/2930/2867 562/2932/2867
f 562/2933/2868 1989/2808/2868 1990/2810/2868
f 562/2934/2869 1990/2935/2869 560/2936/2869
f 560/2936/2870 1990/2935/2870 558/2937/2870
f 558/2938/2871 1990/2810/2871 1991/2812/2871
f 558/2939/2872 1991/2940/2872 556/2941/2872
f 556/2941/2872 1991/2940/2872 554/2942/2872
f 554/2943/2873 1991/2812/2873 1992/2814/2873
f 554/2944/2874 1992/2945/2874 552/2946/2874
f 552/2946/2875 1992/2945/2875 550/2947/2875
f 550/2948/2876 1992/2814/2876 1993/2816/2876
f 550/2949/2877 1993/2950/2877 548/2951/2877
f 548/2951/2878 1993/2950/2878 583/2952/2878
f 548/2953/2879 583/727/2879 547/726/2879
f 603/749/2880 1975/2954/2880 600/747/2880
f 600/747/2881 1975/2954/2881 1859/2955/2881
f 600/747/2882 1859/2955/2882 1853/2956/2882
f 1855/2957/2883 600/747/2883 1854/2958/2883
f 1854/2958/2884 600/747/2884 1853/2956/2884
f 1854/2958/2885 1853/2956/2885 1852/2959/2885
f 1855/2957/2886 1856/2960/2886 600/747/2886
f 600/747/2887 1856/2960/2887 1857/2961/2887
f 600/747/2888 1857/2961/2888 1858/2962/2888
f 1858/2962/2889 446/2963/2889 600/747/2889
f 600/747/2890 446/2963/2890 447/2964/2890
f 600/747/2891 447/2964/2891 656/857/2891
f 656/857/2892 447/2964/2892 435/2965/2892
f 656/857/2893 435/2965/2893 434/2966/2893
f 377/684/2894 547/683/2894 385/2967/2894
f 385/2967/2894 547/683/2894 635/815/2894
f 385/2967/2894 635/815/2894 394/2968/2894
f 394/2968/2894 635/815/2894 637/817/2894
f 394/2968/2895 637/817/2895 392/2969/2895
f 392/2969/2896 637/817/2896 640/2970/2896
f 392/2969/2896 640/2970/2896 399/2971/2896
f 399/2971/2896 640/2970/2896 639/2972/2896
f 399/525/2897 639/2973/2897 397/523/2897
f 397/523/2897 639/2973/2897 643/2974/2897
f 397/523/2897 643/2974/2897 404/530/2897
f 404/530/2897 643/2974/2897 642/2975/2897
f 404/530/2898 642/2975/2898 375/501/2898
f 375/501/2898 642/2975/2898 646/2976/2898
f 375/501/2898 646/2976/2898 413/539/2898
f 413/539/2898 646/2976/2898 645/2977/2898
f 413/2978/2899 645/832/2899 411/2979/2899
f 411/2979/2899 645/832/2899 649/2980/2899
f 411/2979/2899 649/2980/2899 422/2981/2899
f 422/2981/2899 649/2980/2899 648/838/2899
f 422/2981/2900 648/838/2900 417/2982/2900
f 417/2982/2901 648/838/2901 652/2983/2901
f 417/2982/2900 652/2983/2900 426/2984/2900
f 426/2984/2900 652/2983/2900 651/844/2900
f 426/2984/2902 651/844/2902 428/2985/2902
f 428/2985/2903 651/844/2903 655/2986/2903
f 428/2985/2903 655/2986/2903 440/2987/2903
f 440/2987/2903 655/2986/2903 654/850/2903
f 440/2987/2904 654/850/2904 438/2988/2904
f 438/2988/2904 654/850/2904 658/2989/2904
f 438/2988/2904 658/2989/2904 434/2966/2904
f 434/2966/2905 658/2989/2905 657/858/2905
f 434/2966/2893 657/858/2893 656/857/2893
f 2027/2990/2906 2010/2883/2906 2026/2905/2906
f 2026/2991/2907 546/2992/2907 545/2993/2907
f 545/2993/2908 544/2724/2908 1933/2713/2908
f 1933/2713/2909 2028/2994/2909 545/2993/2909
f 545/2993/2910 2028/2994/2910 2029/2995/2910
f 545/2993/2911 2029/2995/2911 2026/2991/2911
f 2026/2991/2912 2029/2995/2912 2030/2996/2912
f 2026/2905/2913 2030/2997/2913 2027/2990/2913
f 2010/2883/2914 2027/2990/2914 2011/2884/2914
f 2011/2998/2915 2027/2999/2915 2031/3000/2915
f 2011/2884/2916 2031/3001/2916 2012/2885/2916
f 2012/3002/2917 2031/3003/2917 2032/3004/2917
f 2012/2885/2918 2032/3005/2918 2021/2894/2918
f 2021/2894/2918 2032/3005/2918 2020/2893/2918
f 2033/3006/2919 2034/3007/2919 2035/3008/2919
f 2035/3008/2920 2034/3007/2920 2036/3009/2920
f 1932/2712/2921 1934/2714/2921 2036/3009/2921
f 1933/2713/2922 1932/2712/2922 2028/2994/2922
f 2028/2994/2923 1932/2712/2923 2036/3009/2923
f 2028/2994/2924 2036/3009/2924 2029/2995/2924
f 2029/2995/2925 2036/3009/2925 2034/3007/2925
f 2029/2995/2926 2034/3007/2926 2030/2996/2926
f 2016/2889/2927 2020/2893/2927 2037/3010/2927
f 2037/3010/2928 2020/2893/2928 2032/3005/2928
f 2037/3010/2929 2032/3005/2929 2038/3011/2929
f 2039/3012/2930 1939/2722/2930 1940/2723/2930
f 1934/2714/2931 1935/2715/2931 2036/3009/2931
f 2036/3009/2932 1935/2715/2932 1936/2716/2932
f 2036/3009/2933 1936/2716/2933 2035/3008/2933
f 2035/3013/2934 1936/2717/2934 1937/2719/2934
f 2035/3013/2934 1937/2719/2934 1938/2720/2934
f 2015/2888/2935 2016/2889/2935 2040/3014/2935
f 2040/3014/2936 2016/2889/2936 2037/3010/2936
f 2040/3014/2937 2037/3010/2937 2041/3015/2937
f 2041/3015/2938 2037/3010/2938 2038/3011/2938
f 2041/3016/2939 2038/3017/2939 2042/3018/2939
f 2042/3018/2940 2038/3017/2940 2039/3012/2940
f 2042/3018/2941 2039/3012/2941 2043/3019/2941
f 2043/3019/2942 2039/3012/2942 1940/2723/2942
f 2043/3019/2943 1940/2723/2943 1931/2711/2943
f 2027/2990/2944 2030/2997/2944 2031/3001/2944
f 2031/3020/2945 2030/2996/2945 2034/3007/2945
f 2031/3001/2946 2034/3021/2946 2032/3005/2946
f 2032/3005/2947 2034/3021/2947 2033/3022/2947
f 2032/3005/2948 2033/3022/2948 2038/3011/2948
f 2038/3017/2949 2033/3023/2949 2035/3013/2949
f 2038/3017/2950 2035/3013/2950 2039/3012/2950
f 2039/3012/2951 2035/3013/2951 1938/2720/2951
f 2039/3012/2952 1938/2720/2952 1939/2722/2952
f 2017/2890/2953 2013/2886/2953 2044/3024/2953
f 2044/3024/2954 2013/2886/2954 2045/3025/2954
f 1931/2711/2955 1922/2692/2955 2043/3019/2955
f 2043/3019/2956 1922/2692/2956 2046/3026/2956
f 2043/3019/2956 2046/3026/2956 2042/3018/2956
f 2042/3018/2956 2046/3026/2956 2047/3027/2956
f 2042/3018/2957 2047/3027/2957 2041/3016/2957
f 2041/3016/2958 2047/3027/2958 2045/3028/2958
f 2041/3015/2959 2045/3025/2959 2040/3014/2959
f 2040/3014/2960 2045/3025/2960 2013/2886/2960
f 2040/3014/2961 2013/2886/2961 2015/2888/2961
f 2048/3029/2962 2049/3030/2962 2050/3031/2962
f 2022/2895/2963 2014/2887/2963 2051/3032/2963
f 2051/3032/2964 2014/2887/2964 2019/2892/2964
f 2051/3032/2965 2019/2892/2965 2052/3033/2965
f 2052/3033/2966 2019/2892/2966 2018/2891/2966
f 2052/3033/2967 2018/2891/2967 2044/3024/2967
f 2044/3024/2968 2018/2891/2968 2017/2890/2968
f 1922/2692/2969 1923/2693/2969 2046/3026/2969
f 2046/3026/2970 1923/2693/2970 2053/3034/2970
f 2046/3026/2971 2053/3034/2971 2047/3027/2971
f 2023/2896/2972 2022/2895/2972 2054/3035/2972
f 2054/3035/2973 2022/2895/2973 2051/3032/2973
f 2054/3035/2974 2051/3032/2974 2055/3036/2974
f 1928/2706/2975 1929/2708/2975 2056/3037/2975
f 2056/3037/2976 1929/2708/2976 1930/2710/2976
f 1923/2693/2977 1924/2694/2977 2053/3034/2977
f 2053/3034/2978 1924/2694/2978 1925/2695/2978
f 2053/3034/2979 1925/2695/2979 1926/2696/2979
f 2045/3028/2980 2047/3027/2980 2050/3031/2980
f 2050/3031/2981 2047/3027/2981 2053/3034/2981
f 2050/3031/2982 2053/3034/2982 2048/3029/2982
f 2048/3029/2983 2053/3034/2983 1926/2696/2983
f 2048/3038/2984 1926/2698/2984 1927/2700/2984
f 2024/2897/2985 2023/2896/2985 2057/3039/2985
f 2057/3039/2986 2023/2896/2986 2054/3035/2986
f 2057/3039/2987 2054/3035/2987 2058/3040/2987
f 2058/3040/2988 2054/3035/2988 2055/3036/2988
f 2058/3040/2989 2055/3036/2989 2059/3041/2989
f 2059/3041/2990 2055/3036/2990 2056/3042/2990
f 2059/3043/2991 2056/3037/2991 2060/3044/2991
f 2060/3044/2992 2056/3037/2992 1930/2710/2992
f 2060/3044/2993 1930/2710/2993 1882/2610/2993
f 2044/3024/2994 2045/3025/2994 2052/3033/2994
f 2052/3033/2995 2045/3025/2995 2050/3045/2995
f 2052/3033/2996 2050/3045/2996 2051/3032/2996
f 2051/3032/2997 2050/3045/2997 2049/3046/2997
f 2051/3032/2998 2049/3046/2998 2055/3036/2998
f 2055/3036/2999 2049/3046/2999 2048/3047/2999
f 2055/3036/3000 2048/3047/3000 2056/3042/3000
f 2056/3048/3001 2048/3038/3001 1927/2700/3001
f 2056/3049/3002 1927/3050/3002 1928/3051/3002
f 2024/2897/3003 2057/3039/3003 2025/2898/3003
f 2025/2898/3004 2057/3039/3004 2058/3040/3004
f 2025/2898/3005 2058/3040/3005 2059/3041/3005
f 1884/3052/3006 2025/3053/3006 1885/3054/3006
f 1885/3055/3007 2025/2898/3007 2059/3041/3007
f 1885/3056/3008 2059/3043/3008 1881/2609/3008
f 1881/2609/3009 2059/3043/3009 2060/3044/3009
f 1881/2609/3010 2060/3044/3010 1882/2610/3010
f 1843/2545/3011 540/674/3011 581/723/3011
f 362/488/29 219/487/29 2061/3057/29
f 1788/2469/3012 1787/2468/3012 1887/2627/3012
f 1887/2627/3013 1787/2468/3013 1920/3058/3013
f 1825/2525/3014 1849/2551/3014 2062/3059/3014
f 1825/2525/3015 2062/3059/3015 1812/2500/3015
f 1818/2506/3016 1816/2504/3016 2063/3060/3016
f 2063/3060/3017 1816/2504/3017 1814/2502/3017
f 2063/3060/3015 1814/2502/3015 2062/3059/3015
f 2062/3059/3018 1814/2502/3018 1813/2501/3018
f 2062/3059/3019 1813/2501/3019 1812/2500/3019
f 1849/2551/3020 1847/2549/3020 2062/3059/3020
f 2062/3059/3020 1847/2549/3020 1845/2547/3020
f 2062/3059/3021 1845/2547/3021 581/723/3021
f 581/723/3022 1845/2547/3022 1844/2546/3022
f 581/723/3023 1844/2546/3023 1843/2545/3023
f 2064/3061/13 254/346/13 258/345/13
f 1904/3062/3024 2065/3063/3024 1902/3064/3024
f 1902/3064/3025 2065/3063/3025 2066/3065/3025
f 1902/3064/3026 2066/3065/3026 1900/3066/3026
f 1900/3066/3027 2066/3065/3027 2067/3067/3027
f 1900/3066/3028 2067/3067/3028 1898/3068/3028
f 1898/3068/3029 2067/3067/3029 2068/3069/3029
f 1898/3068/3030 2068/3069/3030 1896/3070/3030
f 1896/3070/3031 2068/3069/3031 2069/3071/3031
f 1896/3070/3032 2069/3071/3032 1894/2660/3032
f 1894/2660/3033 2069/3071/3033 2070/3072/3033
f 1894/2660/3034 2070/3072/3034 1892/2658/3034
f 1892/2658/3035 2070/3072/3035 2071/3073/3035
f 1892/2658/3036 2071/3073/3036 1890/2656/3036
f 1890/2656/3037 2071/3073/3037 2064/3061/3037
f 1890/2656/3038 2064/3061/3038 1888/2654/3038
f 1888/2654/3039 2064/3061/3039 258/345/3039
f 1888/2654/3040 258/345/3040 527/660/3040
f 1787/2468/3041 1818/2506/3041 1920/3058/3041
f 1920/3058/3042 1818/2506/3042 2063/3060/3042
f 1920/3058/3043 2063/3060/3043 1918/3074/3043
f 1918/3074/3044 2063/3060/3044 2072/3075/3044
f 1918/3074/3045 2072/3075/3045 1916/3076/3045
f 1916/3076/3046 2072/3075/3046 2073/3077/3046
f 1916/3076/3047 2073/3077/3047 1914/3078/3047
f 1914/3078/3048 2073/3077/3048 2074/3079/3048
f 1914/3078/3049 2074/3079/3049 1912/3080/3049
f 1912/3080/3050 2074/3079/3050 2075/3081/3050
f 1912/3080/3051 2075/3081/3051 1910/3082/3051
f 1910/3082/3052 2075/3081/3052 2076/3083/3052
f 1910/3084/3053 2076/3085/3053 1908/3086/3053
f 1908/3087/3054 2076/3088/3054 2077/3089/3054
f 1908/3090/3055 2077/3091/3055 1906/3092/3055
f 1906/3093/3056 2077/3094/3056 2078/3095/3056
f 1906/3096/3057 2078/3097/3057 1904/3062/3057
f 1904/3062/3058 2078/3097/3058 2079/3098/3058
f 1904/3062/3058 2079/3098/3058 2065/3063/3058
f 580/719/3059 2080/3099/3059 581/723/3059
f 581/723/3060 2080/3099/3060 2081/3100/3060
f 581/723/3061 2081/3100/3061 2062/3059/3061
f 377/503/2879 362/488/2879 549/3101/2879
f 549/3101/3062 362/488/3062 2061/3057/3062
f 549/3101/3063 2061/3057/3063 551/3102/3063
f 551/3102/3064 2061/3057/3064 2082/3103/3064
f 551/3102/3065 2082/3103/3065 553/3104/3065
f 553/3104/3066 2082/3103/3066 2083/3105/3066
f 553/3104/3067 2083/3105/3067 555/3106/3067
f 555/3106/3068 2083/3105/3068 2084/3107/3068
f 555/3106/3069 2084/3107/3069 557/3108/3069
f 557/3109/3070 2084/3110/3070 2085/3111/3070
f 557/3112/3071 2085/3113/3071 559/3114/3071
f 559/3115/3072 2085/3116/3072 2086/3117/3072
f 559/3115/3073 2086/3117/3073 561/3118/3073
f 561/3118/3074 2086/3117/3074 2087/3119/3074
f 561/3118/3075 2087/3119/3075 563/3120/3075
f 563/3120/3076 2087/3119/3076 2088/3121/3076
f 563/3120/3077 2088/3121/3077 565/3122/3077
f 565/3122/3078 2088/3121/3078 2089/3123/3078
f 565/3122/3079 2089/3123/3079 567/3124/3079
f 567/3124/3080 2089/3123/3080 2090/3125/3080
f 567/3124/3081 2090/3125/3081 569/3126/3081
f 569/3126/3082 2090/3125/3082 2091/3127/3082
f 569/3126/3083 2091/3127/3083 571/710/3083
f 571/710/3084 2091/3127/3084 2092/3128/3084
f 571/710/3085 2092/3128/3085 573/712/3085
f 573/712/3086 2092/3128/3086 2093/3129/3086
f 573/712/3087 2093/3129/3087 575/714/3087
f 575/714/3088 2093/3129/3088 2094/3130/3088
f 575/714/3089 2094/3130/3089 577/716/3089
f 577/716/3090 2094/3130/3090 2080/3099/3090
f 577/716/3091 2080/3099/3091 579/718/3091
f 579/718/3092 2080/3099/3092 580/719/3092
f 217/338/3093 254/340/3093 2064/3131/3093
f 217/338/3093 2064/3131/3093 2095/3132/3093
f 2064/3131/3093 2071/3133/3093 2095/3132/3093
f 2095/3132/3094 2071/3133/3094 2070/3134/3094
f 2095/3132/3095 2070/3134/3095 2096/3135/3095
f 2070/3134/3095 2069/3136/3095 2096/3135/3095
f 2096/3135/3096 2069/3136/3096 2068/3137/3096
f 2096/3135/3096 2068/3137/3096 2097/3138/3096
f 2068/3137/3096 2067/3139/3096 2097/3138/3096
f 2097/3138/3097 2067/3139/3097 2066/3140/3097
f 2097/3138/3097 2066/3140/3097 2098/3141/3097
f 2066/3140/3097 2065/3142/3097 2098/3141/3097
f 2098/3141/3098 2065/3142/3098 2079/3143/3098
f 2098/3141/3098 2079/3143/3098 2099/3144/3098
f 2079/3143/3098 2078/3145/3098 2099/3144/3098
f 2099/3144/3099 2078/3145/3099 2077/3146/3099
f 2099/3144/3099 2077/3146/3099 2100/3147/3099
f 2077/3146/3100 2076/3148/3100 2100/3147/3100
f 2100/3147/3101 2076/3148/3101 2075/3149/3101
f 2100/3147/3101 2075/3149/3101 2101/3150/3101
f 2072/3151/3102 2102/3152/3102 2073/3153/3102
f 2073/3153/3102 2102/3152/3102 2101/3150/3102
f 2073/3153/3102 2101/3150/3102 2074/3154/3102
f 2074/3154/3101 2101/3150/3101 2075/3149/3101
f 2072/3151/3103 2063/3155/3103 2102/3152/3103
f 2102/3152/3103 2063/3155/3103 2062/3156/3103
f 2102/3152/3103 2062/3156/3103 2103/3157/3103
f 2062/3156/3103 2081/3158/3103 2103/3157/3103
f 2103/3157/3104 2081/3158/3104 2080/3159/3104
f 2103/3157/3104 2080/3159/3104 2104/3160/3104
f 2080/3159/3104 2094/3161/3104 2104/3160/3104
f 2104/3160/3105 2094/3161/3105 2093/3162/3105
f 2104/3160/3105 2093/3162/3105 2105/3163/3105
f 2105/3163/3105 2093/3162/3105 2092/3164/3105
f 2105/3163/3106 2092/3164/3106 2106/3165/3106
f 2092/3164/3106 2091/3166/3106 2106/3165/3106
f 2106/3165/3107 2091/3166/3107 2090/3167/3107
f 2106/3165/3108 2090/3167/3108 2107/3168/3108
f 2090/3167/3108 2089/3169/3108 2107/3168/3108
f 2107/3168/3108 2089/3169/3108 2088/3170/3108
f 2107/3168/3109 2088/3170/3109 2108/3171/3109
f 2088/3170/3109 2087/3172/3109 2108/3171/3109
f 2108/3171/3109 2087/3172/3109 2086/3173/3109
f 2108/3171/3110 2086/3173/3110 2109/3174/3110
f 2086/3173/3110 2085/3175/3110 2109/3174/3110
f 2109/3174/3110 2085/3175/3110 2084/3176/3110
f 2109/3174/3111 2084/3176/3111 2110/3177/3111
f 2084/3176/3111 2083/3178/3111 2110/3177/3111
f 2110/3177/3112 2083/3178/3112 2082/3179/3112
f 2110/3177/3113 2082/3179/3113 184/285/3113
f 184/285/3113 2082/3179/3113 2061/3180/3113
f 184/285/3113 2061/3180/3113 219/286/3113
f 218/284/13 217/283/13 2095/3181/13
f 218/284/13 2095/3181/13 2111/3182/13
f 2111/3182/3114 2095/3181/3114 2096/3183/3114
f 2111/3182/3115 2096/3183/3115 2112/3184/3115
f 2112/3184/15 2096/3183/15 2097/3185/15
f 2112/3184/3116 2097/3185/3116 2113/3186/3116
f 2113/3186/3117 2097/3185/3117 2098/3187/3117
f 2113/3186/3118 2098/3187/3118 2114/3188/3118
f 2114/3188/17 2098/3187/17 2099/3189/17
f 2114/3188/3119 2099/3189/3119 2115/3190/3119
f 2115/3191/3120 2099/3192/3120 2100/3193/3120
f 2115/3191/3121 2100/3193/3121 2116/3194/3121
f 2116/3194/3122 2100/3193/3122 2101/3195/3122
f 2116/3194/19 2101/3195/19 2117/3196/19
f 2117/3196/3123 2101/3195/3123 2102/3197/3123
f 2117/3196/20 2102/3197/20 2118/3198/20
f 2118/3198/21 2102/3197/21 2103/3199/21
f 2118/3198/21 2103/3199/21 2119/3200/21
f 2119/3200/3124 2103/3199/3124 2104/3201/3124
f 2119/3200/22 2104/3201/22 2120/3202/22
f 2120/3202/3125 2104/3201/3125 2105/3203/3125
f 2120/3202/23 2105/3203/23 2121/3204/23
f 2121/3204/3126 2105/3203/3126 2106/3205/3126
f 2121/3204/3127 2106/3205/3127 2122/3206/3127
f 2122/3206/25 2106/3205/25 2107/3207/25
f 2122/3206/3128 2107/3207/3128 2123/3208/3128
f 2123/3208/3129 2107/3207/3129 2108/3209/3129
f 2123/3208/3130 2108/3209/3130 2124/3210/3130
f 2124/3210/27 2108/3209/27 2109/3211/27
f 2124/3210/3131 2109/3211/3131 2125/3212/3131
f 2125/3213/3132 2109/3214/3132 2110/3215/3132
f 2125/3213/3133 2110/3215/3133 2126/3216/3133
f 2126/3216/29 2110/3215/29 184/246/29
f 2126/3216/29 184/246/29 183/245/29
f 2127/3217/3134 1452/3218/3134 2128/3219/3134
f 2128/3219/3134 1452/3218/3134 1453/3220/3134
f 2128/3219/3135 1453/3220/3135 2129/3221/3135
f 2129/3221/3135 1453/3220/3135 1454/3222/3135
f 2129/3221/3136 1454/3222/3136 2130/3223/3136
f 2130/3223/3136 1454/3222/3136 1455/3224/3136
f 2130/3223/3137 1455/3224/3137 2131/3225/3137
f 2131/3225/3137 1455/3224/3137 1456/3226/3137
f 2131/3227/3138 1456/3228/3138 2132/3229/3138
f 2132/3229/3139 1456/3228/3139 1457/3230/3139
f 2132/3229/3140 1457/3230/3140 2133/3231/3140
f 2133/3231/3140 1457/3230/3140 1458/3232/3140
f 2133/3231/3141 1458/3232/3141 2134/3233/3141
f 2134/3233/3141 1458/3232/3141 1459/3234/3141
f 2134/3233/3142 1459/3234/3142 2135/3235/3142
f 2135/3235/3142 1459/3234/3142 1460/3236/3142
f 2135/3235/3143 1460/3236/3143 2136/3237/3143
f 2136/3237/3143 1460/3236/3143 1461/3238/3143
f 2136/3237/3144 1461/3238/3144 2137/3239/3144
f 2137/3239/3144 1461/3238/3144 1462/3240/3144
f 2137/3239/3145 1462/3240/3145 2138/3241/3145
f 2138/3241/3145 1462/3240/3145 1463/3242/3145
f 2138/3241/3146 1463/3242/3146 2139/3243/3146
f 2139/3243/3146 1463/3242/3146 1464/3244/3146
f 2139/3245/3147 1464/3246/3147 2140/3247/3147
f 2140/3247/3147 1464/3246/3147 1465/3248/3147
f 2140/3247/3148 1465/3248/3148 2141/3249/3148
f 2141/3249/3148 1465/3248/3148 1466/3250/3148
f 2141/3249/3149 1466/3250/3149 2142/3251/3149
f 2142/3251/3149 1466/3250/3149 1467/3252/3149
f 2142/3251/3150 1467/3252/3150 2143/3253/3150
f 2143/3253/3150 1467/3252/3150 1468/3254/3150
f 2143/3253/3151 1468/3254/3151 2144/3255/3151
f 2144/3255/3151 1468/3254/3151 1469/3256/3151
f 2144/3255/3152 1469/3256/3152 2145/3257/3152
f 2145/3257/3152 1469/3256/3152 1470/3258/3152
f 2145/3257/3153 1470/3258/3153 2146/3259/3153
f 2146/3259/3153 1470/3258/3153 1471/3260/3153
f 2146/3259/3154 1471/3260/3154 2147/3261/3154
f 2147/3261/3154 1471/3260/3154 1472/3262/3154
f 2147/3261/3155 1472/3262/3155 2148/3263/3155
f 2148/3263/3155 1472/3262/3155 1473/3264/3155
f 2148/3263/3156 1473/3264/3156 2149/3265/3156
f 2149/3265/3156 1473/3264/3156 1474/3266/3156
f 2149/3267/3157 1474/3268/3157 2150/3269/3157
f 2150/3269/3157 1474/3268/3157 1475/3270/3157
f 2150/3269/3158 1475/3270/3158 2151/3271/3158
f 2151/3271/3158 1475/3270/3158 1476/3272/3158
f 2151/3271/3159 1476/3272/3159 2152/3273/3159
f 2152/3273/3159 1476/3272/3159 1443/3274/3159
f 2152/3273/3160 1443/3274/3160 2153/3275/3160
f 2153/3275/3160 1443/3274/3160 1444/3276/3160
f 2153/3275/3161 1444/3276/3161 2154/3277/3161
f 2154/3277/3161 1444/3276/3161 1445/3278/3161
f 2154/3277/3162 1445/3278/3162 2155/3279/3162
f 2155/3279/3162 1445/3278/3162 1446/3280/3162
f 2155/3279/3163 1446/3280/3163 2156/3281/3163
f 2156/3281/3163 1446/3280/3163 1447/3282/3163
f 2156/3281/3164 1447/3282/3164 2157/3283/3164
f 2157/3283/3164 1447/3282/3164 1448/3284/3164
f 2157/3285/3165 1448/3286/3165 2158/3287/3165
f 2158/3287/3165 1448/3286/3165 1449/3288/3165
f 2158/3287/3166 1449/3288/3166 2159/3289/3166
f 2159/3289/3166 1449/3288/3166 1450/3290/3166
f 2159/3289/3167 1450/3290/3167 2160/3291/3167
f 2160/3291/3167 1450/3290/3167 1451/3292/3167
f 2160/3291/3168 1451/3292/3168 2127/3217/3168
f 2127/3217/3168 1451/3292/3168 1452/3218/3168
f 181/243/2610 2161/3293/2610 2162/3294/2610
f 169/223/2610 171/225/2610 173/231/2610
f 2163/3295/2610 169/223/2610 2164/3296/2610
f 2164/3296/2610 169/223/2610 181/243/2610
f 2164/3296/2610 181/243/2610 2165/3297/2610
f 2165/3297/2610 181/243/2610 2162/3294/2610
f 179/241/2610 181/243/2610 177/235/2610
f 177/235/2610 181/243/2610 169/223/2610
f 177/235/2610 169/223/2610 175/233/2610
f 175/233/2610 169/223/2610 173/231/2610
f 181/243/3169 182/244/3169 2161/3293/3169
f 2161/3293/3170 182/244/3170 2166/3298/3170
f 2161/3299/3171 2166/3300/3171 2162/3301/3171
f 2162/3301/3171 2166/3300/3171 2167/3302/3171
f 2162/3294/3172 2167/3303/3172 2165/3297/3172
f 2165/3297/3172 2167/3303/3172 2168/3304/3172
f 2165/3297/3173 2168/3304/3173 2164/3296/3173
f 2164/3296/3174 2168/3304/3174 2169/3305/3174
f 2164/3306/3175 2169/3307/3175 2163/3308/3175
f 2163/3308/3176 2169/3307/3176 2170/3309/3176
f 2163/3308/3177 2170/3309/3177 169/3310/3177
f 169/3310/3177 2170/3309/3177 170/3311/3177
f 158/200/2610 2166/3298/2610 182/244/2610
f 158/200/2610 159/202/2610 2166/3298/2610
f 2166/3298/2610 159/202/2610 160/204/2610
f 2166/3298/2610 160/204/2610 2167/3303/2610
f 180/242/2610 2171/3312/2610 182/244/2610
f 182/244/2610 2171/3312/2610 157/197/2610
f 182/244/2610 157/197/2610 158/200/2610
f 2172/3313/2610 172/226/2610 170/224/2610
f 160/204/2610 161/206/2610 2167/3303/2610
f 2167/3303/2610 161/206/2610 162/208/2610
f 2167/3303/2610 162/208/2610 2168/3304/2610
f 2168/3304/2610 162/208/2610 163/210/2610
f 2168/3304/2610 163/210/2610 2169/3305/2610
f 178/236/2610 2173/3314/2610 180/242/2610
f 180/242/2610 2173/3314/2610 2174/3315/2610
f 180/242/2610 2174/3315/2610 2171/3312/2610
f 2170/3316/2610 167/220/2610 170/224/2610
f 170/224/2610 167/220/2610 168/222/2610
f 170/224/2610 168/222/2610 2172/3313/2610
f 176/234/2610 2175/3317/2610 178/236/2610
f 178/236/2610 2175/3317/2610 2176/3318/2610
f 178/236/2610 2176/3318/2610 2173/3314/2610
f 2172/3313/2610 2177/3319/2610 172/226/2610
f 172/226/2610 2177/3319/2610 2178/3320/2610
f 172/226/2610 2178/3320/2610 174/232/2610
f 174/232/2610 2178/3320/2610 2179/3321/2610
f 174/232/2610 2179/3321/2610 176/234/2610
f 176/234/2610 2179/3321/2610 2180/3322/2610
f 176/234/2610 2180/3322/2610 2175/3317/2610
f 163/210/2610 164/212/2610 2169/3305/2610
f 2169/3305/2610 164/212/2610 165/215/2610
f 2169/3305/2610 165/215/2610 2170/3316/2610
f 2170/3316/2610 165/215/2610 166/218/2610
f 2170/3316/2610 166/218/2610 167/220/2610
f 168/222/3178 156/221/3178 2181/3323/3178
f 168/222/3178 2181/3323/3178 2172/3313/3178
f 2172/3313/3179 2181/3323/3179 2182/3324/3179
f 2172/3313/3179 2182/3324/3179 2177/3319/3179
f 2177/3325/3180 2182/3326/3180 2183/3327/3180
f 2177/3325/3180 2183/3327/3180 2178/3328/3180
f 2178/3328/3181 2183/3327/3181 2184/3329/3181
f 2178/3328/3182 2184/3329/3182 2179/3330/3182
f 2179/3321/3183 2184/3331/3183 2185/3332/3183
f 2179/3321/3183 2185/3332/3183 2180/3322/3183
f 2180/3322/3184 2185/3332/3184 2186/3333/3184
f 2180/3322/3184 2186/3333/3184 2175/3317/3184
f 2175/3317/3185 2186/3333/3185 2187/3334/3185
f 2175/3317/3186 2187/3334/3186 2176/3318/3186
f 2176/3318/3187 2187/3334/3187 2188/3335/3187
f 2176/3318/3187 2188/3335/3187 2173/3314/3187
f 2173/3336/3188 2188/3337/3188 2189/3338/3188
f 2173/3336/3188 2189/3338/3188 2174/3339/3188
f 2174/3339/3189 2189/3338/3189 2190/3340/3189
f 2174/3339/3189 2190/3340/3189 2171/3341/3189
f 2171/3312/3190 2190/3342/3190 133/198/3190
f 2171/3312/3190 133/198/3190 157/197/3190
f 156/3343/3191 155/3344/3191 2191/3345/3191
f 156/3343/3191 2191/3345/3191 2181/3346/3191
f 2181/3346/3192 2191/3345/3192 2192/3347/3192
f 2181/3346/3192 2192/3347/3192 2182/3326/3192
f 2182/3326/3193 2192/3347/3193 2193/3348/3193
f 2182/3326/3193 2193/3348/3193 2183/3327/3193
f 2183/3327/3194 2193/3348/3194 2194/3349/3194
f 2183/3327/3194 2194/3349/3194 2184/3329/3194
f 2184/3329/3195 2194/3349/3195 2195/3350/3195
f 2184/3329/3195 2195/3350/3195 2185/3351/3195
f 2185/3351/3196 2195/3350/3196 2196/3352/3196
f 2185/3351/3196 2196/3352/3196 2186/3353/3196
f 2186/3354/3197 2196/3355/3197 2197/3356/3197
f 2186/3354/3197 2197/3356/3197 2187/3357/3197
f 2187/3357/3198 2197/3356/3198 2198/3358/3198
f 2187/3357/3198 2198/3358/3198 2188/3337/3198
f 2188/3337/3199 2198/3358/3199 2199/3359/3199
f 2188/3337/3199 2199/3359/3199 2189/3338/3199
f 2189/3338/3200 2199/3359/3200 2200/3360/3200
f 2189/3338/3200 2200/3360/3200 2190/3340/3200
f 2190/3340/3201 2200/3360/3201 134/170/3201
f 2190/3340/3202 134/170/3202 133/169/3202
f 2198/3361/2610 99/3362/2610 2199/3363/2610
f 2199/3363/2610 99/3362/2610 98/3364/2610
f 2199/3363/2610 98/3364/2610 2200/3365/2610
f 98/3364/2610 2201/3366/2610 2200/3365/2610
f 2200/3365/2610 2201/3366/2610 2202/3367/2610
f 2200/3365/2610 2202/3367/2610 134/3368/2610
f 134/3368/2610 2202/3367/2610 2203/3369/2610
f 134/3368/2610 2203/3369/2610 135/3370/2610
f 2196/3371/2610 105/3372/2610 2197/3373/2610
f 2197/3373/2610 105/3372/2610 103/3374/2610
f 2197/3373/2610 103/3374/2610 2198/3361/2610
f 2198/3361/2610 103/3374/2610 101/3375/2610
f 2198/3361/2610 101/3375/2610 99/3362/2610
f 153/3376/2610 127/3377/2610 155/3378/2610
f 155/3378/2610 127/3377/2610 125/3379/2610
f 155/3378/2610 125/3379/2610 2191/3380/2610
f 149/3381/2610 2204/3382/2610 151/3383/2610
f 151/3383/2610 2204/3382/2610 131/3384/2610
f 151/3383/2610 131/3384/2610 153/3376/2610
f 153/3376/2610 131/3384/2610 129/3385/2610
f 153/3376/2610 129/3385/2610 127/3377/2610
f 2194/3386/2610 111/3387/2610 2195/3388/2610
f 2195/3388/2610 111/3387/2610 109/3389/2610
f 2195/3388/2610 109/3389/2610 2196/3371/2610
f 2196/3371/2610 109/3389/2610 107/3390/2610
f 2196/3371/2610 107/3390/2610 105/3372/2610
f 2193/3391/2610 115/3392/2610 2194/3386/2610
f 2194/3386/2610 115/3392/2610 113/3393/2610
f 2194/3386/2610 113/3393/2610 111/3387/2610
f 145/3394/2610 2205/3395/2610 147/3396/2610
f 147/3396/2610 2205/3395/2610 2206/3397/2610
f 147/3396/2610 2206/3397/2610 149/3381/2610
f 149/3381/2610 2206/3397/2610 2207/3398/2610
f 149/3381/2610 2207/3398/2610 2204/3382/2610
f 125/3379/2610 123/3399/2610 2191/3380/2610
f 2191/3380/2610 123/3399/2610 121/3400/2610
f 2191/3380/2610 121/3400/2610 2192/3401/2610
f 2192/3401/2610 121/3400/2610 119/3402/2610
f 2192/3401/2610 119/3402/2610 2193/3391/2610
f 2193/3391/2610 119/3402/2610 117/3403/2610
f 2193/3391/2610 117/3403/2610 115/3392/2610
f 141/3404/2610 2208/3405/2610 143/3406/2610
f 143/3406/2610 2208/3405/2610 2209/3407/2610
f 143/3406/2610 2209/3407/2610 145/3394/2610
f 145/3394/2610 2209/3407/2610 2210/3408/2610
f 145/3394/2610 2210/3408/2610 2205/3395/2610
f 2203/3369/2610 2211/3409/2610 135/3370/2610
f 135/3370/2610 2211/3409/2610 2212/3410/2610
f 135/3370/2610 2212/3410/2610 137/3411/2610
f 137/3411/2610 2212/3410/2610 2213/3412/2610
f 137/3411/2610 2213/3412/2610 139/3413/2610
f 2213/3412/2610 2214/3414/2610 139/3413/2610
f 139/3413/2610 2214/3414/2610 2215/3415/2610
f 139/3413/2610 2215/3415/2610 141/3404/2610
f 141/3404/2610 2215/3415/2610 2216/3416/2610
f 141/3404/2610 2216/3416/2610 2208/3405/2610
f 132/168/64 131/167/64 2204/3417/64
f 132/168/64 2204/3417/64 2009/3418/64
f 2009/3418/3203 2204/3417/3203 2207/3419/3203
f 2009/3418/3203 2207/3419/3203 2008/3420/3203
f 2008/3420/67 2207/3419/67 2206/3421/67
f 2008/3420/67 2206/3421/67 2007/3422/67
f 2007/3422/3204 2206/3421/3204 2205/3423/3204
f 2007/3422/3204 2205/3423/3204 2006/3424/3204
f 2006/3424/71 2205/3423/71 2210/3425/71
f 2006/3424/71 2210/3425/71 2005/3426/71
f 2005/3426/3205 2210/3425/3205 2209/3427/3205
f 2005/3426/3205 2209/3427/3205 2004/3428/3205
f 2004/3429/76 2209/3430/76 2208/3431/76
f 2004/3429/76 2208/3431/76 2003/3432/76
f 2003/3432/78 2208/3431/78 2216/3433/78
f 2003/3432/78 2216/3433/78 2002/3434/78
f 2002/3434/79 2216/3433/79 2215/3435/79
f 2002/3434/79 2215/3435/79 2001/3436/79
f 2001/3436/81 2215/3435/81 2214/3437/81
f 2001/3436/81 2214/3437/81 2000/3438/81
f 2000/3438/83 2214/3437/83 2213/3439/83
f 2000/3438/83 2213/3439/83 1999/3440/83
f 1999/3440/160 2213/3439/160 2212/3441/160
f 1999/3440/160 2212/3441/160 1998/3442/160
f 1998/3442/86 2212/3441/86 2211/3443/86
f 1998/3442/86 2211/3443/86 1997/3444/86
f 1997/3445/3206 2211/3446/3206 2203/3447/3206
f 1997/3445/3206 2203/3447/3206 1996/3448/3206
f 1996/3448/90 2203/3447/90 2202/3449/90
f 1996/3448/90 2202/3449/90 1995/3450/90
f 1995/3450/3207 2202/3449/3207 2201/3451/3207
f 1995/3450/3207 2201/3451/3207 1994/3452/3207
f 1994/3452/94 2201/3451/94 98/130/94
f 1994/3452/94 98/130/94 97/129/94
f 2128/3453/79 2143/3454/79 2127/3455/79
f 2127/3455/79 2143/3454/79 2144/3456/79
f 2127/3455/79 2144/3456/79 2145/3457/79
f 2158/3458/79 2159/3459/79 2145/3457/79
f 2145/3457/79 2159/3459/79 2160/3460/79
f 2145/3457/79 2160/3460/79 2127/3455/79
f 2140/3461/79 2141/3462/79 2128/3453/79
f 2128/3453/79 2141/3462/79 2142/3463/79
f 2128/3453/79 2142/3463/79 2143/3454/79
f 2145/3457/79 2146/3464/79 2158/3458/79
f 2158/3458/79 2146/3464/79 2147/3465/79
f 2158/3458/79 2147/3465/79 2157/3466/79
f 2157/3466/79 2147/3465/79 2156/3467/79
f 2128/3453/79 2129/3468/79 2140/3461/79
f 2140/3461/79 2129/3468/79 2130/3469/79
f 2140/3461/79 2130/3469/79 2131/3470/79
f 2135/3471/79 2136/3472/79 2137/3473/79
f 2131/3470/79 2132/3474/79 2140/3461/79
f 2140/3461/79 2132/3474/79 2133/3475/79
f 2140/3461/79 2133/3475/79 2139/3476/79
f 2135/3471/79 2137/3473/79 2134/3477/79
f 2156/3467/79 2147/3465/79 2155/3478/79
f 2155/3478/79 2147/3465/79 2148/3479/79
f 2155/3478/79 2148/3479/79 2149/3480/79
f 2151/3481/79 2152/3482/79 2153/3483/79
f 2134/3477/79 2137/3473/79 2133/3475/79
f 2133/3475/79 2137/3473/79 2138/3484/79
f 2133/3475/79 2138/3484/79 2139/3476/79
f 2149/3480/79 2150/3485/79 2155/3478/79
f 2155/3478/79 2150/3485/79 2151/3481/79
f 2155/3478/79 2151/3481/79 2154/3486/79
f 2154/3486/79 2151/3481/79 2153/3483/79
f 4/3487/3208 2/3488/3208 84/3489/3208
f 26/3490/3208 48/3491/3208 64/3492/3208
f 64/3492/3209 48/3491/3209 66/3493/3209
f 30/3494/3208 28/3495/3208 60/3496/3208
f 60/3496/3208 28/3495/3208 26/3490/3208
f 60/3496/3208 26/3490/3208 62/3497/3208
f 62/3497/3208 26/3490/3208 64/3492/3208
f 24/3498/3208 90/3499/3208 88/3500/3208
f 24/3498/3208 88/3500/3208 2/3488/3208
f 2/3488/3208 88/3500/3208 86/3501/3208
f 2/3488/3208 86/3501/3208 84/3489/3208
f 36/3502/3208 34/3503/3208 2115/3504/3208
f 194/3505/3208 96/3506/3208 94/3507/3208
f 194/3505/3208 94/3507/3208 192/3508/3208
f 18/3509/3208 2123/3510/3208 20/3511/3208
f 20/3511/3208 2123/3510/3208 2124/3512/3208
f 20/3511/3208 2124/3512/3208 22/3513/3208
f 22/3513/3208 2124/3512/3208 2125/3514/3208
f 2115/3504/3208 34/3503/3208 2114/3515/3208
f 2125/3514/3208 2126/3516/3208 22/3513/3208
f 22/3513/3208 2126/3516/3208 183/3517/3208
f 22/3513/3208 183/3517/3208 24/3498/3208
f 24/3498/3208 183/3517/3208 186/3518/3208
f 40/3519/3208 2118/3520/3208 42/3521/3208
f 42/3521/3208 2118/3520/3208 2119/3522/3208
f 44/3523/3208 42/3521/3208 6/3524/3208
f 6/3524/3208 42/3521/3208 2119/3522/3208
f 6/3524/3208 2119/3522/3208 8/3525/3208
f 8/3525/3208 2119/3522/3208 2120/3526/3208
f 8/3525/3208 2120/3526/3208 10/3527/3208
f 10/3527/3208 2120/3526/3208 2121/3528/3208
f 10/3527/3208 2121/3528/3208 12/3529/3208
f 12/3529/3208 2121/3528/3208 2122/3530/3208
f 12/3529/3208 2122/3530/3208 14/3531/3208
f 14/3531/3208 2122/3530/3208 2123/3510/3208
f 14/3531/3208 2123/3510/3208 16/3532/3208
f 16/3532/3208 2123/3510/3208 18/3509/3208
f 36/3502/3208 2115/3504/3208 38/3533/3208
f 38/3533/3208 2115/3504/3208 2116/3534/3208
f 38/3533/3208 2116/3534/3208 40/3519/3208
f 40/3519/3208 2116/3534/3208 2117/3535/3208
f 40/3519/3208 2117/3535/3208 2118/3520/3208
f 94/3507/3208 92/3536/3208 192/3508/3208
f 192/3508/3208 92/3536/3208 90/3499/3208
f 192/3508/3208 90/3499/3208 190/3537/3208
f 190/3537/3208 90/3499/3208 24/3498/3208
f 190/3537/3208 24/3498/3208 188/3538/3208
f 188/3538/3208 24/3498/3208 186/3518/3208
f 76/3539/3208 200/3540/3208 78/3541/3208
f 78/3541/3208 200/3540/3208 202/3542/3208
f 96/3506/3208 194/3505/3208 74/3543/3208
f 74/3543/3208 194/3505/3208 196/3544/3208
f 74/3543/3208 196/3544/3208 76/3539/3208
f 76/3539/3208 196/3544/3208 198/3545/3208
f 76/3539/3208 198/3545/3208 200/3540/3208
f 54/3546/3208 210/3547/3208 56/3548/3208
f 56/3548/3208 210/3547/3208 212/3549/3208
f 56/3548/3208 212/3549/3208 58/3550/3208
f 58/3550/3208 212/3549/3208 214/3551/3208
f 66/3493/3208 48/3491/3208 80/3552/3208
f 80/3552/3208 48/3491/3208 46/3553/3208
f 80/3552/3208 46/3553/3208 82/3554/3208
f 82/3554/3208 46/3553/3208 44/3523/3208
f 82/3554/3208 44/3523/3208 84/3489/3208
f 84/3489/3208 44/3523/3208 6/3524/3208
f 84/3489/3210 6/3524/3210 4/3487/3210
f 54/3546/3208 52/3555/3208 210/3547/3208
f 210/3547/3208 52/3555/3208 50/3556/3208
f 210/3547/3208 50/3556/3208 208/3557/3208
f 208/3557/3208 50/3556/3208 72/3558/3208
f 208/3557/3208 72/3558/3208 206/3559/3208
f 206/3559/3208 72/3558/3208 70/3560/3208
f 206/3559/3208 70/3560/3208 204/3561/3208
f 204/3561/3208 70/3560/3208 68/3562/3208
f 204/3561/3208 68/3562/3208 202/3542/3208
f 202/3542/3208 68/3562/3208 66/3493/3208
f 202/3542/3208 66/3493/3208 78/3541/3208
f 78/3541/3208 66/3493/3208 80/3552/3208
f 34/3503/3208 32/3563/3208 2114/3515/3208
f 2114/3515/3208 32/3563/3208 30/3494/3208
f 2114/3515/3208 30/3494/3208 2113/3564/3208
f 2113/3564/3208 30/3494/3208 60/3496/3208
f 2113/3564/3208 60/3496/3208 2112/3565/3208
f 214/3551/3208 216/3566/3208 58/3550/3208
f 58/3550/3208 216/3566/3208 218/3567/3208
f 58/3550/3208 218/3567/3208 60/3496/3208
f 60/3496/3208 218/3567/3208 2111/3568/3208
f 60/3496/3208 2111/3568/3208 2112/3565/3208
f 2221/3621/3211 2222/3622/3211 2223/3623/3211
f 2224/3624/3212 2225/3625/3212 2226/3626/3212
f 2224/3624/3213 2226/3626/3213 2227/3627/3213
f 2223/3623/3214 2228/3628/3214 2221/3621/3214
f 2221/3621/3215 2228/3628/3215 2229/3629/3215
f 2221/3621/3216 2229/3629/3216 2230/3630/3216
f 2230/3630/3217 2229/3629/3217 2231/3631/3217
f 2230/3630/3218 2231/3631/3218 2226/3626/3218
f 2226/3626/3219 2231/3631/3219 2232/3632/3219
f 2226/3626/3219 2232/3632/3219 2227/3627/3219
f 2224/3624/3220 2233/3633/3220 2225/3625/3220
f 2225/3625/3221 2233/3633/3221 2234/3634/3221
f 2225/3625/3222 2234/3634/3222 2235/3635/3222
f 2235/3635/3223 2234/3634/3223 2236/3636/3223
f 2235/3637/3224 2236/3638/3224 2237/3639/3224
f 2237/3640/3225 2236/3641/3225 2238/3642/3225
f 2239/3643/3226 2240/3644/3226 2241/3645/3226
f 2241/3645/3227 2240/3644/3227 2242/3646/3227
f 2238/3642/3225 2243/3647/3225 2237/3640/3225
f 2237/3640/3225 2243/3647/3225 2244/3648/3225
f 2237/3640/3228 2244/3648/3228 2242/3649/3228
f 2242/3646/3229 2244/3650/3229 2245/3651/3229
f 2242/3646/3229 2245/3651/3229 2241/3645/3229
f 2239/3643/3226 2246/3652/3226 2240/3644/3226
f 2240/3644/3230 2246/3652/3230 2247/3653/3230
f 2240/3644/3231 2247/3653/3231 2248/3654/3231
f 2248/3654/3232 2247/3653/3232 2249/3655/3232
f 2248/3654/3233 2249/3655/3233 2250/3656/3233
f 2250/3656/3234 2249/3655/3234 2251/3657/3234
f 2250/3656/3235 2251/3657/3235 2252/3658/3235
f 2252/3658/3236 2253/3659/3236 2250/3656/3236
f 2250/3656/3237 2253/3659/3237 2254/3660/3237
f 2250/3656/3238 2254/3660/3238 2255/3661/3238
f 2256/3662/3239 2222/3663/3239 2221/3664/3239
f 2257/3665/3240 2258/3666/3240 2226/3667/3240
f 2226/3667/3241 2258/3666/3241 2259/3668/3241
f 2226/3667/3242 2259/3668/3242 2230/3669/3242
f 2230/3669/3243 2259/3668/3243 2260/3670/3243
f 2230/3669/3244 2260/3670/3244 2221/3664/3244
f 2221/3664/3245 2260/3670/3245 2261/3671/3245
f 2221/3664/3245 2261/3671/3245 2256/3662/3245
f 2257/3665/3246 2226/3667/3246 2262/3672/3246
f 2262/3673/3247 2226/3674/3247 2225/3675/3247
f 2262/3676/3248 2225/3677/3248 2263/3678/3248
f 2263/3678/3249 2225/3677/3249 2264/3679/3249
f 2264/3679/3250 2225/3677/3250 2235/3680/3250
f 2264/3681/3251 2235/3637/3251 2265/3682/3251
f 2265/3682/3252 2235/3637/3252 2266/3683/3252
f 2266/3683/3253 2235/3637/3253 2237/3639/3253
f 2266/3683/3254 2237/3639/3254 2267/3684/3254
f 2242/3646/3255 2268/3685/3255 2237/3639/3255
f 2237/3639/3256 2268/3685/3256 2269/3686/3256
f 2237/3639/3254 2269/3686/3254 2267/3684/3254
f 2270/3687/3257 2271/3688/3257 2248/3654/3257
f 2248/3654/3258 2271/3688/3258 2240/3644/3258
f 2271/3688/3259 2272/3689/3259 2240/3644/3259
f 2240/3644/3260 2272/3689/3260 2273/3690/3260
f 2240/3644/3261 2273/3690/3261 2242/3646/3261
f 2242/3646/3262 2273/3690/3262 2274/3691/3262
f 2242/3646/3262 2274/3691/3262 2268/3685/3262
f 2250/3656/3263 2275/3692/3263 2248/3654/3263
f 2248/3654/3264 2275/3692/3264 2276/3693/3264
f 2248/3654/3265 2276/3693/3265 2270/3687/3265
f 2255/3661/3266 2277/3694/3266 2250/3656/3266
f 2250/3656/3266 2277/3694/3266 2278/3695/3266
f 2278/3695/3267 2279/3696/3267 2250/3656/3267
f 2250/3656/3268 2279/3696/3268 2280/3697/3268
f 2250/3656/3268 2280/3697/3268 2275/3692/3268
f 2223/3698/3269 2222/3699/3269 2256/3700/3269
f 2223/3701/3270 2256/3702/3270 2228/3703/3270
f 2228/3703/3271 2256/3702/3271 2261/3704/3271
f 2228/3703/3272 2261/3704/3272 2229/3705/3272
f 2229/3705/3273 2261/3704/3273 2260/3706/3273
f 2229/3705/3274 2260/3706/3274 2231/3707/3274
f 2231/3707/3275 2260/3706/3275 2259/3708/3275
f 2231/3707/3276 2259/3708/3276 2232/3709/3276
f 2233/3710/3277 2224/3711/3277 2262/3712/3277
f 2262/3712/3277 2224/3711/3277 2227/3713/3277
f 2262/3712/3278 2227/3713/3278 2257/3714/3278
f 2257/3714/3279 2227/3713/3279 2232/3709/3279
f 2257/3714/3280 2232/3709/3280 2258/3715/3280
f 2258/3715/3280 2232/3709/3280 2259/3708/3280
f 2262/3712/3281 2263/3716/3281 2233/3710/3281
f 2233/3710/3282 2263/3716/3282 2264/3717/3282
f 2233/3718/3283 2264/3719/3283 2234/3720/3283
f 2234/3720/3283 2264/3719/3283 2236/3721/3283
f 2264/3719/3284 2265/3722/3284 2236/3721/3284
f 2236/3721/3285 2265/3722/3285 2266/3723/3285
f 2236/3721/3286 2266/3723/3286 2238/3724/3286
f 2238/3724/3287 2266/3723/3287 2281/3725/3287
f 2238/3724/3288 2281/3725/3288 2243/3726/3288
f 2239/3727/3289 2282/3728/3289 2246/3729/3289
f 2246/3729/3290 2282/3728/3290 2283/3730/3290
f 2239/3727/3289 2241/3731/3289 2282/3728/3289
f 2282/3728/3291 2241/3731/3291 2245/3732/3291
f 2282/3728/3292 2245/3732/3292 2281/3725/3292
f 2281/3725/3293 2245/3732/3293 2244/3733/3293
f 2281/3725/3288 2244/3733/3288 2243/3726/3288
f 2251/3734/3294 2249/3735/3294 2283/3730/3294
f 2283/3730/3295 2249/3735/3295 2247/3736/3295
f 2283/3730/3295 2247/3736/3295 2246/3729/3295
f 2254/3737/3296 2253/3738/3296 2284/3739/3296
f 2284/3739/3297 2253/3738/3297 2252/3740/3297
f 2284/3739/3298 2252/3740/3298 2251/3734/3298
f 2255/3741/3299 2254/3737/3299 2277/3742/3299
f 2277/3742/3300 2254/3737/3300 2284/3739/3300
f 2277/3742/3301 2284/3739/3301 2278/3743/3301
f 2278/3743/3302 2284/3739/3302 2279/3744/3302
f 2276/3745/3303 2275/3746/3303 2284/3739/3303
f 2284/3739/3304 2275/3746/3304 2280/3747/3304
f 2284/3739/3304 2280/3747/3304 2279/3744/3304
f 2251/3734/3305 2283/3730/3305 2284/3739/3305
f 2284/3739/3306 2283/3730/3306 2270/3748/3306
f 2284/3739/3307 2270/3748/3307 2276/3745/3307
f 2274/3749/3308 2273/3750/3308 2282/3728/3308
f 2282/3728/3308 2273/3750/3308 2272/3751/3308
f 2282/3728/3309 2272/3751/3309 2283/3730/3309
f 2283/3730/3310 2272/3751/3310 2271/3752/3310
f 2283/3730/3311 2271/3752/3311 2270/3748/3311
f 2266/3723/3312 2267/3753/3312 2281/3725/3312
f 2281/3725/3313 2267/3753/3313 2269/3754/3313
f 2281/3725/3314 2269/3754/3314 2282/3728/3314
f 2282/3728/3315 2269/3754/3315 2268/3755/3315
f 2282/3728/3308 2268/3755/3308 2274/3749/3308
f 2285/3756/3316 2286/3757/3316 2287/3758/3316
f 2288/3759/3317 2289/3760/3317 2290/3761/3317
f 2291/3762/3318 2292/3763/3318 2293/3764/3318
f 2293/3764/3319 2292/3763/3319 2294/3765/3319
f 2295/3766/3320 2296/3767/3320 2297/3768/3320
f 2291/3762/3321 2298/3769/3321 2292/3763/3321
f 2292/3763/3321 2298/3769/3321 2299/3770/3321
f 2292/3763/3322 2299/3770/3322 2296/3767/3322
f 2296/3767/3323 2299/3770/3323 2300/3771/3323
f 2296/3767/3324 2300/3771/3324 2297/3768/3324
f 2290/3761/3325 2289/3760/3325 2301/3772/3325
f 2302/3773/3326 2303/3774/3326 2289/3760/3326
f 2289/3760/3327 2303/3774/3327 2304/3775/3327
f 2289/3760/3325 2304/3775/3325 2301/3772/3325
f 2297/3768/3328 2305/3776/3328 2295/3766/3328
f 2295/3766/3329 2305/3776/3329 2306/3777/3329
f 2295/3766/3330 2306/3777/3330 2302/3773/3330
f 2302/3773/3331 2306/3777/3331 2307/3778/3331
f 2302/3773/3332 2307/3778/3332 2303/3774/3332
f 2290/3761/3333 2308/3779/3333 2288/3759/3333
f 2288/3759/3334 2308/3779/3334 2309/3780/3334
f 2288/3759/3335 2309/3780/3335 2310/3781/3335
f 2309/3780/3336 2311/3782/3336 2310/3781/3336
f 2310/3781/3337 2311/3782/3337 2312/3783/3337
f 2310/3781/3338 2312/3783/3338 2313/3784/3338
f 2313/3784/3339 2312/3783/3339 2314/3785/3339
f 2314/3785/3340 2315/3786/3340 2313/3784/3340
f 2313/3784/3340 2315/3786/3340 2316/3787/3340
f 2313/3784/3341 2316/3787/3341 2317/3788/3341
f 2317/3788/3342 2316/3787/3342 2318/3789/3342
f 2317/3790/3343 2318/3791/3343 2287/3792/3343
f 2287/3793/3344 2318/3794/3344 2319/3795/3344
f 2287/3793/3344 2319/3795/3344 2285/3796/3344
f 2320/3797/3345 2321/3798/3345 2292/3763/3345
f 2292/3763/3345 2321/3798/3345 2322/3799/3345
f 2322/3799/3346 2323/3800/3346 2292/3763/3346
f 2292/3763/3347 2323/3800/3347 2324/3801/3347
f 2292/3763/3347 2324/3801/3347 2294/3765/3347
f 2320/3797/3345 2292/3763/3345 2325/3802/3345
f 2325/3802/3348 2292/3763/3348 2296/3767/3348
f 2325/3802/3349 2296/3767/3349 2326/3803/3349
f 2326/3803/3349 2296/3767/3349 2327/3804/3349
f 2327/3804/3350 2296/3767/3350 2295/3766/3350
f 2327/3804/3351 2295/3766/3351 2328/3805/3351
f 2328/3805/3351 2295/3766/3351 2329/3806/3351
f 2329/3806/3352 2295/3766/3352 2302/3773/3352
f 2329/3806/3353 2302/3773/3353 2330/3807/3353
f 2331/3808/3354 2332/3809/3354 2288/3759/3354
f 2288/3759/3355 2332/3809/3355 2333/3810/3355
f 2288/3759/3356 2333/3810/3356 2289/3760/3356
f 2289/3760/3357 2333/3810/3357 2334/3811/3357
f 2289/3760/3358 2334/3811/3358 2302/3773/3358
f 2302/3773/3359 2334/3811/3359 2335/3812/3359
f 2302/3773/3353 2335/3812/3353 2330/3807/3353
f 2331/3813/3360 2288/3814/3360 2336/3815/3360
f 2336/3815/3361 2288/3814/3361 2310/3816/3361
f 2336/3815/3362 2310/3816/3362 2337/3817/3362
f 2337/3817/3363 2310/3816/3363 2313/3818/3363
f 2337/3817/3364 2313/3818/3364 2338/3819/3364
f 2287/3820/3365 2339/3821/3365 2317/3822/3365
f 2317/3822/3366 2339/3821/3366 2340/3823/3366
f 2317/3822/3367 2340/3823/3367 2313/3818/3367
f 2313/3818/3368 2340/3823/3368 2341/3824/3368
f 2313/3818/3368 2341/3824/3368 2338/3819/3368
f 2287/3820/3369 2286/3825/3369 2342/3826/3369
f 2342/3826/3370 2343/3827/3370 2287/3820/3370
f 2287/3820/3371 2343/3827/3371 2344/3828/3371
f 2287/3820/3372 2344/3828/3372 2339/3821/3372
f 2345/3829/3373 2334/3830/3373 2333/3831/3373
f 2298/3832/3374 2291/3833/3374 2346/3834/3374
f 2346/3834/3375 2291/3833/3375 2293/3835/3375
f 2293/3835/3376 2294/3836/3376 2324/3837/3376
f 2347/3838/3377 2300/3839/3377 2346/3834/3377
f 2346/3834/3374 2300/3839/3374 2299/3840/3374
f 2346/3834/3374 2299/3840/3374 2298/3832/3374
f 2306/3841/3378 2348/3842/3378 2307/3843/3378
f 2307/3843/3379 2348/3842/3379 2303/3844/3379
f 2306/3841/3380 2305/3845/3380 2347/3838/3380
f 2347/3838/3381 2305/3845/3381 2297/3846/3381
f 2347/3838/3381 2297/3846/3381 2300/3839/3381
f 2303/3844/3379 2348/3842/3379 2304/3847/3379
f 2304/3847/3382 2348/3842/3382 2345/3829/3382
f 2304/3847/3383 2345/3829/3383 2301/3848/3383
f 2301/3848/3384 2345/3829/3384 2290/3849/3384
f 2290/3849/3385 2345/3829/3385 2333/3831/3385
f 2290/3849/3386 2333/3831/3386 2308/3850/3386
f 2333/3831/3387 2332/3851/3387 2308/3850/3387
f 2308/3850/3388 2332/3851/3388 2331/3852/3388
f 2308/3850/3389 2331/3852/3389 2309/3853/3389
f 2309/3853/3390 2331/3852/3390 2336/3854/3390
f 2309/3853/3391 2336/3854/3391 2311/3855/3391
f 2311/3855/3392 2336/3854/3392 2337/3856/3392
f 2311/3855/3393 2337/3856/3393 2312/3857/3393
f 2312/3857/3394 2337/3856/3394 2338/3858/3394
f 2312/3857/3395 2338/3858/3395 2314/3859/3395
f 2314/3859/3396 2338/3858/3396 2341/3860/3396
f 2314/3859/3397 2341/3860/3397 2315/3861/3397
f 2319/3862/3398 2343/3863/3398 2285/3864/3398
f 2285/3864/3399 2343/3863/3399 2342/3865/3399
f 2285/3866/3400 2342/3867/3400 2286/3868/3400
f 2315/3861/3397 2341/3860/3397 2316/3869/3397
f 2316/3869/3401 2341/3860/3401 2340/3870/3401
f 2316/3869/3402 2340/3870/3402 2318/3871/3402
f 2318/3871/3403 2340/3870/3403 2339/3872/3403
f 2318/3871/3404 2339/3872/3404 2319/3862/3404
f 2319/3862/3405 2339/3872/3405 2344/3873/3405
f 2319/3862/3406 2344/3873/3406 2343/3863/3406
f 2347/3838/3407 2326/3874/3407 2327/3875/3407
f 2306/3841/3408 2347/3838/3408 2348/3842/3408
f 2348/3842/3409 2347/3838/3409 2327/3875/3409
f 2348/3842/3410 2327/3875/3410 2328/3876/3410
f 2328/3876/3410 2329/3877/3410 2348/3842/3410
f 2348/3842/3411 2329/3877/3411 2330/3878/3411
f 2348/3842/3412 2330/3878/3412 2345/3829/3412
f 2345/3829/3413 2330/3878/3413 2335/3879/3413
f 2345/3829/3373 2335/3879/3373 2334/3830/3373
f 2322/3880/3414 2321/3881/3414 2346/3834/3414
f 2346/3834/3415 2321/3881/3415 2320/3882/3415
f 2346/3834/3416 2320/3882/3416 2347/3838/3416
f 2347/3838/3417 2320/3882/3417 2325/3883/3417
f 2347/3838/3407 2325/3883/3407 2326/3874/3407
f 2293/3835/3418 2324/3837/3418 2346/3834/3418
f 2346/3834/3419 2324/3837/3419 2323/3884/3419
f 2346/3834/3420 2323/3884/3420 2322/3880/3420
f 2349/3885/3421 2350/3886/3421 2351/3887/3421
f 2352/3888/3422 2353/3889/3422 2354/3890/3422
f 2352/3888/3423 2354/3890/3423 2355/3891/3423
f 2351/3892/3424 2356/3893/3424 2349/3894/3424
f 2349/3894/3425 2356/3893/3425 2357/3895/3425
f 2349/3894/3426 2357/3895/3426 2358/3896/3426
f 2358/3896/3427 2357/3895/3427 2359/3897/3427
f 2358/3896/3428 2359/3897/3428 2354/3890/3428
f 2354/3890/3429 2359/3897/3429 2360/3898/3429
f 2354/3890/3430 2360/3898/3430 2355/3891/3430
f 2352/3888/3431 2361/3899/3431 2353/3889/3431
f 2353/3889/3432 2361/3899/3432 2362/3900/3432
f 2353/3889/3433 2362/3900/3433 2363/3901/3433
f 2363/3901/3434 2362/3900/3434 2364/3902/3434
f 2363/3901/3435 2364/3902/3435 2365/3903/3435
f 2365/3903/3436 2364/3902/3436 2366/3904/3436
f 2367/3905/3437 2368/3906/3437 2369/3907/3437
f 2369/3907/3438 2368/3906/3438 2370/3908/3438
f 2366/3904/3436 2371/3909/3436 2365/3903/3436
f 2365/3903/3436 2371/3909/3436 2372/3910/3436
f 2365/3903/3439 2372/3910/3439 2370/3908/3439
f 2370/3908/3440 2372/3910/3440 2373/3911/3440
f 2370/3908/3440 2373/3911/3440 2369/3907/3440
f 2367/3905/3437 2374/3912/3437 2368/3906/3437
f 2368/3906/3441 2374/3912/3441 2375/3913/3441
f 2368/3906/3442 2375/3913/3442 2376/3914/3442
f 2376/3914/3443 2375/3913/3443 2377/3915/3443
f 2376/3914/3444 2377/3915/3444 2378/3916/3444
f 2378/3916/3445 2377/3915/3445 2379/3917/3445
f 2378/3916/3445 2379/3917/3445 2380/3918/3445
f 2380/3918/3446 2381/3919/3446 2378/3916/3446
f 2378/3916/3447 2381/3919/3447 2382/3920/3447
f 2378/3916/3448 2382/3920/3448 2383/3921/3448
f 2384/3922/3449 2350/3923/3449 2349/3924/3449
f 2385/3925/3450 2386/3926/3450 2354/3927/3450
f 2354/3927/3451 2386/3926/3451 2387/3928/3451
f 2354/3927/3452 2387/3928/3452 2358/3929/3452
f 2358/3929/3453 2387/3928/3453 2388/3930/3453
f 2358/3929/3454 2388/3930/3454 2349/3924/3454
f 2349/3924/3455 2388/3930/3455 2389/3931/3455
f 2349/3924/3456 2389/3931/3456 2384/3922/3456
f 2385/3925/3457 2354/3927/3457 2390/3932/3457
f 2390/3932/3458 2354/3927/3458 2353/3933/3458
f 2390/3932/3459 2353/3933/3459 2391/3934/3459
f 2391/3934/3460 2353/3933/3460 2392/3935/3460
f 2392/3935/3461 2353/3933/3461 2363/3936/3461
f 2392/3935/3462 2363/3936/3462 2393/3937/3462
f 2393/3938/3463 2363/3901/3463 2394/3939/3463
f 2394/3939/3464 2363/3901/3464 2365/3903/3464
f 2394/3939/3465 2365/3903/3465 2395/3940/3465
f 2370/3908/3466 2396/3941/3466 2365/3903/3466
f 2365/3903/3467 2396/3941/3467 2397/3942/3467
f 2365/3903/3465 2397/3942/3465 2395/3940/3465
f 2368/3906/3468 2376/3914/3468 2398/3943/3468
f 2398/3943/3469 2399/3944/3469 2368/3906/3469
f 2368/3906/3470 2399/3944/3470 2400/3945/3470
f 2368/3906/3471 2400/3945/3471 2370/3908/3471
f 2370/3908/3472 2400/3945/3472 2401/3946/3472
f 2370/3908/3472 2401/3946/3472 2396/3941/3472
f 2378/3916/3473 2383/3921/3473 2402/3947/3473
f 2402/3947/3473 2403/3948/3473 2378/3916/3473
f 2378/3916/3474 2403/3948/3474 2404/3949/3474
f 2378/3916/3475 2404/3949/3475 2405/3950/3475
f 2405/3950/3475 2406/3951/3475 2378/3916/3475
f 2378/3916/3476 2406/3951/3476 2407/3952/3476
f 2378/3916/3477 2407/3952/3477 2376/3914/3477
f 2376/3914/3478 2407/3952/3478 2408/3953/3478
f 2376/3914/3479 2408/3953/3479 2398/3943/3479
f 2406/3954/3480 2405/3955/3480 2409/3956/3480
f 2351/3957/3481 2350/3958/3481 2384/3959/3481
f 2351/3960/3482 2384/3961/3482 2356/3962/3482
f 2356/3962/3483 2384/3961/3483 2389/3963/3483
f 2356/3962/3484 2389/3963/3484 2357/3964/3484
f 2357/3964/3485 2389/3963/3485 2388/3965/3485
f 2357/3964/3486 2388/3965/3486 2359/3966/3486
f 2359/3966/3487 2388/3965/3487 2387/3967/3487
f 2359/3966/3488 2387/3967/3488 2360/3968/3488
f 2387/3967/3489 2386/3969/3489 2360/3968/3489
f 2360/3968/3490 2386/3969/3490 2385/3970/3490
f 2360/3968/3491 2385/3970/3491 2355/3971/3491
f 2355/3971/3492 2385/3970/3492 2390/3972/3492
f 2355/3971/3493 2390/3972/3493 2352/3973/3493
f 2352/3973/3494 2390/3972/3494 2391/3974/3494
f 2352/3973/3495 2391/3974/3495 2361/3975/3495
f 2361/3975/3496 2391/3974/3496 2392/3976/3496
f 2361/3975/3497 2392/3976/3497 2362/3977/3497
f 2410/3978/3498 2371/3979/3498 2366/3980/3498
f 2362/3977/3499 2392/3976/3499 2364/3981/3499
f 2364/3981/3500 2392/3976/3500 2393/3982/3500
f 2364/3981/3501 2393/3982/3501 2366/3980/3501
f 2366/3980/3502 2393/3982/3502 2394/3983/3502
f 2366/3980/3503 2394/3983/3503 2410/3978/3503
f 2367/3984/3504 2411/3985/3504 2374/3986/3504
f 2374/3986/3505 2411/3985/3505 2412/3987/3505
f 2374/3986/3506 2412/3987/3506 2375/3988/3506
f 2367/3984/3504 2369/3989/3504 2411/3985/3504
f 2411/3985/3507 2369/3989/3507 2373/3990/3507
f 2411/3985/3508 2373/3990/3508 2410/3978/3508
f 2410/3978/3509 2373/3990/3509 2372/3991/3509
f 2410/3978/3498 2372/3991/3498 2371/3979/3498
f 2381/3992/3510 2380/3993/3510 2409/3956/3510
f 2409/3956/3510 2380/3993/3510 2379/3994/3510
f 2409/3956/3511 2379/3994/3511 2412/3987/3511
f 2412/3987/3512 2379/3994/3512 2377/3995/3512
f 2412/3987/3506 2377/3995/3506 2375/3988/3506
f 2381/3992/3513 2409/3956/3513 2382/3996/3513
f 2382/3996/3514 2409/3956/3514 2402/3997/3514
f 2382/3996/3515 2402/3997/3515 2383/3998/3515
f 2405/3955/3480 2404/3999/3480 2409/3956/3480
f 2409/3956/3516 2404/3999/3516 2403/4000/3516
f 2409/3956/3517 2403/4000/3517 2402/3997/3517
f 2412/3987/3518 2398/4001/3518 2408/4002/3518
f 2412/3987/3519 2408/4002/3519 2409/3956/3519
f 2409/3956/3520 2408/4002/3520 2407/4003/3520
f 2409/3956/3520 2407/4003/3520 2406/3954/3520
f 2411/3985/3521 2401/4004/3521 2400/4005/3521
f 2411/3985/3522 2400/4005/3522 2412/3987/3522
f 2412/3987/3523 2400/4005/3523 2399/4006/3523
f 2412/3987/3518 2399/4006/3518 2398/4001/3518
f 2394/3983/3524 2395/4007/3524 2410/3978/3524
f 2410/3978/3524 2395/4007/3524 2397/4008/3524
f 2410/3978/3525 2397/4008/3525 2411/3985/3525
f 2411/3985/3526 2397/4008/3526 2396/4009/3526
f 2411/3985/3521 2396/4009/3521 2401/4004/3521
f 2413/4010/3527 2414/4011/3527 2415/4012/3527
f 2416/4013/3528 2417/4014/3528 2418/4015/3528
f 2419/4016/3529 2420/4017/3529 2421/4018/3529
f 2421/4018/3530 2420/4017/3530 2422/4019/3530
f 2423/4020/3531 2424/4021/3531 2425/4022/3531
f 2419/4016/3532 2426/4023/3532 2420/4017/3532
f 2420/4017/3533 2426/4023/3533 2427/4024/3533
f 2420/4017/3534 2427/4024/3534 2424/4021/3534
f 2424/4021/3535 2427/4024/3535 2428/4025/3535
f 2424/4021/3536 2428/4025/3536 2425/4022/3536
f 2418/4015/3537 2417/4014/3537 2429/4026/3537
f 2430/4027/3538 2431/4028/3538 2417/4014/3538
f 2417/4029/3539 2431/4030/3539 2432/4031/3539
f 2417/4014/3537 2432/4032/3537 2429/4026/3537
f 2425/4022/3540 2433/4033/3540 2423/4020/3540
f 2423/4020/3541 2433/4033/3541 2434/4034/3541
f 2423/4020/3542 2434/4034/3542 2430/4027/3542
f 2430/4027/3543 2434/4034/3543 2435/4035/3543
f 2430/4027/3544 2435/4035/3544 2431/4028/3544
f 2418/4015/3545 2436/4036/3545 2416/4013/3545
f 2416/4037/3546 2436/4038/3546 2437/4039/3546
f 2416/4037/3547 2437/4039/3547 2438/4040/3547
f 2437/4039/3548 2439/4041/3548 2438/4040/3548
f 2438/4040/3549 2439/4041/3549 2440/4042/3549
f 2438/4040/3550 2440/4042/3550 2441/4043/3550
f 2441/4043/3551 2440/4042/3551 2442/4044/3551
f 2442/4044/3552 2443/4045/3552 2441/4043/3552
f 2441/4043/3553 2443/4045/3553 2444/4046/3553
f 2441/4043/3554 2444/4046/3554 2445/4047/3554
f 2445/4047/3555 2444/4046/3555 2446/4048/3555
f 2445/4047/3556 2446/4048/3556 2415/4012/3556
f 2415/4012/3557 2446/4048/3557 2447/4049/3557
f 2415/4012/3557 2447/4049/3557 2413/4010/3557
f 2448/4050/3558 2449/4051/3558 2420/4017/3558
f 2420/4017/3558 2449/4051/3558 2450/4052/3558
f 2450/4052/3559 2451/4053/3559 2420/4017/3559
f 2420/4017/3560 2451/4053/3560 2452/4054/3560
f 2420/4017/3560 2452/4054/3560 2422/4019/3560
f 2448/4050/3558 2420/4017/3558 2453/4055/3558
f 2453/4055/3561 2420/4017/3561 2424/4021/3561
f 2453/4055/3562 2424/4021/3562 2454/4056/3562
f 2454/4056/3562 2424/4021/3562 2455/4057/3562
f 2455/4057/3563 2424/4021/3563 2423/4020/3563
f 2455/4057/3564 2423/4020/3564 2456/4058/3564
f 2456/4058/3565 2423/4020/3565 2457/4059/3565
f 2457/4059/3566 2423/4020/3566 2430/4027/3566
f 2457/4059/3567 2430/4027/3567 2458/4060/3567
f 2459/4061/3568 2460/4062/3568 2416/4013/3568
f 2416/4013/3569 2460/4062/3569 2461/4063/3569
f 2416/4013/3570 2461/4063/3570 2417/4014/3570
f 2417/4014/3571 2461/4063/3571 2462/4064/3571
f 2417/4014/3572 2462/4064/3572 2430/4027/3572
f 2430/4027/3573 2462/4064/3573 2463/4065/3573
f 2430/4027/3567 2463/4065/3567 2458/4060/3567
f 2459/4066/3574 2416/4067/3574 2464/4068/3574
f 2464/4068/3575 2416/4067/3575 2438/4069/3575
f 2464/4068/3576 2438/4069/3576 2465/4070/3576
f 2465/4070/3577 2438/4069/3577 2441/4071/3577
f 2465/4070/3578 2441/4071/3578 2466/4072/3578
f 2467/4073/3579 2415/4074/3579 2468/4075/3579
f 2468/4075/3580 2415/4074/3580 2414/4076/3580
f 2467/4073/3581 2469/4077/3581 2415/4074/3581
f 2415/4074/3582 2469/4077/3582 2470/4078/3582
f 2415/4074/3583 2470/4078/3583 2445/4079/3583
f 2445/4079/3584 2470/4078/3584 2471/4080/3584
f 2445/4079/3585 2471/4080/3585 2441/4071/3585
f 2441/4071/3586 2471/4080/3586 2472/4081/3586
f 2441/4071/3586 2472/4081/3586 2466/4072/3586
f 2473/4082/3587 2462/4083/3587 2461/4084/3587
f 2426/4085/3588 2419/4086/3588 2474/4087/3588
f 2474/4087/3589 2419/4086/3589 2421/4088/3589
f 2421/4088/3590 2422/4089/3590 2452/4090/3590
f 2475/4091/3591 2428/4092/3591 2474/4087/3591
f 2474/4087/3592 2428/4092/3592 2427/4093/3592
f 2474/4087/3592 2427/4093/3592 2426/4085/3592
f 2434/4094/3593 2476/4095/3593 2435/4096/3593
f 2435/4096/3594 2476/4095/3594 2431/4097/3594
f 2434/4094/3595 2433/4098/3595 2475/4091/3595
f 2475/4091/3596 2433/4098/3596 2425/4099/3596
f 2475/4091/3596 2425/4099/3596 2428/4092/3596
f 2431/4097/3594 2476/4095/3594 2432/4100/3594
f 2432/4100/3597 2476/4095/3597 2473/4082/3597
f 2432/4100/3598 2473/4082/3598 2429/4101/3598
f 2429/4101/3598 2473/4082/3598 2418/4102/3598
f 2418/4102/3599 2473/4082/3599 2461/4084/3599
f 2418/4102/3600 2461/4084/3600 2436/4103/3600
f 2461/4084/3601 2460/4104/3601 2436/4103/3601
f 2436/4105/3602 2460/4106/3602 2459/4107/3602
f 2436/4108/3603 2459/4109/3603 2437/4110/3603
f 2437/4111/3604 2459/4112/3604 2464/4113/3604
f 2437/4114/3605 2464/4115/3605 2439/4116/3605
f 2439/4117/3606 2464/4118/3606 2465/4119/3606
f 2439/4117/3607 2465/4119/3607 2440/4120/3607
f 2440/4120/3608 2465/4119/3608 2466/4121/3608
f 2440/4120/3609 2466/4121/3609 2442/4122/3609
f 2442/4122/3610 2466/4121/3610 2472/4123/3610
f 2442/4122/3611 2472/4123/3611 2443/4124/3611
f 2443/4124/3611 2472/4123/3611 2444/4125/3611
f 2444/4125/3612 2472/4123/3612 2471/4126/3612
f 2444/4125/3613 2471/4126/3613 2446/4127/3613
f 2446/4128/3614 2471/4129/3614 2470/4130/3614
f 2446/4128/3615 2470/4130/3615 2447/4131/3615
f 2470/4130/3616 2469/4132/3616 2447/4131/3616
f 2447/4131/3617 2469/4132/3617 2467/4133/3617
f 2447/4131/3618 2467/4133/3618 2413/4134/3618
f 2413/4135/3619 2467/4136/3619 2468/4137/3619
f 2413/4138/3620 2468/4139/3620 2414/4140/3620
f 2475/4091/3621 2454/4141/3621 2455/4142/3621
f 2434/4094/3622 2475/4091/3622 2476/4095/3622
f 2476/4095/3623 2475/4091/3623 2455/4142/3623
f 2476/4095/3624 2455/4142/3624 2456/4143/3624
f 2456/4143/3624 2457/4144/3624 2476/4095/3624
f 2476/4095/3625 2457/4144/3625 2458/4145/3625
f 2476/4095/3626 2458/4145/3626 2473/4082/3626
f 2473/4082/3627 2458/4145/3627 2463/4146/3627
f 2473/4082/3587 2463/4146/3587 2462/4083/3587
f 2450/4147/3628 2449/4148/3628 2474/4087/3628
f 2474/4087/3629 2449/4148/3629 2448/4149/3629
f 2474/4087/3630 2448/4149/3630 2475/4091/3630
f 2475/4091/3631 2448/4149/3631 2453/4150/3631
f 2475/4091/3632 2453/4150/3632 2454/4141/3632
f 2421/4088/3633 2452/4090/3633 2474/4087/3633
f 2474/4087/3634 2452/4090/3634 2451/4151/3634
f 2474/4087/3635 2451/4151/3635 2450/4147/3635
f 2477/4152/3636 2478/4153/3636 2479/4154/3636
f 2480/4155/3637 2481/4156/3637 2482/4157/3637
f 2482/4157/3638 2483/4158/3638 2480/4155/3638
f 2480/4155/3639 2483/4158/3639 2484/4159/3639
f 2480/4155/3640 2484/4159/3640 2485/4160/3640
f 2481/4156/3637 2480/4155/3637 2486/4161/3637
f 2486/4161/3641 2480/4155/3641 2487/4162/3641
f 2486/4161/3642 2487/4162/3642 2488/4163/3642
f 2489/4164/3643 2490/4165/3643 2487/4162/3643
f 2487/4162/3644 2490/4165/3644 2491/4166/3644
f 2487/4162/3644 2491/4166/3644 2488/4163/3644
f 2492/4167/3645 2493/4168/3645 2494/4169/3645
f 2494/4169/3645 2493/4168/3645 2495/4170/3645
f 2495/4170/3646 2496/4171/3646 2494/4169/3646
f 2494/4169/3647 2496/4171/3647 2497/4172/3647
f 2494/4169/3648 2497/4172/3648 2487/4162/3648
f 2487/4162/3649 2497/4172/3649 2498/4173/3649
f 2487/4162/3650 2498/4173/3650 2489/4164/3650
f 2499/4174/3651 2500/4175/3651 2501/4176/3651
f 2502/4177/3652 2503/4178/3652 2501/4176/3652
f 2502/4177/3653 2501/4176/3653 2504/4179/3653
f 2503/4178/3654 2505/4180/3654 2501/4176/3654
f 2501/4176/3655 2505/4180/3655 2506/4181/3655
f 2501/4176/3655 2506/4181/3655 2499/4174/3655
f 2507/4182/3656 2508/4183/3656 2509/4184/3656
f 2510/4185/3657 2511/4186/3657 2512/4187/3657
f 2512/4187/3657 2511/4186/3657 2513/4188/3657
f 2513/4188/3658 2514/4189/3658 2512/4187/3658
f 2512/4187/3659 2514/4189/3659 2515/4190/3659
f 2512/4187/3660 2515/4190/3660 2509/4184/3660
f 2509/4184/3661 2515/4190/3661 2516/4191/3661
f 2509/4184/3661 2516/4191/3661 2507/4182/3661
f 2517/4192/3662 2518/4193/3662 2519/4194/3662
f 2519/4194/3662 2518/4193/3662 2520/4195/3662
f 2519/4194/3663 2520/4195/3663 2521/4196/3663
f 2521/4196/3664 2522/4197/3664 2519/4194/3664
f 2519/4194/3665 2522/4197/3665 2523/4198/3665
f 2519/4194/3666 2523/4198/3666 2512/4187/3666
f 2512/4187/3667 2523/4198/3667 2524/4199/3667
f 2512/4187/3668 2524/4199/3668 2510/4185/3668
f 2478/4153/3669 2525/4200/3669 2479/4154/3669
f 2479/4154/3670 2525/4200/3670 2526/4201/3670
f 2479/4154/3671 2526/4201/3671 2527/4202/3671
f 2500/4175/3672 2492/4167/3672 2501/4176/3672
f 2501/4176/3673 2492/4167/3673 2494/4169/3673
f 2501/4176/3674 2494/4169/3674 2528/4203/3674
f 2528/4203/3674 2494/4169/3674 2487/4162/3674
f 2528/4203/3675 2487/4162/3675 2479/4154/3675
f 2479/4154/3675 2487/4162/3675 2480/4155/3675
f 2479/4154/3676 2480/4155/3676 2477/4152/3676
f 2477/4152/3640 2480/4155/3640 2485/4160/3640
f 2508/4183/3677 2504/4179/3677 2509/4184/3677
f 2509/4184/3678 2504/4179/3678 2501/4176/3678
f 2509/4184/3679 2501/4176/3679 2512/4187/3679
f 2512/4187/3679 2501/4176/3679 2528/4203/3679
f 2512/4187/3680 2528/4203/3680 2519/4194/3680
f 2519/4194/3680 2528/4203/3680 2479/4154/3680
f 2519/4194/3681 2479/4154/3681 2517/4192/3681
f 2517/4192/3682 2479/4154/3682 2527/4202/3682
f 3385/5571/4917 3241/5179/4917 3386/5572/4917
f 3386/5572/4918 3241/5179/4918 3190/5126/4918
f 3387/5573/4919 3239/5177/4919 3237/5175/4919
f 3387/5573/4920 3237/5175/4920 3385/5571/4920
f 3385/5571/4921 3237/5175/4921 3236/5174/4921
f 3385/5571/4922 3236/5174/4922 3241/5179/4922
f 3239/5177/4919 3387/5573/4919 3240/5178/4919
f 3240/5178/4923 3387/5573/4923 3388/5574/4923
f 3240/5178/4924 3388/5574/4924 3233/5171/4924
f 3389/5575/4925 3231/5169/4925 3230/5168/4925
f 3389/5575/4926 3230/5168/4926 3388/5574/4926
f 3388/5574/4927 3230/5168/4927 3229/5167/4927
f 3388/5574/4924 3229/5167/4924 3233/5171/4924
f 3231/5169/4925 3389/5575/4925 3232/5170/4925
f 3232/5170/4928 3389/5575/4928 3390/5576/4928
f 3232/5170/4929 3390/5576/4929 3192/5128/4929
f 3391/5577/4930 3223/5161/4930 3228/5166/4930
f 3391/5577/4931 3228/5166/4931 3392/5578/4931
f 3228/5166/4932 3227/5165/4932 3392/5578/4932
f 3392/5578/4933 3227/5165/4933 3226/5164/4933
f 3392/5578/4934 3226/5164/4934 3390/5576/4934
f 3390/5576/4935 3226/5164/4935 3193/5129/4935
f 3390/5576/4929 3193/5129/4929 3192/5128/4929
f 3223/5161/4930 3391/5577/4930 3224/5162/4930
f 3224/5162/4936 3391/5577/4936 3393/5579/4936
f 3224/5162/4937 3393/5579/4937 3219/5157/4937
f 3394/5580/4938 3217/5153/4938 3215/5151/4938
f 3394/5580/4939 3215/5151/4939 3393/5579/4939
f 3393/5579/4940 3215/5151/4940 3214/5150/4940
f 3393/5579/4937 3214/5150/4937 3219/5157/4937
f 3217/5153/4938 3394/5580/4938 3218/5155/4938
f 3218/5156/4941 3394/5581/4941 3395/5582/4941
f 3218/5156/4942 3395/5582/4942 3211/5147/4942
f 3396/5583/4943 3202/5138/4943 3210/5146/4943
f 3396/5583/4944 3210/5146/4944 3397/5584/4944
f 3210/5146/4945 3209/5145/4945 3397/5584/4945
f 3397/5584/4946 3209/5145/4946 3208/5144/4946
f 3397/5584/4947 3208/5144/4947 3395/5582/4947
f 3395/5582/4948 3208/5144/4948 3207/5143/4948
f 3395/5582/4942 3207/5143/4942 3211/5147/4942
f 3202/5138/4949 3396/5583/4949 3203/5139/4949
f 3203/5139/4950 3396/5583/4950 3398/5585/4950
f 3203/5139/4951 3398/5585/4951 3205/5141/4951
f 3399/5586/4952 3199/5135/4952 3398/5585/4952
f 3398/5585/4953 3199/5135/4953 3198/5134/4953
f 3398/5585/4951 3198/5134/4951 3205/5141/4951
f 3196/5132/4954 3197/5133/4954 3400/5587/4954
f 3400/5587/4954 3197/5133/4954 3201/5137/4954
f 3400/5587/4955 3201/5137/4955 3399/5586/4955
f 3399/5586/4956 3201/5137/4956 3200/5136/4956
f 3399/5586/4956 3200/5136/4956 3199/5135/4956
f 3196/5132/4957 3400/5587/4957 3195/5131/4957
f 3195/5131/4958 3400/5587/4958 3401/5588/4958
f 3195/5131/4959 3401/5588/4959 3294/5236/4959
f 3294/5236/4960 3401/5588/4960 3402/5589/4960
f 3294/5236/4961 3402/5589/4961 3336/5334/4961
f 3403/5590/4962 3285/5227/4962 3293/5235/4962
f 3403/5590/4963 3293/5235/4963 3404/5591/4963
f 3293/5235/4964 3292/5234/4964 3404/5591/4964
f 3404/5591/4965 3292/5234/4965 3291/5233/4965
f 3404/5592/4966 3291/5593/4966 3402/5594/4966
f 3402/5595/4967 3291/5233/4967 3290/5232/4967
f 3402/5589/4961 3290/5332/4961 3336/5334/4961
f 3285/5227/4962 3403/5590/4962 3286/5228/4962
f 3286/5228/4968 3403/5590/4968 3405/5596/4968
f 3286/5228/4969 3405/5596/4969 3288/5230/4969
f 3406/5597/4970 3283/5225/4970 3282/5224/4970
f 3406/5597/4971 3282/5224/4971 3405/5596/4971
f 3405/5596/4972 3282/5224/4972 3281/5223/4972
f 3405/5596/4969 3281/5223/4969 3288/5230/4969
f 3283/5225/4970 3406/5597/4970 3284/5226/4970
f 3284/5226/4973 3406/5597/4973 3407/5598/4973
f 3284/5226/4974 3407/5598/4974 3186/5122/4974
f 3408/5599/4975 3275/5217/4975 3280/5222/4975
f 3408/5599/4976 3280/5222/4976 3409/5600/4976
f 3280/5222/4977 3279/5221/4977 3409/5600/4977
f 3409/5600/4978 3279/5221/4978 3278/5220/4978
f 3409/5600/4979 3278/5220/4979 3407/5598/4979
f 3407/5598/4980 3278/5220/4980 3187/5123/4980
f 3407/5598/4974 3187/5123/4974 3186/5122/4974
f 3275/5217/4975 3408/5599/4975 3276/5218/4975
f 3276/5218/4981 3408/5599/4981 3410/5601/4981
f 3276/5218/4982 3410/5601/4982 3271/5213/4982
f 3411/5602/4983 3269/5211/4983 3267/5209/4983
f 3411/5602/4984 3267/5209/4984 3410/5603/4984
f 3410/5603/4985 3267/5209/4985 3266/5208/4985
f 3410/5601/4982 3266/5318/4982 3271/5213/4982
f 3269/5211/4983 3411/5602/4983 3270/5212/4983
f 3270/5212/4986 3411/5602/4986 3412/5604/4986
f 3270/5212/4987 3412/5604/4987 3263/5205/4987
f 3413/5605/4988 3254/5196/4988 3262/5204/4988
f 3413/5605/4989 3262/5204/4989 3414/5606/4989
f 3262/5204/4990 3261/5203/4990 3414/5606/4990
f 3414/5606/4991 3261/5203/4991 3260/5202/4991
f 3414/5606/4992 3260/5202/4992 3412/5604/4992
f 3412/5604/4993 3260/5202/4993 3259/5201/4993
f 3412/5604/4987 3259/5201/4987 3263/5205/4987
f 3254/5196/4994 3413/5605/4994 3255/5197/4994
f 3255/5197/4995 3413/5605/4995 3415/5607/4995
f 3255/5197/4996 3415/5607/4996 3257/5199/4996
f 3416/5608/4997 3252/5194/4997 3250/5192/4997
f 3416/5608/4998 3250/5192/4998 3415/5607/4998
f 3415/5607/4999 3250/5192/4999 3249/5191/4999
f 3415/5607/4996 3249/5191/4996 3257/5199/4996
f 3252/5194/4997 3416/5608/4997 3253/5195/4997
f 3253/5195/5000 3416/5608/5000 3417/5609/5000
f 3253/5195/5001 3417/5609/5001 3246/5188/5001
f 3190/5126/5002 3189/5125/5002 3386/5572/5002
f 3386/5572/5002 3189/5125/5002 3243/5182/5002
f 3386/5610/5003 3243/5183/5003 3418/5611/5003
f 3418/5611/5004 3243/5183/5004 3244/5185/5004
f 3418/5611/5005 3244/5185/5005 3417/5609/5005
f 3417/5609/5006 3244/5185/5006 3245/5187/5006
f 3417/5609/5001 3245/5187/5001 3246/5188/5001
f 3419/5612/3208 3340/5613/3208 3420/5614/3208
f 3420/5614/3208 3340/5613/3208 3338/5615/3208
f 3420/5614/3208 3338/5615/3208 3421/5616/3208
f 3421/5616/3208 3338/5615/3208 3339/5617/3208
f 3421/5616/3208 3339/5617/3208 3422/5618/3208
f 3422/5618/3208 3339/5617/3208 3337/5619/3208
f 3422/5618/3208 3337/5619/3208 3423/5620/3208
f 3423/5620/3208 3337/5619/3208 3348/5621/3208
f 3423/5620/3208 3348/5621/3208 3424/5622/3208
f 3424/5622/3208 3348/5621/3208 3347/5623/3208
f 3424/5622/3210 3347/5623/3210 3425/5624/3210
f 3425/5624/3208 3347/5623/3208 3346/5625/3208
f 3425/5624/3208 3346/5625/3208 3426/5626/3208
f 3426/5626/3208 3346/5625/3208 3345/5627/3208
f 3426/5626/3208 3345/5627/3208 3427/5628/3208
f 3427/5628/3208 3345/5627/3208 3344/5629/3208
f 3427/5628/3208 3344/5629/3208 3428/5630/3208
f 3428/5630/3208 3344/5629/3208 3343/5631/3208
f 3428/5630/3208 3343/5631/3208 3429/5632/3208
f 3429/5632/3208 3343/5631/3208 3342/5633/3208
f 3429/5632/3208 3342/5633/3208 3430/5634/3208
f 3430/5634/3208 3342/5633/3208 3341/5635/3208
f 3430/5634/3208 3341/5635/3208 3419/5612/3208
f 3419/5612/3208 3341/5635/3208 3340/5613/3208
f 3431/5636/3210 3349/5637/3210 3432/5638/3210
f 3432/5638/3208 3349/5637/3208 3350/5639/3208
f 3432/5638/3208 3350/5639/3208 3433/5640/3208
f 3433/5640/3208 3350/5639/3208 3358/5641/3208
f 3433/5640/3208 3358/5641/3208 3434/5642/3208
f 3434/5642/3208 3358/5641/3208 3357/5643/3208
f 3434/5642/3208 3357/5643/3208 3435/5644/3208
f 3435/5644/3208 3357/5643/3208 3356/5645/3208
f 3435/5644/3208 3356/5645/3208 3436/5646/3208
f 3436/5646/3208 3356/5645/3208 3351/5647/3208
f 3436/5646/3208 3351/5647/3208 3437/5648/3208
f 3437/5648/3208 3351/5647/3208 3355/5649/3208
f 3437/5648/3208 3355/5649/3208 3438/5650/3208
f 3438/5650/3208 3355/5649/3208 3354/5651/3208
f 3438/5650/3208 3354/5651/3208 3439/5652/3208
f 3439/5652/3208 3354/5651/3208 3352/5653/3208
f 3439/5652/3208 3352/5653/3208 3440/5654/3208
f 3440/5654/3208 3352/5653/3208 3353/5655/3208
f 3440/5654/3208 3353/5655/3208 3441/5656/3208
f 3441/5656/3208 3353/5655/3208 3360/5657/3208
f 3441/5656/3208 3360/5657/3208 3442/5658/3208
f 3442/5658/3208 3360/5657/3208 3359/5659/3208
f 3442/5658/3208 3359/5659/3208 3431/5636/3208
f 3431/5636/3208 3359/5659/3208 3349/5637/3208
f 3443/5660/3208 3364/5661/3208 3444/5662/3208
f 3444/5662/3208 3364/5661/3208 3365/5663/3208
f 3444/5662/3208 3365/5663/3208 3445/5664/3208
f 3445/5664/3208 3365/5663/3208 3372/5665/3208
f 3445/5664/3208 3372/5665/3208 3446/5666/3208
f 3446/5666/3208 3372/5665/3208 3371/5667/3208
f 3446/5666/3208 3371/5667/3208 3447/5668/3208
f 3447/5668/3208 3371/5667/3208 3361/5669/3208
f 3447/5668/3208 3361/5669/3208 3448/5670/3208
f 3448/5670/3208 3361/5669/3208 3370/5671/3208
f 3448/5670/3208 3370/5671/3208 3449/5672/3208
f 3449/5672/3208 3370/5671/3208 3369/5673/3208
f 3449/5672/3208 3369/5673/3208 3450/5674/3208
f 3450/5674/3208 3369/5673/3208 3368/5675/3208
f 3450/5674/3208 3368/5675/3208 3451/5676/3208
f 3451/5676/3208 3368/5675/3208 3362/5677/3208
f 3451/5676/3208 3362/5677/3208 3452/5678/3208
f 3452/5678/3208 3362/5677/3208 3367/5679/3208
f 3452/5678/3208 3367/5679/3208 3453/5680/3208
f 3453/5680/3208 3367/5679/3208 3363/5681/3208
f 3453/5680/3209 3363/5681/3209 3454/5682/3209
f 3454/5682/3208 3363/5681/3208 3366/5683/3208
f 3454/5682/3208 3366/5683/3208 3443/5660/3208
f 3443/5660/3208 3366/5683/3208 3364/5661/3208
f 3455/5684/3208 3382/5685/3208 3456/5686/3208
f 3456/5686/3208 3382/5685/3208 3373/5687/3208
f 3456/5686/3208 3373/5687/3208 3457/5688/3208
f 3457/5688/3208 3373/5687/3208 3381/5689/3208
f 3457/5688/3208 3381/5689/3208 3458/5690/3208
f 3458/5690/3208 3381/5689/3208 3380/5691/3208
f 3458/5690/3208 3380/5691/3208 3459/5692/3208
f 3459/5692/3208 3380/5691/3208 3379/5693/3208
f 3459/5692/3208 3379/5693/3208 3460/5694/3208
f 3460/5694/3208 3379/5693/3208 3374/5695/3208
f 3460/5694/3208 3374/5695/3208 3461/5696/3208
f 3461/5696/3208 3374/5695/3208 3378/5697/3208
f 3461/5696/3209 3378/5697/3209 3462/5698/3209
f 3462/5698/3208 3378/5697/3208 3377/5699/3208
f 3462/5698/3208 3377/5699/3208 3463/5700/3208
f 3463/5700/3208 3377/5699/3208 3376/5701/3208
f 3463/5700/3208 3376/5701/3208 3464/5702/3208
f 3464/5702/3208 3376/5701/3208 3375/5703/3208
f 3464/5702/3208 3375/5703/3208 3465/5704/3208
f 3465/5704/3208 3375/5703/3208 3384/5705/3208
f 3465/5704/3208 3384/5705/3208 3466/5706/3208
f 3466/5706/3208 3384/5705/3208 3383/5707/3208
f 3466/5706/3208 3383/5707/3208 3455/5684/3208
f 3455/5684/3208 3383/5707/3208 3382/5685/3208
f 3403/5708/2610 3404/5709/2610 3467/5710/2610
f 3467/5710/2610 3404/5709/2610 3402/5711/2610
f 3467/5710/2610 3402/5711/2610 3468/5712/2610
f 3468/5712/2610 3402/5711/2610 3401/5713/2610
f 3468/5712/2610 3401/5713/2610 3469/5714/2610
f 3469/5714/2610 3401/5713/2610 3400/5715/2610
f 3469/5714/2610 3400/5715/2610 3470/5716/2610
f 3470/5716/2610 3400/5715/2610 3399/5717/2610
f 3470/5716/2610 3399/5717/2610 3471/5718/2610
f 3471/5718/2610 3399/5717/2610 3398/5719/2610
f 3471/5718/2610 3398/5719/2610 3472/5720/2610
f 3472/5720/2610 3398/5719/2610 3396/5721/2610
f 3472/5720/2610 3396/5721/2610 3473/5722/2610
f 3473/5722/2610 3396/5721/2610 3397/5723/2610
f 3473/5722/2610 3397/5723/2610 3474/5724/2610
f 3474/5724/2610 3397/5723/2610 3395/5725/2610
f 3474/5724/2610 3395/5725/2610 3475/5726/2610
f 3475/5726/2610 3395/5725/2610 3394/5727/2610
f 3475/5726/2610 3394/5727/2610 3476/5728/2610
f 3476/5728/2610 3394/5727/2610 3393/5729/2610
f 3476/5728/2610 3393/5729/2610 3477/5730/2610
f 3477/5730/2610 3393/5729/2610 3391/5731/2610
f 3477/5730/2610 3391/5731/2610 3478/5732/2610
f 3478/5732/2610 3391/5731/2610 3392/5733/2610
f 3478/5732/2610 3392/5733/2610 3479/5734/2610
f 3479/5734/2610 3392/5733/2610 3390/5735/2610
f 3479/5734/2610 3390/5735/2610 3480/5736/2610
f 3480/5736/2610 3390/5735/2610 3389/5737/2610
f 3480/5736/2610 3389/5737/2610 3481/5738/2610
f 3481/5738/2610 3389/5737/2610 3388/5739/2610
f 3481/5738/2610 3388/5739/2610 3482/5740/2610
f 3482/5740/2610 3388/5739/2610 3387/5741/2610
f 3482/5740/2610 3387/5741/2610 3483/5742/2610
f 3483/5742/2610 3387/5741/2610 3385/5743/2610
f 3483/5742/2610 3385/5743/2610 3484/5744/2610
f 3484/5744/2610 3385/5743/2610 3386/5745/2610
f 3484/5744/2610 3386/5745/2610 3485/5746/2610
f 3485/5746/2610 3386/5745/2610 3418/5747/2610
f 3485/5746/2610 3418/5747/2610 3486/5748/2610
f 3486/5748/2610 3418/5747/2610 3417/5749/2610
f 3486/5748/2610 3417/5749/2610 3487/5750/2610
f 3487/5750/2610 3417/5749/2610 3416/5751/2610
f 3487/5750/2610 3416/5751/2610 3488/5752/2610
f 3488/5752/2610 3416/5751/2610 3415/5753/2610
f 3488/5752/2610 3415/5753/2610 3489/5754/2610
f 3489/5754/2610 3415/5753/2610 3413/5755/2610
f 3489/5754/2610 3413/5755/2610 3490/5756/2610
f 3490/5756/2610 3413/5755/2610 3414/5757/2610
f 3490/5756/2610 3414/5757/2610 3491/5758/2610
f 3491/5758/2610 3414/5757/2610 3412/5759/2610
f 3491/5758/2610 3412/5759/2610 3492/5760/2610
f 3492/5760/2610 3412/5759/2610 3411/5761/2610
f 3492/5760/2610 3411/5761/2610 3493/5762/2610
f 3493/5762/2610 3411/5761/2610 3410/5763/2610
f 3493/5762/2610 3410/5763/2610 3494/5764/2610
f 3494/5764/2610 3410/5763/2610 3408/5765/2610
f 3494/5764/2610 3408/5765/2610 3495/5766/2610
f 3495/5766/2610 3408/5765/2610 3409/5767/2610
f 3495/5766/2610 3409/5767/2610 3496/5768/2610
f 3496/5768/2610 3409/5767/2610 3407/5769/2610
f 3496/5768/2610 3407/5769/2610 3497/5770/2610
f 3497/5770/2610 3407/5769/2610 3406/5771/2610
f 3497/5770/2610 3406/5771/2610 3498/5772/2610
f 3498/5772/2610 3406/5771/2610 3405/5773/2610
f 3498/5772/2610 3405/5773/2610 3499/5774/2610
f 3499/5774/2610 3405/5773/2610 3403/5708/2610
f 3499/5774/2610 3403/5708/2610 3467/5710/2610
f 3500/5775/5007 3427/5776/5007 3501/5777/5007
f 3501/5777/5007 3427/5776/5007 3428/5778/5007
f 3501/5777/5008 3428/5778/5008 3502/5779/5008
f 3502/5779/5008 3428/5778/5008 3429/5780/5008
f 3502/5779/5009 3429/5780/5009 3503/5781/5009
f 3503/5781/5009 3429/5780/5009 3430/5782/5009
f 3503/5781/5010 3430/5782/5010 3504/5783/5010
f 3504/5783/5010 3430/5782/5010 3419/5784/5010
f 3504/5785/5011 3419/5786/5011 3505/5787/5011
f 3505/5787/5011 3419/5786/5011 3420/5788/5011
f 3505/5787/5012 3420/5788/5012 3506/5789/5012
f 3506/5789/5012 3420/5788/5012 3421/5790/5012
f 3506/5789/4788 3421/5790/4788 3507/5791/4788
f 3507/5791/4788 3421/5790/4788 3422/5792/4788
f 3507/5793/5013 3422/5794/5013 3508/5795/5013
f 3508/5795/5013 3422/5794/5013 3423/5796/5013
f 3508/5795/5014 3423/5796/5014 3509/5797/5014
f 3509/5797/5014 3423/5796/5014 3424/5798/5014
f 3509/5799/5015 3424/5800/5015 3510/5801/5015
f 3510/5801/5015 3424/5800/5015 3425/5802/5015
f 3510/5801/5016 3425/5802/5016 3511/5803/5016
f 3511/5803/5016 3425/5802/5016 3426/5804/5016
f 3511/5803/5017 3426/5804/5017 3500/5805/5017
f 3500/5805/5017 3426/5804/5017 3427/5806/5017
f 3512/5807/5007 3434/5808/5007 3513/5809/5007
f 3513/5809/5007 3434/5808/5007 3435/5810/5007
f 3513/5809/5008 3435/5810/5008 3514/5811/5008
f 3514/5811/5008 3435/5810/5008 3436/5812/5008
f 3514/5811/5009 3436/5812/5009 3515/5813/5009
f 3515/5813/5009 3436/5812/5009 3437/5814/5009
f 3515/5813/5010 3437/5814/5010 3516/5815/5010
f 3516/5815/5010 3437/5814/5010 3438/5816/5010
f 3516/5817/5011 3438/5818/5011 3517/5819/5011
f 3517/5819/5011 3438/5818/5011 3439/5820/5011
f 3517/5819/5012 3439/5820/5012 3518/5821/5012
f 3518/5821/5012 3439/5820/5012 3440/5822/5012
f 3518/5821/4788 3440/5822/4788 3519/5823/4788
f 3519/5823/4788 3440/5822/4788 3441/5824/4788
f 3519/5825/5013 3441/5826/5013 3520/5827/5013
f 3520/5827/5013 3441/5826/5013 3442/5828/5013
f 3520/5827/5014 3442/5828/5014 3521/5829/5014
f 3521/5829/5014 3442/5828/5014 3431/5830/5014
f 3521/5831/5015 3431/5832/5015 3522/5833/5015
f 3522/5833/5015 3431/5832/5015 3432/5834/5015
f 3522/5833/5016 3432/5834/5016 3523/5835/5016
f 3523/5835/5016 3432/5834/5016 3433/5836/5016
f 3523/5835/5017 3433/5836/5017 3512/5837/5017
f 3512/5837/5017 3433/5836/5017 3434/5838/5017
f 3524/5839/5007 3450/5840/5007 3525/5841/5007
f 3525/5841/5007 3450/5840/5007 3451/5842/5007
f 3525/5841/5008 3451/5842/5008 3526/5843/5008
f 3526/5843/5008 3451/5842/5008 3452/5844/5008
f 3526/5843/5009 3452/5844/5009 3527/5845/5009
f 3527/5845/5009 3452/5844/5009 3453/5846/5009
f 3527/5845/5010 3453/5846/5010 3528/5847/5010
f 3528/5847/5010 3453/5846/5010 3454/5848/5010
f 3528/5849/5011 3454/5850/5011 3529/5851/5011
f 3529/5851/5011 3454/5850/5011 3443/5852/5011
f 3529/5851/5012 3443/5852/5012 3530/5853/5012
f 3530/5853/5012 3443/5852/5012 3444/5854/5012
f 3530/5853/4788 3444/5854/4788 3531/5855/4788
f 3531/5855/4788 3444/5854/4788 3445/5856/4788
f 3531/5857/5013 3445/5858/5013 3532/5859/5013
f 3532/5859/5013 3445/5858/5013 3446/5860/5013
f 3532/5859/5014 3446/5860/5014 3533/5861/5014
f 3533/5861/5014 3446/5860/5014 3447/5862/5014
f 3533/5863/5015 3447/5864/5015 3534/5865/5015
f 3534/5865/5015 3447/5864/5015 3448/5866/5015
f 3534/5865/5016 3448/5866/5016 3535/5867/5016
f 3535/5867/5016 3448/5866/5016 3449/5868/5016
f 3535/5867/5017 3449/5868/5017 3524/5869/5017
f 3524/5869/5017 3449/5868/5017 3450/5870/5017
f 3536/5871/5007 3458/5872/5007 3537/5873/5007
f 3537/5873/5007 3458/5872/5007 3459/5874/5007
f 3537/5873/5008 3459/5874/5008 3538/5875/5008
f 3538/5875/5008 3459/5874/5008 3460/5876/5008
f 3538/5875/5009 3460/5876/5009 3539/5877/5009
f 3539/5877/5009 3460/5876/5009 3461/5878/5009
f 3539/5877/5010 3461/5878/5010 3540/5879/5010
f 3540/5879/5010 3461/5878/5010 3462/5880/5010
f 3540/5881/5011 3462/5882/5011 3541/5883/5011
f 3541/5883/5011 3462/5882/5011 3463/5884/5011
f 3541/5883/5012 3463/5884/5012 3542/5885/5012
f 3542/5885/5012 3463/5884/5012 3464/5886/5012
f 3542/5885/4788 3464/5886/4788 3543/5887/4788
f 3543/5887/4788 3464/5886/4788 3465/5888/4788
f 3543/5889/5013 3465/5890/5013 3544/5891/5013
f 3544/5891/5013 3465/5890/5013 3466/5892/5013
f 3544/5891/5014 3466/5892/5014 3545/5893/5014
f 3545/5893/5014 3466/5892/5014 3455/5894/5014
f 3545/5895/5015 3455/5896/5015 3546/5897/5015
f 3546/5897/5015 3455/5896/5015 3456/5898/5015
f 3546/5897/5016 3456/5898/5016 3547/5899/5016
f 3547/5899/5016 3456/5898/5016 3457/5900/5016
f 3547/5899/5017 3457/5900/5017 3536/5901/5017
f 3536/5901/5017 3457/5900/5017 3458/5902/5017
f 3548/5903/5018 3549/5904/5018 3482/5905/5018
f 3550/5906/5019 3481/5907/5019 3551/5908/5019
f 3551/5908/5020 3481/5907/5020 3482/5905/5020
f 3551/5908/5020 3482/5905/5020 3552/5909/5020
f 3552/5909/5018 3482/5905/5018 3549/5904/5018
f 3553/5910/5021 3479/5911/5021 3550/5906/5021
f 3550/5906/5021 3479/5911/5021 3480/5912/5021
f 3550/5906/5019 3480/5912/5019 3481/5907/5019
f 3553/5910/5021 3554/5913/5021 3479/5911/5021
f 3479/5911/5022 3554/5913/5022 3555/5914/5022
f 3479/5911/5022 3555/5914/5022 3478/5915/5022
f 3478/5915/5023 3555/5914/5023 3556/5916/5023
f 3478/5915/5023 3556/5916/5023 3477/5917/5023
f 3477/5917/5024 3556/5916/5024 3557/5918/5024
f 3477/5917/5024 3557/5918/5024 3476/5919/5024
f 3476/5919/5025 3557/5918/5025 3558/5920/5025
f 3476/5919/5025 3558/5920/5025 3475/5921/5025
f 3475/5922/5026 3558/5923/5026 3559/5924/5026
f 3475/5922/5026 3559/5924/5026 3474/5925/5026
f 3474/5925/5027 3559/5924/5027 3560/5926/5027
f 3474/5925/5027 3560/5926/5027 3473/5927/5027
f 3473/5927/5028 3560/5926/5028 3561/5928/5028
f 3473/5927/5028 3561/5928/5028 3472/5929/5028
f 3472/5929/5029 3561/5928/5029 3562/5930/5029
f 3472/5929/5029 3562/5930/5029 3471/5931/5029
f 3562/5930/5029 3563/5932/5029 3471/5931/5029
f 3471/5931/5030 3563/5932/5030 3564/5933/5030
f 3471/5931/5031 3564/5933/5031 3470/5934/5031
f 3470/5934/5032 3564/5933/5032 3565/5935/5032
f 3470/5934/5032 3565/5935/5032 3469/5936/5032
f 3469/5936/1211 3565/5935/1211 3566/5937/1211
f 3469/5936/1211 3566/5937/1211 3468/5938/1211
f 3468/5938/5033 3566/5937/5033 3567/5939/5033
f 3468/5938/5033 3567/5939/5033 3467/5940/5033
f 3467/5941/5034 3567/5942/5034 3568/5943/5034
f 3467/5941/5034 3568/5943/5034 3499/5944/5034
f 3499/5944/5035 3568/5943/5035 3569/5945/5035
f 3499/5944/5035 3569/5945/5035 3498/5946/5035
f 3498/5946/5036 3569/5945/5036 3570/5947/5036
f 3498/5946/5036 3570/5947/5036 3497/5948/5036
f 3497/5948/5037 3570/5947/5037 3571/5949/5037
f 3497/5948/5037 3571/5949/5037 3496/5950/5037
f 3496/5950/5038 3571/5949/5038 3572/5951/5038
f 3496/5950/5038 3572/5951/5038 3495/5952/5038
f 3495/5952/5039 3572/5951/5039 3573/5953/5039
f 3495/5952/5039 3573/5953/5039 3494/5954/5039
f 3494/5954/5040 3573/5953/5040 3574/5955/5040
f 3494/5954/5040 3574/5955/5040 3493/5956/5040
f 3493/5957/5041 3574/5958/5041 3575/5959/5041
f 3493/5957/5041 3575/5959/5041 3492/5960/5041
f 3492/5960/5042 3575/5959/5042 3576/5961/5042
f 3492/5960/5042 3576/5961/5042 3491/5962/5042
f 3491/5962/5043 3576/5961/5043 3577/5963/5043
f 3491/5962/5043 3577/5963/5043 3490/5964/5043
f 3482/5905/5018 3483/5965/5018 3548/5903/5018
f 3548/5903/5044 3483/5965/5044 3484/5966/5044
f 3548/5903/5044 3484/5966/5044 3578/5967/5044
f 3578/5968/5045 3484/5969/5045 3485/5970/5045
f 3578/5968/5045 3485/5970/5045 3579/5971/5045
f 3579/5971/5046 3485/5970/5046 3486/5972/5046
f 3579/5971/5046 3486/5972/5046 3580/5973/5046
f 3580/5973/5047 3486/5972/5047 3487/5974/5047
f 3580/5973/5047 3487/5974/5047 3581/5975/5047
f 3581/5975/5048 3487/5974/5048 3488/5976/5048
f 3581/5975/5048 3488/5976/5048 3582/5977/5048
f 3582/5977/5049 3488/5976/5049 3489/5978/5049
f 3582/5977/5049 3489/5978/5049 3583/5979/5049
f 3583/5979/5050 3489/5978/5050 3490/5964/5050
f 3583/5979/5050 3490/5964/5050 3584/5980/5050
f 3584/5980/5043 3490/5964/5043 3577/5963/5043
f 3546/5981/2610 3547/5982/2610 3557/5983/2610
f 3585/5984/2610 3547/5982/2610 3586/5985/2610
f 3586/5985/2610 3547/5982/2610 3536/5986/2610
f 3586/5985/2610 3536/5986/2610 3587/5987/2610
f 3587/5987/2610 3536/5986/2610 3537/5988/2610
f 3587/5987/2610 3537/5988/2610 3588/5989/2610
f 3588/5989/2610 3537/5988/2610 3538/5990/2610
f 3588/5989/2610 3538/5990/2610 3589/5991/2610
f 3589/5991/2610 3538/5990/2610 3539/5992/2610
f 3589/5991/2610 3539/5992/2610 3590/5993/2610
f 3590/5993/2610 3539/5992/2610 3540/5994/2610
f 3590/5993/2610 3540/5994/2610 3591/5995/2610
f 3591/5995/2610 3540/5994/2610 3541/5996/2610
f 3591/5995/2610 3541/5996/2610 3592/5997/2610
f 3592/5997/2610 3541/5996/2610 3542/5998/2610
f 3592/5997/2610 3542/5998/2610 3593/5999/2610
f 3593/5999/2610 3542/5998/2610 3543/6000/2610
f 3546/5981/2610 3557/5983/2610 3545/6001/2610
f 3545/6001/2610 3557/5983/2610 3556/6002/2610
f 3545/6001/2610 3556/6002/2610 3544/6003/2610
f 3544/6003/2610 3556/6002/2610 3594/6004/2610
f 3544/6003/2610 3594/6004/2610 3543/6000/2610
f 3543/6000/2610 3594/6004/2610 3595/6005/2610
f 3543/6000/2610 3595/6005/2610 3593/5999/2610
f 3585/5984/2610 3596/6006/2610 3547/5982/2610
f 3547/5982/5051 3596/6006/5051 3597/6007/5051
f 3547/5982/2610 3597/6007/2610 3557/5983/2610
f 3557/5983/2610 3597/6007/2610 3598/6008/2610
f 3557/5983/2610 3598/6008/2610 3558/6009/2610
f 3599/6010/2610 3600/6011/2610 3502/6012/2610
f 3502/6012/2610 3600/6011/2610 3601/6013/2610
f 3502/6012/2610 3503/6014/2610 3599/6010/2610
f 3599/6010/2610 3503/6014/2610 3504/6015/2610
f 3599/6010/2610 3504/6015/2610 3602/6016/2610
f 3505/6017/2610 3506/6018/2610 3579/6019/2610
f 3579/6019/2610 3506/6018/2610 3507/6020/2610
f 3579/6019/2610 3507/6020/2610 3508/6021/2610
f 3603/6022/2610 3508/6021/2610 3604/6023/2610
f 3604/6023/2610 3508/6021/2610 3509/6024/2610
f 3604/6023/2610 3509/6024/2610 3605/6025/2610
f 3605/6025/2610 3509/6024/2610 3510/6026/2610
f 3605/6025/2610 3510/6026/2610 3606/6027/2610
f 3606/6027/2610 3510/6026/2610 3511/6028/2610
f 3606/6027/2610 3511/6028/2610 3607/6029/2610
f 3607/6029/2610 3511/6028/2610 3500/6030/2610
f 3607/6029/2610 3500/6030/2610 3608/6031/2610
f 3601/6013/2610 3609/6032/2610 3502/6012/2610
f 3502/6012/2610 3609/6032/2610 3608/6031/2610
f 3502/6012/2610 3608/6031/2610 3501/6033/2610
f 3501/6033/2610 3608/6031/2610 3500/6030/2610
f 3603/6022/2610 3610/6034/2610 3508/6021/2610
f 3508/6021/2610 3610/6034/2610 3611/6035/2610
f 3508/6021/2610 3611/6035/2610 3579/6019/2610
f 3579/6019/2610 3611/6035/2610 3612/6036/2610
f 3579/6019/2610 3612/6036/2610 3578/6037/2610
f 3578/6037/2610 3612/6036/2610 3613/6038/2610
f 3578/6037/2610 3613/6038/2610 3548/6039/2610
f 3548/6039/2610 3613/6038/2610 3614/6040/2610
f 3548/6039/2610 3614/6040/2610 3549/6041/2610
f 3549/6041/2610 3614/6040/2610 3615/6042/2610
f 3549/6041/2610 3615/6042/2610 3552/6043/2610
f 3552/6043/2610 3615/6042/2610 3616/6044/2610
f 3552/6043/2610 3616/6044/2610 3551/6045/2610
f 3551/6045/2610 3616/6044/2610 3617/6046/2610
f 3551/6045/2610 3617/6046/2610 3550/6047/2610
f 3550/6047/2610 3617/6046/2610 3618/6048/2610
f 3550/6047/2610 3618/6048/2610 3553/6049/2610
f 3553/6049/2610 3618/6048/2610 3619/6050/2610
f 3553/6049/2610 3619/6050/2610 3554/6051/2610
f 3554/6051/2610 3619/6050/2610 3620/6052/2610
f 3554/6051/2610 3620/6052/2610 3555/6053/2610
f 3555/6053/2610 3620/6052/2610 3621/6054/2610
f 3555/6053/2610 3621/6054/2610 3556/6002/2610
f 3556/6002/2610 3621/6054/2610 3622/6055/2610
f 3556/6002/2610 3622/6055/2610 3594/6004/2610
f 3581/6056/2610 3623/6057/2610 3580/6058/2610
f 3580/6058/2610 3623/6057/2610 3624/6059/2610
f 3580/6058/2610 3624/6059/2610 3579/6019/2610
f 3579/6019/2610 3624/6059/2610 3602/6016/2610
f 3579/6019/2610 3602/6016/2610 3505/6017/2610
f 3505/6017/2610 3602/6016/2610 3504/6015/2610
f 3566/6060/2610 3565/6061/2610 3524/6062/2610
f 3524/6062/2610 3565/6061/2610 3535/6063/2610
f 3565/6061/2610 3625/6064/2610 3626/6065/2610
f 3535/6063/2610 3565/6061/2610 3534/6066/2610
f 3534/6066/2610 3565/6061/2610 3626/6065/2610
f 3534/6066/2610 3626/6065/2610 3533/6067/2610
f 3598/6008/2610 3627/6068/2610 3558/6009/2610
f 3558/6009/2610 3627/6068/2610 3628/6069/2610
f 3558/6009/2610 3628/6069/2610 3559/6070/2610
f 3559/6070/2610 3628/6069/2610 3629/6071/2610
f 3559/6070/2610 3629/6071/2610 3560/6072/2610
f 3560/6072/2610 3629/6071/2610 3630/6073/2610
f 3560/6072/2610 3630/6073/2610 3561/6074/2610
f 3561/6074/2610 3630/6073/2610 3631/6075/2610
f 3561/6074/2610 3631/6075/2610 3562/6076/2610
f 3562/6076/2610 3631/6075/2610 3632/6077/2610
f 3562/6076/2610 3632/6077/2610 3563/6078/2610
f 3563/6078/2610 3632/6077/2610 3633/6079/2610
f 3563/6078/2610 3633/6079/2610 3564/6080/2610
f 3564/6080/2610 3633/6079/2610 3634/6081/2610
f 3564/6080/2610 3634/6081/2610 3565/6061/2610
f 3565/6061/2610 3634/6081/2610 3635/6082/2610
f 3565/6061/2610 3635/6082/2610 3625/6064/2610
f 3636/6083/2610 3637/6084/2610 3523/6085/2610
f 3523/6085/2610 3637/6084/2610 3638/6086/2610
f 3523/6085/2610 3638/6086/2610 3639/6087/2610
f 3636/6083/2610 3523/6085/2610 3640/6088/2610
f 3640/6088/2610 3523/6085/2610 3512/6089/2610
f 3640/6088/2610 3512/6089/2610 3513/6090/2610
f 3515/6091/2610 3516/6092/2610 3574/6093/2610
f 3574/6093/2610 3516/6092/2610 3517/6094/2610
f 3641/6095/2610 3517/6094/2610 3642/6096/2610
f 3642/6096/2610 3517/6094/2610 3518/6097/2610
f 3642/6096/2610 3518/6097/2610 3643/6098/2610
f 3643/6098/2610 3518/6097/2610 3519/6099/2610
f 3643/6098/2610 3519/6099/2610 3644/6100/2610
f 3644/6100/2610 3519/6099/2610 3520/6101/2610
f 3644/6100/2610 3520/6101/2610 3645/6102/2610
f 3645/6102/2610 3520/6101/2610 3521/6103/2610
f 3645/6102/2610 3521/6103/2610 3639/6087/2610
f 3639/6087/2610 3521/6103/2610 3522/6104/2610
f 3639/6087/2610 3522/6104/2610 3523/6085/2610
f 3641/6095/2610 3646/6105/2610 3517/6094/2610
f 3517/6094/5052 3646/6105/5052 3647/6106/5052
f 3517/6094/2610 3647/6106/2610 3574/6093/2610
f 3574/6093/2610 3647/6106/2610 3648/6107/2610
f 3574/6093/2610 3648/6107/2610 3575/6108/2610
f 3575/6108/2610 3648/6107/2610 3649/6109/2610
f 3575/6108/2610 3649/6109/2610 3576/6110/2610
f 3576/6110/2610 3649/6109/2610 3650/6111/2610
f 3576/6110/2610 3650/6111/2610 3577/6112/2610
f 3577/6112/2610 3650/6111/2610 3651/6113/2610
f 3577/6112/2610 3651/6113/2610 3584/6114/2610
f 3584/6114/2610 3651/6113/2610 3652/6115/2610
f 3584/6114/2610 3652/6115/2610 3583/6116/2610
f 3583/6116/2610 3652/6115/2610 3653/6117/2610
f 3583/6116/2610 3653/6117/2610 3582/6118/2610
f 3582/6118/2610 3653/6117/2610 3654/6119/2610
f 3582/6118/2610 3654/6119/2610 3581/6056/2610
f 3581/6056/2610 3654/6119/2610 3655/6120/2610
f 3581/6056/2610 3655/6120/2610 3623/6057/2610
f 3626/6065/2610 3656/6121/2610 3533/6067/2610
f 3533/6067/2610 3656/6121/2610 3657/6122/2610
f 3533/6067/2610 3657/6122/2610 3532/6123/2610
f 3532/6123/2610 3657/6122/2610 3658/6124/2610
f 3532/6123/2610 3658/6124/2610 3531/6125/2610
f 3531/6125/2610 3658/6124/2610 3659/6126/2610
f 3531/6125/2610 3659/6126/2610 3530/6127/2610
f 3530/6127/2610 3659/6126/2610 3660/6128/2610
f 3530/6127/2610 3660/6128/2610 3529/6129/2610
f 3529/6129/2610 3660/6128/2610 3661/6130/2610
f 3529/6129/2610 3661/6130/2610 3528/6131/2610
f 3528/6131/2610 3661/6130/2610 3662/6132/2610
f 3528/6131/2610 3662/6132/2610 3527/6133/2610
f 3527/6133/2610 3662/6132/2610 3663/6134/2610
f 3527/6133/2610 3663/6134/2610 3526/6135/2610
f 3526/6135/2610 3663/6134/2610 3664/6136/2610
f 3664/6136/2610 3665/6137/2610 3526/6135/2610
f 3526/6135/2610 3665/6137/2610 3566/6060/2610
f 3526/6135/2610 3566/6060/2610 3525/6138/2610
f 3525/6138/5051 3566/6060/5051 3524/6062/5051
f 3515/6091/2610 3574/6093/2610 3514/6139/2610
f 3514/6139/2610 3574/6093/2610 3573/6140/2610
f 3514/6139/2610 3573/6140/2610 3513/6090/2610
f 3513/6090/2610 3573/6140/2610 3666/6141/2610
f 3513/6090/2610 3666/6141/2610 3640/6088/2610
f 3569/6142/2610 3667/6143/2610 3570/6144/2610
f 3570/6144/2610 3667/6143/2610 3668/6145/2610
f 3570/6144/2610 3668/6145/2610 3571/6146/2610
f 3571/6146/2610 3668/6145/2610 3669/6147/2610
f 3571/6146/2610 3669/6147/2610 3572/6148/2610
f 3572/6148/2610 3669/6147/2610 3670/6149/2610
f 3572/6148/2610 3670/6149/2610 3573/6140/2610
f 3573/6140/2610 3670/6149/2610 3671/6150/2610
f 3573/6140/2610 3671/6150/2610 3666/6141/2610
f 3665/6137/2610 3672/6151/2610 3566/6060/2610
f 3566/6060/2610 3672/6151/2610 3673/6152/2610
f 3566/6060/2610 3673/6152/2610 3567/6153/2610
f 3567/6153/2610 3673/6152/2610 3674/6154/2610
f 3567/6153/2610 3674/6154/2610 3568/6155/2610
f 3568/6155/2610 3674/6154/2610 3675/6156/2610
f 3568/6155/2610 3675/6156/2610 3569/6142/2610
f 3569/6142/2610 3675/6156/2610 3676/6157/2610
f 3569/6142/2610 3676/6157/2610 3667/6143/2610
f 3677/6158/5053 3678/6159/5053 3624/6160/5053
f 3677/6158/5054 3624/6160/5054 3679/6161/5054
f 3679/6161/5055 3624/6160/5055 3623/6162/5055
f 3679/6161/5056 3623/6162/5056 3680/6163/5056
f 3680/6163/5057 3623/6162/5057 3655/6164/5057
f 3680/6163/5058 3655/6164/5058 3681/6165/5058
f 3681/6165/5059 3655/6164/5059 3682/6166/5059
f 3682/6166/5060 3655/6164/5060 3654/6167/5060
f 3682/6166/5061 3654/6167/5061 3683/6168/5061
f 3683/6168/5061 3654/6167/5061 3684/6169/5061
f 3684/6169/5062 3654/6167/5062 3653/6170/5062
f 3684/6169/5063 3653/6170/5063 3685/6171/5063
f 3686/6172/5064 3687/6173/5064 3652/6174/5064
f 3652/6174/5065 3687/6173/5065 3688/6175/5065
f 3652/6174/5066 3688/6175/5066 3653/6170/5066
f 3653/6170/5067 3688/6175/5067 3689/6176/5067
f 3653/6170/5063 3689/6176/5063 3685/6171/5063
f 3652/6174/5068 3651/6177/5068 3686/6172/5068
f 3686/6172/5068 3651/6177/5068 3650/6178/5068
f 3686/6172/5069 3650/6178/5069 3690/6179/5069
f 3690/6179/5070 3650/6178/5070 3649/6180/5070
f 3690/6181/5071 3649/6182/5071 3691/6183/5071
f 3691/6183/5071 3649/6182/5071 3692/6184/5071
f 3692/6184/5072 3649/6182/5072 3648/6185/5072
f 3692/6184/5073 3648/6185/5073 3693/6186/5073
f 3693/6186/5074 3648/6185/5074 3694/6187/5074
f 3694/6187/5075 3648/6185/5075 3647/6188/5075
f 3694/6187/5076 3647/6188/5076 3695/6189/5076
f 3695/6189/5077 3647/6188/5077 3696/6190/5077
f 3696/6190/5078 3647/6188/5078 3646/6191/5078
f 3696/6190/5079 3646/6191/5079 3697/6192/5079
f 3697/6192/5080 3646/6191/5080 3641/6193/5080
f 3697/6192/5081 3641/6193/5081 3698/6194/5081
f 3698/6194/5082 3641/6193/5082 3642/6195/5082
f 3698/6194/5083 3642/6195/5083 3699/6196/5083
f 3699/6196/5084 3642/6195/5084 3700/6197/5084
f 3700/6197/5085 3642/6195/5085 3643/6198/5085
f 3700/6197/5086 3643/6198/5086 3701/6199/5086
f 3701/6199/5086 3643/6198/5086 3702/6200/5086
f 3702/6200/5087 3643/6198/5087 3644/6201/5087
f 3702/6200/5088 3644/6201/5088 3703/6202/5088
f 3703/6202/5088 3644/6201/5088 3704/6203/5088
f 3704/6203/5089 3644/6201/5089 3645/6204/5089
f 3704/6203/5090 3645/6204/5090 3705/6205/5090
f 3705/6205/5090 3645/6204/5090 3706/6206/5090
f 3706/6206/5091 3645/6204/5091 3639/6207/5091
f 3706/6208/5092 3639/6209/5092 3707/6210/5092
f 3707/6210/5092 3639/6209/5092 3708/6211/5092
f 3708/6211/5093 3639/6209/5093 3638/6212/5093
f 3708/6211/5094 3638/6212/5094 3709/6213/5094
f 3709/6213/5094 3638/6212/5094 3710/6214/5094
f 3710/6214/5095 3638/6212/5095 3637/6215/5095
f 3710/6214/5096 3637/6215/5096 3711/6216/5096
f 3711/6216/5097 3637/6215/5097 3712/6217/5097
f 3712/6217/5098 3637/6215/5098 3636/6218/5098
f 3712/6217/5099 3636/6218/5099 3713/6219/5099
f 3713/6219/5100 3636/6218/5100 3714/6220/5100
f 3714/6220/5101 3636/6218/5101 3640/6221/5101
f 3714/6220/5102 3640/6221/5102 3715/6222/5102
f 3715/6222/5103 3640/6221/5103 3666/6223/5103
f 3715/6222/5104 3666/6223/5104 3716/6224/5104
f 3716/6225/5105 3666/6226/5105 3671/6227/5105
f 3716/6225/5106 3671/6227/5106 3717/6228/5106
f 3669/6229/5107 3718/6230/5107 3670/6231/5107
f 3670/6231/5108 3718/6230/5108 3719/6232/5108
f 3670/6231/5109 3719/6232/5109 3671/6227/5109
f 3671/6227/5110 3719/6232/5110 3720/6233/5110
f 3671/6227/5111 3720/6233/5111 3717/6228/5111
f 3668/6234/5112 3721/6235/5112 3669/6229/5112
f 3669/6229/5113 3721/6235/5113 3722/6236/5113
f 3669/6229/5114 3722/6236/5114 3718/6230/5114
f 3723/6237/5115 3724/6238/5115 3667/6239/5115
f 3667/6239/5115 3724/6238/5115 3725/6240/5115
f 3667/6239/5116 3725/6240/5116 3668/6234/5116
f 3668/6234/5117 3725/6240/5117 3726/6241/5117
f 3668/6234/5117 3726/6241/5117 3721/6235/5117
f 3723/6237/5118 3667/6239/5118 3727/6242/5118
f 3727/6242/5119 3667/6239/5119 3676/6243/5119
f 3727/6242/5120 3676/6243/5120 3728/6244/5120
f 3728/6244/5121 3676/6243/5121 3675/6245/5121
f 3728/6244/5122 3675/6245/5122 3729/6246/5122
f 3729/6246/5123 3675/6245/5123 3730/6247/5123
f 3730/6247/5124 3675/6245/5124 3674/6248/5124
f 3730/6247/5125 3674/6248/5125 3731/6249/5125
f 3731/6249/5125 3674/6248/5125 3732/6250/5125
f 3732/6250/5126 3674/6248/5126 3673/6251/5126
f 3732/6252/5127 3673/6253/5127 3733/6254/5127
f 3733/6254/5128 3673/6253/5128 3734/6255/5128
f 3734/6255/5129 3673/6253/5129 3672/6256/5129
f 3734/6255/5130 3672/6256/5130 3735/6257/5130
f 3735/6257/5130 3672/6256/5130 3736/6258/5130
f 3736/6258/5131 3672/6256/5131 3665/6259/5131
f 3736/6258/5132 3665/6259/5132 3737/6260/5132
f 3737/6260/5133 3665/6259/5133 3664/6261/5133
f 3737/6260/5134 3664/6261/5134 3738/6262/5134
f 3738/6262/5135 3664/6261/5135 3663/6263/5135
f 3738/6262/5136 3663/6263/5136 3739/6264/5136
f 3739/6264/5137 3663/6263/5137 3740/6265/5137
f 3740/6265/5138 3663/6263/5138 3662/6266/5138
f 3740/6265/5139 3662/6266/5139 3741/6267/5139
f 3741/6267/5139 3662/6266/5139 3742/6268/5139
f 3742/6268/5140 3662/6266/5140 3661/6269/5140
f 3742/6268/5141 3661/6269/5141 3743/6270/5141
f 3743/6270/5141 3661/6269/5141 3744/6271/5141
f 3744/6271/5142 3661/6269/5142 3660/6272/5142
f 3744/6271/5143 3660/6272/5143 3745/6273/5143
f 3745/6273/5143 3660/6272/5143 3746/6274/5143
f 3746/6275/5144 3660/6276/5144 3659/6277/5144
f 3746/6275/5145 3659/6277/5145 3747/6278/5145
f 3747/6278/5145 3659/6277/5145 3748/6279/5145
f 3748/6279/5146 3659/6277/5146 3658/6280/5146
f 3748/6279/5147 3658/6280/5147 3749/6281/5147
f 3749/6281/5147 3658/6280/5147 3750/6282/5147
f 3750/6282/5148 3658/6280/5148 3657/6283/5148
f 3750/6282/5149 3657/6283/5149 3751/6284/5149
f 3751/6284/5150 3657/6283/5150 3752/6285/5150
f 3752/6285/5151 3657/6283/5151 3656/6286/5151
f 3752/6285/5152 3656/6286/5152 3753/6287/5152
f 3753/6287/5153 3656/6286/5153 3754/6288/5153
f 3754/6288/5154 3656/6286/5154 3626/6289/5154
f 3754/6288/5155 3626/6289/5155 3755/6290/5155
f 3755/6290/5156 3626/6289/5156 3625/6291/5156
f 3755/6290/5157 3625/6291/5157 3756/6292/5157
f 3756/6293/5158 3625/6294/5158 3635/6295/5158
f 3756/6293/5159 3635/6295/5159 3757/6296/5159
f 3631/6297/5160 3758/6298/5160 3632/6299/5160
f 3632/6299/5161 3758/6298/5161 3759/6300/5161
f 3632/6299/5162 3759/6300/5162 3633/6301/5162
f 3633/6301/5163 3759/6300/5163 3760/6302/5163
f 3633/6301/5164 3760/6302/5164 3634/6303/5164
f 3634/6303/5165 3760/6302/5165 3761/6304/5165
f 3634/6303/5166 3761/6304/5166 3635/6295/5166
f 3635/6295/5167 3761/6304/5167 3762/6305/5167
f 3635/6295/5168 3762/6305/5168 3757/6296/5168
f 3763/6306/5169 3764/6307/5169 3630/6308/5169
f 3630/6308/5169 3764/6307/5169 3765/6309/5169
f 3630/6308/5170 3765/6309/5170 3631/6297/5170
f 3631/6297/5171 3765/6309/5171 3766/6310/5171
f 3631/6297/5171 3766/6310/5171 3758/6298/5171
f 3763/6306/5172 3630/6308/5172 3767/6311/5172
f 3767/6311/5173 3630/6308/5173 3629/6312/5173
f 3767/6311/5174 3629/6312/5174 3768/6313/5174
f 3768/6313/5175 3629/6312/5175 3628/6314/5175
f 3768/6313/5176 3628/6314/5176 3769/6315/5176
f 3769/6315/5177 3628/6314/5177 3770/6316/5177
f 3770/6316/5178 3628/6314/5178 3627/6317/5178
f 3770/6316/5179 3627/6317/5179 3771/6318/5179
f 3771/6318/5179 3627/6317/5179 3772/6319/5179
f 3772/6319/5180 3627/6317/5180 3598/6320/5180
f 3772/6319/5181 3598/6320/5181 3773/6321/5181
f 3773/6322/5182 3598/6323/5182 3774/6324/5182
f 3774/6324/5183 3598/6323/5183 3597/6325/5183
f 3774/6324/5184 3597/6325/5184 3775/6326/5184
f 3775/6326/5185 3597/6325/5185 3776/6327/5185
f 3776/6327/5186 3597/6325/5186 3596/6328/5186
f 3776/6327/5187 3596/6328/5187 3777/6329/5187
f 3777/6329/5188 3596/6328/5188 3585/6330/5188
f 3777/6329/5189 3585/6330/5189 3778/6331/5189
f 3778/6332/5190 3585/6333/5190 3586/6334/5190
f 3778/6332/5191 3586/6334/5191 3779/6335/5191
f 3779/6335/5192 3586/6334/5192 3780/6336/5192
f 3780/6336/5193 3586/6334/5193 3587/6337/5193
f 3780/6338/5194 3587/6339/5194 3781/6340/5194
f 3781/6340/5194 3587/6339/5194 3782/6341/5194
f 3782/6341/5195 3587/6339/5195 3588/6342/5195
f 3782/6341/5196 3588/6342/5196 3783/6343/5196
f 3783/6343/5196 3588/6342/5196 3784/6344/5196
f 3784/6344/5197 3588/6342/5197 3589/6345/5197
f 3784/6344/5198 3589/6345/5198 3785/6346/5198
f 3785/6346/5198 3589/6345/5198 3786/6347/5198
f 3786/6348/5199 3589/6349/5199 3590/6350/5199
f 3786/6348/5200 3590/6350/5200 3787/6351/5200
f 3787/6351/5200 3590/6350/5200 3788/6352/5200
f 3788/6352/5201 3590/6350/5201 3591/6353/5201
f 3788/6352/5202 3591/6353/5202 3789/6354/5202
f 3789/6354/5202 3591/6353/5202 3790/6355/5202
f 3790/6355/5203 3591/6353/5203 3592/6356/5203
f 3790/6355/5204 3592/6356/5204 3791/6357/5204
f 3791/6357/5205 3592/6356/5205 3792/6358/5205
f 3792/6358/5206 3592/6356/5206 3593/6359/5206
f 3792/6358/5207 3593/6359/5207 3793/6360/5207
f 3793/6360/5208 3593/6359/5208 3794/6361/5208
f 3794/6361/5209 3593/6359/5209 3595/6362/5209
f 3794/6361/5210 3595/6362/5210 3795/6363/5210
f 3795/6363/5211 3595/6362/5211 3594/6364/5211
f 3795/6363/5212 3594/6364/5212 3796/6365/5212
f 3796/6366/5213 3594/6367/5213 3622/6368/5213
f 3796/6366/5214 3622/6368/5214 3797/6369/5214
f 3618/6370/5215 3798/6371/5215 3799/6372/5215
f 3618/6370/5216 3799/6372/5216 3619/6373/5216
f 3619/6373/5217 3799/6372/5217 3800/6374/5217
f 3619/6373/5218 3800/6374/5218 3620/6375/5218
f 3620/6375/5219 3800/6374/5219 3801/6376/5219
f 3620/6375/5220 3801/6376/5220 3621/6377/5220
f 3621/6377/5221 3801/6376/5221 3802/6378/5221
f 3621/6377/5222 3802/6378/5222 3622/6368/5222
f 3622/6368/5223 3802/6378/5223 3803/6379/5223
f 3622/6368/5224 3803/6379/5224 3797/6369/5224
f 3798/6371/5215 3618/6370/5215 3804/6380/5215
f 3804/6380/5225 3618/6370/5225 3617/6381/5225
f 3804/6380/5226 3617/6381/5226 3805/6382/5226
f 3806/6383/5227 3807/6384/5227 3616/6385/5227
f 3616/6385/5228 3807/6384/5228 3808/6386/5228
f 3616/6385/5229 3808/6386/5229 3617/6381/5229
f 3617/6381/5230 3808/6386/5230 3809/6387/5230
f 3617/6381/5226 3809/6387/5226 3805/6382/5226
f 3616/6385/5231 3615/6388/5231 3806/6383/5231
f 3806/6383/5231 3615/6388/5231 3614/6389/5231
f 3806/6383/5232 3614/6389/5232 3810/6390/5232
f 3810/6390/5233 3614/6389/5233 3613/6391/5233
f 3810/6392/5234 3613/6393/5234 3811/6394/5234
f 3811/6394/5234 3613/6393/5234 3812/6395/5234
f 3812/6395/5235 3613/6393/5235 3612/6396/5235
f 3812/6395/5236 3612/6396/5236 3813/6397/5236
f 3813/6397/5237 3612/6396/5237 3814/6398/5237
f 3814/6398/5238 3612/6396/5238 3611/6399/5238
f 3814/6398/5239 3611/6399/5239 3815/6400/5239
f 3815/6400/5239 3611/6399/5239 3816/6401/5239
f 3816/6401/5240 3611/6399/5240 3610/6402/5240
f 3816/6401/5241 3610/6402/5241 3817/6403/5241
f 3817/6403/5242 3610/6402/5242 3603/6404/5242
f 3817/6403/5243 3603/6404/5243 3818/6405/5243
f 3818/6406/5244 3603/6407/5244 3604/6408/5244
f 3818/6406/5245 3604/6408/5245 3819/6409/5245
f 3819/6409/5246 3604/6408/5246 3820/6410/5246
f 3820/6410/5247 3604/6408/5247 3605/6411/5247
f 3820/6412/5248 3605/6413/5248 3821/6414/5248
f 3821/6414/5248 3605/6413/5248 3822/6415/5248
f 3822/6415/5249 3605/6413/5249 3606/6416/5249
f 3822/6415/5250 3606/6416/5250 3823/6417/5250
f 3823/6417/5250 3606/6416/5250 3824/6418/5250
f 3824/6418/5251 3606/6416/5251 3607/6419/5251
f 3824/6418/5252 3607/6419/5252 3825/6420/5252
f 3825/6420/5252 3607/6419/5252 3826/6421/5252
f 3826/6421/5253 3607/6419/5253 3608/6422/5253
f 3826/6423/5254 3608/6424/5254 3827/6425/5254
f 3827/6425/5254 3608/6424/5254 3828/6426/5254
f 3828/6426/5255 3608/6424/5255 3609/6427/5255
f 3828/6426/5256 3609/6427/5256 3829/6428/5256
f 3829/6428/5256 3609/6427/5256 3830/6429/5256
f 3830/6429/5257 3609/6427/5257 3601/6430/5257
f 3830/6429/5258 3601/6430/5258 3831/6431/5258
f 3831/6431/5259 3601/6430/5259 3832/6432/5259
f 3832/6432/5260 3601/6430/5260 3600/6433/5260
f 3832/6432/5261 3600/6433/5261 3833/6434/5261
f 3833/6434/5262 3600/6433/5262 3834/6435/5262
f 3834/6435/5263 3600/6433/5263 3599/6436/5263
f 3834/6435/5264 3599/6436/5264 3835/6437/5264
f 3835/6437/5265 3599/6436/5265 3602/6438/5265
f 3835/6437/5266 3602/6438/5266 3836/6439/5266
f 3836/6440/5267 3602/6441/5267 3624/6160/5267
f 3836/6440/5268 3624/6160/5268 3678/6159/5268
f 3692/6184/5269 3837/6442/5269 3691/6183/5269
f 3691/6183/5270 3837/6442/5270 3838/6443/5270
f 3691/6183/5269 3838/6443/5269 3690/6181/5269
f 3690/6179/5271 3838/6444/5271 3839/6445/5271
f 3690/6179/5271 3839/6445/5271 3686/6172/5271
f 3686/6172/5272 3839/6445/5272 3840/6446/5272
f 3686/6172/5272 3840/6446/5272 3687/6173/5272
f 3687/6173/5273 3840/6446/5273 3688/6175/5273
f 3688/6175/5273 3840/6446/5273 3841/6447/5273
f 3688/6175/5274 3841/6447/5274 3689/6176/5274
f 3689/6176/5275 3841/6447/5275 3685/6171/5275
f 3685/6171/5275 3841/6447/5275 3842/6448/5275
f 3685/6171/5275 3842/6448/5275 3684/6169/5275
f 3684/6169/5276 3842/6448/5276 3683/6168/5276
f 3683/6168/5276 3842/6448/5276 3843/6449/5276
f 3683/6168/5276 3843/6449/5276 3682/6166/5276
f 3682/6166/5277 3843/6449/5277 3844/6450/5277
f 3682/6166/5278 3844/6450/5278 3681/6165/5278
f 3681/6165/5279 3844/6450/5279 3845/6451/5279
f 3681/6165/5280 3845/6451/5280 3680/6163/5280
f 3680/6163/5281 3845/6451/5281 3679/6161/5281
f 3679/6161/5281 3845/6451/5281 3846/6452/5281
f 3679/6161/5282 3846/6452/5282 3677/6158/5282
f 3847/6453/5283 3848/6454/5283 3849/6455/5283
f 3850/6456/5284 3848/6454/5284 3851/6457/5284
f 3851/6457/5285 3848/6454/5285 3847/6453/5285
f 3851/6457/5286 3847/6453/5286 3852/6458/5286
f 3852/6458/5287 3847/6453/5287 3853/6459/5287
f 3852/6458/5288 3853/6459/5288 3854/6460/5288
f 3855/6461/5289 3856/6462/5289 3853/6459/5289
f 3853/6459/5290 3856/6462/5290 3857/6463/5290
f 3853/6459/5291 3857/6463/5291 3854/6460/5291
f 3858/6464/5292 3859/6465/5292 3860/6466/5292
f 3860/6466/5293 3859/6465/5293 3861/6467/5293
f 3860/6466/5294 3861/6467/5294 3855/6461/5294
f 3855/6461/5295 3861/6467/5295 3862/6468/5295
f 3855/6461/5296 3862/6468/5296 3856/6462/5296
f 3858/6464/5297 3860/6466/5297 3863/6469/5297
f 3863/6469/5298 3860/6466/5298 3864/6470/5298
f 3863/6469/5299 3864/6470/5299 3865/6471/5299
f 3865/6471/5299 3864/6470/5299 3866/6472/5299
f 3866/6472/5300 3864/6470/5300 3867/6473/5300
f 3866/6472/5301 3867/6473/5301 3868/6474/5301
f 3869/6475/5302 3870/6476/5302 3867/6473/5302
f 3867/6473/5303 3870/6476/5303 3871/6477/5303
f 3867/6473/5304 3871/6477/5304 3868/6474/5304
f 3872/6478/5305 3873/6479/5305 3869/6475/5305
f 3869/6475/5306 3873/6479/5306 3874/6480/5306
f 3869/6475/5307 3874/6480/5307 3870/6476/5307
f 3875/6481/5308 3876/6482/5308 3872/6478/5308
f 3872/6478/5309 3876/6482/5309 3877/6483/5309
f 3872/6478/5310 3877/6483/5310 3873/6479/5310
f 3878/6484/5311 3879/6485/5311 3880/6486/5311
f 3880/6486/5312 3879/6485/5312 3881/6487/5312
f 3880/6486/5313 3881/6487/5313 3875/6481/5313
f 3875/6481/5314 3881/6487/5314 3882/6488/5314
f 3875/6481/5315 3882/6488/5315 3876/6482/5315
f 3692/6184/5316 3693/6186/5316 3837/6442/5316
f 3837/6442/5317 3693/6186/5317 3883/6489/5317
f 3837/6442/5318 3883/6489/5318 3884/6490/5318
f 3678/6159/5319 3677/6158/5319 3885/6491/5319
f 3885/6491/5319 3677/6158/5319 3846/6452/5319
f 3885/6491/5320 3846/6452/5320 3886/6492/5320
f 3886/6492/5321 3846/6452/5321 3845/6451/5321
f 3886/6492/5321 3845/6451/5321 3887/6493/5321
f 3887/6493/5322 3845/6451/5322 3844/6450/5322
f 3887/6493/5322 3844/6450/5322 3888/6494/5322
f 3888/6494/5323 3844/6450/5323 3843/6449/5323
f 3888/6494/5323 3843/6449/5323 3889/6495/5323
f 3889/6495/5324 3843/6449/5324 3842/6448/5324
f 3889/6495/5324 3842/6448/5324 3890/6496/5324
f 3890/6496/5325 3842/6448/5325 3841/6447/5325
f 3890/6496/5326 3841/6447/5326 3891/6497/5326
f 3891/6497/5327 3841/6447/5327 3840/6446/5327
f 3891/6497/5328 3840/6446/5328 3892/6498/5328
f 3892/6498/5329 3840/6446/5329 3839/6445/5329
f 3892/6498/5330 3839/6445/5330 3893/6499/5330
f 3893/6499/5331 3839/6445/5331 3838/6444/5331
f 3893/6499/5331 3838/6444/5331 3894/6500/5331
f 3894/6501/5332 3838/6443/5332 3837/6442/5332
f 3894/6501/5333 3837/6442/5333 3895/6502/5333
f 3895/6502/5334 3837/6442/5334 3884/6490/5334
f 3895/6503/5335 3884/6504/5335 3896/6505/5335
f 3897/6506/5336 3878/6484/5336 3896/6505/5336
f 3896/6505/5337 3878/6484/5337 3880/6486/5337
f 3896/6505/5338 3880/6486/5338 3895/6503/5338
f 3895/6503/5339 3880/6486/5339 3875/6481/5339
f 3895/6503/5340 3875/6481/5340 3894/6507/5340
f 3894/6507/5341 3875/6481/5341 3872/6478/5341
f 3894/6507/5341 3872/6478/5341 3893/6508/5341
f 3893/6508/5342 3872/6478/5342 3869/6475/5342
f 3893/6508/5343 3869/6475/5343 3892/6509/5343
f 3892/6509/5344 3869/6475/5344 3867/6473/5344
f 3892/6509/5345 3867/6473/5345 3891/6510/5345
f 3891/6510/5346 3867/6473/5346 3864/6470/5346
f 3891/6510/5346 3864/6470/5346 3890/6511/5346
f 3890/6511/5347 3864/6470/5347 3860/6466/5347
f 3890/6511/5348 3860/6466/5348 3889/6512/5348
f 3889/6512/5349 3860/6466/5349 3855/6461/5349
f 3889/6512/5350 3855/6461/5350 3888/6513/5350
f 3888/6513/5351 3855/6461/5351 3853/6459/5351
f 3888/6513/5351 3853/6459/5351 3887/6514/5351
f 3887/6514/5352 3853/6459/5352 3847/6453/5352
f 3887/6514/5353 3847/6453/5353 3886/6515/5353
f 3886/6515/5283 3847/6453/5283 3849/6455/5283
f 3886/6492/5320 3849/6516/5320 3885/6491/5320
f 3695/6189/5354 3696/6190/5354 3898/6517/5354
f 3697/6192/5355 3698/6194/5355 3899/6518/5355
f 3693/6186/5356 3694/6187/5356 3900/6519/5356
f 3693/6186/5356 3900/6519/5356 3883/6489/5356
f 3883/6489/5357 3900/6519/5357 3901/6520/5357
f 3883/6489/5358 3901/6520/5358 3884/6490/5358
f 3884/6504/5359 3901/6521/5359 3902/6522/5359
f 3884/6504/5360 3902/6522/5360 3896/6505/5360
f 3897/6506/5361 3896/6505/5361 3903/6523/5361
f 3903/6523/5362 3896/6505/5362 3902/6522/5362
f 3903/6523/5363 3902/6522/5363 3904/6524/5363
f 3904/6524/5364 3902/6522/5364 3905/6525/5364
f 3906/6526/5365 3907/6527/5365 3908/6528/5365
f 3909/6529/5366 3910/6530/5366 3911/6531/5366
f 3909/6529/5367 3911/6531/5367 3912/6532/5367
f 3912/6532/5368 3911/6531/5368 3913/6533/5368
f 3912/6532/5369 3913/6533/5369 3914/6534/5369
f 3914/6535/5370 3913/6536/5370 3899/6518/5370
f 3914/6535/5370 3899/6518/5370 3915/6537/5370
f 3915/6537/5371 3899/6518/5371 3698/6194/5371
f 3915/6537/5372 3698/6194/5372 3699/6196/5372
f 3696/6190/5373 3697/6192/5373 3898/6517/5373
f 3898/6517/5355 3697/6192/5355 3899/6518/5355
f 3898/6517/5374 3899/6518/5374 3916/6538/5374
f 3916/6538/5374 3899/6518/5374 3913/6536/5374
f 3916/6539/5375 3913/6533/5375 3908/6528/5375
f 3908/6528/5376 3913/6533/5376 3911/6531/5376
f 3908/6528/5377 3911/6531/5377 3906/6526/5377
f 3906/6526/5378 3911/6531/5378 3910/6530/5378
f 3694/6187/5354 3695/6189/5354 3900/6519/5354
f 3900/6519/5354 3695/6189/5354 3898/6517/5354
f 3900/6519/5379 3898/6517/5379 3901/6520/5379
f 3901/6520/5379 3898/6517/5379 3916/6538/5379
f 3901/6521/5380 3916/6539/5380 3902/6522/5380
f 3902/6522/5381 3916/6539/5381 3908/6528/5381
f 3902/6522/5382 3908/6528/5382 3905/6525/5382
f 3905/6525/5383 3908/6528/5383 3907/6527/5383
f 3710/6214/5384 3917/6540/5384 3709/6213/5384
f 3709/6213/5384 3917/6540/5384 3918/6541/5384
f 3709/6213/5384 3918/6541/5384 3708/6211/5384
f 3708/6211/5385 3918/6541/5385 3707/6210/5385
f 3707/6210/5386 3918/6541/5386 3919/6542/5386
f 3707/6210/5386 3919/6542/5386 3706/6208/5386
f 3706/6206/5387 3919/6543/5387 3705/6205/5387
f 3705/6205/5388 3919/6543/5388 3920/6544/5388
f 3705/6205/5389 3920/6544/5389 3704/6203/5389
f 3704/6203/5390 3920/6544/5390 3703/6202/5390
f 3703/6202/5391 3920/6544/5391 3921/6545/5391
f 3703/6202/5390 3921/6545/5390 3702/6200/5390
f 3702/6200/5392 3921/6545/5392 3701/6199/5392
f 3701/6199/5393 3921/6545/5393 3922/6546/5393
f 3701/6199/5394 3922/6546/5394 3700/6197/5394
f 3923/6547/5395 3914/6535/5395 3915/6537/5395
f 3914/6534/5396 3924/6548/5396 3912/6532/5396
f 3912/6532/5397 3924/6548/5397 3925/6549/5397
f 3912/6532/5398 3925/6549/5398 3909/6529/5398
f 3926/6550/5399 3927/6551/5399 3924/6548/5399
f 3924/6548/5400 3927/6551/5400 3928/6552/5400
f 3924/6548/5401 3928/6552/5401 3925/6549/5401
f 3929/6553/5402 3930/6554/5402 3931/6555/5402
f 3931/6555/5403 3930/6554/5403 3932/6556/5403
f 3931/6555/5404 3932/6556/5404 3926/6550/5404
f 3926/6550/5405 3932/6556/5405 3933/6557/5405
f 3926/6550/5406 3933/6557/5406 3927/6551/5406
f 3929/6553/5407 3931/6555/5407 3934/6558/5407
f 3934/6558/5408 3931/6555/5408 3935/6559/5408
f 3934/6558/5409 3935/6559/5409 3936/6560/5409
f 3936/6560/5410 3935/6559/5410 3937/6561/5410
f 3936/6560/5411 3937/6561/5411 3938/6562/5411
f 3939/6563/5412 3940/6564/5412 3941/6565/5412
f 3941/6565/5413 3940/6564/5413 3942/6566/5413
f 3941/6565/5414 3942/6566/5414 3937/6561/5414
f 3937/6561/5415 3942/6566/5415 3943/6567/5415
f 3937/6561/5416 3943/6567/5416 3938/6562/5416
f 3710/6214/5417 3711/6216/5417 3917/6540/5417
f 3917/6540/5418 3711/6216/5418 3944/6568/5418
f 3917/6540/5419 3944/6568/5419 3945/6569/5419
f 3914/6534/5420 3923/6570/5420 3924/6548/5420
f 3924/6548/5421 3923/6570/5421 3946/6571/5421
f 3924/6548/5421 3946/6571/5421 3926/6550/5421
f 3926/6550/5422 3946/6571/5422 3947/6572/5422
f 3926/6550/5423 3947/6572/5423 3931/6555/5423
f 3931/6555/5424 3947/6572/5424 3948/6573/5424
f 3931/6555/5425 3948/6573/5425 3935/6559/5425
f 3935/6559/5426 3948/6573/5426 3949/6574/5426
f 3935/6559/5427 3949/6574/5427 3937/6561/5427
f 3937/6561/5428 3949/6574/5428 3950/6575/5428
f 3937/6561/5429 3950/6575/5429 3941/6565/5429
f 3941/6565/5430 3950/6575/5430 3951/6576/5430
f 3941/6565/5431 3951/6576/5431 3939/6563/5431
f 3699/6196/5432 3700/6197/5432 3915/6537/5432
f 3915/6537/5433 3700/6197/5433 3922/6546/5433
f 3915/6537/5434 3922/6546/5434 3923/6547/5434
f 3923/6547/5435 3922/6546/5435 3921/6545/5435
f 3923/6547/5436 3921/6545/5436 3946/6577/5436
f 3946/6577/5437 3921/6545/5437 3920/6544/5437
f 3946/6577/5437 3920/6544/5437 3947/6578/5437
f 3947/6578/5438 3920/6544/5438 3919/6543/5438
f 3947/6578/5439 3919/6543/5439 3948/6579/5439
f 3948/6580/5440 3919/6542/5440 3918/6541/5440
f 3948/6580/5441 3918/6541/5441 3949/6581/5441
f 3949/6581/5442 3918/6541/5442 3917/6540/5442
f 3949/6581/5442 3917/6540/5442 3950/6582/5442
f 3950/6582/5443 3917/6540/5443 3945/6569/5443
f 3950/6575/5430 3945/6583/5430 3951/6576/5430
f 3713/6219/5444 3714/6220/5444 3952/6584/5444
f 3715/6222/5445 3716/6224/5445 3953/6585/5445
f 3711/6216/5446 3712/6217/5446 3954/6586/5446
f 3711/6216/5447 3954/6586/5447 3944/6568/5447
f 3944/6568/5448 3954/6586/5448 3955/6587/5448
f 3944/6568/5449 3955/6587/5449 3945/6569/5449
f 3945/6583/5450 3955/6588/5450 3956/6589/5450
f 3945/6583/5451 3956/6589/5451 3951/6576/5451
f 3939/6563/5452 3951/6576/5452 3957/6590/5452
f 3957/6590/5453 3951/6576/5453 3956/6589/5453
f 3957/6590/5454 3956/6589/5454 3958/6591/5454
f 3958/6591/5455 3956/6589/5455 3959/6592/5455
f 3960/6593/5456 3961/6594/5456 3962/6595/5456
f 3963/6596/5457 3964/6597/5457 3965/6598/5457
f 3963/6596/5458 3965/6598/5458 3966/6599/5458
f 3966/6599/5459 3965/6598/5459 3967/6600/5459
f 3966/6599/5459 3967/6600/5459 3968/6601/5459
f 3968/6602/5460 3967/6603/5460 3953/6604/5460
f 3968/6602/5460 3953/6604/5460 3969/6605/5460
f 3969/6605/5461 3953/6604/5461 3716/6225/5461
f 3969/6605/5462 3716/6225/5462 3717/6228/5462
f 3714/6220/5463 3715/6222/5463 3952/6584/5463
f 3952/6584/5445 3715/6222/5445 3953/6585/5445
f 3952/6584/5464 3953/6585/5464 3970/6606/5464
f 3970/6606/5465 3953/6585/5465 3967/6607/5465
f 3970/6608/5466 3967/6600/5466 3962/6595/5466
f 3962/6595/5467 3967/6600/5467 3965/6598/5467
f 3962/6595/5468 3965/6598/5468 3960/6593/5468
f 3960/6593/5469 3965/6598/5469 3964/6597/5469
f 3712/6217/5470 3713/6219/5470 3954/6586/5470
f 3954/6586/5444 3713/6219/5444 3952/6584/5444
f 3954/6586/5471 3952/6584/5471 3955/6587/5471
f 3955/6587/5471 3952/6584/5471 3970/6606/5471
f 3955/6588/5472 3970/6608/5472 3956/6589/5472
f 3956/6589/5473 3970/6608/5473 3962/6595/5473
f 3956/6589/5474 3962/6595/5474 3959/6592/5474
f 3959/6592/5475 3962/6595/5475 3961/6594/5475
f 3732/6250/5476 3971/6609/5476 3731/6249/5476
f 3731/6249/5477 3971/6609/5477 3972/6610/5477
f 3731/6249/5477 3972/6610/5477 3730/6247/5477
f 3730/6247/5478 3972/6610/5478 3973/6611/5478
f 3730/6247/5479 3973/6611/5479 3729/6246/5479
f 3729/6246/5480 3973/6611/5480 3974/6612/5480
f 3729/6246/5480 3974/6612/5480 3728/6244/5480
f 3728/6244/5481 3974/6612/5481 3727/6242/5481
f 3727/6242/5481 3974/6612/5481 3975/6613/5481
f 3727/6242/5482 3975/6613/5482 3723/6237/5482
f 3723/6237/5483 3975/6613/5483 3724/6238/5483
f 3724/6238/5483 3975/6613/5483 3976/6614/5483
f 3724/6238/5483 3976/6614/5483 3725/6240/5483
f 3725/6240/5484 3976/6614/5484 3726/6241/5484
f 3726/6241/5485 3976/6614/5485 3977/6615/5485
f 3726/6241/5485 3977/6615/5485 3721/6235/5485
f 3721/6235/5486 3977/6615/5486 3978/6616/5486
f 3721/6235/5486 3978/6616/5486 3722/6236/5486
f 3722/6236/5487 3978/6616/5487 3979/6617/5487
f 3722/6236/5487 3979/6617/5487 3718/6230/5487
f 3718/6230/5488 3979/6617/5488 3719/6232/5488
f 3719/6232/5489 3979/6617/5489 3980/6618/5489
f 3719/6232/5490 3980/6618/5490 3720/6233/5490
f 3981/6619/5491 3966/6599/5491 3968/6601/5491
f 3963/6596/5492 3966/6599/5492 3982/6620/5492
f 3982/6620/5493 3966/6599/5493 3981/6619/5493
f 3982/6620/5494 3981/6619/5494 3983/6621/5494
f 3983/6621/5495 3981/6619/5495 3984/6622/5495
f 3983/6621/5496 3984/6622/5496 3985/6623/5496
f 3986/6624/5497 3987/6625/5497 3984/6622/5497
f 3984/6622/5498 3987/6625/5498 3988/6626/5498
f 3984/6622/5498 3988/6626/5498 3985/6623/5498
f 3989/6627/5499 3990/6628/5499 3991/6629/5499
f 3991/6629/5500 3990/6628/5500 3992/6630/5500
f 3991/6629/5501 3992/6630/5501 3986/6624/5501
f 3986/6624/5502 3992/6630/5502 3993/6631/5502
f 3986/6624/5502 3993/6631/5502 3987/6625/5502
f 3989/6627/5499 3991/6629/5499 3994/6632/5499
f 3994/6632/5503 3991/6629/5503 3995/6633/5503
f 3994/6632/5504 3995/6633/5504 3996/6634/5504
f 3996/6634/5504 3995/6633/5504 3997/6635/5504
f 3997/6635/5505 3995/6633/5505 3998/6636/5505
f 3997/6635/5506 3998/6636/5506 3999/6637/5506
f 4000/6638/5507 4001/6639/5507 3998/6636/5507
f 3998/6636/5508 4001/6639/5508 4002/6640/5508
f 3998/6636/5509 4002/6640/5509 3999/6637/5509
f 4003/6641/5510 4004/6642/5510 4000/6638/5510
f 4000/6638/5511 4004/6642/5511 4005/6643/5511
f 4000/6638/5511 4005/6643/5511 4001/6639/5511
f 4006/6644/5512 4007/6645/5512 4003/6641/5512
f 4003/6641/5513 4007/6645/5513 4008/6646/5513
f 4003/6641/5514 4008/6646/5514 4004/6642/5514
f 4009/6647/5515 4010/6648/5515 4011/6649/5515
f 4011/6649/5516 4010/6648/5516 4012/6650/5516
f 4011/6649/5517 4012/6650/5517 4006/6644/5517
f 4006/6644/5518 4012/6650/5518 4013/6651/5518
f 4006/6644/5518 4013/6651/5518 4007/6645/5518
f 3732/6252/5519 3733/6254/5519 3971/6652/5519
f 3971/6652/5520 3733/6254/5520 4014/6653/5520
f 3971/6652/5521 4014/6653/5521 4015/6654/5521
f 3717/6228/5522 3720/6233/5522 3969/6605/5522
f 3969/6605/5522 3720/6233/5522 3980/6618/5522
f 3969/6605/5523 3980/6618/5523 4016/6655/5523
f 4016/6655/5524 3980/6618/5524 3979/6617/5524
f 4016/6655/5525 3979/6617/5525 4017/6656/5525
f 4017/6656/5526 3979/6617/5526 3978/6616/5526
f 4017/6656/5527 3978/6616/5527 4018/6657/5527
f 4018/6657/5528 3978/6616/5528 3977/6615/5528
f 4018/6657/5528 3977/6615/5528 4019/6658/5528
f 4019/6658/5529 3977/6615/5529 3976/6614/5529
f 4019/6658/5529 3976/6614/5529 4020/6659/5529
f 4020/6659/5530 3976/6614/5530 3975/6613/5530
f 4020/6659/5531 3975/6613/5531 4021/6660/5531
f 4021/6660/5532 3975/6613/5532 3974/6612/5532
f 4021/6660/5532 3974/6612/5532 4022/6661/5532
f 4022/6661/5533 3974/6612/5533 3973/6611/5533
f 4022/6661/5534 3973/6611/5534 4023/6662/5534
f 4023/6662/5535 3973/6611/5535 3972/6610/5535
f 4023/6662/5535 3972/6610/5535 4024/6663/5535
f 4024/6663/5536 3972/6610/5536 3971/6609/5536
f 4024/6663/5536 3971/6609/5536 4025/6664/5536
f 4025/6665/5537 3971/6652/5537 4015/6654/5537
f 4025/6666/5538 4015/6667/5538 4026/6668/5538
f 4027/6669/5539 4009/6647/5539 4026/6668/5539
f 4026/6668/5540 4009/6647/5540 4011/6649/5540
f 4026/6668/5541 4011/6649/5541 4025/6666/5541
f 4025/6666/5542 4011/6649/5542 4006/6644/5542
f 4025/6666/5542 4006/6644/5542 4024/6670/5542
f 4024/6670/5543 4006/6644/5543 4003/6641/5543
f 4024/6670/5543 4003/6641/5543 4023/6671/5543
f 4023/6671/5544 4003/6641/5544 4000/6638/5544
f 4023/6671/5545 4000/6638/5545 4022/6672/5545
f 4022/6672/5546 4000/6638/5546 3998/6636/5546
f 4022/6672/5546 3998/6636/5546 4021/6673/5546
f 4021/6673/5547 3998/6636/5547 3995/6633/5547
f 4021/6673/5547 3995/6633/5547 4020/6674/5547
f 4020/6674/5548 3995/6633/5548 3991/6629/5548
f 4020/6674/5548 3991/6629/5548 4019/6675/5548
f 4019/6675/5549 3991/6629/5549 3986/6624/5549
f 4019/6675/5550 3986/6624/5550 4018/6676/5550
f 4018/6676/5551 3986/6624/5551 3984/6622/5551
f 4018/6676/5552 3984/6622/5552 4017/6677/5552
f 4017/6677/5553 3984/6622/5553 3981/6619/5553
f 4017/6677/5554 3981/6619/5554 4016/6678/5554
f 4016/6678/5555 3981/6619/5555 3968/6601/5555
f 4016/6655/5523 3968/6602/5523 3969/6605/5523
f 3735/6257/5556 3736/6258/5556 4028/6679/5556
f 3737/6260/5557 3738/6262/5557 4029/6680/5557
f 3733/6254/5558 3734/6255/5558 4030/6681/5558
f 3733/6254/5558 4030/6681/5558 4014/6653/5558
f 4014/6653/5559 4030/6681/5559 4031/6682/5559
f 4014/6653/5560 4031/6682/5560 4015/6654/5560
f 4015/6667/5561 4031/6683/5561 4032/6684/5561
f 4015/6667/5562 4032/6684/5562 4026/6668/5562
f 4027/6669/5563 4026/6668/5563 4033/6685/5563
f 4033/6685/5564 4026/6668/5564 4032/6684/5564
f 4033/6685/5565 4032/6684/5565 4034/6686/5565
f 4034/6686/5566 4032/6684/5566 4035/6687/5566
f 4036/6688/5567 4037/6689/5567 4038/6690/5567
f 4039/6691/5568 4040/6692/5568 4041/6693/5568
f 4039/6691/5569 4041/6693/5569 4042/6694/5569
f 4042/6694/5570 4041/6693/5570 4043/6695/5570
f 4042/6694/5570 4043/6695/5570 4044/6696/5570
f 4044/6697/5571 4043/6698/5571 4029/6680/5571
f 4044/6697/5572 4029/6680/5572 4045/6699/5572
f 4045/6699/5573 4029/6680/5573 3738/6262/5573
f 4045/6699/5573 3738/6262/5573 3739/6264/5573
f 3736/6258/5557 3737/6260/5557 4028/6679/5557
f 4028/6679/5557 3737/6260/5557 4029/6680/5557
f 4028/6679/5574 4029/6680/5574 4046/6700/5574
f 4046/6700/5574 4029/6680/5574 4043/6698/5574
f 4046/6701/5575 4043/6695/5575 4038/6690/5575
f 4038/6690/5576 4043/6695/5576 4041/6693/5576
f 4038/6690/5577 4041/6693/5577 4036/6688/5577
f 4036/6688/5578 4041/6693/5578 4040/6692/5578
f 3734/6255/5556 3735/6257/5556 4030/6681/5556
f 4030/6681/5556 3735/6257/5556 4028/6679/5556
f 4030/6681/5579 4028/6679/5579 4031/6682/5579
f 4031/6682/5579 4028/6679/5579 4046/6700/5579
f 4031/6683/5580 4046/6701/5580 4032/6684/5580
f 4032/6684/5581 4046/6701/5581 4038/6690/5581
f 4032/6684/5582 4038/6690/5582 4035/6687/5582
f 4035/6687/5583 4038/6690/5583 4037/6689/5583
f 4047/6702/5584 4045/6699/5584 3739/6264/5584
f 4044/6696/5585 4048/6703/5585 4042/6694/5585
f 4042/6694/5586 4048/6703/5586 4049/6704/5586
f 4042/6694/5587 4049/6704/5587 4039/6691/5587
f 4050/6705/5588 4051/6706/5588 4048/6703/5588
f 4048/6703/5589 4051/6706/5589 4052/6707/5589
f 4048/6703/5590 4052/6707/5590 4049/6704/5590
f 4053/6708/5591 4054/6709/5591 4050/6705/5591
f 4050/6705/5592 4054/6709/5592 4055/6710/5592
f 4050/6705/5593 4055/6710/5593 4051/6706/5593
f 4056/6711/5594 4057/6712/5594 4053/6708/5594
f 4053/6708/5595 4057/6712/5595 4058/6713/5595
f 4058/6713/5596 4059/6714/5596 4053/6708/5596
f 4053/6708/5597 4059/6714/5597 4060/6715/5597
f 4053/6708/5598 4060/6715/5598 4054/6709/5598
f 4061/6716/5599 4062/6717/5599 4063/6718/5599
f 4063/6718/5600 4062/6717/5600 4064/6719/5600
f 4063/6718/5601 4064/6719/5601 4065/6720/5601
f 4065/6720/5602 4064/6719/5602 4066/6721/5602
f 4065/6720/5603 4066/6721/5603 4056/6711/5603
f 4056/6711/5604 4066/6721/5604 4067/6722/5604
f 4056/6711/5605 4067/6722/5605 4057/6712/5605
f 4068/6723/5606 4069/6724/5606 4070/6725/5606
f 3751/6284/5607 4069/6724/5607 3750/6282/5607
f 3750/6282/5608 4069/6724/5608 4068/6723/5608
f 3750/6282/5609 4068/6723/5609 3749/6281/5609
f 3749/6281/5609 4068/6723/5609 4071/6726/5609
f 4072/6727/5610 3747/6278/5610 4071/6726/5610
f 4071/6726/5610 3747/6278/5610 3748/6279/5610
f 4071/6726/5609 3748/6279/5609 3749/6281/5609
f 4073/6728/5611 3745/6273/5611 4072/6729/5611
f 4072/6729/5612 3745/6273/5612 3746/6274/5612
f 4072/6727/5613 3746/6275/5613 3747/6278/5613
f 4074/6730/5614 3743/6270/5614 4073/6728/5614
f 4073/6728/5615 3743/6270/5615 3744/6271/5615
f 4073/6728/5616 3744/6271/5616 3745/6273/5616
f 3739/6264/5584 3740/6265/5584 4047/6702/5584
f 4047/6702/5617 3740/6265/5617 3741/6267/5617
f 4047/6702/5618 3741/6267/5618 4074/6730/5618
f 4074/6730/5618 3741/6267/5618 3742/6268/5618
f 4074/6730/5615 3742/6268/5615 3743/6270/5615
f 4075/6731/5619 4061/6716/5619 4076/6732/5619
f 4076/6732/5620 4061/6716/5620 4063/6718/5620
f 4076/6732/5621 4063/6718/5621 4077/6733/5621
f 4077/6733/5622 4063/6718/5622 4065/6720/5622
f 4077/6733/5623 4065/6720/5623 4078/6734/5623
f 4078/6734/5624 4065/6720/5624 4056/6711/5624
f 4078/6734/5625 4056/6711/5625 4079/6735/5625
f 4079/6735/5626 4056/6711/5626 4053/6708/5626
f 4079/6735/5627 4053/6708/5627 4080/6736/5627
f 4080/6736/5628 4053/6708/5628 4050/6705/5628
f 4080/6736/5629 4050/6705/5629 4081/6737/5629
f 4081/6737/5630 4050/6705/5630 4048/6703/5630
f 4081/6737/5631 4048/6703/5631 4082/6738/5631
f 4082/6738/5585 4048/6703/5585 4044/6696/5585
f 4082/6739/5632 4044/6697/5632 4045/6699/5632
f 4045/6699/5632 4047/6702/5632 4082/6739/5632
f 4082/6739/5633 4047/6702/5633 4074/6730/5633
f 4082/6739/5634 4074/6730/5634 4081/6740/5634
f 4081/6740/5635 4074/6730/5635 4073/6728/5635
f 4081/6740/5636 4073/6728/5636 4080/6741/5636
f 4080/6741/5637 4073/6728/5637 4072/6729/5637
f 4080/6741/5638 4072/6729/5638 4079/6742/5638
f 4079/6743/5639 4072/6727/5639 4071/6726/5639
f 4079/6743/5639 4071/6726/5639 4078/6744/5639
f 4078/6744/5640 4071/6726/5640 4068/6723/5640
f 4078/6744/5641 4068/6723/5641 4077/6745/5641
f 4077/6745/5642 4068/6723/5642 4070/6725/5642
f 4077/6733/5643 4070/6746/5643 4076/6732/5643
f 3753/6287/5644 3754/6288/5644 4083/6747/5644
f 3755/6290/5645 3756/6292/5645 4084/6748/5645
f 3751/6284/5646 3752/6285/5646 4085/6749/5646
f 3751/6284/5647 4085/6749/5647 4069/6724/5647
f 4069/6724/5648 4085/6749/5648 4086/6750/5648
f 4069/6724/5648 4086/6750/5648 4070/6725/5648
f 4070/6746/5649 4086/6751/5649 4087/6752/5649
f 4070/6746/5649 4087/6752/5649 4076/6732/5649
f 4075/6731/5650 4076/6732/5650 4088/6753/5650
f 4088/6753/5651 4076/6732/5651 4087/6752/5651
f 4088/6753/5652 4087/6752/5652 4089/6754/5652
f 4089/6754/5653 4087/6752/5653 4090/6755/5653
f 4091/6756/5654 4092/6757/5654 4093/6758/5654
f 4094/6759/5655 4095/6760/5655 4096/6761/5655
f 4094/6759/5656 4096/6761/5656 4097/6762/5656
f 4097/6762/5657 4096/6761/5657 4098/6763/5657
f 4097/6762/5658 4098/6763/5658 4099/6764/5658
f 4099/6765/5659 4098/6766/5659 4084/6767/5659
f 4099/6765/5660 4084/6767/5660 4100/6768/5660
f 4100/6768/5661 4084/6767/5661 3756/6293/5661
f 4100/6768/5661 3756/6293/5661 3757/6296/5661
f 3754/6288/5645 3755/6290/5645 4083/6747/5645
f 4083/6747/5645 3755/6290/5645 4084/6748/5645
f 4083/6747/5662 4084/6748/5662 4101/6769/5662
f 4101/6769/5662 4084/6748/5662 4098/6770/5662
f 4101/6771/5663 4098/6763/5663 4093/6758/5663
f 4093/6758/5663 4098/6763/5663 4096/6761/5663
f 4093/6758/5664 4096/6761/5664 4091/6756/5664
f 4091/6756/5665 4096/6761/5665 4095/6760/5665
f 3752/6285/5644 3753/6287/5644 4085/6749/5644
f 4085/6749/5666 3753/6287/5666 4083/6747/5666
f 4085/6749/5667 4083/6747/5667 4086/6750/5667
f 4086/6750/5668 4083/6747/5668 4101/6769/5668
f 4086/6751/5669 4101/6771/5669 4087/6752/5669
f 4087/6752/5670 4101/6771/5670 4093/6758/5670
f 4087/6752/5671 4093/6758/5671 4090/6755/5671
f 4090/6755/5672 4093/6758/5672 4092/6757/5672
f 3772/6319/5673 4102/6772/5673 3771/6318/5673
f 3771/6318/5674 4102/6772/5674 4103/6773/5674
f 3771/6318/5673 4103/6773/5673 3770/6316/5673
f 3770/6316/5675 4103/6773/5675 4104/6774/5675
f 3770/6316/5675 4104/6774/5675 3769/6315/5675
f 3769/6315/5676 4104/6774/5676 4105/6775/5676
f 3769/6315/5676 4105/6775/5676 3768/6313/5676
f 3768/6313/5677 4105/6775/5677 3767/6311/5677
f 3767/6311/5677 4105/6775/5677 4106/6776/5677
f 3767/6311/5678 4106/6776/5678 3763/6306/5678
f 3763/6306/5679 4106/6776/5679 3764/6307/5679
f 3764/6307/5679 4106/6776/5679 4107/6777/5679
f 3764/6307/5679 4107/6777/5679 3765/6309/5679
f 3765/6309/5680 4107/6777/5680 3766/6310/5680
f 3766/6310/5680 4107/6777/5680 4108/6778/5680
f 3766/6310/5680 4108/6778/5680 3758/6298/5680
f 3758/6298/5681 4108/6778/5681 4109/6779/5681
f 3758/6298/5682 4109/6779/5682 3759/6300/5682
f 3759/6300/5683 4109/6779/5683 4110/6780/5683
f 3759/6300/5684 4110/6780/5684 3760/6302/5684
f 3760/6302/5685 4110/6780/5685 3761/6304/5685
f 3761/6304/5685 4110/6780/5685 4111/6781/5685
f 3761/6304/5686 4111/6781/5686 3762/6305/5686
f 4112/6782/5687 4097/6762/5687 4099/6764/5687
f 4094/6759/5688 4097/6762/5688 4113/6783/5688
f 4113/6783/5689 4097/6762/5689 4112/6782/5689
f 4113/6783/5690 4112/6782/5690 4114/6784/5690
f 4114/6784/5691 4112/6782/5691 4115/6785/5691
f 4114/6784/5692 4115/6785/5692 4116/6786/5692
f 4117/6787/5693 4118/6788/5693 4115/6785/5693
f 4115/6785/5694 4118/6788/5694 4119/6789/5694
f 4115/6785/5695 4119/6789/5695 4116/6786/5695
f 4120/6790/5696 4121/6791/5696 4122/6792/5696
f 4122/6792/5697 4121/6791/5697 4123/6793/5697
f 4122/6792/5698 4123/6793/5698 4117/6787/5698
f 4117/6787/5699 4123/6793/5699 4124/6794/5699
f 4117/6787/5700 4124/6794/5700 4118/6788/5700
f 4120/6790/5701 4122/6792/5701 4125/6795/5701
f 4125/6795/5702 4122/6792/5702 4126/6796/5702
f 4125/6795/5703 4126/6796/5703 4127/6797/5703
f 4127/6797/5703 4126/6796/5703 4128/6798/5703
f 4128/6798/5704 4126/6796/5704 4129/6799/5704
f 4128/6798/5705 4129/6799/5705 4130/6800/5705
f 4131/6801/5706 4132/6802/5706 4129/6799/5706
f 4129/6799/5707 4132/6802/5707 4133/6803/5707
f 4129/6799/5708 4133/6803/5708 4130/6800/5708
f 4134/6804/5709 4135/6805/5709 4131/6801/5709
f 4131/6801/5710 4135/6805/5710 4136/6806/5710
f 4131/6801/5711 4136/6806/5711 4132/6802/5711
f 4137/6807/5712 4138/6808/5712 4134/6804/5712
f 4134/6804/5713 4138/6808/5713 4139/6809/5713
f 4134/6804/5714 4139/6809/5714 4135/6805/5714
f 4140/6810/5715 4141/6811/5715 4142/6812/5715
f 4142/6812/5716 4141/6811/5716 4143/6813/5716
f 4142/6812/5717 4143/6813/5717 4137/6807/5717
f 4137/6807/5718 4143/6813/5718 4144/6814/5718
f 4137/6807/5719 4144/6814/5719 4138/6808/5719
f 3772/6319/5720 3773/6321/5720 4102/6772/5720
f 4102/6772/5721 3773/6321/5721 4145/6815/5721
f 4102/6772/5722 4145/6815/5722 4146/6816/5722
f 3757/6296/5723 3762/6305/5723 4100/6768/5723
f 4100/6768/5723 3762/6305/5723 4111/6781/5723
f 4100/6768/5724 4111/6781/5724 4147/6817/5724
f 4147/6817/5725 4111/6781/5725 4110/6780/5725
f 4147/6817/5725 4110/6780/5725 4148/6818/5725
f 4148/6818/5726 4110/6780/5726 4109/6779/5726
f 4148/6818/5726 4109/6779/5726 4149/6819/5726
f 4149/6819/5727 4109/6779/5727 4108/6778/5727
f 4149/6819/5727 4108/6778/5727 4150/6820/5727
f 4150/6820/5728 4108/6778/5728 4107/6777/5728
f 4150/6820/5728 4107/6777/5728 4151/6821/5728
f 4151/6821/5729 4107/6777/5729 4106/6776/5729
f 4151/6821/5730 4106/6776/5730 4152/6822/5730
f 4152/6822/5731 4106/6776/5731 4105/6775/5731
f 4152/6822/5732 4105/6775/5732 4153/6823/5732
f 4153/6823/5733 4105/6775/5733 4104/6774/5733
f 4153/6823/5734 4104/6774/5734 4154/6824/5734
f 4154/6824/5735 4104/6774/5735 4103/6773/5735
f 4154/6824/5735 4103/6773/5735 4155/6825/5735
f 4155/6825/5736 4103/6773/5736 4102/6772/5736
f 4155/6825/5737 4102/6772/5737 4156/6826/5737
f 4156/6826/5738 4102/6772/5738 4146/6816/5738
f 4156/6827/5739 4146/6828/5739 4157/6829/5739
f 4158/6830/5740 4140/6810/5740 4157/6829/5740
f 4157/6829/5741 4140/6810/5741 4142/6812/5741
f 4157/6829/5742 4142/6812/5742 4156/6827/5742
f 4156/6827/5743 4142/6812/5743 4137/6807/5743
f 4156/6827/5744 4137/6807/5744 4155/6831/5744
f 4155/6831/5745 4137/6807/5745 4134/6804/5745
f 4155/6831/5745 4134/6804/5745 4154/6832/5745
f 4154/6832/5746 4134/6804/5746 4131/6801/5746
f 4154/6832/5747 4131/6801/5747 4153/6833/5747
f 4153/6833/5748 4131/6801/5748 4129/6799/5748
f 4153/6833/5749 4129/6799/5749 4152/6834/5749
f 4152/6834/5750 4129/6799/5750 4126/6796/5750
f 4152/6834/5750 4126/6796/5750 4151/6835/5750
f 4151/6835/5751 4126/6796/5751 4122/6792/5751
f 4151/6835/5752 4122/6792/5752 4150/6836/5752
f 4150/6836/5753 4122/6792/5753 4117/6787/5753
f 4150/6836/5754 4117/6787/5754 4149/6837/5754
f 4149/6837/5755 4117/6787/5755 4115/6785/5755
f 4149/6837/5755 4115/6785/5755 4148/6838/5755
f 4148/6838/5756 4115/6785/5756 4112/6782/5756
f 4148/6838/5757 4112/6782/5757 4147/6839/5757
f 4147/6839/5687 4112/6782/5687 4099/6764/5687
f 4147/6817/5724 4099/6765/5724 4100/6768/5724
f 3775/6326/5758 3776/6327/5758 4159/6840/5758
f 3777/6329/5759 3778/6331/5759 4160/6841/5759
f 4161/6842/5760 4162/6843/5760 4163/6844/5760
f 4161/6842/5761 4163/6844/5761 4164/6845/5761
f 4164/6845/5762 4163/6844/5762 4165/6846/5762
f 4164/6845/5763 4165/6846/5763 4166/6847/5763
f 4166/6848/5764 4165/6849/5764 4160/6850/5764
f 4166/6848/5764 4160/6850/5764 4167/6851/5764
f 4167/6851/5765 4160/6850/5765 3778/6332/5765
f 4167/6851/5766 3778/6332/5766 3779/6335/5766
f 4145/6852/5767 3773/6322/5767 3774/6324/5767
f 3774/6324/5768 4168/6853/5768 4145/6852/5768
f 4145/6852/5769 4168/6853/5769 4169/6854/5769
f 4145/6852/5770 4169/6854/5770 4146/6855/5770
f 4146/6828/5771 4169/6856/5771 4170/6857/5771
f 4146/6828/5772 4170/6857/5772 4157/6829/5772
f 4158/6830/5773 4157/6829/5773 4171/6858/5773
f 4171/6858/5774 4157/6829/5774 4170/6857/5774
f 4171/6858/5775 4170/6857/5775 4172/6859/5775
f 4172/6859/5776 4170/6857/5776 4173/6860/5776
f 4174/6861/5777 4175/6862/5777 4176/6863/5777
f 3776/6327/5778 3777/6329/5778 4159/6840/5778
f 4159/6840/5759 3777/6329/5759 4160/6841/5759
f 4159/6840/5779 4160/6841/5779 4177/6864/5779
f 4177/6864/5779 4160/6841/5779 4165/6865/5779
f 4177/6866/5780 4165/6846/5780 4176/6863/5780
f 4176/6863/5781 4165/6846/5781 4163/6844/5781
f 4176/6863/5782 4163/6844/5782 4174/6861/5782
f 4174/6861/5783 4163/6844/5783 4162/6843/5783
f 3774/6324/5758 3775/6326/5758 4168/6853/5758
f 4168/6853/5758 3775/6326/5758 4159/6840/5758
f 4168/6853/5784 4159/6840/5784 4169/6854/5784
f 4169/6854/5784 4159/6840/5784 4177/6864/5784
f 4169/6856/5785 4177/6866/5785 4170/6857/5785
f 4170/6857/5786 4177/6866/5786 4176/6863/5786
f 4170/6857/5787 4176/6863/5787 4173/6860/5787
f 4173/6860/5788 4176/6863/5788 4175/6862/5788
f 3790/6355/5789 4178/6867/5789 3789/6354/5789
f 3789/6354/5789 4178/6867/5789 4179/6868/5789
f 3789/6354/5789 4179/6868/5789 3788/6352/5789
f 3788/6352/5790 4179/6868/5790 3787/6351/5790
f 3787/6351/5791 4179/6868/5791 4180/6869/5791
f 3787/6351/5791 4180/6869/5791 3786/6348/5791
f 3786/6347/5792 4180/6870/5792 3785/6346/5792
f 3785/6346/5793 4180/6870/5793 4181/6871/5793
f 3785/6346/5794 4181/6871/5794 3784/6344/5794
f 3784/6344/5795 4181/6871/5795 3783/6343/5795
f 3783/6343/5796 4181/6871/5796 4182/6872/5796
f 3783/6343/5795 4182/6872/5795 3782/6341/5795
f 3782/6341/5797 4182/6872/5797 3781/6340/5797
f 3781/6340/5798 4182/6872/5798 4183/6873/5798
f 3781/6340/5799 4183/6873/5799 3780/6338/5799
f 4184/6874/5800 4166/6848/5800 4167/6851/5800
f 4166/6847/5801 4185/6875/5801 4164/6845/5801
f 4164/6845/5802 4185/6875/5802 4186/6876/5802
f 4164/6845/5803 4186/6876/5803 4161/6842/5803
f 4187/6877/5804 4188/6878/5804 4185/6875/5804
f 4185/6875/5805 4188/6878/5805 4189/6879/5805
f 4185/6875/5806 4189/6879/5806 4186/6876/5806
f 4190/6880/5807 4191/6881/5807 4192/6882/5807
f 4192/6882/5808 4191/6881/5808 4193/6883/5808
f 4192/6882/5809 4193/6883/5809 4187/6877/5809
f 4187/6877/5810 4193/6883/5810 4194/6884/5810
f 4187/6877/5811 4194/6884/5811 4188/6878/5811
f 4190/6880/5812 4192/6882/5812 4195/6885/5812
f 4195/6885/5813 4192/6882/5813 4196/6886/5813
f 4195/6885/5814 4196/6886/5814 4197/6887/5814
f 4197/6887/5815 4196/6886/5815 4198/6888/5815
f 4197/6887/5816 4198/6888/5816 4199/6889/5816
f 4200/6890/5817 4201/6891/5817 4202/6892/5817
f 4202/6892/5818 4201/6891/5818 4203/6893/5818
f 4202/6892/5819 4203/6893/5819 4198/6888/5819
f 4198/6888/5820 4203/6893/5820 4204/6894/5820
f 4198/6888/5821 4204/6894/5821 4199/6889/5821
f 3790/6355/5822 3791/6357/5822 4178/6867/5822
f 4178/6867/5823 3791/6357/5823 4205/6895/5823
f 4178/6867/5824 4205/6895/5824 4206/6896/5824
f 4166/6847/5825 4184/6897/5825 4185/6875/5825
f 4185/6875/5826 4184/6897/5826 4207/6898/5826
f 4185/6875/5826 4207/6898/5826 4187/6877/5826
f 4187/6877/5827 4207/6898/5827 4208/6899/5827
f 4187/6877/5828 4208/6899/5828 4192/6882/5828
f 4192/6882/5829 4208/6899/5829 4209/6900/5829
f 4192/6882/5830 4209/6900/5830 4196/6886/5830
f 4196/6886/5831 4209/6900/5831 4210/6901/5831
f 4196/6886/5832 4210/6901/5832 4198/6888/5832
f 4198/6888/5833 4210/6901/5833 4211/6902/5833
f 4198/6888/5834 4211/6902/5834 4202/6892/5834
f 4202/6892/5835 4211/6902/5835 4212/6903/5835
f 4202/6892/5836 4212/6903/5836 4200/6890/5836
f 3779/6335/5837 3780/6336/5837 4167/6851/5837
f 4167/6851/5838 3780/6336/5838 4183/6904/5838
f 4167/6851/5839 4183/6904/5839 4184/6874/5839
f 4184/6905/5840 4183/6873/5840 4182/6872/5840
f 4184/6905/5841 4182/6872/5841 4207/6906/5841
f 4207/6906/5842 4182/6872/5842 4181/6871/5842
f 4207/6906/5842 4181/6871/5842 4208/6907/5842
f 4208/6907/5843 4181/6871/5843 4180/6870/5843
f 4208/6907/5844 4180/6870/5844 4209/6908/5844
f 4209/6909/5845 4180/6869/5845 4179/6868/5845
f 4209/6909/5846 4179/6868/5846 4210/6910/5846
f 4210/6910/5847 4179/6868/5847 4178/6867/5847
f 4210/6910/5847 4178/6867/5847 4211/6911/5847
f 4211/6911/5848 4178/6867/5848 4206/6896/5848
f 4211/6902/5835 4206/6912/5835 4212/6903/5835
f 3793/6360/5849 3794/6361/5849 4213/6913/5849
f 3795/6363/5850 3796/6365/5850 4214/6914/5850
f 4215/6915/5851 4216/6916/5851 4217/6917/5851
f 4215/6915/5852 4217/6917/5852 4218/6918/5852
f 4218/6918/5853 4217/6917/5853 4219/6919/5853
f 4218/6918/5853 4219/6919/5853 4220/6920/5853
f 4220/6921/5854 4219/6922/5854 4214/6923/5854
f 4220/6921/5854 4214/6923/5854 4221/6924/5854
f 4221/6924/5855 4214/6923/5855 3796/6366/5855
f 4221/6924/5856 3796/6366/5856 3797/6369/5856
f 4205/6895/5857 3791/6357/5857 3792/6358/5857
f 3792/6358/5857 4222/6925/5857 4205/6895/5857
f 4205/6895/5858 4222/6925/5858 4223/6926/5858
f 4205/6895/5859 4223/6926/5859 4206/6896/5859
f 4206/6912/5860 4223/6927/5860 4224/6928/5860
f 4206/6912/5861 4224/6928/5861 4212/6903/5861
f 4200/6890/5862 4212/6903/5862 4225/6929/5862
f 4225/6929/5863 4212/6903/5863 4224/6928/5863
f 4225/6929/5864 4224/6928/5864 4226/6930/5864
f 4226/6930/5865 4224/6928/5865 4227/6931/5865
f 4228/6932/5866 4229/6933/5866 4230/6934/5866
f 3794/6361/5867 3795/6363/5867 4213/6913/5867
f 4213/6913/5850 3795/6363/5850 4214/6914/5850
f 4213/6913/5868 4214/6914/5868 4231/6935/5868
f 4231/6935/5869 4214/6914/5869 4219/6936/5869
f 4231/6937/5870 4219/6919/5870 4230/6934/5870
f 4230/6934/5871 4219/6919/5871 4217/6917/5871
f 4230/6934/5872 4217/6917/5872 4228/6932/5872
f 4228/6932/5873 4217/6917/5873 4216/6916/5873
f 3792/6358/5874 3793/6360/5874 4222/6925/5874
f 4222/6925/5849 3793/6360/5849 4213/6913/5849
f 4222/6925/5875 4213/6913/5875 4223/6926/5875
f 4223/6926/5875 4213/6913/5875 4231/6935/5875
f 4223/6927/5876 4231/6937/5876 4224/6928/5876
f 4224/6928/5877 4231/6937/5877 4230/6934/5877
f 4224/6928/5878 4230/6934/5878 4227/6931/5878
f 4227/6931/5879 4230/6934/5879 4229/6933/5879
f 3812/6395/5880 4232/6938/5880 3811/6394/5880
f 3811/6394/5881 4232/6938/5881 4233/6939/5881
f 3811/6394/5881 4233/6939/5881 3810/6392/5881
f 3810/6390/5882 4233/6940/5882 4234/6941/5882
f 3810/6390/5883 4234/6941/5883 3806/6383/5883
f 3806/6383/5884 4234/6941/5884 4235/6942/5884
f 3806/6383/5884 4235/6942/5884 3807/6384/5884
f 3807/6384/5885 4235/6942/5885 3808/6386/5885
f 3808/6386/5885 4235/6942/5885 4236/6943/5885
f 3808/6386/5886 4236/6943/5886 3809/6387/5886
f 3809/6387/5887 4236/6943/5887 3805/6382/5887
f 3805/6382/5887 4236/6943/5887 4237/6944/5887
f 3805/6382/5887 4237/6944/5887 3804/6380/5887
f 3804/6380/5888 4237/6944/5888 3798/6371/5888
f 3798/6371/5889 4237/6944/5889 4238/6945/5889
f 3798/6371/5889 4238/6945/5889 3799/6372/5889
f 3799/6372/5890 4238/6945/5890 4239/6946/5890
f 3799/6372/5890 4239/6946/5890 3800/6374/5890
f 3800/6374/5891 4239/6946/5891 4240/6947/5891
f 3800/6374/5891 4240/6947/5891 3801/6376/5891
f 3801/6376/5892 4240/6947/5892 3802/6378/5892
f 3802/6378/5893 4240/6947/5893 4241/6948/5893
f 3802/6378/5894 4241/6948/5894 3803/6379/5894
f 4242/6949/5895 4218/6918/5895 4220/6920/5895
f 4215/6915/5896 4218/6918/5896 4243/6950/5896
f 4243/6950/5897 4218/6918/5897 4242/6949/5897
f 4243/6950/5898 4242/6949/5898 4244/6951/5898
f 4244/6951/5899 4242/6949/5899 4245/6952/5899
f 4244/6951/5900 4245/6952/5900 4246/6953/5900
f 4247/6954/5901 4248/6955/5901 4245/6952/5901
f 4245/6952/5902 4248/6955/5902 4249/6956/5902
f 4245/6952/5902 4249/6956/5902 4246/6953/5902
f 4250/6957/5903 4251/6958/5903 4252/6959/5903
f 4252/6959/5904 4251/6958/5904 4253/6960/5904
f 4252/6959/5905 4253/6960/5905 4247/6954/5905
f 4247/6954/5906 4253/6960/5906 4254/6961/5906
f 4247/6954/5906 4254/6961/5906 4248/6955/5906
f 4250/6957/5903 4252/6959/5903 4255/6962/5903
f 4255/6962/5907 4252/6959/5907 4256/6963/5907
f 4255/6962/5908 4256/6963/5908 4257/6964/5908
f 4257/6964/5908 4256/6963/5908 4258/6965/5908
f 4258/6965/5909 4256/6963/5909 4259/6966/5909
f 4258/6965/5910 4259/6966/5910 4260/6967/5910
f 4261/6968/5911 4262/6969/5911 4259/6966/5911
f 4259/6966/5912 4262/6969/5912 4263/6970/5912
f 4259/6966/5913 4263/6970/5913 4260/6967/5913
f 4264/6971/5914 4265/6972/5914 4261/6968/5914
f 4261/6968/5915 4265/6972/5915 4266/6973/5915
f 4261/6968/5915 4266/6973/5915 4262/6969/5915
f 4267/6974/5916 4268/6975/5916 4264/6971/5916
f 4264/6971/5917 4268/6975/5917 4269/6976/5917
f 4264/6971/5918 4269/6976/5918 4265/6972/5918
f 4270/6977/5919 4271/6978/5919 4272/6979/5919
f 4272/6979/5920 4271/6978/5920 4273/6980/5920
f 4272/6979/5921 4273/6980/5921 4267/6974/5921
f 4267/6974/5922 4273/6980/5922 4274/6981/5922
f 4267/6974/5922 4274/6981/5922 4268/6975/5922
f 3812/6395/5923 3813/6397/5923 4232/6938/5923
f 4232/6938/5924 3813/6397/5924 4275/6982/5924
f 4232/6938/5925 4275/6982/5925 4276/6983/5925
f 3797/6369/5926 3803/6379/5926 4221/6924/5926
f 4221/6924/5926 3803/6379/5926 4241/6948/5926
f 4221/6924/5927 4241/6948/5927 4277/6984/5927
f 4277/6984/5928 4241/6948/5928 4240/6947/5928
f 4277/6984/5929 4240/6947/5929 4278/6985/5929
f 4278/6985/5930 4240/6947/5930 4239/6946/5930
f 4278/6985/5931 4239/6946/5931 4279/6986/5931
f 4279/6986/5932 4239/6946/5932 4238/6945/5932
f 4279/6986/5932 4238/6945/5932 4280/6987/5932
f 4280/6987/5933 4238/6945/5933 4237/6944/5933
f 4280/6987/5933 4237/6944/5933 4281/6988/5933
f 4281/6988/5934 4237/6944/5934 4236/6943/5934
f 4281/6988/5935 4236/6943/5935 4282/6989/5935
f 4282/6989/5936 4236/6943/5936 4235/6942/5936
f 4282/6989/5936 4235/6942/5936 4283/6990/5936
f 4283/6990/5937 4235/6942/5937 4234/6941/5937
f 4283/6990/5938 4234/6941/5938 4284/6991/5938
f 4284/6991/5939 4234/6941/5939 4233/6940/5939
f 4284/6991/5939 4233/6940/5939 4285/6992/5939
f 4285/6993/5940 4233/6939/5940 4232/6938/5940
f 4285/6993/5940 4232/6938/5940 4286/6994/5940
f 4286/6994/5941 4232/6938/5941 4276/6983/5941
f 4286/6995/5942 4276/6996/5942 4287/6997/5942
f 4288/6998/5943 4270/6977/5943 4287/6997/5943
f 4287/6997/5944 4270/6977/5944 4272/6979/5944
f 4287/6997/5945 4272/6979/5945 4286/6995/5945
f 4286/6995/5946 4272/6979/5946 4267/6974/5946
f 4286/6995/5946 4267/6974/5946 4285/6999/5946
f 4285/6999/5947 4267/6974/5947 4264/6971/5947
f 4285/6999/5947 4264/6971/5947 4284/7000/5947
f 4284/7000/5948 4264/6971/5948 4261/6968/5948
f 4284/7000/5949 4261/6968/5949 4283/7001/5949
f 4283/7001/5950 4261/6968/5950 4259/6966/5950
f 4283/7001/5950 4259/6966/5950 4282/7002/5950
f 4282/7002/5951 4259/6966/5951 4256/6963/5951
f 4282/7002/5951 4256/6963/5951 4281/7003/5951
f 4281/7003/5952 4256/6963/5952 4252/6959/5952
f 4281/7003/5952 4252/6959/5952 4280/7004/5952
f 4280/7004/5953 4252/6959/5953 4247/6954/5953
f 4280/7004/5954 4247/6954/5954 4279/7005/5954
f 4279/7005/5955 4247/6954/5955 4245/6952/5955
f 4279/7005/5956 4245/6952/5956 4278/7006/5956
f 4278/7006/5957 4245/6952/5957 4242/6949/5957
f 4278/7006/5958 4242/6949/5958 4277/7007/5958
f 4277/7007/5959 4242/6949/5959 4220/6920/5959
f 4277/6984/5927 4220/6921/5927 4221/6924/5927
f 4289/7008/5960 4290/7009/5960 4291/7010/5960
f 3819/6409/5961 4290/7009/5961 3818/6406/5961
f 3818/6406/5961 4290/7009/5961 4289/7008/5961
f 3818/6405/5962 4289/7011/5962 3817/6403/5962
f 3817/6403/5962 4289/7011/5962 4292/7012/5962
f 3817/6403/5962 4292/7012/5962 3816/6401/5962
f 3816/6401/5963 4292/7012/5963 3815/6400/5963
f 3815/6400/5963 4292/7012/5963 4293/7013/5963
f 3815/6400/5964 4293/7013/5964 3814/6398/5964
f 4294/7014/5965 4287/6997/5965 4276/6996/5965
f 4295/7015/5966 4296/7016/5966 4294/7014/5966
f 4294/7014/5967 4296/7016/5967 4297/7017/5967
f 4294/7014/5968 4297/7017/5968 4287/6997/5968
f 4287/6997/5969 4297/7017/5969 4298/7018/5969
f 4287/6997/5970 4298/7018/5970 4288/6998/5970
f 4299/7019/5971 4300/7020/5971 4301/7021/5971
f 4301/7021/5972 4300/7020/5972 4302/7022/5972
f 4301/7021/5973 4302/7022/5973 4295/7015/5973
f 4295/7015/5974 4302/7022/5974 4303/7023/5974
f 4295/7015/5975 4303/7023/5975 4296/7016/5975
f 3813/6397/5976 3814/6398/5976 4275/6982/5976
f 4275/6982/5977 3814/6398/5977 4293/7013/5977
f 4275/6982/5978 4293/7013/5978 4304/7024/5978
f 4304/7024/5979 4293/7013/5979 4292/7012/5979
f 4304/7024/5979 4292/7012/5979 4305/7025/5979
f 4305/7025/5980 4292/7012/5980 4289/7011/5980
f 4305/7025/5980 4289/7011/5980 4306/7026/5980
f 4306/7027/5960 4289/7008/5960 4291/7010/5960
f 4306/7028/5981 4291/7029/5981 4307/7030/5981
f 4308/7031/5982 4299/7019/5982 4307/7030/5982
f 4307/7030/5983 4299/7019/5983 4301/7021/5983
f 4307/7030/5981 4301/7021/5981 4306/7028/5981
f 4306/7028/5984 4301/7021/5984 4295/7015/5984
f 4306/7028/5984 4295/7015/5984 4305/7032/5984
f 4305/7032/5985 4295/7015/5985 4294/7014/5985
f 4305/7032/5986 4294/7014/5986 4304/7033/5986
f 4304/7033/5987 4294/7014/5987 4276/6996/5987
f 4304/7024/5988 4276/6983/5988 4275/6982/5988
f 3830/6429/5989 4309/7034/5989 3829/6428/5989
f 3829/6428/5989 4309/7034/5989 4310/7035/5989
f 3829/6428/5989 4310/7035/5989 3828/6426/5989
f 3828/6426/5990 4310/7035/5990 3827/6425/5990
f 3827/6425/5990 4310/7035/5990 4311/7036/5990
f 3827/6425/5990 4311/7036/5990 3826/6423/5990
f 3826/6421/5991 4311/7037/5991 3825/6420/5991
f 3825/6420/5992 4311/7037/5992 4312/7038/5992
f 3825/6420/5991 4312/7038/5991 3824/6418/5991
f 3824/6418/5993 4312/7038/5993 3823/6417/5993
f 3823/6417/5994 4312/7038/5994 4313/7039/5994
f 3823/6417/5993 4313/7039/5993 3822/6415/5993
f 3822/6415/5995 4313/7039/5995 3821/6414/5995
f 3821/6414/5995 4313/7039/5995 4314/7040/5995
f 3821/6414/5996 4314/7040/5996 3820/6412/5996
f 4315/7041/5997 4291/7010/5997 4290/7009/5997
f 4291/7029/5998 4316/7042/5998 4307/7030/5998
f 4307/7030/5999 4316/7042/5999 4317/7043/5999
f 4307/7030/6000 4317/7043/6000 4308/7031/6000
f 4318/7044/6001 4319/7045/6001 4316/7042/6001
f 4316/7042/6002 4319/7045/6002 4320/7046/6002
f 4316/7042/6003 4320/7046/6003 4317/7043/6003
f 4321/7047/6004 4322/7048/6004 4323/7049/6004
f 4323/7049/6005 4322/7048/6005 4324/7050/6005
f 4323/7049/6006 4324/7050/6006 4318/7044/6006
f 4318/7044/6007 4324/7050/6007 4325/7051/6007
f 4318/7044/6008 4325/7051/6008 4319/7045/6008
f 4321/7047/6009 4323/7049/6009 4326/7052/6009
f 4326/7052/6010 4323/7049/6010 4327/7053/6010
f 4326/7052/6011 4327/7053/6011 4328/7054/6011
f 4328/7054/6012 4327/7053/6012 4329/7055/6012
f 4328/7054/6013 4329/7055/6013 4330/7056/6013
f 4331/7057/6014 4332/7058/6014 4333/7059/6014
f 4333/7059/6015 4332/7058/6015 4334/7060/6015
f 4333/7059/6016 4334/7060/6016 4329/7055/6016
f 4329/7055/6017 4334/7060/6017 4335/7061/6017
f 4329/7055/6013 4335/7061/6013 4330/7056/6013
f 3830/6429/6018 3831/6431/6018 4309/7034/6018
f 4309/7034/6019 3831/6431/6019 4336/7062/6019
f 4309/7034/6020 4336/7062/6020 4337/7063/6020
f 4291/7029/6021 4315/7064/6021 4316/7042/6021
f 4316/7042/6022 4315/7064/6022 4338/7065/6022
f 4316/7042/6022 4338/7065/6022 4318/7044/6022
f 4318/7044/6023 4338/7065/6023 4339/7066/6023
f 4318/7044/6024 4339/7066/6024 4323/7049/6024
f 4323/7049/6025 4339/7066/6025 4340/7067/6025
f 4323/7049/6026 4340/7067/6026 4327/7053/6026
f 4327/7053/6027 4340/7067/6027 4341/7068/6027
f 4327/7053/6028 4341/7068/6028 4329/7055/6028
f 4329/7055/6029 4341/7068/6029 4342/7069/6029
f 4329/7055/6030 4342/7069/6030 4333/7059/6030
f 4333/7059/6031 4342/7069/6031 4343/7070/6031
f 4333/7059/6032 4343/7070/6032 4331/7057/6032
f 3819/6409/6033 3820/6410/6033 4290/7009/6033
f 4290/7009/6034 3820/6410/6034 4314/7071/6034
f 4290/7009/5997 4314/7071/5997 4315/7041/5997
f 4315/7072/6035 4314/7040/6035 4313/7039/6035
f 4315/7072/6036 4313/7039/6036 4338/7073/6036
f 4338/7073/6037 4313/7039/6037 4312/7038/6037
f 4338/7073/6038 4312/7038/6038 4339/7074/6038
f 4339/7074/6039 4312/7038/6039 4311/7037/6039
f 4339/7074/6040 4311/7037/6040 4340/7075/6040
f 4340/7076/6041 4311/7036/6041 4310/7035/6041
f 4340/7076/6041 4310/7035/6041 4341/7077/6041
f 4341/7077/6042 4310/7035/6042 4309/7034/6042
f 4341/7077/6043 4309/7034/6043 4342/7078/6043
f 4342/7078/6044 4309/7034/6044 4337/7063/6044
f 4342/7069/6045 4337/7079/6045 4343/7070/6045
f 4344/7080/6046 4345/7081/6046 4346/7082/6046
f 4347/7083/6047 3885/6491/6047 3849/6516/6047
f 3678/6159/6048 3885/6491/6048 3836/6440/6048
f 3836/6440/6048 3885/6491/6048 4347/7083/6048
f 3836/6439/6049 4347/7084/6049 3835/6437/6049
f 3835/6437/6049 4347/7084/6049 4348/7085/6049
f 3835/6437/6049 4348/7085/6049 3834/6435/6049
f 3834/6435/6050 4348/7085/6050 3833/6434/6050
f 3833/6434/6051 4348/7085/6051 4349/7086/6051
f 3833/6434/6051 4349/7086/6051 3832/6432/6051
f 4337/7079/6052 4350/7087/6052 4343/7070/6052
f 4343/7070/6053 4350/7087/6053 4351/7088/6053
f 4343/7070/6054 4351/7088/6054 4331/7057/6054
f 4345/7081/6055 4352/7089/6055 4346/7082/6055
f 4346/7082/6056 4352/7089/6056 4353/7090/6056
f 4346/7082/6057 4353/7090/6057 4354/7091/6057
f 4354/7091/6058 4353/7090/6058 4355/7092/6058
f 4354/7091/6059 4355/7092/6059 4350/7087/6059
f 4350/7087/6060 4355/7092/6060 4356/7093/6060
f 4350/7087/6061 4356/7093/6061 4351/7088/6061
f 3831/6431/6062 3832/6432/6062 4336/7062/6062
f 4336/7062/6063 3832/6432/6063 4349/7086/6063
f 4336/7062/6064 4349/7086/6064 4357/7094/6064
f 4357/7094/6065 4349/7086/6065 4348/7085/6065
f 4357/7094/6066 4348/7085/6066 4358/7095/6066
f 4358/7095/6067 4348/7085/6067 4347/7084/6067
f 4358/7095/6067 4347/7084/6067 4359/7096/6067
f 4359/7097/6047 4347/7083/6047 3849/6516/6047
f 4359/7098/6068 3849/6455/6068 3848/6454/6068
f 3850/6456/6069 4344/7080/6069 3848/6454/6069
f 3848/6454/6070 4344/7080/6070 4346/7082/6070
f 3848/6454/6068 4346/7082/6068 4359/7098/6068
f 4359/7098/6071 4346/7082/6071 4354/7091/6071
f 4359/7098/6071 4354/7091/6071 4358/7099/6071
f 4358/7099/6072 4354/7091/6072 4350/7087/6072
f 4358/7099/6073 4350/7087/6073 4357/7100/6073
f 4357/7100/6052 4350/7087/6052 4337/7079/6052
f 4357/7094/6074 4337/7063/6074 4336/7062/6074
f 3868/6474/2610 3871/6477/2610 4334/7060/2610
f 3865/6471/2610 4355/7092/2610 4353/7090/2610
f 3999/6637/2610 4002/6640/2610 3942/6566/2610
f 3987/6625/2610 3993/6631/2610 3940/6564/2610
f 4334/7060/2610 3871/6477/2610 4335/7061/2610
f 4335/7061/2610 3871/6477/2610 3870/6476/2610
f 4335/7061/2610 3870/6476/2610 3874/6480/2610
f 4356/7093/2610 4355/7092/2610 4351/7088/2610
f 4351/7088/2610 4355/7092/2610 3865/6471/2610
f 4351/7088/2610 3865/6471/2610 4331/7057/2610
f 4331/7057/2610 3865/6471/2610 4332/7058/2610
f 4262/6969/2610 4204/6894/2610 4263/6970/2610
f 4263/6970/2610 4204/6894/2610 4203/6893/2610
f 4263/6970/2610 4203/6893/2610 4260/6967/2610
f 4297/7017/2610 4296/7016/2610 4303/7023/2610
f 3959/6592/2610 3961/6594/2610 3960/6593/2610
f 3940/6564/2610 3982/6620/2610 3983/6621/2610
f 4250/6957/2610 4255/6962/2610 4201/6891/2610
f 4201/6891/2610 4255/6962/2610 4257/6964/2610
f 4201/6891/2610 4257/6964/2610 4203/6893/2610
f 4203/6893/2610 4257/6964/2610 4258/6965/2610
f 4203/6893/2610 4258/6965/2610 4260/6967/2610
f 4262/6969/2610 4266/6973/2610 4204/6894/2610
f 4204/6894/2610 4266/6973/2610 4265/6972/2610
f 4204/6894/2610 4265/6972/2610 4269/6976/2610
f 4269/6976/2610 4268/6975/2610 4204/6894/2610
f 4204/6894/2610 4268/6975/2610 4274/6981/2610
f 4204/6894/2610 4274/6981/2610 4273/6980/2610
f 4226/6930/2610 4227/6931/2610 4225/6929/2610
f 4225/6929/2610 4227/6931/2610 4243/6950/2610
f 4225/6929/2610 4243/6950/2610 4200/6890/2610
f 4227/6931/2610 4229/6933/2610 4243/6950/2610
f 4243/6950/2610 4229/6933/2610 4228/6932/2610
f 4243/6950/2610 4228/6932/2610 4215/6915/2610
f 4215/6915/6075 4228/6932/6075 4216/6916/6075
f 4200/6890/2610 4243/6950/2610 4201/6891/2610
f 4201/6891/2610 4243/6950/2610 4244/6951/2610
f 4201/6891/2610 4244/6951/2610 4246/6953/2610
f 4246/6953/2610 4249/6956/2610 4201/6891/2610
f 4201/6891/2610 4249/6956/2610 4248/6955/2610
f 4201/6891/2610 4248/6955/2610 4254/6961/2610
f 4273/6980/2610 4317/7043/2610 4204/6894/2610
f 4204/6894/2610 4317/7043/2610 4320/7046/2610
f 4204/6894/2610 4320/7046/2610 4319/7045/2610
f 4036/6688/2610 4040/6692/2610 4039/6691/2610
f 4174/6861/2610 4162/6843/2610 4161/6842/2610
f 4090/6755/2610 4092/6757/2610 4091/6756/2610
f 4191/6881/5052 4190/6880/5052 4066/6721/5052
f 3943/6567/2610 4008/6646/2610 4007/6645/2610
f 3957/6590/2610 3958/6591/2610 3959/6592/2610
f 3983/6621/2610 3985/6623/2610 3940/6564/2610
f 3940/6564/2610 3985/6623/2610 3988/6626/2610
f 3940/6564/2610 3988/6626/2610 3987/6625/2610
f 4332/7058/2610 3865/6471/2610 4334/7060/2610
f 4334/7060/2610 3865/6471/2610 3866/6472/2610
f 4334/7060/2610 3866/6472/2610 3868/6474/2610
f 3874/6480/2610 3873/6479/2610 4335/7061/2610
f 4335/7061/2610 3873/6479/2610 3877/6483/2610
f 4335/7061/2610 3877/6483/2610 3876/6482/2610
f 4353/7090/5051 4352/7089/5051 3865/6471/5051
f 3865/6471/2610 4352/7089/2610 4345/7081/2610
f 3865/6471/6075 4345/7081/6075 4344/7080/6075
f 4344/7080/6076 3850/6456/6076 3865/6471/6076
f 3865/6471/2610 3850/6456/2610 3851/6457/2610
f 3865/6471/2610 3851/6457/2610 3863/6469/2610
f 3863/6469/2610 3851/6457/2610 3858/6464/2610
f 4254/6961/2610 4253/6960/2610 4201/6891/2610
f 4201/6891/2610 4253/6960/2610 4251/6958/2610
f 4201/6891/2610 4251/6958/2610 4250/6957/2610
f 4303/7023/5051 4302/7022/5051 4273/6980/5051
f 4273/6980/2610 4302/7022/2610 4300/7020/2610
f 4300/7020/2610 4299/7019/2610 4273/6980/2610
f 4273/6980/5052 4299/7019/5052 4308/7031/5052
f 4273/6980/2610 4308/7031/2610 4317/7043/2610
f 4064/6719/2610 4188/6878/2610 4194/6884/2610
f 4064/6719/2610 4194/6884/2610 4066/6721/2610
f 4066/6721/2610 4194/6884/2610 4193/6883/2610
f 4066/6721/2610 4193/6883/2610 4191/6881/2610
f 4002/6640/2610 4001/6639/2610 3942/6566/2610
f 3942/6566/2610 4001/6639/2610 4005/6643/2610
f 3942/6566/2610 4005/6643/2610 3943/6567/2610
f 3943/6567/2610 4005/6643/2610 4004/6642/2610
f 3943/6567/2610 4004/6642/2610 4008/6646/2610
f 3989/6627/2610 3994/6632/2610 3940/6564/2610
f 3940/6564/2610 3994/6632/2610 3996/6634/2610
f 3940/6564/2610 3996/6634/2610 3942/6566/2610
f 3942/6566/2610 3996/6634/2610 3997/6635/2610
f 3942/6566/2610 3997/6635/2610 3999/6637/2610
f 3960/6593/2610 3964/6597/2610 3940/6564/2610
f 3940/6564/2610 3964/6597/2610 3963/6596/2610
f 3940/6564/2610 3963/6596/2610 3982/6620/2610
f 3993/6631/2610 3992/6630/2610 3940/6564/2610
f 3940/6564/2610 3992/6630/2610 3990/6628/2610
f 3940/6564/2610 3990/6628/2610 3989/6627/2610
f 3852/6458/5052 3854/6460/5052 3857/6463/5052
f 4273/6980/2610 4271/6978/2610 4303/7023/2610
f 4303/7023/6075 4271/6978/6075 4270/6977/6075
f 4303/7023/2610 4270/6977/2610 4297/7017/2610
f 4297/7017/2610 4270/6977/2610 4288/6998/2610
f 4297/7017/6077 4288/6998/6077 4298/7018/6077
f 4007/6645/2610 4013/6651/2610 3943/6567/2610
f 3943/6567/2610 4013/6651/2610 4012/6650/2610
f 3943/6567/2610 4012/6650/2610 4049/6704/2610
f 4190/6880/2610 4195/6885/2610 4066/6721/2610
f 4066/6721/5051 4195/6885/5051 4197/6887/5051
f 4066/6721/2610 4197/6887/2610 4319/7045/2610
f 4319/7045/2610 4197/6887/2610 4199/6889/2610
f 4319/7045/2610 4199/6889/2610 4204/6894/2610
f 4173/6860/2610 4175/6862/2610 4174/6861/2610
f 4064/6719/5052 4062/6717/5052 4188/6878/5052
f 4188/6878/2610 4062/6717/2610 4061/6716/2610
f 4188/6878/5052 4061/6716/5052 4075/6731/5052
f 3960/6593/5051 3940/6564/5051 3959/6592/5051
f 3959/6592/2610 3940/6564/2610 3939/6563/2610
f 3959/6592/5052 3939/6563/5052 3957/6590/5052
f 3852/6458/2610 3857/6463/2610 3851/6457/2610
f 3851/6457/5051 3857/6463/5051 3856/6462/5051
f 3851/6457/2610 3856/6462/2610 3862/6468/2610
f 3862/6468/2610 3861/6467/2610 3851/6457/2610
f 3851/6457/5052 3861/6467/5052 3859/6465/5052
f 3851/6457/6078 3859/6465/6078 3858/6464/6078
f 4010/6648/2610 4036/6688/2610 4012/6650/2610
f 4012/6650/2610 4036/6688/2610 4039/6691/2610
f 4012/6650/2610 4039/6691/2610 4049/6704/2610
f 3876/6482/2610 3882/6488/2610 4335/7061/2610
f 4335/7061/2610 3882/6488/2610 3881/6487/2610
f 4335/7061/2610 3881/6487/2610 3925/6549/2610
f 3930/6554/2610 3929/6553/2610 4054/6709/2610
f 4186/6876/2610 4135/6805/2610 4139/6809/2610
f 4075/6731/5051 4088/6753/5051 4188/6878/5051
f 4188/6878/6079 4088/6753/6079 4089/6754/6079
f 4188/6878/2610 4089/6754/2610 4090/6755/2610
f 4010/6648/2610 4009/6647/2610 4036/6688/2610
f 4036/6688/2610 4009/6647/2610 4027/6669/2610
f 4036/6688/5051 4027/6669/5051 4033/6685/5051
f 3907/6527/2610 3906/6526/2610 3881/6487/2610
f 3925/6549/2610 3881/6487/2610 3909/6529/2610
f 3909/6529/2610 3881/6487/2610 3906/6526/2610
f 3909/6529/5051 3906/6526/5051 3910/6530/5051
f 4058/6713/2610 4057/6712/2610 4319/7045/2610
f 4319/7045/5052 4057/6712/5052 4067/6722/5052
f 4319/7045/2610 4067/6722/2610 4066/6721/2610
f 4186/6876/2610 4139/6809/2610 4161/6842/2610
f 4161/6842/2610 4139/6809/2610 4138/6808/2610
f 4161/6842/2610 4138/6808/2610 4144/6814/2610
f 4140/6810/2610 4158/6830/2610 4161/6842/2610
f 4161/6842/2610 4158/6830/2610 4171/6858/2610
f 4161/6842/2610 4171/6858/2610 4174/6861/2610
f 4174/6861/2610 4171/6858/2610 4172/6859/2610
f 4174/6861/2610 4172/6859/2610 4173/6860/2610
f 4130/6800/2610 4189/6879/2610 4128/6798/2610
f 4128/6798/2610 4189/6879/2610 4127/6797/2610
f 4130/6800/2610 4133/6803/2610 4189/6879/2610
f 4189/6879/2610 4133/6803/2610 4132/6802/2610
f 4189/6879/2610 4132/6802/2610 4186/6876/2610
f 4186/6876/2610 4132/6802/2610 4136/6806/2610
f 4186/6876/2610 4136/6806/2610 4135/6805/2610
f 4090/6755/2610 4091/6756/2610 4188/6878/2610
f 4188/6878/5051 4091/6756/5051 4095/6760/5051
f 4188/6878/5051 4095/6760/5051 4094/6759/5051
f 4094/6759/2610 4113/6783/2610 4188/6878/2610
f 4188/6878/2610 4113/6783/2610 4114/6784/2610
f 4188/6878/2610 4114/6784/2610 4116/6786/2610
f 4116/6786/2610 4119/6789/2610 4188/6878/2610
f 4188/6878/2610 4119/6789/2610 4118/6788/2610
f 4188/6878/2610 4118/6788/2610 4124/6794/2610
f 4127/6797/2610 4189/6879/2610 4125/6795/2610
f 4125/6795/2610 4189/6879/2610 4188/6878/2610
f 4125/6795/2610 4188/6878/2610 4120/6790/2610
f 4033/6685/6079 4034/6686/6079 4036/6688/6079
f 4036/6688/5052 4034/6686/5052 4035/6687/5052
f 4036/6688/6077 4035/6687/6077 4037/6689/6077
f 3907/6527/2610 3881/6487/2610 3905/6525/2610
f 3905/6525/2610 3881/6487/2610 3879/6485/2610
f 3905/6525/5051 3879/6485/5051 3878/6484/5051
f 3878/6484/2610 3897/6506/2610 3905/6525/2610
f 3905/6525/5052 3897/6506/5052 3903/6523/5052
f 3905/6525/2610 3903/6523/2610 3904/6524/2610
f 3932/6556/2610 4319/7045/2610 3933/6557/2610
f 3933/6557/6080 4319/7045/6080 4325/7051/6080
f 3933/6557/2610 4325/7051/2610 3927/6551/2610
f 3927/6551/6078 4325/7051/6078 4324/7050/6078
f 3927/6551/2610 4324/7050/2610 4322/7048/2610
f 4322/7048/2610 4321/7047/2610 3927/6551/2610
f 3927/6551/2610 4321/7047/2610 4326/7052/2610
f 3927/6551/2610 4326/7052/2610 4328/7054/2610
f 3925/6549/6075 3928/6552/6075 4335/7061/6075
f 4335/7061/2610 3928/6552/2610 3927/6551/2610
f 4335/7061/2610 3927/6551/2610 4330/7056/2610
f 4330/7056/2610 3927/6551/2610 4328/7054/2610
f 3930/6554/2610 4054/6709/2610 3932/6556/2610
f 3932/6556/2610 4054/6709/2610 4060/6715/2610
f 3932/6556/2610 4060/6715/2610 4319/7045/2610
f 4319/7045/2610 4060/6715/2610 4059/6714/2610
f 4319/7045/2610 4059/6714/2610 4058/6713/2610
f 4144/6814/2610 4143/6813/2610 4161/6842/2610
f 4161/6842/2610 4143/6813/2610 4141/6811/2610
f 4161/6842/2610 4141/6811/2610 4140/6810/2610
f 4124/6794/2610 4123/6793/2610 4188/6878/2610
f 4188/6878/2610 4123/6793/2610 4121/6791/2610
f 4188/6878/6079 4121/6791/6079 4120/6790/6079
f 4049/6704/2610 4052/6707/2610 3943/6567/2610
f 3943/6567/2610 4052/6707/2610 4051/6706/2610
f 3943/6567/2610 4051/6706/2610 3938/6562/2610
f 3938/6562/2610 4051/6706/2610 4055/6710/2610
f 3938/6562/2610 4055/6710/2610 3936/6560/2610
f 3936/6560/2610 4055/6710/2610 4054/6709/2610
f 3936/6560/2610 4054/6709/2610 3934/6558/2610
f 3934/6558/2610 4054/6709/2610 3929/6553/2610
usemtl Material.003
f 93/3569/3208 95/3570/3208 2217/3571/3208
f 2217/3571/3208 95/3570/3208 73/3572/3208
f 2217/3571/3208 73/3572/3208 75/3573/3208
f 87/3574/3208 89/3575/3208 2217/3571/3208
f 2217/3571/3208 89/3575/3208 91/3576/3208
f 2217/3571/3208 91/3576/3208 93/3569/3208
f 81/3577/3208 83/3578/3208 2217/3571/3208
f 2217/3571/3208 83/3578/3208 85/3579/3208
f 2217/3571/3208 85/3579/3208 87/3574/3208
f 75/3573/3208 77/3580/3208 2217/3571/3208
f 2217/3571/3208 77/3580/3208 79/3581/3208
f 2217/3571/3208 79/3581/3208 81/3577/3208
f 69/3582/3208 71/3583/3208 2218/3584/3208
f 2218/3584/3208 71/3583/3208 49/3585/3208
f 2218/3584/3208 49/3585/3208 51/3586/3208
f 63/3587/3208 65/3588/3208 2218/3584/3208
f 2218/3584/3208 65/3588/3208 67/3589/3208
f 2218/3584/3208 67/3589/3208 69/3582/3208
f 57/3590/3208 59/3591/3208 2218/3584/3208
f 2218/3584/3208 59/3591/3208 61/3592/3208
f 2218/3584/3208 61/3592/3208 63/3587/3208
f 51/3586/3208 53/3593/3208 2218/3584/3208
f 2218/3584/3208 53/3593/3208 55/3594/3208
f 2218/3584/3208 55/3594/3208 57/3590/3208
f 45/3595/3208 47/3596/3208 2219/3597/3208
f 2219/3597/3208 47/3596/3208 25/3598/3208
f 2219/3597/3208 25/3598/3208 27/3599/3208
f 39/3600/3208 41/3601/3208 2219/3597/3208
f 2219/3597/3208 41/3601/3208 43/3602/3208
f 2219/3597/3208 43/3602/3208 45/3595/3208
f 33/3603/3208 35/3604/3208 2219/3597/3208
f 2219/3597/3208 35/3604/3208 37/3605/3208
f 2219/3597/3208 37/3605/3208 39/3600/3208
f 27/3599/3208 29/3606/3208 2219/3597/3208
f 2219/3597/3208 29/3606/3208 31/3607/3208
f 2219/3597/3208 31/3607/3208 33/3603/3208
f 21/3608/3208 23/3609/3208 2220/3610/3208
f 2220/3610/3208 23/3609/3208 1/3611/3208
f 2220/3610/3208 1/3611/3208 3/3612/3208
f 15/3613/3208 17/3614/3208 2220/3610/3208
f 2220/3610/3208 17/3614/3208 19/3615/3208
f 2220/3610/3208 19/3615/3208 21/3608/3208
f 9/3616/3208 11/3617/3208 2220/3610/3208
f 2220/3610/3208 11/3617/3208 13/3618/3208
f 2220/3610/3208 13/3618/3208 15/3613/3208
f 3/3612/3208 5/3619/3208 2220/3610/3208
f 2220/3610/3208 5/3619/3208 7/3620/3208
f 2220/3610/3208 7/3620/3208 9/3616/3208
