# Blender 5.2.0 LTS
# www.blender.org
mtllib sk_hynix.mtl
o AICPU.001
v -0.416664 -0.490467 0.714926
v 0.293009 0.490309 0.049222
v 0.264910 0.490309 0.049222
v -0.299690 0.490875 0.649987
v -0.416664 -0.359617 0.714926
v 0.294007 0.490309 0.000341
v -0.416664 -0.490467 -0.716070
v 0.266740 0.490309 -0.044548
v 0.295669 0.490309 -0.044548
v -0.311505 0.490875 0.648824
v -0.416664 -0.359617 -0.716071
v 0.304315 0.490309 -0.029253
v 0.304559 0.490309 -0.028698
v -0.322865 0.490875 0.645377
v 0.304805 0.490309 -0.028147
v -0.512022 -0.415643 -0.669890
v 0.417284 -0.490467 0.714926
v 0.305053 0.490309 -0.027597
v -0.333335 0.490875 0.639781
v 0.305301 0.490309 -0.027048
v 0.305552 0.490309 -0.026500
v -0.512022 -0.366210 -0.669891
v 0.512642 -0.415643 0.668746
v 0.305804 0.490309 -0.025954
v 0.306057 0.490309 -0.025409
v 0.512642 -0.366210 0.668746
v 0.306313 0.490309 -0.024867
v -0.342513 0.490875 0.632249
v -0.512022 -0.415643 -0.614551
v 0.306568 0.490309 -0.024325
v -0.350044 0.490875 0.623072
v 0.306827 0.490309 -0.023785
v -0.512022 -0.366210 -0.614551
v 0.307086 0.490309 -0.023246
v 0.417284 -0.359617 0.714926
v 0.307347 0.490309 -0.022709
v -0.462252 -0.415643 -0.614551
v 0.307610 0.490309 -0.022172
v -0.355640 0.490875 0.612602
v 0.307873 0.490309 -0.021639
v 0.308139 0.490309 -0.021106
v 0.417284 -0.490467 -0.716070
v 0.308404 0.490309 -0.020574
v 0.512642 -0.415643 0.613406
v -0.359087 0.490875 0.601242
v 0.308673 0.490309 -0.020042
v -0.462252 -0.366210 -0.614551
v 0.308943 0.490309 -0.019510
v 0.309215 0.490309 -0.018978
v 0.417284 -0.359617 -0.716071
v -0.360250 0.490875 0.589427
v 0.309486 0.490309 -0.018446
v -0.462252 -0.415643 -0.669890
v 0.309761 0.490309 -0.017914
v -0.462252 -0.366210 -0.669891
v 0.310036 0.490309 -0.017381
v 0.310313 0.490309 -0.016850
v -0.359087 0.490875 0.577612
v 0.512642 -0.366210 0.613405
v 0.310592 0.490309 -0.016318
v -0.512022 -0.490636 -0.669890
v 0.310873 0.490309 -0.015785
v -0.355640 0.490875 0.566251
v 0.311153 0.490309 -0.015254
v 0.311436 0.490309 -0.014722
v 0.462872 -0.415643 0.613406
v 0.311722 0.490309 -0.014190
v -0.350044 0.490875 0.555781
v -0.512022 -0.490636 -0.614551
v 0.312007 0.490309 -0.013658
v 0.312294 0.490309 -0.013125
v 0.462872 -0.366210 0.613405
v 0.313126 0.490309 -0.013125
v -0.462252 -0.490636 -0.669890
v -0.342513 0.490875 0.546604
v 0.313305 0.490309 -0.013658
v 0.462872 -0.415643 0.668746
v 0.313488 0.490309 -0.014190
v 0.313674 0.490309 -0.014722
v -0.333335 0.490875 0.539073
v 0.313864 0.490309 -0.015254
v 0.462872 -0.366210 0.668746
v 0.314059 0.490309 -0.015785
v -0.462252 -0.490636 -0.614551
v 0.314256 0.490309 -0.016318
v -0.322865 0.490875 0.533477
v 0.314457 0.490309 -0.016850
v 0.512642 -0.490636 0.668746
v 0.512642 -0.490636 0.613406
v 0.314662 0.490309 -0.017381
v 0.314872 0.490309 -0.017914
v -0.311505 0.490875 0.530031
v 0.462872 -0.490636 0.668746
v 0.315084 0.490309 -0.018446
v 0.462872 -0.490636 0.613406
v 0.315300 0.490309 -0.018978
v 0.315521 0.490309 -0.019510
v -0.299690 0.490875 0.528867
v -0.512022 -0.415643 -0.510137
v 0.315743 0.490309 -0.020042
v 0.512642 -0.415643 0.508992
v 0.315970 0.490309 -0.020574
v 0.316201 0.490309 -0.021106
v 0.512642 -0.366210 0.508992
v 0.316434 0.490309 -0.021639
v -0.287875 0.490875 0.530031
v 0.316665 0.490309 -0.022172
v -0.512022 -0.366210 -0.510138
v 0.316896 0.490309 -0.022709
v 0.512642 -0.415643 0.453651
v -0.276515 0.490875 0.533477
v 0.317127 0.490309 -0.023246
v -0.512022 -0.415643 -0.454797
v 0.317357 0.490309 -0.023785
v 0.317585 0.490309 -0.024325
v 0.512642 -0.366210 0.453651
v 0.317812 0.490309 -0.024867
v -0.266045 0.490875 0.539073
v -0.512022 -0.366210 -0.454797
v 0.318041 0.490309 -0.025409
v 0.318266 0.490309 -0.025954
v -0.256867 0.490875 0.546604
v -0.462252 -0.415643 -0.454797
v 0.318492 0.490309 -0.026500
v 0.462872 -0.415643 0.453651
v 0.318717 0.490309 -0.027048
v -0.462252 -0.366210 -0.454797
v 0.318942 0.490309 -0.027597
v -0.249336 0.490875 0.555781
v 0.319165 0.490309 -0.028147
v 0.462872 -0.366210 0.453651
v 0.319387 0.490309 -0.028698
v 0.319611 0.490309 -0.029253
v -0.462252 -0.415643 -0.510137
v 0.326261 0.490309 -0.044548
v -0.243740 0.490875 0.566251
v 0.354192 0.490309 -0.044548
v 0.462872 -0.415643 0.508992
v 0.326926 0.490309 0.003334
v -0.240294 0.490875 0.577612
v 0.356020 0.490309 0.049222
v -0.462252 -0.366210 -0.510138
v 0.327091 0.490309 0.049222
v 0.462872 -0.366210 0.508992
v -0.512022 -0.490636 -0.510137
v 0.317616 0.490309 0.033095
v 0.317306 0.490309 0.032562
v -0.239130 0.490875 0.589427
v 0.316998 0.490309 0.032027
v 0.512642 -0.490636 0.508992
v 0.316694 0.490309 0.031492
v -0.240294 0.490875 0.601242
v -0.512022 -0.490636 -0.454797
v 0.316391 0.490309 0.030954
v 0.512642 -0.490636 0.453651
v 0.316091 0.490309 0.030416
v 0.315793 0.490309 0.029876
v -0.243740 0.490875 0.612602
v -0.462252 -0.490636 -0.510137
v 0.315496 0.490309 0.029335
v 0.462872 -0.490636 0.508992
v 0.315202 0.490309 0.028791
v -0.462252 -0.490636 -0.454797
v 0.314912 0.490309 0.028246
v 0.314622 0.490309 0.027700
v -0.249336 0.490875 0.623072
v 0.314336 0.490309 0.027153
v 0.462872 -0.490636 0.453651
v -0.256867 0.490875 0.632249
v 0.314050 0.490309 0.026604
v 0.313767 0.490309 0.026053
v 0.512642 -0.415643 0.349239
v 0.512642 -0.366210 0.349239
v 0.313488 0.490309 0.025501
v 0.512642 -0.415643 0.293898
v 0.313210 0.490309 0.024948
v -0.266045 0.490875 0.639781
v 0.312931 0.490309 0.024395
v 0.512642 -0.366210 0.293898
v 0.312648 0.490309 0.023845
v -0.512022 -0.415643 -0.350384
v 0.312361 0.490309 0.023298
v -0.276515 0.490875 0.645377
v 0.312072 0.490309 0.022754
v 0.462872 -0.415643 0.293898
v 0.311778 0.490309 0.022214
v -0.512022 -0.366210 -0.350384
v 0.311481 0.490309 0.021677
v 0.311178 0.490309 0.021141
v -0.287875 0.490875 0.648824
v 0.310874 0.490309 0.020609
v 0.462872 -0.366210 0.293898
v 0.310565 0.490309 0.020081
v 0.462872 -0.415643 0.349239
v 0.310253 0.490309 0.019554
v -0.512022 -0.415643 -0.295043
v 0.462872 -0.366210 0.349239
v 0.309937 0.490309 0.019031
v -0.512022 -0.366210 -0.295043
v 0.309618 0.490309 0.018511
v 0.512642 -0.490636 0.349239
v 0.309294 0.490309 0.017993
v 0.308968 0.490309 0.017478
v -0.462252 -0.415643 -0.295043
v -0.462252 -0.366210 -0.295043
v 0.308636 0.490309 0.016967
v 0.307806 0.490309 0.016967
v 0.512642 -0.490636 0.293898
v -0.462252 -0.415643 -0.350384
v 0.307584 0.490309 0.017478
v 0.307359 0.490309 0.017992
v 0.462872 -0.490636 0.349239
v -0.462252 -0.366210 -0.350384
v 0.307133 0.490309 0.018507
v 0.306907 0.490309 0.019024
v 0.462872 -0.490636 0.293898
v 0.306679 0.490309 0.019544
v -0.512022 -0.490636 -0.350384
v 0.306448 0.490309 0.020067
v 0.512642 -0.415643 0.189487
v 0.306217 0.490309 0.020591
v -0.512022 -0.490636 -0.295043
v 0.512642 -0.366210 0.189487
v 0.305984 0.490309 0.021117
v 0.305751 0.490309 0.021646
v -0.462252 -0.490636 -0.350384
v 0.512642 -0.415643 0.134146
v 0.305516 0.490309 0.022177
v -0.462252 -0.490636 -0.295043
v 0.305278 0.490309 0.022711
v 0.512642 -0.366210 0.134146
v 0.305039 0.490309 0.023246
v 0.462872 -0.415643 0.134146
v 0.304799 0.490309 0.023783
v 0.462872 -0.366210 0.134146
v 0.304558 0.490309 0.024323
v 0.304315 0.490309 0.024865
v 0.462872 -0.415643 0.189487
v 0.304070 0.490309 0.025408
v 0.462872 -0.366210 0.189487
v -0.512022 -0.415643 -0.190632
v 0.303823 0.490309 0.025953
v 0.512642 -0.490636 0.189487
v 0.303576 0.490309 0.026497
v 0.512642 -0.490636 0.134146
v 0.303328 0.490309 0.027043
v -0.512022 -0.366210 -0.190632
v 0.303077 0.490309 0.027590
v 0.302824 0.490309 0.028137
v 0.462872 -0.490636 0.189487
v -0.512022 -0.415643 -0.135291
v 0.302572 0.490309 0.028684
v -0.512022 -0.366210 -0.135291
v 0.302316 0.490309 0.029233
v 0.302059 0.490309 0.029782
v 0.462872 -0.490636 0.134146
v 0.512642 -0.415643 0.029732
v 0.301801 0.490309 0.030333
v 0.301543 0.490309 0.030884
v -0.462252 -0.415643 -0.135291
v 0.512642 -0.366210 0.029732
v 0.301281 0.490309 0.031435
v -0.462252 -0.366210 -0.135291
v 0.301019 0.490309 0.031987
v 0.512642 -0.415643 -0.025608
v 0.300756 0.490309 0.032541
v -0.462252 -0.415643 -0.190632
v 0.300490 0.490309 0.033095
v -0.462252 -0.366210 -0.190632
v 0.249782 0.490309 0.049222
v 0.222847 0.490309 0.049222
v 0.512642 -0.366210 -0.025608
v 0.222847 0.490309 -0.044548
v -0.512022 -0.490636 -0.190632
v 0.249782 0.490309 -0.044548
v 0.462872 -0.415643 -0.025608
v -0.512022 -0.490636 -0.135291
v 0.247370 0.490309 -0.062587
v 0.246794 0.490309 -0.062084
v 0.462872 -0.366210 -0.025608
v -0.462252 -0.490636 -0.190632
v 0.246195 0.490309 -0.061615
v 0.245572 0.490309 -0.061181
v 0.462872 -0.415643 0.029732
v -0.462252 -0.490636 -0.135291
v 0.244926 0.490309 -0.060782
v 0.244257 0.490309 -0.060416
v 0.462872 -0.366210 0.029732
v 0.243567 0.490309 -0.060087
v 0.512642 -0.490636 0.029733
v 0.512642 -0.490636 -0.025608
v 0.242852 0.490309 -0.059792
v 0.242115 0.490309 -0.059531
v 0.462872 -0.490636 0.029733
v 0.241355 0.490309 -0.059305
v 0.462872 -0.490636 -0.025608
v 0.240572 0.490309 -0.059114
v 0.512642 -0.415643 -0.130021
v -0.512022 -0.415643 -0.030879
v 0.239767 0.490309 -0.058959
v 0.238937 0.490309 -0.058836
v 0.512642 -0.366210 -0.130021
v -0.512022 -0.366210 -0.030879
v 0.238086 0.490309 -0.058749
v 0.237211 0.490309 -0.058697
v 0.512642 -0.415643 -0.185360
v -0.512022 -0.415643 0.024462
v 0.236315 0.490309 -0.058681
v -0.512022 -0.366210 0.024462
v 0.235395 0.490309 -0.058697
v 0.234503 0.490309 -0.058749
v 0.512642 -0.366210 -0.185360
v 0.233634 0.490309 -0.058836
v 0.462872 -0.415643 -0.185360
v -0.462252 -0.415643 0.024462
v 0.232791 0.490309 -0.058959
v -0.462252 -0.366210 0.024462
v 0.231973 0.490309 -0.059114
v 0.462872 -0.366210 -0.185360
v 0.231180 0.490309 -0.059305
v 0.462872 -0.415643 -0.130021
v 0.230412 0.490309 -0.059531
v -0.462252 -0.415643 -0.030879
v 0.229670 0.490309 -0.059792
v 0.462872 -0.366210 -0.130021
v 0.228952 0.490309 -0.060087
v -0.462252 -0.366210 -0.030879
v 0.228261 0.490309 -0.060416
v 0.512642 -0.490636 -0.130021
v 0.227592 0.490309 -0.060782
v -0.512022 -0.490636 -0.030879
v 0.226950 0.490309 -0.061181
v -0.512022 -0.490636 0.024462
v 0.226333 0.490309 -0.061615
v 0.512642 -0.490636 -0.185360
v 0.225741 0.490309 -0.062084
v 0.225174 0.490309 -0.062587
v 0.462872 -0.490636 -0.130021
v 0.224639 0.490309 -0.063121
v -0.462252 -0.490636 -0.030879
v 0.462872 -0.490636 -0.185360
v 0.224140 0.490309 -0.063678
v 0.223679 0.490309 -0.064260
v -0.462252 -0.490636 0.024462
v 0.512642 -0.415643 -0.289773
v 0.223253 0.490309 -0.064867
v 0.512642 -0.366210 -0.289773
v 0.222866 0.490309 -0.065496
v 0.512642 -0.415643 -0.345113
v 0.222514 0.490309 -0.066152
v 0.222200 0.490309 -0.066832
v 0.512642 -0.366210 -0.345113
v -0.512022 -0.415643 0.128876
v 0.221924 0.490309 -0.067536
v 0.221684 0.490309 -0.068264
v 0.462872 -0.415643 -0.345113
v 0.221481 0.490309 -0.069016
v 0.462872 -0.366210 -0.345113
v -0.512022 -0.366210 0.128876
v 0.221314 0.490309 -0.069793
v 0.221184 0.490309 -0.070595
v 0.462872 -0.415643 -0.289773
v -0.512022 -0.415643 0.184216
v 0.221092 0.490309 -0.071420
v -0.512022 -0.366210 0.184216
v 0.221036 0.490309 -0.072271
v 0.221019 0.490309 -0.073144
v 0.462872 -0.366210 -0.289773
v -0.462252 -0.415643 0.184216
v 0.221036 0.490309 -0.073977
v 0.221092 0.490309 -0.074786
v 0.512642 -0.490636 -0.289773
v 0.221184 0.490309 -0.075576
v -0.462252 -0.366210 0.184216
v 0.221314 0.490309 -0.076343
v 0.512642 -0.490636 -0.345113
v 0.221481 0.490309 -0.077089
v -0.462252 -0.415643 0.128876
v 0.462872 -0.490636 -0.289773
v 0.221684 0.490309 -0.077814
v 0.221924 0.490309 -0.078517
v -0.462252 -0.366210 0.128876
v 0.222200 0.490309 -0.079198
v 0.462872 -0.490636 -0.345113
v 0.222514 0.490309 -0.079859
v 0.512642 -0.415643 -0.449527
v 0.222866 0.490309 -0.080497
v -0.512022 -0.490636 0.128876
v 0.223253 0.490309 -0.081115
v -0.512022 -0.490636 0.184216
v 0.223679 0.490309 -0.081711
v 0.512642 -0.366210 -0.449527
v 0.224140 0.490309 -0.082284
v -0.462252 -0.490636 0.128876
v 0.512642 -0.415643 -0.504866
v 0.224639 0.490309 -0.082839
v 0.512642 -0.366210 -0.504866
v 0.225174 0.490309 -0.083370
v 0.225741 0.490309 -0.083873
v -0.462252 -0.490636 0.184216
v 0.462872 -0.415643 -0.504866
v 0.226333 0.490309 -0.084342
v 0.462872 -0.366210 -0.504866
v 0.226950 0.490309 -0.084777
v 0.227592 0.490309 -0.085176
v 0.462872 -0.415643 -0.449527
v 0.228261 0.490309 -0.085541
v 0.462872 -0.366210 -0.449527
v -0.512022 -0.415643 0.288629
v 0.228952 0.490309 -0.085870
v 0.229670 0.490309 -0.086165
v 0.512642 -0.490636 -0.449527
v 0.230412 0.490309 -0.086426
v 0.512642 -0.490636 -0.504866
v 0.231180 0.490309 -0.086652
v -0.512022 -0.366210 0.288629
v -0.512022 -0.415643 0.343968
v 0.231973 0.490309 -0.086843
v 0.462872 -0.490636 -0.449527
v 0.232791 0.490309 -0.086998
v -0.512022 -0.366210 0.343968
v 0.233634 0.490309 -0.087121
v 0.462872 -0.490636 -0.504866
v 0.234503 0.490309 -0.087208
v 0.512642 -0.415643 -0.609279
v 0.235395 0.490309 -0.087260
v -0.462252 -0.415643 0.343968
v 0.236315 0.490309 -0.087276
v 0.237211 0.490309 -0.087260
v 0.512642 -0.366210 -0.609280
v 0.238086 0.490309 -0.087208
v -0.462252 -0.366210 0.343968
v 0.512642 -0.415643 -0.664620
v 0.238937 0.490309 -0.087121
v -0.462252 -0.415643 0.288629
v 0.239767 0.490309 -0.086998
v 0.240572 0.490309 -0.086843
v 0.512642 -0.366210 -0.664620
v -0.462252 -0.366210 0.288629
v 0.241355 0.490309 -0.086652
v 0.242115 0.490309 -0.086426
v -0.512022 -0.490636 0.288629
v 0.462872 -0.415643 -0.664620
v 0.242852 0.490309 -0.086165
v 0.462872 -0.366210 -0.664620
v 0.243567 0.490309 -0.085870
v 0.244257 0.490309 -0.085541
v -0.512022 -0.490636 0.343968
v 0.244926 0.490309 -0.085176
v -0.462252 -0.490636 0.288629
v 0.245572 0.490309 -0.084777
v 0.462872 -0.415643 -0.609279
v 0.246195 0.490309 -0.084342
v 0.462872 -0.366210 -0.609280
v -0.462252 -0.490636 0.343968
v 0.246794 0.490309 -0.083873
v 0.512642 -0.490636 -0.609279
v 0.247370 0.490309 -0.083370
v 0.512642 -0.490636 -0.664620
v 0.247916 0.490309 -0.082839
v 0.462872 -0.490636 -0.609279
v 0.248425 0.490309 -0.082284
v 0.248897 0.490309 -0.081711
v 0.462872 -0.490636 -0.664620
v 0.249331 0.490309 -0.081115
v 0.417284 -0.366210 -0.130021
v -0.512022 -0.415643 0.448381
v 0.249726 0.490309 -0.080497
v 0.250083 0.490309 -0.079859
v 0.417284 -0.366210 -0.185360
v 0.250405 0.490309 -0.079198
v -0.512022 -0.366210 0.448381
v 0.417284 -0.366210 -0.289773
v 0.250686 0.490309 -0.078517
v 0.250932 0.490309 -0.077814
v -0.512022 -0.415643 0.503722
v 0.251139 0.490309 -0.077089
v 0.417284 -0.415643 -0.449527
v 0.251308 0.490309 -0.076343
v -0.512022 -0.366210 0.503721
v -0.462252 -0.415643 0.503722
v 0.251441 0.490309 -0.075576
v 0.417284 -0.366210 -0.345113
v 0.251534 0.490309 -0.074786
v 0.251591 0.490309 -0.073977
v -0.462252 -0.366210 0.503721
v 0.417284 -0.415643 -0.609279
v 0.251611 0.490309 -0.073144
v -0.462252 -0.415643 0.448381
v 0.251591 0.490309 -0.072271
v 0.251534 0.490309 -0.071420
v 0.417284 -0.366210 -0.504866
v 0.417284 -0.415643 -0.504866
v 0.251441 0.490309 -0.070595
v -0.462252 -0.366210 0.448381
v 0.251308 0.490309 -0.069793
v 0.251139 0.490309 -0.069016
v 0.417284 -0.366210 -0.664620
v -0.512022 -0.490636 0.448381
v 0.250932 0.490309 -0.068264
v 0.250686 0.490309 -0.067536
v 0.417284 -0.415643 -0.664620
v -0.512022 -0.490636 0.503722
v 0.250405 0.490309 -0.066832
v -0.462252 -0.490636 0.448381
v 0.250083 0.490309 -0.066152
v 0.417284 -0.366210 -0.609280
v 0.249726 0.490309 -0.065496
v 0.249331 0.490309 -0.064867
v 0.417284 -0.366210 -0.449527
v 0.248897 0.490309 -0.064260
v -0.462252 -0.490636 0.503722
v 0.417284 -0.366210 0.668746
v 0.248425 0.490309 -0.063678
v 0.417284 -0.415643 0.668746
v 0.247916 0.490309 -0.063121
v 0.417284 -0.415643 0.613406
v 0.141880 0.490309 0.049222
v 0.417284 -0.366210 0.508992
v 0.114945 0.490309 0.049222
v 0.417284 -0.366210 0.613405
v 0.114945 0.490309 -0.044548
v 0.136892 0.490309 -0.044548
v -0.512022 -0.415643 0.608135
v 0.138886 0.490309 -0.032578
v -0.512022 -0.366210 0.608135
v 0.139385 0.490309 -0.032578
v 0.417284 -0.415643 0.508992
v 0.140189 0.490309 -0.033368
v 0.417284 -0.415643 0.349239
v -0.512022 -0.415643 0.663475
v 0.141006 0.490309 -0.034141
v 0.417284 -0.366210 0.453651
v 0.141833 0.490309 -0.034899
v 0.142673 0.490309 -0.035640
v -0.512022 -0.366210 0.663475
v 0.143523 0.490309 -0.036365
v 0.417284 -0.415643 0.453651
v -0.462252 -0.415643 0.663475
v 0.144387 0.490309 -0.037072
v -0.462252 -0.366210 0.663475
v 0.145262 0.490309 -0.037766
v 0.146147 0.490309 -0.038441
v 0.417284 -0.415643 0.293898
v 0.147047 0.490309 -0.039102
v 0.417284 -0.415643 0.189487
v 0.147958 0.490309 -0.039746
v -0.462252 -0.415643 0.608135
v 0.148880 0.490309 -0.040373
v 0.417284 -0.366210 0.293898
v 0.149813 0.490309 -0.040983
v -0.462252 -0.366210 0.608135
v -0.512022 -0.490636 0.608135
v 0.150759 0.490309 -0.041579
v 0.417284 -0.366210 0.349239
v 0.151716 0.490309 -0.042156
v 0.417284 -0.366210 0.189487
v 0.152687 0.490309 -0.042720
v -0.512022 -0.490636 0.663475
v 0.153672 0.490309 -0.043256
v 0.417284 -0.415643 0.134146
v 0.154679 0.490309 -0.043754
v 0.155705 0.490309 -0.044215
v -0.462252 -0.490636 0.608135
v 0.156754 0.490309 -0.044641
v 0.417284 -0.366210 0.134146
v 0.157821 0.490309 -0.045028
v -0.462252 -0.490636 0.663475
v 0.158911 0.490309 -0.045380
v 0.417284 -0.415643 -0.025608
v 0.160021 0.490309 -0.045694
v 0.417284 -0.415643 0.029732
v 0.417284 -0.366210 0.029732
v 0.161151 0.490309 -0.045970
v 0.162302 0.490309 -0.046211
v 0.417284 -0.415643 -0.185360
v 0.163475 0.490309 -0.046415
v 0.417284 -0.415643 -0.130021
v 0.164668 0.490309 -0.046581
v 0.417284 -0.366210 -0.025608
v 0.417284 -0.415643 -0.345113
v 0.165880 0.490309 -0.046710
v 0.417284 -0.415643 -0.289773
v 0.167114 0.490309 -0.046803
v -0.416664 -0.415643 0.663475
v 0.168370 0.490309 -0.046858
v 0.169645 0.490309 -0.046876
v -0.416664 -0.366210 0.663475
v -0.416664 -0.415643 0.503722
v 0.171647 0.490309 -0.046831
v -0.416664 -0.415643 0.608135
v 0.173574 0.490309 -0.046696
v -0.416664 -0.366210 0.503721
v 0.175426 0.490309 -0.046474
v 0.177206 0.490309 -0.046160
v -0.416664 -0.366210 0.608135
v -0.416664 -0.415643 0.448381
v 0.178909 0.490309 -0.045758
v 0.180537 0.490309 -0.045267
v -0.416664 -0.366210 0.343968
v 0.182092 0.490309 -0.044686
v -0.416664 -0.366210 0.448381
v 0.183572 0.490309 -0.044014
v -0.416664 -0.366210 0.184216
v 0.184977 0.490309 -0.043255
v -0.416664 -0.366210 0.288629
v 0.186307 0.490309 -0.042406
v -0.416664 -0.366210 0.128876
v -0.416664 -0.415643 0.343968
v 0.187563 0.490309 -0.041467
v 0.188745 0.490309 -0.040439
v -0.416664 -0.415643 0.288629
v 0.189851 0.490309 -0.039321
v -0.416664 -0.415643 0.184216
v 0.190882 0.490309 -0.038114
v -0.416664 -0.415643 0.128876
v -0.416664 -0.415643 0.024462
v 0.191839 0.490309 -0.036818
v 0.192729 0.490309 -0.035443
v -0.416664 -0.415643 -0.030879
v -0.416664 -0.366210 0.024462
v 0.193558 0.490309 -0.034001
v -0.416664 -0.415643 -0.135291
v 0.194324 0.490309 -0.032491
v 0.195029 0.490309 -0.030915
v -0.416664 -0.415643 -0.190632
v -0.416664 -0.366210 -0.135291
v 0.195673 0.490309 -0.029271
v 0.196255 0.490309 -0.027560
v -0.416664 -0.366210 -0.030879
v 0.196778 0.490309 -0.025782
v -0.416664 -0.415643 -0.295043
v 0.197237 0.490309 -0.023936
v -0.416664 -0.366210 -0.295043
v -0.416664 -0.366210 -0.190632
v 0.197635 0.490309 -0.022023
v -0.416664 -0.415643 -0.454797
v 0.197973 0.490309 -0.020044
v -0.416664 -0.415643 -0.350384
v 0.198250 0.490309 -0.017997
v -0.416664 -0.366210 -0.454797
v 0.198463 0.490309 -0.015882
v -0.416664 -0.366210 -0.350384
v 0.198617 0.490309 -0.013700
v 0.198709 0.490309 -0.011451
v -0.416664 -0.415643 -0.614551
v 0.198740 0.490309 -0.009135
v -0.416664 -0.415643 -0.510137
v 0.198740 0.490309 0.049222
v -0.416664 -0.366210 -0.614551
v -0.416664 -0.366210 -0.510138
v 0.171805 0.490309 0.049222
v -0.416664 -0.366210 -0.669891
v 0.171805 0.490309 -0.005644
v 0.171793 0.490309 -0.007010
v -0.416664 -0.415643 -0.669890
v -0.386753 -0.359696 0.663599
v 0.171755 0.490309 -0.008318
v -0.386753 -0.359696 -0.664744
v 0.171690 0.490309 -0.009568
v 0.387372 -0.359696 -0.664744
v 0.171598 0.490309 -0.010757
v 0.171483 0.490309 -0.011888
v 0.387372 -0.359696 0.663599
v 0.171340 0.490309 -0.012959
v -0.416664 0.443006 -0.716071
v -0.416664 0.392881 -0.716071
v 0.171172 0.490309 -0.013972
v 0.170979 0.490309 -0.014925
v -0.416664 0.443006 0.714925
v 0.170758 0.490309 -0.015819
v -0.416664 0.392881 0.714926
v 0.417284 0.443006 -0.716071
v 0.170512 0.490309 -0.016654
v 0.170242 0.490309 -0.017430
v 0.417284 0.392881 -0.716071
v 0.417284 0.443006 0.714925
v 0.169944 0.490309 -0.018147
v 0.169621 0.490309 -0.018804
v 0.417284 0.392881 0.714926
v -0.386753 0.392960 -0.664744
v 0.169271 0.490309 -0.019403
v -0.386753 0.392960 0.663599
v 0.168896 0.490309 -0.019942
v 0.387372 0.392960 0.663599
v 0.168494 0.490309 -0.020435
v 0.168060 0.490309 -0.020894
v 0.387372 0.392960 -0.664744
v 0.167597 0.490309 -0.021318
v -0.386753 0.342640 -0.664744
v -0.386753 0.342640 0.663599
v 0.167103 0.490309 -0.021709
v 0.166579 0.490309 -0.022067
v 0.387372 0.342640 0.663599
v 0.387372 0.342640 -0.664744
v 0.166023 0.490309 -0.022390
v -0.416664 0.342640 -0.716071
v 0.165438 0.490309 -0.022679
v 0.164824 0.490309 -0.022933
v -0.416664 0.292515 -0.716071
v 0.164177 0.490309 -0.023154
v -0.416664 0.342640 0.714926
v -0.416664 0.292515 0.714926
v 0.163502 0.490309 -0.023341
v 0.162796 0.490309 -0.023494
v 0.417284 0.342640 -0.716071
v 0.162060 0.490309 -0.023613
v 0.417284 0.292515 -0.716071
v 0.161294 0.490309 -0.023698
v 0.417284 0.342640 0.714926
v 0.417284 0.292515 0.714926
v 0.160496 0.490309 -0.023749
v -0.386753 0.292594 -0.664744
v 0.159668 0.490309 -0.023766
v 0.158967 0.490309 -0.023756
v -0.386753 0.292594 0.663599
v 0.158277 0.490309 -0.023723
v 0.387372 0.292594 0.663599
v 0.157600 0.490309 -0.023670
v 0.387372 0.292594 -0.664744
v 0.156938 0.490309 -0.023595
v -0.386753 0.242274 -0.664744
v 0.156288 0.490309 -0.023498
v -0.386753 0.242274 0.663599
v 0.387372 0.242274 0.663599
v 0.155653 0.490309 -0.023380
v 0.155030 0.490309 -0.023241
v 0.387372 0.242274 -0.664744
v 0.154419 0.490309 -0.023080
v -0.416664 0.242274 -0.716071
v 0.153824 0.490309 -0.022898
v -0.416664 0.192149 -0.716071
v -0.416664 0.242274 0.714926
v 0.153240 0.490309 -0.022695
v 0.152670 0.490309 -0.022470
v -0.416664 0.192149 0.714926
v 0.152114 0.490309 -0.022223
v 0.417284 0.242274 -0.716071
v 0.417284 0.192149 -0.716071
v 0.151572 0.490309 -0.021955
v 0.151042 0.490309 -0.021666
v 0.417284 0.242274 0.714926
v 0.150524 0.490309 -0.021354
v 0.417284 0.192149 0.714926
v -0.386753 0.192227 -0.664744
v 0.150011 0.490309 -0.021025
v -0.386753 0.192227 0.663599
v 0.149487 0.490309 -0.020675
v 0.387372 0.192227 0.663599
v 0.148956 0.490309 -0.020308
v 0.387372 0.192227 -0.664744
v 0.148415 0.490309 -0.019922
v 0.147865 0.490309 -0.019517
v -0.386753 0.141908 -0.664744
v -0.386753 0.141908 0.663599
v 0.147305 0.490309 -0.019094
v 0.387372 0.141908 0.663599
v 0.146739 0.490309 -0.018652
v 0.387372 0.141908 -0.664744
v 0.146163 0.490309 -0.018193
v -0.416664 0.141908 -0.716071
v 0.145576 0.490309 -0.017714
v -0.416664 0.091783 -0.716071
v 0.144983 0.490309 -0.017216
v -0.416664 0.141908 0.714926
v 0.144379 0.490309 -0.016701
v 0.143769 0.490309 -0.016168
v -0.416664 0.091782 0.714926
v 0.417284 0.141908 -0.716071
v 0.143147 0.490309 -0.015616
v 0.142518 0.490309 -0.015044
v 0.417284 0.091783 -0.716071
v 0.417284 0.141908 0.714926
v 0.141880 0.490309 -0.014456
v 0.417284 0.091782 0.714926
v 0.045116 0.490309 0.082058
v -0.386753 0.091861 -0.664744
v 0.044125 0.490309 0.082583
v 0.043101 0.490309 0.083071
v -0.386753 0.091861 0.663599
v 0.042044 0.490309 0.083524
v 0.387372 0.091861 0.663599
v 0.040955 0.490309 0.083940
v 0.387372 0.091861 -0.664744
v -0.386753 0.041542 -0.664744
v 0.039834 0.490309 0.084321
v -0.386753 0.041541 0.663599
v 0.038680 0.490309 0.084665
v 0.387372 0.041541 0.663599
v 0.037493 0.490309 0.084972
v 0.387372 0.041542 -0.664744
v 0.036273 0.490309 0.085244
v -0.416664 0.041542 -0.716071
v 0.035022 0.490309 0.085480
v -0.416664 -0.008584 -0.716071
v 0.033737 0.490309 0.085679
v -0.416664 0.041541 0.714926
v 0.032420 0.490309 0.085841
v -0.416664 -0.008584 0.714926
v 0.031070 0.490309 0.085968
v 0.417284 0.041542 -0.716071
v 0.029690 0.490309 0.086060
v 0.417284 -0.008584 -0.716071
v 0.028275 0.490309 0.086113
v 0.026829 0.490309 0.086132
v 0.417284 0.041541 0.714926
v 0.417284 -0.008584 0.714926
v 0.026258 0.490309 0.086129
v 0.025697 0.490309 0.086122
v -0.386753 -0.008505 -0.664744
v -0.386753 -0.008505 0.663599
v 0.025148 0.490309 0.086112
v 0.387372 -0.008505 0.663599
v 0.024611 0.490309 0.086096
v 0.387372 -0.008505 -0.664744
v 0.024085 0.490309 0.086076
v 0.023570 0.490309 0.086051
v -0.386753 -0.058825 -0.664744
v 0.023066 0.490309 0.086022
v -0.386753 -0.058825 0.663599
v 0.022572 0.490309 0.085989
v 0.387372 -0.058825 0.663599
v 0.022089 0.490309 0.085952
v 0.387372 -0.058825 -0.664744
v -0.416664 -0.058825 -0.716071
v 0.021619 0.490309 0.085909
v -0.416664 -0.108950 -0.716071
v 0.021158 0.490309 0.085863
v 0.020710 0.490309 0.085813
v -0.416664 -0.058825 0.714926
v -0.416664 -0.108950 0.714926
v 0.020272 0.490309 0.085757
v 0.417284 -0.058825 -0.716071
v 0.019845 0.490309 0.085696
v 0.417284 -0.108950 -0.716071
v 0.019429 0.490309 0.085633
v 0.417284 -0.058825 0.714926
v 0.019021 0.490309 0.085564
v 0.417284 -0.108950 0.714926
v 0.018614 0.490309 0.085494
v -0.386753 -0.108871 -0.664744
v 0.018209 0.490309 0.085419
v -0.386753 -0.108871 0.663599
v 0.017807 0.490309 0.085343
v 0.017406 0.490309 0.085263
v 0.387372 -0.108871 0.663599
v 0.387372 -0.108871 -0.664744
v 0.017009 0.490309 0.085180
v 0.016613 0.490309 0.085094
v -0.386753 -0.159191 -0.664744
v 0.016219 0.490309 0.085006
v -0.386753 -0.159191 0.663599
v 0.015829 0.490309 0.084914
v 0.387372 -0.159191 0.663599
v 0.015440 0.490309 0.084820
v 0.387372 -0.159191 -0.664744
v -0.416664 -0.159191 -0.716071
v 0.015053 0.490309 0.084722
v 0.014668 0.490309 0.084621
v -0.416664 -0.209316 -0.716071
v -0.416664 -0.159191 0.714926
v 0.014286 0.490309 0.084518
v 0.013906 0.490309 0.084411
v -0.416664 -0.209316 0.714926
v 0.417284 -0.159191 -0.716071
v 0.013527 0.490309 0.084302
v 0.417284 -0.209316 -0.716071
v 0.018516 0.490309 0.063686
v 0.417284 -0.159191 0.714926
v 0.018693 0.490309 0.063710
v 0.417284 -0.209316 0.714926
v 0.018876 0.490309 0.063736
v -0.386753 -0.209237 -0.664744
v 0.019061 0.490309 0.063766
v -0.386753 -0.209237 0.663599
v 0.019248 0.490309 0.063798
v 0.019439 0.490309 0.063834
v 0.387372 -0.209237 0.663599
v 0.019633 0.490309 0.063873
v 0.387372 -0.209237 -0.664744
v 0.019830 0.490309 0.063915
v -0.386753 -0.259557 -0.664744
v 0.020029 0.490309 0.063958
v -0.386753 -0.259557 0.663599
v 0.020231 0.490309 0.064005
v 0.387372 -0.259557 0.663599
v 0.020437 0.490309 0.064056
v 0.387372 -0.259557 -0.664744
v -0.416664 -0.259557 -0.716071
v 0.020644 0.490309 0.064110
v -0.416664 -0.309682 -0.716071
v 0.020856 0.490309 0.064165
v -0.416664 -0.259557 0.714926
v 0.021070 0.490309 0.064224
v -0.416664 -0.309682 0.714926
v 0.021287 0.490309 0.064286
v 0.417284 -0.259557 -0.716071
v 0.021508 0.490309 0.064352
v 0.021729 0.490309 0.064415
v 0.417284 -0.309682 -0.716071
v 0.417284 -0.259557 0.714926
v 0.021951 0.490309 0.064475
v 0.417284 -0.309682 0.714926
v 0.022172 0.490309 0.064530
v -0.386753 -0.309604 -0.664744
v 0.022394 0.490309 0.064582
v -0.386753 -0.309604 0.663599
v 0.022616 0.490309 0.064628
v 0.387372 -0.309604 0.663599
v 0.022837 0.490309 0.064671
v 0.023060 0.490309 0.064708
v 0.387372 -0.309604 -0.664744
v -0.386753 -0.359923 -0.664744
v 0.023282 0.490309 0.064741
v -0.386753 -0.359923 0.663599
v 0.023503 0.490309 0.064770
v 0.387372 -0.359923 0.663599
v 0.023725 0.490309 0.064795
v 0.023947 0.490309 0.064815
v 0.387372 -0.359923 -0.664744
v 0.024168 0.490309 0.064831
v -0.355640 0.443006 0.612602
v -0.350044 0.443006 0.623072
v 0.024390 0.490309 0.064841
v 0.024611 0.490309 0.064848
v -0.322865 0.443006 0.645377
v -0.333335 0.443006 0.639781
v 0.024832 0.490309 0.064851
v 0.025750 0.490309 0.064834
v -0.342513 0.443006 0.632249
v -0.287875 0.443006 0.648824
v 0.026640 0.490309 0.064786
v 0.027503 0.490309 0.064707
v -0.287875 0.443006 0.530031
v -0.299690 0.443006 0.649987
v 0.028338 0.490309 0.064596
v 0.029146 0.490309 0.064453
v -0.299690 0.443006 0.528867
v -0.276515 0.443006 0.645377
v 0.029927 0.490309 0.064278
v -0.311505 0.443006 0.648824
v 0.030680 0.490309 0.064071
v -0.266045 0.443006 0.539073
v 0.031406 0.490309 0.063833
v -0.256867 0.443006 0.632249
v 0.032105 0.490309 0.063563
v 0.032777 0.490309 0.063261
v -0.266045 0.443006 0.639781
v -0.256867 0.443006 0.546604
v 0.033421 0.490309 0.062928
v -0.243740 0.443006 0.612602
v 0.034038 0.490309 0.062562
v -0.243740 0.443006 0.566251
v 0.034626 0.490309 0.062165
v -0.239130 0.443006 0.589427
v 0.035188 0.490309 0.061736
v -0.240294 0.443006 0.601242
v 0.035722 0.490309 0.061275
v -0.240294 0.443006 0.577612
v 0.036234 0.490309 0.060791
v -0.249336 0.443006 0.623072
v 0.036727 0.490309 0.060286
v 0.037203 0.490309 0.059762
v -0.249336 0.443006 0.555781
v -0.276515 0.443006 0.533477
v 0.037658 0.490309 0.059221
v -0.360250 0.443006 0.589427
v 0.038096 0.490309 0.058661
v 0.038517 0.490309 0.058083
v -0.359087 0.443006 0.601242
v 0.038917 0.490309 0.057487
v -0.359087 0.443006 0.577612
v 0.039299 0.490309 0.056871
v -0.355640 0.443006 0.566251
v -0.350044 0.443006 0.555781
v 0.039664 0.490309 0.056237
v -0.342513 0.443006 0.546604
v 0.040009 0.490309 0.055587
v 0.040335 0.490309 0.054915
v -0.322865 0.443006 0.533477
v 0.040644 0.490309 0.054226
v -0.311505 0.443006 0.530031
v 0.040935 0.490309 0.053518
v -0.333335 0.443006 0.539073
v 0.041205 0.490309 0.052793
v 0.041459 0.490309 0.052048
v 0.042955 0.490309 0.046895
v 0.006711 0.490309 -0.044548
v 0.033978 0.490309 -0.044548
v 0.047611 0.490309 -0.003483
v 0.047896 0.490309 -0.002617
v 0.048179 0.490309 -0.001750
v 0.048459 0.490309 -0.000881
v 0.048733 0.490309 -0.000011
v 0.049006 0.490309 0.000859
v 0.049273 0.490309 0.001731
v 0.049537 0.490309 0.002605
v 0.049798 0.490309 0.003481
v 0.050055 0.490309 0.004358
v 0.050308 0.490309 0.005238
v 0.050556 0.490309 0.006117
v 0.050802 0.490309 0.006999
v 0.051044 0.490309 0.007881
v 0.051282 0.490309 0.008766
v 0.051517 0.490309 0.009652
v 0.051752 0.490309 0.010539
v 0.051987 0.490309 0.011428
v 0.052226 0.490309 0.012320
v 0.052466 0.490309 0.013211
v 0.052710 0.490309 0.014104
v 0.052953 0.490309 0.014999
v 0.053201 0.490309 0.015895
v 0.053451 0.490309 0.016793
v 0.053703 0.490309 0.017693
v 0.053957 0.490309 0.018594
v 0.054213 0.490309 0.019495
v 0.054471 0.490309 0.020400
v 0.054730 0.490309 0.021304
v 0.054993 0.490309 0.022212
v 0.055259 0.490309 0.023119
v 0.056089 0.490309 0.023119
v 0.056268 0.490309 0.022232
v 0.056451 0.490309 0.021345
v 0.056634 0.490309 0.020459
v 0.056823 0.490309 0.019572
v 0.057014 0.490309 0.018686
v 0.057206 0.490309 0.017799
v 0.057404 0.490309 0.016912
v 0.057602 0.490309 0.016026
v 0.057806 0.490309 0.015138
v 0.058011 0.490309 0.014252
v 0.058219 0.490309 0.013365
v 0.058430 0.490309 0.012478
v 0.058645 0.490309 0.011592
v 0.058862 0.490309 0.010705
v 0.059083 0.490309 0.009819
v 0.059304 0.490309 0.008931
v 0.059525 0.490309 0.008045
v 0.059747 0.490309 0.007158
v 0.059968 0.490309 0.006271
v 0.060190 0.490309 0.005384
v 0.060412 0.490309 0.004498
v 0.060635 0.490309 0.003612
v 0.060855 0.490309 0.002724
v 0.061078 0.490309 0.001838
v 0.061300 0.490309 0.000951
v 0.061521 0.490309 0.000064
v 0.061743 0.490309 -0.000823
v 0.061965 0.490309 -0.001709
v 0.062186 0.490309 -0.002595
v 0.062407 0.490309 -0.003483
v 0.074378 0.490309 -0.044548
v 0.100148 0.490309 -0.044548
v 0.067395 0.490309 0.050719
v 0.066814 0.490309 0.052253
v 0.066225 0.490309 0.053753
v 0.065626 0.490309 0.055220
v 0.065018 0.490309 0.056653
v 0.064403 0.490309 0.058053
v 0.063777 0.490309 0.059417
v 0.063143 0.490309 0.060747
v 0.062500 0.490309 0.062044
v 0.061848 0.490309 0.063307
v 0.061188 0.490309 0.064537
v 0.060519 0.490309 0.065731
v 0.059840 0.490309 0.066891
v 0.059154 0.490309 0.068018
v 0.058458 0.490309 0.069111
v 0.057753 0.490309 0.070170
v 0.057034 0.490309 0.071195
v 0.056298 0.490309 0.072187
v 0.055545 0.490309 0.073146
v 0.054772 0.490309 0.074072
v 0.053983 0.490309 0.074964
v 0.053176 0.490309 0.075824
v 0.052352 0.490309 0.076649
v 0.051509 0.490309 0.077441
v 0.050649 0.490309 0.078201
v 0.049772 0.490309 0.078927
v 0.048877 0.490309 0.079619
v 0.047962 0.490309 0.080279
v 0.047031 0.490309 0.080905
v 0.046082 0.490309 0.081498
v -0.063950 0.490309 0.049222
v -0.090883 0.490309 0.049222
v -0.090883 0.490309 -0.083453
v -0.063950 0.490309 -0.083453
v -0.063950 0.490309 -0.050867
v -0.065279 0.490309 -0.033742
v -0.064563 0.490309 -0.034403
v -0.063829 0.490309 -0.035054
v -0.063082 0.490309 -0.035700
v -0.062318 0.490309 -0.036336
v -0.061538 0.490309 -0.036965
v -0.060744 0.490309 -0.037585
v -0.059933 0.490309 -0.038198
v -0.059108 0.490309 -0.038801
v -0.058266 0.490309 -0.039398
v -0.057410 0.490309 -0.039986
v -0.056537 0.490309 -0.040565
v -0.055650 0.490309 -0.041137
v -0.054746 0.490309 -0.041700
v -0.053828 0.490309 -0.042256
v -0.052893 0.490309 -0.042803
v -0.051939 0.490309 -0.043328
v -0.050962 0.490309 -0.043817
v -0.049963 0.490309 -0.044269
v -0.048942 0.490309 -0.044686
v -0.047896 0.490309 -0.045066
v -0.046829 0.490309 -0.045409
v -0.045738 0.490309 -0.045717
v -0.044622 0.490309 -0.045989
v -0.043487 0.490309 -0.046224
v -0.042326 0.490309 -0.046423
v -0.041143 0.490309 -0.046586
v -0.039938 0.490309 -0.046713
v -0.038709 0.490309 -0.046804
v -0.037458 0.490309 -0.046858
v -0.036185 0.490309 -0.046876
v -0.034182 0.490309 -0.046831
v -0.032254 0.490309 -0.046696
v -0.030401 0.490309 -0.046474
v -0.028624 0.490309 -0.046160
v -0.026920 0.490309 -0.045758
v -0.025290 0.490309 -0.045267
v -0.023736 0.490309 -0.044686
v -0.022257 0.490309 -0.044014
v -0.020852 0.490309 -0.043255
v -0.019521 0.490309 -0.042406
v -0.018265 0.490309 -0.041467
v -0.017085 0.490309 -0.040439
v -0.015978 0.490309 -0.039321
v -0.014946 0.490309 -0.038114
v -0.013988 0.490309 -0.036818
v -0.013099 0.490309 -0.035443
v -0.012271 0.490309 -0.034001
v -0.011504 0.490309 -0.032491
v -0.010799 0.490309 -0.030915
v -0.010155 0.490309 -0.029271
v -0.009573 0.490309 -0.027560
v -0.009052 0.490309 -0.025782
v -0.008591 0.490309 -0.023936
v -0.008193 0.490309 -0.022023
v -0.007855 0.490309 -0.020044
v -0.007580 0.490309 -0.017997
v -0.007365 0.490309 -0.015882
v -0.007211 0.490309 -0.013700
v -0.007119 0.490309 -0.011451
v -0.007088 0.490309 -0.009135
v -0.007088 0.490309 0.049222
v -0.034023 0.490309 0.049222
v -0.034023 0.490309 -0.005644
v -0.034035 0.490309 -0.007010
v -0.034075 0.490309 -0.008318
v -0.034139 0.490309 -0.009568
v -0.034230 0.490309 -0.010757
v -0.034345 0.490309 -0.011888
v -0.034488 0.490309 -0.012959
v -0.034657 0.490309 -0.013972
v -0.034851 0.490309 -0.014925
v -0.035070 0.490309 -0.015819
v -0.035316 0.490309 -0.016654
v -0.035588 0.490309 -0.017430
v -0.035885 0.490309 -0.018147
v -0.036208 0.490309 -0.018804
v -0.036557 0.490309 -0.019403
v -0.036932 0.490309 -0.019942
v -0.037335 0.490309 -0.020435
v -0.037769 0.490309 -0.020894
v -0.038233 0.490309 -0.021318
v -0.038727 0.490309 -0.021709
v -0.039251 0.490309 -0.022067
v -0.039805 0.490309 -0.022390
v -0.040390 0.490309 -0.022679
v -0.041006 0.490309 -0.022933
v -0.041651 0.490309 -0.023154
v -0.042326 0.490309 -0.023341
v -0.043032 0.490309 -0.023494
v -0.043768 0.490309 -0.023613
v -0.044535 0.490309 -0.023698
v -0.045332 0.490309 -0.023749
v -0.046160 0.490309 -0.023766
v -0.046863 0.490309 -0.023756
v -0.047551 0.490309 -0.023723
v -0.048228 0.490309 -0.023670
v -0.048891 0.490309 -0.023595
v -0.049541 0.490309 -0.023498
v -0.050177 0.490309 -0.023380
v -0.050800 0.490309 -0.023241
v -0.051409 0.490309 -0.023080
v -0.052006 0.490309 -0.022898
v -0.052588 0.490309 -0.022695
v -0.053159 0.490309 -0.022470
v -0.053715 0.490309 -0.022223
v -0.054257 0.490309 -0.021955
v -0.054787 0.490309 -0.021666
v -0.055304 0.490309 -0.021354
v -0.055819 0.490309 -0.021025
v -0.056341 0.490309 -0.020675
v -0.056874 0.490309 -0.020308
v -0.057415 0.490309 -0.019922
v -0.057965 0.490309 -0.019517
v -0.058522 0.490309 -0.019094
v -0.059091 0.490309 -0.018652
v -0.059666 0.490309 -0.018193
v -0.060251 0.490309 -0.017714
v -0.060846 0.490309 -0.017216
v -0.061449 0.490309 -0.016701
v -0.062061 0.490309 -0.016168
v -0.062681 0.490309 -0.015616
v -0.063310 0.490309 -0.015044
v -0.063950 0.490309 -0.014456
v -0.215411 0.490309 0.049222
v -0.242512 0.490309 0.049222
v -0.242512 0.490309 -0.074309
v -0.215411 0.490309 -0.074309
v -0.215411 0.490309 -0.023101
v -0.214912 0.490309 -0.023101
v -0.177006 0.490309 -0.074309
v -0.147079 0.490309 -0.074309
v -0.184654 0.490309 -0.025263
v -0.140429 0.490309 0.049222
v -0.170022 0.490309 0.049222
v -0.200614 0.490309 -0.003814
v -0.215411 0.490309 0.015637
v -0.284991 0.490309 0.046313
v -0.286395 0.490309 0.046987
v -0.287833 0.490309 0.047615
v -0.289310 0.490309 0.048197
v -0.290823 0.490309 0.048733
v -0.292371 0.490309 0.049222
v -0.293956 0.490309 0.049664
v -0.295577 0.490309 0.050060
v -0.297234 0.490309 0.050410
v -0.298927 0.490309 0.050711
v -0.300656 0.490309 0.050967
v -0.302422 0.490309 0.051177
v -0.304224 0.490309 0.051341
v -0.306062 0.490309 0.051456
v -0.307935 0.490309 0.051527
v -0.309846 0.490309 0.051549
v -0.311486 0.490309 0.051529
v -0.313122 0.490309 0.051468
v -0.314754 0.490309 0.051367
v -0.316385 0.490309 0.051224
v -0.318012 0.490309 0.051041
v -0.319635 0.490309 0.050818
v -0.321256 0.490309 0.050554
v -0.322875 0.490309 0.050250
v -0.324491 0.490309 0.049903
v -0.326102 0.490309 0.049517
v -0.327713 0.490309 0.049090
v -0.329319 0.490309 0.048624
v -0.330921 0.490309 0.048115
v -0.332522 0.490309 0.047566
v -0.334121 0.490309 0.046977
v -0.335705 0.490309 0.046349
v -0.337265 0.490309 0.045685
v -0.338802 0.490309 0.044985
v -0.340316 0.490309 0.044249
v -0.341805 0.490309 0.043476
v -0.343271 0.490309 0.042668
v -0.344713 0.490309 0.041822
v -0.346133 0.490309 0.040941
v -0.347528 0.490309 0.040024
v -0.348898 0.490309 0.039072
v -0.350246 0.490309 0.038081
v -0.351571 0.490309 0.037055
v -0.352871 0.490309 0.035992
v -0.354147 0.490309 0.034894
v -0.355402 0.490309 0.033761
v -0.339940 0.490309 0.014972
v -0.339067 0.490309 0.015759
v -0.338178 0.490309 0.016525
v -0.337276 0.490309 0.017271
v -0.336356 0.490309 0.017993
v -0.335423 0.490309 0.018694
v -0.334472 0.490309 0.019376
v -0.333508 0.490309 0.020033
v -0.332526 0.490309 0.020671
v -0.331530 0.490309 0.021287
v -0.330518 0.490309 0.021882
v -0.329490 0.490309 0.022454
v -0.328448 0.490309 0.023006
v -0.327389 0.490309 0.023536
v -0.326314 0.490309 0.024045
v -0.325226 0.490309 0.024533
v -0.324131 0.490309 0.024993
v -0.323040 0.490309 0.025423
v -0.321956 0.490309 0.025820
v -0.320878 0.490309 0.026185
v -0.319803 0.490309 0.026518
v -0.318734 0.490309 0.026820
v -0.317671 0.490309 0.027091
v -0.316612 0.490309 0.027328
v -0.315558 0.490309 0.027535
v -0.314511 0.490309 0.027709
v -0.313468 0.490309 0.027852
v -0.312429 0.490309 0.027964
v -0.311398 0.490309 0.028043
v -0.310369 0.490309 0.028091
v -0.309347 0.490309 0.028106
v -0.308171 0.490309 0.028091
v -0.307034 0.490309 0.028046
v -0.305939 0.490309 0.027971
v -0.304884 0.490309 0.027864
v -0.303870 0.490309 0.027729
v -0.302896 0.490309 0.027561
v -0.301964 0.490309 0.027365
v -0.301071 0.490309 0.027137
v -0.300220 0.490309 0.026880
v -0.299408 0.490309 0.026592
v -0.298639 0.490309 0.026274
v -0.297909 0.490309 0.025925
v -0.297220 0.490309 0.025547
v -0.296571 0.490309 0.025138
v -0.295964 0.490309 0.024698
v -0.295396 0.490309 0.024234
v -0.294868 0.490309 0.023749
v -0.294378 0.490309 0.023246
v -0.293927 0.490309 0.022721
v -0.293515 0.490309 0.022177
v -0.293144 0.490309 0.021613
v -0.292810 0.490309 0.021029
v -0.292517 0.490309 0.020424
v -0.292263 0.490309 0.019800
v -0.292048 0.490309 0.019156
v -0.291872 0.490309 0.018492
v -0.291734 0.490309 0.017808
v -0.291636 0.490309 0.017106
v -0.291578 0.490309 0.016381
v -0.291558 0.490309 0.015637
v -0.291568 0.490309 0.015090
v -0.291598 0.490309 0.014559
v -0.291647 0.490309 0.014041
v -0.291718 0.490309 0.013540
v -0.291807 0.490309 0.013051
v -0.291917 0.490309 0.012578
v -0.292047 0.490309 0.012120
v -0.292197 0.490309 0.011677
v -0.292366 0.490309 0.011248
v -0.292556 0.490309 0.010834
v -0.292764 0.490309 0.010435
v -0.292994 0.490309 0.010051
v -0.293243 0.490309 0.009681
v -0.293514 0.490309 0.009327
v -0.293802 0.490309 0.008987
v -0.294110 0.490309 0.008657
v -0.294431 0.490309 0.008331
v -0.294770 0.490309 0.008009
v -0.295124 0.490309 0.007693
v -0.295492 0.490309 0.007380
v -0.295877 0.490309 0.007072
v -0.296278 0.490309 0.006768
v -0.296693 0.490309 0.006469
v -0.297124 0.490309 0.006175
v -0.297570 0.490309 0.005883
v -0.298033 0.490309 0.005597
v -0.298511 0.490309 0.005316
v -0.299004 0.490309 0.005039
v -0.299512 0.490309 0.004766
v -0.300036 0.490309 0.004498
v -0.300575 0.490309 0.004231
v -0.301127 0.490309 0.003963
v -0.301692 0.490309 0.003694
v -0.302272 0.490309 0.003422
v -0.302864 0.490309 0.003149
v -0.303468 0.490309 0.002876
v -0.304086 0.490309 0.002599
v -0.304718 0.490309 0.002322
v -0.305363 0.490309 0.002044
v -0.306022 0.490309 0.001764
v -0.306695 0.490309 0.001482
v -0.307379 0.490309 0.001199
v -0.308078 0.490309 0.000915
v -0.308789 0.490309 0.000629
v -0.309514 0.490309 0.000341
v -0.325640 0.490309 -0.006475
v -0.326480 0.490309 -0.006838
v -0.327316 0.490309 -0.007216
v -0.328145 0.490309 -0.007609
v -0.328969 0.490309 -0.008018
v -0.329788 0.490309 -0.008443
v -0.330601 0.490309 -0.008883
v -0.331410 0.490309 -0.009337
v -0.332215 0.490309 -0.009809
v -0.333013 0.490309 -0.010296
v -0.333807 0.490309 -0.010798
v -0.334594 0.490309 -0.011316
v -0.335377 0.490309 -0.011848
v -0.336154 0.490309 -0.012398
v -0.336927 0.490309 -0.012960
v -0.337694 0.490309 -0.013541
v -0.338449 0.490309 -0.014138
v -0.339185 0.490309 -0.014755
v -0.339902 0.490309 -0.015389
v -0.340600 0.490309 -0.016045
v -0.341279 0.490309 -0.016719
v -0.341938 0.490309 -0.017412
v -0.342577 0.490309 -0.018124
v -0.343199 0.490309 -0.018856
v -0.343800 0.490309 -0.019606
v -0.344383 0.490309 -0.020376
v -0.344944 0.490309 -0.021165
v -0.345489 0.490309 -0.021974
v -0.346014 0.490309 -0.022800
v -0.346519 0.490309 -0.023648
v -0.347006 0.490309 -0.024514
v -0.347466 0.490309 -0.025399
v -0.347894 0.490309 -0.026305
v -0.348291 0.490309 -0.027231
v -0.348658 0.490309 -0.028177
v -0.348990 0.490309 -0.029141
v -0.349293 0.490309 -0.030127
v -0.349562 0.490309 -0.031132
v -0.349802 0.490309 -0.032157
v -0.350008 0.490309 -0.033203
v -0.350183 0.490309 -0.034267
v -0.350326 0.490309 -0.035353
v -0.350436 0.490309 -0.036458
v -0.350517 0.490309 -0.037584
v -0.350564 0.490309 -0.038728
v -0.350580 0.490309 -0.039892
v -0.350554 0.490309 -0.041259
v -0.350481 0.490309 -0.042607
v -0.350357 0.490309 -0.043937
v -0.350183 0.490309 -0.045249
v -0.349961 0.490309 -0.046544
v -0.349689 0.490309 -0.047821
v -0.349366 0.490309 -0.049080
v -0.348995 0.490309 -0.050321
v -0.348574 0.490309 -0.051544
v -0.348104 0.490309 -0.052751
v -0.347584 0.490309 -0.053939
v -0.347016 0.490309 -0.055109
v -0.346396 0.490309 -0.056262
v -0.345727 0.490309 -0.057397
v -0.345011 0.490309 -0.058514
v -0.344249 0.490309 -0.059607
v -0.343447 0.490309 -0.060669
v -0.342609 0.490309 -0.061700
v -0.341733 0.490309 -0.062700
v -0.340816 0.490309 -0.063668
v -0.339863 0.490309 -0.064606
v -0.338871 0.490309 -0.065513
v -0.337840 0.490309 -0.066388
v -0.336771 0.490309 -0.067233
v -0.335663 0.490309 -0.068046
v -0.334517 0.490309 -0.068829
v -0.333333 0.490309 -0.069580
v -0.332108 0.490309 -0.070301
v -0.330848 0.490309 -0.070990
v -0.329547 0.490309 -0.071649
v -0.328217 0.490309 -0.072269
v -0.326859 0.490309 -0.072849
v -0.325475 0.490309 -0.073385
v -0.324064 0.490309 -0.073878
v -0.322629 0.490309 -0.074327
v -0.321168 0.490309 -0.074734
v -0.319681 0.490309 -0.075099
v -0.318168 0.490309 -0.075419
v -0.316629 0.490309 -0.075699
v -0.315064 0.490309 -0.075933
v -0.313474 0.490309 -0.076128
v -0.311857 0.490309 -0.076277
v -0.310215 0.490309 -0.076384
v -0.308547 0.490309 -0.076448
v -0.306854 0.490309 -0.076469
v -0.305414 0.490309 -0.076452
v -0.303979 0.490309 -0.076398
v -0.302547 0.490309 -0.076307
v -0.301120 0.490309 -0.076180
v -0.299695 0.490309 -0.076018
v -0.298275 0.490309 -0.075818
v -0.296858 0.490309 -0.075583
v -0.295444 0.490309 -0.075311
v -0.294034 0.490309 -0.075004
v -0.292629 0.490309 -0.074660
v -0.291228 0.490309 -0.074280
v -0.289829 0.490309 -0.073863
v -0.288435 0.490309 -0.073411
v -0.287043 0.490309 -0.072922
v -0.285655 0.490309 -0.072397
v -0.284281 0.490309 -0.071836
v -0.282931 0.490309 -0.071240
v -0.281603 0.490309 -0.070611
v -0.280297 0.490309 -0.069947
v -0.279015 0.490309 -0.069247
v -0.277755 0.490309 -0.068512
v -0.276519 0.490309 -0.067744
v -0.275305 0.490309 -0.066941
v -0.274113 0.490309 -0.066102
v -0.272945 0.490309 -0.065228
v -0.271801 0.490309 -0.064322
v -0.270679 0.490309 -0.063379
v -0.269579 0.490309 -0.062402
v -0.268503 0.490309 -0.061389
v -0.267451 0.490309 -0.060343
v -0.281084 0.490309 -0.043385
v -0.281883 0.490309 -0.043996
v -0.282682 0.490309 -0.044589
v -0.283484 0.490309 -0.045164
v -0.284287 0.490309 -0.045720
v -0.285093 0.490309 -0.046257
v -0.285898 0.490309 -0.046777
v -0.286705 0.490309 -0.047277
v -0.287515 0.490309 -0.047759
v -0.288326 0.490309 -0.048223
v -0.289138 0.490309 -0.048667
v -0.289952 0.490309 -0.049094
v -0.290766 0.490309 -0.049503
v -0.291583 0.490309 -0.049892
v -0.292401 0.490309 -0.050264
v -0.293221 0.490309 -0.050617
v -0.294046 0.490309 -0.050949
v -0.294884 0.490309 -0.051259
v -0.295734 0.490309 -0.051544
v -0.296596 0.490309 -0.051808
v -0.297470 0.490309 -0.052048
v -0.298354 0.490309 -0.052266
v -0.299252 0.490309 -0.052460
v -0.300160 0.490309 -0.052633
v -0.301080 0.490309 -0.052782
v -0.302013 0.490309 -0.052908
v -0.302958 0.490309 -0.053011
v -0.303915 0.490309 -0.053091
v -0.304883 0.490309 -0.053148
v -0.305861 0.490309 -0.053183
v -0.306854 0.490309 -0.053194
v -0.307837 0.490309 -0.053180
v -0.308793 0.490309 -0.053139
v -0.309720 0.490309 -0.053071
v -0.310620 0.490309 -0.052974
v -0.311491 0.490309 -0.052851
v -0.312334 0.490309 -0.052702
v -0.313148 0.490309 -0.052524
v -0.313936 0.490309 -0.052319
v -0.314694 0.490309 -0.052087
v -0.315425 0.490309 -0.051827
v -0.316128 0.490309 -0.051539
v -0.316803 0.490309 -0.051225
v -0.317450 0.490309 -0.050884
v -0.318068 0.490309 -0.050514
v -0.318657 0.490309 -0.050118
v -0.319216 0.490309 -0.049698
v -0.319734 0.490309 -0.049258
v -0.320215 0.490309 -0.048798
v -0.320657 0.490309 -0.048317
v -0.321059 0.490309 -0.047818
v -0.321424 0.490309 -0.047298
v -0.321752 0.490309 -0.046759
v -0.322040 0.490309 -0.046199
v -0.322289 0.490309 -0.045619
v -0.322500 0.490309 -0.045020
v -0.322674 0.490309 -0.044400
v -0.322808 0.490309 -0.043761
v -0.322903 0.490309 -0.043101
v -0.322962 0.490309 -0.042422
v -0.322980 0.490309 -0.041722
v -0.322969 0.490309 -0.041197
v -0.322937 0.490309 -0.040683
v -0.322881 0.490309 -0.040183
v -0.322803 0.490309 -0.039695
v -0.322704 0.490309 -0.039218
v -0.322582 0.490309 -0.038756
v -0.322438 0.490309 -0.038306
v -0.322272 0.490309 -0.037868
v -0.322083 0.490309 -0.037442
v -0.321872 0.490309 -0.037030
v -0.321640 0.490309 -0.036629
v -0.321384 0.490309 -0.036242
v -0.321107 0.490309 -0.035867
v -0.320808 0.490309 -0.035505
v -0.320487 0.490309 -0.035155
v -0.320147 0.490309 -0.034814
v -0.319791 0.490309 -0.034478
v -0.319420 0.490309 -0.034151
v -0.319032 0.490309 -0.033828
v -0.318630 0.490309 -0.033510
v -0.318213 0.490309 -0.033200
v -0.317780 0.490309 -0.032893
v -0.317331 0.490309 -0.032594
v -0.316865 0.490309 -0.032301
v -0.316386 0.490309 -0.032014
v -0.315891 0.490309 -0.031733
v -0.315380 0.490309 -0.031457
v -0.314852 0.490309 -0.031188
v -0.314311 0.490309 -0.030924
v -0.313754 0.490309 -0.030666
v -0.313183 0.490309 -0.030410
v -0.312601 0.490309 -0.030152
v -0.312007 0.490309 -0.029891
v -0.311404 0.490309 -0.029629
v -0.310788 0.490309 -0.029364
v -0.310163 0.490309 -0.029096
v -0.309525 0.490309 -0.028827
v -0.308877 0.490309 -0.028556
v -0.308217 0.490309 -0.028281
v -0.307547 0.490309 -0.028006
v -0.306865 0.490309 -0.027728
v -0.306171 0.490309 -0.027447
v -0.305469 0.490309 -0.027164
v -0.304754 0.490309 -0.026880
v -0.304028 0.490309 -0.026592
v -0.288233 0.490309 -0.020108
v -0.287244 0.490309 -0.019702
v -0.286273 0.490309 -0.019283
v -0.285320 0.490309 -0.018848
v -0.284384 0.490309 -0.018400
v -0.283467 0.490309 -0.017937
v -0.282567 0.490309 -0.017462
v -0.281684 0.490309 -0.016971
v -0.280819 0.490309 -0.016467
v -0.279973 0.490309 -0.015949
v -0.279144 0.490309 -0.015415
v -0.278332 0.490309 -0.014869
v -0.277539 0.490309 -0.014308
v -0.276762 0.490309 -0.013735
v -0.276005 0.490309 -0.013145
v -0.275265 0.490309 -0.012543
v -0.274544 0.490309 -0.011925
v -0.273845 0.490309 -0.011292
v -0.273170 0.490309 -0.010644
v -0.272516 0.490309 -0.009980
v -0.271883 0.490309 -0.009301
v -0.271275 0.490309 -0.008606
v -0.270686 0.490309 -0.007896
v -0.270122 0.490309 -0.007170
v -0.269578 0.490309 -0.006429
v -0.269058 0.490309 -0.005671
v -0.268559 0.490309 -0.004899
v -0.268081 0.490309 -0.004111
v -0.267627 0.490309 -0.003308
v -0.267195 0.490309 -0.002487
v -0.266786 0.490309 -0.001653
v -0.266400 0.490309 -0.000800
v -0.266041 0.490309 0.000076
v -0.265707 0.490309 0.000973
v -0.265402 0.490309 0.001893
v -0.265122 0.490309 0.002835
v -0.264869 0.490309 0.003799
v -0.264643 0.490309 0.004786
v -0.264445 0.490309 0.005795
v -0.264271 0.490309 0.006825
v -0.264126 0.490309 0.007879
v -0.264005 0.490309 0.008954
v -0.263912 0.490309 0.010051
v -0.263845 0.490309 0.011170
v -0.263805 0.490309 0.012312
v -0.263793 0.490309 0.013476
v -0.263817 0.490309 0.014843
v -0.263889 0.490309 0.016195
v -0.264009 0.490309 0.017534
v -0.264177 0.490309 0.018856
v -0.264393 0.490309 0.020163
v -0.264657 0.490309 0.021456
v -0.264970 0.490309 0.022735
v -0.265330 0.490309 0.023998
v -0.265738 0.490309 0.025248
v -0.266195 0.490309 0.026481
v -0.266699 0.490309 0.027700
v -0.267251 0.490309 0.028904
v -0.267852 0.490309 0.030094
v -0.268500 0.490309 0.031270
v -0.269196 0.490309 0.032429
v -0.269938 0.490309 0.033567
v -0.270725 0.490309 0.034674
v -0.271557 0.490309 0.035751
v -0.272433 0.490309 0.036798
v -0.273353 0.490309 0.037814
v -0.274317 0.490309 0.038800
v -0.275326 0.490309 0.039756
v -0.276378 0.490309 0.040683
v -0.277476 0.490309 0.041578
v -0.278618 0.490309 0.042443
v -0.279804 0.490309 0.043277
v -0.281034 0.490309 0.044081
v -0.282309 0.490309 0.044855
v -0.283628 0.490309 0.045599
v 0.017406 0.443006 0.085263
v 0.018209 0.443006 0.085419
v 0.017807 0.443006 0.085343
v 0.019845 0.443006 0.085696
v 0.019429 0.443006 0.085633
v 0.019021 0.443006 0.085564
v 0.018614 0.443006 0.085494
v 0.023570 0.443006 0.086051
v 0.023066 0.443006 0.086022
v 0.022572 0.443006 0.085989
v 0.022089 0.443006 0.085952
v 0.021619 0.443006 0.085909
v 0.021158 0.443006 0.085863
v 0.020710 0.443006 0.085813
v 0.020272 0.443006 0.085757
v 0.028275 0.443006 0.086113
v 0.026829 0.443006 0.086132
v 0.026258 0.443006 0.086129
v 0.025697 0.443006 0.086122
v 0.025148 0.443006 0.086112
v 0.024611 0.443006 0.086096
v 0.024085 0.443006 0.086076
v 0.029927 0.443006 0.064278
v 0.029146 0.443006 0.064453
v 0.032105 0.443006 0.063563
v 0.031406 0.443006 0.063833
v 0.032420 0.443006 0.085841
v 0.030680 0.443006 0.064071
v 0.029690 0.443006 0.086060
v 0.028338 0.443006 0.064596
v 0.031070 0.443006 0.085968
v 0.033421 0.443006 0.062928
v 0.034626 0.443006 0.062165
v 0.035188 0.443006 0.061736
v 0.034038 0.443006 0.062562
v 0.036727 0.443006 0.060286
v 0.036234 0.443006 0.060791
v 0.038096 0.443006 0.058661
v 0.037658 0.443006 0.059221
v 0.037203 0.443006 0.059762
v 0.035722 0.443006 0.061275
v 0.038917 0.443006 0.057487
v 0.039299 0.443006 0.056871
v 0.040335 0.443006 0.054915
v 0.040009 0.443006 0.055587
v 0.039664 0.443006 0.056237
v 0.040935 0.443006 0.053519
v 0.041205 0.443006 0.052793
v 0.040644 0.443006 0.054226
v 0.041459 0.443006 0.052048
v 0.042955 0.443006 0.046895
v 0.040955 0.443006 0.083940
v 0.032777 0.443006 0.063261
v 0.042044 0.443006 0.083524
v 0.043101 0.443006 0.083071
v 0.044125 0.443006 0.082583
v 0.045116 0.443006 0.082058
v 0.038517 0.443006 0.058084
v 0.037493 0.443006 0.084972
v 0.036273 0.443006 0.085244
v 0.035022 0.443006 0.085480
v 0.033737 0.443006 0.085679
v 0.038680 0.443006 0.084666
v 0.039834 0.443006 0.084321
v 0.056089 0.443006 0.023119
v 0.055259 0.443006 0.023119
v 0.054993 0.443006 0.022212
v 0.056268 0.443006 0.022232
v 0.054730 0.443006 0.021304
v 0.056451 0.443006 0.021345
v 0.054471 0.443006 0.020400
v 0.056634 0.443006 0.020459
v 0.054213 0.443006 0.019495
v 0.056823 0.443006 0.019572
v 0.053957 0.443006 0.018594
v 0.057014 0.443006 0.018686
v 0.053703 0.443006 0.017693
v 0.057206 0.443006 0.017799
v 0.053451 0.443006 0.016793
v 0.057404 0.443006 0.016912
v 0.053201 0.443006 0.015895
v 0.057602 0.443006 0.016026
v 0.052953 0.443006 0.014999
v 0.057806 0.443006 0.015138
v 0.058011 0.443006 0.014252
v 0.058219 0.443006 0.013365
v 0.058430 0.443006 0.012478
v 0.058645 0.443006 0.011592
v 0.058862 0.443006 0.010705
v 0.059083 0.443006 0.009819
v 0.059304 0.443006 0.008931
v 0.059525 0.443006 0.008045
v 0.059747 0.443006 0.007158
v 0.059968 0.443006 0.006271
v 0.060190 0.443006 0.005384
v 0.060412 0.443006 0.004498
v 0.060635 0.443006 0.003612
v 0.060855 0.443006 0.002724
v 0.061078 0.443006 0.001838
v 0.061300 0.443006 0.000951
v 0.061521 0.443006 0.000064
v 0.061743 0.443006 -0.000823
v 0.061965 0.443006 -0.001709
v 0.062186 0.443006 -0.002595
v 0.062407 0.443006 -0.003483
v 0.046082 0.443006 0.081498
v 0.047031 0.443006 0.080905
v 0.047962 0.443006 0.080279
v 0.048877 0.443006 0.079619
v 0.049772 0.443006 0.078927
v 0.050649 0.443006 0.078201
v 0.051509 0.443006 0.077441
v 0.052352 0.443006 0.076649
v 0.053176 0.443006 0.075824
v 0.053983 0.443006 0.074964
v 0.054772 0.443006 0.074072
v 0.055545 0.443006 0.073146
v 0.056298 0.443006 0.072187
v 0.057034 0.443006 0.071195
v 0.057753 0.443006 0.070170
v 0.058458 0.443006 0.069111
v 0.059154 0.443006 0.068018
v 0.059840 0.443006 0.066891
v 0.060519 0.443006 0.065731
v 0.061188 0.443006 0.064537
v 0.061848 0.443006 0.063307
v 0.062500 0.443006 0.062044
v 0.063143 0.443006 0.060747
v 0.063777 0.443006 0.059417
v 0.136892 0.443006 -0.044548
v 0.138886 0.443006 -0.032578
v 0.114945 0.443006 -0.044548
v 0.139385 0.443006 -0.032578
v 0.140189 0.443006 -0.033368
v 0.141006 0.443006 -0.034141
v 0.141833 0.443006 -0.034899
v 0.064403 0.443006 0.058053
v 0.114945 0.443006 0.049222
v 0.065018 0.443006 0.056653
v 0.065626 0.443006 0.055220
v 0.066225 0.443006 0.053753
v 0.066814 0.443006 0.052253
v 0.067395 0.443006 0.050719
v 0.073498 0.443006 0.032966
v 0.100148 0.443006 -0.044548
v 0.141880 0.443006 0.049222
v 0.141880 0.443006 -0.014456
v 0.142518 0.443006 -0.015044
v 0.143147 0.443006 -0.015615
v 0.143769 0.443006 -0.016168
v 0.144379 0.443006 -0.016701
v 0.144983 0.443006 -0.017216
v 0.145576 0.443006 -0.017714
v 0.146163 0.443006 -0.018193
v 0.146739 0.443006 -0.018652
v 0.147305 0.443006 -0.019094
v 0.142673 0.443006 -0.035640
v 0.143523 0.443006 -0.036365
v 0.144387 0.443006 -0.037072
v 0.145262 0.443006 -0.037766
v 0.146147 0.443006 -0.038441
v 0.147047 0.443006 -0.039102
v 0.151042 0.443006 -0.021666
v 0.152114 0.443006 -0.022223
v 0.152670 0.443006 -0.022470
v 0.151572 0.443006 -0.021955
v 0.150524 0.443006 -0.021354
v 0.154419 0.443006 -0.023080
v 0.153824 0.443006 -0.022898
v 0.155653 0.443006 -0.023380
v 0.155030 0.443006 -0.023241
v 0.157600 0.443006 -0.023670
v 0.156938 0.443006 -0.023595
v 0.158967 0.443006 -0.023756
v 0.158277 0.443006 -0.023723
v 0.156288 0.443006 -0.023498
v 0.153672 0.443006 -0.043256
v 0.154679 0.443006 -0.043754
v 0.159668 0.443006 -0.023766
v 0.155705 0.443006 -0.044215
v 0.153240 0.443006 -0.022695
v 0.147958 0.443006 -0.039746
v 0.148880 0.443006 -0.040373
v 0.149813 0.443006 -0.040983
v 0.150759 0.443006 -0.041579
v 0.151716 0.443006 -0.042156
v 0.152687 0.443006 -0.042720
v 0.147865 0.443006 -0.019517
v 0.148415 0.443006 -0.019922
v 0.148956 0.443006 -0.020308
v 0.149487 0.443006 -0.020675
v 0.150011 0.443006 -0.021024
v 0.156754 0.443006 -0.044641
v 0.157821 0.443006 -0.045028
v 0.158911 0.443006 -0.045380
v 0.160496 0.443006 -0.023749
v 0.161294 0.443006 -0.023698
v 0.162060 0.443006 -0.023613
v 0.163475 0.443006 -0.046415
v 0.162796 0.443006 -0.023494
v 0.162302 0.443006 -0.046211
v 0.160021 0.443006 -0.045694
v 0.161151 0.443006 -0.045970
v 0.164177 0.443006 -0.023154
v 0.164824 0.443006 -0.022933
v 0.164668 0.443006 -0.046581
v 0.163502 0.443006 -0.023340
v 0.166579 0.443006 -0.022067
v 0.166023 0.443006 -0.022390
v 0.165438 0.443006 -0.022679
v 0.165880 0.443006 -0.046710
v 0.168060 0.443006 -0.020894
v 0.167597 0.443006 -0.021318
v 0.169271 0.443006 -0.019403
v 0.168896 0.443006 -0.019942
v 0.168494 0.443006 -0.020435
v 0.170242 0.443006 -0.017430
v 0.169944 0.443006 -0.018147
v 0.170758 0.443006 -0.015819
v 0.170512 0.443006 -0.016654
v 0.169621 0.443006 -0.018804
v 0.171172 0.443006 -0.013972
v 0.170979 0.443006 -0.014925
v 0.167103 0.443006 -0.021709
v 0.169645 0.443006 -0.046876
v 0.168370 0.443006 -0.046858
v 0.167114 0.443006 -0.046803
v 0.180537 0.443006 -0.045267
v 0.184977 0.443006 -0.043255
v 0.183572 0.443006 -0.044014
v 0.182092 0.443006 -0.044686
v 0.171805 0.443006 0.049222
v 0.187563 0.443006 -0.041467
v 0.189851 0.443006 -0.039321
v 0.188745 0.443006 -0.040439
v 0.191839 0.443006 -0.036818
v 0.190882 0.443006 -0.038114
v 0.186307 0.443006 -0.042406
v 0.171340 0.443006 -0.012959
v 0.198250 0.443006 -0.017997
v 0.197973 0.443006 -0.020044
v 0.197635 0.443006 -0.022023
v 0.197237 0.443006 -0.023936
v 0.196778 0.443006 -0.025782
v 0.196255 0.443006 -0.027560
v 0.195673 0.443006 -0.029271
v 0.195029 0.443006 -0.030915
v 0.194324 0.443006 -0.032491
v 0.193558 0.443006 -0.034001
v 0.192729 0.443006 -0.035443
v 0.178909 0.443006 -0.045758
v 0.177206 0.443006 -0.046160
v 0.175426 0.443006 -0.046474
v 0.173574 0.443006 -0.046696
v 0.171647 0.443006 -0.046831
v 0.171805 0.443006 -0.005644
v 0.171793 0.443006 -0.007010
v 0.171755 0.443006 -0.008318
v 0.171690 0.443006 -0.009568
v 0.171598 0.443006 -0.010757
v 0.171483 0.443006 -0.011888
v 0.221036 0.443006 -0.072271
v 0.221019 0.443006 -0.073144
v 0.221184 0.443006 -0.070595
v 0.221092 0.443006 -0.074786
v 0.221481 0.443006 -0.077089
v 0.221481 0.443006 -0.069016
v 0.221314 0.443006 -0.076343
v 0.221314 0.443006 -0.069793
v 0.221184 0.443006 -0.075576
v 0.221092 0.443006 -0.071420
v 0.221036 0.443006 -0.073977
v 0.221924 0.443006 -0.067536
v 0.221924 0.443006 -0.078517
v 0.222514 0.443006 -0.066152
v 0.222514 0.443006 -0.079859
v 0.222200 0.443006 -0.066832
v 0.222200 0.443006 -0.079198
v 0.223253 0.443006 -0.064867
v 0.222847 0.443006 -0.044548
v 0.222866 0.443006 -0.065496
v 0.223679 0.443006 -0.064260
v 0.223679 0.443006 -0.081711
v 0.224140 0.443006 -0.063678
v 0.223253 0.443006 -0.081115
v 0.222866 0.443006 -0.080497
v 0.198740 0.443006 0.049222
v 0.222847 0.443006 0.049222
v 0.198740 0.443006 -0.009135
v 0.222847 0.443006 -0.027076
v 0.198709 0.443006 -0.011451
v 0.198617 0.443006 -0.013700
v 0.198463 0.443006 -0.015882
v 0.221684 0.443006 -0.068264
v 0.221684 0.443006 -0.077814
v 0.224639 0.443006 -0.063121
v 0.224639 0.443006 -0.082839
v 0.225741 0.443006 -0.062084
v 0.225741 0.443006 -0.083873
v 0.225174 0.443006 -0.062587
v 0.225174 0.443006 -0.083370
v 0.226950 0.443006 -0.061181
v 0.226950 0.443006 -0.084777
v 0.228261 0.443006 -0.060416
v 0.228261 0.443006 -0.085541
v 0.227592 0.443006 -0.060782
v 0.227592 0.443006 -0.085176
v 0.226333 0.443006 -0.061615
v 0.226333 0.443006 -0.084342
v 0.229670 0.443006 -0.059792
v 0.229670 0.443006 -0.086165
v 0.231180 0.443006 -0.059305
v 0.231180 0.443006 -0.086652
v 0.230412 0.443006 -0.059531
v 0.230412 0.443006 -0.086426
v 0.232791 0.443006 -0.058959
v 0.232791 0.443006 -0.086998
v 0.235395 0.443006 -0.058697
v 0.234503 0.443006 -0.058749
v 0.234503 0.443006 -0.087208
v 0.233634 0.443006 -0.058836
v 0.233634 0.443006 -0.087121
v 0.231973 0.443006 -0.059114
v 0.231973 0.443006 -0.086843
v 0.228952 0.443006 -0.060087
v 0.228952 0.443006 -0.085870
v 0.224140 0.443006 -0.082284
v 0.237211 0.443006 -0.058697
v 0.236315 0.443006 -0.087276
v 0.238937 0.443006 -0.058836
v 0.238086 0.443006 -0.087208
v 0.238086 0.443006 -0.058749
v 0.237211 0.443006 -0.087260
v 0.240572 0.443006 -0.059114
v 0.239767 0.443006 -0.086998
v 0.242115 0.443006 -0.086426
v 0.242115 0.443006 -0.059531
v 0.241355 0.443006 -0.086652
v 0.241355 0.443006 -0.059305
v 0.240572 0.443006 -0.086843
v 0.239767 0.443006 -0.058959
v 0.238937 0.443006 -0.087121
v 0.243567 0.443006 -0.060087
v 0.243567 0.443006 -0.085870
v 0.244926 0.443006 -0.060782
v 0.242852 0.443006 -0.059792
v 0.244762 0.443006 -0.044548
v 0.244257 0.443006 -0.060416
v 0.244257 0.443006 -0.085541
v 0.246195 0.443006 -0.061615
v 0.245572 0.443006 -0.084777
v 0.247370 0.443006 -0.083370
v 0.247370 0.443006 -0.062587
v 0.246794 0.443006 -0.083873
v 0.246794 0.443006 -0.062084
v 0.246195 0.443006 -0.084342
v 0.245572 0.443006 -0.061181
v 0.244926 0.443006 -0.085176
v 0.236315 0.443006 -0.058681
v 0.242852 0.443006 -0.086165
v 0.248425 0.443006 -0.063678
v 0.248425 0.443006 -0.082284
v 0.249331 0.443006 -0.064867
v 0.249331 0.443006 -0.081115
v 0.248897 0.443006 -0.064260
v 0.248897 0.443006 -0.081711
v 0.250405 0.443006 -0.066832
v 0.250405 0.443006 -0.079198
v 0.250083 0.443006 -0.066152
v 0.250083 0.443006 -0.079859
v 0.247916 0.443006 -0.063121
v 0.249782 0.443006 -0.044548
v 0.249726 0.443006 -0.065496
v 0.249726 0.443006 -0.080497
v 0.250932 0.443006 -0.068264
v 0.250932 0.443006 -0.077814
v 0.251308 0.443006 -0.069793
v 0.251308 0.443006 -0.076343
v 0.251139 0.443006 -0.069016
v 0.251139 0.443006 -0.077089
v 0.251534 0.443006 -0.071420
v 0.251534 0.443006 -0.074786
v 0.251611 0.443006 -0.073144
v 0.266740 0.443006 -0.044548
v 0.251591 0.443006 -0.072271
v 0.251591 0.443006 -0.073977
v 0.251441 0.443006 -0.070595
v 0.251441 0.443006 -0.075576
v 0.249782 0.443006 0.049222
v 0.264910 0.443006 0.049222
v 0.250686 0.443006 -0.067536
v 0.250686 0.443006 -0.078517
v 0.247916 0.443006 -0.082839
v 0.235395 0.443006 -0.087260
v 0.306057 0.443006 -0.025409
v 0.294007 0.443006 0.000341
v 0.305804 0.443006 -0.025954
v 0.305552 0.443006 -0.026500
v 0.305301 0.443006 -0.027048
v 0.305053 0.443006 -0.027597
v 0.304805 0.443006 -0.028147
v 0.304559 0.443006 -0.028698
v 0.304315 0.443006 -0.029253
v 0.307806 0.443006 0.016968
v 0.306217 0.443006 0.020591
v 0.310565 0.443006 0.020081
v 0.306448 0.443006 0.020067
v 0.310253 0.443006 0.019554
v 0.306679 0.443006 0.019544
v 0.309937 0.443006 0.019031
v 0.306907 0.443006 0.019024
v 0.309618 0.443006 0.018511
v 0.307133 0.443006 0.018507
v 0.309294 0.443006 0.017993
v 0.307359 0.443006 0.017992
v 0.307584 0.443006 0.017478
v 0.308968 0.443006 0.017478
v 0.308636 0.443006 0.016968
v 0.310873 0.443006 -0.015785
v 0.310592 0.443006 -0.016318
v 0.310313 0.443006 -0.016850
v 0.310036 0.443006 -0.017381
v 0.309761 0.443006 -0.017914
v 0.309486 0.443006 -0.018446
v 0.309215 0.443006 -0.018978
v 0.308943 0.443006 -0.019510
v 0.308673 0.443006 -0.020041
v 0.308404 0.443006 -0.020574
v 0.308139 0.443006 -0.021106
v 0.307873 0.443006 -0.021639
v 0.307610 0.443006 -0.022172
v 0.307347 0.443006 -0.022709
v 0.307086 0.443006 -0.023246
v 0.306827 0.443006 -0.023785
v 0.306568 0.443006 -0.024325
v 0.306313 0.443006 -0.024867
v 0.313126 0.443006 -0.013125
v 0.312294 0.443006 -0.013125
v 0.312007 0.443006 -0.013658
v 0.313305 0.443006 -0.013658
v 0.311722 0.443006 -0.014190
v 0.313488 0.443006 -0.014190
v 0.311436 0.443006 -0.014722
v 0.313674 0.443006 -0.014722
v 0.313864 0.443006 -0.015254
v 0.311153 0.443006 -0.015254
v 0.314059 0.443006 -0.015785
v 0.356020 0.443006 0.049222
v 0.354192 0.443006 -0.044548
v 0.327091 0.443006 0.049222
v 0.326926 0.443006 0.003334
v 0.319387 0.443006 -0.028698
v 0.319611 0.443006 -0.029253
v 0.326261 0.443006 -0.044548
v 0.317616 0.443006 0.033095
v 0.317585 0.443006 -0.024325
v 0.317812 0.443006 -0.024867
v 0.318041 0.443006 -0.025409
v 0.318266 0.443006 -0.025954
v 0.318492 0.443006 -0.026500
v 0.318717 0.443006 -0.027048
v 0.318942 0.443006 -0.027597
v 0.319165 0.443006 -0.028147
v 0.317306 0.443006 0.032562
v 0.316998 0.443006 0.032027
v 0.316694 0.443006 0.031492
v 0.316391 0.443006 0.030954
v 0.316091 0.443006 0.030416
v 0.315793 0.443006 0.029876
v 0.315496 0.443006 0.029335
v 0.315521 0.443006 -0.019510
v 0.315743 0.443006 -0.020041
v 0.315970 0.443006 -0.020574
v 0.316201 0.443006 -0.021106
v 0.316434 0.443006 -0.021639
v 0.316665 0.443006 -0.022172
v 0.316896 0.443006 -0.022709
v 0.317127 0.443006 -0.023246
v 0.317357 0.443006 -0.023785
v 0.315202 0.443006 0.028791
v 0.314912 0.443006 0.028246
v 0.314622 0.443006 0.027700
v 0.314336 0.443006 0.027153
v 0.314050 0.443006 0.026604
v 0.313767 0.443006 0.026053
v 0.313488 0.443006 0.025501
v 0.313210 0.443006 0.024948
v 0.312931 0.443006 0.024395
v 0.312648 0.443006 0.023845
v 0.312361 0.443006 0.023298
v 0.312072 0.443006 0.022754
v 0.311778 0.443006 0.022214
v 0.311481 0.443006 0.021677
v 0.311178 0.443006 0.021141
v 0.310874 0.443006 0.020609
v 0.314256 0.443006 -0.016318
v 0.314457 0.443006 -0.016850
v 0.314662 0.443006 -0.017381
v 0.314872 0.443006 -0.017914
v 0.315084 0.443006 -0.018446
v 0.315300 0.443006 -0.018978
v 0.293009 0.443006 0.049222
v 0.300490 0.443006 0.033095
v 0.300756 0.443006 0.032541
v 0.301019 0.443006 0.031987
v 0.301281 0.443006 0.031435
v 0.301543 0.443006 0.030884
v 0.301801 0.443006 0.030333
v 0.302059 0.443006 0.029783
v 0.302316 0.443006 0.029233
v 0.302572 0.443006 0.028684
v 0.302824 0.443006 0.028137
v 0.303077 0.443006 0.027590
v 0.303328 0.443006 0.027043
v 0.303576 0.443006 0.026497
v 0.303823 0.443006 0.025953
v 0.304070 0.443006 0.025408
v 0.304315 0.443006 0.024865
v 0.304558 0.443006 0.024323
v 0.304799 0.443006 0.023783
v 0.305039 0.443006 0.023246
v 0.305278 0.443006 0.022711
v 0.305516 0.443006 0.022177
v 0.305751 0.443006 0.021646
v 0.305984 0.443006 0.021117
v 0.295669 0.443006 -0.044548
v 0.015053 0.443006 0.084722
v 0.016219 0.443006 0.085006
v 0.015829 0.443006 0.084914
v 0.015440 0.443006 0.084820
v 0.025750 0.443006 0.064834
v 0.024832 0.443006 0.064851
v 0.017009 0.443006 0.085180
v 0.016613 0.443006 0.085094
v 0.027503 0.443006 0.064707
v 0.026640 0.443006 0.064786
v 0.051987 0.443006 0.011428
v 0.052710 0.443006 0.014104
v 0.052466 0.443006 0.013211
v 0.052226 0.443006 0.012320
v 0.013527 0.443006 0.084302
v 0.014286 0.443006 0.084518
v 0.013906 0.443006 0.084411
v 0.014668 0.443006 0.084621
v 0.021070 0.443006 0.064224
v 0.020856 0.443006 0.064165
v 0.021951 0.443006 0.064476
v 0.021729 0.443006 0.064415
v 0.022394 0.443006 0.064582
v 0.023060 0.443006 0.064708
v 0.022837 0.443006 0.064671
v 0.022616 0.443006 0.064628
v 0.022172 0.443006 0.064530
v 0.021508 0.443006 0.064352
v 0.021287 0.443006 0.064286
v 0.023503 0.443006 0.064770
v 0.023947 0.443006 0.064815
v 0.023725 0.443006 0.064795
v 0.024390 0.443006 0.064841
v 0.024611 0.443006 0.064848
v 0.024168 0.443006 0.064831
v 0.051752 0.443006 0.010539
v 0.051517 0.443006 0.009652
v 0.051282 0.443006 0.008766
v 0.051044 0.443006 0.007881
v 0.050802 0.443006 0.006999
v 0.050556 0.443006 0.006117
v 0.023282 0.443006 0.064741
v -0.328217 0.443006 -0.072269
v -0.326859 0.443006 -0.072849
v -0.322980 0.443006 -0.041722
v -0.322969 0.443006 -0.041197
v -0.322962 0.443006 -0.042422
v -0.325475 0.443006 -0.073385
v -0.324064 0.443006 -0.073878
v -0.322937 0.443006 -0.040683
v -0.322903 0.443006 -0.043101
v -0.322803 0.443006 -0.039695
v -0.322674 0.443006 -0.044400
v -0.322881 0.443006 -0.040183
v -0.322808 0.443006 -0.043761
v -0.322582 0.443006 -0.038756
v -0.322272 0.443006 -0.037868
v -0.322040 0.443006 -0.046199
v -0.322438 0.443006 -0.038306
v -0.322289 0.443006 -0.045619
v -0.321640 0.443006 -0.036629
v -0.321872 0.443006 -0.037030
v -0.321059 0.443006 -0.047818
v -0.321384 0.443006 -0.036242
v -0.321424 0.443006 -0.047298
v -0.322083 0.443006 -0.037442
v -0.321752 0.443006 -0.046759
v -0.322704 0.443006 -0.039218
v -0.322500 0.443006 -0.045020
v -0.322629 0.443006 -0.074327
v -0.321168 0.443006 -0.074734
v -0.320808 0.443006 -0.035505
v -0.320147 0.443006 -0.034814
v -0.320487 0.443006 -0.035155
v -0.320215 0.443006 -0.048798
v -0.319420 0.443006 -0.034151
v -0.319032 0.443006 -0.033828
v -0.319216 0.443006 -0.049698
v -0.318630 0.443006 -0.033510
v -0.318213 0.443006 -0.033200
v -0.318657 0.443006 -0.050118
v -0.319791 0.443006 -0.034478
v -0.319734 0.443006 -0.049258
v -0.316803 0.443006 -0.051225
v -0.317450 0.443006 -0.050884
v -0.315425 0.443006 -0.051827
v -0.317331 0.443006 -0.032594
v -0.317780 0.443006 -0.032893
v -0.316128 0.443006 -0.051539
v -0.314852 0.443006 -0.031188
v -0.315380 0.443006 -0.031457
v -0.315891 0.443006 -0.031733
v -0.316386 0.443006 -0.032014
v -0.316865 0.443006 -0.032301
v -0.318068 0.443006 -0.050514
v -0.321107 0.443006 -0.035867
v -0.320657 0.443006 -0.048317
v -0.314694 0.443006 -0.052087
v -0.319681 0.443006 -0.075099
v -0.318168 0.443006 -0.075419
v -0.316629 0.443006 -0.075699
v -0.315064 0.443006 -0.075933
v -0.313936 0.443006 -0.052319
v -0.312429 0.443006 0.027964
v -0.314511 0.443006 0.027709
v -0.313468 0.443006 0.027853
v -0.313148 0.443006 -0.052524
v -0.309846 0.443006 0.051549
v -0.310369 0.443006 0.028091
v -0.309347 0.443006 0.028106
v -0.309720 0.443006 -0.053071
v -0.308793 0.443006 -0.053139
v -0.310215 0.443006 -0.076384
v -0.311486 0.443006 0.051529
v -0.311398 0.443006 0.028043
v -0.312601 0.443006 -0.030152
v -0.313183 0.443006 -0.030410
v -0.313754 0.443006 -0.030666
v -0.310620 0.443006 -0.052974
v -0.314311 0.443006 -0.030924
v -0.311491 0.443006 -0.052851
v -0.313474 0.443006 -0.076128
v -0.311857 0.443006 -0.076277
v -0.307935 0.443006 0.051527
v -0.308171 0.443006 0.028091
v -0.307837 0.443006 -0.053180
v -0.308547 0.443006 -0.076448
v -0.306854 0.443006 -0.053194
v -0.306854 0.443006 -0.076469
v -0.307034 0.443006 0.028046
v -0.306062 0.443006 0.051456
v -0.305414 0.443006 -0.076452
v -0.305861 0.443006 -0.053183
v -0.303979 0.443006 -0.076398
v -0.304883 0.443006 -0.053148
v -0.304224 0.443006 0.051341
v -0.305939 0.443006 0.027971
v -0.303468 0.443006 0.002876
v -0.307379 0.443006 0.001199
v -0.304028 0.443006 -0.026592
v -0.308078 0.443006 0.000915
v -0.304086 0.443006 0.002599
v -0.304718 0.443006 0.002322
v -0.305363 0.443006 0.002044
v -0.306022 0.443006 0.001765
v -0.306695 0.443006 0.001482
v -0.308789 0.443006 0.000629
v -0.309514 0.443006 0.000341
v -0.304754 0.443006 -0.026880
v -0.309525 0.443006 -0.028827
v -0.303915 0.443006 -0.053091
v -0.310163 0.443006 -0.029096
v -0.310788 0.443006 -0.029364
v -0.311404 0.443006 -0.029629
v -0.312007 0.443006 -0.029891
v -0.305469 0.443006 -0.027164
v -0.306171 0.443006 -0.027447
v -0.306865 0.443006 -0.027728
v -0.307547 0.443006 -0.028006
v -0.308217 0.443006 -0.028281
v -0.308877 0.443006 -0.028556
v -0.312334 0.443006 -0.052702
v -0.301071 0.443006 0.027137
v -0.301964 0.443006 0.027365
v -0.301120 0.443006 -0.076180
v -0.302958 0.443006 -0.053010
v -0.298639 0.443006 0.026274
v -0.299408 0.443006 0.026592
v -0.297570 0.443006 0.005883
v -0.298927 0.443006 0.050711
v -0.302896 0.443006 0.027561
v -0.300220 0.443006 0.026880
v -0.298033 0.443006 0.005597
v -0.298511 0.443006 0.005316
v -0.299004 0.443006 0.005039
v -0.299512 0.443006 0.004766
v -0.300036 0.443006 0.004498
v -0.298275 0.443006 -0.075818
v -0.301080 0.443006 -0.052782
v -0.302013 0.443006 -0.052908
v -0.299695 0.443006 -0.076018
v -0.296693 0.443006 0.006469
v -0.297220 0.443006 0.025547
v -0.295877 0.443006 0.007072
v -0.295964 0.443006 0.024698
v -0.295492 0.443006 0.007380
v -0.296571 0.443006 0.025138
v -0.296278 0.443006 0.006768
v -0.294431 0.443006 0.008332
v -0.294868 0.443006 0.023749
v -0.294770 0.443006 0.008009
v -0.293514 0.443006 0.009327
v -0.293927 0.443006 0.022721
v -0.293802 0.443006 0.008987
v -0.294378 0.443006 0.023246
v -0.294110 0.443006 0.008657
v -0.295396 0.443006 0.024234
v -0.295124 0.443006 0.007693
v -0.297234 0.443006 0.050410
v -0.295577 0.443006 0.050060
v -0.293956 0.443006 0.049664
v -0.297909 0.443006 0.025925
v -0.297124 0.443006 0.006175
v -0.298354 0.443006 -0.052266
v -0.294034 0.443006 -0.075004
v -0.299252 0.443006 -0.052460
v -0.295444 0.443006 -0.075311
v -0.300160 0.443006 -0.052633
v -0.296858 0.443006 -0.075583
v -0.292994 0.443006 0.010051
v -0.292810 0.443006 0.021029
v -0.292556 0.443006 0.010834
v -0.293144 0.443006 0.021613
v -0.292764 0.443006 0.010435
v -0.292047 0.443006 0.012120
v -0.292263 0.443006 0.019800
v -0.292197 0.443006 0.011677
v -0.292517 0.443006 0.020424
v -0.292366 0.443006 0.011248
v -0.291872 0.443006 0.018492
v -0.291807 0.443006 0.013051
v -0.291598 0.443006 0.014559
v -0.291647 0.443006 0.014041
v -0.291734 0.443006 0.017808
v -0.291718 0.443006 0.013540
v -0.291558 0.443006 0.015637
v -0.291578 0.443006 0.016381
v -0.291636 0.443006 0.017106
v -0.291568 0.443006 0.015090
v -0.292048 0.443006 0.019156
v -0.291917 0.443006 0.012578
v -0.281684 0.443006 -0.016971
v -0.281084 0.443006 -0.043385
v -0.282567 0.443006 -0.017462
v -0.283467 0.443006 -0.017937
v -0.284384 0.443006 -0.018400
v -0.285320 0.443006 -0.018847
v -0.286273 0.443006 -0.019283
v -0.287244 0.443006 -0.019702
v -0.288233 0.443006 -0.020108
v -0.281883 0.443006 -0.043996
v -0.282682 0.443006 -0.044589
v -0.283484 0.443006 -0.045164
v -0.284287 0.443006 -0.045720
v -0.285093 0.443006 -0.046257
v -0.285898 0.443006 -0.046777
v -0.290766 0.443006 -0.049503
v -0.281603 0.443006 -0.070611
v -0.291583 0.443006 -0.049892
v -0.282931 0.443006 -0.071240
v -0.292401 0.443006 -0.050264
v -0.284281 0.443006 -0.071836
v -0.292371 0.443006 0.049222
v -0.290823 0.443006 0.048733
v -0.289310 0.443006 0.048197
v -0.287833 0.443006 0.047615
v -0.286395 0.443006 0.046988
v -0.284991 0.443006 0.046313
v -0.283628 0.443006 0.045599
v -0.282309 0.443006 0.044855
v -0.293515 0.443006 0.022177
v -0.293243 0.443006 0.009681
v -0.300575 0.443006 0.004231
v -0.301127 0.443006 0.003963
v -0.301692 0.443006 0.003694
v -0.302272 0.443006 0.003422
v -0.302864 0.443006 0.003149
v -0.293221 0.443006 -0.050617
v -0.285655 0.443006 -0.072397
v -0.294046 0.443006 -0.050949
v -0.287043 0.443006 -0.072922
v -0.294884 0.443006 -0.051259
v -0.288435 0.443006 -0.073411
v -0.295734 0.443006 -0.051544
v -0.289829 0.443006 -0.073863
v -0.296596 0.443006 -0.051808
v -0.291228 0.443006 -0.074280
v -0.297470 0.443006 -0.052048
v -0.292629 0.443006 -0.074660
v -0.302422 0.443006 0.051177
v -0.304884 0.443006 0.027864
v -0.300656 0.443006 0.050967
v -0.303870 0.443006 0.027729
v -0.286705 0.443006 -0.047277
v -0.287515 0.443006 -0.047759
v -0.288326 0.443006 -0.048223
v -0.289138 0.443006 -0.048667
v -0.289952 0.443006 -0.049094
v -0.302547 0.443006 -0.076307
v -0.276005 0.443006 -0.013145
v -0.275265 0.443006 -0.012543
v -0.274544 0.443006 -0.011925
v -0.271801 0.443006 -0.064322
v -0.272945 0.443006 -0.065228
v -0.274113 0.443006 -0.066102
v -0.275305 0.443006 -0.066941
v -0.266786 0.443006 -0.001653
v -0.266041 0.443006 0.000076
v -0.265707 0.443006 0.000973
v -0.265402 0.443006 0.001893
v -0.266400 0.443006 -0.000800
v -0.267451 0.443006 -0.060343
v -0.267647 0.443006 -0.060538
v -0.268503 0.443006 -0.061389
v -0.269579 0.443006 -0.062402
v -0.270679 0.443006 -0.063379
v -0.215411 0.443006 0.049222
v -0.242512 0.443006 0.049222
v -0.242512 0.443006 -0.074309
v -0.242512 0.443006 -0.051290
v -0.215411 0.443006 -0.023101
v -0.215411 0.443006 0.015637
v -0.214912 0.443006 -0.023101
v -0.215411 0.443006 -0.074309
v -0.200614 0.443006 -0.003814
v -0.184654 0.443006 -0.025263
v -0.140429 0.443006 0.049222
v -0.090883 0.443006 0.049222
v -0.090883 0.443006 -0.083452
v -0.147079 0.443006 -0.074309
v -0.170022 0.443006 0.049222
v -0.177006 0.443006 -0.074309
v -0.264657 0.443006 0.021456
v -0.264393 0.443006 0.020164
v -0.065279 0.443006 -0.033742
v -0.064563 0.443006 -0.034403
v -0.063950 0.443006 -0.014456
v -0.063310 0.443006 -0.015044
v -0.063829 0.443006 -0.035054
v -0.063950 0.443006 -0.083452
v -0.062681 0.443006 -0.015615
v -0.062061 0.443006 -0.016168
v -0.061449 0.443006 -0.016701
v -0.060846 0.443006 -0.017216
v -0.063082 0.443006 -0.035700
v -0.062318 0.443006 -0.036336
v -0.061538 0.443006 -0.036965
v -0.060744 0.443006 -0.037585
v -0.060251 0.443006 -0.017714
v -0.059666 0.443006 -0.018193
v -0.059091 0.443006 -0.018652
v -0.058522 0.443006 -0.019094
v -0.057965 0.443006 -0.019517
v -0.057415 0.443006 -0.019922
v -0.056874 0.443006 -0.020308
v -0.056341 0.443006 -0.020675
v -0.055819 0.443006 -0.021024
v -0.055304 0.443006 -0.021354
v -0.059933 0.443006 -0.038198
v -0.063950 0.443006 -0.050867
v -0.059108 0.443006 -0.038801
v -0.058266 0.443006 -0.039398
v -0.057410 0.443006 -0.039986
v -0.056537 0.443006 -0.040565
v -0.055650 0.443006 -0.041137
v -0.063950 0.443006 0.049222
v -0.281034 0.443006 0.044081
v -0.279804 0.443006 0.043277
v -0.278618 0.443006 0.042443
v -0.277476 0.443006 0.041578
v -0.276378 0.443006 0.040683
v -0.275326 0.443006 0.039757
v -0.274317 0.443006 0.038800
v -0.273353 0.443006 0.037814
v -0.272433 0.443006 0.036798
v -0.271557 0.443006 0.035751
v -0.270725 0.443006 0.034674
v -0.269938 0.443006 0.033567
v -0.269196 0.443006 0.032429
v -0.268500 0.443006 0.031270
v -0.267852 0.443006 0.030094
v -0.267251 0.443006 0.028904
v -0.266699 0.443006 0.027700
v -0.266195 0.443006 0.026481
v -0.265738 0.443006 0.025248
v -0.265330 0.443006 0.023998
v -0.264970 0.443006 0.022735
v -0.268559 0.443006 -0.004899
v -0.269058 0.443006 -0.005671
v -0.269578 0.443006 -0.006429
v -0.270122 0.443006 -0.007170
v -0.270686 0.443006 -0.007896
v -0.271275 0.443006 -0.008606
v -0.271883 0.443006 -0.009301
v -0.272516 0.443006 -0.009980
v -0.273170 0.443006 -0.010644
v -0.273845 0.443006 -0.011292
v -0.276519 0.443006 -0.067744
v -0.277755 0.443006 -0.068512
v -0.279015 0.443006 -0.069247
v -0.280297 0.443006 -0.069947
v -0.054257 0.443006 -0.021955
v -0.054787 0.443006 -0.021666
v -0.053159 0.443006 -0.022470
v -0.053715 0.443006 -0.022223
v -0.051409 0.443006 -0.023080
v -0.052006 0.443006 -0.022898
v -0.050177 0.443006 -0.023380
v -0.050800 0.443006 -0.023241
v -0.052588 0.443006 -0.022695
v -0.048891 0.443006 -0.023595
v -0.047551 0.443006 -0.023723
v -0.048228 0.443006 -0.023670
v -0.046160 0.443006 -0.023766
v -0.045332 0.443006 -0.023749
v -0.043032 0.443006 -0.023494
v -0.043487 0.443006 -0.046224
v -0.043768 0.443006 -0.023613
v -0.044622 0.443006 -0.045989
v -0.044535 0.443006 -0.023698
v -0.045738 0.443006 -0.045717
v -0.046863 0.443006 -0.023756
v -0.048942 0.443006 -0.044686
v -0.047896 0.443006 -0.045066
v -0.046829 0.443006 -0.045409
v -0.049541 0.443006 -0.023498
v -0.054746 0.443006 -0.041700
v -0.053828 0.443006 -0.042256
v -0.052893 0.443006 -0.042803
v -0.051939 0.443006 -0.043328
v -0.050962 0.443006 -0.043817
v -0.049963 0.443006 -0.044269
v -0.042326 0.443006 -0.046423
v -0.041651 0.443006 -0.023154
v -0.042326 0.443006 -0.023340
v -0.040390 0.443006 -0.022679
v -0.041006 0.443006 -0.022933
v -0.039938 0.443006 -0.046713
v -0.041143 0.443006 -0.046586
v -0.039251 0.443006 -0.022067
v -0.038727 0.443006 -0.021709
v -0.037335 0.443006 -0.020435
v -0.037769 0.443006 -0.020894
v -0.038233 0.443006 -0.021318
v -0.039805 0.443006 -0.022390
v -0.037458 0.443006 -0.046858
v -0.038709 0.443006 -0.046804
v -0.036557 0.443006 -0.019403
v -0.035885 0.443006 -0.018147
v -0.035316 0.443006 -0.016654
v -0.035588 0.443006 -0.017430
v -0.036208 0.443006 -0.018804
v -0.035070 0.443006 -0.015819
v -0.036932 0.443006 -0.019942
v -0.034182 0.443006 -0.046831
v -0.036185 0.443006 -0.046876
v -0.034230 0.443006 -0.010757
v -0.034345 0.443006 -0.011888
v -0.034488 0.443006 -0.012959
v -0.034657 0.443006 -0.013972
v -0.034851 0.443006 -0.014925
v -0.034023 0.443006 0.049222
v -0.025290 0.443006 -0.045267
v -0.022257 0.443006 -0.044014
v -0.023736 0.443006 -0.044686
v -0.019521 0.443006 -0.042406
v -0.017085 0.443006 -0.040439
v -0.018265 0.443006 -0.041467
v -0.020852 0.443006 -0.043255
v -0.014946 0.443006 -0.038114
v -0.013988 0.443006 -0.036818
v -0.015978 0.443006 -0.039321
v -0.007088 0.443006 -0.009135
v 0.013464 0.443006 -0.027509
v -0.007119 0.443006 -0.011451
v 0.018516 0.443006 0.063686
v 0.018876 0.443006 0.063736
v 0.018693 0.443006 0.063710
v -0.007088 0.443006 0.049222
v 0.020437 0.443006 0.064056
v 0.020231 0.443006 0.064005
v 0.020029 0.443006 0.063958
v 0.019830 0.443006 0.063915
v 0.019633 0.443006 0.063873
v 0.019439 0.443006 0.063834
v 0.019248 0.443006 0.063798
v 0.019061 0.443006 0.063766
v 0.047611 0.443006 -0.003483
v 0.020644 0.443006 0.064110
v 0.048733 0.443006 -0.000011
v 0.048459 0.443006 -0.000881
v 0.048179 0.443006 -0.001750
v 0.047896 0.443006 -0.002617
v 0.074378 0.443006 -0.044548
v 0.050308 0.443006 0.005238
v 0.050055 0.443006 0.004358
v 0.049798 0.443006 0.003481
v 0.049537 0.443006 0.002605
v 0.049273 0.443006 0.001731
v 0.049006 0.443006 0.000859
v 0.033978 0.443006 -0.044548
v 0.006711 0.443006 -0.044548
v -0.034023 0.443006 -0.005644
v -0.034035 0.443006 -0.007010
v -0.007211 0.443006 -0.013700
v -0.007365 0.443006 -0.015882
v -0.007580 0.443006 -0.017997
v -0.007855 0.443006 -0.020044
v -0.008193 0.443006 -0.022023
v -0.008266 0.443006 -0.022380
v -0.008591 0.443006 -0.023936
v -0.009052 0.443006 -0.025782
v -0.009573 0.443006 -0.027560
v -0.010155 0.443006 -0.029271
v -0.010799 0.443006 -0.030915
v -0.011504 0.443006 -0.032491
v -0.012271 0.443006 -0.034001
v -0.013099 0.443006 -0.035443
v -0.034075 0.443006 -0.008318
v -0.034139 0.443006 -0.009568
v -0.026920 0.443006 -0.045758
v -0.028624 0.443006 -0.046160
v -0.030401 0.443006 -0.046474
v -0.032254 0.443006 -0.046696
v -0.264177 0.443006 0.018856
v -0.264009 0.443006 0.017534
v -0.263889 0.443006 0.016196
v -0.263817 0.443006 0.014843
v -0.263793 0.443006 0.013476
v -0.263805 0.443006 0.012312
v -0.263845 0.443006 0.011170
v -0.263912 0.443006 0.010051
v -0.264005 0.443006 0.008954
v -0.264126 0.443006 0.007879
v -0.264271 0.443006 0.006825
v -0.264445 0.443006 0.005795
v -0.264643 0.443006 0.004786
v -0.264869 0.443006 0.003799
v -0.265122 0.443006 0.002835
v -0.267195 0.443006 -0.002487
v -0.267627 0.443006 -0.003308
v -0.268081 0.443006 -0.004111
v -0.276762 0.443006 -0.013735
v -0.277539 0.443006 -0.014308
v -0.278332 0.443006 -0.014869
v -0.279144 0.443006 -0.015415
v -0.279973 0.443006 -0.015949
v -0.280819 0.443006 -0.016467
v -0.329547 0.443006 -0.071649
v -0.315558 0.443006 0.027535
v -0.313122 0.443006 0.051468
v -0.330848 0.443006 -0.070990
v -0.316612 0.443006 0.027328
v -0.314754 0.443006 0.051367
v -0.318734 0.443006 0.026820
v -0.317671 0.443006 0.027091
v -0.333333 0.443006 -0.069580
v -0.334517 0.443006 -0.068829
v -0.325640 0.443006 -0.006475
v -0.326480 0.443006 -0.006838
v -0.332108 0.443006 -0.070301
v -0.319803 0.443006 0.026518
v -0.321956 0.443006 0.025820
v -0.320878 0.443006 0.026185
v -0.318012 0.443006 0.051041
v -0.316385 0.443006 0.051224
v -0.337840 0.443006 -0.066388
v -0.335663 0.443006 -0.068046
v -0.336771 0.443006 -0.067233
v -0.330601 0.443006 -0.008883
v -0.329788 0.443006 -0.008443
v -0.328145 0.443006 -0.007609
v -0.328969 0.443006 -0.008018
v -0.331410 0.443006 -0.009337
v -0.326314 0.443006 0.024045
v -0.325226 0.443006 0.024533
v -0.322875 0.443006 0.050250
v -0.323040 0.443006 0.025423
v -0.321256 0.443006 0.050554
v -0.319635 0.443006 0.050818
v -0.324491 0.443006 0.049903
v -0.324131 0.443006 0.024993
v -0.327389 0.443006 0.023536
v -0.327316 0.443006 -0.007216
v -0.341733 0.443006 -0.062700
v -0.342609 0.443006 -0.061700
v -0.338871 0.443006 -0.065513
v -0.339863 0.443006 -0.064606
v -0.340816 0.443006 -0.063668
v -0.336154 0.443006 -0.012398
v -0.336927 0.443006 -0.012960
v -0.334594 0.443006 -0.011316
v -0.333807 0.443006 -0.010798
v -0.337694 0.443006 -0.013541
v -0.335377 0.443006 -0.011848
v -0.332215 0.443006 -0.009809
v -0.331530 0.443006 0.021287
v -0.330955 0.443006 0.048104
v -0.330921 0.443006 0.048115
v -0.333508 0.443006 0.020033
v -0.332526 0.443006 0.020671
v -0.327713 0.443006 0.049090
v -0.326102 0.443006 0.049517
v -0.329319 0.443006 0.048624
v -0.328448 0.443006 0.023006
v -0.329490 0.443006 0.022454
v -0.330518 0.443006 0.021882
v -0.333013 0.443006 -0.010296
v -0.348104 0.443006 -0.052751
v -0.347016 0.443006 -0.055109
v -0.347584 0.443006 -0.053939
v -0.345727 0.443006 -0.057397
v -0.345011 0.443006 -0.058514
v -0.346396 0.443006 -0.056262
v -0.343800 0.443006 -0.019606
v -0.343447 0.443006 -0.060669
v -0.342577 0.443006 -0.018124
v -0.341279 0.443006 -0.016719
v -0.341938 0.443006 -0.017412
v -0.343199 0.443006 -0.018856
v -0.344383 0.443006 -0.020376
v -0.344249 0.443006 -0.059607
v -0.339902 0.443006 -0.015389
v -0.339940 0.443006 0.014972
v -0.339185 0.443006 -0.014755
v -0.337276 0.443006 0.017271
v -0.338178 0.443006 0.016525
v -0.339067 0.443006 0.015759
v -0.338449 0.443006 -0.014138
v -0.334121 0.443006 0.046977
v -0.332522 0.443006 0.047566
v -0.335705 0.443006 0.046349
v -0.334472 0.443006 0.019376
v -0.337265 0.443006 0.045685
v -0.337966 0.443006 0.045366
v -0.335423 0.443006 0.018694
v -0.336356 0.443006 0.017993
v -0.340600 0.443006 -0.016045
v -0.350564 0.443006 -0.038728
v -0.350580 0.443006 -0.039892
v -0.350517 0.443006 -0.037584
v -0.350554 0.443006 -0.041259
v -0.350481 0.443006 -0.042607
v -0.350326 0.443006 -0.035353
v -0.350357 0.443006 -0.043937
v -0.350436 0.443006 -0.036458
v -0.350183 0.443006 -0.045249
v -0.350008 0.443006 -0.033203
v -0.349802 0.443006 -0.032157
v -0.349961 0.443006 -0.046544
v -0.348990 0.443006 -0.029141
v -0.349293 0.443006 -0.030127
v -0.349366 0.443006 -0.049080
v -0.349562 0.443006 -0.031132
v -0.349689 0.443006 -0.047821
v -0.350183 0.443006 -0.034267
v -0.348995 0.443006 -0.050321
v -0.347894 0.443006 -0.026305
v -0.348291 0.443006 -0.027231
v -0.348574 0.443006 -0.051544
v -0.347006 0.443006 -0.024514
v -0.347466 0.443006 -0.025399
v -0.346014 0.443006 -0.022800
v -0.346519 0.443006 -0.023648
v -0.348658 0.443006 -0.028177
v -0.344944 0.443006 -0.021165
v -0.338802 0.443006 0.044985
v -0.341805 0.443006 0.043476
v -0.340316 0.443006 0.044250
v -0.344713 0.443006 0.041822
v -0.343271 0.443006 0.042668
v -0.345489 0.443006 -0.021974
v -0.352871 0.443006 0.035992
v -0.351571 0.443006 0.037055
v -0.350246 0.443006 0.038081
v -0.347528 0.443006 0.040024
v -0.348898 0.443006 0.039072
v -0.346133 0.443006 0.040941
v -0.355402 0.443006 0.033761
v -0.354147 0.443006 0.034894
vn -1.0000 -0.0000 -0.0000
vn -0.0000 -0.0000 -1.0000
vn 1.0000 -0.0000 -0.0000
vn -0.0000 -0.0000 1.0000
vn -0.0000 -1.0000 -0.0000
vn -0.0022 1.0000 0.0002
vn 0.0022 1.0000 0.0002
vn 0.0001 1.0000 0.0012
vn -0.0001 1.0000 0.0012
vn -0.0000 1.0000 -0.0000
vn -0.0022 1.0000 -0.0002
vn -0.0001 1.0000 -0.0012
vn 0.0022 1.0000 -0.0002
vn 0.0001 1.0000 -0.0012
vn -0.0022 -1.0000 -0.0002
vn 0.0022 -1.0000 -0.0002
vn 0.0001 -1.0000 -0.0012
vn -0.0001 -1.0000 -0.0012
vn -0.0022 -1.0000 0.0002
vn -0.0001 -1.0000 0.0012
vn 0.0022 -1.0000 0.0002
vn 0.0001 -1.0000 0.0012
vn 0.0002 -1.0000 -0.0013
vn -0.0002 -1.0000 -0.0013
vn -0.0002 -1.0000 0.0013
vn 0.0002 -1.0000 0.0013
vn 0.0001 -1.0000 -0.0013
vn -0.0001 -1.0000 -0.0013
vn -0.0001 -1.0000 0.0013
vn 0.0001 -1.0000 0.0013
vn -0.0980 -0.0000 0.9952
vn -0.2904 -0.0000 0.9569
vn -0.4714 -0.0000 0.8819
vn -0.6344 -0.0000 0.7730
vn -0.7730 -0.0000 0.6344
vn -0.8819 -0.0000 0.4714
vn -0.9569 -0.0000 0.2903
vn -0.9952 -0.0000 0.0980
vn -0.9952 -0.0000 -0.0980
vn -0.9569 -0.0000 -0.2903
vn -0.8819 -0.0000 -0.4714
vn -0.7730 -0.0000 -0.6344
vn -0.6344 -0.0000 -0.7730
vn -0.4714 -0.0000 -0.8819
vn -0.2903 -0.0000 -0.9569
vn -0.0980 -0.0000 -0.9952
vn 0.0980 -0.0000 -0.9952
vn 0.2903 -0.0000 -0.9569
vn 0.4714 -0.0000 -0.8819
vn 0.6344 -0.0000 -0.7730
vn 0.7730 -0.0000 -0.6344
vn 0.8819 -0.0000 -0.4714
vn 0.9569 -0.0000 -0.2903
vn 0.9952 -0.0000 -0.0980
vn 0.9952 -0.0000 0.0980
vn 0.9569 -0.0000 0.2903
vn 0.8819 -0.0000 0.4714
vn 0.7730 -0.0000 0.6344
vn 0.6344 -0.0000 0.7730
vn 0.4714 -0.0000 0.8819
vn 0.2904 -0.0000 0.9569
vn 0.0980 -0.0000 0.9952
vn -0.0000 1.0000 -0.0001
vn -0.0000 1.0000 0.0001
vn -0.0000 1.0000 -0.0002
vn -0.0000 1.0000 0.0002
vn 0.0007 1.0000 -0.0000
vn 0.0005 1.0000 -0.0000
vn 0.0003 1.0000 0.0001
vn -0.0000 1.0000 0.0003
vn -0.0007 1.0000 -0.0000
vn -0.0004 1.0000 -0.0000
vn -0.0002 1.0000 -0.0000
vn -0.0000 1.0000 -0.0003
vn -0.0000 1.0000 0.0004
vn 0.4485 -0.0000 0.8938
vn 0.4167 -0.0000 0.9090
vn 0.3835 -0.0000 0.9236
vn 0.3504 -0.0000 0.9366
vn 0.3173 -0.0000 0.9483
vn 0.2850 -0.0000 0.9585
vn 0.2530 -0.0000 0.9675
vn 0.2218 -0.0000 0.9751
vn 0.1908 -0.0000 0.9816
vn 0.1614 -0.0000 0.9869
vn 0.1323 -0.0000 0.9912
vn 0.1041 -0.0000 0.9946
vn 0.0765 -0.0000 0.9971
vn 0.0501 -0.0000 0.9987
vn 0.0247 -0.0000 0.9997
vn -0.0001 -0.0000 1.0000
vn -0.0248 -0.0000 0.9997
vn -0.0497 -0.0000 0.9988
vn -0.0746 -0.0000 0.9972
vn -0.0994 -0.0000 0.9951
vn -0.1239 -0.0000 0.9923
vn -0.1484 -0.0000 0.9889
vn -0.1729 -0.0000 0.9849
vn -0.1974 -0.0000 0.9803
vn -0.2213 -0.0000 0.9752
vn -0.2446 -0.0000 0.9696
vn -0.2677 -0.0000 0.9635
vn -0.2906 -0.0000 0.9568
vn -0.3133 -0.0000 0.9496
vn -0.3351 -0.0000 0.9422
vn -0.3244 -0.0000 0.9459
vn -0.3572 -0.0000 0.9340
vn -0.3801 -0.0000 0.9249
vn -0.4031 -0.0000 0.9152
vn -0.4259 -0.0000 0.9048
vn -0.4144 -0.0000 0.9101
vn -0.4491 -0.0000 0.8935
vn -0.4717 -0.0000 0.8818
vn -0.4942 -0.0000 0.8693
vn -0.5167 -0.0000 0.8561
vn -0.5388 -0.0000 0.8424
vn -0.5604 -0.0000 0.8283
vn -0.5814 -0.0000 0.8136
vn -0.6023 -0.0000 0.7983
vn -0.6227 -0.0000 0.7825
vn -0.6426 -0.0000 0.7662
vn -0.6618 -0.0000 0.7496
vn -0.9975 -0.0000 0.0710
vn -0.0764 -0.0000 -0.9971
vn 0.6616 -0.0000 -0.7498
vn 0.6449 -0.0000 -0.7643
vn 0.6271 -0.0000 -0.7789
vn 0.6096 -0.0000 -0.7927
vn 0.5915 -0.0000 -0.8063
vn 0.5730 -0.0000 -0.8195
vn 0.5542 -0.0000 -0.8324
vn 0.5355 -0.0000 -0.8445
vn 0.5160 -0.0000 -0.8566
vn 0.4967 -0.0000 -0.8679
vn 0.4775 -0.0000 -0.8786
vn 0.4577 -0.0000 -0.8891
vn 0.4379 -0.0000 -0.8990
vn 0.4183 -0.0000 -0.9083
vn 0.3982 -0.0000 -0.9173
vn 0.3771 -0.0000 -0.9262
vn 0.3551 -0.0000 -0.9348
vn 0.3322 -0.0000 -0.9432
vn 0.3086 -0.0000 -0.9512
vn 0.2844 -0.0000 -0.9587
vn 0.2590 -0.0000 -0.9659
vn 0.2328 -0.0000 -0.9725
vn 0.2061 -0.0000 -0.9785
vn 0.1783 -0.0000 -0.9840
vn 0.1499 -0.0000 -0.9887
vn 0.1215 -0.0000 -0.9926
vn 0.0918 -0.0000 -0.9958
vn 0.0615 -0.0000 -0.9981
vn 0.0306 -0.0000 -0.9995
vn 0.0014 -0.0000 -1.0000
vn -0.0262 -0.0000 -0.9997
vn -0.0544 -0.0000 -0.9985
vn -0.0846 -0.0000 -0.9964
vn -0.1164 -0.0000 -0.9932
vn -0.1510 -0.0000 -0.9885
vn -0.1874 -0.0000 -0.9823
vn -0.2266 -0.0000 -0.9740
vn -0.2683 -0.0000 -0.9633
vn -0.3122 -0.0000 -0.9500
vn -0.3584 -0.0000 -0.9336
vn -0.4064 -0.0000 -0.9137
vn -0.4563 -0.0000 -0.8898
vn -0.5076 -0.0000 -0.8616
vn -0.5604 -0.0000 -0.8283
vn -0.6097 -0.0000 -0.7927
vn -0.6545 -0.0000 -0.7560
vn -0.6970 -0.0000 -0.7171
vn -0.7384 -0.0000 -0.6744
vn -0.7787 -0.0000 -0.6274
vn -0.8169 -0.0000 -0.5768
vn -0.8522 -0.0000 -0.5232
vn -0.8847 -0.0000 -0.4662
vn -0.9131 -0.0000 -0.4076
vn -0.9376 -0.0000 -0.3476
vn -0.9579 -0.0000 -0.2870
vn -0.9739 -0.0000 -0.2268
vn -0.9859 -0.0000 -0.1672
vn -0.9940 -0.0000 -0.1090
vn -0.9986 -0.0000 -0.0533
vn -1.0000 -0.0000 -0.0040
vn -0.9993 -0.0000 0.0374
vn -0.9971 -0.0000 0.0761
vn -0.9931 -0.0000 0.1170
vn -0.9872 -0.0000 0.1594
vn -0.9792 -0.0000 0.2031
vn -0.9685 -0.0000 0.2490
vn -0.9552 -0.0000 0.2960
vn -0.9390 -0.0000 0.3440
vn -0.9198 -0.0000 0.3925
vn -0.8977 -0.0000 0.4406
vn -0.8722 -0.0000 0.4891
vn -0.8440 -0.0000 0.5363
vn -0.8127 -0.0000 0.5826
vn -0.7793 -0.0000 0.6267
vn -0.7472 -0.0000 0.6646
vn -0.7216 -0.0000 0.6923
vn -0.6999 -0.0000 0.7142
vn -0.6784 -0.0000 0.7346
vn -0.6569 -0.0000 0.7540
vn -0.6356 -0.0000 0.7720
vn -0.6149 -0.0000 0.7886
vn -0.5945 -0.0000 0.8041
vn -0.5742 -0.0000 0.8187
vn -0.5548 -0.0000 0.8320
vn -0.5356 -0.0000 0.8445
vn -0.5168 -0.0000 0.8561
vn -0.4988 -0.0000 0.8667
vn -0.4813 -0.0000 0.8765
vn -0.4641 -0.0000 0.8858
vn -0.4496 -0.0000 0.8932
vn -0.4403 -0.0000 0.8979
vn -0.4339 -0.0000 0.9010
vn -0.4275 -0.0000 0.9040
vn -0.4213 -0.0000 0.9069
vn -0.4156 -0.0000 0.9095
vn -0.4097 -0.0000 0.9122
vn -0.4044 -0.0000 0.9146
vn -0.3991 -0.0000 0.9169
vn -0.3940 -0.0000 0.9191
vn -0.3890 -0.0000 0.9212
vn -0.3841 -0.0000 0.9233
vn -0.3794 -0.0000 0.9253
vn -0.3750 -0.0000 0.9270
vn -0.3708 -0.0000 0.9287
vn -0.3789 -0.0000 0.9255
vn -0.3928 -0.0000 0.9196
vn -0.4046 -0.0000 0.9145
vn -0.4204 -0.0000 0.9074
vn -0.4365 -0.0000 0.8997
vn -0.4524 -0.0000 0.8918
vn -0.4681 -0.0000 0.8837
vn -0.4833 -0.0000 0.8754
vn -0.4983 -0.0000 0.8670
vn -0.5132 -0.0000 0.8583
vn -0.5277 -0.0000 0.8494
vn -0.5419 -0.0000 0.8404
vn -0.5558 -0.0000 0.8313
vn -0.5696 -0.0000 0.8219
vn -0.5832 -0.0000 0.8123
vn -0.5960 -0.0000 0.8030
vn -0.6117 -0.0000 0.7911
vn -0.6310 -0.0000 0.7758
vn -0.6528 -0.0000 0.7576
vn -0.6740 -0.0000 0.7387
vn -0.6947 -0.0000 0.7193
vn -0.7149 -0.0000 0.6993
vn -0.7343 -0.0000 0.6788
vn -0.7533 -0.0000 0.6577
vn -0.7715 -0.0000 0.6362
vn -0.7891 -0.0000 0.6143
vn -0.8060 -0.0000 0.5919
vn -0.8220 -0.0000 0.5695
vn -0.8371 -0.0000 0.5471
vn -0.8517 -0.0000 0.5241
vn -0.8653 -0.0000 0.5012
vn -0.8797 -0.0000 0.4756
vn -0.8957 -0.0000 0.4447
vn -0.9115 -0.0000 0.4112
vn -0.9259 -0.0000 0.3777
vn -0.9391 -0.0000 0.3436
vn -0.9508 -0.0000 0.3097
vn -0.9611 -0.0000 0.2763
vn -0.9700 -0.0000 0.2432
vn -0.9777 -0.0000 0.2102
vn -0.9841 -0.0000 0.1778
vn -0.9892 -0.0000 0.1465
vn -0.9933 -0.0000 0.1156
vn -0.9963 -0.0000 0.0854
vn -0.9984 -0.0000 0.0560
vn -0.9996 -0.0000 0.0274
vn -1.0000 -0.0000 -0.0023
vn -0.9993 -0.0000 -0.0365
vn -0.9973 -0.0000 -0.0738
vn -0.9937 -0.0000 -0.1118
vn -0.9886 -0.0000 -0.1502
vn -0.9820 -0.0000 -0.1890
vn -0.9736 -0.0000 -0.2281
vn -0.9636 -0.0000 -0.2672
vn -0.9520 -0.0000 -0.3059
vn -0.9389 -0.0000 -0.3442
vn -0.9241 -0.0000 -0.3821
vn -0.9079 -0.0000 -0.4192
vn -0.8903 -0.0000 -0.4553
vn -0.8714 -0.0000 -0.4906
vn -0.8517 -0.0000 -0.5241
vn -0.8311 -0.0000 -0.5561
vn -0.8095 -0.0000 -0.5872
vn -0.7873 -0.0000 -0.6166
vn -0.7638 -0.0000 -0.6455
vn -0.7392 -0.0000 -0.6735
vn -0.7139 -0.0000 -0.7003
vn -0.6881 -0.0000 -0.7256
vn -0.6611 -0.0000 -0.7503
vn -0.6337 -0.0000 -0.7736
vn -0.6059 -0.0000 -0.7955
vn -0.5779 -0.0000 -0.8161
vn -0.5499 -0.0000 -0.8352
vn -0.5216 -0.0000 -0.8532
vn -0.4936 -0.0000 -0.8697
vn -0.4659 -0.0000 -0.8848
vn -0.4375 -0.0000 -0.8992
vn -0.4075 -0.0000 -0.9132
vn -0.3767 -0.0000 -0.9263
vn -0.3456 -0.0000 -0.9384
vn -0.3147 -0.0000 -0.9492
vn -0.2835 -0.0000 -0.9590
vn -0.2534 -0.0000 -0.9674
vn -0.2230 -0.0000 -0.9748
vn -0.1930 -0.0000 -0.9812
vn -0.1634 -0.0000 -0.9866
vn -0.1348 -0.0000 -0.9909
vn -0.1065 -0.0000 -0.9943
vn -0.0788 -0.0000 -0.9969
vn -0.0520 -0.0000 -0.9986
vn -0.0256 -0.0000 -0.9997
vn 0.0001 -0.0000 -1.0000
vn 0.0250 -0.0000 -0.9997
vn 0.0505 -0.0000 -0.9987
vn 0.0757 -0.0000 -0.9971
vn 0.1008 -0.0000 -0.9949
vn 0.1265 -0.0000 -0.9920
vn 0.1515 -0.0000 -0.9885
vn 0.1760 -0.0000 -0.9844
vn 0.2008 -0.0000 -0.9796
vn 0.2256 -0.0000 -0.9742
vn 0.2498 -0.0000 -0.9683
vn 0.2736 -0.0000 -0.9618
vn 0.2971 -0.0000 -0.9548
vn 0.3200 -0.0000 -0.9474
vn 0.3428 -0.0000 -0.9394
vn 0.3660 -0.0000 -0.9306
vn 0.3906 -0.0000 -0.9206
vn 0.4159 -0.0000 -0.9094
vn 0.4409 -0.0000 -0.8976
vn 0.4663 -0.0000 -0.8846
vn 0.4914 -0.0000 -0.8710
vn 0.5159 -0.0000 -0.8567
vn 0.5400 -0.0000 -0.8417
vn 0.5638 -0.0000 -0.8259
vn 0.5873 -0.0000 -0.8093
vn 0.6099 -0.0000 -0.7925
vn 0.6322 -0.0000 -0.7748
vn 0.6540 -0.0000 -0.7565
vn 0.6748 -0.0000 -0.7380
vn 0.6952 -0.0000 -0.7188
vn 0.7051 -0.0000 -0.7091
vn 0.9985 -0.0000 -0.0542
vn 0.1236 -0.0000 0.9923
vn -0.6015 -0.0000 0.7989
vn -0.5891 -0.0000 0.8081
vn -0.5760 -0.0000 0.8174
vn -0.5621 -0.0000 0.8271
vn -0.5485 -0.0000 0.8361
vn -0.5345 -0.0000 0.8452
vn -0.5191 -0.0000 0.8547
vn -0.5042 -0.0000 0.8636
vn -0.4887 -0.0000 0.8724
vn -0.4725 -0.0000 0.8813
vn -0.4563 -0.0000 0.8898
vn -0.4395 -0.0000 0.8982
vn -0.4222 -0.0000 0.9065
vn -0.4043 -0.0000 0.9146
vn -0.3842 -0.0000 0.9232
vn -0.3600 -0.0000 0.9330
vn -0.3328 -0.0000 0.9430
vn -0.3056 -0.0000 0.9522
vn -0.2790 -0.0000 0.9603
vn -0.2520 -0.0000 0.9677
vn -0.2253 -0.0000 0.9743
vn -0.1992 -0.0000 0.9800
vn -0.1727 -0.0000 0.9850
vn -0.1468 -0.0000 0.9892
vn -0.1210 -0.0000 0.9926
vn -0.0960 -0.0000 0.9954
vn -0.0711 -0.0000 0.9975
vn -0.0473 -0.0000 0.9989
vn -0.0231 -0.0000 0.9997
vn 0.0013 -0.0000 1.0000
vn 0.0285 -0.0000 0.9996
vn 0.0580 -0.0000 0.9983
vn 0.0897 -0.0000 0.9960
vn 0.1230 -0.0000 0.9924
vn 0.1575 -0.0000 0.9875
vn 0.1942 -0.0000 0.9810
vn 0.2327 -0.0000 0.9725
vn 0.2723 -0.0000 0.9622
vn 0.3142 -0.0000 0.9494
vn 0.3569 -0.0000 0.9341
vn 0.4007 -0.0000 0.9162
vn 0.4450 -0.0000 0.8955
vn 0.4899 -0.0000 0.8718
vn 0.5353 -0.0000 0.8447
vn 0.5799 -0.0000 0.8147
vn 0.6246 -0.0000 0.7810
vn 0.6696 -0.0000 0.7427
vn 0.7138 -0.0000 0.7003
vn 0.7574 -0.0000 0.6530
vn 0.7990 -0.0000 0.6014
vn 0.8376 -0.0000 0.5464
vn 0.8728 -0.0000 0.4880
vn 0.9043 -0.0000 0.4269
vn 0.9313 -0.0000 0.3642
vn 0.9537 -0.0000 0.3008
vn 0.9715 -0.0000 0.2372
vn 0.9846 -0.0000 0.1749
vn 0.9934 -0.0000 0.1146
vn 0.9984 -0.0000 0.0562
vn 1.0000 -0.0000 0.0033
vn 0.9991 -0.0000 -0.0430
vn 0.9962 -0.0000 -0.0876
vn 0.9910 -0.0000 -0.1336
vn 0.9835 -0.0000 -0.1810
vn 0.9731 -0.0000 -0.2303
vn 0.9600 -0.0000 -0.2800
vn 0.9441 -0.0000 -0.3296
vn 0.9248 -0.0000 -0.3805
vn 0.9028 -0.0000 -0.4300
vn 0.8779 -0.0000 -0.4789
vn 0.8502 -0.0000 -0.5265
vn 0.8202 -0.0000 -0.5720
vn 0.7879 -0.0000 -0.6158
vn 0.7540 -0.0000 -0.6568
vn 0.7220 -0.0000 -0.6919
vn 0.6965 -0.0000 -0.7176
vn 0.6740 -0.0000 -0.7387
vn 0.6519 -0.0000 -0.7583
vn 0.6297 -0.0000 -0.7769
vn 0.6081 -0.0000 -0.7938
vn 0.5867 -0.0000 -0.8098
vn 0.5655 -0.0000 -0.8248
vn 0.5443 -0.0000 -0.8389
vn 0.5240 -0.0000 -0.8517
vn 0.5041 -0.0000 -0.8636
vn 0.4846 -0.0000 -0.8747
vn 0.4655 -0.0000 -0.8850
vn 0.4469 -0.0000 -0.8946
vn 0.4287 -0.0000 -0.9034
vn 0.4144 -0.0000 -0.9101
vn 0.4073 -0.0000 -0.9133
vn 0.4040 -0.0000 -0.9148
vn 0.4004 -0.0000 -0.9163
vn 0.3968 -0.0000 -0.9179
vn 0.3941 -0.0000 -0.9191
vn 0.3907 -0.0000 -0.9205
vn 0.3877 -0.0000 -0.9218
vn 0.3846 -0.0000 -0.9231
vn 0.3822 -0.0000 -0.9241
vn 0.3791 -0.0000 -0.9253
vn 0.3766 -0.0000 -0.9264
vn 0.3741 -0.0000 -0.9274
vn 0.3713 -0.0000 -0.9285
vn 0.3694 -0.0000 -0.9293
vn 0.3742 -0.0000 -0.9273
vn 0.3798 -0.0000 -0.9251
vn 0.3885 -0.0000 -0.9215
vn 0.4057 -0.0000 -0.9140
vn 0.4233 -0.0000 -0.9060
vn 0.4586 -0.0000 -0.8887
vn 0.4769 -0.0000 -0.8790
vn 0.4949 -0.0000 -0.8689
vn 0.5127 -0.0000 -0.8586
vn 0.5314 -0.0000 -0.8471
vn 0.5497 -0.0000 -0.8354
vn 0.5678 -0.0000 -0.8232
vn 0.5858 -0.0000 -0.8104
vn 0.6042 -0.0000 -0.7968
vn 0.6224 -0.0000 -0.7827
vn 0.6409 -0.0000 -0.7676
vn 0.6613 -0.0000 -0.7501
vn 0.6820 -0.0000 -0.7314
vn 0.7023 -0.0000 -0.7118
vn 0.7223 -0.0000 -0.6916
vn 0.7421 -0.0000 -0.6703
vn 0.7614 -0.0000 -0.6483
vn 0.7800 -0.0000 -0.6258
vn 0.7980 -0.0000 -0.6027
vn 0.8154 -0.0000 -0.5788
vn 0.8320 -0.0000 -0.5547
vn 0.8480 -0.0000 -0.5300
vn 0.8631 -0.0000 -0.5051
vn 0.8775 -0.0000 -0.4796
vn 0.8911 -0.0000 -0.4539
vn 0.9045 -0.0000 -0.4265
vn 0.9184 -0.0000 -0.3956
vn 0.9317 -0.0000 -0.3633
vn 0.9434 -0.0000 -0.3315
vn 0.9540 -0.0000 -0.2999
vn 0.9631 -0.0000 -0.2690
vn 0.9711 -0.0000 -0.2385
vn 0.9780 -0.0000 -0.2086
vn 0.9837 -0.0000 -0.1796
vn 0.9885 -0.0000 -0.1514
vn 0.9923 -0.0000 -0.1241
vn 0.9952 -0.0000 -0.0978
vn 0.9974 -0.0000 -0.0721
vn 0.9989 -0.0000 -0.0471
vn 0.9997 -0.0000 -0.0231
vn 0.9994 -0.0000 0.0354
vn 0.9975 -0.0000 0.0712
vn 0.9942 -0.0000 0.1077
vn 0.9895 -0.0000 0.1446
vn 0.9833 -0.0000 0.1819
vn 0.9758 -0.0000 0.2186
vn 0.9668 -0.0000 0.2556
vn 0.9563 -0.0000 0.2923
vn 0.9443 -0.0000 0.3290
vn 0.9311 -0.0000 0.3648
vn 0.9166 -0.0000 0.3998
vn 0.9010 -0.0000 0.4339
vn 0.8843 -0.0000 0.4670
vn 0.8667 -0.0000 0.4987
vn 0.8476 -0.0000 0.5307
vn 0.8263 -0.0000 0.5632
vn 0.8035 -0.0000 0.5953
vn 0.7795 -0.0000 0.6264
vn 0.7543 -0.0000 0.6566
vn 0.7283 -0.0000 0.6853
vn 0.7016 -0.0000 0.7126
vn 0.6740 -0.0000 0.7387
vn 0.6464 -0.0000 0.7630
vn 0.6180 -0.0000 0.7862
vn 0.5898 -0.0000 0.8075
vn 0.5615 -0.0000 0.8275
vn 0.5331 -0.0000 0.8461
vn 0.5052 -0.0000 0.8630
vn 0.4775 -0.0000 0.8786
vn 0.7183 -0.0000 0.6957
vn -0.7183 -0.0000 0.6957
vn -0.7183 -0.0000 -0.6957
vn 0.7183 -0.0000 -0.6957
vn -0.4546 -0.0000 -0.8907
vn 0.9054 -0.0000 -0.4245
vn 0.9983 -0.0000 0.0577
vn 0.8790 -0.0000 0.4768
vn -0.5061 -0.0000 0.8625
vn -0.0663 -0.0000 0.9978
vn 0.9482 -0.0000 0.3175
vn 0.9992 -0.0000 0.0387
vn 0.4564 -0.0000 -0.8898
vn -0.6712 -0.0000 -0.7413
vn -0.6589 -0.0000 -0.7523
vn -0.6468 -0.0000 -0.7627
vn -0.6340 -0.0000 -0.7733
vn -0.6213 -0.0000 -0.7835
vn -0.6092 -0.0000 -0.7930
vn -0.5968 -0.0000 -0.8024
vn -0.5842 -0.0000 -0.8116
vn -0.5721 -0.0000 -0.8202
vn -0.5595 -0.0000 -0.8288
vn -0.5475 -0.0000 -0.8368
vn -0.5354 -0.0000 -0.8446
vn -0.5235 -0.0000 -0.8521
vn -0.5111 -0.0000 -0.8595
vn -0.4937 -0.0000 -0.8696
vn -0.4650 -0.0000 -0.8853
vn -0.4300 -0.0000 -0.9028
vn -0.3951 -0.0000 -0.9186
vn -0.3598 -0.0000 -0.9330
vn -0.3242 -0.0000 -0.9460
vn -0.2887 -0.0000 -0.9574
vn -0.2540 -0.0000 -0.9672
vn -0.2199 -0.0000 -0.9755
vn -0.1862 -0.0000 -0.9825
vn -0.1528 -0.0000 -0.9883
vn -0.1203 -0.0000 -0.9927
vn -0.0893 -0.0000 -0.9960
vn -0.0585 -0.0000 -0.9983
vn -0.0286 -0.0000 -0.9996
vn 0.0042 -0.0000 -1.0000
vn 0.0459 -0.0000 -0.9989
vn 0.0945 -0.0000 -0.9955
vn 0.1465 -0.0000 -0.9892
vn 0.2018 -0.0000 -0.9794
vn 0.2598 -0.0000 -0.9657
vn 0.3196 -0.0000 -0.9476
vn 0.3818 -0.0000 -0.9242
vn 0.4446 -0.0000 -0.8957
vn 0.5075 -0.0000 -0.8617
vn 0.5688 -0.0000 -0.8225
vn 0.6281 -0.0000 -0.7781
vn 0.6841 -0.0000 -0.7294
vn 0.7358 -0.0000 -0.6772
vn 0.7827 -0.0000 -0.6224
vn 0.8225 -0.0000 -0.5688
vn 0.8538 -0.0000 -0.5206
vn 0.8797 -0.0000 -0.4756
vn 0.9025 -0.0000 -0.4307
vn 0.9222 -0.0000 -0.3867
vn 0.9391 -0.0000 -0.3437
vn 0.9533 -0.0000 -0.3019
vn 0.9652 -0.0000 -0.2616
vn 0.9748 -0.0000 -0.2231
vn 0.9825 -0.0000 -0.1861
vn 0.9789 -0.0000 -0.2042
vn 0.9886 -0.0000 -0.1507
vn 0.9931 -0.0000 -0.1174
vn 0.9963 -0.0000 -0.0856
vn 0.9985 -0.0000 -0.0554
vn 0.9996 -0.0000 -0.0271
vn 1.0000 -0.0000 -0.0067
vn -1.0000 -0.0000 0.0047
vn -0.9998 -0.0000 0.0197
vn -0.9992 -0.0000 0.0409
vn -0.9980 -0.0000 0.0637
vn -0.9960 -0.0000 0.0891
vn -0.9931 -0.0000 0.1172
vn -0.9890 -0.0000 0.1477
vn -0.9834 -0.0000 0.1816
vn -0.9757 -0.0000 0.2192
vn -0.9655 -0.0000 0.2603
vn -0.9519 -0.0000 0.3063
vn -0.9341 -0.0000 0.3569
vn -0.9109 -0.0000 0.4126
vn -0.8810 -0.0000 0.4731
vn -0.8431 -0.0000 0.5378
vn -0.7979 -0.0000 0.6028
vn -0.7510 -0.0000 0.6603
vn -0.7017 -0.0000 0.7124
vn -0.6484 -0.0000 0.7613
vn -0.5919 -0.0000 0.8060
vn -0.5335 -0.0000 0.8458
vn -0.4733 -0.0000 0.8809
vn -0.4131 -0.0000 0.9107
vn -0.3535 -0.0000 0.9355
vn -0.2955 -0.0000 0.9553
vn -0.2390 -0.0000 0.9710
vn -0.1858 -0.0000 0.9826
vn -0.1349 -0.0000 0.9909
vn -0.0871 -0.0000 0.9962
vn -0.0419 -0.0000 0.9991
vn -0.0028 -0.0000 1.0000
vn 0.0310 -0.0000 0.9995
vn 0.0630 -0.0000 0.9980
vn 0.0958 -0.0000 0.9954
vn 0.1294 -0.0000 0.9916
vn 0.1647 -0.0000 0.9863
vn 0.2000 -0.0000 0.9798
vn 0.2365 -0.0000 0.9716
vn 0.2738 -0.0000 0.9618
vn 0.3110 -0.0000 0.9504
vn 0.3485 -0.0000 0.9373
vn 0.3861 -0.0000 0.9225
vn 0.4236 -0.0000 0.9059
vn 0.4611 -0.0000 0.8874
vn 0.4976 -0.0000 0.8674
vn 0.5279 -0.0000 0.8493
vn 0.5479 -0.0000 0.8365
vn 0.5620 -0.0000 0.8271
vn 0.5747 -0.0000 0.8184
vn 0.5869 -0.0000 0.8097
vn 0.5982 -0.0000 0.8014
vn 0.6091 -0.0000 0.7931
vn 0.6187 -0.0000 0.7857
vn 0.6283 -0.0000 0.7780
vn 0.6376 -0.0000 0.7704
vn 0.6456 -0.0000 0.7637
vn 0.6534 -0.0000 0.7570
vn 0.6610 -0.0000 0.7504
vn 0.6684 -0.0000 0.7438
vn 0.6749 -0.0000 0.7379
vn 0.9176 -0.0000 0.3975
vn 0.4848 -0.0000 0.8746
vn 0.4494 -0.0000 0.8933
vn 0.4123 -0.0000 0.9111
vn 0.3755 -0.0000 0.9268
vn 0.3393 -0.0000 0.9407
vn 0.3035 -0.0000 0.9528
vn 0.2683 -0.0000 0.9633
vn 0.2340 -0.0000 0.9722
vn 0.2016 -0.0000 0.9795
vn 0.1689 -0.0000 0.9856
vn 0.1379 -0.0000 0.9904
vn 0.1082 -0.0000 0.9941
vn 0.0798 -0.0000 0.9968
vn 0.0520 -0.0000 0.9986
vn 0.0253 -0.0000 0.9997
vn 0.0043 -0.0000 1.0000
vn -0.0081 -0.0000 1.0000
vn -0.0162 -0.0000 0.9999
vn -0.0244 -0.0000 0.9997
vn -0.0335 -0.0000 0.9994
vn -0.0427 -0.0000 0.9991
vn -0.0522 -0.0000 0.9986
vn -0.0621 -0.0000 0.9981
vn -0.0723 -0.0000 0.9974
vn -0.0838 -0.0000 0.9965
vn -0.0954 -0.0000 0.9954
vn -0.1066 -0.0000 0.9943
vn -0.1193 -0.0000 0.9929
vn -0.1324 -0.0000 0.9912
vn -0.1457 -0.0000 0.9893
vn -0.1582 -0.0000 0.9874
vn -0.1679 -0.0000 0.9858
vn -0.1759 -0.0000 0.9844
vn -0.1836 -0.0000 0.9830
vn -0.1914 -0.0000 0.9815
vn -0.2000 -0.0000 0.9798
vn -0.2077 -0.0000 0.9782
vn -0.2154 -0.0000 0.9765
vn -0.2236 -0.0000 0.9747
vn -0.2318 -0.0000 0.9728
vn -0.2403 -0.0000 0.9707
vn -0.2489 -0.0000 0.9685
vn -0.2572 -0.0000 0.9664
vn -0.2655 -0.0000 0.9641
vn -0.2741 -0.0000 0.9617
vn -0.8715 -0.0000 0.4903
vn -0.5766 -0.0000 -0.8170
vn 0.1378 -0.0000 -0.9905
vn 0.1519 -0.0000 -0.9884
vn 0.1643 -0.0000 -0.9864
vn 0.1767 -0.0000 -0.9843
vn 0.1891 -0.0000 -0.9820
vn 0.2003 -0.0000 -0.9797
vn 0.2113 -0.0000 -0.9774
vn 0.2225 -0.0000 -0.9749
vn 0.2326 -0.0000 -0.9726
vn 0.2423 -0.0000 -0.9702
vn 0.2517 -0.0000 -0.9678
vn 0.2614 -0.0000 -0.9652
vn 0.2702 -0.0000 -0.9628
vn 0.2786 -0.0000 -0.9604
vn 0.2815 -0.0000 -0.9596
vn 0.2697 -0.0000 -0.9630
vn 0.2512 -0.0000 -0.9679
vn 0.2334 -0.0000 -0.9724
vn 0.2150 -0.0000 -0.9766
vn 0.1962 -0.0000 -0.9806
vn 0.1777 -0.0000 -0.9841
vn 0.1581 -0.0000 -0.9874
vn 0.1387 -0.0000 -0.9903
vn 0.1192 -0.0000 -0.9929
vn 0.0992 -0.0000 -0.9951
vn 0.0797 -0.0000 -0.9968
vn 0.0600 -0.0000 -0.9982
vn 0.0402 -0.0000 -0.9992
vn 0.0202 -0.0000 -0.9998
vn -0.0042 -0.0000 -1.0000
vn -0.0354 -0.0000 -0.9994
vn -0.0724 -0.0000 -0.9974
vn -0.1118 -0.0000 -0.9937
vn -0.1531 -0.0000 -0.9882
vn -0.1961 -0.0000 -0.9806
vn -0.2416 -0.0000 -0.9704
vn -0.2883 -0.0000 -0.9575
vn -0.3361 -0.0000 -0.9418
vn -0.3854 -0.0000 -0.9227
vn -0.4349 -0.0000 -0.9005
vn -0.4850 -0.0000 -0.8745
vn -0.5348 -0.0000 -0.8450
vn -0.5832 -0.0000 -0.8123
vn -0.6301 -0.0000 -0.7765
vn -0.6707 -0.0000 -0.7418
vn -0.7017 -0.0000 -0.7125
vn -0.7280 -0.0000 -0.6856
vn -0.7526 -0.0000 -0.6585
vn -0.7764 -0.0000 -0.6303
vn -0.7989 -0.0000 -0.6015
vn -0.8197 -0.0000 -0.5728
vn -0.8400 -0.0000 -0.5427
vn -0.8584 -0.0000 -0.5130
vn -0.8755 -0.0000 -0.4832
vn -0.8914 -0.0000 -0.4532
vn -0.9059 -0.0000 -0.4236
vn -0.9190 -0.0000 -0.3943
vn -0.9312 -0.0000 -0.3645
vn -0.9419 -0.0000 -0.3359
vn -0.9538 -0.0000 -0.3006
vn -0.9989 -0.0000 0.0473
vn -0.8384 -0.0000 -0.5451
vn -0.9296 -0.0000 0.3685
vn 0.5936 -0.0000 -0.8048
vn 0.9492 -0.0000 -0.3147
vn 0.9501 -0.0000 -0.3119
vn 0.9513 -0.0000 -0.3082
vn 0.9528 -0.0000 -0.3037
vn 0.9540 -0.0000 -0.2997
vn 0.9553 -0.0000 -0.2955
vn 0.9566 -0.0000 -0.2915
vn 0.9580 -0.0000 -0.2869
vn 0.9591 -0.0000 -0.2829
vn 0.9603 -0.0000 -0.2789
vn 0.9616 -0.0000 -0.2744
vn 0.9627 -0.0000 -0.2706
vn 0.9638 -0.0000 -0.2666
vn 0.9651 -0.0000 -0.2620
vn 0.9661 -0.0000 -0.2580
vn 0.9668 -0.0000 -0.2555
vn 0.9667 -0.0000 -0.2558
vn 0.9663 -0.0000 -0.2573
vn 0.9658 -0.0000 -0.2594
vn 0.9651 -0.0000 -0.2617
vn 0.9648 -0.0000 -0.2628
vn 0.9643 -0.0000 -0.2648
vn 0.9637 -0.0000 -0.2670
vn 0.9632 -0.0000 -0.2686
vn 0.9622 -0.0000 -0.2722
vn 0.9618 -0.0000 -0.2738
vn 0.9612 -0.0000 -0.2757
vn 0.9608 -0.0000 -0.2772
vn 0.9602 -0.0000 -0.2794
vn 0.6088 -0.0000 -0.7934
vn -0.6430 -0.0000 -0.7659
vn -0.9800 -0.0000 -0.1992
vn -0.9794 -0.0000 -0.2021
vn -0.9786 -0.0000 -0.2056
vn -0.9779 -0.0000 -0.2090
vn -0.9774 -0.0000 -0.2116
vn -0.9766 -0.0000 -0.2148
vn -0.9760 -0.0000 -0.2179
vn -0.9753 -0.0000 -0.2210
vn -0.9745 -0.0000 -0.2243
vn -0.9738 -0.0000 -0.2273
vn -0.9731 -0.0000 -0.2303
vn -0.9724 -0.0000 -0.2331
vn -0.9717 -0.0000 -0.2364
vn -0.9708 -0.0000 -0.2397
vn -0.9703 -0.0000 -0.2418
vn -0.9702 -0.0000 -0.2424
vn -0.9702 -0.0000 -0.2422
vn -0.9701 -0.0000 -0.2426
vn -0.9700 -0.0000 -0.2430
vn -0.9702 -0.0000 -0.2423
vn -0.9700 -0.0000 -0.2429
vn -0.9652 -0.0000 -0.2613
vn -0.6088 -0.0000 -0.7933
vn 0.8254 -0.0000 -0.5646
vn 0.9406 -0.0000 0.3396
vn 0.9457 -0.0000 0.3251
vn 0.9330 -0.0000 0.3600
vn 0.9283 -0.0000 0.3718
vn 0.9233 -0.0000 0.3841
vn 0.9179 -0.0000 0.3967
vn 0.9122 -0.0000 0.4097
vn 0.9060 -0.0000 0.4233
vn 0.8993 -0.0000 0.4373
vn 0.8923 -0.0000 0.4515
vn 0.8848 -0.0000 0.4659
vn 0.8767 -0.0000 0.4811
vn 0.8678 -0.0000 0.4969
vn 0.8587 -0.0000 0.5126
vn 0.8486 -0.0000 0.5291
vn 0.8380 -0.0000 0.5456
vn 0.8258 -0.0000 0.5640
vn 0.8111 -0.0000 0.5849
vn 0.7947 -0.0000 0.6070
vn 0.7772 -0.0000 0.6293
vn 0.7587 -0.0000 0.6515
vn 0.7390 -0.0000 0.6737
vn 0.7184 -0.0000 0.6956
vn 0.6964 -0.0000 0.7176
vn 0.6733 -0.0000 0.7394
vn 0.6496 -0.0000 0.7602
vn 0.6248 -0.0000 0.7808
vn 0.5988 -0.0000 0.8009
vn 0.5718 -0.0000 0.8204
vn 0.5441 -0.0000 0.8390
vn 0.5158 -0.0000 0.8567
vn 0.6563 -0.0000 -0.7545
vn -0.3816 -0.0000 -0.9243
vn -0.6943 -0.0000 -0.7197
vn -0.6817 -0.0000 -0.7317
vn -0.6686 -0.0000 -0.7436
vn -0.6551 -0.0000 -0.7555
vn -0.6414 -0.0000 -0.7672
vn -0.6275 -0.0000 -0.7786
vn -0.6135 -0.0000 -0.7897
vn -0.5992 -0.0000 -0.8006
vn -0.5846 -0.0000 -0.8113
vn -0.5698 -0.0000 -0.8218
vn -0.5552 -0.0000 -0.8317
vn -0.5399 -0.0000 -0.8417
vn -0.5248 -0.0000 -0.8513
vn -0.5093 -0.0000 -0.8606
vn -0.4896 -0.0000 -0.8719
vn -0.4607 -0.0000 -0.8875
vn -0.4271 -0.0000 -0.9042
vn -0.3931 -0.0000 -0.9195
vn -0.3587 -0.0000 -0.9334
vn -0.3238 -0.0000 -0.9461
vn -0.2896 -0.0000 -0.9572
vn -0.2554 -0.0000 -0.9668
vn -0.2210 -0.0000 -0.9753
vn -0.1876 -0.0000 -0.9822
vn -0.1547 -0.0000 -0.9880
vn -0.1217 -0.0000 -0.9926
vn -0.0904 -0.0000 -0.9959
vn -0.0595 -0.0000 -0.9982
vn -0.0289 -0.0000 -0.9996
vn 0.0039 -0.0000 -1.0000
vn 0.2595 -0.0000 -0.9657
vn 0.3195 -0.0000 -0.9476
vn 0.4447 -0.0000 -0.8957
vn 0.5071 -0.0000 -0.8619
vn 0.5687 -0.0000 -0.8225
vn 0.6281 -0.0000 -0.7782
vn 0.6842 -0.0000 -0.7293
vn 0.7360 -0.0000 -0.6770
vn 0.7827 -0.0000 -0.6223
vn 0.8224 -0.0000 -0.5690
vn 0.8536 -0.0000 -0.5209
vn 0.9392 -0.0000 -0.3435
vn 0.9533 -0.0000 -0.3020
vn 0.9651 -0.0000 -0.2618
vn 0.9885 -0.0000 -0.1510
vn 0.9931 -0.0000 -0.1172
vn 0.9963 -0.0000 -0.0855
vn 0.9985 -0.0000 -0.0557
vn 0.9996 -0.0000 -0.0269
vn 1.0000 -0.0000 -0.0065
vn -0.9992 -0.0000 0.0405
vn -0.9979 -0.0000 0.0642
vn -0.9932 -0.0000 0.1167
vn -0.9890 -0.0000 0.1476
vn -0.9834 -0.0000 0.1815
vn -0.9654 -0.0000 0.2609
vn -0.9520 -0.0000 0.3062
vn -0.9342 -0.0000 0.3568
vn -0.9109 -0.0000 0.4127
vn -0.8812 -0.0000 0.4727
vn -0.7018 -0.0000 0.7124
vn -0.6488 -0.0000 0.7610
vn -0.5334 -0.0000 0.8459
vn -0.4732 -0.0000 0.8809
vn -0.4128 -0.0000 0.9108
vn -0.3536 -0.0000 0.9354
vn -0.2954 -0.0000 0.9554
vn -0.2391 -0.0000 0.9710
vn -0.1857 -0.0000 0.9826
vn -0.0868 -0.0000 0.9962
vn -0.0422 -0.0000 0.9991
vn 0.0957 -0.0000 0.9954
vn 0.2001 -0.0000 0.9798
vn 0.2364 -0.0000 0.9717
vn 0.2739 -0.0000 0.9618
vn 0.3113 -0.0000 0.9503
vn 0.3486 -0.0000 0.9373
vn 0.5280 -0.0000 0.8493
vn 0.5483 -0.0000 0.8363
vn 0.5616 -0.0000 0.8274
vn 0.5748 -0.0000 0.8183
vn 0.6190 -0.0000 0.7854
vn 0.6284 -0.0000 0.7779
vn 0.6374 -0.0000 0.7706
vn 0.6613 -0.0000 0.7502
vn 0.6680 -0.0000 0.7441
vn 0.6782 -0.0000 0.7349
vn 0.6371 -0.0000 0.7708
vn 0.5943 -0.0000 0.8042
vn 0.5490 -0.0000 0.8358
vn 0.5027 -0.0000 0.8645
vn 0.4551 -0.0000 0.8904
vn 0.4065 -0.0000 0.9137
vn 0.3580 -0.0000 0.9337
vn 0.3091 -0.0000 0.9510
vn 0.2608 -0.0000 0.9654
vn 0.2140 -0.0000 0.9768
vn 0.1678 -0.0000 0.9858
vn 0.1238 -0.0000 0.9923
vn 0.0806 -0.0000 0.9967
vn 0.0395 -0.0000 0.9992
vn 0.0002 -0.0000 1.0000
vn -0.0382 -0.0000 0.9993
vn -0.0787 -0.0000 0.9969
vn -0.1216 -0.0000 0.9926
vn -0.1653 -0.0000 0.9862
vn -0.2107 -0.0000 0.9775
vn -0.2577 -0.0000 0.9662
vn -0.3066 -0.0000 0.9519
vn -0.3561 -0.0000 0.9345
vn -0.4055 -0.0000 0.9141
vn -0.4551 -0.0000 0.8904
vn -0.5039 -0.0000 0.8638
vn -0.5518 -0.0000 0.8340
vn -0.5984 -0.0000 0.8012
vn -0.6854 -0.0000 0.7282
vn -0.7256 -0.0000 0.6881
vn -0.7644 -0.0000 0.6447
vn -0.8016 -0.0000 0.5979
vn -0.8357 -0.0000 0.5492
vn -0.8668 -0.0000 0.4986
vn -0.8950 -0.0000 0.4460
vn -0.9195 -0.0000 0.3930
vn -0.9405 -0.0000 0.3397
vn -0.9579 -0.0000 0.2870
vn -0.9720 -0.0000 0.2349
vn -0.9828 -0.0000 0.1846
vn -0.9908 -0.0000 0.1354
vn -0.9961 -0.0000 0.0883
vn -0.9991 -0.0000 0.0431
vn -1.0000 -0.0000 -0.0005
vn -0.9990 -0.0000 -0.0453
vn -0.9957 -0.0000 -0.0925
vn -0.9899 -0.0000 -0.1415
vn -0.9814 -0.0000 -0.1920
vn -0.9698 -0.0000 -0.2439
vn -0.9549 -0.0000 -0.2968
vn -0.9367 -0.0000 -0.3500
vn -0.9152 -0.0000 -0.4030
vn -0.8900 -0.0000 -0.4559
vn -0.8619 -0.0000 -0.5071
vn -0.8309 -0.0000 -0.5564
vn -0.7970 -0.0000 -0.6040
vn -0.7614 -0.0000 -0.6483
vn -0.7240 -0.0000 -0.6898
vn -0.6843 -0.0000 -0.7292
vn -0.6426 -0.0000 -0.7662
vn -0.5986 -0.0000 -0.8011
vn -0.5522 -0.0000 -0.8337
vn -0.5038 -0.0000 -0.8638
vn -0.4550 -0.0000 -0.8905
vn -0.4055 -0.0000 -0.9141
vn -0.3561 -0.0000 -0.9345
vn -0.3065 -0.0000 -0.9519
vn -0.2584 -0.0000 -0.9660
vn -0.2108 -0.0000 -0.9775
vn -0.1653 -0.0000 -0.9862
vn -0.1212 -0.0000 -0.9926
vn -0.0789 -0.0000 -0.9969
vn -0.0383 -0.0000 -0.9993
vn 0.0002 -0.0000 -1.0000
vn 0.0396 -0.0000 -0.9992
vn 0.0805 -0.0000 -0.9968
vn 0.1233 -0.0000 -0.9924
vn 0.1678 -0.0000 -0.9858
vn 0.2139 -0.0000 -0.9769
vn 0.2611 -0.0000 -0.9653
vn 0.3090 -0.0000 -0.9511
vn 0.3579 -0.0000 -0.9337
vn 0.4065 -0.0000 -0.9137
vn 0.4550 -0.0000 -0.8905
vn 0.5026 -0.0000 -0.8645
vn 0.5495 -0.0000 -0.8355
vn 0.5943 -0.0000 -0.8042
vn 0.6370 -0.0000 -0.7708
vn 0.6778 -0.0000 -0.7353
vn 0.7171 -0.0000 -0.6970
vn 0.7550 -0.0000 -0.6557
vn 0.7914 -0.0000 -0.6112
vn 0.8259 -0.0000 -0.5639
vn 0.8577 -0.0000 -0.5141
vn 0.8865 -0.0000 -0.4627
vn 0.9122 -0.0000 -0.4098
vn 0.9344 -0.0000 -0.3562
vn 0.9531 -0.0000 -0.3026
vn 0.9687 -0.0000 -0.2484
vn 0.9807 -0.0000 -0.1954
vn 0.9896 -0.0000 -0.1440
vn 0.9956 -0.0000 -0.0942
vn 0.9989 -0.0000 -0.0461
vn 1.0000 -0.0000 -0.0005
vn 0.9990 -0.0000 0.0440
vn 0.9959 -0.0000 0.0900
vn 0.9905 -0.0000 0.1379
vn 0.9822 -0.0000 0.1879
vn 0.9709 -0.0000 0.2396
vn 0.9563 -0.0000 0.2922
vn 0.9383 -0.0000 0.3458
vn 0.9167 -0.0000 0.3995
vn 0.8913 -0.0000 0.4534
vn 0.8628 -0.0000 0.5056
vn 0.8307 -0.0000 0.5567
vn 0.7957 -0.0000 0.6056
vn 0.7584 -0.0000 0.6518
vn 0.7190 -0.0000 0.6951
vn 0.5451 -0.0000 0.8384
vn -0.8793 -0.0000 0.4763
vn -1.0000 -0.0000 0.0045
vn -0.8814 -0.0000 -0.4723
vn 0.5100 -0.0000 -0.8602
vn 0.8938 -0.0000 -0.4485
vn 0.9140 -0.0000 -0.4058
vn 0.9126 -0.0000 -0.4088
vn 0.9114 -0.0000 -0.4115
vn 0.9101 -0.0000 -0.4144
vn 0.9086 -0.0000 -0.4178
vn 0.9074 -0.0000 -0.4204
vn 0.9059 -0.0000 -0.4234
vn 0.9046 -0.0000 -0.4264
vn 0.9031 -0.0000 -0.4294
vn 0.9016 -0.0000 -0.4325
vn 0.9002 -0.0000 -0.4355
vn 0.8988 -0.0000 -0.4383
vn 0.8974 -0.0000 -0.4412
vn 0.8959 -0.0000 -0.4442
vn 0.8946 -0.0000 -0.4468
vn 0.8935 -0.0000 -0.4491
vn 0.8924 -0.0000 -0.4513
vn 0.8914 -0.0000 -0.4531
vn 0.8905 -0.0000 -0.4551
vn 0.8894 -0.0000 -0.4571
vn 0.8883 -0.0000 -0.4592
vn 0.8874 -0.0000 -0.4611
vn 0.8865 -0.0000 -0.4628
vn 0.8852 -0.0000 -0.4652
vn 0.8846 -0.0000 -0.4664
vn 0.8833 -0.0000 -0.4687
vn 0.8823 -0.0000 -0.4707
vn 0.8813 -0.0000 -0.4725
vn 0.8803 -0.0000 -0.4744
vn 0.5184 -0.0000 -0.8551
vn -0.5917 -0.0000 -0.8062
vn -0.9467 -0.0000 -0.3222
vn -0.9448 -0.0000 -0.3277
vn -0.9427 -0.0000 -0.3338
vn -0.9406 -0.0000 -0.3396
vn -0.9384 -0.0000 -0.3457
vn -0.9364 -0.0000 -0.3510
vn -0.9343 -0.0000 -0.3566
vn -0.9320 -0.0000 -0.3624
vn -0.9299 -0.0000 -0.3679
vn -0.9275 -0.0000 -0.3738
vn -0.9253 -0.0000 -0.3792
vn -0.9232 -0.0000 -0.3844
vn -0.9208 -0.0000 -0.3900
vn -0.9185 -0.0000 -0.3954
vn -0.9168 -0.0000 -0.3994
vn -0.9170 -0.0000 -0.3988
vn -0.9179 -0.0000 -0.3968
vn -0.9188 -0.0000 -0.3948
vn -0.9195 -0.0000 -0.3932
vn -0.9203 -0.0000 -0.3911
vn -0.9213 -0.0000 -0.3889
vn -0.9221 -0.0000 -0.3869
vn -0.9229 -0.0000 -0.3849
vn -0.9238 -0.0000 -0.3829
vn -0.9245 -0.0000 -0.3812
vn -0.9254 -0.0000 -0.3789
vn -0.9261 -0.0000 -0.3772
vn -0.9268 -0.0000 -0.3755
vn -0.9277 -0.0000 -0.3734
vn -0.9227 -0.0000 -0.3856
vn -0.5556 -0.0000 -0.8314
vn 0.8747 -0.0000 -0.4847
vn 0.9997 -0.0000 -0.0232
vn 0.8859 -0.0000 0.4639
vn -0.5025 -0.0000 0.8646
vn -0.8635 -0.0000 0.5043
vn -0.8661 -0.0000 0.4999
vn -0.8680 -0.0000 0.4965
vn -0.8702 -0.0000 0.4926
vn -0.8724 -0.0000 0.4888
vn -0.8743 -0.0000 0.4854
vn -0.8765 -0.0000 0.4814
vn -0.8785 -0.0000 0.4777
vn -0.8806 -0.0000 0.4739
vn -0.8827 -0.0000 0.4699
vn -0.8847 -0.0000 0.4662
vn -0.8865 -0.0000 0.4627
vn -0.8885 -0.0000 0.4589
vn -0.8907 -0.0000 0.4546
vn -0.8925 -0.0000 0.4511
vn -0.8932 -0.0000 0.4497
vn -0.8910 -0.0000 0.4540
vn -0.8876 -0.0000 0.4605
vn -0.8841 -0.0000 0.4672
vn -0.8804 -0.0000 0.4742
vn -0.8768 -0.0000 0.4808
vn -0.8733 -0.0000 0.4872
vn -0.8694 -0.0000 0.4940
vn -0.8659 -0.0000 0.5003
vn -0.8621 -0.0000 0.5067
vn -0.8581 -0.0000 0.5135
vn -0.8540 -0.0000 0.5203
vn -0.8501 -0.0000 0.5266
vn -0.8460 -0.0000 0.5331
vn -0.8417 -0.0000 0.5399
vn -0.4834 -0.0000 0.8754
vn 0.5554 -0.0000 0.8316
vn 0.9168 -0.0000 0.3993
vn 0.9164 -0.0000 0.4002
vn 0.9161 -0.0000 0.4010
vn 0.9157 -0.0000 0.4018
vn 0.9153 -0.0000 0.4028
vn 0.9152 -0.0000 0.4030
vn 0.9147 -0.0000 0.4041
vn 0.9145 -0.0000 0.4046
vn 0.9141 -0.0000 0.4056
vn 0.9138 -0.0000 0.4062
vn 0.9136 -0.0000 0.4067
vn 0.9131 -0.0000 0.4076
vn 0.9129 -0.0000 0.4081
vn 0.9126 -0.0000 0.4089
vn 0.9122 -0.0000 0.4098
vn 0.9115 -0.0000 0.4114
vn 0.9109 -0.0000 0.4127
vn 0.9102 -0.0000 0.4143
vn 0.9094 -0.0000 0.4160
vn 0.9086 -0.0000 0.4178
vn 0.9081 -0.0000 0.4188
vn 0.9072 -0.0000 0.4206
vn 0.9065 -0.0000 0.4222
vn 0.9057 -0.0000 0.4239
vn 0.9052 -0.0000 0.4249
vn 0.9044 -0.0000 0.4268
vn 0.9037 -0.0000 0.4282
vn 0.9031 -0.0000 0.4295
vn 0.9022 -0.0000 0.4312
vn 0.9046 -0.0000 0.4263
vt 0.006653 0.774364
vt 0.038233 0.774364
vt 0.086034 0.781216
vt 0.002441 0.781216
vt 0.002441 0.590629
vt 0.086034 0.590629
vt 0.038233 0.596780
vt 0.006653 0.596780
vt 0.006653 0.604150
vt 0.038233 0.604150
vt 0.038233 0.618056
vt 0.006653 0.618056
vt 0.006653 0.625427
vt 0.006653 0.639333
vt 0.006653 0.646704
vt 0.006653 0.660610
vt 0.006653 0.667980
vt 0.006653 0.681886
vt 0.006653 0.689257
vt 0.038233 0.689257
vt 0.038233 0.703163
vt 0.006653 0.703163
vt 0.006653 0.710533
vt 0.006653 0.724440
vt 0.006653 0.731810
vt 0.006653 0.745716
vt 0.006653 0.753087
vt 0.038233 0.753087
vt 0.038233 0.766993
vt 0.006653 0.766993
vt 0.038233 0.639333
vt 0.038233 0.625427
vt 0.038233 0.745716
vt 0.038233 0.731810
vt 0.038233 0.724440
vt 0.038233 0.710533
vt 0.038233 0.681886
vt 0.038233 0.667980
vt 0.038233 0.660610
vt 0.038233 0.646704
vt 0.263972 0.705358
vt 0.180380 0.705358
vt 0.180380 0.590629
vt 0.263972 0.590629
vt 0.127202 0.617992
vt 0.095622 0.617992
vt 0.095622 0.604118
vt 0.127202 0.604118
vt 0.127202 0.596765
vt 0.175003 0.590629
vt 0.175003 0.780769
vt 0.127202 0.773932
vt 0.127202 0.766579
vt 0.127202 0.752706
vt 0.127202 0.745353
vt 0.095622 0.745353
vt 0.095622 0.731479
vt 0.127202 0.731479
vt 0.127202 0.724126
vt 0.127202 0.710252
vt 0.127202 0.702899
vt 0.127202 0.689025
vt 0.127202 0.681672
vt 0.127202 0.667799
vt 0.127202 0.660446
vt 0.127202 0.646572
vt 0.127202 0.639219
vt 0.095622 0.639219
vt 0.095622 0.625345
vt 0.127202 0.625345
vt 0.095622 0.773932
vt 0.091411 0.780769
vt 0.091411 0.590629
vt 0.095622 0.596765
vt 0.095622 0.646572
vt 0.095622 0.660446
vt 0.095622 0.667799
vt 0.095622 0.681672
vt 0.095622 0.689025
vt 0.095622 0.702899
vt 0.095622 0.710252
vt 0.095622 0.724126
vt 0.095622 0.752706
vt 0.095622 0.766579
vt 0.352942 0.705341
vt 0.269349 0.705341
vt 0.269349 0.590629
vt 0.352942 0.590629
vt 0.117224 0.193129
vt 0.002441 0.193129
vt 0.002441 0.002441
vt 0.117224 0.002441
vt 0.237383 0.193129
vt 0.122601 0.193129
vt 0.126718 0.186290
vt 0.233266 0.186290
vt 0.705785 0.622195
vt 0.705785 0.590629
vt 0.712636 0.590629
vt 0.712636 0.622195
vt 0.135412 0.937813
vt 0.135412 0.906247
vt 0.142768 0.906247
vt 0.142768 0.937813
vt 0.319472 0.924156
vt 0.313198 0.924156
vt 0.313198 0.892591
vt 0.319472 0.892591
vt 0.892847 0.702199
vt 0.900221 0.702199
vt 0.900221 0.750087
vt 0.892847 0.750087
vt 0.966791 0.975733
vt 0.974169 0.975733
vt 0.974169 0.982005
vt 0.966791 0.982005
vt 0.974169 0.968886
vt 0.966791 0.968886
vt 0.748900 0.949328
vt 0.748900 0.941954
vt 0.755174 0.941954
vt 0.755174 0.949328
vt 0.306349 0.924156
vt 0.306349 0.892591
vt 0.699511 0.590629
vt 0.699511 0.622195
vt 0.899698 0.762836
vt 0.892847 0.762836
vt 0.892847 0.755461
vt 0.899698 0.755461
vt 0.142768 0.985700
vt 0.135412 0.985700
vt 0.712636 0.670082
vt 0.705785 0.670082
vt 0.313198 0.972044
vt 0.306349 0.972044
vt 0.705785 0.707023
vt 0.705785 0.675457
vt 0.712636 0.675457
vt 0.712636 0.707023
vt 0.148146 0.937813
vt 0.148146 0.906247
vt 0.155502 0.906247
vt 0.155502 0.937813
vt 0.337971 0.924156
vt 0.331698 0.924156
vt 0.331698 0.892591
vt 0.337971 0.892591
vt 0.905598 0.702199
vt 0.912972 0.702199
vt 0.912972 0.750087
vt 0.905598 0.750087
vt 0.873243 0.975749
vt 0.880621 0.975749
vt 0.880621 0.982021
vt 0.873243 0.982021
vt 0.880621 0.968902
vt 0.873243 0.968902
vt 0.861353 0.984506
vt 0.861353 0.977132
vt 0.867628 0.977132
vt 0.867628 0.984506
vt 0.324849 0.924156
vt 0.324849 0.892591
vt 0.699511 0.675457
vt 0.699511 0.707023
vt 0.911925 0.762836
vt 0.905075 0.762836
vt 0.905075 0.755462
vt 0.911925 0.755462
vt 0.155502 0.985700
vt 0.148146 0.985700
vt 0.712636 0.754910
vt 0.705785 0.754910
vt 0.331698 0.972044
vt 0.324849 0.972044
vt 0.350671 0.742282
vt 0.350671 0.710716
vt 0.357521 0.710716
vt 0.357521 0.742282
vt 0.512516 0.937813
vt 0.512516 0.906247
vt 0.519872 0.906247
vt 0.519872 0.937813
vt 0.193503 0.924173
vt 0.187229 0.924173
vt 0.187229 0.892607
vt 0.193503 0.892607
vt 0.918349 0.702199
vt 0.925723 0.702199
vt 0.925723 0.750087
vt 0.918349 0.750087
vt 0.885998 0.975749
vt 0.893375 0.975749
vt 0.893375 0.982021
vt 0.885998 0.982021
vt 0.893375 0.968902
vt 0.885998 0.968902
vt 0.650180 0.984781
vt 0.650180 0.977407
vt 0.656455 0.977407
vt 0.656455 0.984781
vt 0.180380 0.924173
vt 0.180380 0.892607
vt 0.344396 0.710716
vt 0.344396 0.742282
vt 0.924152 0.762836
vt 0.917302 0.762836
vt 0.917302 0.755462
vt 0.924152 0.755462
vt 0.519872 0.985700
vt 0.512516 0.985700
vt 0.357521 0.790169
vt 0.350671 0.790169
vt 0.187229 0.972061
vt 0.180380 0.972061
vt 0.705785 0.817709
vt 0.705785 0.786143
vt 0.712636 0.786143
vt 0.712636 0.817709
vt 0.550716 0.937813
vt 0.550716 0.906247
vt 0.558073 0.906247
vt 0.558073 0.937813
vt 0.212003 0.924173
vt 0.205729 0.924173
vt 0.205729 0.892607
vt 0.212003 0.892607
vt 0.931100 0.702199
vt 0.938474 0.702199
vt 0.938474 0.750087
vt 0.931100 0.750087
vt 0.898752 0.975749
vt 0.906130 0.975749
vt 0.906130 0.982021
vt 0.898752 0.982021
vt 0.906130 0.968902
vt 0.898752 0.968902
vt 0.985813 0.579095
vt 0.985813 0.571721
vt 0.992087 0.571721
vt 0.992087 0.579095
vt 0.198880 0.924173
vt 0.198880 0.892607
vt 0.699511 0.786143
vt 0.699511 0.817709
vt 0.936380 0.762836
vt 0.929529 0.762836
vt 0.929529 0.755461
vt 0.936380 0.755461
vt 0.558073 0.985700
vt 0.550716 0.985700
vt 0.712636 0.865597
vt 0.705785 0.865597
vt 0.205729 0.972061
vt 0.198880 0.972061
vt 0.481391 0.818156
vt 0.481391 0.786591
vt 0.488241 0.786591
vt 0.488241 0.818156
vt 0.525249 0.937813
vt 0.525249 0.906247
vt 0.532606 0.906247
vt 0.532606 0.937813
vt 0.230502 0.924173
vt 0.224229 0.924173
vt 0.224229 0.892607
vt 0.230502 0.892607
vt 0.943850 0.702199
vt 0.951224 0.702199
vt 0.951224 0.750087
vt 0.943850 0.750087
vt 0.974462 0.744988
vt 0.981840 0.744988
vt 0.981840 0.751260
vt 0.974462 0.751260
vt 0.981840 0.738141
vt 0.974462 0.738141
vt 0.986690 0.764009
vt 0.986690 0.756635
vt 0.992964 0.756635
vt 0.992964 0.764009
vt 0.217380 0.924173
vt 0.217380 0.892607
vt 0.475117 0.786591
vt 0.475117 0.818156
vt 0.948607 0.762836
vt 0.941757 0.762836
vt 0.941757 0.755461
vt 0.948607 0.755461
vt 0.532606 0.985700
vt 0.525249 0.985700
vt 0.488241 0.866044
vt 0.481391 0.866044
vt 0.224229 0.972061
vt 0.217380 0.972061
vt 0.499893 0.818156
vt 0.499893 0.786591
vt 0.506743 0.786591
vt 0.506743 0.818156
vt 0.563450 0.937813
vt 0.563450 0.906247
vt 0.570806 0.906247
vt 0.570806 0.937813
vt 0.249002 0.924173
vt 0.242728 0.924173
vt 0.242728 0.892607
vt 0.249002 0.892607
vt 0.723398 0.906374
vt 0.730772 0.906374
vt 0.730772 0.954262
vt 0.723398 0.954262
vt 0.911507 0.975749
vt 0.918885 0.975749
vt 0.918885 0.982021
vt 0.911507 0.982021
vt 0.918885 0.968902
vt 0.911507 0.968902
vt 0.987217 0.745515
vt 0.987217 0.738141
vt 0.993492 0.738141
vt 0.993492 0.745515
vt 0.235879 0.924173
vt 0.235879 0.892607
vt 0.493618 0.786591
vt 0.493618 0.818156
vt 0.963451 0.763334
vt 0.956601 0.763334
vt 0.956601 0.755959
vt 0.963451 0.755959
vt 0.570806 0.985700
vt 0.563450 0.985700
vt 0.506743 0.866044
vt 0.499893 0.866044
vt 0.242728 0.972061
vt 0.235879 0.972061
vt 0.350671 0.827110
vt 0.350671 0.795544
vt 0.357521 0.795544
vt 0.357521 0.827110
vt 0.537983 0.937813
vt 0.537983 0.906247
vt 0.545339 0.906247
vt 0.545339 0.937813
vt 0.767646 0.924285
vt 0.767646 0.892719
vt 0.773920 0.892719
vt 0.773920 0.924285
vt 0.736149 0.906374
vt 0.743523 0.906374
vt 0.743523 0.954262
vt 0.736149 0.954262
vt 0.929268 0.975749
vt 0.936646 0.975749
vt 0.936646 0.982021
vt 0.929268 0.982021
vt 0.936646 0.968902
vt 0.929268 0.968902
vt 0.948290 0.994754
vt 0.948290 0.987380
vt 0.954564 0.987380
vt 0.954564 0.994754
vt 0.760797 0.924285
vt 0.760797 0.892719
vt 0.344396 0.795544
vt 0.344396 0.827110
vt 0.981313 0.764009
vt 0.974462 0.764009
vt 0.974462 0.756635
vt 0.981313 0.756635
vt 0.545339 0.985700
vt 0.537983 0.985700
vt 0.357521 0.874997
vt 0.350671 0.874997
vt 0.767646 0.972172
vt 0.760797 0.972172
vt 0.705785 0.902537
vt 0.705785 0.870971
vt 0.712636 0.870971
vt 0.712636 0.902537
vt 0.624713 0.937813
vt 0.624713 0.906247
vt 0.632069 0.906247
vt 0.632069 0.937813
vt 0.792420 0.924285
vt 0.786146 0.924285
vt 0.786146 0.892719
vt 0.792420 0.892719
vt 0.002441 0.906677
vt 0.009815 0.906677
vt 0.009815 0.954565
vt 0.002441 0.954565
vt 0.835844 0.983979
vt 0.843222 0.983979
vt 0.843222 0.990251
vt 0.835844 0.990251
vt 0.843222 0.977132
vt 0.835844 0.977132
vt 0.961044 0.994754
vt 0.961044 0.987380
vt 0.967319 0.987380
vt 0.967319 0.994754
vt 0.779297 0.924285
vt 0.779297 0.892719
vt 0.699511 0.870971
vt 0.699511 0.902537
vt 0.225494 0.984810
vt 0.218644 0.984810
vt 0.218644 0.977435
vt 0.225494 0.977435
vt 0.632069 0.985700
vt 0.624713 0.985700
vt 0.712636 0.950425
vt 0.705785 0.950425
vt 0.786146 0.972172
vt 0.779297 0.972172
vt 0.481391 0.902984
vt 0.481391 0.871419
vt 0.488241 0.871419
vt 0.488241 0.902984
vt 0.637446 0.937813
vt 0.637446 0.906247
vt 0.644803 0.906247
vt 0.644803 0.937813
vt 0.811443 0.924285
vt 0.805170 0.924285
vt 0.805170 0.892719
vt 0.811443 0.892719
vt 0.015192 0.906677
vt 0.022566 0.906677
vt 0.022566 0.954565
vt 0.015192 0.954565
vt 0.193135 0.984282
vt 0.200512 0.984282
vt 0.200512 0.990554
vt 0.193135 0.990554
vt 0.200512 0.977435
vt 0.193135 0.977435
vt 0.650180 0.997530
vt 0.650180 0.990156
vt 0.656455 0.990156
vt 0.656455 0.997530
vt 0.798321 0.924285
vt 0.798321 0.892719
vt 0.475117 0.871419
vt 0.475117 0.902984
vt 0.446171 0.985211
vt 0.439321 0.985211
vt 0.439321 0.977837
vt 0.446171 0.977837
vt 0.644803 0.985700
vt 0.637446 0.985700
vt 0.488241 0.950872
vt 0.481391 0.950872
vt 0.805170 0.972172
vt 0.798321 0.972172
vt 0.275623 0.924156
vt 0.275623 0.892591
vt 0.282472 0.892591
vt 0.282472 0.924156
vt 0.255427 0.742299
vt 0.255427 0.710733
vt 0.262801 0.710733
vt 0.262801 0.742299
vt 0.500469 0.902984
vt 0.500469 0.871419
vt 0.506743 0.871419
vt 0.506743 0.902984
vt 0.388387 0.906677
vt 0.395743 0.906677
vt 0.395743 0.954565
vt 0.388387 0.954565
vt 0.855976 0.977132
vt 0.855976 0.983404
vt 0.848599 0.983404
vt 0.848599 0.977132
vt 0.848599 0.990251
vt 0.855976 0.990251
vt 0.972696 0.987380
vt 0.978970 0.987380
vt 0.978970 0.994754
vt 0.972696 0.994754
vt 0.493618 0.902984
vt 0.493618 0.871419
vt 0.269349 0.924156
vt 0.269349 0.892591
vt 0.230871 0.977435
vt 0.237722 0.977435
vt 0.237722 0.984810
vt 0.230871 0.984810
vt 0.262801 0.790186
vt 0.255427 0.790186
vt 0.282472 0.972044
vt 0.275623 0.972044
vt 0.500469 0.950872
vt 0.493618 0.950872
vt 0.823094 0.924285
vt 0.823094 0.892719
vt 0.829943 0.892719
vt 0.829943 0.924285
vt 0.166209 0.817709
vt 0.166209 0.786143
vt 0.173583 0.786143
vt 0.173583 0.817709
vt 0.351246 0.911937
vt 0.351246 0.880372
vt 0.357521 0.880372
vt 0.357521 0.911937
vt 0.027943 0.906677
vt 0.035299 0.906677
vt 0.035299 0.954565
vt 0.027943 0.954565
vt 0.276727 0.977418
vt 0.276727 0.983690
vt 0.269349 0.983690
vt 0.269349 0.977418
vt 0.269349 0.990537
vt 0.276727 0.990537
vt 0.873243 0.987396
vt 0.879518 0.987396
vt 0.879518 0.994770
vt 0.873243 0.994770
vt 0.344396 0.911937
vt 0.344396 0.880372
vt 0.816820 0.924285
vt 0.816820 0.892719
vt 0.243099 0.977435
vt 0.249949 0.977435
vt 0.249949 0.984810
vt 0.243099 0.984810
vt 0.173583 0.865597
vt 0.166209 0.865597
vt 0.829943 0.972172
vt 0.823094 0.972172
vt 0.351246 0.959825
vt 0.344396 0.959825
vt 0.973065 0.915624
vt 0.973065 0.884058
vt 0.979914 0.884058
vt 0.979914 0.915624
vt 0.077239 0.818156
vt 0.077239 0.786591
vt 0.084613 0.786591
vt 0.084613 0.818156
vt 0.955140 0.915624
vt 0.955140 0.884058
vt 0.961414 0.884058
vt 0.961414 0.915624
vt 0.040677 0.906677
vt 0.048033 0.906677
vt 0.048033 0.954565
vt 0.040677 0.954565
vt 0.289482 0.977418
vt 0.289482 0.983690
vt 0.282104 0.983690
vt 0.282104 0.977418
vt 0.282104 0.990537
vt 0.289482 0.990537
vt 0.885998 0.987395
vt 0.892272 0.987395
vt 0.892272 0.994770
vt 0.885998 0.994770
vt 0.948290 0.915624
vt 0.948290 0.884058
vt 0.966791 0.915624
vt 0.966791 0.884058
vt 0.760797 0.977547
vt 0.767648 0.977547
vt 0.767648 0.984921
vt 0.760797 0.984921
vt 0.084613 0.866044
vt 0.077239 0.866044
vt 0.979914 0.963511
vt 0.973065 0.963511
vt 0.955140 0.963511
vt 0.948290 0.963511
vt 0.294123 0.924156
vt 0.294123 0.892591
vt 0.300972 0.892591
vt 0.300972 0.924156
vt 0.255427 0.827126
vt 0.255427 0.795561
vt 0.262801 0.795561
vt 0.262801 0.827126
vt 0.861196 0.923870
vt 0.861196 0.892304
vt 0.867470 0.892304
vt 0.867470 0.923870
vt 0.053410 0.906677
vt 0.060766 0.906677
vt 0.060766 0.954565
vt 0.053410 0.954565
vt 0.302237 0.977418
vt 0.302237 0.983690
vt 0.294859 0.983690
vt 0.294859 0.977418
vt 0.294859 0.990537
vt 0.302237 0.990537
vt 0.898752 0.987396
vt 0.905027 0.987396
vt 0.905027 0.994770
vt 0.898752 0.994770
vt 0.854346 0.923870
vt 0.854346 0.892304
vt 0.287849 0.924156
vt 0.287849 0.892591
vt 0.773025 0.977547
vt 0.779875 0.977547
vt 0.779875 0.984921
vt 0.773025 0.984921
vt 0.262801 0.875014
vt 0.255427 0.875014
vt 0.300972 0.972044
vt 0.294123 0.972044
vt 0.861196 0.971757
vt 0.854346 0.971757
vt 0.593587 0.937796
vt 0.593587 0.906230
vt 0.600437 0.906230
vt 0.600437 0.937796
vt 0.166209 0.902537
vt 0.166209 0.870971
vt 0.173583 0.870971
vt 0.173583 0.902537
vt 0.880093 0.915640
vt 0.880093 0.884074
vt 0.886368 0.884074
vt 0.886368 0.915640
vt 0.362920 0.906677
vt 0.370276 0.906677
vt 0.370276 0.954565
vt 0.362920 0.954565
vt 0.955667 0.968886
vt 0.955667 0.975158
vt 0.948290 0.975158
vt 0.948290 0.968886
vt 0.948290 0.982005
vt 0.955667 0.982005
vt 0.911507 0.987396
vt 0.917782 0.987396
vt 0.917782 0.994770
vt 0.911507 0.994770
vt 0.873243 0.915640
vt 0.873243 0.884074
vt 0.587314 0.937796
vt 0.587314 0.906230
vt 0.785252 0.977547
vt 0.792102 0.977547
vt 0.792102 0.984921
vt 0.785252 0.984921
vt 0.173583 0.950424
vt 0.166209 0.950424
vt 0.600437 0.985684
vt 0.593587 0.985684
vt 0.880093 0.963527
vt 0.873243 0.963527
vt 0.612087 0.937796
vt 0.612087 0.906230
vt 0.618936 0.906230
vt 0.618936 0.937796
vt 0.109910 0.937813
vt 0.109910 0.906247
vt 0.117284 0.906247
vt 0.117284 0.937813
vt 0.898595 0.915640
vt 0.898595 0.884074
vt 0.904869 0.884074
vt 0.904869 0.915640
vt 0.401120 0.906677
vt 0.408477 0.906677
vt 0.408477 0.954565
vt 0.401120 0.954565
vt 0.314991 0.977418
vt 0.314991 0.983690
vt 0.307614 0.983690
vt 0.307614 0.977418
vt 0.307614 0.990537
vt 0.314991 0.990537
vt 0.923159 0.987395
vt 0.929433 0.987395
vt 0.929433 0.994770
vt 0.923159 0.994770
vt 0.891745 0.915640
vt 0.891745 0.884074
vt 0.605814 0.937796
vt 0.605814 0.906230
vt 0.797479 0.977547
vt 0.804330 0.977547
vt 0.804330 0.984921
vt 0.797479 0.984921
vt 0.117284 0.985700
vt 0.109910 0.985700
vt 0.618936 0.985684
vt 0.612087 0.985684
vt 0.898595 0.963527
vt 0.891745 0.963527
vt 0.097684 0.937813
vt 0.097684 0.906247
vt 0.104533 0.906247
vt 0.104533 0.937813
vt 0.077239 0.902984
vt 0.077239 0.871419
vt 0.084613 0.871419
vt 0.084613 0.902984
vt 0.917616 0.915640
vt 0.917616 0.884074
vt 0.923891 0.884074
vt 0.923891 0.915640
vt 0.375653 0.906677
vt 0.383010 0.906677
vt 0.383010 0.954565
vt 0.375653 0.954565
vt 0.327746 0.977418
vt 0.327746 0.983690
vt 0.320368 0.983690
vt 0.320368 0.977418
vt 0.320368 0.990537
vt 0.327746 0.990537
vt 0.934810 0.987395
vt 0.941085 0.987395
vt 0.941085 0.994770
vt 0.934810 0.994770
vt 0.910766 0.915640
vt 0.910766 0.884074
vt 0.091411 0.937813
vt 0.091411 0.906247
vt 0.809707 0.977547
vt 0.816557 0.977547
vt 0.816557 0.984921
vt 0.809707 0.984921
vt 0.084613 0.950872
vt 0.077239 0.950872
vt 0.104533 0.985700
vt 0.097684 0.985700
vt 0.917616 0.963527
vt 0.910766 0.963527
vt 0.668385 0.937796
vt 0.668385 0.906230
vt 0.675235 0.906230
vt 0.675235 0.937796
vt 0.255427 0.911954
vt 0.255427 0.880388
vt 0.262800 0.880388
vt 0.262800 0.911954
vt 0.936118 0.915640
vt 0.936118 0.884074
vt 0.942393 0.884074
vt 0.942393 0.915640
vt 0.413854 0.906677
vt 0.421210 0.906677
vt 0.421210 0.954565
vt 0.413854 0.954565
vt 0.187758 0.977435
vt 0.187758 0.983707
vt 0.180380 0.983707
vt 0.180380 0.977435
vt 0.180380 0.990554
vt 0.187758 0.990554
vt 0.861353 0.989881
vt 0.867628 0.989881
vt 0.867628 0.997255
vt 0.861353 0.997255
vt 0.929268 0.915640
vt 0.929268 0.884074
vt 0.662112 0.937796
vt 0.662112 0.906230
vt 0.821934 0.977547
vt 0.828784 0.977547
vt 0.828784 0.984921
vt 0.821934 0.984921
vt 0.262800 0.959842
vt 0.255427 0.959842
vt 0.675235 0.985684
vt 0.668385 0.985684
vt 0.936118 0.963527
vt 0.929268 0.963527
vt 0.686885 0.937796
vt 0.686885 0.906230
vt 0.693734 0.906230
vt 0.693734 0.937796
vt 0.122661 0.937813
vt 0.122661 0.906247
vt 0.130035 0.906247
vt 0.130035 0.937813
vt 0.842694 0.923870
vt 0.842694 0.892304
vt 0.848969 0.892304
vt 0.848969 0.923870
vt 0.426587 0.906677
vt 0.433944 0.906677
vt 0.433944 0.954565
vt 0.426587 0.954565
vt 0.213267 0.977435
vt 0.213267 0.983707
vt 0.205889 0.983707
vt 0.205889 0.977435
vt 0.205889 0.990554
vt 0.213267 0.990554
vt 0.218644 0.990184
vt 0.224919 0.990184
vt 0.224919 0.997559
vt 0.218644 0.997559
vt 0.835844 0.923870
vt 0.835844 0.892304
vt 0.680612 0.937796
vt 0.680612 0.906230
vt 0.457163 0.977837
vt 0.464013 0.977837
vt 0.464013 0.985212
vt 0.457163 0.985212
vt 0.130035 0.985700
vt 0.122661 0.985700
vt 0.693734 0.985684
vt 0.686885 0.985684
vt 0.842694 0.971757
vt 0.835844 0.971757
vt 0.237383 0.002441
vt 0.233266 0.009281
vt 0.122601 0.002441
vt 0.126718 0.009281
vt 0.587314 0.786143
vt 0.619336 0.786143
vt 0.619336 0.900855
vt 0.587314 0.900855
vt 0.835844 0.772200
vt 0.867866 0.772200
vt 0.867866 0.886929
vt 0.835844 0.886929
vt 0.253592 0.091664
vt 0.258860 0.027235
vt 0.260486 0.027080
vt 0.254557 0.091299
vt 0.254341 0.091371
vt 0.254121 0.091449
vt 0.253903 0.091533
vt 0.253689 0.091621
vt 0.263271 0.105776
vt 0.263298 0.105750
vt 0.266730 0.104544
vt 0.266730 0.107611
vt 0.336822 0.103645
vt 0.334488 0.103645
vt 0.334488 0.091150
vt 0.336571 0.091150
vt 0.340575 0.097664
vt 0.298926 0.100899
vt 0.298971 0.100691
vt 0.301962 0.101375
vt 0.301033 0.103645
vt 0.298420 0.102240
vt 0.298525 0.102039
vt 0.298623 0.101829
vt 0.298711 0.101610
vt 0.298791 0.101382
vt 0.298863 0.101145
vt 0.327311 0.100644
vt 0.327357 0.100380
vt 0.327395 0.100107
vt 0.327425 0.099825
vt 0.327446 0.099535
vt 0.327459 0.099235
vt 0.327463 0.098926
vt 0.327463 0.091150
vt 0.330781 0.091150
vt 0.330781 0.101317
vt 0.333328 0.105612
vt 0.333221 0.105586
vt 0.333110 0.105566
vt 0.332996 0.105549
vt 0.332879 0.105538
vt 0.332758 0.105531
vt 0.332635 0.105529
vt 0.332508 0.105531
vt 0.332385 0.105538
vt 0.332266 0.105549
vt 0.332150 0.105566
vt 0.332037 0.105586
vt 0.331928 0.105612
vt 0.331822 0.105642
vt 0.331720 0.105677
vt 0.331621 0.105716
vt 0.330781 0.103645
vt 0.333797 0.103645
vt 0.315930 0.091150
vt 0.315930 0.103645
vt 0.313893 0.103645
vt 0.310225 0.093316
vt 0.303496 0.089068
vt 0.303527 0.089067
vt 0.303653 0.089070
vt 0.303776 0.089076
vt 0.303894 0.089087
vt 0.304009 0.089101
vt 0.304121 0.089120
vt 0.304228 0.089144
vt 0.304332 0.089171
vt 0.304432 0.089203
vt 0.304528 0.089239
vt 0.304620 0.089279
vt 0.304709 0.089324
vt 0.304794 0.089372
vt 0.304875 0.089425
vt 0.304952 0.089482
vt 0.305026 0.089544
vt 0.305096 0.089609
vt 0.305164 0.089676
vt 0.305229 0.089745
vt 0.305292 0.089818
vt 0.305352 0.089892
vt 0.305410 0.089969
vt 0.305465 0.090049
vt 0.305518 0.090131
vt 0.305568 0.090215
vt 0.305616 0.090302
vt 0.305661 0.090391
vt 0.305703 0.090483
vt 0.305743 0.090577
vt 0.305780 0.090674
vt 0.305815 0.090773
vt 0.306021 0.091460
vt 0.298981 0.100644
vt 0.299028 0.100380
vt 0.299066 0.100107
vt 0.299095 0.099825
vt 0.299116 0.099535
vt 0.299129 0.099235
vt 0.299133 0.098926
vt 0.299133 0.091150
vt 0.295426 0.091150
vt 0.295426 0.098461
vt 0.295424 0.098643
vt 0.295419 0.098818
vt 0.295410 0.098984
vt 0.295398 0.099143
vt 0.295382 0.099293
vt 0.295362 0.099436
vt 0.295339 0.099571
vt 0.295312 0.099698
vt 0.295282 0.099817
vt 0.295248 0.099928
vt 0.295211 0.100032
vt 0.295170 0.100127
vt 0.295125 0.100215
vt 0.295077 0.100295
vt 0.295026 0.100366
vt 0.294970 0.100432
vt 0.294911 0.100493
vt 0.294847 0.100550
vt 0.294779 0.100602
vt 0.294707 0.100650
vt 0.294630 0.100693
vt 0.294550 0.100731
vt 0.294465 0.100765
vt 0.294376 0.100795
vt 0.294283 0.100819
vt 0.294186 0.100840
vt 0.294085 0.100856
vt 0.293979 0.100867
vt 0.293869 0.100874
vt 0.293756 0.100876
vt 0.293659 0.100875
vt 0.293564 0.100870
vt 0.293471 0.100863
vt 0.293380 0.100853
vt 0.293290 0.100840
vt 0.293203 0.100825
vt 0.293117 0.100806
vt 0.293033 0.100785
vt 0.292951 0.100760
vt 0.292871 0.100733
vt 0.292792 0.100703
vt 0.292716 0.100670
vt 0.292641 0.100635
vt 0.292568 0.100596
vt 0.292497 0.100555
vt 0.292426 0.100511
vt 0.292354 0.100464
vt 0.292281 0.100415
vt 0.292207 0.100364
vt 0.292131 0.100310
vt 0.292054 0.100253
vt 0.291976 0.100195
vt 0.291897 0.100133
vt 0.291816 0.100070
vt 0.291734 0.100003
vt 0.291651 0.099935
vt 0.291567 0.099864
vt 0.291482 0.099790
vt 0.291395 0.099714
vt 0.291307 0.099635
vt 0.291307 0.091150
vt 0.287600 0.091150
vt 0.280781 0.091150
vt 0.276707 0.091150
vt 0.272497 0.098217
vt 0.270460 0.095625
vt 0.270460 0.091150
vt 0.266730 0.091150
vt 0.261421 0.103490
vt 0.261311 0.103572
vt 0.261201 0.103651
vt 0.261091 0.103727
vt 0.260980 0.103801
vt 0.260870 0.103873
vt 0.260759 0.103942
vt 0.260647 0.104009
vt 0.260536 0.104073
vt 0.260425 0.104135
vt 0.260313 0.104194
vt 0.260201 0.104251
vt 0.260089 0.104306
vt 0.259976 0.104358
vt 0.259864 0.104407
vt 0.259751 0.104454
vt 0.259637 0.104498
vt 0.259522 0.104540
vt 0.259405 0.104578
vt 0.259286 0.104613
vt 0.259166 0.104645
vt 0.259044 0.104674
vt 0.258921 0.104700
vt 0.258796 0.104723
vt 0.258669 0.104743
vt 0.258541 0.104759
vt 0.258411 0.104773
vt 0.258279 0.104784
vt 0.258146 0.104791
vt 0.258011 0.104796
vt 0.257874 0.104797
vt 0.257739 0.104796
vt 0.257607 0.104790
vt 0.257480 0.104781
vt 0.257356 0.104768
vt 0.257236 0.104752
vt 0.257120 0.104732
vt 0.257008 0.104708
vt 0.256900 0.104681
vt 0.256795 0.104650
vt 0.256695 0.104615
vt 0.256598 0.104577
vt 0.256505 0.104535
vt 0.256416 0.104490
vt 0.256331 0.104440
vt 0.256250 0.104388
vt 0.256173 0.104332
vt 0.256102 0.104273
vt 0.256035 0.104212
vt 0.255975 0.104148
vt 0.255919 0.104081
vt 0.255869 0.104012
vt 0.255824 0.103940
vt 0.255784 0.103865
vt 0.255750 0.103788
vt 0.255721 0.103708
vt 0.255697 0.103626
vt 0.255678 0.103540
vt 0.255665 0.103453
vt 0.255657 0.103362
vt 0.255655 0.103269
vt 0.255656 0.103199
vt 0.255661 0.103130
vt 0.255668 0.103064
vt 0.255679 0.102999
vt 0.255693 0.102935
vt 0.255710 0.102874
vt 0.255729 0.102814
vt 0.255752 0.102755
vt 0.255778 0.102698
vt 0.255807 0.102644
vt 0.255839 0.102590
vt 0.255874 0.102539
vt 0.255913 0.102489
vt 0.255954 0.102440
vt 0.255998 0.102394
vt 0.256045 0.102348
vt 0.256094 0.102304
vt 0.256145 0.102260
vt 0.256198 0.102217
vt 0.256253 0.102175
vt 0.256311 0.102133
vt 0.256371 0.102092
vt 0.256432 0.102053
vt 0.256496 0.102013
vt 0.256562 0.101975
vt 0.256631 0.101938
vt 0.256701 0.101901
vt 0.256773 0.101865
vt 0.256848 0.101830
vt 0.256925 0.101795
vt 0.257003 0.101761
vt 0.257083 0.101727
vt 0.257165 0.101692
vt 0.257248 0.101657
vt 0.257333 0.101622
vt 0.257419 0.101586
vt 0.257507 0.101550
vt 0.257596 0.101514
vt 0.257687 0.101478
vt 0.257779 0.101441
vt 0.257873 0.101404
vt 0.257968 0.101367
vt 0.258065 0.101329
vt 0.258163 0.101291
vt 0.258263 0.101253
vt 0.260437 0.100389
vt 0.260573 0.100335
vt 0.260707 0.100279
vt 0.260838 0.100221
vt 0.260967 0.100161
vt 0.261093 0.100099
vt 0.261217 0.100036
vt 0.261339 0.099971
vt 0.261458 0.099903
vt 0.261574 0.099834
vt 0.261688 0.099763
vt 0.261800 0.099691
vt 0.261909 0.099616
vt 0.262016 0.099539
vt 0.262120 0.099461
vt 0.262222 0.099381
vt 0.262321 0.099298
vt 0.262418 0.099214
vt 0.262511 0.099128
vt 0.262601 0.099039
vt 0.262688 0.098949
vt 0.262771 0.098856
vt 0.262852 0.098761
vt 0.262930 0.098665
vt 0.263005 0.098566
vt 0.263077 0.098465
vt 0.263145 0.098362
vt 0.263211 0.098257
vt 0.263273 0.098150
vt 0.263333 0.098041
vt 0.263389 0.097929
vt 0.263442 0.097816
vt 0.263492 0.097699
vt 0.263538 0.097579
vt 0.263580 0.097457
vt 0.263618 0.097331
vt 0.263653 0.097203
vt 0.263684 0.097071
vt 0.263711 0.096937
vt 0.263735 0.096800
vt 0.263755 0.096659
vt 0.263772 0.096516
vt 0.263785 0.096370
vt 0.263794 0.096221
vt 0.263799 0.096068
vt 0.263801 0.095913
vt 0.263798 0.095731
vt 0.263788 0.095551
vt 0.263771 0.095373
vt 0.263748 0.095197
vt 0.263719 0.095022
vt 0.263682 0.094850
vt 0.263639 0.094680
vt 0.263590 0.094511
vt 0.263533 0.094345
vt 0.263471 0.094180
vt 0.263401 0.094018
vt 0.263325 0.093857
vt 0.263243 0.093699
vt 0.263153 0.093542
vt 0.263057 0.093388
vt 0.262955 0.093236
vt 0.262847 0.093089
vt 0.262733 0.092945
vt 0.262612 0.092806
vt 0.262485 0.092670
vt 0.262353 0.092539
vt 0.262214 0.092411
vt 0.262069 0.092288
vt 0.261918 0.092169
vt 0.261761 0.092053
vt 0.261598 0.091942
vt 0.261428 0.091835
vt 0.261253 0.091732
vt 0.261071 0.091633
vt 0.260884 0.091538
vt 0.260690 0.091448
vt 0.260492 0.091364
vt 0.260289 0.091287
vt 0.260081 0.091215
vt 0.259868 0.091150
vt 0.259650 0.091091
vt 0.259427 0.091038
vt 0.259199 0.090992
vt 0.258965 0.090952
vt 0.258727 0.090917
vt 0.258484 0.090889
vt 0.258236 0.090868
vt 0.257983 0.090852
vt 0.257725 0.090843
vt 0.257462 0.090840
vt 0.257237 0.090843
vt 0.257012 0.090851
vt 0.256787 0.090864
vt 0.256563 0.090883
vt 0.256339 0.090908
vt 0.256115 0.090937
vt 0.255892 0.090973
vt 0.255669 0.091013
vt 0.255447 0.091059
vt 0.255225 0.091111
vt 0.255003 0.091168
vt 0.254782 0.091230
vt 0.254562 0.091298
vt 0.262050 0.026620
vt 0.263491 0.025875
vt 0.264754 0.024871
vt 0.265791 0.023648
vt 0.266561 0.022253
vt 0.267036 0.020739
vt 0.267196 0.019165
vt 0.267036 0.017590
vt 0.357543 0.002441
vt 0.357543 0.193129
vt 0.242760 0.193129
vt 0.242760 0.002441
vt 0.252966 0.013458
vt 0.251930 0.014681
vt 0.251159 0.016076
vt 0.250685 0.017590
vt 0.250525 0.019165
vt 0.250685 0.020739
vt 0.251159 0.022253
vt 0.251930 0.023648
vt 0.252966 0.024871
vt 0.254229 0.025875
vt 0.255670 0.026620
vt 0.257234 0.027080
vt 0.253477 0.091715
vt 0.253269 0.091813
vt 0.253064 0.091916
vt 0.252862 0.092023
vt 0.252663 0.092136
vt 0.252468 0.092253
vt 0.252276 0.092376
vt 0.252087 0.092503
vt 0.251902 0.092635
vt 0.251720 0.092771
vt 0.251541 0.092913
vt 0.251365 0.093059
vt 0.251192 0.093210
vt 0.253321 0.095714
vt 0.253441 0.095609
vt 0.253563 0.095507
vt 0.253687 0.095408
vt 0.253814 0.095311
vt 0.253942 0.095218
vt 0.254073 0.095127
vt 0.254206 0.095040
vt 0.254341 0.094955
vt 0.254478 0.094872
vt 0.254617 0.094793
vt 0.254759 0.094717
vt 0.254902 0.094643
vt 0.255048 0.094573
vt 0.255196 0.094505
vt 0.255346 0.094440
vt 0.255496 0.094379
vt 0.255646 0.094321
vt 0.255796 0.094269
vt 0.255944 0.094220
vt 0.256092 0.094175
vt 0.256239 0.094135
vt 0.256386 0.094099
vt 0.256531 0.094067
vt 0.256676 0.094040
vt 0.256820 0.094017
vt 0.256964 0.093998
vt 0.257107 0.093983
vt 0.257249 0.093972
vt 0.257390 0.093966
vt 0.257531 0.093964
vt 0.257693 0.093966
vt 0.257849 0.093972
vt 0.258000 0.093982
vt 0.258145 0.093996
vt 0.258285 0.094014
vt 0.258419 0.094036
vt 0.258547 0.094063
vt 0.258670 0.094093
vt 0.258787 0.094127
vt 0.258899 0.094166
vt 0.259005 0.094208
vt 0.259106 0.094254
vt 0.259200 0.094305
vt 0.259290 0.094359
vt 0.259373 0.094418
vt 0.259451 0.094480
vt 0.259524 0.094544
vt 0.259592 0.094612
vt 0.259654 0.094681
vt 0.259710 0.094754
vt 0.259761 0.094829
vt 0.259807 0.094907
vt 0.259848 0.094987
vt 0.259883 0.095071
vt 0.259912 0.095156
vt 0.259937 0.095245
vt 0.259955 0.095336
vt 0.259969 0.095430
vt 0.259977 0.095526
vt 0.259980 0.095625
vt 0.259978 0.095698
vt 0.259974 0.095769
vt 0.259967 0.095838
vt 0.259958 0.095905
vt 0.259945 0.095970
vt 0.259930 0.096033
vt 0.259912 0.096094
vt 0.259892 0.096153
vt 0.259868 0.096210
vt 0.259842 0.096265
vt 0.259814 0.096319
vt 0.259782 0.096370
vt 0.259748 0.096419
vt 0.259711 0.096466
vt 0.259671 0.096512
vt 0.259628 0.096556
vt 0.259584 0.096599
vt 0.259538 0.096642
vt 0.259489 0.096684
vt 0.259438 0.096726
vt 0.259385 0.096767
vt 0.259330 0.096807
vt 0.259273 0.096847
vt 0.259214 0.096886
vt 0.259152 0.096925
vt 0.259088 0.096963
vt 0.259023 0.097001
vt 0.258955 0.097038
vt 0.258885 0.097074
vt 0.258813 0.097110
vt 0.258738 0.097145
vt 0.258662 0.097181
vt 0.258585 0.097217
vt 0.258505 0.097253
vt 0.258424 0.097289
vt 0.258340 0.097326
vt 0.258255 0.097363
vt 0.258168 0.097400
vt 0.258079 0.097437
vt 0.257989 0.097474
vt 0.257896 0.097512
vt 0.257802 0.097549
vt 0.257706 0.097587
vt 0.257608 0.097625
vt 0.257508 0.097664
vt 0.255289 0.098572
vt 0.255173 0.098620
vt 0.255058 0.098671
vt 0.254944 0.098723
vt 0.254830 0.098778
vt 0.254718 0.098834
vt 0.254606 0.098893
vt 0.254494 0.098953
vt 0.254384 0.099016
vt 0.254274 0.099081
vt 0.254165 0.099148
vt 0.254056 0.099217
vt 0.253948 0.099288
vt 0.253841 0.099361
vt 0.253735 0.099436
vt 0.253629 0.099514
vt 0.253526 0.099593
vt 0.253424 0.099675
vt 0.253326 0.099760
vt 0.253230 0.099847
vt 0.253136 0.099937
vt 0.253045 0.100029
vt 0.252957 0.100124
vt 0.252872 0.100222
vt 0.252789 0.100322
vt 0.252709 0.100424
vt 0.252632 0.100529
vt 0.252557 0.100637
vt 0.252484 0.100747
vt 0.252415 0.100860
vt 0.252348 0.100976
vt 0.252285 0.101094
vt 0.252226 0.101214
vt 0.252171 0.101338
vt 0.252121 0.101464
vt 0.252075 0.101592
vt 0.252033 0.101724
vt 0.251996 0.101858
vt 0.251963 0.101994
vt 0.251935 0.102134
vt 0.251911 0.102276
vt 0.251891 0.102420
vt 0.251876 0.102567
vt 0.251865 0.102717
vt 0.251858 0.102870
vt 0.251856 0.103025
vt 0.251859 0.103207
vt 0.251870 0.103387
vt 0.251887 0.103564
vt 0.251911 0.103739
vt 0.251941 0.103911
vt 0.251979 0.104081
vt 0.252023 0.104249
vt 0.252074 0.104415
vt 0.252132 0.104578
vt 0.252197 0.104738
vt 0.252268 0.104897
vt 0.252347 0.105053
vt 0.252432 0.105206
vt 0.252524 0.105358
vt 0.252623 0.105506
vt 0.252727 0.105652
vt 0.252838 0.105794
vt 0.252953 0.105931
vt 0.253074 0.106064
vt 0.253200 0.106193
vt 0.253331 0.106318
vt 0.253468 0.106439
vt 0.253610 0.106556
vt 0.253757 0.106668
vt 0.253909 0.106777
vt 0.254067 0.106881
vt 0.254230 0.106981
vt 0.254398 0.107077
vt 0.254572 0.107169
vt 0.254751 0.107257
vt 0.254934 0.107339
vt 0.255121 0.107417
vt 0.255311 0.107488
vt 0.255505 0.107554
vt 0.255703 0.107614
vt 0.255904 0.107668
vt 0.256109 0.107716
vt 0.256317 0.107759
vt 0.256529 0.107796
vt 0.256744 0.107828
vt 0.256963 0.107853
vt 0.257186 0.107873
vt 0.257412 0.107888
vt 0.257641 0.107896
vt 0.257874 0.107899
vt 0.258072 0.107897
vt 0.258270 0.107889
vt 0.258467 0.107877
vt 0.258664 0.107861
vt 0.258860 0.107839
vt 0.259055 0.107812
vt 0.259250 0.107781
vt 0.259445 0.107745
vt 0.259639 0.107704
vt 0.259832 0.107658
vt 0.260025 0.107607
vt 0.260218 0.107552
vt 0.260410 0.107491
vt 0.260601 0.107426
vt 0.260792 0.107356
vt 0.260981 0.107282
vt 0.261167 0.107202
vt 0.261350 0.107118
vt 0.261530 0.107030
vt 0.261706 0.106937
vt 0.261879 0.106839
vt 0.262050 0.106736
vt 0.262217 0.106629
vt 0.262381 0.106518
vt 0.262541 0.106401
vt 0.262699 0.106280
vt 0.262853 0.106155
vt 0.263005 0.106024
vt 0.263153 0.105890
vt 0.270460 0.107611
vt 0.270460 0.100787
vt 0.270529 0.100787
vt 0.275746 0.107611
vt 0.279865 0.107611
vt 0.287600 0.108830
vt 0.291307 0.108830
vt 0.291307 0.104487
vt 0.291124 0.102205
vt 0.291223 0.102293
vt 0.291324 0.102380
vt 0.291427 0.102466
vt 0.291532 0.102551
vt 0.291639 0.102635
vt 0.291748 0.102718
vt 0.291860 0.102799
vt 0.291973 0.102880
vt 0.292089 0.102959
vt 0.292207 0.103037
vt 0.292327 0.103115
vt 0.292449 0.103191
vt 0.292574 0.103266
vt 0.292700 0.103340
vt 0.292829 0.103413
vt 0.292960 0.103483
vt 0.293094 0.103548
vt 0.293232 0.103608
vt 0.293373 0.103664
vt 0.293517 0.103714
vt 0.293664 0.103760
vt 0.293814 0.103801
vt 0.293967 0.103837
vt 0.294124 0.103869
vt 0.294283 0.103895
vt 0.294446 0.103917
vt 0.294612 0.103934
vt 0.294781 0.103946
vt 0.294953 0.103953
vt 0.295129 0.103956
vt 0.295404 0.103950
vt 0.295669 0.103932
vt 0.295925 0.103902
vt 0.296169 0.103860
vt 0.296404 0.103807
vt 0.296628 0.103741
vt 0.296842 0.103664
vt 0.297046 0.103574
vt 0.297239 0.103473
vt 0.297422 0.103360
vt 0.297595 0.103235
vt 0.297758 0.103098
vt 0.297910 0.102949
vt 0.298052 0.102788
vt 0.298184 0.102615
vt 0.298306 0.102432
vt 0.304785 0.103645
vt 0.306662 0.098173
vt 0.306701 0.098058
vt 0.306740 0.097942
vt 0.306779 0.097827
vt 0.306816 0.097711
vt 0.306854 0.097595
vt 0.306891 0.097478
vt 0.306927 0.097362
vt 0.306963 0.097245
vt 0.306998 0.097128
vt 0.307033 0.097011
vt 0.307067 0.096894
vt 0.307101 0.096777
vt 0.307135 0.096659
vt 0.307167 0.096541
vt 0.307200 0.096423
vt 0.307232 0.096305
vt 0.307264 0.096186
vt 0.307297 0.096068
vt 0.307330 0.095949
vt 0.307364 0.095830
vt 0.307397 0.095710
vt 0.307431 0.095591
vt 0.307466 0.095471
vt 0.307500 0.095352
vt 0.307535 0.095231
vt 0.307571 0.095111
vt 0.307606 0.094991
vt 0.307642 0.094870
vt 0.307678 0.094749
vt 0.307715 0.094628
vt 0.307829 0.094628
vt 0.307854 0.094747
vt 0.307879 0.094865
vt 0.307904 0.094983
vt 0.307930 0.095101
vt 0.307956 0.095219
vt 0.307983 0.095337
vt 0.308010 0.095455
vt 0.308037 0.095574
vt 0.308065 0.095692
vt 0.308093 0.095810
vt 0.308122 0.095928
vt 0.308151 0.096046
vt 0.308181 0.096164
vt 0.308211 0.096283
vt 0.308241 0.096401
vt 0.308271 0.096519
vt 0.308302 0.096637
vt 0.308332 0.096755
vt 0.308363 0.096873
vt 0.308393 0.096992
vt 0.308424 0.097110
vt 0.308454 0.097228
vt 0.308485 0.097346
vt 0.308515 0.097464
vt 0.308546 0.097582
vt 0.308576 0.097701
vt 0.308607 0.097819
vt 0.308638 0.097937
vt 0.308668 0.098055
vt 0.308699 0.098173
vt 0.310346 0.103645
vt 0.318950 0.103645
vt 0.319225 0.102050
vt 0.319294 0.102050
vt 0.319404 0.102156
vt 0.319517 0.102259
vt 0.319630 0.102360
vt 0.319746 0.102458
vt 0.319863 0.102555
vt 0.319982 0.102649
vt 0.320102 0.102742
vt 0.320224 0.102832
vt 0.320348 0.102920
vt 0.320473 0.103005
vt 0.320600 0.103089
vt 0.320729 0.103170
vt 0.320859 0.103250
vt 0.320991 0.103327
vt 0.321124 0.103402
vt 0.321260 0.103473
vt 0.321398 0.103540
vt 0.321540 0.103601
vt 0.321684 0.103658
vt 0.321831 0.103709
vt 0.321981 0.103756
vt 0.322134 0.103798
vt 0.322289 0.103835
vt 0.322448 0.103867
vt 0.322609 0.103894
vt 0.322773 0.103916
vt 0.322940 0.103933
vt 0.323110 0.103946
vt 0.323283 0.103953
vt 0.323458 0.103956
vt 0.323734 0.103950
vt 0.323999 0.103932
vt 0.324254 0.103902
vt 0.324499 0.103860
vt 0.324733 0.103807
vt 0.324958 0.103741
vt 0.325172 0.103664
vt 0.325375 0.103574
vt 0.325569 0.103473
vt 0.325752 0.103360
vt 0.325925 0.103235
vt 0.326087 0.103098
vt 0.326240 0.102949
vt 0.326382 0.102788
vt 0.326513 0.102615
vt 0.326636 0.102432
vt 0.326750 0.102240
vt 0.326855 0.102039
vt 0.326952 0.101829
vt 0.327041 0.101610
vt 0.327121 0.101382
vt 0.327193 0.101145
vt 0.327256 0.100899
vt 0.331526 0.105760
vt 0.331434 0.105809
vt 0.331346 0.105862
vt 0.331261 0.105920
vt 0.331179 0.105982
vt 0.331101 0.106049
vt 0.331028 0.106120
vt 0.330959 0.106195
vt 0.330895 0.106272
vt 0.330837 0.106353
vt 0.330784 0.106437
vt 0.330735 0.106524
vt 0.330692 0.106615
vt 0.330654 0.106709
vt 0.330621 0.106806
vt 0.330593 0.106906
vt 0.330570 0.107009
vt 0.330552 0.107116
vt 0.330540 0.107226
vt 0.330532 0.107340
vt 0.330529 0.107456
vt 0.330532 0.107567
vt 0.330540 0.107675
vt 0.330552 0.107780
vt 0.330570 0.107882
vt 0.330593 0.107982
vt 0.330621 0.108078
vt 0.330654 0.108172
vt 0.330692 0.108263
vt 0.330735 0.108351
vt 0.330784 0.108436
vt 0.330837 0.108518
vt 0.330895 0.108597
vt 0.330959 0.108674
vt 0.331028 0.108748
vt 0.331101 0.108819
vt 0.331179 0.108886
vt 0.331261 0.108948
vt 0.331346 0.109006
vt 0.331434 0.109059
vt 0.331526 0.109108
vt 0.331621 0.109152
vt 0.331720 0.109191
vt 0.331822 0.109226
vt 0.331928 0.109256
vt 0.332037 0.109281
vt 0.332150 0.109302
vt 0.332266 0.109318
vt 0.332385 0.109330
vt 0.332508 0.109337
vt 0.332635 0.109339
vt 0.332758 0.109337
vt 0.332879 0.109330
vt 0.332996 0.109318
vt 0.333110 0.109302
vt 0.333221 0.109281
vt 0.333328 0.109256
vt 0.333433 0.109226
vt 0.333535 0.109191
vt 0.333633 0.109152
vt 0.333728 0.109108
vt 0.333820 0.109059
vt 0.333909 0.109006
vt 0.333994 0.108948
vt 0.334077 0.108886
vt 0.334156 0.108819
vt 0.334232 0.108748
vt 0.334302 0.108674
vt 0.334366 0.108597
vt 0.334426 0.108518
vt 0.334481 0.108436
vt 0.334530 0.108351
vt 0.334574 0.108263
vt 0.334613 0.108172
vt 0.334647 0.108078
vt 0.334675 0.107982
vt 0.334698 0.107882
vt 0.334717 0.107780
vt 0.334730 0.107675
vt 0.334737 0.107567
vt 0.334740 0.107456
vt 0.334737 0.107340
vt 0.334730 0.107226
vt 0.334717 0.107116
vt 0.334698 0.107009
vt 0.334675 0.106906
vt 0.334647 0.106806
vt 0.334613 0.106709
vt 0.334574 0.106615
vt 0.334530 0.106524
vt 0.334481 0.106437
vt 0.334426 0.106353
vt 0.334366 0.106272
vt 0.334302 0.106195
vt 0.334232 0.106120
vt 0.334156 0.106049
vt 0.334077 0.105982
vt 0.333994 0.105920
vt 0.333909 0.105862
vt 0.333820 0.105809
vt 0.333728 0.105760
vt 0.333633 0.105716
vt 0.333535 0.105677
vt 0.333433 0.105642
vt 0.340804 0.103645
vt 0.341994 0.101607
vt 0.342028 0.101533
vt 0.342061 0.101460
vt 0.342096 0.101387
vt 0.342130 0.101313
vt 0.342164 0.101240
vt 0.342199 0.101168
vt 0.342234 0.101095
vt 0.342269 0.101023
vt 0.342304 0.100950
vt 0.342340 0.100879
vt 0.342375 0.100807
vt 0.342411 0.100735
vt 0.342447 0.100664
vt 0.342484 0.100593
vt 0.342520 0.100522
vt 0.342557 0.100451
vt 0.342594 0.100380
vt 0.342631 0.100309
vt 0.342668 0.100238
vt 0.342706 0.100167
vt 0.342744 0.100096
vt 0.342782 0.100025
vt 0.342820 0.099954
vt 0.342858 0.099883
vt 0.342897 0.099813
vt 0.342935 0.099742
vt 0.342974 0.099671
vt 0.343013 0.099600
vt 0.343053 0.099529
vt 0.343092 0.099458
vt 0.343207 0.099458
vt 0.343231 0.099529
vt 0.343257 0.099600
vt 0.343282 0.099671
vt 0.343308 0.099742
vt 0.343335 0.099813
vt 0.343362 0.099883
vt 0.343390 0.099954
vt 0.343418 0.100025
vt 0.343447 0.100096
vt 0.343476 0.100167
vt 0.343506 0.100238
vt 0.343536 0.100309
vt 0.343567 0.100380
vt 0.343598 0.100451
vt 0.343630 0.100522
vt 0.343662 0.100593
vt 0.343694 0.100664
vt 0.343726 0.100735
vt 0.343757 0.100807
vt 0.343789 0.100879
vt 0.343821 0.100950
vt 0.343852 0.101023
vt 0.343883 0.101095
vt 0.343914 0.101168
vt 0.343945 0.101240
vt 0.343976 0.101313
vt 0.344007 0.101387
vt 0.344038 0.101460
vt 0.344069 0.101533
vt 0.344099 0.101607
vt 0.345015 0.103645
vt 0.348859 0.103645
vt 0.345106 0.097265
vt 0.349111 0.091150
vt 0.345129 0.091150
vt 0.343825 0.093299
vt 0.343782 0.093370
vt 0.343740 0.093441
vt 0.343698 0.093513
vt 0.343656 0.093584
vt 0.343615 0.093656
vt 0.343574 0.093728
vt 0.343533 0.093800
vt 0.343493 0.093873
vt 0.343453 0.093945
vt 0.343413 0.094018
vt 0.343373 0.094091
vt 0.343334 0.094164
vt 0.343295 0.094237
vt 0.343257 0.094311
vt 0.343218 0.094385
vt 0.343180 0.094458
vt 0.343141 0.094532
vt 0.343102 0.094604
vt 0.343062 0.094677
vt 0.343021 0.094749
vt 0.342980 0.094821
vt 0.342939 0.094892
vt 0.342897 0.094963
vt 0.342854 0.095033
vt 0.342811 0.095103
vt 0.342768 0.095173
vt 0.342724 0.095242
vt 0.342679 0.095311
vt 0.342634 0.095380
vt 0.342589 0.095448
vt 0.342475 0.095448
vt 0.342444 0.095380
vt 0.342413 0.095312
vt 0.342382 0.095243
vt 0.342351 0.095174
vt 0.342319 0.095105
vt 0.342288 0.095035
vt 0.342256 0.094965
vt 0.342224 0.094895
vt 0.342192 0.094825
vt 0.342159 0.094754
vt 0.342127 0.094683
vt 0.342094 0.094612
vt 0.342061 0.094540
vt 0.342027 0.094468
vt 0.341994 0.094396
vt 0.341960 0.094323
vt 0.341926 0.094251
vt 0.341892 0.094178
vt 0.341858 0.094105
vt 0.341824 0.094033
vt 0.341789 0.093960
vt 0.341754 0.093887
vt 0.341719 0.093814
vt 0.341684 0.093740
vt 0.341648 0.093667
vt 0.341612 0.093594
vt 0.341577 0.093520
vt 0.341540 0.093447
vt 0.341504 0.093373
vt 0.341468 0.093299
vt 0.340438 0.091150
vt 0.323756 0.091150
vt 0.323756 0.098461
vt 0.323754 0.098643
vt 0.323749 0.098818
vt 0.323740 0.098984
vt 0.323727 0.099143
vt 0.323711 0.099293
vt 0.323692 0.099436
vt 0.323669 0.099571
vt 0.323642 0.099698
vt 0.323612 0.099817
vt 0.323578 0.099928
vt 0.323540 0.100032
vt 0.323500 0.100127
vt 0.323455 0.100215
vt 0.323407 0.100295
vt 0.323355 0.100366
vt 0.323300 0.100432
vt 0.323240 0.100493
vt 0.323176 0.100550
vt 0.323108 0.100602
vt 0.323036 0.100650
vt 0.322960 0.100693
vt 0.322879 0.100731
vt 0.322795 0.100765
vt 0.322706 0.100795
vt 0.322613 0.100819
vt 0.322516 0.100840
vt 0.322414 0.100856
vt 0.322309 0.100867
vt 0.322199 0.100874
vt 0.322085 0.100876
vt 0.321989 0.100875
vt 0.321894 0.100870
vt 0.321801 0.100863
vt 0.321709 0.100853
vt 0.321620 0.100840
vt 0.321533 0.100825
vt 0.321447 0.100806
vt 0.321363 0.100785
vt 0.321281 0.100760
vt 0.321201 0.100733
vt 0.321122 0.100703
vt 0.321046 0.100670
vt 0.320971 0.100635
vt 0.320898 0.100596
vt 0.320827 0.100555
vt 0.320756 0.100511
vt 0.320684 0.100464
vt 0.320611 0.100415
vt 0.320536 0.100364
vt 0.320461 0.100310
vt 0.320384 0.100253
vt 0.320306 0.100195
vt 0.320226 0.100133
vt 0.320146 0.100070
vt 0.320064 0.100003
vt 0.319981 0.099935
vt 0.319897 0.099864
vt 0.319811 0.099790
vt 0.319725 0.099714
vt 0.319637 0.099635
vt 0.319637 0.091150
vt 0.309385 0.090951
vt 0.309305 0.090746
vt 0.309224 0.090546
vt 0.309142 0.090351
vt 0.309058 0.090160
vt 0.308973 0.089973
vt 0.308887 0.089791
vt 0.308800 0.089614
vt 0.308711 0.089441
vt 0.308622 0.089273
vt 0.308531 0.089109
vt 0.308439 0.088950
vt 0.308345 0.088795
vt 0.308251 0.088645
vt 0.308155 0.088500
vt 0.308058 0.088359
vt 0.307959 0.088222
vt 0.307858 0.088090
vt 0.307754 0.087962
vt 0.307648 0.087839
vt 0.307539 0.087720
vt 0.307428 0.087605
vt 0.307315 0.087495
vt 0.307199 0.087390
vt 0.307080 0.087288
vt 0.306959 0.087192
vt 0.306836 0.087099
vt 0.306710 0.087011
vt 0.306582 0.086928
vt 0.306452 0.086849
vt 0.306319 0.086774
vt 0.306182 0.086704
vt 0.306041 0.086639
vt 0.305896 0.086579
vt 0.305746 0.086524
vt 0.305591 0.086473
vt 0.305433 0.086427
vt 0.305269 0.086386
vt 0.305101 0.086350
vt 0.304929 0.086318
vt 0.304752 0.086292
vt 0.304571 0.086270
vt 0.304385 0.086253
vt 0.304195 0.086241
vt 0.304001 0.086234
vt 0.303801 0.086232
vt 0.303723 0.086232
vt 0.303646 0.086233
vt 0.303570 0.086234
vt 0.303496 0.086236
vt 0.303424 0.086239
vt 0.303353 0.086242
vt 0.303284 0.086246
vt 0.303216 0.086251
vt 0.303149 0.086256
vt 0.303084 0.086261
vt 0.303021 0.086267
vt 0.302959 0.086274
vt 0.302899 0.086282
vt 0.302840 0.086290
vt 0.302783 0.086298
vt 0.302727 0.086307
vt 0.302671 0.086317
vt 0.302615 0.086326
vt 0.302560 0.086337
vt 0.302505 0.086347
vt 0.302450 0.086358
vt 0.302395 0.086370
vt 0.302341 0.086382
vt 0.302287 0.086394
vt 0.302234 0.086406
vt 0.302181 0.086419
vt 0.302128 0.086433
vt 0.302075 0.086447
vt 0.302023 0.086461
vt 0.301971 0.086475
vt 0.302657 0.089223
vt 0.302682 0.089219
vt 0.302707 0.089216
vt 0.302732 0.089212
vt 0.302758 0.089208
vt 0.302784 0.089203
vt 0.302811 0.089198
vt 0.302838 0.089192
vt 0.302866 0.089186
vt 0.302893 0.089180
vt 0.302922 0.089173
vt 0.302950 0.089166
vt 0.302979 0.089159
vt 0.303009 0.089151
vt 0.303039 0.089143
vt 0.303069 0.089134
vt 0.303100 0.089125
vt 0.303130 0.089117
vt 0.303161 0.089110
vt 0.303191 0.089103
vt 0.303222 0.089097
vt 0.303252 0.089091
vt 0.303283 0.089086
vt 0.303313 0.089082
vt 0.303344 0.089078
vt 0.303374 0.089075
vt 0.303405 0.089072
vt 0.303435 0.089070
vt 0.303466 0.089069
vt 0.274694 0.101075
vt 0.254229 0.012455
vt 0.266561 0.016076
vt 0.265791 0.014681
vt 0.264754 0.013458
vt 0.263491 0.012455
vt 0.262050 0.011709
vt 0.260486 0.011250
vt 0.258860 0.011095
vt 0.257234 0.011250
vt 0.255670 0.011709
vt 0.002441 0.198504
vt 0.117224 0.198504
vt 0.113107 0.205344
vt 0.006558 0.205344
vt 0.948290 0.878684
vt 0.948290 0.772200
vt 0.980436 0.772200
vt 0.980436 0.878684
vt 0.002441 0.389192
vt 0.006558 0.382353
vt 0.117224 0.389192
vt 0.113107 0.382353
vt 0.905389 0.367021
vt 0.905389 0.543521
vt 0.873243 0.543521
vt 0.873243 0.367021
vt 0.835720 0.543936
vt 0.835720 0.367021
vt 0.867866 0.367021
vt 0.867866 0.543936
vt 0.910766 0.332687
vt 0.910766 0.226189
vt 0.942912 0.226189
vt 0.942912 0.332687
vt 0.512516 0.780769
vt 0.512516 0.590629
vt 0.544538 0.590629
vt 0.544538 0.780769
vt 0.755420 0.002441
vt 0.755420 0.193028
vt 0.723398 0.193028
vt 0.723398 0.002441
vt 0.362920 0.786591
vt 0.394942 0.786591
vt 0.394942 0.901303
vt 0.362920 0.901303
vt 0.549915 0.786143
vt 0.581937 0.786143
vt 0.581937 0.900872
vt 0.549915 0.900872
vt 0.122601 0.198504
vt 0.237383 0.198504
vt 0.237383 0.389192
vt 0.122601 0.389192
vt 0.242760 0.198504
vt 0.357543 0.198504
vt 0.353426 0.205344
vt 0.246877 0.205344
vt 0.910891 0.696809
vt 0.910891 0.590326
vt 0.943037 0.590326
vt 0.943037 0.696809
vt 0.242760 0.389192
vt 0.246877 0.382353
vt 0.357543 0.389192
vt 0.353426 0.382353
vt 0.867990 0.590326
vt 0.867990 0.766826
vt 0.835844 0.766826
vt 0.835844 0.590326
vt 0.760797 0.767241
vt 0.760797 0.590326
vt 0.792944 0.590326
vt 0.792944 0.767241
vt 0.873243 0.878699
vt 0.873243 0.772200
vt 0.905389 0.772200
vt 0.905389 0.878699
vt 0.760797 0.192581
vt 0.760797 0.002441
vt 0.792819 0.002441
vt 0.792819 0.192581
vt 0.432341 0.590629
vt 0.432341 0.781216
vt 0.400319 0.781216
vt 0.400319 0.590629
vt 0.400319 0.786591
vt 0.432341 0.786591
vt 0.432341 0.901303
vt 0.400319 0.901303
vt 0.512516 0.786143
vt 0.544538 0.786143
vt 0.544538 0.900872
vt 0.512516 0.900872
vt 0.362920 0.002441
vt 0.477702 0.002441
vt 0.477702 0.193129
vt 0.362920 0.193129
vt 0.362920 0.198504
vt 0.477702 0.198504
vt 0.473585 0.205344
vt 0.367037 0.205344
vt 0.948290 0.220798
vt 0.948290 0.114315
vt 0.980436 0.114315
vt 0.980436 0.220798
vt 0.362920 0.389192
vt 0.367037 0.382353
vt 0.477702 0.389192
vt 0.473585 0.382353
vt 0.301496 0.710716
vt 0.301496 0.887216
vt 0.269349 0.887216
vt 0.269349 0.710716
vt 0.798196 0.179357
vt 0.798196 0.002441
vt 0.830343 0.002442
vt 0.830343 0.179357
vt 0.910766 0.878699
vt 0.910766 0.772200
vt 0.942913 0.772200
vt 0.942913 0.878699
vt 0.760797 0.388542
vt 0.760797 0.198403
vt 0.792819 0.198403
vt 0.792819 0.388542
vt 0.469740 0.590629
vt 0.469740 0.781216
vt 0.437718 0.781216
vt 0.437718 0.590629
vt 0.723398 0.786287
vt 0.755420 0.786287
vt 0.755420 0.900999
vt 0.723398 0.900999
vt 0.091411 0.786143
vt 0.123433 0.786143
vt 0.123433 0.900872
vt 0.091411 0.900872
vt 0.002441 0.394567
vt 0.117224 0.394567
vt 0.117224 0.585255
vt 0.002441 0.585255
vt 0.122601 0.394567
vt 0.237383 0.394567
vt 0.233266 0.401406
vt 0.126718 0.401406
vt 0.948414 0.696809
vt 0.948414 0.590326
vt 0.980560 0.590326
vt 0.980560 0.696809
vt 0.122601 0.585255
vt 0.126718 0.578415
vt 0.237383 0.585255
vt 0.233266 0.578415
vt 0.905389 0.002441
vt 0.905389 0.178941
vt 0.873243 0.178941
vt 0.873243 0.002441
vt 0.835720 0.179357
vt 0.835720 0.002441
vt 0.867866 0.002441
vt 0.867866 0.179357
vt 0.910766 0.444561
vt 0.910766 0.338062
vt 0.942912 0.338062
vt 0.942912 0.444561
vt 0.549915 0.780769
vt 0.549915 0.590629
vt 0.581937 0.590629
vt 0.581937 0.780769
vt 0.755420 0.394364
vt 0.755420 0.584951
vt 0.723398 0.584951
vt 0.723398 0.394364
vt 0.662112 0.786143
vt 0.694134 0.786143
vt 0.694134 0.900856
vt 0.662112 0.900856
vt 0.760797 0.772615
vt 0.792819 0.772615
vt 0.792819 0.887344
vt 0.760797 0.887344
vt 0.242760 0.394567
vt 0.357543 0.394567
vt 0.357543 0.585255
vt 0.242760 0.585255
vt 0.362920 0.394567
vt 0.477702 0.394567
vt 0.473585 0.401406
vt 0.367037 0.401406
vt 0.948289 0.332672
vt 0.948289 0.226189
vt 0.980436 0.226189
vt 0.980436 0.332672
vt 0.362920 0.585255
vt 0.367037 0.578415
vt 0.477702 0.585255
vt 0.473585 0.578415
vt 0.339019 0.710716
vt 0.339019 0.887216
vt 0.306873 0.887216
vt 0.306873 0.710716
vt 0.798196 0.361646
vt 0.798196 0.184731
vt 0.830343 0.184731
vt 0.830343 0.361646
vt 0.910766 0.220814
vt 0.910766 0.114315
vt 0.942912 0.114315
vt 0.942912 0.220814
vt 0.587314 0.780769
vt 0.587314 0.590629
vt 0.619336 0.590629
vt 0.619336 0.780769
vt 0.755420 0.198403
vt 0.755420 0.388990
vt 0.723398 0.388990
vt 0.723398 0.198403
vt 0.437718 0.786591
vt 0.469740 0.786591
vt 0.469740 0.901303
vt 0.437718 0.901303
vt 0.624713 0.786143
vt 0.656735 0.786143
vt 0.656735 0.900872
vt 0.624713 0.900872
vt 0.483079 0.002441
vt 0.597862 0.002441
vt 0.597862 0.193129
vt 0.483079 0.193129
vt 0.483079 0.198504
vt 0.597862 0.198504
vt 0.593745 0.205344
vt 0.487196 0.205344
vt 0.948289 0.444545
vt 0.948289 0.338062
vt 0.980436 0.338062
vt 0.980436 0.444545
vt 0.483079 0.389192
vt 0.487196 0.382353
vt 0.597862 0.389192
vt 0.593745 0.382353
vt 0.212526 0.710733
vt 0.212526 0.887233
vt 0.180380 0.887233
vt 0.180380 0.710733
vt 0.798321 0.767241
vt 0.798321 0.590326
vt 0.830467 0.590326
vt 0.830467 0.767241
vt 0.910766 0.108940
vt 0.910766 0.002441
vt 0.942913 0.002441
vt 0.942913 0.108940
vt 0.760797 0.584504
vt 0.760797 0.394364
vt 0.792819 0.394364
vt 0.792819 0.584504
vt 0.507139 0.590629
vt 0.507139 0.781216
vt 0.475117 0.781216
vt 0.475117 0.590629
vt 0.039840 0.786591
vt 0.071862 0.786591
vt 0.071862 0.901303
vt 0.039840 0.901303
vt 0.128810 0.786143
vt 0.160832 0.786143
vt 0.160832 0.900872
vt 0.128810 0.900872
vt 0.483079 0.394567
vt 0.597862 0.394567
vt 0.597862 0.585255
vt 0.483079 0.585255
vt 0.603239 0.002441
vt 0.718021 0.002441
vt 0.713904 0.009281
vt 0.607356 0.009281
vt 0.948290 0.556403
vt 0.948290 0.449920
vt 0.980436 0.449920
vt 0.980436 0.556403
vt 0.603239 0.193129
vt 0.607356 0.186290
vt 0.718021 0.193129
vt 0.713904 0.186290
vt 0.905389 0.184731
vt 0.905389 0.361231
vt 0.873243 0.361231
vt 0.873243 0.184731
vt 0.835720 0.361646
vt 0.835720 0.184731
vt 0.867866 0.184731
vt 0.867866 0.361646
vt 0.910766 0.556435
vt 0.910766 0.449936
vt 0.942912 0.449936
vt 0.942912 0.556435
vt 0.624713 0.780769
vt 0.624713 0.590629
vt 0.656735 0.590629
vt 0.656735 0.780769
vt 0.755420 0.590326
vt 0.755420 0.780913
vt 0.723398 0.780913
vt 0.723398 0.590326
vt 0.002441 0.786591
vt 0.034463 0.786591
vt 0.034463 0.901303
vt 0.002441 0.901303
vt 0.798321 0.772615
vt 0.830343 0.772615
vt 0.830343 0.887344
vt 0.798321 0.887344
vt 0.603239 0.198504
vt 0.718021 0.198504
vt 0.718021 0.389192
vt 0.603239 0.389192
vt 0.603239 0.394567
vt 0.718021 0.394567
vt 0.713904 0.401406
vt 0.607356 0.401406
vt 0.948290 0.108925
vt 0.948290 0.002441
vt 0.980436 0.002441
vt 0.980436 0.108925
vt 0.603239 0.585255
vt 0.607356 0.578415
vt 0.718021 0.585255
vt 0.713904 0.578415
vt 0.250050 0.710733
vt 0.250050 0.887233
vt 0.217903 0.887233
vt 0.217903 0.710733
vt 0.798196 0.543936
vt 0.798196 0.367021
vt 0.830343 0.367021
vt 0.830343 0.543936
vt 0.873367 0.696825
vt 0.873367 0.590326
vt 0.905514 0.590326
vt 0.905514 0.696825
vt 0.662112 0.780769
vt 0.662112 0.590629
vt 0.694134 0.590629
vt 0.694134 0.780769
vt 0.394942 0.590629
vt 0.394942 0.781216
vt 0.362920 0.781216
vt 0.362920 0.590629
vt 0.705361 0.986366
vt 0.705361 0.955799
vt 0.706990 0.955799
vt 0.706990 0.986366
vt 0.708561 0.955799
vt 0.708561 0.986366
vt 0.710016 0.955799
vt 0.710016 0.986366
vt 0.711297 0.955799
vt 0.711297 0.986366
vt 0.073201 0.986813
vt 0.073201 0.956246
vt 0.074458 0.956246
vt 0.074458 0.986813
vt 0.075878 0.956246
vt 0.075878 0.986813
vt 0.077407 0.956246
vt 0.077407 0.986813
vt 0.078987 0.956246
vt 0.078987 0.986813
vt 0.080556 0.956246
vt 0.080556 0.986813
vt 0.082054 0.956246
vt 0.082054 0.986813
vt 0.083424 0.956246
vt 0.083424 0.986813
vt 0.084613 0.956246
vt 0.084613 0.986813
vt 0.974462 0.732766
vt 0.974462 0.702199
vt 0.975719 0.702199
vt 0.975719 0.732766
vt 0.977156 0.702199
vt 0.977156 0.732766
vt 0.978716 0.702199
vt 0.978716 0.732766
vt 0.980342 0.702199
vt 0.980342 0.732766
vt 0.981969 0.702199
vt 0.981969 0.732766
vt 0.983535 0.702199
vt 0.983535 0.732766
vt 0.984981 0.702199
vt 0.984981 0.732766
vt 0.986250 0.702199
vt 0.986250 0.732766
vt 0.475117 0.986813
vt 0.475117 0.956246
vt 0.476415 0.956246
vt 0.476415 0.986813
vt 0.477865 0.956246
vt 0.477865 0.986813
vt 0.479412 0.956246
vt 0.479412 0.986813
vt 0.480994 0.956246
vt 0.480994 0.986813
vt 0.482553 0.956246
vt 0.482553 0.986813
vt 0.484027 0.956246
vt 0.484027 0.986813
vt 0.485360 0.956246
vt 0.485360 0.986813
vt 0.486502 0.956246
vt 0.486502 0.986813
vt 0.699511 0.986366
vt 0.699511 0.955799
vt 0.700756 0.955799
vt 0.700756 0.986366
vt 0.702183 0.955799
vt 0.702183 0.986366
vt 0.703738 0.955799
vt 0.703738 0.986366
vt 0.705204 0.760594
vt 0.706756 0.760285
vt 0.708340 0.760295
vt 0.709892 0.760623
vt 0.711355 0.761257
vt 0.712671 0.762172
vt 0.713791 0.763334
vt 0.714670 0.764697
vt 0.715276 0.766209
vt 0.715585 0.767812
vt 0.715585 0.769445
vt 0.715276 0.771045
vt 0.714670 0.772550
vt 0.713791 0.773902
vt 0.712671 0.775049
vt 0.711355 0.775948
vt 0.709892 0.776564
vt 0.708340 0.776873
vt 0.706756 0.776863
vt 0.705204 0.776535
vt 0.703741 0.775901
vt 0.702425 0.774986
vt 0.701305 0.773824
vt 0.700426 0.772461
vt 0.699820 0.770949
vt 0.699511 0.769345
vt 0.699511 0.767713
vt 0.699820 0.766113
vt 0.700426 0.764608
vt 0.701305 0.763256
vt 0.702425 0.762109
vt 0.703741 0.761210
vt 0.956546 0.574637
vt 0.956546 0.570771
vt 0.958696 0.569742
vt 0.963063 0.570634
vt 0.958770 0.569705
vt 0.958844 0.569669
vt 0.958918 0.569633
vt 0.958991 0.569597
vt 0.959065 0.569561
vt 0.959138 0.569526
vt 0.959211 0.569490
vt 0.959284 0.569455
vt 0.959358 0.569421
vt 0.959430 0.569386
vt 0.959503 0.569351
vt 0.959576 0.569317
vt 0.959649 0.569283
vt 0.959721 0.569249
vt 0.959794 0.569216
vt 0.959866 0.569182
vt 0.959938 0.569149
vt 0.960010 0.569116
vt 0.960081 0.569083
vt 0.960152 0.569050
vt 0.960223 0.569018
vt 0.966641 0.569045
vt 0.966714 0.569080
vt 0.966788 0.569114
vt 0.966861 0.569148
vt 0.966935 0.569182
vt 0.967008 0.569216
vt 0.969047 0.574385
vt 0.969047 0.570405
vt 0.960293 0.568986
vt 0.960364 0.568954
vt 0.960433 0.568922
vt 0.960503 0.568890
vt 0.960572 0.568859
vt 0.960641 0.568828
vt 0.960710 0.568797
vt 0.960778 0.568766
vt 0.960846 0.568735
vt 0.960846 0.568621
vt 0.965355 0.568390
vt 0.965426 0.568428
vt 0.965497 0.568466
vt 0.965568 0.568504
vt 0.965639 0.568542
vt 0.965710 0.568579
vt 0.965780 0.568616
vt 0.965851 0.568653
vt 0.965922 0.568690
vt 0.965993 0.568726
vt 0.966065 0.568762
vt 0.966136 0.568798
vt 0.966208 0.568834
vt 0.966279 0.568870
vt 0.966351 0.568905
vt 0.966424 0.568941
vt 0.966496 0.568976
vt 0.966569 0.569011
vt 0.966861 0.567172
vt 0.966788 0.567203
vt 0.962664 0.566105
vt 0.969047 0.562354
vt 0.966935 0.567142
vt 0.967008 0.567111
vt 0.969047 0.566196
vt 0.956546 0.566082
vt 0.956546 0.562102
vt 0.958696 0.567386
vt 0.966351 0.567390
vt 0.966279 0.567421
vt 0.966424 0.567358
vt 0.966496 0.567327
vt 0.966569 0.567296
vt 0.966641 0.567265
vt 0.966714 0.567234
vt 0.958768 0.567428
vt 0.958839 0.567470
vt 0.958910 0.567512
vt 0.958982 0.567554
vt 0.959054 0.567595
vt 0.959126 0.567636
vt 0.959198 0.567677
vt 0.959270 0.567718
vt 0.965710 0.567674
vt 0.965639 0.567704
vt 0.965780 0.567643
vt 0.965851 0.567612
vt 0.965922 0.567580
vt 0.965993 0.567548
vt 0.966065 0.567516
vt 0.966136 0.567485
vt 0.966208 0.567453
vt 0.959343 0.567758
vt 0.959416 0.567797
vt 0.959489 0.567837
vt 0.959562 0.567876
vt 0.959635 0.567915
vt 0.959709 0.567954
vt 0.959783 0.567992
vt 0.959856 0.568030
vt 0.959930 0.568069
vt 0.960002 0.568108
vt 0.960075 0.568148
vt 0.960147 0.568189
vt 0.960219 0.568230
vt 0.960290 0.568271
vt 0.960361 0.568313
vt 0.964858 0.568003
vt 0.964858 0.568118
vt 0.964929 0.567979
vt 0.965000 0.567954
vt 0.965071 0.567928
vt 0.965142 0.567902
vt 0.965213 0.567875
vt 0.965284 0.567848
vt 0.965355 0.567820
vt 0.965426 0.567792
vt 0.965497 0.567763
vt 0.965568 0.567734
vt 0.960432 0.568356
vt 0.960502 0.568398
vt 0.960571 0.568442
vt 0.960641 0.568486
vt 0.960710 0.568530
vt 0.960778 0.568575
vt 0.964929 0.568157
vt 0.965000 0.568197
vt 0.965071 0.568236
vt 0.965142 0.568275
vt 0.965213 0.568313
vt 0.965284 0.568352
vt 0.876321 0.759902
vt 0.876403 0.759959
vt 0.876236 0.759850
vt 0.876481 0.760021
vt 0.876148 0.759803
vt 0.876557 0.760088
vt 0.876056 0.759762
vt 0.874077 0.760002
vt 0.874155 0.759942
vt 0.874408 0.759793
vt 0.874321 0.759838
vt 0.874236 0.759888
vt 0.874591 0.759718
vt 0.874687 0.759688
vt 0.873929 0.760137
vt 0.874001 0.760067
vt 0.874498 0.759753
vt 0.877165 0.761434
vt 0.873381 0.761385
vt 0.877151 0.761315
vt 0.877179 0.761683
vt 0.873367 0.761628
vt 0.877174 0.761556
vt 0.873372 0.761505
vt 0.876630 0.760160
vt 0.875962 0.759725
vt 0.876698 0.760237
vt 0.875864 0.759694
vt 0.876762 0.760317
vt 0.876822 0.760401
vt 0.876877 0.760488
vt 0.875763 0.759668
vt 0.876927 0.760579
vt 0.876973 0.760674
vt 0.875659 0.759647
vt 0.877014 0.760772
vt 0.877050 0.760873
vt 0.875552 0.759632
vt 0.877083 0.760978
vt 0.875442 0.759621
vt 0.877110 0.761087
vt 0.875328 0.759615
vt 0.877133 0.761199
vt 0.873395 0.761269
vt 0.875212 0.759615
vt 0.873414 0.761156
vt 0.875101 0.759620
vt 0.873437 0.761047
vt 0.874993 0.759629
vt 0.873466 0.760940
vt 0.873498 0.760838
vt 0.874888 0.759644
vt 0.873536 0.760738
vt 0.873578 0.760642
vt 0.874786 0.759664
vt 0.873625 0.760549
vt 0.873677 0.760460
vt 0.873733 0.760374
vt 0.873794 0.760292
vt 0.873859 0.760212
vt 0.873381 0.761998
vt 0.877174 0.761927
vt 0.877165 0.762044
vt 0.873395 0.762115
vt 0.873372 0.761878
vt 0.877179 0.761806
vt 0.877151 0.762158
vt 0.873413 0.762229
vt 0.876388 0.763489
vt 0.876305 0.763545
vt 0.876468 0.763427
vt 0.876219 0.763596
vt 0.876544 0.763361
vt 0.874222 0.763529
vt 0.874142 0.763471
vt 0.874481 0.763672
vt 0.874392 0.763630
vt 0.874306 0.763582
vt 0.876129 0.763641
vt 0.876617 0.763290
vt 0.876036 0.763682
vt 0.874764 0.763768
vt 0.874667 0.763741
vt 0.873989 0.763339
vt 0.874064 0.763408
vt 0.874572 0.763709
vt 0.876687 0.763213
vt 0.875940 0.763717
vt 0.876753 0.763133
vt 0.875840 0.763748
vt 0.876813 0.763049
vt 0.876870 0.762962
vt 0.875737 0.763773
vt 0.876921 0.762873
vt 0.876968 0.762780
vt 0.877010 0.762684
vt 0.875630 0.763793
vt 0.877048 0.762585
vt 0.877081 0.762483
vt 0.875520 0.763808
vt 0.877109 0.762378
vt 0.877132 0.762270
vt 0.875407 0.763818
vt 0.875291 0.763823
vt 0.873436 0.762339
vt 0.873464 0.762446
vt 0.875180 0.763822
vt 0.873496 0.762550
vt 0.873533 0.762651
vt 0.875072 0.763817
vt 0.873574 0.762748
vt 0.873619 0.762843
vt 0.873670 0.762934
vt 0.874966 0.763806
vt 0.873725 0.763021
vt 0.873784 0.763106
vt 0.873848 0.763187
vt 0.874864 0.763789
vt 0.873917 0.763265
vt 0.974425 0.574597
vt 0.974425 0.562102
vt 0.978132 0.562102
vt 0.978132 0.574597
vt 0.873367 0.761754
vt 0.959896 0.748679
vt 0.959622 0.750275
vt 0.956601 0.750275
vt 0.960308 0.737779
vt 0.960308 0.746265
vt 0.956601 0.737779
vt 0.960396 0.746343
vt 0.960483 0.746419
vt 0.960568 0.746493
vt 0.960652 0.746564
vt 0.960735 0.746633
vt 0.959965 0.748679
vt 0.960817 0.746699
vt 0.960898 0.746763
vt 0.960977 0.746824
vt 0.961055 0.746883
vt 0.961132 0.746939
vt 0.961208 0.746993
vt 0.961282 0.747044
vt 0.961355 0.747093
vt 0.960076 0.748785
vt 0.963086 0.747485
vt 0.963119 0.750496
vt 0.962961 0.750464
vt 0.962980 0.747496
vt 0.962805 0.750427
vt 0.962355 0.750287
vt 0.962211 0.750230
vt 0.962757 0.747505
vt 0.962871 0.747503
vt 0.962502 0.750339
vt 0.962652 0.750385
vt 0.962381 0.747482
vt 0.962472 0.747492
vt 0.961530 0.749879
vt 0.961662 0.749956
vt 0.962565 0.747499
vt 0.961796 0.750031
vt 0.961931 0.750102
vt 0.962660 0.747504
vt 0.962070 0.750169
vt 0.961427 0.747140
vt 0.961498 0.747184
vt 0.960188 0.748888
vt 0.961569 0.747225
vt 0.960302 0.748989
vt 0.961642 0.747264
vt 0.960417 0.749088
vt 0.961717 0.747300
vt 0.960535 0.749184
vt 0.961794 0.747332
vt 0.960653 0.749278
vt 0.961872 0.747362
vt 0.960774 0.749371
vt 0.961952 0.747390
vt 0.960896 0.749461
vt 0.962034 0.747414
vt 0.961019 0.749549
vt 0.962118 0.747435
vt 0.961145 0.749635
vt 0.962204 0.747454
vt 0.961272 0.749718
vt 0.962291 0.747470
vt 0.961400 0.749800
vt 0.963281 0.750523
vt 0.963187 0.747469
vt 0.963284 0.747449
vt 0.963377 0.747424
vt 0.963612 0.750563
vt 0.963445 0.750545
vt 0.963466 0.747394
vt 0.963954 0.750582
vt 0.963782 0.750575
vt 0.963551 0.747360
vt 0.963631 0.747322
vt 0.964405 0.750579
vt 0.964130 0.750585
vt 0.964427 0.745090
vt 0.964427 0.737779
vt 0.968134 0.737779
vt 0.968134 0.745556
vt 0.964426 0.745273
vt 0.964420 0.745447
vt 0.964411 0.745613
vt 0.968130 0.745864
vt 0.964399 0.745772
vt 0.968118 0.746164
vt 0.964383 0.745922
vt 0.968096 0.746455
vt 0.964363 0.746065
vt 0.968067 0.746736
vt 0.964340 0.746200
vt 0.964313 0.746327
vt 0.968029 0.747009
vt 0.964283 0.746446
vt 0.967982 0.747273
vt 0.964249 0.746558
vt 0.967928 0.747528
vt 0.967864 0.747774
vt 0.964212 0.746661
vt 0.967793 0.748011
vt 0.964171 0.746756
vt 0.967712 0.748239
vt 0.964126 0.746844
vt 0.967624 0.748458
vt 0.967527 0.748668
vt 0.964078 0.746924
vt 0.967421 0.748869
vt 0.967307 0.749061
vt 0.964027 0.746996
vt 0.967185 0.749244
vt 0.967053 0.749417
vt 0.963971 0.747061
vt 0.966911 0.749578
vt 0.966759 0.749727
vt 0.966596 0.749864
vt 0.963912 0.747122
vt 0.966423 0.749989
vt 0.966240 0.750102
vt 0.966047 0.750203
vt 0.963848 0.747179
vt 0.965843 0.750293
vt 0.965629 0.750370
vt 0.963780 0.747231
vt 0.965405 0.750436
vt 0.965170 0.750489
vt 0.963708 0.747279
vt 0.964926 0.750531
vt 0.964671 0.750561
vt 0.904705 0.562303
vt 0.904758 0.562290
vt 0.905415 0.565063
vt 0.905388 0.565068
vt 0.905361 0.565073
vt 0.905335 0.565078
vt 0.905309 0.565082
vt 0.905284 0.565086
vt 0.904652 0.562317
vt 0.905259 0.565090
vt 0.905234 0.565093
vt 0.904600 0.562331
vt 0.904548 0.562346
vt 0.905536 0.562145
vt 0.905598 0.562138
vt 0.905921 0.564949
vt 0.905890 0.564952
vt 0.905476 0.562152
vt 0.905860 0.564957
vt 0.905417 0.562160
vt 0.905360 0.562169
vt 0.905829 0.564962
vt 0.905304 0.562178
vt 0.905799 0.564968
vt 0.905248 0.562187
vt 0.905768 0.564974
vt 0.905192 0.562197
vt 0.905137 0.562207
vt 0.905738 0.564981
vt 0.905082 0.562218
vt 0.905707 0.564988
vt 0.905027 0.562229
vt 0.904972 0.562240
vt 0.905677 0.564996
vt 0.904918 0.562252
vt 0.905646 0.565004
vt 0.904864 0.562264
vt 0.905616 0.565013
vt 0.905586 0.565021
vt 0.904811 0.562277
vt 0.905556 0.565029
vt 0.905527 0.565037
vt 0.905499 0.565044
vt 0.905470 0.565050
vt 0.905442 0.565057
vt 0.906230 0.564940
vt 0.906223 0.562103
vt 0.906300 0.562102
vt 0.906147 0.562105
vt 0.906104 0.564938
vt 0.906073 0.562107
vt 0.906001 0.562110
vt 0.906073 0.564938
vt 0.906353 0.564946
vt 0.906378 0.562102
vt 0.906578 0.562104
vt 0.906471 0.564957
vt 0.906772 0.562112
vt 0.906586 0.564972
vt 0.906962 0.562124
vt 0.906698 0.564991
vt 0.907148 0.562141
vt 0.907329 0.562162
vt 0.906805 0.565014
vt 0.907506 0.562189
vt 0.906909 0.565042
vt 0.907678 0.562220
vt 0.907008 0.565073
vt 0.907846 0.562257
vt 0.908010 0.562298
vt 0.907105 0.565109
vt 0.908168 0.562343
vt 0.905930 0.562113
vt 0.906043 0.564939
vt 0.905860 0.562117
vt 0.906012 0.564941
vt 0.905793 0.562121
vt 0.905982 0.564943
vt 0.905726 0.562126
vt 0.905951 0.564945
vt 0.905661 0.562132
vt 0.910291 0.570499
vt 0.910255 0.570620
vt 0.908598 0.567331
vt 0.910219 0.570741
vt 0.910183 0.570861
vt 0.910147 0.570982
vt 0.910112 0.571102
vt 0.910077 0.571222
vt 0.910043 0.571342
vt 0.910008 0.571461
vt 0.909974 0.571581
vt 0.909941 0.571700
vt 0.909907 0.571819
vt 0.909874 0.571938
vt 0.909841 0.572057
vt 0.909809 0.572175
vt 0.909777 0.572293
vt 0.909744 0.572411
vt 0.909711 0.572529
vt 0.909678 0.572647
vt 0.909644 0.572764
vt 0.911275 0.574044
vt 0.911245 0.573925
vt 0.916470 0.579516
vt 0.912923 0.579516
vt 0.910970 0.572862
vt 0.910940 0.572744
vt 0.911962 0.566821
vt 0.911001 0.572980
vt 0.911031 0.573098
vt 0.911062 0.573216
vt 0.911092 0.573335
vt 0.911123 0.573453
vt 0.911153 0.573571
vt 0.911184 0.573689
vt 0.911214 0.573807
vt 0.910430 0.570617
vt 0.910406 0.570499
vt 0.910455 0.570735
vt 0.910481 0.570853
vt 0.910507 0.570971
vt 0.910533 0.571090
vt 0.910560 0.571208
vt 0.910587 0.571326
vt 0.910614 0.571444
vt 0.910642 0.571562
vt 0.910670 0.571680
vt 0.910699 0.571799
vt 0.910728 0.571917
vt 0.910758 0.572035
vt 0.910787 0.572153
vt 0.910818 0.572271
vt 0.910848 0.572389
vt 0.910879 0.572508
vt 0.910909 0.572626
vt 0.911288 0.565312
vt 0.911377 0.565485
vt 0.908357 0.566545
vt 0.908392 0.566644
vt 0.911464 0.565662
vt 0.911550 0.565844
vt 0.911635 0.566030
vt 0.911718 0.566221
vt 0.911801 0.566417
vt 0.911882 0.566617
vt 0.908323 0.562394
vt 0.907197 0.565150
vt 0.908473 0.562450
vt 0.908618 0.562510
vt 0.907286 0.565194
vt 0.908759 0.562575
vt 0.908896 0.562645
vt 0.907371 0.565243
vt 0.909029 0.562720
vt 0.909159 0.562799
vt 0.907452 0.565296
vt 0.909287 0.562882
vt 0.907529 0.565353
vt 0.909413 0.562970
vt 0.909536 0.563062
vt 0.907603 0.565414
vt 0.909657 0.563159
vt 0.909775 0.563260
vt 0.907673 0.565479
vt 0.909891 0.563366
vt 0.907741 0.565546
vt 0.910005 0.563476
vt 0.910116 0.563590
vt 0.907806 0.565616
vt 0.910225 0.563709
vt 0.907869 0.565688
vt 0.910331 0.563832
vt 0.907929 0.565763
vt 0.910434 0.563960
vt 0.907987 0.565840
vt 0.910536 0.564092
vt 0.910635 0.564229
vt 0.908042 0.565919
vt 0.910732 0.564370
vt 0.908095 0.566001
vt 0.910828 0.564516
vt 0.908145 0.566086
vt 0.910922 0.564666
vt 0.908193 0.566172
vt 0.911015 0.564821
vt 0.908238 0.566262
vt 0.911108 0.564980
vt 0.908280 0.566354
vt 0.911198 0.565144
vt 0.908320 0.566448
vt 0.909610 0.572882
vt 0.907362 0.579516
vt 0.903609 0.579516
vt 0.909239 0.574044
vt 0.909278 0.573928
vt 0.909317 0.573813
vt 0.909356 0.573697
vt 0.909393 0.573581
vt 0.909431 0.573465
vt 0.909468 0.573349
vt 0.909504 0.573232
vt 0.909540 0.573116
vt 0.909575 0.572999
vt 0.943343 0.562102
vt 0.943343 0.570587
vt 0.939636 0.562102
vt 0.939636 0.579782
vt 0.943160 0.573157
vt 0.943343 0.575439
vt 0.943343 0.579782
vt 0.943431 0.570666
vt 0.943518 0.570742
vt 0.943603 0.570816
vt 0.943688 0.570887
vt 0.943771 0.570955
vt 0.943852 0.571022
vt 0.943933 0.571085
vt 0.944012 0.571147
vt 0.944090 0.571205
vt 0.944167 0.571262
vt 0.944243 0.571316
vt 0.944317 0.571367
vt 0.944391 0.571416
vt 0.944463 0.571463
vt 0.946121 0.571808
vt 0.946160 0.574821
vt 0.946003 0.574789
vt 0.945850 0.574753
vt 0.945700 0.574712
vt 0.946015 0.571819
vt 0.945792 0.571828
vt 0.945906 0.571826
vt 0.945268 0.574560
vt 0.945409 0.574616
vt 0.945553 0.574666
vt 0.945327 0.571792
vt 0.945416 0.571805
vt 0.944486 0.574143
vt 0.944610 0.574218
vt 0.945507 0.571815
vt 0.944737 0.574292
vt 0.945600 0.571822
vt 0.944865 0.574365
vt 0.945695 0.571827
vt 0.944996 0.574435
vt 0.945131 0.574500
vt 0.944533 0.571507
vt 0.943259 0.573245
vt 0.944604 0.571548
vt 0.943360 0.573332
vt 0.944677 0.571587
vt 0.943463 0.573418
vt 0.944752 0.571622
vt 0.943568 0.573503
vt 0.944829 0.571655
vt 0.943675 0.573587
vt 0.944907 0.571685
vt 0.943785 0.573670
vt 0.944987 0.571712
vt 0.943896 0.573751
vt 0.944010 0.573832
vt 0.945069 0.571737
vt 0.944126 0.573911
vt 0.945153 0.571758
vt 0.944243 0.573989
vt 0.945239 0.571777
vt 0.944364 0.574067
vt 0.946320 0.574847
vt 0.946222 0.571792
vt 0.946320 0.571772
vt 0.946413 0.571747
vt 0.946648 0.574886
vt 0.946482 0.574869
vt 0.946501 0.571717
vt 0.946990 0.574905
vt 0.946817 0.574898
vt 0.946586 0.571683
vt 0.946667 0.571645
vt 0.947441 0.574902
vt 0.947165 0.574908
vt 0.947462 0.569413
vt 0.947462 0.562102
vt 0.951170 0.562102
vt 0.951170 0.569878
vt 0.947461 0.569595
vt 0.947455 0.569770
vt 0.947446 0.569936
vt 0.951165 0.570187
vt 0.947434 0.570095
vt 0.951153 0.570487
vt 0.947418 0.570245
vt 0.951132 0.570777
vt 0.947398 0.570388
vt 0.951102 0.571059
vt 0.947375 0.570523
vt 0.947348 0.570650
vt 0.951064 0.571332
vt 0.947318 0.570769
vt 0.951018 0.571596
vt 0.947284 0.570880
vt 0.950963 0.571851
vt 0.950899 0.572097
vt 0.947247 0.570984
vt 0.950828 0.572334
vt 0.947206 0.571079
vt 0.950748 0.572562
vt 0.947162 0.571167
vt 0.950659 0.572781
vt 0.950562 0.572991
vt 0.947114 0.571247
vt 0.950456 0.573192
vt 0.950342 0.573384
vt 0.947062 0.571319
vt 0.950220 0.573567
vt 0.950088 0.573740
vt 0.947007 0.571384
vt 0.949946 0.573901
vt 0.949794 0.574050
vt 0.949631 0.574187
vt 0.946947 0.571445
vt 0.949458 0.574312
vt 0.949275 0.574425
vt 0.949082 0.574526
vt 0.946883 0.571502
vt 0.948878 0.574616
vt 0.948664 0.574693
vt 0.946815 0.571554
vt 0.948440 0.574759
vt 0.948206 0.574812
vt 0.946743 0.571602
vt 0.947961 0.574854
vt 0.947706 0.574884
vt 0.873367 0.737779
vt 0.877097 0.737779
vt 0.877097 0.742254
vt 0.877097 0.747417
vt 0.873367 0.754240
vt 0.877097 0.754240
vt 0.877166 0.747417
vt 0.879134 0.744847
vt 0.881331 0.747705
vt 0.883344 0.737779
vt 0.887418 0.737779
vt 0.886502 0.754240
vt 0.882383 0.754240
vt 0.924443 0.562652
vt 0.924663 0.562578
vt 0.925756 0.565629
vt 0.925604 0.565687
vt 0.924226 0.562731
vt 0.925453 0.565748
vt 0.924012 0.562815
vt 0.925305 0.565812
vt 0.923800 0.562904
vt 0.925159 0.565879
vt 0.923592 0.562998
vt 0.925015 0.565948
vt 0.923386 0.563097
vt 0.924873 0.566021
vt 0.923184 0.563202
vt 0.924732 0.566097
vt 0.922984 0.563311
vt 0.924594 0.566176
vt 0.922787 0.563425
vt 0.924457 0.566257
vt 0.922593 0.563544
vt 0.924323 0.566342
vt 0.922402 0.563669
vt 0.924190 0.566430
vt 0.922214 0.563798
vt 0.924060 0.566521
vt 0.922029 0.563933
vt 0.923931 0.566614
vt 0.921847 0.564072
vt 0.923804 0.566711
vt 0.926235 0.562208
vt 0.926460 0.562177
vt 0.926821 0.565329
vt 0.926672 0.565360
vt 0.927585 0.562102
vt 0.927554 0.565240
vt 0.927360 0.562106
vt 0.927409 0.565250
vt 0.927981 0.565237
vt 0.927840 0.565234
vt 0.928035 0.562110
vt 0.928122 0.565244
vt 0.928261 0.562123
vt 0.928523 0.562143
vt 0.928283 0.565257
vt 0.927610 0.576066
vt 0.927306 0.579153
vt 0.927479 0.576052
vt 0.926853 0.579100
vt 0.927230 0.576013
vt 0.927352 0.576034
vt 0.927078 0.579129
vt 0.927810 0.562104
vt 0.927697 0.565235
vt 0.926203 0.578980
vt 0.926886 0.575930
vt 0.926997 0.575961
vt 0.926416 0.579025
vt 0.927111 0.575989
vt 0.926633 0.579066
vt 0.927135 0.562116
vt 0.927264 0.565263
vt 0.926910 0.562131
vt 0.927117 0.565281
vt 0.926685 0.562151
vt 0.926970 0.565303
vt 0.927853 0.568934
vt 0.927872 0.572721
vt 0.925578 0.569693
vt 0.927778 0.572752
vt 0.927685 0.572782
vt 0.927594 0.572812
vt 0.927504 0.572842
vt 0.927415 0.572872
vt 0.927328 0.572902
vt 0.927243 0.572931
vt 0.927159 0.572960
vt 0.927077 0.572990
vt 0.926997 0.573018
vt 0.926918 0.573048
vt 0.926841 0.573078
vt 0.926396 0.575724
vt 0.926486 0.575772
vt 0.925009 0.578591
vt 0.925198 0.578670
vt 0.926580 0.575817
vt 0.925391 0.578743
vt 0.926678 0.575858
vt 0.925588 0.578810
vt 0.926780 0.575896
vt 0.925789 0.578872
vt 0.925994 0.578929
vt 0.926010 0.562244
vt 0.925785 0.562286
vt 0.926521 0.565394
vt 0.925561 0.562334
vt 0.926370 0.565433
vt 0.925336 0.562387
vt 0.926217 0.565476
vt 0.925111 0.562445
vt 0.926064 0.565523
vt 0.924887 0.562509
vt 0.925909 0.565574
vt 0.925460 0.569734
vt 0.926766 0.573109
vt 0.925341 0.569777
vt 0.925224 0.569821
vt 0.926694 0.573141
vt 0.925107 0.569868
vt 0.926623 0.573174
vt 0.924991 0.569917
vt 0.926555 0.573207
vt 0.924875 0.569968
vt 0.924760 0.570021
vt 0.926488 0.573242
vt 0.924646 0.570077
vt 0.926424 0.573278
vt 0.924532 0.570134
vt 0.926362 0.573315
vt 0.924418 0.570194
vt 0.926302 0.573352
vt 0.924306 0.570255
vt 0.924193 0.570319
vt 0.926244 0.573391
vt 0.924082 0.570385
vt 0.926188 0.573430
vt 0.923971 0.570453
vt 0.926134 0.573470
vt 0.923860 0.570523
vt 0.926082 0.573511
vt 0.923751 0.570595
vt 0.923645 0.570671
vt 0.926032 0.573554
vt 0.923541 0.570748
vt 0.923439 0.570829
vt 0.925985 0.573597
vt 0.923340 0.570913
vt 0.923243 0.570999
vt 0.925941 0.573643
vt 0.923149 0.571088
vt 0.923057 0.571179
vt 0.925899 0.573690
vt 0.922968 0.571274
vt 0.922881 0.571371
vt 0.925861 0.573739
vt 0.922797 0.571470
vt 0.922715 0.571573
vt 0.925825 0.573790
vt 0.922636 0.571678
vt 0.922559 0.571786
vt 0.925793 0.573843
vt 0.922484 0.571897
vt 0.922413 0.572010
vt 0.922346 0.572127
vt 0.925763 0.573898
vt 0.922284 0.572246
vt 0.922225 0.572369
vt 0.925736 0.573955
vt 0.922171 0.572494
vt 0.922121 0.572622
vt 0.925713 0.574013
vt 0.922075 0.572753
vt 0.922033 0.572888
vt 0.921995 0.573025
vt 0.925692 0.574074
vt 0.921962 0.573165
vt 0.925674 0.574136
vt 0.921932 0.573308
vt 0.921907 0.573454
vt 0.925659 0.574200
vt 0.921887 0.573602
vt 0.921870 0.573754
vt 0.925647 0.574266
vt 0.921857 0.573909
vt 0.925638 0.574334
vt 0.921849 0.574091
vt 0.925631 0.574404
vt 0.921847 0.574271
vt 0.921852 0.574449
vt 0.925628 0.574497
vt 0.921864 0.574625
vt 0.921884 0.574799
vt 0.925630 0.574588
vt 0.921910 0.574971
vt 0.921943 0.575141
vt 0.925637 0.574677
vt 0.921983 0.575310
vt 0.922030 0.575476
vt 0.925650 0.574763
vt 0.922084 0.575641
vt 0.922144 0.575804
vt 0.925668 0.574847
vt 0.922212 0.575965
vt 0.922287 0.576124
vt 0.925692 0.574929
vt 0.922369 0.576281
vt 0.922457 0.576436
vt 0.925721 0.575008
vt 0.922552 0.576588
vt 0.922653 0.576736
vt 0.925756 0.575085
vt 0.922759 0.576881
vt 0.925796 0.575160
vt 0.922871 0.577022
vt 0.922988 0.577159
vt 0.925841 0.575232
vt 0.923110 0.577293
vt 0.923239 0.577422
vt 0.925892 0.575302
vt 0.923373 0.577548
vt 0.925949 0.575370
vt 0.923512 0.577670
vt 0.923657 0.577788
vt 0.926011 0.575436
vt 0.923807 0.577903
vt 0.926078 0.575499
vt 0.923963 0.578014
vt 0.924125 0.578121
vt 0.926151 0.575560
vt 0.924292 0.578224
vt 0.926228 0.575618
vt 0.924465 0.578323
vt 0.926310 0.575673
vt 0.924642 0.578418
vt 0.924824 0.578507
vt 0.927881 0.576084
vt 0.927737 0.579182
vt 0.927745 0.576077
vt 0.927539 0.579172
vt 0.928439 0.565273
vt 0.928780 0.562170
vt 0.929031 0.562202
vt 0.928589 0.565293
vt 0.928154 0.568840
vt 0.928250 0.568808
vt 0.928368 0.572566
vt 0.928016 0.576089
vt 0.927934 0.579188
vt 0.928412 0.576083
vt 0.928541 0.576075
vt 0.928723 0.579163
vt 0.928526 0.579177
vt 0.929277 0.562240
vt 0.928733 0.565317
vt 0.929518 0.562284
vt 0.928871 0.565345
vt 0.929753 0.562334
vt 0.929003 0.565376
vt 0.928281 0.576088
vt 0.928329 0.579185
vt 0.928149 0.576090
vt 0.928132 0.579189
vt 0.929983 0.562389
vt 0.929129 0.565410
vt 0.930207 0.562451
vt 0.929250 0.565449
vt 0.930426 0.562518
vt 0.929364 0.565491
vt 0.930640 0.562592
vt 0.929473 0.565536
vt 0.929044 0.576010
vt 0.929508 0.579061
vt 0.928920 0.576031
vt 0.929312 0.579094
vt 0.928795 0.576049
vt 0.929116 0.579122
vt 0.928669 0.576063
vt 0.928919 0.579145
vt 0.930449 0.575531
vt 0.930564 0.575474
vt 0.931956 0.578193
vt 0.931782 0.578288
vt 0.930333 0.575585
vt 0.931605 0.578379
vt 0.930218 0.575637
vt 0.931426 0.578465
vt 0.930102 0.575686
vt 0.931244 0.578547
vt 0.929987 0.575733
vt 0.931058 0.578623
vt 0.934255 0.567064
vt 0.934259 0.567243
vt 0.930454 0.567064
vt 0.931256 0.575082
vt 0.931371 0.575008
vt 0.933093 0.577387
vt 0.932939 0.577517
vt 0.931140 0.575153
vt 0.932782 0.577641
vt 0.931025 0.575222
vt 0.932623 0.577761
vt 0.930910 0.575289
vt 0.932460 0.577876
vt 0.930795 0.575353
vt 0.932295 0.577987
vt 0.930679 0.575415
vt 0.932127 0.578092
vt 0.930848 0.562671
vt 0.929576 0.565586
vt 0.931051 0.562756
vt 0.929673 0.565639
vt 0.931249 0.562847
vt 0.931441 0.562943
vt 0.929765 0.565695
vt 0.931628 0.563046
vt 0.929850 0.565756
vt 0.931809 0.563153
vt 0.929930 0.565820
vt 0.931983 0.563264
vt 0.932151 0.563379
vt 0.930003 0.565886
vt 0.932313 0.563497
vt 0.930072 0.565956
vt 0.932469 0.563619
vt 0.930134 0.566027
vt 0.932618 0.563744
vt 0.932761 0.563873
vt 0.930192 0.566101
vt 0.932897 0.564006
vt 0.930243 0.566177
vt 0.933027 0.564142
vt 0.933151 0.564282
vt 0.930290 0.566256
vt 0.933268 0.564426
vt 0.933379 0.564573
vt 0.930330 0.566336
vt 0.933484 0.564724
vt 0.933582 0.564878
vt 0.930365 0.566419
vt 0.933674 0.565036
vt 0.930395 0.566505
vt 0.933760 0.565197
vt 0.933838 0.565359
vt 0.930418 0.566592
vt 0.933910 0.565522
vt 0.933975 0.565688
vt 0.930437 0.566682
vt 0.934034 0.565854
vt 0.934085 0.566023
vt 0.930449 0.566774
vt 0.934130 0.566192
vt 0.934169 0.566364
vt 0.930457 0.566869
vt 0.934200 0.566536
vt 0.934225 0.566711
vt 0.930458 0.566965
vt 0.934243 0.566887
vt 0.930448 0.567137
vt 0.934257 0.567423
vt 0.930439 0.567208
vt 0.934249 0.567605
vt 0.934236 0.567760
vt 0.930428 0.567276
vt 0.934221 0.567912
vt 0.930414 0.567342
vt 0.934202 0.568060
vt 0.930397 0.567406
vt 0.934179 0.568205
vt 0.934153 0.568347
vt 0.930378 0.567468
vt 0.934124 0.568485
vt 0.934091 0.568621
vt 0.930356 0.567528
vt 0.934055 0.568753
vt 0.934015 0.568882
vt 0.930332 0.567585
vt 0.933972 0.569008
vt 0.933925 0.569131
vt 0.930305 0.567641
vt 0.933875 0.569250
vt 0.933821 0.569367
vt 0.930275 0.567694
vt 0.933764 0.569480
vt 0.933704 0.569590
vt 0.933640 0.569697
vt 0.930243 0.567745
vt 0.933573 0.569802
vt 0.933504 0.569905
vt 0.933431 0.570005
vt 0.930208 0.567794
vt 0.933356 0.570103
vt 0.933278 0.570199
vt 0.930170 0.567841
vt 0.933197 0.570293
vt 0.933113 0.570384
vt 0.930130 0.567886
vt 0.933026 0.570473
vt 0.932936 0.570560
vt 0.932843 0.570645
vt 0.930087 0.567928
vt 0.932747 0.570727
vt 0.932649 0.570807
vt 0.930042 0.567969
vt 0.932547 0.570885
vt 0.932443 0.570960
vt 0.929995 0.568010
vt 0.932336 0.571034
vt 0.929946 0.568049
vt 0.932226 0.571105
vt 0.929895 0.568088
vt 0.932115 0.571174
vt 0.932001 0.571242
vt 0.929841 0.568127
vt 0.931885 0.571307
vt 0.929785 0.568164
vt 0.931766 0.571370
vt 0.929728 0.568201
vt 0.931645 0.571431
vt 0.931522 0.571490
vt 0.929668 0.568237
vt 0.931396 0.571547
vt 0.929606 0.568272
vt 0.931269 0.571603
vt 0.929542 0.568307
vt 0.931138 0.571656
vt 0.929476 0.568340
vt 0.931006 0.571707
vt 0.929408 0.568373
vt 0.930871 0.571756
vt 0.929338 0.568406
vt 0.930734 0.571803
vt 0.929266 0.568437
vt 0.930595 0.571848
vt 0.929191 0.568468
vt 0.929115 0.568499
vt 0.929037 0.568529
vt 0.928957 0.568560
vt 0.928875 0.568591
vt 0.928791 0.568622
vt 0.928706 0.568653
vt 0.928618 0.568684
vt 0.928529 0.568715
vt 0.928438 0.568746
vt 0.928345 0.568777
vt 0.929871 0.575777
vt 0.930870 0.578695
vt 0.929756 0.575819
vt 0.930680 0.578762
vt 0.929640 0.575859
vt 0.930486 0.578824
vt 0.929523 0.575895
vt 0.930291 0.578881
vt 0.929406 0.575929
vt 0.930095 0.578933
vt 0.929286 0.575959
vt 0.929900 0.578980
vt 0.929166 0.575986
vt 0.929704 0.579023
vt 0.928056 0.568871
vt 0.927955 0.568903
vt 0.928266 0.572597
vt 0.928165 0.572628
vt 0.928066 0.572660
vt 0.927969 0.572691
vt 0.495199 0.986452
vt 0.495199 0.956246
vt 0.495391 0.956246
vt 0.495391 0.986452
vt 0.495588 0.956246
vt 0.495588 0.986452
vt 0.495789 0.956246
vt 0.495789 0.986452
vt 0.495996 0.956246
vt 0.495996 0.986452
vt 0.496208 0.956246
vt 0.496208 0.986452
vt 0.496425 0.956246
vt 0.496425 0.986452
vt 0.496647 0.956246
vt 0.496647 0.986452
vt 0.496874 0.956246
vt 0.496874 0.986452
vt 0.497106 0.956246
vt 0.497106 0.986452
vt 0.497344 0.956246
vt 0.497344 0.986452
vt 0.497586 0.956246
vt 0.497586 0.986452
vt 0.497834 0.956246
vt 0.497834 0.986452
vt 0.498087 0.956246
vt 0.498087 0.986452
vt 0.498344 0.956246
vt 0.498344 0.986452
vt 0.498607 0.956246
vt 0.498607 0.986452
vt 0.498833 0.956246
vt 0.498833 0.986452
vt 0.499058 0.956246
vt 0.499058 0.986452
vt 0.499283 0.956246
vt 0.499283 0.986452
vt 0.499508 0.956246
vt 0.499508 0.986452
vt 0.499732 0.956246
vt 0.499732 0.986452
vt 0.499956 0.956246
vt 0.499956 0.986452
vt 0.500180 0.956246
vt 0.500180 0.986452
vt 0.500403 0.956246
vt 0.500403 0.986452
vt 0.500626 0.956246
vt 0.500626 0.986452
vt 0.500849 0.956246
vt 0.500849 0.986452
vt 0.501072 0.956246
vt 0.501072 0.986452
vt 0.501294 0.956246
vt 0.501294 0.986452
vt 0.501516 0.956246
vt 0.501516 0.986452
vt 0.501737 0.956246
vt 0.501737 0.986452
vt 0.501520 0.986452
vt 0.501959 0.956246
vt 0.501959 0.986452
vt 0.502178 0.956246
vt 0.502178 0.986452
vt 0.502395 0.956246
vt 0.502395 0.986452
vt 0.502608 0.956246
vt 0.502608 0.986452
vt 0.502492 0.986452
vt 0.502818 0.956246
vt 0.502818 0.986452
vt 0.503025 0.956246
vt 0.503025 0.986452
vt 0.503228 0.956246
vt 0.503228 0.986452
vt 0.503429 0.956246
vt 0.503429 0.986452
vt 0.503626 0.956246
vt 0.503626 0.986452
vt 0.503821 0.956246
vt 0.503821 0.986452
vt 0.504012 0.956246
vt 0.504012 0.986452
vt 0.504200 0.956246
vt 0.504200 0.986452
vt 0.504384 0.956246
vt 0.504384 0.986452
vt 0.504566 0.956246
vt 0.504566 0.986452
vt 0.504744 0.956246
vt 0.504744 0.986452
vt 0.504919 0.956246
vt 0.504919 0.986452
vt 0.994896 0.536141
vt 0.997330 0.536141
vt 0.997330 0.566346
vt 0.994896 0.566346
vt 0.985291 0.949844
vt 0.985291 0.919638
vt 0.985412 0.919638
vt 0.985412 0.949844
vt 0.985534 0.919638
vt 0.985534 0.949844
vt 0.985659 0.919638
vt 0.985659 0.949844
vt 0.985786 0.919638
vt 0.985786 0.949844
vt 0.985916 0.919638
vt 0.985916 0.949844
vt 0.986047 0.919638
vt 0.986047 0.949844
vt 0.986180 0.919638
vt 0.986180 0.949844
vt 0.986316 0.919638
vt 0.986316 0.949844
vt 0.986454 0.919638
vt 0.986454 0.949844
vt 0.986593 0.919638
vt 0.986593 0.949844
vt 0.986735 0.919638
vt 0.986735 0.949844
vt 0.986879 0.919638
vt 0.986879 0.949844
vt 0.987025 0.919638
vt 0.987025 0.949844
vt 0.987174 0.919638
vt 0.987174 0.949844
vt 0.987324 0.919638
vt 0.987324 0.949844
vt 0.987475 0.919638
vt 0.987475 0.949844
vt 0.987625 0.919638
vt 0.987625 0.949844
vt 0.987775 0.919638
vt 0.987775 0.949844
vt 0.987924 0.919638
vt 0.987924 0.949844
vt 0.988072 0.919638
vt 0.988072 0.949844
vt 0.988219 0.919638
vt 0.988219 0.949844
vt 0.988366 0.919638
vt 0.988366 0.949844
vt 0.988512 0.919638
vt 0.988512 0.949844
vt 0.988657 0.919638
vt 0.988657 0.949844
vt 0.988801 0.919638
vt 0.988801 0.949844
vt 0.988945 0.919638
vt 0.988945 0.949844
vt 0.989088 0.919638
vt 0.989088 0.949844
vt 0.989230 0.919638
vt 0.989230 0.949844
vt 0.989371 0.919638
vt 0.989371 0.949844
vt 0.989512 0.919638
vt 0.989512 0.949844
vt 0.989674 0.919638
vt 0.989674 0.949844
vt 0.989830 0.919638
vt 0.989830 0.949844
vt 0.989981 0.919638
vt 0.989981 0.949844
vt 0.990126 0.919638
vt 0.990126 0.949844
vt 0.990266 0.919638
vt 0.990266 0.949844
vt 0.990400 0.919638
vt 0.990400 0.949844
vt 0.990528 0.919638
vt 0.990528 0.949844
vt 0.990650 0.919638
vt 0.990650 0.949844
vt 0.990767 0.919638
vt 0.990767 0.949844
vt 0.990879 0.919638
vt 0.990879 0.949844
vt 0.990985 0.919638
vt 0.990985 0.949844
vt 0.991085 0.919638
vt 0.991085 0.949844
vt 0.991179 0.919638
vt 0.991179 0.949844
vt 0.991268 0.919638
vt 0.991268 0.949844
vt 0.991351 0.919638
vt 0.991351 0.949844
vt 0.991429 0.919638
vt 0.991429 0.949844
vt 0.991502 0.919638
vt 0.991502 0.949844
vt 0.991569 0.919638
vt 0.991569 0.949844
vt 0.994896 0.802406
vt 0.994896 0.772200
vt 0.994964 0.772200
vt 0.994964 0.802406
vt 0.995035 0.772200
vt 0.995035 0.802406
vt 0.995108 0.772200
vt 0.995108 0.802406
vt 0.995185 0.772200
vt 0.995185 0.802406
vt 0.995264 0.772200
vt 0.995264 0.802406
vt 0.995346 0.772200
vt 0.995346 0.802406
vt 0.995431 0.772200
vt 0.995431 0.802406
vt 0.995518 0.772200
vt 0.995518 0.802406
vt 0.995609 0.772200
vt 0.995609 0.802406
vt 0.995702 0.772200
vt 0.995702 0.802406
vt 0.995798 0.772200
vt 0.995798 0.802406
vt 0.995897 0.772200
vt 0.995897 0.802406
vt 0.995970 0.772200
vt 0.995970 0.802406
vt 0.996041 0.772200
vt 0.996041 0.802406
vt 0.996110 0.772200
vt 0.996110 0.802406
vt 0.996178 0.772200
vt 0.996178 0.802406
vt 0.996243 0.772200
vt 0.996243 0.802406
vt 0.996307 0.772200
vt 0.996307 0.802406
vt 0.996368 0.772200
vt 0.996368 0.802406
vt 0.996428 0.772200
vt 0.996428 0.802406
vt 0.996486 0.772200
vt 0.996486 0.802406
vt 0.996542 0.772200
vt 0.996542 0.802406
vt 0.996596 0.772200
vt 0.996596 0.802406
vt 0.996648 0.772200
vt 0.996648 0.802406
vt 0.996699 0.772200
vt 0.996699 0.802406
vt 0.996747 0.772200
vt 0.996747 0.802406
vt 0.996794 0.772200
vt 0.996794 0.802406
vt 0.996839 0.772200
vt 0.996839 0.802406
vt 0.650180 0.936452
vt 0.650180 0.906247
vt 0.650225 0.906247
vt 0.650225 0.936452
vt 0.650272 0.906247
vt 0.650272 0.936452
vt 0.650322 0.906247
vt 0.650322 0.936452
vt 0.650373 0.906247
vt 0.650373 0.936452
vt 0.650427 0.906247
vt 0.650427 0.936452
vt 0.650483 0.906247
vt 0.650483 0.936452
vt 0.650541 0.906247
vt 0.650541 0.936452
vt 0.650601 0.906247
vt 0.650601 0.936452
vt 0.650663 0.906247
vt 0.650663 0.936452
vt 0.650727 0.906247
vt 0.650727 0.936452
vt 0.650794 0.906247
vt 0.650794 0.936452
vt 0.650862 0.906247
vt 0.650862 0.936452
vt 0.650933 0.906247
vt 0.650933 0.936452
vt 0.651006 0.906247
vt 0.651006 0.936452
vt 0.651080 0.906247
vt 0.651080 0.936452
vt 0.651157 0.906247
vt 0.651157 0.936452
vt 0.651236 0.906247
vt 0.651236 0.936452
vt 0.651316 0.906247
vt 0.651316 0.936452
vt 0.651398 0.906247
vt 0.651398 0.936452
vt 0.651482 0.906247
vt 0.651482 0.936452
vt 0.651568 0.906247
vt 0.651568 0.936452
vt 0.651655 0.906247
vt 0.651655 0.936452
vt 0.651745 0.906247
vt 0.651745 0.936452
vt 0.651836 0.906247
vt 0.651836 0.936452
vt 0.651929 0.906247
vt 0.651929 0.936452
vt 0.652024 0.906247
vt 0.652024 0.936452
vt 0.652121 0.906247
vt 0.652121 0.936452
vt 0.652219 0.906247
vt 0.652219 0.936452
vt 0.652320 0.906247
vt 0.652320 0.936452
vt 0.654556 0.906247
vt 0.654556 0.936452
vt 0.654672 0.906247
vt 0.654672 0.936452
vt 0.654788 0.906247
vt 0.654788 0.936452
vt 0.654903 0.906247
vt 0.654903 0.936452
vt 0.655018 0.906247
vt 0.655018 0.936452
vt 0.655131 0.906247
vt 0.655131 0.936452
vt 0.655244 0.906247
vt 0.655244 0.936452
vt 0.655357 0.906247
vt 0.655357 0.936452
vt 0.655469 0.906247
vt 0.655469 0.936452
vt 0.655580 0.906247
vt 0.655580 0.936452
vt 0.655690 0.906247
vt 0.655690 0.936452
vt 0.655800 0.906247
vt 0.655800 0.936452
vt 0.655909 0.906247
vt 0.655909 0.936452
vt 0.656017 0.906247
vt 0.656017 0.936452
vt 0.656125 0.906247
vt 0.656125 0.936452
vt 0.656232 0.906247
vt 0.656232 0.936452
vt 0.656337 0.906247
vt 0.656337 0.936452
vt 0.656440 0.906247
vt 0.656440 0.936452
vt 0.656540 0.906247
vt 0.656540 0.936452
vt 0.656638 0.906247
vt 0.656638 0.936452
vt 0.656733 0.906247
vt 0.656733 0.936452
vt 0.985291 0.985424
vt 0.985291 0.955218
vt 0.985386 0.955218
vt 0.985386 0.985424
vt 0.985484 0.955218
vt 0.985484 0.985424
vt 0.985584 0.955218
vt 0.985584 0.985424
vt 0.985687 0.955218
vt 0.985687 0.985424
vt 0.985792 0.955218
vt 0.985792 0.985424
vt 0.985900 0.955218
vt 0.985900 0.985424
vt 0.986010 0.955218
vt 0.986010 0.985424
vt 0.986123 0.955218
vt 0.986123 0.985424
vt 0.986238 0.955218
vt 0.986238 0.985424
vt 0.986355 0.955218
vt 0.986355 0.985424
vt 0.986476 0.955218
vt 0.986476 0.985424
vt 0.986598 0.955218
vt 0.986598 0.985424
vt 0.986723 0.955218
vt 0.986723 0.985424
vt 0.986851 0.955218
vt 0.986851 0.985424
vt 0.986981 0.955218
vt 0.986981 0.985424
vt 0.987114 0.955218
vt 0.987114 0.985424
vt 0.987249 0.955218
vt 0.987249 0.985424
vt 0.987386 0.955218
vt 0.987386 0.985424
vt 0.987527 0.955218
vt 0.987527 0.985424
vt 0.987669 0.955218
vt 0.987669 0.985424
vt 0.987815 0.955218
vt 0.987815 0.985424
vt 0.987962 0.955218
vt 0.987962 0.985424
vt 0.988113 0.955218
vt 0.988113 0.985424
vt 0.988265 0.955218
vt 0.988265 0.985424
vt 0.988421 0.955218
vt 0.988421 0.985424
vt 0.988603 0.955218
vt 0.988603 0.985424
vt 0.988782 0.955218
vt 0.988782 0.985424
vt 0.988958 0.955218
vt 0.988958 0.985424
vt 0.989133 0.955218
vt 0.989133 0.985424
vt 0.989304 0.955218
vt 0.989304 0.985424
vt 0.989473 0.955218
vt 0.989473 0.985424
vt 0.989639 0.955218
vt 0.989639 0.985424
vt 0.989803 0.955218
vt 0.989803 0.985424
vt 0.989964 0.955218
vt 0.989964 0.985424
vt 0.990123 0.955218
vt 0.990123 0.985424
vt 0.990279 0.955218
vt 0.990279 0.985424
vt 0.990432 0.955218
vt 0.990432 0.985424
vt 0.990583 0.955218
vt 0.990583 0.985424
vt 0.990731 0.955218
vt 0.990731 0.985424
vt 0.990877 0.955218
vt 0.990877 0.985424
vt 0.991019 0.955218
vt 0.991019 0.985424
vt 0.991157 0.955218
vt 0.991157 0.985424
vt 0.991291 0.955218
vt 0.991291 0.985424
vt 0.991420 0.955218
vt 0.991420 0.985424
vt 0.723398 0.989842
vt 0.723398 0.959636
vt 0.723523 0.959636
vt 0.723523 0.989842
vt 0.723654 0.959636
vt 0.723654 0.989842
vt 0.723790 0.959636
vt 0.723790 0.989842
vt 0.723931 0.959636
vt 0.723931 0.989842
vt 0.724077 0.959636
vt 0.724077 0.989842
vt 0.724229 0.959636
vt 0.724229 0.989842
vt 0.724386 0.959636
vt 0.724386 0.989842
vt 0.724549 0.959636
vt 0.724549 0.989842
vt 0.724716 0.959636
vt 0.724716 0.989842
vt 0.724890 0.959636
vt 0.724890 0.989842
vt 0.725068 0.959636
vt 0.725068 0.989842
vt 0.725251 0.959636
vt 0.725251 0.989842
vt 0.725437 0.959636
vt 0.725437 0.989842
vt 0.725627 0.959636
vt 0.725627 0.989842
vt 0.725821 0.959636
vt 0.725821 0.989842
vt 0.726018 0.959636
vt 0.726018 0.989842
vt 0.726219 0.959636
vt 0.726219 0.989842
vt 0.726423 0.959636
vt 0.726423 0.989842
vt 0.726631 0.959636
vt 0.726631 0.989842
vt 0.726843 0.959636
vt 0.726843 0.989842
vt 0.727058 0.959636
vt 0.727058 0.989842
vt 0.727277 0.959636
vt 0.727277 0.989842
vt 0.727499 0.959636
vt 0.727499 0.989842
vt 0.727725 0.959636
vt 0.727725 0.989842
vt 0.727954 0.959636
vt 0.727954 0.989842
vt 0.728187 0.959636
vt 0.728187 0.989842
vt 0.728386 0.959636
vt 0.728386 0.989842
vt 0.728583 0.959636
vt 0.728583 0.989842
vt 0.728780 0.959636
vt 0.728780 0.989842
vt 0.728977 0.959636
vt 0.728977 0.989842
vt 0.729173 0.959636
vt 0.729173 0.989842
vt 0.729369 0.959636
vt 0.729369 0.989842
vt 0.729564 0.959636
vt 0.729564 0.989842
vt 0.729759 0.959636
vt 0.729759 0.989842
vt 0.729953 0.959636
vt 0.729953 0.989842
vt 0.730147 0.959636
vt 0.730147 0.989842
vt 0.730340 0.959636
vt 0.730340 0.989842
vt 0.730533 0.959636
vt 0.730533 0.989842
vt 0.730725 0.959636
vt 0.730725 0.989842
vt 0.730917 0.959636
vt 0.730917 0.989842
vt 0.731108 0.959636
vt 0.731108 0.989842
vt 0.731298 0.959636
vt 0.731298 0.989842
vt 0.731484 0.959636
vt 0.731484 0.989842
vt 0.731668 0.959636
vt 0.731668 0.989842
vt 0.731848 0.959636
vt 0.731848 0.989842
vt 0.732025 0.959636
vt 0.732025 0.989842
vt 0.732199 0.959636
vt 0.732199 0.989842
vt 0.732370 0.959636
vt 0.732370 0.989842
vt 0.732537 0.959636
vt 0.732537 0.989842
vt 0.732702 0.959636
vt 0.732702 0.989842
vt 0.732863 0.959636
vt 0.732863 0.989842
vt 0.733022 0.959636
vt 0.733022 0.989842
vt 0.733177 0.959636
vt 0.733177 0.989842
vt 0.733329 0.959636
vt 0.733329 0.989842
vt 0.733478 0.959636
vt 0.733478 0.989842
vt 0.995019 0.530766
vt 0.994897 0.530766
vt 0.994897 0.500561
vt 0.995047 0.500561
vt 0.995047 0.530766
vt 0.997159 0.500561
vt 0.997159 0.530766
vt 0.066144 0.936883
vt 0.066144 0.906677
vt 0.066255 0.906677
vt 0.066255 0.936883
vt 0.066367 0.906677
vt 0.066367 0.936883
vt 0.066478 0.906677
vt 0.066478 0.936883
vt 0.066590 0.906677
vt 0.066590 0.936883
vt 0.066702 0.906677
vt 0.066702 0.936883
vt 0.066814 0.906677
vt 0.066814 0.936883
vt 0.066927 0.906677
vt 0.066927 0.936883
vt 0.067039 0.906677
vt 0.067039 0.936883
vt 0.067152 0.906677
vt 0.067152 0.936883
vt 0.067265 0.906677
vt 0.067265 0.936883
vt 0.067378 0.906677
vt 0.067378 0.936883
vt 0.067491 0.906677
vt 0.067491 0.936883
vt 0.067604 0.906677
vt 0.067604 0.936883
vt 0.067718 0.906677
vt 0.067718 0.936883
vt 0.067831 0.906677
vt 0.067831 0.936883
vt 0.067946 0.906677
vt 0.067946 0.936883
vt 0.068062 0.906677
vt 0.068062 0.936883
vt 0.068179 0.906677
vt 0.068179 0.936883
vt 0.068299 0.906677
vt 0.068299 0.936883
vt 0.068419 0.906677
vt 0.068419 0.936883
vt 0.068542 0.906677
vt 0.068542 0.936883
vt 0.068666 0.906677
vt 0.068666 0.936883
vt 0.068791 0.906677
vt 0.068791 0.936883
vt 0.068918 0.906677
vt 0.068918 0.936883
vt 0.069047 0.906677
vt 0.069047 0.936883
vt 0.069177 0.906677
vt 0.069177 0.936883
vt 0.069309 0.906677
vt 0.069309 0.936883
vt 0.069442 0.906677
vt 0.069442 0.936883
vt 0.069577 0.906677
vt 0.069577 0.936883
vt 0.069714 0.906677
vt 0.069714 0.936883
vt 0.069849 0.906677
vt 0.069849 0.936883
vt 0.069980 0.906677
vt 0.069980 0.936883
vt 0.070108 0.906677
vt 0.070108 0.936883
vt 0.070231 0.906677
vt 0.070231 0.936883
vt 0.070351 0.906677
vt 0.070351 0.936883
vt 0.070467 0.906677
vt 0.070467 0.936883
vt 0.070578 0.906677
vt 0.070578 0.936883
vt 0.070686 0.906677
vt 0.070686 0.936883
vt 0.070790 0.906677
vt 0.070790 0.936883
vt 0.070890 0.906677
vt 0.070890 0.936883
vt 0.070986 0.906677
vt 0.070986 0.936883
vt 0.071078 0.906677
vt 0.071078 0.936883
vt 0.071166 0.906677
vt 0.071166 0.936883
vt 0.071250 0.906677
vt 0.071250 0.936883
vt 0.071331 0.906677
vt 0.071331 0.936883
vt 0.071406 0.906677
vt 0.071406 0.936883
vt 0.071477 0.906677
vt 0.071477 0.936883
vt 0.071542 0.906677
vt 0.071542 0.936883
vt 0.071601 0.906677
vt 0.071601 0.936883
vt 0.753591 0.989841
vt 0.753591 0.959636
vt 0.753654 0.959636
vt 0.753654 0.989841
vt 0.753719 0.959636
vt 0.753719 0.989841
vt 0.753787 0.959636
vt 0.753787 0.989841
vt 0.753859 0.959636
vt 0.753859 0.989841
vt 0.753933 0.959636
vt 0.753933 0.989841
vt 0.754011 0.959636
vt 0.754011 0.989841
vt 0.754091 0.959636
vt 0.754091 0.989841
vt 0.754175 0.959636
vt 0.754175 0.989841
vt 0.754261 0.959636
vt 0.754261 0.989841
vt 0.754351 0.959636
vt 0.754351 0.989841
vt 0.754444 0.959636
vt 0.754444 0.989841
vt 0.754514 0.959636
vt 0.754514 0.989841
vt 0.754583 0.959636
vt 0.754583 0.989841
vt 0.754650 0.959636
vt 0.754650 0.989841
vt 0.754715 0.959636
vt 0.754715 0.989841
vt 0.754780 0.959636
vt 0.754780 0.989841
vt 0.754842 0.959636
vt 0.754842 0.989841
vt 0.754904 0.959636
vt 0.754904 0.989841
vt 0.754964 0.959636
vt 0.754964 0.989841
vt 0.755022 0.959636
vt 0.755022 0.989841
vt 0.755079 0.959636
vt 0.755079 0.989841
vt 0.755135 0.959636
vt 0.755135 0.989841
vt 0.755189 0.959636
vt 0.755189 0.989841
vt 0.755242 0.959636
vt 0.755242 0.989841
vt 0.755293 0.959636
vt 0.755293 0.989841
vt 0.755343 0.959636
vt 0.755343 0.989841
vt 0.755392 0.959636
vt 0.755392 0.989841
vt 0.748900 0.936579
vt 0.748900 0.906374
vt 0.748949 0.906374
vt 0.748949 0.936579
vt 0.749000 0.906374
vt 0.749000 0.936579
vt 0.749054 0.906374
vt 0.749054 0.936579
vt 0.749110 0.906374
vt 0.749110 0.936579
vt 0.749167 0.906374
vt 0.749167 0.936579
vt 0.749227 0.906374
vt 0.749227 0.936579
vt 0.749289 0.906374
vt 0.749289 0.936579
vt 0.749354 0.906374
vt 0.749354 0.936579
vt 0.749420 0.906374
vt 0.749420 0.936579
vt 0.749488 0.906374
vt 0.749488 0.936579
vt 0.749559 0.906374
vt 0.749559 0.936579
vt 0.749631 0.906374
vt 0.749631 0.936579
vt 0.749706 0.906374
vt 0.749706 0.936579
vt 0.749783 0.906374
vt 0.749783 0.936579
vt 0.749862 0.906374
vt 0.749862 0.936579
vt 0.749942 0.906374
vt 0.749942 0.936579
vt 0.750024 0.906374
vt 0.750024 0.936579
vt 0.750107 0.906374
vt 0.750107 0.936579
vt 0.750192 0.906374
vt 0.750192 0.936579
vt 0.750279 0.906374
vt 0.750279 0.936579
vt 0.750367 0.906374
vt 0.750367 0.936579
vt 0.750456 0.906374
vt 0.750456 0.936579
vt 0.750547 0.906374
vt 0.750547 0.936579
vt 0.750640 0.906374
vt 0.750640 0.936579
vt 0.750734 0.906374
vt 0.750734 0.936579
vt 0.750829 0.906374
vt 0.750829 0.936579
vt 0.750926 0.906374
vt 0.750926 0.936579
vt 0.751025 0.906374
vt 0.751025 0.936579
vt 0.751125 0.906374
vt 0.751125 0.936579
vt 0.753304 0.906374
vt 0.753304 0.936579
vt 0.753441 0.906374
vt 0.753441 0.936579
vt 0.753575 0.906374
vt 0.753575 0.936579
vt 0.753706 0.906374
vt 0.753706 0.936579
vt 0.753835 0.906374
vt 0.753835 0.936579
vt 0.753962 0.906374
vt 0.753962 0.936579
vt 0.754086 0.906374
vt 0.754086 0.936579
vt 0.754208 0.906374
vt 0.754208 0.936579
vt 0.754328 0.906374
vt 0.754328 0.936579
vt 0.754445 0.906374
vt 0.754445 0.936579
vt 0.754559 0.906374
vt 0.754559 0.936579
vt 0.754671 0.906374
vt 0.754671 0.936579
vt 0.754781 0.906374
vt 0.754781 0.936579
vt 0.754888 0.906374
vt 0.754888 0.936579
vt 0.754993 0.906374
vt 0.754993 0.936579
vt 0.755095 0.906374
vt 0.755095 0.936579
vt 0.755195 0.906374
vt 0.755195 0.936579
vt 0.755292 0.906374
vt 0.755292 0.936579
vt 0.755385 0.906374
vt 0.755385 0.936579
vt 0.650180 0.972032
vt 0.650180 0.941827
vt 0.650275 0.941827
vt 0.650275 0.972032
vt 0.650372 0.941827
vt 0.650372 0.972032
vt 0.650471 0.941827
vt 0.650471 0.972032
vt 0.650571 0.941827
vt 0.650571 0.972032
vt 0.650674 0.941827
vt 0.650674 0.972032
vt 0.650778 0.941827
vt 0.650778 0.972032
vt 0.650884 0.941827
vt 0.650884 0.972032
vt 0.650992 0.941827
vt 0.650992 0.972032
vt 0.651102 0.941827
vt 0.651102 0.972032
vt 0.651213 0.941827
vt 0.651213 0.972032
vt 0.651327 0.941827
vt 0.651327 0.972032
vt 0.651442 0.941827
vt 0.651442 0.972032
vt 0.651559 0.941827
vt 0.651559 0.972032
vt 0.651679 0.941827
vt 0.651679 0.972032
vt 0.651802 0.941827
vt 0.651802 0.972032
vt 0.651928 0.941827
vt 0.651928 0.972032
vt 0.652056 0.941827
vt 0.652056 0.972032
vt 0.652187 0.941827
vt 0.652187 0.972032
vt 0.652320 0.941827
vt 0.652320 0.972032
vt 0.652456 0.941827
vt 0.652456 0.972032
vt 0.652595 0.941827
vt 0.652595 0.972032
vt 0.652737 0.941827
vt 0.652737 0.972032
vt 0.652881 0.941827
vt 0.652881 0.972032
vt 0.653028 0.941827
vt 0.653028 0.972032
vt 0.653177 0.941827
vt 0.653177 0.972032
vt 0.653329 0.941827
vt 0.653329 0.972032
vt 0.653484 0.941827
vt 0.653484 0.972032
vt 0.653666 0.941827
vt 0.653666 0.972032
vt 0.653845 0.941827
vt 0.653845 0.972032
vt 0.654021 0.941827
vt 0.654021 0.972032
vt 0.654195 0.941827
vt 0.654195 0.972032
vt 0.654367 0.941827
vt 0.654367 0.972032
vt 0.654536 0.941827
vt 0.654536 0.972032
vt 0.654703 0.941827
vt 0.654703 0.972032
vt 0.654867 0.941827
vt 0.654867 0.972032
vt 0.655029 0.941827
vt 0.655029 0.972032
vt 0.655188 0.941827
vt 0.655188 0.972032
vt 0.655345 0.941827
vt 0.655345 0.972032
vt 0.655499 0.941827
vt 0.655499 0.972032
vt 0.655651 0.941827
vt 0.655651 0.972032
vt 0.655800 0.941827
vt 0.655800 0.972032
vt 0.655947 0.941827
vt 0.655947 0.972032
vt 0.656091 0.941827
vt 0.656091 0.972032
vt 0.656230 0.941827
vt 0.656230 0.972032
vt 0.656364 0.941827
vt 0.656364 0.972032
vt 0.656494 0.941827
vt 0.656494 0.972032
vt 0.656620 0.941827
vt 0.656620 0.972032
vt 0.493618 0.986452
vt 0.493618 0.956246
vt 0.493749 0.956246
vt 0.493749 0.986452
vt 0.493885 0.956246
vt 0.493885 0.986452
vt 0.494028 0.956246
vt 0.494028 0.986452
vt 0.494177 0.956246
vt 0.494177 0.986452
vt 0.494332 0.956246
vt 0.494332 0.986452
vt 0.494493 0.956246
vt 0.494493 0.986452
vt 0.494660 0.956246
vt 0.494660 0.986452
vt 0.494834 0.956246
vt 0.494834 0.986452
vt 0.495014 0.956246
vt 0.495014 0.986452
vt 0.985813 0.424026
vt 0.985813 0.393821
vt 0.989542 0.393821
vt 0.989542 0.424026
vt 0.856511 0.579516
vt 0.843119 0.579516
vt 0.843119 0.549311
vt 0.859579 0.549311
vt 0.859579 0.579516
vt 0.985813 0.388446
vt 0.985813 0.358241
vt 0.989543 0.358241
vt 0.989543 0.388446
vt 0.401267 0.990145
vt 0.401267 0.959940
vt 0.408074 0.959940
vt 0.408074 0.990145
vt 0.994902 0.656111
vt 0.994902 0.625906
vt 0.994970 0.625906
vt 0.994970 0.656111
vt 0.413854 0.990145
vt 0.413854 0.959940
vt 0.420507 0.959940
vt 0.420507 0.990145
vt 0.985813 0.139387
vt 0.985813 0.109181
vt 0.989932 0.109181
vt 0.989932 0.139387
vt 0.821251 0.579516
vt 0.821251 0.549311
vt 0.827379 0.549311
vt 0.827379 0.579516
vt 0.837742 0.549311
vt 0.837742 0.579516
vt 0.985813 0.174966
vt 0.985813 0.144761
vt 0.989885 0.144761
vt 0.989885 0.174966
vt 0.059925 0.990145
vt 0.059925 0.959940
vt 0.067129 0.959940
vt 0.067129 0.990145
vt 0.376761 0.990145
vt 0.376761 0.959940
vt 0.379193 0.959940
vt 0.379193 0.990145
vt 0.383657 0.959940
vt 0.383657 0.990145
vt 0.985813 0.802406
vt 0.985813 0.772200
vt 0.989519 0.772200
vt 0.989519 0.802406
vt 0.798196 0.579516
vt 0.798196 0.549311
vt 0.815874 0.549311
vt 0.815874 0.579516
vt 0.985813 0.459606
vt 0.985813 0.429401
vt 0.989520 0.429401
vt 0.989520 0.459606
vt 0.985291 0.914264
vt 0.985291 0.884058
vt 0.989623 0.884058
vt 0.989623 0.914264
vt 0.991885 0.884058
vt 0.991885 0.914264
vt 0.426587 0.990145
vt 0.426587 0.959940
vt 0.426686 0.959940
vt 0.426686 0.990145
vt 0.426786 0.959940
vt 0.426786 0.990145
vt 0.426888 0.959940
vt 0.426888 0.990145
vt 0.426993 0.959940
vt 0.426993 0.990145
vt 0.427100 0.959940
vt 0.427100 0.990145
vt 0.427208 0.959940
vt 0.427208 0.990145
vt 0.427319 0.959940
vt 0.427319 0.990145
vt 0.427433 0.959940
vt 0.427433 0.990145
vt 0.427548 0.959940
vt 0.427548 0.990145
vt 0.427665 0.959940
vt 0.427665 0.990145
vt 0.427785 0.959940
vt 0.427785 0.990145
vt 0.427907 0.959940
vt 0.427907 0.990145
vt 0.428031 0.959940
vt 0.428031 0.990145
vt 0.428157 0.959940
vt 0.428157 0.990145
vt 0.428285 0.959940
vt 0.428285 0.990145
vt 0.428416 0.959940
vt 0.428416 0.990145
vt 0.428550 0.959940
vt 0.428550 0.990145
vt 0.428687 0.959940
vt 0.428687 0.990145
vt 0.428827 0.959940
vt 0.428827 0.990145
vt 0.428971 0.959940
vt 0.428971 0.990145
vt 0.429117 0.959940
vt 0.429117 0.990145
vt 0.429267 0.959940
vt 0.429267 0.990145
vt 0.429420 0.959940
vt 0.429420 0.990145
vt 0.429577 0.959940
vt 0.429577 0.990145
vt 0.429736 0.959940
vt 0.429736 0.990145
vt 0.429899 0.959940
vt 0.429899 0.990145
vt 0.430065 0.959940
vt 0.430065 0.990145
vt 0.430234 0.959940
vt 0.430234 0.990145
vt 0.430406 0.959940
vt 0.430406 0.990145
vt 0.430581 0.959940
vt 0.430581 0.990145
vt 0.430857 0.959940
vt 0.430857 0.990145
vt 0.431122 0.959940
vt 0.431122 0.990145
vt 0.431377 0.959940
vt 0.431377 0.990145
vt 0.431622 0.959940
vt 0.431622 0.990145
vt 0.431857 0.959940
vt 0.431857 0.990145
vt 0.432082 0.959940
vt 0.432082 0.990145
vt 0.432296 0.959940
vt 0.432296 0.990145
vt 0.432500 0.959940
vt 0.432500 0.990145
vt 0.432694 0.959940
vt 0.432694 0.990145
vt 0.432878 0.959940
vt 0.432878 0.990145
vt 0.433052 0.959940
vt 0.433052 0.990145
vt 0.433215 0.959940
vt 0.433215 0.990145
vt 0.457163 0.972463
vt 0.457163 0.942257
vt 0.457323 0.942257
vt 0.457323 0.972463
vt 0.457494 0.942257
vt 0.457494 0.972463
vt 0.457677 0.942257
vt 0.457677 0.972463
vt 0.457869 0.942257
vt 0.457869 0.972463
vt 0.458069 0.942257
vt 0.458069 0.972463
vt 0.458277 0.942257
vt 0.458277 0.972463
vt 0.458494 0.942257
vt 0.458494 0.972463
vt 0.458720 0.942257
vt 0.458720 0.972463
vt 0.458953 0.942257
vt 0.458953 0.972463
vt 0.459195 0.942257
vt 0.459195 0.972463
vt 0.459445 0.942257
vt 0.459445 0.972463
vt 0.459704 0.942257
vt 0.459704 0.972463
vt 0.459655 0.972463
vt 0.459970 0.942257
vt 0.459970 0.972463
vt 0.460245 0.942257
vt 0.460245 0.972463
vt 0.460529 0.942257
vt 0.460529 0.972463
vt 0.460820 0.942257
vt 0.460820 0.972463
vt 0.461120 0.942257
vt 0.461120 0.972463
vt 0.461428 0.942257
vt 0.461428 0.972463
vt 0.469186 0.942257
vt 0.469186 0.972463
vt 0.985813 0.837986
vt 0.985813 0.807780
vt 0.989519 0.807780
vt 0.989519 0.837986
vt 0.738855 0.989841
vt 0.738855 0.959636
vt 0.746166 0.959636
vt 0.746166 0.989841
vt 0.746348 0.959636
vt 0.746348 0.989841
vt 0.746522 0.959636
vt 0.746522 0.989841
vt 0.746689 0.959636
vt 0.746689 0.989841
vt 0.746848 0.959636
vt 0.746848 0.989841
vt 0.746999 0.959636
vt 0.746999 0.989841
vt 0.747142 0.959636
vt 0.747142 0.989841
vt 0.747278 0.959636
vt 0.747278 0.989841
vt 0.747406 0.959636
vt 0.747406 0.989841
vt 0.747526 0.959636
vt 0.747526 0.989841
vt 0.747638 0.959636
vt 0.747638 0.989841
vt 0.747743 0.959636
vt 0.747743 0.989841
vt 0.747840 0.959636
vt 0.747840 0.989841
vt 0.747929 0.959636
vt 0.747929 0.989841
vt 0.748010 0.959636
vt 0.748010 0.989841
vt 0.748084 0.959636
vt 0.748084 0.989841
vt 0.748151 0.959636
vt 0.748151 0.989841
vt 0.748214 0.959636
vt 0.748214 0.989841
vt 0.985937 0.656111
vt 0.985937 0.625906
vt 0.986002 0.625906
vt 0.986002 0.656111
vt 0.986071 0.625906
vt 0.986071 0.656111
vt 0.986144 0.625906
vt 0.986144 0.656111
vt 0.986221 0.625906
vt 0.986221 0.656111
vt 0.986302 0.625906
vt 0.986302 0.656111
vt 0.986388 0.625906
vt 0.986388 0.656111
vt 0.986477 0.625906
vt 0.986477 0.656111
vt 0.986570 0.625906
vt 0.986570 0.656111
vt 0.986668 0.625906
vt 0.986668 0.656111
vt 0.986770 0.625906
vt 0.986770 0.656111
vt 0.986875 0.625906
vt 0.986875 0.656111
vt 0.986985 0.625906
vt 0.986985 0.656111
vt 0.987099 0.625906
vt 0.987099 0.656111
vt 0.987196 0.625906
vt 0.987196 0.656111
vt 0.987290 0.625906
vt 0.987290 0.656111
vt 0.987383 0.625906
vt 0.987383 0.656111
vt 0.987474 0.625906
vt 0.987474 0.656111
vt 0.987564 0.625906
vt 0.987564 0.656111
vt 0.987651 0.625906
vt 0.987651 0.656111
vt 0.987736 0.625906
vt 0.987736 0.656111
vt 0.987820 0.625906
vt 0.987820 0.656111
vt 0.987901 0.625906
vt 0.987901 0.656111
vt 0.987981 0.625906
vt 0.987981 0.656111
vt 0.988059 0.625906
vt 0.988059 0.656111
vt 0.988135 0.625906
vt 0.988135 0.656111
vt 0.988209 0.625906
vt 0.988209 0.656111
vt 0.988281 0.625906
vt 0.988281 0.656111
vt 0.988351 0.625906
vt 0.988351 0.656111
vt 0.988421 0.625906
vt 0.988421 0.656111
vt 0.988493 0.625906
vt 0.988493 0.656111
vt 0.988565 0.625906
vt 0.988565 0.656111
vt 0.988638 0.625906
vt 0.988638 0.656111
vt 0.988713 0.625906
vt 0.988713 0.656111
vt 0.988789 0.625906
vt 0.988789 0.656111
vt 0.988866 0.625906
vt 0.988866 0.656111
vt 0.988944 0.625906
vt 0.988944 0.656111
vt 0.989024 0.625906
vt 0.989024 0.656111
vt 0.989104 0.625906
vt 0.989104 0.656111
vt 0.989186 0.625906
vt 0.989186 0.656111
vt 0.989269 0.625906
vt 0.989269 0.656111
vt 0.989353 0.625906
vt 0.989353 0.656111
vt 0.989438 0.625906
vt 0.989438 0.656111
vt 0.989524 0.625906
vt 0.989524 0.656111
vt 0.046083 0.990145
vt 0.046083 0.959940
vt 0.054548 0.959940
vt 0.054548 0.990145
vt 0.577386 0.936452
vt 0.577386 0.906247
vt 0.577522 0.906247
vt 0.577522 0.936452
vt 0.577661 0.906247
vt 0.577661 0.936452
vt 0.577806 0.906247
vt 0.577806 0.936452
vt 0.577955 0.906247
vt 0.577955 0.936452
vt 0.578108 0.906247
vt 0.578108 0.936452
vt 0.578266 0.906247
vt 0.578266 0.936452
vt 0.578429 0.906247
vt 0.578429 0.936452
vt 0.578596 0.906247
vt 0.578596 0.936452
vt 0.578767 0.906247
vt 0.578767 0.936452
vt 0.578944 0.906247
vt 0.578944 0.936452
vt 0.579124 0.906247
vt 0.579124 0.936452
vt 0.579310 0.906247
vt 0.579310 0.936452
vt 0.579500 0.906247
vt 0.579500 0.936452
vt 0.579694 0.906247
vt 0.579694 0.936452
vt 0.579893 0.906247
vt 0.579893 0.936452
vt 0.579972 0.906247
vt 0.579972 0.936452
vt 0.580049 0.906247
vt 0.580049 0.936452
vt 0.580124 0.906247
vt 0.580124 0.936452
vt 0.580198 0.906247
vt 0.580198 0.936452
vt 0.580271 0.906247
vt 0.580271 0.936452
vt 0.580342 0.906247
vt 0.580342 0.936452
vt 0.580411 0.906247
vt 0.580411 0.936452
vt 0.580479 0.906247
vt 0.580479 0.936452
vt 0.580546 0.906247
vt 0.580546 0.936452
vt 0.580611 0.906247
vt 0.580611 0.936452
vt 0.580674 0.906247
vt 0.580674 0.936452
vt 0.580736 0.906247
vt 0.580736 0.936452
vt 0.580796 0.906247
vt 0.580796 0.936452
vt 0.580855 0.906247
vt 0.580855 0.936452
vt 0.580913 0.906247
vt 0.580913 0.936452
vt 0.580969 0.906247
vt 0.580969 0.936452
vt 0.581025 0.906247
vt 0.581025 0.936452
vt 0.581081 0.906247
vt 0.581081 0.936452
vt 0.581137 0.906247
vt 0.581137 0.936452
vt 0.581192 0.906247
vt 0.581192 0.936452
vt 0.581247 0.906247
vt 0.581247 0.936452
vt 0.581302 0.906247
vt 0.581302 0.936452
vt 0.581356 0.906247
vt 0.581356 0.936452
vt 0.581410 0.906247
vt 0.581410 0.936452
vt 0.581464 0.906247
vt 0.581464 0.936452
vt 0.581517 0.906247
vt 0.581517 0.936452
vt 0.581570 0.906247
vt 0.581570 0.936452
vt 0.581623 0.906247
vt 0.581623 0.936452
vt 0.581676 0.906247
vt 0.581676 0.936452
vt 0.581728 0.906247
vt 0.581728 0.936452
vt 0.255427 0.965217
vt 0.258151 0.965217
vt 0.258151 0.995422
vt 0.255427 0.995422
vt 0.994897 0.495186
vt 0.994897 0.464981
vt 0.994921 0.464981
vt 0.994921 0.495186
vt 0.994946 0.464981
vt 0.994946 0.495186
vt 0.994972 0.464981
vt 0.994972 0.495186
vt 0.994998 0.464981
vt 0.994998 0.495186
vt 0.995024 0.464981
vt 0.995024 0.495186
vt 0.995051 0.464981
vt 0.995051 0.495186
vt 0.995078 0.464981
vt 0.995078 0.495186
vt 0.995105 0.464981
vt 0.995105 0.495186
vt 0.995133 0.464981
vt 0.995133 0.495186
vt 0.995162 0.464981
vt 0.995162 0.495186
vt 0.995190 0.464981
vt 0.995190 0.495186
vt 0.995219 0.464981
vt 0.995219 0.495186
vt 0.995249 0.464981
vt 0.995249 0.495186
vt 0.995279 0.464981
vt 0.995279 0.495186
vt 0.995309 0.464981
vt 0.995309 0.495186
vt 0.995340 0.464981
vt 0.995340 0.495186
vt 0.995370 0.464981
vt 0.995370 0.495186
vt 0.995401 0.464981
vt 0.995401 0.495186
vt 0.995431 0.464981
vt 0.995431 0.495186
vt 0.995462 0.464981
vt 0.995462 0.495186
vt 0.995493 0.464981
vt 0.995493 0.495186
vt 0.995523 0.464981
vt 0.995523 0.495186
vt 0.995554 0.464981
vt 0.995554 0.495186
vt 0.995584 0.464981
vt 0.995584 0.495186
vt 0.995615 0.464981
vt 0.995615 0.495186
vt 0.995645 0.464981
vt 0.995645 0.495186
vt 0.995676 0.464981
vt 0.995676 0.495186
vt 0.995706 0.464981
vt 0.995706 0.495186
vt 0.995737 0.464981
vt 0.995737 0.495186
vt 0.995767 0.464981
vt 0.995767 0.495186
vt 0.995894 0.464981
vt 0.995894 0.495186
vt 0.996016 0.464981
vt 0.996016 0.495186
vt 0.996135 0.464981
vt 0.996135 0.495186
vt 0.996250 0.464981
vt 0.996250 0.495186
vt 0.996361 0.464981
vt 0.996361 0.495186
vt 0.996468 0.464981
vt 0.996468 0.495186
vt 0.996571 0.464981
vt 0.996571 0.495186
vt 0.996671 0.464981
vt 0.996671 0.495186
vt 0.996767 0.464981
vt 0.996767 0.495186
vt 0.996859 0.464981
vt 0.996859 0.495186
vt 0.996948 0.464981
vt 0.996948 0.495186
vt 0.997032 0.464981
vt 0.997032 0.495186
vt 0.997113 0.464981
vt 0.997113 0.495186
vt 0.997190 0.464981
vt 0.997190 0.495186
vt 0.997263 0.464981
vt 0.997263 0.495186
vt 0.997333 0.464981
vt 0.997333 0.495186
vt 0.997401 0.464981
vt 0.997401 0.495186
vt 0.873367 0.732405
vt 0.873367 0.702199
vt 0.873435 0.702199
vt 0.873435 0.732405
vt 0.873505 0.702199
vt 0.873505 0.732405
vt 0.873577 0.702199
vt 0.873577 0.732405
vt 0.873653 0.702199
vt 0.873653 0.732405
vt 0.873730 0.702199
vt 0.873730 0.732405
vt 0.873811 0.702199
vt 0.873811 0.732405
vt 0.873893 0.702199
vt 0.873893 0.732405
vt 0.873979 0.702199
vt 0.873979 0.732405
vt 0.874067 0.702199
vt 0.874067 0.732405
vt 0.874157 0.702199
vt 0.874157 0.732405
vt 0.874250 0.702199
vt 0.874250 0.732405
vt 0.874346 0.702199
vt 0.874346 0.732405
vt 0.874444 0.702199
vt 0.874444 0.732405
vt 0.875124 0.702199
vt 0.875124 0.732405
vt 0.887470 0.702199
vt 0.887470 0.732405
vt 0.885170 0.732405
vt 0.985813 0.352866
vt 0.985813 0.322661
vt 0.989566 0.322661
vt 0.989566 0.352866
vt 0.017178 0.990145
vt 0.017178 0.959940
vt 0.022779 0.959940
vt 0.022779 0.990145
vt 0.022897 0.959940
vt 0.022897 0.990145
vt 0.023015 0.959940
vt 0.023015 0.990145
vt 0.023133 0.959940
vt 0.023133 0.990145
vt 0.023252 0.959940
vt 0.023252 0.990145
vt 0.023370 0.959940
vt 0.023370 0.990145
vt 0.023489 0.959940
vt 0.023489 0.990145
vt 0.023608 0.959940
vt 0.023608 0.990145
vt 0.023727 0.959940
vt 0.023727 0.990145
vt 0.023847 0.959940
vt 0.023847 0.990145
vt 0.023966 0.959940
vt 0.023966 0.990145
vt 0.024086 0.959940
vt 0.024086 0.990145
vt 0.024205 0.959940
vt 0.024205 0.990145
vt 0.024325 0.959940
vt 0.024325 0.990145
vt 0.024445 0.959940
vt 0.024445 0.990145
vt 0.024566 0.959940
vt 0.024566 0.990145
vt 0.024686 0.959940
vt 0.024686 0.990145
vt 0.024807 0.959940
vt 0.024807 0.990145
vt 0.024927 0.959940
vt 0.024927 0.990145
vt 0.025049 0.959940
vt 0.025049 0.990145
vt 0.025170 0.959940
vt 0.025170 0.990145
vt 0.025291 0.959940
vt 0.025291 0.990145
vt 0.025413 0.959940
vt 0.025413 0.990145
vt 0.025535 0.959940
vt 0.025535 0.990145
vt 0.025657 0.959940
vt 0.025657 0.990145
vt 0.025780 0.959940
vt 0.025780 0.990145
vt 0.025902 0.959940
vt 0.025902 0.990145
vt 0.026025 0.959940
vt 0.026025 0.990145
vt 0.026148 0.959940
vt 0.026148 0.990145
vt 0.026271 0.959940
vt 0.026271 0.990145
vt 0.026395 0.959940
vt 0.026395 0.990145
vt 0.716674 0.986005
vt 0.716674 0.955799
vt 0.716788 0.955799
vt 0.716788 0.986005
vt 0.031772 0.990145
vt 0.031772 0.959940
vt 0.031889 0.959940
vt 0.031889 0.990145
vt 0.032006 0.959940
vt 0.032006 0.990145
vt 0.032124 0.959940
vt 0.032124 0.990145
vt 0.032241 0.959940
vt 0.032241 0.990145
vt 0.032358 0.959940
vt 0.032358 0.990145
vt 0.032476 0.959940
vt 0.032476 0.990145
vt 0.032593 0.959940
vt 0.032593 0.990145
vt 0.032710 0.959940
vt 0.032710 0.990145
vt 0.032827 0.959940
vt 0.032827 0.990145
vt 0.032945 0.959940
vt 0.032945 0.990145
vt 0.033062 0.959940
vt 0.033062 0.990145
vt 0.033179 0.959940
vt 0.033179 0.990145
vt 0.033296 0.959940
vt 0.033296 0.990145
vt 0.033413 0.959940
vt 0.033413 0.990145
vt 0.033531 0.959940
vt 0.033531 0.990145
vt 0.033648 0.959940
vt 0.033648 0.990145
vt 0.033765 0.959940
vt 0.033765 0.990145
vt 0.033882 0.959940
vt 0.033882 0.990145
vt 0.033999 0.959940
vt 0.033999 0.990145
vt 0.034116 0.959940
vt 0.034116 0.990145
vt 0.034234 0.959940
vt 0.034234 0.990145
vt 0.034351 0.959940
vt 0.034351 0.990145
vt 0.034468 0.959940
vt 0.034468 0.990145
vt 0.034585 0.959940
vt 0.034585 0.990145
vt 0.034702 0.959940
vt 0.034702 0.990145
vt 0.034819 0.959940
vt 0.034819 0.990145
vt 0.034936 0.959940
vt 0.034936 0.990145
vt 0.035054 0.959940
vt 0.035054 0.990145
vt 0.035171 0.959940
vt 0.035171 0.990145
vt 0.035288 0.959940
vt 0.035288 0.990145
vt 0.040706 0.959940
vt 0.040706 0.990145
vt 0.985937 0.691691
vt 0.985937 0.661486
vt 0.989484 0.661486
vt 0.989484 0.691691
vt 0.864956 0.579516
vt 0.864956 0.549311
vt 0.877278 0.549311
vt 0.877278 0.579516
vt 0.874982 0.579516
vt 0.877476 0.549311
vt 0.877476 0.579516
vt 0.877669 0.549311
vt 0.877669 0.579516
vt 0.877858 0.549311
vt 0.877858 0.579516
vt 0.878042 0.549311
vt 0.878042 0.579516
vt 0.878222 0.549311
vt 0.878222 0.579516
vt 0.878397 0.549311
vt 0.878397 0.579516
vt 0.878567 0.549311
vt 0.878567 0.579516
vt 0.878733 0.549311
vt 0.878733 0.579516
vt 0.878894 0.549311
vt 0.878894 0.579516
vt 0.879050 0.549311
vt 0.879050 0.579516
vt 0.879202 0.549311
vt 0.879202 0.579516
vt 0.879349 0.549311
vt 0.879349 0.579516
vt 0.879492 0.549311
vt 0.879492 0.579516
vt 0.879630 0.549311
vt 0.879630 0.579516
vt 0.879763 0.549311
vt 0.879763 0.579516
vt 0.879892 0.549311
vt 0.879892 0.579516
vt 0.880016 0.549311
vt 0.880016 0.579516
vt 0.880136 0.549311
vt 0.880136 0.579516
vt 0.880251 0.549311
vt 0.880251 0.579516
vt 0.880361 0.549311
vt 0.880361 0.579516
vt 0.576183 0.936452
vt 0.576183 0.906247
vt 0.576292 0.906247
vt 0.576292 0.936452
vt 0.576404 0.906247
vt 0.576404 0.936452
vt 0.576518 0.906247
vt 0.576518 0.936452
vt 0.576634 0.906247
vt 0.576634 0.936452
vt 0.576753 0.906247
vt 0.576753 0.936452
vt 0.576875 0.906247
vt 0.576875 0.936452
vt 0.576999 0.906247
vt 0.576999 0.936452
vt 0.577126 0.906247
vt 0.577126 0.936452
vt 0.577255 0.906247
vt 0.577255 0.936452
vt 0.985813 0.566346
vt 0.985813 0.536141
vt 0.989519 0.536141
vt 0.989519 0.566346
vt 0.885738 0.579516
vt 0.885738 0.549311
vt 0.898232 0.549311
vt 0.898232 0.579516
vt 0.352901 0.995405
vt 0.352901 0.965200
vt 0.355922 0.965200
vt 0.355922 0.995405
vt 0.994896 0.837986
vt 0.994896 0.807780
vt 0.996508 0.807780
vt 0.996508 0.837986
vt 0.389035 0.990145
vt 0.389035 0.959940
vt 0.389103 0.959940
vt 0.389103 0.990145
vt 0.389213 0.959940
vt 0.389213 0.990145
vt 0.389325 0.959940
vt 0.389325 0.990145
vt 0.389438 0.959940
vt 0.389438 0.990145
vt 0.389553 0.959940
vt 0.389553 0.990145
vt 0.389670 0.959940
vt 0.389670 0.990145
vt 0.389788 0.959940
vt 0.389788 0.990145
vt 0.389908 0.959940
vt 0.389908 0.990145
vt 0.390029 0.959940
vt 0.390029 0.990145
vt 0.390152 0.959940
vt 0.390152 0.990145
vt 0.390277 0.959940
vt 0.390277 0.990145
vt 0.390403 0.959940
vt 0.390403 0.990145
vt 0.390532 0.959940
vt 0.390532 0.990145
vt 0.390661 0.959940
vt 0.390661 0.990145
vt 0.390793 0.959940
vt 0.390793 0.990145
vt 0.390926 0.959940
vt 0.390926 0.990145
vt 0.391061 0.959940
vt 0.391061 0.990145
vt 0.391199 0.959940
vt 0.391199 0.990145
vt 0.391340 0.959940
vt 0.391340 0.990145
vt 0.391484 0.959940
vt 0.391484 0.990145
vt 0.391630 0.959940
vt 0.391630 0.990145
vt 0.391780 0.959940
vt 0.391780 0.990145
vt 0.391933 0.959940
vt 0.391933 0.990145
vt 0.392088 0.959940
vt 0.392088 0.990145
vt 0.392246 0.959940
vt 0.392246 0.990145
vt 0.392407 0.959940
vt 0.392407 0.990145
vt 0.392571 0.959940
vt 0.392571 0.990145
vt 0.392738 0.959940
vt 0.392738 0.990145
vt 0.392908 0.959940
vt 0.392908 0.990145
vt 0.393081 0.959940
vt 0.393081 0.990145
vt 0.393256 0.959940
vt 0.393256 0.990145
vt 0.393532 0.959940
vt 0.393532 0.990145
vt 0.393797 0.959940
vt 0.393797 0.990145
vt 0.394052 0.959940
vt 0.394052 0.990145
vt 0.394297 0.959940
vt 0.394297 0.990145
vt 0.394532 0.959940
vt 0.394532 0.990145
vt 0.394757 0.959940
vt 0.394757 0.990145
vt 0.394971 0.959940
vt 0.394971 0.990145
vt 0.395175 0.959940
vt 0.395175 0.990145
vt 0.395369 0.959940
vt 0.395369 0.990145
vt 0.395553 0.959940
vt 0.395553 0.990145
vt 0.395727 0.959940
vt 0.395727 0.990145
vt 0.395890 0.959940
vt 0.395890 0.990145
vt 0.161560 0.986004
vt 0.161560 0.955799
vt 0.161720 0.955799
vt 0.161720 0.986004
vt 0.161891 0.955799
vt 0.161891 0.986004
vt 0.162073 0.955799
vt 0.162073 0.986004
vt 0.162265 0.955799
vt 0.162265 0.986004
vt 0.162466 0.955799
vt 0.162466 0.986004
vt 0.162674 0.955799
vt 0.162674 0.986004
vt 0.162891 0.955799
vt 0.162891 0.986004
vt 0.163116 0.955799
vt 0.163116 0.986004
vt 0.163350 0.955799
vt 0.163350 0.986004
vt 0.163592 0.955799
vt 0.163592 0.986004
vt 0.163842 0.955799
vt 0.163842 0.986004
vt 0.164100 0.955799
vt 0.164100 0.986004
vt 0.164367 0.955799
vt 0.164367 0.986004
vt 0.164642 0.955799
vt 0.164642 0.986004
vt 0.164925 0.955799
vt 0.164925 0.986004
vt 0.165217 0.955799
vt 0.165217 0.986004
vt 0.165517 0.955799
vt 0.165517 0.986004
vt 0.165825 0.955799
vt 0.165825 0.986004
vt 0.173583 0.955799
vt 0.173583 0.986004
vt 0.985813 0.530766
vt 0.985813 0.500561
vt 0.989519 0.500561
vt 0.989519 0.530766
vt 0.002441 0.990145
vt 0.002441 0.959940
vt 0.009752 0.959940
vt 0.009752 0.990145
vt 0.009934 0.959940
vt 0.009934 0.990145
vt 0.010109 0.959940
vt 0.010109 0.990145
vt 0.010275 0.959940
vt 0.010275 0.990145
vt 0.010434 0.959940
vt 0.010434 0.990145
vt 0.010585 0.959940
vt 0.010585 0.990145
vt 0.010729 0.959940
vt 0.010729 0.990145
vt 0.010864 0.959940
vt 0.010864 0.990145
vt 0.010992 0.959940
vt 0.010992 0.990145
vt 0.011112 0.959940
vt 0.011112 0.990145
vt 0.011225 0.959940
vt 0.011225 0.990145
vt 0.011329 0.959940
vt 0.011329 0.990145
vt 0.011426 0.959940
vt 0.011426 0.990145
vt 0.011515 0.959940
vt 0.011515 0.990145
vt 0.011597 0.959940
vt 0.011597 0.990145
vt 0.011670 0.959940
vt 0.011670 0.990145
vt 0.011738 0.959940
vt 0.011738 0.990145
vt 0.011801 0.959940
vt 0.011801 0.990145
vt 0.985937 0.620531
vt 0.985937 0.590326
vt 0.986002 0.590326
vt 0.986002 0.620531
vt 0.986071 0.590326
vt 0.986071 0.620531
vt 0.986144 0.590326
vt 0.986144 0.620531
vt 0.986221 0.590326
vt 0.986221 0.620531
vt 0.986302 0.590326
vt 0.986302 0.620531
vt 0.986388 0.590326
vt 0.986388 0.620531
vt 0.986477 0.590326
vt 0.986477 0.620531
vt 0.986570 0.590326
vt 0.986570 0.620531
vt 0.986668 0.590326
vt 0.986668 0.620531
vt 0.986769 0.590326
vt 0.986769 0.620531
vt 0.986875 0.590326
vt 0.986875 0.620531
vt 0.986985 0.590326
vt 0.986985 0.620531
vt 0.987099 0.590326
vt 0.987099 0.620531
vt 0.987196 0.590326
vt 0.987196 0.620531
vt 0.987290 0.590326
vt 0.987290 0.620531
vt 0.987383 0.590326
vt 0.987383 0.620531
vt 0.987474 0.590326
vt 0.987474 0.620531
vt 0.987563 0.590326
vt 0.987563 0.620531
vt 0.987651 0.590326
vt 0.987651 0.620531
vt 0.987736 0.590326
vt 0.987736 0.620531
vt 0.987820 0.590326
vt 0.987820 0.620531
vt 0.987901 0.590326
vt 0.987901 0.620531
vt 0.987981 0.590326
vt 0.987981 0.620531
vt 0.988059 0.590326
vt 0.988059 0.620531
vt 0.988135 0.590326
vt 0.988135 0.620531
vt 0.988209 0.590326
vt 0.988209 0.620531
vt 0.988281 0.590326
vt 0.988281 0.620531
vt 0.988351 0.590326
vt 0.988351 0.620531
vt 0.988421 0.590326
vt 0.988421 0.620531
vt 0.988493 0.590326
vt 0.988493 0.620531
vt 0.988565 0.590326
vt 0.988565 0.620531
vt 0.988638 0.590326
vt 0.988638 0.620531
vt 0.988713 0.590326
vt 0.988713 0.620531
vt 0.988789 0.590326
vt 0.988789 0.620531
vt 0.988866 0.590326
vt 0.988866 0.620531
vt 0.988944 0.590326
vt 0.988944 0.620531
vt 0.989024 0.590326
vt 0.989024 0.620531
vt 0.989104 0.590326
vt 0.989104 0.620531
vt 0.989186 0.590326
vt 0.989186 0.620531
vt 0.989269 0.590326
vt 0.989269 0.620531
vt 0.989353 0.590326
vt 0.989353 0.620531
vt 0.989438 0.590326
vt 0.989438 0.620531
vt 0.989524 0.590326
vt 0.989524 0.620531
vt 0.362920 0.990145
vt 0.362920 0.959940
vt 0.371385 0.959940
vt 0.371385 0.990145
vt 0.985813 0.873566
vt 0.985813 0.843360
vt 0.989519 0.843360
vt 0.989519 0.873566
vt 0.449487 0.936883
vt 0.439321 0.936883
vt 0.439321 0.906677
vt 0.451815 0.906677
vt 0.451815 0.936883
vt 0.988829 0.495186
vt 0.985813 0.495186
vt 0.985813 0.464981
vt 0.989520 0.464981
vt 0.989520 0.495186
vt 0.439321 0.972463
vt 0.439321 0.942257
vt 0.451786 0.942257
vt 0.451786 0.972463
vt 0.991701 0.732405
vt 0.991701 0.702199
vt 0.991779 0.702199
vt 0.991779 0.732405
vt 0.991860 0.702199
vt 0.991860 0.732405
vt 0.991945 0.702199
vt 0.991945 0.732405
vt 0.992033 0.702199
vt 0.992033 0.732405
vt 0.992124 0.702199
vt 0.992124 0.732405
vt 0.992218 0.702199
vt 0.992218 0.732405
vt 0.992316 0.702199
vt 0.992316 0.732405
vt 0.992417 0.702199
vt 0.992417 0.732405
vt 0.992521 0.702199
vt 0.992521 0.732405
vt 0.992628 0.702199
vt 0.992628 0.732405
vt 0.992739 0.702199
vt 0.992739 0.732405
vt 0.992852 0.702199
vt 0.992852 0.732405
vt 0.992969 0.702199
vt 0.992969 0.732405
vt 0.993090 0.702199
vt 0.993090 0.732405
vt 0.993213 0.702199
vt 0.993213 0.732405
vt 0.993339 0.702199
vt 0.993339 0.732405
vt 0.993462 0.702199
vt 0.993462 0.732405
vt 0.993582 0.702199
vt 0.993582 0.732405
vt 0.993699 0.702199
vt 0.993699 0.732405
vt 0.993811 0.702199
vt 0.993811 0.732405
vt 0.993921 0.702199
vt 0.993921 0.732405
vt 0.994027 0.702199
vt 0.994027 0.732405
vt 0.994130 0.702199
vt 0.994130 0.732405
vt 0.994229 0.702199
vt 0.994229 0.732405
vt 0.994326 0.702199
vt 0.994326 0.732405
vt 0.994418 0.702199
vt 0.994418 0.732405
vt 0.994508 0.702199
vt 0.994508 0.732405
vt 0.994594 0.702199
vt 0.994594 0.732405
vt 0.994676 0.702199
vt 0.994676 0.732405
vt 0.994755 0.702199
vt 0.994755 0.732405
vt 0.994830 0.702199
vt 0.994830 0.732405
vt 0.994897 0.459606
vt 0.994897 0.429401
vt 0.994973 0.429401
vt 0.994973 0.459606
vt 0.995053 0.429401
vt 0.995053 0.459606
vt 0.995136 0.429401
vt 0.995136 0.459606
vt 0.995221 0.429401
vt 0.995221 0.459606
vt 0.995310 0.429401
vt 0.995310 0.459606
vt 0.995402 0.429401
vt 0.995402 0.459606
vt 0.995497 0.429401
vt 0.995497 0.459606
vt 0.995595 0.429401
vt 0.995595 0.459606
vt 0.995696 0.429401
vt 0.995696 0.459606
vt 0.995801 0.429401
vt 0.995801 0.459606
vt 0.995908 0.429401
vt 0.995908 0.459606
vt 0.996019 0.429401
vt 0.996019 0.459606
vt 0.996132 0.429401
vt 0.996132 0.459606
vt 0.996249 0.429401
vt 0.996249 0.459606
vt 0.996359 0.429401
vt 0.996359 0.459606
vt 0.996467 0.429401
vt 0.996467 0.459606
vt 0.996572 0.429401
vt 0.996572 0.459606
vt 0.996673 0.429401
vt 0.996673 0.459606
vt 0.996772 0.429401
vt 0.996772 0.459606
vt 0.996868 0.429401
vt 0.996868 0.459606
vt 0.996960 0.429401
vt 0.996960 0.459606
vt 0.997050 0.429401
vt 0.997050 0.459606
vt 0.997137 0.429401
vt 0.997137 0.459606
vt 0.997220 0.429401
vt 0.997220 0.459606
vt 0.997301 0.429401
vt 0.997301 0.459606
vt 0.997378 0.429401
vt 0.997378 0.459606
vt 0.997453 0.429401
vt 0.997453 0.459606
vt 0.997524 0.429401
vt 0.997524 0.459606
vt 0.344396 0.995405
vt 0.344396 0.965200
vt 0.344469 0.965200
vt 0.344469 0.995405
vt 0.344547 0.965200
vt 0.344547 0.995405
vt 0.344628 0.965200
vt 0.344628 0.995405
vt 0.344713 0.965200
vt 0.344713 0.995405
vt 0.344801 0.965200
vt 0.344801 0.995405
vt 0.344892 0.965200
vt 0.344892 0.995405
vt 0.344987 0.965200
vt 0.344987 0.995405
vt 0.345086 0.965200
vt 0.345086 0.995405
vt 0.345188 0.965200
vt 0.345188 0.995405
vt 0.345293 0.965200
vt 0.345293 0.995405
vt 0.345402 0.965200
vt 0.345402 0.995405
vt 0.345515 0.965200
vt 0.345515 0.995405
vt 0.345631 0.965200
vt 0.345631 0.995405
vt 0.345750 0.965200
vt 0.345750 0.995405
vt 0.345873 0.965200
vt 0.345873 0.995405
vt 0.345999 0.965200
vt 0.345999 0.995405
vt 0.346123 0.965200
vt 0.346123 0.995405
vt 0.346243 0.965200
vt 0.346243 0.995405
vt 0.346361 0.965200
vt 0.346361 0.995405
vt 0.346475 0.965200
vt 0.346475 0.995405
vt 0.346586 0.965200
vt 0.346586 0.995405
vt 0.346694 0.965200
vt 0.346694 0.995405
vt 0.346798 0.965200
vt 0.346798 0.995405
vt 0.346900 0.965200
vt 0.346900 0.995405
vt 0.346999 0.965200
vt 0.346999 0.995405
vt 0.347094 0.965200
vt 0.347094 0.995405
vt 0.347186 0.965200
vt 0.347186 0.995405
vt 0.347275 0.965200
vt 0.347275 0.995405
vt 0.347362 0.965200
vt 0.347362 0.995405
vt 0.347444 0.965200
vt 0.347444 0.995405
vt 0.347524 0.965200
vt 0.347524 0.995405
vt 0.994861 0.691691
vt 0.994861 0.661486
vt 0.994938 0.661486
vt 0.994938 0.691691
vt 0.995016 0.661486
vt 0.995016 0.691691
vt 0.995098 0.661486
vt 0.995098 0.691691
vt 0.995181 0.661486
vt 0.995181 0.691691
vt 0.995268 0.661486
vt 0.995268 0.691691
vt 0.995356 0.661486
vt 0.995356 0.691691
vt 0.995447 0.661486
vt 0.995447 0.691691
vt 0.995541 0.661486
vt 0.995541 0.691691
vt 0.995637 0.661486
vt 0.995637 0.691691
vt 0.995735 0.661486
vt 0.995735 0.691691
vt 0.995836 0.661486
vt 0.995836 0.691691
vt 0.995940 0.661486
vt 0.995940 0.691691
vt 0.996046 0.661486
vt 0.996046 0.691691
vt 0.996154 0.661486
vt 0.996154 0.691691
vt 0.996265 0.661486
vt 0.996265 0.691691
vt 0.996381 0.661486
vt 0.996381 0.691691
vt 0.996493 0.661486
vt 0.996493 0.691691
vt 0.996602 0.661486
vt 0.996602 0.691691
vt 0.996707 0.661486
vt 0.996707 0.691691
vt 0.996809 0.661486
vt 0.996809 0.691691
vt 0.996906 0.661486
vt 0.996906 0.691691
vt 0.997001 0.661486
vt 0.997001 0.691691
vt 0.997091 0.661486
vt 0.997091 0.691691
vt 0.997178 0.661486
vt 0.997178 0.691691
vt 0.997262 0.661486
vt 0.997262 0.691691
vt 0.997341 0.661486
vt 0.997341 0.691691
vt 0.997417 0.661486
vt 0.997417 0.691691
vt 0.997490 0.661486
vt 0.997490 0.691691
vt 0.997559 0.661486
vt 0.997559 0.691691
vt 0.991627 0.732405
vt 0.991627 0.702199
vt 0.985813 0.281706
vt 0.985813 0.251501
vt 0.989679 0.251501
vt 0.989679 0.281706
vt 0.457192 0.936883
vt 0.457192 0.906677
vt 0.463575 0.906677
vt 0.463575 0.936883
vt 0.469678 0.906677
vt 0.469678 0.936883
vt 0.985813 0.210546
vt 0.985813 0.180341
vt 0.989794 0.180341
vt 0.989794 0.210546
vt 0.985813 0.032647
vt 0.985813 0.002441
vt 0.987936 0.002441
vt 0.987936 0.032647
vt 0.988012 0.002441
vt 0.988012 0.032647
vt 0.988088 0.002441
vt 0.988088 0.032647
vt 0.988164 0.002441
vt 0.988164 0.032647
vt 0.988240 0.002441
vt 0.988240 0.032647
vt 0.988315 0.002441
vt 0.988315 0.032647
vt 0.988390 0.002441
vt 0.988390 0.032647
vt 0.988465 0.002441
vt 0.988465 0.032647
vt 0.988540 0.002441
vt 0.988540 0.032647
vt 0.988615 0.002441
vt 0.988615 0.032647
vt 0.988689 0.002441
vt 0.988689 0.032647
vt 0.988764 0.002441
vt 0.988764 0.032647
vt 0.988838 0.002441
vt 0.988838 0.032647
vt 0.988912 0.002441
vt 0.988912 0.032647
vt 0.988985 0.002441
vt 0.988985 0.032647
vt 0.989059 0.002441
vt 0.989059 0.032647
vt 0.989133 0.002441
vt 0.989133 0.032647
vt 0.989206 0.002441
vt 0.989206 0.032647
vt 0.989280 0.002441
vt 0.989280 0.032647
vt 0.989353 0.002441
vt 0.989353 0.032647
vt 0.989427 0.002441
vt 0.989427 0.032647
vt 0.989500 0.002441
vt 0.989500 0.032647
vt 0.989574 0.002441
vt 0.989574 0.032647
vt 0.989648 0.002441
vt 0.989648 0.032647
vt 0.989721 0.002441
vt 0.989721 0.032647
vt 0.989795 0.002441
vt 0.989795 0.032647
vt 0.989868 0.002441
vt 0.989868 0.032647
vt 0.989942 0.002441
vt 0.989942 0.032647
vt 0.990016 0.002441
vt 0.990016 0.032647
vt 0.990090 0.002441
vt 0.990090 0.032647
vt 0.990163 0.002441
vt 0.990163 0.032647
vt 0.994896 0.873566
vt 0.994896 0.843360
vt 0.995011 0.843360
vt 0.995011 0.873566
vt 0.985813 0.103807
vt 0.985813 0.073601
vt 0.985883 0.073601
vt 0.985883 0.103807
vt 0.985953 0.073601
vt 0.985953 0.103807
vt 0.986023 0.073601
vt 0.986023 0.103807
vt 0.986093 0.073601
vt 0.986093 0.103807
vt 0.986163 0.073601
vt 0.986163 0.103807
vt 0.986233 0.073601
vt 0.986233 0.103807
vt 0.986303 0.073601
vt 0.986303 0.103807
vt 0.986373 0.073601
vt 0.986373 0.103807
vt 0.986443 0.073601
vt 0.986443 0.103807
vt 0.986513 0.073601
vt 0.986513 0.103807
vt 0.986583 0.073601
vt 0.986583 0.103807
vt 0.986653 0.073601
vt 0.986653 0.103807
vt 0.986723 0.073601
vt 0.986723 0.103807
vt 0.986792 0.073601
vt 0.986792 0.103807
vt 0.986862 0.073601
vt 0.986862 0.103807
vt 0.986932 0.073601
vt 0.986932 0.103807
vt 0.987002 0.073601
vt 0.987002 0.103807
vt 0.987073 0.073601
vt 0.987073 0.103807
vt 0.987143 0.073601
vt 0.987143 0.103807
vt 0.987214 0.073601
vt 0.987214 0.103807
vt 0.987285 0.073601
vt 0.987285 0.103807
vt 0.987356 0.073601
vt 0.987356 0.103807
vt 0.987427 0.073601
vt 0.987427 0.103807
vt 0.987499 0.073601
vt 0.987499 0.103807
vt 0.987571 0.073601
vt 0.987571 0.103807
vt 0.987643 0.073601
vt 0.987643 0.103807
vt 0.987715 0.073601
vt 0.987715 0.103807
vt 0.987787 0.073601
vt 0.987787 0.103807
vt 0.987860 0.073601
vt 0.987860 0.103807
vt 0.987932 0.073601
vt 0.987932 0.103807
vt 0.989941 0.073601
vt 0.989941 0.103807
vt 0.985813 0.317286
vt 0.985813 0.287081
vt 0.989657 0.287081
vt 0.989657 0.317286
vt 0.956601 0.732405
vt 0.956601 0.702199
vt 0.962682 0.702199
vt 0.962682 0.732405
vt 0.969085 0.702199
vt 0.969085 0.732405
vt 0.985813 0.246126
vt 0.985813 0.215921
vt 0.989794 0.215921
vt 0.989794 0.246126
vt 0.576183 0.972032
vt 0.576183 0.941827
vt 0.578375 0.941827
vt 0.578375 0.972032
vt 0.578447 0.941827
vt 0.578447 0.972032
vt 0.578520 0.941827
vt 0.578520 0.972032
vt 0.578592 0.941827
vt 0.578592 0.972032
vt 0.578665 0.941827
vt 0.578665 0.972032
vt 0.578738 0.941827
vt 0.578738 0.972032
vt 0.578812 0.941827
vt 0.578812 0.972032
vt 0.578885 0.941827
vt 0.578885 0.972032
vt 0.578959 0.941827
vt 0.578959 0.972032
vt 0.579033 0.941827
vt 0.579033 0.972032
vt 0.579107 0.941827
vt 0.579107 0.972032
vt 0.579181 0.941827
vt 0.579181 0.972032
vt 0.579256 0.941827
vt 0.579256 0.972032
vt 0.579330 0.941827
vt 0.579330 0.972032
vt 0.579405 0.941827
vt 0.579405 0.972032
vt 0.579480 0.941827
vt 0.579480 0.972032
vt 0.579555 0.941827
vt 0.579555 0.972032
vt 0.579629 0.941827
vt 0.579629 0.972032
vt 0.579703 0.941827
vt 0.579703 0.972032
vt 0.579777 0.941827
vt 0.579777 0.972032
vt 0.579851 0.941827
vt 0.579851 0.972032
vt 0.579924 0.941827
vt 0.579924 0.972032
vt 0.579996 0.941827
vt 0.579996 0.972032
vt 0.580068 0.941827
vt 0.580068 0.972032
vt 0.580140 0.941827
vt 0.580140 0.972032
vt 0.580212 0.941827
vt 0.580212 0.972032
vt 0.580283 0.941827
vt 0.580283 0.972032
vt 0.580354 0.941827
vt 0.580354 0.972032
vt 0.580424 0.941827
vt 0.580424 0.972032
vt 0.580494 0.941827
vt 0.580494 0.972032
vt 0.580564 0.941827
vt 0.580564 0.972032
vt 0.994902 0.620531
vt 0.994902 0.590326
vt 0.995016 0.590326
vt 0.995016 0.620531
vt 0.985813 0.068227
vt 0.985813 0.038021
vt 0.985878 0.038021
vt 0.985878 0.068227
vt 0.985944 0.038021
vt 0.985944 0.068227
vt 0.986010 0.038021
vt 0.986010 0.068227
vt 0.986077 0.038021
vt 0.986077 0.068227
vt 0.986144 0.038021
vt 0.986144 0.068227
vt 0.986211 0.038021
vt 0.986211 0.068227
vt 0.986278 0.038021
vt 0.986278 0.068227
vt 0.986345 0.038021
vt 0.986345 0.068227
vt 0.986413 0.038021
vt 0.986413 0.068227
vt 0.986481 0.038021
vt 0.986481 0.068227
vt 0.986550 0.038021
vt 0.986550 0.068227
vt 0.986618 0.038021
vt 0.986618 0.068227
vt 0.986687 0.038021
vt 0.986687 0.068227
vt 0.986757 0.038021
vt 0.986757 0.068227
vt 0.986826 0.038021
vt 0.986826 0.068227
vt 0.986896 0.038021
vt 0.986896 0.068227
vt 0.986966 0.038021
vt 0.986966 0.068227
vt 0.987035 0.038021
vt 0.987035 0.068227
vt 0.987105 0.038021
vt 0.987105 0.068227
vt 0.987176 0.038021
vt 0.987176 0.068227
vt 0.987246 0.038021
vt 0.987246 0.068227
vt 0.987316 0.038021
vt 0.987316 0.068227
vt 0.987386 0.038021
vt 0.987386 0.068227
vt 0.987456 0.038021
vt 0.987456 0.068227
vt 0.987527 0.038021
vt 0.987527 0.068227
vt 0.987597 0.038021
vt 0.987597 0.068227
vt 0.987668 0.038021
vt 0.987668 0.068227
vt 0.987739 0.038021
vt 0.987739 0.068227
vt 0.987809 0.038021
vt 0.987809 0.068227
vt 0.987880 0.038021
vt 0.987880 0.068227
vt 0.989946 0.038021
vt 0.989946 0.068227
s 1
usemtl UVFaceColor_UDIM_Material.019
f 588/1/1 585/2/1 1/3/1 5/4/1 11/5/1 7/6/1 656/7/1 653/8/1 650/9/1 646/10/1 648/11/1 651/12/1 641/13/1 643/14/1 634/15/1 635/16/1 627/17/1 630/18/1 621/19/1 617/20/1 616/21/1 608/22/1 604/23/1 606/24/1 600/25/1 602/26/1 593/27/1 589/28/1 591/29/1 596/30/1
f 639/31/1 643/14/1 641/13/1 637/32/1 648/11/1 646/10/1 656/7/1 7/6/1 1/3/1 585/2/1 591/29/1 589/28/1 597/33/1 602/26/1 600/25/1 609/34/1 612/35/1 606/24/1 604/23/1 614/36/1 616/21/1 617/20/1 620/37/1 630/18/1 627/17/1 623/38/1 626/39/1 635/16/1 634/15/1 632/40/1
f 7/41/2 11/42/2 50/43/2 42/44/2
f 528/45/3 519/46/3 521/47/3 517/48/3 515/49/3 17/50/3 42/51/3 502/52/3 487/53/3 493/54/3 478/55/3 510/56/3 483/57/3 581/58/3 583/59/3 576/60/3 578/61/3 570/62/3 572/63/3 561/64/3 546/65/3 544/66/3 530/67/3 555/68/3 533/69/3 538/70/3
f 498/71/3 502/52/3 42/51/3 50/72/3 35/73/3 17/50/3 515/49/3 513/74/3 521/47/3 519/46/3 533/69/3 555/68/3 550/75/3 544/66/3 546/65/3 557/76/3 566/77/3 561/64/3 572/63/3 573/78/3 580/79/3 570/62/3 578/61/3 466/80/3 470/81/3 576/60/3 583/59/3 473/82/3 483/57/3 510/56/3 492/83/3 493/54/3 487/53/3 507/84/3
f 17/85/4 35/86/4 5/87/4 1/88/4
f 7/89/5 42/90/5 17/91/5 1/92/5
f 50/93/6 11/94/7 659/95/8 661/96/9
f 66/97/2 72/98/2 59/99/2 44/100/2
f 44/101/3 59/102/3 26/103/3 23/104/3
f 515/105/4 77/106/4 82/107/4 513/108/4
f 77/109/1 66/110/1 95/111/1 93/112/1
f 82/113/10 72/114/10 521/115/10 513/116/10
f 59/117/10 72/114/10 82/113/10 26/118/10
f 66/119/5 77/120/5 515/121/5 517/122/5
f 23/123/4 26/124/4 82/107/4 77/106/4
f 521/125/2 72/98/2 66/97/2 517/126/2
f 95/127/5 89/128/5 88/129/5 93/130/5
f 44/101/3 23/104/3 88/131/3 89/132/3
f 66/97/2 44/100/2 89/133/2 95/134/2
f 23/123/4 77/106/4 93/135/4 88/136/4
f 125/137/2 131/138/2 116/139/2 110/140/2
f 110/141/3 116/142/3 104/143/3 101/144/3
f 528/145/4 138/146/4 144/147/4 519/148/4
f 138/149/1 125/150/1 168/151/1 161/152/1
f 144/153/10 131/154/10 533/155/10 519/156/10
f 116/157/10 131/154/10 144/153/10 104/158/10
f 125/159/5 138/160/5 528/161/5 538/162/5
f 101/163/4 104/164/4 144/147/4 138/146/4
f 533/165/2 131/138/2 125/137/2 538/166/2
f 168/167/5 155/168/5 150/169/5 161/170/5
f 110/141/3 101/144/3 150/171/3 155/172/3
f 125/137/2 110/140/2 155/173/2 168/174/2
f 101/163/4 138/146/4 161/175/4 150/176/4
f 185/177/2 192/178/2 179/179/2 175/180/2
f 175/181/3 179/182/3 173/183/3 172/184/3
f 530/185/4 194/186/4 197/187/4 555/188/4
f 194/189/1 185/190/1 216/191/1 212/192/1
f 197/193/10 192/194/10 550/195/10 555/196/10
f 179/197/10 192/194/10 197/193/10 173/198/10
f 185/199/5 194/200/5 530/201/5 544/202/5
f 172/203/4 173/204/4 197/187/4 194/186/4
f 550/205/2 192/178/2 185/177/2 544/206/2
f 216/207/5 208/208/5 201/209/5 212/210/5
f 175/181/3 172/184/3 201/211/3 208/212/3
f 185/177/2 175/180/2 208/213/2 216/214/2
f 172/203/4 194/186/4 212/215/4 201/216/4
f 233/217/2 235/218/2 231/219/2 227/220/2
f 227/221/3 231/222/3 223/223/3 220/224/3
f 546/225/4 238/226/4 240/227/4 557/228/4
f 238/229/1 233/230/1 256/231/1 250/232/1
f 240/233/10 235/234/10 566/235/10 557/236/10
f 231/237/10 235/234/10 240/233/10 223/238/10
f 233/239/5 238/240/5 546/241/5 561/242/5
f 220/243/4 223/244/4 240/227/4 238/226/4
f 566/245/2 235/218/2 233/217/2 561/246/2
f 256/247/5 245/248/5 243/249/5 250/250/5
f 227/221/3 220/224/3 243/251/3 245/252/3
f 233/217/2 227/220/2 245/253/2 256/254/2
f 220/243/4 238/226/4 250/255/4 243/256/4
f 276/257/2 280/258/2 272/259/2 265/260/2
f 265/261/3 272/262/3 261/263/3 257/264/3
f 572/265/4 284/266/4 288/267/4 573/268/4
f 284/269/1 276/270/1 296/271/1 294/272/1
f 288/273/10 280/274/10 580/275/10 573/276/10
f 272/277/10 280/274/10 288/273/10 261/278/10
f 276/279/5 284/280/5 572/281/5 570/282/5
f 257/283/4 261/284/4 288/267/4 284/266/4
f 580/285/2 280/258/2 276/257/2 570/286/2
f 296/287/5 291/288/5 290/289/5 294/290/5
f 265/261/3 257/264/3 290/291/3 291/292/3
f 276/257/2 265/260/2 291/293/2 296/294/2
f 257/283/4 284/266/4 294/295/4 290/296/4
f 314/297/2 319/298/2 312/299/2 306/300/2
f 306/301/3 312/302/3 302/303/3 298/304/3
f 578/305/4 321/306/4 325/307/4 466/308/4
f 321/309/1 314/310/1 341/311/1 338/312/1
f 325/313/10 319/314/10 470/315/10 466/316/10
f 312/317/10 319/314/10 325/313/10 302/318/10
f 314/319/5 321/320/5 578/321/5 576/322/5
f 298/323/4 302/324/4 325/307/4 321/306/4
f 470/325/2 319/298/2 314/297/2 576/326/2
f 341/327/5 335/328/5 329/329/5 338/330/5
f 306/301/3 298/304/3 329/331/3 335/332/3
f 314/297/2 306/300/2 335/333/2 341/334/2
f 298/323/4 321/306/4 338/335/4 329/336/4
f 356/337/2 358/338/2 352/339/2 349/340/2
f 349/341/3 352/342/3 347/343/3 345/344/3
f 362/345/4 368/346/4 473/347/4 583/348/4
f 362/349/1 356/350/1 384/351/1 379/352/1
f 368/353/10 358/354/10 483/355/10 473/356/10
f 352/357/10 358/354/10 368/353/10 347/358/10
f 356/359/5 362/360/5 583/361/5 581/362/5
f 345/363/4 347/364/4 368/346/4 362/345/4
f 483/365/2 358/338/2 356/337/2 581/366/2
f 384/367/5 376/368/5 372/369/5 379/370/5
f 349/341/3 345/344/3 372/371/3 376/372/3
f 356/337/2 349/340/2 376/373/2 384/374/2
f 345/363/4 362/345/4 379/375/4 372/376/4
f 401/377/2 403/378/2 397/379/2 395/380/2
f 395/381/3 397/382/3 392/383/3 386/384/3
f 478/385/4 406/386/4 408/387/4 510/388/4
f 406/389/1 401/390/1 423/391/1 419/392/1
f 408/393/10 403/394/10 492/395/10 510/396/10
f 397/397/10 403/394/10 408/393/10 392/398/10
f 401/399/5 406/400/5 478/401/5 493/402/5
f 386/403/4 392/404/4 408/387/4 406/386/4
f 492/405/2 403/378/2 401/377/2 493/406/2
f 423/407/5 414/408/5 412/409/5 419/410/5
f 395/381/3 386/384/3 412/411/3 414/412/3
f 401/377/2 395/380/2 414/413/2 423/414/2
f 386/403/4 406/386/4 419/415/4 412/416/4
f 443/417/2 445/418/2 438/419/2 433/420/2
f 433/421/3 438/422/3 430/423/3 425/424/3
f 487/425/4 452/426/4 454/427/4 507/428/4
f 452/429/1 443/430/1 464/431/1 461/432/1
f 454/433/10 445/434/10 498/435/10 507/436/10
f 438/437/10 445/434/10 454/433/10 430/438/10
f 443/439/5 452/440/5 487/441/5 502/442/5
f 425/443/4 430/444/4 454/427/4 452/426/4
f 498/445/2 445/418/2 443/417/2 502/446/2
f 464/447/5 459/448/5 457/449/5 461/450/5
f 433/421/3 425/424/3 457/451/3 459/452/3
f 443/417/2 433/420/2 459/453/2 464/454/2
f 425/443/4 452/426/4 461/455/4 457/456/4
f 37/457/4 47/458/4 33/459/4 29/460/4
f 29/461/1 33/462/1 22/463/1 16/464/1
f 53/465/2 55/466/2 653/467/2 656/468/2
f 53/469/3 37/470/3 84/471/3 74/472/3
f 653/473/10 55/474/10 47/475/10 650/476/10
f 33/477/10 47/475/10 55/474/10 22/478/10
f 646/479/5 37/480/5 53/481/5 656/482/5
f 16/483/2 22/484/2 55/466/2 53/465/2
f 47/458/4 37/457/4 646/485/4 650/486/4
f 84/487/5 69/488/5 61/489/5 74/490/5
f 29/461/1 16/464/1 61/491/1 69/492/1
f 37/457/4 29/460/4 69/493/4 84/494/4
f 16/483/2 53/465/2 74/495/2 61/496/2
f 123/497/4 127/498/4 119/499/4 113/500/4
f 113/501/1 119/502/1 108/503/1 99/504/1
f 134/505/2 142/506/2 651/507/2 648/508/2
f 134/509/3 123/510/3 163/511/3 159/512/3
f 651/513/10 142/514/10 127/515/10 641/516/10
f 119/517/10 127/515/10 142/514/10 108/518/10
f 637/519/5 123/520/5 134/521/5 648/522/5
f 99/523/2 108/524/2 142/506/2 134/505/2
f 127/498/4 123/497/4 637/525/4 641/526/4
f 163/527/5 153/528/5 145/529/5 159/530/5
f 113/501/1 99/504/1 145/531/1 153/532/1
f 123/497/4 113/500/4 153/533/4 163/534/4
f 99/523/2 134/505/2 159/535/2 145/536/2
f 204/537/4 205/538/4 199/539/4 196/540/4
f 196/541/1 199/542/1 187/543/1 181/544/1
f 209/545/2 213/546/2 643/547/2 639/548/2
f 209/549/3 204/550/3 229/551/3 226/552/3
f 643/553/10 213/554/10 205/555/10 634/556/10
f 199/557/10 205/555/10 213/554/10 187/558/10
f 632/559/5 204/560/5 209/561/5 639/562/5
f 181/563/2 187/564/2 213/546/2 209/545/2
f 205/538/4 204/537/4 632/565/4 634/566/4
f 229/567/5 222/568/5 218/569/5 226/570/5
f 196/541/1 181/544/1 218/571/1 222/572/1
f 204/537/4 196/540/4 222/573/4 229/574/4
f 181/563/2 209/545/2 226/575/2 218/576/2
f 260/577/4 263/578/4 253/579/4 251/580/4
f 251/581/1 253/582/1 247/583/1 241/584/1
f 267/585/2 269/586/2 635/587/2 626/588/2
f 267/589/3 260/590/3 285/591/3 281/592/3
f 635/593/10 269/594/10 263/595/10 627/596/10
f 253/597/10 263/595/10 269/594/10 247/598/10
f 623/599/5 260/600/5 267/601/5 626/602/5
f 241/603/2 247/604/2 269/586/2 267/585/2
f 263/578/4 260/577/4 623/605/4 627/606/4
f 285/607/5 277/608/5 274/609/5 281/610/5
f 251/581/1 241/584/1 274/611/1 277/612/1
f 260/577/4 251/580/4 277/613/4 285/614/4
f 241/603/2 267/585/2 281/615/2 274/616/2
f 315/617/4 317/618/4 309/619/4 307/620/4
f 307/621/1 309/622/1 303/623/1 299/624/1
f 323/625/2 327/626/2 630/627/2 620/628/2
f 323/629/3 315/630/3 344/631/3 340/632/3
f 630/633/10 327/634/10 317/635/10 621/636/10
f 309/637/10 317/635/10 327/634/10 303/638/10
f 617/639/5 315/640/5 323/641/5 620/642/5
f 299/643/2 303/644/2 327/626/2 323/625/2
f 317/618/4 315/617/4 617/645/4 621/646/4
f 344/647/5 333/648/5 331/649/5 340/650/5
f 307/621/1 299/624/1 331/651/1 333/652/1
f 315/617/4 307/620/4 333/653/4 344/654/4
f 299/643/2 323/625/2 340/655/2 331/656/2
f 369/657/4 374/658/4 365/659/4 363/660/4
f 363/661/1 365/662/1 359/663/1 353/664/1
f 378/665/2 382/666/2 608/667/2 616/668/2
f 378/669/3 369/670/3 400/671/3 394/672/3
f 608/673/10 382/674/10 374/675/10 604/676/10
f 365/677/10 374/675/10 382/674/10 359/678/10
f 614/679/5 369/680/5 378/681/5 616/682/5
f 353/683/2 359/684/2 382/666/2 378/665/2
f 374/658/4 369/657/4 614/685/4 604/686/4
f 400/687/5 390/688/5 388/689/5 394/690/5
f 363/661/1 353/664/1 388/691/1 390/692/1
f 369/657/4 363/660/4 390/693/4 400/694/4
f 353/683/2 378/665/2 394/695/2 388/696/2
f 427/697/4 432/698/4 421/699/4 417/700/4
f 417/701/1 421/702/1 416/703/1 409/704/1
f 435/705/2 439/706/2 606/707/2 612/708/2
f 435/709/3 427/710/3 455/711/3 450/712/3
f 606/713/10 439/714/10 432/715/10 600/716/10
f 421/717/10 432/715/10 439/714/10 416/718/10
f 609/719/5 427/720/5 435/721/5 612/722/5
f 409/723/2 416/724/2 439/706/2 435/705/2
f 432/698/4 427/697/4 609/725/4 600/726/4
f 455/727/5 448/728/5 442/729/5 450/730/5
f 417/701/1 409/704/1 442/731/1 448/732/1
f 427/697/4 417/700/4 448/733/4 455/734/4
f 409/723/2 435/705/2 450/735/2 442/736/2
f 481/737/4 486/738/4 480/739/4 476/740/4
f 476/741/1 480/742/1 472/743/1 467/744/1
f 489/745/2 495/746/2 602/747/2 597/748/2
f 489/749/3 481/750/3 512/751/3 505/752/3
f 602/753/10 495/754/10 486/755/10 593/756/10
f 480/757/10 486/755/10 495/754/10 472/758/10
f 589/759/5 481/760/5 489/761/5 597/762/5
f 467/763/2 472/764/2 495/746/2 489/745/2
f 486/738/4 481/737/4 589/765/4 593/766/4
f 512/767/5 503/768/5 499/769/5 505/770/5
f 476/741/1 467/744/1 499/771/1 503/772/1
f 481/737/4 476/740/4 503/773/4 512/774/4
f 467/763/2 489/745/2 505/775/2 499/776/2
f 539/777/4 541/778/4 536/779/4 531/780/4
f 531/781/1 536/782/1 526/783/1 524/784/1
f 548/785/2 552/786/2 596/787/2 591/788/2
f 548/789/3 539/790/3 568/791/3 564/792/3
f 596/793/10 552/794/10 541/795/10 588/796/10
f 536/797/10 541/795/10 552/794/10 526/798/10
f 585/799/5 539/800/5 548/801/5 591/802/5
f 524/803/2 526/804/2 552/786/2 548/785/2
f 541/778/4 539/777/4 585/805/4 588/806/4
f 568/807/5 559/808/5 553/809/5 564/810/5
f 531/781/1 524/784/1 553/811/1 559/812/1
f 539/777/4 531/780/4 559/813/4 568/814/4
f 524/803/2 548/785/2 564/815/2 553/816/2
f 35/817/11 50/93/6 661/96/9 664/818/12
f 11/94/7 5/819/13 657/820/14 659/95/8
f 5/819/13 35/817/11 664/818/12 657/820/14
f 670/821/4 672/822/4 680/823/4 677/824/4
f 673/825/2 676/826/2 667/827/2 666/828/2
f 2830/829/10 938/830/10 934/831/10 2793/832/10 2826/833/10 2825/834/10 2827/835/10 2829/836/10
f 2508/837/10 2507/838/10 2515/839/10 2514/840/10
f 2063/841/10 2051/842/10 2068/843/10 2069/844/10 2075/845/10
f 2706/846/10 2705/847/10 2669/848/10 2697/849/10 2712/850/10 2711/851/10 2710/852/10 2709/853/10 2708/854/10 2707/855/10
f 1921/856/10 1920/857/10 1919/858/10 1972/859/10 1971/860/10 1970/861/10 1968/862/10 1966/863/10 1967/864/10 1969/865/10
f 2018/866/10 2013/867/10 2020/868/10 2009/869/10 2011/870/10 2007/871/10 2038/872/10 1997/873/10 1998/874/10 2000/875/10 1995/876/10 2002/877/10 1991/878/10 1993/879/10 1989/880/10 2004/881/10 1959/882/10 2026/883/10
f 1817/884/10 1811/885/10 1824/886/10 1823/887/10
f 2239/888/10 2211/889/10 2210/890/10 2215/891/10 2214/892/10 1709/893/10 1703/894/10 1702/895/10 1707/896/10 1705/897/10 1704/898/10 1732/899/10 1711/900/10 1714/901/10 1712/902/10 1713/903/10 1720/904/10 1716/905/10 1715/906/10 1719/907/10 1718/908/10 1717/909/10 1737/910/10 1721/911/10 1722/912/10 1725/913/10 1724/914/10 1723/915/10 1728/916/10 1726/917/10 1727/918/10 1729/919/10 1730/920/10 2669/848/10 2705/847/10 2704/921/10 2703/922/10 2702/923/10 2701/924/10 2700/925/10 2670/926/10 2668/927/10 2674/928/10 2657/929/10 2698/930/10 2699/931/10 2714/932/10 2715/933/10 2652/934/10 2653/935/10 2654/936/10 2655/937/10 2656/938/10 2648/939/10 2645/940/10 2646/941/10 2644/942/10 2647/943/10 2643/944/10 2649/945/10 2637/946/10 2638/947/10 2639/948/10 2636/949/10 2635/950/10 2640/951/10 2631/952/10 2632/953/10 2629/954/10 2630/955/10 2611/956/10 2613/957/10 2615/958/10 2610/959/10 2609/960/10 2617/961/10 2607/962/10 2608/963/10 2606/964/10 2621/965/10 2603/966/10 2604/967/10 2601/968/10 2602/969/10 2605/970/10 2599/971/10 2600/972/10 2597/973/10 2598/974/10 2553/975/10 2552/976/10 2551/977/10 2550/978/10 2549/979/10 2548/980/10 2547/981/10 2546/982/10 2545/983/10 2544/984/10 2539/985/10 2538/986/10 2537/987/10 2536/988/10 2533/989/10 2532/990/10 2561/991/10 2523/992/10 2522/993/10 2526/994/10 2520/995/10 2517/996/10 2512/997/10 2513/998/10 2515/839/10 2507/838/10 2438/999/10 2446/1000/10 2447/1001/10 2448/1002/10 2449/1003/10 2450/1004/10 2451/1005/10 2489/1006/10 2490/1007/10 2491/1008/10 2492/1009/10 2493/1010/10 2452/1011/10 2454/1012/10 2456/1013/10 2473/1014/10 2475/1015/10 2477/1016/10 2479/1017/10 2481/1018/10 2483/1019/10 2409/1020/10 2411/1021/10 2413/1022/10 2384/1023/10 2385/1024/10 2371/1025/10 2356/1026/10 2340/1027/10 2338/1028/10 2333/1029/10 2331/1030/10 2317/1031/10 2316/1032/10 2324/1033/10 2326/1034/10 2367/1035/10 2312/1036/10 2308/1037/10 2303/1038/10 2291/1039/10 2294/1040/10 2289/1041/10 2290/1042/10 2300/1043/10 2286/1044/10 2283/1045/10 2288/1046/10 2280/1047/10 2302/1048/10 2268/1049/10 2270/1050/10 2272/1051/10 2263/1052/10 2265/1053/10 2274/1054/10 2258/1055/10 2260/1056/10 2256/1057/10 2252/1058/10 2250/1059/10 2251/1060/10 2255/1061/10 2259/1062/10 2257/1063/10 2273/1064/10 2261/1065/10 2264/1066/10 2262/1067/10 2271/1068/10 2267/1069/10 2266/1070/10 2269/1071/10 2301/1072/10 2277/1073/10 2279/1074/10 2278/1075/10 2287/1076/10 2281/1077/10 2282/1078/10 2284/1079/10 2285/1080/10 2293/1081/10 2292/1082/10 2299/1083/10 2298/1084/10 2297/1085/10 2296/1086/10 2295/1087/10 2325/1088/10 2323/1089/10 2322/1090/10 2321/1091/10 2360/1092/10 2359/1093/10 2358/1094/10 2357/1095/10 2355/1096/10 2366/1097/10 2365/1098/10 2364/1099/10 2363/1100/10 2362/1101/10 2361/1102/10 2354/1103/10 2345/1104/10 2445/1105/10 2444/1106/10 2443/1107/10 2442/1108/10 2441/1109/10 2440/1110/10 2439/1111/10 2437/1112/10 2743/1113/10 2742/1114/10 2741/1115/10 2740/1116/10 2739/1117/10 2738/1118/10 2495/1119/10 2496/1120/10 2497/1121/10 2592/1122/10 2591/1123/10 2590/1124/10 2589/1125/10 2588/1126/10 2587/1127/10 2586/1128/10 2585/1129/10 2584/1130/10 2583/1131/10 2737/1132/10 2736/1133/10 2735/1134/10 2502/1135/10 2506/1136/10 2503/1137/10 2504/1138/10 2505/1139/10 2734/1140/10 2733/1141/10 2732/1142/10 2731/1143/10 2730/1144/10 2729/1145/10 2728/1146/10 2727/1147/10 2726/1148/10 2725/1149/10 2724/1150/10 2723/1151/10 2722/1152/10 2721/1153/10 2720/1154/10 2529/1155/10 2528/1156/10 2582/1157/10 2581/1158/10 2580/1159/10 2579/1160/10 2578/1161/10 2577/1162/10 2576/1163/10 2575/1164/10 2574/1165/10 2573/1166/10 2572/1167/10 2571/1168/10 2570/1169/10 2569/1170/10 2568/1171/10 2567/1172/10 2566/1173/10 2565/1174/10 2564/1175/10 2563/1176/10 2562/1177/10 2465/1178/10 2464/1179/10 2463/1180/10 2462/1181/10 2461/1182/10 2460/1183/10 2459/1184/10 2458/1185/10 2406/1186/10 2405/1187/10 2404/1188/10 2375/1189/10 2487/1190/10 2485/1191/10 2341/1192/10 2336/1193/10 2329/1194/10 2313/1195/10 2319/1196/10 2746/1197/10 2749/1198/10 2761/1199/10 2760/1200/10 2775/1201/10 2774/1202/10 2772/1203/10 2776/1204/10 2798/1205/10 2797/1206/10 2799/1207/10 2794/1208/10 2793/832/10 934/831/10 965/1209/10 943/1210/10 949/1211/10 964/1212/10 953/1213/10 959/1214/10 955/1215/10 957/1216/10 677/1217/10 673/1218/10 666/1219/10 670/1220/10 930/1221/10 923/1222/10 922/1223/10 970/1224/10 967/1225/10 972/1226/10 974/1227/10 975/1228/10 977/1229/10 984/1230/10 980/1231/10 982/1232/10 938/830/10 2830/829/10 2862/1233/10 2864/1234/10 2863/1235/10 2866/1236/10 2865/1237/10 2873/1238/10 2871/1239/10 2872/1240/10 2870/1241/10 2869/1242/10 2868/1243/10 2875/1244/10 2874/1245/10 2819/1246/10 2823/1247/10 2822/1248/10 2821/1249/10 2832/1250/10 2831/1251/10 2828/1252/10 2795/1253/10 2796/1254/10 2792/1255/10 2802/1256/10 2801/1257/10 2800/1258/10 2778/1259/10 2770/1260/10 2771/1261/10 2777/1262/10 2773/1263/10 2758/1264/10 2759/1265/10 2757/1266/10 2750/1267/10 2751/1268/10 2748/1269/10 2745/1270/10 2310/1271/10 2311/1272/10 2309/1273/10 2320/1274/10 2314/1275/10 2315/1276/10 2330/1277/10 2335/1278/10 2342/1279/10 2486/1280/10 2488/1281/10 2376/1282/10 2369/1283/10 2368/1284/10 2377/1285/10 2373/1286/10 2372/1287/10 2407/1288/10 2388/1289/10 2392/1290/10 2390/1291/10 2402/1292/10 2395/1293/10 2400/1294/10 2398/1295/10 2466/1296/10 2418/1297/10 2416/1298/10 2423/1299/10 2421/1300/10 2435/1301/10 2425/1302/10 2429/1303/10 2433/1304/10 2432/1305/10 2431/1306/10 2434/1307/10 2427/1308/10 2428/1309/10 2430/1310/10 2426/1311/10 2436/1312/10 2420/1313/10 2422/1314/10 2424/1315/10 2417/1316/10 2419/1317/10 2415/1318/10 2467/1319/10 2397/1320/10 2399/1321/10 2401/1322/10 2394/1323/10 2396/1324/10 2403/1325/10 2391/1326/10 2389/1327/10 2393/1328/10 2387/1329/10 2408/1330/10 2374/1331/10 2378/1332/10 2379/1333/10 2380/1334/10 2381/1335/10 2382/1336/10 2468/1337/10 2469/1338/10 2470/1339/10 2471/1340/10 2472/1341/10 2343/1342/10 2347/1343/10 2348/1344/10 2349/1345/10 2350/1346/10 2351/1347/10 2344/1348/10 2346/1349/10 2352/1350/10 2353/1351/10 2754/1352/10 2755/1353/10 2779/1354/10 2767/1355/10 2768/1356/10 2766/1357/10 2765/1358/10 2769/1359/10 2791/1360/10 2803/1361/10 2788/1362/10 2787/1363/10 2790/1364/10 2785/1365/10 2786/1366/10 2789/1367/10 2824/1368/10 2820/1369/10 2818/1370/10 2833/1371/10 2813/1372/10 2814/1373/10 2812/1374/10 2815/1375/10 2810/1376/10 2816/1377/10 2861/1378/10 2867/1379/10 2858/1380/10 2859/1381/10 2856/1382/10 2857/1383/10 2853/1384/10 2854/1385/10 2860/1386/10 2846/1387/10 2847/1388/10 2849/1389/10 2844/1390/10 2843/1391/10 2851/1392/10 2839/1393/10 2841/1394/10 2836/1395/10 2834/1396/10 2835/1397/10 2837/1398/10 2838/1399/10 2840/1400/10 2842/1401/10 2845/1402/10 2850/1403/10 2848/1404/10 2852/1405/10 2855/1406/10 2804/1407/10 2806/1408/10 2805/1409/10 2809/1410/10 2807/1411/10 2808/1412/10 2817/1413/10 2811/1414/10 2781/1415/10 2780/1416/10 2784/1417/10 2783/1418/10 2782/1419/10 2762/1420/10 2764/1421/10 2763/1422/10 2753/1423/10 2752/1424/10 2756/1425/10 2747/1426/10 2744/1427/10 2248/1428/10 2249/1429/10 2253/1430/10 2254/1431/10 2275/1432/10 2276/1433/10 2304/1434/10 2305/1435/10 2306/1436/10 2307/1437/10 2327/1438/10 2328/1439/10 2318/1440/10 2332/1441/10 2334/1442/10 2337/1443/10 2339/1444/10 2494/1445/10 2370/1446/10 2386/1447/10 2383/1448/10 2414/1449/10 2412/1450/10 2410/1451/10 2484/1452/10 2482/1453/10 2480/1454/10 2478/1455/10 2476/1456/10 2474/1457/10 2457/1458/10 2455/1459/10 2453/1460/10 2596/1461/10 2595/1462/10 2594/1463/10 2593/1464/10 2501/1465/10 2500/1466/10 2499/1467/10 2498/1468/10 2511/1469/10 2510/1470/10 2509/1471/10 2508/837/10 2514/840/10 2519/1472/10 2516/1473/10 2518/1474/10 2527/1475/10 2525/1476/10 2524/1477/10 2535/1478/10 2555/1479/10 2530/1480/10 2531/1481/10 2534/1482/10 2540/1483/10 2541/1484/10 2542/1485/10 2543/1486/10 2554/1487/10 2556/1488/10 2557/1489/10 2558/1490/10 2559/1491/10 2560/1492/10 2622/1493/10 2623/1494/10 2624/1495/10 2625/1496/10 2626/1497/10 2627/1498/10 2618/1499/10 2619/1500/10 2620/1501/10 2616/1502/10 2614/1503/10 2612/1504/10 2628/1505/10 2634/1506/10 2633/1507/10 2642/1508/10 2641/1509/10 2651/1510/10 2650/1511/10 2719/1512/10 2718/1513/10 2717/1514/10 2716/1515/10 2658/1516/10 2660/1517/10 2659/1518/10 2664/1519/10 2661/1520/10 2663/1521/10 2662/1522/10 2667/1523/10 2665/1524/10 2666/1525/10 2713/1526/10 2712/850/10 2697/849/10 2696/1527/10 2683/1528/10 2688/1529/10 2687/1530/10 2686/1531/10 2685/1532/10 2695/1533/10 2694/1534/10 2693/1535/10 2692/1536/10 2691/1537/10 2690/1538/10 2246/1539/10 2245/1540/10 2244/1541/10 2243/1542/10 2242/1543/10 2241/1544/10 2216/1545/10 2219/1546/10 2218/1547/10 2217/1548/10 1762/1549/10 1760/1550/10 1758/1551/10 1756/1552/10 1754/1553/10 1752/1554/10 1750/1555/10 1748/1556/10 1746/1557/10 1745/1558/10 1744/1559/10 1747/1560/10 1749/1561/10 1751/1562/10 1753/1563/10 1755/1564/10 1757/1565/10 1759/1566/10 1761/1567/10 1763/1568/10 1764/1569/10 1765/1570/10 1766/1571/10 1767/1572/10 1768/1573/10 1769/1574/10 1770/1575/10 1771/1576/10 1772/1577/10 1773/1578/10 1774/1579/10 1775/1580/10 1776/1581/10 1777/1582/10 1778/1583/10 1779/1584/10 1780/1585/10 1781/1586/10 1782/1587/10 1783/1588/10 1784/1589/10 2689/1590/10 1824/886/10 1811/885/10 1809/1591/10 1810/1592/10 1812/1593/10 1813/1594/10 1814/1595/10 1815/1596/10 1836/1597/10 1837/1598/10 1838/1599/10 1839/1600/10 1840/1601/10 1841/1602/10 1861/1603/10 1862/1604/10 1863/1605/10 1864/1606/10 1865/1607/10 1866/1608/10 1856/1609/10 1857/1610/10 1859/1611/10 1872/1612/10 1873/1613/10 1874/1614/10 1881/1615/10 1882/1616/10 1880/1617/10 1878/1618/10 1885/1619/10 1890/1620/10 1906/1621/10 1905/1622/10 1904/1623/10 1934/1624/10 1933/1625/10 1932/1626/10 1931/1627/10 1930/1628/10 1907/1629/10 1910/1630/10 1909/1631/10 1908/1632/10 1917/1633/10 1912/1634/10 1914/1635/10 1913/1636/10 1916/1637/10 1915/1638/10 1929/1639/10 1928/1640/10 1927/1641/10 1926/1642/10 1925/1643/10 1924/1644/10 1923/1645/10 1922/1646/10 1921/856/10 1969/865/10 1959/882/10 2004/881/10 1983/1647/10 1985/1648/10 1981/1649/10 1987/1650/10 1977/1651/10 1979/1652/10 1975/1653/10 1963/1654/10 1961/1655/10 1958/1656/10 1960/1657/10 1954/1658/10 1956/1659/10 1952/1660/10 1973/1661/10 1946/1662/10 1948/1663/10 1943/1664/10 1950/1665/10 1941/1666/10 1942/1667/10 1951/1668/10 1944/1669/10 1949/1670/10 1947/1671/10 1945/1672/10 1974/1673/10 1953/1674/10 1957/1675/10 1955/1676/10 1965/1677/10 1964/1678/10 1962/1679/10 2006/1680/10 1976/1681/10 1980/1682/10 1978/1683/10 1988/1684/10 1982/1685/10 1986/1686/10 1984/1687/10 2005/1688/10 1990/1689/10 1994/1690/10 1992/1691/10 2003/1692/10 1996/1693/10 2001/1694/10 1999/1695/10 2073/1696/10 2008/1697/10 2012/1698/10 2010/1699/10 2021/1700/10 2014/1701/10 2019/1702/10 2017/1703/10 2015/1704/10 2039/1705/10 2023/1706/10 2028/1707/10 2037/1708/10 2030/1709/10 2035/1710/10 2033/1711/10 2031/1712/10 2072/1713/10 2041/1714/10 2045/1715/10 2043/1716/10 2053/1717/10 2049/1718/10 2047/1719/10 2071/1720/10 2055/1721/10 2059/1722/10 2057/1723/10 2067/1724/10 2061/1725/10 2065/1726/10 2062/1727/10 2064/1728/10 2060/1729/10 2066/1730/10 2056/1731/10 2058/1732/10 2054/1733/10 2070/1734/10 2046/1735/10 2048/1736/10 2052/1737/10 2042/1738/10 2044/1739/10 2040/1740/10 2050/1741/10 2032/1742/10 2034/1743/10 2029/1744/10 2036/1745/10 2024/1746/10 2027/1747/10 2022/1748/10 2025/1749/10 2016/1750/10 2018/866/10 2026/883/10 2051/842/10 2063/841/10 2205/1751/10 2082/1752/10 2081/1753/10 2080/1754/10 2079/1755/10 2078/1756/10 2077/1757/10 2076/1758/10 2074/1759/10 2115/1760/10 2114/1761/10 2113/1762/10 2112/1763/10 2111/1764/10 2110/1765/10 2109/1766/10 2108/1767/10 2107/1768/10 2106/1769/10 2105/1770/10 2104/1771/10 2103/1772/10 2102/1773/10 2101/1774/10 2100/1775/10 2099/1776/10 2098/1777/10 2125/1778/10 2122/1779/10 2120/1780/10 2118/1781/10 2117/1782/10 2116/1783/10 2119/1784/10 2121/1785/10 2123/1786/10 2124/1787/10 2126/1788/10 2175/1789/10 2176/1790/10 2177/1791/10 2178/1792/10 2179/1793/10 2180/1794/10 2150/1795/10 2151/1796/10 2152/1797/10 2153/1798/10 2154/1799/10 2155/1800/10 2156/1801/10 2157/1802/10 2158/1803/10 2135/1804/10 2136/1805/10 2137/1806/10 2138/1807/10 2139/1808/10 2140/1809/10 2141/1810/10 2142/1811/10 2131/1812/10 2132/1813/10 2133/1814/10 2128/1815/10 2130/1816/10 2127/1817/10 2129/1818/10 2134/1819/10 2143/1820/10 2144/1821/10 2145/1822/10 2146/1823/10 2147/1824/10 2148/1825/10 2149/1826/10 2159/1827/10 2160/1828/10 2161/1829/10 2162/1830/10 2163/1831/10 2164/1832/10 2165/1833/10 2166/1834/10 2167/1835/10 2168/1836/10 2169/1837/10 2170/1838/10 2171/1839/10 2172/1840/10 2173/1841/10 2174/1842/10 2085/1843/10 2087/1844/10 2089/1845/10 2091/1846/10 2093/1847/10 2096/1848/10 2097/1849/10 2083/1850/10 2095/1851/10 2094/1852/10 2092/1853/10 2090/1854/10 2088/1855/10 2086/1856/10 2084/1857/10 2204/1858/10 2203/1859/10 2202/1860/10 2201/1861/10 2200/1862/10 2199/1863/10 2198/1864/10 2197/1865/10 2196/1866/10 2195/1867/10 2194/1868/10 2193/1869/10 2192/1870/10 2191/1871/10 2190/1872/10 2189/1873/10 2188/1874/10 2187/1875/10 2186/1876/10 2185/1877/10 2184/1878/10 2183/1879/10 2182/1880/10 2181/1881/10 2069/844/10 2068/843/10 1967/864/10 1966/863/10 1911/1882/10 1935/1883/10 1936/1884/10 1937/1885/10 1938/1886/10 1939/1887/10 1940/1888/10 1918/1889/10 1901/1890/10 1902/1891/10 1898/1892/10 1899/1893/10 1896/1894/10 1897/1895/10 1900/1896/10 1893/1897/10 1894/1898/10 1895/1899/10 1891/1900/10 1892/1901/10 1903/1902/10 1887/1903/10 1888/1904/10 1889/1905/10 1884/1906/10 1883/1907/10 1886/1908/10 1879/1909/10 1877/1910/10 1876/1911/10 1875/1912/10 1858/1913/10 1853/1914/10 1854/1915/10 1851/1916/10 1852/1917/10 1855/1918/10 1849/1919/10 1850/1920/10 1847/1921/10 1848/1922/10 1860/1923/10 1844/1924/10 1843/1925/10 1845/1926/10 1842/1927/10 1846/1928/10 1871/1929/10 1870/1930/10 1869/1931/10 1868/1932/10 1867/1933/10 1835/1934/10 1834/1935/10 1833/1936/10 1832/1937/10 1831/1938/10 1830/1939/10 1829/1940/10 1828/1941/10 1827/1942/10 1826/1943/10 1825/1944/10 1817/884/10 1823/887/10 1822/1945/10 1821/1946/10 1820/1947/10 1819/1948/10 1818/1949/10 1816/1950/10 1808/1951/10 1807/1952/10 1806/1953/10 1805/1954/10 1804/1955/10 1803/1956/10 1802/1957/10 1801/1958/10 1800/1959/10 1799/1960/10 1798/1961/10 1797/1962/10 1796/1963/10 1795/1964/10 1794/1965/10 1793/1966/10 1792/1967/10 1791/1968/10 1790/1969/10 1789/1970/10 1788/1971/10 1787/1972/10 1786/1973/10 1785/1974/10 1736/1975/10 1735/1976/10 1734/1977/10 1733/1978/10 1731/1979/10 1743/1980/10 1742/1981/10 1738/1982/10 1739/1983/10 1740/1984/10 1741/1985/10 1706/1986/10 1710/1987/10 1708/1988/10 1695/1989/10 1696/1990/10 1697/1991/10 1698/1992/10 1699/1993/10 1700/1994/10 1701/1995/10 1687/1996/10 1688/1997/10 1689/1998/10 1690/1999/10 1691/2000/10 1692/2001/10 1693/2002/10 1694/2003/10 1683/2004/10 1684/2005/10 1685/2006/10 1686/2007/10 1681/2008/10 1682/2009/10 1680/2010/10 2212/2011/10 2213/2012/10 2207/2013/10 2208/2014/10 2209/2015/10 2206/2016/10 2223/2017/10 2221/2018/10 2222/2019/10 2220/2020/10 2671/2021/10 2673/2022/10 2672/2023/10 2682/2024/10 2681/2025/10 2680/2026/10 2679/2027/10 2678/2028/10 2677/2029/10 2676/2030/10 2675/2031/10 2684/2032/10 2225/2033/10 2224/2034/10 2234/2035/10 2233/2036/10 2227/2037/10 2226/2038/10 2232/2039/10 2228/2040/10 2231/2041/10 2230/2042/10 2229/2043/10 2247/2044/10 2235/2045/10 2237/2046/10 2236/2047/10 2240/2048/10 2238/2049/10
f 2521/2050/10 2522/993/10 2523/992/10 2524/1477/10 2525/1476/10
f 927/2051/10 930/1221/10 670/1220/10 677/1217/10 957/1216/10 951/2052/10 961/2053/10 945/2054/10 948/2055/10 939/2056/10 931/2057/10 935/2058/10 941/2059/10 926/2060/10
f 680/2061/15 672/2062/16 683/2063/17 685/2064/18
f 685/2065/4 683/2066/4 691/2067/4 694/2068/4
f 676/2069/19 680/2061/15 685/2064/18 688/2070/20
f 672/2062/16 667/2071/21 681/2072/22 683/2063/17
f 667/2071/21 676/2069/19 688/2070/20 681/2072/22
f 688/2073/3 685/2074/3 694/2075/3 695/2076/3
f 683/2077/1 681/2078/1 690/2079/1 691/2080/1
f 681/2081/2 688/2082/2 695/2083/2 690/2084/2
f 680/2085/3 676/2086/3 673/2087/3 677/2088/3
f 667/2089/1 672/2090/1 670/2091/1 666/2092/1
f 702/2093/4 703/2094/4 711/2095/4 710/2096/4
f 706/2097/2 708/2098/2 700/2099/2 697/2100/2
f 702/2101/10 710/2102/10 706/2103/10 697/2104/10
f 711/2105/15 703/2106/16 716/2107/17 718/2108/18
f 718/2109/4 716/2110/4 724/2111/4 725/2112/4
f 708/2113/19 711/2105/15 718/2108/18 720/2114/20
f 703/2106/16 700/2115/21 713/2116/22 716/2107/17
f 700/2115/21 708/2113/19 720/2114/20 713/2116/22
f 720/2117/3 718/2118/3 725/2119/3 728/2120/3
f 716/2121/1 713/2122/1 722/2123/1 724/2124/1
f 713/2125/2 720/2126/2 728/2127/2 722/2128/2
f 711/2129/3 708/2130/3 706/2131/3 710/2132/3
f 700/2133/1 703/2134/1 702/2135/1 697/2136/1
f 733/2137/4 736/2138/4 744/2139/4 742/2140/4
f 738/2141/2 739/2142/2 732/2143/2 730/2144/2
f 733/2145/10 742/2146/10 738/2147/10 730/2148/10
f 744/2149/15 736/2150/16 747/2151/23 749/2152/24
f 749/2153/4 747/2154/4 755/2155/4 757/2156/4
f 739/2157/19 744/2149/15 749/2152/24 751/2158/25
f 736/2150/16 732/2159/21 745/2160/26 747/2151/23
f 732/2159/21 739/2157/19 751/2158/25 745/2160/26
f 751/2161/3 749/2162/3 757/2163/3 759/2164/3
f 747/2165/1 745/2166/1 754/2167/1 755/2168/1
f 745/2169/2 751/2170/2 759/2171/2 754/2172/2
f 744/2173/3 739/2174/3 738/2175/3 742/2176/3
f 732/2177/1 736/2178/1 733/2179/1 730/2180/1
f 765/2181/4 768/2182/4 775/2183/4 773/2184/4
f 769/2185/2 772/2186/2 763/2187/2 761/2188/2
f 765/2189/10 773/2190/10 769/2191/10 761/2192/10
f 775/2193/15 768/2194/16 780/2195/27 782/2196/28
f 782/2197/4 780/2198/4 787/2199/4 789/2200/4
f 772/2201/19 775/2193/15 782/2196/28 784/2202/29
f 768/2194/16 763/2203/21 777/2204/30 780/2195/27
f 763/2203/21 772/2201/19 784/2202/29 777/2204/30
f 784/2205/3 782/2206/3 789/2207/3 791/2208/3
f 780/2209/1 777/2210/1 785/2211/1 787/2212/1
f 777/2213/2 784/2214/2 791/2215/2 785/2216/2
f 775/2217/3 772/2218/3 769/2219/3 773/2220/3
f 763/2221/1 768/2222/1 765/2223/1 761/2224/1
f 797/2225/4 799/2226/4 807/2227/4 806/2228/4
f 801/2229/2 803/2230/2 795/2231/2 793/2232/2
f 797/2233/10 806/2234/10 801/2235/10 793/2236/10
f 807/2237/15 799/2238/16 811/2239/17 813/2240/18
f 813/2241/4 811/2242/4 820/2243/4 822/2244/4
f 803/2245/19 807/2237/15 813/2240/18 815/2246/20
f 799/2238/16 795/2247/21 810/2248/22 811/2239/17
f 795/2247/21 803/2245/19 815/2246/20 810/2248/22
f 815/2249/3 813/2250/3 822/2251/3 824/2252/3
f 811/2253/1 810/2254/1 818/2255/1 820/2256/1
f 810/2257/2 815/2258/2 824/2259/2 818/2260/2
f 807/2261/3 803/2262/3 801/2263/3 806/2264/3
f 795/2265/1 799/2266/1 797/2267/1 793/2268/1
f 830/2269/4 831/2270/4 839/2271/4 837/2272/4
f 833/2273/2 835/2274/2 827/2275/2 825/2276/2
f 830/2277/10 837/2278/10 833/2279/10 825/2280/10
f 839/2281/15 831/2282/16 843/2283/17 846/2284/18
f 846/2285/4 843/2286/4 852/2287/4 854/2288/4
f 835/2289/19 839/2281/15 846/2284/18 847/2290/20
f 831/2282/16 827/2291/21 841/2292/22 843/2283/17
f 827/2291/21 835/2289/19 847/2290/20 841/2292/22
f 847/2293/3 846/2294/3 854/2295/3 856/2296/3
f 843/2297/1 841/2298/1 850/2299/1 852/2300/1
f 841/2301/2 847/2302/2 856/2303/2 850/2304/2
f 839/2305/3 835/2306/3 833/2307/3 837/2308/3
f 827/2309/1 831/2310/1 830/2311/1 825/2312/1
f 861/2313/4 864/2314/4 871/2315/4 869/2316/4
f 865/2317/2 867/2318/2 860/2319/2 857/2320/2
f 861/2321/10 869/2322/10 865/2323/10 857/2324/10
f 871/2325/15 864/2326/16 875/2327/17 878/2328/18
f 878/2329/4 875/2330/4 884/2331/4 886/2332/4
f 867/2333/19 871/2325/15 878/2328/18 880/2334/20
f 864/2326/16 860/2335/21 873/2336/22 875/2327/17
f 860/2335/21 867/2333/19 880/2334/20 873/2336/22
f 880/2337/3 878/2338/3 886/2339/3 888/2340/3
f 875/2341/1 873/2342/1 882/2343/1 884/2344/1
f 873/2345/2 880/2346/2 888/2347/2 882/2348/2
f 871/2349/3 867/2350/3 865/2351/3 869/2352/3
f 860/2353/1 864/2354/1 861/2355/1 857/2356/1
f 893/2357/4 895/2358/4 903/2359/4 901/2360/4
f 897/2361/2 900/2362/2 891/2363/2 889/2364/2
f 893/2365/10 901/2366/10 897/2367/10 889/2368/10
f 903/2369/15 895/2370/16 907/2371/23 909/2372/24
f 909/2373/4 907/2374/4 915/2375/4 917/2376/4
f 900/2377/19 903/2369/15 909/2372/24 912/2378/25
f 895/2370/16 891/2379/21 905/2380/26 907/2371/23
f 891/2379/21 900/2377/19 912/2378/25 905/2380/26
f 912/2381/3 909/2382/3 917/2383/3 920/2384/3
f 907/2385/1 905/2386/1 913/2387/1 915/2388/1
f 905/2389/2 912/2390/2 920/2391/2 913/2392/2
f 903/2393/3 900/2394/3 897/2395/3 901/2396/3
f 891/2397/1 895/2398/1 893/2399/1 889/2400/1
f 935/2401/31 4/2402/31 10/2403/31 941/2404/31
f 941/2404/32 10/2403/32 14/2405/32 926/2406/32
f 926/2406/33 14/2405/33 19/2407/33 927/2408/33
f 927/2408/34 19/2407/34 28/2409/34 930/2410/34
f 930/2411/35 28/2412/35 31/2413/35 923/2414/35
f 923/2414/36 31/2413/36 39/2415/36 922/2416/36
f 39/2415/37 45/2417/37 970/2418/37 922/2416/37
f 970/2418/38 45/2417/38 51/2419/38 967/2420/38
f 967/2420/39 51/2419/39 58/2421/39 972/2422/39
f 972/2422/40 58/2421/40 63/2423/40 974/2424/40
f 974/2424/41 63/2423/41 68/2425/41 975/2426/41
f 975/2426/42 68/2425/42 75/2427/42 977/2428/42
f 977/2429/43 75/2430/43 80/2431/43 984/2432/43
f 984/2432/44 80/2431/44 86/2433/44 980/2434/44
f 980/2434/45 86/2433/45 92/2435/45 982/2436/45
f 92/2435/46 98/2437/46 938/2438/46 982/2436/46
f 938/2438/47 98/2437/47 106/2439/47 934/2440/47
f 934/2440/48 106/2439/48 111/2441/48 965/2442/48
f 965/2442/49 111/2441/49 118/2443/49 943/2444/49
f 943/2444/50 118/2443/50 122/2445/50 949/2446/50
f 949/2447/51 122/2448/51 129/2449/51 964/2450/51
f 964/2450/52 129/2449/52 136/2451/52 953/2452/52
f 953/2452/53 136/2451/53 140/2453/53 959/2454/53
f 959/2454/54 140/2453/54 148/2455/54 955/2456/54
f 955/2456/55 148/2455/55 152/2457/55 957/2458/55
f 957/2458/56 152/2457/56 158/2459/56 951/2460/56
f 951/2460/57 158/2459/57 166/2461/57 961/2462/57
f 961/2462/58 166/2461/58 169/2463/58 945/2464/58
f 945/2465/59 169/2466/59 177/2467/59 948/2468/59
f 948/2468/60 177/2467/60 183/2469/60 939/2470/60
f 939/2470/61 183/2469/61 190/2471/61 931/2472/61
f 931/2472/62 190/2471/62 4/2402/62 935/2401/62
f 58/2473/10 51/2474/10 45/2475/10 39/2476/10 31/2477/10 28/2478/10 19/2479/10 14/2480/10 10/2481/10 4/2482/10 190/2483/10 183/2484/10 177/2485/10 169/2486/10 166/2487/10 158/2488/10 152/2489/10 148/2490/10 140/2491/10 136/2492/10 129/2493/10 122/2494/10 118/2495/10 111/2496/10 106/2497/10 98/2498/10 92/2499/10 86/2500/10 80/2501/10 75/2502/10 68/2503/10 63/2504/10
f 3/2505/10 2/2506/10 268/2507/10
f 6/2508/10 3/2505/10 268/2507/10
f 268/2507/10 266/2509/10 6/2508/10
f 266/2509/10 264/2510/10 6/2508/10
f 6/2508/10 264/2510/10 262/2511/10
f 262/2511/10 259/2512/10 6/2508/10
f 259/2512/10 258/2513/10 6/2508/10
f 258/2513/10 255/2514/10 6/2508/10
f 255/2514/10 254/2515/10 6/2508/10
f 254/2515/10 252/2516/10 6/2508/10
f 252/2516/10 249/2517/63 6/2508/10
f 249/2517/63 248/2518/64 6/2508/10
f 6/2508/10 248/2518/64 246/2519/10
f 246/2519/10 244/2520/64 6/2508/10
f 244/2520/64 242/2521/63 6/2508/10
f 242/2521/63 239/2522/10 6/2508/10
f 239/2522/10 237/2523/10 6/2508/10
f 237/2523/10 236/2524/10 6/2508/10
f 236/2524/10 234/2525/64 6/2508/10
f 234/2525/64 232/2526/10 6/2508/10
f 232/2526/10 230/2527/10 6/2508/10
f 230/2527/10 228/2528/10 6/2508/10
f 228/2528/10 225/2529/10 6/2508/10
f 21/2530/64 20/2531/10 6/2508/10
f 20/2531/10 18/2532/10 6/2508/10
f 18/2532/10 15/2533/64 6/2508/10
f 15/2533/64 13/2534/10 6/2508/10
f 13/2534/10 12/2535/10 6/2508/10
f 8/2536/10 6/2508/10 12/2535/10
f 9/2537/10 8/2536/10 12/2535/10
f 6/2508/10 225/2529/10 224/2538/10
f 224/2538/10 221/2539/10 6/2508/10
f 221/2539/10 219/2540/10 6/2508/10
f 219/2540/10 217/2541/64 6/2508/10
f 217/2541/64 215/2542/64 6/2508/10
f 215/2542/64 214/2543/65 6/2508/10
f 214/2543/65 211/2544/10 6/2508/10
f 211/2544/10 210/2545/10 6/2508/10
f 210/2545/10 207/2546/10 6/2508/10
f 207/2546/10 206/2547/10 6/2508/10
f 57/2548/10 56/2549/10 6/2508/10
f 56/2549/10 54/2550/65 6/2508/10
f 54/2550/65 52/2551/63 6/2508/10
f 52/2551/63 49/2552/10 6/2508/10
f 49/2552/10 48/2553/65 6/2508/10
f 48/2553/65 46/2554/64 6/2508/10
f 46/2554/64 43/2555/64 6/2508/10
f 43/2555/64 41/2556/10 6/2508/10
f 41/2556/10 40/2557/65 6/2508/10
f 40/2557/65 38/2558/63 6/2508/10
f 38/2558/63 36/2559/10 6/2508/10
f 36/2559/10 34/2560/66 6/2508/10
f 34/2560/66 32/2561/64 6/2508/10
f 32/2561/64 30/2562/10 6/2508/10
f 30/2562/10 27/2563/63 6/2508/10
f 27/2563/63 25/2564/10 6/2508/10
f 25/2564/10 24/2565/10 6/2508/10
f 21/2530/64 6/2508/10 24/2565/10
f 130/2566/10 128/2567/10 139/2568/10
f 139/2568/10 137/2569/10 130/2566/10
f 132/2570/63 130/2566/10 137/2569/10
f 133/2571/10 132/2570/63 137/2569/10
f 137/2569/10 135/2572/10 133/2571/10
f 143/2573/10 141/2574/10 146/2575/10
f 141/2574/10 139/2568/10 146/2575/10
f 115/2576/10 114/2577/63 139/2568/10
f 117/2578/10 115/2576/10 139/2568/10
f 120/2579/10 117/2578/10 139/2568/10
f 121/2580/10 120/2579/10 139/2568/10
f 124/2581/10 121/2580/10 139/2568/10
f 126/2582/10 124/2581/10 139/2568/10
f 139/2568/10 128/2567/10 126/2582/10
f 146/2575/10 139/2568/10 147/2583/10
f 149/2584/63 147/2583/10 139/2568/10
f 151/2585/10 149/2584/63 139/2568/10
f 154/2586/10 151/2585/10 139/2568/10
f 156/2587/64 154/2586/10 139/2568/10
f 157/2588/10 156/2587/64 139/2568/10
f 160/2589/10 157/2588/10 139/2568/10
f 162/2590/63 160/2589/10 139/2568/10
f 97/2591/10 96/2592/10 139/2568/10
f 100/2593/10 97/2591/10 139/2568/10
f 102/2594/10 100/2593/10 139/2568/10
f 103/2595/63 102/2594/10 139/2568/10
f 105/2596/10 103/2595/63 139/2568/10
f 107/2597/63 105/2596/10 139/2568/10
f 109/2598/64 107/2597/63 139/2568/10
f 112/2599/10 109/2598/64 139/2568/10
f 139/2568/10 114/2577/63 112/2599/10
f 162/2590/63 139/2568/10 164/2600/64
f 165/2601/10 164/2600/64 139/2568/10
f 167/2602/10 165/2601/10 139/2568/10
f 170/2603/10 167/2602/10 139/2568/10
f 171/2604/10 170/2603/10 139/2568/10
f 174/2605/64 171/2604/10 139/2568/10
f 176/2606/64 174/2605/64 139/2568/10
f 178/2607/63 176/2606/64 139/2568/10
f 180/2608/66 178/2607/63 139/2568/10
f 182/2609/10 180/2608/66 139/2568/10
f 184/2610/10 182/2609/10 139/2568/10
f 186/2611/10 184/2610/10 139/2568/10
f 188/2612/10 186/2611/10 139/2568/10
f 189/2613/10 188/2612/10 139/2568/10
f 191/2614/10 189/2613/10 139/2568/10
f 73/2615/63 71/2616/63 139/2568/10
f 76/2617/10 73/2615/63 139/2568/10
f 78/2618/10 76/2617/10 139/2568/10
f 79/2619/64 78/2618/10 139/2568/10
f 81/2620/63 79/2619/64 139/2568/10
f 83/2621/10 81/2620/63 139/2568/10
f 85/2622/63 83/2621/10 139/2568/10
f 87/2623/64 85/2622/63 139/2568/10
f 90/2624/10 87/2623/64 139/2568/10
f 91/2625/10 90/2624/10 139/2568/10
f 94/2626/10 91/2625/10 139/2568/10
f 139/2568/10 96/2592/10 94/2626/10
f 191/2614/10 139/2568/10 193/2627/10
f 195/2628/10 193/2627/10 139/2568/10
f 198/2629/64 195/2628/10 139/2568/10
f 200/2630/10 198/2629/64 139/2568/10
f 202/2631/63 200/2630/10 139/2568/10
f 203/2632/10 202/2631/63 139/2568/10
f 206/2547/10 203/2632/10 139/2568/10
f 139/2568/10 71/2616/63 206/2547/10
f 6/2508/10 206/2547/10 71/2616/63
f 71/2616/63 70/2633/10 6/2508/10
f 70/2633/10 67/2634/10 6/2508/10
f 67/2634/10 65/2635/65 6/2508/10
f 65/2635/65 64/2636/63 6/2508/10
f 64/2636/63 62/2637/66 6/2508/10
f 62/2637/66 60/2638/64 6/2508/10
f 57/2548/10 6/2508/10 60/2638/64
f 346/2639/67 343/2640/68 348/2641/69
f 343/2640/68 342/2642/10 348/2641/69
f 350/2643/10 348/2641/69 342/2642/10
f 342/2642/10 339/2644/66 350/2643/10
f 351/2645/64 350/2643/10 339/2644/66
f 391/2646/10 389/2647/10 383/2648/10
f 385/2649/10 383/2648/10 389/2647/10
f 387/2650/10 385/2649/10 389/2647/10
f 380/2651/10 377/2652/63 396/2653/10
f 396/2653/10 393/2654/10 380/2651/10
f 381/2655/10 380/2651/10 393/2654/10
f 393/2654/10 391/2646/10 381/2655/10
f 391/2646/10 383/2648/10 381/2655/10
f 311/2656/10 422/2657/10 313/2658/10
f 308/2659/10 426/2660/10 310/2661/10
f 424/2662/10 310/2661/10 426/2660/10
f 310/2661/10 424/2662/10 311/2656/10
f 422/2657/10 311/2656/10 424/2662/10
f 351/2645/64 339/2644/66 337/2663/10
f 354/2664/10 351/2645/64 337/2663/10
f 337/2663/10 336/2665/64 354/2664/10
f 355/2666/10 354/2664/10 336/2665/64
f 336/2665/64 334/2667/63 355/2666/10
f 334/2667/63 332/2668/70 355/2666/10
f 332/2668/70 330/2669/10 355/2666/10
f 357/2670/10 355/2666/10 330/2669/10
f 330/2669/10 328/2671/10 357/2670/10
f 328/2671/10 326/2672/10 357/2670/10
f 360/2673/10 357/2670/10 326/2672/10
f 326/2672/10 324/2674/10 360/2673/10
f 324/2674/10 322/2675/10 360/2673/10
f 361/2676/10 360/2673/10 322/2675/10
f 322/2675/10 320/2677/10 361/2676/10
f 364/2678/10 361/2676/10 320/2677/10
f 320/2677/10 318/2679/65 364/2678/10
f 366/2680/10 364/2678/10 318/2679/65
f 318/2679/65 316/2681/10 366/2680/10
f 316/2681/10 313/2658/10 366/2680/10
f 313/2658/10 422/2657/10 366/2680/10
f 422/2657/10 420/2682/63 366/2680/10
f 367/2683/10 366/2680/10 420/2682/63
f 420/2682/63 418/2684/10 367/2683/10
f 370/2685/66 367/2683/10 418/2684/10
f 418/2684/10 415/2686/10 370/2685/66
f 371/2687/10 370/2685/66 415/2686/10
f 415/2686/10 413/2688/10 371/2687/10
f 413/2688/10 411/2689/10 371/2687/10
f 373/2690/10 371/2687/10 411/2689/10
f 411/2689/10 410/2691/10 373/2690/10
f 410/2691/10 407/2692/10 373/2690/10
f 375/2693/10 373/2690/10 407/2692/10
f 407/2692/10 405/2694/10 375/2693/10
f 405/2694/10 404/2695/10 375/2693/10
f 404/2695/10 402/2696/10 375/2693/10
f 402/2696/10 399/2697/10 375/2693/10
f 377/2652/63 375/2693/10 399/2697/10
f 399/2697/10 398/2698/10 377/2652/63
f 396/2653/10 377/2652/63 398/2698/10
f 431/2699/10 304/2700/10 301/2701/10
f 301/2701/10 434/2702/10 431/2699/10
f 429/2703/10 305/2704/10 304/2700/10
f 304/2700/10 431/2699/10 429/2703/10
f 434/2702/10 301/2701/10 300/2705/10
f 300/2705/10 436/2706/10 434/2702/10
f 509/2707/71 508/2708/72 511/2709/73
f 508/2708/72 506/2710/10 511/2709/73
f 514/2711/10 511/2709/73 506/2710/10
f 465/2712/10 463/2713/10 471/2714/10
f 471/2714/10 469/2715/10 465/2712/10
f 469/2715/10 468/2716/10 465/2712/10
f 514/2711/10 506/2710/10 504/2717/10
f 516/2718/10 514/2711/10 504/2717/10
f 504/2717/10 501/2719/10 516/2718/10
f 477/2720/10 475/2721/10 460/2722/64
f 462/2723/10 460/2722/64 475/2721/10
f 475/2721/10 474/2724/10 462/2723/10
f 463/2713/10 462/2723/10 474/2724/10
f 471/2714/10 463/2713/10 474/2724/10
f 516/2718/10 501/2719/10 278/2725/10
f 501/2719/10 500/2726/64 278/2725/10
f 279/2727/10 278/2725/10 500/2726/64
f 500/2726/64 497/2728/10 279/2727/10
f 282/2729/74 279/2727/10 497/2728/10
f 283/2730/10 282/2729/74 497/2728/10
f 497/2728/10 496/2731/10 283/2730/10
f 286/2732/10 283/2730/10 496/2731/10
f 287/2733/10 286/2732/10 496/2731/10
f 289/2734/10 287/2733/10 496/2731/10
f 496/2731/10 494/2735/10 289/2734/10
f 292/2736/70 289/2734/10 494/2735/10
f 293/2737/65 292/2736/70 494/2735/10
f 494/2735/10 491/2738/65 293/2737/65
f 295/2739/63 293/2737/65 491/2738/65
f 297/2740/66 295/2739/63 491/2738/65
f 491/2738/65 490/2741/63 297/2740/66
f 300/2705/10 297/2740/66 490/2741/63
f 436/2706/10 300/2705/10 490/2741/63
f 490/2741/63 488/2742/63 436/2706/10
f 437/2743/10 436/2706/10 488/2742/63
f 440/2744/66 437/2743/10 488/2742/63
f 488/2742/63 485/2745/10 440/2744/66
f 441/2746/10 440/2744/66 485/2745/10
f 444/2747/10 441/2746/10 485/2745/10
f 485/2745/10 484/2748/64 444/2747/10
f 446/2749/64 444/2747/10 484/2748/64
f 447/2750/66 446/2749/64 484/2748/64
f 449/2751/10 447/2750/66 484/2748/64
f 484/2748/64 482/2752/75 449/2751/10
f 451/2753/10 449/2751/10 482/2752/75
f 453/2754/10 451/2753/10 482/2752/75
f 456/2755/10 453/2754/10 482/2752/75
f 482/2752/75 479/2756/10 456/2755/10
f 458/2757/10 456/2755/10 479/2756/10
f 479/2756/10 477/2720/10 458/2757/10
f 477/2720/10 460/2722/64 458/2757/10
f 273/2758/10 271/2759/10 270/2760/10
f 270/2760/10 275/2761/10 273/2758/10
f 305/2704/10 429/2703/10 308/2659/10
f 429/2703/10 428/2762/10 308/2659/10
f 426/2660/10 308/2659/10 428/2762/10
f 525/2763/10 523/2764/10 522/2765/10
f 518/2766/10 774/2767/10 520/2768/10
f 522/2765/10 520/2768/10 774/2767/10
f 525/2763/10 522/2765/10 774/2767/10
f 774/2767/10 771/2769/10 525/2763/10
f 771/2769/10 770/2770/10 525/2763/10
f 770/2770/10 767/2771/10 525/2763/10
f 767/2771/10 766/2772/10 525/2763/10
f 525/2763/10 766/2772/10 764/2773/10
f 527/2774/63 525/2763/10 764/2773/10
f 764/2773/10 762/2775/10 527/2774/63
f 762/2775/10 760/2776/10 527/2774/63
f 760/2776/10 758/2777/10 527/2774/63
f 758/2777/10 756/2778/10 527/2774/63
f 756/2778/10 753/2779/10 527/2774/63
f 753/2779/10 752/2780/64 527/2774/63
f 752/2780/64 750/2781/64 527/2774/63
f 750/2781/64 748/2782/10 527/2774/63
f 529/2783/10 527/2774/63 748/2782/10
f 707/2784/10 575/2785/10 574/2786/10
f 709/2787/10 707/2784/10 571/2788/10
f 707/2784/10 574/2786/10 571/2788/10
f 565/2789/10 563/2790/10 714/2791/10
f 714/2791/10 712/2792/10 565/2789/10
f 567/2793/10 565/2789/10 712/2792/10
f 712/2792/10 709/2787/10 567/2793/10
f 569/2794/10 567/2793/10 709/2787/10
f 709/2787/10 571/2788/10 569/2794/10
f 721/2795/63 719/2796/10 554/2797/10
f 556/2798/10 554/2797/10 719/2796/10
f 719/2796/10 717/2799/10 556/2798/10
f 558/2800/10 556/2798/10 717/2799/10
f 560/2801/10 558/2800/10 717/2799/10
f 717/2799/10 715/2802/10 560/2801/10
f 562/2803/10 560/2801/10 715/2802/10
f 715/2802/10 714/2791/10 562/2803/10
f 714/2791/10 563/2790/10 562/2803/10
f 529/2783/10 748/2782/10 746/2804/10
f 746/2804/10 743/2805/10 529/2783/10
f 532/2806/64 529/2783/10 743/2805/10
f 743/2805/10 741/2807/10 532/2806/64
f 534/2808/10 532/2806/64 741/2807/10
f 741/2807/10 740/2809/10 534/2808/10
f 535/2810/64 534/2808/10 740/2809/10
f 740/2809/10 737/2811/63 535/2810/64
f 537/2812/10 535/2810/64 737/2811/63
f 737/2811/63 735/2813/63 537/2812/10
f 540/2814/10 537/2812/10 735/2813/63
f 735/2813/63 734/2815/63 540/2814/10
f 542/2816/10 540/2814/10 734/2815/63
f 734/2815/63 731/2817/10 542/2816/10
f 543/2818/10 542/2816/10 731/2817/10
f 731/2817/10 729/2819/10 543/2818/10
f 545/2820/10 543/2818/10 729/2819/10
f 729/2819/10 727/2821/10 545/2820/10
f 547/2822/10 545/2820/10 727/2821/10
f 727/2821/10 726/2823/64 547/2822/10
f 549/2824/10 547/2822/10 726/2823/64
f 726/2823/64 723/2825/63 549/2824/10
f 551/2826/10 549/2824/10 723/2825/63
f 723/2825/63 721/2795/63 551/2826/10
f 721/2795/63 554/2797/10 551/2826/10
f 577/2827/10 705/2828/10 704/2829/10
f 704/2829/10 701/2830/10 582/2831/10
f 582/2831/10 579/2832/10 704/2829/10
f 577/2827/10 704/2829/10 579/2832/10
f 701/2830/10 699/2833/10 586/2834/10
f 586/2834/10 584/2835/10 701/2830/10
f 582/2831/10 701/2830/10 584/2835/10
f 698/2836/10 696/2837/10 590/2838/10
f 590/2838/10 587/2839/10 698/2836/10
f 699/2833/10 698/2836/10 587/2839/10
f 586/2834/10 699/2833/10 587/2839/10
f 654/2840/10 652/2841/10 649/2842/10
f 649/2842/10 647/2843/10 654/2840/10
f 655/2844/10 654/2840/10 647/2843/10
f 655/2844/10 647/2843/10 658/2845/10
f 660/2846/10 658/2845/10 647/2843/10
f 647/2843/10 645/2847/10 660/2846/10
f 662/2848/10 660/2846/10 645/2847/10
f 645/2847/10 644/2849/10 662/2848/10
f 663/2850/63 662/2848/10 644/2849/10
f 644/2849/10 642/2851/10 663/2850/63
f 665/2852/10 663/2850/63 642/2851/10
f 642/2851/10 640/2853/63 665/2852/10
f 668/2854/64 665/2852/10 640/2853/63
f 669/2855/10 668/2854/64 640/2853/63
f 640/2853/63 638/2856/63 669/2855/10
f 671/2857/10 669/2855/10 638/2856/63
f 638/2856/63 636/2858/10 671/2857/10
f 674/2859/65 671/2857/10 636/2858/10
f 636/2858/10 633/2860/64 674/2859/65
f 633/2860/64 631/2861/64 674/2859/65
f 675/2862/65 674/2859/65 631/2861/64
f 631/2861/64 629/2863/10 675/2862/65
f 678/2864/10 675/2862/65 629/2863/10
f 629/2863/10 628/2865/10 678/2864/10
f 679/2866/10 678/2864/10 628/2865/10
f 628/2865/10 625/2867/10 679/2866/10
f 625/2867/10 624/2868/10 679/2866/10
f 682/2869/10 679/2866/10 624/2868/10
f 624/2868/10 622/2870/10 682/2869/10
f 622/2870/10 619/2871/10 682/2869/10
f 684/2872/10 682/2869/10 619/2871/10
f 619/2871/10 618/2873/10 684/2872/10
f 618/2873/10 615/2874/10 684/2872/10
f 686/2875/63 684/2872/10 615/2874/10
f 615/2874/10 613/2876/10 686/2875/63
f 613/2876/10 611/2877/10 686/2875/63
f 611/2877/10 610/2878/10 686/2875/63
f 687/2879/65 686/2875/63 610/2878/10
f 610/2878/10 607/2880/10 687/2879/65
f 607/2880/10 605/2881/10 687/2879/65
f 605/2881/10 603/2882/10 687/2879/65
f 689/2883/63 687/2879/65 603/2882/10
f 603/2882/10 601/2884/10 689/2883/63
f 601/2884/10 599/2885/10 689/2883/63
f 692/2886/10 689/2883/63 599/2885/10
f 599/2885/10 598/2887/10 692/2886/10
f 598/2887/10 595/2888/10 692/2886/10
f 693/2889/10 692/2886/10 595/2888/10
f 595/2888/10 594/2890/10 693/2889/10
f 594/2890/10 592/2891/10 693/2889/10
f 696/2837/10 693/2889/10 592/2891/10
f 590/2838/10 696/2837/10 592/2891/10
f 575/2785/10 707/2784/10 705/2828/10
f 705/2828/10 577/2827/10 575/2785/10
f 859/2892/10 858/2893/10 881/2894/63
f 881/2894/63 879/2895/10 859/2892/10
f 879/2895/10 877/2896/10 859/2892/10
f 877/2896/10 876/2897/64 859/2892/10
f 876/2897/64 874/2898/64 859/2892/10
f 874/2898/64 872/2899/10 859/2892/10
f 862/2900/10 859/2892/10 872/2899/10
f 872/2899/10 870/2901/10 862/2900/10
f 870/2901/10 868/2902/10 862/2900/10
f 863/2903/10 862/2900/10 868/2902/10
f 866/2904/10 863/2903/10 868/2902/10
f 829/2905/10 828/2906/10 916/2907/10
f 916/2907/10 914/2908/10 829/2905/10
f 832/2909/10 829/2905/10 914/2908/10
f 914/2908/10 911/2910/64 832/2909/10
f 834/2911/10 832/2909/10 911/2910/64
f 834/2911/10 911/2910/64 836/2912/10
f 911/2910/64 910/2913/10 836/2912/10
f 838/2914/64 836/2912/10 910/2913/10
f 910/2913/10 908/2915/63 838/2914/64
f 840/2916/64 838/2914/64 908/2915/63
f 908/2915/63 906/2917/63 840/2916/64
f 842/2918/64 840/2916/64 906/2917/63
f 844/2919/64 842/2918/64 906/2917/63
f 906/2917/63 904/2920/10 844/2919/64
f 845/2921/10 844/2919/64 904/2920/10
f 904/2920/10 902/2922/64 845/2921/10
f 848/2923/10 845/2921/10 902/2922/64
f 849/2924/64 848/2923/10 902/2922/64
f 902/2922/64 899/2925/10 849/2924/64
f 851/2926/64 849/2924/64 899/2925/10
f 899/2925/10 898/2927/10 851/2926/64
f 853/2928/10 851/2926/64 898/2927/10
f 898/2927/10 896/2929/10 853/2928/10
f 896/2929/10 894/2930/63 853/2928/10
f 855/2931/10 853/2928/10 894/2930/63
f 894/2930/63 892/2932/63 855/2931/10
f 892/2932/63 890/2933/10 855/2931/10
f 890/2933/10 887/2934/10 855/2931/10
f 858/2893/10 855/2931/10 887/2934/10
f 887/2934/10 885/2935/10 858/2893/10
f 885/2935/10 883/2936/63 858/2893/10
f 881/2894/63 858/2893/10 883/2936/63
f 929/2937/10 809/2938/10 808/2939/10
f 809/2938/10 929/2937/10 812/2940/10
f 928/2941/10 812/2940/10 929/2937/10
f 812/2940/10 928/2941/10 814/2942/10
f 816/2943/10 814/2942/10 928/2941/10
f 928/2941/10 925/2944/10 816/2943/10
f 932/2945/10 805/2946/10 804/2947/10
f 933/2948/10 932/2945/10 804/2947/10
f 933/2948/10 804/2947/10 802/2949/10
f 936/2950/10 933/2948/10 802/2949/10
f 802/2949/10 800/2951/10 936/2950/10
f 937/2952/10 936/2950/10 800/2951/10
f 800/2951/10 798/2953/10 937/2952/10
f 929/2937/10 808/2939/10 805/2946/10
f 805/2946/10 932/2945/10 929/2937/10
f 937/2952/10 798/2953/10 796/2954/10
f 940/2955/10 937/2952/10 796/2954/10
f 796/2954/10 794/2956/10 940/2955/10
f 942/2957/10 940/2955/10 794/2956/10
f 794/2956/10 792/2958/10 942/2957/10
f 944/2959/10 942/2957/10 792/2958/10
f 792/2958/10 790/2960/10 944/2959/10
f 790/2960/10 788/2961/10 944/2959/10
f 946/2962/10 944/2959/10 788/2961/10
f 788/2961/10 786/2963/10 946/2962/10
f 816/2943/10 925/2944/10 817/2964/10
f 925/2944/10 924/2965/10 817/2964/10
f 819/2966/10 817/2964/10 924/2965/10
f 924/2965/10 921/2967/10 819/2966/10
f 821/2968/10 819/2966/10 921/2967/10
f 921/2967/10 919/2969/10 821/2968/10
f 823/2970/10 821/2968/10 919/2969/10
f 919/2969/10 918/2971/10 823/2970/10
f 826/2972/10 823/2970/10 918/2971/10
f 828/2906/10 826/2972/10 918/2971/10
f 916/2907/10 828/2906/10 918/2971/10
f 1020/2973/63 1019/2974/64 987/2975/10
f 1019/2974/64 1018/2976/10 987/2975/10
f 1018/2976/10 1017/2977/10 987/2975/10
f 1017/2977/10 1016/2978/64 987/2975/10
f 1016/2978/64 1015/2979/10 987/2975/10
f 1015/2979/10 1014/2980/10 987/2975/10
f 1014/2980/10 1013/2981/10 987/2975/10
f 1013/2981/10 1012/2982/10 987/2975/10
f 1012/2982/10 1011/2983/10 987/2975/10
f 1011/2983/10 1010/2984/10 987/2975/10
f 1010/2984/10 1009/2985/10 987/2975/10
f 1009/2985/10 1008/2986/10 987/2975/10
f 1008/2986/10 1007/2987/10 987/2975/10
f 1007/2987/10 1006/2988/63 987/2975/10
f 1006/2988/63 1005/2989/64 987/2975/10
f 1005/2989/64 1004/2990/63 987/2975/10
f 1004/2990/63 1003/2991/10 987/2975/10
f 1003/2991/10 1002/2992/64 987/2975/10
f 1001/2993/10 987/2975/10 1002/2992/64
f 1051/2994/10 1050/2995/64 1053/2996/10
f 1053/2996/10 1052/2997/10 1051/2994/10
f 1041/2998/10 1040/2999/10 1054/3000/10
f 1042/3001/10 1041/2998/10 1054/3000/10
f 1043/3002/10 1042/3001/10 1054/3000/10
f 1044/3003/10 1043/3002/10 1054/3000/10
f 1045/3004/10 1044/3003/10 1054/3000/10
f 1054/3000/10 1053/2996/10 1045/3004/10
f 1046/3005/10 1045/3004/10 1053/2996/10
f 1047/3006/10 1046/3005/10 1053/2996/10
f 1048/3007/10 1047/3006/10 1053/2996/10
f 1049/3008/10 1048/3007/10 1053/2996/10
f 1053/2996/10 1050/2995/64 1049/3008/10
f 1022/3009/10 1021/3010/10 1054/3000/10
f 1023/3011/10 1022/3009/10 1054/3000/10
f 1024/3012/63 1023/3011/10 1054/3000/10
f 1025/3013/10 1024/3012/63 1054/3000/10
f 1026/3014/64 1025/3013/10 1054/3000/10
f 1027/3015/63 1026/3014/64 1054/3000/10
f 1028/3016/10 1027/3015/63 1054/3000/10
f 1029/3017/10 1028/3016/10 1054/3000/10
f 1030/3018/64 1029/3017/10 1054/3000/10
f 1031/3019/10 1030/3018/64 1054/3000/10
f 1032/3020/10 1031/3019/10 1054/3000/10
f 1033/3021/10 1032/3020/10 1054/3000/10
f 1034/3022/10 1033/3021/10 1054/3000/10
f 1035/3023/10 1034/3022/10 1054/3000/10
f 1036/3024/10 1035/3023/10 1054/3000/10
f 1037/3025/10 1036/3024/10 1054/3000/10
f 1038/3026/10 1037/3025/10 1054/3000/10
f 1039/3027/10 1038/3026/10 1054/3000/10
f 1054/3000/10 1040/2999/10 1039/3027/10
f 1062/3028/10 1061/3029/10 985/3030/10
f 986/3031/10 985/3030/10 1061/3029/10
f 1061/3029/10 1060/3032/10 986/3031/10
f 1060/3032/10 1059/3033/10 986/3031/10
f 987/2975/10 986/3031/10 1059/3033/10
f 1059/3033/10 1058/3034/10 987/2975/10
f 1058/3034/10 1057/3035/10 987/2975/10
f 1057/3035/10 1056/3036/10 987/2975/10
f 1056/3036/10 1055/3037/10 987/2975/10
f 1055/3037/10 1054/3000/10 987/2975/10
f 1054/3000/10 1021/3010/10 987/2975/10
f 1020/2973/63 987/2975/10 1021/3010/10
f 946/2962/10 786/2963/10 783/3038/10
f 947/3039/10 946/2962/10 783/3038/10
f 783/3038/10 781/3040/10 947/3039/10
f 781/3040/10 779/3041/10 947/3039/10
f 950/3042/64 947/3039/10 779/3041/10
f 779/3041/10 778/3043/10 950/3042/64
f 778/3043/10 776/3044/10 950/3042/64
f 952/3045/64 950/3042/64 776/3044/10
f 776/3044/10 1083/3046/10 952/3045/64
f 1083/3046/10 1082/3047/10 952/3045/64
f 954/3048/10 952/3045/64 1082/3047/10
f 1082/3047/10 1081/3049/10 954/3048/10
f 956/3050/63 954/3048/10 1081/3049/10
f 1081/3049/10 1080/3051/10 956/3050/63
f 1080/3051/10 1079/3052/64 956/3050/63
f 958/3053/63 956/3050/63 1079/3052/64
f 1079/3052/64 1078/3054/64 958/3053/63
f 1078/3054/64 1077/3055/10 958/3053/63
f 960/3056/10 958/3053/63 1077/3055/10
f 1077/3055/10 1076/3057/10 960/3056/10
f 962/3058/10 960/3056/10 1076/3057/10
f 1076/3057/10 1075/3059/10 962/3058/10
f 1075/3059/10 1074/3060/10 962/3058/10
f 963/3061/10 962/3058/10 1074/3060/10
f 1074/3060/10 1073/3062/10 963/3061/10
f 966/3063/63 963/3061/10 1073/3062/10
f 1073/3062/10 1072/3064/10 966/3063/63
f 968/3065/10 966/3063/63 1072/3064/10
f 1072/3064/10 1071/3066/10 968/3065/10
f 969/3067/64 968/3065/10 1071/3066/10
f 1071/3066/10 1070/3068/10 969/3067/64
f 1070/3068/10 1069/3069/10 969/3067/64
f 971/3070/10 969/3067/64 1069/3069/10
f 1069/3069/10 1068/3071/63 971/3070/10
f 973/3072/10 971/3070/10 1068/3071/63
f 1068/3071/63 1067/3073/63 973/3072/10
f 976/3074/10 973/3072/10 1067/3073/63
f 1067/3073/63 1066/3075/10 976/3074/10
f 978/3076/10 976/3074/10 1066/3075/10
f 1066/3075/10 1065/3077/64 978/3076/10
f 979/3078/10 978/3076/10 1065/3077/64
f 1065/3077/64 1064/3079/64 979/3078/10
f 981/3080/10 979/3078/10 1064/3079/64
f 1064/3079/64 1063/3081/10 981/3080/10
f 983/3082/10 981/3080/10 1063/3081/10
f 1063/3081/10 1062/3028/10 983/3082/10
f 1062/3028/10 985/3030/10 983/3082/10
f 1001/2993/10 1000/3083/10 987/2975/10
f 989/3084/10 988/3085/10 990/3086/10
f 990/3086/10 988/3085/10 987/2975/10
f 991/3087/10 990/3086/10 987/2975/10
f 992/3088/10 991/3087/10 987/2975/10
f 993/3089/10 992/3088/10 987/2975/10
f 994/3090/10 993/3089/10 987/2975/10
f 995/3091/10 994/3090/10 987/2975/10
f 996/3092/10 995/3091/10 987/2975/10
f 997/3093/10 996/3092/10 987/2975/10
f 998/3094/10 997/3093/10 987/2975/10
f 999/3095/10 998/3094/10 987/2975/10
f 1000/3083/10 999/3095/10 987/2975/10
f 1084/3096/10 1212/3097/10 1085/3098/10
f 1086/3099/10 1085/3098/10 1212/3097/10
f 1089/3100/10 1086/3099/10 1212/3097/10
f 1086/3099/10 1089/3100/10 1088/3101/10
f 1088/3101/10 1087/3102/10 1086/3099/10
f 1089/3100/10 1212/3097/10 1211/3103/10
f 1211/3103/10 1210/3104/10 1089/3100/10
f 1210/3104/10 1209/3105/10 1089/3100/10
f 1209/3105/10 1208/3106/63 1089/3100/10
f 1089/3100/10 1208/3106/63 1207/3107/10
f 1207/3107/10 1206/3108/10 1089/3100/10
f 1206/3108/10 1205/3109/10 1089/3100/10
f 1205/3109/10 1204/3110/10 1089/3100/10
f 1204/3110/10 1203/3111/10 1089/3100/10
f 1203/3111/10 1202/3112/10 1089/3100/10
f 1202/3112/10 1201/3113/10 1089/3100/10
f 1201/3113/10 1200/3114/10 1089/3100/10
f 1200/3114/10 1199/3115/10 1089/3100/10
f 1199/3115/10 1198/3116/10 1089/3100/10
f 1179/3117/10 1113/3118/10 1112/3119/10
f 1111/3120/10 1110/3121/10 1180/3122/10
f 1180/3122/10 1179/3117/10 1111/3120/10
f 1179/3117/10 1112/3119/10 1111/3120/10
f 1182/3123/10 1181/3124/10 1107/3125/10
f 1108/3126/10 1107/3125/10 1181/3124/10
f 1109/3127/10 1108/3126/10 1181/3124/10
f 1181/3124/10 1180/3122/10 1109/3127/10
f 1180/3122/10 1110/3121/10 1109/3127/10
f 1187/3128/63 1186/3129/10 1101/3130/10
f 1102/3131/10 1101/3130/10 1186/3129/10
f 1186/3129/10 1185/3132/10 1102/3131/10
f 1103/3133/10 1102/3131/10 1185/3132/10
f 1185/3132/10 1184/3134/10 1103/3133/10
f 1104/3135/10 1103/3133/10 1184/3134/10
f 1184/3134/10 1183/3136/10 1104/3135/10
f 1105/3137/10 1104/3135/10 1183/3136/10
f 1106/3138/10 1105/3137/10 1183/3136/10
f 1183/3136/10 1182/3123/10 1106/3138/10
f 1182/3123/10 1107/3125/10 1106/3138/10
f 1089/3100/10 1198/3116/10 1197/3139/63
f 1090/3140/64 1089/3100/10 1197/3139/63
f 1197/3139/63 1196/3141/63 1090/3140/64
f 1091/3142/64 1090/3140/64 1196/3141/63
f 1196/3141/63 1195/3143/63 1091/3142/64
f 1092/3144/10 1091/3142/64 1195/3143/63
f 1195/3143/63 1194/3145/63 1092/3144/10
f 1093/3146/64 1092/3144/10 1194/3145/63
f 1194/3145/63 1193/3147/10 1093/3146/64
f 1094/3148/10 1093/3146/64 1193/3147/10
f 1193/3147/10 1192/3149/10 1094/3148/10
f 1095/3150/10 1094/3148/10 1192/3149/10
f 1192/3149/10 1191/3151/10 1095/3150/10
f 1096/3152/10 1095/3150/10 1191/3151/10
f 1097/3153/63 1096/3152/10 1191/3151/10
f 1191/3151/10 1190/3154/64 1097/3153/63
f 1098/3155/63 1097/3153/63 1190/3154/64
f 1190/3154/64 1189/3156/66 1098/3155/63
f 1099/3157/10 1098/3155/63 1189/3156/66
f 1189/3156/66 1188/3158/10 1099/3157/10
f 1100/3159/10 1099/3157/10 1188/3158/10
f 1188/3158/10 1187/3128/63 1100/3159/10
f 1187/3128/63 1101/3130/10 1100/3159/10
f 1114/3160/10 1178/3161/10 1177/3162/10
f 1177/3162/10 1176/3163/10 1116/3164/10
f 1116/3164/10 1115/3165/10 1177/3162/10
f 1114/3160/10 1177/3162/10 1115/3165/10
f 1176/3163/10 1175/3166/10 1118/3167/10
f 1118/3167/10 1117/3168/10 1176/3163/10
f 1116/3164/10 1176/3163/10 1117/3168/10
f 1174/3169/10 1173/3170/10 1120/3171/10
f 1120/3171/10 1119/3172/10 1174/3169/10
f 1175/3166/10 1174/3169/10 1119/3172/10
f 1118/3167/10 1175/3166/10 1119/3172/10
f 1152/3173/10 1151/3174/10 1150/3175/10
f 1150/3175/10 1149/3176/10 1152/3173/10
f 1153/3177/64 1152/3173/10 1149/3176/10
f 1153/3177/64 1149/3176/10 1154/3178/64
f 1155/3179/10 1154/3178/64 1149/3176/10
f 1149/3176/10 1148/3180/10 1155/3179/10
f 1156/3181/10 1155/3179/10 1148/3180/10
f 1148/3180/10 1147/3182/10 1156/3181/10
f 1157/3183/10 1156/3181/10 1147/3182/10
f 1147/3182/10 1146/3184/10 1157/3183/10
f 1158/3185/64 1157/3183/10 1146/3184/10
f 1146/3184/10 1145/3186/10 1158/3185/64
f 1159/3187/64 1158/3185/64 1145/3186/10
f 1160/3188/10 1159/3187/64 1145/3186/10
f 1145/3186/10 1144/3189/10 1160/3188/10
f 1161/3190/65 1160/3188/10 1144/3189/10
f 1144/3189/10 1143/3191/64 1161/3190/65
f 1162/3192/63 1161/3190/65 1143/3191/64
f 1143/3191/64 1142/3193/10 1162/3192/63
f 1142/3193/10 1141/3194/63 1162/3192/63
f 1163/3195/10 1162/3192/63 1141/3194/63
f 1141/3194/63 1140/3196/10 1163/3195/10
f 1164/3197/10 1163/3195/10 1140/3196/10
f 1140/3196/10 1139/3198/10 1164/3197/10
f 1165/3199/10 1164/3197/10 1139/3198/10
f 1139/3198/10 1138/3200/10 1165/3199/10
f 1138/3200/10 1137/3201/10 1165/3199/10
f 1166/3202/10 1165/3199/10 1137/3201/10
f 1137/3201/10 1136/3203/10 1166/3202/10
f 1136/3203/10 1135/3204/10 1166/3202/10
f 1167/3205/10 1166/3202/10 1135/3204/10
f 1135/3204/10 1134/3206/10 1167/3205/10
f 1134/3206/10 1133/3207/10 1167/3205/10
f 1168/3208/10 1167/3205/10 1133/3207/10
f 1133/3207/10 1132/3209/10 1168/3208/10
f 1132/3209/10 1131/3210/10 1168/3208/10
f 1131/3210/10 1130/3211/10 1168/3208/10
f 1169/3212/10 1168/3208/10 1130/3211/10
f 1130/3211/10 1129/3213/10 1169/3212/10
f 1129/3213/10 1128/3214/10 1169/3212/10
f 1128/3214/10 1127/3215/10 1169/3212/10
f 1170/3216/10 1169/3212/10 1127/3215/10
f 1127/3215/10 1126/3217/10 1170/3216/10
f 1126/3217/10 1125/3218/10 1170/3216/10
f 1171/3219/10 1170/3216/10 1125/3218/10
f 1125/3218/10 1124/3220/10 1171/3219/10
f 1124/3220/10 1123/3221/10 1171/3219/10
f 1172/3222/10 1171/3219/10 1123/3221/10
f 1123/3221/10 1122/3223/10 1172/3222/10
f 1122/3223/10 1121/3224/10 1172/3222/10
f 1173/3170/10 1172/3222/10 1121/3224/10
f 1120/3171/10 1173/3170/10 1121/3224/10
f 1113/3118/10 1179/3117/10 1178/3161/10
f 1178/3161/10 1114/3160/10 1113/3118/10
f 1214/3225/10 1213/3226/10 1225/3227/10
f 1225/3227/10 1217/3228/10 1214/3225/10
f 1215/3229/10 1214/3225/10 1217/3228/10
f 1217/3228/10 1216/3230/10 1215/3229/10
f 1218/3231/10 1224/3232/10 1221/3233/10
f 1221/3233/10 1224/3232/10 1223/3234/10
f 1223/3234/10 1222/3235/10 1221/3233/10
f 1220/3236/10 1219/3237/10 1221/3233/10
f 1217/3228/10 1225/3227/10 1224/3232/10
f 1224/3232/10 1218/3231/10 1217/3228/10
f 1218/3231/10 1221/3233/10 1219/3237/10
f 1258/3238/10 1257/3239/10 1286/3240/10
f 1286/3240/10 1285/3241/10 1258/3238/10
f 1259/3242/10 1258/3238/10 1285/3241/10
f 1285/3241/10 1284/3243/10 1259/3242/10
f 1260/3244/10 1259/3242/10 1284/3243/10
f 1284/3243/10 1283/3245/10 1260/3244/10
f 1260/3244/10 1283/3245/10 1261/3246/10
f 1283/3245/10 1282/3247/10 1261/3246/10
f 1262/3248/10 1261/3246/10 1282/3247/10
f 1282/3247/10 1281/3249/10 1262/3248/10
f 1263/3250/10 1262/3248/10 1281/3249/10
f 1281/3249/10 1280/3251/10 1263/3250/10
f 1264/3252/10 1263/3250/10 1280/3251/10
f 1280/3251/10 1279/3253/63 1264/3252/10
f 1265/3254/10 1264/3252/10 1279/3253/63
f 1279/3253/63 1278/3255/63 1265/3254/10
f 1266/3256/10 1265/3254/10 1278/3255/63
f 1278/3255/63 1277/3257/10 1266/3256/10
f 1267/3258/10 1266/3256/10 1277/3257/10
f 1277/3257/10 1276/3259/10 1267/3258/10
f 1268/3260/10 1267/3258/10 1276/3259/10
f 1276/3259/10 1275/3261/10 1268/3260/10
f 1269/3262/10 1268/3260/10 1275/3261/10
f 1275/3261/10 1274/3263/10 1269/3262/10
f 1270/3264/10 1269/3262/10 1274/3263/10
f 1274/3263/10 1273/3265/63 1270/3264/10
f 1271/3266/10 1270/3264/10 1273/3265/63
f 1273/3265/63 1272/3267/63 1271/3266/10
f 1250/3268/10 1249/3269/10 1293/3270/10
f 1293/3270/10 1292/3271/10 1250/3268/10
f 1244/3272/10 1298/3273/10 1245/3274/10
f 1298/3273/10 1297/3275/10 1245/3274/10
f 1301/3276/10 1300/3277/10 1242/3278/10
f 1302/3279/10 1241/3280/10 1240/3281/10
f 1240/3281/10 1303/3282/10 1302/3279/10
f 1530/3283/10 1467/3284/10 1531/3285/10
f 1301/3276/10 1242/3278/10 1241/3280/10
f 1241/3280/10 1302/3279/10 1301/3276/10
f 1465/3286/10 1533/3287/10 1532/3288/10
f 1466/3289/10 1465/3286/10 1532/3288/10
f 1532/3288/10 1531/3285/10 1466/3289/10
f 1531/3285/10 1467/3284/10 1466/3289/10
f 1242/3278/10 1300/3277/10 1243/3290/10
f 1300/3277/10 1299/3291/10 1243/3290/10
f 1244/3272/10 1243/3290/10 1299/3291/10
f 1298/3273/10 1244/3272/10 1299/3291/10
f 1462/3292/10 1536/3293/64 1535/3294/10
f 1463/3295/10 1462/3292/10 1535/3294/10
f 1535/3294/10 1534/3296/10 1463/3295/10
f 1464/3297/10 1463/3295/10 1534/3296/10
f 1534/3296/10 1533/3287/10 1464/3297/10
f 1533/3287/10 1465/3286/10 1464/3297/10
f 1245/3274/10 1297/3275/10 1246/3298/10
f 1297/3275/10 1296/3299/10 1246/3298/10
f 1247/3300/10 1246/3298/10 1296/3299/10
f 1296/3299/10 1295/3301/10 1247/3300/10
f 1248/3302/10 1247/3300/10 1295/3301/10
f 1295/3301/10 1294/3303/10 1248/3302/10
f 1249/3269/10 1248/3302/10 1294/3303/10
f 1293/3270/10 1249/3269/10 1294/3303/10
f 1377/3304/10 1599/3305/10 1378/3306/10
f 1599/3305/10 1598/3307/63 1378/3306/10
f 1598/3307/63 1597/3308/63 1378/3306/10
f 1597/3308/63 1596/3309/64 1378/3306/10
f 1596/3309/64 1595/3310/10 1378/3306/10
f 1595/3310/10 1594/3311/63 1378/3306/10
f 1594/3311/63 1593/3312/64 1378/3306/10
f 1593/3312/64 1592/3313/10 1378/3306/10
f 1592/3313/10 1591/3314/63 1378/3306/10
f 1591/3314/63 1590/3315/10 1378/3306/10
f 1590/3315/10 1589/3316/10 1378/3306/10
f 1589/3316/10 1588/3317/10 1378/3306/10
f 1588/3317/10 1587/3318/10 1378/3306/10
f 1541/3319/10 1540/3320/10 1456/3321/10
f 1457/3322/10 1456/3321/10 1540/3320/10
f 1540/3320/10 1539/3323/10 1457/3322/10
f 1458/3324/10 1457/3322/10 1539/3323/10
f 1539/3323/10 1538/3325/10 1458/3324/10
f 1459/3326/10 1458/3324/10 1538/3325/10
f 1538/3325/10 1537/3327/10 1459/3326/10
f 1460/3328/10 1459/3326/10 1537/3327/10
f 1537/3327/10 1536/3293/64 1460/3328/10
f 1461/3329/10 1460/3328/10 1536/3293/64
f 1536/3293/64 1462/3292/10 1461/3329/10
f 1250/3268/10 1292/3271/10 1251/3330/10
f 1252/3331/10 1251/3330/10 1292/3271/10
f 1292/3271/10 1291/3332/10 1252/3331/10
f 1253/3333/10 1252/3331/10 1291/3332/10
f 1291/3332/10 1290/3334/10 1253/3333/10
f 1254/3335/10 1253/3333/10 1290/3334/10
f 1290/3334/10 1289/3336/10 1254/3335/10
f 1255/3337/10 1254/3335/10 1289/3336/10
f 1289/3336/10 1288/3338/10 1255/3337/10
f 1256/3339/10 1255/3337/10 1288/3338/10
f 1288/3338/10 1287/3340/10 1256/3339/10
f 1257/3239/10 1256/3339/10 1287/3340/10
f 1286/3240/10 1257/3239/10 1287/3340/10
f 1378/3306/10 1587/3318/10 1379/3341/10
f 1587/3318/10 1586/3342/64 1379/3341/10
f 1380/3343/10 1379/3341/10 1586/3342/64
f 1381/3344/10 1380/3343/10 1586/3342/64
f 1586/3342/64 1585/3345/64 1381/3344/10
f 1382/3346/10 1381/3344/10 1585/3345/64
f 1585/3345/64 1584/3347/10 1382/3346/10
f 1383/3348/10 1382/3346/10 1584/3347/10
f 1584/3347/10 1583/3349/10 1383/3348/10
f 1384/3350/10 1383/3348/10 1583/3349/10
f 1385/3351/10 1384/3350/10 1583/3349/10
f 1583/3349/10 1582/3352/10 1385/3351/10
f 1386/3353/10 1385/3351/10 1582/3352/10
f 1582/3352/10 1581/3354/10 1386/3353/10
f 1387/3355/10 1386/3353/10 1581/3354/10
f 1581/3354/10 1580/3356/63 1387/3355/10
f 1388/3357/10 1387/3355/10 1580/3356/63
f 1580/3356/63 1579/3358/63 1388/3357/10
f 1389/3359/63 1388/3357/10 1579/3358/63
f 1390/3360/63 1389/3359/63 1579/3358/63
f 1579/3358/63 1578/3361/10 1390/3360/63
f 1391/3362/10 1390/3360/63 1578/3361/10
f 1578/3361/10 1577/3363/10 1391/3362/10
f 1392/3364/64 1391/3362/10 1577/3363/10
f 1577/3363/10 1576/3365/10 1392/3364/64
f 1393/3366/64 1392/3364/64 1576/3365/10
f 1576/3365/10 1575/3367/10 1393/3366/64
f 1394/3368/10 1393/3366/64 1575/3367/10
f 1395/3369/10 1394/3368/10 1575/3367/10
f 1575/3367/10 1574/3370/64 1395/3369/10
f 1396/3371/10 1395/3369/10 1574/3370/64
f 1397/3372/10 1396/3371/10 1574/3370/64
f 1574/3370/64 1573/3373/64 1397/3372/10
f 1398/3374/10 1397/3372/10 1573/3373/64
f 1399/3375/10 1398/3374/10 1573/3373/64
f 1573/3373/64 1572/3376/10 1399/3375/10
f 1400/3377/10 1399/3375/10 1572/3376/10
f 1401/3378/10 1400/3377/10 1572/3376/10
f 1572/3376/10 1571/3379/10 1401/3378/10
f 1402/3380/64 1401/3378/10 1571/3379/10
f 1403/3381/64 1402/3380/64 1571/3379/10
f 1571/3379/10 1570/3382/10 1403/3381/64
f 1404/3383/10 1403/3381/64 1570/3382/10
f 1405/3384/64 1404/3383/10 1570/3382/10
f 1570/3382/10 1569/3385/10 1405/3384/64
f 1406/3386/64 1405/3384/64 1569/3385/10
f 1407/3387/10 1406/3386/64 1569/3385/10
f 1569/3385/10 1568/3388/10 1407/3387/10
f 1408/3389/10 1407/3387/10 1568/3388/10
f 1409/3390/63 1408/3389/10 1568/3388/10
f 1410/3391/63 1409/3390/63 1568/3388/10
f 1568/3388/10 1567/3392/10 1410/3391/63
f 1411/3393/10 1410/3391/63 1567/3392/10
f 1412/3394/10 1411/3393/10 1567/3392/10
f 1567/3392/10 1566/3395/10 1412/3394/10
f 1413/3396/10 1412/3394/10 1566/3395/10
f 1414/3397/10 1413/3396/10 1566/3395/10
f 1566/3395/10 1565/3398/63 1414/3397/10
f 1415/3399/10 1414/3397/10 1565/3398/63
f 1416/3400/10 1415/3399/10 1565/3398/63
f 1417/3401/63 1416/3400/10 1565/3398/63
f 1565/3398/63 1564/3402/63 1417/3401/63
f 1418/3403/63 1417/3401/63 1564/3402/63
f 1564/3402/63 1563/3404/10 1418/3403/63
f 1419/3405/10 1418/3403/63 1563/3404/10
f 1420/3406/10 1419/3405/10 1563/3404/10
f 1563/3404/10 1562/3407/10 1420/3406/10
f 1421/3408/10 1420/3406/10 1562/3407/10
f 1422/3409/10 1421/3408/10 1562/3407/10
f 1562/3407/10 1561/3410/10 1422/3409/10
f 1423/3411/10 1422/3409/10 1561/3410/10
f 1561/3410/10 1560/3412/10 1423/3411/10
f 1424/3413/64 1423/3411/10 1560/3412/10
f 1560/3412/10 1559/3414/65 1424/3413/64
f 1425/3415/64 1424/3413/64 1559/3414/65
f 1426/3416/10 1425/3415/64 1559/3414/65
f 1559/3414/65 1558/3417/10 1426/3416/10
f 1427/3418/64 1426/3416/10 1558/3417/10
f 1428/3419/64 1427/3418/64 1558/3417/10
f 1558/3417/10 1557/3420/65 1428/3419/64
f 1429/3421/10 1428/3419/64 1557/3420/65
f 1430/3422/10 1429/3421/10 1557/3420/65
f 1557/3420/65 1556/3423/10 1430/3422/10
f 1431/3424/10 1430/3422/10 1556/3423/10
f 1432/3425/64 1431/3424/10 1556/3423/10
f 1556/3423/10 1555/3426/10 1432/3425/64
f 1433/3427/64 1432/3425/64 1555/3426/10
f 1434/3428/10 1433/3427/64 1555/3426/10
f 1555/3426/10 1554/3429/10 1434/3428/10
f 1435/3430/10 1434/3428/10 1554/3429/10
f 1436/3431/10 1435/3430/10 1554/3429/10
f 1554/3429/10 1553/3432/63 1436/3431/10
f 1437/3433/10 1436/3431/10 1553/3432/63
f 1438/3434/10 1437/3433/10 1553/3432/63
f 1553/3432/63 1552/3435/10 1438/3434/10
f 1439/3436/63 1438/3434/10 1552/3435/10
f 1440/3437/63 1439/3436/63 1552/3435/10
f 1552/3435/10 1551/3438/64 1440/3437/63
f 1441/3439/10 1440/3437/63 1551/3438/64
f 1551/3438/64 1550/3440/10 1441/3439/10
f 1442/3441/10 1441/3439/10 1550/3440/10
f 1443/3442/10 1442/3441/10 1550/3440/10
f 1550/3440/10 1549/3443/64 1443/3442/10
f 1444/3444/10 1443/3442/10 1549/3443/64
f 1445/3445/10 1444/3444/10 1549/3443/64
f 1549/3443/64 1548/3446/64 1445/3445/10
f 1446/3447/10 1445/3445/10 1548/3446/64
f 1548/3446/64 1547/3448/64 1446/3447/10
f 1447/3449/10 1446/3447/10 1547/3448/64
f 1448/3450/10 1447/3449/10 1547/3448/64
f 1547/3448/64 1546/3451/64 1448/3450/10
f 1449/3452/64 1448/3450/10 1546/3451/64
f 1546/3451/64 1545/3453/10 1449/3452/64
f 1450/3454/64 1449/3452/64 1545/3453/10
f 1451/3455/10 1450/3454/64 1545/3453/10
f 1545/3453/10 1544/3456/10 1451/3455/10
f 1452/3457/10 1451/3455/10 1544/3456/10
f 1544/3456/10 1543/3458/10 1452/3457/10
f 1453/3459/10 1452/3457/10 1543/3458/10
f 1543/3458/10 1542/3460/10 1453/3459/10
f 1454/3461/10 1453/3459/10 1542/3460/10
f 1455/3462/10 1454/3461/10 1542/3460/10
f 1542/3460/10 1541/3319/10 1455/3462/10
f 1541/3319/10 1456/3321/10 1455/3462/10
f 1528/3463/10 1469/3464/10 1529/3465/10
f 1468/3466/10 1529/3465/10 1469/3464/10
f 1304/3467/10 1239/3468/10 1238/3469/10
f 1305/3470/10 1304/3467/10 1238/3469/10
f 1374/3471/10 1373/3472/10 1604/3473/10
f 1527/3474/10 1470/3475/10 1528/3463/10
f 1469/3464/10 1528/3463/10 1470/3475/10
f 1524/3476/10 1523/3477/10 1474/3478/10
f 1474/3478/10 1473/3479/10 1524/3476/10
f 1305/3470/10 1238/3469/10 1237/3480/10
f 1306/3481/10 1305/3470/10 1237/3480/10
f 1237/3480/10 1236/3482/10 1306/3481/10
f 1307/3483/10 1306/3481/10 1236/3482/10
f 1236/3482/10 1235/3484/10 1307/3483/10
f 1308/3485/10 1307/3483/10 1235/3484/10
f 1524/3476/10 1473/3479/10 1525/3486/10
f 1473/3479/10 1472/3487/10 1525/3486/10
f 1526/3488/10 1525/3486/10 1472/3487/10
f 1472/3487/10 1471/3489/10 1526/3488/10
f 1527/3474/10 1526/3488/10 1471/3489/10
f 1470/3475/10 1527/3474/10 1471/3489/10
f 1308/3485/10 1235/3484/10 1234/3490/10
f 1309/3491/10 1308/3485/10 1234/3490/10
f 1234/3490/10 1233/3492/10 1309/3491/10
f 1310/3493/10 1309/3491/10 1233/3492/10
f 1233/3492/10 1232/3494/10 1310/3493/10
f 1311/3495/10 1310/3493/10 1232/3494/10
f 1232/3494/10 1231/3496/10 1311/3495/10
f 1312/3497/10 1311/3495/10 1231/3496/10
f 1519/3498/10 1478/3499/10 1520/3500/10
f 1478/3499/10 1477/3501/10 1520/3500/10
f 1521/3502/10 1520/3500/10 1477/3501/10
f 1477/3501/10 1476/3503/10 1521/3502/10
f 1522/3504/10 1521/3502/10 1476/3503/10
f 1476/3503/10 1475/3505/10 1522/3504/10
f 1523/3477/10 1522/3504/10 1475/3505/10
f 1474/3478/10 1523/3477/10 1475/3505/10
f 1507/3506/10 1506/3507/10 1491/3508/63
f 1491/3508/63 1490/3509/10 1507/3506/10
f 1508/3510/10 1507/3506/10 1490/3509/10
f 1490/3509/10 1489/3511/10 1508/3510/10
f 1509/3512/64 1508/3510/10 1489/3511/10
f 1489/3511/10 1488/3513/10 1509/3512/64
f 1510/3514/10 1509/3512/64 1488/3513/10
f 1488/3513/10 1487/3515/10 1510/3514/10
f 1511/3516/10 1510/3514/10 1487/3515/10
f 1487/3515/10 1486/3517/10 1511/3516/10
f 1653/3518/64 1652/3519/64 1332/3520/10
f 1500/3521/10 1499/3522/10 1498/3523/10
f 1498/3523/10 1497/3524/10 1500/3521/10
f 1501/3525/10 1500/3521/10 1497/3524/10
f 1497/3524/10 1496/3526/10 1501/3525/10
f 1502/3527/10 1501/3525/10 1496/3526/10
f 1496/3526/10 1495/3528/10 1502/3527/10
f 1503/3529/10 1502/3527/10 1495/3528/10
f 1495/3528/10 1494/3530/10 1503/3529/10
f 1504/3531/10 1503/3529/10 1494/3530/10
f 1494/3530/10 1493/3532/10 1504/3531/10
f 1505/3533/10 1504/3531/10 1493/3532/10
f 1493/3532/10 1492/3534/63 1505/3533/10
f 1506/3507/10 1505/3533/10 1492/3534/63
f 1491/3508/63 1506/3507/10 1492/3534/63
f 1312/3497/10 1231/3496/10 1230/3535/10
f 1313/3536/10 1312/3497/10 1230/3535/10
f 1230/3535/10 1229/3537/10 1313/3536/10
f 1314/3538/10 1313/3536/10 1229/3537/10
f 1229/3537/10 1228/3539/10 1314/3538/10
f 1228/3539/10 1227/3540/64 1314/3538/10
f 1315/3541/10 1314/3538/10 1227/3540/64
f 1227/3540/64 1226/3542/10 1315/3541/10
f 1316/3543/64 1315/3541/10 1226/3542/10
f 1226/3542/10 1679/3544/10 1316/3543/64
f 1317/3545/64 1316/3543/64 1679/3544/10
f 1679/3544/10 1678/3546/10 1317/3545/64
f 1678/3546/10 1677/3547/10 1317/3545/64
f 1318/3548/10 1317/3545/64 1677/3547/10
f 1677/3547/10 1676/3549/10 1318/3548/10
f 1319/3550/10 1318/3548/10 1676/3549/10
f 1676/3549/10 1675/3551/10 1319/3550/10
f 1320/3552/10 1319/3550/10 1675/3551/10
f 1675/3551/10 1674/3553/10 1320/3552/10
f 1674/3553/10 1673/3554/10 1320/3552/10
f 1321/3555/10 1320/3552/10 1673/3554/10
f 1673/3554/10 1672/3556/10 1321/3555/10
f 1322/3557/10 1321/3555/10 1672/3556/10
f 1672/3556/10 1671/3558/10 1322/3557/10
f 1671/3558/10 1670/3559/10 1322/3557/10
f 1323/3560/64 1322/3557/10 1670/3559/10
f 1670/3559/10 1669/3561/10 1323/3560/64
f 1669/3561/10 1668/3562/10 1323/3560/64
f 1324/3563/64 1323/3560/64 1668/3562/10
f 1668/3562/10 1667/3564/10 1324/3563/64
f 1667/3564/10 1666/3565/10 1324/3563/64
f 1325/3566/10 1324/3563/64 1666/3565/10
f 1666/3565/10 1665/3567/10 1325/3566/10
f 1326/3568/63 1325/3566/10 1665/3567/10
f 1665/3567/10 1664/3569/10 1326/3568/63
f 1664/3569/10 1663/3570/10 1326/3568/63
f 1327/3571/63 1326/3568/63 1663/3570/10
f 1663/3570/10 1662/3572/10 1327/3571/63
f 1662/3572/10 1661/3573/10 1327/3571/63
f 1328/3574/65 1327/3571/63 1661/3573/10
f 1661/3573/10 1660/3575/10 1328/3574/65
f 1660/3575/10 1659/3576/64 1328/3574/65
f 1329/3577/65 1328/3574/65 1659/3576/64
f 1659/3576/64 1658/3578/64 1329/3577/65
f 1658/3578/64 1657/3579/10 1329/3577/65
f 1330/3580/10 1329/3577/65 1657/3579/10
f 1657/3579/10 1656/3581/10 1330/3580/10
f 1656/3581/10 1655/3582/10 1330/3580/10
f 1331/3583/10 1330/3580/10 1655/3582/10
f 1655/3582/10 1654/3584/10 1331/3583/10
f 1654/3584/10 1653/3518/64 1331/3583/10
f 1653/3518/64 1332/3520/10 1331/3583/10
f 1332/3520/10 1652/3519/64 1333/3585/10
f 1652/3519/64 1651/3586/64 1333/3585/10
f 1334/3587/10 1333/3585/10 1651/3586/64
f 1651/3586/64 1650/3588/64 1334/3587/10
f 1650/3588/64 1649/3589/10 1334/3587/10
f 1335/3590/10 1334/3587/10 1649/3589/10
f 1649/3589/10 1648/3591/10 1335/3590/10
f 1336/3592/10 1335/3590/10 1648/3591/10
f 1648/3591/10 1647/3593/10 1336/3592/10
f 1337/3594/74 1336/3592/10 1647/3593/10
f 1647/3593/10 1646/3595/10 1337/3594/74
f 1646/3595/10 1645/3596/10 1337/3594/74
f 1338/3597/64 1337/3594/74 1645/3596/10
f 1645/3596/10 1644/3598/10 1338/3597/64
f 1644/3598/10 1643/3599/10 1338/3597/64
f 1339/3600/74 1338/3597/64 1643/3599/10
f 1643/3599/10 1642/3601/10 1339/3600/74
f 1642/3601/10 1641/3602/64 1339/3600/74
f 1340/3603/64 1339/3600/74 1641/3602/64
f 1641/3602/64 1640/3604/10 1340/3603/64
f 1640/3604/10 1639/3605/10 1340/3603/64
f 1341/3606/10 1340/3603/64 1639/3605/10
f 1639/3605/10 1638/3607/64 1341/3606/10
f 1638/3607/64 1637/3608/10 1341/3606/10
f 1342/3609/10 1341/3606/10 1637/3608/10
f 1637/3608/10 1636/3610/10 1342/3609/10
f 1636/3610/10 1635/3611/10 1342/3609/10
f 1635/3611/10 1634/3612/10 1342/3609/10
f 1343/3613/10 1342/3609/10 1634/3612/10
f 1634/3612/10 1633/3614/10 1343/3613/10
f 1633/3614/10 1632/3615/10 1343/3613/10
f 1632/3615/10 1631/3616/64 1343/3613/10
f 1344/3617/10 1343/3613/10 1631/3616/64
f 1631/3616/64 1630/3618/64 1344/3617/10
f 1630/3618/64 1629/3619/63 1344/3617/10
f 1345/3620/63 1344/3617/10 1629/3619/63
f 1629/3619/63 1628/3621/10 1345/3620/63
f 1628/3621/10 1627/3622/64 1345/3620/63
f 1346/3623/64 1345/3620/63 1627/3622/64
f 1627/3622/64 1626/3624/10 1346/3623/64
f 1626/3624/10 1625/3625/64 1346/3623/64
f 1625/3625/64 1624/3626/64 1346/3623/64
f 1347/3627/63 1346/3623/64 1624/3626/64
f 1624/3626/64 1623/3628/64 1347/3627/63
f 1623/3628/64 1622/3629/64 1347/3627/63
f 1348/3630/10 1347/3627/63 1622/3629/64
f 1622/3629/64 1621/3631/10 1348/3630/10
f 1621/3631/10 1620/3632/10 1348/3630/10
f 1349/3633/10 1348/3630/10 1620/3632/10
f 1620/3632/10 1619/3634/10 1349/3633/10
f 1350/3635/10 1349/3633/10 1619/3634/10
f 1619/3634/10 1618/3636/10 1350/3635/10
f 1351/3637/10 1350/3635/10 1618/3636/10
f 1618/3636/10 1617/3638/10 1351/3637/10
f 1617/3638/10 1616/3639/10 1351/3637/10
f 1352/3640/10 1351/3637/10 1616/3639/10
f 1616/3639/10 1615/3641/10 1352/3640/10
f 1353/3642/63 1352/3640/10 1615/3641/10
f 1615/3641/10 1614/3643/10 1353/3642/63
f 1354/3644/64 1353/3642/63 1614/3643/10
f 1614/3643/10 1613/3645/64 1354/3644/64
f 1613/3645/64 1612/3646/64 1354/3644/64
f 1355/3647/10 1354/3644/64 1612/3646/64
f 1612/3646/64 1611/3648/10 1355/3647/10
f 1356/3649/64 1355/3647/10 1611/3648/10
f 1611/3648/10 1610/3650/10 1356/3649/64
f 1357/3651/64 1356/3649/64 1610/3650/10
f 1610/3650/10 1609/3652/10 1357/3651/64
f 1358/3653/10 1357/3651/64 1609/3652/10
f 1609/3652/10 1608/3654/10 1358/3653/10
f 1359/3655/63 1358/3653/10 1608/3654/10
f 1608/3654/10 1607/3656/10 1359/3655/63
f 1360/3657/63 1359/3655/63 1607/3656/10
f 1607/3656/10 1606/3658/64 1360/3657/63
f 1361/3659/63 1360/3657/63 1606/3658/64
f 1606/3658/64 1605/3660/10 1361/3659/63
f 1362/3661/63 1361/3659/63 1605/3660/10
f 1363/3662/63 1362/3661/63 1605/3660/10
f 1364/3663/10 1363/3662/63 1605/3660/10
f 1365/3664/10 1364/3663/10 1605/3660/10
f 1366/3665/64 1365/3664/10 1605/3660/10
f 1367/3666/64 1366/3665/64 1605/3660/10
f 1368/3667/63 1367/3666/64 1605/3660/10
f 1369/3668/63 1368/3667/63 1605/3660/10
f 1370/3669/10 1369/3668/63 1605/3660/10
f 1371/3670/10 1370/3669/10 1605/3660/10
f 1372/3671/10 1371/3670/10 1605/3660/10
f 1373/3472/10 1372/3671/10 1605/3660/10
f 1604/3473/10 1373/3472/10 1605/3660/10
f 1511/3516/10 1486/3517/10 1512/3672/10
f 1486/3517/10 1485/3673/10 1512/3672/10
f 1513/3674/10 1512/3672/10 1485/3673/10
f 1485/3673/10 1484/3675/10 1513/3674/10
f 1514/3676/10 1513/3674/10 1484/3675/10
f 1484/3675/10 1483/3677/10 1514/3676/10
f 1515/3678/10 1514/3676/10 1483/3677/10
f 1483/3677/10 1482/3679/10 1515/3678/10
f 1516/3680/10 1515/3678/10 1482/3679/10
f 1482/3679/10 1481/3681/10 1516/3680/10
f 1517/3682/10 1516/3680/10 1481/3681/10
f 1481/3681/10 1480/3683/10 1517/3682/10
f 1518/3684/10 1517/3682/10 1480/3683/10
f 1480/3683/10 1479/3685/10 1518/3684/10
f 1519/3498/10 1518/3684/10 1479/3685/10
f 1478/3499/10 1519/3498/10 1479/3685/10
f 1303/3282/10 1240/3281/10 1239/3468/10
f 1239/3468/10 1304/3467/10 1303/3282/10
f 1374/3471/10 1604/3473/10 1375/3686/10
f 1376/3687/10 1375/3686/10 1604/3473/10
f 1377/3304/10 1376/3687/10 1604/3473/10
f 1604/3473/10 1603/3688/10 1377/3304/10
f 1603/3688/10 1602/3689/10 1377/3304/10
f 1602/3689/10 1601/3690/10 1377/3304/10
f 1601/3690/10 1600/3691/10 1377/3304/10
f 1599/3305/10 1377/3304/10 1600/3691/10
f 1529/3465/10 1468/3466/10 1530/3283/10
f 1467/3284/10 1530/3283/10 1468/3466/10
f 2463/3692/76 1226/3693/76 1227/3694/77 2462/3695/77
f 2462/3695/77 1227/3694/77 1228/3696/78 2461/3697/78
f 2461/3697/78 1228/3696/78 1229/3698/79 2460/3699/79
f 2460/3699/79 1229/3698/79 1230/3700/80 2459/3701/80
f 2459/3701/80 1230/3700/80 1231/3702/81 2458/3703/81
f 2458/3703/81 1231/3702/81 1232/3704/82 2406/3705/82
f 2406/3705/82 1232/3704/82 1233/3706/83 2405/3707/83
f 2405/3707/83 1233/3706/83 1234/3708/84 2404/3709/84
f 2404/3709/84 1234/3708/84 1235/3710/85 2375/3711/85
f 2375/3711/85 1235/3710/85 1236/3712/86 2487/3713/86
f 2487/3713/86 1236/3712/86 1237/3714/87 2485/3715/87
f 2485/3715/87 1237/3714/87 1238/3716/88 2341/3717/88
f 2341/3717/88 1238/3716/88 1239/3718/89 2336/3719/89
f 2336/3719/89 1239/3718/89 1240/3720/90 2329/3721/90
f 2329/3721/90 1240/3720/90 1241/3722/91 2313/3723/91
f 2313/3723/91 1241/3722/91 1242/3724/92 2319/3725/92
f 2319/3725/92 1242/3724/92 1243/3726/93 2746/3727/93
f 2746/3727/93 1243/3726/93 1244/3728/94 2749/3729/94
f 2749/3729/94 1244/3728/94 1245/3730/95 2761/3731/95
f 2761/3731/95 1245/3730/95 1246/3732/96 2760/3733/96
f 2760/3733/96 1246/3732/96 1247/3734/97 2775/3735/97
f 2775/3735/97 1247/3734/97 1248/3736/98 2774/3737/98
f 2774/3737/98 1248/3736/98 1249/3738/99 2772/3739/99
f 2772/3739/99 1249/3738/99 1250/3740/100 2776/3741/100
f 2776/3741/100 1250/3740/100 1251/3742/101 2798/3743/101
f 2798/3743/101 1251/3742/101 1252/3744/102 2797/3745/102
f 2797/3745/102 1252/3744/102 1253/3746/103 2799/3747/103
f 2799/3747/103 1253/3746/103 1254/3748/104 2794/3749/104
f 2794/3749/104 1254/3748/104 1255/3750/105 2826/3751/105 2793/3752/106
f 2826/3751/105 1255/3750/105 1256/3753/107 2825/3754/107
f 2825/3754/107 1256/3753/107 1257/3755/108 2827/3756/108
f 2827/3756/108 1257/3755/108 1258/3757/109 2829/3758/109
f 2829/3758/109 1258/3757/109 1259/3759/110 2862/3760/110 2830/3761/111
f 2862/3760/110 1259/3759/110 1260/3762/112 2864/3763/112
f 2864/3763/112 1260/3762/112 1261/3764/113 2863/3765/113
f 2863/3765/113 1261/3764/113 1262/3766/114 2866/3767/114
f 2866/3767/114 1262/3766/114 1263/3768/115 2865/3769/115
f 2865/3769/115 1263/3768/115 1264/3770/116 2873/3771/116
f 2873/3771/116 1264/3770/116 1265/3772/117 2871/3773/117
f 2871/3773/117 1265/3772/117 1266/3774/118 2872/3775/118
f 2872/3775/118 1266/3774/118 1267/3776/119 2870/3777/119
f 2870/3777/119 1267/3776/119 1268/3778/120 2869/3779/120
f 2869/3779/120 1268/3778/120 1269/3780/121 2868/3781/121
f 2868/3781/121 1269/3780/121 1270/3782/122 2875/3783/122
f 2875/3783/122 1270/3782/122 1271/3784/123 2874/3785/123
f 1271/3786/123 1272/3787/124 2819/3788/124 2874/3789/123
f 2819/3790/124 1272/3791/124 1273/3792/125 2823/3793/125
f 2823/3793/125 1273/3792/125 1274/3794/126 2822/3795/126
f 2822/3795/126 1274/3794/126 1275/3796/127 2821/3797/127
f 2821/3797/127 1275/3796/127 1276/3798/128 2832/3799/128
f 2832/3799/128 1276/3798/128 1277/3800/129 2831/3801/129
f 2831/3801/129 1277/3800/129 1278/3802/130 2828/3803/130
f 1278/3802/130 1279/3804/131 2795/3805/131 2828/3803/130
f 2795/3805/131 1279/3804/131 1280/3806/132 2796/3807/132
f 2796/3807/132 1280/3806/132 1281/3808/133 2792/3809/133
f 2792/3809/133 1281/3808/133 1282/3810/134 2802/3811/134
f 2802/3811/134 1282/3810/134 1283/3812/135 2801/3813/135
f 2801/3813/135 1283/3812/135 1284/3814/136 2800/3815/136
f 1284/3814/136 1285/3816/137 2778/3817/137 2800/3815/136
f 2778/3817/137 1285/3816/137 1286/3818/138 2770/3819/138
f 2770/3819/138 1286/3818/138 1287/3820/139 2771/3821/139
f 2771/3821/139 1287/3820/139 1288/3822/140 2777/3823/140
f 2777/3823/140 1288/3822/140 1289/3824/141 2773/3825/141
f 1289/3824/141 1290/3826/142 2758/3827/142 2773/3825/141
f 2758/3827/142 1290/3826/142 1291/3828/143 2759/3829/143
f 2759/3829/143 1291/3828/143 1292/3830/144 2757/3831/144
f 1292/3830/144 1293/3832/145 2750/3833/145 2757/3831/144
f 2750/3833/145 1293/3832/145 1294/3834/146 2751/3835/146
f 2751/3835/146 1294/3834/146 1295/3836/147 2748/3837/147
f 1295/3836/147 1296/3838/148 2745/3839/148 2748/3837/147
f 1296/3838/148 1297/3840/149 2310/3841/149 2745/3839/148
f 2310/3841/149 1297/3840/149 1298/3842/150 2311/3843/150
f 2311/3843/150 1298/3842/150 1299/3844/151 2309/3845/151
f 2309/3845/151 1299/3844/151 1300/3846/152 2320/3847/152
f 2320/3847/152 1300/3846/152 1301/3848/153 2314/3849/153
f 2314/3849/153 1301/3848/153 1302/3850/154 2315/3851/154
f 2315/3851/154 1302/3850/154 1303/3852/155 2330/3853/155
f 2330/3853/155 1303/3852/155 1304/3854/156 2335/3855/156
f 2335/3855/156 1304/3854/156 1305/3856/157 2342/3857/157
f 2342/3857/157 1305/3856/157 1306/3858/158 2486/3859/158
f 2486/3859/158 1306/3858/158 1307/3860/159 2488/3861/159
f 2488/3861/159 1307/3860/159 1308/3862/160 2376/3863/160
f 2376/3863/160 1308/3862/160 1309/3864/161 2369/3865/161
f 2369/3865/161 1309/3864/161 1310/3866/162 2368/3867/162
f 2368/3867/162 1310/3866/162 1311/3868/163 2377/3869/163
f 2377/3869/163 1311/3868/163 1312/3870/164 2373/3871/164
f 2373/3871/164 1312/3870/164 1313/3872/165 2372/3873/165
f 2372/3873/165 1313/3872/165 1314/3874/166 2407/3875/166
f 2407/3875/166 1314/3874/166 1315/3876/167 2388/3877/167
f 2388/3877/167 1315/3876/167 1316/3878/168 2392/3879/168
f 2392/3879/168 1316/3878/168 1317/3880/169 2390/3881/169
f 2390/3881/169 1317/3880/169 1318/3882/170 2402/3883/170
f 2402/3883/170 1318/3882/170 1319/3884/171 2395/3885/171
f 2395/3885/171 1319/3884/171 1320/3886/172 2400/3887/172
f 2400/3888/172 1320/3889/172 1321/3890/173 2398/3891/173
f 2398/3891/173 1321/3890/173 1322/3892/174 2466/3893/174
f 2466/3893/174 1322/3892/174 1323/3894/175 2418/3895/175
f 2418/3895/175 1323/3894/175 1324/3896/176 2416/3897/176
f 2416/3897/176 1324/3896/176 1325/3898/177 2423/3899/177
f 2423/3899/177 1325/3898/177 1326/3900/178 2421/3901/178
f 2421/3901/178 1326/3900/178 1327/3902/179 2435/3903/179
f 2435/3903/179 1327/3902/179 1328/3904/180 2425/3905/180
f 2425/3905/180 1328/3904/180 1329/3906/181 2429/3907/181
f 2429/3907/181 1329/3906/181 1330/3908/182 2433/3909/182
f 2433/3909/182 1330/3908/182 1331/3910/183 2432/3911/183
f 2432/3911/183 1331/3910/183 1332/3912/184 2431/3913/184
f 2431/3913/184 1332/3912/184 1333/3914/185 2434/3915/185
f 2434/3915/185 1333/3914/185 1334/3916/186 2427/3917/186
f 2427/3917/186 1334/3916/186 1335/3918/187 2428/3919/187
f 2428/3919/187 1335/3918/187 1336/3920/188 2430/3921/188
f 2430/3921/188 1336/3920/188 1337/3922/189 2426/3923/189
f 2426/3923/189 1337/3922/189 1338/3924/190 2436/3925/190
f 2436/3925/190 1338/3924/190 1339/3926/191 2420/3927/191
f 2420/3927/191 1339/3926/191 1340/3928/192 2422/3929/192
f 2422/3929/192 1340/3928/192 1341/3930/193 2424/3931/193
f 2424/3931/193 1341/3930/193 1342/3932/194 2417/3933/194
f 2417/3933/194 1342/3932/194 1343/3934/195 2419/3935/195
f 2419/3935/195 1343/3934/195 1344/3936/196 2415/3937/196
f 2415/3937/196 1344/3936/196 1345/3938/197 2467/3939/197
f 2467/3939/197 1345/3938/197 1346/3940/198 2397/3941/198
f 2397/3941/198 1346/3940/198 1347/3942/199 2399/3943/199
f 2399/3943/199 1347/3942/199 1348/3944/200 2401/3945/200
f 2401/3946/200 1348/3947/200 1349/3948/201 2394/3949/201
f 2394/3949/201 1349/3948/201 1350/3950/202 2396/3951/202
f 2396/3951/202 1350/3950/202 1351/3952/203 2403/3953/203
f 2403/3953/203 1351/3952/203 1352/3954/204 2391/3955/204
f 2391/3955/204 1352/3954/204 1353/3956/205 2389/3957/205
f 2389/3957/205 1353/3956/205 1354/3958/206 2393/3959/206
f 2393/3959/206 1354/3958/206 1355/3960/207 2387/3961/207
f 2387/3961/207 1355/3960/207 1356/3962/208 2408/3963/208
f 2408/3963/208 1356/3962/208 1357/3964/209 2374/3965/209
f 2374/3965/209 1357/3964/209 1358/3966/210 2378/3967/210
f 2378/3967/210 1358/3966/210 1359/3968/211 2379/3969/211
f 2379/3969/211 1359/3968/211 1360/3970/212 2380/3971/212
f 2380/3971/212 1360/3970/212 1361/3972/213 2381/3973/213
f 2381/3973/213 1361/3972/213 1362/3974/214 2382/3975/214
f 2382/3975/214 1362/3974/214 1363/3976/215 2468/3977/215
f 2468/3977/215 1363/3976/215 1364/3978/216 2469/3979/216
f 2469/3979/216 1364/3978/216 1365/3980/217 2470/3981/217
f 2470/3981/217 1365/3980/217 1366/3982/218 2471/3983/218
f 2471/3983/218 1366/3982/218 1367/3984/219 2472/3985/219
f 2472/3985/219 1367/3984/219 1368/3986/220 2343/3987/220
f 2343/3987/220 1368/3986/220 1369/3988/221 2347/3989/221
f 2347/3989/221 1369/3988/221 1370/3990/222 2348/3991/222
f 2348/3991/222 1370/3990/222 1371/3992/223 2349/3993/223
f 2349/3993/223 1371/3992/223 1372/3994/224 2350/3995/224
f 2350/3995/224 1372/3994/224 1373/3996/225 2351/3997/225
f 2351/3997/225 1373/3996/225 1374/3998/226 2344/3999/226
f 2344/3999/226 1374/3998/226 1375/4000/227 2346/4001/227
f 2346/4001/227 1375/4000/227 1376/4002/228 2352/4003/228
f 2352/4003/228 1376/4002/228 1377/4004/229 2353/4005/229
f 2353/4005/229 1377/4004/229 1378/4006/230 2754/4007/230
f 2754/4007/230 1378/4006/230 1379/4008/231 2755/4009/231
f 2755/4009/231 1379/4008/231 1380/4010/232 2779/4011/232
f 2779/4011/232 1380/4010/232 1381/4012/233 2767/4013/233
f 2767/4013/233 1381/4012/233 1382/4014/234 2768/4015/234
f 2768/4015/234 1382/4014/234 1383/4016/235 2766/4017/235
f 2766/4017/235 1383/4016/235 1384/4018/236 2765/4019/236
f 2765/4019/236 1384/4018/236 1385/4020/237 2769/4021/237
f 2769/4021/237 1385/4020/237 1386/4022/238 2791/4023/238
f 2791/4023/238 1386/4022/238 1387/4024/239 2803/4025/239
f 2803/4025/239 1387/4024/239 1388/4026/240 2788/4027/240
f 2788/4027/240 1388/4026/240 1389/4028/241 2787/4029/241
f 2787/4029/241 1389/4028/241 1390/4030/242 2790/4031/242
f 2790/4031/242 1390/4030/242 1391/4032/243 2785/4033/243
f 2785/4033/243 1391/4032/243 1392/4034/244 2786/4035/244
f 2786/4035/244 1392/4034/244 1393/4036/245 2789/4037/245
f 2789/4037/245 1393/4036/245 1394/4038/246 2824/4039/246
f 2824/4039/246 1394/4038/246 1395/4040/247 2820/4041/247
f 2820/4041/247 1395/4040/247 1396/4042/248 2818/4043/248
f 2818/4043/248 1396/4042/248 1397/4044/249 2833/4045/249
f 2833/4045/249 1397/4044/249 1398/4046/250 2813/4047/250
f 2813/4048/250 1398/4049/250 1399/4050/251 2814/4051/251
f 2814/4051/251 1399/4050/251 1400/4052/252 2812/4053/252
f 2812/4053/252 1400/4052/252 1401/4054/253 2815/4055/253
f 2815/4055/253 1401/4054/253 1402/4056/254 2810/4057/254
f 2810/4057/254 1402/4056/254 1403/4058/255 2816/4059/255
f 1403/4058/255 1404/4060/256 2861/4061/256 2816/4059/255
f 2861/4061/256 1404/4060/256 1405/4062/257 2867/4063/257
f 2867/4063/257 1405/4062/257 1406/4064/258 2858/4065/258
f 2858/4065/258 1406/4064/258 1407/4066/259 2859/4067/259
f 2859/4067/259 1407/4066/259 1408/4068/260 2856/4069/260
f 2856/4069/260 1408/4068/260 1409/4070/261 2857/4071/261
f 2857/4071/261 1409/4070/261 1410/4072/262 2853/4073/262
f 2853/4073/262 1410/4072/262 1411/4074/263 2854/4075/263
f 2854/4075/263 1411/4074/263 1412/4076/264 2860/4077/264
f 2860/4077/264 1412/4076/264 1413/4078/265 2846/4079/265
f 2846/4079/265 1413/4078/265 1414/4080/266 2847/4081/266
f 2847/4081/266 1414/4080/266 1415/4082/267 2849/4083/267
f 2849/4083/267 1415/4082/267 1416/4084/268 2844/4085/268
f 2844/4085/268 1416/4084/268 1417/4086/269 2843/4087/269
f 2843/4087/269 1417/4086/269 1418/4088/270 2851/4089/270
f 2851/4089/270 1418/4088/270 1419/4090/271 2839/4091/271
f 2839/4091/271 1419/4090/271 1420/4092/272 2841/4093/272
f 2841/4093/272 1420/4092/272 1421/4094/273 2836/4095/273
f 2836/4095/273 1421/4094/273 1422/4096/274 2834/4097/274
f 2834/4097/274 1422/4096/274 1423/4098/275 2835/4099/275
f 2835/4099/275 1423/4098/275 1424/4100/276 2837/4101/276
f 2837/4101/276 1424/4100/276 1425/4102/277 2838/4103/277
f 2838/4103/277 1425/4102/277 1426/4104/278 2840/4105/278
f 2840/4105/278 1426/4104/278 1427/4106/279 2842/4107/279
f 2842/4107/279 1427/4106/279 1428/4108/280 2845/4109/280
f 2845/4109/280 1428/4108/280 1429/4110/281 2850/4111/281
f 2850/4111/281 1429/4110/281 1430/4112/282 2848/4113/282
f 2848/4113/282 1430/4112/282 1431/4114/283 2852/4115/283
f 2852/4115/283 1431/4114/283 1432/4116/284 2855/4117/284
f 2855/4117/284 1432/4116/284 1433/4118/285 2804/4119/285
f 2804/4119/285 1433/4118/285 1434/4120/286 2806/4121/286
f 2806/4121/286 1434/4120/286 1435/4122/287 2805/4123/287
f 2805/4123/287 1435/4122/287 1436/4124/288 2809/4125/288
f 2809/4125/288 1436/4124/288 1437/4126/289 2807/4127/289
f 2807/4127/289 1437/4126/289 1438/4128/290 2808/4129/290
f 2808/4129/290 1438/4128/290 1439/4130/291 2817/4131/291
f 2817/4131/291 1439/4130/291 1440/4132/292 2811/4133/292
f 1440/4132/292 1441/4134/293 2781/4135/293 2811/4133/292
f 2781/4135/293 1441/4134/293 1442/4136/294 2780/4137/294
f 2780/4138/294 1442/4139/294 1443/4140/295 2784/4141/295
f 2784/4141/295 1443/4140/295 1444/4142/296 2783/4143/296
f 2783/4143/296 1444/4142/296 1445/4144/297 2782/4145/297
f 1445/4144/297 1446/4146/298 2762/4147/298 2782/4145/297
f 2762/4147/298 1446/4146/298 1447/4148/299 2764/4149/299
f 2764/4149/299 1447/4148/299 1448/4150/300 2763/4151/300
f 1448/4150/300 1449/4152/301 2753/4153/301 2763/4151/300
f 2753/4153/301 1449/4152/301 1450/4154/302 2752/4155/302
f 2752/4155/302 1450/4154/302 1451/4156/303 2756/4157/303
f 1451/4156/303 1452/4158/304 2747/4159/304 2756/4157/303
f 2747/4159/304 1452/4158/304 1453/4160/305 2744/4161/305
f 1453/4160/305 1454/4162/306 2248/4163/306 2744/4161/305
f 2248/4163/306 1454/4162/306 1455/4164/307 2249/4165/307
f 2249/4165/307 1455/4164/307 1456/4166/308 2253/4167/308
f 2253/4167/308 1456/4166/308 1457/4168/309 2254/4169/309
f 2254/4169/309 1457/4168/309 1458/4170/310 2275/4171/310
f 2275/4171/310 1458/4170/310 1459/4172/311 2276/4173/311
f 2276/4173/311 1459/4172/311 1460/4174/312 2304/4175/312
f 2304/4175/312 1460/4174/312 1461/4176/313 2305/4177/313
f 2305/4177/313 1461/4176/313 1462/4178/314 2306/4179/314
f 2306/4179/314 1462/4178/314 1463/4180/315 2307/4181/315
f 2307/4181/315 1463/4180/315 1464/4182/316 2327/4183/316
f 2327/4183/316 1464/4182/316 1465/4184/317 2328/4185/317
f 2328/4185/317 1465/4184/317 1466/4186/318 2318/4187/318
f 2318/4187/318 1466/4186/318 1467/4188/319 2332/4189/319
f 2332/4189/319 1467/4188/319 1468/4190/320 2334/4191/320
f 2334/4191/320 1468/4190/320 1469/4192/321 2337/4193/321
f 2337/4193/321 1469/4192/321 1470/4194/322 2339/4195/322
f 2339/4195/322 1470/4194/322 1471/4196/323 2494/4197/323
f 2494/4197/323 1471/4196/323 1472/4198/324 2370/4199/324
f 2370/4199/324 1472/4198/324 1473/4200/325 2386/4201/325
f 2386/4201/325 1473/4200/325 1474/4202/326 2383/4203/326
f 2383/4203/326 1474/4202/326 1475/4204/327 2414/4205/327
f 2414/4205/327 1475/4204/327 1476/4206/328 2412/4207/328
f 2412/4207/328 1476/4206/328 1477/4208/329 2410/4209/329
f 2410/4209/329 1477/4208/329 1478/4210/330 2484/4211/330
f 2484/4211/330 1478/4210/330 1479/4212/331 2482/4213/331
f 2482/4213/331 1479/4212/331 1480/4214/332 2480/4215/332
f 2480/4215/332 1480/4214/332 1481/4216/333 2478/4217/333
f 2478/4217/333 1481/4216/333 1482/4218/334 2476/4219/334
f 2476/4219/334 1482/4218/334 1483/4220/335 2474/4221/335
f 2474/4221/335 1483/4220/335 1484/4222/336 2457/4223/336
f 2457/4223/336 1484/4222/336 1485/4224/337 2455/4225/337
f 2455/4225/337 1485/4224/337 1486/4226/338 2453/4227/338
f 2453/4227/338 1486/4226/338 1487/4228/339 2596/4229/339
f 2596/4229/339 1487/4228/339 1488/4230/340 2595/4231/340
f 2595/4231/340 1488/4230/340 1489/4232/341 2594/4233/341
f 2594/4233/341 1489/4232/341 1490/4234/342 2593/4235/342
f 2593/4235/342 1490/4234/342 1491/4236/343 2501/4237/343
f 2501/4237/343 1491/4236/343 1492/4238/344 2500/4239/344
f 2500/4239/344 1492/4238/344 1493/4240/345 2499/4241/345
f 2499/4241/345 1493/4240/345 1494/4242/346 2498/4243/346
f 2498/4243/346 1494/4242/346 1495/4244/347 2511/4245/347
f 2511/4245/347 1495/4244/347 1496/4246/348 2510/4247/348
f 2510/4247/348 1496/4246/348 1497/4248/349 2509/4249/349
f 2508/4250/350 2509/4251/349 1497/4252/349 1498/4253/351 2507/4254/351
f 2507/4254/351 1498/4253/351 1499/4255/352 2438/4256/352
f 2438/4257/352 1499/4258/352 1500/4259/353 2446/4260/353
f 2446/4260/353 1500/4259/353 1501/4261/354 2447/4262/354
f 2447/4262/354 1501/4261/354 1502/4263/355 2448/4264/355
f 2448/4264/355 1502/4263/355 1503/4265/356 2449/4266/356
f 2449/4266/356 1503/4265/356 1504/4267/357 2450/4268/357
f 2450/4268/357 1504/4267/357 1505/4269/358 2451/4270/358
f 2451/4270/358 1505/4269/358 1506/4271/359 2489/4272/359
f 2489/4272/359 1506/4271/359 1507/4273/360 2490/4274/360
f 2490/4274/360 1507/4273/360 1508/4275/361 2491/4276/361
f 2491/4276/361 1508/4275/361 1509/4277/362 2492/4278/362
f 2492/4278/362 1509/4277/362 1510/4279/363 2493/4280/363
f 2493/4280/363 1510/4279/363 1511/4281/364 2452/4282/364
f 2452/4282/364 1511/4281/364 1512/4283/365 2454/4284/365
f 2454/4284/365 1512/4283/365 1513/4285/366 2456/4286/366
f 2456/4286/366 1513/4285/366 1514/4287/367 2473/4288/367
f 2473/4288/367 1514/4287/367 1515/4289/368 2475/4290/368
f 2475/4290/368 1515/4289/368 1516/4291/369 2477/4292/369
f 2477/4292/369 1516/4291/369 1517/4293/370 2479/4294/370
f 2479/4294/370 1517/4293/370 1518/4295/371 2481/4296/371
f 2481/4296/371 1518/4295/371 1519/4297/372 2483/4298/372
f 2483/4298/372 1519/4297/372 1520/4299/373 2409/4300/373
f 2409/4300/373 1520/4299/373 1521/4301/374 2411/4302/374
f 2411/4302/374 1521/4301/374 1522/4303/375 2413/4304/375
f 2413/4304/375 1522/4303/375 1523/4305/376 2384/4306/376
f 2384/4306/376 1523/4305/376 1524/4307/377 2385/4308/377
f 2385/4308/377 1524/4307/377 1525/4309/378 2371/4310/378
f 2371/4310/378 1525/4309/378 1526/4311/379 2356/4312/379
f 2356/4312/379 1526/4311/379 1527/4313/380 2340/4314/380
f 2340/4314/380 1527/4313/380 1528/4315/381 2338/4316/381
f 2338/4316/381 1528/4315/381 1529/4317/382 2333/4318/382
f 2333/4318/382 1529/4317/382 1530/4319/383 2331/4320/383
f 2331/4320/383 1530/4319/383 1531/4321/384 2317/4322/384
f 2317/4322/384 1531/4321/384 1532/4323/385 2316/4324/385
f 2316/4324/385 1532/4323/385 1533/4325/386 2324/4326/386
f 2324/4326/386 1533/4325/386 1534/4327/387 2326/4328/387
f 2326/4328/387 1534/4327/387 1535/4329/388 2367/4330/388
f 2367/4330/388 1535/4329/388 1536/4331/389 2312/4332/389
f 2312/4332/389 1536/4331/389 1537/4333/390 2308/4334/390
f 2308/4334/390 1537/4333/390 1538/4335/391 2303/4336/391
f 2303/4336/391 1538/4335/391 1539/4337/392 2291/4338/392
f 2291/4338/392 1539/4337/392 1540/4339/393 2294/4340/393
f 2294/4340/393 1540/4339/393 1541/4341/394 2289/4342/394
f 2289/4342/394 1541/4341/394 1542/4343/395 2290/4344/395
f 2290/4344/395 1542/4343/395 1543/4345/396 2300/4346/396
f 2300/4346/396 1543/4345/396 1544/4347/397 2286/4348/397
f 2286/4348/397 1544/4347/397 1545/4349/398 2283/4350/398
f 2283/4350/398 1545/4349/398 1546/4351/399 2288/4352/399
f 2288/4352/399 1546/4351/399 1547/4353/400 2280/4354/400
f 2280/4354/400 1547/4353/400 1548/4355/401 2302/4356/401
f 2302/4357/401 1548/4358/401 1549/4359/402 2268/4360/402
f 2268/4360/402 1549/4359/402 1550/4361/403 2270/4362/403
f 2270/4362/403 1550/4361/403 1551/4363/404 2272/4364/404
f 2272/4364/404 1551/4363/404 1552/4365/405 2263/4366/405
f 2263/4366/405 1552/4365/405 1553/4367/406 2265/4368/406
f 2265/4368/406 1553/4367/406 1554/4369/407 2274/4370/407
f 2274/4370/407 1554/4369/407 1555/4371/408 2258/4372/408
f 2258/4372/408 1555/4371/408 1556/4373/409 2260/4374/409
f 2260/4374/409 1556/4373/409 1557/4375/410 2256/4376/410
f 2256/4376/410 1557/4375/410 1558/4377/411 2252/4378/411
f 2252/4378/411 1558/4377/411 1559/4379/412 2250/4380/412
f 2250/4380/412 1559/4379/412 1560/4381/413 2251/4382/413
f 2251/4382/413 1560/4381/413 1561/4383/414 2255/4384/414
f 2255/4384/414 1561/4383/414 1562/4385/415 2259/4386/415
f 2259/4386/415 1562/4385/415 1563/4387/416 2257/4388/416
f 2257/4388/416 1563/4387/416 1564/4389/417 2273/4390/417
f 2273/4390/417 1564/4389/417 1565/4391/418 2261/4392/418
f 2261/4392/418 1565/4391/418 1566/4393/419 2264/4394/419
f 2264/4394/419 1566/4393/419 1567/4395/420 2262/4396/420
f 2262/4396/420 1567/4395/420 1568/4397/421 2271/4398/421
f 2271/4398/421 1568/4397/421 1569/4399/422 2267/4400/422
f 2267/4400/422 1569/4399/422 1570/4401/423 2266/4402/423
f 2266/4402/423 1570/4401/423 1571/4403/424 2269/4404/424
f 2269/4404/424 1571/4403/424 1572/4405/425 2301/4406/425
f 2301/4406/425 1572/4405/425 1573/4407/426 2277/4408/426
f 2277/4408/426 1573/4407/426 1574/4409/427 2279/4410/427
f 2279/4410/427 1574/4409/427 1575/4411/428 2278/4412/428
f 2278/4413/428 1575/4414/428 1576/4415/429 2287/4416/429
f 2287/4416/429 1576/4415/429 1577/4417/430 2281/4418/430
f 2281/4418/430 1577/4417/430 1578/4419/431 2282/4420/431
f 2282/4420/431 1578/4419/431 1579/4421/432 2284/4422/432
f 2284/4422/432 1579/4421/432 1580/4423/433 2285/4424/433
f 2285/4424/433 1580/4423/433 1581/4425/434 2293/4426/434
f 2293/4426/434 1581/4425/434 1582/4427/435 2292/4428/435
f 2292/4428/435 1582/4427/435 1583/4429/436 2299/4430/436
f 2299/4430/436 1583/4429/436 1584/4431/437 2298/4432/437
f 2298/4432/437 1584/4431/437 1585/4433/438 2297/4434/438
f 2297/4434/438 1585/4433/438 1586/4435/439 2296/4436/439
f 2296/4436/439 1586/4435/439 1587/4437/440 2295/4438/440
f 2295/4438/440 1587/4437/440 1588/4439/441 2325/4440/441
f 2325/4440/441 1588/4439/441 1589/4441/442 2323/4442/442
f 2323/4442/442 1589/4441/442 1590/4443/443 2322/4444/443
f 2322/4444/443 1590/4443/443 1591/4445/444 2321/4446/444
f 2321/4446/444 1591/4445/444 1592/4447/445 2360/4448/445
f 2360/4448/445 1592/4447/445 1593/4449/446 2359/4450/446
f 2359/4450/446 1593/4449/446 1594/4451/447 2358/4452/447
f 2358/4452/447 1594/4451/447 1595/4453/448 2357/4454/448
f 2357/4454/448 1595/4453/448 1596/4455/449 2355/4456/449
f 2355/4456/449 1596/4455/449 1597/4457/450 2366/4458/450
f 2366/4458/450 1597/4457/450 1598/4459/451 2365/4460/451
f 2365/4460/451 1598/4459/451 1599/4461/452 2364/4462/452
f 2364/4462/452 1599/4461/452 1600/4463/453 2363/4464/453
f 2363/4464/453 1600/4463/453 1601/4465/454 2362/4466/454
f 2362/4466/454 1601/4465/454 1602/4467/455 2361/4468/455
f 2361/4468/455 1602/4467/455 1603/4469/456 2354/4470/456
f 2354/4470/456 1603/4469/456 1604/4471/457 2345/4472/457
f 2345/4472/457 1604/4471/457 1605/4473/458 2445/4474/458
f 2445/4474/458 1605/4473/458 1606/4475/459 2444/4476/459
f 2444/4476/459 1606/4475/459 1607/4477/460 2443/4478/460
f 2443/4478/460 1607/4477/460 1608/4479/461 2442/4480/461
f 2442/4480/461 1608/4479/461 1609/4481/338 2441/4482/338
f 2441/4482/338 1609/4481/338 1610/4483/462 2440/4484/462
f 2440/4484/462 1610/4483/462 1611/4485/463 2439/4486/463
f 2439/4486/463 1611/4485/463 1612/4487/464 2437/4488/464
f 2437/4488/464 1612/4487/464 1613/4489/465 2743/4490/465
f 2743/4490/465 1613/4489/465 1614/4491/466 2742/4492/466
f 2742/4492/466 1614/4491/466 1615/4493/467 2741/4494/467
f 2741/4494/467 1615/4493/467 1616/4495/468 2740/4496/468
f 2740/4496/468 1616/4495/468 1617/4497/469 2739/4498/469
f 2739/4498/469 1617/4497/469 1618/4499/470 2738/4500/470
f 2738/4500/470 1618/4499/470 1619/4501/471 2495/4502/471
f 2495/4502/471 1619/4501/471 1620/4503/472 2496/4504/472
f 2496/4504/472 1620/4503/472 1621/4505/473 2497/4506/473
f 2497/4506/473 1621/4505/473 1622/4507/474 2592/4508/474
f 2592/4508/474 1622/4507/474 1623/4509/475 2591/4510/475
f 2591/4511/475 1623/4512/475 1624/4513/476 2590/4514/476
f 2590/4514/476 1624/4513/476 1625/4515/477 2589/4516/477
f 2589/4516/477 1625/4515/477 1626/4517/478 2588/4518/478
f 2588/4518/478 1626/4517/478 1627/4519/479 2587/4520/479
f 2587/4520/479 1627/4519/479 1628/4521/480 2586/4522/480
f 2586/4522/480 1628/4521/480 1629/4523/481 2585/4524/481
f 2585/4524/481 1629/4523/481 1630/4525/482 2584/4526/482
f 2584/4526/482 1630/4525/482 1631/4527/483 2583/4528/483
f 2583/4528/483 1631/4527/483 1632/4529/484 2737/4530/484
f 2737/4530/484 1632/4529/484 1633/4531/485 2736/4532/485
f 2736/4532/485 1633/4531/485 1634/4533/486 2735/4534/486
f 2735/4534/486 1634/4533/486 1635/4535/487 2502/4536/487
f 2502/4536/487 1635/4535/487 1636/4537/488 2506/4538/488
f 2506/4538/488 1636/4537/488 1637/4539/489 2503/4540/489
f 2503/4540/489 1637/4539/489 1638/4541/490 2504/4542/490
f 2504/4542/490 1638/4541/490 1639/4543/491 2505/4544/491
f 2505/4544/491 1639/4543/491 1640/4545/492 2734/4546/492
f 2734/4546/492 1640/4545/492 1641/4547/493 2733/4548/493
f 2733/4548/493 1641/4547/493 1642/4549/494 2732/4550/494
f 2732/4550/494 1642/4549/494 1643/4551/495 2731/4552/495
f 2731/4552/495 1643/4551/495 1644/4553/496 2730/4554/496
f 2730/4554/496 1644/4553/496 1645/4555/497 2729/4556/497
f 2729/4556/497 1645/4555/497 1646/4557/498 2728/4558/498
f 2728/4558/498 1646/4557/498 1647/4559/499 2727/4560/499
f 2727/4560/499 1647/4559/499 1648/4561/500 2726/4562/500
f 2726/4562/500 1648/4561/500 1649/4563/501 2725/4564/501
f 2725/4564/501 1649/4563/501 1650/4565/412 2724/4566/412
f 2724/4566/412 1650/4565/412 1651/4567/502 2723/4568/502
f 2723/4568/502 1651/4567/502 1652/4569/503 2722/4570/503
f 2722/4570/503 1652/4569/503 1653/4571/504 2721/4572/504
f 2721/4572/504 1653/4571/504 1654/4573/505 2720/4574/505
f 2720/4574/505 1654/4573/505 1655/4575/506 2529/4576/506
f 2529/4576/506 1655/4575/506 1656/4577/507 2528/4578/507
f 2528/4578/507 1656/4577/507 1657/4579/508 2582/4580/508
f 2582/4580/508 1657/4579/508 1658/4581/509 2581/4582/509
f 2581/4582/509 1658/4581/509 1659/4583/510 2580/4584/510
f 2580/4584/510 1659/4583/510 1660/4585/511 2579/4586/511
f 2579/4586/511 1660/4585/511 1661/4587/512 2578/4588/512
f 2578/4588/512 1661/4587/512 1662/4589/513 2577/4590/513
f 2577/4590/513 1662/4589/513 1663/4591/514 2576/4592/514
f 2576/4592/514 1663/4591/514 1664/4593/515 2575/4594/515
f 2575/4594/515 1664/4593/515 1665/4595/516 2574/4596/516
f 2574/4596/516 1665/4595/516 1666/4597/517 2573/4598/517
f 2573/4598/517 1666/4597/517 1667/4599/518 2572/4600/518
f 2572/4600/518 1667/4599/518 1668/4601/519 2571/4602/519
f 2571/4602/519 1668/4601/519 1669/4603/520 2570/4604/520
f 2570/4604/520 1669/4603/520 1670/4605/521 2569/4606/521
f 2569/4607/521 1670/4608/521 1671/4609/522 2568/4610/522
f 2568/4610/522 1671/4609/522 1672/4611/523 2567/4612/523
f 2567/4612/523 1672/4611/523 1673/4613/524 2566/4614/524
f 2566/4614/524 1673/4613/524 1674/4615/525 2565/4616/525
f 2565/4616/525 1674/4615/525 1675/4617/526 2564/4618/526
f 2564/4618/526 1675/4617/526 1676/4619/527 2563/4620/527
f 2563/4620/527 1676/4619/527 1677/4621/528 2562/4622/528
f 2562/4622/528 1677/4621/528 1678/4623/529 2465/4624/529
f 2465/4624/529 1678/4623/529 1679/4625/530 2464/4626/530
f 2464/4626/530 1679/4625/530 1226/3693/76 2463/3692/76
f 2512/4627/531 1213/4628/531 1214/4629/532 2513/4630/532
f 2515/4631/1 2513/4632/532 1214/4633/532 1215/4634/533 2514/4635/533
f 2514/4636/533 1215/4637/533 1216/4638/534 2519/4639/534
f 2519/4640/534 1216/4641/534 1217/4642/534 2516/4643/534
f 2516/4644/534 1217/4645/534 1218/4646/535 2518/4647/535
f 2518/4648/535 1218/4649/535 1219/4650/535 2527/4651/535
f 2527/4652/535 1219/4653/535 1220/4654/536 2525/4655/536
f 2525/4656/536 1220/4657/536 1221/4658/537 2521/4659/537
f 2521/4659/537 1221/4658/537 1222/4660/538 2522/4661/538
f 2522/4662/538 1222/4663/538 1223/4664/539 2526/4665/539
f 2526/4666/539 1223/4667/539 1224/4668/540 2520/4669/540
f 2520/4670/540 1224/4671/540 1225/4672/541 2517/4673/541
f 2517/4673/541 1225/4672/541 1213/4674/531 2512/4675/531
f 2561/4676/531 1084/4677/531 1085/4678/532 2523/4679/532
f 2523/4680/532 1085/4681/532 1086/4682/533 2524/4683/533
f 2524/4684/533 1086/4685/533 1087/4686/534 2535/4687/534
f 2535/4688/534 1087/4689/534 1088/4690/542 2555/4691/542
f 2555/4691/542 1088/4690/542 1089/4692/543 2530/4693/543
f 2530/4694/543 1089/4695/543 1090/4696/544 2531/4697/544
f 2531/4697/544 1090/4696/544 1091/4698/545 2534/4699/545
f 2534/4699/545 1091/4698/545 1092/4700/546 2540/4701/546
f 2540/4701/546 1092/4700/546 1093/4702/547 2541/4703/547
f 2541/4703/547 1093/4702/547 1094/4704/548 2542/4705/548
f 2542/4705/548 1094/4704/548 1095/4706/549 2543/4707/549
f 2543/4707/549 1095/4706/549 1096/4708/550 2554/4709/550
f 2554/4709/550 1096/4708/550 1097/4710/551 2556/4711/551
f 2556/4711/551 1097/4710/551 1098/4712/552 2557/4713/552
f 2557/4713/552 1098/4712/552 1099/4714/553 2558/4715/553
f 2558/4715/553 1099/4714/553 1100/4716/554 2559/4717/554
f 2559/4717/554 1100/4716/554 1101/4718/555 2560/4719/555
f 2560/4719/555 1101/4718/555 1102/4720/556 2622/4721/556
f 2622/4721/556 1102/4720/556 1103/4722/557 2623/4723/557
f 2623/4723/557 1103/4722/557 1104/4724/558 2624/4725/558
f 2624/4725/558 1104/4724/558 1105/4726/559 2625/4727/559
f 2625/4727/559 1105/4726/559 1106/4728/560 2626/4729/560
f 2626/4729/560 1106/4728/560 1107/4730/561 2627/4731/561
f 2627/4731/561 1107/4730/561 1108/4732/562 2618/4733/562
f 2618/4733/562 1108/4732/562 1109/4734/563 2619/4735/563
f 2619/4735/563 1109/4734/563 1110/4736/564 2620/4737/564
f 2620/4737/564 1110/4736/564 1111/4738/565 2616/4739/565
f 2616/4739/565 1111/4738/565 1112/4740/566 2614/4741/566
f 2614/4741/566 1112/4740/566 1113/4742/567 2612/4743/567
f 2612/4743/567 1113/4742/567 1114/4744/568 2628/4745/568
f 2628/4745/568 1114/4744/568 1115/4746/569 2634/4747/569
f 2634/4747/569 1115/4746/569 1116/4748/570 2633/4749/570
f 2633/4749/570 1116/4748/570 1117/4750/571 2642/4751/571
f 2642/4751/571 1117/4750/571 1118/4752/572 2641/4753/572
f 2641/4753/572 1118/4752/572 1119/4754/573 2651/4755/573
f 2651/4755/573 1119/4754/573 1120/4756/574 2650/4757/574
f 2650/4757/574 1120/4756/574 1121/4758/575 2719/4759/575
f 2719/4759/575 1121/4758/575 1122/4760/576 2718/4761/576
f 2718/4761/576 1122/4760/576 1123/4762/577 2717/4763/577
f 2717/4763/577 1123/4762/577 1124/4764/578 2716/4765/578
f 2716/4765/578 1124/4764/578 1125/4766/579 2658/4767/579
f 2658/4767/579 1125/4766/579 1126/4768/580 2660/4769/580
f 2660/4769/580 1126/4768/580 1127/4770/581 2659/4771/581
f 2659/4771/581 1127/4770/581 1128/4772/582 2664/4773/582
f 2664/4773/582 1128/4772/582 1129/4774/583 2661/4775/583
f 2661/4775/583 1129/4774/583 1130/4776/584 2663/4777/584
f 2663/4777/584 1130/4776/584 1131/4778/585 2662/4779/585
f 2662/4780/585 1131/4781/585 1132/4782/586 2667/4783/586
f 2667/4783/586 1132/4782/586 1133/4784/587 2665/4785/587
f 2665/4785/587 1133/4784/587 1134/4786/588 2666/4787/588
f 2666/4787/588 1134/4786/588 1135/4788/589 2713/4789/589
f 2713/4789/589 1135/4788/589 1136/4790/590 2712/4791/590
f 2712/4791/590 1136/4790/590 1137/4792/591 2711/4793/591
f 2711/4793/591 1137/4792/591 1138/4794/592 2710/4795/592
f 2710/4795/592 1138/4794/592 1139/4796/593 2709/4797/593
f 2709/4797/593 1139/4796/593 1140/4798/594 2708/4799/594
f 2708/4799/594 1140/4798/594 1141/4800/595 2707/4801/595
f 2707/4801/595 1141/4800/595 1142/4802/596 2706/4803/596
f 2706/4803/596 1142/4802/596 1143/4804/597 2704/4805/597 2705/4806/598
f 2704/4805/597 1143/4804/597 1144/4807/599 2703/4808/599
f 2703/4808/599 1144/4807/599 1145/4809/600 2702/4810/600
f 2702/4810/600 1145/4809/600 1146/4811/601 2701/4812/601
f 2701/4812/601 1146/4811/601 1147/4813/602 2700/4814/602
f 2700/4814/602 1147/4813/602 1148/4815/603 2670/4816/603
f 2670/4816/603 1148/4815/603 1149/4817/604 2668/4818/604
f 2668/4818/604 1149/4817/604 1150/4819/531 2674/4820/531
f 2674/4821/531 1150/4822/531 1151/4823/532 2657/4824/532
f 2657/4825/532 1151/4826/532 1152/4827/605 2698/4828/605
f 2698/4828/605 1152/4827/605 1153/4829/606 2699/4830/606
f 2699/4830/606 1153/4829/606 1154/4831/607 2714/4832/607
f 2714/4832/607 1154/4831/607 1155/4833/608 2715/4834/608
f 2715/4834/608 1155/4833/608 1156/4835/609 2652/4836/609
f 2652/4836/609 1156/4835/609 1157/4837/610 2653/4838/610
f 2653/4838/610 1157/4837/610 1158/4839/611 2654/4840/611
f 2654/4840/611 1158/4839/611 1159/4841/612 2655/4842/612
f 2655/4842/612 1159/4841/612 1160/4843/613 2656/4844/613
f 2656/4844/613 1160/4843/613 1161/4845/614 2648/4846/614
f 2648/4846/614 1161/4845/614 1162/4847/615 2645/4848/615
f 2645/4848/615 1162/4847/615 1163/4849/616 2646/4850/616
f 2646/4850/616 1163/4849/616 1164/4851/617 2644/4852/617
f 2644/4852/617 1164/4851/617 1165/4853/618 2647/4854/618
f 2647/4854/618 1165/4853/618 1166/4855/619 2643/4856/619
f 2643/4856/619 1166/4855/619 1167/4857/620 2649/4858/620
f 2649/4858/620 1167/4857/620 1168/4859/621 2637/4860/621
f 2637/4860/621 1168/4859/621 1169/4861/622 2638/4862/622
f 2638/4863/622 1169/4864/622 1170/4865/623 2639/4866/623
f 2639/4866/623 1170/4865/623 1171/4867/624 2636/4868/624
f 2636/4868/624 1171/4867/624 1172/4869/625 2635/4870/625
f 2635/4870/625 1172/4869/625 1173/4871/626 2640/4872/626
f 2640/4872/626 1173/4871/626 1174/4873/627 2631/4874/627
f 2631/4874/627 1174/4873/627 1175/4875/628 2632/4876/628
f 2632/4876/628 1175/4875/628 1176/4877/629 2629/4878/629
f 2629/4878/629 1176/4877/629 1177/4879/630 2630/4880/630
f 2630/4880/630 1177/4879/630 1178/4881/631 2611/4882/631
f 2611/4882/631 1178/4881/631 1179/4883/632 2613/4884/632
f 2613/4884/632 1179/4883/632 1180/4885/633 2615/4886/633
f 2615/4886/633 1180/4885/633 1181/4887/634 2610/4888/634
f 2610/4888/634 1181/4887/634 1182/4889/635 2609/4890/635
f 2609/4890/635 1182/4889/635 1183/4891/636 2617/4892/636
f 2617/4892/636 1183/4891/636 1184/4893/637 2607/4894/637
f 2607/4894/637 1184/4893/637 1185/4895/638 2608/4896/638
f 2608/4896/638 1185/4895/638 1186/4897/639 2606/4898/639
f 2606/4898/639 1186/4897/639 1187/4899/640 2621/4900/640
f 2621/4900/640 1187/4899/640 1188/4901/641 2603/4902/641
f 2603/4902/641 1188/4901/641 1189/4903/642 2604/4904/642
f 2604/4904/642 1189/4903/642 1190/4905/643 2601/4906/643
f 2601/4906/643 1190/4905/643 1191/4907/644 2602/4908/644
f 2602/4908/644 1191/4907/644 1192/4909/645 2605/4910/645
f 2605/4910/645 1192/4909/645 1193/4911/646 2599/4912/646
f 2599/4912/646 1193/4911/646 1194/4913/647 2600/4914/647
f 2600/4914/647 1194/4913/647 1195/4915/648 2597/4916/648
f 2597/4916/648 1195/4915/648 1196/4917/649 2598/4918/649
f 2598/4918/649 1196/4917/649 1197/4919/650 2553/4920/650
f 2553/4920/650 1197/4919/650 1198/4921/651 2552/4922/651
f 2552/4922/651 1198/4921/651 1199/4923/652 2551/4924/652
f 2551/4924/652 1199/4923/652 1200/4925/653 2550/4926/653
f 2550/4926/653 1200/4925/653 1201/4927/654 2549/4928/654
f 2549/4928/654 1201/4927/654 1202/4929/655 2548/4930/655
f 2548/4930/655 1202/4929/655 1203/4931/656 2547/4932/656
f 2547/4932/656 1203/4931/656 1204/4933/657 2546/4934/657
f 2546/4934/657 1204/4933/657 1205/4935/658 2545/4936/658
f 2545/4936/658 1205/4935/658 1206/4937/659 2544/4938/659
f 2544/4938/659 1206/4937/659 1207/4939/660 2539/4940/660
f 2539/4940/660 1207/4939/660 1208/4941/661 2538/4942/661
f 2538/4942/661 1208/4941/661 1209/4943/662 2537/4944/662
f 2537/4944/662 1209/4943/662 1210/4945/663 2536/4946/663
f 2536/4946/663 1210/4945/663 1211/4947/664 2533/4948/664
f 2533/4948/664 1211/4947/664 1212/4949/665 2532/4950/665
f 2532/4951/665 1212/4952/665 1084/4953/531 2561/4954/531
f 1736/4955/666 776/4956/666 778/4957/667 1735/4958/667
f 1735/4958/667 778/4957/667 779/4959/668 1734/4960/668
f 1734/4960/668 779/4959/668 781/4961/669 1733/4962/669
f 1733/4962/669 781/4961/669 783/4963/670 1731/4964/670
f 1731/4964/670 783/4963/670 786/4965/671 1743/4966/671
f 1743/4966/671 786/4965/671 788/4967/672 1742/4968/672
f 1742/4968/672 788/4967/672 790/4969/673 1738/4970/673
f 1738/4970/673 790/4969/673 792/4971/674 1739/4972/674
f 1739/4972/674 792/4971/674 794/4973/675 1740/4974/675
f 1740/4974/675 794/4973/675 796/4975/676 1741/4976/676
f 1741/4976/676 796/4975/676 798/4977/677 1706/4978/677
f 1706/4978/677 798/4977/677 800/4979/678 1710/4980/678
f 1710/4980/678 800/4979/678 802/4981/679 1708/4982/679
f 1708/4982/679 802/4981/679 804/4983/680 1695/4984/680
f 1695/4984/680 804/4983/680 805/4985/681 1696/4986/681
f 1696/4986/681 805/4985/681 808/4987/682 1697/4988/682
f 1697/4988/682 808/4987/682 809/4989/683 1698/4990/683
f 1698/4990/683 809/4989/683 812/4991/684 1699/4992/684
f 1699/4992/684 812/4991/684 814/4993/685 1700/4994/685
f 1700/4994/685 814/4993/685 816/4995/686 1701/4996/686
f 1701/4996/686 816/4995/686 817/4997/687 1687/4998/687
f 1687/4998/687 817/4997/687 819/4999/688 1688/5000/688
f 1688/5000/688 819/4999/688 821/5001/689 1689/5002/689
f 1689/5002/689 821/5001/689 823/5003/690 1690/5004/690
f 1690/5004/690 823/5003/690 826/5005/691 1691/5006/691
f 1691/5006/691 826/5005/691 828/5007/692 1692/5008/692
f 1692/5008/692 828/5007/692 829/5009/693 1693/5010/693
f 1693/5010/693 829/5009/693 832/5011/694 1694/5012/694
f 1694/5012/694 832/5011/694 834/5013/695 1683/5014/695
f 1683/5014/695 834/5013/695 836/5015/696 1684/5016/696
f 1684/5016/696 836/5015/696 838/5017/697 1685/5018/697
f 1685/5018/697 838/5017/697 840/5019/698 1686/5020/698
f 1686/5020/698 840/5019/698 842/5021/699 1681/5022/699
f 1681/5022/699 842/5021/699 844/5023/700 1682/5024/700
f 1682/5024/700 844/5023/700 845/5025/701 1680/5026/701
f 1680/5026/701 845/5025/701 848/5027/702 2212/5028/702
f 2212/5028/702 848/5027/702 849/5029/703 2213/5030/703
f 2213/5030/703 849/5029/703 851/5031/704 2207/5032/704
f 2207/5032/704 851/5031/704 853/5033/705 2208/5034/705
f 2208/5034/705 853/5033/705 855/5035/706 2209/5036/706
f 2209/5036/706 855/5035/706 858/5037/707 2206/5038/707
f 2206/5038/707 858/5037/707 859/5039/708 2223/5040/708
f 2223/5040/708 859/5039/708 862/5041/709 2221/5042/709
f 2221/5042/709 862/5041/709 863/5043/710 2222/5044/710
f 2222/5044/710 863/5043/710 866/5045/711 2220/5046/711
f 866/5047/711 868/5048/712 2671/5049/712 2220/5050/711
f 2671/5051/712 868/5052/712 870/5053/713 2673/5054/713
f 2673/5054/713 870/5053/713 872/5055/714 2672/5056/714
f 2672/5056/714 872/5055/714 874/5057/715 2682/5058/715
f 2682/5058/715 874/5057/715 876/5059/716 2681/5060/716
f 2681/5060/716 876/5059/716 877/5061/717 2680/5062/717
f 2680/5062/717 877/5061/717 879/5063/718 2679/5064/718
f 2679/5064/718 879/5063/718 881/5065/719 2678/5066/719
f 2678/5066/719 881/5065/719 883/5067/720 2677/5068/720
f 2677/5068/720 883/5067/720 885/5069/721 2676/5070/721
f 2676/5070/721 885/5069/721 887/5071/722 2675/5072/722
f 2675/5072/722 887/5071/722 890/5073/723 2684/5074/723
f 890/5073/723 892/5075/724 2225/5076/724 2684/5074/723
f 2225/5076/724 892/5075/724 894/5077/725 2224/5078/725
f 2224/5078/725 894/5077/725 896/5079/726 2234/5080/726
f 2234/5080/726 896/5079/726 898/5081/727 2233/5082/727
f 2233/5082/727 898/5081/727 899/5083/728 2227/5084/728
f 2227/5084/728 899/5083/728 902/5085/729 2226/5086/729
f 2226/5086/729 902/5085/729 904/5087/730 2232/5088/730
f 2232/5088/730 904/5087/730 906/5089/731 2228/5090/731
f 2228/5090/731 906/5089/731 908/5091/732 2231/5092/732
f 2231/5092/732 908/5091/732 910/5093/733 2230/5094/733
f 2230/5094/733 910/5093/733 911/5095/734 2229/5096/734
f 2229/5096/734 911/5095/734 914/5097/735 2247/5098/735
f 2247/5098/735 914/5097/735 916/5099/736 2235/5100/736
f 2235/5100/736 916/5099/736 918/5101/737 2237/5102/737
f 2237/5102/737 918/5101/737 919/5103/738 2236/5104/738
f 2236/5104/738 919/5103/738 921/5105/739 2240/5106/739
f 2240/5106/739 921/5105/739 924/5107/740 2238/5108/740
f 2238/5108/740 924/5107/740 925/5109/741 2239/5110/741
f 925/5109/741 928/5111/742 2211/5112/742 2239/5110/741
f 2211/5112/742 928/5111/742 929/5113/743 2210/5114/743
f 2210/5114/743 929/5113/743 932/5115/744 2215/5116/744
f 2215/5116/744 932/5115/744 933/5117/745 2214/5118/745
f 933/5117/745 936/5119/746 1709/5120/746 2214/5118/745
f 1709/5120/746 936/5119/746 937/5121/747 1703/5122/747
f 1703/5122/747 937/5121/747 940/5123/748 1702/5124/748
f 1702/5124/748 940/5123/748 942/5125/749 1707/5126/749
f 1707/5126/749 942/5125/749 944/5127/750 1705/5128/750
f 1705/5128/750 944/5127/750 946/5129/751 1704/5130/751
f 1704/5130/751 946/5129/751 947/5131/752 1732/5132/752
f 1732/5132/752 947/5131/752 950/5133/753 1711/5134/753
f 1711/5134/753 950/5133/753 952/5135/754 1714/5136/754
f 1714/5136/754 952/5135/754 954/5137/755 1712/5138/755
f 1712/5138/755 954/5137/755 956/5139/756 1713/5140/756
f 1713/5140/756 956/5139/756 958/5141/757 1720/5142/757
f 1720/5142/757 958/5141/757 960/5143/758 1716/5144/758
f 1716/5144/758 960/5143/758 962/5145/759 1715/5146/759
f 1715/5147/759 962/5148/759 963/5149/760 1719/5150/760
f 1719/5150/760 963/5149/760 966/5151/761 1718/5152/761
f 1718/5152/761 966/5151/761 968/5153/762 1717/5154/762
f 1717/5154/762 968/5153/762 969/5155/763 1737/5156/763
f 1737/5156/763 969/5155/763 971/5157/764 1721/5158/764
f 1721/5158/764 971/5157/764 973/5159/765 1722/5160/765
f 1722/5160/765 973/5159/765 976/5161/766 1725/5162/766
f 1725/5162/766 976/5161/766 978/5163/767 1724/5164/767
f 1724/5164/767 978/5163/767 979/5165/768 1723/5166/768
f 1723/5166/768 979/5165/768 981/5167/769 1728/5168/769
f 1728/5168/769 981/5167/769 983/5169/770 1726/5170/770
f 1726/5170/770 983/5169/770 985/5171/771 1727/5172/771
f 1727/5172/771 985/5171/771 986/5173/772 1729/5174/772
f 1729/5174/772 986/5173/772 987/5175/773 1730/5176/773
f 1730/5176/773 987/5175/773 988/5177/774 2697/5178/774 2669/5179/775
f 2697/5180/774 988/5181/774 989/5182/776 2696/5183/776
f 2696/5184/776 989/5185/776 990/5186/777 2683/5187/777
f 2683/5187/777 990/5186/777 991/5188/778 2688/5189/778
f 2688/5189/778 991/5188/778 992/5190/779 2687/5191/779
f 2687/5191/779 992/5190/779 993/5192/780 2686/5193/780
f 2686/5193/780 993/5192/780 994/5194/781 2685/5195/781
f 2685/5195/781 994/5194/781 995/5196/782 2695/5197/782
f 2695/5197/782 995/5196/782 996/5198/783 2694/5199/783
f 2694/5199/783 996/5198/783 997/5200/784 2693/5201/784
f 2693/5201/784 997/5200/784 998/5202/785 2692/5203/785
f 2692/5203/785 998/5202/785 999/5204/786 2691/5205/786
f 2691/5205/786 999/5204/786 1000/5206/787 2690/5207/787
f 2690/5207/787 1000/5206/787 1001/5208/788 2246/5209/788
f 2246/5209/788 1001/5208/788 1002/5210/789 2245/5211/789
f 2245/5211/789 1002/5210/789 1003/5212/790 2244/5213/790
f 2244/5213/790 1003/5212/790 1004/5214/791 2243/5215/791
f 2243/5215/791 1004/5214/791 1005/5216/792 2242/5217/792
f 2242/5217/792 1005/5216/792 1006/5218/793 2241/5219/793
f 2241/5219/793 1006/5218/793 1007/5220/794 2216/5221/794
f 2216/5221/794 1007/5220/794 1008/5222/795 2219/5223/795
f 2219/5223/795 1008/5222/795 1009/5224/796 2218/5225/796
f 2218/5225/796 1009/5224/796 1010/5226/797 2217/5227/797
f 2217/5227/797 1010/5226/797 1011/5228/798 1762/5229/798
f 1762/5229/798 1011/5228/798 1012/5230/799 1760/5231/799
f 1760/5231/799 1012/5230/799 1013/5232/800 1758/5233/800
f 1758/5233/800 1013/5232/800 1014/5234/788 1756/5235/788
f 1756/5235/788 1014/5234/788 1015/5236/801 1754/5237/801
f 1754/5237/801 1015/5236/801 1016/5238/802 1752/5239/802
f 1752/5239/802 1016/5238/802 1017/5240/803 1750/5241/803
f 1750/5241/803 1017/5240/803 1018/5242/804 1748/5243/804
f 1748/5243/804 1018/5242/804 1019/5244/805 1746/5245/805
f 1746/5245/805 1019/5244/805 1020/5246/806 1745/5247/806
f 1745/5248/806 1020/5249/806 1021/5250/807 1744/5251/807
f 1744/5252/807 1021/5253/807 1022/5254/808 1747/5255/808
f 1747/5255/808 1022/5254/808 1023/5256/809 1749/5257/809
f 1749/5257/809 1023/5256/809 1024/5258/810 1751/5259/810
f 1751/5259/810 1024/5258/810 1025/5260/811 1753/5261/811
f 1753/5261/811 1025/5260/811 1026/5262/812 1755/5263/812
f 1755/5263/812 1026/5262/812 1027/5264/813 1757/5265/813
f 1757/5265/813 1027/5264/813 1028/5266/814 1759/5267/814
f 1759/5267/814 1028/5266/814 1029/5268/815 1761/5269/815
f 1761/5269/815 1029/5268/815 1030/5270/816 1763/5271/816
f 1763/5271/816 1030/5270/816 1031/5272/817 1764/5273/817
f 1764/5273/817 1031/5272/817 1032/5274/818 1765/5275/818
f 1765/5275/818 1032/5274/818 1033/5276/819 1766/5277/819
f 1766/5277/819 1033/5276/819 1034/5278/820 1767/5279/820
f 1767/5279/820 1034/5278/820 1035/5280/821 1768/5281/821
f 1768/5281/821 1035/5280/821 1036/5282/822 1769/5283/822
f 1769/5283/822 1036/5282/822 1037/5284/823 1770/5285/823
f 1770/5285/823 1037/5284/823 1038/5286/823 1771/5287/823
f 1771/5287/823 1038/5286/823 1039/5288/824 1772/5289/824
f 1772/5289/824 1039/5288/824 1040/5290/824 1773/5291/824
f 1773/5291/824 1040/5290/824 1041/5292/825 1774/5293/825
f 1774/5293/825 1041/5292/825 1042/5294/826 1775/5295/826
f 1775/5295/826 1042/5294/826 1043/5296/827 1776/5297/827
f 1776/5297/827 1043/5296/827 1044/5298/823 1777/5299/823
f 1777/5299/823 1044/5298/823 1045/5300/825 1778/5301/825
f 1778/5301/825 1045/5300/825 1046/5302/824 1779/5303/824
f 1779/5303/824 1046/5302/824 1047/5304/827 1780/5305/827
f 1780/5305/827 1047/5304/827 1048/5306/828 1781/5307/828
f 1781/5307/828 1048/5306/828 1049/5308/823 1782/5309/823
f 1782/5309/823 1049/5308/823 1050/5310/824 1783/5311/824
f 1783/5311/824 1050/5310/824 1051/5312/829 1784/5313/829
f 1051/5312/829 1052/5314/830 2689/5315/830 1784/5313/829
f 2689/5316/830 1052/5317/830 1053/5318/831 1824/5319/831
f 1824/5320/831 1053/5321/831 1054/5322/832 1822/5323/832 1823/5324/833
f 1822/5323/832 1054/5322/832 1055/5325/834 1821/5326/834
f 1821/5326/834 1055/5325/834 1056/5327/835 1820/5328/835
f 1820/5328/835 1056/5327/835 1057/5329/836 1819/5330/836
f 1819/5330/836 1057/5329/836 1058/5331/837 1818/5332/837
f 1818/5332/837 1058/5331/837 1059/5333/838 1816/5334/838
f 1816/5334/838 1059/5333/838 1060/5335/839 1808/5336/839
f 1808/5336/839 1060/5335/839 1061/5337/840 1807/5338/840
f 1807/5338/840 1061/5337/840 1062/5339/841 1806/5340/841
f 1806/5340/841 1062/5339/841 1063/5341/842 1805/5342/842
f 1805/5342/842 1063/5341/842 1064/5343/843 1804/5344/843
f 1804/5344/843 1064/5343/843 1065/5345/844 1803/5346/844
f 1803/5346/844 1065/5345/844 1066/5347/845 1802/5348/845
f 1802/5348/845 1066/5347/845 1067/5349/846 1801/5350/846
f 1801/5350/846 1067/5349/846 1068/5351/847 1800/5352/847
f 1800/5352/847 1068/5351/847 1069/5353/848 1799/5354/848
f 1799/5354/848 1069/5353/848 1070/5355/849 1798/5356/849
f 1798/5356/849 1070/5355/849 1071/5357/850 1797/5358/850
f 1797/5358/850 1071/5357/850 1072/5359/851 1796/5360/851
f 1796/5360/851 1072/5359/851 1073/5361/852 1795/5362/852
f 1795/5362/852 1073/5361/852 1074/5363/853 1794/5364/853
f 1794/5365/853 1074/5366/853 1075/5367/854 1793/5368/854
f 1793/5368/854 1075/5367/854 1076/5369/855 1792/5370/855
f 1792/5370/855 1076/5369/855 1077/5371/856 1791/5372/856
f 1791/5372/856 1077/5371/856 1078/5373/857 1790/5374/857
f 1790/5374/857 1078/5373/857 1079/5375/858 1789/5376/858
f 1789/5376/858 1079/5375/858 1080/5377/859 1788/5378/859
f 1788/5378/859 1080/5377/859 1081/5379/860 1787/5380/860
f 1787/5380/860 1081/5379/860 1082/5381/861 1786/5382/861
f 1786/5382/861 1082/5381/861 1083/5383/862 1785/5384/862
f 1785/5384/862 1083/5383/862 776/4956/666 1736/4955/666
f 1825/5385/531 518/5386/531 520/5387/532 1817/5388/532
f 1817/5389/532 520/5390/532 522/5391/533 1811/5392/533
f 1811/5393/533 522/5394/533 523/5395/863 1809/5396/863
f 1809/5397/863 523/5398/863 525/5399/863 1810/5400/863
f 1810/5401/863 525/5402/863 527/5403/864 1812/5404/864
f 1812/5404/864 527/5403/864 529/5405/865 1813/5406/865
f 1813/5406/865 529/5405/865 532/5407/866 1814/5408/866
f 1814/5408/866 532/5407/866 534/5409/867 1815/5410/867
f 1815/5410/867 534/5409/867 535/5411/868 1836/5412/868
f 1836/5412/868 535/5411/868 537/5413/869 1837/5414/869
f 1837/5414/869 537/5413/869 540/5415/870 1838/5416/870
f 1838/5416/870 540/5415/870 542/5417/871 1839/5418/871
f 1839/5418/871 542/5417/871 543/5419/872 1840/5420/872
f 1840/5420/872 543/5419/872 545/5421/873 1841/5422/873
f 1841/5422/873 545/5421/873 547/5423/874 1861/5424/874
f 1861/5424/874 547/5423/874 549/5425/875 1862/5426/875
f 1862/5426/875 549/5425/875 551/5427/876 1863/5428/876
f 1863/5428/876 551/5427/876 554/5429/877 1864/5430/877
f 1864/5430/877 554/5429/877 556/5431/878 1865/5432/878
f 1865/5432/878 556/5431/878 558/5433/879 1866/5434/879
f 1866/5434/879 558/5433/879 560/5435/880 1856/5436/880
f 1856/5436/880 560/5435/880 562/5437/881 1857/5438/881
f 1857/5438/881 562/5437/881 563/5439/882 1859/5440/882
f 1859/5440/882 563/5439/882 565/5441/883 1872/5442/883
f 1872/5442/883 565/5441/883 567/5443/884 1873/5444/884
f 1873/5444/884 567/5443/884 569/5445/885 1874/5446/885
f 1874/5446/885 569/5445/885 571/5447/886 1881/5448/886
f 1881/5448/886 571/5447/886 574/5449/887 1882/5450/887
f 1882/5450/887 574/5449/887 575/5451/888 1880/5452/888
f 1880/5452/888 575/5451/888 577/5453/889 1878/5454/889
f 1878/5454/889 577/5453/889 579/5455/890 1885/5456/890
f 1885/5456/890 579/5455/890 582/5457/891 1890/5458/891
f 1890/5458/891 582/5457/891 584/5459/892 1906/5460/892
f 1906/5460/892 584/5459/892 586/5461/893 1905/5462/893
f 1905/5462/893 586/5461/893 587/5463/894 1904/5464/894
f 1904/5464/894 587/5463/894 590/5465/574 1934/5466/574
f 1934/5466/574 590/5465/574 592/5467/575 1933/5468/575
f 1933/5468/575 592/5467/575 594/5469/576 1932/5470/576
f 1932/5470/576 594/5469/576 595/5471/577 1931/5472/577
f 1931/5472/577 595/5471/577 598/5473/895 1930/5474/895
f 1930/5474/895 598/5473/895 599/5475/896 1907/5476/896
f 1907/5476/896 599/5475/896 601/5477/580 1910/5478/580
f 1910/5478/580 601/5477/580 603/5479/897 1909/5480/897
f 1909/5480/897 603/5479/897 605/5481/898 1908/5482/898
f 1908/5482/898 605/5481/898 607/5483/899 1917/5484/899
f 1917/5484/899 607/5483/899 610/5485/900 1912/5486/900
f 1912/5486/900 610/5485/900 611/5487/901 1914/5488/901
f 1914/5489/901 611/5490/901 613/5491/902 1913/5492/902
f 1913/5492/902 613/5491/902 615/5493/903 1916/5494/903
f 1916/5494/903 615/5493/903 618/5495/904 1915/5496/904
f 1915/5496/904 618/5495/904 619/5497/905 1929/5498/905
f 1929/5498/905 619/5497/905 622/5499/590 1928/5500/590
f 1928/5500/590 622/5499/590 624/5501/591 1927/5502/591
f 1927/5502/591 624/5501/591 625/5503/592 1926/5504/592
f 1926/5504/592 625/5503/592 628/5505/906 1925/5506/906
f 1925/5506/906 628/5505/906 629/5507/907 1924/5508/907
f 1924/5508/907 629/5507/907 631/5509/908 1923/5510/908
f 1923/5510/908 631/5509/908 633/5511/596 1922/5512/596
f 1922/5512/596 633/5511/596 636/5513/597 1921/5514/597
f 1921/5514/597 636/5513/597 638/5515/909 1920/5516/909
f 1920/5516/909 638/5515/909 640/5517/910 1919/5518/910
f 1919/5518/910 640/5517/910 642/5519/911 1972/5520/911
f 1972/5520/911 642/5519/911 644/5521/912 1971/5522/912
f 1971/5522/912 644/5521/912 645/5523/913 1970/5524/913
f 1970/5524/913 645/5523/913 647/5525/914 1968/5526/914
f 1968/5526/914 647/5525/914 649/5527/531 1966/5528/531
f 1966/5529/531 649/5530/531 652/5531/532 1911/5532/532
f 1911/5533/532 652/5534/532 654/5535/605 1935/5536/605
f 1935/5536/605 654/5535/605 655/5537/606 1936/5538/606
f 1936/5538/606 655/5537/606 658/5539/915 1937/5540/915
f 1937/5540/915 658/5539/915 660/5541/916 1938/5542/916
f 1938/5542/916 660/5541/916 662/5543/609 1939/5544/609
f 1939/5544/609 662/5543/609 663/5545/917 1940/5546/917
f 1940/5546/917 663/5545/917 665/5547/918 1918/5548/918
f 1918/5548/918 665/5547/918 668/5549/919 1901/5550/919
f 1901/5550/919 668/5549/919 669/5551/613 1902/5552/613
f 1902/5552/613 669/5551/613 671/5553/920 1898/5554/920
f 1898/5554/920 671/5553/920 674/5555/921 1899/5556/921
f 1899/5556/921 674/5555/921 675/5557/922 1896/5558/922
f 1896/5558/922 675/5557/922 678/5559/923 1897/5560/923
f 1897/5560/923 678/5559/923 679/5561/924 1900/5562/924
f 1900/5562/924 679/5561/924 682/5563/619 1893/5564/619
f 1893/5564/619 682/5563/619 684/5565/620 1894/5566/620
f 1894/5566/620 684/5565/620 686/5567/621 1895/5568/621
f 1895/5568/621 686/5567/621 687/5569/925 1891/5570/925
f 1891/5571/925 687/5572/925 689/5573/926 1892/5574/926
f 1892/5574/926 689/5573/926 692/5575/624 1903/5576/624
f 1903/5576/624 692/5575/624 693/5577/927 1887/5578/927
f 1887/5578/927 693/5577/927 696/5579/928 1888/5580/928
f 1888/5580/928 696/5579/928 698/5581/929 1889/5582/929
f 1889/5582/929 698/5581/929 699/5583/930 1884/5584/930
f 1884/5584/930 699/5583/930 701/5585/931 1883/5586/931
f 1883/5586/931 701/5585/931 704/5587/932 1886/5588/932
f 1886/5588/932 704/5587/932 705/5589/933 1879/5590/933
f 1879/5590/933 705/5589/933 707/5591/632 1877/5592/632
f 1877/5592/632 707/5591/632 709/5593/934 1876/5594/934
f 1876/5594/934 709/5593/934 712/5595/935 1875/5596/935
f 1875/5596/935 712/5595/935 714/5597/635 1858/5598/635
f 1858/5598/635 714/5597/635 715/5599/636 1853/5600/636
f 1853/5600/636 715/5599/636 717/5601/637 1854/5602/637
f 1854/5602/637 717/5601/637 719/5603/936 1851/5604/936
f 1851/5604/936 719/5603/936 721/5605/639 1852/5606/639
f 1852/5606/639 721/5605/639 723/5607/640 1855/5608/640
f 1855/5608/640 723/5607/640 726/5609/937 1849/5610/937
f 1849/5610/937 726/5609/937 727/5611/938 1850/5612/938
f 1850/5612/938 727/5611/938 729/5613/939 1847/5614/939
f 1847/5614/939 729/5613/939 731/5615/940 1848/5616/940
f 1848/5616/940 731/5615/940 734/5617/941 1860/5618/941
f 1860/5618/941 734/5617/941 735/5619/646 1844/5620/646
f 1844/5620/646 735/5619/646 737/5621/647 1843/5622/647
f 1843/5622/647 737/5621/647 740/5623/648 1845/5624/648
f 1845/5624/648 740/5623/648 741/5625/649 1842/5626/649
f 1842/5626/649 741/5625/649 743/5627/942 1846/5628/942
f 1846/5628/942 743/5627/942 746/5629/943 1871/5630/943
f 1871/5630/943 746/5629/943 748/5631/944 1870/5632/944
f 1870/5632/944 748/5631/944 750/5633/945 1869/5634/945
f 1869/5634/945 750/5633/945 752/5635/654 1868/5636/654
f 1868/5636/654 752/5635/654 753/5637/655 1867/5638/655
f 1867/5638/655 753/5637/655 756/5639/656 1835/5640/656
f 1835/5640/656 756/5639/656 758/5641/946 1834/5642/946
f 1834/5642/946 758/5641/946 760/5643/947 1833/5644/947
f 1833/5644/947 760/5643/947 762/5645/948 1832/5646/948
f 1832/5646/948 762/5645/948 764/5647/660 1831/5648/660
f 1831/5648/660 764/5647/660 766/5649/661 1830/5650/661
f 1830/5650/661 766/5649/661 767/5651/949 1829/5652/949
f 1829/5652/949 767/5651/949 770/5653/950 1828/5654/950
f 1828/5654/950 770/5653/950 771/5655/664 1827/5656/664
f 1827/5656/664 771/5655/664 774/5657/665 1826/5658/665
f 1826/5659/665 774/5660/665 518/5661/531 1825/5662/531
f 2068/5663/531 270/5664/531 271/5665/532 1967/5666/532
f 1969/5667/1 1967/5668/532 271/5669/532 273/5670/533 1959/5671/533
f 2026/5672/2 1959/5673/533 273/5674/533 275/5675/534 2051/5676/534
f 2051/5677/534 275/5678/534 270/5679/531 2068/5680/531
f 2032/5681/951 278/5682/951 279/5683/952 2034/5684/952
f 2034/5684/952 279/5683/952 282/5685/953 2029/5686/953
f 2029/5686/953 282/5685/953 283/5687/954 2036/5688/954
f 2036/5688/954 283/5687/954 286/5689/955 2024/5690/955
f 2024/5690/955 286/5689/955 287/5691/956 2027/5692/956
f 2027/5692/956 287/5691/956 289/5693/957 2022/5694/957
f 2022/5694/957 289/5693/957 292/5695/958 2025/5696/958
f 2025/5696/958 292/5695/958 293/5697/959 2016/5698/959
f 2016/5698/959 293/5697/959 295/5699/960 2018/5700/960
f 2018/5700/960 295/5699/960 297/5701/961 2013/5702/961
f 2013/5702/961 297/5701/961 300/5703/962 2020/5704/962
f 2020/5704/962 300/5703/962 301/5705/963 2009/5706/963
f 2009/5706/963 301/5705/963 304/5707/964 2011/5708/964
f 2011/5708/964 304/5707/964 305/5709/965 2007/5710/965
f 2007/5710/965 305/5709/965 308/5711/966 2038/5712/966
f 2038/5712/966 308/5711/966 310/5713/967 1997/5714/967
f 1997/5714/967 310/5713/967 311/5715/968 1998/5716/968
f 1998/5716/968 311/5715/968 313/5717/969 2000/5718/969
f 2000/5718/969 313/5717/969 316/5719/970 1995/5720/970
f 1995/5720/970 316/5719/970 318/5721/971 2002/5722/971
f 2002/5722/971 318/5721/971 320/5723/972 1991/5724/972
f 1991/5724/972 320/5723/972 322/5725/973 1993/5726/973
f 1993/5726/973 322/5725/973 324/5727/974 1989/5728/974
f 1989/5728/974 324/5727/974 326/5729/975 2004/5730/975
f 2004/5730/975 326/5729/975 328/5731/976 1983/5732/976
f 1983/5732/976 328/5731/976 330/5733/977 1985/5734/977
f 1985/5734/977 330/5733/977 332/5735/978 1981/5736/978
f 1981/5736/978 332/5735/978 334/5737/979 1987/5738/979
f 1987/5738/979 334/5737/979 336/5739/121 1977/5740/121
f 1977/5740/121 336/5739/121 337/5741/980 1979/5742/980
f 1979/5742/980 337/5741/980 339/5743/981 1975/5744/981
f 1975/5745/981 339/5746/981 342/5747/982 1963/5748/982
f 1963/5748/982 342/5747/982 343/5749/983 1961/5750/983
f 1961/5750/983 343/5749/983 346/5751/984 1958/5752/984
f 1958/5752/984 346/5751/984 348/5753/985 1960/5754/985
f 1960/5754/985 348/5753/985 350/5755/986 1954/5756/986
f 1954/5756/986 350/5755/986 351/5757/987 1956/5758/987
f 1956/5758/987 351/5757/987 354/5759/988 1952/5760/988
f 1952/5760/988 354/5759/988 355/5761/989 1973/5762/989
f 1973/5762/989 355/5761/989 357/5763/990 1946/5764/990
f 1946/5764/990 357/5763/990 360/5765/991 1948/5766/991
f 1948/5766/991 360/5765/991 361/5767/992 1943/5768/992
f 1943/5768/992 361/5767/992 364/5769/993 1950/5770/993
f 1950/5770/993 364/5769/993 366/5771/994 1941/5772/994
f 1941/5772/994 366/5771/994 367/5773/995 1942/5774/995
f 1942/5774/995 367/5773/995 370/5775/996 1951/5776/996
f 1951/5776/996 370/5775/996 371/5777/997 1944/5778/997
f 1944/5778/997 371/5777/997 373/5779/998 1949/5780/998
f 1949/5780/998 373/5779/998 375/5781/999 1947/5782/999
f 1947/5782/999 375/5781/999 377/5783/1000 1945/5784/1000
f 1945/5784/1000 377/5783/1000 380/5785/1001 1974/5786/1001
f 1974/5786/1001 380/5785/1001 381/5787/1002 1953/5788/1002
f 1953/5788/1002 381/5787/1002 383/5789/1003 1957/5790/1003
f 1957/5790/1003 383/5789/1003 385/5791/1004 1955/5792/1004
f 1955/5792/1004 385/5791/1004 387/5793/1005 1965/5794/1005
f 1965/5794/1005 387/5793/1005 389/5795/1006 1964/5796/1006
f 1964/5796/1006 389/5795/1006 391/5797/1007 1962/5798/1007
f 1962/5798/1007 391/5797/1007 393/5799/1008 2006/5800/1008
f 2006/5800/1008 393/5799/1008 396/5801/1009 1976/5802/1009
f 1976/5803/1009 396/5804/1009 398/5805/1010 1980/5806/1010
f 1980/5806/1010 398/5805/1010 399/5807/1011 1978/5808/1011
f 1978/5808/1011 399/5807/1011 402/5809/1012 1988/5810/1012
f 1988/5810/1012 402/5809/1012 404/5811/1013 1982/5812/1013
f 1982/5812/1013 404/5811/1013 405/5813/1014 1986/5814/1014
f 1986/5814/1014 405/5813/1014 407/5815/1015 1984/5816/1015
f 1984/5816/1015 407/5815/1015 410/5817/1016 2005/5818/1016
f 2005/5818/1016 410/5817/1016 411/5819/1017 1990/5820/1017
f 1990/5820/1017 411/5819/1017 413/5821/1018 1994/5822/1018
f 1994/5822/1018 413/5821/1018 415/5823/1019 1992/5824/1019
f 1992/5824/1019 415/5823/1019 418/5825/1020 2003/5826/1020
f 2003/5826/1020 418/5825/1020 420/5827/1021 1996/5828/1021
f 1996/5828/1021 420/5827/1021 422/5829/1022 2001/5830/1022
f 2001/5830/1022 422/5829/1022 424/5831/1023 1999/5832/1023
f 1999/5832/1023 424/5831/1023 426/5833/1024 2073/5834/1024
f 2073/5834/1024 426/5833/1024 428/5835/1025 2008/5836/1025
f 2008/5836/1025 428/5835/1025 429/5837/1026 2012/5838/1026
f 2012/5838/1026 429/5837/1026 431/5839/1027 2010/5840/1027
f 2010/5840/1027 431/5839/1027 434/5841/1028 2021/5842/1028
f 2021/5842/1028 434/5841/1028 436/5843/1029 2014/5844/1029
f 2014/5844/1029 436/5843/1029 437/5845/1030 2019/5846/1030
f 2019/5846/1030 437/5845/1030 440/5847/1031 2017/5848/1031
f 2017/5848/1031 440/5847/1031 441/5849/1032 2015/5850/1032
f 2015/5850/1032 441/5849/1032 444/5851/1033 2039/5852/1033
f 2039/5852/1033 444/5851/1033 446/5853/1034 2023/5854/1034
f 2023/5854/1034 446/5853/1034 447/5855/1035 2028/5856/1035
f 2028/5856/1035 447/5855/1035 449/5857/1036 2037/5858/1036
f 2037/5858/1036 449/5857/1036 451/5859/1037 2030/5860/1037
f 2030/5860/1037 451/5859/1037 453/5861/1038 2035/5862/1038
f 2035/5862/1038 453/5861/1038 456/5863/1039 2033/5864/1039
f 2033/5864/1039 456/5863/1039 458/5865/1040 2031/5866/1040
f 2031/5867/1040 458/5868/1040 460/5869/1041 2072/5870/1041
f 2072/5870/1041 460/5869/1041 462/5871/1042 2041/5872/1042
f 2041/5872/1042 462/5871/1042 463/5873/1043 2045/5874/1043
f 2045/5874/1043 463/5873/1043 465/5875/1044 2043/5876/1044
f 2043/5876/1044 465/5875/1044 468/5877/1045 2053/5878/1045
f 2053/5878/1045 468/5877/1045 469/5879/1046 2049/5880/1046
f 2049/5880/1046 469/5879/1046 471/5881/1047 2047/5882/1047
f 2047/5882/1047 471/5881/1047 474/5883/1048 2071/5884/1048
f 2071/5884/1048 474/5883/1048 475/5885/1049 2055/5886/1049
f 2055/5886/1049 475/5885/1049 477/5887/1050 2059/5888/1050
f 2059/5888/1050 477/5887/1050 479/5889/1051 2057/5890/1051
f 2057/5890/1051 479/5889/1051 482/5891/1052 2067/5892/1052
f 2067/5892/1052 482/5891/1052 484/5893/1053 2061/5894/1053
f 2061/5894/1053 484/5893/1053 485/5895/1054 2065/5896/1054
f 2065/5896/1054 485/5895/1054 488/5897/1055 2062/5898/1055
f 2062/5898/1055 488/5897/1055 490/5899/1056 2064/5900/1056
f 2064/5900/1056 490/5899/1056 491/5901/1057 2060/5902/1057
f 2060/5902/1057 491/5901/1057 494/5903/1058 2066/5904/1058
f 2066/5904/1058 494/5903/1058 496/5905/1059 2056/5906/1059
f 2056/5906/1059 496/5905/1059 497/5907/1060 2058/5908/1060
f 2058/5908/1060 497/5907/1060 500/5909/1061 2054/5910/1061
f 2054/5910/1061 500/5909/1061 501/5911/1062 2070/5912/1062
f 2070/5912/1062 501/5911/1062 504/5913/1063 2046/5914/1063
f 2046/5914/1063 504/5913/1063 506/5915/1064 2048/5916/1064
f 2048/5916/1064 506/5915/1064 508/5917/1065 2052/5918/1065
f 2052/5918/1065 508/5917/1065 509/5919/1066 2042/5920/1066
f 2042/5920/1066 509/5919/1066 511/5921/1067 2044/5922/1067
f 2044/5922/1067 511/5921/1067 514/5923/1068 2040/5924/1068
f 2040/5924/1068 514/5923/1068 516/5925/1069 2050/5926/1069
f 2050/5927/1069 516/5928/1069 278/5682/951 2032/5681/951
f 2181/5929/1070 2/5930/1070 3/5931/1071 2069/5932/1071
f 2069/5933/1071 3/5934/1071 6/5935/1072 2075/5936/1072
f 2075/5936/1072 6/5935/1072 8/5937/1073 2063/5938/1073
f 2063/5939/1073 8/5940/1073 9/5941/1074 2205/5942/1074
f 2205/5943/1074 9/5944/1074 12/5945/1075 2082/5946/1075
f 2082/5946/1075 12/5945/1075 13/5947/1076 2081/5948/1076
f 2081/5948/1076 13/5947/1076 15/5949/1077 2080/5950/1077
f 2080/5950/1077 15/5949/1077 18/5951/1078 2079/5952/1078
f 2079/5952/1078 18/5951/1078 20/5953/1079 2078/5954/1079
f 2078/5954/1079 20/5953/1079 21/5955/1080 2077/5956/1080
f 2077/5956/1080 21/5955/1080 24/5957/1081 2076/5958/1081
f 2076/5958/1081 24/5957/1081 25/5959/1082 2074/5960/1082
f 2074/5960/1082 25/5959/1082 27/5961/1083 2115/5962/1083
f 2115/5962/1083 27/5961/1083 30/5963/1084 2114/5964/1084
f 2114/5964/1084 30/5963/1084 32/5965/1085 2113/5966/1085
f 2113/5966/1085 32/5965/1085 34/5967/1086 2112/5968/1086
f 2112/5968/1086 34/5967/1086 36/5969/1087 2111/5970/1087
f 2111/5970/1087 36/5969/1087 38/5971/1088 2110/5972/1088
f 2110/5972/1088 38/5971/1088 40/5973/1089 2109/5974/1089
f 2109/5974/1089 40/5973/1089 41/5975/1090 2108/5976/1090
f 2108/5976/1090 41/5975/1090 43/5977/1091 2107/5978/1091
f 2107/5978/1091 43/5977/1091 46/5979/1092 2106/5980/1092
f 2106/5980/1092 46/5979/1092 48/5981/1093 2105/5982/1093
f 2105/5982/1093 48/5981/1093 49/5983/1094 2104/5984/1094
f 2104/5984/1094 49/5983/1094 52/5985/1095 2103/5986/1095
f 2103/5986/1095 52/5985/1095 54/5987/1096 2102/5988/1096
f 2102/5988/1096 54/5987/1096 56/5989/1097 2101/5990/1097
f 2101/5990/1097 56/5989/1097 57/5991/1098 2100/5992/1098
f 2100/5992/1098 57/5991/1098 60/5993/1099 2099/5994/1099
f 2099/5994/1099 60/5993/1099 62/5995/1100 2098/5996/1100
f 2098/5996/1100 62/5995/1100 64/5997/1101 2125/5998/1101
f 2125/5998/1101 64/5997/1101 65/5999/1102 2122/6000/1102
f 2122/6000/1102 65/5999/1102 67/6001/1103 2120/6002/1103
f 2120/6002/1103 67/6001/1103 70/6003/1104 2118/6004/1104
f 2118/6004/1104 70/6003/1104 71/6005/1105 2117/6006/1105
f 2117/6007/1105 71/6008/1105 73/6009/1106 2116/6010/1106
f 2116/6011/1106 73/6012/1106 76/6013/1107 2119/6014/1107
f 2119/6014/1107 76/6013/1107 78/6015/1108 2121/6016/1108
f 2121/6016/1108 78/6015/1108 79/6017/1109 2123/6018/1109
f 2123/6018/1109 79/6017/1109 81/6019/1110 2124/6020/1110
f 2124/6020/1110 81/6019/1110 83/6021/1111 2126/6022/1111
f 2126/6022/1111 83/6021/1111 85/6023/1112 2175/6024/1112
f 2175/6024/1112 85/6023/1112 87/6025/1113 2176/6026/1113
f 2176/6026/1113 87/6025/1113 90/6027/1114 2177/6028/1114
f 2177/6028/1114 90/6027/1114 91/6029/1115 2178/6030/1115
f 2178/6030/1115 91/6029/1115 94/6031/1116 2179/6032/1116
f 2179/6032/1116 94/6031/1116 96/6033/1117 2180/6034/1117
f 2180/6034/1117 96/6033/1117 97/6035/1118 2150/6036/1118
f 2150/6036/1118 97/6035/1118 100/6037/1119 2151/6038/1119
f 2151/6038/1119 100/6037/1119 102/6039/1120 2152/6040/1120
f 2152/6040/1120 102/6039/1120 103/6041/1121 2153/6042/1121
f 2153/6042/1121 103/6041/1121 105/6043/1122 2154/6044/1122
f 2154/6044/1122 105/6043/1122 107/6045/1123 2155/6046/1123
f 2155/6046/1123 107/6045/1123 109/6047/1124 2156/6048/1124
f 2156/6048/1124 109/6047/1124 112/6049/1125 2157/6050/1125
f 2157/6050/1125 112/6049/1125 114/6051/1126 2158/6052/1126
f 2158/6052/1126 114/6051/1126 115/6053/1127 2135/6054/1127
f 2135/6054/1127 115/6053/1127 117/6055/1128 2136/6056/1128
f 2136/6056/1128 117/6055/1128 120/6057/1129 2137/6058/1129
f 2137/6058/1129 120/6057/1129 121/6059/1130 2138/6060/1130
f 2138/6060/1130 121/6059/1130 124/6061/1131 2139/6062/1131
f 2139/6062/1131 124/6061/1131 126/6063/1132 2140/6064/1132
f 2140/6064/1132 126/6063/1132 128/6065/1133 2141/6066/1133
f 2141/6066/1133 128/6065/1133 130/6067/1134 2142/6068/1134
f 2142/6068/1134 130/6067/1134 132/6069/1135 2131/6070/1135
f 2131/6070/1135 132/6069/1135 133/6071/1136 2132/6072/1136
f 2132/6072/1136 133/6071/1136 135/6073/1137 2133/6074/1137
f 2133/6075/1137 135/6076/1137 137/6077/1138 2128/6078/1138
f 2128/6079/1138 137/6080/1138 139/6081/1139 2130/6082/1139
f 2130/6082/1139 139/6081/1139 141/6083/1140 2127/6084/1140
f 2127/6085/1140 141/6086/1140 143/6087/1141 2129/6088/1141
f 2129/6089/1141 143/6090/1141 146/6091/1142 2134/6092/1142
f 2134/6092/1142 146/6091/1142 147/6093/1143 2143/6094/1143
f 2143/6094/1143 147/6093/1143 149/6095/1144 2144/6096/1144
f 2144/6096/1144 149/6095/1144 151/6097/1145 2145/6098/1145
f 2145/6098/1145 151/6097/1145 154/6099/1146 2146/6100/1146
f 2146/6100/1146 154/6099/1146 156/6101/1147 2147/6102/1147
f 2147/6102/1147 156/6101/1147 157/6103/1148 2148/6104/1148
f 2148/6104/1148 157/6103/1148 160/6105/1149 2149/6106/1149
f 2149/6106/1149 160/6105/1149 162/6107/1150 2159/6108/1150
f 2159/6108/1150 162/6107/1150 164/6109/1151 2160/6110/1151
f 2160/6110/1151 164/6109/1151 165/6111/1152 2161/6112/1152
f 2161/6112/1152 165/6111/1152 167/6113/1153 2162/6114/1153
f 2162/6114/1153 167/6113/1153 170/6115/1154 2163/6116/1154
f 2163/6116/1154 170/6115/1154 171/6117/1155 2164/6118/1155
f 2164/6118/1155 171/6117/1155 174/6119/1156 2165/6120/1156
f 2165/6120/1156 174/6119/1156 176/6121/1157 2166/6122/1157
f 2166/6122/1157 176/6121/1157 178/6123/1158 2167/6124/1158
f 2167/6124/1158 178/6123/1158 180/6125/1159 2168/6126/1159
f 2168/6126/1159 180/6125/1159 182/6127/1160 2169/6128/1160
f 2169/6128/1160 182/6127/1160 184/6129/1161 2170/6130/1161
f 2170/6130/1161 184/6129/1161 186/6131/1162 2171/6132/1162
f 2171/6132/1162 186/6131/1162 188/6133/1163 2172/6134/1163
f 2172/6134/1163 188/6133/1163 189/6135/1164 2173/6136/1164
f 2173/6136/1164 189/6135/1164 191/6137/1165 2174/6138/1165
f 2174/6138/1165 191/6137/1165 193/6139/1166 2085/6140/1166
f 2085/6140/1166 193/6139/1166 195/6141/1167 2087/6142/1167
f 2087/6142/1167 195/6141/1167 198/6143/1168 2089/6144/1168
f 2089/6144/1168 198/6143/1168 200/6145/1169 2091/6146/1169
f 2091/6146/1169 200/6145/1169 202/6147/1170 2093/6148/1170
f 2093/6148/1170 202/6147/1170 203/6149/1171 2096/6150/1171
f 2096/6150/1171 203/6149/1171 206/6151/1172 2097/6152/1172
f 2097/6153/1172 206/6154/1172 207/6155/1173 2083/6156/1173
f 2083/6157/1173 207/6158/1173 210/6159/1174 2095/6160/1174
f 2095/6160/1174 210/6159/1174 211/6161/1175 2094/6162/1175
f 2094/6162/1175 211/6161/1175 214/6163/1176 2092/6164/1176
f 2092/6164/1176 214/6163/1176 215/6165/1177 2090/6166/1177
f 2090/6166/1177 215/6165/1177 217/6167/1178 2088/6168/1178
f 2088/6168/1178 217/6167/1178 219/6169/1179 2086/6170/1179
f 2086/6170/1179 219/6169/1179 221/6171/1180 2084/6172/1180
f 2084/6172/1180 221/6171/1180 224/6173/1181 2204/6174/1181
f 2204/6174/1181 224/6173/1181 225/6175/1182 2203/6176/1182
f 2203/6176/1182 225/6175/1182 228/6177/1183 2202/6178/1183
f 2202/6178/1183 228/6177/1183 230/6179/1184 2201/6180/1184
f 2201/6180/1184 230/6179/1184 232/6181/1185 2200/6182/1185
f 2200/6182/1185 232/6181/1185 234/6183/1186 2199/6184/1186
f 2199/6184/1186 234/6183/1186 236/6185/1187 2198/6186/1187
f 2198/6186/1187 236/6185/1187 237/6187/1188 2197/6188/1188
f 2197/6188/1188 237/6187/1188 239/6189/1189 2196/6190/1189
f 2196/6190/1189 239/6189/1189 242/6191/1190 2195/6192/1190
f 2195/6192/1190 242/6191/1190 244/6193/1191 2194/6194/1191
f 2194/6194/1191 244/6193/1191 246/6195/1192 2193/6196/1192
f 2193/6196/1192 246/6195/1192 248/6197/1193 2192/6198/1193
f 2192/6198/1193 248/6197/1193 249/6199/1194 2191/6200/1194
f 2191/6200/1194 249/6199/1194 252/6201/1195 2190/6202/1195
f 2190/6202/1195 252/6201/1195 254/6203/1196 2189/6204/1196
f 2189/6204/1196 254/6203/1196 255/6205/1197 2188/6206/1197
f 2188/6206/1197 255/6205/1197 258/6207/1198 2187/6208/1198
f 2187/6208/1198 258/6207/1198 259/6209/1199 2186/6210/1199
f 2186/6210/1199 259/6209/1199 262/6211/1200 2185/6212/1200
f 2185/6212/1200 262/6211/1200 264/6213/1201 2184/6214/1201
f 2184/6214/1201 264/6213/1201 266/6215/1202 2183/6216/1202
f 2183/6216/1202 266/6215/1202 268/6217/1203 2182/6218/1203
f 2182/6218/1203 268/6217/1203 2/6219/1070 2181/6220/1070
