# Blender 5.2.0 LTS
# www.blender.org
mtllib yellowBar.mtl
o Bar1.001
v 0.478621 -0.062306 2.825383
v -0.448231 -0.062306 2.871501
v -0.478471 -0.062306 -2.825383
v 0.478621 0.215564 2.825383
v -0.448231 0.215564 2.871501
v 0.478621 -0.062306 2.633992
v 0.478621 0.215564 2.633992
v 0.446754 -0.062306 -2.871501
v -0.256839 -0.062306 2.871501
v 0.574316 -0.062306 2.825383
v 0.574316 0.215564 2.825383
v -0.478471 0.215564 -2.825383
v -0.256839 0.215564 2.871501
v 0.574316 -0.062306 2.633992
v 0.574316 0.215564 2.633992
v 0.478588 -0.233564 2.870872
v 0.478621 0.119868 2.825383
v 0.478588 0.244914 2.870872
v -0.448231 -0.062306 2.967196
v 0.478621 0.119868 2.633992
v -0.478471 -0.062306 -2.633992
v 0.574316 0.119868 2.633992
v -0.448231 0.215564 2.967196
v 0.574316 0.119868 2.825383
v 0.446754 0.215564 -2.871501
v 0.510879 0.028781 2.633992
v -0.256839 -0.062306 2.967196
v 0.606575 0.028781 2.633992
v -0.256839 0.215564 2.967196
v 0.606575 0.028781 2.825383
v 0.510879 0.028781 2.825383
v -0.478471 0.215564 -2.633992
v 0.597542 0.074325 2.825383
v -0.478367 -0.233564 2.870872
v 0.597542 0.074325 2.633992
v -0.448231 0.119868 2.871501
v -0.256839 0.119868 2.871501
v 0.501847 0.074325 2.633992
v 0.501847 0.074325 2.825383
v -0.574167 -0.062306 -2.825383
v 0.478621 -0.135657 2.633992
v 0.255363 -0.062306 -2.871501
v -0.256839 0.119868 2.967196
v 0.479061 -0.232257 2.709770
v -0.448231 0.119868 2.967196
v 0.479061 -0.232257 2.749605
v -0.574167 0.215564 -2.825383
v 0.478621 -0.135657 2.825383
v 0.574316 -0.135657 2.633992
v -0.256839 0.028781 2.903759
v 0.515810 -0.232257 2.709770
v -0.574167 -0.062306 -2.633992
v -0.256839 0.028781 2.999455
v 0.574316 -0.135657 2.825383
v 0.515810 -0.232257 2.749605
v -0.478367 0.244914 2.870872
v 0.501202 -0.016762 2.633992
v 0.255363 0.215564 -2.871501
v -0.448231 0.028781 2.999455
v 0.596897 -0.016762 2.633992
v -0.448231 0.028781 2.903759
v 0.596897 -0.016762 2.825383
v 0.501202 -0.016762 2.825383
v -0.574167 0.215564 -2.633992
v 0.446754 -0.062306 -2.967196
v 0.478621 -0.098981 2.825383
v -0.448231 0.074325 2.990423
v 0.478621 -0.098981 2.633992
v 0.574316 -0.098981 2.633992
v -0.478471 0.119868 -2.825383
v -0.256839 0.074325 2.990423
v 0.574316 -0.098981 2.825383
v 0.478841 -0.183840 2.663465
v 0.478588 -0.233564 -2.870872
v 0.478841 -0.183840 2.795910
v -0.256839 0.074325 2.894727
v -0.478471 0.119868 -2.633992
v 0.545063 -0.183840 2.663465
v 0.545063 -0.183840 2.795910
v -0.448231 0.074325 2.894727
v -0.256839 -0.135657 2.871501
v -0.574167 0.119868 -2.633992
v 0.478588 0.244914 -2.870872
v -0.332617 -0.232257 2.871941
v 0.478621 -0.062306 2.597909
v -0.574167 0.119868 -2.825383
v -0.372453 -0.232257 2.871941
v 0.478621 0.215564 2.597909
v 0.446754 0.215564 -2.967196
v 0.478621 -0.062306 2.406518
v -0.448231 -0.135657 2.871501
v 0.478621 0.215564 2.406518
v -0.510730 0.028781 -2.633992
v 0.574316 -0.062306 2.597909
v -0.256839 -0.135657 2.967196
v 0.574316 0.215564 2.597909
v -0.332617 -0.232257 2.908690
v 0.574316 -0.062306 2.406518
v -0.478368 -0.233564 -2.870872
v 0.574316 0.215564 2.406518
v -0.606426 0.028781 -2.633992
v 0.478621 0.119868 2.597909
v -0.448231 -0.135657 2.967196
v 0.478621 0.119868 2.406518
v 0.255363 -0.062306 -2.967196
v 0.574316 0.119868 2.406518
v -0.372453 -0.232257 2.908690
v 0.574316 0.119868 2.597909
v -0.256839 -0.016762 2.894082
v 0.510879 0.028781 2.406518
v 0.606575 0.028781 2.406518
v -0.606426 0.028781 -2.825383
v 0.606575 0.028781 2.597909
v 0.255363 0.215564 -2.967196
v -0.256839 -0.016762 2.989778
v 0.510879 0.028781 2.597909
v -0.478368 0.244914 -2.870872
v 0.597542 0.074325 2.597909
v 0.597542 0.074325 2.406518
v -0.448231 -0.016762 2.989778
v 0.501847 0.074325 2.406518
v -0.448231 -0.016762 2.894082
v 0.501847 0.074325 2.597909
v -0.510730 0.028781 -2.825383
v 0.446754 0.119868 -2.871501
v 0.478621 -0.135657 2.406518
v 0.479061 -0.232257 2.482296
v -0.448231 -0.098981 2.871501
v 0.479061 -0.232257 2.522131
v -0.597393 0.074325 -2.825383
v -0.256839 -0.098981 2.871501
v 0.478621 -0.135657 2.597909
v 0.574316 -0.135657 2.406518
v 0.255363 0.119868 -2.871501
v -0.256839 -0.098981 2.967196
v 0.515810 -0.232257 2.482296
v -0.448231 -0.098981 2.967196
v 0.574316 -0.135657 2.597909
v 0.515810 -0.232257 2.522131
v -0.597393 0.074325 -2.633992
v 0.501202 -0.016762 2.406518
v -0.501697 0.074325 -2.633992
v -0.286313 -0.183840 2.871721
v 0.596897 -0.016762 2.406518
v 0.596897 -0.016762 2.597909
v -0.418757 -0.183840 2.871721
v 0.501202 -0.016762 2.597909
v 0.255363 0.119868 -2.967196
v -0.286313 -0.183840 2.937943
v 0.478621 -0.098981 2.597909
v 0.478621 -0.098981 2.406518
v -0.501697 0.074325 -2.825383
v 0.446754 0.119868 -2.967196
v 0.574316 -0.098981 2.406518
v 0.574316 -0.098981 2.597909
v -0.418757 -0.183840 2.937943
v -0.478471 -0.135657 -2.633992
v 0.478841 -0.183840 2.435992
v 0.478841 -0.183840 2.568436
v 0.255363 0.028781 -2.903759
v 0.255363 0.028781 -2.999455
v 0.545063 -0.183840 2.435992
v 0.545063 -0.183840 2.568436
v -0.213699 -0.062306 2.871501
v -0.213699 0.215564 2.871501
v -0.478912 -0.232257 -2.709770
v -0.022308 -0.062306 2.871501
v -0.022308 0.215564 2.871501
v 0.446754 0.028781 -2.999455
v 0.478620 -0.062306 2.370435
v 0.478620 0.215564 2.370435
v -0.213699 -0.062306 2.967196
v -0.213699 0.215564 2.967196
v 0.478620 -0.062306 2.179044
v -0.478912 -0.232257 -2.749605
v 0.478620 0.215564 2.179044
v 0.574316 -0.062306 2.370435
v -0.022308 -0.062306 2.967196
v 0.574316 0.215564 2.370435
v -0.478471 -0.135657 -2.825383
v 0.574316 -0.062306 2.179044
v 0.446754 0.028781 -2.903759
v -0.022308 0.215564 2.967196
v 0.574316 0.215564 2.179044
v -0.574167 -0.135657 -2.633992
v 0.478620 0.119868 2.370435
v 0.478620 0.119868 2.179044
v -0.213699 0.119868 2.871501
v -0.022308 0.119868 2.871501
v 0.574316 0.119868 2.179044
v 0.574316 0.119868 2.370435
v 0.446754 0.074325 -2.990423
v 0.510879 0.028781 2.179044
v 0.255363 0.074325 -2.990423
v 0.606575 0.028781 2.179044
v -0.022308 0.119868 2.967196
v 0.606575 0.028781 2.370435
v -0.515661 -0.232257 -2.709770
v -0.213699 0.119868 2.967196
v 0.510879 0.028781 2.370435
v 0.597542 0.074325 2.370435
v -0.574167 -0.135657 -2.825383
v -0.022308 0.028781 2.903759
v 0.597542 0.074325 2.179044
v 0.255363 0.074325 -2.894727
v 0.501847 0.074325 2.179044
v 0.501847 0.074325 2.370435
v -0.022308 0.028781 2.999455
v 0.478620 -0.135657 2.179044
v -0.515661 -0.232257 -2.749605
v -0.213699 0.028781 2.999455
v 0.479061 -0.232257 2.254822
v 0.479061 -0.232257 2.294657
v 0.446754 0.074325 -2.894727
v -0.213699 0.028781 2.903759
v 0.478620 -0.135657 2.370435
v -0.213699 0.074325 2.990423
v 0.574316 -0.135657 2.179044
v 0.255363 -0.135657 -2.871501
v 0.515810 -0.232257 2.254822
v 0.574316 -0.135657 2.370435
v -0.022308 0.074325 2.990423
v -0.501052 -0.016762 -2.633992
v 0.515810 -0.232257 2.294657
v 0.501202 -0.016762 2.179044
v -0.022308 0.074325 2.894727
v 0.596897 -0.016762 2.179044
v 0.331141 -0.232257 -2.871941
v -0.213699 0.074325 2.894727
v 0.596897 -0.016762 2.370435
v 0.501202 -0.016762 2.370435
v -0.596748 -0.016762 -2.633992
v 0.478620 -0.098981 2.370435
v 0.370976 -0.232257 -2.871941
v 0.478620 -0.098981 2.179044
v -0.022308 -0.135657 2.871501
v -0.596748 -0.016762 -2.825383
v 0.574316 -0.098981 2.179044
v -0.098086 -0.232257 2.871941
v 0.574316 -0.098981 2.370435
v -0.137921 -0.232257 2.871941
v 0.478840 -0.183840 2.208517
v 0.478840 -0.183840 2.340962
v 0.446754 -0.135657 -2.871501
v -0.501052 -0.016762 -2.825383
v 0.545063 -0.183840 2.208517
v -0.213699 -0.135657 2.871501
v 0.545063 -0.183840 2.340962
v 0.255363 -0.135657 -2.967196
v -0.022308 -0.135657 2.967196
v -0.478471 -0.098981 -2.825383
v -0.098086 -0.232257 2.908690
v -0.213699 -0.135657 2.967196
v 0.478620 -0.062306 2.142961
v 0.331141 -0.232257 -2.908690
v 0.478620 0.215564 2.142961
v 0.478620 -0.062306 1.951570
v -0.478471 -0.098981 -2.633992
v -0.137921 -0.232257 2.908690
v 0.478620 0.215564 1.951570
v -0.022308 -0.016762 2.894082
v 0.574316 -0.062306 2.142961
v -0.574167 -0.098981 -2.633992
v 0.574316 0.215564 2.142961
v 0.574316 -0.062306 1.951570
v 0.446754 -0.135657 -2.967196
v -0.022308 -0.016762 2.989778
v 0.574316 0.215564 1.951570
v -0.574167 -0.098981 -2.825383
v 0.478620 0.119868 2.142961
v 0.478620 0.119868 1.951570
v -0.213699 -0.016762 2.989778
v 0.574316 0.119868 1.951570
v -0.213699 -0.016762 2.894082
v 0.370976 -0.232257 -2.908690
v 0.574316 0.119868 2.142961
v -0.213699 -0.098981 2.871501
v 0.510879 0.028781 1.951570
v 0.255363 -0.016762 -2.894082
v 0.606575 0.028781 1.951570
v 0.606575 0.028781 2.142961
v -0.478692 -0.183840 -2.663465
v -0.022308 -0.098981 2.871501
v 0.510879 0.028781 2.142961
v -0.022308 -0.098981 2.967196
v 0.597542 0.074325 2.142961
v 0.597542 0.074325 1.951570
v 0.255363 -0.016762 -2.989778
v -0.213699 -0.098981 2.967196
v 0.501847 0.074325 1.951570
v -0.478692 -0.183840 -2.795910
v 0.501847 0.074325 2.142961
v 0.478620 -0.135657 1.951570
v -0.051782 -0.183840 2.871721
v 0.446754 -0.016762 -2.989778
v 0.479061 -0.232257 2.027348
v 0.479061 -0.232257 2.067183
v -0.544914 -0.183840 -2.663465
v -0.184226 -0.183840 2.871721
v 0.478620 -0.135657 2.142961
v 0.574316 -0.135657 1.951570
v 0.446754 -0.016762 -2.894082
v -0.051782 -0.183840 2.937943
v 0.515810 -0.232257 2.027348
v -0.544914 -0.183840 -2.795910
v 0.574316 -0.135657 2.142961
v 0.515810 -0.232257 2.067183
v -0.184226 -0.183840 2.937943
v 0.501202 -0.016762 1.951570
v 0.446754 -0.098981 -2.871501
v 0.596897 -0.016762 1.951570
v 0.255363 -0.098981 -2.871501
v 0.255363 -0.098981 -2.967196
v 0.596897 -0.016762 2.142961
v 0.446754 -0.098981 -2.967196
v 0.501202 -0.016762 2.142961
v 0.478620 -0.098981 2.142961
v 0.284836 -0.183840 -2.871721
v 0.478620 -0.098981 1.951570
v 0.020832 -0.062306 2.871501
v 0.020832 0.215564 2.871501
v 0.574316 -0.098981 1.951570
v -0.478471 -0.062306 -2.597909
v 0.574316 -0.098981 2.142961
v 0.212223 -0.062306 2.871501
v 0.478840 -0.183840 1.981043
v 0.478840 -0.183840 2.113488
v 0.212223 0.215564 2.871501
v 0.020832 -0.062306 2.967196
v 0.545063 -0.183840 1.981043
v 0.545063 -0.183840 2.113488
v 0.417281 -0.183840 -2.871721
v 0.020832 0.215564 2.967196
v -0.478471 0.215564 -2.597909
v 0.212223 -0.062306 2.967196
v 0.212223 0.215564 2.967196
v 0.478620 -0.062306 1.915487
v 0.020832 0.119868 2.871501
v 0.478620 0.215564 1.915487
v 0.284836 -0.183840 -2.937943
v 0.212223 0.119868 2.871501
v 0.478620 -0.062306 1.724096
v 0.478620 0.215564 1.724096
v -0.478471 -0.062306 -2.406518
v -0.478471 0.215564 -2.406518
v 0.574316 -0.062306 1.915487
v 0.212223 0.119868 2.967196
v 0.574316 0.215564 1.915487
v 0.417281 -0.183840 -2.937943
v 0.574316 -0.062306 1.724096
v 0.020832 0.119868 2.967196
v 0.574316 0.215564 1.724096
v 0.478620 0.119868 1.915487
v 0.212223 -0.062306 -2.871501
v 0.478620 0.119868 1.724096
v 0.212223 0.028781 2.903759
v 0.574316 0.119868 1.724096
v -0.574167 -0.062306 -2.597909
v 0.574316 0.119868 1.915487
v 0.212223 0.028781 2.999455
v -0.574167 0.215564 -2.597909
v 0.510879 0.028781 1.724096
v 0.020832 0.028781 2.999455
v 0.606575 0.028781 1.724096
v 0.606575 0.028781 1.915487
v 0.020832 0.028781 2.903759
v 0.212223 0.215564 -2.871501
v 0.510879 0.028781 1.915487
v -0.574167 -0.062306 -2.406518
v 0.597542 0.074325 1.915487
v 0.597542 0.074325 1.724096
v 0.020832 0.074325 2.990423
v 0.212223 0.074325 2.990423
v 0.501847 0.074325 1.724096
v 0.501847 0.074325 1.915487
v 0.020832 -0.062306 -2.871501
v 0.478620 -0.135657 1.724096
v 0.212223 0.074325 2.894727
v 0.479061 -0.232257 1.799874
v -0.574167 0.215564 -2.406518
v 0.020832 0.215564 -2.871501
v 0.479061 -0.232257 1.839709
v 0.478620 -0.135657 1.915487
v 0.020832 0.074325 2.894727
v 0.574316 -0.135657 1.724096
v 0.212223 -0.062306 -2.967196
v 0.515810 -0.232257 1.799874
v 0.212223 -0.135657 2.871501
v 0.136445 -0.232257 2.871941
v 0.574316 -0.135657 1.915487
v -0.478471 0.119868 -2.597909
v 0.515810 -0.232257 1.839709
v 0.212223 0.215564 -2.967196
v 0.501202 -0.016762 1.724096
v 0.096610 -0.232257 2.871941
v 0.596897 -0.016762 1.724096
v 0.596897 -0.016762 1.915487
v 0.020832 -0.135657 2.871501
v -0.478471 0.119868 -2.406518
v 0.501202 -0.016762 1.915487
v 0.478620 -0.098981 1.915487
v 0.212223 -0.135657 2.967196
v 0.020832 -0.062306 -2.967196
v 0.478620 -0.098981 1.724096
v 0.136445 -0.232257 2.908690
v 0.574316 -0.098981 1.724096
v -0.574167 0.119868 -2.406518
v 0.574316 -0.098981 1.915487
v 0.478840 -0.183840 1.753569
v 0.020832 -0.135657 2.967196
v 0.478840 -0.183840 1.886014
v 0.020832 0.215564 -2.967196
v 0.545063 -0.183840 1.753569
v -0.574167 0.119868 -2.597909
v 0.545063 -0.183840 1.886014
v 0.096610 -0.232257 2.908690
v 0.212223 0.119868 -2.871501
v 0.212223 -0.016762 2.894082
v -0.510730 0.028781 -2.406518
v 0.212223 -0.016762 2.989778
v 0.478621 -0.062306 1.688013
v 0.020832 0.119868 -2.871501
v 0.478621 0.215564 1.688013
v 0.020832 -0.016762 2.989778
v 0.478621 -0.062306 1.496622
v 0.020832 -0.016762 2.894082
v 0.478621 0.215564 1.496622
v -0.606426 0.028781 -2.406518
v 0.574316 -0.062306 1.688013
v 0.020832 0.119868 -2.967196
v 0.574316 0.215564 1.688013
v 0.020832 -0.098981 2.871501
v -0.606426 0.028781 -2.597909
v 0.574316 -0.062306 1.496622
v 0.212223 -0.098981 2.871501
v 0.574316 0.215564 1.496622
v 0.212223 0.119868 -2.967196
v 0.478621 0.119868 1.688013
v 0.212223 -0.098981 2.967196
v 0.478621 0.119868 1.496622
v 0.020832 -0.098981 2.967196
v 0.574316 0.119868 1.496622
v 0.574316 0.119868 1.688013
v -0.510730 0.028781 -2.597909
v 0.182750 -0.183840 2.871721
v 0.510879 0.028781 1.496622
v -0.597393 0.074325 -2.597909
v 0.606575 0.028781 1.496622
v 0.050305 -0.183840 2.871721
v 0.606575 0.028781 1.688013
v 0.510879 0.028781 1.688013
v 0.020832 0.028781 -2.903759
v 0.597542 0.074325 1.688013
v -0.597393 0.074325 -2.406518
v 0.597542 0.074325 1.496622
v 0.182750 -0.183840 2.937943
v 0.501847 0.074325 1.496622
v 0.020832 0.028781 -2.999455
v 0.501847 0.074325 1.688013
v 0.050305 -0.183840 2.937943
v 0.478621 -0.135657 1.496622
v -0.501697 0.074325 -2.406518
v 0.479061 -0.232257 1.572400
v 0.212223 0.028781 -2.999455
v -0.501697 0.074325 -2.597909
v 0.479061 -0.232257 1.612235
v 0.478621 -0.135657 1.688013
v 0.212223 0.028781 -2.903759
v 0.574316 -0.135657 1.496622
v 0.255363 -0.062306 2.871501
v -0.478471 -0.135657 -2.406518
v 0.515810 -0.232257 1.572400
v 0.255363 0.215564 2.871501
v 0.574316 -0.135657 1.688013
v 0.515810 -0.232257 1.612235
v 0.212223 0.074325 -2.990423
v 0.446754 -0.062306 2.871501
v 0.501202 -0.016762 1.496622
v 0.596897 -0.016762 1.496622
v 0.020832 0.074325 -2.990423
v 0.596897 -0.016762 1.688013
v -0.478912 -0.232257 -2.482296
v 0.501202 -0.016762 1.688013
v 0.446754 0.215564 2.871501
v 0.478621 -0.098981 1.688013
v 0.255363 -0.062306 2.967196
v 0.478621 -0.098981 1.496622
v -0.478912 -0.232257 -2.522131
v 0.574316 -0.098981 1.496622
v 0.255363 0.215564 2.967196
v 0.446754 -0.062306 2.967196
v 0.574316 -0.098981 1.688013
v 0.020832 0.074325 -2.894727
v 0.478841 -0.183840 1.526095
v 0.478841 -0.183840 1.658540
v 0.446754 0.215564 2.967196
v 0.545063 -0.183840 1.526095
v 0.212223 0.074325 -2.894727
v 0.545063 -0.183840 1.658540
v 0.255363 0.119868 2.871501
v 0.446754 0.119868 2.871501
v 0.446754 0.119868 2.967196
v 0.255363 0.119868 2.967196
v -0.478471 -0.135657 -2.597909
v 0.478621 -0.062306 1.460539
v -0.574167 -0.135657 -2.406518
v 0.446754 0.028781 2.903759
v 0.478621 0.215564 1.460539
v 0.020832 -0.135657 -2.871501
v 0.478621 -0.062306 1.269148
v 0.446754 0.028781 2.999455
v 0.478621 0.215564 1.269148
v 0.574316 -0.062306 1.460539
v 0.255363 0.028781 2.999455
v 0.574316 0.215564 1.460539
v -0.515661 -0.232257 -2.482296
v 0.255363 0.028781 2.903759
v 0.574316 -0.062306 1.269148
v 0.096610 -0.232257 -2.871941
v 0.574316 0.215564 1.269148
v 0.255363 0.074325 2.990423
v 0.478621 0.119868 1.460539
v 0.478621 0.119868 1.269148
v -0.574167 -0.135657 -2.597909
v 0.446754 0.074325 2.990423
v 0.574316 0.119868 1.269148
v 0.574316 0.119868 1.460539
v 0.136445 -0.232257 -2.871941
v 0.510879 0.028781 1.269148
v -0.515661 -0.232257 -2.522131
v 0.606575 0.028781 1.269148
v 0.446754 0.074325 2.894727
v 0.606575 0.028781 1.460539
v 0.212223 -0.135657 -2.871501
v 0.510879 0.028781 1.460539
v 0.255363 0.074325 2.894727
v 0.446754 -0.135657 2.871501
v 0.597542 0.074325 1.460539
v -0.501052 -0.016762 -2.406518
v 0.597542 0.074325 1.269148
v 0.370976 -0.232257 2.871941
v 0.501847 0.074325 1.269148
v 0.020832 -0.135657 -2.967196
v 0.501847 0.074325 1.460539
v 0.478621 -0.135657 1.269148
v -0.596748 -0.016762 -2.406518
v 0.479061 -0.232257 1.344926
v 0.331141 -0.232257 2.871941
v 0.096610 -0.232257 -2.908690
v 0.479061 -0.232257 1.384761
v 0.478621 -0.135657 1.460539
v 0.255363 -0.135657 2.871501
v 0.574316 -0.135657 1.269148
v 0.212223 -0.135657 -2.967196
v 0.446754 -0.135657 2.967196
v 0.515810 -0.232257 1.344926
v 0.574316 -0.135657 1.460539
v 0.370976 -0.232257 2.908690
v -0.596748 -0.016762 -2.597909
v 0.515810 -0.232257 1.384761
v 0.501202 -0.016762 1.269148
v -0.501052 -0.016762 -2.597909
v 0.255363 -0.135657 2.967196
v 0.596897 -0.016762 1.269148
v 0.331141 -0.232257 2.908690
v 0.596897 -0.016762 1.460539
v 0.136445 -0.232257 -2.908690
v 0.501202 -0.016762 1.460539
v 0.020832 -0.016762 -2.894082
v 0.478621 -0.098981 1.460539
v 0.446754 -0.016762 2.894082
v 0.478621 -0.098981 1.269148
v -0.478471 -0.098981 -2.597909
v 0.574316 -0.098981 1.269148
v 0.446754 -0.016762 2.989778
v 0.574316 -0.098981 1.460539
v 0.255363 -0.016762 2.989778
v 0.478841 -0.183840 1.298621
v 0.020832 -0.016762 -2.989778
v 0.478841 -0.183840 1.431066
v -0.478471 -0.098981 -2.406518
v 0.545063 -0.183840 1.298621
v 0.545063 -0.183840 1.431066
v 0.255363 -0.016762 2.894082
v 0.255363 -0.098981 2.871501
v 0.212223 -0.016762 -2.989778
v 0.446754 -0.098981 2.871501
v -0.574167 -0.098981 -2.406518
v -0.574167 -0.098981 -2.597909
v 0.478621 -0.062306 1.233065
v 0.478621 0.215564 1.233065
v 0.446754 -0.098981 2.967196
v 0.478621 -0.062306 1.041674
v 0.255363 -0.098981 2.967196
v 0.212223 -0.016762 -2.894082
v 0.478621 0.215564 1.041674
v 0.417281 -0.183840 2.871721
v 0.574316 -0.062306 1.233065
v -0.478692 -0.183840 -2.435992
v 0.574316 0.215564 1.233065
v 0.574316 -0.062306 1.041674
v 0.212223 -0.098981 -2.871501
v 0.574316 0.215564 1.041674
v 0.284837 -0.183840 2.871721
v 0.478621 0.119868 1.233065
v -0.478692 -0.183840 -2.568436
v 0.478621 0.119868 1.041674
v 0.417281 -0.183840 2.937943
v 0.574316 0.119868 1.041674
v 0.020832 -0.098981 -2.871501
v 0.284837 -0.183840 2.937943
v 0.574316 0.119868 1.233065
v 0.020832 -0.098981 -2.967196
v 0.510879 0.028781 1.041674
v 0.606575 0.028781 1.041674
v -0.544914 -0.183840 -2.435992
v 0.606575 0.028781 1.233065
v -0.544914 -0.183840 -2.568436
v 0.510879 0.028781 1.233065
v 0.212223 -0.098981 -2.967196
v 0.597542 0.074325 1.233065
v 0.050305 -0.183840 -2.871721
v 0.182749 -0.183840 -2.871721
v 0.597542 0.074325 1.041674
v 0.501847 0.074325 1.041674
v 0.050305 -0.183840 -2.937943
v 0.501847 0.074325 1.233065
v 0.182749 -0.183840 -2.937943
v 0.478621 -0.135657 1.041674
v -0.478471 -0.062306 -2.370435
v -0.022309 -0.062306 -2.871501
v 0.479061 -0.232257 1.117452
v -0.022309 0.215564 -2.871501
v 0.479061 -0.232257 1.157287
v 0.478621 -0.135657 1.233065
v -0.478471 0.215564 -2.370435
v -0.478471 -0.062306 -2.179044
v 0.574316 -0.135657 1.041674
v 0.515810 -0.232257 1.117452
v -0.213700 -0.062306 -2.871501
v -0.478471 0.215564 -2.179044
v 0.574316 -0.135657 1.233065
v 0.515810 -0.232257 1.157287
v -0.213700 0.215564 -2.871501
v 0.501202 -0.016762 1.041674
v -0.022309 -0.062306 -2.967196
v 0.596897 -0.016762 1.041674
v -0.574167 -0.062306 -2.370435
v 0.596897 -0.016762 1.233065
v -0.574167 0.215564 -2.370435
v -0.022309 0.215564 -2.967196
v 0.501202 -0.016762 1.233065
v 0.478621 -0.098981 1.233065
v -0.213700 -0.062306 -2.967196
v -0.574167 -0.062306 -2.179044
v 0.478621 -0.098981 1.041674
v 0.574316 -0.098981 1.041674
v -0.574167 0.215564 -2.179044
v -0.213700 0.215564 -2.967196
v 0.574316 -0.098981 1.233065
v 0.478841 -0.183840 1.071147
v -0.478471 0.119868 -2.370435
v 0.478841 -0.183840 1.203592
v -0.022309 0.119868 -2.871501
v -0.478471 0.119868 -2.179044
v 0.545063 -0.183840 1.071147
v 0.545063 -0.183840 1.203592
v -0.213700 0.119868 -2.871501
v -0.213700 0.119868 -2.967196
v -0.574167 0.119868 -2.179044
v -0.022309 0.119868 -2.967196
v -0.574167 0.119868 -2.370435
v -0.213700 0.028781 -2.903759
v 0.478620 -0.062306 1.005591
v 0.478620 0.215564 1.005591
v -0.510730 0.028781 -2.179044
v -0.213700 0.028781 -2.999455
v 0.478620 -0.062306 0.814200
v 0.478620 0.215564 0.814200
v -0.606426 0.028781 -2.179044
v 0.574316 -0.062306 1.005591
v -0.022309 0.028781 -2.999455
v -0.606426 0.028781 -2.370435
v 0.574316 0.215564 1.005591
v 0.574316 -0.062306 0.814200
v -0.022309 0.028781 -2.903759
v 0.574316 0.215564 0.814200
v -0.510730 0.028781 -2.370435
v -0.022309 0.074325 -2.990423
v 0.478620 0.119868 1.005591
v -0.597393 0.074325 -2.370435
v 0.478620 0.119868 0.814200
v -0.213700 0.074325 -2.990423
v 0.574316 0.119868 0.814200
v 0.574316 0.119868 1.005591
v -0.597393 0.074325 -2.179044
v -0.213700 0.074325 -2.894727
v 0.510879 0.028781 0.814200
v 0.606575 0.028781 0.814200
v -0.501697 0.074325 -2.179044
v -0.022309 0.074325 -2.894727
v 0.606575 0.028781 1.005591
v 0.510879 0.028781 1.005591
v -0.501697 0.074325 -2.370435
v 0.597542 0.074325 1.005591
v -0.478471 -0.135657 -2.179044
v -0.213700 -0.135657 -2.871501
v 0.597542 0.074325 0.814200
v 0.501847 0.074325 0.814200
v -0.478912 -0.232257 -2.254822
v -0.137922 -0.232257 -2.871941
v 0.501847 0.074325 1.005591
v -0.098086 -0.232257 -2.871941
v 0.478620 -0.135657 0.814200
v 0.479061 -0.232257 0.889978
v -0.478912 -0.232257 -2.294657
v 0.479061 -0.232257 0.929813
v -0.478471 -0.135657 -2.370435
v -0.022309 -0.135657 -2.871501
v 0.478620 -0.135657 1.005591
v 0.574316 -0.135657 0.814200
v -0.213700 -0.135657 -2.967196
v 0.515810 -0.232257 0.889978
v -0.574167 -0.135657 -2.179044
v 0.574316 -0.135657 1.005591
v -0.137922 -0.232257 -2.908690
v -0.515661 -0.232257 -2.254822
v 0.515810 -0.232257 0.929813
v 0.501202 -0.016762 0.814200
v -0.574167 -0.135657 -2.370435
v 0.596897 -0.016762 0.814200
v -0.022309 -0.135657 -2.967196
v -0.098086 -0.232257 -2.908690
v 0.596897 -0.016762 1.005591
v 0.501202 -0.016762 1.005591
v -0.515661 -0.232257 -2.294657
v 0.478620 -0.098981 1.005591
v -0.501052 -0.016762 -2.179044
v 0.478620 -0.098981 0.814200
v -0.213700 -0.016762 -2.894082
v -0.213700 -0.016762 -2.989778
v 0.574316 -0.098981 0.814200
v -0.596748 -0.016762 -2.179044
v 0.574316 -0.098981 1.005591
v 0.478840 -0.183840 0.843673
v -0.022309 -0.016762 -2.989778
v -0.596748 -0.016762 -2.370435
v 0.478840 -0.183840 0.976118
v 0.545063 -0.183840 0.843673
v -0.501052 -0.016762 -2.370435
v -0.022309 -0.016762 -2.894082
v 0.545063 -0.183840 0.976118
v -0.022309 -0.098981 -2.871501
v -0.478471 -0.098981 -2.370435
v -0.213700 -0.098981 -2.871501
v -0.478471 -0.098981 -2.179044
v 0.478620 -0.062306 0.778117
v -0.574167 -0.098981 -2.179044
v 0.478620 0.215564 0.778117
v -0.213700 -0.098981 -2.967196
v -0.574167 -0.098981 -2.370435
v 0.478620 -0.062306 0.586725
v -0.022309 -0.098981 -2.967196
v 0.478620 0.215564 0.586725
v -0.478692 -0.183840 -2.208517
v 0.574316 -0.062306 0.778117
v -0.184226 -0.183840 -2.871721
v 0.574316 0.215564 0.778117
v 0.574316 -0.062306 0.586725
v -0.051782 -0.183840 -2.871721
v -0.478692 -0.183840 -2.340962
v 0.574316 0.215564 0.586725
v -0.184226 -0.183840 -2.937943
v 0.478620 0.119868 0.778117
v -0.544914 -0.183840 -2.208517
v 0.478620 0.119868 0.586725
v -0.544914 -0.183840 -2.340962
v 0.574316 0.119868 0.586725
v -0.051782 -0.183840 -2.937943
v 0.574316 0.119868 0.778117
v -0.256840 -0.062306 -2.871501
v 0.510879 0.028781 0.586725
v 0.606575 0.028781 0.586725
v -0.256840 0.215564 -2.871501
v 0.606575 0.028781 0.778117
v -0.448231 -0.062306 -2.871501
v -0.448231 0.215564 -2.871501
v 0.510879 0.028781 0.778117
v 0.597542 0.074325 0.778117
v -0.478471 -0.062306 -2.142961
v 0.597542 0.074325 0.586725
v -0.256840 -0.062306 -2.967196
v 0.501847 0.074325 0.586725
v -0.256840 0.215564 -2.967196
v 0.501847 0.074325 0.778117
v -0.478471 0.215564 -2.142961
v 0.478620 -0.135657 0.586725
v -0.478471 -0.062306 -1.951570
v -0.448231 -0.062306 -2.967196
v 0.479061 -0.232257 0.662503
v -0.478471 0.215564 -1.951570
v 0.479061 -0.232257 0.702339
v -0.448231 0.215564 -2.967196
v 0.478620 -0.135657 0.778117
v 0.574316 -0.135657 0.586725
v -0.256840 0.119868 -2.871501
v 0.515810 -0.232257 0.662503
v -0.574167 -0.062306 -2.142961
v -0.448231 0.119868 -2.871501
v 0.574316 -0.135657 0.778117
v -0.574167 0.215564 -2.142961
v 0.515810 -0.232257 0.702339
v 0.501202 -0.016762 0.586725
v -0.574167 -0.062306 -1.951570
v -0.448231 0.119868 -2.967196
v 0.596897 -0.016762 0.586725
v -0.574167 0.215564 -1.951570
v 0.596897 -0.016762 0.778117
v -0.256840 0.119868 -2.967196
v 0.501202 -0.016762 0.778117
v 0.478620 -0.098981 0.778117
v -0.448231 0.028781 -2.903759
v 0.478620 -0.098981 0.586725
v -0.478471 0.119868 -2.142961
v 0.574316 -0.098981 0.586725
v -0.448231 0.028781 -2.999455
v -0.478471 0.119868 -1.951570
v 0.574316 -0.098981 0.778117
v 0.478840 -0.183840 0.616199
v -0.574167 0.119868 -1.951570
v 0.478840 -0.183840 0.748643
v -0.256840 0.028781 -2.999455
v 0.545063 -0.183840 0.616199
v -0.574167 0.119868 -2.142961
v -0.256840 0.028781 -2.903759
v 0.545063 -0.183840 0.748643
v -0.510730 0.028781 -1.951570
v -0.256840 0.074325 -2.990423
v -0.448231 0.074325 -2.990423
v -0.606425 0.028781 -1.951570
v 0.478620 -0.062306 0.550643
v -0.448231 0.074325 -2.894727
v 0.478620 0.215564 0.550643
v -0.606426 0.028781 -2.142961
v 0.478620 -0.062306 0.359251
v -0.510730 0.028781 -2.142961
v 0.478620 0.215564 0.359251
v -0.256840 0.074325 -2.894727
v -0.597393 0.074325 -2.142961
v 0.574316 -0.062306 0.550643
v 0.574316 0.215564 0.550643
v -0.448231 -0.135657 -2.871501
v -0.372453 -0.232257 -2.871941
v 0.574316 -0.062306 0.359251
v -0.597393 0.074325 -1.951570
v 0.574316 0.215564 0.359251
v 0.478620 0.119868 0.550643
v -0.501697 0.074325 -1.951570
v -0.332618 -0.232257 -2.871941
v 0.478620 0.119868 0.359251
v 0.574316 0.119868 0.359251
v -0.501697 0.074325 -2.142961
v -0.256840 -0.135657 -2.871501
v 0.574316 0.119868 0.550643
v -0.478471 -0.135657 -1.951570
v 0.510879 0.028781 0.359251
v 0.606575 0.028781 0.359251
v -0.448231 -0.135657 -2.967196
v -0.372453 -0.232257 -2.908690
v 0.606575 0.028781 0.550643
v 0.510879 0.028781 0.550643
v -0.478912 -0.232257 -2.027348
v -0.256840 -0.135657 -2.967196
v 0.597542 0.074325 0.550643
v 0.597542 0.074325 0.359251
v -0.478912 -0.232257 -2.067183
v 0.501847 0.074325 0.359251
v -0.478471 -0.135657 -2.142961
v -0.332618 -0.232257 -2.908690
v 0.501847 0.074325 0.550643
v 0.478620 -0.135657 0.359251
v -0.448231 -0.016762 -2.894082
v 0.479061 -0.232257 0.435029
v -0.574167 -0.135657 -1.951570
v 0.479061 -0.232257 0.474865
v -0.515660 -0.232257 -2.027348
v -0.448231 -0.016762 -2.989778
v 0.478620 -0.135657 0.550643
v 0.574316 -0.135657 0.359251
v -0.574167 -0.135657 -2.142961
v 0.515810 -0.232257 0.435029
v -0.256840 -0.016762 -2.989778
v -0.256840 -0.016762 -2.894082
v 0.574316 -0.135657 0.550643
v 0.515810 -0.232257 0.474865
v -0.515661 -0.232257 -2.067183
v 0.501202 -0.016762 0.359251
v -0.501052 -0.016762 -1.951570
v 0.596897 -0.016762 0.359251
v -0.256840 -0.098981 -2.871501
v -0.596748 -0.016762 -1.951570
v 0.596897 -0.016762 0.550643
v -0.448231 -0.098981 -2.871501
v 0.501202 -0.016762 0.550643
v -0.596748 -0.016762 -2.142961
v 0.478620 -0.098981 0.550643
v -0.448231 -0.098981 -2.967196
v 0.478620 -0.098981 0.359251
v 0.574316 -0.098981 0.359251
v -0.256840 -0.098981 -2.967196
v 0.574316 -0.098981 0.550643
v -0.501052 -0.016762 -2.142961
v -0.418757 -0.183840 -2.871721
v 0.478840 -0.183840 0.388725
v 0.478840 -0.183840 0.521169
v -0.478471 -0.098981 -2.142961
v 0.545063 -0.183840 0.388725
v -0.478471 -0.098981 -1.951570
v -0.286313 -0.183840 -2.871721
v 0.545063 -0.183840 0.521169
v -0.418757 -0.183840 -2.937943
v -0.574167 -0.098981 -1.951570
v -0.574167 -0.098981 -2.142961
v -0.286313 -0.183840 -2.937943
v 0.478620 -0.062306 0.323169
v 0.212223 0.119868 -2.870872
v -0.478692 -0.183840 -1.981043
v 0.478620 0.215564 0.323169
v 0.478620 -0.062306 0.131777
v 0.255363 0.215564 -2.870872
v 0.478620 0.215564 0.131777
v -0.478692 -0.183840 -2.113488
v -0.022309 0.119868 -2.870872
v 0.574316 -0.062306 0.323169
v 0.574316 0.215564 0.323169
v -0.544914 -0.183840 -1.981043
v 0.574316 -0.062306 0.131777
v 0.020832 0.119868 -2.870872
v -0.544914 -0.183840 -2.113488
v 0.574316 0.215564 0.131777
v 0.020832 0.215564 -2.870872
v 0.478620 0.119868 0.323169
v 0.478620 0.119868 0.131777
v 0.212223 0.215564 -2.870872
v -0.256840 0.119868 -2.870872
v 0.574316 0.119868 0.131777
v -0.213700 0.119868 -2.870872
v 0.574316 0.119868 0.323169
v 0.510879 0.028781 0.131777
v -0.478471 -0.062306 -1.915487
v 0.606575 0.028781 0.131777
v -0.213700 0.215564 -2.870872
v -0.448231 0.215564 -2.870872
v 0.606575 0.028781 0.323169
v -0.478471 0.215564 -1.915487
v 0.510879 0.028781 0.323169
v -0.448231 0.119868 -2.870872
v 0.597542 0.074325 0.323169
v 0.597542 0.074325 0.131777
v -0.478471 -0.062306 -1.724096
v -0.478471 0.215564 -1.724096
v 0.501847 0.074325 0.131777
v 0.501847 0.074325 0.323169
v -0.256840 0.215564 -2.870872
v -0.022309 0.215564 -2.870872
v 0.478620 -0.135657 0.131777
v 0.479061 -0.232257 0.207556
v -0.574167 -0.062306 -1.915487
v 0.446754 0.119868 -2.870872
v 0.479061 -0.232257 0.247391
v 0.478620 -0.135657 0.323169
v -0.574167 0.215564 -1.915487
v 0.446754 0.215564 -2.870872
v 0.574316 -0.135657 0.131777
v -0.574167 -0.062306 -1.724096
v 0.515810 -0.232257 0.207556
v -0.574167 0.215564 -1.724096
v 0.574316 -0.135657 0.323169
v 0.255363 0.119868 -2.870872
v 0.515810 -0.232257 0.247391
v -0.478471 0.119868 -1.915487
v 0.501202 -0.016762 0.131777
v -0.478471 0.119868 -1.724096
v 0.596897 -0.016762 0.131777
v 0.596897 -0.016762 0.323169
v -0.574167 0.119868 -1.724096
v 0.501202 -0.016762 0.323169
v -0.574167 0.119868 -1.915487
v -0.510730 0.028781 -1.724096
v 0.478620 -0.098981 0.323169
v -0.606425 0.028781 -1.724096
v 0.478620 -0.098981 0.131777
v 0.574316 -0.098981 0.131777
v -0.606425 0.028781 -1.915487
v 0.574316 -0.098981 0.323169
v -0.510730 0.028781 -1.915487
v -0.597393 0.074325 -1.915487
v 0.478840 -0.183840 0.161251
v 0.478840 -0.183840 0.293696
v -0.597393 0.074325 -1.724096
v -0.501697 0.074325 -1.724096
v 0.545063 -0.183840 0.161251
v -0.501697 0.074325 -1.915487
v 0.545063 -0.183840 0.293696
v -0.478471 -0.135657 -1.724096
v -0.478912 -0.232257 -1.799874
v -0.478912 -0.232257 -1.839709
v -0.478471 -0.135657 -1.915487
v 0.478620 -0.062306 0.095695
v -0.574167 -0.135657 -1.724096
v -0.515660 -0.232257 -1.799874
v 0.478620 0.215564 0.095695
v -0.574167 -0.135657 -1.915487
v 0.478620 -0.062306 -0.095697
v 0.478620 0.215564 -0.095697
v -0.515660 -0.232257 -1.839709
v 0.574316 -0.062306 0.095695
v -0.501052 -0.016762 -1.724096
v -0.596748 -0.016762 -1.724096
v 0.574316 0.215564 0.095695
v -0.596748 -0.016762 -1.915487
v 0.574316 -0.062306 -0.095697
v -0.501052 -0.016762 -1.915487
v 0.574316 0.215564 -0.095697
v 0.478620 0.119868 0.095695
v -0.478471 -0.098981 -1.915487
v -0.478471 -0.098981 -1.724096
v 0.478620 0.119868 -0.095697
v 0.574316 0.119868 -0.095697
v -0.574167 -0.098981 -1.724096
v -0.574167 -0.098981 -1.915487
v 0.574316 0.119868 0.095695
v 0.510879 0.028781 -0.095697
v -0.478692 -0.183840 -1.753569
v 0.606575 0.028781 -0.095697
v -0.478692 -0.183840 -1.886014
v -0.544914 -0.183840 -1.753569
v 0.606575 0.028781 0.095695
v -0.544914 -0.183840 -1.886014
v 0.510879 0.028781 0.095695
v 0.597542 0.074325 0.095695
v -0.478471 -0.062306 -1.688013
v 0.597542 0.074325 -0.095697
v -0.478471 0.215564 -1.688013
v -0.478471 -0.062306 -1.496622
v 0.501847 0.074325 -0.095697
v 0.501847 0.074325 0.095695
v -0.478471 0.215564 -1.496622
v 0.478620 -0.135657 -0.095697
v -0.574167 -0.062306 -1.688013
v 0.479061 -0.232257 -0.019919
v -0.574167 0.215564 -1.688013
v 0.479061 -0.232257 0.019917
v -0.574167 -0.062306 -1.496622
v -0.574167 0.215564 -1.496622
v 0.478620 -0.135657 0.095695
v -0.478471 0.119868 -1.688013
v 0.574316 -0.135657 -0.095697
v 0.515810 -0.232257 -0.019919
v -0.478471 0.119868 -1.496622
v -0.574167 0.119868 -1.496622
v 0.574316 -0.135657 0.095695
v -0.574167 0.119868 -1.688013
v 0.515810 -0.232257 0.019917
v -0.510730 0.028781 -1.496622
v 0.501202 -0.016762 -0.095697
v 0.596897 -0.016762 -0.095697
v -0.606425 0.028781 -1.496622
v 0.596897 -0.016762 0.095695
v -0.606425 0.028781 -1.688013
v 0.501202 -0.016762 0.095695
v -0.510730 0.028781 -1.688013
v 0.478620 -0.098981 0.095695
v -0.597393 0.074325 -1.688013
v 0.478620 -0.098981 -0.095697
v -0.597393 0.074325 -1.496622
v -0.501697 0.074325 -1.496622
v 0.574316 -0.098981 -0.095697
v -0.501697 0.074325 -1.688013
v 0.574316 -0.098981 0.095695
v -0.478471 -0.135657 -1.496622
v 0.478840 -0.183840 -0.066223
v 0.478840 -0.183840 0.066221
v -0.478912 -0.232257 -1.572400
v 0.545063 -0.183840 -0.066223
v -0.478912 -0.232257 -1.612235
v -0.478471 -0.135657 -1.688013
v 0.545063 -0.183840 0.066221
v -0.574167 -0.135657 -1.496622
v -0.515660 -0.232257 -1.572400
v -0.574167 -0.135657 -1.688013
v -0.515660 -0.232257 -1.612235
v -0.501052 -0.016762 -1.496622
v 0.478620 -0.062306 -0.131779
v -0.596748 -0.016762 -1.496622
v 0.478620 0.215564 -0.131779
v 0.478620 -0.062306 -0.323171
v -0.596748 -0.016762 -1.688013
v -0.501052 -0.016762 -1.688013
v 0.478620 0.215564 -0.323171
v -0.478471 -0.098981 -1.688013
v 0.574316 -0.062306 -0.131779
v -0.478471 -0.098981 -1.496622
v 0.574316 0.215564 -0.131779
v -0.574167 -0.098981 -1.496622
v 0.574316 -0.062306 -0.323171
v 0.574316 0.215564 -0.323171
v -0.574167 -0.098981 -1.688013
v 0.478620 0.119868 -0.131779
v -0.478692 -0.183840 -1.526095
v -0.478692 -0.183840 -1.658540
v 0.478620 0.119868 -0.323171
v -0.544914 -0.183840 -1.526095
v 0.574316 0.119868 -0.323171
v 0.574316 0.119868 -0.131779
v -0.544914 -0.183840 -1.658540
v 0.510879 0.028781 -0.323171
v -0.478471 -0.062306 -1.460539
v -0.478471 0.215564 -1.460539
v 0.606575 0.028781 -0.323171
v 0.606575 0.028781 -0.131779
v -0.478471 -0.062306 -1.269148
v -0.478471 0.215564 -1.269148
v 0.510879 0.028781 -0.131779
v -0.574167 -0.062306 -1.460539
v 0.597542 0.074325 -0.131779
v 0.597542 0.074325 -0.323171
v -0.574167 0.215564 -1.460539
v 0.501847 0.074325 -0.323171
v -0.574167 -0.062306 -1.269148
v 0.501847 0.074325 -0.131779
v -0.574167 0.215564 -1.269148
v -0.478471 0.119868 -1.460539
v 0.478620 -0.135657 -0.323171
v -0.478471 0.119868 -1.269148
v 0.479061 -0.232257 -0.247393
v 0.479061 -0.232257 -0.207557
v -0.574167 0.119868 -1.269148
v -0.574167 0.119868 -1.460539
v 0.478620 -0.135657 -0.131779
v 0.574316 -0.135657 -0.323171
v -0.510730 0.028781 -1.269148
v 0.515810 -0.232257 -0.247393
v -0.606425 0.028781 -1.269148
v -0.606425 0.028781 -1.460539
v 0.574316 -0.135657 -0.131779
v -0.510730 0.028781 -1.460539
v 0.515810 -0.232257 -0.207557
v 0.501202 -0.016762 -0.323171
v -0.597393 0.074325 -1.460539
v -0.597393 0.074325 -1.269148
v 0.596897 -0.016762 -0.323171
v -0.501697 0.074325 -1.269148
v 0.596897 -0.016762 -0.131779
v 0.501202 -0.016762 -0.131779
v -0.501697 0.074325 -1.460539
v 0.478620 -0.098981 -0.131779
v -0.478471 -0.135657 -1.269148
v -0.478912 -0.232257 -1.344926
v 0.478620 -0.098981 -0.323171
v 0.574316 -0.098981 -0.323171
v -0.478912 -0.232257 -1.384761
v 0.574316 -0.098981 -0.131779
v -0.478471 -0.135657 -1.460539
v 0.478840 -0.183840 -0.293697
v -0.574167 -0.135657 -1.269148
v -0.515660 -0.232257 -1.344926
v 0.478840 -0.183840 -0.161253
v -0.574167 -0.135657 -1.460539
v 0.545063 -0.183840 -0.293697
v 0.545063 -0.183840 -0.161253
v -0.515660 -0.232257 -1.384761
v -0.501052 -0.016762 -1.269148
v -0.596748 -0.016762 -1.269148
v -0.596748 -0.016762 -1.460539
v -0.501052 -0.016762 -1.460539
v 0.478620 -0.062306 -0.359253
v -0.478471 -0.098981 -1.460539
v -0.478471 -0.098981 -1.269148
v 0.478620 0.215564 -0.359253
v -0.574167 -0.098981 -1.269148
v 0.478620 -0.062306 -0.550645
v -0.574167 -0.098981 -1.460539
v 0.478620 0.215564 -0.550645
v -0.478692 -0.183840 -1.298621
v 0.574316 -0.062306 -0.359253
v -0.478692 -0.183840 -1.431066
v 0.574316 0.215564 -0.359253
v -0.544914 -0.183840 -1.298621
v 0.574316 -0.062306 -0.550645
v -0.544914 -0.183840 -1.431066
v 0.574316 0.215564 -0.550645
v -0.478471 -0.062306 -1.233065
v 0.478620 0.119868 -0.359253
v 0.478620 0.119868 -0.550645
v -0.478471 0.215564 -1.233065
v 0.574316 0.119868 -0.550645
v -0.478471 -0.062306 -1.041674
v -0.478471 0.215564 -1.041674
v 0.574316 0.119868 -0.359253
v -0.574167 -0.062306 -1.233065
v 0.510879 0.028781 -0.550645
v -0.574167 0.215564 -1.233065
v 0.606575 0.028781 -0.550645
v -0.574167 -0.062306 -1.041674
v 0.606575 0.028781 -0.359253
v 0.510879 0.028781 -0.359253
v -0.574167 0.215564 -1.041674
v -0.478471 0.119868 -1.233065
v 0.597542 0.074325 -0.359253
v 0.597542 0.074325 -0.550645
v -0.478471 0.119868 -1.041674
v 0.501847 0.074325 -0.550645
v -0.574167 0.119868 -1.041674
v -0.574167 0.119868 -1.233065
v 0.501847 0.074325 -0.359253
v 0.478620 -0.135657 -0.550645
v -0.510730 0.028781 -1.041674
v -0.606425 0.028781 -1.041674
v 0.479061 -0.232257 -0.474867
v 0.479061 -0.232257 -0.435031
v -0.606425 0.028781 -1.233065
v -0.510730 0.028781 -1.233065
v 0.478620 -0.135657 -0.359253
v 0.574316 -0.135657 -0.550645
v -0.597393 0.074325 -1.233065
v -0.597393 0.074325 -1.041674
v 0.515810 -0.232257 -0.474867
v -0.501697 0.074325 -1.041674
v 0.574316 -0.135657 -0.359253
v -0.501697 0.074325 -1.233065
v 0.515810 -0.232257 -0.435031
v -0.478471 -0.135657 -1.041674
v 0.501202 -0.016762 -0.550645
v -0.478912 -0.232257 -1.117452
v 0.596897 -0.016762 -0.550645
v 0.596897 -0.016762 -0.359253
v -0.478912 -0.232257 -1.157287
v 0.501202 -0.016762 -0.359253
v -0.478471 -0.135657 -1.233065
v 0.478620 -0.098981 -0.359253
v -0.574167 -0.135657 -1.041674
v 0.478620 -0.098981 -0.550645
v -0.515660 -0.232257 -1.117452
v -0.574167 -0.135657 -1.233065
v 0.574316 -0.098981 -0.550645
v 0.574316 -0.098981 -0.359253
v -0.515660 -0.232257 -1.157287
v 0.478840 -0.183840 -0.521171
v -0.501052 -0.016762 -1.041674
v 0.478840 -0.183840 -0.388727
v -0.596748 -0.016762 -1.041674
v -0.596748 -0.016762 -1.233065
v 0.545063 -0.183840 -0.521171
v -0.501052 -0.016762 -1.233065
v 0.545063 -0.183840 -0.388727
v -0.478471 -0.098981 -1.233065
v -0.478471 -0.098981 -1.041674
v -0.574167 -0.098981 -1.041674
v -0.574167 -0.098981 -1.233065
v -0.478692 -0.183840 -1.071147
v 0.478620 -0.062306 -0.586727
v -0.478692 -0.183840 -1.203592
v 0.478620 0.215564 -0.586727
v -0.544914 -0.183840 -1.071147
v 0.478620 -0.062306 -0.778119
v 0.478620 0.215564 -0.778119
v -0.544914 -0.183840 -1.203592
v -0.478471 -0.062306 -1.005591
v 0.574316 -0.062306 -0.586727
v -0.478471 0.215564 -1.005591
v 0.574316 0.215564 -0.586727
v 0.574316 -0.062306 -0.778119
v -0.478471 -0.062306 -0.814200
v 0.574316 0.215564 -0.778119
v -0.478471 0.215564 -0.814200
v 0.478620 0.119868 -0.586727
v -0.574167 -0.062306 -1.005591
v 0.478620 0.119868 -0.778119
v -0.574167 0.215564 -1.005591
v 0.574316 0.119868 -0.778119
v -0.574167 -0.062306 -0.814200
v 0.574316 0.119868 -0.586727
v -0.574167 0.215564 -0.814200
v -0.478471 0.119868 -1.005591
v 0.510879 0.028781 -0.778119
v -0.478471 0.119868 -0.814200
v 0.606575 0.028781 -0.778119
v -0.574167 0.119868 -0.814200
v 0.606575 0.028781 -0.586727
v -0.574167 0.119868 -1.005591
v 0.510879 0.028781 -0.586727
v -0.510730 0.028781 -0.814200
v 0.597542 0.074325 -0.586727
v -0.606425 0.028781 -0.814200
v 0.597542 0.074325 -0.778119
v 0.501846 0.074325 -0.778119
v -0.606425 0.028781 -1.005591
v 0.501847 0.074325 -0.586727
v -0.510730 0.028781 -1.005591
v 0.478620 -0.135657 -0.778119
v -0.597393 0.074325 -1.005591
v 0.479061 -0.232257 -0.702341
v -0.597393 0.074325 -0.814200
v 0.479061 -0.232257 -0.662505
v -0.501697 0.074325 -0.814200
v -0.501697 0.074325 -1.005591
v 0.478620 -0.135657 -0.586727
v 0.574316 -0.135657 -0.778119
v -0.478471 -0.135657 -0.814200
v -0.478912 -0.232257 -0.889978
v 0.515810 -0.232257 -0.702341
v -0.478912 -0.232257 -0.929813
v 0.574316 -0.135657 -0.586727
v 0.515810 -0.232257 -0.662505
v -0.478471 -0.135657 -1.005591
v -0.574167 -0.135657 -0.814200
v 0.501202 -0.016762 -0.778119
v 0.596897 -0.016762 -0.778119
v -0.515660 -0.232257 -0.889978
v -0.574167 -0.135657 -1.005591
v 0.596897 -0.016762 -0.586727
v 0.501202 -0.016762 -0.586727
v -0.515660 -0.232257 -0.929813
v 0.478620 -0.098981 -0.586727
v -0.501052 -0.016762 -0.814200
v 0.478620 -0.098981 -0.778119
v -0.596748 -0.016762 -0.814200
v -0.596748 -0.016762 -1.005591
v 0.574316 -0.098981 -0.778119
v -0.501052 -0.016762 -1.005591
v 0.574316 -0.098981 -0.586727
v 0.478840 -0.183840 -0.748645
v -0.478471 -0.098981 -1.005591
v -0.478471 -0.098981 -0.814200
v 0.478840 -0.183840 -0.616201
v -0.574167 -0.098981 -0.814200
v 0.545063 -0.183840 -0.748645
v -0.574167 -0.098981 -1.005591
v 0.545063 -0.183840 -0.616201
v -0.478692 -0.183840 -0.843673
v -0.478692 -0.183840 -0.976118
v -0.544914 -0.183840 -0.843673
v -0.544914 -0.183840 -0.976118
v 0.478620 -0.062306 -0.814201
v -0.478471 -0.062306 -0.778117
v 0.478620 0.215564 -0.814201
v -0.478471 0.215564 -0.778117
v -0.478471 -0.062306 -0.586725
v 0.478620 -0.062306 -1.005593
v 0.478620 0.215564 -1.005593
v -0.478471 0.215564 -0.586725
v -0.574167 -0.062306 -0.778117
v 0.574316 -0.062306 -0.814201
v 0.574316 0.215564 -0.814201
v -0.574167 0.215564 -0.778117
v 0.574316 -0.062306 -1.005593
v -0.574167 -0.062306 -0.586725
v 0.574316 0.215564 -1.005593
v -0.574167 0.215564 -0.586725
v 0.478620 0.119868 -0.814201
v -0.478471 0.119868 -0.778117
v -0.478471 0.119868 -0.586725
v 0.478620 0.119868 -1.005593
v -0.574167 0.119868 -0.586725
v 0.574316 0.119868 -1.005593
v -0.574167 0.119868 -0.778117
v 0.574316 0.119868 -0.814201
v 0.510879 0.028781 -1.005593
v -0.510730 0.028781 -0.586725
v 0.606575 0.028781 -1.005593
v -0.606425 0.028781 -0.586725
v 0.606575 0.028781 -0.814201
v -0.606425 0.028781 -0.778117
v -0.510730 0.028781 -0.778117
v 0.510879 0.028781 -0.814201
v -0.597393 0.074325 -0.778117
v 0.597542 0.074325 -0.814201
v 0.597542 0.074325 -1.005593
v -0.597393 0.074325 -0.586725
v -0.501697 0.074325 -0.586725
v 0.501846 0.074325 -1.005593
v -0.501697 0.074325 -0.778117
v 0.501846 0.074325 -0.814201
v 0.478620 -0.135657 -1.005593
v -0.478471 -0.135657 -0.586725
v -0.478912 -0.232257 -0.662503
v 0.479061 -0.232257 -0.929815
v 0.479061 -0.232257 -0.889979
v -0.478912 -0.232257 -0.702339
v 0.478620 -0.135657 -0.814201
v -0.478471 -0.135657 -0.778117
v 0.574316 -0.135657 -1.005593
v -0.574167 -0.135657 -0.586725
v -0.515660 -0.232257 -0.662503
v 0.515810 -0.232257 -0.929815
v 0.574316 -0.135657 -0.814201
v -0.574167 -0.135657 -0.778117
v 0.515810 -0.232257 -0.889979
v -0.515660 -0.232257 -0.702339
v 0.501202 -0.016762 -1.005593
v -0.501052 -0.016762 -0.586725
v -0.596748 -0.016762 -0.586725
v 0.596897 -0.016762 -1.005593
v -0.596748 -0.016762 -0.778117
v 0.596897 -0.016762 -0.814201
v 0.501202 -0.016762 -0.814201
v -0.501052 -0.016762 -0.778117
v -0.478471 -0.098981 -0.778117
v 0.478620 -0.098981 -0.814201
v -0.478471 -0.098981 -0.586725
v 0.478620 -0.098981 -1.005593
v 0.574316 -0.098981 -1.005593
v -0.574167 -0.098981 -0.586725
v 0.574316 -0.098981 -0.814201
v -0.574167 -0.098981 -0.778117
v -0.478692 -0.183840 -0.616199
v 0.478840 -0.183840 -0.976119
v 0.478840 -0.183840 -0.843675
v -0.478692 -0.183840 -0.748643
v 0.545063 -0.183840 -0.976119
v -0.544914 -0.183840 -0.616199
v 0.545063 -0.183840 -0.843675
v -0.544914 -0.183840 -0.748643
v -0.478471 -0.062306 -0.550643
v -0.478471 0.215564 -0.550643
v -0.478471 -0.062306 -0.359251
v -0.478471 0.215564 -0.359251
v -0.574167 -0.062306 -0.550643
v 0.478620 -0.062306 -1.041675
v 0.478620 0.215564 -1.041675
v -0.574167 0.215564 -0.550643
v 0.478620 -0.062306 -1.233067
v -0.574167 -0.062306 -0.359251
v -0.574167 0.215564 -0.359251
v 0.478620 0.215564 -1.233067
v 0.574316 -0.062306 -1.041675
v -0.478471 0.119868 -0.550643
v 0.574316 0.215564 -1.041675
v -0.478471 0.119868 -0.359251
v -0.574167 0.119868 -0.359251
v 0.574316 -0.062306 -1.233067
v -0.574167 0.119868 -0.550643
v 0.574316 0.215564 -1.233067
v 0.478620 0.119868 -1.041675
v -0.510730 0.028781 -0.359251
v -0.606425 0.028781 -0.359251
v 0.478620 0.119868 -1.233067
v -0.606425 0.028781 -0.550643
v 0.574316 0.119868 -1.233067
v -0.510730 0.028781 -0.550643
v 0.574316 0.119868 -1.041675
v 0.510879 0.028781 -1.233067
v -0.597393 0.074325 -0.550643
v -0.597393 0.074325 -0.359251
v 0.606575 0.028781 -1.233067
v -0.501697 0.074325 -0.359251
v 0.606575 0.028781 -1.041675
v 0.510879 0.028781 -1.041675
v -0.501697 0.074325 -0.550643
v -0.478471 -0.135657 -0.359251
v 0.597542 0.074325 -1.041675
v -0.478912 -0.232257 -0.435029
v 0.597542 0.074325 -1.233067
v -0.478912 -0.232257 -0.474865
v 0.501846 0.074325 -1.233067
v -0.478471 -0.135657 -0.550643
v 0.501846 0.074325 -1.041675
v 0.478620 -0.135657 -1.233067
v -0.574167 -0.135657 -0.359251
v 0.479061 -0.232257 -1.157289
v -0.515660 -0.232257 -0.435029
v 0.479061 -0.232257 -1.117453
v -0.574167 -0.135657 -0.550643
v 0.478620 -0.135657 -1.041675
v -0.515660 -0.232257 -0.474865
v 0.574316 -0.135657 -1.233067
v -0.501052 -0.016762 -0.359251
v -0.596748 -0.016762 -0.359251
v 0.515810 -0.232257 -1.157289
v -0.596748 -0.016762 -0.550643
v 0.574316 -0.135657 -1.041675
v 0.515810 -0.232257 -1.117453
v -0.501052 -0.016762 -0.550643
v 0.501202 -0.016762 -1.233067
v -0.478471 -0.098981 -0.550643
v 0.596897 -0.016762 -1.233067
v -0.478471 -0.098981 -0.359251
v -0.574167 -0.098981 -0.359251
v 0.596897 -0.016762 -1.041675
v -0.574167 -0.098981 -0.550643
v 0.501202 -0.016762 -1.041675
v -0.478692 -0.183840 -0.388725
v 0.478620 -0.098981 -1.041675
v 0.478620 -0.098981 -1.233067
v -0.478692 -0.183840 -0.521169
v 0.574316 -0.098981 -1.233067
v -0.544914 -0.183840 -0.388725
v 0.574316 -0.098981 -1.041675
v -0.544914 -0.183840 -0.521169
v 0.478840 -0.183840 -1.203593
v -0.478471 -0.062306 -0.323169
v -0.478471 0.215564 -0.323169
v 0.478840 -0.183840 -1.071149
v -0.478471 -0.062306 -0.131777
v 0.545063 -0.183840 -1.203593
v -0.478471 0.215564 -0.131777
v 0.545063 -0.183840 -1.071149
v -0.574167 -0.062306 -0.323169
v -0.574167 0.215564 -0.323169
v -0.574167 -0.062306 -0.131777
v -0.574167 0.215564 -0.131777
v -0.478471 0.119868 -0.323169
v 0.478620 -0.062306 -1.269150
v 0.478620 0.215564 -1.269150
v -0.478471 0.119868 -0.131777
v 0.478620 -0.062306 -1.460541
v -0.574167 0.119868 -0.131777
v -0.574167 0.119868 -0.323169
v 0.478620 0.215564 -1.460541
v 0.574316 -0.062306 -1.269150
v -0.510730 0.028781 -0.131777
v 0.574316 0.215564 -1.269150
v -0.606425 0.028781 -0.131777
v -0.606425 0.028781 -0.323169
v 0.574316 -0.062306 -1.460541
v -0.510730 0.028781 -0.323169
v 0.574316 0.215564 -1.460541
v -0.597393 0.074325 -0.323169
v 0.478620 0.119868 -1.269150
v 0.478620 0.119868 -1.460541
v -0.597393 0.074325 -0.131777
v 0.574316 0.119868 -1.460541
v -0.501697 0.074325 -0.131777
v -0.501697 0.074325 -0.323169
v 0.574316 0.119868 -1.269150
v 0.510879 0.028781 -1.460541
v -0.478471 -0.135657 -0.131777
v 0.606575 0.028781 -1.460541
v -0.478912 -0.232257 -0.207556
v -0.478912 -0.232257 -0.247391
v 0.606575 0.028781 -1.269150
v -0.478471 -0.135657 -0.323169
v 0.510879 0.028781 -1.269150
v -0.574167 -0.135657 -0.131777
v 0.597542 0.074325 -1.269150
v 0.597542 0.074325 -1.460541
v -0.515660 -0.232257 -0.207556
v 0.501846 0.074325 -1.460541
v -0.574167 -0.135657 -0.323169
v -0.515660 -0.232257 -0.247391
v 0.501846 0.074325 -1.269150
v -0.501052 -0.016762 -0.131777
v 0.478620 -0.135657 -1.460541
v -0.596748 -0.016762 -0.131777
v 0.479061 -0.232257 -1.384763
v -0.596748 -0.016762 -0.323169
v 0.479061 -0.232257 -1.344928
v -0.501052 -0.016762 -0.323169
v 0.478620 -0.135657 -1.269150
v 0.574316 -0.135657 -1.460541
v -0.478471 -0.098981 -0.323169
v -0.478471 -0.098981 -0.131777
v 0.515810 -0.232257 -1.384763
v -0.574167 -0.098981 -0.131777
v 0.574316 -0.135657 -1.269150
v -0.574167 -0.098981 -0.323169
v 0.515810 -0.232257 -1.344928
v 0.501202 -0.016762 -1.460541
v -0.478692 -0.183840 -0.161251
v 0.596897 -0.016762 -1.460541
v -0.478692 -0.183840 -0.293696
v -0.544914 -0.183840 -0.161251
v 0.596897 -0.016762 -1.269150
v 0.501202 -0.016762 -1.269150
v -0.544914 -0.183840 -0.293696
v 0.478620 -0.098981 -1.269150
v -0.478471 -0.062306 -0.095695
v -0.478471 0.215564 -0.095695
v 0.478620 -0.098981 -1.460541
v 0.574316 -0.098981 -1.460541
v -0.478471 -0.062306 0.095697
v -0.478471 0.215564 0.095697
v 0.574316 -0.098981 -1.269150
v -0.574167 -0.062306 -0.095695
v 0.478840 -0.183840 -1.431068
v 0.478840 -0.183840 -1.298623
v -0.574167 0.215564 -0.095695
v 0.545063 -0.183840 -1.431068
v -0.574167 -0.062306 0.095697
v -0.574167 0.215564 0.095697
v 0.545063 -0.183840 -1.298623
v -0.478471 0.119868 -0.095695
v -0.478471 0.119868 0.095697
v -0.574167 0.119868 0.095697
v -0.574167 0.119868 -0.095695
v -0.510730 0.028781 0.095697
v 0.478620 -0.062306 -1.496623
v -0.606425 0.028781 0.095697
v 0.478620 0.215564 -1.496623
v -0.606425 0.028781 -0.095695
v 0.478620 -0.062306 -1.688015
v 0.478620 0.215564 -1.688015
v -0.510730 0.028781 -0.095695
v -0.597393 0.074325 -0.095695
v 0.574316 -0.062306 -1.496623
v -0.597393 0.074325 0.095697
v 0.574316 0.215564 -1.496623
v 0.574316 -0.062306 -1.688015
v -0.501697 0.074325 0.095697
v -0.501697 0.074325 -0.095695
v 0.574316 0.215564 -1.688015
v 0.478620 0.119868 -1.496623
v -0.478471 -0.135657 0.095697
v -0.478912 -0.232257 0.019919
v 0.478620 0.119868 -1.688015
v -0.478912 -0.232257 -0.019917
v 0.574316 0.119868 -1.688015
v -0.478471 -0.135657 -0.095695
v 0.574316 0.119868 -1.496623
v -0.574167 -0.135657 0.095697
v 0.510879 0.028781 -1.688015
v -0.515660 -0.232257 0.019919
v 0.606575 0.028781 -1.688015
v -0.574167 -0.135657 -0.095695
v 0.606575 0.028781 -1.496623
v -0.515660 -0.232257 -0.019917
v 0.510879 0.028781 -1.496623
v 0.597542 0.074325 -1.496623
v -0.501052 -0.016762 0.095697
v -0.596748 -0.016762 0.095697
v 0.597542 0.074325 -1.688015
v -0.596748 -0.016762 -0.095695
v 0.501846 0.074325 -1.688015
v -0.501052 -0.016762 -0.095695
v 0.501846 0.074325 -1.496623
v -0.478471 -0.098981 -0.095695
v 0.478620 -0.135657 -1.688015
v 0.479061 -0.232257 -1.612237
v -0.478471 -0.098981 0.095697
v -0.574167 -0.098981 0.095697
v 0.479061 -0.232257 -1.572401
v 0.478620 -0.135657 -1.496623
v -0.574167 -0.098981 -0.095695
v -0.478692 -0.183840 0.066223
v 0.574316 -0.135657 -1.688015
v -0.478692 -0.183840 -0.066221
v 0.515810 -0.232257 -1.612237
v 0.574316 -0.135657 -1.496623
v -0.544914 -0.183840 0.066223
v -0.544914 -0.183840 -0.066221
v 0.515810 -0.232257 -1.572401
v -0.478471 -0.062306 0.131779
v 0.501202 -0.016762 -1.688015
v -0.478471 0.215564 0.131779
v 0.596897 -0.016762 -1.688015
v -0.478471 -0.062306 0.323171
v 0.596897 -0.016762 -1.496623
v -0.478471 0.215564 0.323171
v 0.501202 -0.016762 -1.496623
v 0.478620 -0.098981 -1.496623
v -0.574167 -0.062306 0.131779
v 0.478620 -0.098981 -1.688015
v -0.574167 0.215564 0.131779
v -0.574167 -0.062306 0.323171
v 0.574316 -0.098981 -1.688015
v -0.574167 0.215564 0.323171
v 0.574316 -0.098981 -1.496623
v -0.478471 0.119868 0.131779
v 0.478840 -0.183840 -1.658541
v -0.478471 0.119868 0.323171
v 0.478840 -0.183840 -1.526097
v -0.574167 0.119868 0.323171
v 0.545063 -0.183840 -1.658541
v -0.574167 0.119868 0.131779
v 0.545063 -0.183840 -1.526097
v -0.510730 0.028781 0.323171
v -0.606425 0.028781 0.323171
v -0.606425 0.028781 0.131779
v -0.510730 0.028781 0.131779
v -0.597393 0.074325 0.131779
v 0.478620 -0.062306 -1.724098
v 0.478620 0.215564 -1.724098
v -0.597393 0.074325 0.323171
v -0.501697 0.074325 0.323171
v 0.478620 -0.062306 -1.915489
v -0.501697 0.074325 0.131779
v 0.478620 0.215564 -1.915489
v -0.478471 -0.135657 0.323171
v 0.574316 -0.062306 -1.724098
v 0.574316 0.215564 -1.724098
v -0.478912 -0.232257 0.247393
v 0.574316 -0.062306 -1.915489
v -0.478912 -0.232257 0.207557
v 0.574316 0.215564 -1.915489
v -0.478471 -0.135657 0.131779
v -0.574167 -0.135657 0.323171
v 0.478620 0.119868 -1.724098
v 0.478620 0.119868 -1.915489
v -0.515660 -0.232257 0.247393
v 0.574316 0.119868 -1.915489
v -0.574167 -0.135657 0.131779
v 0.574316 0.119868 -1.724098
v -0.515660 -0.232257 0.207557
v 0.510879 0.028781 -1.915489
v -0.501052 -0.016762 0.323171
v 0.606575 0.028781 -1.915489
v -0.596748 -0.016762 0.323171
v -0.596748 -0.016762 0.131779
v 0.606575 0.028781 -1.724098
v -0.501052 -0.016762 0.131779
v 0.510879 0.028781 -1.724098
v 0.597542 0.074325 -1.724098
v -0.478471 -0.098981 0.131779
v -0.478471 -0.098981 0.323171
v 0.597542 0.074325 -1.915489
v 0.501846 0.074325 -1.915489
v -0.574167 -0.098981 0.323171
v 0.501846 0.074325 -1.724098
v -0.574167 -0.098981 0.131779
v -0.478692 -0.183840 0.293697
v 0.478620 -0.135657 -1.915489
v -0.478692 -0.183840 0.161253
v 0.479061 -0.232257 -1.839711
v -0.544914 -0.183840 0.293697
v 0.479061 -0.232257 -1.799875
v 0.478620 -0.135657 -1.724098
v -0.544914 -0.183840 0.161253
v 0.574316 -0.135657 -1.915489
v -0.478471 -0.062306 0.359253
v -0.478471 0.215564 0.359253
v 0.515810 -0.232257 -1.839711
v 0.574316 -0.135657 -1.724098
v -0.478471 -0.062306 0.550645
v -0.478471 0.215564 0.550645
v 0.515810 -0.232257 -1.799875
v 0.501202 -0.016762 -1.915489
v -0.574167 -0.062306 0.359253
v -0.574167 0.215564 0.359253
v 0.596897 -0.016762 -1.915489
v -0.574167 -0.062306 0.550645
v 0.596897 -0.016762 -1.724098
v 0.501202 -0.016762 -1.724098
v -0.574167 0.215564 0.550645
v 0.478620 -0.098981 -1.724098
v -0.478471 0.119868 0.359253
v 0.478620 -0.098981 -1.915489
v -0.478471 0.119868 0.550645
v 0.574316 -0.098981 -1.915489
v -0.574167 0.119868 0.550645
v -0.574167 0.119868 0.359253
v 0.574316 -0.098981 -1.724098
v -0.510730 0.028781 0.550645
v 0.478840 -0.183840 -1.886016
v -0.606425 0.028781 0.550645
v 0.478840 -0.183840 -1.753571
v 0.545063 -0.183840 -1.886016
v -0.606425 0.028781 0.359253
v 0.545063 -0.183840 -1.753571
v -0.510730 0.028781 0.359253
v -0.597393 0.074325 0.359253
v -0.597393 0.074325 0.550645
v -0.501697 0.074325 0.550645
v -0.501697 0.074325 0.359253
v 0.478620 -0.062306 -1.951572
v -0.478471 -0.135657 0.550645
v 0.478620 0.215564 -1.951572
v -0.478912 -0.232257 0.474867
v 0.478620 -0.062306 -2.142963
v -0.478912 -0.232257 0.435031
v -0.478471 -0.135657 0.359253
v 0.478620 0.215564 -2.142963
v 0.574316 -0.062306 -1.951572
v -0.574167 -0.135657 0.550645
v 0.574316 0.215564 -1.951572
v -0.515660 -0.232257 0.474867
v 0.574316 -0.062306 -2.142963
v -0.574167 -0.135657 0.359253
v -0.515660 -0.232257 0.435031
v 0.574316 0.215564 -2.142963
v 0.478620 0.119868 -1.951572
v -0.501052 -0.016762 0.550645
v 0.478620 0.119868 -2.142963
v -0.596748 -0.016762 0.550645
v -0.596748 -0.016762 0.359253
v 0.574316 0.119868 -2.142963
v -0.501052 -0.016762 0.359253
v 0.574316 0.119868 -1.951572
v 0.510879 0.028781 -2.142963
v -0.478471 -0.098981 0.359253
v 0.606575 0.028781 -2.142963
v -0.478471 -0.098981 0.550645
v 0.606575 0.028781 -1.951572
v -0.574167 -0.098981 0.550645
v 0.510879 0.028781 -1.951572
v -0.574167 -0.098981 0.359253
v 0.597542 0.074325 -1.951572
v -0.478692 -0.183840 0.521171
v -0.478692 -0.183840 0.388727
v 0.597542 0.074325 -2.142963
v 0.501846 0.074325 -2.142963
v -0.544914 -0.183840 0.521171
v 0.501846 0.074325 -1.951572
v -0.544914 -0.183840 0.388727
v -0.478471 -0.062306 0.586727
v 0.478620 -0.135657 -2.142963
v 0.479061 -0.232257 -2.067185
v -0.478471 0.215564 0.586727
v 0.479061 -0.232257 -2.027350
v -0.478471 -0.062306 0.778119
v -0.478471 0.215564 0.778119
v 0.478620 -0.135657 -1.951572
v 0.574316 -0.135657 -2.142963
v -0.574167 -0.062306 0.586727
v 0.515810 -0.232257 -2.067185
v -0.574167 0.215564 0.586727
v -0.574167 -0.062306 0.778119
v 0.574316 -0.135657 -1.951572
v -0.574167 0.215564 0.778119
v 0.515810 -0.232257 -2.027350
v -0.478471 0.119868 0.586727
v 0.501202 -0.016762 -2.142963
v -0.478471 0.119868 0.778119
v 0.596897 -0.016762 -2.142963
v -0.574167 0.119868 0.778119
v 0.596897 -0.016762 -1.951572
v 0.501202 -0.016762 -1.951572
v -0.574167 0.119868 0.586727
v 0.478620 -0.098981 -1.951572
v -0.510730 0.028781 0.778119
v -0.606425 0.028781 0.778119
v 0.478620 -0.098981 -2.142963
v 0.574316 -0.098981 -2.142963
v -0.606425 0.028781 0.586727
v -0.510730 0.028781 0.586727
v 0.574316 -0.098981 -1.951572
v -0.597393 0.074325 0.586727
v 0.478840 -0.183840 -2.113490
v 0.478840 -0.183840 -1.981045
v -0.597393 0.074325 0.778119
v -0.501697 0.074325 0.778119
v 0.545063 -0.183840 -2.113490
v -0.501697 0.074325 0.586727
v 0.545063 -0.183840 -1.981045
v -0.478471 -0.135657 0.778119
v -0.478912 -0.232257 0.702341
v -0.478912 -0.232257 0.662505
v -0.478471 -0.135657 0.586727
v 0.478620 -0.062306 -2.179045
v -0.574167 -0.135657 0.778119
v -0.515660 -0.232257 0.702341
v 0.478620 0.215564 -2.179045
v 0.478620 -0.062306 -2.370437
v -0.574167 -0.135657 0.586727
v 0.478620 0.215564 -2.370437
v -0.515660 -0.232257 0.662505
v 0.574316 -0.062306 -2.179045
v -0.501052 -0.016762 0.778119
v -0.596748 -0.016762 0.778119
v 0.574316 0.215564 -2.179045
v -0.596748 -0.016762 0.586727
v 0.574316 -0.062306 -2.370437
v -0.501052 -0.016762 0.586727
v 0.574316 0.215564 -2.370437
v -0.478471 -0.098981 0.586727
v 0.478620 0.119868 -2.179045
v 0.478620 0.119868 -2.370437
v -0.478471 -0.098981 0.778119
v -0.574167 -0.098981 0.778119
v 0.574316 0.119868 -2.370437
v -0.574167 -0.098981 0.586727
v 0.574316 0.119868 -2.179045
v -0.478692 -0.183840 0.748645
v 0.510879 0.028781 -2.370437
v 0.606575 0.028781 -2.370437
v -0.478692 -0.183840 0.616201
v 0.606575 0.028781 -2.179045
v -0.544913 -0.183840 0.748645
v 0.510879 0.028781 -2.179045
v -0.544914 -0.183840 0.616201
v 0.597542 0.074325 -2.179045
v -0.478471 -0.062306 0.814201
v 0.597542 0.074325 -2.370437
v -0.478471 0.215564 0.814201
v 0.501846 0.074325 -2.370437
v -0.478471 -0.062306 1.005593
v 0.501846 0.074325 -2.179045
v -0.478471 0.215564 1.005593
v -0.574167 -0.062306 0.814201
v 0.478620 -0.135657 -2.370437
v -0.574167 0.215564 0.814201
v 0.479061 -0.232257 -2.294659
v -0.574167 -0.062306 1.005593
v 0.479061 -0.232257 -2.254823
v -0.574167 0.215564 1.005593
v 0.478620 -0.135657 -2.179045
v -0.478471 0.119868 0.814201
v 0.574316 -0.135657 -2.370437
v -0.478471 0.119868 1.005593
v 0.515810 -0.232257 -2.294659
v 0.574316 -0.135657 -2.179045
v -0.574167 0.119868 1.005593
v -0.574167 0.119868 0.814201
v 0.515810 -0.232257 -2.254823
v -0.510730 0.028781 1.005593
v 0.501202 -0.016762 -2.370437
v -0.606425 0.028781 1.005593
v 0.596897 -0.016762 -2.370437
v -0.606425 0.028781 0.814201
v 0.596897 -0.016762 -2.179045
v 0.501202 -0.016762 -2.179045
v -0.510730 0.028781 0.814201
v 0.478620 -0.098981 -2.179045
v -0.597393 0.074325 0.814201
v -0.597393 0.074325 1.005593
v 0.478620 -0.098981 -2.370437
v -0.501697 0.074325 1.005593
v 0.574316 -0.098981 -2.370437
v 0.574316 -0.098981 -2.179045
v -0.501697 0.074325 0.814201
v 0.478840 -0.183840 -2.340963
v -0.478471 -0.135657 1.005593
v 0.478840 -0.183840 -2.208519
v -0.478912 -0.232257 0.929815
v -0.478912 -0.232257 0.889979
v 0.545063 -0.183840 -2.340963
v -0.478471 -0.135657 0.814201
v 0.545063 -0.183840 -2.208519
v -0.574167 -0.135657 1.005593
v -0.515660 -0.232257 0.929815
v -0.574167 -0.135657 0.814201
v -0.515660 -0.232257 0.889979
v -0.501052 -0.016762 1.005593
v 0.478620 -0.062306 -2.406520
v -0.596748 -0.016762 1.005593
v 0.478620 0.215564 -2.406520
v -0.596748 -0.016762 0.814201
v 0.478620 -0.062306 -2.597911
v -0.501052 -0.016762 0.814201
v 0.478620 0.215564 -2.597911
v -0.478471 -0.098981 0.814201
v 0.574316 -0.062306 -2.406520
v 0.574316 0.215564 -2.406520
v -0.478471 -0.098981 1.005593
v 0.574316 -0.062306 -2.597911
v -0.574167 -0.098981 1.005593
v 0.574316 0.215564 -2.597911
v -0.574167 -0.098981 0.814201
v -0.478692 -0.183840 0.976119
v 0.478620 0.119868 -2.406520
v 0.478620 0.119868 -2.597911
v -0.478692 -0.183840 0.843675
v -0.544913 -0.183840 0.976119
v 0.574316 0.119868 -2.597911
v -0.544913 -0.183840 0.843675
v 0.574316 0.119868 -2.406520
v -0.478471 -0.062306 1.041675
v 0.510879 0.028781 -2.597911
v -0.478471 0.215564 1.041675
v 0.606575 0.028781 -2.597911
v 0.606575 0.028781 -2.406520
v -0.478471 -0.062306 1.233067
v -0.478471 0.215564 1.233067
v 0.510879 0.028781 -2.406520
v 0.597542 0.074325 -2.406520
v -0.574167 -0.062306 1.041675
v -0.574167 0.215564 1.041675
v 0.597542 0.074325 -2.597911
v 0.501846 0.074325 -2.597911
v -0.574167 -0.062306 1.233067
v 0.501846 0.074325 -2.406520
v -0.574167 0.215564 1.233067
v -0.478471 0.119868 1.041675
v 0.478620 -0.135657 -2.597911
v 0.479061 -0.232257 -2.522133
v -0.478471 0.119868 1.233067
v -0.574167 0.119868 1.233067
v 0.479061 -0.232257 -2.482297
v -0.574167 0.119868 1.041675
v 0.478620 -0.135657 -2.406520
v 0.574316 -0.135657 -2.597911
v -0.510730 0.028781 1.233067
v -0.606425 0.028781 1.233067
v 0.515810 -0.232257 -2.522133
v -0.606425 0.028781 1.041675
v 0.574316 -0.135657 -2.406520
v 0.515810 -0.232257 -2.482297
v -0.510730 0.028781 1.041675
v 0.501202 -0.016762 -2.597911
v -0.597393 0.074325 1.041675
v -0.597393 0.074325 1.233067
v 0.596897 -0.016762 -2.597911
v -0.501697 0.074325 1.233067
v 0.596897 -0.016762 -2.406520
v 0.501202 -0.016762 -2.406520
v -0.501697 0.074325 1.041675
v -0.478471 -0.135657 1.233067
v 0.478620 -0.098981 -2.406520
v 0.478620 -0.098981 -2.597911
v -0.478912 -0.232257 1.157289
v 0.574316 -0.098981 -2.597911
v -0.478912 -0.232257 1.117453
v -0.478471 -0.135657 1.041675
v 0.574316 -0.098981 -2.406520
v -0.574167 -0.135657 1.233067
v 0.478840 -0.183840 -2.568438
v 0.478840 -0.183840 -2.435993
v -0.515660 -0.232257 1.157289
v 0.545063 -0.183840 -2.568438
v -0.574167 -0.135657 1.041675
v -0.515660 -0.232257 1.117453
v 0.545063 -0.183840 -2.435993
v -0.501052 -0.016762 1.233067
v -0.596748 -0.016762 1.233067
v -0.596748 -0.016762 1.041675
v -0.501052 -0.016762 1.041675
v -0.478471 -0.098981 1.041675
v 0.478620 -0.062306 -2.633994
v -0.478471 -0.098981 1.233067
v 0.478620 0.215564 -2.633994
v 0.478620 -0.062306 -2.825385
v -0.574167 -0.098981 1.233067
v -0.574167 -0.098981 1.041675
v 0.478620 0.215564 -2.825385
v 0.574316 -0.062306 -2.633994
v -0.478692 -0.183840 1.203593
v -0.478692 -0.183840 1.071149
v 0.574316 0.215564 -2.633994
v 0.574316 -0.062306 -2.825385
v -0.544913 -0.183840 1.203593
v -0.544913 -0.183840 1.071149
v 0.574316 0.215564 -2.825385
v -0.478471 -0.062306 1.269150
v 0.478620 0.119868 -2.633994
v -0.478471 0.215564 1.269150
v 0.478620 0.119868 -2.825385
v -0.478471 -0.062306 1.460541
v 0.574316 0.119868 -2.825385
v 0.574316 0.119868 -2.633994
v -0.478471 0.215564 1.460541
v 0.510879 0.028781 -2.825385
v -0.574167 -0.062306 1.269150
v 0.606575 0.028781 -2.825385
v -0.574167 0.215564 1.269150
v -0.574167 -0.062306 1.460541
v 0.606575 0.028781 -2.633994
v -0.574167 0.215564 1.460541
v 0.510879 0.028781 -2.633994
v 0.597542 0.074325 -2.633994
v -0.478471 0.119868 1.269150
v -0.478471 0.119868 1.460541
v 0.597542 0.074325 -2.825385
v -0.574167 0.119868 1.460541
v 0.501846 0.074325 -2.825385
v -0.574167 0.119868 1.269150
v 0.501846 0.074325 -2.633994
v 0.478620 -0.135657 -2.825385
v -0.510730 0.028781 1.460541
v -0.606425 0.028781 1.460541
v 0.479061 -0.232257 -2.749607
v 0.479061 -0.232257 -2.709772
v -0.606425 0.028781 1.269150
v -0.510730 0.028781 1.269150
v 0.478620 -0.135657 -2.633994
v 0.574316 -0.135657 -2.825385
v -0.597393 0.074325 1.269150
v 0.515810 -0.232257 -2.749607
v -0.597393 0.074325 1.460541
v 0.574316 -0.135657 -2.633994
v -0.501697 0.074325 1.460541
v 0.515810 -0.232257 -2.709772
v -0.501697 0.074325 1.269150
v 0.501202 -0.016762 -2.825385
v -0.478471 -0.135657 1.460541
v 0.596897 -0.016762 -2.825385
v -0.478912 -0.232257 1.384763
v 0.596897 -0.016762 -2.633994
v -0.478912 -0.232257 1.344928
v 0.501202 -0.016762 -2.633994
v -0.478471 -0.135657 1.269150
v -0.574167 -0.135657 1.460541
v 0.478620 -0.098981 -2.633994
v -0.515660 -0.232257 1.384763
v 0.478620 -0.098981 -2.825385
v -0.574167 -0.135657 1.269150
v 0.574316 -0.098981 -2.825385
v 0.574316 -0.098981 -2.633994
v -0.515660 -0.232257 1.344928
v 0.478840 -0.183840 -2.795912
v -0.501052 -0.016762 1.460541
v -0.596748 -0.016762 1.460541
v 0.478840 -0.183840 -2.663467
v -0.596748 -0.016762 1.269150
v 0.545063 -0.183840 -2.795912
v 0.545063 -0.183840 -2.663467
v -0.501052 -0.016762 1.269150
v -0.478471 -0.098981 1.269150
v -0.478471 -0.098981 1.460541
v -0.574167 -0.098981 1.460541
v -0.574167 -0.098981 1.269150
v -0.478692 -0.183840 1.431068
v -0.478692 -0.183840 1.298623
v -0.544913 -0.183840 1.431068
v -0.544913 -0.183840 1.298623
v -0.478471 -0.062306 1.496623
v -0.478471 0.215564 1.496623
v -0.478471 -0.062306 1.688015
v -0.478471 0.215564 1.688015
v -0.574167 -0.062306 1.496623
v -0.574167 0.215564 1.496623
v -0.574167 -0.062306 1.688015
v -0.574167 0.215564 1.688015
v -0.478471 0.119868 1.496623
v -0.478471 0.119868 1.688015
v -0.574167 0.119868 1.688015
v -0.574167 0.119868 1.496623
v -0.510730 0.028781 1.688015
v -0.606425 0.028781 1.688015
v -0.606425 0.028781 1.496623
v -0.510730 0.028781 1.496623
v -0.597393 0.074325 1.496623
v -0.597393 0.074325 1.688015
v -0.501697 0.074325 1.688015
v -0.501697 0.074325 1.496623
v -0.478471 -0.135657 1.688015
v -0.478912 -0.232257 1.612237
v -0.478912 -0.232257 1.572401
v -0.478471 -0.135657 1.496623
v -0.574167 -0.135657 1.688015
v -0.515660 -0.232257 1.612237
v -0.574167 -0.135657 1.496623
v -0.515660 -0.232257 1.572401
v -0.501052 -0.016762 1.688015
v -0.596748 -0.016762 1.688015
v -0.596748 -0.016762 1.496623
v -0.501052 -0.016762 1.496623
v -0.478471 -0.098981 1.496623
v -0.478471 -0.098981 1.688015
v -0.574167 -0.098981 1.688015
v -0.574167 -0.098981 1.496623
v -0.478692 -0.183840 1.658541
v -0.478692 -0.183840 1.526097
v -0.544914 -0.183840 1.658541
v -0.544914 -0.183840 1.526097
v -0.478471 -0.062306 1.724098
v -0.478471 0.215564 1.724098
v -0.478471 -0.062306 1.915489
v -0.478471 0.215564 1.915489
v -0.574167 -0.062306 1.724098
v -0.574167 0.215564 1.724098
v -0.574167 -0.062306 1.915489
v -0.574167 0.215564 1.915489
v -0.478471 0.119868 1.724098
v -0.478471 0.119868 1.915489
v -0.574167 0.119868 1.915489
v -0.574167 0.119868 1.724098
v -0.510730 0.028781 1.915489
v -0.606425 0.028781 1.915489
v -0.606425 0.028781 1.724098
v -0.510730 0.028781 1.724098
v -0.597393 0.074325 1.724098
v -0.597393 0.074325 1.915489
v -0.501697 0.074325 1.915489
v -0.501697 0.074325 1.724098
v -0.478471 -0.135657 1.915489
v -0.478912 -0.232257 1.839711
v -0.478912 -0.232257 1.799875
v -0.478471 -0.135657 1.724098
v -0.574167 -0.135657 1.915489
v -0.515660 -0.232257 1.839711
v -0.574167 -0.135657 1.724098
v -0.515660 -0.232257 1.799875
v -0.501052 -0.016762 1.915489
v -0.596748 -0.016762 1.915489
v -0.596748 -0.016762 1.724098
v -0.501052 -0.016762 1.724098
v -0.478471 -0.098981 1.724098
v -0.478471 -0.098981 1.915489
v -0.574167 -0.098981 1.915489
v -0.574167 -0.098981 1.724098
v -0.478692 -0.183840 1.886016
v -0.478692 -0.183840 1.753571
v -0.544914 -0.183840 1.886016
v -0.544914 -0.183840 1.753571
v -0.478471 -0.062306 1.951572
v -0.478471 0.215564 1.951572
v -0.478471 -0.062306 2.142963
v -0.478471 0.215564 2.142963
v -0.574167 -0.062306 1.951572
v -0.574167 0.215564 1.951572
v -0.574167 -0.062306 2.142963
v -0.574167 0.215564 2.142963
v -0.478471 0.119868 1.951572
v -0.478471 0.119868 2.142963
v -0.574167 0.119868 2.142963
v -0.574167 0.119868 1.951572
v -0.510730 0.028781 2.142963
v -0.606425 0.028781 2.142963
v -0.606425 0.028781 1.951572
v -0.510730 0.028781 1.951572
v -0.597393 0.074325 1.951572
v -0.597393 0.074325 2.142963
v -0.501697 0.074325 2.142963
v -0.501697 0.074325 1.951572
v -0.478471 -0.135657 2.142963
v -0.478912 -0.232257 2.067185
v -0.478912 -0.232257 2.027350
v -0.478471 -0.135657 1.951572
v -0.574167 -0.135657 2.142963
v -0.515660 -0.232257 2.067185
v -0.574167 -0.135657 1.951572
v -0.515660 -0.232257 2.027350
v -0.501052 -0.016762 2.142963
v -0.596748 -0.016762 2.142963
v -0.596748 -0.016762 1.951572
v -0.501052 -0.016762 1.951572
v -0.478471 -0.098981 1.951572
v -0.478471 -0.098981 2.142963
v -0.574167 -0.098981 2.142963
v -0.574167 -0.098981 1.951572
v -0.478692 -0.183840 2.113490
v -0.478692 -0.183840 1.981045
v -0.544913 -0.183840 2.113490
v -0.544914 -0.183840 1.981045
v -0.478471 -0.062306 2.179045
v -0.478471 0.215564 2.179045
v -0.478471 -0.062306 2.370437
v -0.478471 0.215564 2.370437
v -0.574167 -0.062306 2.179045
v -0.574167 0.215564 2.179045
v -0.574167 -0.062306 2.370437
v -0.574167 0.215564 2.370437
v -0.478471 0.119868 2.179045
v -0.478471 0.119868 2.370437
v -0.574167 0.119868 2.370437
v -0.574167 0.119868 2.179045
v -0.510730 0.028781 2.370437
v -0.606425 0.028781 2.370437
v -0.606425 0.028781 2.179045
v -0.510730 0.028781 2.179045
v -0.597393 0.074325 2.179045
v -0.597393 0.074325 2.370437
v -0.501697 0.074325 2.370437
v -0.501697 0.074325 2.179045
v -0.478471 -0.135657 2.370437
v -0.478912 -0.232257 2.294659
v -0.478912 -0.232257 2.254823
v -0.478471 -0.135657 2.179045
v -0.574167 -0.135657 2.370437
v -0.515660 -0.232257 2.294659
v -0.574167 -0.135657 2.179045
v -0.515660 -0.232257 2.254823
v -0.501052 -0.016762 2.370437
v -0.596748 -0.016762 2.370437
v -0.596748 -0.016762 2.179045
v -0.501052 -0.016762 2.179045
v -0.478471 -0.098981 2.179045
v -0.478471 -0.098981 2.370437
v -0.574167 -0.098981 2.370437
v -0.574167 -0.098981 2.179045
v -0.478692 -0.183840 2.340963
v -0.478692 -0.183840 2.208519
v -0.544913 -0.183840 2.340963
v -0.544913 -0.183840 2.208519
v -0.478471 -0.062306 2.406520
v -0.478471 0.215564 2.406520
v -0.478471 -0.062306 2.597911
v -0.478471 0.215564 2.597911
v -0.574167 -0.062306 2.406520
v -0.574167 0.215564 2.406520
v -0.574167 -0.062306 2.597911
v -0.574167 0.215564 2.597911
v -0.478471 0.119868 2.406520
v -0.478471 0.119868 2.597911
v -0.574167 0.119868 2.597911
v -0.574167 0.119868 2.406520
v -0.510730 0.028781 2.597911
v -0.606425 0.028781 2.597911
v -0.606425 0.028781 2.406520
v -0.510730 0.028781 2.406520
v -0.597393 0.074325 2.406520
v -0.597393 0.074325 2.597911
v -0.501697 0.074325 2.597911
v -0.501697 0.074325 2.406520
v -0.478471 -0.135657 2.597911
v -0.478911 -0.232257 2.522133
v -0.478911 -0.232257 2.482297
v -0.478471 -0.135657 2.406520
v -0.574167 -0.135657 2.597911
v -0.515660 -0.232257 2.522133
v -0.574167 -0.135657 2.406520
v -0.515660 -0.232257 2.482297
v -0.501052 -0.016762 2.597911
v -0.596748 -0.016762 2.597911
v -0.596748 -0.016762 2.406520
v -0.501052 -0.016762 2.406520
v -0.478471 -0.098981 2.406520
v -0.478471 -0.098981 2.597911
v -0.574167 -0.098981 2.597911
v -0.574167 -0.098981 2.406520
v -0.478691 -0.183840 2.568438
v -0.478691 -0.183840 2.435993
v -0.544913 -0.183840 2.568438
v -0.544913 -0.183840 2.435993
v -0.478471 -0.062306 2.633994
v -0.478471 0.215564 2.633994
v -0.478471 -0.062306 2.825385
v -0.478471 0.215564 2.825385
v -0.574167 -0.062306 2.633994
v -0.574167 0.215564 2.633994
v -0.574167 -0.062306 2.825385
v -0.574167 0.215564 2.825385
v -0.478471 0.119868 2.633994
v -0.478471 0.119868 2.825385
v -0.574167 0.119868 2.825385
v -0.574167 0.119868 2.633994
v -0.510730 0.028781 2.825385
v -0.606425 0.028781 2.825385
v -0.606425 0.028781 2.633994
v -0.510730 0.028781 2.633994
v -0.597393 0.074325 2.633994
v -0.597393 0.074325 2.825385
v -0.501697 0.074325 2.825385
v -0.501697 0.074325 2.633994
v -0.478471 -0.135657 2.825385
v -0.478911 -0.232257 2.749607
v -0.478911 -0.232257 2.709772
v -0.478471 -0.135657 2.633994
v -0.574167 -0.135657 2.825385
v -0.515660 -0.232257 2.749607
v -0.574167 -0.135657 2.633994
v -0.515660 -0.232257 2.709772
v -0.501052 -0.016762 2.825385
v -0.596748 -0.016762 2.825385
v -0.596748 -0.016762 2.633994
v -0.501052 -0.016762 2.633994
v -0.478471 -0.098981 2.633994
v -0.478471 -0.098981 2.825385
v -0.574167 -0.098981 2.825385
v -0.574167 -0.098981 2.633994
v -0.478691 -0.183840 2.795912
v -0.478691 -0.183840 2.663467
v -0.544913 -0.183840 2.795912
v -0.544913 -0.183840 2.663467
v -0.478367 0.119868 2.825385
v -0.478367 0.215564 2.825385
v -0.478367 0.119868 2.597911
v -0.478367 0.119868 2.633994
v -0.478367 0.215564 2.633994
v -0.478367 0.215564 2.597911
v -0.478367 0.119868 2.370437
v -0.478367 0.215564 2.370437
v -0.478367 0.215564 2.406520
v -0.478367 0.119868 2.406520
v -0.478367 0.119868 2.142963
v -0.478367 0.119868 2.179045
v -0.478367 0.119868 1.951572
v -0.478367 0.215564 2.142963
v -0.478367 0.215564 2.179045
v -0.478367 0.215564 1.915489
v -0.478367 0.215564 1.951572
v -0.478367 0.119868 1.724098
v -0.478367 0.119868 1.688015
v -0.478367 0.215564 1.688015
v -0.478367 0.215564 1.724098
v -0.478367 0.119868 1.915489
v -0.478367 0.119868 1.496623
v -0.478367 0.215564 1.460541
v -0.478367 0.119868 1.460541
v -0.478367 0.215564 1.496623
v -0.478367 0.119868 1.233067
v -0.478367 0.215564 1.233067
v -0.478367 0.215564 1.269150
v -0.478367 0.119868 1.041675
v -0.478367 0.119868 1.005593
v -0.478367 0.215564 1.041675
v -0.478367 0.119868 1.269150
v -0.478367 0.119868 0.814201
v -0.478367 0.215564 0.778119
v -0.478367 0.215564 0.814201
v -0.478367 0.119868 0.778119
v -0.478367 0.119868 0.586727
v -0.478367 0.119868 0.550645
v -0.478367 0.215564 0.550645
v -0.478367 0.215564 0.586727
v -0.478367 0.119868 0.323171
v -0.478367 0.119868 0.359253
v -0.478367 0.215564 1.005593
v -0.478367 0.215564 0.359253
v -0.478367 0.215564 0.323171
v -0.478367 0.119868 0.095697
v -0.478367 0.215564 0.095697
v -0.478367 0.215564 0.131779
v -0.478367 0.119868 0.131779
v -0.478367 0.119868 -0.095695
v -0.478367 0.119868 -0.131777
v -0.478367 0.215564 -0.095695
v -0.478367 0.119868 -0.323169
v -0.478367 0.215564 -0.131777
v -0.478368 0.215564 -0.359251
v -0.478368 0.119868 -0.550643
v -0.478368 0.119868 -0.586725
v -0.478368 0.215564 -0.586725
v -0.478368 0.215564 -0.550643
v -0.478368 0.119868 -0.814200
v -0.478368 0.119868 -0.778117
v -0.478368 0.119868 -1.005591
v -0.478368 0.215564 -0.814200
v -0.478368 0.215564 -0.778117
v -0.478368 0.119868 -0.359251
v -0.478367 0.215564 -0.323169
v -0.478368 0.215564 -1.041674
v -0.478368 0.215564 -1.005591
v -0.478368 0.119868 -1.233065
v -0.478368 0.119868 -1.269148
v -0.478368 0.215564 -1.496622
v -0.478368 0.215564 -1.460539
v -0.478368 0.215564 -1.269148
v -0.478368 0.215564 -1.233065
v -0.478368 0.215564 -1.724096
v -0.478368 0.215564 -1.951570
v -0.478368 0.215564 -1.915487
v -0.478368 0.215564 -2.142961
v -0.478368 0.215564 -2.179044
v -0.478368 0.215564 -2.370435
v -0.478368 0.215564 -2.406518
v -0.478368 0.215564 -1.688013
v -0.478368 0.119868 -1.041674
v -0.478368 0.119868 -1.460539
v -0.478368 0.119868 -1.688013
v -0.478368 0.119868 -1.496622
v -0.478368 0.119868 -1.915487
v -0.478368 0.119868 -2.142961
v -0.478368 0.119868 -1.951570
v -0.478368 0.119868 -1.724096
v -0.478368 0.119868 -2.370435
v -0.478368 0.119868 -2.406518
v -0.478368 0.215564 -2.633992
v -0.478368 0.215564 -2.597909
v -0.478368 0.119868 -2.825383
v -0.478368 0.215564 -2.825383
v -0.478368 0.119868 -2.633992
v -0.478368 0.119868 -2.179044
v -0.478368 0.119868 -2.597909
v 0.446754 0.119868 2.870872
v 0.446754 0.215564 2.870872
v 0.255363 0.119868 2.870872
v 0.212223 0.119868 2.870872
v 0.212223 0.215564 2.870872
v 0.255363 0.215564 2.870872
v 0.020832 0.119868 2.870872
v -0.022308 0.119868 2.870872
v -0.022308 0.215564 2.870872
v 0.020832 0.215564 2.870872
v -0.213699 0.119868 2.870872
v -0.256839 0.215564 2.870872
v -0.213699 0.215564 2.870872
v -0.256839 0.119868 2.870872
v -0.448231 0.119868 2.870872
v -0.448231 0.215564 2.870872
v 0.478588 0.215564 2.406518
v 0.478588 0.215564 2.179044
v 0.478588 0.215564 2.370435
v 0.478588 0.215564 1.915487
v 0.478588 0.215564 1.951570
v 0.478588 0.215564 2.142961
v 0.478588 0.215564 1.496622
v 0.478588 0.215564 1.460539
v 0.478588 0.119868 1.233065
v 0.478588 0.119868 1.269148
v 0.478588 0.119868 1.041674
v 0.478588 0.215564 1.041674
v 0.478588 0.215564 1.269148
v 0.478588 0.215564 1.233065
v 0.478588 0.215564 1.688013
v 0.478588 0.215564 1.724096
v 0.478588 0.119868 1.005591
v 0.478588 0.215564 1.005591
v 0.478588 0.119868 0.778117
v 0.478588 0.119868 0.814200
v 0.478588 0.215564 0.778117
v 0.478588 0.215564 0.814200
v 0.478588 0.119868 0.586725
v 0.478588 0.215564 0.586725
v 0.478588 0.215564 0.550643
v 0.478588 0.119868 0.359251
v 0.478588 0.119868 0.550643
v 0.478588 0.215564 0.323169
v 0.478588 0.119868 0.131777
v 0.478588 0.119868 0.095695
v 0.478588 0.119868 0.323169
v 0.478588 0.215564 0.131777
v 0.478588 0.119868 -0.095697
v 0.478588 0.215564 -0.095697
v 0.478588 0.119868 -0.131779
v 0.478588 0.215564 -0.131779
v 0.478588 0.215564 0.095695
v 0.478588 0.215564 0.359251
v 0.478588 0.215564 -0.359253
v 0.478588 0.215564 -0.323171
v 0.478588 0.119868 -0.550645
v 0.478588 0.215564 -0.550645
v 0.478588 0.119868 -0.359253
v 0.478588 0.215564 -0.586727
v 0.478588 0.119868 -0.778119
v 0.478588 0.119868 -0.814201
v 0.478588 0.215564 -0.814201
v 0.478588 0.215564 -0.778119
v 0.478588 0.119868 -0.586727
v 0.478588 0.119868 -1.041675
v 0.478588 0.119868 -1.005593
v 0.478588 0.119868 -1.233067
v 0.478588 0.215564 -1.233067
v 0.478588 0.215564 -1.041675
v 0.478588 0.215564 -1.005593
v 0.478588 0.119868 -1.269150
v 0.478588 0.215564 -1.269150
v 0.478588 0.215564 -1.496623
v 0.478588 0.215564 -1.460541
v 0.478588 0.119868 -1.496623
v 0.478588 0.119868 -1.460541
v 0.478588 0.119868 -1.688015
v 0.478588 0.215564 -1.724098
v 0.478588 0.119868 -1.915489
v 0.478588 0.119868 -1.724098
v 0.478588 0.215564 -1.688015
v 0.478588 0.119868 -1.951572
v 0.478588 0.215564 -1.951572
v 0.478588 0.119868 -2.179045
v 0.478588 0.119868 -2.142963
v 0.478588 0.215564 -2.179045
v 0.478588 0.215564 -2.142963
v 0.478588 0.215564 -1.915489
v 0.478588 0.119868 -2.370437
v 0.478588 0.215564 -2.370437
v 0.478588 0.119868 -2.406520
v 0.478588 0.215564 -2.406520
v 0.478588 0.215564 -2.633994
v 0.478588 0.215564 -2.597911
v 0.478588 0.119868 -2.825385
v 0.478588 0.215564 -2.825385
v 0.478588 0.119868 -2.633994
v 0.478588 0.119868 -2.597911
v 0.478588 0.119868 -0.323171
v 0.478588 0.119868 2.825383
v 0.478588 0.215564 2.825383
v 0.478588 0.215564 2.633992
v 0.478588 0.119868 2.597909
v 0.478588 0.119868 2.633992
v 0.478588 0.119868 2.370435
v 0.478588 0.119868 2.406518
v 0.478588 0.215564 2.597909
v 0.478588 0.119868 2.179044
v 0.478588 0.119868 2.142961
v 0.478588 0.119868 1.915487
v 0.478588 0.119868 1.951570
v 0.478588 0.119868 1.688013
v 0.478588 0.119868 1.460539
v 0.478588 0.119868 1.496622
v 0.478588 0.119868 1.724096
vn -0.0000 -0.0000 1.0000
vn -1.0000 -0.0000 -0.0000
vn -0.0000 -0.0000 -1.0000
vn 1.0000 -0.0000 -0.0000
vn -0.0000 -1.0000 -0.0000
vn -0.0000 1.0000 -0.0000
vn -0.0000 0.4543 -0.8908
vn -0.0000 -0.4543 0.8908
vn -0.0000 0.2078 0.9782
vn -0.0000 -0.2078 -0.9782
vn -0.0000 0.1945 -0.9809
vn -0.0000 -0.1945 0.9809
vn -0.0000 -0.0046 1.0000
vn -0.0000 -0.0042 1.0000
vn -0.8531 -0.5218 -0.0000
vn -0.0000 -0.5174 -0.8557
vn -0.0000 -0.5190 -0.8548
vn 0.8531 -0.5218 -0.0000
vn -0.0000 -0.4442 -0.8959
vn -0.0000 0.4442 0.8959
vn 0.7227 -0.6912 -0.0000
vn -0.0000 -0.5171 -0.8559
vn -0.7227 -0.6912 -0.0000
vn -0.0000 -0.0045 1.0000
vn -0.0000 -0.5174 -0.8558
vn -0.0000 -0.5175 -0.8557
vn -0.8908 0.4543 -0.0000
vn 0.8908 -0.4543 -0.0000
vn 0.9782 0.2079 -0.0000
vn -0.9782 -0.2079 -0.0000
vn -0.9809 0.1946 -0.0000
vn 0.9809 -0.1946 -0.0000
vn 1.0000 -0.0046 -0.0000
vn 1.0000 -0.0042 -0.0000
vn -0.0000 -0.5218 0.8531
vn -0.8557 -0.5175 -0.0000
vn -0.8548 -0.5190 -0.0000
vn -0.0000 -0.5218 -0.8531
vn -0.8959 -0.4442 -0.0000
vn 0.8959 0.4442 -0.0000
vn -0.0000 -0.6912 -0.7227
vn -0.8559 -0.5171 -0.0000
vn -0.0000 -0.6912 0.7227
vn 1.0000 -0.0045 -0.0000
vn -0.9809 0.1945 -0.0000
vn -0.8557 -0.5174 -0.0000
vn -0.9782 -0.2078 -0.0000
vn -0.8558 -0.5174 -0.0000
vn 0.9809 -0.1945 -0.0000
vn 1.0000 -0.0041 -0.0000
vn -0.0000 0.4543 0.8908
vn -0.0000 -0.4543 -0.8908
vn -0.0000 0.2078 -0.9782
vn -0.0000 -0.2078 0.9782
vn -0.0000 0.1945 0.9809
vn -0.0000 -0.1945 -0.9809
vn -0.0000 -0.0046 -1.0000
vn -0.0000 -0.0042 -1.0000
vn -0.0000 -0.5175 0.8557
vn -0.0000 -0.5190 0.8548
vn -0.0000 -0.4442 0.8959
vn -0.0000 0.4442 -0.8959
vn -0.0000 -0.5171 0.8559
vn -0.0000 -0.0045 -1.0000
vn -0.0000 -0.5174 0.8557
vn -0.0000 -0.5174 0.8558
vn 0.8908 0.4543 -0.0000
vn -0.8908 -0.4543 -0.0000
vn -0.9782 0.2078 -0.0000
vn 0.9782 -0.2079 -0.0000
vn 0.9809 0.1946 -0.0000
vn -0.9809 -0.1945 -0.0000
vn -1.0000 -0.0046 -0.0000
vn -1.0000 -0.0041 -0.0000
vn 0.8557 -0.5174 -0.0000
vn 0.8548 -0.5190 -0.0000
vn 0.8959 -0.4442 -0.0000
vn -0.8959 0.4442 -0.0000
vn 0.8559 -0.5171 -0.0000
vn -1.0000 -0.0045 -0.0000
vn 0.8558 -0.5174 -0.0000
vn 0.9809 0.1945 -0.0000
vn 0.8557 -0.5175 -0.0000
vn -1.0000 -0.0042 -0.0000
vn -0.9809 -0.1946 -0.0000
vt 0.287831 0.263075
vt 0.280325 0.267158
vt 0.280325 0.144421
vt 0.287831 0.148286
vt 0.287831 0.172833
vt 0.287831 0.178366
vt 0.287831 0.202914
vt 0.287831 0.208447
vt 0.287831 0.232994
vt 0.287831 0.238527
vt 0.402701 0.144421
vt 0.402701 0.267158
vt 0.312306 0.263075
vt 0.312306 0.238527
vt 0.312306 0.232994
vt 0.312306 0.208447
vt 0.312306 0.202914
vt 0.312306 0.178366
vt 0.312306 0.172833
vt 0.312306 0.148286
vt 0.015319 0.066364
vt 0.039797 0.066364
vt 0.039797 0.067135
vt 0.015319 0.067135
vt 0.015319 0.071227
vt 0.015319 0.071998
vt 0.015319 0.076089
vt 0.015319 0.076860
vt 0.015319 0.080952
vt 0.039797 0.080952
vt 0.039797 0.081723
vt 0.015319 0.081723
vt 0.015319 0.085815
vt 0.015319 0.086586
vt 0.015319 0.090677
vt 0.015319 0.091448
vt 0.015319 0.095540
vt 0.015319 0.096311
vt 0.015319 0.100402
vt 0.039797 0.100402
vt 0.039797 0.101173
vt 0.015319 0.101173
vt 0.015319 0.105265
vt 0.039797 0.105265
vt 0.039797 0.106036
vt 0.015319 0.106036
vt 0.015319 0.110127
vt 0.039797 0.110127
vt 0.039797 0.110898
vt 0.015319 0.110898
vt 0.015319 0.114990
vt 0.039797 0.114990
vt 0.039797 0.115761
vt 0.015319 0.115761
vt 0.015319 0.119852
vt 0.015319 0.120623
vt 0.015319 0.124715
vt 0.015319 0.125486
vt 0.015319 0.129577
vt 0.007812 0.130550
vt 0.007812 0.007812
vt 0.015319 0.008785
vt 0.015319 0.012876
vt 0.039797 0.012876
vt 0.039797 0.013647
vt 0.015319 0.013647
vt 0.015319 0.017739
vt 0.015319 0.018510
vt 0.015319 0.022601
vt 0.015319 0.023372
vt 0.015319 0.027464
vt 0.039797 0.027464
vt 0.039797 0.028235
vt 0.015319 0.028235
vt 0.015319 0.032326
vt 0.015319 0.033097
vt 0.015319 0.037189
vt 0.039797 0.037189
vt 0.039797 0.037960
vt 0.015319 0.037960
vt 0.015319 0.042052
vt 0.015319 0.042823
vt 0.015319 0.046914
vt 0.039797 0.046914
vt 0.039797 0.047685
vt 0.015319 0.047685
vt 0.015319 0.051777
vt 0.039797 0.051777
vt 0.039797 0.052548
vt 0.015319 0.052548
vt 0.015319 0.056639
vt 0.039797 0.056639
vt 0.039797 0.057410
vt 0.015319 0.057410
vt 0.015319 0.061502
vt 0.015319 0.062273
vt 0.039797 0.076860
vt 0.039797 0.076089
vt 0.039797 0.071998
vt 0.039797 0.071227
vt 0.039797 0.062273
vt 0.039797 0.061502
vt 0.039797 0.042823
vt 0.039797 0.042052
vt 0.039797 0.033097
vt 0.039797 0.032326
vt 0.039797 0.023372
vt 0.039797 0.022601
vt 0.039797 0.018510
vt 0.039797 0.017739
vt 0.039797 0.008785
vt 0.130198 0.007812
vt 0.130198 0.130550
vt 0.039797 0.129577
vt 0.039797 0.125486
vt 0.039797 0.124715
vt 0.039797 0.120623
vt 0.039797 0.119852
vt 0.039797 0.096311
vt 0.039797 0.095540
vt 0.039797 0.091448
vt 0.039797 0.090677
vt 0.039797 0.086586
vt 0.039797 0.085815
vt 0.312306 0.011895
vt 0.287831 0.011895
vt 0.280325 0.007813
vt 0.402701 0.007813
vt 0.402701 0.130550
vt 0.280325 0.130550
vt 0.287831 0.126684
vt 0.312306 0.126684
vt 0.312306 0.102137
vt 0.312306 0.096604
vt 0.312306 0.072056
vt 0.312306 0.066523
vt 0.312306 0.041976
vt 0.287831 0.041976
vt 0.287831 0.036443
vt 0.312306 0.036443
vt 0.287831 0.102137
vt 0.287831 0.066523
vt 0.287831 0.072056
vt 0.287831 0.096604
vt 0.015319 0.241873
vt 0.039796 0.241873
vt 0.039796 0.237781
vt 0.015319 0.237781
vt 0.015319 0.237010
vt 0.039796 0.237010
vt 0.039796 0.232919
vt 0.015319 0.232919
vt 0.015319 0.232148
vt 0.039796 0.232148
vt 0.039796 0.228056
vt 0.039796 0.227285
vt 0.039796 0.223194
vt 0.039796 0.222422
vt 0.039796 0.218331
vt 0.015319 0.218331
vt 0.015319 0.217560
vt 0.039796 0.217560
vt 0.039796 0.213469
vt 0.015319 0.213469
vt 0.015319 0.212697
vt 0.039796 0.212697
vt 0.039796 0.208606
vt 0.015319 0.208606
vt 0.015319 0.207835
vt 0.039796 0.207835
vt 0.039796 0.203744
vt 0.039796 0.202972
vt 0.039796 0.198881
vt 0.039796 0.198110
vt 0.039796 0.194019
vt 0.039796 0.193247
vt 0.039796 0.189156
vt 0.039796 0.188385
vt 0.039796 0.184293
vt 0.039796 0.183522
vt 0.039796 0.179431
vt 0.015319 0.179431
vt 0.015319 0.178659
vt 0.039796 0.178659
vt 0.039796 0.174568
vt 0.015319 0.174568
vt 0.015319 0.173797
vt 0.039796 0.173797
vt 0.039796 0.169706
vt 0.039796 0.168934
vt 0.039796 0.164843
vt 0.039796 0.164072
vt 0.039796 0.159981
vt 0.015319 0.159981
vt 0.015319 0.159209
vt 0.039796 0.159209
vt 0.039796 0.155118
vt 0.039796 0.154347
vt 0.039796 0.150256
vt 0.015319 0.150256
vt 0.015319 0.149484
vt 0.039796 0.149484
vt 0.039796 0.145393
vt 0.015319 0.145393
vt 0.007812 0.144421
vt 0.130198 0.144421
vt 0.130198 0.267158
vt 0.007812 0.267158
vt 0.015319 0.266185
vt 0.039796 0.266185
vt 0.039796 0.262094
vt 0.039796 0.261323
vt 0.039796 0.257232
vt 0.015319 0.257232
vt 0.015319 0.256460
vt 0.039796 0.256460
vt 0.039796 0.252369
vt 0.015319 0.252369
vt 0.015319 0.251598
vt 0.039796 0.251598
vt 0.039796 0.247507
vt 0.039796 0.246735
vt 0.039796 0.242644
vt 0.015319 0.242644
vt 0.015319 0.164843
vt 0.015319 0.168934
vt 0.015319 0.169706
vt 0.015319 0.183522
vt 0.015319 0.184293
vt 0.015319 0.188385
vt 0.015319 0.189156
vt 0.015319 0.193247
vt 0.015319 0.194019
vt 0.015319 0.198110
vt 0.015319 0.198881
vt 0.015319 0.202972
vt 0.015319 0.203744
vt 0.015319 0.222422
vt 0.015319 0.223194
vt 0.015319 0.227285
vt 0.015319 0.228056
vt 0.015319 0.246735
vt 0.015319 0.247507
vt 0.015319 0.261323
vt 0.015319 0.262094
vt 0.015319 0.154347
vt 0.015319 0.155118
vt 0.015319 0.164072
vt 0.266454 0.007812
vt 0.266454 0.130550
vt 0.144069 0.130550
vt 0.144069 0.007812
vt 0.266454 0.144421
vt 0.266454 0.267158
vt 0.144069 0.267158
vt 0.144069 0.144421
vt 0.907450 0.305576
vt 0.907437 0.305576
vt 0.907432 0.281029
vt 0.907445 0.281029
vt 0.886777 0.434323
vt 0.886782 0.409775
vt 0.888822 0.409776
vt 0.888817 0.434323
vt 0.007812 0.305574
vt 0.007812 0.281029
vt 0.032290 0.281029
vt 0.032290 0.305574
vt 0.905397 0.305577
vt 0.905392 0.281029
vt 0.904714 0.328942
vt 0.904904 0.317259
vt 0.906944 0.317259
vt 0.906754 0.328942
vt 0.878550 0.820590
vt 0.876511 0.820590
vt 0.876511 0.796043
vt 0.878550 0.796043
vt 0.007812 0.317250
vt 0.032290 0.317250
vt 0.887270 0.446006
vt 0.889310 0.446006
vt 0.614229 0.807730
vt 0.614229 0.796042
vt 0.638706 0.796042
vt 0.638706 0.807730
vt 0.614229 0.831093
vt 0.614229 0.819414
vt 0.638706 0.819414
vt 0.638706 0.831093
vt 0.887251 0.469371
vt 0.887460 0.457688
vt 0.889500 0.457689
vt 0.889291 0.469371
vt 0.007812 0.340613
vt 0.007812 0.328929
vt 0.032290 0.328929
vt 0.032290 0.340613
vt 0.904923 0.340625
vt 0.906962 0.340624
vt 0.905406 0.352307
vt 0.907446 0.352307
vt 0.634936 0.873943
vt 0.617998 0.873943
vt 0.614229 0.861584
vt 0.638706 0.861584
vt 0.888178 0.512230
vt 0.886766 0.512230
vt 0.886764 0.499869
vt 0.888804 0.499869
vt 0.028520 0.383482
vt 0.011582 0.383482
vt 0.007812 0.371115
vt 0.032290 0.371115
vt 0.907448 0.383483
vt 0.906036 0.383483
vt 0.905410 0.371123
vt 0.907450 0.371122
vt 0.614229 0.852176
vt 0.638706 0.852176
vt 0.523662 0.877988
vt 0.522878 0.877988
vt 0.522878 0.872878
vt 0.523662 0.872878
vt 0.886766 0.490461
vt 0.888805 0.490462
vt 0.905408 0.361715
vt 0.907448 0.361714
vt 0.007812 0.361708
vt 0.032290 0.361708
vt 0.007812 0.352301
vt 0.032290 0.352301
vt 0.886768 0.481053
vt 0.888807 0.481054
vt 0.614229 0.842769
vt 0.638706 0.842769
vt 0.907446 0.395904
vt 0.906662 0.395904
vt 0.022598 0.395908
vt 0.017504 0.395908
vt 0.887551 0.524651
vt 0.886768 0.524651
vt 0.629014 0.886361
vt 0.623920 0.886361
vt 0.273155 0.639919
vt 0.273141 0.639919
vt 0.273141 0.615372
vt 0.273155 0.615372
vt 0.876498 0.796043
vt 0.876498 0.820590
vt 0.886769 0.409775
vt 0.886764 0.434323
vt 0.889909 0.032370
vt 0.889895 0.032370
vt 0.889891 0.007822
vt 0.889904 0.007822
vt 0.887187 0.168978
vt 0.887192 0.144430
vt 0.889232 0.144431
vt 0.889227 0.168978
vt 0.144068 0.305574
vt 0.144068 0.281029
vt 0.168546 0.281029
vt 0.168546 0.305574
vt 0.887855 0.032370
vt 0.887850 0.007823
vt 0.887173 0.055735
vt 0.887363 0.044053
vt 0.889403 0.044052
vt 0.889212 0.055735
vt 0.010151 0.563083
vt 0.008111 0.563083
vt 0.008111 0.538535
vt 0.010151 0.538535
vt 0.144068 0.317250
vt 0.168546 0.317250
vt 0.887680 0.180660
vt 0.889720 0.180661
vt 0.749298 0.807729
vt 0.749298 0.796042
vt 0.773775 0.796042
vt 0.773775 0.807729
vt 0.749298 0.831092
vt 0.749298 0.819413
vt 0.773775 0.819413
vt 0.773775 0.831092
vt 0.887662 0.204026
vt 0.887870 0.192343
vt 0.889910 0.192343
vt 0.889701 0.204026
vt 0.144068 0.340613
vt 0.144068 0.328929
vt 0.168546 0.328929
vt 0.168546 0.340613
vt 0.887381 0.067418
vt 0.889421 0.067418
vt 0.887865 0.079101
vt 0.889905 0.079100
vt 0.770005 0.873942
vt 0.753067 0.873942
vt 0.749298 0.861583
vt 0.773775 0.861583
vt 0.888587 0.246885
vt 0.887176 0.246885
vt 0.887174 0.234524
vt 0.889214 0.234524
vt 0.164776 0.383482
vt 0.147838 0.383482
vt 0.144068 0.371115
vt 0.168546 0.371115
vt 0.889907 0.110277
vt 0.888495 0.110277
vt 0.887869 0.097916
vt 0.889909 0.097916
vt 0.749298 0.852176
vt 0.773775 0.852176
vt 0.877281 0.896968
vt 0.876498 0.896968
vt 0.876498 0.891859
vt 0.877281 0.891859
vt 0.887176 0.225116
vt 0.889215 0.225116
vt 0.887867 0.088508
vt 0.889907 0.088508
vt 0.144068 0.361708
vt 0.168546 0.361708
vt 0.144068 0.352301
vt 0.168546 0.352301
vt 0.887178 0.215708
vt 0.889217 0.215708
vt 0.749298 0.842768
vt 0.773775 0.842768
vt 0.889904 0.122698
vt 0.889121 0.122698
vt 0.158854 0.395908
vt 0.153760 0.395908
vt 0.887961 0.259306
vt 0.887178 0.259306
vt 0.764084 0.886361
vt 0.758989 0.886361
vt 0.523662 0.859008
vt 0.523649 0.859008
vt 0.523649 0.834460
vt 0.523662 0.834460
vt 0.008097 0.538535
vt 0.008097 0.563083
vt 0.887179 0.144430
vt 0.887174 0.168978
vt 0.890837 0.563097
vt 0.890824 0.563097
vt 0.890819 0.538550
vt 0.890832 0.538550
vt 0.888121 0.305577
vt 0.888126 0.281030
vt 0.890166 0.281030
vt 0.890161 0.305578
vt 0.105721 0.305574
vt 0.105721 0.281029
vt 0.130198 0.281029
vt 0.130198 0.305574
vt 0.888784 0.563098
vt 0.888779 0.538550
vt 0.888101 0.586463
vt 0.888292 0.574781
vt 0.890331 0.574780
vt 0.890141 0.586463
vt 0.878550 0.859008
vt 0.876511 0.859008
vt 0.876511 0.834461
vt 0.878550 0.834461
vt 0.105721 0.317250
vt 0.130198 0.317250
vt 0.888614 0.317260
vt 0.890653 0.317260
vt 0.483681 0.807730
vt 0.483681 0.796042
vt 0.508158 0.796042
vt 0.508158 0.807730
vt 0.483681 0.831093
vt 0.483681 0.819414
vt 0.508158 0.819414
vt 0.508158 0.831093
vt 0.888595 0.340625
vt 0.888804 0.328943
vt 0.890843 0.328943
vt 0.890635 0.340626
vt 0.105721 0.340613
vt 0.105721 0.328929
vt 0.130198 0.328929
vt 0.130198 0.340613
vt 0.888310 0.598146
vt 0.890350 0.598145
vt 0.888794 0.609829
vt 0.890834 0.609828
vt 0.504389 0.873942
vt 0.487451 0.873942
vt 0.483681 0.861583
vt 0.508158 0.861583
vt 0.889521 0.383484
vt 0.888110 0.383484
vt 0.888107 0.371123
vt 0.890147 0.371124
vt 0.126428 0.383482
vt 0.109490 0.383482
vt 0.105721 0.371115
vt 0.130198 0.371115
vt 0.890835 0.641005
vt 0.889424 0.641005
vt 0.888798 0.628644
vt 0.890837 0.628644
vt 0.483681 0.852176
vt 0.508158 0.852176
vt 0.909811 0.776602
vt 0.909028 0.776602
vt 0.909028 0.771492
vt 0.909811 0.771492
vt 0.888109 0.361716
vt 0.890149 0.361716
vt 0.888796 0.619236
vt 0.890835 0.619236
vt 0.105721 0.361708
vt 0.130198 0.361708
vt 0.105721 0.352301
vt 0.130198 0.352301
vt 0.888112 0.352308
vt 0.890151 0.352308
vt 0.483681 0.842769
vt 0.508158 0.842769
vt 0.890833 0.653425
vt 0.890050 0.653426
vt 0.120506 0.395908
vt 0.115412 0.395908
vt 0.888895 0.395906
vt 0.888112 0.395905
vt 0.498467 0.886361
vt 0.493373 0.886361
vt 0.273155 0.563083
vt 0.273141 0.563083
vt 0.273141 0.538535
vt 0.273155 0.538535
vt 0.876498 0.834461
vt 0.876498 0.859008
vt 0.888112 0.281030
vt 0.888107 0.305577
vt 0.895157 0.691843
vt 0.895144 0.691843
vt 0.895139 0.667296
vt 0.895152 0.667296
vt 0.903384 0.434323
vt 0.903389 0.409776
vt 0.905429 0.409776
vt 0.905424 0.434324
vt 0.046160 0.305574
vt 0.046160 0.281029
vt 0.070637 0.281029
vt 0.070637 0.305574
vt 0.893104 0.691844
vt 0.893099 0.667296
vt 0.892421 0.715209
vt 0.892611 0.703527
vt 0.894651 0.703526
vt 0.894461 0.715209
vt 0.040108 0.434327
vt 0.038069 0.434327
vt 0.038069 0.409779
vt 0.040108 0.409779
vt 0.046160 0.317250
vt 0.070637 0.317250
vt 0.903877 0.446006
vt 0.905916 0.446006
vt 0.537533 0.807730
vt 0.537533 0.796042
vt 0.562010 0.796042
vt 0.562010 0.807730
vt 0.537533 0.831093
vt 0.537533 0.819414
vt 0.562010 0.819414
vt 0.562010 0.831093
vt 0.903858 0.469371
vt 0.904067 0.457688
vt 0.906107 0.457689
vt 0.905898 0.469371
vt 0.046160 0.340613
vt 0.046160 0.328929
vt 0.070637 0.328929
vt 0.070637 0.340613
vt 0.892630 0.726892
vt 0.894669 0.726891
vt 0.893113 0.738574
vt 0.895153 0.738574
vt 0.558241 0.873943
vt 0.541302 0.873943
vt 0.537533 0.861584
vt 0.562010 0.861584
vt 0.904785 0.512231
vt 0.903373 0.512230
vt 0.903371 0.499869
vt 0.905411 0.499870
vt 0.066868 0.383482
vt 0.049929 0.383482
vt 0.046160 0.371115
vt 0.070637 0.371115
vt 0.895155 0.769751
vt 0.893743 0.769751
vt 0.893118 0.757390
vt 0.895157 0.757389
vt 0.537533 0.852177
vt 0.562010 0.852177
vt 0.920761 0.420455
vt 0.919978 0.420455
vt 0.919978 0.415346
vt 0.920761 0.415346
vt 0.903373 0.490461
vt 0.905412 0.490462
vt 0.893115 0.747982
vt 0.895155 0.747982
vt 0.046160 0.361708
vt 0.070637 0.361708
vt 0.046160 0.352301
vt 0.070637 0.352301
vt 0.903375 0.481054
vt 0.905414 0.481054
vt 0.537533 0.842769
vt 0.562010 0.842769
vt 0.895153 0.782172
vt 0.894369 0.782172
vt 0.060946 0.395908
vt 0.055851 0.395908
vt 0.904158 0.524651
vt 0.903375 0.524651
vt 0.552319 0.886361
vt 0.547224 0.886361
vt 0.183846 0.691838
vt 0.183832 0.691838
vt 0.183832 0.667291
vt 0.183846 0.667291
vt 0.038056 0.409779
vt 0.038056 0.434327
vt 0.903376 0.409776
vt 0.903371 0.434323
vt 0.373393 0.434325
vt 0.373380 0.434325
vt 0.373375 0.409779
vt 0.373388 0.409779
vt 0.318686 0.434325
vt 0.318692 0.409779
vt 0.330930 0.409782
vt 0.330925 0.434327
vt 0.816306 0.305577
vt 0.816306 0.281030
vt 0.820385 0.281030
vt 0.820385 0.305577
vt 0.361141 0.434327
vt 0.361136 0.409782
vt 0.357021 0.457692
vt 0.358173 0.446010
vt 0.370412 0.446007
vt 0.369259 0.457689
vt 0.501632 0.912519
vt 0.501632 0.900245
vt 0.505712 0.900245
vt 0.505712 0.912519
vt 0.816306 0.317259
vt 0.820385 0.317259
vt 0.321655 0.446007
vt 0.333893 0.446010
vt 0.312962 0.807730
vt 0.312962 0.796046
vt 0.317042 0.796046
vt 0.317042 0.807730
vt 0.312962 0.831095
vt 0.312962 0.819413
vt 0.317042 0.819413
vt 0.317042 0.831095
vt 0.321567 0.469370
vt 0.322807 0.457689
vt 0.335046 0.457691
vt 0.333806 0.469373
vt 0.816306 0.340625
vt 0.816306 0.328942
vt 0.820385 0.328942
vt 0.820385 0.340625
vt 0.358261 0.469373
vt 0.370499 0.469371
vt 0.361151 0.481054
vt 0.373389 0.481052
vt 0.316414 0.873952
vt 0.313591 0.873952
vt 0.312962 0.861593
vt 0.317042 0.861593
vt 0.327168 0.512234
vt 0.318699 0.512232
vt 0.318673 0.499866
vt 0.330912 0.499868
vt 0.819758 0.383484
vt 0.816934 0.383484
vt 0.816306 0.371124
vt 0.820385 0.371124
vt 0.373368 0.512233
vt 0.364898 0.512235
vt 0.361154 0.499869
vt 0.373393 0.499866
vt 0.312962 0.852185
vt 0.317042 0.852185
vt 0.893270 0.926397
vt 0.893270 0.931110
vt 0.892421 0.931110
vt 0.892421 0.926397
vt 0.318675 0.490459
vt 0.330914 0.490461
vt 0.361153 0.490461
vt 0.373391 0.490459
vt 0.816306 0.361716
vt 0.820385 0.361716
vt 0.816306 0.352308
vt 0.820385 0.352308
vt 0.318677 0.481052
vt 0.330916 0.481054
vt 0.312962 0.842777
vt 0.317042 0.842777
vt 0.373342 0.524663
vt 0.368642 0.524664
vt 0.818771 0.395905
vt 0.817921 0.395905
vt 0.323425 0.524664
vt 0.318725 0.524663
vt 0.315427 0.886372
vt 0.314577 0.886372
vt 0.935969 0.642746
vt 0.935982 0.642746
vt 0.935982 0.646837
vt 0.935969 0.646837
vt 0.505712 0.900232
vt 0.501632 0.900232
vt 0.318678 0.409779
vt 0.318673 0.434325
vt 0.614406 0.032358
vt 0.614392 0.032358
vt 0.614387 0.007813
vt 0.614401 0.007813
vt 0.447765 0.305574
vt 0.447770 0.281029
vt 0.460008 0.281031
vt 0.460003 0.305577
vt 0.780400 0.563088
vt 0.780400 0.538541
vt 0.784479 0.538541
vt 0.784479 0.563088
vt 0.602153 0.032361
vt 0.602149 0.007815
vt 0.598033 0.055725
vt 0.599185 0.044043
vt 0.611424 0.044041
vt 0.610271 0.055723
vt 0.749298 0.912519
vt 0.749298 0.900245
vt 0.753377 0.900245
vt 0.753377 0.912519
vt 0.780400 0.574770
vt 0.784479 0.574770
vt 0.450733 0.317257
vt 0.462972 0.317259
vt 0.465730 0.807726
vt 0.465730 0.796042
vt 0.469809 0.796042
vt 0.469809 0.807726
vt 0.465730 0.831091
vt 0.465730 0.819409
vt 0.469809 0.819409
vt 0.469809 0.831091
vt 0.450646 0.340620
vt 0.451886 0.328939
vt 0.464124 0.328941
vt 0.462884 0.340623
vt 0.780400 0.598135
vt 0.780400 0.586452
vt 0.784479 0.586452
vt 0.784479 0.598135
vt 0.599273 0.067407
vt 0.611511 0.067404
vt 0.602163 0.079088
vt 0.614401 0.079085
vt 0.469182 0.873949
vt 0.466359 0.873949
vt 0.465730 0.861589
vt 0.469809 0.861589
vt 0.456247 0.383484
vt 0.447777 0.383482
vt 0.447752 0.371116
vt 0.459990 0.371118
vt 0.783851 0.640995
vt 0.781028 0.640995
vt 0.780400 0.628635
vt 0.784479 0.628635
vt 0.614380 0.110266
vt 0.605910 0.110268
vt 0.602167 0.097902
vt 0.614406 0.097900
vt 0.465730 0.852181
vt 0.469809 0.852181
vt 0.574283 0.926390
vt 0.574283 0.931103
vt 0.573433 0.931103
vt 0.573433 0.926390
vt 0.447754 0.361708
vt 0.459992 0.361711
vt 0.602165 0.088495
vt 0.614403 0.088493
vt 0.780400 0.619226
vt 0.784479 0.619226
vt 0.780400 0.609819
vt 0.784479 0.609819
vt 0.447755 0.352301
vt 0.459994 0.352304
vt 0.465730 0.842773
vt 0.469809 0.842773
vt 0.614354 0.122697
vt 0.609654 0.122698
vt 0.782864 0.653416
vt 0.782015 0.653416
vt 0.452503 0.395914
vt 0.447803 0.395913
vt 0.468195 0.886368
vt 0.467345 0.886368
vt 0.938336 0.772510
vt 0.938349 0.772510
vt 0.938349 0.776602
vt 0.938336 0.776602
vt 0.753377 0.900231
vt 0.749298 0.900231
vt 0.447756 0.281029
vt 0.447752 0.305574
vt 0.267380 0.434325
vt 0.267367 0.434325
vt 0.267362 0.409779
vt 0.267375 0.409779
vt 0.054278 0.434325
vt 0.054283 0.409779
vt 0.066521 0.409782
vt 0.066516 0.434327
vt 0.732212 0.691843
vt 0.732212 0.667296
vt 0.736291 0.667296
vt 0.736291 0.691843
vt 0.255128 0.434327
vt 0.255124 0.409782
vt 0.251008 0.457692
vt 0.252160 0.446010
vt 0.264399 0.446007
vt 0.263246 0.457689
vt 0.447780 0.912526
vt 0.447780 0.900252
vt 0.451859 0.900252
vt 0.451859 0.912526
vt 0.732212 0.703525
vt 0.736291 0.703525
vt 0.057246 0.446007
vt 0.069484 0.446010
vt 0.103991 0.807730
vt 0.103991 0.796046
vt 0.108070 0.796046
vt 0.108070 0.807730
vt 0.103991 0.831095
vt 0.103991 0.819413
vt 0.108070 0.819413
vt 0.108070 0.831095
vt 0.057159 0.469370
vt 0.058399 0.457689
vt 0.070637 0.457691
vt 0.069397 0.469373
vt 0.732212 0.726891
vt 0.732212 0.715208
vt 0.736291 0.715208
vt 0.736291 0.726891
vt 0.252247 0.469373
vt 0.264486 0.469371
vt 0.255138 0.481054
vt 0.267376 0.481052
vt 0.107442 0.873953
vt 0.104619 0.873953
vt 0.103991 0.861593
vt 0.108070 0.861593
vt 0.062760 0.512234
vt 0.054290 0.512233
vt 0.054265 0.499866
vt 0.066503 0.499868
vt 0.735663 0.769751
vt 0.732840 0.769751
vt 0.732212 0.757390
vt 0.736291 0.757390
vt 0.267355 0.512233
vt 0.258885 0.512234
vt 0.255141 0.499869
vt 0.267380 0.499866
vt 0.103991 0.852185
vt 0.108070 0.852185
vt 0.589003 0.926390
vt 0.589003 0.931103
vt 0.588154 0.931103
vt 0.588154 0.926390
vt 0.054266 0.490459
vt 0.066505 0.490461
vt 0.255140 0.490461
vt 0.267378 0.490459
vt 0.732212 0.747982
vt 0.736291 0.747982
vt 0.732212 0.738574
vt 0.736291 0.738574
vt 0.054268 0.481052
vt 0.066507 0.481054
vt 0.103991 0.842777
vt 0.108070 0.842777
vt 0.267329 0.524663
vt 0.262629 0.524664
vt 0.734676 0.782171
vt 0.733827 0.782171
vt 0.059016 0.524664
vt 0.054316 0.524663
vt 0.106455 0.886372
vt 0.105606 0.886372
vt 0.938338 0.142832
vt 0.938351 0.142832
vt 0.938351 0.146923
vt 0.938338 0.146923
vt 0.451859 0.900239
vt 0.447780 0.900239
vt 0.054269 0.409779
vt 0.054265 0.434325
vt 0.553918 0.032358
vt 0.553905 0.032358
vt 0.553900 0.007813
vt 0.553913 0.007813
vt 0.387277 0.305574
vt 0.387282 0.281029
vt 0.399521 0.281031
vt 0.399516 0.305577
vt 0.447779 0.691844
vt 0.447779 0.667296
vt 0.451859 0.667296
vt 0.451859 0.691844
vt 0.541667 0.032361
vt 0.541661 0.007815
vt 0.537546 0.055725
vt 0.538698 0.044043
vt 0.550937 0.044041
vt 0.549784 0.055723
vt 0.537533 0.912519
vt 0.537533 0.900245
vt 0.541612 0.900245
vt 0.541612 0.912519
vt 0.447779 0.703526
vt 0.451859 0.703526
vt 0.390245 0.317257
vt 0.402484 0.317259
vt 0.152179 0.807730
vt 0.152179 0.796046
vt 0.156258 0.796046
vt 0.156258 0.807730
vt 0.152179 0.831095
vt 0.152179 0.819413
vt 0.156258 0.819413
vt 0.156258 0.831095
vt 0.390158 0.340620
vt 0.391398 0.328939
vt 0.403637 0.328941
vt 0.402397 0.340623
vt 0.447779 0.726891
vt 0.447779 0.715208
vt 0.451859 0.715208
vt 0.451859 0.726891
vt 0.538786 0.067407
vt 0.551024 0.067404
vt 0.541676 0.079088
vt 0.553915 0.079085
vt 0.155630 0.873953
vt 0.152807 0.873953
vt 0.152179 0.861593
vt 0.156258 0.861593
vt 0.395759 0.383484
vt 0.387290 0.383482
vt 0.387264 0.371116
vt 0.399503 0.371118
vt 0.451231 0.769751
vt 0.448408 0.769751
vt 0.447779 0.757390
vt 0.451859 0.757390
vt 0.553893 0.110266
vt 0.545423 0.110268
vt 0.541680 0.097902
vt 0.553918 0.097900
vt 0.152179 0.852185
vt 0.156258 0.852185
vt 0.603723 0.926390
vt 0.603723 0.931103
vt 0.602874 0.931103
vt 0.602874 0.926390
vt 0.387266 0.361708
vt 0.399504 0.361711
vt 0.541678 0.088495
vt 0.553916 0.088493
vt 0.447779 0.747982
vt 0.451859 0.747982
vt 0.447779 0.738574
vt 0.451859 0.738574
vt 0.387268 0.352301
vt 0.399506 0.352304
vt 0.152179 0.842777
vt 0.156258 0.842777
vt 0.553867 0.122697
vt 0.549167 0.122698
vt 0.450244 0.782171
vt 0.449395 0.782171
vt 0.392015 0.395914
vt 0.387315 0.395913
vt 0.154643 0.886372
vt 0.153794 0.886372
vt 0.939271 0.393412
vt 0.939284 0.393412
vt 0.939284 0.397503
vt 0.939271 0.397503
vt 0.541612 0.900232
vt 0.537533 0.900232
vt 0.387269 0.281029
vt 0.387264 0.305574
vt 0.432945 0.032359
vt 0.432932 0.032359
vt 0.432927 0.007813
vt 0.432940 0.007813
vt 0.508252 0.434331
vt 0.508257 0.409785
vt 0.520496 0.409788
vt 0.520491 0.434333
vt 0.857864 0.691843
vt 0.857864 0.667296
vt 0.861943 0.667296
vt 0.861943 0.691843
vt 0.420693 0.032361
vt 0.420688 0.007815
vt 0.416572 0.055725
vt 0.417725 0.044043
vt 0.429964 0.044041
vt 0.428811 0.055723
vt 0.555483 0.912519
vt 0.555483 0.900245
vt 0.559563 0.900245
vt 0.559563 0.912519
vt 0.857864 0.703525
vt 0.861943 0.703525
vt 0.511220 0.446013
vt 0.523459 0.446015
vt 0.259112 0.807730
vt 0.259112 0.796046
vt 0.263191 0.796046
vt 0.263191 0.807730
vt 0.259112 0.831095
vt 0.259112 0.819413
vt 0.263191 0.819413
vt 0.263191 0.831095
vt 0.511133 0.469376
vt 0.512373 0.457695
vt 0.524612 0.457697
vt 0.523372 0.469379
vt 0.857864 0.726890
vt 0.857864 0.715207
vt 0.861943 0.715207
vt 0.861943 0.726890
vt 0.417812 0.067407
vt 0.430051 0.067404
vt 0.420703 0.079088
vt 0.432941 0.079086
vt 0.262563 0.873953
vt 0.259740 0.873953
vt 0.259112 0.861593
vt 0.263191 0.861593
vt 0.516734 0.512240
vt 0.508265 0.512239
vt 0.508239 0.499872
vt 0.520477 0.499875
vt 0.861315 0.769750
vt 0.858492 0.769750
vt 0.857864 0.757389
vt 0.861943 0.757389
vt 0.432919 0.110266
vt 0.424450 0.110268
vt 0.420706 0.097902
vt 0.432945 0.097900
vt 0.259112 0.852185
vt 0.263191 0.852185
vt 0.618443 0.926390
vt 0.618443 0.931103
vt 0.617594 0.931103
vt 0.617594 0.926390
vt 0.508241 0.490465
vt 0.520479 0.490467
vt 0.420704 0.088495
vt 0.432943 0.088493
vt 0.857864 0.747981
vt 0.861943 0.747981
vt 0.857864 0.738574
vt 0.861943 0.738574
vt 0.508242 0.481058
vt 0.520481 0.481060
vt 0.259112 0.842777
vt 0.263191 0.842777
vt 0.432894 0.122697
vt 0.428194 0.122698
vt 0.860328 0.782171
vt 0.859479 0.782171
vt 0.512990 0.524670
vt 0.508290 0.524669
vt 0.261576 0.886372
vt 0.260726 0.886372
vt 0.943041 0.926388
vt 0.943055 0.926388
vt 0.943055 0.930479
vt 0.943041 0.930479
vt 0.559563 0.900232
vt 0.555483 0.900232
vt 0.508244 0.409785
vt 0.508239 0.434331
vt 0.614406 0.168966
vt 0.614393 0.168966
vt 0.614388 0.144421
vt 0.614402 0.144421
vt 0.598981 0.434330
vt 0.598986 0.409785
vt 0.611225 0.409787
vt 0.611220 0.434333
vt 0.816306 0.434323
vt 0.816306 0.409776
vt 0.820386 0.409776
vt 0.820386 0.434323
vt 0.602155 0.168969
vt 0.602150 0.144423
vt 0.598034 0.192333
vt 0.599187 0.180651
vt 0.611425 0.180649
vt 0.610272 0.192330
vt 0.731347 0.912518
vt 0.731347 0.900245
vt 0.735427 0.900245
vt 0.735427 0.912518
vt 0.816306 0.446005
vt 0.820386 0.446005
vt 0.601949 0.446012
vt 0.614188 0.446015
vt 0.689687 0.807735
vt 0.689687 0.796051
vt 0.693766 0.796051
vt 0.693766 0.807735
vt 0.689687 0.831100
vt 0.689687 0.819418
vt 0.693766 0.819418
vt 0.693766 0.831100
vt 0.601862 0.469376
vt 0.603102 0.457694
vt 0.615341 0.457697
vt 0.614101 0.469378
vt 0.816306 0.469371
vt 0.816306 0.457688
vt 0.820386 0.457688
vt 0.820386 0.469371
vt 0.599274 0.204015
vt 0.611512 0.204012
vt 0.602164 0.215696
vt 0.614403 0.215693
vt 0.693138 0.873957
vt 0.690315 0.873957
vt 0.689687 0.861598
vt 0.693766 0.861598
vt 0.607463 0.512240
vt 0.598993 0.512238
vt 0.598968 0.499871
vt 0.611207 0.499874
vt 0.819758 0.512231
vt 0.816934 0.512231
vt 0.816306 0.499870
vt 0.820386 0.499870
vt 0.614381 0.246874
vt 0.605911 0.246876
vt 0.602168 0.234510
vt 0.614406 0.234508
vt 0.689687 0.852190
vt 0.693766 0.852190
vt 0.089158 0.926400
vt 0.089158 0.931114
vt 0.088309 0.931114
vt 0.088309 0.926400
vt 0.598970 0.490464
vt 0.611208 0.490467
vt 0.602166 0.225103
vt 0.614404 0.225100
vt 0.816306 0.490462
vt 0.820386 0.490462
vt 0.816306 0.481054
vt 0.820386 0.481054
vt 0.598972 0.481057
vt 0.611210 0.481060
vt 0.689687 0.842782
vt 0.693766 0.842782
vt 0.614355 0.259305
vt 0.609655 0.259306
vt 0.818771 0.524651
vt 0.817922 0.524651
vt 0.603719 0.524670
vt 0.599019 0.524669
vt 0.692151 0.886377
vt 0.691302 0.886377
vt 0.946272 0.900239
vt 0.946285 0.900239
vt 0.946285 0.904331
vt 0.946272 0.904331
vt 0.735427 0.900231
vt 0.731347 0.900231
vt 0.598973 0.409785
vt 0.598968 0.434330
vt 0.615341 0.305574
vt 0.615327 0.305574
vt 0.615323 0.281029
vt 0.615336 0.281029
vt 0.357034 0.305574
vt 0.357039 0.281029
vt 0.369277 0.281031
vt 0.369272 0.305577
vt 0.013277 0.691839
vt 0.013277 0.667291
vt 0.017357 0.667291
vt 0.017357 0.691839
vt 0.603089 0.305577
vt 0.603084 0.281031
vt 0.598968 0.328941
vt 0.600121 0.317259
vt 0.612360 0.317257
vt 0.611207 0.328939
vt 0.483681 0.912519
vt 0.483681 0.900245
vt 0.487760 0.900245
vt 0.487760 0.912519
vt 0.013277 0.703521
vt 0.017357 0.703521
vt 0.360002 0.317257
vt 0.372240 0.317259
vt 0.731348 0.807725
vt 0.731348 0.796042
vt 0.735427 0.796042
vt 0.735427 0.807725
vt 0.731348 0.831090
vt 0.731348 0.819408
vt 0.735427 0.819408
vt 0.735427 0.831090
vt 0.359915 0.340620
vt 0.361155 0.328939
vt 0.373393 0.328941
vt 0.372153 0.340623
vt 0.013277 0.726886
vt 0.013277 0.715203
vt 0.017357 0.715203
vt 0.017357 0.726886
vt 0.600209 0.340623
vt 0.612447 0.340620
vt 0.603099 0.352304
vt 0.615337 0.352301
vt 0.734799 0.873948
vt 0.731976 0.873948
vt 0.731348 0.861588
vt 0.735427 0.861588
vt 0.365516 0.383484
vt 0.357046 0.383482
vt 0.357021 0.371116
vt 0.369259 0.371118
vt 0.016728 0.769746
vt 0.013905 0.769746
vt 0.013277 0.757385
vt 0.017357 0.757385
vt 0.615315 0.383482
vt 0.606846 0.383484
vt 0.603102 0.371118
vt 0.615341 0.371116
vt 0.731348 0.852180
vt 0.735427 0.852180
vt 0.385720 0.926396
vt 0.385720 0.931110
vt 0.384872 0.931110
vt 0.384872 0.926396
vt 0.357023 0.361708
vt 0.369261 0.361711
vt 0.603100 0.361711
vt 0.615339 0.361708
vt 0.013277 0.747977
vt 0.017357 0.747977
vt 0.013277 0.738569
vt 0.017357 0.738569
vt 0.357024 0.352301
vt 0.369263 0.352304
vt 0.731348 0.842772
vt 0.735427 0.842772
vt 0.615289 0.395913
vt 0.610590 0.395914
vt 0.015741 0.782166
vt 0.014892 0.782166
vt 0.361772 0.395914
vt 0.357072 0.395913
vt 0.733812 0.886367
vt 0.732963 0.886367
vt 0.746903 0.944973
vt 0.746916 0.944973
vt 0.746916 0.949065
vt 0.746903 0.949065
vt 0.487760 0.900232
vt 0.483681 0.900232
vt 0.357026 0.281029
vt 0.357021 0.305574
vt 0.493432 0.032359
vt 0.493418 0.032359
vt 0.493414 0.007813
vt 0.493427 0.007813
vt 0.477073 0.168966
vt 0.477078 0.144421
vt 0.489317 0.144423
vt 0.489312 0.168969
vt 0.780406 0.305577
vt 0.780406 0.281030
vt 0.784485 0.281030
vt 0.784485 0.305577
vt 0.481180 0.032361
vt 0.481175 0.007815
vt 0.477059 0.055725
vt 0.478212 0.044043
vt 0.490451 0.044041
vt 0.489298 0.055723
vt 0.465731 0.912519
vt 0.465731 0.900245
vt 0.469810 0.900245
vt 0.469810 0.912519
vt 0.780406 0.317259
vt 0.784485 0.317259
vt 0.480041 0.180649
vt 0.492280 0.180652
vt 0.671736 0.807735
vt 0.671736 0.796051
vt 0.675816 0.796051
vt 0.675816 0.807735
vt 0.671736 0.831100
vt 0.671736 0.819418
vt 0.675816 0.819418
vt 0.675816 0.831100
vt 0.479954 0.204012
vt 0.481194 0.192331
vt 0.493432 0.192333
vt 0.492193 0.204015
vt 0.780406 0.340625
vt 0.780406 0.328942
vt 0.784485 0.328942
vt 0.784485 0.340625
vt 0.478299 0.067407
vt 0.490538 0.067404
vt 0.481190 0.079088
vt 0.493428 0.079086
vt 0.675187 0.873957
vt 0.672364 0.873957
vt 0.671736 0.861598
vt 0.675816 0.861598
vt 0.485555 0.246876
vt 0.477086 0.246874
vt 0.477060 0.234508
vt 0.489298 0.234510
vt 0.783857 0.383484
vt 0.781034 0.383484
vt 0.780406 0.371124
vt 0.784485 0.371124
vt 0.493406 0.110266
vt 0.484937 0.110268
vt 0.481193 0.097902
vt 0.493432 0.097900
vt 0.671736 0.852190
vt 0.675816 0.852190
vt 0.313812 0.926392
vt 0.313812 0.931105
vt 0.312963 0.931105
vt 0.312963 0.926392
vt 0.477062 0.225101
vt 0.489300 0.225103
vt 0.481191 0.088495
vt 0.493430 0.088493
vt 0.780406 0.361716
vt 0.784485 0.361716
vt 0.780406 0.352308
vt 0.784485 0.352308
vt 0.477064 0.215694
vt 0.489302 0.215696
vt 0.671736 0.842782
vt 0.675816 0.842782
vt 0.493380 0.122697
vt 0.488681 0.122698
vt 0.782870 0.395905
vt 0.782021 0.395905
vt 0.481811 0.259306
vt 0.477111 0.259305
vt 0.674201 0.886377
vt 0.673351 0.886377
vt 0.634626 0.944974
vt 0.634639 0.944974
vt 0.634639 0.949065
vt 0.634626 0.949065
vt 0.469810 0.900232
vt 0.465731 0.900232
vt 0.477065 0.144421
vt 0.477060 0.168966
vt 0.432945 0.168966
vt 0.432932 0.168966
vt 0.432927 0.144421
vt 0.432940 0.144421
vt 0.478009 0.305574
vt 0.478013 0.281029
vt 0.490252 0.281031
vt 0.490247 0.305577
vt 0.833322 0.168977
vt 0.833322 0.144430
vt 0.837402 0.144430
vt 0.837402 0.168977
vt 0.420693 0.168969
vt 0.420688 0.144423
vt 0.416572 0.192333
vt 0.417725 0.180651
vt 0.429964 0.180649
vt 0.428811 0.192331
vt 0.892421 0.912526
vt 0.892421 0.900253
vt 0.896500 0.900253
vt 0.896500 0.912526
vt 0.833322 0.180659
vt 0.837402 0.180659
vt 0.480977 0.317257
vt 0.493215 0.317259
vt 0.447780 0.807726
vt 0.447780 0.796042
vt 0.451859 0.796042
vt 0.451859 0.807726
vt 0.447780 0.831091
vt 0.447780 0.819409
vt 0.451859 0.819409
vt 0.451859 0.831091
vt 0.480889 0.340620
vt 0.482129 0.328939
vt 0.494368 0.328941
vt 0.493128 0.340623
vt 0.833322 0.204025
vt 0.833322 0.192342
vt 0.837402 0.192342
vt 0.837402 0.204025
vt 0.417812 0.204015
vt 0.430051 0.204012
vt 0.420703 0.215696
vt 0.432941 0.215694
vt 0.451230 0.873949
vt 0.448407 0.873949
vt 0.447780 0.861589
vt 0.451859 0.861589
vt 0.486490 0.383484
vt 0.478021 0.383482
vt 0.477995 0.371116
vt 0.490234 0.371118
vt 0.836774 0.246885
vt 0.833950 0.246885
vt 0.833322 0.234524
vt 0.837402 0.234524
vt 0.432919 0.246874
vt 0.424450 0.246876
vt 0.420706 0.234510
vt 0.432945 0.234508
vt 0.447780 0.852181
vt 0.451859 0.852181
vt 0.331762 0.926392
vt 0.331762 0.931105
vt 0.330913 0.931105
vt 0.330913 0.926392
vt 0.477997 0.361708
vt 0.490236 0.361711
vt 0.420704 0.225103
vt 0.432943 0.225101
vt 0.833322 0.225116
vt 0.837402 0.225116
vt 0.833322 0.215708
vt 0.837402 0.215708
vt 0.477999 0.352301
vt 0.490237 0.352304
vt 0.447780 0.842773
vt 0.451859 0.842773
vt 0.432894 0.259305
vt 0.428194 0.259306
vt 0.835787 0.259305
vt 0.834938 0.259305
vt 0.482746 0.395914
vt 0.478046 0.395913
vt 0.450244 0.886368
vt 0.449395 0.886368
vt 0.620742 0.944974
vt 0.620755 0.944974
vt 0.620755 0.949065
vt 0.620742 0.949065
vt 0.896500 0.900239
vt 0.892421 0.900239
vt 0.478000 0.281029
vt 0.477995 0.305574
vt 0.523675 0.032359
vt 0.523662 0.032359
vt 0.523657 0.007813
vt 0.523670 0.007813
vt 0.507316 0.168966
vt 0.507321 0.144421
vt 0.519560 0.144423
vt 0.519555 0.168969
vt 0.780406 0.434333
vt 0.780406 0.409785
vt 0.784485 0.409785
vt 0.784485 0.434333
vt 0.511423 0.032361
vt 0.511418 0.007815
vt 0.507302 0.055725
vt 0.508455 0.044043
vt 0.520694 0.044041
vt 0.519541 0.055723
vt 0.575881 0.912519
vt 0.575881 0.900245
vt 0.579960 0.900245
vt 0.579960 0.912519
vt 0.780406 0.446015
vt 0.784485 0.446015
vt 0.510284 0.180649
vt 0.522523 0.180652
vt 0.357066 0.807735
vt 0.357066 0.796051
vt 0.361146 0.796051
vt 0.361146 0.807735
vt 0.357066 0.831100
vt 0.357066 0.819418
vt 0.361146 0.819418
vt 0.361146 0.831100
vt 0.510197 0.204012
vt 0.511437 0.192331
vt 0.523676 0.192333
vt 0.522436 0.204015
vt 0.780406 0.469380
vt 0.780406 0.457697
vt 0.784485 0.457697
vt 0.784485 0.469380
vt 0.508543 0.067407
vt 0.520781 0.067404
vt 0.511433 0.079088
vt 0.523672 0.079086
vt 0.360518 0.873957
vt 0.357695 0.873957
vt 0.357066 0.861598
vt 0.361146 0.861598
vt 0.515798 0.246876
vt 0.507329 0.246874
vt 0.507303 0.234508
vt 0.519542 0.234510
vt 0.783857 0.512240
vt 0.781034 0.512240
vt 0.780406 0.499879
vt 0.784485 0.499879
vt 0.523649 0.110266
vt 0.515180 0.110268
vt 0.511437 0.097902
vt 0.523675 0.097900
vt 0.357066 0.852190
vt 0.361146 0.852190
vt 0.556333 0.926390
vt 0.556333 0.931103
vt 0.555483 0.931103
vt 0.555483 0.926390
vt 0.507305 0.225101
vt 0.519544 0.225103
vt 0.511435 0.088495
vt 0.523673 0.088493
vt 0.780406 0.490471
vt 0.784485 0.490471
vt 0.780406 0.481063
vt 0.784485 0.481063
vt 0.507307 0.215694
vt 0.519545 0.215696
vt 0.357066 0.842782
vt 0.361146 0.842782
vt 0.523624 0.122697
vt 0.518924 0.122698
vt 0.782870 0.524660
vt 0.782021 0.524660
vt 0.512054 0.259306
vt 0.507354 0.259305
vt 0.359531 0.886377
vt 0.358681 0.886377
vt 0.878501 0.942750
vt 0.878514 0.942750
vt 0.878514 0.946842
vt 0.878501 0.946842
vt 0.579960 0.900232
vt 0.575881 0.900232
vt 0.507308 0.144421
vt 0.507303 0.168966
vt 0.644649 0.032358
vt 0.644636 0.032358
vt 0.644631 0.007813
vt 0.644644 0.007813
vt 0.628290 0.168966
vt 0.628295 0.144421
vt 0.640534 0.144423
vt 0.640529 0.168969
vt 0.465730 0.691844
vt 0.465730 0.667296
vt 0.469810 0.667296
vt 0.469810 0.691844
vt 0.632398 0.032361
vt 0.632392 0.007815
vt 0.628276 0.055725
vt 0.629429 0.044043
vt 0.641668 0.044041
vt 0.640515 0.055723
vt 0.519583 0.912519
vt 0.519583 0.900246
vt 0.523662 0.900246
vt 0.523662 0.912519
vt 0.465730 0.703526
vt 0.469810 0.703526
vt 0.631259 0.180648
vt 0.643497 0.180651
vt 0.399592 0.807735
vt 0.399592 0.796051
vt 0.403671 0.796051
vt 0.403671 0.807735
vt 0.399592 0.831100
vt 0.399592 0.819418
vt 0.403671 0.819418
vt 0.403671 0.831100
vt 0.631171 0.204012
vt 0.632411 0.192330
vt 0.644650 0.192333
vt 0.643410 0.204015
vt 0.465730 0.726891
vt 0.465730 0.715208
vt 0.469810 0.715208
vt 0.469810 0.726891
vt 0.629517 0.067407
vt 0.641755 0.067404
vt 0.632407 0.079088
vt 0.644646 0.079085
vt 0.403042 0.873957
vt 0.400219 0.873957
vt 0.399592 0.861598
vt 0.403671 0.861598
vt 0.636772 0.246876
vt 0.628303 0.246874
vt 0.628277 0.234508
vt 0.640516 0.234510
vt 0.469182 0.769751
vt 0.466359 0.769751
vt 0.465730 0.757390
vt 0.469810 0.757390
vt 0.644624 0.110266
vt 0.636154 0.110268
vt 0.632411 0.097902
vt 0.644649 0.097900
vt 0.399592 0.852190
vt 0.403671 0.852190
vt 0.914451 0.926388
vt 0.914451 0.931101
vt 0.913602 0.931101
vt 0.913602 0.926388
vt 0.628279 0.225100
vt 0.640518 0.225103
vt 0.632409 0.088495
vt 0.644647 0.088493
vt 0.465730 0.747982
vt 0.469810 0.747982
vt 0.465730 0.738574
vt 0.469810 0.738574
vt 0.628281 0.215693
vt 0.640519 0.215696
vt 0.399592 0.842782
vt 0.403671 0.842782
vt 0.644598 0.122697
vt 0.639898 0.122698
vt 0.468195 0.782171
vt 0.467346 0.782171
vt 0.633028 0.259306
vt 0.628328 0.259305
vt 0.402056 0.886377
vt 0.401207 0.886377
vt 0.878501 0.924788
vt 0.878514 0.924788
vt 0.878514 0.928879
vt 0.878501 0.928879
vt 0.523662 0.900232
vt 0.519583 0.900232
vt 0.628282 0.144421
vt 0.628277 0.168966
vt 0.645584 0.434330
vt 0.645571 0.434330
vt 0.645566 0.409785
vt 0.645579 0.409785
vt 0.417521 0.305574
vt 0.417527 0.281029
vt 0.429765 0.281031
vt 0.429760 0.305577
vt 0.786062 0.691843
vt 0.786062 0.667296
vt 0.790142 0.667296
vt 0.790142 0.691843
vt 0.633333 0.434333
vt 0.633328 0.409787
vt 0.629212 0.457697
vt 0.630365 0.446015
vt 0.642603 0.446013
vt 0.641451 0.457695
vt 0.767248 0.912519
vt 0.767248 0.900245
vt 0.771328 0.900245
vt 0.771328 0.912519
vt 0.786062 0.703525
vt 0.790142 0.703525
vt 0.420490 0.317257
vt 0.432728 0.317259
vt 0.707637 0.807735
vt 0.707637 0.796051
vt 0.711717 0.796051
vt 0.711717 0.807735
vt 0.707637 0.831100
vt 0.707637 0.819418
vt 0.711717 0.819418
vt 0.711717 0.831100
vt 0.420402 0.340620
vt 0.421642 0.328939
vt 0.433881 0.328941
vt 0.432641 0.340623
vt 0.786062 0.726891
vt 0.786062 0.715208
vt 0.790142 0.715208
vt 0.790142 0.726891
vt 0.630452 0.469379
vt 0.642690 0.469376
vt 0.633342 0.481060
vt 0.645581 0.481057
vt 0.711089 0.873957
vt 0.708266 0.873957
vt 0.707637 0.861598
vt 0.711717 0.861598
vt 0.426003 0.383484
vt 0.417534 0.383482
vt 0.417508 0.371116
vt 0.429747 0.371118
vt 0.789514 0.769751
vt 0.786691 0.769751
vt 0.786062 0.757390
vt 0.790142 0.757390
vt 0.645559 0.512238
vt 0.637090 0.512240
vt 0.633346 0.499874
vt 0.645584 0.499872
vt 0.707637 0.852190
vt 0.711717 0.852190
vt 0.538382 0.926390
vt 0.538382 0.931103
vt 0.537533 0.931103
vt 0.537533 0.926390
vt 0.417510 0.361708
vt 0.429748 0.361711
vt 0.633344 0.490467
vt 0.645583 0.490464
vt 0.786062 0.747982
vt 0.790142 0.747982
vt 0.786062 0.738574
vt 0.790142 0.738574
vt 0.417512 0.352301
vt 0.429750 0.352304
vt 0.707637 0.842782
vt 0.711717 0.842782
vt 0.645533 0.524669
vt 0.640833 0.524670
vt 0.788526 0.782171
vt 0.787678 0.782171
vt 0.422259 0.395914
vt 0.417559 0.395913
vt 0.710101 0.886377
vt 0.709253 0.886377
vt 0.943041 0.944350
vt 0.943055 0.944350
vt 0.943055 0.948441
vt 0.943041 0.948441
vt 0.771328 0.900231
vt 0.767248 0.900231
vt 0.417513 0.281029
vt 0.417508 0.305574
vt 0.524611 0.305574
vt 0.524598 0.305574
vt 0.524593 0.281029
vt 0.524606 0.281029
vt 0.567802 0.032359
vt 0.567808 0.007813
vt 0.580046 0.007815
vt 0.580041 0.032361
vt 0.483681 0.691844
vt 0.483681 0.667296
vt 0.487761 0.667296
vt 0.487761 0.691844
vt 0.512359 0.305577
vt 0.512355 0.281031
vt 0.508239 0.328941
vt 0.509391 0.317259
vt 0.521630 0.317257
vt 0.520477 0.328939
vt 0.200367 0.912523
vt 0.200367 0.900250
vt 0.204447 0.900250
vt 0.204447 0.912523
vt 0.483681 0.703526
vt 0.487761 0.703526
vt 0.570771 0.044041
vt 0.583009 0.044043
vt 0.381641 0.807735
vt 0.381641 0.796051
vt 0.385721 0.796051
vt 0.385721 0.807735
vt 0.381641 0.831100
vt 0.381641 0.819418
vt 0.385721 0.819418
vt 0.385721 0.831100
vt 0.570683 0.067404
vt 0.571923 0.055723
vt 0.584162 0.055725
vt 0.582922 0.067407
vt 0.483681 0.726891
vt 0.483681 0.715208
vt 0.487761 0.715208
vt 0.487761 0.726891
vt 0.509479 0.340623
vt 0.521717 0.340620
vt 0.512369 0.352304
vt 0.524608 0.352301
vt 0.385092 0.873957
vt 0.382269 0.873957
vt 0.381641 0.861598
vt 0.385721 0.861598
vt 0.576284 0.110268
vt 0.567815 0.110266
vt 0.567789 0.097900
vt 0.580028 0.097902
vt 0.487133 0.769751
vt 0.484310 0.769751
vt 0.483681 0.757390
vt 0.487761 0.757390
vt 0.524585 0.383482
vt 0.516116 0.383484
vt 0.512373 0.371118
vt 0.524611 0.371116
vt 0.381641 0.852190
vt 0.385721 0.852190
vt 0.356281 0.926396
vt 0.356281 0.931110
vt 0.355432 0.931110
vt 0.355432 0.926396
vt 0.567791 0.088493
vt 0.580030 0.088495
vt 0.512371 0.361711
vt 0.524609 0.361708
vt 0.483681 0.747982
vt 0.487761 0.747982
vt 0.483681 0.738574
vt 0.487761 0.738574
vt 0.567793 0.079086
vt 0.580032 0.079088
vt 0.381641 0.842782
vt 0.385721 0.842782
vt 0.524560 0.395913
vt 0.519860 0.395914
vt 0.486146 0.782171
vt 0.485297 0.782171
vt 0.572541 0.122698
vt 0.567841 0.122697
vt 0.384105 0.886377
vt 0.383256 0.886377
vt 0.948925 0.008840
vt 0.948938 0.008840
vt 0.948938 0.012931
vt 0.948925 0.012931
vt 0.204447 0.900236
vt 0.200367 0.900236
vt 0.567794 0.007813
vt 0.567789 0.032358
vt 0.304802 0.434325
vt 0.304789 0.434325
vt 0.304784 0.409779
vt 0.304798 0.409779
vt 0.447765 0.434330
vt 0.447770 0.409785
vt 0.460009 0.409787
vt 0.460004 0.434333
vt 0.087770 0.434327
vt 0.087770 0.409779
vt 0.091850 0.409779
vt 0.091850 0.434327
vt 0.292551 0.434327
vt 0.292546 0.409782
vt 0.288430 0.457692
vt 0.289583 0.446009
vt 0.301821 0.446007
vt 0.300668 0.457689
vt 0.067128 0.912530
vt 0.067128 0.900256
vt 0.071208 0.900256
vt 0.071208 0.912530
vt 0.087770 0.446008
vt 0.091850 0.446008
vt 0.450733 0.446013
vt 0.462972 0.446015
vt 0.031227 0.807730
vt 0.031227 0.796046
vt 0.035306 0.796046
vt 0.035306 0.807730
vt 0.031227 0.831095
vt 0.031227 0.819413
vt 0.035306 0.819413
vt 0.035306 0.831095
vt 0.450646 0.469376
vt 0.451886 0.457695
vt 0.464125 0.457697
vt 0.462885 0.469379
vt 0.087770 0.469374
vt 0.087770 0.457691
vt 0.091850 0.457691
vt 0.091850 0.469374
vt 0.289670 0.469373
vt 0.301908 0.469371
vt 0.292560 0.481054
vt 0.304799 0.481052
vt 0.034678 0.873953
vt 0.031855 0.873953
vt 0.031227 0.861593
vt 0.035306 0.861593
vt 0.456247 0.512240
vt 0.447777 0.512239
vt 0.447752 0.499872
vt 0.459991 0.499874
vt 0.091222 0.512233
vt 0.088399 0.512233
vt 0.087770 0.499873
vt 0.091850 0.499873
vt 0.304777 0.512232
vt 0.296308 0.512235
vt 0.292564 0.499868
vt 0.304802 0.499866
vt 0.031227 0.852185
vt 0.035306 0.852185
vt 0.635475 0.926390
vt 0.635475 0.931103
vt 0.634626 0.931103
vt 0.634626 0.926390
vt 0.447754 0.490465
vt 0.459992 0.490467
vt 0.292562 0.490461
vt 0.304801 0.490459
vt 0.087770 0.490465
vt 0.091850 0.490465
vt 0.087770 0.481057
vt 0.091850 0.481057
vt 0.447756 0.481057
vt 0.459994 0.481060
vt 0.031227 0.842777
vt 0.035306 0.842777
vt 0.304751 0.524663
vt 0.300052 0.524664
vt 0.090235 0.524654
vt 0.089386 0.524654
vt 0.452503 0.524670
vt 0.447803 0.524669
vt 0.033692 0.886372
vt 0.032842 0.886372
vt 0.913602 0.944972
vt 0.913615 0.944972
vt 0.913615 0.949063
vt 0.913602 0.949063
vt 0.071208 0.900243
vt 0.067128 0.900243
vt 0.447757 0.409785
vt 0.447752 0.434330
vt 0.237137 0.434325
vt 0.237124 0.434325
vt 0.237118 0.409779
vt 0.237132 0.409779
vt 0.182430 0.434325
vt 0.182435 0.409779
vt 0.194673 0.409782
vt 0.194668 0.434327
vt 0.852201 0.563098
vt 0.852201 0.538550
vt 0.856280 0.538550
vt 0.856280 0.563098
vt 0.224885 0.434327
vt 0.224880 0.409782
vt 0.220764 0.457692
vt 0.221917 0.446010
vt 0.234155 0.446007
vt 0.233003 0.457689
vt 0.634626 0.912519
vt 0.634626 0.900245
vt 0.638705 0.900245
vt 0.638705 0.912519
vt 0.852201 0.574779
vt 0.856280 0.574779
vt 0.185398 0.446007
vt 0.197636 0.446010
vt 0.653786 0.807735
vt 0.653786 0.796051
vt 0.657866 0.796051
vt 0.657866 0.807735
vt 0.653786 0.831100
vt 0.653786 0.819418
vt 0.657866 0.819418
vt 0.657866 0.831100
vt 0.185311 0.469371
vt 0.186550 0.457689
vt 0.198789 0.457692
vt 0.197549 0.469373
vt 0.852201 0.598145
vt 0.852201 0.586462
vt 0.856280 0.586462
vt 0.856280 0.598145
vt 0.222004 0.469373
vt 0.234243 0.469371
vt 0.224894 0.481054
vt 0.237133 0.481052
vt 0.657237 0.873957
vt 0.654414 0.873957
vt 0.653786 0.861598
vt 0.657866 0.861598
vt 0.190912 0.512235
vt 0.182442 0.512233
vt 0.182417 0.499866
vt 0.194655 0.499869
vt 0.855652 0.641004
vt 0.852829 0.641004
vt 0.852201 0.628644
vt 0.856280 0.628644
vt 0.237111 0.512233
vt 0.228642 0.512234
vt 0.224898 0.499869
vt 0.237137 0.499866
vt 0.653786 0.852190
vt 0.657866 0.852190
vt 0.484530 0.926390
vt 0.484530 0.931103
vt 0.483681 0.931103
vt 0.483681 0.926390
vt 0.182418 0.490459
vt 0.194657 0.490461
vt 0.224896 0.490462
vt 0.237135 0.490459
vt 0.852201 0.619236
vt 0.856280 0.619236
vt 0.852201 0.609828
vt 0.856280 0.609828
vt 0.182420 0.481052
vt 0.194659 0.481054
vt 0.653786 0.842782
vt 0.657866 0.842782
vt 0.237085 0.524664
vt 0.232385 0.524665
vt 0.854665 0.653425
vt 0.853816 0.653425
vt 0.187168 0.524664
vt 0.182468 0.524663
vt 0.656250 0.886377
vt 0.655401 0.886377
vt 0.928321 0.944972
vt 0.928335 0.944972
vt 0.928335 0.949063
vt 0.928321 0.949063
vt 0.638705 0.900232
vt 0.634626 0.900232
vt 0.182422 0.409779
vt 0.182417 0.434325
vt 0.160441 0.434325
vt 0.160427 0.434325
vt 0.160423 0.409779
vt 0.160436 0.409779
vt 0.629225 0.305574
vt 0.629230 0.281029
vt 0.641468 0.281031
vt 0.641463 0.305577
vt 0.851272 0.032369
vt 0.851272 0.007822
vt 0.855351 0.007822
vt 0.855351 0.032369
vt 0.148189 0.434327
vt 0.148184 0.409782
vt 0.144068 0.457692
vt 0.145221 0.446010
vt 0.157459 0.446007
vt 0.156307 0.457689
vt 0.614229 0.912519
vt 0.614229 0.900245
vt 0.618308 0.900245
vt 0.618308 0.912519
vt 0.851272 0.044051
vt 0.855351 0.044051
vt 0.632193 0.317256
vt 0.644431 0.317259
vt 0.121941 0.807730
vt 0.121941 0.796046
vt 0.126021 0.796046
vt 0.126021 0.807730
vt 0.121941 0.831095
vt 0.121941 0.819413
vt 0.126021 0.819413
vt 0.126021 0.831095
vt 0.632106 0.340620
vt 0.633346 0.328938
vt 0.645584 0.328941
vt 0.644344 0.340622
vt 0.851272 0.067417
vt 0.851272 0.055734
vt 0.855351 0.055734
vt 0.855351 0.067417
vt 0.145308 0.469373
vt 0.157546 0.469371
vt 0.148198 0.481054
vt 0.160437 0.481052
vt 0.125392 0.873953
vt 0.122569 0.873953
vt 0.121941 0.861593
vt 0.126021 0.861593
vt 0.637707 0.383484
vt 0.629237 0.383482
vt 0.629212 0.371115
vt 0.641450 0.371118
vt 0.854723 0.110276
vt 0.851900 0.110276
vt 0.851272 0.097916
vt 0.855351 0.097916
vt 0.160415 0.512233
vt 0.151946 0.512234
vt 0.148202 0.499869
vt 0.160441 0.499866
vt 0.121941 0.852185
vt 0.126021 0.852185
vt 0.074438 0.926400
vt 0.074438 0.931113
vt 0.073588 0.931113
vt 0.073588 0.926400
vt 0.629214 0.361708
vt 0.641452 0.361711
vt 0.148200 0.490462
vt 0.160439 0.490459
vt 0.851272 0.088508
vt 0.855351 0.088508
vt 0.851272 0.079100
vt 0.855351 0.079100
vt 0.629215 0.352301
vt 0.641454 0.352304
vt 0.121941 0.842777
vt 0.126021 0.842777
vt 0.160390 0.524664
vt 0.155689 0.524665
vt 0.853736 0.122697
vt 0.852887 0.122697
vt 0.633963 0.395914
vt 0.629263 0.395913
vt 0.124405 0.886372
vt 0.123556 0.886372
vt 0.552253 0.944974
vt 0.552266 0.944974
vt 0.552266 0.949065
vt 0.552253 0.949065
vt 0.618308 0.900232
vt 0.614229 0.900232
vt 0.629216 0.281029
vt 0.629212 0.305574
vt 0.433880 0.434330
vt 0.433867 0.434330
vt 0.433862 0.409785
vt 0.433876 0.409785
vt 0.478008 0.434330
vt 0.478013 0.409785
vt 0.490252 0.409787
vt 0.490247 0.434333
vt 0.220764 0.305576
vt 0.220764 0.281029
vt 0.224844 0.281029
vt 0.224844 0.305576
vt 0.421629 0.434333
vt 0.421624 0.409787
vt 0.417508 0.457697
vt 0.418661 0.446015
vt 0.430899 0.446013
vt 0.429746 0.457695
vt 0.013277 0.912530
vt 0.013277 0.900256
vt 0.017356 0.900256
vt 0.017356 0.912530
vt 0.220764 0.317258
vt 0.224844 0.317258
vt 0.480976 0.446013
vt 0.493215 0.446015
vt 0.892421 0.807726
vt 0.892421 0.796043
vt 0.896500 0.796043
vt 0.896500 0.807726
vt 0.892421 0.831091
vt 0.892421 0.819409
vt 0.896500 0.819409
vt 0.896500 0.831091
vt 0.480889 0.469376
vt 0.482129 0.457695
vt 0.494368 0.457697
vt 0.493128 0.469379
vt 0.220764 0.340623
vt 0.220764 0.328940
vt 0.224844 0.328940
vt 0.224844 0.340623
vt 0.418748 0.469379
vt 0.430987 0.469376
vt 0.421638 0.481060
vt 0.433877 0.481057
vt 0.895873 0.873949
vt 0.893049 0.873949
vt 0.892421 0.861589
vt 0.896500 0.861589
vt 0.486490 0.512240
vt 0.478021 0.512239
vt 0.477995 0.499872
vt 0.490234 0.499875
vt 0.224216 0.383483
vt 0.221393 0.383483
vt 0.220764 0.371122
vt 0.224844 0.371122
vt 0.433855 0.512238
vt 0.425386 0.512240
vt 0.421642 0.499874
vt 0.433880 0.499872
vt 0.892421 0.852181
vt 0.896500 0.852181
vt 0.017356 0.926400
vt 0.017356 0.931113
vt 0.016507 0.931113
vt 0.016507 0.926400
vt 0.477997 0.490465
vt 0.490236 0.490467
vt 0.421640 0.490467
vt 0.433879 0.490464
vt 0.220764 0.361714
vt 0.224844 0.361714
vt 0.220764 0.352307
vt 0.224844 0.352307
vt 0.477999 0.481057
vt 0.490238 0.481060
vt 0.892421 0.842773
vt 0.896500 0.842773
vt 0.433829 0.524669
vt 0.429129 0.524670
vt 0.223229 0.395904
vt 0.222380 0.395904
vt 0.482747 0.524670
vt 0.478047 0.524669
vt 0.894886 0.886368
vt 0.894036 0.886368
vt 0.805782 0.944973
vt 0.805795 0.944973
vt 0.805795 0.949065
vt 0.805782 0.949065
vt 0.017356 0.900243
vt 0.013277 0.900243
vt 0.478000 0.409785
vt 0.477995 0.434330
vt 0.070637 0.563081
vt 0.070624 0.563081
vt 0.070619 0.538535
vt 0.070632 0.538535
vt 0.446829 0.168966
vt 0.446834 0.144421
vt 0.459072 0.144423
vt 0.459068 0.168969
vt 0.797421 0.032370
vt 0.797421 0.007822
vt 0.801500 0.007822
vt 0.801500 0.032370
vt 0.058386 0.563083
vt 0.058381 0.538538
vt 0.054265 0.586448
vt 0.055418 0.574766
vt 0.067656 0.574763
vt 0.066503 0.586445
vt 0.785198 0.912519
vt 0.785198 0.900245
vt 0.789278 0.900245
vt 0.789278 0.912519
vt 0.797421 0.044052
vt 0.801500 0.044052
vt 0.449797 0.180649
vt 0.462036 0.180652
vt 0.957215 0.550233
vt 0.957215 0.538549
vt 0.961294 0.538549
vt 0.961294 0.550233
vt 0.957215 0.573598
vt 0.957215 0.561915
vt 0.961294 0.561915
vt 0.961294 0.573598
vt 0.449710 0.204012
vt 0.450950 0.192331
vt 0.463189 0.192333
vt 0.461948 0.204015
vt 0.797421 0.067417
vt 0.797421 0.055734
vt 0.801500 0.055734
vt 0.801500 0.067417
vt 0.055505 0.598129
vt 0.067743 0.598127
vt 0.058395 0.609810
vt 0.070633 0.609808
vt 0.960666 0.616455
vt 0.957843 0.616455
vt 0.957215 0.604095
vt 0.961294 0.604095
vt 0.455311 0.246876
vt 0.446841 0.246874
vt 0.446816 0.234508
vt 0.459055 0.234510
vt 0.800872 0.110277
vt 0.798049 0.110277
vt 0.797421 0.097916
vt 0.801500 0.097916
vt 0.070612 0.640989
vt 0.062142 0.640990
vt 0.058399 0.628625
vt 0.070637 0.628622
vt 0.957215 0.594687
vt 0.961294 0.594687
vt 0.263191 0.926392
vt 0.263191 0.931105
vt 0.262342 0.931105
vt 0.262342 0.926392
vt 0.446818 0.225101
vt 0.459056 0.225103
vt 0.058397 0.619217
vt 0.070636 0.619215
vt 0.797421 0.088508
vt 0.801500 0.088508
vt 0.797421 0.079100
vt 0.801500 0.079100
vt 0.446820 0.215694
vt 0.459058 0.215696
vt 0.957215 0.585280
vt 0.961294 0.585280
vt 0.070586 0.653419
vt 0.065886 0.653420
vt 0.799885 0.122697
vt 0.799036 0.122697
vt 0.451567 0.259306
vt 0.446867 0.259305
vt 0.959680 0.628875
vt 0.958830 0.628875
vt 0.513121 0.944974
vt 0.513134 0.944974
vt 0.513134 0.949065
vt 0.513121 0.949065
vt 0.789278 0.900231
vt 0.785198 0.900231
vt 0.446821 0.144421
vt 0.446816 0.168966
vt 0.585098 0.434330
vt 0.585085 0.434330
vt 0.585080 0.409785
vt 0.585093 0.409785
vt 0.446829 0.032359
vt 0.446834 0.007813
vt 0.459073 0.007815
vt 0.459068 0.032361
vt 0.501632 0.691844
vt 0.501632 0.667296
vt 0.505711 0.667296
vt 0.505711 0.691844
vt 0.572846 0.434333
vt 0.572841 0.409787
vt 0.568725 0.457697
vt 0.569878 0.446015
vt 0.582117 0.446013
vt 0.580964 0.457695
vt 0.803149 0.912519
vt 0.803149 0.900245
vt 0.807228 0.900245
vt 0.807228 0.912519
vt 0.501632 0.703526
vt 0.505711 0.703526
vt 0.449797 0.044041
vt 0.462036 0.044043
vt 0.957221 0.292712
vt 0.957221 0.281029
vt 0.961300 0.281029
vt 0.961300 0.292712
vt 0.957221 0.316077
vt 0.957221 0.304395
vt 0.961300 0.304395
vt 0.961300 0.316077
vt 0.449710 0.067404
vt 0.450950 0.055723
vt 0.463188 0.055725
vt 0.461949 0.067407
vt 0.501632 0.726891
vt 0.501632 0.715208
vt 0.505711 0.715208
vt 0.505711 0.726891
vt 0.569965 0.469379
vt 0.582204 0.469376
vt 0.572855 0.481060
vt 0.585094 0.481057
vt 0.960672 0.358935
vt 0.957849 0.358935
vt 0.957221 0.346575
vt 0.961300 0.346575
vt 0.455311 0.110268
vt 0.446841 0.110266
vt 0.446816 0.097900
vt 0.459055 0.097902
vt 0.505083 0.769751
vt 0.502260 0.769751
vt 0.501632 0.757390
vt 0.505711 0.757390
vt 0.585072 0.512239
vt 0.576603 0.512240
vt 0.572859 0.499874
vt 0.585098 0.499872
vt 0.957221 0.337167
vt 0.961300 0.337167
vt 0.299092 0.926392
vt 0.299092 0.931105
vt 0.298243 0.931105
vt 0.298243 0.926392
vt 0.446818 0.088493
vt 0.459056 0.088495
vt 0.572857 0.490467
vt 0.585096 0.490465
vt 0.501632 0.747982
vt 0.505711 0.747982
vt 0.501632 0.738574
vt 0.505711 0.738574
vt 0.446820 0.079086
vt 0.459058 0.079088
vt 0.957221 0.327760
vt 0.961300 0.327760
vt 0.585046 0.524669
vt 0.580346 0.524670
vt 0.504096 0.782171
vt 0.503247 0.782171
vt 0.451567 0.122698
vt 0.446867 0.122697
vt 0.959685 0.371354
vt 0.958836 0.371354
vt 0.791062 0.944973
vt 0.791076 0.944973
vt 0.791076 0.949065
vt 0.791062 0.949065
vt 0.807228 0.900231
vt 0.803149 0.900231
vt 0.446821 0.007813
vt 0.446816 0.032359
vt 0.040394 0.563081
vt 0.040381 0.563081
vt 0.040375 0.538535
vt 0.040389 0.538535
vt 0.568738 0.305574
vt 0.568743 0.281029
vt 0.580982 0.281031
vt 0.580977 0.305577
vt 0.852206 0.305577
vt 0.852206 0.281030
vt 0.856286 0.281030
vt 0.856286 0.305577
vt 0.028142 0.563083
vt 0.028137 0.538538
vt 0.024022 0.586448
vt 0.025174 0.574765
vt 0.037412 0.574763
vt 0.036260 0.586445
vt 0.596278 0.912519
vt 0.596278 0.900245
vt 0.600358 0.900245
vt 0.600358 0.912519
vt 0.852206 0.317259
vt 0.856286 0.317259
vt 0.571706 0.317256
vt 0.583945 0.317259
vt 0.962879 0.678980
vt 0.962879 0.667296
vt 0.966958 0.667296
vt 0.966958 0.678980
vt 0.962879 0.702345
vt 0.962879 0.690662
vt 0.966958 0.690662
vt 0.966958 0.702345
vt 0.571619 0.340620
vt 0.572859 0.328938
vt 0.585097 0.328941
vt 0.583857 0.340622
vt 0.852206 0.340624
vt 0.852206 0.328942
vt 0.856286 0.328942
vt 0.856286 0.340624
vt 0.025261 0.598129
vt 0.037500 0.598127
vt 0.028152 0.609810
vt 0.040390 0.609808
vt 0.966330 0.745202
vt 0.963507 0.745202
vt 0.962879 0.732842
vt 0.966958 0.732842
vt 0.577220 0.383484
vt 0.568751 0.383482
vt 0.568725 0.371115
vt 0.580964 0.371118
vt 0.855657 0.383484
vt 0.852834 0.383484
vt 0.852206 0.371123
vt 0.856286 0.371123
vt 0.040368 0.640989
vt 0.031899 0.640990
vt 0.028155 0.628624
vt 0.040394 0.628622
vt 0.962879 0.723434
vt 0.966958 0.723434
vt 0.242011 0.926394
vt 0.242011 0.931107
vt 0.241162 0.931107
vt 0.241162 0.926394
vt 0.568727 0.361708
vt 0.580965 0.361711
vt 0.028154 0.619218
vt 0.040392 0.619215
vt 0.852206 0.361716
vt 0.856286 0.361716
vt 0.852206 0.352308
vt 0.856286 0.352308
vt 0.568729 0.352301
vt 0.580967 0.352304
vt 0.962879 0.714027
vt 0.966958 0.714027
vt 0.040343 0.653419
vt 0.035643 0.653420
vt 0.854670 0.395905
vt 0.853821 0.395905
vt 0.573476 0.395914
vt 0.568776 0.395913
vt 0.965343 0.757622
vt 0.964494 0.757622
vt 0.775507 0.944973
vt 0.775520 0.944973
vt 0.775520 0.949065
vt 0.775507 0.949065
vt 0.600358 0.900232
vt 0.596278 0.900232
vt 0.568730 0.281029
vt 0.568725 0.305574
vt 0.584163 0.168966
vt 0.584150 0.168966
vt 0.584144 0.144421
vt 0.584158 0.144421
vt 0.212673 0.563081
vt 0.212678 0.538535
vt 0.224917 0.538538
vt 0.224912 0.563083
vt 0.851273 0.168977
vt 0.851273 0.144430
vt 0.855352 0.144430
vt 0.855352 0.168977
vt 0.571911 0.168969
vt 0.571906 0.144423
vt 0.567790 0.192333
vt 0.568943 0.180651
vt 0.581181 0.180649
vt 0.580029 0.192331
vt 0.085079 0.912530
vt 0.085079 0.900256
vt 0.089158 0.900256
vt 0.089158 0.912530
vt 0.851273 0.180659
vt 0.855352 0.180659
vt 0.215642 0.574763
vt 0.227880 0.574766
vt 0.909028 0.678980
vt 0.909028 0.667296
vt 0.913107 0.667296
vt 0.913107 0.678980
vt 0.909028 0.702345
vt 0.909028 0.690662
vt 0.913107 0.690662
vt 0.913107 0.702345
vt 0.215554 0.598127
vt 0.216794 0.586445
vt 0.229033 0.586448
vt 0.227793 0.598129
vt 0.851273 0.204025
vt 0.851273 0.192342
vt 0.855352 0.192342
vt 0.855352 0.204025
vt 0.569030 0.204015
vt 0.581269 0.204012
vt 0.571920 0.215696
vt 0.584159 0.215693
vt 0.912479 0.745202
vt 0.909656 0.745202
vt 0.909028 0.732842
vt 0.913107 0.732842
vt 0.221155 0.640990
vt 0.212686 0.640989
vt 0.212660 0.628622
vt 0.224899 0.628625
vt 0.854724 0.246885
vt 0.851901 0.246885
vt 0.851273 0.234524
vt 0.855352 0.234524
vt 0.584137 0.246874
vt 0.575668 0.246876
vt 0.571924 0.234510
vt 0.584163 0.234508
vt 0.909028 0.723434
vt 0.913107 0.723434
vt 0.183266 0.926394
vt 0.183266 0.931107
vt 0.182417 0.931107
vt 0.182417 0.926394
vt 0.212662 0.619215
vt 0.224901 0.619218
vt 0.571922 0.225103
vt 0.584161 0.225101
vt 0.851273 0.225116
vt 0.855352 0.225116
vt 0.851273 0.215708
vt 0.855352 0.215708
vt 0.212664 0.609808
vt 0.224902 0.609810
vt 0.909028 0.714027
vt 0.913107 0.714027
vt 0.584111 0.259305
vt 0.579412 0.259306
vt 0.853737 0.259305
vt 0.852888 0.259305
vt 0.217411 0.653420
vt 0.212711 0.653419
vt 0.911492 0.757622
vt 0.910643 0.757622
vt 0.602874 0.944974
vt 0.602887 0.944974
vt 0.602887 0.949065
vt 0.602874 0.949065
vt 0.089158 0.900243
vt 0.085079 0.900243
vt 0.212665 0.538535
vt 0.212660 0.563081
vt 0.554854 0.305574
vt 0.554841 0.305574
vt 0.554836 0.281029
vt 0.554849 0.281029
vt 0.084522 0.563081
vt 0.084527 0.538535
vt 0.096765 0.538538
vt 0.096760 0.563083
vt 0.834256 0.434323
vt 0.834256 0.409776
vt 0.838336 0.409776
vt 0.838336 0.434323
vt 0.542603 0.305577
vt 0.542597 0.281031
vt 0.538482 0.328941
vt 0.539634 0.317259
vt 0.551873 0.317257
vt 0.550720 0.328939
vt 0.049178 0.912530
vt 0.049178 0.900256
vt 0.053257 0.900256
vt 0.053257 0.912530
vt 0.834256 0.446005
vt 0.838336 0.446005
vt 0.087490 0.574763
vt 0.099728 0.574766
vt 0.417542 0.807735
vt 0.417542 0.796051
vt 0.421621 0.796051
vt 0.421621 0.807735
vt 0.417542 0.831100
vt 0.417542 0.819418
vt 0.421621 0.819418
vt 0.421621 0.831100
vt 0.087403 0.598127
vt 0.088643 0.586445
vt 0.100881 0.586448
vt 0.099641 0.598129
vt 0.834256 0.469370
vt 0.834256 0.457687
vt 0.838336 0.457687
vt 0.838336 0.469370
vt 0.539722 0.340622
vt 0.551960 0.340620
vt 0.542612 0.352304
vt 0.554851 0.352301
vt 0.420993 0.873957
vt 0.418170 0.873957
vt 0.417542 0.861598
vt 0.421621 0.861598
vt 0.093003 0.640990
vt 0.084534 0.640989
vt 0.084508 0.628622
vt 0.096747 0.628624
vt 0.837707 0.512230
vt 0.834884 0.512230
vt 0.834256 0.499869
vt 0.838336 0.499869
vt 0.554829 0.383482
vt 0.546360 0.383484
vt 0.542616 0.371118
vt 0.554854 0.371115
vt 0.417542 0.852190
vt 0.421621 0.852190
vt 0.219166 0.926394
vt 0.219166 0.931107
vt 0.218317 0.931107
vt 0.218317 0.926394
vt 0.084510 0.619215
vt 0.096749 0.619218
vt 0.542614 0.361711
vt 0.554852 0.361708
vt 0.834256 0.490461
vt 0.838336 0.490461
vt 0.834256 0.481054
vt 0.838336 0.481054
vt 0.084512 0.609808
vt 0.096751 0.609810
vt 0.417542 0.842782
vt 0.421621 0.842782
vt 0.554803 0.395913
vt 0.550103 0.395914
vt 0.836720 0.524651
vt 0.835871 0.524651
vt 0.089259 0.653420
vt 0.084560 0.653419
vt 0.420006 0.886377
vt 0.419157 0.886377
vt 0.498401 0.944974
vt 0.498414 0.944974
vt 0.498414 0.949065
vt 0.498401 0.949065
vt 0.053257 0.900243
vt 0.049178 0.900243
vt 0.084513 0.538535
vt 0.084508 0.563081
vt 0.553919 0.168966
vt 0.553906 0.168966
vt 0.553901 0.144421
vt 0.553914 0.144421
vt 0.182429 0.563081
vt 0.182434 0.538535
vt 0.194673 0.538538
vt 0.194668 0.563083
vt 0.834250 0.563097
vt 0.834250 0.538550
vt 0.838330 0.538550
vt 0.838330 0.563097
vt 0.541667 0.168969
vt 0.541662 0.144423
vt 0.537547 0.192333
vt 0.538699 0.180651
vt 0.550938 0.180649
vt 0.549785 0.192331
vt 0.223211 0.912523
vt 0.223211 0.900250
vt 0.227291 0.900250
vt 0.227291 0.912523
vt 0.834250 0.574779
vt 0.838330 0.574779
vt 0.185397 0.574763
vt 0.197636 0.574766
vt 0.330913 0.807730
vt 0.330913 0.796046
vt 0.334993 0.796046
vt 0.334993 0.807730
vt 0.330913 0.831095
vt 0.330913 0.819413
vt 0.334993 0.819413
vt 0.334993 0.831095
vt 0.185310 0.598126
vt 0.186550 0.586445
vt 0.198788 0.586447
vt 0.197549 0.598129
vt 0.834250 0.598144
vt 0.834250 0.586461
vt 0.838330 0.586461
vt 0.838330 0.598144
vt 0.538786 0.204015
vt 0.551025 0.204012
vt 0.541677 0.215696
vt 0.553915 0.215693
vt 0.334364 0.873952
vt 0.331541 0.873952
vt 0.330913 0.861593
vt 0.334993 0.861593
vt 0.190911 0.640990
vt 0.182442 0.640989
vt 0.182416 0.628622
vt 0.194655 0.628624
vt 0.837702 0.641004
vt 0.834879 0.641004
vt 0.834250 0.628644
vt 0.838330 0.628644
vt 0.553894 0.246874
vt 0.545424 0.246876
vt 0.541681 0.234510
vt 0.553919 0.234508
vt 0.330913 0.852185
vt 0.334993 0.852185
vt 0.201216 0.926394
vt 0.201216 0.931107
vt 0.200367 0.931107
vt 0.200367 0.926394
vt 0.182418 0.619215
vt 0.194656 0.619217
vt 0.541679 0.225103
vt 0.553917 0.225101
vt 0.834250 0.619236
vt 0.838330 0.619236
vt 0.834250 0.609828
vt 0.838330 0.609828
vt 0.182420 0.609808
vt 0.194659 0.609810
vt 0.330913 0.842777
vt 0.334993 0.842777
vt 0.553868 0.259305
vt 0.549168 0.259306
vt 0.836715 0.653425
vt 0.835865 0.653425
vt 0.187167 0.653420
vt 0.182467 0.653419
vt 0.333378 0.886372
vt 0.332528 0.886372
vt 0.935040 0.008840
vt 0.935054 0.008840
vt 0.935054 0.012931
vt 0.935040 0.012931
vt 0.227291 0.900236
vt 0.223211 0.900236
vt 0.182421 0.538535
vt 0.182416 0.563081
vt 0.554854 0.434330
vt 0.554841 0.434330
vt 0.554836 0.409785
vt 0.554849 0.409785
vt 0.007825 0.434325
vt 0.007831 0.409779
vt 0.020069 0.409782
vt 0.020064 0.434327
vt 0.797422 0.168977
vt 0.797422 0.144430
vt 0.801501 0.144430
vt 0.801501 0.168977
vt 0.542602 0.434333
vt 0.542597 0.409787
vt 0.538482 0.457698
vt 0.539634 0.446015
vt 0.551873 0.446013
vt 0.550720 0.457695
vt 0.241162 0.912523
vt 0.241162 0.900250
vt 0.245241 0.900250
vt 0.245241 0.912523
vt 0.797422 0.180659
vt 0.801501 0.180659
vt 0.010794 0.446007
vt 0.023032 0.446010
vt 0.277062 0.807730
vt 0.277062 0.796046
vt 0.281141 0.796046
vt 0.281141 0.807730
vt 0.277062 0.831095
vt 0.277062 0.819413
vt 0.281141 0.819413
vt 0.281141 0.831095
vt 0.010706 0.469371
vt 0.011946 0.457689
vt 0.024185 0.457692
vt 0.022945 0.469373
vt 0.797422 0.204025
vt 0.797422 0.192342
vt 0.801501 0.192342
vt 0.801501 0.204025
vt 0.539722 0.469379
vt 0.551960 0.469376
vt 0.542612 0.481060
vt 0.554851 0.481057
vt 0.280513 0.873952
vt 0.277690 0.873952
vt 0.277062 0.861593
vt 0.281141 0.861593
vt 0.016307 0.512234
vt 0.007838 0.512233
vt 0.007812 0.499866
vt 0.020051 0.499869
vt 0.800874 0.246884
vt 0.798050 0.246884
vt 0.797422 0.234524
vt 0.801501 0.234524
vt 0.554829 0.512239
vt 0.546359 0.512240
vt 0.542616 0.499875
vt 0.554854 0.499872
vt 0.277062 0.852185
vt 0.281141 0.852185
vt 0.690535 0.926396
vt 0.690535 0.931110
vt 0.689686 0.931110
vt 0.689686 0.926396
vt 0.007814 0.490459
vt 0.020053 0.490462
vt 0.542614 0.490467
vt 0.554852 0.490465
vt 0.797422 0.225116
vt 0.801501 0.225116
vt 0.797422 0.215708
vt 0.801501 0.215708
vt 0.007816 0.481052
vt 0.020055 0.481054
vt 0.277062 0.842777
vt 0.281141 0.842777
vt 0.554803 0.524669
vt 0.550103 0.524670
vt 0.799886 0.259305
vt 0.799037 0.259305
vt 0.012564 0.524665
vt 0.007864 0.524664
vt 0.279526 0.886372
vt 0.278677 0.886372
vt 0.761623 0.944973
vt 0.761636 0.944973
vt 0.761636 0.949065
vt 0.761623 0.949065
vt 0.245241 0.900236
vt 0.241162 0.900236
vt 0.007817 0.409779
vt 0.007812 0.434325
vt 0.130198 0.434325
vt 0.130185 0.434325
vt 0.130180 0.409779
vt 0.130193 0.409779
vt 0.387277 0.434330
vt 0.387283 0.409785
vt 0.399521 0.409787
vt 0.399516 0.434333
vt 0.869222 0.032370
vt 0.869222 0.007822
vt 0.873302 0.007822
vt 0.873302 0.032370
vt 0.117946 0.434327
vt 0.117941 0.409782
vt 0.113825 0.457692
vt 0.114978 0.446010
vt 0.127216 0.446007
vt 0.126064 0.457689
vt 0.182417 0.912523
vt 0.182417 0.900249
vt 0.186496 0.900249
vt 0.186496 0.912523
vt 0.869222 0.044051
vt 0.873302 0.044051
vt 0.390246 0.446013
vt 0.402484 0.446015
vt 0.910371 0.807726
vt 0.910371 0.796043
vt 0.914451 0.796043
vt 0.914451 0.807726
vt 0.910371 0.831091
vt 0.910371 0.819409
vt 0.914451 0.819409
vt 0.914451 0.831091
vt 0.390158 0.469376
vt 0.391398 0.457695
vt 0.403637 0.457697
vt 0.402397 0.469379
vt 0.869222 0.067417
vt 0.869222 0.055734
vt 0.873302 0.055734
vt 0.873302 0.067417
vt 0.115065 0.469373
vt 0.127304 0.469371
vt 0.117955 0.481054
vt 0.130194 0.481052
vt 0.913823 0.873949
vt 0.911000 0.873949
vt 0.910371 0.861589
vt 0.914451 0.861589
vt 0.395759 0.512240
vt 0.387290 0.512239
vt 0.387264 0.499872
vt 0.399503 0.499875
vt 0.872674 0.110277
vt 0.869851 0.110277
vt 0.869222 0.097916
vt 0.873302 0.097916
vt 0.130172 0.512233
vt 0.121703 0.512235
vt 0.117959 0.499869
vt 0.130198 0.499866
vt 0.910371 0.852181
vt 0.914451 0.852181
vt 0.520432 0.926390
vt 0.520432 0.931103
vt 0.519583 0.931103
vt 0.519583 0.926390
vt 0.387266 0.490465
vt 0.399505 0.490467
vt 0.117957 0.490462
vt 0.130196 0.490459
vt 0.869222 0.088508
vt 0.873302 0.088508
vt 0.869222 0.079100
vt 0.873302 0.079100
vt 0.387268 0.481057
vt 0.399507 0.481060
vt 0.910371 0.842773
vt 0.914451 0.842773
vt 0.130146 0.524664
vt 0.125446 0.524665
vt 0.871687 0.122697
vt 0.870838 0.122697
vt 0.392016 0.524670
vt 0.387316 0.524669
vt 0.912836 0.886368
vt 0.911987 0.886368
vt 0.731347 0.944973
vt 0.731361 0.944973
vt 0.731361 0.949065
vt 0.731347 0.949065
vt 0.186496 0.900236
vt 0.182417 0.900236
vt 0.387269 0.409785
vt 0.387264 0.434330
vt 0.906502 0.032370
vt 0.906497 0.007822
vt 0.906511 0.007822
vt 0.906515 0.032370
vt 0.903794 0.168978
vt 0.903799 0.144430
vt 0.905838 0.144431
vt 0.905834 0.168978
vt 0.280325 0.305574
vt 0.280325 0.281029
vt 0.304802 0.281029
vt 0.304802 0.305574
vt 0.904462 0.032370
vt 0.904457 0.007823
vt 0.903779 0.055735
vt 0.903970 0.044053
vt 0.906009 0.044052
vt 0.905820 0.055735
vt 0.008097 0.576954
vt 0.010137 0.576954
vt 0.010137 0.601501
vt 0.008097 0.601501
vt 0.280325 0.317250
vt 0.304802 0.317250
vt 0.904287 0.180660
vt 0.906326 0.180661
vt 0.787646 0.807730
vt 0.787646 0.796042
vt 0.812123 0.796042
vt 0.812123 0.807730
vt 0.787646 0.831093
vt 0.787646 0.819414
vt 0.812123 0.819414
vt 0.812123 0.831093
vt 0.904268 0.204026
vt 0.904476 0.192343
vt 0.906516 0.192343
vt 0.906308 0.204026
vt 0.280325 0.340613
vt 0.280325 0.328929
vt 0.304802 0.328929
vt 0.304802 0.340613
vt 0.903988 0.067418
vt 0.906028 0.067418
vt 0.904472 0.079100
vt 0.906512 0.079100
vt 0.808353 0.873942
vt 0.791415 0.873942
vt 0.787646 0.861583
vt 0.812123 0.861583
vt 0.905194 0.246885
vt 0.903783 0.246885
vt 0.903780 0.234524
vt 0.905820 0.234524
vt 0.301033 0.383482
vt 0.284094 0.383482
vt 0.280325 0.371115
vt 0.304802 0.371115
vt 0.906513 0.110277
vt 0.905101 0.110277
vt 0.904476 0.097916
vt 0.906515 0.097916
vt 0.787646 0.852176
vt 0.812123 0.852176
vt 0.920386 0.007822
vt 0.921170 0.007822
vt 0.921170 0.012931
vt 0.920386 0.012931
vt 0.903782 0.225116
vt 0.905822 0.225116
vt 0.904474 0.088508
vt 0.906513 0.088508
vt 0.280325 0.361708
vt 0.304802 0.361708
vt 0.280325 0.352301
vt 0.304802 0.352301
vt 0.903784 0.215708
vt 0.905824 0.215708
vt 0.787646 0.842769
vt 0.812123 0.842769
vt 0.906511 0.122698
vt 0.905728 0.122698
vt 0.295111 0.395908
vt 0.290016 0.395908
vt 0.904568 0.259306
vt 0.903785 0.259306
vt 0.802432 0.886361
vt 0.797337 0.886361
vt 0.183846 0.705709
vt 0.183846 0.730257
vt 0.183832 0.730257
vt 0.183832 0.705709
vt 0.010151 0.601501
vt 0.010151 0.576954
vt 0.903785 0.144430
vt 0.903780 0.168978
vt 0.861930 0.820589
vt 0.861925 0.796042
vt 0.861938 0.796042
vt 0.861943 0.820589
vt 0.842614 0.820589
vt 0.842619 0.796042
vt 0.844659 0.796042
vt 0.844654 0.820589
vt 0.182417 0.305574
vt 0.182417 0.281029
vt 0.206893 0.281029
vt 0.206893 0.305574
vt 0.859890 0.820589
vt 0.859885 0.796042
vt 0.859207 0.843955
vt 0.859398 0.832272
vt 0.861437 0.832272
vt 0.861247 0.843954
vt 0.008097 0.615372
vt 0.010137 0.615372
vt 0.010137 0.639919
vt 0.008097 0.639919
vt 0.182417 0.317250
vt 0.206893 0.317250
vt 0.843107 0.832272
vt 0.845146 0.832272
vt 0.182417 0.807734
vt 0.182417 0.796046
vt 0.206893 0.796046
vt 0.206893 0.807734
vt 0.182417 0.831097
vt 0.182417 0.819418
vt 0.206893 0.819418
vt 0.206893 0.831097
vt 0.843088 0.855637
vt 0.843297 0.843954
vt 0.845337 0.843955
vt 0.845128 0.855637
vt 0.182417 0.340613
vt 0.182417 0.328929
vt 0.206893 0.328929
vt 0.206893 0.340613
vt 0.859416 0.855637
vt 0.861456 0.855637
vt 0.859900 0.867320
vt 0.861940 0.867319
vt 0.203124 0.873946
vt 0.186186 0.873946
vt 0.182417 0.861588
vt 0.206893 0.861588
vt 0.844015 0.898496
vt 0.842603 0.898496
vt 0.842601 0.886135
vt 0.844640 0.886135
vt 0.203124 0.383482
vt 0.186186 0.383482
vt 0.182417 0.371115
vt 0.206893 0.371115
vt 0.861941 0.898496
vt 0.860530 0.898496
vt 0.859904 0.886135
vt 0.861943 0.886135
vt 0.182417 0.852180
vt 0.206893 0.852180
vt 0.876498 0.872879
vt 0.877281 0.872879
vt 0.877281 0.877988
vt 0.876498 0.877988
vt 0.842603 0.876727
vt 0.844642 0.876728
vt 0.859902 0.876728
vt 0.861942 0.876727
vt 0.182417 0.361708
vt 0.206893 0.361708
vt 0.182417 0.352301
vt 0.206893 0.352301
vt 0.842604 0.867319
vt 0.844644 0.867320
vt 0.182417 0.842773
vt 0.206893 0.842773
vt 0.861939 0.910917
vt 0.861156 0.910917
vt 0.197202 0.395908
vt 0.192108 0.395908
vt 0.843388 0.910917
vt 0.842605 0.910917
vt 0.197202 0.886365
vt 0.192108 0.886365
vt 0.183846 0.744128
vt 0.183846 0.768675
vt 0.183832 0.768675
vt 0.183832 0.744128
vt 0.010151 0.639919
vt 0.010151 0.615372
vt 0.842605 0.796042
vt 0.842601 0.820589
vt 0.872880 0.434323
vt 0.872875 0.409775
vt 0.872888 0.409775
vt 0.872893 0.434323
vt 0.826007 0.820589
vt 0.826013 0.796042
vt 0.828052 0.796042
vt 0.828047 0.820589
vt 0.318673 0.305574
vt 0.318673 0.281029
vt 0.343150 0.281029
vt 0.343150 0.305574
vt 0.870840 0.434323
vt 0.870835 0.409776
vt 0.870157 0.457689
vt 0.870347 0.446006
vt 0.872387 0.446006
vt 0.872197 0.457688
vt 0.038055 0.448198
vt 0.040095 0.448198
vt 0.040095 0.472745
vt 0.038055 0.472745
vt 0.318673 0.317250
vt 0.343150 0.317250
vt 0.826500 0.832272
vt 0.828540 0.832272
vt 0.575881 0.807730
vt 0.575881 0.796042
vt 0.600358 0.796042
vt 0.600358 0.807730
vt 0.575881 0.831093
vt 0.575881 0.819414
vt 0.600358 0.819414
vt 0.600358 0.831093
vt 0.826481 0.855637
vt 0.826690 0.843954
vt 0.828730 0.843955
vt 0.828521 0.855637
vt 0.318673 0.340613
vt 0.318673 0.328929
vt 0.343150 0.328929
vt 0.343150 0.340613
vt 0.870366 0.469371
vt 0.872405 0.469371
vt 0.870849 0.481054
vt 0.872889 0.481053
vt 0.596589 0.873943
vt 0.579650 0.873943
vt 0.575881 0.861584
vt 0.600358 0.861584
vt 0.827408 0.898496
vt 0.825996 0.898496
vt 0.825994 0.886135
vt 0.828034 0.886135
vt 0.339381 0.383482
vt 0.322443 0.383482
vt 0.318673 0.371115
vt 0.343150 0.371115
vt 0.872891 0.512230
vt 0.871479 0.512230
vt 0.870853 0.499869
vt 0.872893 0.499869
vt 0.575881 0.852176
vt 0.600358 0.852176
vt 0.921315 0.642746
vt 0.922098 0.642746
vt 0.922098 0.647855
vt 0.921315 0.647855
vt 0.825996 0.876727
vt 0.828035 0.876728
vt 0.870851 0.490462
vt 0.872891 0.490461
vt 0.318673 0.361708
vt 0.343150 0.361708
vt 0.318673 0.352301
vt 0.343150 0.352301
vt 0.825998 0.867319
vt 0.828038 0.867320
vt 0.575881 0.842769
vt 0.600358 0.842769
vt 0.872889 0.524651
vt 0.872105 0.524651
vt 0.333459 0.395908
vt 0.328365 0.395908
vt 0.826781 0.910917
vt 0.825998 0.910917
vt 0.590667 0.886361
vt 0.585572 0.886361
vt 0.273155 0.576954
vt 0.273155 0.601501
vt 0.273141 0.601501
vt 0.273141 0.576954
vt 0.040109 0.472745
vt 0.040109 0.448198
vt 0.825999 0.796042
vt 0.825994 0.820589
vt 0.907430 0.563096
vt 0.907425 0.538549
vt 0.907439 0.538549
vt 0.907444 0.563096
vt 0.875828 0.691843
vt 0.875832 0.667296
vt 0.877873 0.667296
vt 0.877867 0.691844
vt 0.241977 0.305574
vt 0.241977 0.281029
vt 0.266454 0.281029
vt 0.266454 0.305574
vt 0.905391 0.563097
vt 0.905386 0.538549
vt 0.904708 0.586462
vt 0.904898 0.574779
vt 0.906938 0.574779
vt 0.906748 0.586462
vt 0.038055 0.486616
vt 0.040095 0.486616
vt 0.040095 0.511163
vt 0.038055 0.511163
vt 0.241977 0.317250
vt 0.266454 0.317250
vt 0.876320 0.703526
vt 0.878360 0.703527
vt 0.220764 0.807734
vt 0.220764 0.796046
vt 0.245241 0.796046
vt 0.245241 0.807734
vt 0.220764 0.831097
vt 0.220764 0.819418
vt 0.245241 0.819418
vt 0.245241 0.831097
vt 0.876302 0.726892
vt 0.876510 0.715209
vt 0.878550 0.715209
vt 0.878341 0.726892
vt 0.241977 0.340613
vt 0.241977 0.328929
vt 0.266454 0.328929
vt 0.266454 0.340613
vt 0.904916 0.598145
vt 0.906957 0.598145
vt 0.905401 0.609827
vt 0.907440 0.609827
vt 0.241472 0.873946
vt 0.224534 0.873946
vt 0.220764 0.861587
vt 0.245241 0.861587
vt 0.877228 0.769751
vt 0.875816 0.769751
vt 0.875814 0.757390
vt 0.877854 0.757390
vt 0.262685 0.383482
vt 0.245746 0.383482
vt 0.241977 0.371115
vt 0.266454 0.371115
vt 0.907442 0.641004
vt 0.906030 0.641004
vt 0.905404 0.628643
vt 0.907444 0.628643
vt 0.220764 0.852180
vt 0.245241 0.852180
vt 0.923682 0.771492
vt 0.924465 0.771492
vt 0.924465 0.776602
vt 0.923682 0.776602
vt 0.875816 0.747982
vt 0.877856 0.747982
vt 0.905402 0.619235
vt 0.907442 0.619235
vt 0.241977 0.361708
vt 0.266454 0.361708
vt 0.241977 0.352301
vt 0.266454 0.352301
vt 0.875818 0.738574
vt 0.877858 0.738575
vt 0.220764 0.842773
vt 0.245241 0.842773
vt 0.907440 0.653424
vt 0.906656 0.653425
vt 0.256763 0.395908
vt 0.251668 0.395908
vt 0.876602 0.782172
vt 0.875818 0.782171
vt 0.235550 0.886365
vt 0.230456 0.886365
vt 0.523662 0.796042
vt 0.523662 0.820590
vt 0.523649 0.820590
vt 0.523649 0.796042
vt 0.040109 0.511163
vt 0.040109 0.486616
vt 0.875819 0.667296
vt 0.875814 0.691843
vt 0.433904 0.563086
vt 0.433903 0.538541
vt 0.433907 0.538541
vt 0.433909 0.563086
vt 0.258196 0.691837
vt 0.258198 0.667291
vt 0.270437 0.667292
vt 0.270435 0.691837
vt 0.852206 0.434323
vt 0.852206 0.409776
vt 0.856286 0.409776
vt 0.856286 0.434323
vt 0.421666 0.563087
vt 0.421664 0.538541
vt 0.417542 0.586451
vt 0.418696 0.574769
vt 0.430935 0.574768
vt 0.429780 0.586450
vt 0.914451 0.900239
vt 0.914451 0.912513
vt 0.910371 0.912513
vt 0.910371 0.900239
vt 0.852206 0.446005
vt 0.856286 0.446005
vt 0.261166 0.703519
vt 0.273405 0.703519
vt 0.919978 0.446009
vt 0.919978 0.434326
vt 0.924057 0.434326
vt 0.924057 0.446009
vt 0.919978 0.469374
vt 0.919978 0.457692
vt 0.924057 0.457692
vt 0.924057 0.469374
vt 0.261082 0.726882
vt 0.262320 0.715200
vt 0.274559 0.715201
vt 0.273320 0.726883
vt 0.852206 0.469370
vt 0.852206 0.457687
vt 0.856286 0.457687
vt 0.856286 0.469370
vt 0.418780 0.598132
vt 0.431019 0.598132
vt 0.421669 0.609814
vt 0.433907 0.609813
vt 0.923428 0.512232
vt 0.920605 0.512232
vt 0.919978 0.499872
vt 0.924057 0.499872
vt 0.266689 0.769745
vt 0.258219 0.769745
vt 0.258192 0.757378
vt 0.270431 0.757379
vt 0.855657 0.512230
vt 0.852834 0.512230
vt 0.852206 0.499869
vt 0.856286 0.499869
vt 0.433881 0.640994
vt 0.425412 0.640995
vt 0.421670 0.628629
vt 0.433909 0.628627
vt 0.919978 0.490464
vt 0.924057 0.490464
vt 0.498401 0.931103
vt 0.498401 0.926390
vt 0.499250 0.926390
vt 0.499250 0.931103
vt 0.258193 0.747971
vt 0.270431 0.747972
vt 0.421669 0.619221
vt 0.433908 0.619221
vt 0.852206 0.490461
vt 0.856286 0.490461
vt 0.852206 0.481054
vt 0.856286 0.481054
vt 0.258193 0.738564
vt 0.270432 0.738564
vt 0.919978 0.481056
vt 0.924057 0.481056
vt 0.433854 0.653425
vt 0.429154 0.653425
vt 0.854670 0.524650
vt 0.853821 0.524650
vt 0.262947 0.782175
vt 0.258247 0.782175
vt 0.922442 0.524651
vt 0.921593 0.524651
vt 0.106259 0.949067
vt 0.106259 0.944976
vt 0.106263 0.944976
vt 0.106263 0.949067
vt 0.910371 0.912517
vt 0.914451 0.912517
vt 0.258192 0.691837
vt 0.258194 0.667291
vt 0.335029 0.691837
vt 0.335028 0.667291
vt 0.335032 0.667291
vt 0.335034 0.691837
vt 0.121945 0.691836
vt 0.121947 0.667291
vt 0.134185 0.667292
vt 0.134184 0.691838
vt 0.839913 0.691843
vt 0.839913 0.667296
vt 0.843993 0.667296
vt 0.843993 0.691843
vt 0.322791 0.691838
vt 0.322789 0.667292
vt 0.318667 0.715201
vt 0.319821 0.703520
vt 0.332060 0.703519
vt 0.330905 0.715201
vt 0.924467 0.142832
vt 0.924467 0.155106
vt 0.920387 0.155106
vt 0.920387 0.142832
vt 0.839913 0.703525
vt 0.843993 0.703525
vt 0.124915 0.703519
vt 0.137153 0.703520
vt 0.920386 0.044056
vt 0.920386 0.032372
vt 0.924466 0.032372
vt 0.924466 0.044056
vt 0.920386 0.067421
vt 0.920386 0.055739
vt 0.924466 0.055739
vt 0.924466 0.067421
vt 0.124831 0.726882
vt 0.126069 0.715200
vt 0.138308 0.715201
vt 0.137069 0.726883
vt 0.839913 0.726890
vt 0.839913 0.715208
vt 0.843993 0.715208
vt 0.843993 0.726890
vt 0.319906 0.726883
vt 0.332144 0.726882
vt 0.322794 0.738565
vt 0.335033 0.738564
vt 0.923838 0.110278
vt 0.921015 0.110278
vt 0.920386 0.097919
vt 0.924466 0.097919
vt 0.130438 0.769745
vt 0.121968 0.769745
vt 0.121941 0.757378
vt 0.134180 0.757379
vt 0.843364 0.769750
vt 0.840541 0.769750
vt 0.839913 0.757389
vt 0.843993 0.757389
vt 0.335006 0.769745
vt 0.326537 0.769745
vt 0.322795 0.757379
vt 0.335034 0.757378
vt 0.920386 0.088511
vt 0.924466 0.088511
vt 0.674967 0.931110
vt 0.674967 0.926396
vt 0.675816 0.926396
vt 0.675816 0.931110
vt 0.121941 0.747971
vt 0.134180 0.747972
vt 0.322795 0.747972
vt 0.335033 0.747971
vt 0.839913 0.747982
vt 0.843993 0.747982
vt 0.839913 0.738574
vt 0.843993 0.738574
vt 0.121942 0.738563
vt 0.134181 0.738564
vt 0.920386 0.079103
vt 0.924466 0.079103
vt 0.334979 0.782175
vt 0.330279 0.782176
vt 0.842377 0.782171
vt 0.841528 0.782171
vt 0.126696 0.782175
vt 0.121996 0.782175
vt 0.922851 0.122698
vt 0.922002 0.122698
vt 0.575123 0.949066
vt 0.575123 0.944974
vt 0.575127 0.944974
vt 0.575127 0.949066
vt 0.920387 0.155109
vt 0.924467 0.155109
vt 0.121941 0.691836
vt 0.121943 0.667291
vt 0.304792 0.691836
vt 0.304790 0.667291
vt 0.304795 0.667291
vt 0.304796 0.691836
vt 0.749237 0.032358
vt 0.749239 0.007813
vt 0.761477 0.007814
vt 0.761476 0.032359
vt 0.798350 0.563097
vt 0.798350 0.538550
vt 0.802429 0.538550
vt 0.802429 0.563097
vt 0.292554 0.691837
vt 0.292552 0.667292
vt 0.288429 0.715201
vt 0.289584 0.703520
vt 0.301822 0.703519
vt 0.300668 0.715200
vt 0.403671 0.900248
vt 0.403671 0.912522
vt 0.399591 0.912522
vt 0.399591 0.900248
vt 0.798350 0.574779
vt 0.802429 0.574779
vt 0.752207 0.044040
vt 0.764446 0.044041
vt 0.920387 0.180664
vt 0.920387 0.168980
vt 0.924467 0.168980
vt 0.924467 0.180664
vt 0.920387 0.204029
vt 0.920387 0.192347
vt 0.924467 0.192347
vt 0.924467 0.204029
vt 0.752123 0.067404
vt 0.753361 0.055722
vt 0.765600 0.055723
vt 0.764362 0.067405
vt 0.798350 0.598144
vt 0.798350 0.586462
vt 0.802429 0.586462
vt 0.802429 0.598144
vt 0.289668 0.726883
vt 0.301907 0.726882
vt 0.292557 0.738565
vt 0.304795 0.738564
vt 0.923838 0.246886
vt 0.921015 0.246886
vt 0.920387 0.234527
vt 0.924467 0.234527
vt 0.757730 0.110267
vt 0.749261 0.110266
vt 0.749233 0.097900
vt 0.761472 0.097900
vt 0.801801 0.641005
vt 0.798978 0.641005
vt 0.798350 0.628644
vt 0.802429 0.628644
vt 0.304769 0.769745
vt 0.296300 0.769745
vt 0.292558 0.757379
vt 0.304796 0.757378
vt 0.920387 0.225119
vt 0.924467 0.225119
vt 0.468961 0.931103
vt 0.468961 0.926390
vt 0.469810 0.926390
vt 0.469810 0.931103
vt 0.749234 0.088492
vt 0.761472 0.088493
vt 0.292557 0.747972
vt 0.304796 0.747971
vt 0.798350 0.619236
vt 0.802429 0.619236
vt 0.798350 0.609828
vt 0.802429 0.609828
vt 0.749235 0.079085
vt 0.761473 0.079086
vt 0.920387 0.215711
vt 0.924467 0.215711
vt 0.304741 0.782175
vt 0.300042 0.782176
vt 0.800814 0.653425
vt 0.799965 0.653425
vt 0.753988 0.122697
vt 0.749288 0.122697
vt 0.922852 0.259306
vt 0.922003 0.259306
vt 0.483681 0.949066
vt 0.483681 0.944974
vt 0.483685 0.944974
vt 0.483685 0.949066
vt 0.399591 0.912526
vt 0.403671 0.912526
vt 0.749233 0.032358
vt 0.749235 0.007813
vt 0.108066 0.691837
vt 0.108064 0.667291
vt 0.108069 0.667291
vt 0.108070 0.691837
vt 0.152183 0.691836
vt 0.152185 0.667291
vt 0.164423 0.667292
vt 0.164421 0.691837
vt 0.768112 0.691843
vt 0.768112 0.667296
vt 0.772192 0.667296
vt 0.772192 0.691843
vt 0.095828 0.691838
vt 0.095826 0.667292
vt 0.091703 0.715201
vt 0.092858 0.703520
vt 0.105096 0.703519
vt 0.103942 0.715200
vt 0.925400 0.385225
vt 0.925400 0.397499
vt 0.921321 0.397499
vt 0.921321 0.385225
vt 0.768112 0.703525
vt 0.772192 0.703525
vt 0.155153 0.703519
vt 0.167391 0.703519
vt 0.921315 0.550233
vt 0.921315 0.538549
vt 0.925394 0.538549
vt 0.925394 0.550233
vt 0.921315 0.573598
vt 0.921315 0.561915
vt 0.925394 0.561915
vt 0.925394 0.573598
vt 0.155068 0.726882
vt 0.156307 0.715200
vt 0.168546 0.715201
vt 0.167307 0.726883
vt 0.768112 0.726891
vt 0.768112 0.715208
vt 0.772192 0.715208
vt 0.772192 0.726891
vt 0.092942 0.726883
vt 0.105180 0.726882
vt 0.095830 0.738564
vt 0.108069 0.738564
vt 0.924767 0.616455
vt 0.921943 0.616455
vt 0.921315 0.604095
vt 0.925394 0.604095
vt 0.160675 0.769745
vt 0.152206 0.769744
vt 0.152179 0.757378
vt 0.164417 0.757379
vt 0.771564 0.769751
vt 0.768740 0.769751
vt 0.768112 0.757390
vt 0.772192 0.757390
vt 0.108043 0.769745
vt 0.099574 0.769745
vt 0.095832 0.757379
vt 0.108070 0.757378
vt 0.921315 0.594687
vt 0.925394 0.594687
vt 0.160111 0.931105
vt 0.160111 0.926392
vt 0.160960 0.926392
vt 0.160960 0.931105
vt 0.152179 0.747971
vt 0.164418 0.747972
vt 0.095831 0.747972
vt 0.108070 0.747971
vt 0.768112 0.747982
vt 0.772192 0.747982
vt 0.768112 0.738574
vt 0.772192 0.738574
vt 0.152180 0.738563
vt 0.164418 0.738564
vt 0.921315 0.585280
vt 0.925394 0.585280
vt 0.108015 0.782175
vt 0.103315 0.782175
vt 0.770577 0.782171
vt 0.769728 0.782171
vt 0.156933 0.782175
vt 0.152233 0.782175
vt 0.923779 0.628875
vt 0.922930 0.628875
vt 0.183261 0.949069
vt 0.183261 0.944978
vt 0.183266 0.944978
vt 0.183266 0.949069
vt 0.921321 0.397503
vt 0.925400 0.397503
vt 0.152179 0.691836
vt 0.152180 0.667291
vt 0.335036 0.563081
vt 0.335034 0.538535
vt 0.335039 0.538535
vt 0.335040 0.563081
vt 0.749238 0.168966
vt 0.749240 0.144421
vt 0.761478 0.144421
vt 0.761476 0.168967
vt 0.821963 0.691843
vt 0.821963 0.667296
vt 0.826042 0.667296
vt 0.826042 0.691843
vt 0.322797 0.563082
vt 0.322796 0.538536
vt 0.318673 0.586446
vt 0.319828 0.574764
vt 0.332066 0.574763
vt 0.330912 0.586445
vt 0.160960 0.900243
vt 0.160960 0.912517
vt 0.156881 0.912517
vt 0.156881 0.900243
vt 0.821963 0.703525
vt 0.826042 0.703525
vt 0.752208 0.180648
vt 0.764446 0.180649
vt 0.974237 0.044056
vt 0.974237 0.032372
vt 0.978317 0.032372
vt 0.978317 0.044056
vt 0.974237 0.067421
vt 0.974237 0.055739
vt 0.978317 0.055739
vt 0.978317 0.067421
vt 0.752124 0.204012
vt 0.753362 0.192330
vt 0.765601 0.192331
vt 0.764362 0.204013
vt 0.821963 0.726891
vt 0.821963 0.715207
vt 0.826042 0.715207
vt 0.826042 0.726891
vt 0.319912 0.598127
vt 0.332150 0.598126
vt 0.322801 0.609809
vt 0.335039 0.609808
vt 0.977688 0.110278
vt 0.974865 0.110278
vt 0.974237 0.097918
vt 0.978317 0.097918
vt 0.757730 0.246875
vt 0.749261 0.246874
vt 0.749234 0.234508
vt 0.761472 0.234508
vt 0.825414 0.769751
vt 0.822591 0.769751
vt 0.821963 0.757390
vt 0.826042 0.757390
vt 0.335013 0.640989
vt 0.326543 0.640990
vt 0.322801 0.628623
vt 0.335040 0.628622
vt 0.974237 0.088511
vt 0.978317 0.088511
vt 0.052408 0.931113
vt 0.052408 0.926400
vt 0.053258 0.926400
vt 0.053258 0.931113
vt 0.749234 0.225101
vt 0.761473 0.225101
vt 0.322801 0.619216
vt 0.335040 0.619215
vt 0.821963 0.747982
vt 0.826042 0.747982
vt 0.821963 0.738574
vt 0.826042 0.738574
vt 0.749235 0.215693
vt 0.761473 0.215694
vt 0.974237 0.079103
vt 0.978317 0.079103
vt 0.334985 0.653420
vt 0.330285 0.653420
vt 0.824427 0.782171
vt 0.823578 0.782171
vt 0.753988 0.259305
vt 0.749288 0.259305
vt 0.976701 0.122698
vt 0.975852 0.122698
vt 0.262342 0.949067
vt 0.262342 0.944976
vt 0.262346 0.944976
vt 0.262346 0.949067
vt 0.156881 0.912521
vt 0.160960 0.912521
vt 0.749234 0.168966
vt 0.749235 0.144421
vt 0.403667 0.563086
vt 0.403665 0.538541
vt 0.403669 0.538541
vt 0.403671 0.563086
vt 0.718999 0.032358
vt 0.719001 0.007813
vt 0.731240 0.007814
vt 0.731238 0.032359
vt 0.869223 0.168977
vt 0.869223 0.144430
vt 0.873303 0.144430
vt 0.873303 0.168977
vt 0.391428 0.563087
vt 0.391427 0.538541
vt 0.387304 0.586451
vt 0.388459 0.574769
vt 0.400697 0.574768
vt 0.399543 0.586450
vt 0.107109 0.900243
vt 0.107109 0.912516
vt 0.103029 0.912516
vt 0.103029 0.900243
vt 0.869223 0.180659
vt 0.873303 0.180659
vt 0.721969 0.044040
vt 0.734208 0.044041
vt 0.068089 0.807730
vt 0.068089 0.796046
vt 0.072169 0.796046
vt 0.072169 0.807730
vt 0.068089 0.831095
vt 0.068089 0.819413
vt 0.072169 0.819413
vt 0.072169 0.831095
vt 0.721885 0.067404
vt 0.723123 0.055722
vt 0.735362 0.055723
vt 0.734123 0.067405
vt 0.869223 0.204025
vt 0.869223 0.192342
vt 0.873303 0.192342
vt 0.873303 0.204025
vt 0.388543 0.598132
vt 0.400781 0.598132
vt 0.391431 0.609814
vt 0.403670 0.609814
vt 0.071541 0.873952
vt 0.068717 0.873952
vt 0.068089 0.861593
vt 0.072169 0.861593
vt 0.727492 0.110267
vt 0.719023 0.110266
vt 0.718995 0.097900
vt 0.731234 0.097900
vt 0.872675 0.246884
vt 0.869852 0.246884
vt 0.869223 0.234524
vt 0.873303 0.234524
vt 0.403644 0.640994
vt 0.395174 0.640995
vt 0.391432 0.628628
vt 0.403671 0.628627
vt 0.068089 0.852185
vt 0.072169 0.852185
vt 0.120979 0.931105
vt 0.120979 0.926392
vt 0.121829 0.926392
vt 0.121829 0.931105
vt 0.718996 0.088492
vt 0.731234 0.088493
vt 0.391432 0.619221
vt 0.403670 0.619220
vt 0.869223 0.225116
vt 0.873303 0.225116
vt 0.869223 0.215708
vt 0.873303 0.215708
vt 0.718996 0.079085
vt 0.731235 0.079086
vt 0.068089 0.842777
vt 0.072169 0.842777
vt 0.403616 0.653425
vt 0.398916 0.653425
vt 0.871688 0.259305
vt 0.870839 0.259305
vt 0.723750 0.122697
vt 0.719050 0.122697
vt 0.070553 0.886372
vt 0.069704 0.886372
vt 0.705252 0.949072
vt 0.705252 0.944981
vt 0.705256 0.944981
vt 0.705256 0.949072
vt 0.103029 0.912521
vt 0.107109 0.912521
vt 0.718995 0.032358
vt 0.718997 0.007813
vt 0.244317 0.691836
vt 0.244316 0.667291
vt 0.244320 0.667291
vt 0.244321 0.691836
vt 0.061470 0.691836
vt 0.061472 0.667291
vt 0.073710 0.667292
vt 0.073708 0.691837
vt 0.870151 0.563097
vt 0.870151 0.538550
vt 0.874230 0.538550
vt 0.874230 0.563097
vt 0.232079 0.691838
vt 0.232077 0.667292
vt 0.227954 0.715201
vt 0.229109 0.703520
vt 0.241348 0.703519
vt 0.240193 0.715200
vt 0.711716 0.900248
vt 0.711716 0.912521
vt 0.707637 0.912521
vt 0.707637 0.900248
vt 0.870151 0.574779
vt 0.874230 0.574779
vt 0.064439 0.703519
vt 0.076678 0.703519
vt 0.921321 0.292712
vt 0.921321 0.281029
vt 0.925400 0.281029
vt 0.925400 0.292712
vt 0.921321 0.316077
vt 0.921321 0.304395
vt 0.925400 0.304395
vt 0.925400 0.316077
vt 0.064355 0.726882
vt 0.065594 0.715200
vt 0.077833 0.715201
vt 0.076594 0.726883
vt 0.870151 0.598145
vt 0.870151 0.586461
vt 0.874230 0.586461
vt 0.874230 0.598145
vt 0.229193 0.726883
vt 0.241432 0.726882
vt 0.232081 0.738564
vt 0.244320 0.738563
vt 0.924772 0.358935
vt 0.921949 0.358935
vt 0.921321 0.346575
vt 0.925400 0.346575
vt 0.069962 0.769745
vt 0.061493 0.769744
vt 0.061466 0.757378
vt 0.073704 0.757379
vt 0.873602 0.641004
vt 0.870779 0.641004
vt 0.870151 0.628644
vt 0.874230 0.628644
vt 0.244294 0.769745
vt 0.235825 0.769745
vt 0.232083 0.757379
vt 0.244321 0.757378
vt 0.921321 0.337167
vt 0.925400 0.337167
vt 0.657016 0.931110
vt 0.657016 0.926396
vt 0.657865 0.926396
vt 0.657865 0.931110
vt 0.061466 0.747971
vt 0.073705 0.747972
vt 0.232082 0.747972
vt 0.244321 0.747971
vt 0.870151 0.619236
vt 0.874230 0.619236
vt 0.870151 0.609828
vt 0.874230 0.609828
vt 0.061467 0.738563
vt 0.073705 0.738564
vt 0.921321 0.327760
vt 0.925400 0.327760
vt 0.244266 0.782175
vt 0.239567 0.782175
vt 0.872615 0.653425
vt 0.871766 0.653425
vt 0.066220 0.782175
vt 0.061520 0.782175
vt 0.923785 0.371354
vt 0.922936 0.371354
vt 0.469806 0.949066
vt 0.469806 0.944974
vt 0.469810 0.944974
vt 0.469810 0.949066
vt 0.707637 0.912526
vt 0.711716 0.912526
vt 0.061466 0.691836
vt 0.061467 0.667291
vt 0.214079 0.691836
vt 0.214078 0.667291
vt 0.214082 0.667291
vt 0.214083 0.691836
vt 0.031232 0.691837
vt 0.031234 0.667291
vt 0.043472 0.667292
vt 0.043470 0.691838
vt 0.834256 0.305577
vt 0.834256 0.281030
vt 0.838335 0.281030
vt 0.838335 0.305577
vt 0.201841 0.691837
vt 0.201839 0.667292
vt 0.197716 0.715201
vt 0.198871 0.703520
vt 0.211110 0.703519
vt 0.209955 0.715200
vt 0.693766 0.900248
vt 0.693766 0.912521
vt 0.689686 0.912521
vt 0.689686 0.900248
vt 0.834256 0.317259
vt 0.838335 0.317259
vt 0.034202 0.703519
vt 0.046440 0.703520
vt 0.049177 0.807730
vt 0.049177 0.796046
vt 0.053257 0.796046
vt 0.053257 0.807730
vt 0.049177 0.831095
vt 0.049177 0.819413
vt 0.053257 0.819413
vt 0.053257 0.831095
vt 0.034118 0.726882
vt 0.035356 0.715201
vt 0.047595 0.715201
vt 0.046356 0.726883
vt 0.834256 0.340625
vt 0.834256 0.328942
vt 0.838335 0.328942
vt 0.838335 0.340625
vt 0.198955 0.726883
vt 0.211194 0.726882
vt 0.201844 0.738564
vt 0.214082 0.738563
vt 0.052629 0.873952
vt 0.049806 0.873952
vt 0.049177 0.861593
vt 0.053257 0.861593
vt 0.039724 0.769745
vt 0.031255 0.769745
vt 0.031228 0.757378
vt 0.043466 0.757379
vt 0.837708 0.383484
vt 0.834884 0.383484
vt 0.834256 0.371124
vt 0.838335 0.371124
vt 0.214056 0.769745
vt 0.205587 0.769745
vt 0.201845 0.757379
vt 0.214083 0.757378
vt 0.049177 0.852185
vt 0.053257 0.852185
vt 0.443750 0.931110
vt 0.443750 0.926396
vt 0.444599 0.926396
vt 0.444599 0.931110
vt 0.031228 0.747971
vt 0.043467 0.747972
vt 0.201844 0.747972
vt 0.214083 0.747971
vt 0.834256 0.361716
vt 0.838335 0.361716
vt 0.834256 0.352308
vt 0.838335 0.352308
vt 0.031229 0.738564
vt 0.043467 0.738565
vt 0.049177 0.842777
vt 0.053257 0.842777
vt 0.214029 0.782175
vt 0.209329 0.782175
vt 0.836720 0.395905
vt 0.835871 0.395905
vt 0.035982 0.782175
vt 0.031282 0.782175
vt 0.051642 0.886372
vt 0.050793 0.886372
vt 0.331758 0.949067
vt 0.331758 0.944976
vt 0.331762 0.944976
vt 0.331762 0.949067
vt 0.689686 0.912526
vt 0.693766 0.912526
vt 0.031228 0.691837
vt 0.031229 0.667291
vt 0.373429 0.691842
vt 0.373427 0.667296
vt 0.373431 0.667296
vt 0.373433 0.691842
vt 0.659453 0.563086
vt 0.659455 0.538541
vt 0.671693 0.538541
vt 0.671692 0.563087
vt 0.519582 0.691844
vt 0.519582 0.667296
vt 0.523662 0.667296
vt 0.523662 0.691844
vt 0.361190 0.691842
vt 0.361189 0.667297
vt 0.357066 0.715206
vt 0.358221 0.703524
vt 0.370459 0.703524
vt 0.369305 0.715205
vt 0.657865 0.900248
vt 0.657865 0.912521
vt 0.653786 0.912521
vt 0.653786 0.900248
vt 0.519582 0.703526
vt 0.523662 0.703526
vt 0.662423 0.574768
vt 0.674661 0.574769
vt 0.926978 0.678980
vt 0.926978 0.667296
vt 0.931057 0.667296
vt 0.931057 0.678980
vt 0.926978 0.702345
vt 0.926978 0.690662
vt 0.931057 0.690662
vt 0.931057 0.702345
vt 0.662339 0.598132
vt 0.663577 0.586450
vt 0.675816 0.586451
vt 0.674577 0.598133
vt 0.519582 0.726891
vt 0.519582 0.715208
vt 0.523662 0.715208
vt 0.523662 0.726891
vt 0.358305 0.726888
vt 0.370543 0.726887
vt 0.361193 0.738569
vt 0.373432 0.738569
vt 0.930429 0.745202
vt 0.927606 0.745202
vt 0.926978 0.732842
vt 0.931057 0.732842
vt 0.667946 0.640995
vt 0.659476 0.640994
vt 0.659449 0.628627
vt 0.671687 0.628629
vt 0.523034 0.769751
vt 0.520211 0.769751
vt 0.519582 0.757390
vt 0.523662 0.757390
vt 0.373406 0.769750
vt 0.364937 0.769750
vt 0.361195 0.757384
vt 0.373433 0.757383
vt 0.926978 0.723434
vt 0.931057 0.723434
vt 0.370152 0.931110
vt 0.370152 0.926396
vt 0.371001 0.926396
vt 0.371001 0.931110
vt 0.659450 0.619221
vt 0.671688 0.619221
vt 0.361194 0.747977
vt 0.373432 0.747976
vt 0.519582 0.747982
vt 0.523662 0.747982
vt 0.519582 0.738574
vt 0.523662 0.738574
vt 0.659450 0.609813
vt 0.671689 0.609814
vt 0.926978 0.714027
vt 0.931057 0.714027
vt 0.373378 0.782180
vt 0.368678 0.782181
vt 0.522046 0.782171
vt 0.521197 0.782171
vt 0.664203 0.653425
vt 0.659504 0.653425
vt 0.929442 0.757622
vt 0.928593 0.757622
vt 0.031228 0.949067
vt 0.031228 0.944976
vt 0.031232 0.944976
vt 0.031232 0.949067
vt 0.653786 0.912526
vt 0.657865 0.912526
vt 0.659449 0.563086
vt 0.659451 0.538541
vt 0.554855 0.563086
vt 0.554854 0.538541
vt 0.554858 0.538541
vt 0.554860 0.563086
vt 0.659459 0.434330
vt 0.659461 0.409785
vt 0.671699 0.409785
vt 0.671698 0.434331
vt 0.798356 0.305577
vt 0.798356 0.281030
vt 0.802435 0.281030
vt 0.802435 0.305577
vt 0.542617 0.563087
vt 0.542616 0.538542
vt 0.538493 0.586451
vt 0.539648 0.574769
vt 0.551886 0.574768
vt 0.550732 0.586450
vt 0.334993 0.900243
vt 0.334993 0.912516
vt 0.330913 0.912516
vt 0.330913 0.900243
vt 0.798356 0.317259
vt 0.802435 0.317259
vt 0.662429 0.446012
vt 0.674667 0.446013
vt 0.013277 0.807730
vt 0.013277 0.796046
vt 0.017357 0.796046
vt 0.017357 0.807730
vt 0.013277 0.831095
vt 0.013277 0.819413
vt 0.017357 0.819413
vt 0.017357 0.831095
vt 0.662345 0.469376
vt 0.663583 0.457694
vt 0.675822 0.457695
vt 0.674583 0.469376
vt 0.798356 0.340625
vt 0.798356 0.328942
vt 0.802435 0.328942
vt 0.802435 0.340625
vt 0.539732 0.598132
vt 0.551970 0.598132
vt 0.542620 0.609814
vt 0.554859 0.609813
vt 0.016728 0.873952
vt 0.013905 0.873952
vt 0.013277 0.861593
vt 0.017357 0.861593
vt 0.667952 0.512239
vt 0.659483 0.512238
vt 0.659455 0.499871
vt 0.671694 0.499872
vt 0.801807 0.383484
vt 0.798984 0.383484
vt 0.798356 0.371124
vt 0.802435 0.371124
vt 0.554833 0.640994
vt 0.546363 0.640995
vt 0.542621 0.628629
vt 0.554860 0.628628
vt 0.013277 0.852185
vt 0.017357 0.852185
vt 0.429031 0.931110
vt 0.429031 0.926396
vt 0.429879 0.926396
vt 0.429879 0.931110
vt 0.659456 0.490464
vt 0.671694 0.490465
vt 0.542621 0.619222
vt 0.554859 0.619220
vt 0.798356 0.361716
vt 0.802435 0.361716
vt 0.798356 0.352308
vt 0.802435 0.352308
vt 0.659456 0.481057
vt 0.671695 0.481058
vt 0.013277 0.842777
vt 0.017357 0.842777
vt 0.554805 0.653425
vt 0.550105 0.653425
vt 0.800820 0.395905
vt 0.799971 0.395905
vt 0.664210 0.524669
vt 0.659510 0.524669
vt 0.015741 0.886372
vt 0.014892 0.886372
vt 0.298243 0.949067
vt 0.298243 0.944976
vt 0.298247 0.944976
vt 0.298247 0.949067
vt 0.330913 0.912521
vt 0.334993 0.912521
vt 0.659455 0.434330
vt 0.659457 0.409785
vt 0.524618 0.563086
vt 0.524616 0.538541
vt 0.524620 0.538541
vt 0.524622 0.563086
vt 0.719934 0.305576
vt 0.719936 0.281030
vt 0.732175 0.281031
vt 0.732173 0.305576
vt 0.629212 0.691844
vt 0.629212 0.667296
vt 0.633292 0.667296
vt 0.633292 0.691844
vt 0.512379 0.563087
vt 0.512378 0.538542
vt 0.508255 0.586451
vt 0.509409 0.574769
vt 0.521648 0.574768
vt 0.520494 0.586450
vt 0.281141 0.900243
vt 0.281141 0.912517
vt 0.277062 0.912517
vt 0.277062 0.900243
vt 0.629212 0.703526
vt 0.633292 0.703526
vt 0.722904 0.317258
vt 0.735143 0.317258
vt 0.928321 0.807726
vt 0.928321 0.796043
vt 0.932401 0.796043
vt 0.932401 0.807726
vt 0.928321 0.831091
vt 0.928321 0.819409
vt 0.932401 0.819409
vt 0.932401 0.831091
vt 0.722820 0.340621
vt 0.724059 0.328939
vt 0.736297 0.328940
vt 0.735059 0.340622
vt 0.629212 0.726891
vt 0.629212 0.715208
vt 0.633292 0.715208
vt 0.633292 0.726891
vt 0.509494 0.598132
vt 0.521732 0.598132
vt 0.512382 0.609814
vt 0.524621 0.609814
vt 0.931773 0.873949
vt 0.928950 0.873949
vt 0.928321 0.861589
vt 0.932401 0.861589
vt 0.728427 0.383484
vt 0.719958 0.383483
vt 0.719930 0.371117
vt 0.732169 0.371118
vt 0.632663 0.769751
vt 0.629840 0.769751
vt 0.629212 0.757390
vt 0.633292 0.757390
vt 0.524595 0.640994
vt 0.516126 0.640995
vt 0.512384 0.628629
vt 0.524622 0.628628
vt 0.928321 0.852181
vt 0.932401 0.852181
vt 0.746067 0.931103
vt 0.746067 0.926389
vt 0.746916 0.926389
vt 0.746916 0.931103
vt 0.719931 0.361710
vt 0.732169 0.361711
vt 0.512383 0.619222
vt 0.524621 0.619220
vt 0.629212 0.747982
vt 0.633292 0.747982
vt 0.629212 0.738574
vt 0.633292 0.738574
vt 0.719932 0.352303
vt 0.732170 0.352303
vt 0.928321 0.842773
vt 0.932401 0.842773
vt 0.524567 0.653425
vt 0.519867 0.653426
vt 0.631676 0.782171
vt 0.630827 0.782171
vt 0.724685 0.395914
vt 0.719985 0.395914
vt 0.930785 0.886368
vt 0.929936 0.886368
vt 0.120979 0.949067
vt 0.120979 0.944976
vt 0.120983 0.944976
vt 0.120983 0.949067
vt 0.277062 0.912521
vt 0.281141 0.912521
vt 0.719930 0.305576
vt 0.719932 0.281030
vt 0.675818 0.305575
vt 0.675816 0.281029
vt 0.675820 0.281029
vt 0.675822 0.305575
vt 0.447784 0.563086
vt 0.447785 0.538541
vt 0.460024 0.538542
vt 0.460022 0.563087
vt 0.798356 0.434323
vt 0.798356 0.409776
vt 0.802435 0.409776
vt 0.802435 0.434323
vt 0.663579 0.305576
vt 0.663577 0.281030
vt 0.659455 0.328939
vt 0.660609 0.317258
vt 0.672848 0.317257
vt 0.671693 0.328939
vt 0.263191 0.900236
vt 0.263191 0.912510
vt 0.259112 0.912510
vt 0.259112 0.900236
vt 0.798356 0.446005
vt 0.802435 0.446005
vt 0.450754 0.574768
vt 0.462992 0.574769
vt 0.086040 0.807730
vt 0.086040 0.796046
vt 0.090120 0.796046
vt 0.090120 0.807730
vt 0.086040 0.831095
vt 0.086040 0.819413
vt 0.090120 0.819413
vt 0.090120 0.831095
vt 0.450670 0.598132
vt 0.451908 0.586450
vt 0.464146 0.586451
vt 0.462908 0.598132
vt 0.798356 0.469371
vt 0.798356 0.457688
vt 0.802435 0.457688
vt 0.802435 0.469371
vt 0.660693 0.340621
vt 0.672932 0.340620
vt 0.663582 0.352303
vt 0.675821 0.352302
vt 0.089491 0.873952
vt 0.086668 0.873952
vt 0.086040 0.861593
vt 0.090120 0.861593
vt 0.456276 0.640995
vt 0.447807 0.640994
vt 0.447780 0.628628
vt 0.460019 0.628628
vt 0.801807 0.512230
vt 0.798984 0.512230
vt 0.798356 0.499870
vt 0.802435 0.499870
vt 0.675794 0.383483
vt 0.667325 0.383483
vt 0.663583 0.371117
vt 0.675822 0.371116
vt 0.086040 0.852185
vt 0.090120 0.852185
vt 0.106259 0.931105
vt 0.106259 0.926392
vt 0.107109 0.926392
vt 0.107109 0.931105
vt 0.447780 0.619220
vt 0.460019 0.619222
vt 0.663583 0.361710
vt 0.675821 0.361709
vt 0.798356 0.490462
vt 0.802435 0.490462
vt 0.798356 0.481054
vt 0.802435 0.481054
vt 0.447781 0.609813
vt 0.460019 0.609814
vt 0.086040 0.842777
vt 0.090120 0.842777
vt 0.675767 0.395913
vt 0.671067 0.395914
vt 0.800820 0.524651
vt 0.799971 0.524651
vt 0.452534 0.653425
vt 0.447835 0.653425
vt 0.088504 0.886372
vt 0.087655 0.886372
vt 0.160956 0.949067
vt 0.160956 0.944976
vt 0.160960 0.944976
vt 0.160960 0.949067
vt 0.259112 0.912514
vt 0.263191 0.912514
vt 0.447780 0.563086
vt 0.447781 0.538541
vt 0.735359 0.168966
vt 0.735357 0.144421
vt 0.735362 0.144421
vt 0.735363 0.168966
vt 0.688762 0.032358
vt 0.688763 0.007813
vt 0.701002 0.007813
vt 0.701000 0.032359
vt 0.568731 0.691844
vt 0.568731 0.667296
vt 0.572810 0.667296
vt 0.572810 0.691844
vt 0.723120 0.168967
vt 0.723119 0.144421
vt 0.718996 0.192331
vt 0.720151 0.180649
vt 0.732389 0.180648
vt 0.731235 0.192330
vt 0.125059 0.900243
vt 0.125059 0.912516
vt 0.120979 0.912516
vt 0.120979 0.900243
vt 0.568731 0.703526
vt 0.572810 0.703526
vt 0.691732 0.044040
vt 0.703970 0.044041
vt 0.937928 0.446009
vt 0.937928 0.434326
vt 0.942007 0.434326
vt 0.942007 0.446009
vt 0.937928 0.469374
vt 0.937928 0.457692
vt 0.942007 0.457692
vt 0.942007 0.469374
vt 0.691648 0.067404
vt 0.692886 0.055722
vt 0.705124 0.055723
vt 0.703886 0.067405
vt 0.568731 0.726891
vt 0.568731 0.715208
vt 0.572810 0.715208
vt 0.572810 0.726891
vt 0.720235 0.204013
vt 0.732473 0.204012
vt 0.723123 0.215694
vt 0.735362 0.215694
vt 0.941379 0.512232
vt 0.938556 0.512232
vt 0.937928 0.499872
vt 0.942007 0.499872
vt 0.697254 0.110267
vt 0.688785 0.110266
vt 0.688758 0.097900
vt 0.700997 0.097901
vt 0.572182 0.769751
vt 0.569359 0.769751
vt 0.568731 0.757390
vt 0.572810 0.757390
vt 0.735336 0.246874
vt 0.726867 0.246875
vt 0.723125 0.234509
vt 0.735363 0.234508
vt 0.937928 0.490464
vt 0.942007 0.490464
vt 0.138930 0.931105
vt 0.138930 0.926392
vt 0.139780 0.926392
vt 0.139780 0.931105
vt 0.688758 0.088493
vt 0.700997 0.088493
vt 0.723124 0.225101
vt 0.735362 0.225101
vt 0.568731 0.747982
vt 0.572810 0.747982
vt 0.568731 0.738574
vt 0.572810 0.738574
vt 0.688759 0.079085
vt 0.700998 0.079086
vt 0.937928 0.481056
vt 0.942007 0.481056
vt 0.735308 0.259305
vt 0.730608 0.259305
vt 0.571195 0.782171
vt 0.570346 0.782171
vt 0.693512 0.122697
vt 0.688813 0.122697
vt 0.940392 0.524651
vt 0.939543 0.524651
vt 0.139776 0.949067
vt 0.139776 0.944976
vt 0.139780 0.944976
vt 0.139780 0.949067
vt 0.120979 0.912521
vt 0.125059 0.912521
vt 0.688758 0.032358
vt 0.688760 0.007813
vt 0.766525 0.563086
vt 0.766523 0.538541
vt 0.766527 0.538541
vt 0.766529 0.563086
vt 0.152183 0.563081
vt 0.152185 0.538535
vt 0.164423 0.538536
vt 0.164422 0.563082
vt 0.804013 0.691843
vt 0.804013 0.667296
vt 0.808092 0.667296
vt 0.808092 0.691843
vt 0.754286 0.563087
vt 0.754285 0.538541
vt 0.750162 0.586451
vt 0.751316 0.574769
vt 0.763555 0.574768
vt 0.762400 0.586450
vt 0.299091 0.900243
vt 0.299091 0.912517
vt 0.295012 0.912517
vt 0.295012 0.900243
vt 0.804013 0.703525
vt 0.808092 0.703525
vt 0.155153 0.574763
vt 0.167391 0.574764
vt 0.938337 0.044056
vt 0.938337 0.032372
vt 0.942416 0.032372
vt 0.942416 0.044056
vt 0.938337 0.067421
vt 0.938337 0.055739
vt 0.942416 0.055739
vt 0.942416 0.067421
vt 0.155069 0.598126
vt 0.156307 0.586445
vt 0.168546 0.586445
vt 0.167307 0.598127
vt 0.804013 0.726891
vt 0.804013 0.715208
vt 0.808092 0.715208
vt 0.808092 0.726891
vt 0.751400 0.598132
vt 0.763639 0.598132
vt 0.754289 0.609814
vt 0.766527 0.609813
vt 0.941788 0.110278
vt 0.938965 0.110278
vt 0.938337 0.097918
vt 0.942416 0.097918
vt 0.160676 0.640990
vt 0.152206 0.640989
vt 0.152179 0.628622
vt 0.164418 0.628623
vt 0.807464 0.769751
vt 0.804641 0.769751
vt 0.804013 0.757390
vt 0.808092 0.757390
vt 0.766501 0.640994
vt 0.758032 0.640995
vt 0.754290 0.628629
vt 0.766529 0.628628
vt 0.938337 0.088511
vt 0.942416 0.088511
vt 0.704406 0.931110
vt 0.704406 0.926396
vt 0.705255 0.926396
vt 0.705255 0.931110
vt 0.152179 0.619215
vt 0.164418 0.619216
vt 0.754290 0.619221
vt 0.766528 0.619220
vt 0.804013 0.747982
vt 0.808092 0.747982
vt 0.804013 0.738574
vt 0.808092 0.738574
vt 0.152180 0.609808
vt 0.164418 0.609809
vt 0.938337 0.079103
vt 0.942416 0.079103
vt 0.766474 0.653425
vt 0.761774 0.653425
vt 0.806477 0.782171
vt 0.805628 0.782171
vt 0.156933 0.653420
vt 0.152233 0.653420
vt 0.940801 0.122698
vt 0.939952 0.122698
vt 0.689687 0.949072
vt 0.689687 0.944981
vt 0.689691 0.944981
vt 0.689691 0.949072
vt 0.295012 0.912521
vt 0.299091 0.912521
vt 0.152179 0.563081
vt 0.152180 0.538535
vt 0.373429 0.563086
vt 0.373427 0.538541
vt 0.373431 0.538541
vt 0.373433 0.563086
vt 0.478022 0.563086
vt 0.478023 0.538541
vt 0.490262 0.538542
vt 0.490260 0.563087
vt 0.538493 0.691844
vt 0.538493 0.667296
vt 0.542572 0.667296
vt 0.542572 0.691844
vt 0.361190 0.563087
vt 0.361189 0.538541
vt 0.357066 0.586451
vt 0.358221 0.574769
vt 0.370459 0.574768
vt 0.369305 0.586450
vt 0.035307 0.900243
vt 0.035307 0.912517
vt 0.031228 0.912517
vt 0.031228 0.900243
vt 0.538493 0.703526
vt 0.542572 0.703526
vt 0.480992 0.574769
vt 0.493230 0.574769
vt 0.938338 0.180664
vt 0.938338 0.168980
vt 0.942417 0.168980
vt 0.942417 0.180664
vt 0.938338 0.204029
vt 0.938338 0.192347
vt 0.942417 0.192347
vt 0.942417 0.204029
vt 0.480908 0.598132
vt 0.482146 0.586450
vt 0.494384 0.586451
vt 0.493146 0.598133
vt 0.538493 0.726891
vt 0.538493 0.715208
vt 0.542572 0.715208
vt 0.542572 0.726891
vt 0.358305 0.598132
vt 0.370543 0.598132
vt 0.361193 0.609814
vt 0.373432 0.609813
vt 0.941789 0.246887
vt 0.938966 0.246887
vt 0.938338 0.234527
vt 0.942417 0.234527
vt 0.486514 0.640995
vt 0.478045 0.640994
vt 0.478018 0.628628
vt 0.490257 0.628629
vt 0.541944 0.769751
vt 0.539121 0.769751
vt 0.538493 0.757390
vt 0.542572 0.757390
vt 0.373406 0.640994
vt 0.364937 0.640995
vt 0.361195 0.628628
vt 0.373433 0.628627
vt 0.938338 0.225119
vt 0.942417 0.225119
vt 0.934632 0.420455
vt 0.934632 0.415742
vt 0.935480 0.415742
vt 0.935480 0.420455
vt 0.478018 0.619221
vt 0.490257 0.619222
vt 0.361194 0.619221
vt 0.373432 0.619220
vt 0.538493 0.747982
vt 0.542572 0.747982
vt 0.538493 0.738575
vt 0.542572 0.738575
vt 0.478019 0.609814
vt 0.490257 0.609814
vt 0.938338 0.215711
vt 0.942417 0.215711
vt 0.373378 0.653425
vt 0.368678 0.653425
vt 0.540957 0.782171
vt 0.540109 0.782171
vt 0.482772 0.653426
vt 0.478072 0.653425
vt 0.940802 0.259306
vt 0.939953 0.259306
vt 0.246912 0.949069
vt 0.246912 0.944978
vt 0.246916 0.944978
vt 0.246916 0.949069
vt 0.031228 0.912521
vt 0.035307 0.912521
vt 0.478018 0.563086
vt 0.478019 0.538541
vt 0.304792 0.563081
vt 0.304791 0.538535
vt 0.304795 0.538535
vt 0.304796 0.563081
vt 0.688763 0.168966
vt 0.688764 0.144421
vt 0.701003 0.144421
vt 0.701001 0.168967
vt 0.598969 0.691844
vt 0.598969 0.667296
vt 0.603048 0.667296
vt 0.603048 0.691844
vt 0.292554 0.563082
vt 0.292552 0.538536
vt 0.288430 0.586446
vt 0.289584 0.574764
vt 0.301823 0.574763
vt 0.300668 0.586445
vt 0.675816 0.900248
vt 0.675816 0.912521
vt 0.671736 0.912521
vt 0.671736 0.900248
vt 0.598969 0.703526
vt 0.603048 0.703526
vt 0.691732 0.180648
vt 0.703971 0.180649
vt 0.964222 0.807726
vt 0.964222 0.796043
vt 0.968302 0.796043
vt 0.968302 0.807726
vt 0.964222 0.831091
vt 0.964222 0.819409
vt 0.968302 0.819409
vt 0.968302 0.831091
vt 0.691649 0.204012
vt 0.692887 0.192330
vt 0.705125 0.192331
vt 0.703887 0.204013
vt 0.598969 0.726891
vt 0.598969 0.715208
vt 0.603048 0.715208
vt 0.603048 0.726891
vt 0.289668 0.598127
vt 0.301907 0.598126
vt 0.292557 0.609809
vt 0.304795 0.609808
vt 0.967674 0.873949
vt 0.964851 0.873949
vt 0.964222 0.861589
vt 0.968302 0.861589
vt 0.697255 0.246875
vt 0.688786 0.246874
vt 0.688758 0.234508
vt 0.700997 0.234509
vt 0.602420 0.769751
vt 0.599597 0.769751
vt 0.598969 0.757390
vt 0.603048 0.757390
vt 0.304769 0.640989
vt 0.296300 0.640990
vt 0.292558 0.628623
vt 0.304796 0.628622
vt 0.964222 0.852181
vt 0.968302 0.852181
vt 0.760787 0.931103
vt 0.760787 0.926389
vt 0.761636 0.926389
vt 0.761636 0.931103
vt 0.688759 0.225101
vt 0.700998 0.225101
vt 0.292557 0.619216
vt 0.304796 0.619215
vt 0.598969 0.747982
vt 0.603048 0.747982
vt 0.598969 0.738574
vt 0.603048 0.738574
vt 0.688760 0.215694
vt 0.700998 0.215694
vt 0.964222 0.842773
vt 0.968302 0.842773
vt 0.304742 0.653420
vt 0.300042 0.653420
vt 0.601433 0.782171
vt 0.600584 0.782171
vt 0.693513 0.259305
vt 0.688813 0.259305
vt 0.966687 0.886368
vt 0.965838 0.886368
vt 0.284368 0.949067
vt 0.284368 0.944976
vt 0.284372 0.944976
vt 0.284372 0.949067
vt 0.671736 0.912526
vt 0.675816 0.912526
vt 0.688758 0.168966
vt 0.688760 0.144421
vt 0.706049 0.563086
vt 0.706047 0.538541
vt 0.706052 0.538541
vt 0.706053 0.563086
vt 0.629215 0.563086
vt 0.629217 0.538541
vt 0.641455 0.538542
vt 0.641454 0.563087
vt 0.833321 0.032370
vt 0.833321 0.007822
vt 0.837401 0.007822
vt 0.837401 0.032370
vt 0.693810 0.563087
vt 0.693809 0.538541
vt 0.689686 0.586451
vt 0.690841 0.574769
vt 0.703079 0.574768
vt 0.701925 0.586450
vt 0.932401 0.900239
vt 0.932401 0.912513
vt 0.928321 0.912513
vt 0.928321 0.900239
vt 0.833321 0.044052
vt 0.837401 0.044052
vt 0.632185 0.574768
vt 0.644424 0.574769
vt 0.973828 0.446009
vt 0.973828 0.434326
vt 0.977908 0.434326
vt 0.977908 0.446009
vt 0.973828 0.469374
vt 0.973828 0.457692
vt 0.977908 0.457692
vt 0.977908 0.469374
vt 0.632101 0.598132
vt 0.633340 0.586450
vt 0.645578 0.586451
vt 0.644340 0.598132
vt 0.833321 0.067417
vt 0.833321 0.055734
vt 0.837401 0.055734
vt 0.837401 0.067417
vt 0.690925 0.598132
vt 0.703163 0.598132
vt 0.693814 0.609814
vt 0.706052 0.609813
vt 0.977280 0.512231
vt 0.974456 0.512231
vt 0.973828 0.499872
vt 0.977908 0.499872
vt 0.637708 0.640995
vt 0.629239 0.640994
vt 0.629211 0.628628
vt 0.641450 0.628629
vt 0.836773 0.110277
vt 0.833950 0.110277
vt 0.833321 0.097916
vt 0.837401 0.097916
vt 0.706026 0.640994
vt 0.697556 0.640995
vt 0.693814 0.628628
vt 0.706053 0.628627
vt 0.973828 0.490464
vt 0.977908 0.490464
vt 0.775507 0.931103
vt 0.775507 0.926389
vt 0.776356 0.926389
vt 0.776356 0.931103
vt 0.629212 0.619221
vt 0.641451 0.619222
vt 0.693814 0.619221
vt 0.706052 0.619220
vt 0.833321 0.088508
vt 0.837401 0.088508
vt 0.833321 0.079100
vt 0.837401 0.079100
vt 0.629212 0.609814
vt 0.641451 0.609814
vt 0.973828 0.481056
vt 0.977908 0.481056
vt 0.705998 0.653425
vt 0.701299 0.653425
vt 0.835786 0.122697
vt 0.834937 0.122697
vt 0.633966 0.653426
vt 0.629266 0.653425
vt 0.976293 0.524651
vt 0.975444 0.524651
vt 0.355432 0.949072
vt 0.355432 0.944981
vt 0.355436 0.944981
vt 0.355436 0.949072
vt 0.928321 0.912517
vt 0.932401 0.912517
vt 0.629211 0.563086
vt 0.629213 0.538541
vt 0.403667 0.691842
vt 0.403665 0.667296
vt 0.403669 0.667296
vt 0.403671 0.691842
vt 0.658524 0.032358
vt 0.658526 0.007813
vt 0.670764 0.007813
vt 0.670762 0.032359
vt 0.779470 0.032360
vt 0.779470 0.007813
vt 0.783550 0.007813
vt 0.783550 0.032360
vt 0.391428 0.691842
vt 0.391427 0.667297
vt 0.387304 0.715206
vt 0.388458 0.703524
vt 0.400697 0.703524
vt 0.399542 0.715206
vt 0.143010 0.900243
vt 0.143010 0.912517
vt 0.138930 0.912517
vt 0.138930 0.900243
vt 0.779470 0.044042
vt 0.783550 0.044042
vt 0.661494 0.044040
vt 0.673732 0.044041
vt 0.939265 0.550232
vt 0.939265 0.538549
vt 0.943345 0.538549
vt 0.943345 0.550232
vt 0.939265 0.573597
vt 0.939265 0.561915
vt 0.943345 0.561915
vt 0.943345 0.573597
vt 0.661410 0.067404
vt 0.662648 0.055722
vt 0.674887 0.055723
vt 0.673648 0.067405
vt 0.779470 0.067407
vt 0.779470 0.055724
vt 0.783550 0.055724
vt 0.783550 0.067407
vt 0.388543 0.726888
vt 0.400781 0.726887
vt 0.391431 0.738569
vt 0.403670 0.738569
vt 0.942716 0.616455
vt 0.939893 0.616455
vt 0.939265 0.604095
vt 0.943345 0.604095
vt 0.667016 0.110267
vt 0.658548 0.110266
vt 0.658520 0.097900
vt 0.670759 0.097901
vt 0.782922 0.110267
vt 0.780099 0.110267
vt 0.779470 0.097906
vt 0.783550 0.097906
vt 0.403644 0.769750
vt 0.395174 0.769750
vt 0.391433 0.757384
vt 0.403671 0.757383
vt 0.939265 0.594687
vt 0.943345 0.594687
vt 0.731347 0.931103
vt 0.731347 0.926389
vt 0.732197 0.926389
vt 0.732197 0.931103
vt 0.658521 0.088493
vt 0.670759 0.088493
vt 0.391432 0.747977
vt 0.403670 0.747976
vt 0.779470 0.088499
vt 0.783550 0.088499
vt 0.779470 0.079091
vt 0.783550 0.079091
vt 0.658521 0.079086
vt 0.670760 0.079086
vt 0.939265 0.585279
vt 0.943345 0.585279
vt 0.403616 0.782180
vt 0.398916 0.782181
vt 0.781934 0.122688
vt 0.781085 0.122688
vt 0.663275 0.122697
vt 0.658575 0.122697
vt 0.941730 0.628875
vt 0.940880 0.628875
vt 0.219162 0.949069
vt 0.219162 0.944978
vt 0.219166 0.944978
vt 0.219166 0.949069
vt 0.138930 0.912521
vt 0.143010 0.912521
vt 0.658520 0.032358
vt 0.658522 0.007813
vt 0.615331 0.563086
vt 0.615329 0.538541
vt 0.615334 0.538541
vt 0.615335 0.563086
vt 0.689697 0.434331
vt 0.689698 0.409785
vt 0.701937 0.409786
vt 0.701935 0.434332
vt 0.779472 0.168968
vt 0.779472 0.144421
vt 0.783551 0.144421
vt 0.783551 0.168968
vt 0.603092 0.563087
vt 0.603091 0.538542
vt 0.598968 0.586451
vt 0.600123 0.574769
vt 0.612361 0.574768
vt 0.611207 0.586450
vt 0.846680 0.924788
vt 0.846680 0.937061
vt 0.842601 0.937061
vt 0.842601 0.924788
vt 0.779472 0.180650
vt 0.783551 0.180650
vt 0.692666 0.446013
vt 0.704905 0.446014
vt 0.939271 0.292712
vt 0.939271 0.281029
vt 0.943351 0.281029
vt 0.943351 0.292712
vt 0.939271 0.316077
vt 0.939271 0.304395
vt 0.943351 0.304395
vt 0.943351 0.316077
vt 0.692582 0.469376
vt 0.693821 0.457695
vt 0.706059 0.457695
vt 0.704821 0.469377
vt 0.779472 0.204015
vt 0.779472 0.192332
vt 0.783551 0.192332
vt 0.783551 0.204015
vt 0.600207 0.598132
vt 0.612445 0.598132
vt 0.603096 0.609814
vt 0.615334 0.609814
vt 0.942722 0.358935
vt 0.939899 0.358935
vt 0.939271 0.346575
vt 0.943351 0.346575
vt 0.698189 0.512239
vt 0.689720 0.512239
vt 0.689692 0.499872
vt 0.701931 0.499873
vt 0.782923 0.246875
vt 0.780100 0.246875
vt 0.779472 0.234515
vt 0.783551 0.234515
vt 0.615308 0.640994
vt 0.606838 0.640995
vt 0.603096 0.628629
vt 0.615335 0.628628
vt 0.939271 0.337167
vt 0.943351 0.337167
vt 0.790227 0.931103
vt 0.790227 0.926389
vt 0.791076 0.926389
vt 0.791076 0.931103
vt 0.689693 0.490465
vt 0.701932 0.490466
vt 0.603096 0.619222
vt 0.615335 0.619221
vt 0.779472 0.225106
vt 0.783551 0.225106
vt 0.779472 0.215699
vt 0.783551 0.215699
vt 0.689693 0.481058
vt 0.701932 0.481059
vt 0.939271 0.327759
vt 0.943351 0.327759
vt 0.615280 0.653425
vt 0.610580 0.653426
vt 0.781936 0.259296
vt 0.781087 0.259296
vt 0.694447 0.524670
vt 0.689747 0.524669
vt 0.941735 0.371354
vt 0.940886 0.371354
vt 0.313807 0.949067
vt 0.313807 0.944976
vt 0.313812 0.944976
vt 0.313812 0.949067
vt 0.842601 0.937066
vt 0.846680 0.937066
vt 0.689692 0.434331
vt 0.689694 0.409785
vt 0.585093 0.563086
vt 0.585092 0.538541
vt 0.585095 0.538541
vt 0.585097 0.563086
vt 0.750172 0.305575
vt 0.750173 0.281030
vt 0.762412 0.281031
vt 0.762411 0.305576
vt 0.750162 0.691843
vt 0.750162 0.667296
vt 0.754241 0.667296
vt 0.754241 0.691843
vt 0.572855 0.563087
vt 0.572853 0.538542
vt 0.568731 0.586451
vt 0.569885 0.574769
vt 0.582124 0.574768
vt 0.580969 0.586450
vt 0.828730 0.924788
vt 0.828730 0.937061
vt 0.824650 0.937061
vt 0.824650 0.924788
vt 0.750162 0.703525
vt 0.754241 0.703525
vt 0.753142 0.317257
vt 0.765380 0.317258
vt 0.295012 0.807730
vt 0.295012 0.796046
vt 0.299091 0.796046
vt 0.299091 0.807730
vt 0.295012 0.831095
vt 0.295012 0.819413
vt 0.299091 0.819413
vt 0.299091 0.831095
vt 0.753058 0.340621
vt 0.754296 0.328939
vt 0.766535 0.328940
vt 0.765296 0.340622
vt 0.750162 0.726891
vt 0.750162 0.715208
vt 0.754241 0.715208
vt 0.754241 0.726891
vt 0.569969 0.598133
vt 0.582207 0.598132
vt 0.572858 0.609814
vt 0.585096 0.609814
vt 0.298463 0.873952
vt 0.295640 0.873952
vt 0.295012 0.861592
vt 0.299091 0.861592
vt 0.758665 0.383484
vt 0.750195 0.383483
vt 0.750168 0.371117
vt 0.762407 0.371118
vt 0.753613 0.769751
vt 0.750790 0.769751
vt 0.750162 0.757390
vt 0.754241 0.757390
vt 0.585070 0.640994
vt 0.576601 0.640995
vt 0.572859 0.628629
vt 0.585097 0.628628
vt 0.295012 0.852185
vt 0.299091 0.852185
vt 0.928322 0.931101
vt 0.928322 0.926388
vt 0.929171 0.926388
vt 0.929171 0.931101
vt 0.750169 0.361710
vt 0.762407 0.361710
vt 0.572858 0.619222
vt 0.585097 0.619221
vt 0.750162 0.747982
vt 0.754241 0.747982
vt 0.750162 0.738574
vt 0.754241 0.738574
vt 0.750169 0.352303
vt 0.762408 0.352303
vt 0.295012 0.842777
vt 0.299091 0.842777
vt 0.585042 0.653425
vt 0.580343 0.653426
vt 0.752626 0.782171
vt 0.751777 0.782171
vt 0.754923 0.395914
vt 0.750223 0.395914
vt 0.297476 0.886372
vt 0.296627 0.886372
vt 0.197136 0.949069
vt 0.197136 0.944978
vt 0.197141 0.944978
vt 0.197141 0.949069
vt 0.824650 0.937066
vt 0.828730 0.937066
vt 0.750168 0.305575
vt 0.750170 0.281030
vt 0.138303 0.563081
vt 0.138302 0.538535
vt 0.138306 0.538535
vt 0.138308 0.563081
vt 0.719934 0.434331
vt 0.719936 0.409785
vt 0.732175 0.409786
vt 0.732173 0.434332
vt 0.815371 0.032370
vt 0.815371 0.007822
vt 0.819451 0.007822
vt 0.819451 0.032370
vt 0.126065 0.563082
vt 0.126064 0.538536
vt 0.121941 0.586446
vt 0.123095 0.574764
vt 0.135334 0.574763
vt 0.134179 0.586445
vt 0.317042 0.900243
vt 0.317042 0.912517
vt 0.312962 0.912517
vt 0.312962 0.900243
vt 0.815371 0.044052
vt 0.819451 0.044052
vt 0.722904 0.446013
vt 0.735143 0.446013
vt 0.944928 0.678979
vt 0.944928 0.667296
vt 0.949008 0.667296
vt 0.949008 0.678979
vt 0.944928 0.702345
vt 0.944928 0.690662
vt 0.949008 0.690662
vt 0.949008 0.702345
vt 0.722820 0.469376
vt 0.724058 0.457695
vt 0.736297 0.457695
vt 0.735059 0.469377
vt 0.815371 0.067417
vt 0.815371 0.055734
vt 0.819451 0.055734
vt 0.819451 0.067417
vt 0.123180 0.598127
vt 0.135418 0.598126
vt 0.126068 0.609809
vt 0.138307 0.609808
vt 0.948380 0.745202
vt 0.945557 0.745202
vt 0.944928 0.732842
vt 0.949008 0.732842
vt 0.728427 0.512239
vt 0.719958 0.512239
vt 0.719930 0.499872
vt 0.732169 0.499873
vt 0.818823 0.110277
vt 0.816000 0.110277
vt 0.815371 0.097916
vt 0.819451 0.097916
vt 0.138281 0.640989
vt 0.129811 0.640990
vt 0.126069 0.628623
vt 0.138308 0.628622
vt 0.944928 0.723434
vt 0.949008 0.723434
vt 0.804947 0.931103
vt 0.804947 0.926389
vt 0.805796 0.926389
vt 0.805796 0.931103
vt 0.719931 0.490465
vt 0.732169 0.490466
vt 0.126069 0.619216
vt 0.138307 0.619215
vt 0.815371 0.088508
vt 0.819451 0.088508
vt 0.815371 0.079100
vt 0.819451 0.079100
vt 0.719932 0.481058
vt 0.732170 0.481059
vt 0.944928 0.714026
vt 0.949008 0.714026
vt 0.138253 0.653420
vt 0.133553 0.653420
vt 0.817836 0.122697
vt 0.816986 0.122697
vt 0.724685 0.524670
vt 0.719985 0.524669
vt 0.947393 0.757622
vt 0.946544 0.757622
vt 0.588999 0.949066
vt 0.588999 0.944974
vt 0.589003 0.944974
vt 0.589003 0.949066
vt 0.312962 0.912521
vt 0.317042 0.912521
vt 0.719930 0.434331
vt 0.719932 0.409785
vt 0.736287 0.563086
vt 0.736286 0.538541
vt 0.736289 0.538541
vt 0.736291 0.563086
vt 0.689697 0.305575
vt 0.689698 0.281030
vt 0.701937 0.281030
vt 0.701936 0.305576
vt 0.087770 0.305576
vt 0.087770 0.281029
vt 0.091850 0.281029
vt 0.091850 0.305576
vt 0.724048 0.563087
vt 0.724047 0.538541
vt 0.719924 0.586451
vt 0.721079 0.574769
vt 0.733317 0.574768
vt 0.732163 0.586450
vt 0.361146 0.900248
vt 0.361146 0.912522
vt 0.357066 0.912522
vt 0.357066 0.900248
vt 0.087770 0.317258
vt 0.091850 0.317258
vt 0.692666 0.317257
vt 0.704905 0.317258
vt 0.946272 0.807726
vt 0.946272 0.796043
vt 0.950351 0.796043
vt 0.950351 0.807726
vt 0.946272 0.831091
vt 0.946272 0.819409
vt 0.950351 0.819409
vt 0.950351 0.831091
vt 0.692583 0.340621
vt 0.693821 0.328939
vt 0.706059 0.328940
vt 0.704821 0.340622
vt 0.087770 0.340623
vt 0.087770 0.328940
vt 0.091850 0.328940
vt 0.091850 0.340623
vt 0.721163 0.598132
vt 0.733401 0.598131
vt 0.724051 0.609814
vt 0.736290 0.609813
vt 0.949723 0.873949
vt 0.946900 0.873949
vt 0.946272 0.861589
vt 0.950351 0.861589
vt 0.698189 0.383484
vt 0.689720 0.383483
vt 0.689693 0.371117
vt 0.701931 0.371117
vt 0.091221 0.383483
vt 0.088398 0.383483
vt 0.087770 0.371122
vt 0.091850 0.371122
vt 0.736264 0.640994
vt 0.727795 0.640995
vt 0.724052 0.628628
vt 0.736291 0.628627
vt 0.946272 0.852181
vt 0.950351 0.852181
vt 0.031228 0.931105
vt 0.031228 0.926392
vt 0.032077 0.926392
vt 0.032077 0.931105
vt 0.689693 0.361710
vt 0.701932 0.361710
vt 0.724052 0.619221
vt 0.736290 0.619220
vt 0.087770 0.361714
vt 0.091850 0.361714
vt 0.087770 0.352307
vt 0.091850 0.352307
vt 0.689694 0.352302
vt 0.701933 0.352303
vt 0.946272 0.842773
vt 0.950351 0.842773
vt 0.736236 0.653425
vt 0.731536 0.653425
vt 0.090234 0.395904
vt 0.089385 0.395904
vt 0.694447 0.395914
vt 0.689748 0.395914
vt 0.948736 0.886368
vt 0.947887 0.886368
vt 0.537533 0.949066
vt 0.537533 0.944974
vt 0.537537 0.944974
vt 0.537537 0.949066
vt 0.357066 0.912526
vt 0.361146 0.912526
vt 0.689693 0.305575
vt 0.689695 0.281030
vt 0.766530 0.434331
vt 0.766529 0.409785
vt 0.766533 0.409785
vt 0.766535 0.434331
vt 0.658525 0.168966
vt 0.658526 0.144421
vt 0.670765 0.144421
vt 0.670763 0.168967
vt 0.870157 0.305577
vt 0.870157 0.281030
vt 0.874236 0.281030
vt 0.874236 0.305577
vt 0.754292 0.434332
vt 0.754290 0.409786
vt 0.750168 0.457695
vt 0.751322 0.446014
vt 0.763561 0.446013
vt 0.762406 0.457695
vt 0.864630 0.924788
vt 0.864630 0.937062
vt 0.860551 0.937062
vt 0.860551 0.924788
vt 0.870157 0.317259
vt 0.874236 0.317259
vt 0.661494 0.180648
vt 0.673733 0.180649
vt 0.955878 0.446009
vt 0.955878 0.434326
vt 0.959958 0.434326
vt 0.959958 0.446009
vt 0.955878 0.469374
vt 0.955878 0.457692
vt 0.959958 0.457692
vt 0.959958 0.469374
vt 0.661410 0.204012
vt 0.662649 0.192330
vt 0.674887 0.192331
vt 0.673649 0.204013
vt 0.870157 0.340624
vt 0.870157 0.328941
vt 0.874236 0.328941
vt 0.874236 0.340624
vt 0.751406 0.469377
vt 0.763645 0.469376
vt 0.754295 0.481059
vt 0.766533 0.481058
vt 0.959329 0.512232
vt 0.956506 0.512232
vt 0.955878 0.499872
vt 0.959958 0.499872
vt 0.667017 0.246875
vt 0.658548 0.246874
vt 0.658520 0.234508
vt 0.670759 0.234508
vt 0.873608 0.383484
vt 0.870785 0.383484
vt 0.870157 0.371123
vt 0.874236 0.371123
vt 0.766507 0.512239
vt 0.758038 0.512240
vt 0.754296 0.499873
vt 0.766535 0.499872
vt 0.955878 0.490464
vt 0.959958 0.490464
vt 0.399591 0.931110
vt 0.399591 0.926396
vt 0.400440 0.926396
vt 0.400440 0.931110
vt 0.658521 0.225101
vt 0.670759 0.225101
vt 0.754296 0.490466
vt 0.766534 0.490465
vt 0.870157 0.361715
vt 0.874236 0.361715
vt 0.870157 0.352308
vt 0.874236 0.352308
vt 0.658521 0.215693
vt 0.670760 0.215694
vt 0.955878 0.481056
vt 0.959958 0.481056
vt 0.766480 0.524669
vt 0.761780 0.524670
vt 0.872621 0.395905
vt 0.871772 0.395905
vt 0.663275 0.259305
vt 0.658575 0.259305
vt 0.958342 0.524651
vt 0.957493 0.524651
vt 0.661092 0.949072
vt 0.661092 0.944981
vt 0.661096 0.944981
vt 0.661096 0.949072
vt 0.860551 0.937066
vt 0.864630 0.937066
vt 0.658520 0.168966
vt 0.658522 0.144421
vt 0.706049 0.691842
vt 0.706048 0.667296
vt 0.706052 0.667296
vt 0.706054 0.691842
vt 0.417546 0.691842
vt 0.417548 0.667296
vt 0.429786 0.667297
vt 0.429784 0.691842
vt 0.815372 0.168977
vt 0.815372 0.144430
vt 0.819452 0.144430
vt 0.819452 0.168977
vt 0.693811 0.691842
vt 0.693809 0.667297
vt 0.689687 0.715206
vt 0.690841 0.703524
vt 0.703080 0.703524
vt 0.701925 0.715206
vt 0.421621 0.900248
vt 0.421621 0.912522
vt 0.417542 0.912522
vt 0.417542 0.900248
vt 0.815372 0.180660
vt 0.819452 0.180660
vt 0.420516 0.703524
vt 0.432754 0.703524
vt 0.956287 0.044056
vt 0.956287 0.032372
vt 0.960366 0.032372
vt 0.960366 0.044056
vt 0.956287 0.067421
vt 0.956287 0.055739
vt 0.960366 0.055739
vt 0.960366 0.067421
vt 0.420431 0.726887
vt 0.421670 0.715205
vt 0.433909 0.715206
vt 0.432670 0.726888
vt 0.815372 0.204025
vt 0.815372 0.192342
vt 0.819452 0.192342
vt 0.819452 0.204025
vt 0.690925 0.726888
vt 0.703164 0.726887
vt 0.693814 0.738570
vt 0.706053 0.738569
vt 0.959738 0.110278
vt 0.956915 0.110278
vt 0.956287 0.097919
vt 0.960366 0.097919
vt 0.426038 0.769750
vt 0.417569 0.769749
vt 0.417542 0.757383
vt 0.429780 0.757384
vt 0.818824 0.246885
vt 0.816001 0.246885
vt 0.815372 0.234524
vt 0.819452 0.234524
vt 0.706026 0.769749
vt 0.697557 0.769750
vt 0.693815 0.757384
vt 0.706054 0.757383
vt 0.956287 0.088511
vt 0.960366 0.088511
vt 0.277062 0.931105
vt 0.277062 0.926392
vt 0.277911 0.926392
vt 0.277911 0.931105
vt 0.417542 0.747976
vt 0.429781 0.747977
vt 0.693814 0.747977
vt 0.706053 0.747976
vt 0.815372 0.225116
vt 0.819452 0.225116
vt 0.815372 0.215708
vt 0.819452 0.215708
vt 0.417543 0.738569
vt 0.429781 0.738569
vt 0.956287 0.079103
vt 0.960366 0.079103
vt 0.705998 0.782180
vt 0.701299 0.782181
vt 0.817837 0.259305
vt 0.816988 0.259305
vt 0.422296 0.782181
vt 0.417596 0.782180
vt 0.958751 0.122698
vt 0.957902 0.122698
vt 0.674967 0.949072
vt 0.674967 0.944981
vt 0.674972 0.944981
vt 0.674972 0.949072
vt 0.417542 0.912526
vt 0.421621 0.912526
vt 0.417542 0.691842
vt 0.417543 0.667296
vt 0.259266 0.563081
vt 0.259265 0.538535
vt 0.259269 0.538535
vt 0.259270 0.563081
vt 0.659453 0.691842
vt 0.659455 0.667296
vt 0.671693 0.667297
vt 0.671692 0.691842
vt 0.816300 0.563097
vt 0.816300 0.538550
vt 0.820380 0.538550
vt 0.820380 0.563097
vt 0.247028 0.563082
vt 0.247026 0.538536
vt 0.242903 0.586445
vt 0.244058 0.574764
vt 0.256297 0.574763
vt 0.255142 0.586445
vt 0.385721 0.900248
vt 0.385721 0.912522
vt 0.381641 0.912522
vt 0.381641 0.900248
vt 0.816300 0.574779
vt 0.820380 0.574779
vt 0.662423 0.703524
vt 0.674662 0.703525
vt 0.956288 0.180664
vt 0.956288 0.168980
vt 0.960368 0.168980
vt 0.960368 0.180664
vt 0.956288 0.204029
vt 0.956288 0.192347
vt 0.960368 0.192347
vt 0.960368 0.204029
vt 0.662339 0.726887
vt 0.663577 0.715206
vt 0.675816 0.715207
vt 0.674578 0.726888
vt 0.816300 0.598145
vt 0.816300 0.586462
vt 0.820380 0.586462
vt 0.820380 0.598145
vt 0.244142 0.598127
vt 0.256381 0.598126
vt 0.247031 0.609809
vt 0.259269 0.609808
vt 0.959739 0.246886
vt 0.956916 0.246886
vt 0.956288 0.234526
vt 0.960368 0.234526
vt 0.667946 0.769750
vt 0.659477 0.769750
vt 0.659449 0.757383
vt 0.671688 0.757384
vt 0.819752 0.641005
vt 0.816929 0.641005
vt 0.816300 0.628644
vt 0.820380 0.628644
vt 0.259243 0.640989
vt 0.250774 0.640990
vt 0.247032 0.628623
vt 0.259270 0.628622
vt 0.956288 0.225119
vt 0.960368 0.225119
vt 0.414311 0.931110
vt 0.414311 0.926396
vt 0.415160 0.926396
vt 0.415160 0.931110
vt 0.659450 0.747976
vt 0.671688 0.747977
vt 0.247031 0.619216
vt 0.259270 0.619215
vt 0.816300 0.619236
vt 0.820380 0.619236
vt 0.816300 0.609828
vt 0.820380 0.609828
vt 0.659450 0.738569
vt 0.671689 0.738570
vt 0.956288 0.215711
vt 0.960368 0.215711
vt 0.259216 0.653420
vt 0.254516 0.653420
vt 0.818764 0.653425
vt 0.817915 0.653425
vt 0.664204 0.782181
vt 0.659504 0.782181
vt 0.958752 0.259306
vt 0.957903 0.259306
vt 0.233037 0.949069
vt 0.233037 0.944978
vt 0.233041 0.944978
vt 0.233041 0.949069
vt 0.381641 0.912526
vt 0.385721 0.912526
vt 0.659449 0.691842
vt 0.659451 0.667296
s 1
usemtl UVFaceColor_UDIM_Material.004
f 2446/1/1 18/2/1 56/3/1 2460/4/1 2456/5/1 2457/6/1 2453/7/1 2454/8/1 2449/9/1 2450/10/1
f 2460/4/1 56/3/1 34/11/1 16/12/1 18/2/1 2446/1/1 2445/13/1 2447/14/1 2450/10/1 2449/9/1 2448/15/1 2451/16/1 2454/8/1 2453/7/1 2452/17/1 2455/18/1 2457/6/1 2456/5/1 2458/19/1 2459/20/1
f 2399/21/2 2396/22/2 2395/23/2 2397/24/2 2392/25/2 2393/26/2 2390/27/2 2389/28/2 2384/29/2 2383/30/2 2382/31/2 2385/32/2 2379/33/2 2380/34/2 2388/35/2 2376/36/2 2372/37/2 2373/38/2 2368/39/2 2369/40/2 2367/41/2 2370/42/2 2364/43/2 2363/44/2 2362/45/2 2365/46/2 2360/47/2 2366/48/2 2357/49/2 2361/50/2 2358/51/2 2355/52/2 2356/53/2 2359/54/2 2352/55/2 2353/56/2 2350/57/2 2349/58/2 2346/59/2 56/60/2 117/61/2 2441/62/2 2438/63/2 2442/64/2 2444/65/2 2439/66/2 2426/67/2 2425/68/2 2424/69/2 2423/70/2 2421/71/2 2434/72/2 2432/73/2 2422/74/2 2420/75/2 2427/76/2 2416/77/2 2431/78/2 2429/79/2 2417/80/2 2418/81/2 2419/82/2 2412/83/2 2428/84/2 2407/85/2 2413/86/2 2408/87/2 2405/88/2 2406/89/2 2409/90/2 2403/91/2 2402/92/2 2401/93/2 2404/94/2 2400/95/2 2411/96/2
f 2387/97/2 2389/28/2 2390/27/2 2386/98/2 2394/99/2 2393/26/2 2392/25/2 2391/100/2 2395/23/2 2396/22/2 2398/101/2 2411/96/2 2400/95/2 2410/102/2 2401/93/2 2402/92/2 2406/89/2 2405/88/2 2407/85/2 2428/84/2 2414/103/2 2419/82/2 2418/81/2 2415/104/2 2429/79/2 2431/78/2 2430/105/2 2427/76/2 2420/75/2 2435/106/2 2432/73/2 2434/72/2 2433/107/2 2423/70/2 2424/69/2 2443/108/2 2436/109/2 2425/68/2 2426/67/2 2437/110/2 2444/65/2 2442/64/2 2440/111/2 2441/62/2 117/61/2 99/112/2 34/113/2 56/60/2 2346/59/2 2345/114/2 2348/115/2 2349/58/2 2350/57/2 2347/116/2 2354/117/2 2353/56/2 2352/55/2 2351/118/2 2356/53/2 2355/52/2 2357/49/2 2366/48/2 2362/45/2 2363/44/2 2367/41/2 2369/40/2 2377/119/2 2373/38/2 2372/37/2 2371/120/2 2374/121/2 2376/36/2 2388/35/2 2375/122/2 2378/123/2 2380/34/2 2379/33/2 2381/124/2 2382/31/2 2383/30/2
f 969/125/3 973/126/3 83/127/3 74/128/3 99/129/3 117/130/3 953/131/3 957/132/3 945/133/3 947/134/3 933/135/3 938/136/3 926/137/3 944/138/3 930/139/3 979/140/3
f 964/141/3 953/131/3 117/130/3 83/127/3 973/126/3 930/139/3 944/138/3 941/142/3 938/136/3 933/135/3 965/143/3 952/144/3 947/134/3 945/133/3
f 2526/145/4 2522/146/4 2520/147/4 2518/148/4 2519/149/4 2521/150/4 2516/151/4 2517/152/4 2513/153/4 2512/154/4 2510/155/4 2511/156/4 2506/157/4 2505/158/4 2509/159/4 2504/160/4 2502/161/4 2501/162/4 2503/163/4 2499/164/4 2500/165/4 2544/166/4 2495/167/4 2496/168/4 2494/169/4 2493/170/4 2490/171/4 2489/172/4 2491/173/4 2486/174/4 2487/175/4 2483/176/4 2479/177/4 2480/178/4 2477/179/4 2471/180/4 2469/181/4 2474/182/4 2473/183/4 2470/184/4 2558/185/4 2468/186/4 2467/187/4 2559/188/4 2557/189/4 2560/190/4 2555/191/4 2556/192/4 2554/193/4 2466/194/4 2462/195/4 2553/196/4 2550/197/4 2551/198/4 2548/199/4 2552/200/4 2547/201/4 2549/202/4 2545/203/4 2546/204/4 18/205/4 16/206/4 74/207/4 83/208/4 2541/209/4 2540/210/4 2542/211/4 2543/212/4 2536/213/4 2537/214/4 2535/215/4 2534/216/4 2529/217/4 2531/218/4 2532/219/4 2530/220/4 2527/221/4 2524/222/4 2525/223/4 2523/224/4
f 2555/191/4 2464/225/4 2476/226/4 2560/190/4 2557/189/4 2475/227/4 2467/187/4 2468/186/4 2473/183/4 2474/182/4 2472/228/4 2471/180/4 2477/179/4 2478/229/4 2482/230/4 2480/178/4 2479/177/4 2481/231/4 2484/232/4 2483/176/4 2487/175/4 2485/233/4 2498/234/4 2486/174/4 2491/173/4 2488/235/4 2492/236/4 2489/172/4 2490/171/4 2497/237/4 2494/169/4 2496/168/4 2500/165/4 2499/164/4 2502/161/4 2504/160/4 2508/238/4 2505/158/4 2506/157/4 2507/239/4 2515/240/4 2511/156/4 2510/155/4 2514/241/4 2513/153/4 2517/152/4 2519/149/4 2518/148/4 2526/145/4 2523/224/4 2533/242/4 2524/222/4 2527/221/4 2528/243/4 2532/219/4 2531/218/4 2535/215/4 2537/214/4 2539/244/4 2543/212/4 2542/211/4 2538/245/4 2541/209/4 83/208/4 18/205/4 2546/204/4 2547/201/4 2552/200/4 2461/246/4 2551/198/4 2550/197/4 2463/247/4 2462/195/4 2466/194/4 2465/248/4 2556/192/4
f 34/249/5 99/250/5 74/251/5 16/252/5
f 117/253/6 56/254/6 18/255/6 83/256/6
f 969/257/4 125/258/4 25/259/4 973/260/4
f 134/261/2 58/262/2 114/263/2 148/264/2
f 148/265/3 114/266/3 89/267/3 153/268/3
f 153/269/4 89/270/4 25/259/4 125/258/4
f 169/271/4 192/272/4 214/273/4 182/274/4
f 114/275/6 58/276/6 25/277/6 89/278/6
f 192/272/4 153/269/4 125/258/4 214/273/4
f 194/279/7 148/265/7 153/268/7 192/280/7
f 205/281/2 134/261/2 148/264/2 194/282/2
f 214/283/8 125/284/8 134/285/8 205/286/8
f 302/287/9 182/288/9 160/289/9 279/290/9
f 279/291/2 160/292/2 161/293/2 288/294/2
f 288/295/10 161/296/10 169/297/10 295/298/10
f 295/299/4 169/271/4 182/274/4 302/300/4
f 161/296/11 194/279/11 192/280/11 169/297/11
f 160/292/2 205/281/2 194/282/2 161/293/2
f 182/288/12 214/283/12 205/286/12 160/289/12
f 65/301/4 295/299/4 302/300/4 8/302/4
f 318/303/13 332/304/13 244/305/14 219/306/14
f 340/307/15 318/308/15 219/309/15 249/310/15
f 349/311/16 340/312/16 249/313/17 266/314/17
f 332/315/18 349/316/18 266/317/18 244/318/18
f 310/319/1 312/320/1 219/306/14 244/305/14
f 228/321/5 255/322/5 275/323/5 234/324/5
f 312/325/2 313/326/2 249/310/2 219/309/2
f 315/327/4 310/328/4 244/318/4 266/317/4
f 313/329/3 315/330/3 266/314/3 249/313/3
f 105/331/19 288/295/19 295/298/19 65/332/19
f 42/333/2 279/291/2 288/294/2 105/334/2
f 8/335/20 302/287/20 279/290/20 42/336/20
f 105/331/3 65/332/3 315/330/3 313/329/3
f 65/301/4 8/302/4 310/328/4 315/327/4
f 42/333/2 105/334/2 313/326/2 312/325/2
f 8/335/1 42/336/1 312/320/1 310/319/1
f 234/337/21 275/338/21 349/316/21 332/315/21
f 275/339/22 255/340/22 340/312/16 349/311/16
f 255/341/23 228/342/23 318/308/23 340/307/23
f 228/343/24 234/344/24 332/304/13 318/303/13
f 979/345/5 134/346/5 125/347/5 969/348/5
f 973/349/6 25/277/6 58/276/6 930/350/6
f 930/351/2 58/262/2 134/261/2 979/352/2
f 926/353/4 417/354/4 367/355/4 944/356/4
f 422/357/2 381/358/2 412/359/2 430/360/2
f 430/361/3 412/362/3 393/363/3 437/364/3
f 437/365/4 393/366/4 367/355/4 417/354/4
f 464/367/4 476/368/4 498/369/4 468/370/4
f 412/371/6 381/372/6 367/373/6 393/374/6
f 476/368/4 437/365/4 417/354/4 498/369/4
f 480/375/7 430/361/7 437/364/7 476/376/7
f 493/377/2 422/357/2 430/360/2 480/378/2
f 498/379/8 417/380/8 422/381/8 493/382/8
f 595/383/9 468/384/9 452/385/9 569/386/9
f 569/387/2 452/388/2 458/389/2 579/390/2
f 579/391/10 458/392/10 464/393/10 586/394/10
f 586/395/4 464/367/4 468/370/4 595/396/4
f 458/392/11 480/375/11 476/376/11 464/393/11
f 452/388/2 493/377/2 480/378/2 458/389/2
f 468/384/12 498/379/12 493/382/12 452/385/12
f 386/397/4 586/395/4 595/396/4 354/398/4
f 622/399/13 623/400/13 534/401/14 509/402/14
f 626/403/15 622/404/15 509/405/15 543/406/15
f 628/407/25 626/408/26 543/409/17 554/410/17
f 623/411/18 628/412/18 554/413/18 534/414/18
f 602/415/1 610/416/1 509/402/14 534/401/14
f 519/417/5 549/418/5 567/419/5 528/420/5
f 610/421/2 613/422/2 543/406/2 509/405/2
f 620/423/4 602/424/4 534/414/4 554/413/4
f 613/425/3 620/426/3 554/410/3 543/409/3
f 403/427/19 579/391/19 586/394/19 386/428/19
f 376/429/2 569/387/2 579/390/2 403/430/2
f 354/431/20 595/383/20 569/386/20 376/432/20
f 403/427/3 386/428/3 620/426/3 613/425/3
f 386/397/4 354/398/4 602/424/4 620/423/4
f 376/429/2 403/430/2 613/422/2 610/421/2
f 354/431/1 376/432/1 610/416/1 602/415/1
f 528/433/21 567/434/21 628/412/21 623/411/21
f 567/435/22 549/436/22 626/408/26 628/407/25
f 549/437/23 519/438/23 622/404/23 626/403/23
f 519/439/24 528/440/24 623/400/13 622/399/13
f 938/441/5 422/442/5 417/443/5 926/444/5
f 944/445/6 367/373/6 381/372/6 941/446/6
f 941/447/2 381/358/2 422/357/2 938/448/2
f 933/449/4 664/450/4 633/451/4 965/452/4
f 668/453/2 644/454/2 659/455/2 669/456/2
f 669/457/3 659/458/3 651/459/3 671/460/3
f 671/461/4 651/462/4 633/451/4 664/450/4
f 682/463/4 689/464/4 701/465/4 686/466/4
f 659/467/6 644/468/6 633/469/6 651/470/6
f 689/464/4 671/461/4 664/450/4 701/465/4
f 693/471/7 669/457/7 671/460/7 689/472/7
f 697/473/2 668/453/2 669/456/2 693/474/2
f 701/475/8 664/476/8 668/477/8 697/478/8
f 751/479/9 686/480/9 673/481/9 740/482/9
f 740/483/2 673/484/2 677/485/2 741/486/2
f 741/487/10 677/488/10 682/489/10 746/490/10
f 746/491/4 682/463/4 686/466/4 751/492/4
f 677/488/11 693/471/11 689/472/11 682/489/11
f 673/484/2 697/473/2 693/474/2 677/485/2
f 686/480/12 701/475/12 697/478/12 673/481/12
f 646/493/4 746/491/4 751/492/4 631/494/4
f 767/495/13 770/496/13 719/497/14 707/498/14
f 773/499/15 767/500/15 707/501/15 722/502/15
f 779/503/16 773/504/16 722/505/17 732/506/17
f 770/507/18 779/508/18 732/509/18 719/510/18
f 753/511/1 755/512/1 707/498/14 719/497/14
f 711/513/5 726/514/5 733/515/5 713/516/5
f 755/517/2 760/518/2 722/502/2 707/501/2
f 763/519/4 753/520/4 719/510/4 732/509/4
f 760/521/3 763/522/3 732/506/3 722/505/3
f 654/523/19 741/487/19 746/490/19 646/524/19
f 640/525/2 740/483/2 741/486/2 654/526/2
f 631/527/20 751/479/20 740/482/20 640/528/20
f 654/523/3 646/524/3 763/522/3 760/521/3
f 646/493/4 631/494/4 753/520/4 763/519/4
f 640/525/2 654/526/2 760/518/2 755/517/2
f 631/527/1 640/528/1 755/512/1 753/511/1
f 713/529/21 733/530/21 779/508/21 770/507/21
f 733/531/22 726/532/22 773/504/16 779/503/16
f 726/533/23 711/534/23 767/500/23 773/499/23
f 711/535/24 713/536/24 770/496/13 767/495/13
f 947/537/5 668/538/5 664/539/5 933/540/5
f 965/541/6 633/469/6 644/468/6 952/542/6
f 952/543/2 644/454/2 668/453/2 947/544/2
f 945/545/4 806/546/4 784/547/4 964/548/4
f 809/549/2 787/550/2 803/551/2 815/552/2
f 815/553/3 803/554/3 794/555/3 819/556/3
f 819/557/4 794/558/4 784/547/4 806/546/4
f 832/559/4 838/560/4 848/561/4 835/562/4
f 803/563/6 787/564/6 784/565/6 794/566/6
f 838/560/4 819/557/4 806/546/4 848/561/4
f 839/567/7 815/553/7 819/556/7 838/568/7
f 842/569/2 809/549/2 815/552/2 839/570/2
f 848/571/8 806/572/8 809/573/8 842/574/8
f 893/575/9 835/576/9 822/577/9 882/578/9
f 882/579/2 822/580/2 826/581/2 887/582/2
f 887/583/10 826/584/10 832/585/10 892/586/10
f 892/587/4 832/559/4 835/562/4 893/588/4
f 826/584/11 839/567/11 838/568/11 832/585/11
f 822/580/2 842/569/2 839/570/2 826/581/2
f 835/576/12 848/571/12 842/574/12 822/577/12
f 792/589/4 892/587/4 893/588/4 781/590/4
f 913/591/13 919/592/13 863/593/14 852/594/14
f 921/595/15 913/596/15 852/597/15 868/598/15
f 924/599/26 921/600/16 868/601/17 873/602/17
f 919/603/18 924/604/18 873/605/18 863/606/18
f 900/607/1 903/608/1 852/594/14 863/593/14
f 853/609/5 869/610/5 879/611/5 859/612/5
f 903/613/2 907/614/2 868/598/2 852/597/2
f 910/615/4 900/616/4 863/606/4 873/605/4
f 907/617/3 910/618/3 873/602/3 868/601/3
f 799/619/19 887/583/19 892/586/19 792/620/19
f 786/621/2 882/579/2 887/582/2 799/622/2
f 781/623/20 893/575/20 882/578/20 786/624/20
f 799/619/3 792/620/3 910/618/3 907/617/3
f 792/589/4 781/590/4 900/616/4 910/615/4
f 786/621/2 799/622/2 907/614/2 903/613/2
f 781/623/1 786/624/1 903/608/1 900/607/1
f 859/625/21 879/626/21 924/604/21 919/603/21
f 879/627/22 869/628/22 921/600/16 924/599/26
f 869/629/23 853/630/23 913/596/23 921/595/23
f 853/631/24 859/632/24 919/592/13 913/591/13
f 957/633/5 809/634/5 806/635/5 945/636/5
f 964/637/6 784/565/6 787/564/6 953/638/6
f 953/639/2 787/550/2 809/549/2 957/640/2
f 2440/641/3 70/642/3 12/643/3 2441/644/3
f 77/645/1 32/646/1 64/647/1 82/648/1
f 82/649/2 64/650/2 47/651/2 86/652/2
f 86/653/3 47/654/3 12/643/3 70/642/3
f 112/655/3 130/656/3 152/657/3 124/658/3
f 64/659/6 32/660/6 12/661/6 47/662/6
f 130/656/3 86/653/3 70/642/3 152/657/3
f 140/663/27 82/649/27 86/652/27 130/664/27
f 142/665/1 77/645/1 82/648/1 140/666/1
f 152/667/28 70/668/28 77/669/28 142/670/28
f 245/671/29 124/672/29 93/673/29 223/674/29
f 223/675/1 93/676/1 101/677/1 232/678/1
f 232/679/30 101/680/30 112/681/30 237/682/30
f 237/683/3 112/655/3 124/658/3 245/684/3
f 101/680/31 140/663/31 130/664/31 112/681/31
f 93/676/1 142/665/1 140/666/1 101/677/1
f 124/672/32 152/667/32 142/670/32 93/673/32
f 40/685/3 237/683/3 245/684/3 3/686/3
f 282/687/33 291/688/33 180/689/34 157/690/34
f 298/691/35 282/692/35 157/693/35 185/694/35
f 305/695/36 298/696/36 185/697/37 202/698/37
f 291/699/38 305/700/38 202/701/38 180/702/38
f 251/703/4 258/704/4 157/690/34 180/689/34
f 166/705/5 198/706/5 210/707/5 175/708/5
f 258/709/1 263/710/1 185/694/1 157/693/1
f 269/711/3 251/712/3 180/702/3 202/701/3
f 263/713/2 269/714/2 202/698/2 185/697/2
f 52/715/39 232/679/39 237/682/39 40/716/39
f 21/717/1 223/675/1 232/678/1 52/718/1
f 3/719/40 245/671/40 223/674/40 21/720/40
f 52/715/2 40/716/2 269/714/2 263/713/2
f 40/685/3 3/686/3 251/712/3 269/711/3
f 21/717/1 52/718/1 263/710/1 258/709/1
f 3/719/4 21/720/4 258/704/4 251/703/4
f 175/721/41 210/722/41 305/700/41 291/699/41
f 210/723/42 198/724/42 298/696/36 305/695/36
f 198/725/43 166/726/43 282/692/43 298/691/43
f 166/727/44 175/728/44 291/688/33 282/687/33
f 2442/729/5 77/730/5 70/731/5 2440/732/5
f 2441/733/6 12/661/6 32/660/6 2438/734/6
f 2438/735/1 32/646/1 77/645/1 2442/736/1
f 2444/737/3 391/738/3 334/739/3 2439/740/3
f 399/741/1 345/742/1 380/743/1 407/744/1
f 407/745/2 380/746/2 361/747/2 414/748/2
f 414/749/3 361/750/3 334/739/3 391/738/3
f 433/751/3 447/752/3 465/753/3 444/754/3
f 380/755/6 345/756/6 334/757/6 361/758/6
f 447/752/3 414/749/3 391/738/3 465/753/3
f 454/759/27 407/745/27 414/748/27 447/760/27
f 462/761/1 399/741/1 407/744/1 454/762/1
f 465/763/28 391/764/28 399/765/28 462/766/28
f 562/767/29 444/768/29 419/769/29 539/770/29
f 539/771/1 419/772/1 428/773/1 546/774/1
f 546/775/30 428/776/30 433/777/30 559/778/30
f 559/779/3 433/751/3 444/754/3 562/780/3
f 428/776/31 454/759/31 447/760/31 433/777/31
f 419/772/1 462/761/1 454/762/1 428/773/1
f 444/768/32 465/763/32 462/766/32 419/769/32
f 358/781/3 559/779/3 562/780/3 323/782/3
f 599/783/33 606/784/33 504/785/34 471/786/34
f 616/787/35 599/788/35 471/789/35 506/790/35
f 618/791/36 616/792/36 506/793/37 524/794/37
f 606/795/38 618/796/38 524/797/38 504/798/38
f 573/799/4 581/800/4 471/786/34 504/785/34
f 482/801/5 516/802/5 530/803/5 488/804/5
f 581/805/1 588/806/1 506/790/1 471/789/1
f 589/807/3 573/808/3 504/798/3 524/797/3
f 588/809/2 589/810/2 524/794/2 506/793/2
f 369/811/39 546/775/39 559/778/39 358/812/39
f 344/813/1 539/771/1 546/774/1 369/814/1
f 323/815/40 562/767/40 539/770/40 344/816/40
f 369/811/2 358/812/2 589/810/2 588/809/2
f 358/781/3 323/782/3 573/808/3 589/807/3
f 344/813/1 369/814/1 588/806/1 581/805/1
f 323/815/4 344/816/4 581/800/4 573/799/4
f 488/817/41 530/818/41 618/796/41 606/795/41
f 530/819/42 516/820/42 616/792/36 618/791/36
f 516/821/43 482/822/43 599/788/43 616/787/43
f 482/823/44 488/824/44 606/784/33 599/783/33
f 2437/825/5 399/826/5 391/827/5 2444/828/5
f 2439/829/6 334/757/6 345/756/6 2426/830/6
f 2426/831/1 345/742/1 399/741/1 2437/832/1
f 2436/833/3 662/834/3 636/835/3 2425/836/3
f 665/837/1 641/838/1 658/839/1 670/840/1
f 670/841/2 658/842/2 650/843/2 672/844/2
f 672/845/3 650/846/3 636/835/3 662/834/3
f 683/847/3 691/848/3 704/849/3 688/850/3
f 658/851/6 641/852/6 636/853/6 650/854/6
f 691/848/3 672/845/3 662/834/3 704/849/3
f 696/855/27 670/841/27 672/844/27 691/856/27
f 700/857/1 665/837/1 670/840/1 696/858/1
f 704/859/28 662/860/28 665/861/28 700/862/28
f 750/863/29 688/864/29 676/865/29 738/866/29
f 738/867/1 676/868/1 680/869/1 743/870/1
f 743/871/30 680/872/30 683/873/30 747/874/30
f 747/875/3 683/847/3 688/850/3 750/876/3
f 680/872/31 696/855/31 691/856/31 683/873/31
f 676/868/1 700/857/1 696/858/1 680/869/1
f 688/864/32 704/859/32 700/862/32 676/865/32
f 648/877/3 747/875/3 750/876/3 630/878/3
f 765/879/33 771/880/33 718/881/34 706/882/34
f 775/883/35 765/884/35 706/885/35 724/886/35
f 777/887/36 775/888/36 724/889/37 730/890/37
f 771/891/38 777/892/38 730/893/38 718/894/38
f 754/895/4 756/896/4 706/882/34 718/881/34
f 710/897/5 727/898/5 736/899/5 716/900/5
f 756/901/1 758/902/1 724/886/1 706/885/1
f 761/903/3 754/904/3 718/894/3 730/893/3
f 758/905/2 761/906/2 730/890/2 724/889/2
f 655/907/39 743/871/39 747/874/39 648/908/39
f 637/909/1 738/867/1 743/870/1 655/910/1
f 630/911/40 750/863/40 738/866/40 637/912/40
f 655/907/2 648/908/2 761/906/2 758/905/2
f 648/877/3 630/878/3 754/904/3 761/903/3
f 637/909/1 655/910/1 758/902/1 756/901/1
f 630/911/4 637/912/4 756/896/4 754/895/4
f 716/913/41 736/914/41 777/892/41 771/891/41
f 736/915/42 727/916/42 775/888/36 777/887/36
f 727/917/43 710/918/43 765/884/43 775/883/43
f 710/919/44 716/920/44 771/880/33 765/879/33
f 2443/921/5 665/922/5 662/923/5 2436/924/5
f 2425/925/6 636/853/6 641/852/6 2424/926/6
f 2424/927/1 641/838/1 665/837/1 2443/928/1
f 2433/929/3 824/930/3 796/931/3 2423/932/3
f 827/933/1 801/934/1 817/935/1 830/936/1
f 830/937/2 817/938/2 811/939/2 834/940/2
f 834/941/3 811/942/3 796/931/3 824/930/3
f 844/943/3 849/944/3 862/945/3 846/946/3
f 817/947/6 801/948/6 796/949/6 811/950/6
f 849/944/3 834/941/3 824/930/3 862/945/3
f 855/951/27 830/937/27 834/940/27 849/952/27
f 858/953/1 827/933/1 830/936/1 855/954/1
f 862/955/28 824/956/28 827/957/28 858/958/28
f 912/959/29 846/960/29 837/961/29 898/962/29
f 898/963/1 837/964/1 840/965/1 901/966/1
f 901/967/30 840/968/30 844/969/30 905/970/30
f 905/971/3 844/943/3 846/946/3 912/972/3
f 840/968/45 855/951/45 849/952/45 844/969/45
f 837/964/1 858/953/1 855/954/1 840/965/1
f 846/960/32 862/955/32 858/958/32 837/961/32
f 808/973/3 905/971/3 912/972/3 790/974/3
f 927/975/33 932/976/33 878/977/34 865/978/34
f 936/979/35 927/980/35 865/981/35 884/982/35
f 939/983/36 936/984/46 884/985/37 890/986/37
f 932/987/38 939/988/38 890/989/38 878/990/38
f 916/991/4 918/992/4 865/978/34 878/977/34
f 872/993/5 886/994/5 896/995/5 876/996/5
f 918/997/1 922/998/1 884/982/1 865/981/1
f 923/999/3 916/1000/3 878/990/3 890/989/3
f 922/1001/2 923/1002/2 890/986/2 884/985/2
f 814/1003/39 901/967/39 905/970/39 808/1004/39
f 798/1005/1 898/963/1 901/966/1 814/1006/1
f 790/1007/40 912/959/40 898/962/40 798/1008/40
f 814/1003/2 808/1004/2 923/1002/2 922/1001/2
f 808/973/3 790/974/3 916/1000/3 923/999/3
f 798/1005/1 814/1006/1 922/998/1 918/997/1
f 790/1007/4 798/1008/4 918/992/4 916/991/4
f 876/1009/41 896/1010/41 939/988/41 932/987/41
f 896/1011/42 886/1012/42 936/984/46 939/983/36
f 886/1013/43 872/1014/43 927/980/43 936/979/43
f 872/1015/44 876/1016/44 932/976/33 927/975/33
f 2434/1017/5 827/1018/5 824/1019/5 2433/1020/5
f 2423/1021/6 796/949/6 801/948/6 2421/1022/6
f 2421/1023/1 801/934/1 827/933/1 2434/1024/1
f 2432/1025/3 981/1026/3 955/1027/3 2422/1028/3
f 983/1029/1 961/1030/1 977/1031/1 986/1032/1
f 986/1033/2 977/1034/2 972/1035/2 988/1036/2
f 988/1037/3 972/1038/3 955/1027/3 981/1026/3
f 994/1039/3 997/1040/3 1003/1041/3 996/1042/3
f 977/1043/6 961/1044/6 955/1045/6 972/1046/6
f 997/1040/3 988/1037/3 981/1026/3 1003/1041/3
f 1000/1047/27 986/1033/27 988/1036/27 997/1048/27
f 1001/1049/1 983/1029/1 986/1032/1 1000/1050/1
f 1003/1051/28 981/1052/28 983/1053/28 1001/1054/28
f 1023/1055/29 996/1056/29 989/1057/29 1018/1058/29
f 1018/1059/1 989/1060/1 991/1061/1 1019/1062/1
f 1019/1063/47 991/1064/47 994/1065/47 1021/1066/47
f 1021/1067/3 994/1039/3 996/1042/3 1023/1068/3
f 991/1064/45 1000/1047/45 997/1048/45 994/1065/45
f 989/1060/1 1001/1049/1 1000/1050/1 991/1061/1
f 996/1056/32 1003/1051/32 1001/1054/32 989/1057/32
f 968/1069/3 1021/1067/3 1023/1068/3 950/1070/3
f 1034/1071/33 1036/1072/33 1008/1073/34 1005/1074/34
f 1037/1075/35 1034/1076/35 1005/1077/35 1010/1078/35
f 1039/1079/36 1037/1080/36 1010/1081/37 1013/1082/37
f 1036/1083/38 1039/1084/38 1013/1085/38 1008/1086/38
f 1026/1087/4 1027/1088/4 1005/1074/34 1008/1073/34
f 1006/1089/5 1011/1090/5 1016/1091/5 1007/1092/5
f 1027/1093/1 1030/1094/1 1010/1078/1 1005/1077/1
f 1031/1095/3 1026/1096/3 1008/1086/3 1013/1085/3
f 1030/1097/2 1031/1098/2 1013/1082/2 1010/1081/2
f 975/1099/39 1019/1063/39 1021/1066/39 968/1100/39
f 960/1101/1 1018/1059/1 1019/1062/1 975/1102/1
f 950/1103/40 1023/1055/40 1018/1058/40 960/1104/40
f 975/1099/2 968/1100/2 1031/1098/2 1030/1097/2
f 968/1069/3 950/1070/3 1026/1096/3 1031/1095/3
f 960/1101/1 975/1102/1 1030/1094/1 1027/1093/1
f 950/1103/4 960/1104/4 1027/1088/4 1026/1087/4
f 1007/1105/41 1016/1106/41 1039/1084/41 1036/1083/41
f 1016/1107/42 1011/1108/42 1037/1080/36 1039/1079/36
f 1011/1109/43 1006/1110/43 1034/1076/43 1037/1075/43
f 1006/1111/33 1007/1112/33 1036/1072/33 1034/1071/33
f 2435/1113/5 983/1114/5 981/1115/5 2432/1116/5
f 2422/1117/6 955/1045/6 961/1044/6 2420/1118/6
f 2420/1119/1 961/1030/1 983/1029/1 2435/1120/1
f 2430/1121/3 1057/1122/3 1044/1123/3 2427/1124/3
f 1060/1125/1 1048/1126/1 1055/1127/1 1061/1128/1
f 1061/1129/2 1055/1130/2 1052/1131/2 1063/1132/2
f 1063/1133/3 1052/1134/3 1044/1123/3 1057/1122/3
f 1070/1135/3 1074/1136/3 1079/1137/3 1072/1138/3
f 1055/1139/6 1048/1140/6 1044/1141/6 1052/1142/6
f 1074/1136/3 1063/1133/3 1057/1122/3 1079/1137/3
f 1076/1143/27 1061/1129/27 1063/1132/27 1074/1144/27
f 1077/1145/1 1060/1125/1 1061/1128/1 1076/1146/1
f 1079/1147/28 1057/1148/28 1060/1149/28 1077/1150/28
f 1099/1151/29 1072/1152/29 1065/1153/29 1093/1154/29
f 1093/1155/1 1065/1156/1 1068/1157/1 1095/1158/1
f 1095/1159/47 1068/1160/47 1070/1161/47 1098/1162/47
f 1098/1163/3 1070/1135/3 1072/1138/3 1099/1164/3
f 1068/1160/45 1076/1143/45 1074/1144/45 1070/1161/45
f 1065/1156/1 1077/1145/1 1076/1146/1 1068/1157/1
f 1072/1152/32 1079/1147/32 1077/1150/32 1065/1153/32
f 1050/1165/3 1098/1163/3 1099/1164/3 1042/1166/3
f 1110/1167/33 1111/1168/33 1087/1169/34 1081/1170/34
f 1113/1171/35 1110/1172/35 1081/1173/35 1089/1174/35
f 1116/1175/46 1113/1176/46 1089/1177/37 1091/1178/37
f 1111/1179/38 1116/1180/38 1091/1181/38 1087/1182/38
f 1101/1183/4 1103/1184/4 1081/1170/34 1087/1169/34
f 1084/1185/5 1090/1186/5 1092/1187/5 1086/1188/5
f 1103/1189/1 1105/1190/1 1089/1174/1 1081/1173/1
f 1108/1191/3 1101/1192/3 1087/1182/3 1091/1181/3
f 1105/1193/2 1108/1194/2 1091/1178/2 1089/1177/2
f 1054/1195/39 1095/1159/39 1098/1162/39 1050/1196/39
f 1045/1197/1 1093/1155/1 1095/1158/1 1054/1198/1
f 1042/1199/40 1099/1151/40 1093/1154/40 1045/1200/40
f 1054/1195/2 1050/1196/2 1108/1194/2 1105/1193/2
f 1050/1165/3 1042/1166/3 1101/1192/3 1108/1191/3
f 1045/1197/1 1054/1198/1 1105/1190/1 1103/1189/1
f 1042/1199/4 1045/1200/4 1103/1184/4 1101/1183/4
f 1086/1201/41 1092/1202/41 1116/1180/41 1111/1179/41
f 1092/1203/42 1090/1204/42 1113/1176/46 1116/1175/46
f 1090/1205/43 1084/1206/43 1110/1172/43 1113/1171/43
f 1084/1207/44 1086/1208/44 1111/1168/33 1110/1167/33
f 2431/1209/5 1060/1210/5 1057/1211/5 2430/1212/5
f 2427/1213/6 1044/1141/6 1048/1140/6 2416/1214/6
f 2416/1215/1 1048/1126/1 1060/1125/1 2431/1216/1
f 2429/1217/3 1133/1218/3 1119/1219/3 2417/1220/3
f 1135/1221/1 1123/1222/1 1132/1223/1 1138/1224/1
f 1138/1225/2 1132/1226/2 1128/1227/2 1139/1228/2
f 1139/1229/3 1128/1230/3 1119/1219/3 1133/1218/3
f 1145/1231/3 1150/1232/3 1156/1233/3 1147/1234/3
f 1132/1235/6 1123/1236/6 1119/1237/6 1128/1238/6
f 1150/1232/3 1139/1229/3 1133/1218/3 1156/1233/3
f 1151/1239/27 1138/1225/27 1139/1228/27 1150/1240/27
f 1153/1241/1 1135/1221/1 1138/1224/1 1151/1242/1
f 1156/1243/28 1133/1244/28 1135/1245/28 1153/1246/28
f 1176/1247/29 1147/1248/29 1142/1249/29 1173/1250/29
f 1173/1251/1 1142/1252/1 1144/1253/1 1174/1254/1
f 1174/1255/47 1144/1256/47 1145/1257/47 1175/1258/47
f 1175/1259/3 1145/1231/3 1147/1234/3 1176/1260/3
f 1144/1256/45 1151/1239/45 1150/1240/45 1145/1257/45
f 1142/1252/1 1153/1241/1 1151/1242/1 1144/1253/1
f 1147/1248/32 1156/1243/32 1153/1246/32 1142/1249/32
f 1125/1261/3 1175/1259/3 1176/1260/3 1118/1262/3
f 1185/1263/33 1187/1264/33 1164/1265/34 1158/1266/34
f 1189/1267/35 1185/1268/35 1158/1269/35 1166/1270/35
f 1191/1271/46 1189/1272/46 1166/1273/37 1169/1274/37
f 1187/1275/38 1191/1276/38 1169/1277/38 1164/1278/38
f 1178/1279/4 1179/1280/4 1158/1266/34 1164/1265/34
f 1159/1281/5 1167/1282/5 1172/1283/5 1162/1284/5
f 1179/1285/1 1181/1286/1 1166/1270/1 1158/1269/1
f 1183/1287/3 1178/1288/3 1164/1278/3 1169/1277/3
f 1181/1289/2 1183/1290/2 1169/1274/2 1166/1273/2
f 1130/1291/39 1174/1255/39 1175/1258/39 1125/1292/39
f 1122/1293/1 1173/1251/1 1174/1254/1 1130/1294/1
f 1118/1295/40 1176/1247/40 1173/1250/40 1122/1296/40
f 1130/1291/2 1125/1292/2 1183/1290/2 1181/1289/2
f 1125/1261/3 1118/1262/3 1178/1288/3 1183/1287/3
f 1122/1293/1 1130/1294/1 1181/1286/1 1179/1285/1
f 1118/1295/4 1122/1296/4 1179/1280/4 1178/1279/4
f 1162/1297/41 1172/1298/41 1191/1276/41 1187/1275/41
f 1172/1299/42 1167/1300/42 1189/1272/46 1191/1271/46
f 1167/1301/43 1159/1302/43 1185/1268/43 1189/1267/43
f 1159/1303/44 1162/1304/44 1187/1264/33 1185/1263/33
f 2415/1305/5 1135/1306/5 1133/1307/5 2429/1308/5
f 2417/1309/6 1119/1237/6 1123/1236/6 2418/1310/6
f 2418/1311/1 1123/1222/1 1135/1221/1 2415/1312/1
f 2414/1313/3 1209/1314/3 1196/1315/3 2419/1316/3
f 1212/1317/1 1199/1318/1 1208/1319/1 1214/1320/1
f 1214/1321/2 1208/1322/2 1203/1323/2 1215/1324/2
f 1215/1325/3 1203/1326/3 1196/1315/3 1209/1314/3
f 1222/1327/3 1226/1328/3 1231/1329/3 1223/1330/3
f 1208/1331/6 1199/1332/6 1196/1333/6 1203/1334/6
f 1226/1328/3 1215/1325/3 1209/1314/3 1231/1329/3
f 1227/1335/27 1214/1321/27 1215/1324/27 1226/1336/27
f 1229/1337/1 1212/1317/1 1214/1320/1 1227/1338/1
f 1231/1339/28 1209/1340/28 1212/1341/28 1229/1342/28
f 1255/1343/29 1223/1344/29 1218/1345/29 1250/1346/29
f 1250/1347/1 1218/1348/1 1219/1349/1 1252/1350/1
f 1252/1351/47 1219/1352/47 1222/1353/47 1253/1354/47
f 1253/1355/3 1222/1327/3 1223/1330/3 1255/1356/3
f 1219/1352/45 1227/1335/45 1226/1336/45 1222/1353/45
f 1218/1348/1 1229/1337/1 1227/1338/1 1219/1349/1
f 1223/1344/32 1231/1339/32 1229/1342/32 1218/1345/32
f 1201/1357/3 1253/1355/3 1255/1356/3 1193/1358/3
f 1261/1359/33 1263/1360/33 1240/1361/34 1233/1362/34
f 1265/1363/35 1261/1364/35 1233/1365/35 1242/1366/35
f 1268/1367/46 1265/1368/46 1242/1369/37 1245/1370/37
f 1263/1371/38 1268/1372/38 1245/1373/38 1240/1374/38
f 1257/1375/4 1258/1376/4 1233/1362/34 1240/1361/34
f 1235/1377/5 1244/1378/5 1248/1379/5 1238/1380/5
f 1258/1381/1 1259/1382/1 1242/1366/1 1233/1365/1
f 1260/1383/3 1257/1384/3 1240/1374/3 1245/1373/3
f 1259/1385/2 1260/1386/2 1245/1370/2 1242/1369/2
f 1205/1387/39 1252/1351/39 1253/1354/39 1201/1388/39
f 1198/1389/1 1250/1347/1 1252/1350/1 1205/1390/1
f 1193/1391/40 1255/1343/40 1250/1346/40 1198/1392/40
f 1205/1387/2 1201/1388/2 1260/1386/2 1259/1385/2
f 1201/1357/3 1193/1358/3 1257/1384/3 1260/1383/3
f 1198/1389/1 1205/1390/1 1259/1382/1 1258/1381/1
f 1193/1391/4 1198/1392/4 1258/1376/4 1257/1375/4
f 1238/1393/41 1248/1394/41 1268/1372/41 1263/1371/41
f 1248/1395/42 1244/1396/42 1265/1368/46 1268/1367/46
f 1244/1397/43 1235/1398/43 1261/1364/43 1265/1363/43
f 1235/1399/44 1238/1400/44 1263/1360/33 1261/1359/33
f 2428/1401/5 1212/1402/5 1209/1403/5 2414/1404/5
f 2419/1405/6 1196/1333/6 1199/1332/6 2412/1406/6
f 2412/1407/1 1199/1318/1 1212/1317/1 2428/1408/1
f 2407/1409/3 1285/1410/3 1271/1411/3 2413/1412/3
f 1287/1413/1 1276/1414/1 1284/1415/1 1289/1416/1
f 1289/1417/2 1284/1418/2 1280/1419/2 1291/1420/2
f 1291/1421/3 1280/1422/3 1271/1411/3 1285/1410/3
f 1298/1423/3 1302/1424/3 1307/1425/3 1300/1426/3
f 1284/1427/6 1276/1428/6 1271/1429/6 1280/1430/6
f 1302/1424/3 1291/1421/3 1285/1410/3 1307/1425/3
f 1304/1431/27 1289/1417/27 1291/1420/27 1302/1432/27
f 1306/1433/1 1287/1413/1 1289/1416/1 1304/1434/1
f 1307/1435/28 1285/1436/28 1287/1437/28 1306/1438/28
f 1331/1439/29 1300/1440/29 1293/1441/29 1326/1442/29
f 1326/1443/1 1293/1444/1 1295/1445/1 1328/1446/1
f 1328/1447/47 1295/1448/47 1298/1449/47 1329/1450/47
f 1329/1451/3 1298/1423/3 1300/1426/3 1331/1452/3
f 1295/1448/45 1304/1431/45 1302/1432/45 1298/1449/45
f 1293/1444/1 1306/1433/1 1304/1434/1 1295/1445/1
f 1300/1440/32 1307/1435/32 1306/1438/32 1293/1441/32
f 1278/1453/3 1329/1451/3 1331/1452/3 1269/1454/3
f 1341/1455/33 1342/1456/33 1316/1457/34 1310/1458/34
f 1343/1459/35 1341/1460/35 1310/1461/35 1317/1462/35
f 1344/1463/46 1343/1464/46 1317/1465/37 1321/1466/37
f 1342/1467/38 1344/1468/38 1321/1469/38 1316/1470/38
f 1334/1471/4 1335/1472/4 1310/1458/34 1316/1457/34
f 1311/1473/5 1320/1474/5 1324/1475/5 1313/1476/5
f 1335/1477/1 1337/1478/1 1317/1462/1 1310/1461/1
f 1339/1479/3 1334/1480/3 1316/1470/3 1321/1469/3
f 1337/1481/2 1339/1482/2 1321/1466/2 1317/1465/2
f 1282/1483/39 1328/1447/39 1329/1450/39 1278/1484/39
f 1274/1485/1 1326/1443/1 1328/1446/1 1282/1486/1
f 1269/1487/40 1331/1439/40 1326/1442/40 1274/1488/40
f 1282/1483/2 1278/1484/2 1339/1482/2 1337/1481/2
f 1278/1453/3 1269/1454/3 1334/1480/3 1339/1479/3
f 1274/1485/1 1282/1486/1 1337/1478/1 1335/1477/1
f 1269/1487/4 1274/1488/4 1335/1472/4 1334/1471/4
f 1313/1489/41 1324/1490/41 1344/1468/41 1342/1467/41
f 1324/1491/42 1320/1492/42 1343/1464/46 1344/1463/46
f 1320/1493/43 1311/1494/43 1341/1460/43 1343/1459/43
f 1311/1495/44 1313/1496/44 1342/1456/33 1341/1455/33
f 2405/1497/5 1287/1498/5 1285/1499/5 2407/1500/5
f 2413/1501/6 1271/1429/6 1276/1428/6 2408/1502/6
f 2408/1503/1 1276/1414/1 1287/1413/1 2405/1504/1
f 2406/1505/3 1362/1506/3 1348/1507/3 2409/1508/3
f 1363/1509/1 1352/1510/1 1360/1511/1 1365/1512/1
f 1365/1513/2 1360/1514/2 1356/1515/2 1367/1516/2
f 1367/1517/3 1356/1518/3 1348/1507/3 1362/1506/3
f 1374/1519/3 1377/1520/3 1383/1521/3 1375/1522/3
f 1360/1523/6 1352/1524/6 1348/1525/6 1356/1526/6
f 1377/1520/3 1367/1517/3 1362/1506/3 1383/1521/3
f 1380/1527/27 1365/1513/27 1367/1516/27 1377/1528/27
f 1381/1529/1 1363/1509/1 1365/1512/1 1380/1530/1
f 1383/1531/28 1362/1532/28 1363/1533/28 1381/1534/28
f 1408/1535/29 1375/1536/29 1370/1537/29 1402/1538/29
f 1402/1539/1 1370/1540/1 1372/1541/1 1403/1542/1
f 1403/1543/47 1372/1544/47 1374/1545/47 1405/1546/47
f 1405/1547/3 1374/1519/3 1375/1522/3 1408/1548/3
f 1372/1544/45 1380/1527/45 1377/1528/45 1374/1545/45
f 1370/1540/1 1381/1529/1 1380/1530/1 1372/1541/1
f 1375/1536/32 1383/1531/32 1381/1534/32 1370/1537/32
f 1353/1549/3 1405/1547/3 1408/1548/3 1346/1550/3
f 1417/1551/33 1420/1552/33 1392/1553/34 1386/1554/34
f 1422/1555/35 1417/1556/35 1386/1557/35 1394/1558/35
f 1424/1559/36 1422/1560/36 1394/1561/37 1398/1562/37
f 1420/1563/38 1424/1564/38 1398/1565/38 1392/1566/38
f 1409/1567/4 1411/1568/4 1386/1554/34 1392/1553/34
f 1387/1569/5 1395/1570/5 1400/1571/5 1390/1572/5
f 1411/1573/1 1414/1574/1 1394/1558/1 1386/1557/1
f 1416/1575/3 1409/1576/3 1392/1566/3 1398/1565/3
f 1414/1577/2 1416/1578/2 1398/1562/2 1394/1561/2
f 1358/1579/39 1403/1543/39 1405/1546/39 1353/1580/39
f 1349/1581/1 1402/1539/1 1403/1542/1 1358/1582/1
f 1346/1583/40 1408/1535/40 1402/1538/40 1349/1584/40
f 1358/1579/2 1353/1580/2 1416/1578/2 1414/1577/2
f 1353/1549/3 1346/1550/3 1409/1576/3 1416/1575/3
f 1349/1581/1 1358/1582/1 1414/1574/1 1411/1573/1
f 1346/1583/4 1349/1584/4 1411/1568/4 1409/1567/4
f 1390/1585/41 1400/1586/41 1424/1564/41 1420/1563/41
f 1400/1587/42 1395/1588/42 1422/1560/36 1424/1559/36
f 1395/1589/43 1387/1590/43 1417/1556/43 1422/1555/43
f 1387/1591/44 1390/1592/44 1420/1552/33 1417/1551/33
f 2402/1593/5 1363/1594/5 1362/1595/5 2406/1596/5
f 2409/1597/6 1348/1525/6 1352/1524/6 2403/1598/6
f 2403/1599/1 1352/1510/1 1363/1509/1 2402/1600/1
f 2401/1601/3 1438/1602/3 1426/1603/3 2404/1604/3
f 1440/1605/1 1428/1606/1 1435/1607/1 1441/1608/1
f 1441/1609/2 1435/1610/2 1432/1611/2 1443/1612/2
f 1443/1613/3 1432/1614/3 1426/1603/3 1438/1602/3
f 1449/1615/3 1454/1616/3 1460/1617/3 1451/1618/3
f 1435/1619/6 1428/1620/6 1426/1621/6 1432/1622/6
f 1454/1616/3 1443/1613/3 1438/1602/3 1460/1617/3
f 1455/1623/27 1441/1609/27 1443/1612/27 1454/1624/27
f 1457/1625/1 1440/1605/1 1441/1608/1 1455/1626/1
f 1460/1627/28 1438/1628/28 1440/1629/28 1457/1630/28
f 1484/1631/29 1451/1632/29 1446/1633/29 1478/1634/29
f 1478/1635/1 1446/1636/1 1447/1637/1 1479/1638/1
f 1479/1639/47 1447/1640/47 1449/1641/47 1481/1642/47
f 1481/1643/3 1449/1615/3 1451/1618/3 1484/1644/3
f 1447/1640/45 1455/1623/45 1454/1624/45 1449/1641/45
f 1446/1636/1 1457/1625/1 1455/1626/1 1447/1637/1
f 1451/1632/32 1460/1627/32 1457/1630/32 1446/1633/32
f 1429/1645/3 1481/1643/3 1484/1644/3 1425/1646/3
f 1493/1647/33 1496/1648/33 1467/1649/34 1461/1650/34
f 1498/1651/35 1493/1652/35 1461/1653/35 1470/1654/35
f 1500/1655/36 1498/1656/36 1470/1657/37 1474/1658/37
f 1496/1659/38 1500/1660/38 1474/1661/38 1467/1662/38
f 1486/1663/4 1488/1664/4 1461/1650/34 1467/1649/34
f 1463/1665/5 1472/1666/5 1476/1667/5 1465/1668/5
f 1488/1669/1 1489/1670/1 1470/1654/1 1461/1653/1
f 1491/1671/3 1486/1672/3 1467/1662/3 1474/1661/3
f 1489/1673/2 1491/1674/2 1474/1658/2 1470/1657/2
f 1434/1675/39 1479/1639/39 1481/1642/39 1429/1676/39
f 1427/1677/1 1478/1635/1 1479/1638/1 1434/1678/1
f 1425/1679/40 1484/1631/40 1478/1634/40 1427/1680/40
f 1434/1675/2 1429/1676/2 1491/1674/2 1489/1673/2
f 1429/1645/3 1425/1646/3 1486/1672/3 1491/1671/3
f 1427/1677/1 1434/1678/1 1489/1670/1 1488/1669/1
f 1425/1679/4 1427/1680/4 1488/1664/4 1486/1663/4
f 1465/1681/41 1476/1682/41 1500/1660/41 1496/1659/41
f 1476/1683/42 1472/1684/42 1498/1656/36 1500/1655/36
f 1472/1685/43 1463/1686/43 1493/1652/43 1498/1651/43
f 1463/1687/44 1465/1688/44 1496/1648/33 1493/1647/33
f 2410/1689/5 1440/1690/5 1438/1691/5 2401/1692/5
f 2404/1693/6 1426/1621/6 1428/1620/6 2400/1694/6
f 2400/1695/1 1428/1606/1 1440/1605/1 2410/1696/1
f 2398/1697/3 1513/1698/3 1503/1699/3 2411/1700/3
f 1516/1701/1 1507/1702/1 1512/1703/1 1518/1704/1
f 1518/1705/2 1512/1706/2 1510/1707/2 1519/1708/2
f 1519/1709/3 1510/1710/3 1503/1699/3 1513/1698/3
f 1525/1711/3 1529/1712/3 1535/1713/3 1527/1714/3
f 1512/1715/6 1507/1716/6 1503/1717/6 1510/1718/6
f 1529/1712/3 1519/1709/3 1513/1698/3 1535/1713/3
f 1532/1719/27 1518/1705/27 1519/1708/27 1529/1720/27
f 1534/1721/1 1516/1701/1 1518/1704/1 1532/1722/1
f 1535/1723/28 1513/1724/28 1516/1725/28 1534/1726/28
f 1559/1727/29 1527/1728/29 1522/1729/29 1553/1730/29
f 1553/1731/1 1522/1732/1 1524/1733/1 1555/1734/1
f 1555/1735/47 1524/1736/47 1525/1737/47 1557/1738/47
f 1557/1739/3 1525/1711/3 1527/1714/3 1559/1740/3
f 1524/1736/45 1532/1719/45 1529/1720/45 1525/1737/45
f 1522/1732/1 1534/1721/1 1532/1722/1 1524/1733/1
f 1527/1728/32 1535/1723/32 1534/1726/32 1522/1729/32
f 1509/1741/3 1557/1739/3 1559/1740/3 1502/1742/3
f 1570/1743/33 1572/1744/33 1543/1745/34 1538/1746/34
f 1573/1747/35 1570/1748/35 1538/1749/35 1545/1750/35
f 1576/1751/48 1573/1752/36 1545/1753/37 1550/1754/37
f 1572/1755/38 1576/1756/38 1550/1757/38 1543/1758/38
f 1562/1759/4 1563/1760/4 1538/1746/34 1543/1745/34
f 1540/1761/5 1548/1762/5 1551/1763/5 1541/1764/5
f 1563/1765/1 1565/1766/1 1545/1750/1 1538/1749/1
f 1567/1767/3 1562/1768/3 1543/1758/3 1550/1757/3
f 1565/1769/2 1567/1770/2 1550/1754/2 1545/1753/2
f 1511/1771/39 1555/1735/39 1557/1738/39 1509/1772/39
f 1505/1773/1 1553/1731/1 1555/1734/1 1511/1774/1
f 1502/1775/40 1559/1727/40 1553/1730/40 1505/1776/40
f 1511/1771/2 1509/1772/2 1567/1770/2 1565/1769/2
f 1509/1741/3 1502/1742/3 1562/1768/3 1567/1767/3
f 1505/1773/1 1511/1774/1 1565/1766/1 1563/1765/1
f 1502/1775/4 1505/1776/4 1563/1760/4 1562/1759/4
f 1541/1777/41 1551/1778/41 1576/1756/41 1572/1755/41
f 1551/1779/42 1548/1780/42 1573/1752/36 1576/1751/48
f 1548/1781/43 1540/1782/43 1570/1748/43 1573/1747/43
f 1540/1783/44 1541/1784/44 1572/1744/33 1570/1743/33
f 2396/1785/5 1516/1786/5 1513/1787/5 2398/1788/5
f 2411/1789/6 1503/1717/6 1507/1716/6 2399/1790/6
f 2399/1791/1 1507/1702/1 1516/1701/1 2396/1792/1
f 2395/1793/3 1593/1794/3 1579/1795/3 2397/1796/3
f 1594/1797/1 1583/1798/1 1591/1799/1 1595/1800/1
f 1595/1801/2 1591/1802/2 1588/1803/2 1596/1804/2
f 1596/1805/3 1588/1806/3 1579/1795/3 1593/1794/3
f 1601/1807/3 1605/1808/3 1611/1809/3 1604/1810/3
f 1591/1811/6 1583/1812/6 1579/1813/6 1588/1814/6
f 1605/1808/3 1596/1805/3 1593/1794/3 1611/1809/3
f 1607/1815/27 1595/1801/27 1596/1804/27 1605/1816/27
f 1610/1817/1 1594/1797/1 1595/1800/1 1607/1818/1
f 1611/1819/28 1593/1820/28 1594/1821/28 1610/1822/28
f 1635/1823/29 1604/1824/29 1597/1825/29 1630/1826/29
f 1630/1827/1 1597/1828/1 1599/1829/1 1631/1830/1
f 1631/1831/47 1599/1832/47 1601/1833/47 1633/1834/47
f 1633/1835/3 1601/1807/3 1604/1810/3 1635/1836/3
f 1599/1832/45 1607/1815/45 1605/1816/45 1601/1833/45
f 1597/1828/1 1610/1817/1 1607/1818/1 1599/1829/1
f 1604/1824/32 1611/1819/32 1610/1822/32 1597/1825/32
f 1585/1837/3 1633/1835/3 1635/1836/3 1578/1838/3
f 1645/1839/33 1647/1840/33 1619/1841/34 1614/1842/34
f 1650/1843/35 1645/1844/35 1614/1845/35 1621/1846/35
f 1651/1847/36 1650/1848/36 1621/1849/37 1625/1850/37
f 1647/1851/38 1651/1852/38 1625/1853/38 1619/1854/38
f 1637/1855/4 1640/1856/4 1614/1842/34 1619/1841/34
f 1615/1857/5 1623/1858/5 1627/1859/5 1617/1860/5
f 1640/1861/1 1641/1862/1 1621/1846/1 1614/1845/1
f 1644/1863/3 1637/1864/3 1619/1854/3 1625/1853/3
f 1641/1865/2 1644/1866/2 1625/1850/2 1621/1849/2
f 1590/1867/39 1631/1831/39 1633/1834/39 1585/1868/39
f 1582/1869/1 1630/1827/1 1631/1830/1 1590/1870/1
f 1578/1871/40 1635/1823/40 1630/1826/40 1582/1872/40
f 1590/1867/2 1585/1868/2 1644/1866/2 1641/1865/2
f 1585/1837/3 1578/1838/3 1637/1864/3 1644/1863/3
f 1582/1869/1 1590/1870/1 1641/1862/1 1640/1861/1
f 1578/1871/4 1582/1872/4 1640/1856/4 1637/1855/4
f 1617/1873/41 1627/1874/41 1651/1852/41 1647/1851/41
f 1627/1875/42 1623/1876/42 1650/1848/36 1651/1847/36
f 1623/1877/43 1615/1878/43 1645/1844/43 1650/1843/43
f 1615/1879/33 1617/1880/33 1647/1840/33 1645/1839/33
f 2391/1881/5 1594/1882/5 1593/1883/5 2395/1884/5
f 2397/1885/6 1579/1813/6 1583/1812/6 2392/1886/6
f 2392/1887/1 1583/1798/1 1594/1797/1 2391/1888/1
f 2394/1889/3 1669/1890/3 1655/1891/3 2393/1892/3
f 1671/1893/1 1659/1894/1 1667/1895/1 1673/1896/1
f 1673/1897/2 1667/1898/2 1664/1899/2 1675/1900/2
f 1675/1901/3 1664/1902/3 1655/1891/3 1669/1890/3
f 1679/1903/3 1681/1904/3 1687/1905/3 1680/1906/3
f 1667/1907/6 1659/1908/6 1655/1909/6 1664/1910/6
f 1681/1904/3 1675/1901/3 1669/1890/3 1687/1905/3
f 1684/1911/27 1673/1897/27 1675/1900/27 1681/1912/27
f 1685/1913/1 1671/1893/1 1673/1896/1 1684/1914/1
f 1687/1915/28 1669/1916/28 1671/1917/28 1685/1918/28
f 1711/1919/29 1680/1920/29 1677/1921/29 1706/1922/29
f 1706/1923/1 1677/1924/1 1678/1925/1 1708/1926/1
f 1708/1927/47 1678/1928/47 1679/1929/47 1709/1930/47
f 1709/1931/3 1679/1903/3 1680/1906/3 1711/1932/3
f 1678/1928/45 1684/1911/45 1681/1912/45 1679/1929/45
f 1677/1924/1 1685/1913/1 1684/1914/1 1678/1925/1
f 1680/1920/32 1687/1915/32 1685/1918/32 1677/1921/32
f 1662/1933/3 1709/1931/3 1711/1932/3 1653/1934/3
f 1721/1935/33 1723/1936/33 1696/1937/34 1689/1938/34
f 1725/1939/35 1721/1940/35 1689/1941/35 1697/1942/35
f 1728/1943/48 1725/1944/36 1697/1945/37 1702/1946/37
f 1723/1947/38 1728/1948/38 1702/1949/38 1696/1950/38
f 1714/1951/4 1715/1952/4 1689/1938/34 1696/1937/34
f 1692/1953/5 1700/1954/5 1704/1955/5 1694/1956/5
f 1715/1957/1 1718/1958/1 1697/1942/1 1689/1941/1
f 1720/1959/3 1714/1960/3 1696/1950/3 1702/1949/3
f 1718/1961/2 1720/1962/2 1702/1946/2 1697/1945/2
f 1665/1963/39 1708/1927/39 1709/1930/39 1662/1964/39
f 1657/1965/1 1706/1923/1 1708/1926/1 1665/1966/1
f 1653/1967/40 1711/1919/40 1706/1922/40 1657/1968/40
f 1665/1963/2 1662/1964/2 1720/1962/2 1718/1961/2
f 1662/1933/3 1653/1934/3 1714/1960/3 1720/1959/3
f 1657/1965/1 1665/1966/1 1718/1958/1 1715/1957/1
f 1653/1967/4 1657/1968/4 1715/1952/4 1714/1951/4
f 1694/1969/41 1704/1970/41 1728/1948/41 1723/1947/41
f 1704/1971/42 1700/1972/42 1725/1944/36 1728/1943/48
f 1700/1973/43 1692/1974/43 1721/1940/43 1725/1939/43
f 1692/1975/44 1694/1976/44 1723/1936/33 1721/1935/33
f 2386/1977/5 1671/1978/5 1669/1979/5 2394/1980/5
f 2393/1981/6 1655/1909/6 1659/1908/6 2390/1982/6
f 2390/1983/1 1659/1894/1 1671/1893/1 2386/1984/1
f 2387/1985/3 1746/1986/3 1731/1987/3 2389/1988/3
f 1748/1989/1 1735/1990/1 1744/1991/1 1750/1992/1
f 1750/1993/2 1744/1994/2 1739/1995/2 1751/1996/2
f 1751/1997/3 1739/1998/3 1731/1987/3 1746/1986/3
f 1758/1999/3 1761/2000/3 1764/2001/3 1760/2002/3
f 1744/2003/6 1735/2004/6 1731/2005/6 1739/2006/6
f 1761/2000/3 1751/1997/3 1746/1986/3 1764/2001/3
f 1762/2007/27 1750/1993/27 1751/1996/27 1761/2008/27
f 1763/2009/1 1748/1989/1 1750/1992/1 1762/2010/1
f 1764/2011/28 1746/2012/28 1748/2013/28 1763/2014/28
f 1787/2015/29 1760/2016/29 1753/2017/29 1782/2018/29
f 1782/2019/1 1753/2020/1 1755/2021/1 1784/2022/1
f 1784/2023/47 1755/2024/47 1758/2025/47 1785/2026/47
f 1785/2027/3 1758/1999/3 1760/2002/3 1787/2028/3
f 1755/2024/45 1762/2007/45 1761/2008/45 1758/2025/45
f 1753/2020/1 1763/2009/1 1762/2010/1 1755/2021/1
f 1760/2016/32 1764/2011/32 1763/2014/32 1753/2017/32
f 1738/2029/3 1785/2027/3 1787/2028/3 1730/2030/3
f 1798/2031/33 1799/2032/33 1771/2033/34 1766/2034/34
f 1802/2035/35 1798/2036/35 1766/2037/35 1774/2038/35
f 1804/2039/46 1802/2040/46 1774/2041/37 1778/2042/37
f 1799/2043/38 1804/2044/38 1778/2045/38 1771/2046/38
f 1790/2047/4 1792/2048/4 1766/2034/34 1771/2033/34
f 1768/2049/5 1776/2050/5 1779/2051/5 1770/2052/5
f 1792/2053/1 1794/2054/1 1774/2038/1 1766/2037/1
f 1796/2055/3 1790/2056/3 1771/2046/3 1778/2045/3
f 1794/2057/2 1796/2058/2 1778/2042/2 1774/2041/2
f 1741/2059/39 1784/2023/39 1785/2026/39 1738/2060/39
f 1734/2061/1 1782/2019/1 1784/2022/1 1741/2062/1
f 1730/2063/40 1787/2015/40 1782/2018/40 1734/2064/40
f 1741/2059/2 1738/2060/2 1796/2058/2 1794/2057/2
f 1738/2029/3 1730/2030/3 1790/2056/3 1796/2055/3
f 1734/2061/1 1741/2062/1 1794/2054/1 1792/2053/1
f 1730/2063/4 1734/2064/4 1792/2048/4 1790/2047/4
f 1770/2065/41 1779/2066/41 1804/2044/41 1799/2043/41
f 1779/2067/42 1776/2068/42 1802/2040/46 1804/2039/46
f 1776/2069/43 1768/2070/43 1798/2036/43 1802/2035/43
f 1768/2071/44 1770/2072/44 1799/2032/33 1798/2031/33
f 2383/2073/5 1748/2074/5 1746/2075/5 2387/2076/5
f 2389/2077/6 1731/2005/6 1735/2004/6 2384/2078/6
f 2384/2079/1 1735/1990/1 1748/1989/1 2383/2080/1
f 2382/2081/3 1821/2082/3 1808/2083/3 2385/2084/3
f 1823/2085/1 1811/2086/1 1819/2087/1 1825/2088/1
f 1825/2089/2 1819/2090/2 1816/2091/2 1828/2092/2
f 1828/2093/3 1816/2094/3 1808/2083/3 1821/2082/3
f 1834/2095/3 1837/2096/3 1843/2097/3 1835/2098/3
f 1819/2099/6 1811/2100/6 1808/2101/6 1816/2102/6
f 1837/2096/3 1828/2093/3 1821/2082/3 1843/2097/3
f 1840/2103/27 1825/2089/27 1828/2092/27 1837/2104/27
f 1841/2105/1 1823/2085/1 1825/2088/1 1840/2106/1
f 1843/2107/28 1821/2108/28 1823/2109/28 1841/2110/28
f 1863/2111/29 1835/2112/29 1830/2113/29 1858/2114/29
f 1858/2115/1 1830/2116/1 1831/2117/1 1859/2118/1
f 1859/2119/47 1831/2120/47 1834/2121/47 1861/2122/47
f 1861/2123/3 1834/2095/3 1835/2098/3 1863/2124/3
f 1831/2120/45 1840/2103/45 1837/2104/45 1834/2121/45
f 1830/2116/1 1841/2105/1 1840/2106/1 1831/2117/1
f 1835/2112/32 1843/2107/32 1841/2110/32 1830/2113/32
f 1814/2125/3 1861/2123/3 1863/2124/3 1805/2126/3
f 1873/2127/33 1876/2128/33 1848/2129/34 1845/2130/34
f 1878/2131/35 1873/2132/35 1845/2133/35 1850/2134/35
f 1880/2135/46 1878/2136/36 1850/2137/37 1854/2138/37
f 1876/2139/38 1880/2140/38 1854/2141/38 1848/2142/38
f 1865/2143/4 1868/2144/4 1845/2130/34 1848/2129/34
f 1846/2145/5 1851/2146/5 1856/2147/5 1847/2148/5
f 1868/2149/1 1869/2150/1 1850/2134/1 1845/2133/1
f 1871/2151/3 1865/2152/3 1848/2142/3 1854/2141/3
f 1869/2153/2 1871/2154/2 1854/2138/2 1850/2137/2
f 1817/2155/39 1859/2119/39 1861/2122/39 1814/2156/39
f 1810/2157/1 1858/2115/1 1859/2118/1 1817/2158/1
f 1805/2159/40 1863/2111/40 1858/2114/40 1810/2160/40
f 1817/2155/2 1814/2156/2 1871/2154/2 1869/2153/2
f 1814/2125/3 1805/2126/3 1865/2152/3 1871/2151/3
f 1810/2157/1 1817/2158/1 1869/2150/1 1868/2149/1
f 1805/2159/4 1810/2160/4 1868/2144/4 1865/2143/4
f 1847/2161/41 1856/2162/41 1880/2140/41 1876/2139/41
f 1856/2163/42 1851/2164/42 1878/2136/36 1880/2135/46
f 1851/2165/43 1846/2166/43 1873/2132/43 1878/2131/43
f 1846/2167/44 1847/2168/44 1876/2128/33 1873/2127/33
f 2381/2169/5 1823/2170/5 1821/2171/5 2382/2172/5
f 2385/2173/6 1808/2101/6 1811/2100/6 2379/2174/6
f 2379/2175/1 1811/2086/1 1823/2085/1 2381/2176/1
f 2378/2177/3 1897/2178/3 1884/2179/3 2380/2180/3
f 1899/2181/1 1888/2182/1 1895/2183/1 1902/2184/1
f 1902/2185/2 1895/2186/2 1891/2187/2 1903/2188/2
f 1903/2189/3 1891/2190/3 1884/2179/3 1897/2178/3
f 1909/2191/3 1914/2192/3 1920/2193/3 1912/2194/3
f 1895/2195/6 1888/2196/6 1884/2197/6 1891/2198/6
f 1914/2192/3 1903/2189/3 1897/2178/3 1920/2193/3
f 1915/2199/27 1902/2185/27 1903/2188/27 1914/2200/27
f 1917/2201/1 1899/2181/1 1902/2184/1 1915/2202/1
f 1920/2203/28 1897/2204/28 1899/2205/28 1917/2206/28
f 1939/2207/29 1912/2208/29 1905/2209/29 1933/2210/29
f 1933/2211/1 1905/2212/1 1907/2213/1 1935/2214/1
f 1935/2215/47 1907/2216/47 1909/2217/47 1937/2218/47
f 1937/2219/3 1909/2191/3 1912/2194/3 1939/2220/3
f 1907/2216/45 1915/2199/45 1914/2200/45 1909/2217/45
f 1905/2212/1 1917/2201/1 1915/2202/1 1907/2213/1
f 1912/2208/32 1920/2203/32 1917/2206/32 1905/2209/32
f 1889/2221/3 1937/2219/3 1939/2220/3 1882/2222/3
f 1949/2223/33 1952/2224/33 1927/2225/34 1922/2226/34
f 1953/2227/35 1949/2228/35 1922/2229/35 1929/2230/35
f 1955/2231/46 1953/2232/36 1929/2233/37 1931/2234/37
f 1952/2235/38 1955/2236/38 1931/2237/38 1927/2238/38
f 1941/2239/4 1944/2240/4 1922/2226/34 1927/2225/34
f 1924/2241/5 1930/2242/5 1932/2243/5 1925/2244/5
f 1944/2245/1 1946/2246/1 1929/2230/1 1922/2229/1
f 1948/2247/3 1941/2248/3 1927/2238/3 1931/2237/3
f 1946/2249/2 1948/2250/2 1931/2234/2 1929/2233/2
f 1893/2251/39 1935/2215/39 1937/2218/39 1889/2252/39
f 1886/2253/1 1933/2211/1 1935/2214/1 1893/2254/1
f 1882/2255/40 1939/2207/40 1933/2210/40 1886/2256/40
f 1893/2251/2 1889/2252/2 1948/2250/2 1946/2249/2
f 1889/2221/3 1882/2222/3 1941/2248/3 1948/2247/3
f 1886/2253/1 1893/2254/1 1946/2246/1 1944/2245/1
f 1882/2255/4 1886/2256/4 1944/2240/4 1941/2239/4
f 1925/2257/41 1932/2258/41 1955/2236/41 1952/2235/41
f 1932/2259/42 1930/2260/42 1953/2232/36 1955/2231/46
f 1930/2261/43 1924/2262/43 1949/2228/43 1953/2227/43
f 1924/2263/44 1925/2264/44 1952/2224/33 1949/2223/33
f 2375/2265/5 1899/2266/5 1897/2267/5 2378/2268/5
f 2380/2269/6 1884/2197/6 1888/2196/6 2388/2270/6
f 2388/2271/1 1888/2182/1 1899/2181/1 2375/2272/1
f 2374/2273/3 1973/2274/3 1959/2275/3 2376/2276/3
f 1976/2277/1 1963/2278/1 1972/2279/1 1977/2280/1
f 1977/2281/2 1972/2282/2 1967/2283/2 1979/2284/2
f 1979/2285/3 1967/2286/3 1959/2275/3 1973/2274/3
f 1985/2287/3 1990/2288/3 1996/2289/3 1988/2290/3
f 1972/2291/6 1963/2292/6 1959/2293/6 1967/2294/6
f 1990/2288/3 1979/2285/3 1973/2274/3 1996/2289/3
f 1991/2295/27 1977/2281/27 1979/2284/27 1990/2296/27
f 1993/2297/1 1976/2277/1 1977/2280/1 1991/2298/1
f 1996/2299/28 1973/2300/28 1976/2301/28 1993/2302/28
f 2016/2303/29 1988/2304/29 1982/2305/29 2013/2306/29
f 2013/2307/1 1982/2308/1 1983/2309/1 2014/2310/1
f 2014/2311/47 1983/2312/47 1985/2313/47 2015/2314/47
f 2015/2315/3 1985/2287/3 1988/2290/3 2016/2316/3
f 1983/2312/45 1991/2295/45 1990/2296/45 1985/2313/45
f 1982/2308/1 1993/2297/1 1991/2298/1 1983/2309/1
f 1988/2304/49 1996/2299/49 1993/2302/49 1982/2305/49
f 1966/2317/3 2015/2315/3 2016/2316/3 1957/2318/3
f 2026/2319/33 2027/2320/33 2003/2321/34 1997/2322/34
f 2030/2323/35 2026/2324/35 1997/2325/35 2005/2326/35
f 2031/2327/46 2030/2328/46 2005/2329/37 2010/2330/37
f 2027/2331/38 2031/2332/38 2010/2333/38 2003/2334/38
f 2017/2335/4 2019/2336/4 1997/2322/34 2003/2321/34
f 2000/2337/5 2008/2338/5 2011/2339/5 2002/2340/5
f 2019/2341/1 2022/2342/1 2005/2326/1 1997/2325/1
f 2023/2343/3 2017/2344/3 2003/2334/3 2010/2333/3
f 2022/2345/2 2023/2346/2 2010/2330/2 2005/2329/2
f 1970/2347/39 2014/2311/39 2015/2314/39 1966/2348/39
f 1962/2349/1 2013/2307/1 2014/2310/1 1970/2350/1
f 1957/2351/40 2016/2303/40 2013/2306/40 1962/2352/40
f 1970/2347/2 1966/2348/2 2023/2346/2 2022/2345/2
f 1966/2317/3 1957/2318/3 2017/2344/3 2023/2343/3
f 1962/2349/1 1970/2350/1 2022/2342/1 2019/2341/1
f 1957/2351/4 1962/2352/4 2019/2336/4 2017/2335/4
f 2002/2353/41 2011/2354/41 2031/2332/41 2027/2331/41
f 2011/2355/42 2008/2356/42 2030/2328/46 2031/2327/46
f 2008/2357/43 2000/2358/43 2026/2324/43 2030/2323/43
f 2000/2359/44 2002/2360/44 2027/2320/33 2026/2319/33
f 2371/2361/5 1976/2362/5 1973/2363/5 2374/2364/5
f 2376/2365/6 1959/2293/6 1963/2292/6 2372/2366/6
f 2372/2367/1 1963/2278/1 1976/2277/1 2371/2368/1
f 2377/2369/3 2050/2370/3 2035/2371/3 2373/2372/3
f 2051/2373/1 2040/2374/1 2047/2375/1 2053/2376/1
f 2053/2377/2 2047/2378/2 2044/2379/2 2055/2380/2
f 2055/2381/3 2044/2382/3 2035/2371/3 2050/2370/3
f 2062/2383/3 2066/2384/3 2072/2385/3 2063/2386/3
f 2047/2387/6 2040/2388/6 2035/2389/6 2044/2390/6
f 2066/2384/3 2055/2381/3 2050/2370/3 2072/2385/3
f 2068/2391/27 2053/2377/27 2055/2380/27 2066/2392/27
f 2070/2393/1 2051/2373/1 2053/2376/1 2068/2394/1
f 2072/2395/28 2050/2396/28 2051/2397/28 2070/2398/28
f 2096/2399/29 2063/2400/29 2058/2401/29 2090/2402/29
f 2090/2403/1 2058/2404/1 2059/2405/1 2091/2406/1
f 2091/2407/47 2059/2408/47 2062/2409/47 2093/2410/47
f 2093/2411/3 2062/2383/3 2063/2386/3 2096/2412/3
f 2059/2408/45 2068/2391/45 2066/2392/45 2062/2409/45
f 2058/2404/1 2070/2393/1 2068/2394/1 2059/2405/1
f 2063/2400/32 2072/2395/32 2070/2398/32 2058/2401/32
f 2042/2413/3 2093/2411/3 2096/2412/3 2033/2414/3
f 2101/2415/33 2102/2416/33 2080/2417/34 2074/2418/34
f 2103/2419/35 2101/2420/35 2074/2421/35 2081/2422/35
f 2104/2423/46 2103/2424/36 2081/2425/37 2085/2426/37
f 2102/2427/38 2104/2428/38 2085/2429/38 2080/2430/38
f 2097/2431/4 2098/2432/4 2074/2418/34 2080/2417/34
f 2076/2433/5 2083/2434/5 2088/2435/5 2078/2436/5
f 2098/2437/1 2099/2438/1 2081/2422/1 2074/2421/1
f 2100/2439/3 2097/2440/3 2080/2430/3 2085/2429/3
f 2099/2441/2 2100/2442/2 2085/2426/2 2081/2425/2
f 2045/2443/39 2091/2407/39 2093/2410/39 2042/2444/39
f 2037/2445/1 2090/2403/1 2091/2406/1 2045/2446/1
f 2033/2447/40 2096/2399/40 2090/2402/40 2037/2448/40
f 2045/2443/2 2042/2444/2 2100/2442/2 2099/2441/2
f 2042/2413/3 2033/2414/3 2097/2440/3 2100/2439/3
f 2037/2445/1 2045/2446/1 2099/2438/1 2098/2437/1
f 2033/2447/4 2037/2448/4 2098/2432/4 2097/2431/4
f 2078/2449/41 2088/2450/41 2104/2428/41 2102/2427/41
f 2088/2451/42 2083/2452/42 2103/2424/36 2104/2423/46
f 2083/2453/43 2076/2454/43 2101/2420/43 2103/2419/43
f 2076/2455/44 2078/2456/44 2102/2416/33 2101/2415/33
f 2369/2457/5 2051/2458/5 2050/2459/5 2377/2460/5
f 2373/2461/6 2035/2389/6 2040/2388/6 2368/2462/6
f 2368/2463/1 2040/2374/1 2051/2373/1 2369/2464/1
f 2367/2465/3 2113/2466/3 2106/2467/3 2370/2468/3
f 2114/2469/1 2108/2470/1 2112/2471/1 2115/2472/1
f 2115/2473/2 2112/2474/2 2110/2475/2 2116/2476/2
f 2116/2477/3 2110/2478/3 2106/2467/3 2113/2466/3
f 2119/2479/3 2121/2480/3 2124/2481/3 2120/2482/3
f 2112/2483/6 2108/2484/6 2106/2485/6 2110/2486/6
f 2121/2480/3 2116/2477/3 2113/2466/3 2124/2481/3
f 2122/2487/27 2115/2473/27 2116/2476/27 2121/2488/27
f 2123/2489/1 2114/2469/1 2115/2472/1 2122/2490/1
f 2124/2491/28 2113/2492/28 2114/2493/28 2123/2494/28
f 2136/2495/29 2120/2496/29 2117/2497/29 2133/2498/29
f 2133/2499/1 2117/2500/1 2118/2501/1 2134/2502/1
f 2134/2503/47 2118/2504/47 2119/2505/47 2135/2506/47
f 2135/2507/3 2119/2479/3 2120/2482/3 2136/2508/3
f 2118/2504/45 2122/2487/45 2121/2488/45 2119/2505/45
f 2117/2500/1 2123/2489/1 2122/2490/1 2118/2501/1
f 2120/2496/32 2124/2491/32 2123/2494/32 2117/2497/32
f 2109/2509/3 2135/2507/3 2136/2508/3 2105/2510/3
f 2141/2511/33 2142/2512/33 2128/2513/34 2125/2514/34
f 2143/2515/35 2141/2516/35 2125/2517/35 2129/2518/35
f 2144/2519/46 2143/2520/46 2129/2521/37 2131/2522/37
f 2142/2523/38 2144/2524/38 2131/2525/38 2128/2526/38
f 2137/2527/4 2138/2528/4 2125/2514/34 2128/2513/34
f 2126/2529/5 2130/2530/5 2132/2531/5 2127/2532/5
f 2138/2533/1 2139/2534/1 2129/2518/1 2125/2517/1
f 2140/2535/3 2137/2536/3 2128/2526/3 2131/2525/3
f 2139/2537/2 2140/2538/2 2131/2522/2 2129/2521/2
f 2111/2539/39 2134/2503/39 2135/2506/39 2109/2540/39
f 2107/2541/1 2133/2499/1 2134/2502/1 2111/2542/1
f 2105/2543/40 2136/2495/40 2133/2498/40 2107/2544/40
f 2111/2539/2 2109/2540/2 2140/2538/2 2139/2537/2
f 2109/2509/3 2105/2510/3 2137/2536/3 2140/2535/3
f 2107/2541/1 2111/2542/1 2139/2534/1 2138/2533/1
f 2105/2543/4 2107/2544/4 2138/2528/4 2137/2527/4
f 2127/2545/41 2132/2546/41 2144/2524/41 2142/2523/41
f 2132/2547/42 2130/2548/42 2143/2520/46 2144/2519/46
f 2130/2549/43 2126/2550/43 2141/2516/43 2143/2515/43
f 2126/2551/44 2127/2552/44 2142/2512/33 2141/2511/33
f 2363/2553/5 2114/2554/5 2113/2555/5 2367/2556/5
f 2370/2557/6 2106/2485/6 2108/2484/6 2364/2558/6
f 2364/2559/1 2108/2470/1 2114/2469/1 2363/2560/1
f 2362/2561/3 2153/2562/3 2146/2563/3 2365/2564/3
f 2154/2565/1 2148/2566/1 2152/2567/1 2155/2568/1
f 2155/2569/2 2152/2570/2 2150/2571/2 2156/2572/2
f 2156/2573/3 2150/2574/3 2146/2563/3 2153/2562/3
f 2159/2575/3 2161/2576/3 2164/2577/3 2160/2578/3
f 2152/2579/6 2148/2580/6 2146/2581/6 2150/2582/6
f 2161/2576/3 2156/2573/3 2153/2562/3 2164/2577/3
f 2162/2583/27 2155/2569/27 2156/2572/27 2161/2584/27
f 2163/2585/1 2154/2565/1 2155/2568/1 2162/2586/1
f 2164/2587/28 2153/2588/28 2154/2589/28 2163/2590/28
f 2176/2591/29 2160/2592/29 2157/2593/29 2173/2594/29
f 2173/2595/1 2157/2596/1 2158/2597/1 2174/2598/1
f 2174/2599/47 2158/2600/47 2159/2601/47 2175/2602/47
f 2175/2603/3 2159/2575/3 2160/2578/3 2176/2604/3
f 2158/2600/45 2162/2583/45 2161/2584/45 2159/2601/45
f 2157/2596/1 2163/2585/1 2162/2586/1 2158/2597/1
f 2160/2592/32 2164/2587/32 2163/2590/32 2157/2593/32
f 2149/2605/3 2175/2603/3 2176/2604/3 2145/2606/3
f 2181/2607/33 2182/2608/33 2168/2609/34 2165/2610/34
f 2183/2611/35 2181/2612/35 2165/2613/35 2169/2614/35
f 2184/2615/36 2183/2616/36 2169/2617/37 2171/2618/37
f 2182/2619/38 2184/2620/38 2171/2621/38 2168/2622/38
f 2177/2623/4 2178/2624/4 2165/2610/34 2168/2609/34
f 2166/2625/5 2170/2626/5 2172/2627/5 2167/2628/5
f 2178/2629/1 2179/2630/1 2169/2614/1 2165/2613/1
f 2180/2631/3 2177/2632/3 2168/2622/3 2171/2621/3
f 2179/2633/2 2180/2634/2 2171/2618/2 2169/2617/2
f 2151/2635/39 2174/2599/39 2175/2602/39 2149/2636/39
f 2147/2637/1 2173/2595/1 2174/2598/1 2151/2638/1
f 2145/2639/40 2176/2591/40 2173/2594/40 2147/2640/40
f 2151/2635/2 2149/2636/2 2180/2634/2 2179/2633/2
f 2149/2605/3 2145/2606/3 2177/2632/3 2180/2631/3
f 2147/2637/1 2151/2638/1 2179/2630/1 2178/2629/1
f 2145/2639/4 2147/2640/4 2178/2624/4 2177/2623/4
f 2167/2641/41 2172/2642/41 2184/2620/41 2182/2619/41
f 2172/2643/42 2170/2644/42 2183/2616/36 2184/2615/36
f 2170/2645/43 2166/2646/43 2181/2612/43 2183/2611/43
f 2166/2647/44 2167/2648/44 2182/2608/33 2181/2607/33
f 2366/2649/5 2154/2650/5 2153/2651/5 2362/2652/5
f 2365/2653/6 2146/2581/6 2148/2580/6 2360/2654/6
f 2360/2655/1 2148/2566/1 2154/2565/1 2366/2656/1
f 2357/2657/3 2193/2658/3 2186/2659/3 2361/2660/3
f 2194/2661/1 2188/2662/1 2192/2663/1 2195/2664/1
f 2195/2665/2 2192/2666/2 2190/2667/2 2196/2668/2
f 2196/2669/3 2190/2670/3 2186/2659/3 2193/2658/3
f 2199/2671/3 2201/2672/3 2204/2673/3 2200/2674/3
f 2192/2675/6 2188/2676/6 2186/2677/6 2190/2678/6
f 2201/2672/3 2196/2669/3 2193/2658/3 2204/2673/3
f 2202/2679/27 2195/2665/27 2196/2668/27 2201/2680/27
f 2203/2681/1 2194/2661/1 2195/2664/1 2202/2682/1
f 2204/2683/28 2193/2684/28 2194/2685/28 2203/2686/28
f 2216/2687/29 2200/2688/29 2197/2689/29 2213/2690/29
f 2213/2691/1 2197/2692/1 2198/2693/1 2214/2694/1
f 2214/2695/47 2198/2696/47 2199/2697/47 2215/2698/47
f 2215/2699/3 2199/2671/3 2200/2674/3 2216/2700/3
f 2198/2696/45 2202/2679/45 2201/2680/45 2199/2697/45
f 2197/2692/1 2203/2681/1 2202/2682/1 2198/2693/1
f 2200/2688/32 2204/2683/32 2203/2686/32 2197/2689/32
f 2189/2701/3 2215/2699/3 2216/2700/3 2185/2702/3
f 2221/2703/33 2222/2704/33 2208/2705/34 2205/2706/34
f 2223/2707/35 2221/2708/35 2205/2709/35 2209/2710/35
f 2224/2711/36 2223/2712/46 2209/2713/37 2211/2714/37
f 2222/2715/38 2224/2716/38 2211/2717/38 2208/2718/38
f 2217/2719/4 2218/2720/4 2205/2706/34 2208/2705/34
f 2206/2721/5 2210/2722/5 2212/2723/5 2207/2724/5
f 2218/2725/1 2219/2726/1 2209/2710/1 2205/2709/1
f 2220/2727/3 2217/2728/3 2208/2718/3 2211/2717/3
f 2219/2729/2 2220/2730/2 2211/2714/2 2209/2713/2
f 2191/2731/39 2214/2695/39 2215/2698/39 2189/2732/39
f 2187/2733/1 2213/2691/1 2214/2694/1 2191/2734/1
f 2185/2735/40 2216/2687/40 2213/2690/40 2187/2736/40
f 2191/2731/2 2189/2732/2 2220/2730/2 2219/2729/2
f 2189/2701/3 2185/2702/3 2217/2728/3 2220/2727/3
f 2187/2733/1 2191/2734/1 2219/2726/1 2218/2725/1
f 2185/2735/4 2187/2736/4 2218/2720/4 2217/2719/4
f 2207/2737/41 2212/2738/41 2224/2716/41 2222/2715/41
f 2212/2739/42 2210/2740/42 2223/2712/46 2224/2711/36
f 2210/2741/43 2206/2742/43 2221/2708/43 2223/2707/43
f 2206/2743/44 2207/2744/44 2222/2704/33 2221/2703/33
f 2355/2745/5 2194/2746/5 2193/2747/5 2357/2748/5
f 2361/2749/6 2186/2677/6 2188/2676/6 2358/2750/6
f 2358/2751/1 2188/2662/1 2194/2661/1 2355/2752/1
f 2356/2753/3 2233/2754/3 2226/2755/3 2359/2756/3
f 2234/2757/1 2228/2758/1 2232/2759/1 2235/2760/1
f 2235/2761/2 2232/2762/2 2230/2763/2 2236/2764/2
f 2236/2765/3 2230/2766/3 2226/2755/3 2233/2754/3
f 2239/2767/3 2241/2768/3 2244/2769/3 2240/2770/3
f 2232/2771/6 2228/2772/6 2226/2773/6 2230/2774/6
f 2241/2768/3 2236/2765/3 2233/2754/3 2244/2769/3
f 2242/2775/27 2235/2761/27 2236/2764/27 2241/2776/27
f 2243/2777/1 2234/2757/1 2235/2760/1 2242/2778/1
f 2244/2779/28 2233/2780/28 2234/2781/28 2243/2782/28
f 2256/2783/29 2240/2784/29 2237/2785/29 2253/2786/29
f 2253/2787/1 2237/2788/1 2238/2789/1 2254/2790/1
f 2254/2791/47 2238/2792/47 2239/2793/47 2255/2794/47
f 2255/2795/3 2239/2767/3 2240/2770/3 2256/2796/3
f 2238/2792/45 2242/2775/45 2241/2776/45 2239/2793/45
f 2237/2788/1 2243/2777/1 2242/2778/1 2238/2789/1
f 2240/2784/32 2244/2779/32 2243/2782/32 2237/2785/32
f 2229/2797/3 2255/2795/3 2256/2796/3 2225/2798/3
f 2261/2799/33 2262/2800/33 2248/2801/34 2245/2802/34
f 2263/2803/35 2261/2804/35 2245/2805/35 2249/2806/35
f 2264/2807/36 2263/2808/36 2249/2809/37 2251/2810/37
f 2262/2811/38 2264/2812/38 2251/2813/38 2248/2814/38
f 2257/2815/4 2258/2816/4 2245/2802/34 2248/2801/34
f 2246/2817/5 2250/2818/5 2252/2819/5 2247/2820/5
f 2258/2821/1 2259/2822/1 2249/2806/1 2245/2805/1
f 2260/2823/3 2257/2824/3 2248/2814/3 2251/2813/3
f 2259/2825/2 2260/2826/2 2251/2810/2 2249/2809/2
f 2231/2827/39 2254/2791/39 2255/2794/39 2229/2828/39
f 2227/2829/1 2253/2787/1 2254/2790/1 2231/2830/1
f 2225/2831/40 2256/2783/40 2253/2786/40 2227/2832/40
f 2231/2827/2 2229/2828/2 2260/2826/2 2259/2825/2
f 2229/2797/3 2225/2798/3 2257/2824/3 2260/2823/3
f 2227/2829/1 2231/2830/1 2259/2822/1 2258/2821/1
f 2225/2831/4 2227/2832/4 2258/2816/4 2257/2815/4
f 2247/2833/41 2252/2834/41 2264/2812/41 2262/2811/41
f 2252/2835/42 2250/2836/42 2263/2808/36 2264/2807/36
f 2250/2837/43 2246/2838/43 2261/2804/43 2263/2803/43
f 2246/2839/44 2247/2840/44 2262/2800/33 2261/2799/33
f 2351/2841/5 2234/2842/5 2233/2843/5 2356/2844/5
f 2359/2845/6 2226/2773/6 2228/2772/6 2352/2846/6
f 2352/2847/1 2228/2758/1 2234/2757/1 2351/2848/1
f 2354/2849/3 2273/2850/3 2266/2851/3 2353/2852/3
f 2274/2853/1 2268/2854/1 2272/2855/1 2275/2856/1
f 2275/2857/2 2272/2858/2 2270/2859/2 2276/2860/2
f 2276/2861/3 2270/2862/3 2266/2851/3 2273/2850/3
f 2279/2863/3 2281/2864/3 2284/2865/3 2280/2866/3
f 2272/2867/6 2268/2868/6 2266/2869/6 2270/2870/6
f 2281/2864/3 2276/2861/3 2273/2850/3 2284/2865/3
f 2282/2871/27 2275/2857/27 2276/2860/27 2281/2872/27
f 2283/2873/1 2274/2853/1 2275/2856/1 2282/2874/1
f 2284/2875/28 2273/2876/28 2274/2877/28 2283/2878/28
f 2296/2879/29 2280/2880/29 2277/2881/29 2293/2882/29
f 2293/2883/1 2277/2884/1 2278/2885/1 2294/2886/1
f 2294/2887/47 2278/2888/47 2279/2889/47 2295/2890/47
f 2295/2891/3 2279/2863/3 2280/2866/3 2296/2892/3
f 2278/2888/45 2282/2871/45 2281/2872/45 2279/2889/45
f 2277/2884/1 2283/2873/1 2282/2874/1 2278/2885/1
f 2280/2880/32 2284/2875/32 2283/2878/32 2277/2881/32
f 2269/2893/3 2295/2891/3 2296/2892/3 2265/2894/3
f 2301/2895/33 2302/2896/33 2288/2897/50 2285/2898/50
f 2303/2899/35 2301/2900/35 2285/2901/35 2289/2902/35
f 2304/2903/46 2303/2904/36 2289/2905/37 2291/2906/37
f 2302/2907/38 2304/2908/38 2291/2909/38 2288/2910/38
f 2297/2911/4 2298/2912/4 2285/2898/50 2288/2897/50
f 2286/2913/5 2290/2914/5 2292/2915/5 2287/2916/5
f 2298/2917/1 2299/2918/1 2289/2902/1 2285/2901/1
f 2300/2919/3 2297/2920/3 2288/2910/3 2291/2909/3
f 2299/2921/2 2300/2922/2 2291/2906/2 2289/2905/2
f 2271/2923/39 2294/2887/39 2295/2890/39 2269/2924/39
f 2267/2925/1 2293/2883/1 2294/2886/1 2271/2926/1
f 2265/2927/40 2296/2879/40 2293/2882/40 2267/2928/40
f 2271/2923/2 2269/2924/2 2300/2922/2 2299/2921/2
f 2269/2893/3 2265/2894/3 2297/2920/3 2300/2919/3
f 2267/2925/1 2271/2926/1 2299/2918/1 2298/2917/1
f 2265/2927/4 2267/2928/4 2298/2912/4 2297/2911/4
f 2287/2929/41 2292/2930/41 2304/2908/41 2302/2907/41
f 2292/2931/42 2290/2932/42 2303/2904/36 2304/2903/46
f 2290/2933/43 2286/2934/43 2301/2900/43 2303/2899/43
f 2286/2935/44 2287/2936/44 2302/2896/33 2301/2895/33
f 2347/2937/5 2274/2938/5 2273/2939/5 2354/2940/5
f 2353/2941/6 2266/2869/6 2268/2868/6 2350/2942/6
f 2350/2943/1 2268/2854/1 2274/2853/1 2347/2944/1
f 2348/2945/3 2313/2946/3 2306/2947/3 2349/2948/3
f 2314/2949/1 2308/2950/1 2312/2951/1 2315/2952/1
f 2315/2953/2 2312/2954/2 2310/2955/2 2316/2956/2
f 2316/2957/3 2310/2958/3 2306/2947/3 2313/2946/3
f 2319/2959/3 2321/2960/3 2324/2961/3 2320/2962/3
f 2312/2963/6 2308/2964/6 2306/2965/6 2310/2966/6
f 2321/2960/3 2316/2957/3 2313/2946/3 2324/2961/3
f 2322/2967/27 2315/2953/27 2316/2956/27 2321/2968/27
f 2323/2969/1 2314/2949/1 2315/2952/1 2322/2970/1
f 2324/2971/28 2313/2972/28 2314/2973/28 2323/2974/28
f 2336/2975/29 2320/2976/29 2317/2977/29 2333/2978/29
f 2333/2979/1 2317/2980/1 2318/2981/1 2334/2982/1
f 2334/2983/47 2318/2984/47 2319/2985/47 2335/2986/47
f 2335/2987/3 2319/2959/3 2320/2962/3 2336/2988/3
f 2318/2984/45 2322/2967/45 2321/2968/45 2319/2985/45
f 2317/2980/1 2323/2969/1 2322/2970/1 2318/2981/1
f 2320/2976/32 2324/2971/32 2323/2974/32 2317/2977/32
f 2309/2989/3 2335/2987/3 2336/2988/3 2305/2990/3
f 2341/2991/33 2342/2992/33 2328/2993/50 2325/2994/50
f 2343/2995/35 2341/2996/35 2325/2997/35 2329/2998/35
f 2344/2999/46 2343/3000/36 2329/3001/37 2331/3002/37
f 2342/3003/38 2344/3004/38 2331/3005/38 2328/3006/38
f 2337/3007/4 2338/3008/4 2325/2994/50 2328/2993/50
f 2326/3009/5 2330/3010/5 2332/3011/5 2327/3012/5
f 2338/3013/1 2339/3014/1 2329/2998/1 2325/2997/1
f 2340/3015/3 2337/3016/3 2328/3006/3 2331/3005/3
f 2339/3017/2 2340/3018/2 2331/3002/2 2329/3001/2
f 2311/3019/39 2334/2983/39 2335/2986/39 2309/3020/39
f 2307/3021/1 2333/2979/1 2334/2982/1 2311/3022/1
f 2305/3023/40 2336/2975/40 2333/2978/40 2307/3024/40
f 2311/3019/2 2309/3020/2 2340/3018/2 2339/3017/2
f 2309/2989/3 2305/2990/3 2337/3016/3 2340/3015/3
f 2307/3021/1 2311/3022/1 2339/3014/1 2338/3013/1
f 2305/3023/4 2307/3024/4 2338/3008/4 2337/3007/4
f 2327/3025/41 2332/3026/41 2344/3004/41 2342/3003/41
f 2332/3027/42 2330/3028/42 2343/3000/36 2344/2999/46
f 2330/3029/43 2326/3030/43 2341/2996/43 2343/2995/43
f 2326/3031/44 2327/3032/44 2342/2992/33 2341/2991/33
f 2345/3033/5 2314/3034/5 2313/3035/5 2348/3036/5
f 2349/3037/6 2306/2965/6 2308/2964/6 2346/3038/6
f 2346/3039/1 2308/2950/1 2314/2949/1 2345/3040/1
f 36/3041/2 5/3042/2 2460/3043/2 2459/3044/2
f 37/3045/4 13/3046/4 29/3047/4 43/3048/4
f 43/3049/1 29/3050/1 23/3051/1 45/3052/1
f 45/3053/2 23/3054/2 5/3042/2 36/3041/2
f 59/3055/2 67/3056/2 80/3057/2 61/3058/2
f 29/3059/6 13/3060/6 5/3061/6 23/3062/6
f 67/3056/2 45/3053/2 36/3041/2 80/3057/2
f 71/3063/51 43/3049/51 45/3052/51 67/3064/51
f 76/3065/4 37/3045/4 43/3048/4 71/3066/4
f 80/3067/52 36/3068/52 37/3069/52 76/3070/52
f 122/3071/53 61/3072/53 50/3073/53 109/3074/53
f 109/3075/4 50/3076/4 53/3077/4 115/3078/4
f 115/3079/54 53/3080/54 59/3081/54 120/3082/54
f 120/3083/2 59/3055/2 61/3058/2 122/3084/2
f 53/3080/55 71/3063/55 67/3064/55 59/3081/55
f 50/3076/4 76/3065/4 71/3066/4 53/3077/4
f 61/3072/56 80/3067/56 76/3070/56 50/3073/56
f 19/3085/2 120/3083/2 122/3084/2 2/3086/2
f 143/3087/57 146/3088/57 91/3089/58 81/3090/58
f 149/3091/18 143/3092/18 81/3093/18 95/3094/18
f 156/3095/59 149/3096/59 95/3097/60 103/3098/60
f 146/3099/15 156/3100/15 103/3101/15 91/3102/15
f 128/3103/3 131/3104/3 81/3090/58 91/3089/58
f 84/3105/5 97/3106/5 107/3107/5 87/3108/5
f 131/3109/4 135/3110/4 95/3094/4 81/3093/4
f 137/3111/2 128/3112/2 91/3102/2 103/3101/2
f 135/3113/1 137/3114/1 103/3098/1 95/3097/1
f 27/3115/61 115/3079/61 120/3082/61 19/3116/61
f 9/3117/4 109/3075/4 115/3078/4 27/3118/4
f 2/3119/62 122/3071/62 109/3074/62 9/3120/62
f 27/3115/1 19/3116/1 137/3114/1 135/3113/1
f 19/3085/2 2/3086/2 128/3112/2 137/3111/2
f 9/3117/4 27/3118/4 135/3110/4 131/3109/4
f 2/3119/3 9/3120/3 131/3104/3 128/3103/3
f 87/3121/23 107/3122/23 156/3100/23 146/3099/23
f 107/3123/63 97/3124/63 149/3096/59 156/3095/59
f 97/3125/21 84/3126/21 143/3092/21 149/3091/21
f 84/3127/64 87/3128/64 146/3088/57 143/3087/57
f 37/3129/5 36/3130/5 2459/3131/5 2458/3132/5
f 2460/3133/6 5/3061/6 13/3060/6 2456/3134/6
f 2456/3135/4 13/3046/4 37/3045/4 2458/3136/4
f 188/3137/2 165/3138/2 2457/3139/2 2455/3140/2
f 189/3141/4 168/3142/4 183/3143/4 196/3144/4
f 196/3145/1 183/3146/1 173/3147/1 199/3148/1
f 199/3149/2 173/3150/2 165/3138/2 188/3137/2
f 211/3151/2 217/3152/2 229/3153/2 215/3154/2
f 183/3155/6 168/3156/6 165/3157/6 173/3158/6
f 217/3152/2 199/3149/2 188/3137/2 229/3153/2
f 222/3159/51 196/3145/51 199/3148/51 217/3160/51
f 226/3161/4 189/3141/4 196/3144/4 222/3162/4
f 229/3163/52 188/3164/52 189/3165/52 226/3166/52
f 274/3167/53 215/3168/53 203/3169/53 261/3170/53
f 261/3171/4 203/3172/4 208/3173/4 267/3174/4
f 267/3175/54 208/3176/54 211/3177/54 272/3178/54
f 272/3179/2 211/3151/2 215/3154/2 274/3180/2
f 208/3176/55 222/3159/55 217/3160/55 211/3177/55
f 203/3172/4 226/3161/4 222/3162/4 208/3173/4
f 215/3168/56 229/3163/56 226/3166/56 203/3169/56
f 172/3181/2 272/3179/2 274/3180/2 164/3182/2
f 294/3183/57 299/3184/57 247/3185/58 236/3186/58
f 303/3187/18 294/3188/18 236/3189/18 250/3190/18
f 308/3191/59 303/3192/65 250/3193/60 253/3194/60
f 299/3195/15 308/3196/15 253/3197/15 247/3198/15
f 277/3199/3 283/3200/3 236/3186/58 247/3185/58
f 239/3201/5 252/3202/5 259/3203/5 241/3204/5
f 283/3205/4 285/3206/4 250/3190/4 236/3189/4
f 289/3207/2 277/3208/2 247/3198/2 253/3197/2
f 285/3209/1 289/3210/1 253/3194/1 250/3193/1
f 178/3211/61 267/3175/61 272/3178/61 172/3212/61
f 167/3213/4 261/3171/4 267/3174/4 178/3214/4
f 164/3215/62 274/3167/62 261/3170/62 167/3216/62
f 178/3211/1 172/3212/1 289/3210/1 285/3209/1
f 172/3181/2 164/3182/2 277/3208/2 289/3207/2
f 167/3213/4 178/3214/4 285/3206/4 283/3205/4
f 164/3215/3 167/3216/3 283/3200/3 277/3199/3
f 241/3217/23 259/3218/23 308/3196/23 299/3195/23
f 259/3219/63 252/3220/63 303/3192/65 308/3191/59
f 252/3221/21 239/3222/21 294/3188/21 303/3187/21
f 239/3223/64 241/3224/64 299/3184/57 294/3183/57
f 189/3225/5 188/3226/5 2455/3227/5 2452/3228/5
f 2457/3229/6 165/3157/6 168/3156/6 2453/3230/6
f 2453/3231/4 168/3142/4 189/3141/4 2452/3232/4
f 338/3233/2 321/3234/2 2454/3235/2 2451/3236/2
f 341/3237/4 328/3238/4 336/3239/4 347/3240/4
f 347/3241/1 336/3242/1 333/3243/1 351/3244/1
f 351/3245/2 333/3246/2 321/3234/2 338/3233/2
f 363/3247/2 372/3248/2 384/3249/2 366/3250/2
f 336/3251/6 328/3252/6 321/3253/6 333/3254/6
f 372/3248/2 351/3245/2 338/3233/2 384/3249/2
f 373/3255/51 347/3241/51 351/3244/51 372/3256/51
f 378/3257/4 341/3237/4 347/3240/4 373/3258/4
f 384/3259/52 338/3260/52 341/3261/52 378/3262/52
f 426/3263/53 366/3264/53 356/3265/53 418/3266/53
f 418/3267/4 356/3268/4 360/3269/4 420/3270/4
f 420/3271/54 360/3272/54 363/3273/54 424/3274/54
f 424/3275/2 363/3247/2 366/3250/2 426/3276/2
f 360/3272/55 373/3255/55 372/3256/55 363/3273/55
f 356/3268/4 378/3257/4 373/3258/4 360/3269/4
f 366/3264/56 384/3259/56 378/3262/56 356/3265/56
f 329/3277/2 424/3275/2 426/3276/2 320/3278/2
f 445/3279/57 449/3280/57 398/3281/58 388/3282/58
f 456/3283/18 445/3284/18 388/3285/18 402/3286/18
f 460/3287/59 456/3288/59 402/3289/60 410/3290/60
f 449/3291/15 460/3292/15 410/3293/15 398/3294/15
f 432/3295/3 435/3296/3 388/3282/58 398/3281/58
f 389/3297/5 405/3298/5 416/3299/5 395/3300/5
f 435/3301/4 439/3302/4 402/3286/4 388/3285/4
f 441/3303/2 432/3304/2 398/3294/2 410/3293/2
f 439/3305/1 441/3306/1 410/3290/1 402/3289/1
f 335/3307/61 420/3271/61 424/3274/61 329/3308/61
f 325/3309/4 418/3267/4 420/3270/4 335/3310/4
f 320/3311/62 426/3263/62 418/3266/62 325/3312/62
f 335/3307/1 329/3308/1 441/3306/1 439/3305/1
f 329/3277/2 320/3278/2 432/3304/2 441/3303/2
f 325/3309/4 335/3310/4 439/3302/4 435/3301/4
f 320/3311/3 325/3312/3 435/3296/3 432/3295/3
f 395/3313/23 416/3314/23 460/3292/23 449/3291/23
f 416/3315/63 405/3316/63 456/3288/59 460/3287/59
f 405/3317/21 389/3318/21 445/3284/21 456/3283/21
f 389/3319/64 395/3320/64 449/3280/57 445/3279/57
f 341/3321/5 338/3322/5 2451/3323/5 2448/3324/5
f 2454/3325/6 321/3253/6 328/3252/6 2449/3326/6
f 2449/3327/4 328/3238/4 341/3237/4 2448/3328/4
f 500/3329/2 473/3330/2 2450/3331/2 2447/3332/2
f 501/3333/4 484/3334/4 496/3335/4 502/3336/4
f 502/3337/1 496/3338/1 490/3339/1 503/3340/1
f 503/3341/2 490/3342/2 473/3330/2 500/3329/2
f 514/3343/2 521/3344/2 536/3345/2 517/3346/2
f 496/3347/6 484/3348/6 473/3349/6 490/3350/6
f 521/3344/2 503/3341/2 500/3329/2 536/3345/2
f 525/3351/51 502/3337/51 503/3340/51 521/3352/51
f 532/3353/4 501/3333/4 502/3336/4 525/3354/4
f 536/3355/52 500/3356/52 501/3357/52 532/3358/52
f 584/3359/53 517/3360/53 507/3361/53 571/3362/53
f 571/3363/4 507/3364/4 511/3365/4 575/3366/4
f 575/3367/54 511/3368/54 514/3369/54 577/3370/54
f 577/3371/2 514/3343/2 517/3346/2 584/3372/2
f 511/3368/55 525/3351/55 521/3352/55 514/3369/55
f 507/3364/4 532/3353/4 525/3354/4 511/3365/4
f 517/3360/56 536/3355/56 532/3358/56 507/3361/56
f 486/3373/2 577/3371/2 584/3372/2 470/3374/2
f 597/3375/57 604/3376/57 552/3377/58 537/3378/58
f 608/3379/18 597/3380/18 537/3381/18 555/3382/18
f 611/3383/66 608/3384/65 555/3385/60 563/3386/60
f 604/3387/15 611/3388/15 563/3389/15 552/3390/15
f 585/3391/3 587/3392/3 537/3378/58 552/3377/58
f 541/3393/5 558/3394/5 565/3395/5 548/3396/5
f 587/3397/4 592/3398/4 555/3382/4 537/3381/4
f 594/3399/2 585/3400/2 552/3390/2 563/3389/2
f 592/3401/1 594/3402/1 563/3386/1 555/3385/1
f 491/3403/61 575/3367/61 577/3370/61 486/3404/61
f 477/3405/4 571/3363/4 575/3366/4 491/3406/4
f 470/3407/62 584/3359/62 571/3362/62 477/3408/62
f 491/3403/1 486/3404/1 594/3402/1 592/3401/1
f 486/3373/2 470/3374/2 585/3400/2 594/3399/2
f 477/3405/4 491/3406/4 592/3398/4 587/3397/4
f 470/3407/3 477/3408/3 587/3392/3 585/3391/3
f 548/3409/23 565/3410/23 611/3388/23 604/3387/23
f 565/3411/63 558/3412/63 608/3384/65 611/3383/66
f 558/3413/21 541/3414/21 597/3380/21 608/3379/21
f 541/3415/64 548/3416/64 604/3376/57 597/3375/57
f 501/3417/5 500/3418/5 2447/3419/5 2445/3420/5
f 2450/3421/6 473/3349/6 484/3348/6 2446/3422/6
f 2446/3423/4 484/3334/4 501/3333/4 2445/3424/4
f 17/3425/1 4/3426/1 2546/3427/1 2545/3428/1
f 20/3429/3 7/3430/3 15/3431/3 22/3432/3
f 22/3433/4 15/3434/4 11/3435/4 24/3436/4
f 24/3437/1 11/3438/1 4/3426/1 17/3425/1
f 30/3439/1 33/3440/1 39/3441/1 31/3442/1
f 15/3443/6 7/3444/6 4/3445/6 11/3446/6
f 33/3440/1 24/3437/1 17/3425/1 39/3441/1
f 35/3447/67 22/3433/67 24/3436/67 33/3448/67
f 38/3449/3 20/3429/3 22/3432/3 35/3450/3
f 39/3451/68 17/3452/68 20/3453/68 38/3454/68
f 63/3455/69 31/3456/69 26/3457/69 57/3458/69
f 57/3459/3 26/3460/3 28/3461/3 60/3462/3
f 60/3463/70 28/3464/70 30/3465/70 62/3466/70
f 62/3467/1 30/3439/1 31/3442/1 63/3468/1
f 28/3464/71 35/3447/71 33/3448/71 30/3465/71
f 26/3460/3 38/3449/3 35/3450/3 28/3461/3
f 31/3456/72 39/3451/72 38/3454/72 26/3457/72
f 10/3469/1 62/3467/1 63/3468/1 1/3470/1
f 73/3471/73 75/3472/73 48/3473/74 41/3474/74
f 78/3475/38 73/3476/38 41/3477/38 49/3478/38
f 79/3479/75 78/3480/75 49/3481/76 54/3482/76
f 75/3483/35 79/3484/35 54/3485/35 48/3486/35
f 66/3487/2 68/3488/2 41/3474/74 48/3473/74
f 44/3489/5 51/3490/5 55/3491/5 46/3492/5
f 68/3493/3 69/3494/3 49/3478/3 41/3477/3
f 72/3495/1 66/3496/1 48/3486/1 54/3485/1
f 69/3497/4 72/3498/4 54/3482/4 49/3481/4
f 14/3499/77 60/3463/77 62/3466/77 10/3500/77
f 6/3501/3 57/3459/3 60/3462/3 14/3502/3
f 1/3503/78 63/3455/78 57/3458/78 6/3504/78
f 14/3499/4 10/3500/4 72/3498/4 69/3497/4
f 10/3469/1 1/3470/1 66/3496/1 72/3495/1
f 6/3501/3 14/3502/3 69/3494/3 68/3493/3
f 1/3503/2 6/3504/2 68/3488/2 66/3487/2
f 46/3505/43 55/3506/43 79/3484/43 75/3483/43
f 55/3507/79 51/3508/79 78/3480/75 79/3479/75
f 51/3509/41 44/3510/41 73/3476/41 78/3475/41
f 44/3511/80 46/3512/80 75/3472/73 73/3471/73
f 20/3513/5 17/3514/5 2545/3515/5 2549/3516/5
f 2546/3517/6 4/3445/6 7/3444/6 2547/3518/6
f 7/3430/3 20/3429/3 2549/3519/3 2547/3520/3
f 102/3521/1 88/3522/1 2552/3523/1 2548/3524/1
f 104/3525/3 92/3526/3 100/3527/3 106/3528/3
f 106/3529/4 100/3530/4 96/3531/4 108/3532/4
f 108/3533/1 96/3534/1 88/3522/1 102/3521/1
f 113/3535/1 118/3536/1 123/3537/1 116/3538/1
f 100/3539/6 92/3540/6 88/3541/6 96/3542/6
f 118/3536/1 108/3533/1 102/3521/1 123/3537/1
f 119/3543/67 106/3529/67 108/3532/67 118/3544/67
f 121/3545/3 104/3525/3 106/3528/3 119/3546/3
f 123/3547/68 102/3548/68 104/3549/68 121/3550/68
f 147/3551/69 116/3552/69 110/3553/69 141/3554/69
f 141/3555/3 110/3556/3 111/3557/3 144/3558/3
f 144/3559/70 111/3560/70 113/3561/70 145/3562/70
f 145/3563/1 113/3535/1 116/3538/1 147/3564/1
f 111/3560/71 119/3543/71 118/3544/71 113/3561/71
f 110/3556/3 121/3545/3 119/3546/3 111/3557/3
f 116/3552/72 123/3547/72 121/3550/72 110/3553/72
f 94/3565/1 145/3563/1 147/3564/1 85/3566/1
f 158/3567/73 159/3568/73 132/3569/74 126/3570/74
f 162/3571/38 158/3572/38 126/3573/38 133/3574/38
f 163/3575/75 162/3576/75 133/3577/76 138/3578/76
f 159/3579/35 163/3580/35 138/3581/35 132/3582/35
f 150/3583/2 151/3584/2 126/3570/74 132/3569/74
f 127/3585/5 136/3586/5 139/3587/5 129/3588/5
f 151/3589/3 154/3590/3 133/3574/3 126/3573/3
f 155/3591/1 150/3592/1 132/3582/1 138/3581/1
f 154/3593/4 155/3594/4 138/3578/4 133/3577/4
f 98/3595/77 144/3559/77 145/3562/77 94/3596/77
f 90/3597/3 141/3555/3 144/3558/3 98/3598/3
f 85/3599/78 147/3551/78 141/3554/78 90/3600/78
f 98/3595/4 94/3596/4 155/3594/4 154/3593/4
f 94/3565/1 85/3566/1 150/3592/1 155/3591/1
f 90/3597/3 98/3598/3 154/3590/3 151/3589/3
f 85/3599/2 90/3600/2 151/3584/2 150/3583/2
f 129/3601/43 139/3602/43 163/3580/43 159/3579/43
f 139/3603/79 136/3604/79 162/3576/75 163/3575/75
f 136/3605/41 127/3606/41 158/3572/41 162/3571/41
f 127/3607/73 129/3608/73 159/3568/73 158/3567/73
f 104/3609/5 102/3610/5 2548/3611/5 2551/3612/5
f 2552/3613/6 88/3541/6 92/3540/6 2461/3614/6
f 92/3526/3 104/3525/3 2551/3615/3 2461/3616/3
f 186/3617/1 171/3618/1 2463/3619/1 2550/3620/1
f 187/3621/3 176/3622/3 184/3623/3 190/3624/3
f 190/3625/4 184/3626/4 179/3627/4 191/3628/4
f 191/3629/1 179/3630/1 171/3618/1 186/3617/1
f 197/3631/1 201/3632/1 207/3633/1 200/3634/1
f 184/3635/6 176/3636/6 171/3637/6 179/3638/6
f 201/3632/1 191/3629/1 186/3617/1 207/3633/1
f 204/3639/67 190/3625/67 191/3628/67 201/3640/67
f 206/3641/3 187/3621/3 190/3624/3 204/3642/3
f 207/3643/68 186/3644/68 187/3645/68 206/3646/68
f 231/3647/69 200/3648/69 193/3649/69 225/3650/69
f 225/3651/3 193/3652/3 195/3653/3 227/3654/3
f 227/3655/70 195/3656/70 197/3657/70 230/3658/70
f 230/3659/1 197/3631/1 200/3634/1 231/3660/1
f 195/3656/71 204/3639/71 201/3640/71 197/3657/71
f 193/3652/3 206/3641/3 204/3642/3 195/3653/3
f 200/3648/72 207/3643/72 206/3646/72 193/3649/72
f 177/3661/1 230/3659/1 231/3660/1 170/3662/1
f 242/3663/73 243/3664/73 216/3665/74 209/3666/74
f 246/3667/38 242/3668/38 209/3669/38 218/3670/38
f 248/3671/75 246/3672/75 218/3673/76 221/3674/76
f 243/3675/35 248/3676/35 221/3677/35 216/3678/35
f 233/3679/2 235/3680/2 209/3666/74 216/3665/74
f 212/3681/5 220/3682/5 224/3683/5 213/3684/5
f 235/3685/3 238/3686/3 218/3670/3 209/3669/3
f 240/3687/1 233/3688/1 216/3678/1 221/3677/1
f 238/3689/4 240/3690/4 221/3674/4 218/3673/4
f 181/3691/77 227/3655/77 230/3658/77 177/3692/77
f 174/3693/3 225/3651/3 227/3654/3 181/3694/3
f 170/3695/78 231/3647/78 225/3650/78 174/3696/78
f 181/3691/4 177/3692/4 240/3690/4 238/3689/4
f 177/3661/1 170/3662/1 233/3688/1 240/3687/1
f 174/3693/3 181/3694/3 238/3686/3 235/3685/3
f 170/3695/2 174/3696/2 235/3680/2 233/3679/2
f 213/3697/43 224/3698/43 248/3676/43 243/3675/43
f 224/3699/79 220/3700/79 246/3672/75 248/3671/75
f 220/3701/41 212/3702/41 242/3668/41 246/3667/41
f 212/3703/73 213/3704/73 243/3664/73 242/3663/73
f 187/3705/5 186/3706/5 2550/3707/5 2553/3708/5
f 2463/3709/6 171/3637/6 176/3636/6 2462/3710/6
f 176/3622/3 187/3621/3 2553/3711/3 2462/3712/3
f 270/3713/1 256/3714/1 2466/3715/1 2554/3716/1
f 271/3717/3 260/3718/3 268/3719/3 273/3720/3
f 273/3721/4 268/3722/4 264/3723/4 276/3724/4
f 276/3725/1 264/3726/1 256/3714/1 270/3713/1
f 281/3727/1 286/3728/1 292/3729/1 284/3730/1
f 268/3731/6 260/3732/6 256/3733/6 264/3734/6
f 286/3728/1 276/3725/1 270/3713/1 292/3729/1
f 287/3735/67 273/3721/67 276/3724/67 286/3736/67
f 290/3737/3 271/3717/3 273/3720/3 287/3738/3
f 292/3739/68 270/3740/68 271/3741/68 290/3742/68
f 316/3743/69 284/3744/69 278/3745/69 309/3746/69
f 309/3747/3 278/3748/3 280/3749/3 311/3750/3
f 311/3751/70 280/3752/70 281/3753/70 314/3754/70
f 314/3755/1 281/3727/1 284/3730/1 316/3756/1
f 280/3752/71 287/3735/71 286/3736/71 281/3753/71
f 278/3748/3 290/3737/3 287/3738/3 280/3749/3
f 284/3744/72 292/3739/72 290/3742/72 278/3745/72
f 262/3757/1 314/3755/1 316/3756/1 254/3758/1
f 326/3759/73 327/3760/73 300/3761/74 293/3762/74
f 330/3763/38 326/3764/38 293/3765/38 301/3766/38
f 331/3767/81 330/3768/75 301/3769/76 306/3770/76
f 327/3771/35 331/3772/35 306/3773/35 300/3774/35
f 317/3775/2 319/3776/2 293/3762/74 300/3761/74
f 296/3777/5 304/3778/5 307/3779/5 297/3780/5
f 319/3781/3 322/3782/3 301/3766/3 293/3765/3
f 324/3783/1 317/3784/1 300/3774/1 306/3773/1
f 322/3785/4 324/3786/4 306/3770/4 301/3769/4
f 265/3787/77 311/3751/77 314/3754/77 262/3788/77
f 257/3789/3 309/3747/3 311/3750/3 265/3790/3
f 254/3791/78 316/3743/78 309/3746/78 257/3792/78
f 265/3787/4 262/3788/4 324/3786/4 322/3785/4
f 262/3757/1 254/3758/1 317/3784/1 324/3783/1
f 257/3789/3 265/3790/3 322/3782/3 319/3781/3
f 254/3791/2 257/3792/2 319/3776/2 317/3775/2
f 297/3793/43 307/3794/43 331/3772/43 327/3771/43
f 307/3795/79 304/3796/79 330/3768/75 331/3767/81
f 304/3797/41 296/3798/41 326/3764/41 330/3763/41
f 296/3799/73 297/3800/73 327/3760/73 326/3759/73
f 271/3801/5 270/3802/5 2554/3803/5 2556/3804/5
f 2466/3805/6 256/3733/6 260/3732/6 2465/3806/6
f 260/3718/3 271/3717/3 2556/3807/3 2465/3808/3
f 353/3809/1 339/3810/1 2464/3811/1 2555/3812/1
f 355/3813/3 343/3814/3 352/3815/3 357/3816/3
f 357/3817/4 352/3818/4 348/3819/4 359/3820/4
f 359/3821/1 348/3822/1 339/3810/1 353/3809/1
f 365/3823/1 370/3824/1 375/3825/1 368/3826/1
f 352/3827/6 343/3828/6 339/3829/6 348/3830/6
f 370/3824/1 359/3821/1 353/3809/1 375/3825/1
f 371/3831/67 357/3817/67 359/3820/67 370/3832/67
f 374/3833/3 355/3813/3 357/3816/3 371/3834/3
f 375/3835/68 353/3836/68 355/3837/68 374/3838/68
f 400/3839/69 368/3840/69 362/3841/69 394/3842/69
f 394/3843/3 362/3844/3 364/3845/3 396/3846/3
f 396/3847/70 364/3848/70 365/3849/70 397/3850/70
f 397/3851/1 365/3823/1 368/3826/1 400/3852/1
f 364/3848/82 371/3831/82 370/3832/82 365/3849/82
f 362/3844/3 374/3833/3 371/3834/3 364/3845/3
f 368/3840/72 375/3835/72 374/3838/72 362/3841/72
f 346/3853/1 397/3851/1 400/3852/1 337/3854/1
f 409/3855/73 411/3856/73 383/3857/74 377/3858/74
f 413/3859/38 409/3860/38 377/3861/38 385/3862/38
f 415/3863/83 413/3864/83 385/3865/76 390/3866/76
f 411/3867/35 415/3868/35 390/3869/35 383/3870/35
f 401/3871/2 404/3872/2 377/3858/74 383/3857/74
f 379/3873/5 387/3874/5 392/3875/5 382/3876/5
f 404/3877/3 406/3878/3 385/3862/3 377/3861/3
f 408/3879/1 401/3880/1 383/3870/1 390/3869/1
f 406/3881/4 408/3882/4 390/3866/4 385/3865/4
f 350/3883/77 396/3847/77 397/3850/77 346/3884/77
f 342/3885/3 394/3843/3 396/3846/3 350/3886/3
f 337/3887/78 400/3839/78 394/3842/78 342/3888/78
f 350/3883/4 346/3884/4 408/3882/4 406/3881/4
f 346/3853/1 337/3854/1 401/3880/1 408/3879/1
f 342/3885/3 350/3886/3 406/3878/3 404/3877/3
f 337/3887/2 342/3888/2 404/3872/2 401/3871/2
f 382/3889/43 392/3890/43 415/3868/43 411/3867/43
f 392/3891/79 387/3892/79 413/3864/83 415/3863/83
f 387/3893/41 379/3894/41 409/3860/41 413/3859/41
f 379/3895/73 382/3896/73 411/3856/73 409/3855/73
f 355/3897/5 353/3898/5 2555/3899/5 2560/3900/5
f 2464/3901/6 339/3829/6 343/3828/6 2476/3902/6
f 343/3814/3 355/3813/3 2560/3903/3 2476/3904/3
f 438/3905/1 423/3906/1 2475/3907/1 2557/3908/1
f 440/3909/3 427/3910/3 436/3911/3 442/3912/3
f 442/3913/4 436/3914/4 431/3915/4 443/3916/4
f 443/3917/1 431/3918/1 423/3906/1 438/3905/1
f 450/3919/1 453/3920/1 459/3921/1 451/3922/1
f 436/3923/6 427/3924/6 423/3925/6 431/3926/6
f 453/3920/1 443/3917/1 438/3905/1 459/3921/1
f 455/3927/67 442/3913/67 443/3916/67 453/3928/67
f 457/3929/3 440/3909/3 442/3912/3 455/3930/3
f 459/3931/68 438/3932/68 440/3933/68 457/3934/68
f 483/3935/69 451/3936/69 446/3937/69 478/3938/69
f 478/3939/3 446/3940/3 448/3941/3 479/3942/3
f 479/3943/70 448/3944/70 450/3945/70 481/3946/70
f 481/3947/1 450/3919/1 451/3922/1 483/3948/1
f 448/3944/71 455/3927/71 453/3928/71 450/3945/71
f 446/3940/3 457/3929/3 455/3930/3 448/3941/3
f 451/3936/72 459/3931/72 457/3934/72 446/3937/72
f 429/3949/1 481/3947/1 483/3948/1 421/3950/1
f 494/3951/73 495/3952/73 467/3953/74 461/3954/74
f 497/3955/38 494/3956/38 461/3957/38 469/3958/38
f 499/3959/75 497/3960/75 469/3961/76 474/3962/76
f 495/3963/35 499/3964/35 474/3965/35 467/3966/35
f 485/3967/2 487/3968/2 461/3954/74 467/3953/74
f 463/3969/5 472/3970/5 475/3971/5 466/3972/5
f 487/3973/3 489/3974/3 469/3958/3 461/3957/3
f 492/3975/1 485/3976/1 467/3966/1 474/3965/1
f 489/3977/4 492/3978/4 474/3962/4 469/3961/4
f 434/3979/77 479/3943/77 481/3946/77 429/3980/77
f 425/3981/3 478/3939/3 479/3942/3 434/3982/3
f 421/3983/78 483/3935/78 478/3938/78 425/3984/78
f 434/3979/4 429/3980/4 492/3978/4 489/3977/4
f 429/3949/1 421/3950/1 485/3976/1 492/3975/1
f 425/3981/3 434/3982/3 489/3974/3 487/3973/3
f 421/3983/2 425/3984/2 487/3968/2 485/3967/2
f 466/3985/43 475/3986/43 499/3964/43 495/3963/43
f 475/3987/79 472/3988/79 497/3960/75 499/3959/75
f 472/3989/41 463/3990/41 494/3956/41 497/3955/41
f 463/3991/73 466/3992/73 495/3952/73 494/3951/73
f 440/3993/5 438/3994/5 2557/3995/5 2559/3996/5
f 2475/3997/6 423/3925/6 427/3924/6 2467/3998/6
f 427/3910/3 440/3909/3 2559/3999/3 2467/4000/3
f 522/4001/1 508/4002/1 2468/4003/1 2558/4004/1
f 523/4005/3 512/4006/3 520/4007/3 526/4008/3
f 526/4009/4 520/4010/4 515/4011/4 527/4012/4
f 527/4013/1 515/4014/1 508/4002/1 522/4001/1
f 533/4015/1 538/4016/1 544/4017/1 535/4018/1
f 520/4019/6 512/4020/6 508/4021/6 515/4022/6
f 538/4016/1 527/4013/1 522/4001/1 544/4017/1
f 540/4023/67 526/4009/67 527/4012/67 538/4024/67
f 542/4025/3 523/4005/3 526/4008/3 540/4026/3
f 544/4027/68 522/4028/68 523/4029/68 542/4030/68
f 568/4031/69 535/4032/69 529/4033/69 561/4034/69
f 561/4035/3 529/4036/3 531/4037/3 564/4038/3
f 564/4039/70 531/4040/70 533/4041/70 566/4042/70
f 566/4043/1 533/4015/1 535/4018/1 568/4044/1
f 531/4040/71 540/4023/71 538/4024/71 533/4041/71
f 529/4036/3 542/4025/3 540/4026/3 531/4037/3
f 535/4032/72 544/4027/72 542/4030/72 529/4033/72
f 513/4045/1 566/4043/1 568/4044/1 505/4046/1
f 578/4047/73 580/4048/73 551/4049/74 545/4050/74
f 582/4051/38 578/4052/38 545/4053/38 553/4054/38
f 583/4055/75 582/4056/81 553/4057/76 557/4058/76
f 580/4059/35 583/4060/35 557/4061/35 551/4062/35
f 570/4063/2 572/4064/2 545/4050/74 551/4049/74
f 547/4065/5 556/4066/5 560/4067/5 550/4068/5
f 572/4069/3 574/4070/3 553/4054/3 545/4053/3
f 576/4071/1 570/4072/1 551/4062/1 557/4061/1
f 574/4073/4 576/4074/4 557/4058/4 553/4057/4
f 518/4075/77 564/4039/77 566/4042/77 513/4076/77
f 510/4077/3 561/4035/3 564/4038/3 518/4078/3
f 505/4079/78 568/4031/78 561/4034/78 510/4080/78
f 518/4075/4 513/4076/4 576/4074/4 574/4073/4
f 513/4045/1 505/4046/1 570/4072/1 576/4071/1
f 510/4077/3 518/4078/3 574/4070/3 572/4069/3
f 505/4079/2 510/4080/2 572/4064/2 570/4063/2
f 550/4081/43 560/4082/43 583/4060/43 580/4059/43
f 560/4083/79 556/4084/79 582/4056/81 583/4055/75
f 556/4085/41 547/4086/41 578/4052/41 582/4051/41
f 547/4087/73 550/4088/73 580/4048/73 578/4047/73
f 523/4089/5 522/4090/5 2558/4091/5 2470/4092/5
f 2468/4093/6 508/4021/6 512/4020/6 2473/4094/6
f 512/4006/3 523/4005/3 2470/4095/3 2473/4096/3
f 605/4097/1 591/4098/1 2474/4099/1 2469/4100/1
f 607/4101/3 596/4102/3 603/4103/3 609/4104/3
f 609/4105/4 603/4106/4 600/4107/4 612/4108/4
f 612/4109/1 600/4110/1 591/4098/1 605/4097/1
f 617/4111/1 621/4112/1 627/4113/1 619/4114/1
f 603/4115/6 596/4116/6 591/4117/6 600/4118/6
f 621/4112/1 612/4109/1 605/4097/1 627/4113/1
f 624/4119/67 609/4105/67 612/4108/67 621/4120/67
f 625/4121/3 607/4101/3 609/4104/3 624/4122/3
f 627/4123/68 605/4124/68 607/4125/68 625/4126/68
f 652/4127/69 619/4128/69 614/4129/69 645/4130/69
f 645/4131/3 614/4132/3 615/4133/3 647/4134/3
f 647/4135/70 615/4136/70 617/4137/70 649/4138/70
f 649/4139/1 617/4111/1 619/4114/1 652/4140/1
f 615/4136/71 624/4119/71 621/4120/71 617/4137/71
f 614/4132/3 625/4121/3 624/4122/3 615/4133/3
f 619/4128/72 627/4123/72 625/4126/72 614/4129/72
f 598/4141/1 649/4139/1 652/4140/1 590/4142/1
f 661/4143/73 663/4144/73 635/4145/74 629/4146/74
f 666/4147/38 661/4148/38 629/4149/38 638/4150/38
f 667/4151/75 666/4152/75 638/4153/76 642/4154/76
f 663/4155/35 667/4156/35 642/4157/35 635/4158/35
f 653/4159/2 656/4160/2 629/4146/74 635/4145/74
f 632/4161/5 639/4162/5 643/4163/5 634/4164/5
f 656/4165/3 657/4166/3 638/4150/3 629/4149/3
f 660/4167/1 653/4168/1 635/4158/1 642/4157/1
f 657/4169/4 660/4170/4 642/4154/4 638/4153/4
f 601/4171/77 647/4135/77 649/4138/77 598/4172/77
f 593/4173/3 645/4131/3 647/4134/3 601/4174/3
f 590/4175/78 652/4127/78 645/4130/78 593/4176/78
f 601/4171/4 598/4172/4 660/4170/4 657/4169/4
f 598/4141/1 590/4142/1 653/4168/1 660/4167/1
f 593/4173/3 601/4174/3 657/4166/3 656/4165/3
f 590/4175/2 593/4176/2 656/4160/2 653/4159/2
f 634/4177/43 643/4178/43 667/4156/43 663/4155/43
f 643/4179/79 639/4180/79 666/4152/75 667/4151/75
f 639/4181/41 632/4182/41 661/4148/41 666/4147/41
f 632/4183/73 634/4184/73 663/4144/73 661/4143/73
f 607/4185/5 605/4186/5 2469/4187/5 2471/4188/5
f 2474/4189/6 591/4117/6 596/4116/6 2472/4190/6
f 596/4102/3 607/4101/3 2471/4191/3 2472/4192/3
f 690/4193/1 675/4194/1 2478/4195/1 2477/4196/1
f 692/4197/3 679/4198/3 687/4199/3 694/4200/3
f 694/4201/4 687/4202/4 684/4203/4 695/4204/4
f 695/4205/1 684/4206/1 675/4194/1 690/4193/1
f 702/4207/1 705/4208/1 712/4209/1 703/4210/1
f 687/4211/6 679/4212/6 675/4213/6 684/4214/6
f 705/4208/1 695/4205/1 690/4193/1 712/4209/1
f 708/4215/67 694/4201/67 695/4204/67 705/4216/67
f 709/4217/3 692/4197/3 694/4200/3 708/4218/3
f 712/4219/68 690/4220/68 692/4221/68 709/4222/68
f 735/4223/69 703/4224/69 698/4225/69 729/4226/69
f 729/4227/3 698/4228/3 699/4229/3 731/4230/3
f 731/4231/70 699/4232/70 702/4233/70 734/4234/70
f 734/4235/1 702/4207/1 703/4210/1 735/4236/1
f 699/4232/82 708/4215/82 705/4216/82 702/4233/82
f 698/4228/3 709/4217/3 708/4218/3 699/4229/3
f 703/4224/72 712/4219/72 709/4222/72 698/4225/72
f 681/4237/1 734/4235/1 735/4236/1 674/4238/1
f 745/4239/73 748/4240/73 720/4241/74 714/4242/74
f 749/4243/38 745/4244/38 714/4245/38 721/4246/38
f 752/4247/83 749/4248/83 721/4249/76 725/4250/76
f 748/4251/35 752/4252/35 725/4253/35 720/4254/35
f 737/4255/2 739/4256/2 714/4242/74 720/4241/74
f 715/4257/5 723/4258/5 728/4259/5 717/4260/5
f 739/4261/3 742/4262/3 721/4246/3 714/4245/3
f 744/4263/1 737/4264/1 720/4254/1 725/4253/1
f 742/4265/4 744/4266/4 725/4250/4 721/4249/4
f 685/4267/77 731/4231/77 734/4234/77 681/4268/77
f 678/4269/3 729/4227/3 731/4230/3 685/4270/3
f 674/4271/78 735/4223/78 729/4226/78 678/4272/78
f 685/4267/4 681/4268/4 744/4266/4 742/4265/4
f 681/4237/1 674/4238/1 737/4264/1 744/4263/1
f 678/4269/3 685/4270/3 742/4262/3 739/4261/3
f 674/4271/2 678/4272/2 739/4256/2 737/4255/2
f 717/4273/43 728/4274/43 752/4252/43 748/4251/43
f 728/4275/79 723/4276/79 749/4248/83 752/4247/83
f 723/4277/41 715/4278/41 745/4244/41 749/4243/41
f 715/4279/73 717/4280/73 748/4240/73 745/4239/73
f 692/4281/5 690/4282/5 2477/4283/5 2480/4284/5
f 2478/4285/6 675/4213/6 679/4212/6 2482/4286/6
f 679/4198/3 692/4197/3 2480/4287/3 2482/4288/3
f 774/4289/1 759/4290/1 2481/4291/1 2479/4292/1
f 776/4293/3 764/4294/3 772/4295/3 778/4296/3
f 778/4297/4 772/4298/4 768/4299/4 780/4300/4
f 780/4301/1 768/4302/1 759/4290/1 774/4289/1
f 785/4303/1 789/4304/1 795/4305/1 788/4306/1
f 772/4307/6 764/4308/6 759/4309/6 768/4310/6
f 789/4304/1 780/4301/1 774/4289/1 795/4305/1
f 791/4311/67 778/4297/67 780/4300/67 789/4312/67
f 793/4313/3 776/4293/3 778/4296/3 791/4314/3
f 795/4315/68 774/4316/68 776/4317/68 793/4318/68
f 820/4319/69 788/4320/69 782/4321/69 813/4322/69
f 813/4323/3 782/4324/3 783/4325/3 816/4326/3
f 816/4327/70 783/4328/70 785/4329/70 818/4330/70
f 818/4331/1 785/4303/1 788/4306/1 820/4332/1
f 783/4328/71 791/4311/71 789/4312/71 785/4329/71
f 782/4324/3 793/4313/3 791/4314/3 783/4325/3
f 788/4320/72 795/4315/72 793/4318/72 782/4321/72
f 766/4333/1 818/4331/1 820/4332/1 757/4334/1
f 829/4335/73 831/4336/73 804/4337/74 797/4338/74
f 833/4339/38 829/4340/38 797/4341/38 805/4342/38
f 836/4343/75 833/4344/75 805/4345/76 810/4346/76
f 831/4347/35 836/4348/35 810/4349/35 804/4350/35
f 821/4351/2 823/4352/2 797/4338/74 804/4337/74
f 800/4353/5 807/4354/5 812/4355/5 802/4356/5
f 823/4357/3 825/4358/3 805/4342/3 797/4341/3
f 828/4359/1 821/4360/1 804/4350/1 810/4349/1
f 825/4361/4 828/4362/4 810/4346/4 805/4345/4
f 769/4363/77 816/4327/77 818/4330/77 766/4364/77
f 762/4365/3 813/4323/3 816/4326/3 769/4366/3
f 757/4367/78 820/4319/78 813/4322/78 762/4368/78
f 769/4363/4 766/4364/4 828/4362/4 825/4361/4
f 766/4333/1 757/4334/1 821/4360/1 828/4359/1
f 762/4365/3 769/4366/3 825/4358/3 823/4357/3
f 757/4367/2 762/4368/2 823/4352/2 821/4351/2
f 802/4369/43 812/4370/43 836/4348/43 831/4347/43
f 812/4371/79 807/4372/79 833/4344/75 836/4343/75
f 807/4373/41 800/4374/41 829/4340/41 833/4339/41
f 800/4375/73 802/4376/73 831/4336/73 829/4335/73
f 776/4377/5 774/4378/5 2479/4379/5 2483/4380/5
f 2481/4381/6 759/4309/6 764/4308/6 2484/4382/6
f 764/4294/3 776/4293/3 2483/4383/3 2484/4384/3
f 857/4385/1 843/4386/1 2485/4387/1 2487/4388/1
f 860/4389/3 847/4390/3 856/4391/3 861/4392/3
f 861/4393/4 856/4394/4 851/4395/4 864/4396/4
f 864/4397/1 851/4398/1 843/4386/1 857/4385/1
f 870/4399/1 874/4400/1 880/4401/1 871/4402/1
f 856/4403/6 847/4404/6 843/4405/6 851/4406/6
f 874/4400/1 864/4397/1 857/4385/1 880/4401/1
f 875/4407/67 861/4393/67 864/4396/67 874/4408/67
f 877/4409/3 860/4389/3 861/4392/3 875/4410/3
f 880/4411/68 857/4412/68 860/4413/68 877/4414/68
f 904/4415/69 871/4416/69 866/4417/69 897/4418/69
f 897/4419/3 866/4420/3 867/4421/3 899/4422/3
f 899/4423/70 867/4424/70 870/4425/70 902/4426/70
f 902/4427/1 870/4399/1 871/4402/1 904/4428/1
f 867/4424/71 875/4407/71 874/4408/71 870/4425/71
f 866/4420/3 877/4409/3 875/4410/3 867/4421/3
f 871/4416/72 880/4411/72 877/4414/72 866/4417/72
f 850/4429/1 902/4427/1 904/4428/1 841/4430/1
f 914/4431/73 915/4432/73 888/4433/74 881/4434/74
f 917/4435/38 914/4436/38 881/4437/38 889/4438/38
f 920/4439/75 917/4440/81 889/4441/76 894/4442/76
f 915/4443/35 920/4444/35 894/4445/35 888/4446/35
f 906/4447/2 908/4448/2 881/4434/74 888/4433/74
f 883/4449/5 891/4450/5 895/4451/5 885/4452/5
f 908/4453/3 909/4454/3 889/4438/3 881/4437/3
f 911/4455/1 906/4456/1 888/4446/1 894/4445/1
f 909/4457/4 911/4458/4 894/4442/4 889/4441/4
f 854/4459/77 899/4423/77 902/4426/77 850/4460/77
f 845/4461/3 897/4419/3 899/4422/3 854/4462/3
f 841/4463/78 904/4415/78 897/4418/78 845/4464/78
f 854/4459/4 850/4460/4 911/4458/4 909/4457/4
f 850/4429/1 841/4430/1 906/4456/1 911/4455/1
f 845/4461/3 854/4462/3 909/4454/3 908/4453/3
f 841/4463/2 845/4464/2 908/4448/2 906/4447/2
f 885/4465/43 895/4466/43 920/4444/43 915/4443/43
f 895/4467/79 891/4468/79 917/4440/81 920/4439/75
f 891/4469/41 883/4470/41 914/4436/41 917/4435/41
f 883/4471/73 885/4472/73 915/4432/73 914/4431/73
f 860/4473/5 857/4474/5 2487/4475/5 2486/4476/5
f 2485/4477/6 843/4405/6 847/4404/6 2498/4478/6
f 847/4390/3 860/4389/3 2486/4479/3 2498/4480/3
f 942/4481/1 928/4482/1 2488/4483/1 2491/4484/1
f 943/4485/3 931/4486/3 940/4487/3 946/4488/3
f 946/4489/4 940/4490/4 935/4491/4 948/4492/4
f 948/4493/1 935/4494/1 928/4482/1 942/4481/1
f 954/4495/1 958/4496/1 963/4497/1 956/4498/1
f 940/4499/6 931/4500/6 928/4501/6 935/4502/6
f 958/4496/1 948/4493/1 942/4481/1 963/4497/1
f 959/4503/67 946/4489/67 948/4492/67 958/4504/67
f 962/4505/3 943/4485/3 946/4488/3 959/4506/3
f 963/4507/68 942/4508/68 943/4509/68 962/4510/68
f 987/4511/69 956/4512/69 949/4513/69 982/4514/69
f 982/4515/3 949/4516/3 951/4517/3 984/4518/3
f 984/4519/70 951/4520/70 954/4521/70 985/4522/70
f 985/4523/1 954/4495/1 956/4498/1 987/4524/1
f 951/4520/71 959/4503/71 958/4504/71 954/4521/71
f 949/4516/3 962/4505/3 959/4506/3 951/4517/3
f 956/4512/72 963/4507/72 962/4510/72 949/4513/72
f 934/4525/1 985/4523/1 987/4524/1 925/4526/1
f 998/4527/73 999/4528/73 971/4529/74 966/4530/74
f 1002/4531/38 998/4532/38 966/4533/38 974/4534/38
f 1004/4535/83 1002/4536/83 974/4537/76 978/4538/76
f 999/4539/35 1004/4540/35 978/4541/35 971/4542/35
f 990/4543/2 992/4544/2 966/4530/74 971/4529/74
f 967/4545/5 976/4546/5 980/4547/5 970/4548/5
f 992/4549/3 993/4550/3 974/4534/3 966/4533/3
f 995/4551/1 990/4552/1 971/4542/1 978/4541/1
f 993/4553/4 995/4554/4 978/4538/4 974/4537/4
f 937/4555/77 984/4519/77 985/4522/77 934/4556/77
f 929/4557/3 982/4515/3 984/4518/3 937/4558/3
f 925/4559/78 987/4511/78 982/4514/78 929/4560/78
f 937/4555/4 934/4556/4 995/4554/4 993/4553/4
f 934/4525/1 925/4526/1 990/4552/1 995/4551/1
f 929/4557/3 937/4558/3 993/4550/3 992/4549/3
f 925/4559/2 929/4560/2 992/4544/2 990/4543/2
f 970/4561/43 980/4562/43 1004/4540/43 999/4539/43
f 980/4563/79 976/4564/79 1002/4536/83 1004/4535/83
f 976/4565/41 967/4566/41 998/4532/41 1002/4531/41
f 967/4567/73 970/4568/73 999/4528/73 998/4527/73
f 943/4569/5 942/4570/5 2491/4571/5 2489/4572/5
f 2488/4573/6 928/4501/6 931/4500/6 2492/4574/6
f 931/4486/3 943/4485/3 2489/4575/3 2492/4576/3
f 1025/4577/1 1012/4578/1 2497/4579/1 2490/4580/1
f 1028/4581/3 1015/4582/3 1024/4583/3 1029/4584/3
f 1029/4585/4 1024/4586/4 1020/4587/4 1032/4588/4
f 1032/4589/1 1020/4590/1 1012/4578/1 1025/4577/1
f 1038/4591/1 1041/4592/1 1047/4593/1 1040/4594/1
f 1024/4595/6 1015/4596/6 1012/4597/6 1020/4598/6
f 1041/4592/1 1032/4589/1 1025/4577/1 1047/4593/1
f 1043/4599/67 1029/4585/67 1032/4588/67 1041/4600/67
f 1046/4601/3 1028/4581/3 1029/4584/3 1043/4602/3
f 1047/4603/68 1025/4604/68 1028/4605/68 1046/4606/68
f 1071/4607/69 1040/4608/69 1033/4609/69 1066/4610/69
f 1066/4611/3 1033/4612/3 1035/4613/3 1067/4614/3
f 1067/4615/70 1035/4616/70 1038/4617/70 1069/4618/70
f 1069/4619/1 1038/4591/1 1040/4594/1 1071/4620/1
f 1035/4616/71 1043/4599/71 1041/4600/71 1038/4617/71
f 1033/4612/3 1046/4601/3 1043/4602/3 1035/4613/3
f 1040/4608/72 1047/4603/72 1046/4606/72 1033/4609/72
f 1017/4621/1 1069/4619/1 1071/4620/1 1009/4622/1
f 1082/4623/73 1083/4624/73 1056/4625/84 1049/4626/84
f 1085/4627/38 1082/4628/38 1049/4629/38 1058/4630/38
f 1088/4631/83 1085/4632/83 1058/4633/76 1062/4634/76
f 1083/4635/35 1088/4636/35 1062/4637/35 1056/4638/35
f 1073/4639/2 1075/4640/2 1049/4626/84 1056/4625/84
f 1051/4641/5 1059/4642/5 1064/4643/5 1053/4644/5
f 1075/4645/3 1078/4646/3 1058/4630/3 1049/4629/3
f 1080/4647/1 1073/4648/1 1056/4638/1 1062/4637/1
f 1078/4649/4 1080/4650/4 1062/4634/4 1058/4633/4
f 1022/4651/77 1067/4615/77 1069/4618/77 1017/4652/77
f 1014/4653/3 1066/4611/3 1067/4614/3 1022/4654/3
f 1009/4655/78 1071/4607/78 1066/4610/78 1014/4656/78
f 1022/4651/4 1017/4652/4 1080/4650/4 1078/4649/4
f 1017/4621/1 1009/4622/1 1073/4648/1 1080/4647/1
f 1014/4653/3 1022/4654/3 1078/4646/3 1075/4645/3
f 1009/4655/2 1014/4656/2 1075/4640/2 1073/4639/2
f 1053/4657/43 1064/4658/43 1088/4636/43 1083/4635/43
f 1064/4659/79 1059/4660/79 1085/4632/83 1088/4631/83
f 1059/4661/41 1051/4662/41 1082/4628/41 1085/4627/41
f 1051/4663/73 1053/4664/73 1083/4624/73 1082/4623/73
f 1028/4665/5 1025/4666/5 2490/4667/5 2493/4668/5
f 2497/4669/6 1012/4597/6 1015/4596/6 2494/4670/6
f 1015/4582/3 1028/4581/3 2493/4671/3 2494/4672/3
f 1109/4673/1 1096/4674/1 2496/4675/1 2495/4676/1
f 1112/4677/3 1100/4678/3 1107/4679/3 1114/4680/3
f 1114/4681/4 1107/4682/4 1104/4683/4 1115/4684/4
f 1115/4685/1 1104/4686/1 1096/4674/1 1109/4673/1
f 1121/4687/1 1126/4688/1 1131/4689/1 1124/4690/1
f 1107/4691/6 1100/4692/6 1096/4693/6 1104/4694/6
f 1126/4688/1 1115/4685/1 1109/4673/1 1131/4689/1
f 1127/4695/67 1114/4681/67 1115/4684/67 1126/4696/67
f 1129/4697/3 1112/4677/3 1114/4680/3 1127/4698/3
f 1131/4699/68 1109/4700/68 1112/4701/68 1129/4702/68
f 1155/4703/69 1124/4704/69 1117/4705/69 1149/4706/69
f 1149/4707/3 1117/4708/3 1120/4709/3 1152/4710/3
f 1152/4711/70 1120/4712/70 1121/4713/70 1154/4714/70
f 1154/4715/1 1121/4687/1 1124/4690/1 1155/4716/1
f 1120/4712/71 1127/4695/71 1126/4696/71 1121/4713/71
f 1117/4708/3 1129/4697/3 1127/4698/3 1120/4709/3
f 1124/4704/72 1131/4699/72 1129/4702/72 1117/4705/72
f 1102/4717/1 1154/4715/1 1155/4716/1 1094/4718/1
f 1165/4719/73 1168/4720/73 1140/4721/74 1134/4722/74
f 1170/4723/38 1165/4724/38 1134/4725/38 1141/4726/38
f 1171/4727/75 1170/4728/83 1141/4729/76 1146/4730/76
f 1168/4731/35 1171/4732/35 1146/4733/35 1140/4734/35
f 1157/4735/2 1160/4736/2 1134/4722/74 1140/4721/74
f 1136/4737/5 1143/4738/5 1148/4739/5 1137/4740/5
f 1160/4741/3 1161/4742/3 1141/4726/3 1134/4725/3
f 1163/4743/1 1157/4744/1 1140/4734/1 1146/4733/1
f 1161/4745/4 1163/4746/4 1146/4730/4 1141/4729/4
f 1106/4747/77 1152/4711/77 1154/4714/77 1102/4748/77
f 1097/4749/3 1149/4707/3 1152/4710/3 1106/4750/3
f 1094/4751/78 1155/4703/78 1149/4706/78 1097/4752/78
f 1106/4747/4 1102/4748/4 1163/4746/4 1161/4745/4
f 1102/4717/1 1094/4718/1 1157/4744/1 1163/4743/1
f 1097/4749/3 1106/4750/3 1161/4742/3 1160/4741/3
f 1094/4751/2 1097/4752/2 1160/4736/2 1157/4735/2
f 1137/4753/43 1148/4754/43 1171/4732/43 1168/4731/43
f 1148/4755/79 1143/4756/79 1170/4728/83 1171/4727/75
f 1143/4757/41 1136/4758/41 1165/4724/41 1170/4723/41
f 1136/4759/73 1137/4760/73 1168/4720/73 1165/4719/73
f 1112/4761/5 1109/4762/5 2495/4763/5 2544/4764/5
f 2496/4765/6 1096/4693/6 1100/4692/6 2500/4766/6
f 1100/4678/3 1112/4677/3 2544/4767/3 2500/4768/3
f 1194/4769/1 1180/4770/1 2499/4771/1 2503/4772/1
f 1195/4773/3 1184/4774/3 1192/4775/3 1197/4776/3
f 1197/4777/4 1192/4778/4 1188/4779/4 1200/4780/4
f 1200/4781/1 1188/4782/1 1180/4770/1 1194/4769/1
f 1206/4783/1 1210/4784/1 1216/4785/1 1207/4786/1
f 1192/4787/6 1184/4788/6 1180/4789/6 1188/4790/6
f 1210/4784/1 1200/4781/1 1194/4769/1 1216/4785/1
f 1211/4791/67 1197/4777/67 1200/4780/67 1210/4792/67
f 1213/4793/3 1195/4773/3 1197/4776/3 1211/4794/3
f 1216/4795/68 1194/4796/68 1195/4797/68 1213/4798/68
f 1239/4799/69 1207/4800/69 1202/4801/69 1234/4802/69
f 1234/4803/3 1202/4804/3 1204/4805/3 1236/4806/3
f 1236/4807/70 1204/4808/70 1206/4809/70 1237/4810/70
f 1237/4811/1 1206/4783/1 1207/4786/1 1239/4812/1
f 1204/4808/71 1211/4791/71 1210/4792/71 1206/4809/71
f 1202/4804/3 1213/4793/3 1211/4794/3 1204/4805/3
f 1207/4800/72 1216/4795/72 1213/4798/72 1202/4801/72
f 1186/4813/1 1237/4811/1 1239/4812/1 1177/4814/1
f 1249/4815/73 1251/4816/73 1224/4817/74 1217/4818/74
f 1254/4819/38 1249/4820/38 1217/4821/38 1225/4822/38
f 1256/4823/75 1254/4824/75 1225/4825/76 1230/4826/76
f 1251/4827/35 1256/4828/35 1230/4829/35 1224/4830/35
f 1241/4831/2 1243/4832/2 1217/4818/74 1224/4817/74
f 1220/4833/5 1228/4834/5 1232/4835/5 1221/4836/5
f 1243/4837/3 1246/4838/3 1225/4822/3 1217/4821/3
f 1247/4839/1 1241/4840/1 1224/4830/1 1230/4829/1
f 1246/4841/4 1247/4842/4 1230/4826/4 1225/4825/4
f 1190/4843/77 1236/4807/77 1237/4810/77 1186/4844/77
f 1182/4845/3 1234/4803/3 1236/4806/3 1190/4846/3
f 1177/4847/78 1239/4799/78 1234/4802/78 1182/4848/78
f 1190/4843/4 1186/4844/4 1247/4842/4 1246/4841/4
f 1186/4813/1 1177/4814/1 1241/4840/1 1247/4839/1
f 1182/4845/3 1190/4846/3 1246/4838/3 1243/4837/3
f 1177/4847/2 1182/4848/2 1243/4832/2 1241/4831/2
f 1221/4849/43 1232/4850/43 1256/4828/43 1251/4827/43
f 1232/4851/79 1228/4852/79 1254/4824/75 1256/4823/75
f 1228/4853/41 1220/4854/41 1249/4820/41 1254/4819/41
f 1220/4855/73 1221/4856/73 1251/4816/73 1249/4815/73
f 1195/4857/5 1194/4858/5 2503/4859/5 2501/4860/5
f 2499/4861/6 1180/4789/6 1184/4788/6 2502/4862/6
f 1184/4774/3 1195/4773/3 2501/4863/3 2502/4864/3
f 1277/4865/1 1264/4866/1 2504/4867/1 2509/4868/1
f 1279/4869/3 1267/4870/3 1275/4871/3 1281/4872/3
f 1281/4873/4 1275/4874/4 1272/4875/4 1283/4876/4
f 1283/4877/1 1272/4878/1 1264/4866/1 1277/4865/1
f 1290/4879/1 1294/4880/1 1299/4881/1 1292/4882/1
f 1275/4883/6 1267/4884/6 1264/4885/6 1272/4886/6
f 1294/4880/1 1283/4877/1 1277/4865/1 1299/4881/1
f 1296/4887/67 1281/4873/67 1283/4876/67 1294/4888/67
f 1297/4889/3 1279/4869/3 1281/4872/3 1296/4890/3
f 1299/4891/68 1277/4892/68 1279/4893/68 1297/4894/68
f 1323/4895/69 1292/4896/69 1286/4897/69 1318/4898/69
f 1318/4899/3 1286/4900/3 1288/4901/3 1319/4902/3
f 1319/4903/70 1288/4904/70 1290/4905/70 1322/4906/70
f 1322/4907/1 1290/4879/1 1292/4882/1 1323/4908/1
f 1288/4904/71 1296/4887/71 1294/4888/71 1290/4905/71
f 1286/4900/3 1297/4889/3 1296/4890/3 1288/4901/3
f 1292/4896/72 1299/4891/72 1297/4894/72 1286/4897/72
f 1270/4909/1 1322/4907/1 1323/4908/1 1262/4910/1
f 1333/4911/73 1336/4912/73 1308/4913/84 1301/4914/84
f 1338/4915/38 1333/4916/38 1301/4917/38 1309/4918/38
f 1340/4919/83 1338/4920/75 1309/4921/76 1314/4922/76
f 1336/4923/35 1340/4924/35 1314/4925/35 1308/4926/35
f 1325/4927/2 1327/4928/2 1301/4914/84 1308/4913/84
f 1303/4929/5 1312/4930/5 1315/4931/5 1305/4932/5
f 1327/4933/3 1330/4934/3 1309/4918/3 1301/4917/3
f 1332/4935/1 1325/4936/1 1308/4926/1 1314/4925/1
f 1330/4937/4 1332/4938/4 1314/4922/4 1309/4921/4
f 1273/4939/77 1319/4903/77 1322/4906/77 1270/4940/77
f 1266/4941/3 1318/4899/3 1319/4902/3 1273/4942/3
f 1262/4943/78 1323/4895/78 1318/4898/78 1266/4944/78
f 1273/4939/4 1270/4940/4 1332/4938/4 1330/4937/4
f 1270/4909/1 1262/4910/1 1325/4936/1 1332/4935/1
f 1266/4941/3 1273/4942/3 1330/4934/3 1327/4933/3
f 1262/4943/2 1266/4944/2 1327/4928/2 1325/4927/2
f 1305/4945/43 1315/4946/43 1340/4924/43 1336/4923/43
f 1315/4947/79 1312/4948/79 1338/4920/75 1340/4919/83
f 1312/4949/41 1303/4950/41 1333/4916/41 1338/4915/41
f 1303/4951/73 1305/4952/73 1336/4912/73 1333/4911/73
f 1279/4953/5 1277/4954/5 2509/4955/5 2505/4956/5
f 2504/4957/6 1264/4885/6 1267/4884/6 2508/4958/6
f 1267/4870/3 1279/4869/3 2505/4959/3 2508/4960/3
f 1361/4961/1 1347/4962/1 2507/4963/1 2506/4964/1
f 1364/4965/3 1351/4966/3 1359/4967/3 1366/4968/3
f 1366/4969/4 1359/4970/4 1355/4971/4 1368/4972/4
f 1368/4973/1 1355/4974/1 1347/4962/1 1361/4961/1
f 1373/4975/1 1378/4976/1 1384/4977/1 1376/4978/1
f 1359/4979/6 1351/4980/6 1347/4981/6 1355/4982/6
f 1378/4976/1 1368/4973/1 1361/4961/1 1384/4977/1
f 1379/4983/67 1366/4969/67 1368/4972/67 1378/4984/67
f 1382/4985/3 1364/4965/3 1366/4968/3 1379/4986/3
f 1384/4987/68 1361/4988/68 1364/4989/68 1382/4990/68
f 1407/4991/69 1376/4992/69 1369/4993/69 1401/4994/69
f 1401/4995/3 1369/4996/3 1371/4997/3 1404/4998/3
f 1404/4999/70 1371/5000/70 1373/5001/70 1406/5002/70
f 1406/5003/1 1373/4975/1 1376/4978/1 1407/5004/1
f 1371/5000/71 1379/4983/71 1378/4984/71 1373/5001/71
f 1369/4996/3 1382/4985/3 1379/4986/3 1371/4997/3
f 1376/4992/85 1384/4987/85 1382/4990/85 1369/4993/85
f 1354/5005/1 1406/5003/1 1407/5004/1 1345/5006/1
f 1418/5007/73 1419/5008/73 1391/5009/74 1385/5010/74
f 1421/5011/38 1418/5012/38 1385/5013/38 1393/5014/38
f 1423/5015/75 1421/5016/83 1393/5017/76 1397/5018/76
f 1419/5019/35 1423/5020/35 1397/5021/35 1391/5022/35
f 1410/5023/2 1412/5024/2 1385/5010/74 1391/5009/74
f 1388/5025/5 1396/5026/5 1399/5027/5 1389/5028/5
f 1412/5029/3 1413/5030/3 1393/5014/3 1385/5013/3
f 1415/5031/1 1410/5032/1 1391/5022/1 1397/5021/1
f 1413/5033/4 1415/5034/4 1397/5018/4 1393/5017/4
f 1357/5035/77 1404/4999/77 1406/5002/77 1354/5036/77
f 1350/5037/3 1401/4995/3 1404/4998/3 1357/5038/3
f 1345/5039/78 1407/4991/78 1401/4994/78 1350/5040/78
f 1357/5035/4 1354/5036/4 1415/5034/4 1413/5033/4
f 1354/5005/1 1345/5006/1 1410/5032/1 1415/5031/1
f 1350/5037/3 1357/5038/3 1413/5030/3 1412/5029/3
f 1345/5039/2 1350/5040/2 1412/5024/2 1410/5023/2
f 1389/5041/43 1399/5042/43 1423/5020/43 1419/5019/43
f 1399/5043/79 1396/5044/79 1421/5016/83 1423/5015/75
f 1396/5045/41 1388/5046/41 1418/5012/41 1421/5011/41
f 1388/5047/73 1389/5048/73 1419/5008/73 1418/5007/73
f 1364/5049/5 1361/5050/5 2506/5051/5 2511/5052/5
f 2507/5053/6 1347/4981/6 1351/4980/6 2515/5054/6
f 1351/4966/3 1364/4965/3 2511/5055/3 2515/5056/3
f 1445/5057/1 1431/5058/1 2514/5059/1 2510/5060/1
f 1448/5061/3 1436/5062/3 1444/5063/3 1450/5064/3
f 1450/5065/4 1444/5066/4 1439/5067/4 1452/5068/4
f 1452/5069/1 1439/5070/1 1431/5058/1 1445/5057/1
f 1458/5071/1 1462/5072/1 1468/5073/1 1459/5074/1
f 1444/5075/6 1436/5076/6 1431/5077/6 1439/5078/6
f 1462/5072/1 1452/5069/1 1445/5057/1 1468/5073/1
f 1464/5079/67 1450/5065/67 1452/5068/67 1462/5080/67
f 1466/5081/3 1448/5061/3 1450/5064/3 1464/5082/3
f 1468/5083/68 1445/5084/68 1448/5085/68 1466/5086/68
f 1492/5087/69 1459/5088/69 1453/5089/69 1485/5090/69
f 1485/5091/3 1453/5092/3 1456/5093/3 1487/5094/3
f 1487/5095/70 1456/5096/70 1458/5097/70 1490/5098/70
f 1490/5099/1 1458/5071/1 1459/5074/1 1492/5100/1
f 1456/5096/71 1464/5079/71 1462/5080/71 1458/5097/71
f 1453/5092/3 1466/5081/3 1464/5082/3 1456/5093/3
f 1459/5088/85 1468/5083/85 1466/5086/85 1453/5089/85
f 1437/5101/1 1490/5099/1 1492/5100/1 1430/5102/1
f 1501/5103/73 1504/5104/73 1475/5105/74 1469/5106/74
f 1506/5107/38 1501/5108/38 1469/5109/38 1477/5110/38
f 1508/5111/83 1506/5112/83 1477/5113/76 1482/5114/76
f 1504/5115/35 1508/5116/35 1482/5117/35 1475/5118/35
f 1494/5119/2 1495/5120/2 1469/5106/74 1475/5105/74
f 1471/5121/5 1480/5122/5 1483/5123/5 1473/5124/5
f 1495/5125/3 1497/5126/3 1477/5110/3 1469/5109/3
f 1499/5127/1 1494/5128/1 1475/5118/1 1482/5117/1
f 1497/5129/4 1499/5130/4 1482/5114/4 1477/5113/4
f 1442/5131/77 1487/5095/77 1490/5098/77 1437/5132/77
f 1433/5133/3 1485/5091/3 1487/5094/3 1442/5134/3
f 1430/5135/78 1492/5087/78 1485/5090/78 1433/5136/78
f 1442/5131/4 1437/5132/4 1499/5130/4 1497/5129/4
f 1437/5101/1 1430/5102/1 1494/5128/1 1499/5127/1
f 1433/5133/3 1442/5134/3 1497/5126/3 1495/5125/3
f 1430/5135/2 1433/5136/2 1495/5120/2 1494/5119/2
f 1473/5137/43 1483/5138/43 1508/5116/43 1504/5115/43
f 1483/5139/79 1480/5140/79 1506/5112/83 1508/5111/83
f 1480/5141/41 1471/5142/41 1501/5108/41 1506/5107/41
f 1471/5143/73 1473/5144/73 1504/5104/73 1501/5103/73
f 1448/5145/5 1445/5146/5 2510/5147/5 2512/5148/5
f 2514/5149/6 1431/5077/6 1436/5076/6 2513/5150/6
f 1436/5062/3 1448/5061/3 2512/5151/3 2513/5152/3
f 1530/5153/1 1515/5154/1 2517/5155/1 2516/5156/1
f 1531/5157/3 1520/5158/3 1528/5159/3 1533/5160/3
f 1533/5161/4 1528/5162/4 1523/5163/4 1536/5164/4
f 1536/5165/1 1523/5166/1 1515/5154/1 1530/5153/1
f 1542/5167/1 1546/5168/1 1552/5169/1 1544/5170/1
f 1528/5171/6 1520/5172/6 1515/5173/6 1523/5174/6
f 1546/5168/1 1536/5165/1 1530/5153/1 1552/5169/1
f 1547/5175/67 1533/5161/67 1536/5164/67 1546/5176/67
f 1549/5177/3 1531/5157/3 1533/5160/3 1547/5178/3
f 1552/5179/68 1530/5180/68 1531/5181/68 1549/5182/68
f 1575/5183/69 1544/5184/69 1537/5185/69 1569/5186/69
f 1569/5187/3 1537/5188/3 1539/5189/3 1571/5190/3
f 1571/5191/70 1539/5192/70 1542/5193/70 1574/5194/70
f 1574/5195/1 1542/5167/1 1544/5170/1 1575/5196/1
f 1539/5192/71 1547/5175/71 1546/5176/71 1542/5193/71
f 1537/5188/3 1549/5177/3 1547/5178/3 1539/5189/3
f 1544/5184/85 1552/5179/85 1549/5182/85 1537/5185/85
f 1521/5197/1 1574/5195/1 1575/5196/1 1514/5198/1
f 1586/5199/73 1587/5200/73 1560/5201/74 1554/5202/74
f 1589/5203/38 1586/5204/38 1554/5205/38 1561/5206/38
f 1592/5207/81 1589/5208/83 1561/5209/76 1566/5210/76
f 1587/5211/35 1592/5212/35 1566/5213/35 1560/5214/35
f 1577/5215/2 1580/5216/2 1554/5202/74 1560/5201/74
f 1556/5217/5 1564/5218/5 1568/5219/5 1558/5220/5
f 1580/5221/3 1581/5222/3 1561/5206/3 1554/5205/3
f 1584/5223/1 1577/5224/1 1560/5214/1 1566/5213/1
f 1581/5225/4 1584/5226/4 1566/5210/4 1561/5209/4
f 1526/5227/77 1571/5191/77 1574/5194/77 1521/5228/77
f 1517/5229/3 1569/5187/3 1571/5190/3 1526/5230/3
f 1514/5231/78 1575/5183/78 1569/5186/78 1517/5232/78
f 1526/5227/4 1521/5228/4 1584/5226/4 1581/5225/4
f 1521/5197/1 1514/5198/1 1577/5224/1 1584/5223/1
f 1517/5229/3 1526/5230/3 1581/5222/3 1580/5221/3
f 1514/5231/2 1517/5232/2 1580/5216/2 1577/5215/2
f 1558/5233/43 1568/5234/43 1592/5212/43 1587/5211/43
f 1568/5235/79 1564/5236/79 1589/5208/83 1592/5207/81
f 1564/5237/41 1556/5238/41 1586/5204/41 1589/5203/41
f 1556/5239/73 1558/5240/73 1587/5200/73 1586/5199/73
f 1531/5241/5 1530/5242/5 2516/5243/5 2521/5244/5
f 2517/5245/6 1515/5173/6 1520/5172/6 2519/5246/6
f 1520/5158/3 1531/5157/3 2521/5247/3 2519/5248/3
f 1613/5249/1 1600/5250/1 2518/5251/1 2520/5252/1
f 1616/5253/3 1603/5254/3 1612/5255/3 1618/5256/3
f 1618/5257/4 1612/5258/4 1608/5259/4 1620/5260/4
f 1620/5261/1 1608/5262/1 1600/5250/1 1613/5249/1
f 1626/5263/1 1629/5264/1 1636/5265/1 1628/5266/1
f 1612/5267/6 1603/5268/6 1600/5269/6 1608/5270/6
f 1629/5264/1 1620/5261/1 1613/5249/1 1636/5265/1
f 1632/5271/67 1618/5257/67 1620/5260/67 1629/5272/67
f 1634/5273/3 1616/5253/3 1618/5256/3 1632/5274/3
f 1636/5275/68 1613/5276/68 1616/5277/68 1634/5278/68
f 1660/5279/69 1628/5280/69 1622/5281/69 1654/5282/69
f 1654/5283/3 1622/5284/3 1624/5285/3 1656/5286/3
f 1656/5287/70 1624/5288/70 1626/5289/70 1658/5290/70
f 1658/5291/1 1626/5263/1 1628/5266/1 1660/5292/1
f 1624/5288/71 1632/5271/71 1629/5272/71 1626/5289/71
f 1622/5284/3 1634/5273/3 1632/5274/3 1624/5285/3
f 1628/5280/85 1636/5275/85 1634/5278/85 1622/5281/85
f 1606/5293/1 1658/5291/1 1660/5292/1 1598/5294/1
f 1670/5295/73 1672/5296/73 1643/5297/74 1638/5298/74
f 1674/5299/38 1670/5300/38 1638/5301/38 1646/5302/38
f 1676/5303/75 1674/5304/75 1646/5305/76 1649/5306/76
f 1672/5307/35 1676/5308/35 1649/5309/35 1643/5310/35
f 1661/5311/2 1663/5312/2 1638/5298/74 1643/5297/74
f 1639/5313/5 1648/5314/5 1652/5315/5 1642/5316/5
f 1663/5317/3 1666/5318/3 1646/5302/3 1638/5301/3
f 1668/5319/1 1661/5320/1 1643/5310/1 1649/5309/1
f 1666/5321/4 1668/5322/4 1649/5306/4 1646/5305/4
f 1609/5323/77 1656/5287/77 1658/5290/77 1606/5324/77
f 1602/5325/3 1654/5283/3 1656/5286/3 1609/5326/3
f 1598/5327/78 1660/5279/78 1654/5282/78 1602/5328/78
f 1609/5323/4 1606/5324/4 1668/5322/4 1666/5321/4
f 1606/5293/1 1598/5294/1 1661/5320/1 1668/5319/1
f 1602/5325/3 1609/5326/3 1666/5318/3 1663/5317/3
f 1598/5327/2 1602/5328/2 1663/5312/2 1661/5311/2
f 1642/5329/43 1652/5330/43 1676/5308/43 1672/5307/43
f 1652/5331/79 1648/5332/79 1674/5304/75 1676/5303/75
f 1648/5333/41 1639/5334/41 1670/5300/41 1674/5299/41
f 1639/5335/73 1642/5336/73 1672/5296/73 1670/5295/73
f 1616/5337/5 1613/5338/5 2520/5339/5 2522/5340/5
f 2518/5341/6 1600/5269/6 1603/5268/6 2526/5342/6
f 1603/5254/3 1616/5253/3 2522/5343/3 2526/5344/3
f 1698/5345/1 1683/5346/1 2523/5347/1 2525/5348/1
f 1699/5349/3 1688/5350/3 1695/5351/3 1701/5352/3
f 1701/5353/4 1695/5354/4 1691/5355/4 1703/5356/4
f 1703/5357/1 1691/5358/1 1683/5346/1 1698/5345/1
f 1710/5359/1 1713/5360/1 1719/5361/1 1712/5362/1
f 1695/5363/6 1688/5364/6 1683/5365/6 1691/5366/6
f 1713/5360/1 1703/5357/1 1698/5345/1 1719/5361/1
f 1716/5367/67 1701/5353/67 1703/5356/67 1713/5368/67
f 1717/5369/3 1699/5349/3 1701/5352/3 1716/5370/3
f 1719/5371/68 1698/5372/68 1699/5373/68 1717/5374/68
f 1743/5375/69 1712/5376/69 1705/5377/69 1737/5378/69
f 1737/5379/3 1705/5380/3 1707/5381/3 1740/5382/3
f 1740/5383/70 1707/5384/70 1710/5385/70 1742/5386/70
f 1742/5387/1 1710/5359/1 1712/5362/1 1743/5388/1
f 1707/5384/71 1716/5367/71 1713/5368/71 1710/5385/71
f 1705/5380/3 1717/5369/3 1716/5370/3 1707/5381/3
f 1712/5376/85 1719/5371/85 1717/5374/85 1705/5377/85
f 1690/5389/1 1742/5387/1 1743/5388/1 1682/5390/1
f 1754/5391/73 1756/5392/73 1727/5393/74 1722/5394/74
f 1757/5395/38 1754/5396/38 1722/5397/38 1729/5398/38
f 1759/5399/75 1757/5400/75 1729/5401/76 1733/5402/76
f 1756/5403/35 1759/5404/35 1733/5405/35 1727/5406/35
f 1745/5407/2 1747/5408/2 1722/5394/74 1727/5393/74
f 1724/5409/5 1732/5410/5 1736/5411/5 1726/5412/5
f 1747/5413/3 1749/5414/3 1729/5398/3 1722/5397/3
f 1752/5415/1 1745/5416/1 1727/5406/1 1733/5405/1
f 1749/5417/4 1752/5418/4 1733/5402/4 1729/5401/4
f 1693/5419/77 1740/5383/77 1742/5386/77 1690/5420/77
f 1686/5421/3 1737/5379/3 1740/5382/3 1693/5422/3
f 1682/5423/78 1743/5375/78 1737/5378/78 1686/5424/78
f 1693/5419/4 1690/5420/4 1752/5418/4 1749/5417/4
f 1690/5389/1 1682/5390/1 1745/5416/1 1752/5415/1
f 1686/5421/3 1693/5422/3 1749/5414/3 1747/5413/3
f 1682/5423/2 1686/5424/2 1747/5408/2 1745/5407/2
f 1726/5425/43 1736/5426/43 1759/5404/43 1756/5403/43
f 1736/5427/79 1732/5428/79 1757/5400/75 1759/5399/75
f 1732/5429/41 1724/5430/41 1754/5396/41 1757/5395/41
f 1724/5431/73 1726/5432/73 1756/5392/73 1754/5391/73
f 1699/5433/5 1698/5434/5 2525/5435/5 2524/5436/5
f 2523/5437/6 1683/5365/6 1688/5364/6 2533/5438/6
f 1688/5350/3 1699/5349/3 2524/5439/3 2533/5440/3
f 1781/5441/1 1767/5442/1 2528/5443/1 2527/5444/1
f 1783/5445/3 1772/5446/3 1780/5447/3 1786/5448/3
f 1786/5449/4 1780/5450/4 1775/5451/4 1788/5452/4
f 1788/5453/1 1775/5454/1 1767/5442/1 1781/5441/1
f 1793/5455/1 1797/5456/1 1803/5457/1 1795/5458/1
f 1780/5459/6 1772/5460/6 1767/5461/6 1775/5462/6
f 1797/5456/1 1788/5453/1 1781/5441/1 1803/5457/1
f 1800/5463/67 1786/5449/67 1788/5452/67 1797/5464/67
f 1801/5465/3 1783/5445/3 1786/5448/3 1800/5466/3
f 1803/5467/68 1781/5468/68 1783/5469/68 1801/5470/68
f 1827/5471/69 1795/5472/69 1789/5473/69 1822/5474/69
f 1822/5475/3 1789/5476/3 1791/5477/3 1824/5478/3
f 1824/5479/70 1791/5480/70 1793/5481/70 1826/5482/70
f 1826/5483/1 1793/5455/1 1795/5458/1 1827/5484/1
f 1791/5480/71 1800/5463/71 1797/5464/71 1793/5481/71
f 1789/5476/3 1801/5465/3 1800/5466/3 1791/5477/3
f 1795/5472/85 1803/5467/85 1801/5470/85 1789/5473/85
f 1773/5485/1 1826/5483/1 1827/5484/1 1765/5486/1
f 1838/5487/73 1839/5488/73 1812/5489/84 1806/5490/84
f 1842/5491/38 1838/5492/38 1806/5493/38 1813/5494/38
f 1844/5495/83 1842/5496/83 1813/5497/76 1818/5498/76
f 1839/5499/35 1844/5500/35 1818/5501/35 1812/5502/35
f 1829/5503/2 1832/5504/2 1806/5490/84 1812/5489/84
f 1807/5505/5 1815/5506/5 1820/5507/5 1809/5508/5
f 1832/5509/3 1833/5510/3 1813/5494/3 1806/5493/3
f 1836/5511/1 1829/5512/1 1812/5502/1 1818/5501/1
f 1833/5513/4 1836/5514/4 1818/5498/4 1813/5497/4
f 1777/5515/77 1824/5479/77 1826/5482/77 1773/5516/77
f 1769/5517/3 1822/5475/3 1824/5478/3 1777/5518/3
f 1765/5519/78 1827/5471/78 1822/5474/78 1769/5520/78
f 1777/5515/4 1773/5516/4 1836/5514/4 1833/5513/4
f 1773/5485/1 1765/5486/1 1829/5512/1 1836/5511/1
f 1769/5517/3 1777/5518/3 1833/5510/3 1832/5509/3
f 1765/5519/2 1769/5520/2 1832/5504/2 1829/5503/2
f 1809/5521/43 1820/5522/43 1844/5500/43 1839/5499/43
f 1820/5523/79 1815/5524/79 1842/5496/83 1844/5495/83
f 1815/5525/41 1807/5526/41 1838/5492/41 1842/5491/41
f 1807/5527/73 1809/5528/73 1839/5488/73 1838/5487/73
f 1783/5529/5 1781/5530/5 2527/5531/5 2530/5532/5
f 2528/5533/6 1767/5461/6 1772/5460/6 2532/5534/6
f 1772/5446/3 1783/5445/3 2530/5535/3 2532/5536/3
f 1866/5537/1 1852/5538/1 2531/5539/1 2529/5540/1
f 1867/5541/3 1855/5542/3 1864/5543/3 1870/5544/3
f 1870/5545/4 1864/5546/4 1860/5547/4 1872/5548/4
f 1872/5549/1 1860/5550/1 1852/5538/1 1866/5537/1
f 1877/5551/1 1881/5552/1 1887/5553/1 1879/5554/1
f 1864/5555/6 1855/5556/6 1852/5557/6 1860/5558/6
f 1881/5552/1 1872/5549/1 1866/5537/1 1887/5553/1
f 1883/5559/67 1870/5545/67 1872/5548/67 1881/5560/67
f 1885/5561/3 1867/5541/3 1870/5544/3 1883/5562/3
f 1887/5563/68 1866/5564/68 1867/5565/68 1885/5566/68
f 1911/5567/69 1879/5568/69 1874/5569/69 1906/5570/69
f 1906/5571/3 1874/5572/3 1875/5573/3 1908/5574/3
f 1908/5575/70 1875/5576/70 1877/5577/70 1910/5578/70
f 1910/5579/1 1877/5551/1 1879/5554/1 1911/5580/1
f 1875/5576/71 1883/5559/71 1881/5560/71 1877/5577/71
f 1874/5572/3 1885/5561/3 1883/5562/3 1875/5573/3
f 1879/5568/85 1887/5563/85 1885/5566/85 1874/5569/85
f 1857/5581/1 1910/5579/1 1911/5580/1 1849/5582/1
f 1921/5583/73 1923/5584/73 1896/5585/74 1890/5586/74
f 1926/5587/38 1921/5588/38 1890/5589/38 1898/5590/38
f 1928/5591/75 1926/5592/75 1898/5593/76 1901/5594/76
f 1923/5595/35 1928/5596/35 1901/5597/35 1896/5598/35
f 1913/5599/2 1916/5600/2 1890/5586/74 1896/5585/74
f 1892/5601/5 1900/5602/5 1904/5603/5 1894/5604/5
f 1916/5605/3 1918/5606/3 1898/5590/3 1890/5589/3
f 1919/5607/1 1913/5608/1 1896/5598/1 1901/5597/1
f 1918/5609/4 1919/5610/4 1901/5594/4 1898/5593/4
f 1862/5611/77 1908/5575/77 1910/5578/77 1857/5612/77
f 1853/5613/3 1906/5571/3 1908/5574/3 1862/5614/3
f 1849/5615/78 1911/5567/78 1906/5570/78 1853/5616/78
f 1862/5611/4 1857/5612/4 1919/5610/4 1918/5609/4
f 1857/5581/1 1849/5582/1 1913/5608/1 1919/5607/1
f 1853/5613/3 1862/5614/3 1918/5606/3 1916/5605/3
f 1849/5615/2 1853/5616/2 1916/5600/2 1913/5599/2
f 1894/5617/43 1904/5618/43 1928/5596/43 1923/5595/43
f 1904/5619/79 1900/5620/79 1926/5592/75 1928/5591/75
f 1900/5621/41 1892/5622/41 1921/5588/41 1926/5587/41
f 1892/5623/73 1894/5624/73 1923/5584/73 1921/5583/73
f 1867/5625/5 1866/5626/5 2529/5627/5 2534/5628/5
f 2531/5629/6 1852/5557/6 1855/5556/6 2535/5630/6
f 1855/5542/3 1867/5541/3 2534/5631/3 2535/5632/3
f 1950/5633/1 1936/5634/1 2537/5635/1 2536/5636/1
f 1951/5637/3 1940/5638/3 1947/5639/3 1954/5640/3
f 1954/5641/4 1947/5642/4 1943/5643/4 1956/5644/4
f 1956/5645/1 1943/5646/1 1936/5634/1 1950/5633/1
f 1961/5647/1 1965/5648/1 1971/5649/1 1964/5650/1
f 1947/5651/6 1940/5652/6 1936/5653/6 1943/5654/6
f 1965/5648/1 1956/5645/1 1950/5633/1 1971/5649/1
f 1968/5655/67 1954/5641/67 1956/5644/67 1965/5656/67
f 1969/5657/3 1951/5637/3 1954/5640/3 1968/5658/3
f 1971/5659/68 1950/5660/68 1951/5661/68 1969/5662/68
f 1995/5663/69 1964/5664/69 1958/5665/69 1989/5666/69
f 1989/5667/3 1958/5668/3 1960/5669/3 1992/5670/3
f 1992/5671/70 1960/5672/70 1961/5673/70 1994/5674/70
f 1994/5675/1 1961/5647/1 1964/5650/1 1995/5676/1
f 1960/5672/71 1968/5655/71 1965/5656/71 1961/5673/71
f 1958/5668/3 1969/5657/3 1968/5658/3 1960/5669/3
f 1964/5664/85 1971/5659/85 1969/5662/85 1958/5665/85
f 1942/5677/1 1994/5675/1 1995/5676/1 1934/5678/1
f 2006/5679/73 2007/5680/73 1980/5681/84 1974/5682/84
f 2009/5683/38 2006/5684/38 1974/5685/38 1981/5686/38
f 2012/5687/75 2009/5688/75 1981/5689/76 1986/5690/76
f 2007/5691/35 2012/5692/35 1986/5693/35 1980/5694/35
f 1998/5695/2 1999/5696/2 1974/5682/84 1980/5681/84
f 1975/5697/5 1984/5698/5 1987/5699/5 1978/5700/5
f 1999/5701/3 2001/5702/3 1981/5686/3 1974/5685/3
f 2004/5703/1 1998/5704/1 1980/5694/1 1986/5693/1
f 2001/5705/4 2004/5706/4 1986/5690/4 1981/5689/4
f 1945/5707/77 1992/5671/77 1994/5674/77 1942/5708/77
f 1938/5709/3 1989/5667/3 1992/5670/3 1945/5710/3
f 1934/5711/78 1995/5663/78 1989/5666/78 1938/5712/78
f 1945/5707/4 1942/5708/4 2004/5706/4 2001/5705/4
f 1942/5677/1 1934/5678/1 1998/5704/1 2004/5703/1
f 1938/5709/3 1945/5710/3 2001/5702/3 1999/5701/3
f 1934/5711/2 1938/5712/2 1999/5696/2 1998/5695/2
f 1978/5713/43 1987/5714/43 2012/5692/43 2007/5691/43
f 1987/5715/79 1984/5716/79 2009/5688/75 2012/5687/75
f 1984/5717/41 1975/5718/41 2006/5684/41 2009/5683/41
f 1975/5719/73 1978/5720/73 2007/5680/73 2006/5679/73
f 1951/5721/5 1950/5722/5 2536/5723/5 2543/5724/5
f 2537/5725/6 1936/5653/6 1940/5652/6 2539/5726/6
f 1940/5638/3 1951/5637/3 2543/5727/3 2539/5728/3
f 2034/5729/1 2020/5730/1 2538/5731/1 2542/5732/1
f 2036/5733/3 2024/5734/3 2032/5735/3 2038/5736/3
f 2038/5737/4 2032/5738/4 2028/5739/4 2039/5740/4
f 2039/5741/1 2028/5742/1 2020/5730/1 2034/5729/1
f 2046/5743/1 2049/5744/1 2056/5745/1 2048/5746/1
f 2032/5747/6 2024/5748/6 2020/5749/6 2028/5750/6
f 2049/5744/1 2039/5741/1 2034/5729/1 2056/5745/1
f 2052/5751/67 2038/5737/67 2039/5740/67 2049/5752/67
f 2054/5753/3 2036/5733/3 2038/5736/3 2052/5754/3
f 2056/5755/68 2034/5756/68 2036/5757/68 2054/5758/68
f 2079/5759/69 2048/5760/69 2041/5761/69 2073/5762/69
f 2073/5763/3 2041/5764/3 2043/5765/3 2075/5766/3
f 2075/5767/70 2043/5768/70 2046/5769/70 2077/5770/70
f 2077/5771/1 2046/5743/1 2048/5746/1 2079/5772/1
f 2043/5768/71 2052/5751/71 2049/5752/71 2046/5769/71
f 2041/5764/3 2054/5753/3 2052/5754/3 2043/5765/3
f 2048/5760/85 2056/5755/85 2054/5758/85 2041/5761/85
f 2025/5773/1 2077/5771/1 2079/5772/1 2018/5774/1
f 2089/5775/73 2092/5776/73 2064/5777/84 2057/5778/84
f 2094/5779/38 2089/5780/38 2057/5781/38 2065/5782/38
f 2095/5783/75 2094/5784/75 2065/5785/76 2069/5786/76
f 2092/5787/35 2095/5788/35 2069/5789/35 2064/5790/35
f 2082/5791/2 2084/5792/2 2057/5778/84 2064/5777/84
f 2060/5793/5 2067/5794/5 2071/5795/5 2061/5796/5
f 2084/5797/3 2086/5798/3 2065/5782/3 2057/5781/3
f 2087/5799/1 2082/5800/1 2064/5790/1 2069/5789/1
f 2086/5801/4 2087/5802/4 2069/5786/4 2065/5785/4
f 2029/5803/77 2075/5767/77 2077/5770/77 2025/5804/77
f 2021/5805/3 2073/5763/3 2075/5766/3 2029/5806/3
f 2018/5807/78 2079/5759/78 2073/5762/78 2021/5808/78
f 2029/5803/4 2025/5804/4 2087/5802/4 2086/5801/4
f 2025/5773/1 2018/5774/1 2082/5800/1 2087/5799/1
f 2021/5805/3 2029/5806/3 2086/5798/3 2084/5797/3
f 2018/5807/2 2021/5808/2 2084/5792/2 2082/5791/2
f 2061/5809/43 2071/5810/43 2095/5788/43 2092/5787/43
f 2071/5811/79 2067/5812/79 2094/5784/75 2095/5783/75
f 2067/5813/41 2060/5814/41 2089/5780/41 2094/5779/41
f 2060/5815/73 2061/5816/73 2092/5776/73 2089/5775/73
f 2036/5817/5 2034/5818/5 2542/5819/5 2540/5820/5
f 2538/5821/6 2020/5749/6 2024/5748/6 2541/5822/6
f 2024/5734/3 2036/5733/3 2540/5823/3 2541/5824/3
