[0.071s] DEBUG:colcon:Command line arguments: ['/usr/bin/colcon', 'build', '--symlink-install', '--packages-select', 'fairino_msgs', 'fairino_hardware_v3_9_7', 'fairino_description', 'fairino5_v6_moveit2_config']
[0.071s] DEBUG:colcon:Parsed command line arguments: Namespace(log_base=None, log_level=None, verb_name='build', build_base='build', install_base='install', merge_install=False, symlink_install=True, test_result_base=None, continue_on_error=False, executor='parallel', parallel_workers=16, event_handlers=None, ignore_user_meta=False, metas=['./colcon.meta'], base_paths=['.'], packages_ignore=None, packages_ignore_regex=None, paths=None, packages_up_to=None, packages_up_to_regex=None, packages_above=None, packages_above_and_dependencies=None, packages_above_depth=None, packages_select_by_dep=None, packages_skip_by_dep=None, packages_skip_up_to=None, packages_select_build_failed=False, packages_skip_build_finished=False, packages_select_test_failures=False, packages_skip_test_passed=False, packages_select=['fairino_msgs', 'fairino_hardware_v3_9_7', 'fairino_description', 'fairino5_v6_moveit2_config'], packages_skip=None, packages_select_regex=None, packages_skip_regex=None, packages_start=None, packages_end=None, allow_overriding=[], cmake_args=None, cmake_target=None, cmake_target_skip_unavailable=False, cmake_clean_cache=False, cmake_clean_first=False, cmake_force_configure=False, ament_cmake_args=None, catkin_cmake_args=None, catkin_skip_building_tests=False, mixin_files=None, mixin=None, verb_parser=<colcon_mixin.mixin.mixin_argument.MixinArgumentDecorator object at 0x7a09f1bbbb30>, verb_extension=<colcon_core.verb.build.BuildVerb object at 0x7a09f1bbb950>, main=<bound method BuildVerb.main of <colcon_core.verb.build.BuildVerb object at 0x7a09f1bbb950>>, mixin_verb=('build',))
[0.095s] Level 1:colcon.colcon_core.package_discovery:discover_packages(colcon_meta) check parameters
[0.095s] Level 1:colcon.colcon_core.package_discovery:discover_packages(recursive) check parameters
[0.095s] Level 1:colcon.colcon_core.package_discovery:discover_packages(ignore) check parameters
[0.095s] Level 1:colcon.colcon_core.package_discovery:discover_packages(path) check parameters
[0.095s] Level 1:colcon.colcon_core.package_discovery:discover_packages(colcon_meta) discover
[0.095s] Level 1:colcon.colcon_core.package_discovery:discover_packages(recursive) discover
[0.095s] INFO:colcon.colcon_core.package_discovery:Crawling recursively for packages in '/home/juchan-yoon/FR5_robot_control/robot_ws'
[0.095s] Level 1:colcon.colcon_core.package_identification:_identify(.) by extensions ['ignore', 'ignore_ament_install']
[0.095s] Level 1:colcon.colcon_core.package_identification:_identify(.) by extension 'ignore'
[0.095s] Level 1:colcon.colcon_core.package_identification:_identify(.) by extension 'ignore_ament_install'
[0.095s] Level 1:colcon.colcon_core.package_identification:_identify(.) by extensions ['colcon_pkg']
[0.095s] Level 1:colcon.colcon_core.package_identification:_identify(.) by extension 'colcon_pkg'
[0.095s] Level 1:colcon.colcon_core.package_identification:_identify(.) by extensions ['colcon_meta']
[0.095s] Level 1:colcon.colcon_core.package_identification:_identify(.) by extension 'colcon_meta'
[0.095s] Level 1:colcon.colcon_core.package_identification:_identify(.) by extensions ['ros']
[0.095s] Level 1:colcon.colcon_core.package_identification:_identify(.) by extension 'ros'
[0.111s] Level 1:colcon.colcon_core.package_identification:_identify(.) by extensions ['cmake', 'python']
[0.111s] Level 1:colcon.colcon_core.package_identification:_identify(.) by extension 'cmake'
[0.111s] Level 1:colcon.colcon_core.package_identification:_identify(.) by extension 'python'
[0.111s] Level 1:colcon.colcon_core.package_identification:_identify(.) by extensions ['python_setup_py']
[0.111s] Level 1:colcon.colcon_core.package_identification:_identify(.) by extension 'python_setup_py'
[0.111s] Level 1:colcon.colcon_core.package_identification:_identify(build) by extensions ['ignore', 'ignore_ament_install']
[0.111s] Level 1:colcon.colcon_core.package_identification:_identify(build) by extension 'ignore'
[0.111s] Level 1:colcon.colcon_core.package_identification:_identify(build) ignored
[0.111s] Level 1:colcon.colcon_core.package_identification:_identify(install) by extensions ['ignore', 'ignore_ament_install']
[0.111s] Level 1:colcon.colcon_core.package_identification:_identify(install) by extension 'ignore'
[0.111s] Level 1:colcon.colcon_core.package_identification:_identify(install) ignored
[0.111s] Level 1:colcon.colcon_core.package_identification:_identify(log) by extensions ['ignore', 'ignore_ament_install']
[0.111s] Level 1:colcon.colcon_core.package_identification:_identify(log) by extension 'ignore'
[0.111s] Level 1:colcon.colcon_core.package_identification:_identify(log) ignored
[0.111s] Level 1:colcon.colcon_core.package_identification:_identify(src) by extensions ['ignore', 'ignore_ament_install']
[0.111s] Level 1:colcon.colcon_core.package_identification:_identify(src) by extension 'ignore'
[0.111s] Level 1:colcon.colcon_core.package_identification:_identify(src) by extension 'ignore_ament_install'
[0.111s] Level 1:colcon.colcon_core.package_identification:_identify(src) by extensions ['colcon_pkg']
[0.111s] Level 1:colcon.colcon_core.package_identification:_identify(src) by extension 'colcon_pkg'
[0.111s] Level 1:colcon.colcon_core.package_identification:_identify(src) by extensions ['colcon_meta']
[0.111s] Level 1:colcon.colcon_core.package_identification:_identify(src) by extension 'colcon_meta'
[0.111s] Level 1:colcon.colcon_core.package_identification:_identify(src) by extensions ['ros']
[0.111s] Level 1:colcon.colcon_core.package_identification:_identify(src) by extension 'ros'
[0.111s] Level 1:colcon.colcon_core.package_identification:_identify(src) by extensions ['cmake', 'python']
[0.111s] Level 1:colcon.colcon_core.package_identification:_identify(src) by extension 'cmake'
[0.111s] Level 1:colcon.colcon_core.package_identification:_identify(src) by extension 'python'
[0.111s] Level 1:colcon.colcon_core.package_identification:_identify(src) by extensions ['python_setup_py']
[0.111s] Level 1:colcon.colcon_core.package_identification:_identify(src) by extension 'python_setup_py'
[0.111s] Level 1:colcon.colcon_core.package_identification:_identify(src/vendor) by extensions ['ignore', 'ignore_ament_install']
[0.111s] Level 1:colcon.colcon_core.package_identification:_identify(src/vendor) by extension 'ignore'
[0.111s] Level 1:colcon.colcon_core.package_identification:_identify(src/vendor) by extension 'ignore_ament_install'
[0.111s] Level 1:colcon.colcon_core.package_identification:_identify(src/vendor) by extensions ['colcon_pkg']
[0.111s] Level 1:colcon.colcon_core.package_identification:_identify(src/vendor) by extension 'colcon_pkg'
[0.111s] Level 1:colcon.colcon_core.package_identification:_identify(src/vendor) by extensions ['colcon_meta']
[0.111s] Level 1:colcon.colcon_core.package_identification:_identify(src/vendor) by extension 'colcon_meta'
[0.112s] Level 1:colcon.colcon_core.package_identification:_identify(src/vendor) by extensions ['ros']
[0.112s] Level 1:colcon.colcon_core.package_identification:_identify(src/vendor) by extension 'ros'
[0.112s] Level 1:colcon.colcon_core.package_identification:_identify(src/vendor) by extensions ['cmake', 'python']
[0.112s] Level 1:colcon.colcon_core.package_identification:_identify(src/vendor) by extension 'cmake'
[0.112s] Level 1:colcon.colcon_core.package_identification:_identify(src/vendor) by extension 'python'
[0.112s] Level 1:colcon.colcon_core.package_identification:_identify(src/vendor) by extensions ['python_setup_py']
[0.112s] Level 1:colcon.colcon_core.package_identification:_identify(src/vendor) by extension 'python_setup_py'
[0.112s] Level 1:colcon.colcon_core.package_identification:_identify(src/vendor/frcobot_ros2) by extensions ['ignore', 'ignore_ament_install']
[0.112s] Level 1:colcon.colcon_core.package_identification:_identify(src/vendor/frcobot_ros2) by extension 'ignore'
[0.112s] Level 1:colcon.colcon_core.package_identification:_identify(src/vendor/frcobot_ros2) by extension 'ignore_ament_install'
[0.112s] Level 1:colcon.colcon_core.package_identification:_identify(src/vendor/frcobot_ros2) by extensions ['colcon_pkg']
[0.112s] Level 1:colcon.colcon_core.package_identification:_identify(src/vendor/frcobot_ros2) by extension 'colcon_pkg'
[0.112s] Level 1:colcon.colcon_core.package_identification:_identify(src/vendor/frcobot_ros2) by extensions ['colcon_meta']
[0.112s] Level 1:colcon.colcon_core.package_identification:_identify(src/vendor/frcobot_ros2) by extension 'colcon_meta'
[0.112s] Level 1:colcon.colcon_core.package_identification:_identify(src/vendor/frcobot_ros2) by extensions ['ros']
[0.112s] Level 1:colcon.colcon_core.package_identification:_identify(src/vendor/frcobot_ros2) by extension 'ros'
[0.112s] Level 1:colcon.colcon_core.package_identification:_identify(src/vendor/frcobot_ros2) by extensions ['cmake', 'python']
[0.112s] Level 1:colcon.colcon_core.package_identification:_identify(src/vendor/frcobot_ros2) by extension 'cmake'
[0.112s] Level 1:colcon.colcon_core.package_identification:_identify(src/vendor/frcobot_ros2) by extension 'python'
[0.112s] Level 1:colcon.colcon_core.package_identification:_identify(src/vendor/frcobot_ros2) by extensions ['python_setup_py']
[0.112s] Level 1:colcon.colcon_core.package_identification:_identify(src/vendor/frcobot_ros2) by extension 'python_setup_py'
[0.112s] Level 1:colcon.colcon_core.package_identification:_identify(src/vendor/frcobot_ros2/fairino10_v6_moveit2_config) by extensions ['ignore', 'ignore_ament_install']
[0.112s] Level 1:colcon.colcon_core.package_identification:_identify(src/vendor/frcobot_ros2/fairino10_v6_moveit2_config) by extension 'ignore'
[0.112s] Level 1:colcon.colcon_core.package_identification:_identify(src/vendor/frcobot_ros2/fairino10_v6_moveit2_config) by extension 'ignore_ament_install'
[0.112s] Level 1:colcon.colcon_core.package_identification:_identify(src/vendor/frcobot_ros2/fairino10_v6_moveit2_config) by extensions ['colcon_pkg']
[0.112s] Level 1:colcon.colcon_core.package_identification:_identify(src/vendor/frcobot_ros2/fairino10_v6_moveit2_config) by extension 'colcon_pkg'
[0.112s] Level 1:colcon.colcon_core.package_identification:_identify(src/vendor/frcobot_ros2/fairino10_v6_moveit2_config) by extensions ['colcon_meta']
[0.112s] Level 1:colcon.colcon_core.package_identification:_identify(src/vendor/frcobot_ros2/fairino10_v6_moveit2_config) by extension 'colcon_meta'
[0.112s] Level 1:colcon.colcon_core.package_identification:_identify(src/vendor/frcobot_ros2/fairino10_v6_moveit2_config) by extensions ['ros']
[0.112s] Level 1:colcon.colcon_core.package_identification:_identify(src/vendor/frcobot_ros2/fairino10_v6_moveit2_config) by extension 'ros'
[0.114s] DEBUG:colcon.colcon_core.package_identification:Package 'src/vendor/frcobot_ros2/fairino10_v6_moveit2_config' with type 'ros.ament_cmake' and name 'fairino10_v6_moveit2_config'
[0.114s] Level 1:colcon.colcon_core.package_identification:_identify(src/vendor/frcobot_ros2/fairino16_v6_moveit2_config) by extensions ['ignore', 'ignore_ament_install']
[0.114s] Level 1:colcon.colcon_core.package_identification:_identify(src/vendor/frcobot_ros2/fairino16_v6_moveit2_config) by extension 'ignore'
[0.114s] Level 1:colcon.colcon_core.package_identification:_identify(src/vendor/frcobot_ros2/fairino16_v6_moveit2_config) by extension 'ignore_ament_install'
[0.114s] Level 1:colcon.colcon_core.package_identification:_identify(src/vendor/frcobot_ros2/fairino16_v6_moveit2_config) by extensions ['colcon_pkg']
[0.114s] Level 1:colcon.colcon_core.package_identification:_identify(src/vendor/frcobot_ros2/fairino16_v6_moveit2_config) by extension 'colcon_pkg'
[0.114s] Level 1:colcon.colcon_core.package_identification:_identify(src/vendor/frcobot_ros2/fairino16_v6_moveit2_config) by extensions ['colcon_meta']
[0.114s] Level 1:colcon.colcon_core.package_identification:_identify(src/vendor/frcobot_ros2/fairino16_v6_moveit2_config) by extension 'colcon_meta'
[0.114s] Level 1:colcon.colcon_core.package_identification:_identify(src/vendor/frcobot_ros2/fairino16_v6_moveit2_config) by extensions ['ros']
[0.114s] Level 1:colcon.colcon_core.package_identification:_identify(src/vendor/frcobot_ros2/fairino16_v6_moveit2_config) by extension 'ros'
[0.114s] DEBUG:colcon.colcon_core.package_identification:Package 'src/vendor/frcobot_ros2/fairino16_v6_moveit2_config' with type 'ros.ament_cmake' and name 'fairino16_v6_moveit2_config'
[0.114s] Level 1:colcon.colcon_core.package_identification:_identify(src/vendor/frcobot_ros2/fairino20_v6_moveit2_config) by extensions ['ignore', 'ignore_ament_install']
[0.114s] Level 1:colcon.colcon_core.package_identification:_identify(src/vendor/frcobot_ros2/fairino20_v6_moveit2_config) by extension 'ignore'
[0.115s] Level 1:colcon.colcon_core.package_identification:_identify(src/vendor/frcobot_ros2/fairino20_v6_moveit2_config) by extension 'ignore_ament_install'
[0.115s] Level 1:colcon.colcon_core.package_identification:_identify(src/vendor/frcobot_ros2/fairino20_v6_moveit2_config) by extensions ['colcon_pkg']
[0.115s] Level 1:colcon.colcon_core.package_identification:_identify(src/vendor/frcobot_ros2/fairino20_v6_moveit2_config) by extension 'colcon_pkg'
[0.115s] Level 1:colcon.colcon_core.package_identification:_identify(src/vendor/frcobot_ros2/fairino20_v6_moveit2_config) by extensions ['colcon_meta']
[0.115s] Level 1:colcon.colcon_core.package_identification:_identify(src/vendor/frcobot_ros2/fairino20_v6_moveit2_config) by extension 'colcon_meta'
[0.115s] Level 1:colcon.colcon_core.package_identification:_identify(src/vendor/frcobot_ros2/fairino20_v6_moveit2_config) by extensions ['ros']
[0.115s] Level 1:colcon.colcon_core.package_identification:_identify(src/vendor/frcobot_ros2/fairino20_v6_moveit2_config) by extension 'ros'
[0.115s] DEBUG:colcon.colcon_core.package_identification:Package 'src/vendor/frcobot_ros2/fairino20_v6_moveit2_config' with type 'ros.ament_cmake' and name 'fairino20_v6_moveit2_config'
[0.115s] Level 1:colcon.colcon_core.package_identification:_identify(src/vendor/frcobot_ros2/fairino30_v6_moveit2_config) by extensions ['ignore', 'ignore_ament_install']
[0.116s] Level 1:colcon.colcon_core.package_identification:_identify(src/vendor/frcobot_ros2/fairino30_v6_moveit2_config) by extension 'ignore'
[0.116s] Level 1:colcon.colcon_core.package_identification:_identify(src/vendor/frcobot_ros2/fairino30_v6_moveit2_config) by extension 'ignore_ament_install'
[0.116s] Level 1:colcon.colcon_core.package_identification:_identify(src/vendor/frcobot_ros2/fairino30_v6_moveit2_config) by extensions ['colcon_pkg']
[0.116s] Level 1:colcon.colcon_core.package_identification:_identify(src/vendor/frcobot_ros2/fairino30_v6_moveit2_config) by extension 'colcon_pkg'
[0.116s] Level 1:colcon.colcon_core.package_identification:_identify(src/vendor/frcobot_ros2/fairino30_v6_moveit2_config) by extensions ['colcon_meta']
[0.116s] Level 1:colcon.colcon_core.package_identification:_identify(src/vendor/frcobot_ros2/fairino30_v6_moveit2_config) by extension 'colcon_meta'
[0.116s] Level 1:colcon.colcon_core.package_identification:_identify(src/vendor/frcobot_ros2/fairino30_v6_moveit2_config) by extensions ['ros']
[0.116s] Level 1:colcon.colcon_core.package_identification:_identify(src/vendor/frcobot_ros2/fairino30_v6_moveit2_config) by extension 'ros'
[0.116s] DEBUG:colcon.colcon_core.package_identification:Package 'src/vendor/frcobot_ros2/fairino30_v6_moveit2_config' with type 'ros.ament_cmake' and name 'fairino30_v6_moveit2_config'
[0.116s] Level 1:colcon.colcon_core.package_identification:_identify(src/vendor/frcobot_ros2/fairino3_v6_moveit2_config) by extensions ['ignore', 'ignore_ament_install']
[0.116s] Level 1:colcon.colcon_core.package_identification:_identify(src/vendor/frcobot_ros2/fairino3_v6_moveit2_config) by extension 'ignore'
[0.116s] Level 1:colcon.colcon_core.package_identification:_identify(src/vendor/frcobot_ros2/fairino3_v6_moveit2_config) by extension 'ignore_ament_install'
[0.116s] Level 1:colcon.colcon_core.package_identification:_identify(src/vendor/frcobot_ros2/fairino3_v6_moveit2_config) by extensions ['colcon_pkg']
[0.116s] Level 1:colcon.colcon_core.package_identification:_identify(src/vendor/frcobot_ros2/fairino3_v6_moveit2_config) by extension 'colcon_pkg'
[0.117s] Level 1:colcon.colcon_core.package_identification:_identify(src/vendor/frcobot_ros2/fairino3_v6_moveit2_config) by extensions ['colcon_meta']
[0.117s] Level 1:colcon.colcon_core.package_identification:_identify(src/vendor/frcobot_ros2/fairino3_v6_moveit2_config) by extension 'colcon_meta'
[0.117s] Level 1:colcon.colcon_core.package_identification:_identify(src/vendor/frcobot_ros2/fairino3_v6_moveit2_config) by extensions ['ros']
[0.117s] Level 1:colcon.colcon_core.package_identification:_identify(src/vendor/frcobot_ros2/fairino3_v6_moveit2_config) by extension 'ros'
[0.117s] DEBUG:colcon.colcon_core.package_identification:Package 'src/vendor/frcobot_ros2/fairino3_v6_moveit2_config' with type 'ros.ament_cmake' and name 'fairino3_v6_moveit2_config'
[0.117s] Level 1:colcon.colcon_core.package_identification:_identify(src/vendor/frcobot_ros2/fairino3mt_v6_moveit2_config) by extensions ['ignore', 'ignore_ament_install']
[0.117s] Level 1:colcon.colcon_core.package_identification:_identify(src/vendor/frcobot_ros2/fairino3mt_v6_moveit2_config) by extension 'ignore'
[0.117s] Level 1:colcon.colcon_core.package_identification:_identify(src/vendor/frcobot_ros2/fairino3mt_v6_moveit2_config) by extension 'ignore_ament_install'
[0.117s] Level 1:colcon.colcon_core.package_identification:_identify(src/vendor/frcobot_ros2/fairino3mt_v6_moveit2_config) by extensions ['colcon_pkg']
[0.117s] Level 1:colcon.colcon_core.package_identification:_identify(src/vendor/frcobot_ros2/fairino3mt_v6_moveit2_config) by extension 'colcon_pkg'
[0.117s] Level 1:colcon.colcon_core.package_identification:_identify(src/vendor/frcobot_ros2/fairino3mt_v6_moveit2_config) by extensions ['colcon_meta']
[0.117s] Level 1:colcon.colcon_core.package_identification:_identify(src/vendor/frcobot_ros2/fairino3mt_v6_moveit2_config) by extension 'colcon_meta'
[0.117s] Level 1:colcon.colcon_core.package_identification:_identify(src/vendor/frcobot_ros2/fairino3mt_v6_moveit2_config) by extensions ['ros']
[0.117s] Level 1:colcon.colcon_core.package_identification:_identify(src/vendor/frcobot_ros2/fairino3mt_v6_moveit2_config) by extension 'ros'
[0.118s] DEBUG:colcon.colcon_core.package_identification:Package 'src/vendor/frcobot_ros2/fairino3mt_v6_moveit2_config' with type 'ros.ament_cmake' and name 'fairino3mt_v6_moveit2_config'
[0.118s] Level 1:colcon.colcon_core.package_identification:_identify(src/vendor/frcobot_ros2/fairino5_v6_moveit2_config) by extensions ['ignore', 'ignore_ament_install']
[0.118s] Level 1:colcon.colcon_core.package_identification:_identify(src/vendor/frcobot_ros2/fairino5_v6_moveit2_config) by extension 'ignore'
[0.118s] Level 1:colcon.colcon_core.package_identification:_identify(src/vendor/frcobot_ros2/fairino5_v6_moveit2_config) by extension 'ignore_ament_install'
[0.118s] Level 1:colcon.colcon_core.package_identification:_identify(src/vendor/frcobot_ros2/fairino5_v6_moveit2_config) by extensions ['colcon_pkg']
[0.118s] Level 1:colcon.colcon_core.package_identification:_identify(src/vendor/frcobot_ros2/fairino5_v6_moveit2_config) by extension 'colcon_pkg'
[0.118s] Level 1:colcon.colcon_core.package_identification:_identify(src/vendor/frcobot_ros2/fairino5_v6_moveit2_config) by extensions ['colcon_meta']
[0.118s] Level 1:colcon.colcon_core.package_identification:_identify(src/vendor/frcobot_ros2/fairino5_v6_moveit2_config) by extension 'colcon_meta'
[0.118s] Level 1:colcon.colcon_core.package_identification:_identify(src/vendor/frcobot_ros2/fairino5_v6_moveit2_config) by extensions ['ros']
[0.118s] Level 1:colcon.colcon_core.package_identification:_identify(src/vendor/frcobot_ros2/fairino5_v6_moveit2_config) by extension 'ros'
[0.118s] DEBUG:colcon.colcon_core.package_identification:Package 'src/vendor/frcobot_ros2/fairino5_v6_moveit2_config' with type 'ros.ament_cmake' and name 'fairino5_v6_moveit2_config'
[0.118s] Level 1:colcon.colcon_core.package_identification:_identify(src/vendor/frcobot_ros2/fairino_description) by extensions ['ignore', 'ignore_ament_install']
[0.118s] Level 1:colcon.colcon_core.package_identification:_identify(src/vendor/frcobot_ros2/fairino_description) by extension 'ignore'
[0.118s] Level 1:colcon.colcon_core.package_identification:_identify(src/vendor/frcobot_ros2/fairino_description) by extension 'ignore_ament_install'
[0.118s] Level 1:colcon.colcon_core.package_identification:_identify(src/vendor/frcobot_ros2/fairino_description) by extensions ['colcon_pkg']
[0.118s] Level 1:colcon.colcon_core.package_identification:_identify(src/vendor/frcobot_ros2/fairino_description) by extension 'colcon_pkg'
[0.118s] Level 1:colcon.colcon_core.package_identification:_identify(src/vendor/frcobot_ros2/fairino_description) by extensions ['colcon_meta']
[0.118s] Level 1:colcon.colcon_core.package_identification:_identify(src/vendor/frcobot_ros2/fairino_description) by extension 'colcon_meta'
[0.118s] Level 1:colcon.colcon_core.package_identification:_identify(src/vendor/frcobot_ros2/fairino_description) by extensions ['ros']
[0.118s] Level 1:colcon.colcon_core.package_identification:_identify(src/vendor/frcobot_ros2/fairino_description) by extension 'ros'
[0.119s] DEBUG:colcon.colcon_core.package_identification:Package 'src/vendor/frcobot_ros2/fairino_description' with type 'ros.ament_cmake' and name 'fairino_description'
[0.119s] Level 1:colcon.colcon_core.package_identification:_identify(src/vendor/frcobot_ros2/fairino_hardware) by extensions ['ignore', 'ignore_ament_install']
[0.119s] Level 1:colcon.colcon_core.package_identification:_identify(src/vendor/frcobot_ros2/fairino_hardware) by extension 'ignore'
[0.119s] Level 1:colcon.colcon_core.package_identification:_identify(src/vendor/frcobot_ros2/fairino_hardware) by extension 'ignore_ament_install'
[0.119s] Level 1:colcon.colcon_core.package_identification:_identify(src/vendor/frcobot_ros2/fairino_hardware) by extensions ['colcon_pkg']
[0.119s] Level 1:colcon.colcon_core.package_identification:_identify(src/vendor/frcobot_ros2/fairino_hardware) by extension 'colcon_pkg'
[0.119s] Level 1:colcon.colcon_core.package_identification:_identify(src/vendor/frcobot_ros2/fairino_hardware) by extensions ['colcon_meta']
[0.119s] Level 1:colcon.colcon_core.package_identification:_identify(src/vendor/frcobot_ros2/fairino_hardware) by extension 'colcon_meta'
[0.119s] Level 1:colcon.colcon_core.package_identification:_identify(src/vendor/frcobot_ros2/fairino_hardware) by extensions ['ros']
[0.119s] Level 1:colcon.colcon_core.package_identification:_identify(src/vendor/frcobot_ros2/fairino_hardware) by extension 'ros'
[0.119s] DEBUG:colcon.colcon_core.package_identification:Package 'src/vendor/frcobot_ros2/fairino_hardware' with type 'ros.ament_cmake' and name 'fairino_hardware'
[0.119s] Level 1:colcon.colcon_core.package_identification:_identify(src/vendor/frcobot_ros2/fairino_hardware_master) by extensions ['ignore', 'ignore_ament_install']
[0.119s] Level 1:colcon.colcon_core.package_identification:_identify(src/vendor/frcobot_ros2/fairino_hardware_master) by extension 'ignore'
[0.119s] Level 1:colcon.colcon_core.package_identification:_identify(src/vendor/frcobot_ros2/fairino_hardware_master) by extension 'ignore_ament_install'
[0.119s] Level 1:colcon.colcon_core.package_identification:_identify(src/vendor/frcobot_ros2/fairino_hardware_master) by extensions ['colcon_pkg']
[0.119s] Level 1:colcon.colcon_core.package_identification:_identify(src/vendor/frcobot_ros2/fairino_hardware_master) by extension 'colcon_pkg'
[0.119s] Level 1:colcon.colcon_core.package_identification:_identify(src/vendor/frcobot_ros2/fairino_hardware_master) by extensions ['colcon_meta']
[0.119s] Level 1:colcon.colcon_core.package_identification:_identify(src/vendor/frcobot_ros2/fairino_hardware_master) by extension 'colcon_meta'
[0.119s] Level 1:colcon.colcon_core.package_identification:_identify(src/vendor/frcobot_ros2/fairino_hardware_master) by extensions ['ros']
[0.119s] Level 1:colcon.colcon_core.package_identification:_identify(src/vendor/frcobot_ros2/fairino_hardware_master) by extension 'ros'
[0.120s] DEBUG:colcon.colcon_core.package_identification:Package 'src/vendor/frcobot_ros2/fairino_hardware_master' with type 'ros.ament_cmake' and name 'fairino_hardware_master'
[0.120s] Level 1:colcon.colcon_core.package_identification:_identify(src/vendor/frcobot_ros2/fairino_hardware_v3_8_2_11) by extensions ['ignore', 'ignore_ament_install']
[0.120s] Level 1:colcon.colcon_core.package_identification:_identify(src/vendor/frcobot_ros2/fairino_hardware_v3_8_2_11) by extension 'ignore'
[0.120s] Level 1:colcon.colcon_core.package_identification:_identify(src/vendor/frcobot_ros2/fairino_hardware_v3_8_2_11) by extension 'ignore_ament_install'
[0.120s] Level 1:colcon.colcon_core.package_identification:_identify(src/vendor/frcobot_ros2/fairino_hardware_v3_8_2_11) by extensions ['colcon_pkg']
[0.120s] Level 1:colcon.colcon_core.package_identification:_identify(src/vendor/frcobot_ros2/fairino_hardware_v3_8_2_11) by extension 'colcon_pkg'
[0.120s] Level 1:colcon.colcon_core.package_identification:_identify(src/vendor/frcobot_ros2/fairino_hardware_v3_8_2_11) by extensions ['colcon_meta']
[0.120s] Level 1:colcon.colcon_core.package_identification:_identify(src/vendor/frcobot_ros2/fairino_hardware_v3_8_2_11) by extension 'colcon_meta'
[0.120s] Level 1:colcon.colcon_core.package_identification:_identify(src/vendor/frcobot_ros2/fairino_hardware_v3_8_2_11) by extensions ['ros']
[0.120s] Level 1:colcon.colcon_core.package_identification:_identify(src/vendor/frcobot_ros2/fairino_hardware_v3_8_2_11) by extension 'ros'
[0.121s] DEBUG:colcon.colcon_core.package_identification:Package 'src/vendor/frcobot_ros2/fairino_hardware_v3_8_2_11' with type 'ros.ament_cmake' and name 'fairino_hardware_v3_8_2_11'
[0.121s] Level 1:colcon.colcon_core.package_identification:_identify(src/vendor/frcobot_ros2/fairino_hardware_v3_9_0) by extensions ['ignore', 'ignore_ament_install']
[0.121s] Level 1:colcon.colcon_core.package_identification:_identify(src/vendor/frcobot_ros2/fairino_hardware_v3_9_0) by extension 'ignore'
[0.121s] Level 1:colcon.colcon_core.package_identification:_identify(src/vendor/frcobot_ros2/fairino_hardware_v3_9_0) by extension 'ignore_ament_install'
[0.121s] Level 1:colcon.colcon_core.package_identification:_identify(src/vendor/frcobot_ros2/fairino_hardware_v3_9_0) by extensions ['colcon_pkg']
[0.121s] Level 1:colcon.colcon_core.package_identification:_identify(src/vendor/frcobot_ros2/fairino_hardware_v3_9_0) by extension 'colcon_pkg'
[0.121s] Level 1:colcon.colcon_core.package_identification:_identify(src/vendor/frcobot_ros2/fairino_hardware_v3_9_0) by extensions ['colcon_meta']
[0.121s] Level 1:colcon.colcon_core.package_identification:_identify(src/vendor/frcobot_ros2/fairino_hardware_v3_9_0) by extension 'colcon_meta'
[0.121s] Level 1:colcon.colcon_core.package_identification:_identify(src/vendor/frcobot_ros2/fairino_hardware_v3_9_0) by extensions ['ros']
[0.121s] Level 1:colcon.colcon_core.package_identification:_identify(src/vendor/frcobot_ros2/fairino_hardware_v3_9_0) by extension 'ros'
[0.121s] DEBUG:colcon.colcon_core.package_identification:Package 'src/vendor/frcobot_ros2/fairino_hardware_v3_9_0' with type 'ros.ament_cmake' and name 'fairino_hardware_v3_9_0'
[0.121s] Level 1:colcon.colcon_core.package_identification:_identify(src/vendor/frcobot_ros2/fairino_hardware_v3_9_0_1) by extensions ['ignore', 'ignore_ament_install']
[0.121s] Level 1:colcon.colcon_core.package_identification:_identify(src/vendor/frcobot_ros2/fairino_hardware_v3_9_0_1) by extension 'ignore'
[0.121s] Level 1:colcon.colcon_core.package_identification:_identify(src/vendor/frcobot_ros2/fairino_hardware_v3_9_0_1) by extension 'ignore_ament_install'
[0.121s] Level 1:colcon.colcon_core.package_identification:_identify(src/vendor/frcobot_ros2/fairino_hardware_v3_9_0_1) by extensions ['colcon_pkg']
[0.121s] Level 1:colcon.colcon_core.package_identification:_identify(src/vendor/frcobot_ros2/fairino_hardware_v3_9_0_1) by extension 'colcon_pkg'
[0.121s] Level 1:colcon.colcon_core.package_identification:_identify(src/vendor/frcobot_ros2/fairino_hardware_v3_9_0_1) by extensions ['colcon_meta']
[0.121s] Level 1:colcon.colcon_core.package_identification:_identify(src/vendor/frcobot_ros2/fairino_hardware_v3_9_0_1) by extension 'colcon_meta'
[0.121s] Level 1:colcon.colcon_core.package_identification:_identify(src/vendor/frcobot_ros2/fairino_hardware_v3_9_0_1) by extensions ['ros']
[0.121s] Level 1:colcon.colcon_core.package_identification:_identify(src/vendor/frcobot_ros2/fairino_hardware_v3_9_0_1) by extension 'ros'
[0.122s] DEBUG:colcon.colcon_core.package_identification:Package 'src/vendor/frcobot_ros2/fairino_hardware_v3_9_0_1' with type 'ros.ament_cmake' and name 'fairino_hardware_v3_9_0_1'
[0.122s] Level 1:colcon.colcon_core.package_identification:_identify(src/vendor/frcobot_ros2/fairino_hardware_v3_9_4) by extensions ['ignore', 'ignore_ament_install']
[0.122s] Level 1:colcon.colcon_core.package_identification:_identify(src/vendor/frcobot_ros2/fairino_hardware_v3_9_4) by extension 'ignore'
[0.122s] Level 1:colcon.colcon_core.package_identification:_identify(src/vendor/frcobot_ros2/fairino_hardware_v3_9_4) by extension 'ignore_ament_install'
[0.122s] Level 1:colcon.colcon_core.package_identification:_identify(src/vendor/frcobot_ros2/fairino_hardware_v3_9_4) by extensions ['colcon_pkg']
[0.122s] Level 1:colcon.colcon_core.package_identification:_identify(src/vendor/frcobot_ros2/fairino_hardware_v3_9_4) by extension 'colcon_pkg'
[0.122s] Level 1:colcon.colcon_core.package_identification:_identify(src/vendor/frcobot_ros2/fairino_hardware_v3_9_4) by extensions ['colcon_meta']
[0.122s] Level 1:colcon.colcon_core.package_identification:_identify(src/vendor/frcobot_ros2/fairino_hardware_v3_9_4) by extension 'colcon_meta'
[0.122s] Level 1:colcon.colcon_core.package_identification:_identify(src/vendor/frcobot_ros2/fairino_hardware_v3_9_4) by extensions ['ros']
[0.122s] Level 1:colcon.colcon_core.package_identification:_identify(src/vendor/frcobot_ros2/fairino_hardware_v3_9_4) by extension 'ros'
[0.122s] DEBUG:colcon.colcon_core.package_identification:Package 'src/vendor/frcobot_ros2/fairino_hardware_v3_9_4' with type 'ros.ament_cmake' and name 'fairino_hardware_v3_9_4'
[0.122s] Level 1:colcon.colcon_core.package_identification:_identify(src/vendor/frcobot_ros2/fairino_hardware_v3_9_5) by extensions ['ignore', 'ignore_ament_install']
[0.123s] Level 1:colcon.colcon_core.package_identification:_identify(src/vendor/frcobot_ros2/fairino_hardware_v3_9_5) by extension 'ignore'
[0.123s] Level 1:colcon.colcon_core.package_identification:_identify(src/vendor/frcobot_ros2/fairino_hardware_v3_9_5) by extension 'ignore_ament_install'
[0.123s] Level 1:colcon.colcon_core.package_identification:_identify(src/vendor/frcobot_ros2/fairino_hardware_v3_9_5) by extensions ['colcon_pkg']
[0.123s] Level 1:colcon.colcon_core.package_identification:_identify(src/vendor/frcobot_ros2/fairino_hardware_v3_9_5) by extension 'colcon_pkg'
[0.123s] Level 1:colcon.colcon_core.package_identification:_identify(src/vendor/frcobot_ros2/fairino_hardware_v3_9_5) by extensions ['colcon_meta']
[0.123s] Level 1:colcon.colcon_core.package_identification:_identify(src/vendor/frcobot_ros2/fairino_hardware_v3_9_5) by extension 'colcon_meta'
[0.123s] Level 1:colcon.colcon_core.package_identification:_identify(src/vendor/frcobot_ros2/fairino_hardware_v3_9_5) by extensions ['ros']
[0.123s] Level 1:colcon.colcon_core.package_identification:_identify(src/vendor/frcobot_ros2/fairino_hardware_v3_9_5) by extension 'ros'
[0.123s] DEBUG:colcon.colcon_core.package_identification:Package 'src/vendor/frcobot_ros2/fairino_hardware_v3_9_5' with type 'ros.ament_cmake' and name 'fairino_hardware_v3_9_5'
[0.123s] Level 1:colcon.colcon_core.package_identification:_identify(src/vendor/frcobot_ros2/fairino_hardware_v3_9_6) by extensions ['ignore', 'ignore_ament_install']
[0.123s] Level 1:colcon.colcon_core.package_identification:_identify(src/vendor/frcobot_ros2/fairino_hardware_v3_9_6) by extension 'ignore'
[0.123s] Level 1:colcon.colcon_core.package_identification:_identify(src/vendor/frcobot_ros2/fairino_hardware_v3_9_6) by extension 'ignore_ament_install'
[0.123s] Level 1:colcon.colcon_core.package_identification:_identify(src/vendor/frcobot_ros2/fairino_hardware_v3_9_6) by extensions ['colcon_pkg']
[0.123s] Level 1:colcon.colcon_core.package_identification:_identify(src/vendor/frcobot_ros2/fairino_hardware_v3_9_6) by extension 'colcon_pkg'
[0.123s] Level 1:colcon.colcon_core.package_identification:_identify(src/vendor/frcobot_ros2/fairino_hardware_v3_9_6) by extensions ['colcon_meta']
[0.123s] Level 1:colcon.colcon_core.package_identification:_identify(src/vendor/frcobot_ros2/fairino_hardware_v3_9_6) by extension 'colcon_meta'
[0.123s] Level 1:colcon.colcon_core.package_identification:_identify(src/vendor/frcobot_ros2/fairino_hardware_v3_9_6) by extensions ['ros']
[0.123s] Level 1:colcon.colcon_core.package_identification:_identify(src/vendor/frcobot_ros2/fairino_hardware_v3_9_6) by extension 'ros'
[0.124s] DEBUG:colcon.colcon_core.package_identification:Package 'src/vendor/frcobot_ros2/fairino_hardware_v3_9_6' with type 'ros.ament_cmake' and name 'fairino_hardware_v3_9_6'
[0.124s] Level 1:colcon.colcon_core.package_identification:_identify(src/vendor/frcobot_ros2/fairino_hardware_v3_9_7) by extensions ['ignore', 'ignore_ament_install']
[0.124s] Level 1:colcon.colcon_core.package_identification:_identify(src/vendor/frcobot_ros2/fairino_hardware_v3_9_7) by extension 'ignore'
[0.124s] Level 1:colcon.colcon_core.package_identification:_identify(src/vendor/frcobot_ros2/fairino_hardware_v3_9_7) by extension 'ignore_ament_install'
[0.124s] Level 1:colcon.colcon_core.package_identification:_identify(src/vendor/frcobot_ros2/fairino_hardware_v3_9_7) by extensions ['colcon_pkg']
[0.124s] Level 1:colcon.colcon_core.package_identification:_identify(src/vendor/frcobot_ros2/fairino_hardware_v3_9_7) by extension 'colcon_pkg'
[0.124s] Level 1:colcon.colcon_core.package_identification:_identify(src/vendor/frcobot_ros2/fairino_hardware_v3_9_7) by extensions ['colcon_meta']
[0.124s] Level 1:colcon.colcon_core.package_identification:_identify(src/vendor/frcobot_ros2/fairino_hardware_v3_9_7) by extension 'colcon_meta'
[0.124s] Level 1:colcon.colcon_core.package_identification:_identify(src/vendor/frcobot_ros2/fairino_hardware_v3_9_7) by extensions ['ros']
[0.124s] Level 1:colcon.colcon_core.package_identification:_identify(src/vendor/frcobot_ros2/fairino_hardware_v3_9_7) by extension 'ros'
[0.124s] DEBUG:colcon.colcon_core.package_identification:Package 'src/vendor/frcobot_ros2/fairino_hardware_v3_9_7' with type 'ros.ament_cmake' and name 'fairino_hardware_v3_9_7'
[0.124s] Level 1:colcon.colcon_core.package_identification:_identify(src/vendor/frcobot_ros2/fairino_hardware_v3_9_8) by extensions ['ignore', 'ignore_ament_install']
[0.124s] Level 1:colcon.colcon_core.package_identification:_identify(src/vendor/frcobot_ros2/fairino_hardware_v3_9_8) by extension 'ignore'
[0.124s] Level 1:colcon.colcon_core.package_identification:_identify(src/vendor/frcobot_ros2/fairino_hardware_v3_9_8) by extension 'ignore_ament_install'
[0.124s] Level 1:colcon.colcon_core.package_identification:_identify(src/vendor/frcobot_ros2/fairino_hardware_v3_9_8) by extensions ['colcon_pkg']
[0.124s] Level 1:colcon.colcon_core.package_identification:_identify(src/vendor/frcobot_ros2/fairino_hardware_v3_9_8) by extension 'colcon_pkg'
[0.124s] Level 1:colcon.colcon_core.package_identification:_identify(src/vendor/frcobot_ros2/fairino_hardware_v3_9_8) by extensions ['colcon_meta']
[0.124s] Level 1:colcon.colcon_core.package_identification:_identify(src/vendor/frcobot_ros2/fairino_hardware_v3_9_8) by extension 'colcon_meta'
[0.124s] Level 1:colcon.colcon_core.package_identification:_identify(src/vendor/frcobot_ros2/fairino_hardware_v3_9_8) by extensions ['ros']
[0.124s] Level 1:colcon.colcon_core.package_identification:_identify(src/vendor/frcobot_ros2/fairino_hardware_v3_9_8) by extension 'ros'
[0.125s] DEBUG:colcon.colcon_core.package_identification:Package 'src/vendor/frcobot_ros2/fairino_hardware_v3_9_8' with type 'ros.ament_cmake' and name 'fairino_hardware_v3_9_8'
[0.125s] Level 1:colcon.colcon_core.package_identification:_identify(src/vendor/frcobot_ros2/fairino_msgs) by extensions ['ignore', 'ignore_ament_install']
[0.125s] Level 1:colcon.colcon_core.package_identification:_identify(src/vendor/frcobot_ros2/fairino_msgs) by extension 'ignore'
[0.125s] Level 1:colcon.colcon_core.package_identification:_identify(src/vendor/frcobot_ros2/fairino_msgs) by extension 'ignore_ament_install'
[0.125s] Level 1:colcon.colcon_core.package_identification:_identify(src/vendor/frcobot_ros2/fairino_msgs) by extensions ['colcon_pkg']
[0.125s] Level 1:colcon.colcon_core.package_identification:_identify(src/vendor/frcobot_ros2/fairino_msgs) by extension 'colcon_pkg'
[0.125s] Level 1:colcon.colcon_core.package_identification:_identify(src/vendor/frcobot_ros2/fairino_msgs) by extensions ['colcon_meta']
[0.125s] Level 1:colcon.colcon_core.package_identification:_identify(src/vendor/frcobot_ros2/fairino_msgs) by extension 'colcon_meta'
[0.125s] Level 1:colcon.colcon_core.package_identification:_identify(src/vendor/frcobot_ros2/fairino_msgs) by extensions ['ros']
[0.125s] Level 1:colcon.colcon_core.package_identification:_identify(src/vendor/frcobot_ros2/fairino_msgs) by extension 'ros'
[0.125s] DEBUG:colcon.colcon_core.package_identification:Package 'src/vendor/frcobot_ros2/fairino_msgs' with type 'ros.ament_cmake' and name 'fairino_msgs'
[0.125s] Level 1:colcon.colcon_core.package_discovery:discover_packages(recursive) using defaults
[0.125s] Level 1:colcon.colcon_core.package_discovery:discover_packages(ignore) discover
[0.125s] Level 1:colcon.colcon_core.package_discovery:discover_packages(ignore) using defaults
[0.125s] Level 1:colcon.colcon_core.package_discovery:discover_packages(path) discover
[0.125s] Level 1:colcon.colcon_core.package_discovery:discover_packages(path) using defaults
[0.139s] INFO:colcon.colcon_core.package_selection:Skipping not selected package 'fairino_hardware' in 'src/vendor/frcobot_ros2/fairino_hardware'
[0.139s] INFO:colcon.colcon_core.package_selection:Skipping not selected package 'fairino10_v6_moveit2_config' in 'src/vendor/frcobot_ros2/fairino10_v6_moveit2_config'
[0.139s] INFO:colcon.colcon_core.package_selection:Skipping not selected package 'fairino16_v6_moveit2_config' in 'src/vendor/frcobot_ros2/fairino16_v6_moveit2_config'
[0.139s] INFO:colcon.colcon_core.package_selection:Skipping not selected package 'fairino20_v6_moveit2_config' in 'src/vendor/frcobot_ros2/fairino20_v6_moveit2_config'
[0.139s] INFO:colcon.colcon_core.package_selection:Skipping not selected package 'fairino30_v6_moveit2_config' in 'src/vendor/frcobot_ros2/fairino30_v6_moveit2_config'
[0.139s] INFO:colcon.colcon_core.package_selection:Skipping not selected package 'fairino3_v6_moveit2_config' in 'src/vendor/frcobot_ros2/fairino3_v6_moveit2_config'
[0.139s] INFO:colcon.colcon_core.package_selection:Skipping not selected package 'fairino3mt_v6_moveit2_config' in 'src/vendor/frcobot_ros2/fairino3mt_v6_moveit2_config'
[0.139s] INFO:colcon.colcon_core.package_selection:Skipping not selected package 'fairino_hardware_master' in 'src/vendor/frcobot_ros2/fairino_hardware_master'
[0.139s] INFO:colcon.colcon_core.package_selection:Skipping not selected package 'fairino_hardware_v3_8_2_11' in 'src/vendor/frcobot_ros2/fairino_hardware_v3_8_2_11'
[0.139s] INFO:colcon.colcon_core.package_selection:Skipping not selected package 'fairino_hardware_v3_9_0' in 'src/vendor/frcobot_ros2/fairino_hardware_v3_9_0'
[0.139s] INFO:colcon.colcon_core.package_selection:Skipping not selected package 'fairino_hardware_v3_9_0_1' in 'src/vendor/frcobot_ros2/fairino_hardware_v3_9_0_1'
[0.139s] INFO:colcon.colcon_core.package_selection:Skipping not selected package 'fairino_hardware_v3_9_4' in 'src/vendor/frcobot_ros2/fairino_hardware_v3_9_4'
[0.139s] INFO:colcon.colcon_core.package_selection:Skipping not selected package 'fairino_hardware_v3_9_5' in 'src/vendor/frcobot_ros2/fairino_hardware_v3_9_5'
[0.139s] INFO:colcon.colcon_core.package_selection:Skipping not selected package 'fairino_hardware_v3_9_6' in 'src/vendor/frcobot_ros2/fairino_hardware_v3_9_6'
[0.139s] INFO:colcon.colcon_core.package_selection:Skipping not selected package 'fairino_hardware_v3_9_8' in 'src/vendor/frcobot_ros2/fairino_hardware_v3_9_8'
[0.139s] Level 1:colcon.colcon_core.package_discovery:discover_packages(prefix_path) check parameters
[0.139s] Level 1:colcon.colcon_core.package_discovery:discover_packages(prefix_path) discover
[0.140s] DEBUG:colcon.colcon_installed_package_information.package_discovery:Found 3 installed packages in /home/juchan-yoon/FR5_robot_control/ros2_ws/install
[0.141s] DEBUG:colcon.colcon_installed_package_information.package_discovery:Found 16 installed packages in /home/juchan-yoon/turtlebot3_ws/install
[0.142s] DEBUG:colcon.colcon_installed_package_information.package_discovery:Found 396 installed packages in /opt/ros/jazzy
[0.142s] Level 1:colcon.colcon_core.package_discovery:discover_packages(prefix_path) using defaults
[0.171s] Level 5:colcon.colcon_core.verb:set package 'fairino_description' build argument 'cmake_args' from command line to 'None'
[0.171s] Level 5:colcon.colcon_core.verb:set package 'fairino_description' build argument 'cmake_target' from command line to 'None'
[0.171s] Level 5:colcon.colcon_core.verb:set package 'fairino_description' build argument 'cmake_target_skip_unavailable' from command line to 'False'
[0.171s] Level 5:colcon.colcon_core.verb:set package 'fairino_description' build argument 'cmake_clean_cache' from command line to 'False'
[0.171s] Level 5:colcon.colcon_core.verb:set package 'fairino_description' build argument 'cmake_clean_first' from command line to 'False'
[0.171s] Level 5:colcon.colcon_core.verb:set package 'fairino_description' build argument 'cmake_force_configure' from command line to 'False'
[0.171s] Level 5:colcon.colcon_core.verb:set package 'fairino_description' build argument 'ament_cmake_args' from command line to 'None'
[0.171s] Level 5:colcon.colcon_core.verb:set package 'fairino_description' build argument 'catkin_cmake_args' from command line to 'None'
[0.171s] Level 5:colcon.colcon_core.verb:set package 'fairino_description' build argument 'catkin_skip_building_tests' from command line to 'False'
[0.171s] DEBUG:colcon.colcon_core.verb:Building package 'fairino_description' with the following arguments: {'ament_cmake_args': None, 'build_base': '/home/juchan-yoon/FR5_robot_control/robot_ws/build/fairino_description', 'catkin_cmake_args': None, 'catkin_skip_building_tests': False, 'cmake_args': None, 'cmake_clean_cache': False, 'cmake_clean_first': False, 'cmake_force_configure': False, 'cmake_target': None, 'cmake_target_skip_unavailable': False, 'install_base': '/home/juchan-yoon/FR5_robot_control/robot_ws/install/fairino_description', 'merge_install': False, 'path': '/home/juchan-yoon/FR5_robot_control/robot_ws/src/vendor/frcobot_ros2/fairino_description', 'symlink_install': True, 'test_result_base': None}
[0.171s] Level 5:colcon.colcon_core.verb:set package 'fairino_msgs' build argument 'cmake_args' from command line to 'None'
[0.171s] Level 5:colcon.colcon_core.verb:set package 'fairino_msgs' build argument 'cmake_target' from command line to 'None'
[0.171s] Level 5:colcon.colcon_core.verb:set package 'fairino_msgs' build argument 'cmake_target_skip_unavailable' from command line to 'False'
[0.171s] Level 5:colcon.colcon_core.verb:set package 'fairino_msgs' build argument 'cmake_clean_cache' from command line to 'False'
[0.171s] Level 5:colcon.colcon_core.verb:set package 'fairino_msgs' build argument 'cmake_clean_first' from command line to 'False'
[0.171s] Level 5:colcon.colcon_core.verb:set package 'fairino_msgs' build argument 'cmake_force_configure' from command line to 'False'
[0.171s] Level 5:colcon.colcon_core.verb:set package 'fairino_msgs' build argument 'ament_cmake_args' from command line to 'None'
[0.171s] Level 5:colcon.colcon_core.verb:set package 'fairino_msgs' build argument 'catkin_cmake_args' from command line to 'None'
[0.171s] Level 5:colcon.colcon_core.verb:set package 'fairino_msgs' build argument 'catkin_skip_building_tests' from command line to 'False'
[0.171s] DEBUG:colcon.colcon_core.verb:Building package 'fairino_msgs' with the following arguments: {'ament_cmake_args': None, 'build_base': '/home/juchan-yoon/FR5_robot_control/robot_ws/build/fairino_msgs', 'catkin_cmake_args': None, 'catkin_skip_building_tests': False, 'cmake_args': None, 'cmake_clean_cache': False, 'cmake_clean_first': False, 'cmake_force_configure': False, 'cmake_target': None, 'cmake_target_skip_unavailable': False, 'install_base': '/home/juchan-yoon/FR5_robot_control/robot_ws/install/fairino_msgs', 'merge_install': False, 'path': '/home/juchan-yoon/FR5_robot_control/robot_ws/src/vendor/frcobot_ros2/fairino_msgs', 'symlink_install': True, 'test_result_base': None}
[0.171s] Level 5:colcon.colcon_core.verb:set package 'fairino5_v6_moveit2_config' build argument 'cmake_args' from command line to 'None'
[0.171s] Level 5:colcon.colcon_core.verb:set package 'fairino5_v6_moveit2_config' build argument 'cmake_target' from command line to 'None'
[0.171s] Level 5:colcon.colcon_core.verb:set package 'fairino5_v6_moveit2_config' build argument 'cmake_target_skip_unavailable' from command line to 'False'
[0.171s] Level 5:colcon.colcon_core.verb:set package 'fairino5_v6_moveit2_config' build argument 'cmake_clean_cache' from command line to 'False'
[0.171s] Level 5:colcon.colcon_core.verb:set package 'fairino5_v6_moveit2_config' build argument 'cmake_clean_first' from command line to 'False'
[0.171s] Level 5:colcon.colcon_core.verb:set package 'fairino5_v6_moveit2_config' build argument 'cmake_force_configure' from command line to 'False'
[0.171s] Level 5:colcon.colcon_core.verb:set package 'fairino5_v6_moveit2_config' build argument 'ament_cmake_args' from command line to 'None'
[0.171s] Level 5:colcon.colcon_core.verb:set package 'fairino5_v6_moveit2_config' build argument 'catkin_cmake_args' from command line to 'None'
[0.171s] Level 5:colcon.colcon_core.verb:set package 'fairino5_v6_moveit2_config' build argument 'catkin_skip_building_tests' from command line to 'False'
[0.171s] DEBUG:colcon.colcon_core.verb:Building package 'fairino5_v6_moveit2_config' with the following arguments: {'ament_cmake_args': None, 'build_base': '/home/juchan-yoon/FR5_robot_control/robot_ws/build/fairino5_v6_moveit2_config', 'catkin_cmake_args': None, 'catkin_skip_building_tests': False, 'cmake_args': None, 'cmake_clean_cache': False, 'cmake_clean_first': False, 'cmake_force_configure': False, 'cmake_target': None, 'cmake_target_skip_unavailable': False, 'install_base': '/home/juchan-yoon/FR5_robot_control/robot_ws/install/fairino5_v6_moveit2_config', 'merge_install': False, 'path': '/home/juchan-yoon/FR5_robot_control/robot_ws/src/vendor/frcobot_ros2/fairino5_v6_moveit2_config', 'symlink_install': True, 'test_result_base': None}
[0.171s] Level 5:colcon.colcon_core.verb:set package 'fairino_hardware_v3_9_7' build argument 'cmake_args' from command line to 'None'
[0.171s] Level 5:colcon.colcon_core.verb:set package 'fairino_hardware_v3_9_7' build argument 'cmake_target' from command line to 'None'
[0.171s] Level 5:colcon.colcon_core.verb:set package 'fairino_hardware_v3_9_7' build argument 'cmake_target_skip_unavailable' from command line to 'False'
[0.171s] Level 5:colcon.colcon_core.verb:set package 'fairino_hardware_v3_9_7' build argument 'cmake_clean_cache' from command line to 'False'
[0.171s] Level 5:colcon.colcon_core.verb:set package 'fairino_hardware_v3_9_7' build argument 'cmake_clean_first' from command line to 'False'
[0.172s] Level 5:colcon.colcon_core.verb:set package 'fairino_hardware_v3_9_7' build argument 'cmake_force_configure' from command line to 'False'
[0.172s] Level 5:colcon.colcon_core.verb:set package 'fairino_hardware_v3_9_7' build argument 'ament_cmake_args' from command line to 'None'
[0.172s] Level 5:colcon.colcon_core.verb:set package 'fairino_hardware_v3_9_7' build argument 'catkin_cmake_args' from command line to 'None'
[0.172s] Level 5:colcon.colcon_core.verb:set package 'fairino_hardware_v3_9_7' build argument 'catkin_skip_building_tests' from command line to 'False'
[0.172s] DEBUG:colcon.colcon_core.verb:Building package 'fairino_hardware_v3_9_7' with the following arguments: {'ament_cmake_args': None, 'build_base': '/home/juchan-yoon/FR5_robot_control/robot_ws/build/fairino_hardware_v3_9_7', 'catkin_cmake_args': None, 'catkin_skip_building_tests': False, 'cmake_args': None, 'cmake_clean_cache': False, 'cmake_clean_first': False, 'cmake_force_configure': False, 'cmake_target': None, 'cmake_target_skip_unavailable': False, 'install_base': '/home/juchan-yoon/FR5_robot_control/robot_ws/install/fairino_hardware_v3_9_7', 'merge_install': False, 'path': '/home/juchan-yoon/FR5_robot_control/robot_ws/src/vendor/frcobot_ros2/fairino_hardware_v3_9_7', 'symlink_install': True, 'test_result_base': None}
[0.172s] INFO:colcon.colcon_core.executor:Executing jobs using 'parallel' executor
[0.172s] DEBUG:colcon.colcon_parallel_executor.executor.parallel:run_until_complete
[0.173s] INFO:colcon.colcon_ros.task.ament_cmake.build:Building ROS package in '/home/juchan-yoon/FR5_robot_control/robot_ws/src/vendor/frcobot_ros2/fairino_description' with build type 'ament_cmake'
[0.173s] INFO:colcon.colcon_cmake.task.cmake.build:Building CMake package in '/home/juchan-yoon/FR5_robot_control/robot_ws/src/vendor/frcobot_ros2/fairino_description'
[0.174s] INFO:colcon.colcon_core.plugin_system:Skipping extension 'colcon_core.shell.bat': Not used on non-Windows systems
[0.174s] INFO:colcon.colcon_core.shell:Skip shell extension 'powershell' for command environment: Not usable outside of PowerShell
[0.174s] DEBUG:colcon.colcon_core.shell:Skip shell extension 'dsv' for command environment
[0.177s] INFO:colcon.colcon_ros.task.ament_cmake.build:Building ROS package in '/home/juchan-yoon/FR5_robot_control/robot_ws/src/vendor/frcobot_ros2/fairino_msgs' with build type 'ament_cmake'
[0.177s] INFO:colcon.colcon_cmake.task.cmake.build:Building CMake package in '/home/juchan-yoon/FR5_robot_control/robot_ws/src/vendor/frcobot_ros2/fairino_msgs'
[0.177s] INFO:colcon.colcon_core.shell:Skip shell extension 'powershell' for command environment: Not usable outside of PowerShell
[0.177s] DEBUG:colcon.colcon_core.shell:Skip shell extension 'dsv' for command environment
[0.182s] DEBUG:colcon.colcon_core.event_handler.log_command:Invoking command in '/home/juchan-yoon/FR5_robot_control/robot_ws/build/fairino_description': CMAKE_PREFIX_PATH=${CMAKE_PREFIX_PATH}:/home/juchan-yoon/FR5_robot_control/ros2_ws/install/vision_server:/home/juchan-yoon/FR5_robot_control/ros2_ws/install/fr5_process_sequences:/home/juchan-yoon/turtlebot3_ws/install/turtlebot3_test:/home/juchan-yoon/turtlebot3_ws/install/turtlebot3_teleop:/home/juchan-yoon/turtlebot3_ws/install/turtlebot3_example:/opt/ros/jazzy DEBUGINFOD_URLS=https://debuginfod.ubuntu.com /usr/bin/cmake /home/juchan-yoon/FR5_robot_control/robot_ws/src/vendor/frcobot_ros2/fairino_description -DAMENT_CMAKE_SYMLINK_INSTALL=1 -DCMAKE_INSTALL_PREFIX=/home/juchan-yoon/FR5_robot_control/robot_ws/install/fairino_description
[0.183s] DEBUG:colcon.colcon_core.event_handler.log_command:Invoking command in '/home/juchan-yoon/FR5_robot_control/robot_ws/build/fairino_msgs': CMAKE_PREFIX_PATH=${CMAKE_PREFIX_PATH}:/home/juchan-yoon/FR5_robot_control/ros2_ws/install/vision_server:/home/juchan-yoon/FR5_robot_control/ros2_ws/install/fr5_process_sequences:/home/juchan-yoon/turtlebot3_ws/install/turtlebot3_test:/home/juchan-yoon/turtlebot3_ws/install/turtlebot3_teleop:/home/juchan-yoon/turtlebot3_ws/install/turtlebot3_example:/opt/ros/jazzy DEBUGINFOD_URLS=https://debuginfod.ubuntu.com /usr/bin/cmake /home/juchan-yoon/FR5_robot_control/robot_ws/src/vendor/frcobot_ros2/fairino_msgs -DAMENT_CMAKE_SYMLINK_INSTALL=1 -DCMAKE_INSTALL_PREFIX=/home/juchan-yoon/FR5_robot_control/robot_ws/install/fairino_msgs
[0.830s] DEBUG:colcon.colcon_core.event_handler.log_command:Invoked command in '/home/juchan-yoon/FR5_robot_control/robot_ws/build/fairino_description' returned '0': CMAKE_PREFIX_PATH=${CMAKE_PREFIX_PATH}:/home/juchan-yoon/FR5_robot_control/ros2_ws/install/vision_server:/home/juchan-yoon/FR5_robot_control/ros2_ws/install/fr5_process_sequences:/home/juchan-yoon/turtlebot3_ws/install/turtlebot3_test:/home/juchan-yoon/turtlebot3_ws/install/turtlebot3_teleop:/home/juchan-yoon/turtlebot3_ws/install/turtlebot3_example:/opt/ros/jazzy DEBUGINFOD_URLS=https://debuginfod.ubuntu.com /usr/bin/cmake /home/juchan-yoon/FR5_robot_control/robot_ws/src/vendor/frcobot_ros2/fairino_description -DAMENT_CMAKE_SYMLINK_INSTALL=1 -DCMAKE_INSTALL_PREFIX=/home/juchan-yoon/FR5_robot_control/robot_ws/install/fairino_description
[0.831s] DEBUG:colcon.colcon_core.event_handler.log_command:Invoking command in '/home/juchan-yoon/FR5_robot_control/robot_ws/build/fairino_description': CMAKE_PREFIX_PATH=${CMAKE_PREFIX_PATH}:/home/juchan-yoon/FR5_robot_control/ros2_ws/install/vision_server:/home/juchan-yoon/FR5_robot_control/ros2_ws/install/fr5_process_sequences:/home/juchan-yoon/turtlebot3_ws/install/turtlebot3_test:/home/juchan-yoon/turtlebot3_ws/install/turtlebot3_teleop:/home/juchan-yoon/turtlebot3_ws/install/turtlebot3_example:/opt/ros/jazzy DEBUGINFOD_URLS=https://debuginfod.ubuntu.com /usr/bin/cmake --build /home/juchan-yoon/FR5_robot_control/robot_ws/build/fairino_description -- -j16 -l16
[0.860s] DEBUG:colcon.colcon_core.event_handler.log_command:Invoked command in '/home/juchan-yoon/FR5_robot_control/robot_ws/build/fairino_description' returned '0': CMAKE_PREFIX_PATH=${CMAKE_PREFIX_PATH}:/home/juchan-yoon/FR5_robot_control/ros2_ws/install/vision_server:/home/juchan-yoon/FR5_robot_control/ros2_ws/install/fr5_process_sequences:/home/juchan-yoon/turtlebot3_ws/install/turtlebot3_test:/home/juchan-yoon/turtlebot3_ws/install/turtlebot3_teleop:/home/juchan-yoon/turtlebot3_ws/install/turtlebot3_example:/opt/ros/jazzy DEBUGINFOD_URLS=https://debuginfod.ubuntu.com /usr/bin/cmake --build /home/juchan-yoon/FR5_robot_control/robot_ws/build/fairino_description -- -j16 -l16
[0.876s] DEBUG:colcon.colcon_core.event_handler.log_command:Invoking command in '/home/juchan-yoon/FR5_robot_control/robot_ws/build/fairino_description': CMAKE_PREFIX_PATH=${CMAKE_PREFIX_PATH}:/home/juchan-yoon/FR5_robot_control/ros2_ws/install/vision_server:/home/juchan-yoon/FR5_robot_control/ros2_ws/install/fr5_process_sequences:/home/juchan-yoon/turtlebot3_ws/install/turtlebot3_test:/home/juchan-yoon/turtlebot3_ws/install/turtlebot3_teleop:/home/juchan-yoon/turtlebot3_ws/install/turtlebot3_example:/opt/ros/jazzy DEBUGINFOD_URLS=https://debuginfod.ubuntu.com /usr/bin/cmake --install /home/juchan-yoon/FR5_robot_control/robot_ws/build/fairino_description
[1.649s] Level 1:colcon.colcon_core.environment:create_environment_scripts_only(fairino_description)
[1.650s] DEBUG:colcon.colcon_core.event_handler.log_command:Invoked command in '/home/juchan-yoon/FR5_robot_control/robot_ws/build/fairino_description' returned '0': CMAKE_PREFIX_PATH=${CMAKE_PREFIX_PATH}:/home/juchan-yoon/FR5_robot_control/ros2_ws/install/vision_server:/home/juchan-yoon/FR5_robot_control/ros2_ws/install/fr5_process_sequences:/home/juchan-yoon/turtlebot3_ws/install/turtlebot3_test:/home/juchan-yoon/turtlebot3_ws/install/turtlebot3_teleop:/home/juchan-yoon/turtlebot3_ws/install/turtlebot3_example:/opt/ros/jazzy DEBUGINFOD_URLS=https://debuginfod.ubuntu.com /usr/bin/cmake --install /home/juchan-yoon/FR5_robot_control/robot_ws/build/fairino_description
[1.651s] Level 1:colcon.colcon_core.environment:checking '/home/juchan-yoon/FR5_robot_control/robot_ws/install/fairino_description' for CMake module files
[1.651s] Level 1:colcon.colcon_core.environment:checking '/home/juchan-yoon/FR5_robot_control/robot_ws/install/fairino_description' for CMake config files
[1.652s] Level 1:colcon.colcon_core.shell:create_environment_hook('fairino_description', 'cmake_prefix_path')
[1.652s] INFO:colcon.colcon_core.shell:Creating environment hook '/home/juchan-yoon/FR5_robot_control/robot_ws/install/fairino_description/share/fairino_description/hook/cmake_prefix_path.ps1'
[1.652s] INFO:colcon.colcon_core.shell:Creating environment descriptor '/home/juchan-yoon/FR5_robot_control/robot_ws/install/fairino_description/share/fairino_description/hook/cmake_prefix_path.dsv'
[1.653s] INFO:colcon.colcon_core.shell:Creating environment hook '/home/juchan-yoon/FR5_robot_control/robot_ws/install/fairino_description/share/fairino_description/hook/cmake_prefix_path.sh'
[1.653s] Level 1:colcon.colcon_core.environment:checking '/home/juchan-yoon/FR5_robot_control/robot_ws/install/fairino_description/bin'
[1.653s] Level 1:colcon.colcon_core.environment:checking '/home/juchan-yoon/FR5_robot_control/robot_ws/install/fairino_description/lib/pkgconfig/fairino_description.pc'
[1.653s] Level 1:colcon.colcon_core.environment:checking '/home/juchan-yoon/FR5_robot_control/robot_ws/install/fairino_description/lib/python3.12/site-packages'
[1.653s] Level 1:colcon.colcon_core.environment:checking '/home/juchan-yoon/FR5_robot_control/robot_ws/install/fairino_description/bin'
[1.653s] INFO:colcon.colcon_core.shell:Creating package script '/home/juchan-yoon/FR5_robot_control/robot_ws/install/fairino_description/share/fairino_description/package.ps1'
[1.654s] INFO:colcon.colcon_core.shell:Creating package descriptor '/home/juchan-yoon/FR5_robot_control/robot_ws/install/fairino_description/share/fairino_description/package.dsv'
[1.654s] INFO:colcon.colcon_core.shell:Creating package script '/home/juchan-yoon/FR5_robot_control/robot_ws/install/fairino_description/share/fairino_description/package.sh'
[1.655s] INFO:colcon.colcon_core.shell:Creating package script '/home/juchan-yoon/FR5_robot_control/robot_ws/install/fairino_description/share/fairino_description/package.bash'
[1.655s] INFO:colcon.colcon_core.shell:Creating package script '/home/juchan-yoon/FR5_robot_control/robot_ws/install/fairino_description/share/fairino_description/package.zsh'
[1.655s] Level 1:colcon.colcon_core.environment:create_file_with_runtime_dependencies(/home/juchan-yoon/FR5_robot_control/robot_ws/install/fairino_description/share/colcon-core/packages/fairino_description)
[1.655s] Level 1:colcon.colcon_core.environment:create_environment_scripts_only(fairino_description)
[1.656s] Level 1:colcon.colcon_core.environment:checking '/home/juchan-yoon/FR5_robot_control/robot_ws/install/fairino_description' for CMake module files
[1.656s] Level 1:colcon.colcon_core.environment:checking '/home/juchan-yoon/FR5_robot_control/robot_ws/install/fairino_description' for CMake config files
[1.656s] Level 1:colcon.colcon_core.shell:create_environment_hook('fairino_description', 'cmake_prefix_path')
[1.656s] INFO:colcon.colcon_core.shell:Creating environment hook '/home/juchan-yoon/FR5_robot_control/robot_ws/install/fairino_description/share/fairino_description/hook/cmake_prefix_path.ps1'
[1.657s] INFO:colcon.colcon_core.shell:Creating environment descriptor '/home/juchan-yoon/FR5_robot_control/robot_ws/install/fairino_description/share/fairino_description/hook/cmake_prefix_path.dsv'
[1.657s] INFO:colcon.colcon_core.shell:Creating environment hook '/home/juchan-yoon/FR5_robot_control/robot_ws/install/fairino_description/share/fairino_description/hook/cmake_prefix_path.sh'
[1.657s] Level 1:colcon.colcon_core.environment:checking '/home/juchan-yoon/FR5_robot_control/robot_ws/install/fairino_description/bin'
[1.657s] Level 1:colcon.colcon_core.environment:checking '/home/juchan-yoon/FR5_robot_control/robot_ws/install/fairino_description/lib/pkgconfig/fairino_description.pc'
[1.657s] Level 1:colcon.colcon_core.environment:checking '/home/juchan-yoon/FR5_robot_control/robot_ws/install/fairino_description/lib/python3.12/site-packages'
[1.657s] Level 1:colcon.colcon_core.environment:checking '/home/juchan-yoon/FR5_robot_control/robot_ws/install/fairino_description/bin'
[1.658s] INFO:colcon.colcon_core.shell:Creating package script '/home/juchan-yoon/FR5_robot_control/robot_ws/install/fairino_description/share/fairino_description/package.ps1'
[1.658s] INFO:colcon.colcon_core.shell:Creating package descriptor '/home/juchan-yoon/FR5_robot_control/robot_ws/install/fairino_description/share/fairino_description/package.dsv'
[1.658s] INFO:colcon.colcon_core.shell:Creating package script '/home/juchan-yoon/FR5_robot_control/robot_ws/install/fairino_description/share/fairino_description/package.sh'
[1.658s] INFO:colcon.colcon_core.shell:Creating package script '/home/juchan-yoon/FR5_robot_control/robot_ws/install/fairino_description/share/fairino_description/package.bash'
[1.659s] INFO:colcon.colcon_core.shell:Creating package script '/home/juchan-yoon/FR5_robot_control/robot_ws/install/fairino_description/share/fairino_description/package.zsh'
[1.659s] Level 1:colcon.colcon_core.environment:create_file_with_runtime_dependencies(/home/juchan-yoon/FR5_robot_control/robot_ws/install/fairino_description/share/colcon-core/packages/fairino_description)
[1.659s] INFO:colcon.colcon_ros.task.ament_cmake.build:Building ROS package in '/home/juchan-yoon/FR5_robot_control/robot_ws/src/vendor/frcobot_ros2/fairino5_v6_moveit2_config' with build type 'ament_cmake'
[1.659s] INFO:colcon.colcon_cmake.task.cmake.build:Building CMake package in '/home/juchan-yoon/FR5_robot_control/robot_ws/src/vendor/frcobot_ros2/fairino5_v6_moveit2_config'
[1.659s] INFO:colcon.colcon_core.shell:Skip shell extension 'powershell' for command environment: Not usable outside of PowerShell
[1.659s] DEBUG:colcon.colcon_core.shell:Skip shell extension 'dsv' for command environment
[1.666s] DEBUG:colcon.colcon_core.event_handler.log_command:Invoking command in '/home/juchan-yoon/FR5_robot_control/robot_ws/build/fairino5_v6_moveit2_config': AMENT_PREFIX_PATH=/home/juchan-yoon/FR5_robot_control/robot_ws/install/fairino_description:${AMENT_PREFIX_PATH} CMAKE_PREFIX_PATH=/home/juchan-yoon/FR5_robot_control/robot_ws/install/fairino_description:/home/juchan-yoon/FR5_robot_control/ros2_ws/install/vision_interfaces:/home/juchan-yoon/turtlebot3_ws/install/turtlebot3:/home/juchan-yoon/turtlebot3_ws/install/turtlebot3_simulations:/home/juchan-yoon/turtlebot3_ws/install/turtlebot3_bringup:/home/juchan-yoon/turtlebot3_ws/install/turtlebot3_node:/home/juchan-yoon/turtlebot3_ws/install/turtlebot3_navigation2:/home/juchan-yoon/turtlebot3_ws/install/turtlebot3_fake_node:/home/juchan-yoon/turtlebot3_ws/install/turtlebot3_msgs:/home/juchan-yoon/turtlebot3_ws/install/turtlebot3_gazebo:/home/juchan-yoon/turtlebot3_ws/install/turtlebot3_description:/home/juchan-yoon/turtlebot3_ws/install/turtlebot3_cartographer:/home/juchan-yoon/turtlebot3_ws/install/dynamixel_sdk_examples:/home/juchan-yoon/turtlebot3_ws/install/dynamixel_sdk_custom_interfaces:/home/juchan-yoon/turtlebot3_ws/install/dynamixel_sdk:/opt/ros/jazzy/opt/gz_sim_vendor:/opt/ros/jazzy/opt/gz_sensors_vendor:/opt/ros/jazzy/opt/gz_physics_vendor:/opt/ros/jazzy/opt/sdformat_vendor:/opt/ros/jazzy/opt/gz_gui_vendor:/opt/ros/jazzy/opt/gz_transport_vendor:/opt/ros/jazzy/opt/gz_rendering_vendor:/opt/ros/jazzy/opt/gz_plugin_vendor:/opt/ros/jazzy/opt/gz_fuel_tools_vendor:/opt/ros/jazzy/opt/gz_msgs_vendor:/opt/ros/jazzy/opt/gz_common_vendor:/opt/ros/jazzy/opt/gz_math_vendor:/opt/ros/jazzy/opt/gz_utils_vendor:/opt/ros/jazzy/opt/gz_tools_vendor:/opt/ros/jazzy/opt/gz_ogre_next_vendor:/opt/ros/jazzy/opt/gz_dartsim_vendor:/opt/ros/jazzy/opt/gz_cmake_vendor:/home/juchan-yoon/FR5_robot_control/ros2_ws/install/vision_server:/home/juchan-yoon/FR5_robot_control/ros2_ws/install/fr5_process_sequences:/home/juchan-yoon/turtlebot3_ws/install/turtlebot3_test:/home/juchan-yoon/turtlebot3_ws/install/turtlebot3_teleop:/home/juchan-yoon/turtlebot3_ws/install/turtlebot3_example:/opt/ros/jazzy DEBUGINFOD_URLS=https://debuginfod.ubuntu.com /usr/bin/cmake /home/juchan-yoon/FR5_robot_control/robot_ws/src/vendor/frcobot_ros2/fairino5_v6_moveit2_config -DAMENT_CMAKE_SYMLINK_INSTALL=1 -DCMAKE_INSTALL_PREFIX=/home/juchan-yoon/FR5_robot_control/robot_ws/install/fairino5_v6_moveit2_config
[2.228s] DEBUG:colcon.colcon_core.event_handler.log_command:Invoked command in '/home/juchan-yoon/FR5_robot_control/robot_ws/build/fairino5_v6_moveit2_config' returned '0': AMENT_PREFIX_PATH=/home/juchan-yoon/FR5_robot_control/robot_ws/install/fairino_description:${AMENT_PREFIX_PATH} CMAKE_PREFIX_PATH=/home/juchan-yoon/FR5_robot_control/robot_ws/install/fairino_description:/home/juchan-yoon/FR5_robot_control/ros2_ws/install/vision_interfaces:/home/juchan-yoon/turtlebot3_ws/install/turtlebot3:/home/juchan-yoon/turtlebot3_ws/install/turtlebot3_simulations:/home/juchan-yoon/turtlebot3_ws/install/turtlebot3_bringup:/home/juchan-yoon/turtlebot3_ws/install/turtlebot3_node:/home/juchan-yoon/turtlebot3_ws/install/turtlebot3_navigation2:/home/juchan-yoon/turtlebot3_ws/install/turtlebot3_fake_node:/home/juchan-yoon/turtlebot3_ws/install/turtlebot3_msgs:/home/juchan-yoon/turtlebot3_ws/install/turtlebot3_gazebo:/home/juchan-yoon/turtlebot3_ws/install/turtlebot3_description:/home/juchan-yoon/turtlebot3_ws/install/turtlebot3_cartographer:/home/juchan-yoon/turtlebot3_ws/install/dynamixel_sdk_examples:/home/juchan-yoon/turtlebot3_ws/install/dynamixel_sdk_custom_interfaces:/home/juchan-yoon/turtlebot3_ws/install/dynamixel_sdk:/opt/ros/jazzy/opt/gz_sim_vendor:/opt/ros/jazzy/opt/gz_sensors_vendor:/opt/ros/jazzy/opt/gz_physics_vendor:/opt/ros/jazzy/opt/sdformat_vendor:/opt/ros/jazzy/opt/gz_gui_vendor:/opt/ros/jazzy/opt/gz_transport_vendor:/opt/ros/jazzy/opt/gz_rendering_vendor:/opt/ros/jazzy/opt/gz_plugin_vendor:/opt/ros/jazzy/opt/gz_fuel_tools_vendor:/opt/ros/jazzy/opt/gz_msgs_vendor:/opt/ros/jazzy/opt/gz_common_vendor:/opt/ros/jazzy/opt/gz_math_vendor:/opt/ros/jazzy/opt/gz_utils_vendor:/opt/ros/jazzy/opt/gz_tools_vendor:/opt/ros/jazzy/opt/gz_ogre_next_vendor:/opt/ros/jazzy/opt/gz_dartsim_vendor:/opt/ros/jazzy/opt/gz_cmake_vendor:/home/juchan-yoon/FR5_robot_control/ros2_ws/install/vision_server:/home/juchan-yoon/FR5_robot_control/ros2_ws/install/fr5_process_sequences:/home/juchan-yoon/turtlebot3_ws/install/turtlebot3_test:/home/juchan-yoon/turtlebot3_ws/install/turtlebot3_teleop:/home/juchan-yoon/turtlebot3_ws/install/turtlebot3_example:/opt/ros/jazzy DEBUGINFOD_URLS=https://debuginfod.ubuntu.com /usr/bin/cmake /home/juchan-yoon/FR5_robot_control/robot_ws/src/vendor/frcobot_ros2/fairino5_v6_moveit2_config -DAMENT_CMAKE_SYMLINK_INSTALL=1 -DCMAKE_INSTALL_PREFIX=/home/juchan-yoon/FR5_robot_control/robot_ws/install/fairino5_v6_moveit2_config
[2.229s] DEBUG:colcon.colcon_core.event_handler.log_command:Invoking command in '/home/juchan-yoon/FR5_robot_control/robot_ws/build/fairino5_v6_moveit2_config': AMENT_PREFIX_PATH=/home/juchan-yoon/FR5_robot_control/robot_ws/install/fairino_description:${AMENT_PREFIX_PATH} CMAKE_PREFIX_PATH=/home/juchan-yoon/FR5_robot_control/robot_ws/install/fairino_description:/home/juchan-yoon/FR5_robot_control/ros2_ws/install/vision_interfaces:/home/juchan-yoon/turtlebot3_ws/install/turtlebot3:/home/juchan-yoon/turtlebot3_ws/install/turtlebot3_simulations:/home/juchan-yoon/turtlebot3_ws/install/turtlebot3_bringup:/home/juchan-yoon/turtlebot3_ws/install/turtlebot3_node:/home/juchan-yoon/turtlebot3_ws/install/turtlebot3_navigation2:/home/juchan-yoon/turtlebot3_ws/install/turtlebot3_fake_node:/home/juchan-yoon/turtlebot3_ws/install/turtlebot3_msgs:/home/juchan-yoon/turtlebot3_ws/install/turtlebot3_gazebo:/home/juchan-yoon/turtlebot3_ws/install/turtlebot3_description:/home/juchan-yoon/turtlebot3_ws/install/turtlebot3_cartographer:/home/juchan-yoon/turtlebot3_ws/install/dynamixel_sdk_examples:/home/juchan-yoon/turtlebot3_ws/install/dynamixel_sdk_custom_interfaces:/home/juchan-yoon/turtlebot3_ws/install/dynamixel_sdk:/opt/ros/jazzy/opt/gz_sim_vendor:/opt/ros/jazzy/opt/gz_sensors_vendor:/opt/ros/jazzy/opt/gz_physics_vendor:/opt/ros/jazzy/opt/sdformat_vendor:/opt/ros/jazzy/opt/gz_gui_vendor:/opt/ros/jazzy/opt/gz_transport_vendor:/opt/ros/jazzy/opt/gz_rendering_vendor:/opt/ros/jazzy/opt/gz_plugin_vendor:/opt/ros/jazzy/opt/gz_fuel_tools_vendor:/opt/ros/jazzy/opt/gz_msgs_vendor:/opt/ros/jazzy/opt/gz_common_vendor:/opt/ros/jazzy/opt/gz_math_vendor:/opt/ros/jazzy/opt/gz_utils_vendor:/opt/ros/jazzy/opt/gz_tools_vendor:/opt/ros/jazzy/opt/gz_ogre_next_vendor:/opt/ros/jazzy/opt/gz_dartsim_vendor:/opt/ros/jazzy/opt/gz_cmake_vendor:/home/juchan-yoon/FR5_robot_control/ros2_ws/install/vision_server:/home/juchan-yoon/FR5_robot_control/ros2_ws/install/fr5_process_sequences:/home/juchan-yoon/turtlebot3_ws/install/turtlebot3_test:/home/juchan-yoon/turtlebot3_ws/install/turtlebot3_teleop:/home/juchan-yoon/turtlebot3_ws/install/turtlebot3_example:/opt/ros/jazzy DEBUGINFOD_URLS=https://debuginfod.ubuntu.com /usr/bin/cmake --build /home/juchan-yoon/FR5_robot_control/robot_ws/build/fairino5_v6_moveit2_config -- -j16 -l16
[2.256s] DEBUG:colcon.colcon_core.event_handler.log_command:Invoked command in '/home/juchan-yoon/FR5_robot_control/robot_ws/build/fairino5_v6_moveit2_config' returned '0': AMENT_PREFIX_PATH=/home/juchan-yoon/FR5_robot_control/robot_ws/install/fairino_description:${AMENT_PREFIX_PATH} CMAKE_PREFIX_PATH=/home/juchan-yoon/FR5_robot_control/robot_ws/install/fairino_description:/home/juchan-yoon/FR5_robot_control/ros2_ws/install/vision_interfaces:/home/juchan-yoon/turtlebot3_ws/install/turtlebot3:/home/juchan-yoon/turtlebot3_ws/install/turtlebot3_simulations:/home/juchan-yoon/turtlebot3_ws/install/turtlebot3_bringup:/home/juchan-yoon/turtlebot3_ws/install/turtlebot3_node:/home/juchan-yoon/turtlebot3_ws/install/turtlebot3_navigation2:/home/juchan-yoon/turtlebot3_ws/install/turtlebot3_fake_node:/home/juchan-yoon/turtlebot3_ws/install/turtlebot3_msgs:/home/juchan-yoon/turtlebot3_ws/install/turtlebot3_gazebo:/home/juchan-yoon/turtlebot3_ws/install/turtlebot3_description:/home/juchan-yoon/turtlebot3_ws/install/turtlebot3_cartographer:/home/juchan-yoon/turtlebot3_ws/install/dynamixel_sdk_examples:/home/juchan-yoon/turtlebot3_ws/install/dynamixel_sdk_custom_interfaces:/home/juchan-yoon/turtlebot3_ws/install/dynamixel_sdk:/opt/ros/jazzy/opt/gz_sim_vendor:/opt/ros/jazzy/opt/gz_sensors_vendor:/opt/ros/jazzy/opt/gz_physics_vendor:/opt/ros/jazzy/opt/sdformat_vendor:/opt/ros/jazzy/opt/gz_gui_vendor:/opt/ros/jazzy/opt/gz_transport_vendor:/opt/ros/jazzy/opt/gz_rendering_vendor:/opt/ros/jazzy/opt/gz_plugin_vendor:/opt/ros/jazzy/opt/gz_fuel_tools_vendor:/opt/ros/jazzy/opt/gz_msgs_vendor:/opt/ros/jazzy/opt/gz_common_vendor:/opt/ros/jazzy/opt/gz_math_vendor:/opt/ros/jazzy/opt/gz_utils_vendor:/opt/ros/jazzy/opt/gz_tools_vendor:/opt/ros/jazzy/opt/gz_ogre_next_vendor:/opt/ros/jazzy/opt/gz_dartsim_vendor:/opt/ros/jazzy/opt/gz_cmake_vendor:/home/juchan-yoon/FR5_robot_control/ros2_ws/install/vision_server:/home/juchan-yoon/FR5_robot_control/ros2_ws/install/fr5_process_sequences:/home/juchan-yoon/turtlebot3_ws/install/turtlebot3_test:/home/juchan-yoon/turtlebot3_ws/install/turtlebot3_teleop:/home/juchan-yoon/turtlebot3_ws/install/turtlebot3_example:/opt/ros/jazzy DEBUGINFOD_URLS=https://debuginfod.ubuntu.com /usr/bin/cmake --build /home/juchan-yoon/FR5_robot_control/robot_ws/build/fairino5_v6_moveit2_config -- -j16 -l16
[2.257s] DEBUG:colcon.colcon_core.event_handler.log_command:Invoking command in '/home/juchan-yoon/FR5_robot_control/robot_ws/build/fairino5_v6_moveit2_config': AMENT_PREFIX_PATH=/home/juchan-yoon/FR5_robot_control/robot_ws/install/fairino_description:${AMENT_PREFIX_PATH} CMAKE_PREFIX_PATH=/home/juchan-yoon/FR5_robot_control/robot_ws/install/fairino_description:/home/juchan-yoon/FR5_robot_control/ros2_ws/install/vision_interfaces:/home/juchan-yoon/turtlebot3_ws/install/turtlebot3:/home/juchan-yoon/turtlebot3_ws/install/turtlebot3_simulations:/home/juchan-yoon/turtlebot3_ws/install/turtlebot3_bringup:/home/juchan-yoon/turtlebot3_ws/install/turtlebot3_node:/home/juchan-yoon/turtlebot3_ws/install/turtlebot3_navigation2:/home/juchan-yoon/turtlebot3_ws/install/turtlebot3_fake_node:/home/juchan-yoon/turtlebot3_ws/install/turtlebot3_msgs:/home/juchan-yoon/turtlebot3_ws/install/turtlebot3_gazebo:/home/juchan-yoon/turtlebot3_ws/install/turtlebot3_description:/home/juchan-yoon/turtlebot3_ws/install/turtlebot3_cartographer:/home/juchan-yoon/turtlebot3_ws/install/dynamixel_sdk_examples:/home/juchan-yoon/turtlebot3_ws/install/dynamixel_sdk_custom_interfaces:/home/juchan-yoon/turtlebot3_ws/install/dynamixel_sdk:/opt/ros/jazzy/opt/gz_sim_vendor:/opt/ros/jazzy/opt/gz_sensors_vendor:/opt/ros/jazzy/opt/gz_physics_vendor:/opt/ros/jazzy/opt/sdformat_vendor:/opt/ros/jazzy/opt/gz_gui_vendor:/opt/ros/jazzy/opt/gz_transport_vendor:/opt/ros/jazzy/opt/gz_rendering_vendor:/opt/ros/jazzy/opt/gz_plugin_vendor:/opt/ros/jazzy/opt/gz_fuel_tools_vendor:/opt/ros/jazzy/opt/gz_msgs_vendor:/opt/ros/jazzy/opt/gz_common_vendor:/opt/ros/jazzy/opt/gz_math_vendor:/opt/ros/jazzy/opt/gz_utils_vendor:/opt/ros/jazzy/opt/gz_tools_vendor:/opt/ros/jazzy/opt/gz_ogre_next_vendor:/opt/ros/jazzy/opt/gz_dartsim_vendor:/opt/ros/jazzy/opt/gz_cmake_vendor:/home/juchan-yoon/FR5_robot_control/ros2_ws/install/vision_server:/home/juchan-yoon/FR5_robot_control/ros2_ws/install/fr5_process_sequences:/home/juchan-yoon/turtlebot3_ws/install/turtlebot3_test:/home/juchan-yoon/turtlebot3_ws/install/turtlebot3_teleop:/home/juchan-yoon/turtlebot3_ws/install/turtlebot3_example:/opt/ros/jazzy DEBUGINFOD_URLS=https://debuginfod.ubuntu.com /usr/bin/cmake --install /home/juchan-yoon/FR5_robot_control/robot_ws/build/fairino5_v6_moveit2_config
[2.502s] Level 1:colcon.colcon_core.environment:create_environment_scripts_only(fairino5_v6_moveit2_config)
[2.502s] Level 1:colcon.colcon_core.environment:checking '/home/juchan-yoon/FR5_robot_control/robot_ws/install/fairino5_v6_moveit2_config' for CMake module files
[2.502s] DEBUG:colcon.colcon_core.event_handler.log_command:Invoked command in '/home/juchan-yoon/FR5_robot_control/robot_ws/build/fairino5_v6_moveit2_config' returned '0': AMENT_PREFIX_PATH=/home/juchan-yoon/FR5_robot_control/robot_ws/install/fairino_description:${AMENT_PREFIX_PATH} CMAKE_PREFIX_PATH=/home/juchan-yoon/FR5_robot_control/robot_ws/install/fairino_description:/home/juchan-yoon/FR5_robot_control/ros2_ws/install/vision_interfaces:/home/juchan-yoon/turtlebot3_ws/install/turtlebot3:/home/juchan-yoon/turtlebot3_ws/install/turtlebot3_simulations:/home/juchan-yoon/turtlebot3_ws/install/turtlebot3_bringup:/home/juchan-yoon/turtlebot3_ws/install/turtlebot3_node:/home/juchan-yoon/turtlebot3_ws/install/turtlebot3_navigation2:/home/juchan-yoon/turtlebot3_ws/install/turtlebot3_fake_node:/home/juchan-yoon/turtlebot3_ws/install/turtlebot3_msgs:/home/juchan-yoon/turtlebot3_ws/install/turtlebot3_gazebo:/home/juchan-yoon/turtlebot3_ws/install/turtlebot3_description:/home/juchan-yoon/turtlebot3_ws/install/turtlebot3_cartographer:/home/juchan-yoon/turtlebot3_ws/install/dynamixel_sdk_examples:/home/juchan-yoon/turtlebot3_ws/install/dynamixel_sdk_custom_interfaces:/home/juchan-yoon/turtlebot3_ws/install/dynamixel_sdk:/opt/ros/jazzy/opt/gz_sim_vendor:/opt/ros/jazzy/opt/gz_sensors_vendor:/opt/ros/jazzy/opt/gz_physics_vendor:/opt/ros/jazzy/opt/sdformat_vendor:/opt/ros/jazzy/opt/gz_gui_vendor:/opt/ros/jazzy/opt/gz_transport_vendor:/opt/ros/jazzy/opt/gz_rendering_vendor:/opt/ros/jazzy/opt/gz_plugin_vendor:/opt/ros/jazzy/opt/gz_fuel_tools_vendor:/opt/ros/jazzy/opt/gz_msgs_vendor:/opt/ros/jazzy/opt/gz_common_vendor:/opt/ros/jazzy/opt/gz_math_vendor:/opt/ros/jazzy/opt/gz_utils_vendor:/opt/ros/jazzy/opt/gz_tools_vendor:/opt/ros/jazzy/opt/gz_ogre_next_vendor:/opt/ros/jazzy/opt/gz_dartsim_vendor:/opt/ros/jazzy/opt/gz_cmake_vendor:/home/juchan-yoon/FR5_robot_control/ros2_ws/install/vision_server:/home/juchan-yoon/FR5_robot_control/ros2_ws/install/fr5_process_sequences:/home/juchan-yoon/turtlebot3_ws/install/turtlebot3_test:/home/juchan-yoon/turtlebot3_ws/install/turtlebot3_teleop:/home/juchan-yoon/turtlebot3_ws/install/turtlebot3_example:/opt/ros/jazzy DEBUGINFOD_URLS=https://debuginfod.ubuntu.com /usr/bin/cmake --install /home/juchan-yoon/FR5_robot_control/robot_ws/build/fairino5_v6_moveit2_config
[2.502s] Level 1:colcon.colcon_core.environment:checking '/home/juchan-yoon/FR5_robot_control/robot_ws/install/fairino5_v6_moveit2_config' for CMake config files
[2.503s] Level 1:colcon.colcon_core.shell:create_environment_hook('fairino5_v6_moveit2_config', 'cmake_prefix_path')
[2.503s] INFO:colcon.colcon_core.shell:Creating environment hook '/home/juchan-yoon/FR5_robot_control/robot_ws/install/fairino5_v6_moveit2_config/share/fairino5_v6_moveit2_config/hook/cmake_prefix_path.ps1'
[2.503s] INFO:colcon.colcon_core.shell:Creating environment descriptor '/home/juchan-yoon/FR5_robot_control/robot_ws/install/fairino5_v6_moveit2_config/share/fairino5_v6_moveit2_config/hook/cmake_prefix_path.dsv'
[2.503s] INFO:colcon.colcon_core.shell:Creating environment hook '/home/juchan-yoon/FR5_robot_control/robot_ws/install/fairino5_v6_moveit2_config/share/fairino5_v6_moveit2_config/hook/cmake_prefix_path.sh'
[2.503s] Level 1:colcon.colcon_core.environment:checking '/home/juchan-yoon/FR5_robot_control/robot_ws/install/fairino5_v6_moveit2_config/bin'
[2.503s] Level 1:colcon.colcon_core.environment:checking '/home/juchan-yoon/FR5_robot_control/robot_ws/install/fairino5_v6_moveit2_config/lib/pkgconfig/fairino5_v6_moveit2_config.pc'
[2.504s] Level 1:colcon.colcon_core.environment:checking '/home/juchan-yoon/FR5_robot_control/robot_ws/install/fairino5_v6_moveit2_config/lib/python3.12/site-packages'
[2.504s] Level 1:colcon.colcon_core.environment:checking '/home/juchan-yoon/FR5_robot_control/robot_ws/install/fairino5_v6_moveit2_config/bin'
[2.504s] INFO:colcon.colcon_core.shell:Creating package script '/home/juchan-yoon/FR5_robot_control/robot_ws/install/fairino5_v6_moveit2_config/share/fairino5_v6_moveit2_config/package.ps1'
[2.504s] INFO:colcon.colcon_core.shell:Creating package descriptor '/home/juchan-yoon/FR5_robot_control/robot_ws/install/fairino5_v6_moveit2_config/share/fairino5_v6_moveit2_config/package.dsv'
[2.504s] INFO:colcon.colcon_core.shell:Creating package script '/home/juchan-yoon/FR5_robot_control/robot_ws/install/fairino5_v6_moveit2_config/share/fairino5_v6_moveit2_config/package.sh'
[2.505s] INFO:colcon.colcon_core.shell:Creating package script '/home/juchan-yoon/FR5_robot_control/robot_ws/install/fairino5_v6_moveit2_config/share/fairino5_v6_moveit2_config/package.bash'
[2.505s] INFO:colcon.colcon_core.shell:Creating package script '/home/juchan-yoon/FR5_robot_control/robot_ws/install/fairino5_v6_moveit2_config/share/fairino5_v6_moveit2_config/package.zsh'
[2.505s] Level 1:colcon.colcon_core.environment:create_file_with_runtime_dependencies(/home/juchan-yoon/FR5_robot_control/robot_ws/install/fairino5_v6_moveit2_config/share/colcon-core/packages/fairino5_v6_moveit2_config)
[2.505s] Level 1:colcon.colcon_core.environment:create_environment_scripts_only(fairino5_v6_moveit2_config)
[2.505s] Level 1:colcon.colcon_core.environment:checking '/home/juchan-yoon/FR5_robot_control/robot_ws/install/fairino5_v6_moveit2_config' for CMake module files
[2.505s] Level 1:colcon.colcon_core.environment:checking '/home/juchan-yoon/FR5_robot_control/robot_ws/install/fairino5_v6_moveit2_config' for CMake config files
[2.506s] Level 1:colcon.colcon_core.shell:create_environment_hook('fairino5_v6_moveit2_config', 'cmake_prefix_path')
[2.506s] INFO:colcon.colcon_core.shell:Creating environment hook '/home/juchan-yoon/FR5_robot_control/robot_ws/install/fairino5_v6_moveit2_config/share/fairino5_v6_moveit2_config/hook/cmake_prefix_path.ps1'
[2.506s] INFO:colcon.colcon_core.shell:Creating environment descriptor '/home/juchan-yoon/FR5_robot_control/robot_ws/install/fairino5_v6_moveit2_config/share/fairino5_v6_moveit2_config/hook/cmake_prefix_path.dsv'
[2.506s] INFO:colcon.colcon_core.shell:Creating environment hook '/home/juchan-yoon/FR5_robot_control/robot_ws/install/fairino5_v6_moveit2_config/share/fairino5_v6_moveit2_config/hook/cmake_prefix_path.sh'
[2.506s] Level 1:colcon.colcon_core.environment:checking '/home/juchan-yoon/FR5_robot_control/robot_ws/install/fairino5_v6_moveit2_config/bin'
[2.506s] Level 1:colcon.colcon_core.environment:checking '/home/juchan-yoon/FR5_robot_control/robot_ws/install/fairino5_v6_moveit2_config/lib/pkgconfig/fairino5_v6_moveit2_config.pc'
[2.507s] Level 1:colcon.colcon_core.environment:checking '/home/juchan-yoon/FR5_robot_control/robot_ws/install/fairino5_v6_moveit2_config/lib/python3.12/site-packages'
[2.507s] Level 1:colcon.colcon_core.environment:checking '/home/juchan-yoon/FR5_robot_control/robot_ws/install/fairino5_v6_moveit2_config/bin'
[2.507s] INFO:colcon.colcon_core.shell:Creating package script '/home/juchan-yoon/FR5_robot_control/robot_ws/install/fairino5_v6_moveit2_config/share/fairino5_v6_moveit2_config/package.ps1'
[2.507s] INFO:colcon.colcon_core.shell:Creating package descriptor '/home/juchan-yoon/FR5_robot_control/robot_ws/install/fairino5_v6_moveit2_config/share/fairino5_v6_moveit2_config/package.dsv'
[2.507s] INFO:colcon.colcon_core.shell:Creating package script '/home/juchan-yoon/FR5_robot_control/robot_ws/install/fairino5_v6_moveit2_config/share/fairino5_v6_moveit2_config/package.sh'
[2.508s] INFO:colcon.colcon_core.shell:Creating package script '/home/juchan-yoon/FR5_robot_control/robot_ws/install/fairino5_v6_moveit2_config/share/fairino5_v6_moveit2_config/package.bash'
[2.508s] INFO:colcon.colcon_core.shell:Creating package script '/home/juchan-yoon/FR5_robot_control/robot_ws/install/fairino5_v6_moveit2_config/share/fairino5_v6_moveit2_config/package.zsh'
[2.508s] Level 1:colcon.colcon_core.environment:create_file_with_runtime_dependencies(/home/juchan-yoon/FR5_robot_control/robot_ws/install/fairino5_v6_moveit2_config/share/colcon-core/packages/fairino5_v6_moveit2_config)
[2.675s] DEBUG:colcon.colcon_core.event_handler.log_command:Invoked command in '/home/juchan-yoon/FR5_robot_control/robot_ws/build/fairino_msgs' returned '0': CMAKE_PREFIX_PATH=${CMAKE_PREFIX_PATH}:/home/juchan-yoon/FR5_robot_control/ros2_ws/install/vision_server:/home/juchan-yoon/FR5_robot_control/ros2_ws/install/fr5_process_sequences:/home/juchan-yoon/turtlebot3_ws/install/turtlebot3_test:/home/juchan-yoon/turtlebot3_ws/install/turtlebot3_teleop:/home/juchan-yoon/turtlebot3_ws/install/turtlebot3_example:/opt/ros/jazzy DEBUGINFOD_URLS=https://debuginfod.ubuntu.com /usr/bin/cmake /home/juchan-yoon/FR5_robot_control/robot_ws/src/vendor/frcobot_ros2/fairino_msgs -DAMENT_CMAKE_SYMLINK_INSTALL=1 -DCMAKE_INSTALL_PREFIX=/home/juchan-yoon/FR5_robot_control/robot_ws/install/fairino_msgs
[2.675s] DEBUG:colcon.colcon_core.event_handler.log_command:Invoking command in '/home/juchan-yoon/FR5_robot_control/robot_ws/build/fairino_msgs': CMAKE_PREFIX_PATH=${CMAKE_PREFIX_PATH}:/home/juchan-yoon/FR5_robot_control/ros2_ws/install/vision_server:/home/juchan-yoon/FR5_robot_control/ros2_ws/install/fr5_process_sequences:/home/juchan-yoon/turtlebot3_ws/install/turtlebot3_test:/home/juchan-yoon/turtlebot3_ws/install/turtlebot3_teleop:/home/juchan-yoon/turtlebot3_ws/install/turtlebot3_example:/opt/ros/jazzy DEBUGINFOD_URLS=https://debuginfod.ubuntu.com /usr/bin/cmake --build /home/juchan-yoon/FR5_robot_control/robot_ws/build/fairino_msgs -- -j16 -l16
[5.891s] DEBUG:colcon.colcon_core.event_handler.log_command:Invoked command in '/home/juchan-yoon/FR5_robot_control/robot_ws/build/fairino_msgs' returned '0': CMAKE_PREFIX_PATH=${CMAKE_PREFIX_PATH}:/home/juchan-yoon/FR5_robot_control/ros2_ws/install/vision_server:/home/juchan-yoon/FR5_robot_control/ros2_ws/install/fr5_process_sequences:/home/juchan-yoon/turtlebot3_ws/install/turtlebot3_test:/home/juchan-yoon/turtlebot3_ws/install/turtlebot3_teleop:/home/juchan-yoon/turtlebot3_ws/install/turtlebot3_example:/opt/ros/jazzy DEBUGINFOD_URLS=https://debuginfod.ubuntu.com /usr/bin/cmake --build /home/juchan-yoon/FR5_robot_control/robot_ws/build/fairino_msgs -- -j16 -l16
[5.892s] DEBUG:colcon.colcon_core.event_handler.log_command:Invoking command in '/home/juchan-yoon/FR5_robot_control/robot_ws/build/fairino_msgs': CMAKE_PREFIX_PATH=${CMAKE_PREFIX_PATH}:/home/juchan-yoon/FR5_robot_control/ros2_ws/install/vision_server:/home/juchan-yoon/FR5_robot_control/ros2_ws/install/fr5_process_sequences:/home/juchan-yoon/turtlebot3_ws/install/turtlebot3_test:/home/juchan-yoon/turtlebot3_ws/install/turtlebot3_teleop:/home/juchan-yoon/turtlebot3_ws/install/turtlebot3_example:/opt/ros/jazzy DEBUGINFOD_URLS=https://debuginfod.ubuntu.com /usr/bin/cmake --install /home/juchan-yoon/FR5_robot_control/robot_ws/build/fairino_msgs
[7.287s] Level 1:colcon.colcon_core.environment:create_environment_scripts_only(fairino_msgs)
[7.287s] Level 1:colcon.colcon_core.environment:checking '/home/juchan-yoon/FR5_robot_control/robot_ws/install/fairino_msgs' for CMake module files
[7.287s] DEBUG:colcon.colcon_core.event_handler.log_command:Invoked command in '/home/juchan-yoon/FR5_robot_control/robot_ws/build/fairino_msgs' returned '0': CMAKE_PREFIX_PATH=${CMAKE_PREFIX_PATH}:/home/juchan-yoon/FR5_robot_control/ros2_ws/install/vision_server:/home/juchan-yoon/FR5_robot_control/ros2_ws/install/fr5_process_sequences:/home/juchan-yoon/turtlebot3_ws/install/turtlebot3_test:/home/juchan-yoon/turtlebot3_ws/install/turtlebot3_teleop:/home/juchan-yoon/turtlebot3_ws/install/turtlebot3_example:/opt/ros/jazzy DEBUGINFOD_URLS=https://debuginfod.ubuntu.com /usr/bin/cmake --install /home/juchan-yoon/FR5_robot_control/robot_ws/build/fairino_msgs
[7.287s] Level 1:colcon.colcon_core.environment:checking '/home/juchan-yoon/FR5_robot_control/robot_ws/install/fairino_msgs' for CMake config files
[7.288s] Level 1:colcon.colcon_core.shell:create_environment_hook('fairino_msgs', 'cmake_prefix_path')
[7.288s] INFO:colcon.colcon_core.shell:Creating environment hook '/home/juchan-yoon/FR5_robot_control/robot_ws/install/fairino_msgs/share/fairino_msgs/hook/cmake_prefix_path.ps1'
[7.288s] INFO:colcon.colcon_core.shell:Creating environment descriptor '/home/juchan-yoon/FR5_robot_control/robot_ws/install/fairino_msgs/share/fairino_msgs/hook/cmake_prefix_path.dsv'
[7.288s] INFO:colcon.colcon_core.shell:Creating environment hook '/home/juchan-yoon/FR5_robot_control/robot_ws/install/fairino_msgs/share/fairino_msgs/hook/cmake_prefix_path.sh'
[7.289s] Level 1:colcon.colcon_core.environment:checking '/home/juchan-yoon/FR5_robot_control/robot_ws/install/fairino_msgs/lib'
[7.289s] Level 1:colcon.colcon_core.shell:create_environment_hook('fairino_msgs', 'ld_library_path_lib')
[7.289s] INFO:colcon.colcon_core.shell:Creating environment hook '/home/juchan-yoon/FR5_robot_control/robot_ws/install/fairino_msgs/share/fairino_msgs/hook/ld_library_path_lib.ps1'
[7.289s] INFO:colcon.colcon_core.shell:Creating environment descriptor '/home/juchan-yoon/FR5_robot_control/robot_ws/install/fairino_msgs/share/fairino_msgs/hook/ld_library_path_lib.dsv'
[7.289s] INFO:colcon.colcon_core.shell:Creating environment hook '/home/juchan-yoon/FR5_robot_control/robot_ws/install/fairino_msgs/share/fairino_msgs/hook/ld_library_path_lib.sh'
[7.289s] Level 1:colcon.colcon_core.environment:checking '/home/juchan-yoon/FR5_robot_control/robot_ws/install/fairino_msgs/bin'
[7.289s] Level 1:colcon.colcon_core.environment:checking '/home/juchan-yoon/FR5_robot_control/robot_ws/install/fairino_msgs/lib/pkgconfig/fairino_msgs.pc'
[7.289s] Level 1:colcon.colcon_core.environment:checking '/home/juchan-yoon/FR5_robot_control/robot_ws/install/fairino_msgs/lib/python3.12/site-packages'
[7.290s] Level 1:colcon.colcon_core.shell:create_environment_hook('fairino_msgs', 'pythonpath')
[7.290s] INFO:colcon.colcon_core.shell:Creating environment hook '/home/juchan-yoon/FR5_robot_control/robot_ws/install/fairino_msgs/share/fairino_msgs/hook/pythonpath.ps1'
[7.290s] INFO:colcon.colcon_core.shell:Creating environment descriptor '/home/juchan-yoon/FR5_robot_control/robot_ws/install/fairino_msgs/share/fairino_msgs/hook/pythonpath.dsv'
[7.290s] INFO:colcon.colcon_core.shell:Creating environment hook '/home/juchan-yoon/FR5_robot_control/robot_ws/install/fairino_msgs/share/fairino_msgs/hook/pythonpath.sh'
[7.290s] Level 1:colcon.colcon_core.environment:checking '/home/juchan-yoon/FR5_robot_control/robot_ws/install/fairino_msgs/bin'
[7.290s] INFO:colcon.colcon_core.shell:Creating package script '/home/juchan-yoon/FR5_robot_control/robot_ws/install/fairino_msgs/share/fairino_msgs/package.ps1'
[7.291s] INFO:colcon.colcon_core.shell:Creating package descriptor '/home/juchan-yoon/FR5_robot_control/robot_ws/install/fairino_msgs/share/fairino_msgs/package.dsv'
[7.291s] INFO:colcon.colcon_core.shell:Creating package script '/home/juchan-yoon/FR5_robot_control/robot_ws/install/fairino_msgs/share/fairino_msgs/package.sh'
[7.291s] INFO:colcon.colcon_core.shell:Creating package script '/home/juchan-yoon/FR5_robot_control/robot_ws/install/fairino_msgs/share/fairino_msgs/package.bash'
[7.291s] INFO:colcon.colcon_core.shell:Creating package script '/home/juchan-yoon/FR5_robot_control/robot_ws/install/fairino_msgs/share/fairino_msgs/package.zsh'
[7.292s] Level 1:colcon.colcon_core.environment:create_file_with_runtime_dependencies(/home/juchan-yoon/FR5_robot_control/robot_ws/install/fairino_msgs/share/colcon-core/packages/fairino_msgs)
[7.292s] Level 1:colcon.colcon_core.environment:create_environment_scripts_only(fairino_msgs)
[7.292s] Level 1:colcon.colcon_core.environment:checking '/home/juchan-yoon/FR5_robot_control/robot_ws/install/fairino_msgs' for CMake module files
[7.293s] Level 1:colcon.colcon_core.environment:checking '/home/juchan-yoon/FR5_robot_control/robot_ws/install/fairino_msgs' for CMake config files
[7.293s] Level 1:colcon.colcon_core.shell:create_environment_hook('fairino_msgs', 'cmake_prefix_path')
[7.293s] INFO:colcon.colcon_core.shell:Creating environment hook '/home/juchan-yoon/FR5_robot_control/robot_ws/install/fairino_msgs/share/fairino_msgs/hook/cmake_prefix_path.ps1'
[7.293s] INFO:colcon.colcon_core.shell:Creating environment descriptor '/home/juchan-yoon/FR5_robot_control/robot_ws/install/fairino_msgs/share/fairino_msgs/hook/cmake_prefix_path.dsv'
[7.294s] INFO:colcon.colcon_core.shell:Creating environment hook '/home/juchan-yoon/FR5_robot_control/robot_ws/install/fairino_msgs/share/fairino_msgs/hook/cmake_prefix_path.sh'
[7.294s] Level 1:colcon.colcon_core.environment:checking '/home/juchan-yoon/FR5_robot_control/robot_ws/install/fairino_msgs/lib'
[7.294s] Level 1:colcon.colcon_core.shell:create_environment_hook('fairino_msgs', 'ld_library_path_lib')
[7.294s] INFO:colcon.colcon_core.shell:Creating environment hook '/home/juchan-yoon/FR5_robot_control/robot_ws/install/fairino_msgs/share/fairino_msgs/hook/ld_library_path_lib.ps1'
[7.294s] INFO:colcon.colcon_core.shell:Creating environment descriptor '/home/juchan-yoon/FR5_robot_control/robot_ws/install/fairino_msgs/share/fairino_msgs/hook/ld_library_path_lib.dsv'
[7.295s] INFO:colcon.colcon_core.shell:Creating environment hook '/home/juchan-yoon/FR5_robot_control/robot_ws/install/fairino_msgs/share/fairino_msgs/hook/ld_library_path_lib.sh'
[7.295s] Level 1:colcon.colcon_core.environment:checking '/home/juchan-yoon/FR5_robot_control/robot_ws/install/fairino_msgs/bin'
[7.295s] Level 1:colcon.colcon_core.environment:checking '/home/juchan-yoon/FR5_robot_control/robot_ws/install/fairino_msgs/lib/pkgconfig/fairino_msgs.pc'
[7.295s] Level 1:colcon.colcon_core.environment:checking '/home/juchan-yoon/FR5_robot_control/robot_ws/install/fairino_msgs/lib/python3.12/site-packages'
[7.295s] Level 1:colcon.colcon_core.shell:create_environment_hook('fairino_msgs', 'pythonpath')
[7.295s] INFO:colcon.colcon_core.shell:Creating environment hook '/home/juchan-yoon/FR5_robot_control/robot_ws/install/fairino_msgs/share/fairino_msgs/hook/pythonpath.ps1'
[7.295s] INFO:colcon.colcon_core.shell:Creating environment descriptor '/home/juchan-yoon/FR5_robot_control/robot_ws/install/fairino_msgs/share/fairino_msgs/hook/pythonpath.dsv'
[7.296s] INFO:colcon.colcon_core.shell:Creating environment hook '/home/juchan-yoon/FR5_robot_control/robot_ws/install/fairino_msgs/share/fairino_msgs/hook/pythonpath.sh'
[7.296s] Level 1:colcon.colcon_core.environment:checking '/home/juchan-yoon/FR5_robot_control/robot_ws/install/fairino_msgs/bin'
[7.296s] INFO:colcon.colcon_core.shell:Creating package script '/home/juchan-yoon/FR5_robot_control/robot_ws/install/fairino_msgs/share/fairino_msgs/package.ps1'
[7.297s] INFO:colcon.colcon_core.shell:Creating package descriptor '/home/juchan-yoon/FR5_robot_control/robot_ws/install/fairino_msgs/share/fairino_msgs/package.dsv'
[7.297s] INFO:colcon.colcon_core.shell:Creating package script '/home/juchan-yoon/FR5_robot_control/robot_ws/install/fairino_msgs/share/fairino_msgs/package.sh'
[7.297s] INFO:colcon.colcon_core.shell:Creating package script '/home/juchan-yoon/FR5_robot_control/robot_ws/install/fairino_msgs/share/fairino_msgs/package.bash'
[7.297s] INFO:colcon.colcon_core.shell:Creating package script '/home/juchan-yoon/FR5_robot_control/robot_ws/install/fairino_msgs/share/fairino_msgs/package.zsh'
[7.298s] Level 1:colcon.colcon_core.environment:create_file_with_runtime_dependencies(/home/juchan-yoon/FR5_robot_control/robot_ws/install/fairino_msgs/share/colcon-core/packages/fairino_msgs)
[7.298s] INFO:colcon.colcon_ros.task.ament_cmake.build:Building ROS package in '/home/juchan-yoon/FR5_robot_control/robot_ws/src/vendor/frcobot_ros2/fairino_hardware_v3_9_7' with build type 'ament_cmake'
[7.298s] INFO:colcon.colcon_cmake.task.cmake.build:Building CMake package in '/home/juchan-yoon/FR5_robot_control/robot_ws/src/vendor/frcobot_ros2/fairino_hardware_v3_9_7'
[7.298s] INFO:colcon.colcon_core.shell:Skip shell extension 'powershell' for command environment: Not usable outside of PowerShell
[7.298s] DEBUG:colcon.colcon_core.shell:Skip shell extension 'dsv' for command environment
[7.306s] DEBUG:colcon.colcon_core.event_handler.log_command:Invoking command in '/home/juchan-yoon/FR5_robot_control/robot_ws/build/fairino_hardware_v3_9_7': AMENT_PREFIX_PATH=/home/juchan-yoon/FR5_robot_control/robot_ws/install/fairino_msgs:${AMENT_PREFIX_PATH} CMAKE_PREFIX_PATH=/home/juchan-yoon/FR5_robot_control/robot_ws/install/fairino_msgs:/home/juchan-yoon/FR5_robot_control/ros2_ws/install/vision_interfaces:/home/juchan-yoon/turtlebot3_ws/install/turtlebot3:/home/juchan-yoon/turtlebot3_ws/install/turtlebot3_simulations:/home/juchan-yoon/turtlebot3_ws/install/turtlebot3_bringup:/home/juchan-yoon/turtlebot3_ws/install/turtlebot3_node:/home/juchan-yoon/turtlebot3_ws/install/turtlebot3_navigation2:/home/juchan-yoon/turtlebot3_ws/install/turtlebot3_fake_node:/home/juchan-yoon/turtlebot3_ws/install/turtlebot3_msgs:/home/juchan-yoon/turtlebot3_ws/install/turtlebot3_gazebo:/home/juchan-yoon/turtlebot3_ws/install/turtlebot3_description:/home/juchan-yoon/turtlebot3_ws/install/turtlebot3_cartographer:/home/juchan-yoon/turtlebot3_ws/install/dynamixel_sdk_examples:/home/juchan-yoon/turtlebot3_ws/install/dynamixel_sdk_custom_interfaces:/home/juchan-yoon/turtlebot3_ws/install/dynamixel_sdk:/opt/ros/jazzy/opt/gz_sim_vendor:/opt/ros/jazzy/opt/gz_sensors_vendor:/opt/ros/jazzy/opt/gz_physics_vendor:/opt/ros/jazzy/opt/sdformat_vendor:/opt/ros/jazzy/opt/gz_gui_vendor:/opt/ros/jazzy/opt/gz_transport_vendor:/opt/ros/jazzy/opt/gz_rendering_vendor:/opt/ros/jazzy/opt/gz_plugin_vendor:/opt/ros/jazzy/opt/gz_fuel_tools_vendor:/opt/ros/jazzy/opt/gz_msgs_vendor:/opt/ros/jazzy/opt/gz_common_vendor:/opt/ros/jazzy/opt/gz_math_vendor:/opt/ros/jazzy/opt/gz_utils_vendor:/opt/ros/jazzy/opt/gz_tools_vendor:/opt/ros/jazzy/opt/gz_ogre_next_vendor:/opt/ros/jazzy/opt/gz_dartsim_vendor:/opt/ros/jazzy/opt/gz_cmake_vendor:/home/juchan-yoon/FR5_robot_control/ros2_ws/install/vision_server:/home/juchan-yoon/FR5_robot_control/ros2_ws/install/fr5_process_sequences:/home/juchan-yoon/turtlebot3_ws/install/turtlebot3_test:/home/juchan-yoon/turtlebot3_ws/install/turtlebot3_teleop:/home/juchan-yoon/turtlebot3_ws/install/turtlebot3_example:/opt/ros/jazzy DEBUGINFOD_URLS=https://debuginfod.ubuntu.com LD_LIBRARY_PATH=/home/juchan-yoon/FR5_robot_control/robot_ws/install/fairino_msgs/lib:${LD_LIBRARY_PATH} PYTHONPATH=/home/juchan-yoon/FR5_robot_control/robot_ws/install/fairino_msgs/lib/python3.12/site-packages:${PYTHONPATH} /usr/bin/cmake /home/juchan-yoon/FR5_robot_control/robot_ws/src/vendor/frcobot_ros2/fairino_hardware_v3_9_7 -DAMENT_CMAKE_SYMLINK_INSTALL=1 -DCMAKE_INSTALL_PREFIX=/home/juchan-yoon/FR5_robot_control/robot_ws/install/fairino_hardware_v3_9_7
[10.068s] DEBUG:colcon.colcon_core.event_handler.log_command:Invoked command in '/home/juchan-yoon/FR5_robot_control/robot_ws/build/fairino_hardware_v3_9_7' returned '0': AMENT_PREFIX_PATH=/home/juchan-yoon/FR5_robot_control/robot_ws/install/fairino_msgs:${AMENT_PREFIX_PATH} CMAKE_PREFIX_PATH=/home/juchan-yoon/FR5_robot_control/robot_ws/install/fairino_msgs:/home/juchan-yoon/FR5_robot_control/ros2_ws/install/vision_interfaces:/home/juchan-yoon/turtlebot3_ws/install/turtlebot3:/home/juchan-yoon/turtlebot3_ws/install/turtlebot3_simulations:/home/juchan-yoon/turtlebot3_ws/install/turtlebot3_bringup:/home/juchan-yoon/turtlebot3_ws/install/turtlebot3_node:/home/juchan-yoon/turtlebot3_ws/install/turtlebot3_navigation2:/home/juchan-yoon/turtlebot3_ws/install/turtlebot3_fake_node:/home/juchan-yoon/turtlebot3_ws/install/turtlebot3_msgs:/home/juchan-yoon/turtlebot3_ws/install/turtlebot3_gazebo:/home/juchan-yoon/turtlebot3_ws/install/turtlebot3_description:/home/juchan-yoon/turtlebot3_ws/install/turtlebot3_cartographer:/home/juchan-yoon/turtlebot3_ws/install/dynamixel_sdk_examples:/home/juchan-yoon/turtlebot3_ws/install/dynamixel_sdk_custom_interfaces:/home/juchan-yoon/turtlebot3_ws/install/dynamixel_sdk:/opt/ros/jazzy/opt/gz_sim_vendor:/opt/ros/jazzy/opt/gz_sensors_vendor:/opt/ros/jazzy/opt/gz_physics_vendor:/opt/ros/jazzy/opt/sdformat_vendor:/opt/ros/jazzy/opt/gz_gui_vendor:/opt/ros/jazzy/opt/gz_transport_vendor:/opt/ros/jazzy/opt/gz_rendering_vendor:/opt/ros/jazzy/opt/gz_plugin_vendor:/opt/ros/jazzy/opt/gz_fuel_tools_vendor:/opt/ros/jazzy/opt/gz_msgs_vendor:/opt/ros/jazzy/opt/gz_common_vendor:/opt/ros/jazzy/opt/gz_math_vendor:/opt/ros/jazzy/opt/gz_utils_vendor:/opt/ros/jazzy/opt/gz_tools_vendor:/opt/ros/jazzy/opt/gz_ogre_next_vendor:/opt/ros/jazzy/opt/gz_dartsim_vendor:/opt/ros/jazzy/opt/gz_cmake_vendor:/home/juchan-yoon/FR5_robot_control/ros2_ws/install/vision_server:/home/juchan-yoon/FR5_robot_control/ros2_ws/install/fr5_process_sequences:/home/juchan-yoon/turtlebot3_ws/install/turtlebot3_test:/home/juchan-yoon/turtlebot3_ws/install/turtlebot3_teleop:/home/juchan-yoon/turtlebot3_ws/install/turtlebot3_example:/opt/ros/jazzy DEBUGINFOD_URLS=https://debuginfod.ubuntu.com LD_LIBRARY_PATH=/home/juchan-yoon/FR5_robot_control/robot_ws/install/fairino_msgs/lib:${LD_LIBRARY_PATH} PYTHONPATH=/home/juchan-yoon/FR5_robot_control/robot_ws/install/fairino_msgs/lib/python3.12/site-packages:${PYTHONPATH} /usr/bin/cmake /home/juchan-yoon/FR5_robot_control/robot_ws/src/vendor/frcobot_ros2/fairino_hardware_v3_9_7 -DAMENT_CMAKE_SYMLINK_INSTALL=1 -DCMAKE_INSTALL_PREFIX=/home/juchan-yoon/FR5_robot_control/robot_ws/install/fairino_hardware_v3_9_7
[10.068s] DEBUG:colcon.colcon_core.event_handler.log_command:Invoking command in '/home/juchan-yoon/FR5_robot_control/robot_ws/build/fairino_hardware_v3_9_7': AMENT_PREFIX_PATH=/home/juchan-yoon/FR5_robot_control/robot_ws/install/fairino_msgs:${AMENT_PREFIX_PATH} CMAKE_PREFIX_PATH=/home/juchan-yoon/FR5_robot_control/robot_ws/install/fairino_msgs:/home/juchan-yoon/FR5_robot_control/ros2_ws/install/vision_interfaces:/home/juchan-yoon/turtlebot3_ws/install/turtlebot3:/home/juchan-yoon/turtlebot3_ws/install/turtlebot3_simulations:/home/juchan-yoon/turtlebot3_ws/install/turtlebot3_bringup:/home/juchan-yoon/turtlebot3_ws/install/turtlebot3_node:/home/juchan-yoon/turtlebot3_ws/install/turtlebot3_navigation2:/home/juchan-yoon/turtlebot3_ws/install/turtlebot3_fake_node:/home/juchan-yoon/turtlebot3_ws/install/turtlebot3_msgs:/home/juchan-yoon/turtlebot3_ws/install/turtlebot3_gazebo:/home/juchan-yoon/turtlebot3_ws/install/turtlebot3_description:/home/juchan-yoon/turtlebot3_ws/install/turtlebot3_cartographer:/home/juchan-yoon/turtlebot3_ws/install/dynamixel_sdk_examples:/home/juchan-yoon/turtlebot3_ws/install/dynamixel_sdk_custom_interfaces:/home/juchan-yoon/turtlebot3_ws/install/dynamixel_sdk:/opt/ros/jazzy/opt/gz_sim_vendor:/opt/ros/jazzy/opt/gz_sensors_vendor:/opt/ros/jazzy/opt/gz_physics_vendor:/opt/ros/jazzy/opt/sdformat_vendor:/opt/ros/jazzy/opt/gz_gui_vendor:/opt/ros/jazzy/opt/gz_transport_vendor:/opt/ros/jazzy/opt/gz_rendering_vendor:/opt/ros/jazzy/opt/gz_plugin_vendor:/opt/ros/jazzy/opt/gz_fuel_tools_vendor:/opt/ros/jazzy/opt/gz_msgs_vendor:/opt/ros/jazzy/opt/gz_common_vendor:/opt/ros/jazzy/opt/gz_math_vendor:/opt/ros/jazzy/opt/gz_utils_vendor:/opt/ros/jazzy/opt/gz_tools_vendor:/opt/ros/jazzy/opt/gz_ogre_next_vendor:/opt/ros/jazzy/opt/gz_dartsim_vendor:/opt/ros/jazzy/opt/gz_cmake_vendor:/home/juchan-yoon/FR5_robot_control/ros2_ws/install/vision_server:/home/juchan-yoon/FR5_robot_control/ros2_ws/install/fr5_process_sequences:/home/juchan-yoon/turtlebot3_ws/install/turtlebot3_test:/home/juchan-yoon/turtlebot3_ws/install/turtlebot3_teleop:/home/juchan-yoon/turtlebot3_ws/install/turtlebot3_example:/opt/ros/jazzy DEBUGINFOD_URLS=https://debuginfod.ubuntu.com LD_LIBRARY_PATH=/home/juchan-yoon/FR5_robot_control/robot_ws/install/fairino_msgs/lib:${LD_LIBRARY_PATH} PYTHONPATH=/home/juchan-yoon/FR5_robot_control/robot_ws/install/fairino_msgs/lib/python3.12/site-packages:${PYTHONPATH} /usr/bin/cmake --build /home/juchan-yoon/FR5_robot_control/robot_ws/build/fairino_hardware_v3_9_7 -- -j16 -l16
[37.439s] DEBUG:colcon.colcon_core.event_handler.log_command:Invoked command in '/home/juchan-yoon/FR5_robot_control/robot_ws/build/fairino_hardware_v3_9_7' returned '0': AMENT_PREFIX_PATH=/home/juchan-yoon/FR5_robot_control/robot_ws/install/fairino_msgs:${AMENT_PREFIX_PATH} CMAKE_PREFIX_PATH=/home/juchan-yoon/FR5_robot_control/robot_ws/install/fairino_msgs:/home/juchan-yoon/FR5_robot_control/ros2_ws/install/vision_interfaces:/home/juchan-yoon/turtlebot3_ws/install/turtlebot3:/home/juchan-yoon/turtlebot3_ws/install/turtlebot3_simulations:/home/juchan-yoon/turtlebot3_ws/install/turtlebot3_bringup:/home/juchan-yoon/turtlebot3_ws/install/turtlebot3_node:/home/juchan-yoon/turtlebot3_ws/install/turtlebot3_navigation2:/home/juchan-yoon/turtlebot3_ws/install/turtlebot3_fake_node:/home/juchan-yoon/turtlebot3_ws/install/turtlebot3_msgs:/home/juchan-yoon/turtlebot3_ws/install/turtlebot3_gazebo:/home/juchan-yoon/turtlebot3_ws/install/turtlebot3_description:/home/juchan-yoon/turtlebot3_ws/install/turtlebot3_cartographer:/home/juchan-yoon/turtlebot3_ws/install/dynamixel_sdk_examples:/home/juchan-yoon/turtlebot3_ws/install/dynamixel_sdk_custom_interfaces:/home/juchan-yoon/turtlebot3_ws/install/dynamixel_sdk:/opt/ros/jazzy/opt/gz_sim_vendor:/opt/ros/jazzy/opt/gz_sensors_vendor:/opt/ros/jazzy/opt/gz_physics_vendor:/opt/ros/jazzy/opt/sdformat_vendor:/opt/ros/jazzy/opt/gz_gui_vendor:/opt/ros/jazzy/opt/gz_transport_vendor:/opt/ros/jazzy/opt/gz_rendering_vendor:/opt/ros/jazzy/opt/gz_plugin_vendor:/opt/ros/jazzy/opt/gz_fuel_tools_vendor:/opt/ros/jazzy/opt/gz_msgs_vendor:/opt/ros/jazzy/opt/gz_common_vendor:/opt/ros/jazzy/opt/gz_math_vendor:/opt/ros/jazzy/opt/gz_utils_vendor:/opt/ros/jazzy/opt/gz_tools_vendor:/opt/ros/jazzy/opt/gz_ogre_next_vendor:/opt/ros/jazzy/opt/gz_dartsim_vendor:/opt/ros/jazzy/opt/gz_cmake_vendor:/home/juchan-yoon/FR5_robot_control/ros2_ws/install/vision_server:/home/juchan-yoon/FR5_robot_control/ros2_ws/install/fr5_process_sequences:/home/juchan-yoon/turtlebot3_ws/install/turtlebot3_test:/home/juchan-yoon/turtlebot3_ws/install/turtlebot3_teleop:/home/juchan-yoon/turtlebot3_ws/install/turtlebot3_example:/opt/ros/jazzy DEBUGINFOD_URLS=https://debuginfod.ubuntu.com LD_LIBRARY_PATH=/home/juchan-yoon/FR5_robot_control/robot_ws/install/fairino_msgs/lib:${LD_LIBRARY_PATH} PYTHONPATH=/home/juchan-yoon/FR5_robot_control/robot_ws/install/fairino_msgs/lib/python3.12/site-packages:${PYTHONPATH} /usr/bin/cmake --build /home/juchan-yoon/FR5_robot_control/robot_ws/build/fairino_hardware_v3_9_7 -- -j16 -l16
[37.440s] DEBUG:colcon.colcon_core.event_handler.log_command:Invoking command in '/home/juchan-yoon/FR5_robot_control/robot_ws/build/fairino_hardware_v3_9_7': AMENT_PREFIX_PATH=/home/juchan-yoon/FR5_robot_control/robot_ws/install/fairino_msgs:${AMENT_PREFIX_PATH} CMAKE_PREFIX_PATH=/home/juchan-yoon/FR5_robot_control/robot_ws/install/fairino_msgs:/home/juchan-yoon/FR5_robot_control/ros2_ws/install/vision_interfaces:/home/juchan-yoon/turtlebot3_ws/install/turtlebot3:/home/juchan-yoon/turtlebot3_ws/install/turtlebot3_simulations:/home/juchan-yoon/turtlebot3_ws/install/turtlebot3_bringup:/home/juchan-yoon/turtlebot3_ws/install/turtlebot3_node:/home/juchan-yoon/turtlebot3_ws/install/turtlebot3_navigation2:/home/juchan-yoon/turtlebot3_ws/install/turtlebot3_fake_node:/home/juchan-yoon/turtlebot3_ws/install/turtlebot3_msgs:/home/juchan-yoon/turtlebot3_ws/install/turtlebot3_gazebo:/home/juchan-yoon/turtlebot3_ws/install/turtlebot3_description:/home/juchan-yoon/turtlebot3_ws/install/turtlebot3_cartographer:/home/juchan-yoon/turtlebot3_ws/install/dynamixel_sdk_examples:/home/juchan-yoon/turtlebot3_ws/install/dynamixel_sdk_custom_interfaces:/home/juchan-yoon/turtlebot3_ws/install/dynamixel_sdk:/opt/ros/jazzy/opt/gz_sim_vendor:/opt/ros/jazzy/opt/gz_sensors_vendor:/opt/ros/jazzy/opt/gz_physics_vendor:/opt/ros/jazzy/opt/sdformat_vendor:/opt/ros/jazzy/opt/gz_gui_vendor:/opt/ros/jazzy/opt/gz_transport_vendor:/opt/ros/jazzy/opt/gz_rendering_vendor:/opt/ros/jazzy/opt/gz_plugin_vendor:/opt/ros/jazzy/opt/gz_fuel_tools_vendor:/opt/ros/jazzy/opt/gz_msgs_vendor:/opt/ros/jazzy/opt/gz_common_vendor:/opt/ros/jazzy/opt/gz_math_vendor:/opt/ros/jazzy/opt/gz_utils_vendor:/opt/ros/jazzy/opt/gz_tools_vendor:/opt/ros/jazzy/opt/gz_ogre_next_vendor:/opt/ros/jazzy/opt/gz_dartsim_vendor:/opt/ros/jazzy/opt/gz_cmake_vendor:/home/juchan-yoon/FR5_robot_control/ros2_ws/install/vision_server:/home/juchan-yoon/FR5_robot_control/ros2_ws/install/fr5_process_sequences:/home/juchan-yoon/turtlebot3_ws/install/turtlebot3_test:/home/juchan-yoon/turtlebot3_ws/install/turtlebot3_teleop:/home/juchan-yoon/turtlebot3_ws/install/turtlebot3_example:/opt/ros/jazzy DEBUGINFOD_URLS=https://debuginfod.ubuntu.com LD_LIBRARY_PATH=/home/juchan-yoon/FR5_robot_control/robot_ws/install/fairino_msgs/lib:${LD_LIBRARY_PATH} PYTHONPATH=/home/juchan-yoon/FR5_robot_control/robot_ws/install/fairino_msgs/lib/python3.12/site-packages:${PYTHONPATH} /usr/bin/cmake --install /home/juchan-yoon/FR5_robot_control/robot_ws/build/fairino_hardware_v3_9_7
[37.652s] Level 1:colcon.colcon_core.environment:create_environment_scripts_only(fairino_hardware_v3_9_7)
[37.653s] Level 1:colcon.colcon_core.environment:checking '/home/juchan-yoon/FR5_robot_control/robot_ws/install/fairino_hardware_v3_9_7' for CMake module files
[37.653s] DEBUG:colcon.colcon_core.event_handler.log_command:Invoked command in '/home/juchan-yoon/FR5_robot_control/robot_ws/build/fairino_hardware_v3_9_7' returned '0': AMENT_PREFIX_PATH=/home/juchan-yoon/FR5_robot_control/robot_ws/install/fairino_msgs:${AMENT_PREFIX_PATH} CMAKE_PREFIX_PATH=/home/juchan-yoon/FR5_robot_control/robot_ws/install/fairino_msgs:/home/juchan-yoon/FR5_robot_control/ros2_ws/install/vision_interfaces:/home/juchan-yoon/turtlebot3_ws/install/turtlebot3:/home/juchan-yoon/turtlebot3_ws/install/turtlebot3_simulations:/home/juchan-yoon/turtlebot3_ws/install/turtlebot3_bringup:/home/juchan-yoon/turtlebot3_ws/install/turtlebot3_node:/home/juchan-yoon/turtlebot3_ws/install/turtlebot3_navigation2:/home/juchan-yoon/turtlebot3_ws/install/turtlebot3_fake_node:/home/juchan-yoon/turtlebot3_ws/install/turtlebot3_msgs:/home/juchan-yoon/turtlebot3_ws/install/turtlebot3_gazebo:/home/juchan-yoon/turtlebot3_ws/install/turtlebot3_description:/home/juchan-yoon/turtlebot3_ws/install/turtlebot3_cartographer:/home/juchan-yoon/turtlebot3_ws/install/dynamixel_sdk_examples:/home/juchan-yoon/turtlebot3_ws/install/dynamixel_sdk_custom_interfaces:/home/juchan-yoon/turtlebot3_ws/install/dynamixel_sdk:/opt/ros/jazzy/opt/gz_sim_vendor:/opt/ros/jazzy/opt/gz_sensors_vendor:/opt/ros/jazzy/opt/gz_physics_vendor:/opt/ros/jazzy/opt/sdformat_vendor:/opt/ros/jazzy/opt/gz_gui_vendor:/opt/ros/jazzy/opt/gz_transport_vendor:/opt/ros/jazzy/opt/gz_rendering_vendor:/opt/ros/jazzy/opt/gz_plugin_vendor:/opt/ros/jazzy/opt/gz_fuel_tools_vendor:/opt/ros/jazzy/opt/gz_msgs_vendor:/opt/ros/jazzy/opt/gz_common_vendor:/opt/ros/jazzy/opt/gz_math_vendor:/opt/ros/jazzy/opt/gz_utils_vendor:/opt/ros/jazzy/opt/gz_tools_vendor:/opt/ros/jazzy/opt/gz_ogre_next_vendor:/opt/ros/jazzy/opt/gz_dartsim_vendor:/opt/ros/jazzy/opt/gz_cmake_vendor:/home/juchan-yoon/FR5_robot_control/ros2_ws/install/vision_server:/home/juchan-yoon/FR5_robot_control/ros2_ws/install/fr5_process_sequences:/home/juchan-yoon/turtlebot3_ws/install/turtlebot3_test:/home/juchan-yoon/turtlebot3_ws/install/turtlebot3_teleop:/home/juchan-yoon/turtlebot3_ws/install/turtlebot3_example:/opt/ros/jazzy DEBUGINFOD_URLS=https://debuginfod.ubuntu.com LD_LIBRARY_PATH=/home/juchan-yoon/FR5_robot_control/robot_ws/install/fairino_msgs/lib:${LD_LIBRARY_PATH} PYTHONPATH=/home/juchan-yoon/FR5_robot_control/robot_ws/install/fairino_msgs/lib/python3.12/site-packages:${PYTHONPATH} /usr/bin/cmake --install /home/juchan-yoon/FR5_robot_control/robot_ws/build/fairino_hardware_v3_9_7
[37.654s] Level 1:colcon.colcon_core.environment:checking '/home/juchan-yoon/FR5_robot_control/robot_ws/install/fairino_hardware_v3_9_7' for CMake config files
[37.654s] Level 1:colcon.colcon_core.shell:create_environment_hook('fairino_hardware_v3_9_7', 'cmake_prefix_path')
[37.655s] INFO:colcon.colcon_core.shell:Creating environment hook '/home/juchan-yoon/FR5_robot_control/robot_ws/install/fairino_hardware_v3_9_7/share/fairino_hardware_v3_9_7/hook/cmake_prefix_path.ps1'
[37.656s] INFO:colcon.colcon_core.shell:Creating environment descriptor '/home/juchan-yoon/FR5_robot_control/robot_ws/install/fairino_hardware_v3_9_7/share/fairino_hardware_v3_9_7/hook/cmake_prefix_path.dsv'
[37.656s] INFO:colcon.colcon_core.shell:Creating environment hook '/home/juchan-yoon/FR5_robot_control/robot_ws/install/fairino_hardware_v3_9_7/share/fairino_hardware_v3_9_7/hook/cmake_prefix_path.sh'
[37.657s] Level 1:colcon.colcon_core.environment:checking '/home/juchan-yoon/FR5_robot_control/robot_ws/install/fairino_hardware_v3_9_7/lib'
[37.657s] Level 1:colcon.colcon_core.shell:create_environment_hook('fairino_hardware_v3_9_7', 'ld_library_path_lib')
[37.657s] INFO:colcon.colcon_core.shell:Creating environment hook '/home/juchan-yoon/FR5_robot_control/robot_ws/install/fairino_hardware_v3_9_7/share/fairino_hardware_v3_9_7/hook/ld_library_path_lib.ps1'
[37.658s] INFO:colcon.colcon_core.shell:Creating environment descriptor '/home/juchan-yoon/FR5_robot_control/robot_ws/install/fairino_hardware_v3_9_7/share/fairino_hardware_v3_9_7/hook/ld_library_path_lib.dsv'
[37.658s] INFO:colcon.colcon_core.shell:Creating environment hook '/home/juchan-yoon/FR5_robot_control/robot_ws/install/fairino_hardware_v3_9_7/share/fairino_hardware_v3_9_7/hook/ld_library_path_lib.sh'
[37.658s] Level 1:colcon.colcon_core.environment:checking '/home/juchan-yoon/FR5_robot_control/robot_ws/install/fairino_hardware_v3_9_7/bin'
[37.659s] Level 1:colcon.colcon_core.environment:checking '/home/juchan-yoon/FR5_robot_control/robot_ws/install/fairino_hardware_v3_9_7/lib/pkgconfig/fairino_hardware_v3_9_7.pc'
[37.659s] Level 1:colcon.colcon_core.environment:checking '/home/juchan-yoon/FR5_robot_control/robot_ws/install/fairino_hardware_v3_9_7/lib/python3.12/site-packages'
[37.659s] Level 1:colcon.colcon_core.environment:checking '/home/juchan-yoon/FR5_robot_control/robot_ws/install/fairino_hardware_v3_9_7/bin'
[37.659s] INFO:colcon.colcon_core.shell:Creating package script '/home/juchan-yoon/FR5_robot_control/robot_ws/install/fairino_hardware_v3_9_7/share/fairino_hardware_v3_9_7/package.ps1'
[37.660s] INFO:colcon.colcon_core.shell:Creating package descriptor '/home/juchan-yoon/FR5_robot_control/robot_ws/install/fairino_hardware_v3_9_7/share/fairino_hardware_v3_9_7/package.dsv'
[37.660s] INFO:colcon.colcon_core.shell:Creating package script '/home/juchan-yoon/FR5_robot_control/robot_ws/install/fairino_hardware_v3_9_7/share/fairino_hardware_v3_9_7/package.sh'
[37.661s] INFO:colcon.colcon_core.shell:Creating package script '/home/juchan-yoon/FR5_robot_control/robot_ws/install/fairino_hardware_v3_9_7/share/fairino_hardware_v3_9_7/package.bash'
[37.661s] INFO:colcon.colcon_core.shell:Creating package script '/home/juchan-yoon/FR5_robot_control/robot_ws/install/fairino_hardware_v3_9_7/share/fairino_hardware_v3_9_7/package.zsh'
[37.661s] Level 1:colcon.colcon_core.environment:create_file_with_runtime_dependencies(/home/juchan-yoon/FR5_robot_control/robot_ws/install/fairino_hardware_v3_9_7/share/colcon-core/packages/fairino_hardware_v3_9_7)
[37.661s] Level 1:colcon.colcon_core.environment:create_environment_scripts_only(fairino_hardware_v3_9_7)
[37.661s] Level 1:colcon.colcon_core.environment:checking '/home/juchan-yoon/FR5_robot_control/robot_ws/install/fairino_hardware_v3_9_7' for CMake module files
[37.662s] Level 1:colcon.colcon_core.environment:checking '/home/juchan-yoon/FR5_robot_control/robot_ws/install/fairino_hardware_v3_9_7' for CMake config files
[37.662s] Level 1:colcon.colcon_core.shell:create_environment_hook('fairino_hardware_v3_9_7', 'cmake_prefix_path')
[37.662s] INFO:colcon.colcon_core.shell:Creating environment hook '/home/juchan-yoon/FR5_robot_control/robot_ws/install/fairino_hardware_v3_9_7/share/fairino_hardware_v3_9_7/hook/cmake_prefix_path.ps1'
[37.662s] INFO:colcon.colcon_core.shell:Creating environment descriptor '/home/juchan-yoon/FR5_robot_control/robot_ws/install/fairino_hardware_v3_9_7/share/fairino_hardware_v3_9_7/hook/cmake_prefix_path.dsv'
[37.663s] INFO:colcon.colcon_core.shell:Creating environment hook '/home/juchan-yoon/FR5_robot_control/robot_ws/install/fairino_hardware_v3_9_7/share/fairino_hardware_v3_9_7/hook/cmake_prefix_path.sh'
[37.663s] Level 1:colcon.colcon_core.environment:checking '/home/juchan-yoon/FR5_robot_control/robot_ws/install/fairino_hardware_v3_9_7/lib'
[37.663s] Level 1:colcon.colcon_core.shell:create_environment_hook('fairino_hardware_v3_9_7', 'ld_library_path_lib')
[37.663s] INFO:colcon.colcon_core.shell:Creating environment hook '/home/juchan-yoon/FR5_robot_control/robot_ws/install/fairino_hardware_v3_9_7/share/fairino_hardware_v3_9_7/hook/ld_library_path_lib.ps1'
[37.663s] INFO:colcon.colcon_core.shell:Creating environment descriptor '/home/juchan-yoon/FR5_robot_control/robot_ws/install/fairino_hardware_v3_9_7/share/fairino_hardware_v3_9_7/hook/ld_library_path_lib.dsv'
[37.663s] INFO:colcon.colcon_core.shell:Creating environment hook '/home/juchan-yoon/FR5_robot_control/robot_ws/install/fairino_hardware_v3_9_7/share/fairino_hardware_v3_9_7/hook/ld_library_path_lib.sh'
[37.664s] Level 1:colcon.colcon_core.environment:checking '/home/juchan-yoon/FR5_robot_control/robot_ws/install/fairino_hardware_v3_9_7/bin'
[37.664s] Level 1:colcon.colcon_core.environment:checking '/home/juchan-yoon/FR5_robot_control/robot_ws/install/fairino_hardware_v3_9_7/lib/pkgconfig/fairino_hardware_v3_9_7.pc'
[37.664s] Level 1:colcon.colcon_core.environment:checking '/home/juchan-yoon/FR5_robot_control/robot_ws/install/fairino_hardware_v3_9_7/lib/python3.12/site-packages'
[37.664s] Level 1:colcon.colcon_core.environment:checking '/home/juchan-yoon/FR5_robot_control/robot_ws/install/fairino_hardware_v3_9_7/bin'
[37.664s] INFO:colcon.colcon_core.shell:Creating package script '/home/juchan-yoon/FR5_robot_control/robot_ws/install/fairino_hardware_v3_9_7/share/fairino_hardware_v3_9_7/package.ps1'
[37.665s] INFO:colcon.colcon_core.shell:Creating package descriptor '/home/juchan-yoon/FR5_robot_control/robot_ws/install/fairino_hardware_v3_9_7/share/fairino_hardware_v3_9_7/package.dsv'
[37.665s] INFO:colcon.colcon_core.shell:Creating package script '/home/juchan-yoon/FR5_robot_control/robot_ws/install/fairino_hardware_v3_9_7/share/fairino_hardware_v3_9_7/package.sh'
[37.665s] INFO:colcon.colcon_core.shell:Creating package script '/home/juchan-yoon/FR5_robot_control/robot_ws/install/fairino_hardware_v3_9_7/share/fairino_hardware_v3_9_7/package.bash'
[37.665s] INFO:colcon.colcon_core.shell:Creating package script '/home/juchan-yoon/FR5_robot_control/robot_ws/install/fairino_hardware_v3_9_7/share/fairino_hardware_v3_9_7/package.zsh'
[37.665s] Level 1:colcon.colcon_core.environment:create_file_with_runtime_dependencies(/home/juchan-yoon/FR5_robot_control/robot_ws/install/fairino_hardware_v3_9_7/share/colcon-core/packages/fairino_hardware_v3_9_7)
[37.665s] DEBUG:colcon.colcon_parallel_executor.executor.parallel:closing loop
[37.666s] DEBUG:colcon.colcon_parallel_executor.executor.parallel:loop closed
[37.666s] DEBUG:colcon.colcon_parallel_executor.executor.parallel:run_until_complete finished with '0'
[37.666s] DEBUG:colcon.colcon_core.event_reactor:joining thread
[37.669s] INFO:colcon.colcon_core.plugin_system:Skipping extension 'colcon_notification.desktop_notification.terminal_notifier': Not used on non-Darwin systems
[37.669s] INFO:colcon.colcon_core.plugin_system:Skipping extension 'colcon_notification.desktop_notification.win32': Not used on non-Windows systems
[37.669s] INFO:colcon.colcon_notification.desktop_notification:Sending desktop notification using 'notify2'
[37.686s] DEBUG:colcon.colcon_core.event_reactor:joined thread
[37.686s] INFO:colcon.colcon_core.shell:Creating prefix script '/home/juchan-yoon/FR5_robot_control/robot_ws/install/local_setup.ps1'
[37.687s] INFO:colcon.colcon_core.shell:Creating prefix util module '/home/juchan-yoon/FR5_robot_control/robot_ws/install/_local_setup_util_ps1.py'
[37.688s] INFO:colcon.colcon_core.shell:Creating prefix chain script '/home/juchan-yoon/FR5_robot_control/robot_ws/install/setup.ps1'
[37.690s] INFO:colcon.colcon_core.shell:Creating prefix script '/home/juchan-yoon/FR5_robot_control/robot_ws/install/local_setup.sh'
[37.691s] INFO:colcon.colcon_core.shell:Creating prefix util module '/home/juchan-yoon/FR5_robot_control/robot_ws/install/_local_setup_util_sh.py'
[37.691s] INFO:colcon.colcon_core.shell:Creating prefix chain script '/home/juchan-yoon/FR5_robot_control/robot_ws/install/setup.sh'
[37.693s] INFO:colcon.colcon_core.shell:Creating prefix script '/home/juchan-yoon/FR5_robot_control/robot_ws/install/local_setup.bash'
[37.693s] INFO:colcon.colcon_core.shell:Creating prefix chain script '/home/juchan-yoon/FR5_robot_control/robot_ws/install/setup.bash'
[37.694s] INFO:colcon.colcon_core.shell:Creating prefix script '/home/juchan-yoon/FR5_robot_control/robot_ws/install/local_setup.zsh'
[37.695s] INFO:colcon.colcon_core.shell:Creating prefix chain script '/home/juchan-yoon/FR5_robot_control/robot_ws/install/setup.zsh'
