[0.007s] Invoking command in '/home/juchan-yoon/FR5_robot_control/robot_ws/build/fairino_hardware_v3_9_7': AMENT_PREFIX_PATH=/home/juchan-yoon/FR5_robot_control/robot_ws/install/fairino_msgs:${AMENT_PREFIX_PATH} CMAKE_PREFIX_PATH=/home/juchan-yoon/FR5_robot_control/robot_ws/install/fairino_msgs:/home/juchan-yoon/FR5_robot_control/ros2_ws/install/vision_interfaces:/home/juchan-yoon/turtlebot3_ws/install/turtlebot3:/home/juchan-yoon/turtlebot3_ws/install/turtlebot3_simulations:/home/juchan-yoon/turtlebot3_ws/install/turtlebot3_bringup:/home/juchan-yoon/turtlebot3_ws/install/turtlebot3_node:/home/juchan-yoon/turtlebot3_ws/install/turtlebot3_navigation2:/home/juchan-yoon/turtlebot3_ws/install/turtlebot3_fake_node:/home/juchan-yoon/turtlebot3_ws/install/turtlebot3_msgs:/home/juchan-yoon/turtlebot3_ws/install/turtlebot3_gazebo:/home/juchan-yoon/turtlebot3_ws/install/turtlebot3_description:/home/juchan-yoon/turtlebot3_ws/install/turtlebot3_cartographer:/home/juchan-yoon/turtlebot3_ws/install/dynamixel_sdk_examples:/home/juchan-yoon/turtlebot3_ws/install/dynamixel_sdk_custom_interfaces:/home/juchan-yoon/turtlebot3_ws/install/dynamixel_sdk:/opt/ros/jazzy/opt/gz_sim_vendor:/opt/ros/jazzy/opt/gz_sensors_vendor:/opt/ros/jazzy/opt/gz_physics_vendor:/opt/ros/jazzy/opt/sdformat_vendor:/opt/ros/jazzy/opt/gz_gui_vendor:/opt/ros/jazzy/opt/gz_transport_vendor:/opt/ros/jazzy/opt/gz_rendering_vendor:/opt/ros/jazzy/opt/gz_plugin_vendor:/opt/ros/jazzy/opt/gz_fuel_tools_vendor:/opt/ros/jazzy/opt/gz_msgs_vendor:/opt/ros/jazzy/opt/gz_common_vendor:/opt/ros/jazzy/opt/gz_math_vendor:/opt/ros/jazzy/opt/gz_utils_vendor:/opt/ros/jazzy/opt/gz_tools_vendor:/opt/ros/jazzy/opt/gz_ogre_next_vendor:/opt/ros/jazzy/opt/gz_dartsim_vendor:/opt/ros/jazzy/opt/gz_cmake_vendor:/home/juchan-yoon/FR5_robot_control/ros2_ws/install/vision_server:/home/juchan-yoon/FR5_robot_control/ros2_ws/install/fr5_process_sequences:/home/juchan-yoon/turtlebot3_ws/install/turtlebot3_test:/home/juchan-yoon/turtlebot3_ws/install/turtlebot3_teleop:/home/juchan-yoon/turtlebot3_ws/install/turtlebot3_example:/opt/ros/jazzy DEBUGINFOD_URLS=https://debuginfod.ubuntu.com LD_LIBRARY_PATH=/home/juchan-yoon/FR5_robot_control/robot_ws/install/fairino_msgs/lib:${LD_LIBRARY_PATH} PYTHONPATH=/home/juchan-yoon/FR5_robot_control/robot_ws/install/fairino_msgs/lib/python3.12/site-packages:${PYTHONPATH} /usr/bin/cmake /home/juchan-yoon/FR5_robot_control/robot_ws/src/vendor/frcobot_ros2/fairino_hardware_v3_9_7 -DAMENT_CMAKE_SYMLINK_INSTALL=1 -DCMAKE_INSTALL_PREFIX=/home/juchan-yoon/FR5_robot_control/robot_ws/install/fairino_hardware_v3_9_7
[0.089s] -- The C compiler identification is GNU 13.3.0
[0.153s] -- The CXX compiler identification is GNU 13.3.0
[0.170s] -- Detecting C compiler ABI info
[0.285s] -- Detecting C compiler ABI info - done
[0.292s] -- Check for working C compiler: /usr/bin/cc - skipped
[0.292s] -- Detecting C compile features
[0.293s] -- Detecting C compile features - done
[0.309s] -- Detecting CXX compiler ABI info
[0.408s] -- Detecting CXX compiler ABI info - done
[0.414s] -- Check for working CXX compiler: /usr/bin/c++ - skipped
[0.414s] -- Detecting CXX compile features
[0.414s] -- Detecting CXX compile features - done
[0.418s] -- Found ament_cmake: 2.5.6 (/opt/ros/jazzy/share/ament_cmake/cmake)
[0.551s] -- Found Python3: /usr/bin/python3 (found version "3.12.3") found components: Interpreter 
[0.606s] -- Override CMake install command with custom implementation using symlinks instead of copying resources
[0.645s] -- Found rclcpp: 28.1.21 (/opt/ros/jazzy/share/rclcpp/cmake)
[0.685s] -- Found rosidl_generator_c: 4.6.7 (/opt/ros/jazzy/share/rosidl_generator_c/cmake)
[0.697s] -- Found rosidl_generator_cpp: 4.6.7 (/opt/ros/jazzy/share/rosidl_generator_cpp/cmake)
[0.712s] -- Using all available rosidl_typesupport_c: rosidl_typesupport_fastrtps_c;rosidl_typesupport_introspection_c
[0.729s] -- Using all available rosidl_typesupport_cpp: rosidl_typesupport_fastrtps_cpp;rosidl_typesupport_introspection_cpp
[0.809s] -- Found rmw_implementation_cmake: 7.3.3 (/opt/ros/jazzy/share/rmw_implementation_cmake/cmake)
[0.813s] -- Found rmw_fastrtps_cpp: 8.4.3 (/opt/ros/jazzy/share/rmw_fastrtps_cpp/cmake)
[1.034s] -- Found OpenSSL: /usr/lib/x86_64-linux-gnu/libcrypto.so (found version "3.0.13")  
[1.070s] -- Found FastRTPS: /opt/ros/jazzy/include (Required is at least version "2.13") 
[1.104s] -- Using RMW implementation 'rmw_fastrtps_cpp' as default
[1.395s] -- Found std_msgs: 5.3.7 (/opt/ros/jazzy/share/std_msgs/cmake)
[1.412s] -- Found hardware_interface: 4.44.0 (/opt/ros/jazzy/share/hardware_interface/cmake)
[2.545s] -- Found fairino_msgs: 0.0.0 (/home/juchan-yoon/FR5_robot_control/robot_ws/install/fairino_msgs/share/fairino_msgs/cmake)
[2.567s] -- Found ament_lint_auto: 0.17.5 (/opt/ros/jazzy/share/ament_lint_auto/cmake)
[2.570s] -- Found ament_cmake_gmock: 2.5.6 (/opt/ros/jazzy/share/ament_cmake_gmock/cmake)
[2.661s] -- Added test 'cppcheck' to perform static code analysis on C / C++ code
[2.661s] -- Configured cppcheck include dirs: /home/juchan-yoon/FR5_robot_control/robot_ws/src/vendor/frcobot_ros2/fairino_hardware_v3_9_7/include/;/home/juchan-yoon/FR5_robot_control/robot_ws/src/vendor/frcobot_ros2/fairino_hardware_v3_9_7/;/home/juchan-yoon/FR5_robot_control/robot_ws/src/vendor/frcobot_ros2/fairino_hardware_v3_9_7/examples/include;$<BUILD_INTERFACE:/home/juchan-yoon/FR5_robot_control/robot_ws/src/vendor/frcobot_ros2/fairino_hardware_v3_9_7/include>;$<BUILD_INTERFACE:/home/juchan-yoon/FR5_robot_control/robot_ws/src/vendor/frcobot_ros2/fairino_hardware_v3_9_7/>
[2.661s] -- Configured cppcheck exclude dirs and/or files: 
[2.663s] -- Added test 'lint_cmake' to check CMake code style
[2.664s] -- Added test 'uncrustify' to check C / C++ code style
[2.664s] -- Configured uncrustify additional arguments: 
[2.665s] -- Added test 'xmllint' to check XML markup files
[2.667s] -- Configuring done (2.7s)
[2.754s] -- Generating done (0.1s)
[2.760s] -- Build files have been written to: /home/juchan-yoon/FR5_robot_control/robot_ws/build/fairino_hardware_v3_9_7
[2.769s] Invoked command in '/home/juchan-yoon/FR5_robot_control/robot_ws/build/fairino_hardware_v3_9_7' returned '0': AMENT_PREFIX_PATH=/home/juchan-yoon/FR5_robot_control/robot_ws/install/fairino_msgs:${AMENT_PREFIX_PATH} CMAKE_PREFIX_PATH=/home/juchan-yoon/FR5_robot_control/robot_ws/install/fairino_msgs:/home/juchan-yoon/FR5_robot_control/ros2_ws/install/vision_interfaces:/home/juchan-yoon/turtlebot3_ws/install/turtlebot3:/home/juchan-yoon/turtlebot3_ws/install/turtlebot3_simulations:/home/juchan-yoon/turtlebot3_ws/install/turtlebot3_bringup:/home/juchan-yoon/turtlebot3_ws/install/turtlebot3_node:/home/juchan-yoon/turtlebot3_ws/install/turtlebot3_navigation2:/home/juchan-yoon/turtlebot3_ws/install/turtlebot3_fake_node:/home/juchan-yoon/turtlebot3_ws/install/turtlebot3_msgs:/home/juchan-yoon/turtlebot3_ws/install/turtlebot3_gazebo:/home/juchan-yoon/turtlebot3_ws/install/turtlebot3_description:/home/juchan-yoon/turtlebot3_ws/install/turtlebot3_cartographer:/home/juchan-yoon/turtlebot3_ws/install/dynamixel_sdk_examples:/home/juchan-yoon/turtlebot3_ws/install/dynamixel_sdk_custom_interfaces:/home/juchan-yoon/turtlebot3_ws/install/dynamixel_sdk:/opt/ros/jazzy/opt/gz_sim_vendor:/opt/ros/jazzy/opt/gz_sensors_vendor:/opt/ros/jazzy/opt/gz_physics_vendor:/opt/ros/jazzy/opt/sdformat_vendor:/opt/ros/jazzy/opt/gz_gui_vendor:/opt/ros/jazzy/opt/gz_transport_vendor:/opt/ros/jazzy/opt/gz_rendering_vendor:/opt/ros/jazzy/opt/gz_plugin_vendor:/opt/ros/jazzy/opt/gz_fuel_tools_vendor:/opt/ros/jazzy/opt/gz_msgs_vendor:/opt/ros/jazzy/opt/gz_common_vendor:/opt/ros/jazzy/opt/gz_math_vendor:/opt/ros/jazzy/opt/gz_utils_vendor:/opt/ros/jazzy/opt/gz_tools_vendor:/opt/ros/jazzy/opt/gz_ogre_next_vendor:/opt/ros/jazzy/opt/gz_dartsim_vendor:/opt/ros/jazzy/opt/gz_cmake_vendor:/home/juchan-yoon/FR5_robot_control/ros2_ws/install/vision_server:/home/juchan-yoon/FR5_robot_control/ros2_ws/install/fr5_process_sequences:/home/juchan-yoon/turtlebot3_ws/install/turtlebot3_test:/home/juchan-yoon/turtlebot3_ws/install/turtlebot3_teleop:/home/juchan-yoon/turtlebot3_ws/install/turtlebot3_example:/opt/ros/jazzy DEBUGINFOD_URLS=https://debuginfod.ubuntu.com LD_LIBRARY_PATH=/home/juchan-yoon/FR5_robot_control/robot_ws/install/fairino_msgs/lib:${LD_LIBRARY_PATH} PYTHONPATH=/home/juchan-yoon/FR5_robot_control/robot_ws/install/fairino_msgs/lib/python3.12/site-packages:${PYTHONPATH} /usr/bin/cmake /home/juchan-yoon/FR5_robot_control/robot_ws/src/vendor/frcobot_ros2/fairino_hardware_v3_9_7 -DAMENT_CMAKE_SYMLINK_INSTALL=1 -DCMAKE_INSTALL_PREFIX=/home/juchan-yoon/FR5_robot_control/robot_ws/install/fairino_hardware_v3_9_7
[2.770s] Invoking command in '/home/juchan-yoon/FR5_robot_control/robot_ws/build/fairino_hardware_v3_9_7': AMENT_PREFIX_PATH=/home/juchan-yoon/FR5_robot_control/robot_ws/install/fairino_msgs:${AMENT_PREFIX_PATH} CMAKE_PREFIX_PATH=/home/juchan-yoon/FR5_robot_control/robot_ws/install/fairino_msgs:/home/juchan-yoon/FR5_robot_control/ros2_ws/install/vision_interfaces:/home/juchan-yoon/turtlebot3_ws/install/turtlebot3:/home/juchan-yoon/turtlebot3_ws/install/turtlebot3_simulations:/home/juchan-yoon/turtlebot3_ws/install/turtlebot3_bringup:/home/juchan-yoon/turtlebot3_ws/install/turtlebot3_node:/home/juchan-yoon/turtlebot3_ws/install/turtlebot3_navigation2:/home/juchan-yoon/turtlebot3_ws/install/turtlebot3_fake_node:/home/juchan-yoon/turtlebot3_ws/install/turtlebot3_msgs:/home/juchan-yoon/turtlebot3_ws/install/turtlebot3_gazebo:/home/juchan-yoon/turtlebot3_ws/install/turtlebot3_description:/home/juchan-yoon/turtlebot3_ws/install/turtlebot3_cartographer:/home/juchan-yoon/turtlebot3_ws/install/dynamixel_sdk_examples:/home/juchan-yoon/turtlebot3_ws/install/dynamixel_sdk_custom_interfaces:/home/juchan-yoon/turtlebot3_ws/install/dynamixel_sdk:/opt/ros/jazzy/opt/gz_sim_vendor:/opt/ros/jazzy/opt/gz_sensors_vendor:/opt/ros/jazzy/opt/gz_physics_vendor:/opt/ros/jazzy/opt/sdformat_vendor:/opt/ros/jazzy/opt/gz_gui_vendor:/opt/ros/jazzy/opt/gz_transport_vendor:/opt/ros/jazzy/opt/gz_rendering_vendor:/opt/ros/jazzy/opt/gz_plugin_vendor:/opt/ros/jazzy/opt/gz_fuel_tools_vendor:/opt/ros/jazzy/opt/gz_msgs_vendor:/opt/ros/jazzy/opt/gz_common_vendor:/opt/ros/jazzy/opt/gz_math_vendor:/opt/ros/jazzy/opt/gz_utils_vendor:/opt/ros/jazzy/opt/gz_tools_vendor:/opt/ros/jazzy/opt/gz_ogre_next_vendor:/opt/ros/jazzy/opt/gz_dartsim_vendor:/opt/ros/jazzy/opt/gz_cmake_vendor:/home/juchan-yoon/FR5_robot_control/ros2_ws/install/vision_server:/home/juchan-yoon/FR5_robot_control/ros2_ws/install/fr5_process_sequences:/home/juchan-yoon/turtlebot3_ws/install/turtlebot3_test:/home/juchan-yoon/turtlebot3_ws/install/turtlebot3_teleop:/home/juchan-yoon/turtlebot3_ws/install/turtlebot3_example:/opt/ros/jazzy DEBUGINFOD_URLS=https://debuginfod.ubuntu.com LD_LIBRARY_PATH=/home/juchan-yoon/FR5_robot_control/robot_ws/install/fairino_msgs/lib:${LD_LIBRARY_PATH} PYTHONPATH=/home/juchan-yoon/FR5_robot_control/robot_ws/install/fairino_msgs/lib/python3.12/site-packages:${PYTHONPATH} /usr/bin/cmake --build /home/juchan-yoon/FR5_robot_control/robot_ws/build/fairino_hardware_v3_9_7 -- -j16 -l16
[2.843s] [ 20%] Building CXX object CMakeFiles/ros2_cmd_server.dir/src/command_server.cpp.o
[2.843s] [ 20%] Building CXX object CMakeFiles/ros2_cmd_server.dir/src/CNDE_thread.cpp.o
[2.844s] [ 30%] Building CXX object CMakeFiles/ros2_cmd_server.dir/src/global_val_def.cpp.o
[2.844s] [ 40%] Building CXX object CMakeFiles/fairino_hardware.dir/src/fairino_hardware_interface.cpp.o
[2.845s] [ 50%] Building CXX object CMakeFiles/srv_test_client.dir/examples/src/main.cpp.o
[2.852s] [ 60%] Building CXX object CMakeFiles/ros2_cmd_server.dir/src/command_server_node.cpp.o
[2.855s] [ 70%] Building CXX object CMakeFiles/srv_test_client.dir/examples/src/srv_test_client.cpp.o
[4.730s] /home/juchan-yoon/FR5_robot_control/robot_ws/src/vendor/frcobot_ros2/fairino_hardware_v3_9_7/src/command_server.cpp:402:71: warning: backslash and newline separated by space
[4.730s]   402 |         const std::shared_ptr<remote_cmd_server_srv_msg::Request> req,\
[4.730s]       |                                                                        
[4.731s] /home/juchan-yoon/FR5_robot_control/robot_ws/src/vendor/frcobot_ros2/fairino_hardware_v3_9_7/src/command_server.cpp:741:5: warning: multi-line comment [-Wcomment]
[4.731s]   741 |     //RCLCPP_INFO(rclcpp::get_logger(LOGGER_NAME),"settoolcoord:%d,%f,%f,%f,%f,%f,%f,%d,%d",\
[4.731s]       |     ^
[4.733s] /home/juchan-yoon/FR5_robot_control/robot_ws/src/vendor/frcobot_ros2/fairino_hardware_v3_9_7/src/command_server.cpp:2411:5: warning: multi-line comment [-Wcomment]
[4.733s]  2411 |     // RCLCPP_INFO(rclcpp::get_logger(LOGGER_NAME),"焊接状态参数:%i,%i",\
[4.733s]       |     ^
[4.734s] /home/juchan-yoon/FR5_robot_control/robot_ws/src/vendor/frcobot_ros2/fairino_hardware_v3_9_7/src/command_server.cpp:2414:5: warning: multi-line comment [-Wcomment]
[4.734s]  2414 |     // return std::string(std::to_string(res) + "," + std::to_string(state.breakOffState) + \
[4.734s]       |     ^
[4.734s] /home/juchan-yoon/FR5_robot_control/robot_ws/src/vendor/frcobot_ros2/fairino_hardware_v3_9_7/src/command_server.cpp:2584:51: warning: backslash and newline separated by space
[4.734s]  2584 |                 std::to_string(pos.rpy.ry) + "," +\
[4.734s]       |                                                    
[4.957s] /home/juchan-yoon/FR5_robot_control/robot_ws/src/vendor/frcobot_ros2/fairino_hardware_v3_9_7/src/fairino_hardware_interface.cpp:175:5: warning: multi-line comment [-Wcomment]
[4.957s]   175 |     //RCLCPP_INFO(rclcpp::get_logger("FairinoHardwareInterface"), "System successfully read: %f,%f,%f,%f,%f,%f",_jnt_position_state[0],\
[4.957s]       |     ^
[4.957s] /home/juchan-yoon/FR5_robot_control/robot_ws/src/vendor/frcobot_ros2/fairino_hardware_v3_9_7/src/fairino_hardware_interface.cpp:194:9: warning: multi-line comment [-Wcomment]
[4.957s]   194 |         //RCLCPP_INFO(rclcpp::get_logger("FairinoHardwareInterface"), "ServoJ下发位置:%f,%f,%f,%f,%f,%f",\
[4.957s]       |         ^
[6.079s] /home/juchan-yoon/FR5_robot_control/robot_ws/src/vendor/frcobot_ros2/fairino_hardware_v3_9_7/examples/src/srv_test_client.cpp: In constructor ‘srv_test_node::srv_test_node(std::string)’:
[6.079s] /home/juchan-yoon/FR5_robot_control/robot_ws/src/vendor/frcobot_ros2/fairino_hardware_v3_9_7/examples/src/srv_test_client.cpp:9:16: warning: unused variable ‘count’ [-Wunused-variable]
[6.080s]     9 |     static int count = 0;
[6.080s]       |                ^~~~~
[6.117s] /home/juchan-yoon/FR5_robot_control/robot_ws/src/vendor/frcobot_ros2/fairino_hardware_v3_9_7/src/CNDE_thread.cpp: In constructor ‘CNDE_recv_thread::CNDE_recv_thread(std::string)’:
[6.117s] /home/juchan-yoon/FR5_robot_control/robot_ws/src/vendor/frcobot_ros2/fairino_hardware_v3_9_7/src/CNDE_thread.cpp:53:14: warning: unused variable ‘recv_size’ [-Wunused-variable]
[6.117s]    53 |         auto recv_size = recvfrom(_socketfd1,buf,256,0,(struct sockaddr*)udp_client1,&addr_len);
[6.117s]       |              ^~~~~~~~~
[6.479s] /home/juchan-yoon/FR5_robot_control/robot_ws/src/vendor/frcobot_ros2/fairino_hardware_v3_9_7/src/command_server.cpp:58:5: warning: ISO C++ forbids converting a string constant to ‘char*’ [-Wwrite-strings]
[6.480s]    58 |     "ROS2 command server created,ready to connect robot",
[6.480s]       |     ^~~~~~~~~~~~~~~~~~~~~~~~~~~~~~~~~~~~~~~~~~~~~~~~~~~~
[6.480s] /home/juchan-yoon/FR5_robot_control/robot_ws/src/vendor/frcobot_ros2/fairino_hardware_v3_9_7/src/command_server.cpp:59:5: warning: ISO C++ forbids converting a string constant to ‘char*’ [-Wwrite-strings]
[6.480s]    59 |     "fairino_hardware:",
[6.480s]       |     ^~~~~~~~~~~~~~~~~~~
[6.480s] /home/juchan-yoon/FR5_robot_control/robot_ws/src/vendor/frcobot_ros2/fairino_hardware_v3_9_7/src/command_server.cpp:60:5: warning: ISO C++ forbids converting a string constant to ‘char*’ [-Wwrite-strings]
[6.480s]    60 |     "Adapt to software version of robot:",
[6.480s]       |     ^~~~~~~~~~~~~~~~~~~~~~~~~~~~~~~~~~~~~
[6.480s] /home/juchan-yoon/FR5_robot_control/robot_ws/src/vendor/frcobot_ros2/fairino_hardware_v3_9_7/src/command_server.cpp:61:5: warning: ISO C++ forbids converting a string constant to ‘char*’ [-Wwrite-strings]
[6.480s]    61 |     "Package build time:",
[6.480s]       |     ^~~~~~~~~~~~~~~~~~~~~
[6.480s] /home/juchan-yoon/FR5_robot_control/robot_ws/src/vendor/frcobot_ros2/fairino_hardware_v3_9_7/src/command_server.cpp:62:5: warning: ISO C++ forbids converting a string constant to ‘char*’ [-Wwrite-strings]
[6.480s]    62 |     "Robot connect failed! try to reconnect...",
[6.480s]       |     ^~~~~~~~~~~~~~~~~~~~~~~~~~~~~~~~~~~~~~~~~~~
[6.480s] /home/juchan-yoon/FR5_robot_control/robot_ws/src/vendor/frcobot_ros2/fairino_hardware_v3_9_7/src/command_server.cpp:63:5: warning: ISO C++ forbids converting a string constant to ‘char*’ [-Wwrite-strings]
[6.481s]    63 |     "Robot connect failed! program about to exit",
[6.481s]       |     ^~~~~~~~~~~~~~~~~~~~~~~~~~~~~~~~~~~~~~~~~~~~~
[6.481s] /home/juchan-yoon/FR5_robot_control/robot_ws/src/vendor/frcobot_ros2/fairino_hardware_v3_9_7/src/command_server.cpp:64:5: warning: ISO C++ forbids converting a string constant to ‘char*’ [-Wwrite-strings]
[6.481s]    64 |     "Robot connected!",
[6.481s]       |     ^~~~~~~~~~~~~~~~~~
[6.481s] /home/juchan-yoon/FR5_robot_control/robot_ws/src/vendor/frcobot_ros2/fairino_hardware_v3_9_7/src/command_server.cpp:65:5: warning: ISO C++ forbids converting a string constant to ‘char*’ [-Wwrite-strings]
[6.481s]    65 |     "Receive ROS command,command name&parameters:",
[6.481s]       |     ^~~~~~~~~~~~~~~~~~~~~~~~~~~~~~~~~~~~~~~~~~~~~~
[6.481s] /home/juchan-yoon/FR5_robot_control/robot_ws/src/vendor/frcobot_ros2/fairino_hardware_v3_9_7/src/command_server.cpp:66:5: warning: ISO C++ forbids converting a string constant to ‘char*’ [-Wwrite-strings]
[6.481s]    66 |     "Command error:invalid fucntion name",
[6.481s]       |     ^~~~~~~~~~~~~~~~~~~~~~~~~~~~~~~~~~~~~
[6.481s] /home/juchan-yoon/FR5_robot_control/robot_ws/src/vendor/frcobot_ros2/fairino_hardware_v3_9_7/src/command_server.cpp:67:5: warning: ISO C++ forbids converting a string constant to ‘char*’ [-Wwrite-strings]
[6.481s]    67 |     "Invalid parameter,please check data types of input parameters",
[6.481s]       |     ^~~~~~~~~~~~~~~~~~~~~~~~~~~~~~~~~~~~~~~~~~~~~~~~~~~~~~~~~~~~~~~
[6.481s] /home/juchan-yoon/FR5_robot_control/robot_ws/src/vendor/frcobot_ros2/fairino_hardware_v3_9_7/src/command_server.cpp:68:5: warning: ISO C++ forbids converting a string constant to ‘char*’ [-Wwrite-strings]
[6.481s]    68 |     "Parameter out of range,please check value of input parameters",
[6.481s]       |     ^~~~~~~~~~~~~~~~~~~~~~~~~~~~~~~~~~~~~~~~~~~~~~~~~~~~~~~~~~~~~~~
[6.481s] /home/juchan-yoon/FR5_robot_control/robot_ws/src/vendor/frcobot_ros2/fairino_hardware_v3_9_7/src/command_server.cpp:69:5: warning: ISO C++ forbids converting a string constant to ‘char*’ [-Wwrite-strings]
[6.482s]    69 |     "Incorrect parameter number,please check numbers of input parameters",
[6.482s]       |     ^~~~~~~~~~~~~~~~~~~~~~~~~~~~~~~~~~~~~~~~~~~~~~~~~~~~~~~~~~~~~~~~~~~~~
[6.482s] /home/juchan-yoon/FR5_robot_control/robot_ws/src/vendor/frcobot_ros2/fairino_hardware_v3_9_7/src/command_server.cpp:70:5: warning: ISO C++ forbids converting a string constant to ‘char*’ [-Wwrite-strings]
[6.482s]    70 |     "Illegal parameters,parameters consist of number,dot and letters,space in not allowed",
[6.482s]       |     ^~~~~~~~~~~~~~~~~~~~~~~~~~~~~~~~~~~~~~~~~~~~~~~~~~~~~~~~~~~~~~~~~~~~~~~~~~~~~~~~~~~~~~
[6.482s] /home/juchan-yoon/FR5_robot_control/robot_ws/src/vendor/frcobot_ros2/fairino_hardware_v3_9_7/src/command_server.cpp:71:5: warning: ISO C++ forbids converting a string constant to ‘char*’ [-Wwrite-strings]
[6.482s]    71 |     "Illegal command format,you must follow the format:'function name(parameters)'",
[6.482s]       |     ^~~~~~~~~~~~~~~~~~~~~~~~~~~~~~~~~~~~~~~~~~~~~~~~~~~~~~~~~~~~~~~~~~~~~~~~~~~~~~~
[6.482s] /home/juchan-yoon/FR5_robot_control/robot_ws/src/vendor/frcobot_ros2/fairino_hardware_v3_9_7/src/command_server.cpp:72:5: warning: ISO C++ forbids converting a string constant to ‘char*’ [-Wwrite-strings]
[6.482s]    72 |     "Number of joint position is 6, please check parameter number",
[6.482s]       |     ^~~~~~~~~~~~~~~~~~~~~~~~~~~~~~~~~~~~~~~~~~~~~~~~~~~~~~~~~~~~~~
[6.482s] /home/juchan-yoon/FR5_robot_control/robot_ws/src/vendor/frcobot_ros2/fairino_hardware_v3_9_7/src/command_server.cpp:73:5: warning: ISO C++ forbids converting a string constant to ‘char*’ [-Wwrite-strings]
[6.482s]    73 |     "Joint pos container index out of range",
[6.482s]       |     ^~~~~~~~~~~~~~~~~~~~~~~~~~~~~~~~~~~~~~~~
[6.482s] /home/juchan-yoon/FR5_robot_control/robot_ws/src/vendor/frcobot_ros2/fairino_hardware_v3_9_7/src/command_server.cpp:74:5: warning: ISO C++ forbids converting a string constant to ‘char*’ [-Wwrite-strings]
[6.482s]    74 |     "Parameter fomart:index,j1pos...j6pos,please input correct format",
[6.482s]       |     ^~~~~~~~~~~~~~~~~~~~~~~~~~~~~~~~~~~~~~~~~~~~~~~~~~~~~~~~~~~~~~~~~~
[6.482s] /home/juchan-yoon/FR5_robot_control/robot_ws/src/vendor/frcobot_ros2/fairino_hardware_v3_9_7/src/command_server.cpp:75:5: warning: ISO C++ forbids converting a string constant to ‘char*’ [-Wwrite-strings]
[6.483s]    75 |     "Number of cartesean position is 6, please check parameter number",
[6.483s]       |     ^~~~~~~~~~~~~~~~~~~~~~~~~~~~~~~~~~~~~~~~~~~~~~~~~~~~~~~~~~~~~~~~~~
[6.483s] /home/juchan-yoon/FR5_robot_control/robot_ws/src/vendor/frcobot_ros2/fairino_hardware_v3_9_7/src/command_server.cpp:76:5: warning: ISO C++ forbids converting a string constant to ‘char*’ [-Wwrite-strings]
[6.483s]    76 |     "Parameter fomart:index,x,y,z,r,p,y,please input correct format",
[6.483s]       |     ^~~~~~~~~~~~~~~~~~~~~~~~~~~~~~~~~~~~~~~~~~~~~~~~~~~~~~~~~~~~~~~~
[6.483s] /home/juchan-yoon/FR5_robot_control/robot_ws/src/vendor/frcobot_ros2/fairino_hardware_v3_9_7/src/command_server.cpp:77:5: warning: ISO C++ forbids converting a string constant to ‘char*’ [-Wwrite-strings]
[6.483s]    77 |     "Invalid command GET parameter",
[6.483s]       |     ^~~~~~~~~~~~~~~~~~~~~~~~~~~~~~~
[6.483s] /home/juchan-yoon/FR5_robot_control/robot_ws/src/vendor/frcobot_ros2/fairino_hardware_v3_9_7/src/command_server.cpp:78:5: warning: ISO C++ forbids converting a string constant to ‘char*’ [-Wwrite-strings]
[6.483s]    78 |     "Illegal command GET parameter,format:[JNT|CART],[index]",
[6.483s]       |     ^~~~~~~~~~~~~~~~~~~~~~~~~~~~~~~~~~~~~~~~~~~~~~~~~~~~~~~~~
[6.483s] /home/juchan-yoon/FR5_robot_control/robot_ws/src/vendor/frcobot_ros2/fairino_hardware_v3_9_7/src/command_server.cpp:79:5: warning: ISO C++ forbids converting a string constant to ‘char*’ [-Wwrite-strings]
[6.483s]    79 |     "Joint/Cartesean position container index out of range",
[6.483s]       |     ^~~~~~~~~~~~~~~~~~~~~~~~~~~~~~~~~~~~~~~~~~~~~~~~~~~~~~~
[6.483s] /home/juchan-yoon/FR5_robot_control/robot_ws/src/vendor/frcobot_ros2/fairino_hardware_v3_9_7/src/command_server.cpp:80:5: warning: ISO C++ forbids converting a string constant to ‘char*’ [-Wwrite-strings]
[6.483s]    80 |     "Forward kinematic error occur,please check input point",
[6.483s]       |     ^~~~~~~~~~~~~~~~~~~~~~~~~~~~~~~~~~~~~~~~~~~~~~~~~~~~~~~~
[6.483s] /home/juchan-yoon/FR5_robot_control/robot_ws/src/vendor/frcobot_ros2/fairino_hardware_v3_9_7/src/command_server.cpp:81:5: warning: ISO C++ forbids converting a string constant to ‘char*’ [-Wwrite-strings]
[6.484s]    81 |     "Inverse kinematic error occur,please check input point",
[6.484s]       |     ^~~~~~~~~~~~~~~~~~~~~~~~~~~~~~~~~~~~~~~~~~~~~~~~~~~~~~~~
[6.484s] /home/juchan-yoon/FR5_robot_control/robot_ws/src/vendor/frcobot_ros2/fairino_hardware_v3_9_7/src/command_server.cpp:82:5: warning: ISO C++ forbids converting a string constant to ‘char*’ [-Wwrite-strings]
[6.484s]    82 |     "Invalid container index,can't find the point",
[6.484s]       |     ^~~~~~~~~~~~~~~~~~~~~~~~~~~~~~~~~~~~~~~~~~~~~~
[6.484s] /home/juchan-yoon/FR5_robot_control/robot_ws/src/vendor/frcobot_ros2/fairino_hardware_v3_9_7/src/command_server.cpp:83:5: warning: ISO C++ forbids converting a string constant to ‘char*’ [-Wwrite-strings]
[6.484s]    83 |     "Ready to create state feedback client socket",
[6.484s]       |     ^~~~~~~~~~~~~~~~~~~~~~~~~~~~~~~~~~~~~~~~~~~~~~
[6.484s] /home/juchan-yoon/FR5_robot_control/robot_ws/src/vendor/frcobot_ros2/fairino_hardware_v3_9_7/src/command_server.cpp:84:5: warning: ISO C++ forbids converting a string constant to ‘char*’ [-Wwrite-strings]
[6.484s]    84 |     "Error:socket create failed",
[6.484s]       |     ^~~~~~~~~~~~~~~~~~~~~~~~~~~~
[6.484s] /home/juchan-yoon/FR5_robot_control/robot_ws/src/vendor/frcobot_ros2/fairino_hardware_v3_9_7/src/command_server.cpp:85:5: warning: ISO C++ forbids converting a string constant to ‘char*’ [-Wwrite-strings]
[6.484s]    85 |     "Socket created,ready to connect robot...",
[6.484s]       |     ^~~~~~~~~~~~~~~~~~~~~~~~~~~~~~~~~~~~~~~~~~
[6.484s] /home/juchan-yoon/FR5_robot_control/robot_ws/src/vendor/frcobot_ros2/fairino_hardware_v3_9_7/src/command_server.cpp:86:5: warning: ISO C++ forbids converting a string constant to ‘char*’ [-Wwrite-strings]
[6.484s]    86 |     "Error:failed to connect robot state feedback port,program about to exit!",
[6.484s]       |     ^~~~~~~~~~~~~~~~~~~~~~~~~~~~~~~~~~~~~~~~~~~~~~~~~~~~~~~~~~~~~~~~~~~~~~~~~~
[6.484s] /home/juchan-yoon/FR5_robot_control/robot_ws/src/vendor/frcobot_ros2/fairino_hardware_v3_9_7/src/command_server.cpp:87:5: warning: ISO C++ forbids converting a string constant to ‘char*’ [-Wwrite-strings]
[6.485s]    87 |     "Connected to robot state feedback port",
[6.485s]       |     ^~~~~~~~~~~~~~~~~~~~~~~~~~~~~~~~~~~~~~~~
[6.485s] /home/juchan-yoon/FR5_robot_control/robot_ws/src/vendor/frcobot_ros2/fairino_hardware_v3_9_7/src/command_server.cpp:88:5: warning: ISO C++ forbids converting a string constant to ‘char*’ [-Wwrite-strings]
[6.485s]    88 |     "Failed to set socket keep alive",
[6.485s]       |     ^~~~~~~~~~~~~~~~~~~~~~~~~~~~~~~~~
[6.485s] /home/juchan-yoon/FR5_robot_control/robot_ws/src/vendor/frcobot_ros2/fairino_hardware_v3_9_7/src/command_server.cpp:89:5: warning: ISO C++ forbids converting a string constant to ‘char*’ [-Wwrite-strings]
[6.485s]    89 |     "Keep alive:recreate socket failed, try again after 3sec",
[6.485s]       |     ^~~~~~~~~~~~~~~~~~~~~~~~~~~~~~~~~~~~~~~~~~~~~~~~~~~~~~~~~
[6.485s] /home/juchan-yoon/FR5_robot_control/robot_ws/src/vendor/frcobot_ros2/fairino_hardware_v3_9_7/src/command_server.cpp:90:5: warning: ISO C++ forbids converting a string constant to ‘char*’ [-Wwrite-strings]
[6.485s]    90 |     "Keep alive:reconnect robot failed, try again after 3sec",
[6.485s]       |     ^~~~~~~~~~~~~~~~~~~~~~~~~~~~~~~~~~~~~~~~~~~~~~~~~~~~~~~~~
[6.485s] /home/juchan-yoon/FR5_robot_control/robot_ws/src/vendor/frcobot_ros2/fairino_hardware_v3_9_7/src/command_server.cpp:91:5: warning: ISO C++ forbids converting a string constant to ‘char*’ [-Wwrite-strings]
[6.485s]    91 |     "Keep alive:reconnect success!",
[6.485s]       |     ^~~~~~~~~~~~~~~~~~~~~~~~~~~~~~~
[6.485s] /home/juchan-yoon/FR5_robot_control/robot_ws/src/vendor/frcobot_ros2/fairino_hardware_v3_9_7/src/command_server.cpp:92:5: warning: ISO C++ forbids converting a string constant to ‘char*’ [-Wwrite-strings]
[6.485s]    92 |     "Keep alive:thread exit!",
[6.485s]       |     ^~~~~~~~~~~~~~~~~~~~~~~~~
[6.485s] /home/juchan-yoon/FR5_robot_control/robot_ws/src/vendor/frcobot_ros2/fairino_hardware_v3_9_7/src/command_server.cpp:93:5: warning: ISO C++ forbids converting a string constant to ‘char*’ [-Wwrite-strings]
[6.485s]    93 |     "State feedback socket disconnected, please check your network",
[6.486s]       |     ^~~~~~~~~~~~~~~~~~~~~~~~~~~~~~~~~~~~~~~~~~~~~~~~~~~~~~~~~~~~~~~
[6.486s] /home/juchan-yoon/FR5_robot_control/robot_ws/src/vendor/frcobot_ros2/fairino_hardware_v3_9_7/src/command_server.cpp:94:5: warning: ISO C++ forbids converting a string constant to ‘char*’ [-Wwrite-strings]
[6.486s]    94 |     "The volumn of state feedback data is smaller than expected, please check robot sofeware version",
[6.486s]       |     ^~~~~~~~~~~~~~~~~~~~~~~~~~~~~~~~~~~~~~~~~~~~~~~~~~~~~~~~~~~~~~~~~~~~~~~~~~~~~~~~~~~~~~~~~~~~~~~~~
[6.486s] /home/juchan-yoon/FR5_robot_control/robot_ws/src/vendor/frcobot_ros2/fairino_hardware_v3_9_7/src/command_server.cpp:95:5: warning: ISO C++ forbids converting a string constant to ‘char*’ [-Wwrite-strings]
[6.486s]    95 |     "The volumn of state feedback data is larger than expected, please check robot sofeware version",
[6.486s]       |     ^~~~~~~~~~~~~~~~~~~~~~~~~~~~~~~~~~~~~~~~~~~~~~~~~~~~~~~~~~~~~~~~~~~~~~~~~~~~~~~~~~~~~~~~~~~~~~~~
[6.486s] /home/juchan-yoon/FR5_robot_control/robot_ws/src/vendor/frcobot_ros2/fairino_hardware_v3_9_7/src/command_server.cpp:96:5: warning: ISO C++ forbids converting a string constant to ‘char*’ [-Wwrite-strings]
[6.486s]    96 |     "The sumcheck of state feedback data is failed, drop the data and search frame head again"
[6.486s]       |     ^~~~~~~~~~~~~~~~~~~~~~~~~~~~~~~~~~~~~~~~~~~~~~~~~~~~~~~~~~~~~~~~~~~~~~~~~~~~~~~~~~~~~~~~~~
[6.502s] /home/juchan-yoon/FR5_robot_control/robot_ws/src/vendor/frcobot_ros2/fairino_hardware_v3_9_7/src/command_server.cpp: In constructor ‘robot_command_thread::robot_command_thread(std::string)’:
[6.502s] /home/juchan-yoon/FR5_robot_control/robot_ws/src/vendor/frcobot_ros2/fairino_hardware_v3_9_7/src/command_server.cpp:364:9: warning: unused variable ‘rnt’ [-Wunused-variable]
[6.502s]   364 |     int rnt = _ptr_robot->SetRobotRealtimeStateConfig(states, 8);
[6.502s]       |         ^~~
[6.538s] /home/juchan-yoon/FR5_robot_control/robot_ws/src/vendor/frcobot_ros2/fairino_hardware_v3_9_7/src/command_server.cpp: In member function ‘std::string robot_command_thread::defJntPosition(std::string)’:
[6.539s] /home/juchan-yoon/FR5_robot_control/robot_ws/src/vendor/frcobot_ros2/fairino_hardware_v3_9_7/src/command_server.cpp:553:16: warning: comparison of integer expressions of different signedness: ‘int’ and ‘std::vector<JointPos>::size_type’ {aka ‘long unsigned int’} [-Wsign-compare]
[6.539s]   553 |         if(idx > _cmd_jnt_pos_list.size()+1 || idx <= 0){//如果大于当前容器最大值+1,那么要报错,因为序列容器中间无法留空
[6.539s]       |            ~~~~^~~~~~~~~~~~~~~~~~~~~~~~~~~~
[6.539s] /home/juchan-yoon/FR5_robot_control/robot_ws/src/vendor/frcobot_ros2/fairino_hardware_v3_9_7/src/command_server.cpp:556:22: warning: comparison of integer expressions of different signedness: ‘int’ and ‘std::vector<JointPos>::size_type’ {aka ‘long unsigned int’} [-Wsign-compare]
[6.539s]   556 |         }else if(idx <= _cmd_jnt_pos_list.size()){//如果是小于等于当前的容量,那么就是点位信息覆盖
[6.539s]       |                  ~~~~^~~~~~~~~~~~~~~~~~~~~~~~~~~
[6.539s] /home/juchan-yoon/FR5_robot_control/robot_ws/src/vendor/frcobot_ros2/fairino_hardware_v3_9_7/src/command_server.cpp:561:22: warning: comparison of integer expressions of different signedness: ‘int’ and ‘std::vector<JointPos>::size_type’ {aka ‘long unsigned int’} [-Wsign-compare]
[6.539s]   561 |         }else if(idx == _cmd_jnt_pos_list.size()+1){//添加元素
[6.539s]       |                  ~~~~^~~~~~~~~~~~~~~~~~~~~~~~~~~~~
[6.540s] /home/juchan-yoon/FR5_robot_control/robot_ws/src/vendor/frcobot_ros2/fairino_hardware_v3_9_7/src/command_server.cpp: In member function ‘std::string robot_command_thread::defCartPosition(std::string)’:
[6.540s] /home/juchan-yoon/FR5_robot_control/robot_ws/src/vendor/frcobot_ros2/fairino_hardware_v3_9_7/src/command_server.cpp:603:16: warning: comparison of integer expressions of different signedness: ‘int’ and ‘std::vector<DescPose>::size_type’ {aka ‘long unsigned int’} [-Wsign-compare]
[6.540s]   603 |         if(idx > _cmd_cart_pos_list.size()+1 || idx <= 0){//如果大于当前容器最大值+1,那么要报错,因为序列容器中间无法留空
[6.540s]       |            ~~~~^~~~~~~~~~~~~~~~~~~~~~~~~~~~~
[6.540s] /home/juchan-yoon/FR5_robot_control/robot_ws/src/vendor/frcobot_ros2/fairino_hardware_v3_9_7/src/command_server.cpp:606:22: warning: comparison of integer expressions of different signedness: ‘int’ and ‘std::vector<DescPose>::size_type’ {aka ‘long unsigned int’} [-Wsign-compare]
[6.541s]   606 |         }else if(idx <= _cmd_cart_pos_list.size()){//如果是小于等于当前的容量,那么就是点位信息覆盖
[6.541s]       |                  ~~~~^~~~~~~~~~~~~~~~~~~~~~~~~~~~
[6.541s] /home/juchan-yoon/FR5_robot_control/robot_ws/src/vendor/frcobot_ros2/fairino_hardware_v3_9_7/src/command_server.cpp:614:22: warning: comparison of integer expressions of different signedness: ‘int’ and ‘std::vector<DescPose>::size_type’ {aka ‘long unsigned int’} [-Wsign-compare]
[6.541s]   614 |         }else if(idx == _cmd_cart_pos_list.size()+1){//添加元素
[6.541s]       |                  ~~~~^~~~~~~~~~~~~~~~~~~~~~~~~~~~~~
[6.542s] /home/juchan-yoon/FR5_robot_control/robot_ws/src/vendor/frcobot_ros2/fairino_hardware_v3_9_7/src/command_server.cpp: In member function ‘std::string robot_command_thread::getVariable(std::string)’:
[6.542s] /home/juchan-yoon/FR5_robot_control/robot_ws/src/vendor/frcobot_ros2/fairino_hardware_v3_9_7/src/command_server.cpp:644:20: warning: comparison of integer expressions of different signedness: ‘int’ and ‘std::vector<JointPos>::size_type’ {aka ‘long unsigned int’} [-Wsign-compare]
[6.542s]   644 |             if(idx <= _cmd_jnt_pos_list.size() && idx > 0){
[6.542s]       |                ~~~~^~~~~~~~~~~~~~~~~~~~~~~~~~~
[6.542s] /home/juchan-yoon/FR5_robot_control/robot_ws/src/vendor/frcobot_ros2/fairino_hardware_v3_9_7/src/command_server.cpp:658:24: warning: comparison of integer expressions of different signedness: ‘int’ and ‘std::vector<DescPose>::size_type’ {aka ‘long unsigned int’} [-Wsign-compare]
[6.543s]   658 |                 if(idx <= _cmd_cart_pos_list.size() && idx > 0){
[6.543s]       |                    ~~~~^~~~~~~~~~~~~~~~~~~~~~~~~~~~
[6.545s] /home/juchan-yoon/FR5_robot_control/robot_ws/src/vendor/frcobot_ros2/fairino_hardware_v3_9_7/src/command_server.cpp: In member function ‘std::string robot_command_thread::ComputeTool(std::string)’:
[6.546s] /home/juchan-yoon/FR5_robot_control/robot_ws/src/vendor/frcobot_ros2/fairino_hardware_v3_9_7/src/command_server.cpp:751:59: warning: unused parameter ‘para’ [-Wunused-parameter]
[6.546s]   751 | std::string robot_command_thread::ComputeTool(std::string para){
[6.546s]       |                                               ~~~~~~~~~~~~^~~~
[6.546s] /home/juchan-yoon/FR5_robot_control/robot_ws/src/vendor/frcobot_ros2/fairino_hardware_v3_9_7/src/command_server.cpp: In member function ‘std::string robot_command_thread::ComputeTcp4(std::string)’:
[6.546s] /home/juchan-yoon/FR5_robot_control/robot_ws/src/vendor/frcobot_ros2/fairino_hardware_v3_9_7/src/command_server.cpp:764:59: warning: unused parameter ‘para’ [-Wunused-parameter]
[6.546s]   764 | std::string robot_command_thread::ComputeTcp4(std::string para){
[6.546s]       |                                               ~~~~~~~~~~~~^~~~
[6.548s] /home/juchan-yoon/FR5_robot_control/robot_ws/src/vendor/frcobot_ros2/fairino_hardware_v3_9_7/src/command_server.cpp: In member function ‘std::string robot_command_thread::SetCollisionStrategy(std::string)’:
[6.548s] /home/juchan-yoon/FR5_robot_control/robot_ws/src/vendor/frcobot_ros2/fairino_hardware_v3_9_7/src/command_server.cpp:975:9: warning: unused variable ‘strategy’ [-Wunused-variable]
[6.548s]   975 |     int strategy = std::stoi(list.front().c_str());list.pop_front();
[6.548s]       |         ^~~~~~~~
[6.552s] /home/juchan-yoon/FR5_robot_control/robot_ws/src/vendor/frcobot_ros2/fairino_hardware_v3_9_7/src/command_server.cpp: In member function ‘std::string robot_command_thread::ExtAxisGetCoord(std::string)’:
[6.552s] /home/juchan-yoon/FR5_robot_control/robot_ws/src/vendor/frcobot_ros2/fairino_hardware_v3_9_7/src/command_server.cpp:1364:63: warning: unused parameter ‘para’ [-Wunused-parameter]
[6.552s]  1364 | std::string robot_command_thread::ExtAxisGetCoord(std::string para){
[6.552s]       |                                                   ~~~~~~~~~~~~^~~~
[6.554s] /home/juchan-yoon/FR5_robot_control/robot_ws/src/vendor/frcobot_ros2/fairino_hardware_v3_9_7/src/command_server.cpp: In member function ‘std::string robot_command_thread::ExtAxisComputeECoordSys(std::string)’:
[6.554s] /home/juchan-yoon/FR5_robot_control/robot_ws/src/vendor/frcobot_ros2/fairino_hardware_v3_9_7/src/command_server.cpp:1483:71: warning: unused parameter ‘para’ [-Wunused-parameter]
[6.554s]  1483 | std::string robot_command_thread::ExtAxisComputeECoordSys(std::string para){
[6.554s]       |                                                           ~~~~~~~~~~~~^~~~
[6.555s] /home/juchan-yoon/FR5_robot_control/robot_ws/src/vendor/frcobot_ros2/fairino_hardware_v3_9_7/src/command_server.cpp: In member function ‘std::string robot_command_thread::ExtDevLoadUDPDriver(std::string)’:
[6.555s] /home/juchan-yoon/FR5_robot_control/robot_ws/src/vendor/frcobot_ros2/fairino_hardware_v3_9_7/src/command_server.cpp:1519:67: warning: unused parameter ‘para’ [-Wunused-parameter]
[6.555s]  1519 | std::string robot_command_thread::ExtDevLoadUDPDriver(std::string para){
[6.555s]       |                                                       ~~~~~~~~~~~~^~~~
[6.556s] /home/juchan-yoon/FR5_robot_control/robot_ws/src/vendor/frcobot_ros2/fairino_hardware_v3_9_7/src/command_server.cpp: In member function ‘std::string robot_command_thread::MoveJ(std::string)’:
[6.556s] /home/juchan-yoon/FR5_robot_control/robot_ws/src/vendor/frcobot_ros2/fairino_hardware_v3_9_7/src/command_server.cpp:1604:18: warning: comparison of integer expressions of different signedness: ‘int’ and ‘std::vector<JointPos>::size_type’ {aka ‘long unsigned int’} [-Wsign-compare]
[6.556s]  1604 |         if(index > _cmd_jnt_pos_list.size()){
[6.556s]       |            ~~~~~~^~~~~~~~~~~~~~~~~~~~~~~~~~
[6.557s] /home/juchan-yoon/FR5_robot_control/robot_ws/src/vendor/frcobot_ros2/fairino_hardware_v3_9_7/src/command_server.cpp:1617:18: warning: comparison of integer expressions of different signedness: ‘int’ and ‘std::vector<DescPose>::size_type’ {aka ‘long unsigned int’} [-Wsign-compare]
[6.557s]  1617 |         if(index > _cmd_cart_pos_list.size()){
[6.557s]       |            ~~~~~~^~~~~~~~~~~~~~~~~~~~~~~~~~~
[6.560s] /home/juchan-yoon/FR5_robot_control/robot_ws/src/vendor/frcobot_ros2/fairino_hardware_v3_9_7/src/command_server.cpp: In member function ‘std::string robot_command_thread::MoveL(std::string)’:
[6.560s] /home/juchan-yoon/FR5_robot_control/robot_ws/src/vendor/frcobot_ros2/fairino_hardware_v3_9_7/src/command_server.cpp:1697:18: warning: comparison of integer expressions of different signedness: ‘int’ and ‘std::vector<JointPos>::size_type’ {aka ‘long unsigned int’} [-Wsign-compare]
[6.560s]  1697 |         if(index > _cmd_jnt_pos_list.size()){
[6.560s]       |            ~~~~~~^~~~~~~~~~~~~~~~~~~~~~~~~~
[6.560s] /home/juchan-yoon/FR5_robot_control/robot_ws/src/vendor/frcobot_ros2/fairino_hardware_v3_9_7/src/command_server.cpp:1708:18: warning: comparison of integer expressions of different signedness: ‘int’ and ‘std::vector<DescPose>::size_type’ {aka ‘long unsigned int’} [-Wsign-compare]
[6.560s]  1708 |         if(index > _cmd_cart_pos_list.size()){
[6.560s]       |            ~~~~~~^~~~~~~~~~~~~~~~~~~~~~~~~~~
[6.563s] /home/juchan-yoon/FR5_robot_control/robot_ws/src/vendor/frcobot_ros2/fairino_hardware_v3_9_7/src/command_server.cpp: In member function ‘std::string robot_command_thread::MoveC(std::string)’:
[6.563s] /home/juchan-yoon/FR5_robot_control/robot_ws/src/vendor/frcobot_ros2/fairino_hardware_v3_9_7/src/command_server.cpp:1793:18: warning: comparison of integer expressions of different signedness: ‘int’ and ‘std::vector<JointPos>::size_type’ {aka ‘long unsigned int’} [-Wsign-compare]
[6.563s]  1793 |         if(index > _cmd_jnt_pos_list.size() || index2 > _cmd_jnt_pos_list.size()){
[6.563s]       |            ~~~~~~^~~~~~~~~~~~~~~~~~~~~~~~~~
[6.563s] /home/juchan-yoon/FR5_robot_control/robot_ws/src/vendor/frcobot_ros2/fairino_hardware_v3_9_7/src/command_server.cpp:1793:55: warning: comparison of integer expressions of different signedness: ‘int’ and ‘std::vector<JointPos>::size_type’ {aka ‘long unsigned int’} [-Wsign-compare]
[6.563s]  1793 |         if(index > _cmd_jnt_pos_list.size() || index2 > _cmd_jnt_pos_list.size()){
[6.563s]       |                                                ~~~~~~~^~~~~~~~~~~~~~~~~~~~~~~~~~
[6.564s] /home/juchan-yoon/FR5_robot_control/robot_ws/src/vendor/frcobot_ros2/fairino_hardware_v3_9_7/src/command_server.cpp:1809:18: warning: comparison of integer expressions of different signedness: ‘int’ and ‘std::vector<DescPose>::size_type’ {aka ‘long unsigned int’} [-Wsign-compare]
[6.564s]  1809 |         if(index > _cmd_cart_pos_list.size() || index2 > _cmd_cart_pos_list.size()){
[6.564s]       |            ~~~~~~^~~~~~~~~~~~~~~~~~~~~~~~~~~
[6.564s] /home/juchan-yoon/FR5_robot_control/robot_ws/src/vendor/frcobot_ros2/fairino_hardware_v3_9_7/src/command_server.cpp:1809:56: warning: comparison of integer expressions of different signedness: ‘int’ and ‘std::vector<DescPose>::size_type’ {aka ‘long unsigned int’} [-Wsign-compare]
[6.564s]  1809 |         if(index > _cmd_cart_pos_list.size() || index2 > _cmd_cart_pos_list.size()){
[6.564s]       |                                                 ~~~~~~~^~~~~~~~~~~~~~~~~~~~~~~~~~~
[6.565s] /home/juchan-yoon/FR5_robot_control/robot_ws/src/vendor/frcobot_ros2/fairino_hardware_v3_9_7/src/command_server.cpp:1768:13: warning: unused variable ‘search’ [-Wunused-variable]
[6.565s]  1768 |     uint8_t search = this->get_parameter("MoveL_search").as_int();
[6.565s]       |             ^~~~~~
[6.566s] /home/juchan-yoon/FR5_robot_control/robot_ws/src/vendor/frcobot_ros2/fairino_hardware_v3_9_7/src/command_server.cpp: In member function ‘std::string robot_command_thread::Circle(std::string)’:
[6.566s] /home/juchan-yoon/FR5_robot_control/robot_ws/src/vendor/frcobot_ros2/fairino_hardware_v3_9_7/src/command_server.cpp:1871:54: warning: unused parameter ‘para’ [-Wunused-parameter]
[6.566s]  1871 | std::string robot_command_thread::Circle(std::string para){
[6.566s]       |                                          ~~~~~~~~~~~~^~~~
[6.567s] /home/juchan-yoon/FR5_robot_control/robot_ws/src/vendor/frcobot_ros2/fairino_hardware_v3_9_7/src/command_server.cpp: In member function ‘std::string robot_command_thread::SplinePTP(std::string)’:
[6.567s] /home/juchan-yoon/FR5_robot_control/robot_ws/src/vendor/frcobot_ros2/fairino_hardware_v3_9_7/src/command_server.cpp:1938:18: warning: comparison of integer expressions of different signedness: ‘int’ and ‘std::vector<JointPos>::size_type’ {aka ‘long unsigned int’} [-Wsign-compare]
[6.567s]  1938 |         if(index > _cmd_jnt_pos_list.size()){
[6.567s]       |            ~~~~~~^~~~~~~~~~~~~~~~~~~~~~~~~~
[6.569s] /home/juchan-yoon/FR5_robot_control/robot_ws/src/vendor/frcobot_ros2/fairino_hardware_v3_9_7/src/command_server.cpp: In member function ‘std::string robot_command_thread::NewSplinePoint(std::string)’:
[6.569s] /home/juchan-yoon/FR5_robot_control/robot_ws/src/vendor/frcobot_ros2/fairino_hardware_v3_9_7/src/command_server.cpp:2024:18: warning: comparison of integer expressions of different signedness: ‘int’ and ‘std::vector<DescPose>::size_type’ {aka ‘long unsigned int’} [-Wsign-compare]
[6.569s]  2024 |         if(index > _cmd_cart_pos_list.size()){
[6.569s]       |            ~~~~~~^~~~~~~~~~~~~~~~~~~~~~~~~~~
[6.570s] /home/juchan-yoon/FR5_robot_control/robot_ws/src/vendor/frcobot_ros2/fairino_hardware_v3_9_7/src/command_server.cpp: In member function ‘std::string robot_command_thread::PointsOffsetDisable(std::string)’:
[6.570s] /home/juchan-yoon/FR5_robot_control/robot_ws/src/vendor/frcobot_ros2/fairino_hardware_v3_9_7/src/command_server.cpp:2105:67: warning: unused parameter ‘para’ [-Wunused-parameter]
[6.570s]  2105 | std::string robot_command_thread::PointsOffsetDisable(std::string para){
[6.571s]       |                                                       ~~~~~~~~~~~~^~~~
[6.572s] /home/juchan-yoon/FR5_robot_control/robot_ws/src/vendor/frcobot_ros2/fairino_hardware_v3_9_7/src/command_server.cpp: In member function ‘std::string robot_command_thread::ScriptStart(std::string)’:
[6.572s] /home/juchan-yoon/FR5_robot_control/robot_ws/src/vendor/frcobot_ros2/fairino_hardware_v3_9_7/src/command_server.cpp:2290:59: warning: unused parameter ‘para’ [-Wunused-parameter]
[6.572s]  2290 | std::string robot_command_thread::ScriptStart(std::string para){
[6.572s]       |                                               ~~~~~~~~~~~~^~~~
[6.572s] /home/juchan-yoon/FR5_robot_control/robot_ws/src/vendor/frcobot_ros2/fairino_hardware_v3_9_7/src/command_server.cpp: In member function ‘std::string robot_command_thread::ScriptStop(std::string)’:
[6.572s] /home/juchan-yoon/FR5_robot_control/robot_ws/src/vendor/frcobot_ros2/fairino_hardware_v3_9_7/src/command_server.cpp:2299:58: warning: unused parameter ‘para’ [-Wunused-parameter]
[6.572s]  2299 | std::string robot_command_thread::ScriptStop(std::string para){
[6.572s]       |                                              ~~~~~~~~~~~~^~~~
[6.572s] /home/juchan-yoon/FR5_robot_control/robot_ws/src/vendor/frcobot_ros2/fairino_hardware_v3_9_7/src/command_server.cpp: In member function ‘std::string robot_command_thread::ScriptPause(std::string)’:
[6.572s] /home/juchan-yoon/FR5_robot_control/robot_ws/src/vendor/frcobot_ros2/fairino_hardware_v3_9_7/src/command_server.cpp:2309:59: warning: unused parameter ‘para’ [-Wunused-parameter]
[6.573s]  2309 | std::string robot_command_thread::ScriptPause(std::string para){
[6.573s]       |                                               ~~~~~~~~~~~~^~~~
[6.573s] /home/juchan-yoon/FR5_robot_control/robot_ws/src/vendor/frcobot_ros2/fairino_hardware_v3_9_7/src/command_server.cpp: In member function ‘std::string robot_command_thread::ScriptResume(std::string)’:
[6.573s] /home/juchan-yoon/FR5_robot_control/robot_ws/src/vendor/frcobot_ros2/fairino_hardware_v3_9_7/src/command_server.cpp:2319:60: warning: unused parameter ‘para’ [-Wunused-parameter]
[6.573s]  2319 | std::string robot_command_thread::ScriptResume(std::string para){
[6.573s]       |                                                ~~~~~~~~~~~~^~~~
[6.573s] /home/juchan-yoon/FR5_robot_control/robot_ws/src/vendor/frcobot_ros2/fairino_hardware_v3_9_7/src/command_server.cpp: In member function ‘std::string robot_command_thread::GetVersion(std::string)’:
[6.573s] /home/juchan-yoon/FR5_robot_control/robot_ws/src/vendor/frcobot_ros2/fairino_hardware_v3_9_7/src/command_server.cpp:2329:58: warning: unused parameter ‘para’ [-Wunused-parameter]
[6.573s]  2329 | std::string robot_command_thread::GetVersion(std::string para){
[6.573s]       |                                              ~~~~~~~~~~~~^~~~
[6.573s] /home/juchan-yoon/FR5_robot_control/robot_ws/src/vendor/frcobot_ros2/fairino_hardware_v3_9_7/src/command_server.cpp: In member function ‘std::string robot_command_thread::GetMsgVersion(std::string)’:
[6.574s] /home/juchan-yoon/FR5_robot_control/robot_ws/src/vendor/frcobot_ros2/fairino_hardware_v3_9_7/src/command_server.cpp:2340:61: warning: unused parameter ‘para’ [-Wunused-parameter]
[6.574s]  2340 | std::string robot_command_thread::GetMsgVersion(std::string para){
[6.574s]       |                                                 ~~~~~~~~~~~~^~~~
[6.574s] /home/juchan-yoon/FR5_robot_control/robot_ws/src/vendor/frcobot_ros2/fairino_hardware_v3_9_7/src/command_server.cpp: In member function ‘std::string robot_command_thread::GetRobotVersion(std::string)’:
[6.574s] /home/juchan-yoon/FR5_robot_control/robot_ws/src/vendor/frcobot_ros2/fairino_hardware_v3_9_7/src/command_server.cpp:2350:63: warning: unused parameter ‘para’ [-Wunused-parameter]
[6.574s]  2350 | std::string robot_command_thread::GetRobotVersion(std::string para){
[6.574s]       |                                                   ~~~~~~~~~~~~^~~~
[6.574s] /home/juchan-yoon/FR5_robot_control/robot_ws/src/vendor/frcobot_ros2/fairino_hardware_v3_9_7/src/command_server.cpp: In member function ‘std::string robot_command_thread::GetControllerVersion(std::string)’:
[6.574s] /home/juchan-yoon/FR5_robot_control/robot_ws/src/vendor/frcobot_ros2/fairino_hardware_v3_9_7/src/command_server.cpp:2361:68: warning: unused parameter ‘para’ [-Wunused-parameter]
[6.574s]  2361 | std::string robot_command_thread::GetControllerVersion(std::string para){
[6.574s]       |                                                        ~~~~~~~~~~~~^~~~
[6.574s] /home/juchan-yoon/FR5_robot_control/robot_ws/src/vendor/frcobot_ros2/fairino_hardware_v3_9_7/src/command_server.cpp: In member function ‘std::string robot_command_thread::GetDHCompensation(std::string)’:
[6.574s] /home/juchan-yoon/FR5_robot_control/robot_ws/src/vendor/frcobot_ros2/fairino_hardware_v3_9_7/src/command_server.cpp:2390:65: warning: unused parameter ‘para’ [-Wunused-parameter]
[6.574s]  2390 | std::string robot_command_thread::GetDHCompensation(std::string para){
[6.575s]       |                                                     ~~~~~~~~~~~~^~~~
[6.575s] /home/juchan-yoon/FR5_robot_control/robot_ws/src/vendor/frcobot_ros2/fairino_hardware_v3_9_7/src/command_server.cpp: In member function ‘std::string robot_command_thread::GetWeldingBreakOffState(std::string)’:
[6.575s] /home/juchan-yoon/FR5_robot_control/robot_ws/src/vendor/frcobot_ros2/fairino_hardware_v3_9_7/src/command_server.cpp:2416:1: warning: no return statement in function returning non-void [-Wreturn-type]
[6.575s]  2416 | }
[6.575s]       | ^
[6.575s] /home/juchan-yoon/FR5_robot_control/robot_ws/src/vendor/frcobot_ros2/fairino_hardware_v3_9_7/src/command_server.cpp:2407:71: warning: unused parameter ‘para’ [-Wunused-parameter]
[6.575s]  2407 | std::string robot_command_thread::GetWeldingBreakOffState(std::string para){
[6.575s]       |                                                           ~~~~~~~~~~~~^~~~
[6.575s] /home/juchan-yoon/FR5_robot_control/robot_ws/src/vendor/frcobot_ros2/fairino_hardware_v3_9_7/src/command_server.cpp: In member function ‘std::string robot_command_thread::GetErrorCode(std::string)’:
[6.575s] /home/juchan-yoon/FR5_robot_control/robot_ws/src/vendor/frcobot_ros2/fairino_hardware_v3_9_7/src/command_server.cpp:2423:60: warning: unused parameter ‘para’ [-Wunused-parameter]
[6.575s]  2423 | std::string robot_command_thread::GetErrorCode(std::string para){
[6.575s]       |                                                ~~~~~~~~~~~~^~~~
[6.576s] /home/juchan-yoon/FR5_robot_control/robot_ws/src/vendor/frcobot_ros2/fairino_hardware_v3_9_7/src/command_server.cpp: In member function ‘std::string robot_command_thread::TractorHoming(std::string)’:
[6.576s] /home/juchan-yoon/FR5_robot_control/robot_ws/src/vendor/frcobot_ros2/fairino_hardware_v3_9_7/src/command_server.cpp:2468:61: warning: unused parameter ‘para’ [-Wunused-parameter]
[6.576s]  2468 | std::string robot_command_thread::TractorHoming(std::string para){
[6.576s]       |                                                 ~~~~~~~~~~~~^~~~
[6.576s] /home/juchan-yoon/FR5_robot_control/robot_ws/src/vendor/frcobot_ros2/fairino_hardware_v3_9_7/src/command_server.cpp: In member function ‘std::string robot_command_thread::TractorStop(std::string)’:
[6.576s] /home/juchan-yoon/FR5_robot_control/robot_ws/src/vendor/frcobot_ros2/fairino_hardware_v3_9_7/src/command_server.cpp:2511:59: warning: unused parameter ‘para’ [-Wunused-parameter]
[6.576s]  2511 | std::string robot_command_thread::TractorStop(std::string para){
[6.576s]       |                                               ~~~~~~~~~~~~^~~~
[6.576s] /home/juchan-yoon/FR5_robot_control/robot_ws/src/vendor/frcobot_ros2/fairino_hardware_v3_9_7/src/command_server.cpp: In member function ‘std::string robot_command_thread::MoveTrajectoryJ(std::string)’:
[6.576s] /home/juchan-yoon/FR5_robot_control/robot_ws/src/vendor/frcobot_ros2/fairino_hardware_v3_9_7/src/command_server.cpp:2560:63: warning: unused parameter ‘para’ [-Wunused-parameter]
[6.576s]  2560 | std::string robot_command_thread::MoveTrajectoryJ(std::string para){
[6.576s]       |                                                   ~~~~~~~~~~~~^~~~
[6.576s] /home/juchan-yoon/FR5_robot_control/robot_ws/src/vendor/frcobot_ros2/fairino_hardware_v3_9_7/src/command_server.cpp: In member function ‘std::string robot_command_thread::GetTrajectoryPointNum(std::string)’:
[6.576s] /home/juchan-yoon/FR5_robot_control/robot_ws/src/vendor/frcobot_ros2/fairino_hardware_v3_9_7/src/command_server.cpp:2596:69: warning: unused parameter ‘para’ [-Wunused-parameter]
[6.576s]  2596 | std::string robot_command_thread::GetTrajectoryPointNum(std::string para){
[6.577s]       |                                                         ~~~~~~~~~~~~^~~~
[6.578s] /home/juchan-yoon/FR5_robot_control/robot_ws/src/vendor/frcobot_ros2/fairino_hardware_v3_9_7/src/command_server.cpp: In member function ‘std::string robot_command_thread::GetLuaList(std::string)’:
[6.578s] /home/juchan-yoon/FR5_robot_control/robot_ws/src/vendor/frcobot_ros2/fairino_hardware_v3_9_7/src/command_server.cpp:2672:58: warning: unused parameter ‘para’ [-Wunused-parameter]
[6.578s]  2672 | std::string robot_command_thread::GetLuaList(std::string para){
[6.578s]       |                                              ~~~~~~~~~~~~^~~~
[6.579s] /home/juchan-yoon/FR5_robot_control/robot_ws/src/vendor/frcobot_ros2/fairino_hardware_v3_9_7/src/command_server.cpp: In member function ‘std::string robot_command_thread::WeldingGetCheckArcInterruptionParam(std::string)’:
[6.579s] /home/juchan-yoon/FR5_robot_control/robot_ws/src/vendor/frcobot_ros2/fairino_hardware_v3_9_7/src/command_server.cpp:2778:83: warning: unused parameter ‘para’ [-Wunused-parameter]
[6.580s]  2778 | std::string robot_command_thread::WeldingGetCheckArcInterruptionParam(std::string para){
[6.580s]       |                                                                       ~~~~~~~~~~~~^~~~
[6.580s] /home/juchan-yoon/FR5_robot_control/robot_ws/src/vendor/frcobot_ros2/fairino_hardware_v3_9_7/src/command_server.cpp: In member function ‘std::string robot_command_thread::WeldingGetReWeldAfterBreakOffParam(std::string)’:
[6.580s] /home/juchan-yoon/FR5_robot_control/robot_ws/src/vendor/frcobot_ros2/fairino_hardware_v3_9_7/src/command_server.cpp:2810:82: warning: unused parameter ‘para’ [-Wunused-parameter]
[6.580s]  2810 | std::string robot_command_thread::WeldingGetReWeldAfterBreakOffParam(std::string para){
[6.580s]       |                                                                      ~~~~~~~~~~~~^~~~
[6.580s] /home/juchan-yoon/FR5_robot_control/robot_ws/src/vendor/frcobot_ros2/fairino_hardware_v3_9_7/src/command_server.cpp: In member function ‘std::string robot_command_thread::WeldingStartReWeldAfterBreakOff(std::string)’:
[6.580s] /home/juchan-yoon/FR5_robot_control/robot_ws/src/vendor/frcobot_ros2/fairino_hardware_v3_9_7/src/command_server.cpp:2824:79: warning: unused parameter ‘para’ [-Wunused-parameter]
[6.580s]  2824 | std::string robot_command_thread::WeldingStartReWeldAfterBreakOff(std::string para){
[6.580s]       |                                                                   ~~~~~~~~~~~~^~~~
[6.580s] /home/juchan-yoon/FR5_robot_control/robot_ws/src/vendor/frcobot_ros2/fairino_hardware_v3_9_7/src/command_server.cpp: In member function ‘std::string robot_command_thread::WeldingAbortWeldAfterBreakOff(std::string)’:
[6.580s] /home/juchan-yoon/FR5_robot_control/robot_ws/src/vendor/frcobot_ros2/fairino_hardware_v3_9_7/src/command_server.cpp:2833:77: warning: unused parameter ‘para’ [-Wunused-parameter]
[6.580s]  2833 | std::string robot_command_thread::WeldingAbortWeldAfterBreakOff(std::string para){
[6.581s]       |                                                                 ~~~~~~~~~~~~^~~~
[6.581s] /home/juchan-yoon/FR5_robot_control/robot_ws/src/vendor/frcobot_ros2/fairino_hardware_v3_9_7/src/command_server.cpp: In member function ‘std::string robot_command_thread::GetDIConfig(std::string)’:
[6.581s] /home/juchan-yoon/FR5_robot_control/robot_ws/src/vendor/frcobot_ros2/fairino_hardware_v3_9_7/src/command_server.cpp:2919:59: warning: unused parameter ‘para’ [-Wunused-parameter]
[6.581s]  2919 | std::string robot_command_thread::GetDIConfig(std::string para){
[6.581s]       |                                               ~~~~~~~~~~~~^~~~
[6.582s] /home/juchan-yoon/FR5_robot_control/robot_ws/src/vendor/frcobot_ros2/fairino_hardware_v3_9_7/src/command_server.cpp: In member function ‘std::string robot_command_thread::GetDOConfig(std::string)’:
[6.582s] /home/juchan-yoon/FR5_robot_control/robot_ws/src/vendor/frcobot_ros2/fairino_hardware_v3_9_7/src/command_server.cpp:2975:59: warning: unused parameter ‘para’ [-Wunused-parameter]
[6.582s]  2975 | std::string robot_command_thread::GetDOConfig(std::string para){
[6.582s]       |                                               ~~~~~~~~~~~~^~~~
[6.582s] /home/juchan-yoon/FR5_robot_control/robot_ws/src/vendor/frcobot_ros2/fairino_hardware_v3_9_7/src/command_server.cpp: In member function ‘std::string robot_command_thread::GetToolDIConfig(std::string)’:
[6.582s] /home/juchan-yoon/FR5_robot_control/robot_ws/src/vendor/frcobot_ros2/fairino_hardware_v3_9_7/src/command_server.cpp:3022:63: warning: unused parameter ‘para’ [-Wunused-parameter]
[6.582s]  3022 | std::string robot_command_thread::GetToolDIConfig(std::string para){
[6.582s]       |                                                   ~~~~~~~~~~~~^~~~
[6.582s] /home/juchan-yoon/FR5_robot_control/robot_ws/src/vendor/frcobot_ros2/fairino_hardware_v3_9_7/src/command_server.cpp: In member function ‘std::string robot_command_thread::GetDIConfigLevel(std::string)’:
[6.582s] /home/juchan-yoon/FR5_robot_control/robot_ws/src/vendor/frcobot_ros2/fairino_hardware_v3_9_7/src/command_server.cpp:3056:64: warning: unused parameter ‘para’ [-Wunused-parameter]
[6.582s]  3056 | std::string robot_command_thread::GetDIConfigLevel(std::string para){
[6.583s]       |                                                    ~~~~~~~~~~~~^~~~
[6.583s] /home/juchan-yoon/FR5_robot_control/robot_ws/src/vendor/frcobot_ros2/fairino_hardware_v3_9_7/src/command_server.cpp: In member function ‘std::string robot_command_thread::GetToolDIConfigLevel(std::string)’:
[6.583s] /home/juchan-yoon/FR5_robot_control/robot_ws/src/vendor/frcobot_ros2/fairino_hardware_v3_9_7/src/command_server.cpp:3129:68: warning: unused parameter ‘para’ [-Wunused-parameter]
[6.583s]  3129 | std::string robot_command_thread::GetToolDIConfigLevel(std::string para){
[6.583s]       |                                                        ~~~~~~~~~~~~^~~~
[6.584s] /home/juchan-yoon/FR5_robot_control/robot_ws/src/vendor/frcobot_ros2/fairino_hardware_v3_9_7/src/command_server.cpp: In member function ‘std::string robot_command_thread::GetStandardDILevel(std::string)’:
[6.584s] /home/juchan-yoon/FR5_robot_control/robot_ws/src/vendor/frcobot_ros2/fairino_hardware_v3_9_7/src/command_server.cpp:3161:66: warning: unused parameter ‘para’ [-Wunused-parameter]
[6.584s]  3161 | std::string robot_command_thread::GetStandardDILevel(std::string para){
[6.584s]       |                                                      ~~~~~~~~~~~~^~~~
[6.584s] /home/juchan-yoon/FR5_robot_control/robot_ws/src/vendor/frcobot_ros2/fairino_hardware_v3_9_7/src/command_server.cpp: In member function ‘std::string robot_command_thread::GetStandardDOLevel(std::string)’:
[6.584s] /home/juchan-yoon/FR5_robot_control/robot_ws/src/vendor/frcobot_ros2/fairino_hardware_v3_9_7/src/command_server.cpp:3197:66: warning: unused parameter ‘para’ [-Wunused-parameter]
[6.584s]  3197 | std::string robot_command_thread::GetStandardDOLevel(std::string para){
[6.584s]       |                                                      ~~~~~~~~~~~~^~~~
[6.587s] /home/juchan-yoon/FR5_robot_control/robot_ws/src/vendor/frcobot_ros2/fairino_hardware_v3_9_7/src/command_server.cpp: In member function ‘std::string robot_command_thread::ExtDevGetUDPComParam(std::string)’:
[6.587s] /home/juchan-yoon/FR5_robot_control/robot_ws/src/vendor/frcobot_ros2/fairino_hardware_v3_9_7/src/command_server.cpp:3254:68: warning: unused parameter ‘para’ [-Wunused-parameter]
[6.587s]  3254 | std::string robot_command_thread::ExtDevGetUDPComParam(std::string para){
[6.587s]       |                                                        ~~~~~~~~~~~~^~~~
[6.590s] /home/juchan-yoon/FR5_robot_control/robot_ws/src/vendor/frcobot_ros2/fairino_hardware_v3_9_7/src/CNDE_thread.cpp: In constructor ‘CNDE_recv_thread::CNDE_recv_thread(std::string)’:
[6.590s] /home/juchan-yoon/FR5_robot_control/robot_ws/src/vendor/frcobot_ros2/fairino_hardware_v3_9_7/src/CNDE_thread.cpp:71:18: warning: ignoring return value of ‘int ftruncate(int, __off_t)’ declared with attribute ‘warn_unused_result’ [-Wunused-result]
[6.590s]    71 |         ftruncate(_shm_fd,SHM_SHARED_DATA_SIZE);//预留10000byte空间容量
[6.590s]       |         ~~~~~~~~~^~~~~~~~~~~~~~~~~~~~~~~~~~~~~~
[6.591s] /home/juchan-yoon/FR5_robot_control/robot_ws/src/vendor/frcobot_ros2/fairino_hardware_v3_9_7/src/command_server.cpp: In member function ‘std::string robot_command_thread::WeldingGetCurrentRelation(std::string)’:
[6.592s] /home/juchan-yoon/FR5_robot_control/robot_ws/src/vendor/frcobot_ros2/fairino_hardware_v3_9_7/src/command_server.cpp:3816:73: warning: unused parameter ‘para’ [-Wunused-parameter]
[6.592s]  3816 | std::string robot_command_thread::WeldingGetCurrentRelation(std::string para){
[6.592s]       |                                                             ~~~~~~~~~~~~^~~~
[6.592s] /home/juchan-yoon/FR5_robot_control/robot_ws/src/vendor/frcobot_ros2/fairino_hardware_v3_9_7/src/command_server.cpp: In member function ‘std::string robot_command_thread::WeldingGetVoltageRelation(std::string)’:
[6.592s] /home/juchan-yoon/FR5_robot_control/robot_ws/src/vendor/frcobot_ros2/fairino_hardware_v3_9_7/src/command_server.cpp:3838:73: warning: unused parameter ‘para’ [-Wunused-parameter]
[6.592s]  3838 | std::string robot_command_thread::WeldingGetVoltageRelation(std::string para){
[6.592s]       |                                                             ~~~~~~~~~~~~^~~~
[6.592s] /home/juchan-yoon/FR5_robot_control/robot_ws/src/vendor/frcobot_ros2/fairino_hardware_v3_9_7/src/command_server.cpp: In member function ‘std::string robot_command_thread::GetExDevProtocol(std::string)’:
[6.592s] /home/juchan-yoon/FR5_robot_control/robot_ws/src/vendor/frcobot_ros2/fairino_hardware_v3_9_7/src/command_server.cpp:3856:64: warning: unused parameter ‘para’ [-Wunused-parameter]
[6.592s]  3856 | std::string robot_command_thread::GetExDevProtocol(std::string para){
[6.592s]       |                                                    ~~~~~~~~~~~~^~~~
[6.592s] /home/juchan-yoon/FR5_robot_control/robot_ws/src/vendor/frcobot_ros2/fairino_hardware_v3_9_7/src/command_server.cpp: In member function ‘std::string robot_command_thread::AuxServoGetAcc(std::string)’:
[6.592s] /home/juchan-yoon/FR5_robot_control/robot_ws/src/vendor/frcobot_ros2/fairino_hardware_v3_9_7/src/command_server.cpp:3896:62: warning: unused parameter ‘para’ [-Wunused-parameter]
[6.593s]  3896 | std::string robot_command_thread::AuxServoGetAcc(std::string para){
[6.593s]       |                                                  ~~~~~~~~~~~~^~~~
[6.593s] /home/juchan-yoon/FR5_robot_control/robot_ws/src/vendor/frcobot_ros2/fairino_hardware_v3_9_7/src/command_server.cpp: In member function ‘std::string robot_command_thread::AuxServoGetEmergencyStopAcc(std::string)’:
[6.593s] /home/juchan-yoon/FR5_robot_control/robot_ws/src/vendor/frcobot_ros2/fairino_hardware_v3_9_7/src/command_server.cpp:3911:75: warning: unused parameter ‘para’ [-Wunused-parameter]
[6.593s]  3911 | std::string robot_command_thread::AuxServoGetEmergencyStopAcc(std::string para){
[6.593s]       |                                                               ~~~~~~~~~~~~^~~~
[6.593s] /home/juchan-yoon/FR5_robot_control/robot_ws/src/vendor/frcobot_ros2/fairino_hardware_v3_9_7/src/command_server.cpp: In member function ‘std::string robot_command_thread::ExtDevUDPClientComReset(std::string)’:
[6.593s] /home/juchan-yoon/FR5_robot_control/robot_ws/src/vendor/frcobot_ros2/fairino_hardware_v3_9_7/src/command_server.cpp:3942:71: warning: unused parameter ‘para’ [-Wunused-parameter]
[6.593s]  3942 | std::string robot_command_thread::ExtDevUDPClientComReset(std::string para){
[6.593s]       |                                                           ~~~~~~~~~~~~^~~~
[6.593s] /home/juchan-yoon/FR5_robot_control/robot_ws/src/vendor/frcobot_ros2/fairino_hardware_v3_9_7/src/command_server.cpp: In member function ‘std::string robot_command_thread::ExtDevUDPClientComClose(std::string)’:
[6.593s] /home/juchan-yoon/FR5_robot_control/robot_ws/src/vendor/frcobot_ros2/fairino_hardware_v3_9_7/src/command_server.cpp:3952:71: warning: unused parameter ‘para’ [-Wunused-parameter]
[6.593s]  3952 | std::string robot_command_thread::ExtDevUDPClientComClose(std::string para){
[6.593s]       |                                                           ~~~~~~~~~~~~^~~~
[6.594s] /home/juchan-yoon/FR5_robot_control/robot_ws/src/vendor/frcobot_ros2/fairino_hardware_v3_9_7/src/command_server.cpp: In member function ‘std::string robot_command_thread::GetCtrlOpenLUAName(std::string)’:
[6.594s] /home/juchan-yoon/FR5_robot_control/robot_ws/src/vendor/frcobot_ros2/fairino_hardware_v3_9_7/src/command_server.cpp:3962:66: warning: unused parameter ‘para’ [-Wunused-parameter]
[6.594s]  3962 | std::string robot_command_thread::GetCtrlOpenLUAName(std::string para){
[6.594s]       |                                                      ~~~~~~~~~~~~^~~~
[6.594s] /home/juchan-yoon/FR5_robot_control/robot_ws/src/vendor/frcobot_ros2/fairino_hardware_v3_9_7/src/command_server.cpp: In member function ‘std::string robot_command_thread::AllOpenLuaDelete(std::string)’:
[6.594s] /home/juchan-yoon/FR5_robot_control/robot_ws/src/vendor/frcobot_ros2/fairino_hardware_v3_9_7/src/command_server.cpp:3990:64: warning: unused parameter ‘para’ [-Wunused-parameter]
[6.594s]  3990 | std::string robot_command_thread::AllOpenLuaDelete(std::string para){
[6.594s]       |                                                    ~~~~~~~~~~~~^~~~
[6.594s] /home/juchan-yoon/FR5_robot_control/robot_ws/src/vendor/frcobot_ros2/fairino_hardware_v3_9_7/src/command_server.cpp: In member function ‘std::string robot_command_thread::GetSDKVersion(std::string)’:
[6.594s] /home/juchan-yoon/FR5_robot_control/robot_ws/src/vendor/frcobot_ros2/fairino_hardware_v3_9_7/src/command_server.cpp:4015:61: warning: unused parameter ‘para’ [-Wunused-parameter]
[6.594s]  4015 | std::string robot_command_thread::GetSDKVersion(std::string para){
[6.594s]       |                                                 ~~~~~~~~~~~~^~~~
[6.594s] /home/juchan-yoon/FR5_robot_control/robot_ws/src/vendor/frcobot_ros2/fairino_hardware_v3_9_7/src/command_server.cpp: In member function ‘std::string robot_command_thread::GetControllerIP(std::string)’:
[6.594s] /home/juchan-yoon/FR5_robot_control/robot_ws/src/vendor/frcobot_ros2/fairino_hardware_v3_9_7/src/command_server.cpp:4026:63: warning: unused parameter ‘para’ [-Wunused-parameter]
[6.594s]  4026 | std::string robot_command_thread::GetControllerIP(std::string para){
[6.594s]       |                                                   ~~~~~~~~~~~~^~~~
[6.595s] /home/juchan-yoon/FR5_robot_control/robot_ws/src/vendor/frcobot_ros2/fairino_hardware_v3_9_7/src/command_server.cpp: In member function ‘std::string robot_command_thread::IsInDragTeach(std::string)’:
[6.595s] /home/juchan-yoon/FR5_robot_control/robot_ws/src/vendor/frcobot_ros2/fairino_hardware_v3_9_7/src/command_server.cpp:4037:61: warning: unused parameter ‘para’ [-Wunused-parameter]
[6.595s]  4037 | std::string robot_command_thread::IsInDragTeach(std::string para){
[6.595s]       |                                                 ~~~~~~~~~~~~^~~~
[6.598s] /home/juchan-yoon/FR5_robot_control/robot_ws/src/vendor/frcobot_ros2/fairino_hardware_v3_9_7/src/command_server.cpp: In member function ‘std::string robot_command_thread::PauseMotion(std::string)’:
[6.599s] /home/juchan-yoon/FR5_robot_control/robot_ws/src/vendor/frcobot_ros2/fairino_hardware_v3_9_7/src/command_server.cpp:4342:59: warning: unused parameter ‘para’ [-Wunused-parameter]
[6.599s]  4342 | std::string robot_command_thread::PauseMotion(std::string para){
[6.599s]       |                                               ~~~~~~~~~~~~^~~~
[6.599s] /home/juchan-yoon/FR5_robot_control/robot_ws/src/vendor/frcobot_ros2/fairino_hardware_v3_9_7/src/command_server.cpp: In member function ‘std::string robot_command_thread::ResumeMotion(std::string)’:
[6.599s] /home/juchan-yoon/FR5_robot_control/robot_ws/src/vendor/frcobot_ros2/fairino_hardware_v3_9_7/src/command_server.cpp:4351:60: warning: unused parameter ‘para’ [-Wunused-parameter]
[6.599s]  4351 | std::string robot_command_thread::ResumeMotion(std::string para){
[6.599s]       |                                                ~~~~~~~~~~~~^~~~
[6.599s] /home/juchan-yoon/FR5_robot_control/robot_ws/src/vendor/frcobot_ros2/fairino_hardware_v3_9_7/src/command_server.cpp: In member function ‘std::string robot_command_thread::GetAxlePointRecordBtnState(std::string)’:
[6.599s] /home/juchan-yoon/FR5_robot_control/robot_ws/src/vendor/frcobot_ros2/fairino_hardware_v3_9_7/src/command_server.cpp:4361:74: warning: unused parameter ‘para’ [-Wunused-parameter]
[6.599s]  4361 | std::string robot_command_thread::GetAxlePointRecordBtnState(std::string para){
[6.599s]       |                                                              ~~~~~~~~~~~~^~~~
[6.599s] /home/juchan-yoon/FR5_robot_control/robot_ws/src/vendor/frcobot_ros2/fairino_hardware_v3_9_7/src/command_server.cpp: In member function ‘std::string robot_command_thread::GetToolDO(std::string)’:
[6.599s] /home/juchan-yoon/FR5_robot_control/robot_ws/src/vendor/frcobot_ros2/fairino_hardware_v3_9_7/src/command_server.cpp:4373:57: warning: unused parameter ‘para’ [-Wunused-parameter]
[6.599s]  4373 | std::string robot_command_thread::GetToolDO(std::string para){
[6.599s]       |                                             ~~~~~~~~~~~~^~~~
[6.600s] /home/juchan-yoon/FR5_robot_control/robot_ws/src/vendor/frcobot_ros2/fairino_hardware_v3_9_7/src/command_server.cpp: In member function ‘std::string robot_command_thread::GetDO(std::string)’:
[6.600s] /home/juchan-yoon/FR5_robot_control/robot_ws/src/vendor/frcobot_ros2/fairino_hardware_v3_9_7/src/command_server.cpp:4386:53: warning: unused parameter ‘para’ [-Wunused-parameter]
[6.600s]  4386 | std::string robot_command_thread::GetDO(std::string para){
[6.600s]       |                                         ~~~~~~~~~~~~^~~~
[6.600s] /home/juchan-yoon/FR5_robot_control/robot_ws/src/vendor/frcobot_ros2/fairino_hardware_v3_9_7/src/command_server.cpp: In member function ‘std::string robot_command_thread::ComputeExTCF(std::string)’:
[6.600s] /home/juchan-yoon/FR5_robot_control/robot_ws/src/vendor/frcobot_ros2/fairino_hardware_v3_9_7/src/command_server.cpp:4477:60: warning: unused parameter ‘para’ [-Wunused-parameter]
[6.600s]  4477 | std::string robot_command_thread::ComputeExTCF(std::string para){
[6.600s]       |                                                ~~~~~~~~~~~~^~~~
[6.601s] /home/juchan-yoon/FR5_robot_control/robot_ws/src/vendor/frcobot_ros2/fairino_hardware_v3_9_7/src/command_server.cpp: In member function ‘std::string robot_command_thread::GetRobotInstallAngle(std::string)’:
[6.601s] /home/juchan-yoon/FR5_robot_control/robot_ws/src/vendor/frcobot_ros2/fairino_hardware_v3_9_7/src/command_server.cpp:4566:68: warning: unused parameter ‘para’ [-Wunused-parameter]
[6.601s]  4566 | std::string robot_command_thread::GetRobotInstallAngle(std::string para){
[6.602s]       |                                                        ~~~~~~~~~~~~^~~~
[6.610s] /home/juchan-yoon/FR5_robot_control/robot_ws/src/vendor/frcobot_ros2/fairino_hardware_v3_9_7/src/command_server.cpp: In member function ‘std::string robot_command_thread::GetSystemClock(std::string)’:
[6.610s] /home/juchan-yoon/FR5_robot_control/robot_ws/src/vendor/frcobot_ros2/fairino_hardware_v3_9_7/src/command_server.cpp:5021:62: warning: unused parameter ‘para’ [-Wunused-parameter]
[6.610s]  5021 | std::string robot_command_thread::GetSystemClock(std::string para){
[6.610s]       |                                                  ~~~~~~~~~~~~^~~~
[6.610s] /home/juchan-yoon/FR5_robot_control/robot_ws/src/vendor/frcobot_ros2/fairino_hardware_v3_9_7/src/command_server.cpp: In member function ‘std::string robot_command_thread::GetRobotCurJointsConfig(std::string)’:
[6.610s] /home/juchan-yoon/FR5_robot_control/robot_ws/src/vendor/frcobot_ros2/fairino_hardware_v3_9_7/src/command_server.cpp:5032:71: warning: unused parameter ‘para’ [-Wunused-parameter]
[6.610s]  5032 | std::string robot_command_thread::GetRobotCurJointsConfig(std::string para){
[6.610s]       |                                                           ~~~~~~~~~~~~^~~~
[6.610s] /home/juchan-yoon/FR5_robot_control/robot_ws/src/vendor/frcobot_ros2/fairino_hardware_v3_9_7/src/command_server.cpp: In member function ‘std::string robot_command_thread::GetDefaultTransVel(std::string)’:
[6.611s] /home/juchan-yoon/FR5_robot_control/robot_ws/src/vendor/frcobot_ros2/fairino_hardware_v3_9_7/src/command_server.cpp:5043:66: warning: unused parameter ‘para’ [-Wunused-parameter]
[6.611s]  5043 | std::string robot_command_thread::GetDefaultTransVel(std::string para){
[6.611s]       |                                                      ~~~~~~~~~~~~^~~~
[6.611s] /home/juchan-yoon/FR5_robot_control/robot_ws/src/vendor/frcobot_ros2/fairino_hardware_v3_9_7/src/command_server.cpp: In member function ‘std::string robot_command_thread::GetRobotMotionDone(std::string)’:
[6.611s] /home/juchan-yoon/FR5_robot_control/robot_ws/src/vendor/frcobot_ros2/fairino_hardware_v3_9_7/src/command_server.cpp:5054:66: warning: unused parameter ‘para’ [-Wunused-parameter]
[6.611s]  5054 | std::string robot_command_thread::GetRobotMotionDone(std::string para){
[6.611s]       |                                                      ~~~~~~~~~~~~^~~~
[6.611s] /home/juchan-yoon/FR5_robot_control/robot_ws/src/vendor/frcobot_ros2/fairino_hardware_v3_9_7/src/command_server.cpp: In member function ‘std::string robot_command_thread::GetRobotErrorCode(std::string)’:
[6.611s] /home/juchan-yoon/FR5_robot_control/robot_ws/src/vendor/frcobot_ros2/fairino_hardware_v3_9_7/src/command_server.cpp:5066:65: warning: unused parameter ‘para’ [-Wunused-parameter]
[6.611s]  5066 | std::string robot_command_thread::GetRobotErrorCode(std::string para){
[6.611s]       |                                                     ~~~~~~~~~~~~^~~~
[6.611s] /home/juchan-yoon/FR5_robot_control/robot_ws/src/vendor/frcobot_ros2/fairino_hardware_v3_9_7/src/command_server.cpp: In member function ‘std::string robot_command_thread::GetMotionQueueLength(std::string)’:
[6.611s] /home/juchan-yoon/FR5_robot_control/robot_ws/src/vendor/frcobot_ros2/fairino_hardware_v3_9_7/src/command_server.cpp:5106:68: warning: unused parameter ‘para’ [-Wunused-parameter]
[6.611s]  5106 | std::string robot_command_thread::GetMotionQueueLength(std::string para){
[6.612s]       |                                                        ~~~~~~~~~~~~^~~~
[6.612s] /home/juchan-yoon/FR5_robot_control/robot_ws/src/vendor/frcobot_ros2/fairino_hardware_v3_9_7/src/command_server.cpp: In member function ‘std::string robot_command_thread::SetTPDParam(std::string)’:
[6.612s] /home/juchan-yoon/FR5_robot_control/robot_ws/src/vendor/frcobot_ros2/fairino_hardware_v3_9_7/src/command_server.cpp:5132:11: warning: unused variable ‘data’ [-Wunused-variable]
[6.612s]  5132 |     float data[20];
[6.612s]       |           ^~~~
[6.612s] /home/juchan-yoon/FR5_robot_control/robot_ws/src/vendor/frcobot_ros2/fairino_hardware_v3_9_7/src/command_server.cpp: In member function ‘std::string robot_command_thread::SetTPDStart(std::string)’:
[6.612s] /home/juchan-yoon/FR5_robot_control/robot_ws/src/vendor/frcobot_ros2/fairino_hardware_v3_9_7/src/command_server.cpp:5157:11: warning: unused variable ‘data’ [-Wunused-variable]
[6.612s]  5157 |     float data[20];
[6.612s]       |           ^~~~
[6.612s] /home/juchan-yoon/FR5_robot_control/robot_ws/src/vendor/frcobot_ros2/fairino_hardware_v3_9_7/src/command_server.cpp: In member function ‘std::string robot_command_thread::SetWebTPDStop(std::string)’:
[6.612s] /home/juchan-yoon/FR5_robot_control/robot_ws/src/vendor/frcobot_ros2/fairino_hardware_v3_9_7/src/command_server.cpp:5166:61: warning: unused parameter ‘para’ [-Wunused-parameter]
[6.612s]  5166 | std::string robot_command_thread::SetWebTPDStop(std::string para){
[6.612s]       |                                                 ~~~~~~~~~~~~^~~~
[6.614s] /home/juchan-yoon/FR5_robot_control/robot_ws/src/vendor/frcobot_ros2/fairino_hardware_v3_9_7/src/command_server.cpp: In member function ‘std::string robot_command_thread::GetCurrentLine(std::string)’:
[6.614s] /home/juchan-yoon/FR5_robot_control/robot_ws/src/vendor/frcobot_ros2/fairino_hardware_v3_9_7/src/command_server.cpp:5402:62: warning: unused parameter ‘para’ [-Wunused-parameter]
[6.614s]  5402 | std::string robot_command_thread::GetCurrentLine(std::string para){
[6.614s]       |                                                  ~~~~~~~~~~~~^~~~
[6.615s] /home/juchan-yoon/FR5_robot_control/robot_ws/src/vendor/frcobot_ros2/fairino_hardware_v3_9_7/src/command_server.cpp: In member function ‘std::string robot_command_thread::ProgramRun(std::string)’:
[6.615s] /home/juchan-yoon/FR5_robot_control/robot_ws/src/vendor/frcobot_ros2/fairino_hardware_v3_9_7/src/command_server.cpp:5412:58: warning: unused parameter ‘para’ [-Wunused-parameter]
[6.615s]  5412 | std::string robot_command_thread::ProgramRun(std::string para){
[6.615s]       |                                              ~~~~~~~~~~~~^~~~
[6.615s] /home/juchan-yoon/FR5_robot_control/robot_ws/src/vendor/frcobot_ros2/fairino_hardware_v3_9_7/src/command_server.cpp: In member function ‘std::string robot_command_thread::ProgramPause(std::string)’:
[6.615s] /home/juchan-yoon/FR5_robot_control/robot_ws/src/vendor/frcobot_ros2/fairino_hardware_v3_9_7/src/command_server.cpp:5421:60: warning: unused parameter ‘para’ [-Wunused-parameter]
[6.615s]  5421 | std::string robot_command_thread::ProgramPause(std::string para){
[6.615s]       |                                                ~~~~~~~~~~~~^~~~
[6.615s] /home/juchan-yoon/FR5_robot_control/robot_ws/src/vendor/frcobot_ros2/fairino_hardware_v3_9_7/src/command_server.cpp: In member function ‘std::string robot_command_thread::ProgramResume(std::string)’:
[6.615s] /home/juchan-yoon/FR5_robot_control/robot_ws/src/vendor/frcobot_ros2/fairino_hardware_v3_9_7/src/command_server.cpp:5430:61: warning: unused parameter ‘para’ [-Wunused-parameter]
[6.615s]  5430 | std::string robot_command_thread::ProgramResume(std::string para){
[6.615s]       |                                                 ~~~~~~~~~~~~^~~~
[6.615s] /home/juchan-yoon/FR5_robot_control/robot_ws/src/vendor/frcobot_ros2/fairino_hardware_v3_9_7/src/command_server.cpp: In member function ‘std::string robot_command_thread::ProgramStop(std::string)’:
[6.615s] /home/juchan-yoon/FR5_robot_control/robot_ws/src/vendor/frcobot_ros2/fairino_hardware_v3_9_7/src/command_server.cpp:5439:59: warning: unused parameter ‘para’ [-Wunused-parameter]
[6.615s]  5439 | std::string robot_command_thread::ProgramStop(std::string para){
[6.615s]       |                                               ~~~~~~~~~~~~^~~~
[6.615s] /home/juchan-yoon/FR5_robot_control/robot_ws/src/vendor/frcobot_ros2/fairino_hardware_v3_9_7/src/command_server.cpp: In member function ‘std::string robot_command_thread::GetProgramState(std::string)’:
[6.615s] /home/juchan-yoon/FR5_robot_control/robot_ws/src/vendor/frcobot_ros2/fairino_hardware_v3_9_7/src/command_server.cpp:5449:63: warning: unused parameter ‘para’ [-Wunused-parameter]
[6.615s]  5449 | std::string robot_command_thread::GetProgramState(std::string para){
[6.616s]       |                                                   ~~~~~~~~~~~~^~~~
[6.616s] /home/juchan-yoon/FR5_robot_control/robot_ws/src/vendor/frcobot_ros2/fairino_hardware_v3_9_7/src/command_server.cpp: In member function ‘std::string robot_command_thread::GetGripperConfig(std::string)’:
[6.616s] /home/juchan-yoon/FR5_robot_control/robot_ws/src/vendor/frcobot_ros2/fairino_hardware_v3_9_7/src/command_server.cpp:5485:64: warning: unused parameter ‘para’ [-Wunused-parameter]
[6.616s]  5485 | std::string robot_command_thread::GetGripperConfig(std::string para){
[6.616s]       |                                                    ~~~~~~~~~~~~^~~~
[6.616s] /home/juchan-yoon/FR5_robot_control/robot_ws/src/vendor/frcobot_ros2/fairino_hardware_v3_9_7/src/command_server.cpp: In member function ‘std::string robot_command_thread::GetGripperMotionDone(std::string)’:
[6.616s] /home/juchan-yoon/FR5_robot_control/robot_ws/src/vendor/frcobot_ros2/fairino_hardware_v3_9_7/src/command_server.cpp:5503:68: warning: unused parameter ‘para’ [-Wunused-parameter]
[6.616s]  5503 | std::string robot_command_thread::GetGripperMotionDone(std::string para){
[6.616s]       |                                                        ~~~~~~~~~~~~^~~~
[6.616s] /home/juchan-yoon/FR5_robot_control/robot_ws/src/vendor/frcobot_ros2/fairino_hardware_v3_9_7/src/command_server.cpp: In member function ‘std::string robot_command_thread::GetGripperActivateStatus(std::string)’:
[6.616s] /home/juchan-yoon/FR5_robot_control/robot_ws/src/vendor/frcobot_ros2/fairino_hardware_v3_9_7/src/command_server.cpp:5518:72: warning: unused parameter ‘para’ [-Wunused-parameter]
[6.616s]  5518 | std::string robot_command_thread::GetGripperActivateStatus(std::string para){
[6.616s]       |                                                            ~~~~~~~~~~~~^~~~
[6.616s] /home/juchan-yoon/FR5_robot_control/robot_ws/src/vendor/frcobot_ros2/fairino_hardware_v3_9_7/src/command_server.cpp: In member function ‘std::string robot_command_thread::GetGripperCurPosition(std::string)’:
[6.616s] /home/juchan-yoon/FR5_robot_control/robot_ws/src/vendor/frcobot_ros2/fairino_hardware_v3_9_7/src/command_server.cpp:5533:69: warning: unused parameter ‘para’ [-Wunused-parameter]
[6.617s]  5533 | std::string robot_command_thread::GetGripperCurPosition(std::string para){
[6.617s]       |                                                         ~~~~~~~~~~~~^~~~
[6.617s] /home/juchan-yoon/FR5_robot_control/robot_ws/src/vendor/frcobot_ros2/fairino_hardware_v3_9_7/src/command_server.cpp: In member function ‘std::string robot_command_thread::GetGripperCurSpeed(std::string)’:
[6.617s] /home/juchan-yoon/FR5_robot_control/robot_ws/src/vendor/frcobot_ros2/fairino_hardware_v3_9_7/src/command_server.cpp:5548:66: warning: unused parameter ‘para’ [-Wunused-parameter]
[6.617s]  5548 | std::string robot_command_thread::GetGripperCurSpeed(std::string para){
[6.617s]       |                                                      ~~~~~~~~~~~~^~~~
[6.617s] /home/juchan-yoon/FR5_robot_control/robot_ws/src/vendor/frcobot_ros2/fairino_hardware_v3_9_7/src/command_server.cpp: In member function ‘std::string robot_command_thread::GetGripperCurCurrent(std::string)’:
[6.617s] /home/juchan-yoon/FR5_robot_control/robot_ws/src/vendor/frcobot_ros2/fairino_hardware_v3_9_7/src/command_server.cpp:5563:68: warning: unused parameter ‘para’ [-Wunused-parameter]
[6.617s]  5563 | std::string robot_command_thread::GetGripperCurCurrent(std::string para){
[6.617s]       |                                                        ~~~~~~~~~~~~^~~~
[6.617s] /home/juchan-yoon/FR5_robot_control/robot_ws/src/vendor/frcobot_ros2/fairino_hardware_v3_9_7/src/command_server.cpp: In member function ‘std::string robot_command_thread::GetGripperVoltage(std::string)’:
[6.617s] /home/juchan-yoon/FR5_robot_control/robot_ws/src/vendor/frcobot_ros2/fairino_hardware_v3_9_7/src/command_server.cpp:5578:65: warning: unused parameter ‘para’ [-Wunused-parameter]
[6.617s]  5578 | std::string robot_command_thread::GetGripperVoltage(std::string para){
[6.617s]       |                                                     ~~~~~~~~~~~~^~~~
[6.617s] /home/juchan-yoon/FR5_robot_control/robot_ws/src/vendor/frcobot_ros2/fairino_hardware_v3_9_7/src/command_server.cpp: In member function ‘std::string robot_command_thread::GetGripperTemp(std::string)’:
[6.617s] /home/juchan-yoon/FR5_robot_control/robot_ws/src/vendor/frcobot_ros2/fairino_hardware_v3_9_7/src/command_server.cpp:5593:62: warning: unused parameter ‘para’ [-Wunused-parameter]
[6.617s]  5593 | std::string robot_command_thread::GetGripperTemp(std::string para){
[6.617s]       |                                                  ~~~~~~~~~~~~^~~~
[6.617s] /home/juchan-yoon/FR5_robot_control/robot_ws/src/vendor/frcobot_ros2/fairino_hardware_v3_9_7/src/command_server.cpp: In member function ‘std::string robot_command_thread::GetGripperRotNum(std::string)’:
[6.618s] /home/juchan-yoon/FR5_robot_control/robot_ws/src/vendor/frcobot_ros2/fairino_hardware_v3_9_7/src/command_server.cpp:5608:64: warning: unused parameter ‘para’ [-Wunused-parameter]
[6.618s]  5608 | std::string robot_command_thread::GetGripperRotNum(std::string para){
[6.618s]       |                                                    ~~~~~~~~~~~~^~~~
[6.618s] /home/juchan-yoon/FR5_robot_control/robot_ws/src/vendor/frcobot_ros2/fairino_hardware_v3_9_7/src/command_server.cpp: In member function ‘std::string robot_command_thread::GetGripperRotSpeed(std::string)’:
[6.618s] /home/juchan-yoon/FR5_robot_control/robot_ws/src/vendor/frcobot_ros2/fairino_hardware_v3_9_7/src/command_server.cpp:5623:66: warning: unused parameter ‘para’ [-Wunused-parameter]
[6.618s]  5623 | std::string robot_command_thread::GetGripperRotSpeed(std::string para){
[6.618s]       |                                                      ~~~~~~~~~~~~^~~~
[6.618s] /home/juchan-yoon/FR5_robot_control/robot_ws/src/vendor/frcobot_ros2/fairino_hardware_v3_9_7/src/command_server.cpp: In member function ‘std::string robot_command_thread::GetGripperRotTorque(std::string)’:
[6.618s] /home/juchan-yoon/FR5_robot_control/robot_ws/src/vendor/frcobot_ros2/fairino_hardware_v3_9_7/src/command_server.cpp:5638:67: warning: unused parameter ‘para’ [-Wunused-parameter]
[6.618s]  5638 | std::string robot_command_thread::GetGripperRotTorque(std::string para){
[6.618s]       |                                                       ~~~~~~~~~~~~^~~~
[6.618s] /home/juchan-yoon/FR5_robot_control/robot_ws/src/vendor/frcobot_ros2/fairino_hardware_v3_9_7/src/command_server.cpp: In member function ‘std::string robot_command_thread::FT_GetConfig(std::string)’:
[6.618s] /home/juchan-yoon/FR5_robot_control/robot_ws/src/vendor/frcobot_ros2/fairino_hardware_v3_9_7/src/command_server.cpp:5728:60: warning: unused parameter ‘para’ [-Wunused-parameter]
[6.618s]  5728 | std::string robot_command_thread::FT_GetConfig(std::string para){
[6.618s]       |                                                ~~~~~~~~~~~~^~~~
[6.619s] /home/juchan-yoon/FR5_robot_control/robot_ws/src/vendor/frcobot_ros2/fairino_hardware_v3_9_7/src/command_server.cpp: In member function ‘std::string robot_command_thread::FT_PdIdenCompute(std::string)’:
[6.619s] /home/juchan-yoon/FR5_robot_control/robot_ws/src/vendor/frcobot_ros2/fairino_hardware_v3_9_7/src/command_server.cpp:5808:64: warning: unused parameter ‘para’ [-Wunused-parameter]
[6.619s]  5808 | std::string robot_command_thread::FT_PdIdenCompute(std::string para){
[6.619s]       |                                                    ~~~~~~~~~~~~^~~~
[6.619s] /home/juchan-yoon/FR5_robot_control/robot_ws/src/vendor/frcobot_ros2/fairino_hardware_v3_9_7/src/command_server.cpp: In member function ‘std::string robot_command_thread::FT_PdCogIdenCompute(std::string)’:
[6.619s] /home/juchan-yoon/FR5_robot_control/robot_ws/src/vendor/frcobot_ros2/fairino_hardware_v3_9_7/src/command_server.cpp:5837:67: warning: unused parameter ‘para’ [-Wunused-parameter]
[6.619s]  5837 | std::string robot_command_thread::FT_PdCogIdenCompute(std::string para){
[6.619s]       |                                                       ~~~~~~~~~~~~^~~~
[6.624s] /home/juchan-yoon/FR5_robot_control/robot_ws/src/vendor/frcobot_ros2/fairino_hardware_v3_9_7/src/command_server.cpp: In member function ‘std::string robot_command_thread::FT_CalCenterStart(std::string)’:
[6.624s] /home/juchan-yoon/FR5_robot_control/robot_ws/src/vendor/frcobot_ros2/fairino_hardware_v3_9_7/src/command_server.cpp:6163:65: warning: unused parameter ‘para’ [-Wunused-parameter]
[6.624s]  6163 | std::string robot_command_thread::FT_CalCenterStart(std::string para){
[6.624s]       |                                                     ~~~~~~~~~~~~^~~~
[6.625s] /home/juchan-yoon/FR5_robot_control/robot_ws/src/vendor/frcobot_ros2/fairino_hardware_v3_9_7/src/command_server.cpp: In member function ‘std::string robot_command_thread::FT_CalCenterEnd(std::string)’:
[6.625s] /home/juchan-yoon/FR5_robot_control/robot_ws/src/vendor/frcobot_ros2/fairino_hardware_v3_9_7/src/command_server.cpp:6173:63: warning: unused parameter ‘para’ [-Wunused-parameter]
[6.625s]  6173 | std::string robot_command_thread::FT_CalCenterEnd(std::string para){
[6.625s]       |                                                   ~~~~~~~~~~~~^~~~
[6.625s] /home/juchan-yoon/FR5_robot_control/robot_ws/src/vendor/frcobot_ros2/fairino_hardware_v3_9_7/src/command_server.cpp: In member function ‘std::string robot_command_thread::FT_ComplianceStop(std::string)’:
[6.625s] /home/juchan-yoon/FR5_robot_control/robot_ws/src/vendor/frcobot_ros2/fairino_hardware_v3_9_7/src/command_server.cpp:6204:65: warning: unused parameter ‘para’ [-Wunused-parameter]
[6.625s]  6204 | std::string robot_command_thread::FT_ComplianceStop(std::string para){
[6.625s]       |                                                     ~~~~~~~~~~~~^~~~
[6.625s] /home/juchan-yoon/FR5_robot_control/robot_ws/src/vendor/frcobot_ros2/fairino_hardware_v3_9_7/src/command_server.cpp: In member function ‘std::string robot_command_thread::LoadIdentifyDynFilterInit(std::string)’:
[6.625s] /home/juchan-yoon/FR5_robot_control/robot_ws/src/vendor/frcobot_ros2/fairino_hardware_v3_9_7/src/command_server.cpp:6213:73: warning: unused parameter ‘para’ [-Wunused-parameter]
[6.625s]  6213 | std::string robot_command_thread::LoadIdentifyDynFilterInit(std::string para){
[6.625s]       |                                                             ~~~~~~~~~~~~^~~~
[6.625s] /home/juchan-yoon/FR5_robot_control/robot_ws/src/vendor/frcobot_ros2/fairino_hardware_v3_9_7/src/command_server.cpp: In member function ‘std::string robot_command_thread::LoadIdentifyDynVarInit(std::string)’:
[6.625s] /home/juchan-yoon/FR5_robot_control/robot_ws/src/vendor/frcobot_ros2/fairino_hardware_v3_9_7/src/command_server.cpp:6222:70: warning: unused parameter ‘para’ [-Wunused-parameter]
[6.625s]  6222 | std::string robot_command_thread::LoadIdentifyDynVarInit(std::string para){
[6.625s]       |                                                          ~~~~~~~~~~~~^~~~
[6.626s] /home/juchan-yoon/FR5_robot_control/robot_ws/src/vendor/frcobot_ros2/fairino_hardware_v3_9_7/src/command_server.cpp: In member function ‘std::string robot_command_thread::ConveyorPointIORecord(std::string)’:
[6.626s] /home/juchan-yoon/FR5_robot_control/robot_ws/src/vendor/frcobot_ros2/fairino_hardware_v3_9_7/src/command_server.cpp:6301:69: warning: unused parameter ‘para’ [-Wunused-parameter]
[6.626s]  6301 | std::string robot_command_thread::ConveyorPointIORecord(std::string para){
[6.626s]       |                                                         ~~~~~~~~~~~~^~~~
[6.626s] /home/juchan-yoon/FR5_robot_control/robot_ws/src/vendor/frcobot_ros2/fairino_hardware_v3_9_7/src/command_server.cpp: In member function ‘std::string robot_command_thread::ConveyorPointARecord(std::string)’:
[6.626s] /home/juchan-yoon/FR5_robot_control/robot_ws/src/vendor/frcobot_ros2/fairino_hardware_v3_9_7/src/command_server.cpp:6310:68: warning: unused parameter ‘para’ [-Wunused-parameter]
[6.626s]  6310 | std::string robot_command_thread::ConveyorPointARecord(std::string para){
[6.626s]       |                                                        ~~~~~~~~~~~~^~~~
[6.626s] /home/juchan-yoon/FR5_robot_control/robot_ws/src/vendor/frcobot_ros2/fairino_hardware_v3_9_7/src/command_server.cpp: In member function ‘std::string robot_command_thread::ConveyorRefPointRecord(std::string)’:
[6.627s] /home/juchan-yoon/FR5_robot_control/robot_ws/src/vendor/frcobot_ros2/fairino_hardware_v3_9_7/src/command_server.cpp:6319:70: warning: unused parameter ‘para’ [-Wunused-parameter]
[6.627s]  6319 | std::string robot_command_thread::ConveyorRefPointRecord(std::string para){
[6.627s]       |                                                          ~~~~~~~~~~~~^~~~
[6.627s] /home/juchan-yoon/FR5_robot_control/robot_ws/src/vendor/frcobot_ros2/fairino_hardware_v3_9_7/src/command_server.cpp: In member function ‘std::string robot_command_thread::ConveyorPointBRecord(std::string)’:
[6.627s] /home/juchan-yoon/FR5_robot_control/robot_ws/src/vendor/frcobot_ros2/fairino_hardware_v3_9_7/src/command_server.cpp:6328:68: warning: unused parameter ‘para’ [-Wunused-parameter]
[6.627s]  6328 | std::string robot_command_thread::ConveyorPointBRecord(std::string para){
[6.627s]       |                                                        ~~~~~~~~~~~~^~~~
[6.627s] /home/juchan-yoon/FR5_robot_control/robot_ws/src/vendor/frcobot_ros2/fairino_hardware_v3_9_7/src/command_server.cpp: In member function ‘std::string robot_command_thread::ConveyorTrackEnd(std::string)’:
[6.627s] /home/juchan-yoon/FR5_robot_control/robot_ws/src/vendor/frcobot_ros2/fairino_hardware_v3_9_7/src/command_server.cpp:6382:64: warning: unused parameter ‘para’ [-Wunused-parameter]
[6.627s]  6382 | std::string robot_command_thread::ConveyorTrackEnd(std::string para){
[6.627s]       |                                                    ~~~~~~~~~~~~^~~~
[6.628s] /home/juchan-yoon/FR5_robot_control/robot_ws/src/vendor/frcobot_ros2/fairino_hardware_v3_9_7/src/command_server.cpp: In member function ‘std::string robot_command_thread::GetSSHKeygen(std::string)’:
[6.628s] /home/juchan-yoon/FR5_robot_control/robot_ws/src/vendor/frcobot_ros2/fairino_hardware_v3_9_7/src/command_server.cpp:6466:60: warning: unused parameter ‘para’ [-Wunused-parameter]
[6.628s]  6466 | std::string robot_command_thread::GetSSHKeygen(std::string para){
[6.628s]       |                                                ~~~~~~~~~~~~^~~~
[6.628s] /home/juchan-yoon/FR5_robot_control/robot_ws/src/vendor/frcobot_ros2/fairino_hardware_v3_9_7/src/command_server.cpp: In member function ‘std::string robot_command_thread::GetRobotEmergencyStopState(std::string)’:
[6.628s] /home/juchan-yoon/FR5_robot_control/robot_ws/src/vendor/frcobot_ros2/fairino_hardware_v3_9_7/src/command_server.cpp:6523:74: warning: unused parameter ‘para’ [-Wunused-parameter]
[6.628s]  6523 | std::string robot_command_thread::GetRobotEmergencyStopState(std::string para){
[6.629s]       |                                                              ~~~~~~~~~~~~^~~~
[6.629s] /home/juchan-yoon/FR5_robot_control/robot_ws/src/vendor/frcobot_ros2/fairino_hardware_v3_9_7/src/command_server.cpp: In member function ‘std::string robot_command_thread::GetSDKComState(std::string)’:
[6.629s] /home/juchan-yoon/FR5_robot_control/robot_ws/src/vendor/frcobot_ros2/fairino_hardware_v3_9_7/src/command_server.cpp:6535:62: warning: unused parameter ‘para’ [-Wunused-parameter]
[6.629s]  6535 | std::string robot_command_thread::GetSDKComState(std::string para){
[6.629s]       |                                                  ~~~~~~~~~~~~^~~~
[6.629s] /home/juchan-yoon/FR5_robot_control/robot_ws/src/vendor/frcobot_ros2/fairino_hardware_v3_9_7/src/command_server.cpp: In member function ‘std::string robot_command_thread::GetSafetyStopState(std::string)’:
[6.629s] /home/juchan-yoon/FR5_robot_control/robot_ws/src/vendor/frcobot_ros2/fairino_hardware_v3_9_7/src/command_server.cpp:6548:66: warning: unused parameter ‘para’ [-Wunused-parameter]
[6.629s]  6548 | std::string robot_command_thread::GetSafetyStopState(std::string para){
[6.629s]       |                                                      ~~~~~~~~~~~~^~~~
[6.629s] /home/juchan-yoon/FR5_robot_control/robot_ws/src/vendor/frcobot_ros2/fairino_hardware_v3_9_7/src/command_server.cpp: In member function ‘std::string robot_command_thread::GetHardwareVersion(std::string)’:
[6.630s] /home/juchan-yoon/FR5_robot_control/robot_ws/src/vendor/frcobot_ros2/fairino_hardware_v3_9_7/src/command_server.cpp:6569:66: warning: unused parameter ‘para’ [-Wunused-parameter]
[6.630s]  6569 | std::string robot_command_thread::GetHardwareVersion(std::string para){
[6.630s]       |                                                      ~~~~~~~~~~~~^~~~
[6.630s] /home/juchan-yoon/FR5_robot_control/robot_ws/src/vendor/frcobot_ros2/fairino_hardware_v3_9_7/src/command_server.cpp: In member function ‘std::string robot_command_thread::GetFirmwareVersion(std::string)’:
[6.630s] /home/juchan-yoon/FR5_robot_control/robot_ws/src/vendor/frcobot_ros2/fairino_hardware_v3_9_7/src/command_server.cpp:6599:66: warning: unused parameter ‘para’ [-Wunused-parameter]
[6.630s]  6599 | std::string robot_command_thread::GetFirmwareVersion(std::string para){
[6.630s]       |                                                      ~~~~~~~~~~~~^~~~
[6.633s] /home/juchan-yoon/FR5_robot_control/robot_ws/src/vendor/frcobot_ros2/fairino_hardware_v3_9_7/src/command_server.cpp: In member function ‘std::string robot_command_thread::MoveAOStop(std::string)’:
[6.633s] /home/juchan-yoon/FR5_robot_control/robot_ws/src/vendor/frcobot_ros2/fairino_hardware_v3_9_7/src/command_server.cpp:6955:58: warning: unused parameter ‘para’ [-Wunused-parameter]
[6.634s]  6955 | std::string robot_command_thread::MoveAOStop(std::string para){
[6.634s]       |                                              ~~~~~~~~~~~~^~~~
[6.634s] /home/juchan-yoon/FR5_robot_control/robot_ws/src/vendor/frcobot_ros2/fairino_hardware_v3_9_7/src/command_server.cpp: In member function ‘std::string robot_command_thread::MoveToolAOStop(std::string)’:
[6.634s] /home/juchan-yoon/FR5_robot_control/robot_ws/src/vendor/frcobot_ros2/fairino_hardware_v3_9_7/src/command_server.cpp:6985:62: warning: unused parameter ‘para’ [-Wunused-parameter]
[6.634s]  6985 | std::string robot_command_thread::MoveToolAOStop(std::string para){
[6.634s]       |                                                  ~~~~~~~~~~~~^~~~
[6.634s] /home/juchan-yoon/FR5_robot_control/robot_ws/src/vendor/frcobot_ros2/fairino_hardware_v3_9_7/src/command_server.cpp: In member function ‘std::string robot_command_thread::ExtDevUnloadUDPDriver(std::string)’:
[6.634s] /home/juchan-yoon/FR5_robot_control/robot_ws/src/vendor/frcobot_ros2/fairino_hardware_v3_9_7/src/command_server.cpp:6994:69: warning: unused parameter ‘para’ [-Wunused-parameter]
[6.634s]  6994 | std::string robot_command_thread::ExtDevUnloadUDPDriver(std::string para){
[6.634s]       |                                                         ~~~~~~~~~~~~^~~~
[6.635s] /home/juchan-yoon/FR5_robot_control/robot_ws/src/vendor/frcobot_ros2/fairino_hardware_v3_9_7/src/command_server.cpp: In member function ‘std::string robot_command_thread::PositionorComputeECoordSys(std::string)’:
[6.635s] /home/juchan-yoon/FR5_robot_control/robot_ws/src/vendor/frcobot_ros2/fairino_hardware_v3_9_7/src/command_server.cpp:7154:74: warning: unused parameter ‘para’ [-Wunused-parameter]
[6.635s]  7154 | std::string robot_command_thread::PositionorComputeECoordSys(std::string para){
[6.635s]       |                                                              ~~~~~~~~~~~~^~~~
[6.639s] /home/juchan-yoon/FR5_robot_control/robot_ws/src/vendor/frcobot_ros2/fairino_hardware_v3_9_7/src/command_server.cpp: In member function ‘std::string robot_command_thread::GetForceAndTorqueDragState(std::string)’:
[6.640s] /home/juchan-yoon/FR5_robot_control/robot_ws/src/vendor/frcobot_ros2/fairino_hardware_v3_9_7/src/command_server.cpp:7491:74: warning: unused parameter ‘para’ [-Wunused-parameter]
[6.640s]  7491 | std::string robot_command_thread::GetForceAndTorqueDragState(std::string para){
[6.640s]       |                                                              ~~~~~~~~~~~~^~~~
[6.640s] /home/juchan-yoon/FR5_robot_control/robot_ws/src/vendor/frcobot_ros2/fairino_hardware_v3_9_7/src/command_server.cpp: In member function ‘std::string robot_command_thread::GetForceSensorPayload(std::string)’:
[6.640s] /home/juchan-yoon/FR5_robot_control/robot_ws/src/vendor/frcobot_ros2/fairino_hardware_v3_9_7/src/command_server.cpp:7539:69: warning: unused parameter ‘para’ [-Wunused-parameter]
[6.640s]  7539 | std::string robot_command_thread::GetForceSensorPayload(std::string para){
[6.640s]       |                                                         ~~~~~~~~~~~~^~~~
[6.640s] /home/juchan-yoon/FR5_robot_control/robot_ws/src/vendor/frcobot_ros2/fairino_hardware_v3_9_7/src/command_server.cpp: In member function ‘std::string robot_command_thread::GetForceSensorPayloadCog(std::string)’:
[6.640s] /home/juchan-yoon/FR5_robot_control/robot_ws/src/vendor/frcobot_ros2/fairino_hardware_v3_9_7/src/command_server.cpp:7551:72: warning: unused parameter ‘para’ [-Wunused-parameter]
[6.640s]  7551 | std::string robot_command_thread::GetForceSensorPayloadCog(std::string para){
[6.640s]       |                                                            ~~~~~~~~~~~~^~~~
[6.640s] /home/juchan-yoon/FR5_robot_control/robot_ws/src/vendor/frcobot_ros2/fairino_hardware_v3_9_7/src/command_server.cpp: In member function ‘std::string robot_command_thread::ForceSensorAutoComputeLoad(std::string)’:
[6.640s] /home/juchan-yoon/FR5_robot_control/robot_ws/src/vendor/frcobot_ros2/fairino_hardware_v3_9_7/src/command_server.cpp:7567:74: warning: unused parameter ‘para’ [-Wunused-parameter]
[6.640s]  7567 | std::string robot_command_thread::ForceSensorAutoComputeLoad(std::string para){
[6.640s]       |                                                              ~~~~~~~~~~~~^~~~
[6.641s] /home/juchan-yoon/FR5_robot_control/robot_ws/src/vendor/frcobot_ros2/fairino_hardware_v3_9_7/src/command_server.cpp: In member function ‘std::string robot_command_thread::ForceSensorComputeLoad(std::string)’:
[6.641s] /home/juchan-yoon/FR5_robot_control/robot_ws/src/vendor/frcobot_ros2/fairino_hardware_v3_9_7/src/command_server.cpp:7598:70: warning: unused parameter ‘para’ [-Wunused-parameter]
[6.641s]  7598 | std::string robot_command_thread::ForceSensorComputeLoad(std::string para){
[6.641s]       |                                                          ~~~~~~~~~~~~^~~~
[6.643s] /home/juchan-yoon/FR5_robot_control/robot_ws/src/vendor/frcobot_ros2/fairino_hardware_v3_9_7/src/command_server.cpp: In member function ‘std::string robot_command_thread::AxleSensorConfigGet(std::string)’:
[6.643s] /home/juchan-yoon/FR5_robot_control/robot_ws/src/vendor/frcobot_ros2/fairino_hardware_v3_9_7/src/command_server.cpp:7739:67: warning: unused parameter ‘para’ [-Wunused-parameter]
[6.643s]  7739 | std::string robot_command_thread::AxleSensorConfigGet(std::string para){
[6.643s]       |                                                       ~~~~~~~~~~~~^~~~
[6.645s] /home/juchan-yoon/FR5_robot_control/robot_ws/src/vendor/frcobot_ros2/fairino_hardware_v3_9_7/src/command_server.cpp: In member function ‘std::string robot_command_thread::GetRobotRealtimeStateSamplePeriod(std::string)’:
[6.645s] /home/juchan-yoon/FR5_robot_control/robot_ws/src/vendor/frcobot_ros2/fairino_hardware_v3_9_7/src/command_server.cpp:8056:81: warning: unused parameter ‘para’ [-Wunused-parameter]
[6.645s]  8056 | std::string robot_command_thread::GetRobotRealtimeStateSamplePeriod(std::string para){
[6.645s]       |                                                                     ~~~~~~~~~~~~^~~~
[6.646s] /home/juchan-yoon/FR5_robot_control/robot_ws/src/vendor/frcobot_ros2/fairino_hardware_v3_9_7/src/command_server.cpp: In member function ‘std::string robot_command_thread::GetJointDriverTemperature(std::string)’:
[6.646s] /home/juchan-yoon/FR5_robot_control/robot_ws/src/vendor/frcobot_ros2/fairino_hardware_v3_9_7/src/command_server.cpp:8067:73: warning: unused parameter ‘para’ [-Wunused-parameter]
[6.646s]  8067 | std::string robot_command_thread::GetJointDriverTemperature(std::string para){
[6.646s]       |                                                             ~~~~~~~~~~~~^~~~
[6.646s] /home/juchan-yoon/FR5_robot_control/robot_ws/src/vendor/frcobot_ros2/fairino_hardware_v3_9_7/src/command_server.cpp: In member function ‘std::string robot_command_thread::GetJointDriverTorque(std::string)’:
[6.646s] /home/juchan-yoon/FR5_robot_control/robot_ws/src/vendor/frcobot_ros2/fairino_hardware_v3_9_7/src/command_server.cpp:8081:68: warning: unused parameter ‘para’ [-Wunused-parameter]
[6.646s]  8081 | std::string robot_command_thread::GetJointDriverTorque(std::string para){
[6.646s]       |                                                        ~~~~~~~~~~~~^~~~
[6.646s] /home/juchan-yoon/FR5_robot_control/robot_ws/src/vendor/frcobot_ros2/fairino_hardware_v3_9_7/src/command_server.cpp: In member function ‘std::string robot_command_thread::ArcWeldTraceReplayStart(std::string)’:
[6.646s] /home/juchan-yoon/FR5_robot_control/robot_ws/src/vendor/frcobot_ros2/fairino_hardware_v3_9_7/src/command_server.cpp:8095:71: warning: unused parameter ‘para’ [-Wunused-parameter]
[6.646s]  8095 | std::string robot_command_thread::ArcWeldTraceReplayStart(std::string para){
[6.646s]       |                                                           ~~~~~~~~~~~~^~~~
[6.646s] /home/juchan-yoon/FR5_robot_control/robot_ws/src/vendor/frcobot_ros2/fairino_hardware_v3_9_7/src/command_server.cpp: In member function ‘std::string robot_command_thread::ArcWeldTraceReplayEnd(std::string)’:
[6.646s] /home/juchan-yoon/FR5_robot_control/robot_ws/src/vendor/frcobot_ros2/fairino_hardware_v3_9_7/src/command_server.cpp:8105:69: warning: unused parameter ‘para’ [-Wunused-parameter]
[6.646s]  8105 | std::string robot_command_thread::ArcWeldTraceReplayEnd(std::string para){
[6.646s]       |                                                         ~~~~~~~~~~~~^~~~
[6.647s] /home/juchan-yoon/FR5_robot_control/robot_ws/src/vendor/frcobot_ros2/fairino_hardware_v3_9_7/src/command_server.cpp: In member function ‘std::string robot_command_thread::AngularSpeedEnd(std::string)’:
[6.647s] /home/juchan-yoon/FR5_robot_control/robot_ws/src/vendor/frcobot_ros2/fairino_hardware_v3_9_7/src/command_server.cpp:8170:63: warning: unused parameter ‘para’ [-Wunused-parameter]
[6.647s]  8170 | std::string robot_command_thread::AngularSpeedEnd(std::string para){
[6.647s]       |                                                   ~~~~~~~~~~~~^~~~
[6.647s] /home/juchan-yoon/FR5_robot_control/robot_ws/src/vendor/frcobot_ros2/fairino_hardware_v3_9_7/src/command_server.cpp: In member function ‘std::string robot_command_thread::GetSoftwareUpgradeState(std::string)’:
[6.647s] /home/juchan-yoon/FR5_robot_control/robot_ws/src/vendor/frcobot_ros2/fairino_hardware_v3_9_7/src/command_server.cpp:8196:71: warning: unused parameter ‘para’ [-Wunused-parameter]
[6.647s]  8196 | std::string robot_command_thread::GetSoftwareUpgradeState(std::string para){
[6.647s]       |                                                           ~~~~~~~~~~~~^~~~
[6.648s] /home/juchan-yoon/FR5_robot_control/robot_ws/src/vendor/frcobot_ros2/fairino_hardware_v3_9_7/src/command_server.cpp: In member function ‘std::string robot_command_thread::GetAxleCommunicationParam(std::string)’:
[6.648s] /home/juchan-yoon/FR5_robot_control/robot_ws/src/vendor/frcobot_ros2/fairino_hardware_v3_9_7/src/command_server.cpp:8208:73: warning: unused parameter ‘para’ [-Wunused-parameter]
[6.648s]  8208 | std::string robot_command_thread::GetAxleCommunicationParam(std::string para){
[6.648s]       |                                                             ~~~~~~~~~~~~^~~~
[6.648s] /home/juchan-yoon/FR5_robot_control/robot_ws/src/vendor/frcobot_ros2/fairino_hardware_v3_9_7/src/command_server.cpp: In member function ‘std::string robot_command_thread::GetAxleLuaEnableStatus(std::string)’:
[6.649s] /home/juchan-yoon/FR5_robot_control/robot_ws/src/vendor/frcobot_ros2/fairino_hardware_v3_9_7/src/command_server.cpp:8290:70: warning: unused parameter ‘para’ [-Wunused-parameter]
[6.649s]  8290 | std::string robot_command_thread::GetAxleLuaEnableStatus(std::string para){
[6.649s]       |                                                          ~~~~~~~~~~~~^~~~
[6.649s] /home/juchan-yoon/FR5_robot_control/robot_ws/src/vendor/frcobot_ros2/fairino_hardware_v3_9_7/src/command_server.cpp: In member function ‘std::string robot_command_thread::GetAxleLuaEnableDeviceType(std::string)’:
[6.649s] /home/juchan-yoon/FR5_robot_control/robot_ws/src/vendor/frcobot_ros2/fairino_hardware_v3_9_7/src/command_server.cpp:8326:74: warning: unused parameter ‘para’ [-Wunused-parameter]
[6.649s]  8326 | std::string robot_command_thread::GetAxleLuaEnableDeviceType(std::string para){
[6.649s]       |                                                              ~~~~~~~~~~~~^~~~
[6.650s] /home/juchan-yoon/FR5_robot_control/robot_ws/src/vendor/frcobot_ros2/fairino_hardware_v3_9_7/src/command_server.cpp: In member function ‘std::string robot_command_thread::GetAxleLuaEnableDevice(std::string)’:
[6.650s] /home/juchan-yoon/FR5_robot_control/robot_ws/src/vendor/frcobot_ros2/fairino_hardware_v3_9_7/src/command_server.cpp:8346:70: warning: unused parameter ‘para’ [-Wunused-parameter]
[6.650s]  8346 | std::string robot_command_thread::GetAxleLuaEnableDevice(std::string para){
[6.650s]       |                                                          ~~~~~~~~~~~~^~~~
[6.652s] /home/juchan-yoon/FR5_robot_control/robot_ws/src/vendor/frcobot_ros2/fairino_hardware_v3_9_7/src/command_server.cpp: In member function ‘std::string robot_command_thread::SetAxleLuaGripperFunc(std::string)’:
[6.652s] /home/juchan-yoon/FR5_robot_control/robot_ws/src/vendor/frcobot_ros2/fairino_hardware_v3_9_7/src/command_server.cpp:8380:9: warning: ISO C++ forbids variable length array ‘func’ [-Wvla]
[6.652s]  8380 |     int func[len];
[6.652s]       |         ^~~~
[6.653s] /home/juchan-yoon/FR5_robot_control/robot_ws/src/vendor/frcobot_ros2/fairino_hardware_v3_9_7/src/command_server.cpp: In member function ‘std::string robot_command_thread::SetSysServoBootMode(std::string)’:
[6.653s] /home/juchan-yoon/FR5_robot_control/robot_ws/src/vendor/frcobot_ros2/fairino_hardware_v3_9_7/src/command_server.cpp:8468:67: warning: unused parameter ‘para’ [-Wunused-parameter]
[6.653s]  8468 | std::string robot_command_thread::SetSysServoBootMode(std::string para){
[6.653s]       |                                                       ~~~~~~~~~~~~^~~~
[6.654s] /home/juchan-yoon/FR5_robot_control/robot_ws/src/vendor/frcobot_ros2/fairino_hardware_v3_9_7/src/command_server.cpp: In member function ‘std::string robot_command_thread::SingularAvoidEnd(std::string)’:
[6.654s] /home/juchan-yoon/FR5_robot_control/robot_ws/src/vendor/frcobot_ros2/fairino_hardware_v3_9_7/src/command_server.cpp:8529:64: warning: unused parameter ‘para’ [-Wunused-parameter]
[6.654s]  8529 | std::string robot_command_thread::SingularAvoidEnd(std::string para){
[6.654s]       |                                                    ~~~~~~~~~~~~^~~~
[6.654s] /home/juchan-yoon/FR5_robot_control/robot_ws/src/vendor/frcobot_ros2/fairino_hardware_v3_9_7/src/command_server.cpp: In member function ‘std::string robot_command_thread::PtpFIRPlanningEnd(std::string)’:
[6.654s] /home/juchan-yoon/FR5_robot_control/robot_ws/src/vendor/frcobot_ros2/fairino_hardware_v3_9_7/src/command_server.cpp:8555:65: warning: unused parameter ‘para’ [-Wunused-parameter]
[6.654s]  8555 | std::string robot_command_thread::PtpFIRPlanningEnd(std::string para){
[6.654s]       |                                                     ~~~~~~~~~~~~^~~~
[6.654s] /home/juchan-yoon/FR5_robot_control/robot_ws/src/vendor/frcobot_ros2/fairino_hardware_v3_9_7/src/command_server.cpp: In member function ‘std::string robot_command_thread::LinArcFIRPlanningEnd(std::string)’:
[6.654s] /home/juchan-yoon/FR5_robot_control/robot_ws/src/vendor/frcobot_ros2/fairino_hardware_v3_9_7/src/command_server.cpp:8585:68: warning: unused parameter ‘para’ [-Wunused-parameter]
[6.654s]  8585 | std::string robot_command_thread::LinArcFIRPlanningEnd(std::string para){
[6.654s]       |                                                        ~~~~~~~~~~~~^~~~
[6.655s] /home/juchan-yoon/FR5_robot_control/robot_ws/src/vendor/frcobot_ros2/fairino_hardware_v3_9_7/src/command_server.cpp: In member function ‘std::string robot_command_thread::LaserTrackingLaserOff(std::string)’:
[6.655s] /home/juchan-yoon/FR5_robot_control/robot_ws/src/vendor/frcobot_ros2/fairino_hardware_v3_9_7/src/command_server.cpp:8634:69: warning: unused parameter ‘para’ [-Wunused-parameter]
[6.655s]  8634 | std::string robot_command_thread::LaserTrackingLaserOff(std::string para){
[6.655s]       |                                                         ~~~~~~~~~~~~^~~~
[6.655s] /home/juchan-yoon/FR5_robot_control/robot_ws/src/vendor/frcobot_ros2/fairino_hardware_v3_9_7/src/command_server.cpp: In member function ‘std::string robot_command_thread::LaserTrackingTrackOff(std::string)’:
[6.655s] /home/juchan-yoon/FR5_robot_control/robot_ws/src/vendor/frcobot_ros2/fairino_hardware_v3_9_7/src/command_server.cpp:8649:69: warning: unused parameter ‘para’ [-Wunused-parameter]
[6.655s]  8649 | std::string robot_command_thread::LaserTrackingTrackOff(std::string para){
[6.655s]       |                                                         ~~~~~~~~~~~~^~~~
[6.656s] /home/juchan-yoon/FR5_robot_control/robot_ws/src/vendor/frcobot_ros2/fairino_hardware_v3_9_7/src/command_server.cpp: In member function ‘std::string robot_command_thread::LaserTrackingSearchStop(std::string)’:
[6.656s] /home/juchan-yoon/FR5_robot_control/robot_ws/src/vendor/frcobot_ros2/fairino_hardware_v3_9_7/src/command_server.cpp:8759:71: warning: unused parameter ‘para’ [-Wunused-parameter]
[6.656s]  8759 | std::string robot_command_thread::LaserTrackingSearchStop(std::string para){
[6.656s]       |                                                           ~~~~~~~~~~~~^~~~
[6.656s] /home/juchan-yoon/FR5_robot_control/robot_ws/src/vendor/frcobot_ros2/fairino_hardware_v3_9_7/src/command_server.cpp: In member function ‘std::string robot_command_thread::UnLoadPosSensorDriver(std::string)’:
[6.656s] /home/juchan-yoon/FR5_robot_control/robot_ws/src/vendor/frcobot_ros2/fairino_hardware_v3_9_7/src/command_server.cpp:8818:69: warning: unused parameter ‘para’ [-Wunused-parameter]
[6.656s]  8818 | std::string robot_command_thread::UnLoadPosSensorDriver(std::string para){
[6.656s]       |                                                         ~~~~~~~~~~~~^~~~
[6.656s] /home/juchan-yoon/FR5_robot_control/robot_ws/src/vendor/frcobot_ros2/fairino_hardware_v3_9_7/src/command_server.cpp: In member function ‘std::string robot_command_thread::MoveLTR(std::string)’:
[6.657s] /home/juchan-yoon/FR5_robot_control/robot_ws/src/vendor/frcobot_ros2/fairino_hardware_v3_9_7/src/command_server.cpp:8861:55: warning: unused parameter ‘para’ [-Wunused-parameter]
[6.657s]  8861 | std::string robot_command_thread::MoveLTR(std::string para){
[6.657s]       |                                           ~~~~~~~~~~~~^~~~
[6.659s] /home/juchan-yoon/FR5_robot_control/robot_ws/src/vendor/frcobot_ros2/fairino_hardware_v3_9_7/src/command_server.cpp: In member function ‘std::string robot_command_thread::WeaveChangeEnd(std::string)’:
[6.659s] /home/juchan-yoon/FR5_robot_control/robot_ws/src/vendor/frcobot_ros2/fairino_hardware_v3_9_7/src/command_server.cpp:9020:62: warning: unused parameter ‘para’ [-Wunused-parameter]
[6.659s]  9020 | std::string robot_command_thread::WeaveChangeEnd(std::string para){
[6.659s]       |                                                  ~~~~~~~~~~~~^~~~
[6.659s] /home/juchan-yoon/FR5_robot_control/robot_ws/src/vendor/frcobot_ros2/fairino_hardware_v3_9_7/src/command_server.cpp: In member function ‘std::string robot_command_thread::MoveTrajectoryLA(std::string)’:
[6.659s] /home/juchan-yoon/FR5_robot_control/robot_ws/src/vendor/frcobot_ros2/fairino_hardware_v3_9_7/src/command_server.cpp:9061:64: warning: unused parameter ‘para’ [-Wunused-parameter]
[6.659s]  9061 | std::string robot_command_thread::MoveTrajectoryLA(std::string para){
[6.659s]       |                                                    ~~~~~~~~~~~~^~~~
[6.659s] /home/juchan-yoon/FR5_robot_control/robot_ws/src/vendor/frcobot_ros2/fairino_hardware_v3_9_7/src/command_server.cpp: In member function ‘std::string robot_command_thread::CustomCollisionDetectionEnd(std::string)’:
[6.659s] /home/juchan-yoon/FR5_robot_control/robot_ws/src/vendor/frcobot_ros2/fairino_hardware_v3_9_7/src/command_server.cpp:9103:75: warning: unused parameter ‘para’ [-Wunused-parameter]
[6.659s]  9103 | std::string robot_command_thread::CustomCollisionDetectionEnd(std::string para){
[6.659s]       |                                                               ~~~~~~~~~~~~^~~~
[6.660s] /home/juchan-yoon/FR5_robot_control/robot_ws/src/vendor/frcobot_ros2/fairino_hardware_v3_9_7/src/command_server.cpp: In member function ‘std::string robot_command_thread::GetRobotSN(std::string)’:
[6.660s] /home/juchan-yoon/FR5_robot_control/robot_ws/src/vendor/frcobot_ros2/fairino_hardware_v3_9_7/src/command_server.cpp:9188:58: warning: unused parameter ‘para’ [-Wunused-parameter]
[6.660s]  9188 | std::string robot_command_thread::GetRobotSN(std::string para){
[6.660s]       |                                              ~~~~~~~~~~~~^~~~
[6.660s] /home/juchan-yoon/FR5_robot_control/robot_ws/src/vendor/frcobot_ros2/fairino_hardware_v3_9_7/src/command_server.cpp: In member function ‘std::string robot_command_thread::ShutDownRobotOS(std::string)’:
[6.660s] /home/juchan-yoon/FR5_robot_control/robot_ws/src/vendor/frcobot_ros2/fairino_hardware_v3_9_7/src/command_server.cpp:9199:63: warning: unused parameter ‘para’ [-Wunused-parameter]
[6.661s]  9199 | std::string robot_command_thread::ShutDownRobotOS(std::string para){
[6.661s]       |                                                   ~~~~~~~~~~~~^~~~
[6.661s] /home/juchan-yoon/FR5_robot_control/robot_ws/src/vendor/frcobot_ros2/fairino_hardware_v3_9_7/src/command_server.cpp: In member function ‘std::string robot_command_thread::ConveyorComDetectTrigger(std::string)’:
[6.661s] /home/juchan-yoon/FR5_robot_control/robot_ws/src/vendor/frcobot_ros2/fairino_hardware_v3_9_7/src/command_server.cpp:9223:72: warning: unused parameter ‘para’ [-Wunused-parameter]
[6.661s]  9223 | std::string robot_command_thread::ConveyorComDetectTrigger(std::string para){
[6.661s]       |                                                            ~~~~~~~~~~~~^~~~
[6.661s] /home/juchan-yoon/FR5_robot_control/robot_ws/src/vendor/frcobot_ros2/fairino_hardware_v3_9_7/src/command_server.cpp: In member function ‘std::string robot_command_thread::WeldingSetVoltageGradualChangeEnd(std::string)’:
[6.661s] /home/juchan-yoon/FR5_robot_control/robot_ws/src/vendor/frcobot_ros2/fairino_hardware_v3_9_7/src/command_server.cpp:9255:81: warning: unused parameter ‘para’ [-Wunused-parameter]
[6.661s]  9255 | std::string robot_command_thread::WeldingSetVoltageGradualChangeEnd(std::string para){
[6.661s]       |                                                                     ~~~~~~~~~~~~^~~~
[6.661s] /home/juchan-yoon/FR5_robot_control/robot_ws/src/vendor/frcobot_ros2/fairino_hardware_v3_9_7/src/command_server.cpp: In member function ‘std::string robot_command_thread::WeldingSetCurrentGradualChangeEnd(std::string)’:
[6.661s] /home/juchan-yoon/FR5_robot_control/robot_ws/src/vendor/frcobot_ros2/fairino_hardware_v3_9_7/src/command_server.cpp:9287:81: warning: unused parameter ‘para’ [-Wunused-parameter]
[6.661s]  9287 | std::string robot_command_thread::WeldingSetCurrentGradualChangeEnd(std::string para){
[6.661s]       |                                                                     ~~~~~~~~~~~~^~~~
[6.661s] /home/juchan-yoon/FR5_robot_control/robot_ws/src/vendor/frcobot_ros2/fairino_hardware_v3_9_7/src/command_server.cpp: In member function ‘std::string robot_command_thread::GetSmarttoolBtnState(std::string)’:
[6.661s] /home/juchan-yoon/FR5_robot_control/robot_ws/src/vendor/frcobot_ros2/fairino_hardware_v3_9_7/src/command_server.cpp:9298:68: warning: unused parameter ‘para’ [-Wunused-parameter]
[6.661s]  9298 | std::string robot_command_thread::GetSmarttoolBtnState(std::string para){
[6.662s]       |                                                        ~~~~~~~~~~~~^~~~
[6.662s] /home/juchan-yoon/FR5_robot_control/robot_ws/src/vendor/frcobot_ros2/fairino_hardware_v3_9_7/src/command_server.cpp: In member function ‘std::string robot_command_thread::GetWideBoxTempFanMonitorParam(std::string)’:
[6.662s] /home/juchan-yoon/FR5_robot_control/robot_ws/src/vendor/frcobot_ros2/fairino_hardware_v3_9_7/src/command_server.cpp:9328:77: warning: unused parameter ‘para’ [-Wunused-parameter]
[6.662s]  9328 | std::string robot_command_thread::GetWideBoxTempFanMonitorParam(std::string para){
[6.662s]       |                                                                 ~~~~~~~~~~~~^~~~
[6.668s] /home/juchan-yoon/FR5_robot_control/robot_ws/src/vendor/frcobot_ros2/fairino_hardware_v3_9_7/src/command_server.cpp: In member function ‘std::string robot_command_thread::FocusEnd(std::string)’:
[6.668s] /home/juchan-yoon/FR5_robot_control/robot_ws/src/vendor/frcobot_ros2/fairino_hardware_v3_9_7/src/command_server.cpp:9404:56: warning: unused parameter ‘para’ [-Wunused-parameter]
[6.668s]  9404 | std::string robot_command_thread::FocusEnd(std::string para){
[6.669s]       |                                            ~~~~~~~~~~~~^~~~
[6.671s] /home/juchan-yoon/FR5_robot_control/robot_ws/src/vendor/frcobot_ros2/fairino_hardware_v3_9_7/src/command_server.cpp: In member function ‘std::string robot_command_thread::GetFieldBusConfig(std::string)’:
[6.671s] /home/juchan-yoon/FR5_robot_control/robot_ws/src/vendor/frcobot_ros2/fairino_hardware_v3_9_7/src/command_server.cpp:9594:65: warning: unused parameter ‘para’ [-Wunused-parameter]
[6.671s]  9594 | std::string robot_command_thread::GetFieldBusConfig(std::string para){
[6.671s]       |                                                     ~~~~~~~~~~~~^~~~
[6.678s] /home/juchan-yoon/FR5_robot_control/robot_ws/src/vendor/frcobot_ros2/fairino_hardware_v3_9_7/src/command_server.cpp: In member function ‘std::string robot_command_thread::GetCurToolCoord(std::string)’:
[6.678s] /home/juchan-yoon/FR5_robot_control/robot_ws/src/vendor/frcobot_ros2/fairino_hardware_v3_9_7/src/command_server.cpp:10012:63: warning: unused parameter ‘para’ [-Wunused-parameter]
[6.678s] 10012 | std::string robot_command_thread::GetCurToolCoord(std::string para){
[6.678s]       |                                                   ~~~~~~~~~~~~^~~~
[6.678s] /home/juchan-yoon/FR5_robot_control/robot_ws/src/vendor/frcobot_ros2/fairino_hardware_v3_9_7/src/command_server.cpp: In member function ‘std::string robot_command_thread::GetCurWObjCoord(std::string)’:
[6.678s] /home/juchan-yoon/FR5_robot_control/robot_ws/src/vendor/frcobot_ros2/fairino_hardware_v3_9_7/src/command_server.cpp:10027:63: warning: unused parameter ‘para’ [-Wunused-parameter]
[6.678s] 10027 | std::string robot_command_thread::GetCurWObjCoord(std::string para){
[6.678s]       |                                                   ~~~~~~~~~~~~^~~~
[6.678s] /home/juchan-yoon/FR5_robot_control/robot_ws/src/vendor/frcobot_ros2/fairino_hardware_v3_9_7/src/command_server.cpp: In member function ‘std::string robot_command_thread::GetCurExToolCoord(std::string)’:
[6.678s] /home/juchan-yoon/FR5_robot_control/robot_ws/src/vendor/frcobot_ros2/fairino_hardware_v3_9_7/src/command_server.cpp:10042:65: warning: unused parameter ‘para’ [-Wunused-parameter]
[6.678s] 10042 | std::string robot_command_thread::GetCurExToolCoord(std::string para){
[6.678s]       |                                                     ~~~~~~~~~~~~^~~~
[6.678s] /home/juchan-yoon/FR5_robot_control/robot_ws/src/vendor/frcobot_ros2/fairino_hardware_v3_9_7/src/command_server.cpp: In member function ‘std::string robot_command_thread::GetCurExAxisCoord(std::string)’:
[6.679s] /home/juchan-yoon/FR5_robot_control/robot_ws/src/vendor/frcobot_ros2/fairino_hardware_v3_9_7/src/command_server.cpp:10057:65: warning: unused parameter ‘para’ [-Wunused-parameter]
[6.679s] 10057 | std::string robot_command_thread::GetCurExAxisCoord(std::string para){
[6.679s]       |                                                     ~~~~~~~~~~~~^~~~
[6.679s] /home/juchan-yoon/FR5_robot_control/robot_ws/src/vendor/frcobot_ros2/fairino_hardware_v3_9_7/src/command_server.cpp: In member function ‘std::string robot_command_thread::GetKernelUpgradeResult(std::string)’:
[6.679s] /home/juchan-yoon/FR5_robot_control/robot_ws/src/vendor/frcobot_ros2/fairino_hardware_v3_9_7/src/command_server.cpp:10087:70: warning: unused parameter ‘para’ [-Wunused-parameter]
[6.679s] 10087 | std::string robot_command_thread::GetKernelUpgradeResult(std::string para){
[6.679s]       |                                                          ~~~~~~~~~~~~^~~~
[6.682s] /home/juchan-yoon/FR5_robot_control/robot_ws/src/vendor/frcobot_ros2/fairino_hardware_v3_9_7/src/command_server.cpp: In member function ‘std::string robot_command_thread::JointSensitivityCalibration(std::string)’:
[6.682s] /home/juchan-yoon/FR5_robot_control/robot_ws/src/vendor/frcobot_ros2/fairino_hardware_v3_9_7/src/command_server.cpp:10209:75: warning: unused parameter ‘para’ [-Wunused-parameter]
[6.682s] 10209 | std::string robot_command_thread::JointSensitivityCalibration(std::string para){
[6.682s]       |                                                               ~~~~~~~~~~~~^~~~
[6.682s] /home/juchan-yoon/FR5_robot_control/robot_ws/src/vendor/frcobot_ros2/fairino_hardware_v3_9_7/src/command_server.cpp: In member function ‘std::string robot_command_thread::JointSensitivityCollect(std::string)’:
[6.683s] /home/juchan-yoon/FR5_robot_control/robot_ws/src/vendor/frcobot_ros2/fairino_hardware_v3_9_7/src/command_server.cpp:10227:71: warning: unused parameter ‘para’ [-Wunused-parameter]
[6.683s] 10227 | std::string robot_command_thread::JointSensitivityCollect(std::string para){
[6.683s]       |                                                           ~~~~~~~~~~~~^~~~
[6.683s] /home/juchan-yoon/FR5_robot_control/robot_ws/src/vendor/frcobot_ros2/fairino_hardware_v3_9_7/src/command_server.cpp: In member function ‘std::string robot_command_thread::MotionQueueClear(std::string)’:
[6.683s] /home/juchan-yoon/FR5_robot_control/robot_ws/src/vendor/frcobot_ros2/fairino_hardware_v3_9_7/src/command_server.cpp:10247:64: warning: unused parameter ‘para’ [-Wunused-parameter]
[6.683s] 10247 | std::string robot_command_thread::MotionQueueClear(std::string para){
[6.683s]       |                                                    ~~~~~~~~~~~~^~~~
[6.683s] /home/juchan-yoon/FR5_robot_control/robot_ws/src/vendor/frcobot_ros2/fairino_hardware_v3_9_7/src/command_server.cpp: In member function ‘std::string robot_command_thread::GetSlavePortErrCounter(std::string)’:
[6.683s] /home/juchan-yoon/FR5_robot_control/robot_ws/src/vendor/frcobot_ros2/fairino_hardware_v3_9_7/src/command_server.cpp:10265:70: warning: unused parameter ‘para’ [-Wunused-parameter]
[6.683s] 10265 | std::string robot_command_thread::GetSlavePortErrCounter(std::string para){
[6.683s]       |                                                          ~~~~~~~~~~~~^~~~
[6.684s] /home/juchan-yoon/FR5_robot_control/robot_ws/src/vendor/frcobot_ros2/fairino_hardware_v3_9_7/src/command_server.cpp: In member function ‘std::string robot_command_thread::GetVelFeedForwardRatio(std::string)’:
[6.684s] /home/juchan-yoon/FR5_robot_control/robot_ws/src/vendor/frcobot_ros2/fairino_hardware_v3_9_7/src/command_server.cpp:10345:70: warning: unused parameter ‘para’ [-Wunused-parameter]
[6.684s] 10345 | std::string robot_command_thread::GetVelFeedForwardRatio(std::string para){
[6.684s]       |                                                          ~~~~~~~~~~~~^~~~
[6.684s] /home/juchan-yoon/FR5_robot_control/robot_ws/src/vendor/frcobot_ros2/fairino_hardware_v3_9_7/src/command_server.cpp: In member function ‘std::string robot_command_thread::RobotMCULogCollect(std::string)’:
[6.684s] /home/juchan-yoon/FR5_robot_control/robot_ws/src/vendor/frcobot_ros2/fairino_hardware_v3_9_7/src/command_server.cpp:10359:66: warning: unused parameter ‘para’ [-Wunused-parameter]
[6.684s] 10359 | std::string robot_command_thread::RobotMCULogCollect(std::string para){
[6.684s]       |                                                      ~~~~~~~~~~~~^~~~
[6.687s] /home/juchan-yoon/FR5_robot_control/robot_ws/src/vendor/frcobot_ros2/fairino_hardware_v3_9_7/src/command_server.cpp: In member function ‘std::string robot_command_thread::JointHysteresisError(std::string)’:
[6.687s] /home/juchan-yoon/FR5_robot_control/robot_ws/src/vendor/frcobot_ros2/fairino_hardware_v3_9_7/src/command_server.cpp:10571:68: warning: unused parameter ‘para’ [-Wunused-parameter]
[6.687s] 10571 | std::string robot_command_thread::JointHysteresisError(std::string para){
[6.687s]       |                                                        ~~~~~~~~~~~~^~~~
[6.688s] /home/juchan-yoon/FR5_robot_control/robot_ws/src/vendor/frcobot_ros2/fairino_hardware_v3_9_7/src/command_server.cpp: In member function ‘std::string robot_command_thread::JointRepeatability(std::string)’:
[6.688s] /home/juchan-yoon/FR5_robot_control/robot_ws/src/vendor/frcobot_ros2/fairino_hardware_v3_9_7/src/command_server.cpp:10586:66: warning: unused parameter ‘para’ [-Wunused-parameter]
[6.688s] 10586 | std::string robot_command_thread::JointRepeatability(std::string para){
[6.688s]       |                                                      ~~~~~~~~~~~~^~~~
[6.690s] /home/juchan-yoon/FR5_robot_control/robot_ws/src/vendor/frcobot_ros2/fairino_hardware_v3_9_7/src/command_server.cpp: In member function ‘std::string robot_command_thread::TCPGetRecordFlangePos(std::string)’:
[6.690s] /home/juchan-yoon/FR5_robot_control/robot_ws/src/vendor/frcobot_ros2/fairino_hardware_v3_9_7/src/command_server.cpp:10775:69: warning: unused parameter ‘para’ [-Wunused-parameter]
[6.690s] 10775 | std::string robot_command_thread::TCPGetRecordFlangePos(std::string para){
[6.690s]       |                                                         ~~~~~~~~~~~~^~~~
[6.691s] /home/juchan-yoon/FR5_robot_control/robot_ws/src/vendor/frcobot_ros2/fairino_hardware_v3_9_7/src/command_server.cpp: In member function ‘std::string robot_command_thread::GetAxleGenComCycleData(std::string)’:
[6.691s] /home/juchan-yoon/FR5_robot_control/robot_ws/src/vendor/frcobot_ros2/fairino_hardware_v3_9_7/src/command_server.cpp:10835:9: warning: ISO C++ forbids variable length array ‘cycleData’ [-Wvla]
[6.691s] 10835 |     int cycleData[len];
[6.691s]       |         ^~~~~~~~~
[6.691s] /home/juchan-yoon/FR5_robot_control/robot_ws/src/vendor/frcobot_ros2/fairino_hardware_v3_9_7/src/command_server.cpp: In member function ‘std::string robot_command_thread::SndRcvAxleGenComCmdData(std::string)’:
[6.691s] /home/juchan-yoon/FR5_robot_control/robot_ws/src/vendor/frcobot_ros2/fairino_hardware_v3_9_7/src/command_server.cpp:10858:9: warning: ISO C++ forbids variable length array ‘sndBuff’ [-Wvla]
[6.691s] 10858 |     int sndBuff[lenSnd];
[6.691s]       |         ^~~~~~~
[6.691s] /home/juchan-yoon/FR5_robot_control/robot_ws/src/vendor/frcobot_ros2/fairino_hardware_v3_9_7/src/command_server.cpp:10865:9: warning: ISO C++ forbids variable length array ‘rcvData’ [-Wvla]
[6.691s] 10865 |     int rcvData[lenRcv];
[6.691s]       |         ^~~~~~~
[6.692s] /home/juchan-yoon/FR5_robot_control/robot_ws/src/vendor/frcobot_ros2/fairino_hardware_v3_9_7/src/command_server.cpp: In member function ‘std::string robot_command_thread::OriginPointWeaveEnd(std::string)’:
[6.692s] /home/juchan-yoon/FR5_robot_control/robot_ws/src/vendor/frcobot_ros2/fairino_hardware_v3_9_7/src/command_server.cpp:10977:67: warning: unused parameter ‘para’ [-Wunused-parameter]
[6.692s] 10977 | std::string robot_command_thread::OriginPointWeaveEnd(std::string para){
[6.692s]       |                                                       ~~~~~~~~~~~~^~~~
[6.697s] /home/juchan-yoon/FR5_robot_control/robot_ws/src/vendor/frcobot_ros2/fairino_hardware_v3_9_7/src/command_server.cpp: In member function ‘std::string robot_command_thread::CloseRPC(std::string)’:
[6.697s] /home/juchan-yoon/FR5_robot_control/robot_ws/src/vendor/frcobot_ros2/fairino_hardware_v3_9_7/src/command_server.cpp:11433:56: warning: unused parameter ‘para’ [-Wunused-parameter]
[6.698s] 11433 | std::string robot_command_thread::CloseRPC(std::string para){
[6.698s]       |                                            ~~~~~~~~~~~~^~~~
[6.698s] /home/juchan-yoon/FR5_robot_control/robot_ws/src/vendor/frcobot_ros2/fairino_hardware_v3_9_7/src/command_server.cpp: In member function ‘std::string robot_command_thread::GetSoftwareVersion(std::string)’:
[6.698s] /home/juchan-yoon/FR5_robot_control/robot_ws/src/vendor/frcobot_ros2/fairino_hardware_v3_9_7/src/command_server.cpp:11445:66: warning: unused parameter ‘para’ [-Wunused-parameter]
[6.698s] 11445 | std::string robot_command_thread::GetSoftwareVersion(std::string para){
[6.698s]       |                                                      ~~~~~~~~~~~~^~~~
[6.699s] /home/juchan-yoon/FR5_robot_control/robot_ws/src/vendor/frcobot_ros2/fairino_hardware_v3_9_7/src/command_server.cpp: In member function ‘std::string robot_command_thread::GetRobotRealtimeStateConfig(std::string)’:
[6.699s] /home/juchan-yoon/FR5_robot_control/robot_ws/src/vendor/frcobot_ros2/fairino_hardware_v3_9_7/src/command_server.cpp:11479:75: warning: unused parameter ‘para’ [-Wunused-parameter]
[6.699s] 11479 | std::string robot_command_thread::GetRobotRealtimeStateConfig(std::string para){
[6.699s]       |                                                               ~~~~~~~~~~~~^~~~
[6.699s] /home/juchan-yoon/FR5_robot_control/robot_ws/src/vendor/frcobot_ros2/fairino_hardware_v3_9_7/src/command_server.cpp: In member function ‘std::string robot_command_thread::GetRobotRealTimeState(std::string)’:
[6.699s] /home/juchan-yoon/FR5_robot_control/robot_ws/src/vendor/frcobot_ros2/fairino_hardware_v3_9_7/src/command_server.cpp:11495:69: warning: unused parameter ‘para’ [-Wunused-parameter]
[6.699s] 11495 | std::string robot_command_thread::GetRobotRealTimeState(std::string para){
[6.699s]       |                                                         ~~~~~~~~~~~~^~~~
[6.701s] /home/juchan-yoon/FR5_robot_control/robot_ws/src/vendor/frcobot_ros2/fairino_hardware_v3_9_7/src/command_server.cpp: In member function ‘std::string robot_command_thread::ClearDexterousHandsError(std::string)’:
[6.701s] /home/juchan-yoon/FR5_robot_control/robot_ws/src/vendor/frcobot_ros2/fairino_hardware_v3_9_7/src/command_server.cpp:11635:72: warning: unused parameter ‘para’ [-Wunused-parameter]
[6.701s] 11635 | std::string robot_command_thread::ClearDexterousHandsError(std::string para){
[6.701s]       |                                                            ~~~~~~~~~~~~^~~~
[6.701s] /home/juchan-yoon/FR5_robot_control/robot_ws/src/vendor/frcobot_ros2/fairino_hardware_v3_9_7/src/command_server.cpp: In member function ‘std::string robot_command_thread::GetWeaveBackCenterConfig(std::string)’:
[6.701s] /home/juchan-yoon/FR5_robot_control/robot_ws/src/vendor/frcobot_ros2/fairino_hardware_v3_9_7/src/command_server.cpp:11696:72: warning: unused parameter ‘para’ [-Wunused-parameter]
[6.701s] 11696 | std::string robot_command_thread::GetWeaveBackCenterConfig(std::string para){
[6.702s]       |                                                            ~~~~~~~~~~~~^~~~
[6.705s] /home/juchan-yoon/FR5_robot_control/robot_ws/src/vendor/frcobot_ros2/fairino_hardware_v3_9_7/src/command_server.cpp: In member function ‘void robot_command_thread::_ping_recv_callback()’:
[6.705s] /home/juchan-yoon/FR5_robot_control/robot_ws/src/vendor/frcobot_ros2/fairino_hardware_v3_9_7/src/command_server.cpp:11962:9: warning: unused variable ‘tmpres’ [-Wunused-variable]
[6.705s] 11962 |     int tmpres = _ptr_robot->GetSDKComState(&state);
[6.705s]       |         ^~~~~~
[6.788s] /home/juchan-yoon/FR5_robot_control/robot_ws/src/vendor/frcobot_ros2/fairino_hardware_v3_9_7/src/fairino_hardware_interface.cpp: In member function ‘virtual hardware_interface::CallbackReturn fairino_hardware::FairinoHardwareInterface::on_init(const hardware_interface::HardwareInfo&)’:
[6.788s] /home/juchan-yoon/FR5_robot_control/robot_ws/src/vendor/frcobot_ros2/fairino_hardware_v3_9_7/src/fairino_hardware_interface.cpp:6:53: warning: ‘virtual rclcpp_lifecycle::node_interfaces::LifecycleNodeInterface::CallbackReturn hardware_interface::HardwareComponentInterface::on_init(const hardware_interface::HardwareInfo&)’ is deprecated: Use on_init(const HardwareComponentInterfaceParams & params) instead. [-Wdeprecated-declarations]
[6.788s]     6 |     if (hardware_interface::SystemInterface::on_init(sysinfo) != hardware_interface::CallbackReturn::SUCCESS) {
[6.788s]       |         ~~~~~~~~~~~~~~~~~~~~~~~~~~~~~~~~~~~~~~~~~~~~^~~~~~~~~
[6.788s] In file included from /opt/ros/jazzy/include/hardware_interface/hardware_interface/system_interface.hpp:18,
[6.788s]                  from /home/juchan-yoon/FR5_robot_control/robot_ws/src/vendor/frcobot_ros2/fairino_hardware_v3_9_7/include/fairino_hardware/fairino_hardware_interface.hpp:7,
[6.788s]                  from /home/juchan-yoon/FR5_robot_control/robot_ws/src/vendor/frcobot_ros2/fairino_hardware_v3_9_7/src/fairino_hardware_interface.cpp:1:
[6.788s] /opt/ros/jazzy/include/hardware_interface/hardware_interface/hardware_component_interface.hpp:140:26: note: declared here
[6.788s]   140 |   virtual CallbackReturn on_init(const HardwareInfo & hardware_info);
[6.788s]       |                          ^~~~~~~
[6.798s] /home/juchan-yoon/FR5_robot_control/robot_ws/src/vendor/frcobot_ros2/fairino_hardware_v3_9_7/src/fairino_hardware_interface.cpp: In member function ‘virtual hardware_interface::CallbackReturn fairino_hardware::FairinoHardwareInterface::on_activate(const rclcpp_lifecycle::State&)’:
[6.798s] /home/juchan-yoon/FR5_robot_control/robot_ws/src/vendor/frcobot_ros2/fairino_hardware_v3_9_7/src/fairino_hardware_interface.cpp:105:105: warning: unused parameter ‘previous_state’ [-Wunused-parameter]
[6.798s]   105 | hardware_interface::CallbackReturn FairinoHardwareInterface::on_activate(const rclcpp_lifecycle::State& previous_state)
[6.799s]       |                                                                          ~~~~~~~~~~~~~~~~~~~~~~~~~~~~~~~^~~~~~~~~~~~~~
[6.799s] /home/juchan-yoon/FR5_robot_control/robot_ws/src/vendor/frcobot_ros2/fairino_hardware_v3_9_7/src/fairino_hardware_interface.cpp: In member function ‘virtual hardware_interface::CallbackReturn fairino_hardware::FairinoHardwareInterface::on_deactivate(const rclcpp_lifecycle::State&)’:
[6.799s] /home/juchan-yoon/FR5_robot_control/robot_ws/src/vendor/frcobot_ros2/fairino_hardware_v3_9_7/src/fairino_hardware_interface.cpp:151:107: warning: unused parameter ‘previous_state’ [-Wunused-parameter]
[6.799s]   151 | hardware_interface::CallbackReturn FairinoHardwareInterface::on_deactivate(const rclcpp_lifecycle::State& previous_state)
[6.799s]       |                                                                            ~~~~~~~~~~~~~~~~~~~~~~~~~~~~~~~^~~~~~~~~~~~~~
[6.799s] /home/juchan-yoon/FR5_robot_control/robot_ws/src/vendor/frcobot_ros2/fairino_hardware_v3_9_7/src/fairino_hardware_interface.cpp: In member function ‘virtual hardware_interface::return_type fairino_hardware::FairinoHardwareInterface::read(const rclcpp::Time&, const rclcpp::Duration&)’:
[6.799s] /home/juchan-yoon/FR5_robot_control/robot_ws/src/vendor/frcobot_ros2/fairino_hardware_v3_9_7/src/fairino_hardware_interface.cpp:173:42: warning: statement has no effect [-Wunused-value]
[6.799s]   173 |         hardware_interface::return_type::ERROR;
[6.799s]       |         ~~~~~~~~~~~~~~~~~~~~~~~~~~~~~~~~~^~~~~
[6.800s] /home/juchan-yoon/FR5_robot_control/robot_ws/src/vendor/frcobot_ros2/fairino_hardware_v3_9_7/src/fairino_hardware_interface.cpp:163:84: warning: unused parameter ‘time’ [-Wunused-parameter]
[6.800s]   163 | hardware_interface::return_type FairinoHardwareInterface::read(const rclcpp::Time& time,const rclcpp::Duration& period)
[6.800s]       |                                                                ~~~~~~~~~~~~~~~~~~~~^~~~
[6.800s] /home/juchan-yoon/FR5_robot_control/robot_ws/src/vendor/frcobot_ros2/fairino_hardware_v3_9_7/src/fairino_hardware_interface.cpp:163:113: warning: unused parameter ‘period’ [-Wunused-parameter]
[6.800s]   163 | hardware_interface::return_type FairinoHardwareInterface::read(const rclcpp::Time& time,const rclcpp::Duration& period)
[6.800s]       |                                                                                         ~~~~~~~~~~~~~~~~~~~~~~~~^~~~~~
[6.800s] /home/juchan-yoon/FR5_robot_control/robot_ws/src/vendor/frcobot_ros2/fairino_hardware_v3_9_7/src/fairino_hardware_interface.cpp: In member function ‘virtual hardware_interface::return_type fairino_hardware::FairinoHardwareInterface::write(const rclcpp::Time&, const rclcpp::Duration&)’:
[6.800s] /home/juchan-yoon/FR5_robot_control/robot_ws/src/vendor/frcobot_ros2/fairino_hardware_v3_9_7/src/fairino_hardware_interface.cpp:182:85: warning: unused parameter ‘time’ [-Wunused-parameter]
[6.800s]   182 | hardware_interface::return_type FairinoHardwareInterface::write(const rclcpp::Time& time,const rclcpp::Duration& period)
[6.800s]       |                                                                 ~~~~~~~~~~~~~~~~~~~~^~~~
[6.800s] /home/juchan-yoon/FR5_robot_control/robot_ws/src/vendor/frcobot_ros2/fairino_hardware_v3_9_7/src/fairino_hardware_interface.cpp:182:114: warning: unused parameter ‘period’ [-Wunused-parameter]
[6.800s]   182 | hardware_interface::return_type FairinoHardwareInterface::write(const rclcpp::Time& time,const rclcpp::Duration& period)
[6.800s]       |                                                                                          ~~~~~~~~~~~~~~~~~~~~~~~~^~~~~~
[7.948s] [ 80%] Linking CXX executable srv_test_client
[8.058s] /home/juchan-yoon/FR5_robot_control/robot_ws/src/vendor/frcobot_ros2/fairino_hardware_v3_9_7/src/command_server.cpp: In member function ‘std::string robot_command_thread::getVariable(std::string)’:
[8.058s] /home/juchan-yoon/FR5_robot_control/robot_ws/src/vendor/frcobot_ros2/fairino_hardware_v3_9_7/src/command_server.cpp:676:1: warning: control reaches end of non-void function [-Wreturn-type]
[8.058s]   676 | }
[8.058s]       | ^
[8.079s] [ 80%] Built target srv_test_client
[10.116s] [ 90%] Linking CXX shared library libfairino_hardware.so
[10.372s] [ 90%] Built target fairino_hardware
[25.207s] /home/juchan-yoon/FR5_robot_control/robot_ws/src/vendor/frcobot_ros2/fairino_hardware_v3_9_7/src/command_server.cpp: In member function ‘std::string robot_command_thread::MoveJ(std::string)’:
[25.207s] /home/juchan-yoon/FR5_robot_control/robot_ws/src/vendor/frcobot_ros2/fairino_hardware_v3_9_7/src/command_server.cpp:1656:51: warning: ‘speed’ may be used uninitialized [-Wmaybe-uninitialized]
[25.207s]  1656 |         ovl,&extpos,blendT,offset_flag,&offsetpos));
[25.207s]       |                                                   ^
[25.207s] /home/juchan-yoon/FR5_robot_control/robot_ws/src/vendor/frcobot_ros2/fairino_hardware_v3_9_7/src/command_server.cpp:1575:9: note: ‘speed’ was declared here
[25.207s]  1575 |     int speed,tool,user;
[25.207s]       |         ^~~~~
[25.207s] /home/juchan-yoon/FR5_robot_control/robot_ws/src/vendor/frcobot_ros2/fairino_hardware_v3_9_7/src/command_server.cpp:1656:51: warning: ‘tool’ may be used uninitialized [-Wmaybe-uninitialized]
[25.207s]  1656 |         ovl,&extpos,blendT,offset_flag,&offsetpos));
[25.207s]       |                                                   ^
[25.207s] /home/juchan-yoon/FR5_robot_control/robot_ws/src/vendor/frcobot_ros2/fairino_hardware_v3_9_7/src/command_server.cpp:1575:15: note: ‘tool’ was declared here
[25.207s]  1575 |     int speed,tool,user;
[25.208s]       |               ^~~~
[25.208s] /home/juchan-yoon/FR5_robot_control/robot_ws/src/vendor/frcobot_ros2/fairino_hardware_v3_9_7/src/command_server.cpp:1656:51: warning: ‘user’ may be used uninitialized [-Wmaybe-uninitialized]
[25.208s]  1656 |         ovl,&extpos,blendT,offset_flag,&offsetpos));
[25.208s]       |                                                   ^
[25.208s] /home/juchan-yoon/FR5_robot_control/robot_ws/src/vendor/frcobot_ros2/fairino_hardware_v3_9_7/src/command_server.cpp:1575:20: note: ‘user’ was declared here
[25.208s]  1575 |     int speed,tool,user;
[25.208s]       |                    ^~~~
[25.300s] /home/juchan-yoon/FR5_robot_control/robot_ws/src/vendor/frcobot_ros2/fairino_hardware_v3_9_7/src/command_server.cpp: In member function ‘std::string robot_command_thread::MoveL(std::string)’:
[25.300s] /home/juchan-yoon/FR5_robot_control/robot_ws/src/vendor/frcobot_ros2/fairino_hardware_v3_9_7/src/command_server.cpp:1746:47: warning: ‘speed’ may be used uninitialized [-Wmaybe-uninitialized]
[25.300s]  1746 |         &extpos,search,offset_flag,&offsetpos));
[25.300s]       |                                               ^
[25.300s] /home/juchan-yoon/FR5_robot_control/robot_ws/src/vendor/frcobot_ros2/fairino_hardware_v3_9_7/src/command_server.cpp:1668:9: note: ‘speed’ was declared here
[25.300s]  1668 |     int speed,tool,user;
[25.300s]       |         ^~~~~
[25.300s] /home/juchan-yoon/FR5_robot_control/robot_ws/src/vendor/frcobot_ros2/fairino_hardware_v3_9_7/src/command_server.cpp:1746:47: warning: ‘tool’ may be used uninitialized [-Wmaybe-uninitialized]
[25.301s]  1746 |         &extpos,search,offset_flag,&offsetpos));
[25.301s]       |                                               ^
[25.301s] /home/juchan-yoon/FR5_robot_control/robot_ws/src/vendor/frcobot_ros2/fairino_hardware_v3_9_7/src/command_server.cpp:1668:15: note: ‘tool’ was declared here
[25.301s]  1668 |     int speed,tool,user;
[25.301s]       |               ^~~~
[25.301s] /home/juchan-yoon/FR5_robot_control/robot_ws/src/vendor/frcobot_ros2/fairino_hardware_v3_9_7/src/command_server.cpp:1746:47: warning: ‘user’ may be used uninitialized [-Wmaybe-uninitialized]
[25.301s]  1746 |         &extpos,search,offset_flag,&offsetpos));
[25.301s]       |                                               ^
[25.301s] /home/juchan-yoon/FR5_robot_control/robot_ws/src/vendor/frcobot_ros2/fairino_hardware_v3_9_7/src/command_server.cpp:1668:20: note: ‘user’ was declared here
[25.301s]  1668 |     int speed,tool,user;
[25.301s]       |                    ^~~~
[25.391s] /home/juchan-yoon/FR5_robot_control/robot_ws/src/vendor/frcobot_ros2/fairino_hardware_v3_9_7/src/command_server.cpp: In member function ‘std::string robot_command_thread::MoveC(std::string)’:
[25.391s] /home/juchan-yoon/FR5_robot_control/robot_ws/src/vendor/frcobot_ros2/fairino_hardware_v3_9_7/src/command_server.cpp:1868:43: warning: ‘speed’ may be used uninitialized [-Wmaybe-uninitialized]
[25.391s]  1868 |         offset_flag,&offsetpos,ovl,blendR));
[25.391s]       |                                           ^
[25.391s] /home/juchan-yoon/FR5_robot_control/robot_ws/src/vendor/frcobot_ros2/fairino_hardware_v3_9_7/src/command_server.cpp:1759:9: note: ‘speed’ was declared here
[25.391s]  1759 |     int speed,tool,user;
[25.391s]       |         ^~~~~
[25.391s] /home/juchan-yoon/FR5_robot_control/robot_ws/src/vendor/frcobot_ros2/fairino_hardware_v3_9_7/src/command_server.cpp:1868:43: warning: ‘tool’ may be used uninitialized [-Wmaybe-uninitialized]
[25.391s]  1868 |         offset_flag,&offsetpos,ovl,blendR));
[25.391s]       |                                           ^
[25.391s] /home/juchan-yoon/FR5_robot_control/robot_ws/src/vendor/frcobot_ros2/fairino_hardware_v3_9_7/src/command_server.cpp:1759:15: note: ‘tool’ was declared here
[25.391s]  1759 |     int speed,tool,user;
[25.392s]       |               ^~~~
[25.392s] /home/juchan-yoon/FR5_robot_control/robot_ws/src/vendor/frcobot_ros2/fairino_hardware_v3_9_7/src/command_server.cpp:1868:43: warning: ‘user’ may be used uninitialized [-Wmaybe-uninitialized]
[25.392s]  1868 |         offset_flag,&offsetpos,ovl,blendR));
[25.392s]       |                                           ^
[25.392s] /home/juchan-yoon/FR5_robot_control/robot_ws/src/vendor/frcobot_ros2/fairino_hardware_v3_9_7/src/command_server.cpp:1759:20: note: ‘user’ was declared here
[25.392s]  1759 |     int speed,tool,user;
[25.392s]       |                    ^~~~
[25.488s] /home/juchan-yoon/FR5_robot_control/robot_ws/src/vendor/frcobot_ros2/fairino_hardware_v3_9_7/src/command_server.cpp: In member function ‘std::string robot_command_thread::SplinePTP(std::string)’:
[25.488s] /home/juchan-yoon/FR5_robot_control/robot_ws/src/vendor/frcobot_ros2/fairino_hardware_v3_9_7/src/command_server.cpp:1965:57: warning: ‘speed’ may be used uninitialized [-Wmaybe-uninitialized]
[25.488s]  1965 |                                 tool,user,speed,acc,ovl));
[25.488s]       |                                                         ^
[25.488s] /home/juchan-yoon/FR5_robot_control/robot_ws/src/vendor/frcobot_ros2/fairino_hardware_v3_9_7/src/command_server.cpp:1925:9: note: ‘speed’ was declared here
[25.488s]  1925 |     int speed,tool,user;
[25.488s]       |         ^~~~~
[25.488s] /home/juchan-yoon/FR5_robot_control/robot_ws/src/vendor/frcobot_ros2/fairino_hardware_v3_9_7/src/command_server.cpp:1965:57: warning: ‘tool’ may be used uninitialized [-Wmaybe-uninitialized]
[25.488s]  1965 |                                 tool,user,speed,acc,ovl));
[25.488s]       |                                                         ^
[25.489s] /home/juchan-yoon/FR5_robot_control/robot_ws/src/vendor/frcobot_ros2/fairino_hardware_v3_9_7/src/command_server.cpp:1925:15: note: ‘tool’ was declared here
[25.489s]  1925 |     int speed,tool,user;
[25.489s]       |               ^~~~
[25.489s] /home/juchan-yoon/FR5_robot_control/robot_ws/src/vendor/frcobot_ros2/fairino_hardware_v3_9_7/src/command_server.cpp:1965:57: warning: ‘user’ may be used uninitialized [-Wmaybe-uninitialized]
[25.489s]  1965 |                                 tool,user,speed,acc,ovl));
[25.489s]       |                                                         ^
[25.489s] /home/juchan-yoon/FR5_robot_control/robot_ws/src/vendor/frcobot_ros2/fairino_hardware_v3_9_7/src/command_server.cpp:1925:20: note: ‘user’ was declared here
[25.489s]  1925 |     int speed,tool,user;
[25.489s]       |                    ^~~~
[25.533s] /home/juchan-yoon/FR5_robot_control/robot_ws/src/vendor/frcobot_ros2/fairino_hardware_v3_9_7/src/command_server.cpp: In member function ‘std::string robot_command_thread::NewSplinePoint(std::string)’:
[25.533s] /home/juchan-yoon/FR5_robot_control/robot_ws/src/vendor/frcobot_ros2/fairino_hardware_v3_9_7/src/command_server.cpp:2053:37: warning: ‘speed’ may be used uninitialized [-Wmaybe-uninitialized]
[25.533s]  2053 |             acc,ovl,blendR,lastflag));
[25.533s]       |                                     ^
[25.533s] /home/juchan-yoon/FR5_robot_control/robot_ws/src/vendor/frcobot_ros2/fairino_hardware_v3_9_7/src/command_server.cpp:2007:9: note: ‘speed’ was declared here
[25.533s]  2007 |     int speed,tool,user;
[25.533s]       |         ^~~~~
[25.533s] /home/juchan-yoon/FR5_robot_control/robot_ws/src/vendor/frcobot_ros2/fairino_hardware_v3_9_7/src/command_server.cpp:2053:37: warning: ‘tool’ may be used uninitialized [-Wmaybe-uninitialized]
[25.533s]  2053 |             acc,ovl,blendR,lastflag));
[25.533s]       |                                     ^
[25.533s] /home/juchan-yoon/FR5_robot_control/robot_ws/src/vendor/frcobot_ros2/fairino_hardware_v3_9_7/src/command_server.cpp:2007:15: note: ‘tool’ was declared here
[25.534s]  2007 |     int speed,tool,user;
[25.534s]       |               ^~~~
[25.534s] /home/juchan-yoon/FR5_robot_control/robot_ws/src/vendor/frcobot_ros2/fairino_hardware_v3_9_7/src/command_server.cpp:2053:37: warning: ‘user’ may be used uninitialized [-Wmaybe-uninitialized]
[25.534s]  2053 |             acc,ovl,blendR,lastflag));
[25.534s]       |                                     ^
[25.534s] /home/juchan-yoon/FR5_robot_control/robot_ws/src/vendor/frcobot_ros2/fairino_hardware_v3_9_7/src/command_server.cpp:2007:20: note: ‘user’ was declared here
[25.534s]  2007 |     int speed,tool,user;
[25.534s]       |                    ^~~~
[25.534s] /home/juchan-yoon/FR5_robot_control/robot_ws/src/vendor/frcobot_ros2/fairino_hardware_v3_9_7/src/command_server.cpp:2053:37: warning: ‘lastflag’ may be used uninitialized [-Wmaybe-uninitialized]
[25.534s]  2053 |             acc,ovl,blendR,lastflag));
[25.534s]       |                                     ^
[25.534s] /home/juchan-yoon/FR5_robot_control/robot_ws/src/vendor/frcobot_ros2/fairino_hardware_v3_9_7/src/command_server.cpp:2008:13: note: ‘lastflag’ was declared here
[25.534s]  2008 |     uint8_t lastflag;
[25.534s]       |             ^~~~~~~~
[29.907s] [100%] Linking CXX executable ros2_cmd_server
[30.127s] [100%] Built target ros2_cmd_server
[30.141s] Invoked command in '/home/juchan-yoon/FR5_robot_control/robot_ws/build/fairino_hardware_v3_9_7' returned '0': AMENT_PREFIX_PATH=/home/juchan-yoon/FR5_robot_control/robot_ws/install/fairino_msgs:${AMENT_PREFIX_PATH} CMAKE_PREFIX_PATH=/home/juchan-yoon/FR5_robot_control/robot_ws/install/fairino_msgs:/home/juchan-yoon/FR5_robot_control/ros2_ws/install/vision_interfaces:/home/juchan-yoon/turtlebot3_ws/install/turtlebot3:/home/juchan-yoon/turtlebot3_ws/install/turtlebot3_simulations:/home/juchan-yoon/turtlebot3_ws/install/turtlebot3_bringup:/home/juchan-yoon/turtlebot3_ws/install/turtlebot3_node:/home/juchan-yoon/turtlebot3_ws/install/turtlebot3_navigation2:/home/juchan-yoon/turtlebot3_ws/install/turtlebot3_fake_node:/home/juchan-yoon/turtlebot3_ws/install/turtlebot3_msgs:/home/juchan-yoon/turtlebot3_ws/install/turtlebot3_gazebo:/home/juchan-yoon/turtlebot3_ws/install/turtlebot3_description:/home/juchan-yoon/turtlebot3_ws/install/turtlebot3_cartographer:/home/juchan-yoon/turtlebot3_ws/install/dynamixel_sdk_examples:/home/juchan-yoon/turtlebot3_ws/install/dynamixel_sdk_custom_interfaces:/home/juchan-yoon/turtlebot3_ws/install/dynamixel_sdk:/opt/ros/jazzy/opt/gz_sim_vendor:/opt/ros/jazzy/opt/gz_sensors_vendor:/opt/ros/jazzy/opt/gz_physics_vendor:/opt/ros/jazzy/opt/sdformat_vendor:/opt/ros/jazzy/opt/gz_gui_vendor:/opt/ros/jazzy/opt/gz_transport_vendor:/opt/ros/jazzy/opt/gz_rendering_vendor:/opt/ros/jazzy/opt/gz_plugin_vendor:/opt/ros/jazzy/opt/gz_fuel_tools_vendor:/opt/ros/jazzy/opt/gz_msgs_vendor:/opt/ros/jazzy/opt/gz_common_vendor:/opt/ros/jazzy/opt/gz_math_vendor:/opt/ros/jazzy/opt/gz_utils_vendor:/opt/ros/jazzy/opt/gz_tools_vendor:/opt/ros/jazzy/opt/gz_ogre_next_vendor:/opt/ros/jazzy/opt/gz_dartsim_vendor:/opt/ros/jazzy/opt/gz_cmake_vendor:/home/juchan-yoon/FR5_robot_control/ros2_ws/install/vision_server:/home/juchan-yoon/FR5_robot_control/ros2_ws/install/fr5_process_sequences:/home/juchan-yoon/turtlebot3_ws/install/turtlebot3_test:/home/juchan-yoon/turtlebot3_ws/install/turtlebot3_teleop:/home/juchan-yoon/turtlebot3_ws/install/turtlebot3_example:/opt/ros/jazzy DEBUGINFOD_URLS=https://debuginfod.ubuntu.com LD_LIBRARY_PATH=/home/juchan-yoon/FR5_robot_control/robot_ws/install/fairino_msgs/lib:${LD_LIBRARY_PATH} PYTHONPATH=/home/juchan-yoon/FR5_robot_control/robot_ws/install/fairino_msgs/lib/python3.12/site-packages:${PYTHONPATH} /usr/bin/cmake --build /home/juchan-yoon/FR5_robot_control/robot_ws/build/fairino_hardware_v3_9_7 -- -j16 -l16
[30.142s] Invoking command in '/home/juchan-yoon/FR5_robot_control/robot_ws/build/fairino_hardware_v3_9_7': AMENT_PREFIX_PATH=/home/juchan-yoon/FR5_robot_control/robot_ws/install/fairino_msgs:${AMENT_PREFIX_PATH} CMAKE_PREFIX_PATH=/home/juchan-yoon/FR5_robot_control/robot_ws/install/fairino_msgs:/home/juchan-yoon/FR5_robot_control/ros2_ws/install/vision_interfaces:/home/juchan-yoon/turtlebot3_ws/install/turtlebot3:/home/juchan-yoon/turtlebot3_ws/install/turtlebot3_simulations:/home/juchan-yoon/turtlebot3_ws/install/turtlebot3_bringup:/home/juchan-yoon/turtlebot3_ws/install/turtlebot3_node:/home/juchan-yoon/turtlebot3_ws/install/turtlebot3_navigation2:/home/juchan-yoon/turtlebot3_ws/install/turtlebot3_fake_node:/home/juchan-yoon/turtlebot3_ws/install/turtlebot3_msgs:/home/juchan-yoon/turtlebot3_ws/install/turtlebot3_gazebo:/home/juchan-yoon/turtlebot3_ws/install/turtlebot3_description:/home/juchan-yoon/turtlebot3_ws/install/turtlebot3_cartographer:/home/juchan-yoon/turtlebot3_ws/install/dynamixel_sdk_examples:/home/juchan-yoon/turtlebot3_ws/install/dynamixel_sdk_custom_interfaces:/home/juchan-yoon/turtlebot3_ws/install/dynamixel_sdk:/opt/ros/jazzy/opt/gz_sim_vendor:/opt/ros/jazzy/opt/gz_sensors_vendor:/opt/ros/jazzy/opt/gz_physics_vendor:/opt/ros/jazzy/opt/sdformat_vendor:/opt/ros/jazzy/opt/gz_gui_vendor:/opt/ros/jazzy/opt/gz_transport_vendor:/opt/ros/jazzy/opt/gz_rendering_vendor:/opt/ros/jazzy/opt/gz_plugin_vendor:/opt/ros/jazzy/opt/gz_fuel_tools_vendor:/opt/ros/jazzy/opt/gz_msgs_vendor:/opt/ros/jazzy/opt/gz_common_vendor:/opt/ros/jazzy/opt/gz_math_vendor:/opt/ros/jazzy/opt/gz_utils_vendor:/opt/ros/jazzy/opt/gz_tools_vendor:/opt/ros/jazzy/opt/gz_ogre_next_vendor:/opt/ros/jazzy/opt/gz_dartsim_vendor:/opt/ros/jazzy/opt/gz_cmake_vendor:/home/juchan-yoon/FR5_robot_control/ros2_ws/install/vision_server:/home/juchan-yoon/FR5_robot_control/ros2_ws/install/fr5_process_sequences:/home/juchan-yoon/turtlebot3_ws/install/turtlebot3_test:/home/juchan-yoon/turtlebot3_ws/install/turtlebot3_teleop:/home/juchan-yoon/turtlebot3_ws/install/turtlebot3_example:/opt/ros/jazzy DEBUGINFOD_URLS=https://debuginfod.ubuntu.com LD_LIBRARY_PATH=/home/juchan-yoon/FR5_robot_control/robot_ws/install/fairino_msgs/lib:${LD_LIBRARY_PATH} PYTHONPATH=/home/juchan-yoon/FR5_robot_control/robot_ws/install/fairino_msgs/lib/python3.12/site-packages:${PYTHONPATH} /usr/bin/cmake --install /home/juchan-yoon/FR5_robot_control/robot_ws/build/fairino_hardware_v3_9_7
[30.150s] -- Install configuration: "Release"
[30.150s] -- Execute custom install script
[30.150s] -- Symlinking: /home/juchan-yoon/FR5_robot_control/robot_ws/install/fairino_hardware_v3_9_7/share/fairino_hardware_v3_9_7//fairino_hardware.xml
[30.157s] -- Symlinking: /home/juchan-yoon/FR5_robot_control/robot_ws/install/fairino_hardware_v3_9_7/lib/fairino_hardware_v3_9_7/ros2_cmd_server
[30.163s] -- Symlinking: /home/juchan-yoon/FR5_robot_control/robot_ws/install/fairino_hardware_v3_9_7/lib/fairino_hardware_v3_9_7/srv_test_client
[30.172s] -- Symlinking: /home/juchan-yoon/FR5_robot_control/robot_ws/install/fairino_hardware_v3_9_7/share/fairino_hardware_v3_9_7/environment/library_path.sh
[30.180s] -- Symlinking: /home/juchan-yoon/FR5_robot_control/robot_ws/install/fairino_hardware_v3_9_7/share/fairino_hardware_v3_9_7/environment/library_path.dsv
[30.188s] -- Symlinking: /home/juchan-yoon/FR5_robot_control/robot_ws/install/fairino_hardware_v3_9_7/share/ament_index/resource_index/package_run_dependencies/fairino_hardware_v3_9_7
[30.197s] -- Symlinking: /home/juchan-yoon/FR5_robot_control/robot_ws/install/fairino_hardware_v3_9_7/share/ament_index/resource_index/parent_prefix_path/fairino_hardware_v3_9_7
[30.207s] -- Symlinking: /home/juchan-yoon/FR5_robot_control/robot_ws/install/fairino_hardware_v3_9_7/share/fairino_hardware_v3_9_7/environment/ament_prefix_path.sh
[30.215s] -- Symlinking: /home/juchan-yoon/FR5_robot_control/robot_ws/install/fairino_hardware_v3_9_7/share/fairino_hardware_v3_9_7/environment/ament_prefix_path.dsv
[30.223s] -- Symlinking: /home/juchan-yoon/FR5_robot_control/robot_ws/install/fairino_hardware_v3_9_7/share/fairino_hardware_v3_9_7/environment/path.sh
[30.230s] -- Symlinking: /home/juchan-yoon/FR5_robot_control/robot_ws/install/fairino_hardware_v3_9_7/share/fairino_hardware_v3_9_7/environment/path.dsv
[30.237s] -- Symlinking: /home/juchan-yoon/FR5_robot_control/robot_ws/install/fairino_hardware_v3_9_7/share/fairino_hardware_v3_9_7/local_setup.bash
[30.249s] -- Symlinking: /home/juchan-yoon/FR5_robot_control/robot_ws/install/fairino_hardware_v3_9_7/share/fairino_hardware_v3_9_7/local_setup.sh
[30.260s] -- Symlinking: /home/juchan-yoon/FR5_robot_control/robot_ws/install/fairino_hardware_v3_9_7/share/fairino_hardware_v3_9_7/local_setup.zsh
[30.265s] -- Symlinking: /home/juchan-yoon/FR5_robot_control/robot_ws/install/fairino_hardware_v3_9_7/share/fairino_hardware_v3_9_7/local_setup.dsv
[30.274s] -- Symlinking: /home/juchan-yoon/FR5_robot_control/robot_ws/install/fairino_hardware_v3_9_7/share/fairino_hardware_v3_9_7/package.dsv
[30.282s] -- Symlinking: /home/juchan-yoon/FR5_robot_control/robot_ws/install/fairino_hardware_v3_9_7/share/ament_index/resource_index/packages/fairino_hardware_v3_9_7
[30.288s] -- Symlinking: /home/juchan-yoon/FR5_robot_control/robot_ws/install/fairino_hardware_v3_9_7/share/ament_index/resource_index/hardware_interface__pluginlib__plugin/fairino_hardware_v3_9_7
[30.294s] -- Symlinking: /home/juchan-yoon/FR5_robot_control/robot_ws/install/fairino_hardware_v3_9_7/share/fairino_hardware_v3_9_7/cmake/ament_cmake_export_targets-extras.cmake
[30.301s] -- Symlinking: /home/juchan-yoon/FR5_robot_control/robot_ws/install/fairino_hardware_v3_9_7/share/fairino_hardware_v3_9_7/cmake/ament_cmake_export_dependencies-extras.cmake
[30.309s] -- Symlinking: /home/juchan-yoon/FR5_robot_control/robot_ws/install/fairino_hardware_v3_9_7/share/fairino_hardware_v3_9_7/cmake/fairino_hardware_v3_9_7Config.cmake
[30.324s] -- Symlinking: /home/juchan-yoon/FR5_robot_control/robot_ws/install/fairino_hardware_v3_9_7/share/fairino_hardware_v3_9_7/cmake/fairino_hardware_v3_9_7Config-version.cmake
[30.341s] -- Symlinking: /home/juchan-yoon/FR5_robot_control/robot_ws/install/fairino_hardware_v3_9_7/share/fairino_hardware_v3_9_7/package.xml
[30.350s] -- Installing: /home/juchan-yoon/FR5_robot_control/robot_ws/install/fairino_hardware_v3_9_7/lib/fairino_hardware_v3_9_7/libfairino_hardware.so
[30.353s] -- Set non-toolchain portion of runtime path of "/home/juchan-yoon/FR5_robot_control/robot_ws/install/fairino_hardware_v3_9_7/lib/fairino_hardware_v3_9_7/libfairino_hardware.so" to ""
[30.353s] -- Installing: /home/juchan-yoon/FR5_robot_control/robot_ws/install/fairino_hardware_v3_9_7/share/fairino_hardware_v3_9_7/cmake/fairino_hardwareExport.cmake
[30.353s] -- Installing: /home/juchan-yoon/FR5_robot_control/robot_ws/install/fairino_hardware_v3_9_7/share/fairino_hardware_v3_9_7/cmake/fairino_hardwareExport-release.cmake
[30.355s] Invoked command in '/home/juchan-yoon/FR5_robot_control/robot_ws/build/fairino_hardware_v3_9_7' returned '0': AMENT_PREFIX_PATH=/home/juchan-yoon/FR5_robot_control/robot_ws/install/fairino_msgs:${AMENT_PREFIX_PATH} CMAKE_PREFIX_PATH=/home/juchan-yoon/FR5_robot_control/robot_ws/install/fairino_msgs:/home/juchan-yoon/FR5_robot_control/ros2_ws/install/vision_interfaces:/home/juchan-yoon/turtlebot3_ws/install/turtlebot3:/home/juchan-yoon/turtlebot3_ws/install/turtlebot3_simulations:/home/juchan-yoon/turtlebot3_ws/install/turtlebot3_bringup:/home/juchan-yoon/turtlebot3_ws/install/turtlebot3_node:/home/juchan-yoon/turtlebot3_ws/install/turtlebot3_navigation2:/home/juchan-yoon/turtlebot3_ws/install/turtlebot3_fake_node:/home/juchan-yoon/turtlebot3_ws/install/turtlebot3_msgs:/home/juchan-yoon/turtlebot3_ws/install/turtlebot3_gazebo:/home/juchan-yoon/turtlebot3_ws/install/turtlebot3_description:/home/juchan-yoon/turtlebot3_ws/install/turtlebot3_cartographer:/home/juchan-yoon/turtlebot3_ws/install/dynamixel_sdk_examples:/home/juchan-yoon/turtlebot3_ws/install/dynamixel_sdk_custom_interfaces:/home/juchan-yoon/turtlebot3_ws/install/dynamixel_sdk:/opt/ros/jazzy/opt/gz_sim_vendor:/opt/ros/jazzy/opt/gz_sensors_vendor:/opt/ros/jazzy/opt/gz_physics_vendor:/opt/ros/jazzy/opt/sdformat_vendor:/opt/ros/jazzy/opt/gz_gui_vendor:/opt/ros/jazzy/opt/gz_transport_vendor:/opt/ros/jazzy/opt/gz_rendering_vendor:/opt/ros/jazzy/opt/gz_plugin_vendor:/opt/ros/jazzy/opt/gz_fuel_tools_vendor:/opt/ros/jazzy/opt/gz_msgs_vendor:/opt/ros/jazzy/opt/gz_common_vendor:/opt/ros/jazzy/opt/gz_math_vendor:/opt/ros/jazzy/opt/gz_utils_vendor:/opt/ros/jazzy/opt/gz_tools_vendor:/opt/ros/jazzy/opt/gz_ogre_next_vendor:/opt/ros/jazzy/opt/gz_dartsim_vendor:/opt/ros/jazzy/opt/gz_cmake_vendor:/home/juchan-yoon/FR5_robot_control/ros2_ws/install/vision_server:/home/juchan-yoon/FR5_robot_control/ros2_ws/install/fr5_process_sequences:/home/juchan-yoon/turtlebot3_ws/install/turtlebot3_test:/home/juchan-yoon/turtlebot3_ws/install/turtlebot3_teleop:/home/juchan-yoon/turtlebot3_ws/install/turtlebot3_example:/opt/ros/jazzy DEBUGINFOD_URLS=https://debuginfod.ubuntu.com LD_LIBRARY_PATH=/home/juchan-yoon/FR5_robot_control/robot_ws/install/fairino_msgs/lib:${LD_LIBRARY_PATH} PYTHONPATH=/home/juchan-yoon/FR5_robot_control/robot_ws/install/fairino_msgs/lib/python3.12/site-packages:${PYTHONPATH} /usr/bin/cmake --install /home/juchan-yoon/FR5_robot_control/robot_ws/build/fairino_hardware_v3_9_7
