# Blender 5.2.0 LTS
# www.blender.org
mtllib wrist2_link.mtl
o wrist2_link
v 0.022591 0.127471 0.047150
v 0.022973 0.126046 0.046000
v 0.022973 0.126046 0.047150
v 0.024016 0.125003 0.046000
v 0.024016 0.125003 0.047150
v 0.025441 0.124621 0.046000
v 0.025441 0.124621 0.047150
v 0.026866 0.125003 0.046000
v 0.026866 0.125003 0.047150
v 0.027909 0.126046 0.046000
v 0.027909 0.126046 0.047150
v 0.028291 0.127471 0.046000
v 0.028291 0.127471 0.047150
v 0.027909 0.128896 0.046000
v 0.027909 0.128896 0.047150
v 0.026866 0.129939 0.046000
v 0.026866 0.129939 0.047150
v 0.025441 0.130321 0.046000
v 0.025441 0.130321 0.047150
v 0.024016 0.129939 0.046000
v 0.024016 0.129939 0.047150
v 0.022973 0.128896 0.046000
v 0.022973 0.128896 0.047150
v 0.022591 0.127471 0.046000
v 0.022621 0.076559 0.047150
v 0.023003 0.075134 0.046000
v 0.023003 0.075134 0.047150
v 0.024046 0.074091 0.046000
v 0.024046 0.074091 0.047150
v 0.025471 0.073709 0.046000
v 0.025471 0.073709 0.047150
v 0.026896 0.074091 0.046000
v 0.026896 0.074091 0.047150
v 0.027939 0.075134 0.046000
v 0.027939 0.075134 0.047150
v 0.028321 0.076559 0.046000
v 0.028321 0.076559 0.047150
v 0.027939 0.077984 0.046000
v 0.027939 0.077984 0.047150
v 0.026896 0.079027 0.046000
v 0.026896 0.079027 0.047150
v 0.025471 0.079409 0.046000
v 0.025471 0.079409 0.047150
v 0.024046 0.079027 0.046000
v 0.024046 0.079027 0.047150
v 0.023003 0.077984 0.046000
v 0.023003 0.077984 0.047150
v 0.022621 0.076559 0.046000
v -0.028291 0.076529 0.047150
v -0.027909 0.075104 0.046000
v -0.027909 0.075104 0.047150
v -0.026866 0.074061 0.046000
v -0.026866 0.074061 0.047150
v -0.025441 0.073679 0.046000
v -0.025441 0.073679 0.047150
v -0.024016 0.074061 0.046000
v -0.024016 0.074061 0.047150
v -0.022973 0.075104 0.046000
v -0.022973 0.075104 0.047150
v -0.022591 0.076529 0.046000
v -0.022591 0.076529 0.047150
v -0.022973 0.077954 0.046000
v -0.022973 0.077954 0.047150
v -0.024016 0.078997 0.046000
v -0.024016 0.078997 0.047150
v -0.025441 0.079379 0.046000
v -0.025441 0.079379 0.047150
v -0.026866 0.078997 0.046000
v -0.026866 0.078997 0.047150
v -0.027909 0.077954 0.046000
v -0.027909 0.077954 0.047150
v -0.028291 0.076529 0.046000
v -0.028321 0.127441 0.047150
v -0.027939 0.126016 0.046000
v -0.027939 0.126016 0.047150
v -0.026896 0.124973 0.046000
v -0.026896 0.124973 0.047150
v -0.025471 0.124591 0.046000
v -0.025471 0.124591 0.047150
v -0.024046 0.124973 0.046000
v -0.024046 0.124973 0.047150
v -0.023003 0.126016 0.046000
v -0.023003 0.126016 0.047150
v -0.022621 0.127441 0.046000
v -0.022621 0.127441 0.047150
v -0.023003 0.128866 0.046000
v -0.023003 0.128866 0.047150
v -0.024046 0.129909 0.046000
v -0.024046 0.129909 0.047150
v -0.025471 0.130291 0.046000
v -0.025471 0.130291 0.047150
v -0.026896 0.129909 0.046000
v -0.026896 0.129909 0.047150
v -0.027939 0.128866 0.046000
v -0.027939 0.128866 0.047150
v -0.028321 0.127441 0.046000
v -0.037500 0.102000 -0.053000
v -0.037500 0.102000 -0.057000
v -0.036779 0.094684 -0.057000
v -0.036779 0.094684 -0.053000
v -0.034645 0.087649 -0.057000
v -0.034645 0.087649 -0.053000
v -0.031180 0.081166 -0.057000
v -0.031180 0.081166 -0.053000
v -0.026517 0.075484 -0.057000
v -0.026517 0.075484 -0.053000
v -0.020834 0.070820 -0.057000
v -0.020834 0.070820 -0.053000
v -0.014351 0.067355 -0.057000
v -0.014351 0.067355 -0.053000
v -0.007316 0.065221 -0.057000
v -0.007316 0.065221 -0.053000
v -0.000000 0.064500 -0.057000
v -0.000000 0.064500 -0.053000
v 0.007316 0.065221 -0.057000
v 0.007316 0.065221 -0.053000
v 0.014351 0.067355 -0.057000
v 0.014351 0.067355 -0.053000
v 0.020834 0.070820 -0.057000
v 0.020834 0.070820 -0.053000
v 0.026517 0.075483 -0.057000
v 0.026517 0.075483 -0.053000
v 0.031180 0.081166 -0.057000
v 0.031180 0.081166 -0.053000
v 0.034645 0.087649 -0.057000
v 0.034645 0.087649 -0.053000
v 0.036779 0.094684 -0.057000
v 0.036779 0.094684 -0.053000
v 0.037500 0.102000 -0.057000
v 0.037500 0.102000 -0.053000
v -0.013791 0.091228 -0.058100
v -0.013791 0.091228 -0.057000
v -0.016268 0.095549 -0.057000
v -0.016268 0.095549 -0.058100
v -0.017426 0.100394 -0.057000
v -0.017426 0.100394 -0.058100
v -0.017173 0.105368 -0.057000
v -0.017173 0.105368 -0.058100
v -0.015528 0.110070 -0.057000
v -0.015528 0.110070 -0.058100
v -0.012626 0.114118 -0.057000
v -0.012626 0.114118 -0.058100
v -0.008700 0.117184 -0.057000
v -0.008700 0.117184 -0.058100
v -0.004070 0.119020 -0.057000
v -0.004070 0.119020 -0.058100
v 0.000890 0.119477 -0.057000
v 0.000890 0.119477 -0.058100
v 0.005778 0.118519 -0.057000
v 0.005778 0.118519 -0.058100
v 0.010198 0.116222 -0.057000
v 0.010198 0.116222 -0.058100
v 0.013791 0.112772 -0.057000
v 0.013791 0.112772 -0.058100
v -0.013713 0.091289 -0.058200
v -0.016175 0.095586 -0.058200
v -0.017327 0.100403 -0.058200
v -0.017075 0.105349 -0.058200
v -0.015439 0.110024 -0.058200
v -0.012553 0.114049 -0.058200
v -0.008650 0.117097 -0.058200
v -0.004047 0.118923 -0.058200
v 0.000885 0.119377 -0.058200
v 0.005745 0.118424 -0.058200
v 0.010140 0.116140 -0.058200
v 0.013713 0.112711 -0.058200
v 0.002364 0.103847 -0.057200
v 0.003152 0.104462 -0.058200
v 0.002971 0.102417 -0.057200
v 0.003961 0.102556 -0.058200
v 0.002781 0.100876 -0.057200
v 0.003709 0.100501 -0.058200
v 0.001847 0.099636 -0.057200
v 0.002462 0.098848 -0.058200
v 0.000417 0.099029 -0.057200
v 0.000556 0.098039 -0.058200
v -0.001124 0.099219 -0.057200
v -0.001499 0.098291 -0.058200
v -0.002364 0.100153 -0.057200
v -0.003152 0.099538 -0.058200
v -0.002364 0.100153 -0.057000
v -0.001124 0.099219 -0.057000
v 0.000417 0.099029 -0.057000
v 0.001847 0.099636 -0.057000
v 0.002781 0.100876 -0.057000
v 0.002971 0.102417 -0.057000
v 0.002364 0.103847 -0.057000
v 0.000000 0.057000 -0.037500
v 0.000000 0.053200 -0.037500
v 0.007316 0.057000 -0.036779
v 0.007316 0.053200 -0.036779
v 0.014351 0.057000 -0.034645
v 0.014351 0.053200 -0.034645
v 0.020834 0.057000 -0.031180
v 0.020834 0.053200 -0.031180
v 0.026517 0.057000 -0.026517
v 0.026517 0.053200 -0.026517
v 0.031180 0.057000 -0.020834
v 0.031180 0.053200 -0.020834
v 0.034645 0.057000 -0.014351
v 0.034645 0.053200 -0.014351
v 0.036779 0.057000 -0.007316
v 0.036779 0.053200 -0.007316
v 0.037500 0.057000 -0.000000
v 0.037500 0.053200 -0.000000
v 0.036779 0.057000 0.007316
v 0.036779 0.053200 0.007316
v 0.034645 0.057000 0.014351
v 0.034645 0.053200 0.014351
v 0.031180 0.057000 0.020834
v 0.031180 0.053200 0.020834
v 0.026517 0.057000 0.026517
v 0.026517 0.053200 0.026517
v 0.020834 0.057000 0.031180
v 0.020834 0.053200 0.031180
v 0.014351 0.057000 0.034645
v 0.014351 0.053200 0.034645
v 0.007316 0.057000 0.036779
v 0.007316 0.053200 0.036779
v 0.000000 0.057000 0.037500
v 0.000000 0.053200 0.037500
v -0.007316 0.057000 0.036779
v -0.007316 0.053200 0.036779
v -0.014351 0.057000 0.034645
v -0.014351 0.053200 0.034645
v -0.020834 0.057000 0.031180
v -0.020834 0.053200 0.031180
v -0.026517 0.057000 0.026517
v -0.026517 0.053200 0.026517
v -0.031180 0.057000 0.020834
v -0.031180 0.053200 0.020834
v -0.034645 0.057000 0.014351
v -0.034645 0.053200 0.014351
v -0.036779 0.057000 0.007316
v -0.036779 0.053200 0.007316
v -0.037500 0.057000 -0.000000
v -0.037500 0.053200 -0.000000
v -0.036779 0.057000 -0.007316
v -0.036779 0.053200 -0.007316
v -0.034645 0.057000 -0.014351
v -0.034645 0.053200 -0.014351
v -0.031180 0.057000 -0.020834
v -0.031180 0.053200 -0.020834
v -0.026517 0.057000 -0.026517
v -0.026517 0.053200 -0.026517
v -0.020834 0.057000 -0.031180
v -0.020834 0.053200 -0.031180
v -0.014351 0.057000 -0.034645
v -0.014351 0.053200 -0.034645
v -0.007316 0.057000 -0.036779
v -0.007316 0.053200 -0.036779
v 0.039926 0.053637 -0.000806
v 0.039890 0.053600 -0.000795
v 0.039549 0.053259 -0.000801
v 0.039982 0.053693 -0.000859
v 0.039977 0.053688 -0.000845
v 0.039960 0.053671 -0.000826
v 0.039948 0.053659 -0.000813
v 0.039520 0.053230 -0.000798
v 0.039200 0.053202 -0.004857
v 0.039498 0.053208 -0.000788
v 0.039492 0.053202 -0.000786
v 0.004442 0.053202 -0.039250
v 0.000000 0.053202 -0.039500
v 0.000000 0.053702 -0.040000
v 0.003800 0.053702 -0.039786
v 0.004498 0.053702 -0.039746
v 0.007574 0.053202 -0.038588
v 0.011257 0.053702 -0.038320
v 0.011800 0.053202 -0.037696
v 0.011950 0.053702 -0.038173
v 0.014866 0.053202 -0.036405
v 0.018305 0.053702 -0.035496
v 0.018731 0.053202 -0.034776
v 0.018968 0.053702 -0.035216
v 0.021600 0.053202 -0.032858
v 0.024691 0.053702 -0.031390
v 0.024983 0.053202 -0.030596
v 0.025300 0.053702 -0.030983
v 0.027526 0.053202 -0.028080
v 0.030185 0.053702 -0.026149
v 0.030329 0.053202 -0.025306
v 0.030713 0.053702 -0.025626
v 0.032420 0.053202 -0.022250
v 0.034587 0.053702 -0.019963
v 0.034576 0.053202 -0.019098
v 0.035014 0.053702 -0.019340
v 0.036099 0.053202 -0.015587
v 0.037740 0.053702 -0.013056
v 0.037569 0.053202 -0.012199
v 0.038045 0.053702 -0.012353
v 0.038426 0.053202 -0.008340
v 0.039528 0.053702 -0.005678
v 0.039696 0.053702 -0.004918
v 0.039990 0.053702 -0.000896
v 0.039989 0.053701 -0.000882
v 0.000882 0.062011 -0.052499
v 0.000859 0.062018 -0.052507
v 0.000896 0.062010 -0.052498
v 0.000833 0.062046 -0.052535
v 0.001394 0.062046 -0.052498
v 0.000806 0.062074 -0.052563
v 0.000845 0.062023 -0.052512
v 0.000826 0.062040 -0.052529
v 0.000813 0.062052 -0.052541
v 0.000801 0.062451 -0.052941
v 0.000798 0.062480 -0.052970
v 0.004857 0.062800 -0.052998
v 0.000788 0.062502 -0.052992
v 0.000785 0.062508 -0.052998
v 0.000795 0.062110 -0.052600
v 0.004918 0.062304 -0.052498
v 0.008959 0.063201 -0.052498
v 0.008340 0.063574 -0.052998
v 0.012353 0.063955 -0.052498
v 0.012199 0.064431 -0.052998
v 0.016198 0.065623 -0.052498
v 0.015587 0.065901 -0.052998
v 0.019340 0.066986 -0.052498
v 0.019098 0.067424 -0.052998
v 0.022842 0.069382 -0.052498
v 0.022250 0.069580 -0.052998
v 0.025626 0.071287 -0.052498
v 0.025306 0.071671 -0.052998
v 0.028647 0.074339 -0.052498
v 0.028080 0.074474 -0.052998
v 0.030983 0.076701 -0.052498
v 0.030596 0.077017 -0.052998
v 0.033399 0.080313 -0.052498
v 0.032858 0.080400 -0.052998
v 0.035216 0.083032 -0.052498
v 0.034776 0.083269 -0.052998
v 0.036924 0.087085 -0.052498
v 0.036405 0.087134 -0.052998
v 0.038173 0.090050 -0.052498
v 0.037696 0.090200 -0.052998
v 0.039092 0.094404 -0.052498
v 0.038588 0.094427 -0.052998
v 0.039746 0.097502 -0.052498
v 0.039250 0.097558 -0.052998
v 0.040000 0.102000 -0.052498
v 0.039500 0.102000 -0.052998
v 0.039500 0.102000 0.045998
v 0.040000 0.102000 0.045498
v 0.039319 0.109350 0.045498
v 0.038827 0.109258 0.045998
v 0.039241 0.109625 0.045498
v 0.036833 0.116269 0.045998
v 0.037299 0.116450 0.045498
v 0.037044 0.116962 0.045498
v 0.033584 0.122794 0.045998
v 0.034009 0.123057 0.045498
v 0.033491 0.123743 0.045498
v 0.029191 0.128611 0.045998
v 0.029560 0.128948 0.045498
v 0.028713 0.129720 0.045498
v 0.023804 0.133522 0.045998
v 0.024105 0.133921 0.045498
v 0.022887 0.134675 0.045498
v 0.017607 0.137359 0.045998
v 0.017830 0.137807 0.045498
v 0.016225 0.138428 0.045498
v 0.010810 0.139992 0.045998
v 0.003691 0.141829 0.045498
v 0.003645 0.141332 0.045998
v 0.008973 0.140842 0.045498
v 0.010947 0.140473 0.045498
v 0.001394 0.141936 0.045498
v 0.000000 0.142000 0.045498
v -0.003645 0.141332 0.045998
v -0.001394 0.141936 0.045498
v -0.003691 0.141829 0.045498
v -0.010810 0.139992 0.045998
v -0.008973 0.140842 0.045498
v -0.010947 0.140473 0.045498
v -0.017607 0.137359 0.045998
v -0.016225 0.138428 0.045498
v -0.017830 0.137807 0.045498
v -0.023804 0.133522 0.045998
v -0.022887 0.134675 0.045498
v -0.024105 0.133921 0.045498
v -0.029191 0.128611 0.045998
v -0.028713 0.129720 0.045498
v -0.029560 0.128948 0.045498
v -0.033584 0.122794 0.045998
v -0.033491 0.123743 0.045498
v -0.034009 0.123057 0.045498
v -0.036833 0.116269 0.045998
v -0.037044 0.116962 0.045498
v -0.037299 0.116450 0.045498
v -0.039241 0.109625 0.045498
v -0.038827 0.109258 0.045998
v -0.039319 0.109350 0.045498
v -0.040000 0.102000 0.045498
v -0.039500 0.102000 0.045998
v -0.000017 0.056263 0.039993
v 0.000000 0.056262 0.039990
v 0.000000 0.056300 0.040000
v -0.000017 0.056300 0.040000
v -0.000017 0.056200 0.039900
v 0.000000 0.056200 0.039900
v -0.000017 0.056208 0.039938
v 0.000000 0.056210 0.039938
v 0.000000 0.056213 0.039950
v -0.000017 0.056229 0.039971
v 0.000000 0.056232 0.039968
v 0.000000 0.056250 0.039987
v -0.031535 0.073384 0.024608
v -0.032550 0.074402 0.023179
v -0.032482 0.053702 0.023122
v -0.003782 0.053702 -0.039662
v -0.002680 0.060789 -0.039910
v -0.001395 0.053702 -0.039976
v 0.000000 0.060658 -0.040000
v 0.001410 0.060696 -0.039975
v -0.008767 0.061753 -0.039026
v -0.008995 0.053702 -0.038976
v -0.008802 0.061759 -0.039020
v -0.011220 0.053702 -0.038231
v -0.009109 0.061839 -0.038937
v -0.005952 0.061208 -0.039555
v -0.004403 0.061010 -0.039723
v -0.003799 0.060932 -0.039789
v -0.018253 0.053702 -0.035419
v -0.017085 0.064387 -0.036128
v -0.016196 0.064037 -0.036533
v -0.014923 0.063536 -0.037112
v -0.013000 0.062915 -0.037798
v -0.016264 0.053702 -0.036544
v -0.011945 0.062573 -0.038175
v -0.011263 0.062397 -0.038358
v -0.023589 0.067548 -0.032304
v -0.020985 0.066137 -0.034046
v -0.024628 0.053702 -0.031327
v -0.020846 0.066062 -0.034138
v -0.022936 0.053702 -0.032771
v -0.018326 0.064886 -0.035548
v -0.018188 0.064822 -0.035626
v -0.027916 0.070418 -0.028604
v -0.026118 0.069126 -0.030296
v -0.030113 0.053702 -0.026102
v -0.028765 0.053702 -0.027795
v -0.024706 0.068245 -0.031417
v -0.024591 0.068173 -0.031508
v -0.034614 0.076640 -0.019984
v -0.034165 0.076123 -0.020731
v -0.034511 0.053702 -0.019932
v -0.033524 0.075384 -0.021799
v -0.033360 0.075195 -0.022072
v -0.031182 0.073061 -0.025053
v -0.030912 0.072835 -0.025359
v -0.033539 0.053702 -0.021798
v -0.030198 0.072238 -0.026166
v -0.028671 0.070962 -0.027892
v -0.037464 0.080673 -0.013915
v -0.036682 0.079360 -0.015950
v -0.037662 0.053702 -0.013042
v -0.035702 0.078015 -0.017961
v -0.035152 0.077260 -0.019089
v -0.037081 0.053702 -0.015000
v -0.039523 0.085442 -0.006159
v -0.039287 0.084745 -0.007320
v -0.039452 0.053702 -0.005679
v -0.038802 0.083310 -0.009712
v -0.039261 0.053702 -0.007652
v -0.038798 0.083298 -0.009732
v -0.037934 0.081464 -0.012689
v -0.037785 0.081213 -0.013078
v -0.039953 0.088356 0.001903
v -0.039964 0.088533 0.001703
v -0.039983 0.089277 -0.001156
v -0.039984 0.089394 0.001116
v -0.039987 0.089532 0.001022
v -0.039990 0.101084 0.000916
v -0.039990 0.101086 0.000914
v -0.039997 0.101543 -0.000457
v -0.039997 0.101543 0.000457
v -0.040000 0.102000 -0.000000
v -0.039989 0.094999 0.000924
v -0.039989 0.101066 0.000924
v -0.039989 0.101076 0.000922
v -0.039990 0.101086 -0.000914
v -0.039990 0.101084 -0.000916
v -0.039989 0.101076 -0.000922
v -0.039989 0.101066 -0.000924
v -0.039991 0.094501 0.000835
v -0.039989 0.094999 -0.000924
v -0.039993 0.093692 0.000750
v -0.039993 0.093867 -0.000738
v -0.039994 0.093434 -0.000707
v -0.039996 0.092158 0.000587
v -0.039996 0.091753 -0.000584
v -0.039995 0.091353 0.000639
v -0.039995 0.091477 -0.000614
v -0.039994 0.090579 0.000689
v -0.039993 0.090366 -0.000733
v -0.039984 0.089382 -0.001115
v -0.039976 0.089041 -0.001339
v -0.039956 0.088352 -0.001874
v -0.039817 0.053702 0.001890
v -0.039871 0.087272 -0.003216
v -0.040000 0.053702 -0.000023
v -0.039614 0.085922 -0.005387
v -0.039578 0.085733 -0.005691
v -0.039904 0.087593 0.002765
v -0.039637 0.085908 0.005380
v -0.038221 0.082026 0.011796
v -0.038778 0.083308 0.009705
v -0.038743 0.053702 0.009392
v -0.038852 0.083480 0.009425
v -0.039270 0.053702 0.007607
v -0.039026 0.083879 0.008774
v -0.039635 0.085903 0.005388
v -0.034649 0.076690 0.019908
v -0.035407 0.077584 0.018610
v -0.036268 0.053702 0.016556
v -0.033564 0.053702 0.021759
v -0.033530 0.075384 0.021801
v -0.033608 0.075462 0.021692
v -0.035711 0.078013 0.017965
v -0.036353 0.078920 0.016601
v -0.037098 0.053702 0.014958
v -0.036903 0.079697 0.015432
v -0.037454 0.080671 0.013911
v -0.026650 0.069488 0.029829
v -0.027576 0.070176 0.028922
v -0.027521 0.053702 0.028854
v -0.027907 0.070421 0.028598
v -0.028798 0.053702 0.027762
v -0.029279 0.071440 0.027253
v -0.030901 0.072838 0.025352
v -0.021565 0.053702 0.033543
v -0.021613 0.066474 0.033632
v -0.022974 0.053702 0.032745
v -0.024117 0.067860 0.031912
v -0.024599 0.068170 0.031515
v -0.018304 0.064873 0.035566
v -0.017086 0.064386 0.036130
v -0.016306 0.053702 0.036525
v -0.020985 0.066139 0.034046
v -0.021129 0.066207 0.033964
v -0.007565 0.061523 0.039249
v -0.008764 0.061758 0.039020
v -0.007555 0.053702 0.039162
v -0.009040 0.053702 0.038965
v -0.012027 0.062598 0.038149
v -0.014829 0.053702 0.037022
v -0.011072 0.062348 0.038409
v -0.008976 0.061799 0.038980
v -0.012999 0.062916 0.037796
v -0.014861 0.063526 0.037120
v -0.015245 0.063652 0.036981
v -0.001442 0.053702 0.039974
v -0.000896 0.053702 0.039990
v -0.000865 0.055469 0.039991
v -0.000491 0.056155 0.039997
v -0.000100 0.056296 0.040000
v 0.000000 0.060658 0.040000
v -0.002877 0.060808 0.039896
v -0.004404 0.061008 0.039726
v -0.000595 0.056042 0.039995
v -0.006005 0.061217 0.039547
v -0.000762 0.055859 0.039993
v 0.039917 0.053702 0.001901
v 0.039990 0.053702 0.000896
v 0.039991 0.055469 0.000865
v 0.039952 0.088380 0.001903
v 0.039993 0.055859 0.000762
v 0.039995 0.056042 0.000595
v 0.039989 0.089763 0.000921
v 0.039972 0.088775 -0.001498
v 0.039977 0.089038 -0.001344
v 0.039997 0.101543 -0.000457
v 0.040000 0.102000 -0.000000
v 0.039997 0.101543 0.000457
v 0.039989 0.101076 -0.000922
v 0.039990 0.101084 -0.000916
v 0.039990 0.101086 -0.000914
v 0.039990 0.101086 0.000914
v 0.039989 0.094999 -0.000924
v 0.039989 0.101066 -0.000924
v 0.039990 0.101084 0.000916
v 0.039989 0.101076 0.000922
v 0.039983 0.089420 -0.001122
v 0.039989 0.089768 -0.000919
v 0.039995 0.091068 0.000620
v 0.039995 0.090862 -0.000644
v 0.039995 0.091363 0.000618
v 0.039995 0.091474 -0.000624
v 0.039995 0.092630 0.000610
v 0.039996 0.092350 -0.000595
v 0.039993 0.093693 0.000751
v 0.039993 0.093434 -0.000729
v 0.039989 0.094999 0.000924
v 0.039989 0.101066 0.000924
v 0.039556 0.085733 -0.005687
v 0.039603 0.085915 -0.005383
v 0.039972 0.088777 0.001496
v 0.039764 0.086543 -0.004337
v 0.039921 0.087789 -0.002511
v 0.039983 0.089420 0.001121
v 0.039997 0.056155 0.000491
v 0.040000 0.056296 0.000100
v 0.040000 0.056300 0.000017
v 0.040000 0.056300 -0.000017
v 0.039998 0.056203 -0.000411
v 0.039995 0.056040 -0.000596
v 0.039994 0.055937 -0.000713
v 0.039991 0.055551 -0.000859
v 0.039991 0.055469 -0.000865
v 0.000017 0.056300 0.040000
v 0.002013 0.060734 0.039949
v 0.000411 0.056203 0.039998
v 0.004408 0.060997 0.039740
v 0.000596 0.056040 0.039995
v 0.004963 0.061058 0.039691
v 0.000713 0.055937 0.039994
v 0.007568 0.061512 0.039262
v 0.007535 0.053702 0.039116
v 0.000859 0.055551 0.039991
v 0.000865 0.055469 0.039991
v 0.004892 0.053702 0.039700
v 0.000896 0.053702 0.039990
v 0.014530 0.063398 0.037268
v 0.012997 0.062919 0.037792
v 0.014801 0.053702 0.036982
v 0.011323 0.062396 0.038364
v 0.012277 0.053702 0.038069
v 0.011000 0.062318 0.038444
v 0.008756 0.061770 0.039004
v 0.008021 0.061591 0.039187
v 0.021532 0.053702 0.033512
v 0.017833 0.064670 0.035805
v 0.019224 0.053702 0.035078
v 0.017090 0.064384 0.036134
v 0.014861 0.063526 0.037121
v 0.024593 0.068172 0.031510
v 0.023973 0.067774 0.032020
v 0.027485 0.053702 0.028831
v 0.025483 0.053702 0.030832
v 0.021610 0.066476 0.033628
v 0.020983 0.066131 0.034055
v 0.032443 0.053702 0.023108
v 0.031885 0.073713 0.024152
v 0.030889 0.072840 0.025344
v 0.029425 0.071557 0.027096
v 0.027908 0.070420 0.028599
v 0.030832 0.053702 0.025483
v 0.027579 0.070173 0.028925
v 0.026825 0.069609 0.029671
v 0.035763 0.078051 0.017917
v 0.035731 0.078013 0.017973
v 0.036229 0.053702 0.016549
v 0.033876 0.075755 0.021270
v 0.035078 0.053702 0.019224
v 0.033515 0.075384 0.021793
v 0.032555 0.074400 0.023183
v 0.038425 0.082452 0.011114
v 0.037473 0.080671 0.013919
v 0.038069 0.053702 0.012277
v 0.037251 0.080256 0.014573
v 0.036349 0.078919 0.016600
v 0.038765 0.083308 0.009702
v 0.038706 0.053702 0.009394
v 0.038833 0.083478 0.009421
v 0.039921 0.087790 0.002509
v 0.039765 0.086548 0.004329
v 0.039606 0.085915 0.005384
v 0.039273 0.084587 0.007594
v 0.039700 0.053702 0.004892
v 0.039307 0.084765 -0.007299
v 0.039219 0.084423 -0.007867
v 0.037184 0.080146 -0.014743
v 0.037470 0.080671 -0.013918
v 0.037764 0.081211 -0.013070
v 0.038331 0.082252 -0.011435
v 0.038762 0.083307 -0.009701
v 0.033506 0.075385 -0.021788
v 0.034114 0.076022 -0.020886
v 0.034195 0.076122 -0.020740
v 0.034615 0.076638 -0.019986
v 0.035727 0.078003 -0.017989
v 0.035733 0.078012 -0.017975
v 0.027923 0.070415 -0.028610
v 0.029881 0.071932 -0.026592
v 0.030214 0.072231 -0.026182
v 0.030892 0.072839 -0.025347
v 0.032160 0.073976 -0.023786
v 0.022349 0.066849 -0.033174
v 0.024600 0.068170 -0.031515
v 0.024717 0.068239 -0.031429
v 0.025072 0.068447 -0.031167
v 0.027476 0.070069 -0.029070
v 0.011263 0.062396 -0.038359
v 0.013005 0.062911 -0.037803
v 0.013678 0.063110 -0.037589
v 0.016658 0.064188 -0.036366
v 0.017096 0.064377 -0.036144
v 0.018314 0.064902 -0.035524
v 0.019571 0.065445 -0.034885
v 0.020966 0.066149 -0.034026
v 0.008753 0.061775 -0.038998
v 0.009160 0.061869 -0.038903
v 0.010608 0.062202 -0.038568
v 0.003801 0.060924 -0.039801
v 0.004410 0.060982 -0.039756
v 0.007446 0.061475 -0.039301
v 0.039146 0.093779 0.017688
v 0.039245 0.094371 0.017314
v 0.039241 0.094375 0.045498
v 0.000865 0.062009 -0.050732
v 0.000865 0.141991 -0.050732
v 0.000762 0.141993 -0.050342
v 0.000594 0.141995 -0.050158
v 0.000493 0.141997 -0.050046
v 0.000169 0.142000 -0.049914
v 0.000017 0.142000 -0.049900
v 0.000000 0.142000 -0.049900
v 0.000596 0.062005 -0.050160
v 0.000712 0.062006 -0.050261
v 0.001395 0.062045 -0.041217
v 0.000000 0.062000 -0.041266
v 0.000000 0.062000 -0.049900
v 0.000020 0.062001 -0.041265
v 0.000017 0.062000 -0.049900
v 0.000410 0.062002 -0.049997
v 0.000859 0.062009 -0.050642
v 0.002573 0.062083 -0.041176
v 0.004025 0.062238 -0.041022
v 0.005904 0.062438 -0.040823
v 0.007967 0.062827 -0.040454
v 0.015212 0.065005 -0.038488
v 0.012060 0.063861 -0.039501
v 0.011776 0.063784 -0.039571
v 0.008997 0.063029 -0.040263
v 0.008909 0.063005 -0.040285
v 0.021150 0.068049 -0.035914
v 0.019615 0.067178 -0.036641
v 0.018286 0.066424 -0.037270
v 0.016455 0.065579 -0.037996
v 0.016256 0.065487 -0.038074
v 0.026602 0.072128 -0.032653
v 0.025333 0.071091 -0.033471
v 0.023983 0.069987 -0.034342
v 0.022924 0.069262 -0.034930
v 0.022588 0.069033 -0.035116
v 0.031402 0.077223 -0.028809
v 0.032168 0.078294 -0.028038
v 0.033543 0.080217 -0.026653
v 0.030112 0.075725 -0.029922
v 0.029153 0.074612 -0.030750
v 0.028759 0.074228 -0.031044
v 0.027833 0.073326 -0.031735
v 0.036990 0.086790 -0.022153
v 0.036950 0.086681 -0.022224
v 0.035621 0.083858 -0.024126
v 0.035348 0.083279 -0.024516
v 0.034022 0.081017 -0.026093
v 0.033599 0.080295 -0.026596
v 0.039190 0.093993 -0.017555
v 0.038930 0.092968 -0.018198
v 0.038254 0.090312 -0.019864
v 0.038082 0.089832 -0.020176
v 0.037073 0.087021 -0.022003
v 0.039990 0.101086 -0.007167
v 0.039992 0.101195 -0.010898
v 0.039992 0.101211 -0.010695
v 0.039994 0.101304 -0.009524
v 0.039986 0.100963 -0.011638
v 0.039983 0.100836 -0.012044
v 0.039972 0.100538 -0.012510
v 0.039958 0.100176 -0.013076
v 0.039904 0.099268 -0.013967
v 0.039893 0.099082 -0.014150
v 0.039763 0.097744 -0.015121
v 0.039705 0.097151 -0.015551
v 0.039544 0.096164 -0.016177
v 0.039252 0.094370 -0.017316
v 0.039319 0.094650 0.045498
v 0.039561 0.096252 0.016124
v 0.039685 0.096992 0.015656
v 0.039773 0.097830 0.015068
v 0.039861 0.098670 0.014478
v 0.039906 0.099334 0.013887
v 0.039946 0.099931 0.013356
v 0.039974 0.100590 0.012446
v 0.039980 0.100735 0.012246
v 0.039987 0.100982 0.011574
v 0.039991 0.101150 0.011118
v 0.039992 0.101200 0.010635
v 0.039994 0.101304 0.009646
v 0.039992 0.101229 0.008704
v 0.039991 0.101131 0.007460
v 0.039990 0.101086 0.007167
v 0.037067 0.087023 0.022003
v 0.038122 0.089913 0.020120
v 0.038181 0.090074 0.020016
v 0.038959 0.093060 0.018140
v 0.036887 0.086530 0.022324
v 0.037044 0.087038 0.045498
v 0.035648 0.083897 0.024098
v 0.035428 0.083430 0.024412
v 0.037299 0.087550 0.045498
v 0.037008 0.086861 0.022108
v 0.031650 0.077540 0.028577
v 0.032214 0.078342 0.028001
v 0.033491 0.080257 0.045498
v 0.033537 0.080221 0.026651
v 0.034009 0.080943 0.045498
v 0.033702 0.080456 0.026482
v 0.034049 0.081053 0.026066
v 0.026913 0.072408 0.032436
v 0.027844 0.073329 0.031733
v 0.028713 0.074280 0.045498
v 0.028757 0.074231 0.031043
v 0.029560 0.075052 0.045498
v 0.029283 0.074751 0.030646
v 0.030141 0.075762 0.029896
v 0.016225 0.065572 0.045498
v 0.016256 0.065488 0.038074
v 0.016435 0.065571 0.038003
v 0.017830 0.066193 0.045498
v 0.018326 0.066445 0.037252
v 0.022887 0.069325 0.045498
v 0.019584 0.067165 0.036652
v 0.021388 0.068198 0.035791
v 0.022557 0.069008 0.035136
v 0.022924 0.069262 0.034930
v 0.024105 0.070079 0.045498
v 0.024125 0.070094 0.034256
v 0.025308 0.071076 0.033484
v 0.012357 0.063957 0.039415
v 0.010521 0.063441 0.039885
v 0.010947 0.063527 0.045498
v 0.013153 0.064249 0.039157
v 0.015212 0.065005 0.038488
v 0.006175 0.062479 0.040783
v 0.008973 0.063158 0.045498
v 0.005023 0.062345 0.040915
v 0.003691 0.062171 0.045498
v 0.003097 0.062120 0.041138
v 0.007805 0.062800 0.040480
v 0.008996 0.063034 0.040259
v 0.009232 0.063080 0.040215
v 0.002196 0.062085 0.041175
v 0.001394 0.062064 0.045498
v 0.001395 0.062054 0.041208
v 0.000000 0.062000 0.045498
v 0.000000 0.062000 0.041266
v 0.039992 0.101231 -0.008736
v 0.039746 0.106498 -0.052498
v 0.000896 0.141990 -0.052498
v 0.001394 0.141954 -0.052498
v 0.004918 0.141696 -0.052498
v 0.008959 0.140799 -0.052498
v 0.012353 0.140045 -0.052498
v 0.016198 0.138377 -0.052498
v 0.019340 0.137014 -0.052498
v 0.022842 0.134618 -0.052498
v 0.025626 0.132713 -0.052498
v 0.028647 0.129661 -0.052498
v 0.030983 0.127300 -0.052498
v 0.033399 0.123687 -0.052498
v 0.035216 0.120968 -0.052498
v 0.036924 0.116915 -0.052498
v 0.038173 0.113950 -0.052498
v 0.039092 0.109596 -0.052498
v 0.000000 0.053200 -0.039500
v -0.007658 0.053200 -0.038751
v -0.001378 0.053202 -0.039476
v -0.015025 0.053200 -0.036531
v -0.008882 0.053202 -0.038488
v -0.007645 0.053202 -0.038651
v -0.021822 0.053200 -0.032925
v -0.016061 0.053202 -0.036088
v -0.014996 0.053202 -0.036444
v -0.027791 0.053200 -0.028069
v -0.022649 0.053202 -0.032362
v -0.021781 0.053202 -0.032852
v -0.032706 0.053200 -0.022149
v -0.028406 0.053202 -0.027447
v -0.027743 0.053202 -0.028013
v -0.036379 0.053200 -0.015388
v -0.033120 0.053202 -0.021525
v -0.032655 0.053202 -0.022108
v -0.038672 0.053200 -0.008043
v -0.036617 0.053202 -0.014813
v -0.036331 0.053202 -0.015362
v -0.039498 0.053200 -0.000393
v -0.038770 0.053202 -0.007557
v -0.038630 0.053202 -0.008030
v -0.038825 0.053200 0.007272
v -0.039500 0.053202 -0.000023
v -0.039465 0.053202 -0.000390
v -0.036678 0.053200 0.014661
v -0.038779 0.053202 0.007512
v -0.038802 0.053202 0.007270
v -0.033140 0.053200 0.021494
v -0.036634 0.053202 0.014771
v -0.036668 0.053202 0.014658
v -0.028336 0.053202 0.027501
v -0.028438 0.053202 0.027415
v -0.028344 0.053200 0.027511
v -0.033139 0.053202 0.021493
v -0.033145 0.053202 0.021487
v -0.022686 0.053202 0.032335
v -0.022473 0.053200 0.032484
v -0.022461 0.053202 0.032463
v -0.016102 0.053202 0.036069
v -0.015749 0.053200 0.036225
v -0.015738 0.053202 0.036191
v -0.008927 0.053202 0.038478
v -0.008427 0.053200 0.038591
v -0.008421 0.053202 0.038545
v -0.001424 0.053202 0.039474
v -0.000785 0.053200 0.039492
v -0.000785 0.053202 0.039492
v 0.039500 0.102000 0.046000
v 0.038827 0.109258 0.046000
v 0.036833 0.116269 0.046000
v 0.033584 0.122794 0.046000
v 0.029191 0.128611 0.046000
v 0.023804 0.133522 0.046000
v 0.017607 0.137359 0.046000
v 0.010810 0.139992 0.046000
v 0.003645 0.141332 0.046000
v -0.003645 0.141332 0.046000
v -0.010810 0.139992 0.046000
v -0.017607 0.137359 0.046000
v -0.023804 0.133522 0.046000
v -0.029191 0.128611 0.046000
v -0.033584 0.122794 0.046000
v -0.036833 0.116269 0.046000
v -0.038827 0.109258 0.046000
v -0.039500 0.102000 0.046000
v -0.038753 0.094392 -0.052998
v -0.038775 0.094469 -0.052998
v -0.038760 0.094390 -0.053000
v -0.039500 0.102000 -0.052998
v -0.039500 0.102000 -0.053000
v -0.036628 0.087214 -0.052998
v -0.036568 0.087066 -0.053000
v -0.036555 0.087073 -0.052998
v -0.033138 0.080502 -0.052998
v -0.033006 0.080301 -0.053000
v -0.032988 0.080314 -0.052998
v -0.028431 0.074579 -0.052998
v -0.028207 0.074348 -0.053000
v -0.028188 0.074371 -0.052998
v -0.022682 0.069661 -0.052998
v -0.022352 0.069432 -0.053000
v -0.022334 0.069464 -0.052998
v -0.016100 0.065930 -0.052998
v -0.015659 0.065736 -0.053000
v -0.015645 0.065777 -0.052998
v -0.008928 0.063522 -0.052998
v -0.008379 0.063399 -0.053000
v -0.008372 0.063448 -0.052998
v -0.001428 0.062526 -0.052998
v -0.000785 0.062508 -0.053000
v -0.000785 0.062508 -0.052998
v 0.000785 0.141492 -0.052998
v 0.000785 0.141492 -0.053000
v 0.000771 0.141479 -0.052998
v 0.000747 0.141458 -0.053000
v 0.000747 0.141458 -0.052998
v 0.000737 0.141456 -0.052998
v 0.000702 0.141448 -0.053000
v 0.000702 0.141448 -0.052998
v -0.000707 0.141448 -0.052998
v -0.000702 0.141448 -0.052998
v -0.000707 0.141448 -0.053000
v -0.000702 0.141448 -0.053000
v -0.000752 0.141461 -0.052998
v -0.000752 0.141461 -0.053000
v -0.000785 0.141492 -0.053000
v -0.000785 0.141492 -0.052998
v -0.000771 0.062521 -0.052998
v -0.000747 0.062542 -0.053000
v -0.000747 0.062542 -0.052998
v -0.000737 0.062544 -0.052998
v -0.000702 0.062552 -0.053000
v -0.000702 0.062552 -0.052998
v 0.000708 0.062552 -0.052998
v 0.000702 0.062552 -0.052998
v 0.000708 0.062552 -0.053000
v 0.000702 0.062552 -0.053000
v 0.000752 0.062539 -0.052998
v 0.000752 0.062539 -0.053000
v 0.000785 0.062508 -0.053000
v 0.008379 0.063399 -0.053000
v 0.015659 0.065736 -0.053000
v 0.022352 0.069432 -0.053000
v 0.028207 0.074348 -0.053000
v 0.033006 0.080301 -0.053000
v 0.036568 0.087066 -0.053000
v 0.038760 0.094390 -0.053000
v 0.038588 0.109573 -0.052998
v 0.039250 0.106442 -0.052998
v 0.038760 0.109610 -0.053000
v 0.039500 0.102000 -0.053000
v 0.037696 0.113800 -0.052998
v 0.036568 0.116934 -0.053000
v 0.036405 0.116866 -0.052998
v 0.034776 0.120731 -0.052998
v 0.033006 0.123699 -0.053000
v 0.032858 0.123600 -0.052998
v 0.030596 0.126983 -0.052998
v 0.028207 0.129652 -0.053000
v 0.028080 0.129526 -0.052998
v 0.025306 0.132329 -0.052998
v 0.022352 0.134568 -0.053000
v 0.022250 0.134420 -0.052998
v 0.019098 0.136576 -0.052998
v 0.015659 0.138264 -0.053000
v 0.015587 0.138099 -0.052998
v 0.012199 0.139569 -0.052998
v 0.008379 0.140601 -0.053000
v 0.008340 0.140426 -0.052998
v 0.004857 0.141200 -0.052998
v -0.008372 0.140552 -0.052998
v -0.001428 0.141474 -0.052998
v -0.008379 0.140601 -0.053000
v -0.008928 0.140478 -0.052998
v -0.015659 0.138264 -0.053000
v -0.015645 0.138223 -0.052998
v -0.016100 0.138070 -0.052998
v -0.022352 0.134568 -0.053000
v -0.022334 0.134536 -0.052998
v -0.022682 0.134339 -0.052998
v -0.028207 0.129652 -0.053000
v -0.028188 0.129629 -0.052998
v -0.028431 0.129421 -0.052998
v -0.033006 0.123699 -0.053000
v -0.032988 0.123686 -0.052998
v -0.033138 0.123498 -0.052998
v -0.036568 0.116934 -0.053000
v -0.036555 0.116927 -0.052998
v -0.036628 0.116786 -0.052998
v -0.038760 0.109610 -0.053000
v -0.038753 0.109608 -0.052998
v -0.038775 0.109531 -0.052998
v -0.038827 0.094742 0.045998
v -0.038827 0.094742 0.046000
v -0.036833 0.087731 0.045998
v -0.036833 0.087731 0.046000
v -0.033584 0.081206 0.045998
v -0.033584 0.081206 0.046000
v -0.029191 0.075389 0.045998
v -0.029191 0.075389 0.046000
v -0.023804 0.070478 0.045998
v -0.023804 0.070478 0.046000
v -0.017607 0.066641 0.045998
v -0.017607 0.066641 0.046000
v -0.010810 0.064008 0.045998
v -0.010810 0.064008 0.046000
v -0.003645 0.062669 0.045998
v -0.003645 0.062669 0.046000
v 0.003645 0.062669 0.045998
v 0.003645 0.062669 0.046000
v 0.010810 0.064008 0.045998
v 0.010810 0.064008 0.046000
v 0.017607 0.066641 0.045998
v 0.017607 0.066641 0.046000
v 0.023804 0.070478 0.045998
v 0.023804 0.070478 0.046000
v 0.029191 0.075389 0.045998
v 0.029191 0.075389 0.046000
v 0.033584 0.081206 0.045998
v 0.033584 0.081206 0.046000
v 0.036833 0.087731 0.045998
v 0.036833 0.087731 0.046000
v 0.038827 0.094742 0.045998
v 0.038827 0.094742 0.046000
v 0.039448 0.053202 -0.000708
v 0.039448 0.053202 -0.000702
v 0.039448 0.053200 -0.000708
v 0.039448 0.053200 -0.000702
v 0.039461 0.053202 -0.000752
v 0.039461 0.053200 -0.000752
v 0.039492 0.053200 -0.000786
v 0.039492 0.053202 0.000786
v 0.039492 0.053200 0.000786
v 0.039479 0.053202 0.000771
v 0.039458 0.053200 0.000747
v 0.039458 0.053202 0.000747
v 0.039456 0.053202 0.000737
v 0.039448 0.053200 0.000702
v 0.039448 0.053202 0.000702
v 0.000708 0.053202 0.039448
v 0.000702 0.053202 0.039448
v 0.000708 0.053200 0.039448
v 0.000702 0.053200 0.039448
v 0.000752 0.053202 0.039461
v 0.000752 0.053200 0.039461
v 0.000785 0.053200 0.039492
v 0.000785 0.053202 0.039492
v -0.000702 0.053202 0.039448
v -0.000702 0.053200 0.039448
v -0.000771 0.053202 0.039479
v -0.000747 0.053200 0.039458
v -0.000747 0.053202 0.039458
v -0.000737 0.053202 0.039456
v 0.008245 0.053202 0.038450
v 0.004831 0.053202 0.039204
v 0.008283 0.053200 0.038622
v 0.012124 0.053202 0.037593
v 0.015478 0.053200 0.036341
v 0.015408 0.053202 0.036179
v 0.018984 0.053202 0.034639
v 0.022108 0.053200 0.032734
v 0.022009 0.053202 0.032587
v 0.025165 0.053202 0.030446
v 0.027931 0.053200 0.027931
v 0.027806 0.053202 0.027806
v 0.030446 0.053202 0.025165
v 0.032734 0.053200 0.022108
v 0.032587 0.053202 0.022009
v 0.034639 0.053202 0.018984
v 0.036341 0.053200 0.015478
v 0.036179 0.053202 0.015408
v 0.037593 0.053202 0.012124
v 0.038622 0.053200 0.008283
v 0.038450 0.053202 0.008245
v 0.039203 0.053202 0.004831
v 0.038601 0.053200 -0.008379
v 0.036264 0.053200 -0.015659
v 0.032568 0.053200 -0.022352
v 0.027652 0.053200 -0.028207
v 0.021699 0.053200 -0.033006
v 0.014934 0.053200 -0.036568
v 0.007610 0.053200 -0.038760
v -0.000653 0.062023 0.041242
v -0.001394 0.062064 0.045498
v -0.006295 0.062516 0.040749
v -0.005794 0.062422 0.040838
v -0.008973 0.063158 0.045498
v -0.003489 0.062173 0.041087
v -0.003691 0.062171 0.045498
v -0.002780 0.062097 0.041163
v -0.001395 0.062049 0.041214
v -0.015574 0.065156 0.038357
v -0.014281 0.064675 0.038781
v -0.016225 0.065572 0.045498
v -0.012301 0.063938 0.039431
v -0.010947 0.063527 0.045498
v -0.011722 0.063778 0.039578
v -0.009054 0.063039 0.040253
v -0.009039 0.063035 0.040257
v -0.008998 0.063027 0.040265
v -0.021386 0.068199 0.035791
v -0.019107 0.066886 0.036884
v -0.022887 0.069325 0.045498
v -0.018489 0.066530 0.037181
v -0.017830 0.066193 0.045498
v -0.016743 0.065707 0.037885
v -0.016260 0.065479 0.038080
v -0.025535 0.071259 0.033339
v -0.024168 0.070127 0.034230
v -0.028713 0.074280 0.045498
v -0.024105 0.070079 0.045498
v -0.022923 0.069262 0.034930
v -0.021418 0.068217 0.035776
v -0.033545 0.080215 0.026652
v -0.032360 0.078543 0.027855
v -0.033491 0.080257 0.045498
v -0.031641 0.077529 0.028585
v -0.029281 0.074749 0.030647
v -0.029232 0.074701 0.030684
v -0.028756 0.074231 0.031043
v -0.026835 0.072337 0.032491
v -0.029560 0.075052 0.045498
v -0.037044 0.087038 0.045498
v -0.037058 0.087027 0.022003
v -0.036730 0.086159 0.022571
v -0.035349 0.083280 0.024515
v -0.034987 0.082663 0.024945
v -0.033570 0.080250 0.026627
v -0.034009 0.080943 0.045498
v -0.037073 0.087067 0.021977
v -0.037299 0.087550 0.045498
v -0.038025 0.089585 0.020329
v -0.039241 0.094375 0.045498
v -0.038611 0.091673 0.019010
v -0.039990 0.101086 0.007167
v -0.039991 0.101153 0.011099
v -0.039991 0.101170 0.010922
v -0.039994 0.101304 0.009527
v -0.039979 0.100711 0.012288
v -0.039979 0.100708 0.012297
v -0.039946 0.099916 0.013373
v -0.039941 0.099844 0.013435
v -0.039866 0.098766 0.014381
v -0.039852 0.098560 0.014561
v -0.039602 0.096430 0.016008
v -0.039566 0.096123 0.016217
v -0.039319 0.094650 0.045498
v -0.039230 0.094374 0.017312
v -0.038925 0.092791 0.018304
v -0.039227 0.094375 -0.017310
v -0.039572 0.096254 -0.016130
v -0.040000 0.102000 -0.052498
v -0.039628 0.096555 -0.015941
v -0.039771 0.097830 -0.015067
v -0.039846 0.098494 -0.014612
v -0.039906 0.099337 -0.013890
v -0.039940 0.099804 -0.013489
v -0.039975 0.100598 -0.012487
v -0.039976 0.100610 -0.012461
v -0.039987 0.100998 -0.011578
v -0.039989 0.101075 -0.011403
v -0.039992 0.101198 -0.010633
v -0.039994 0.101292 -0.010039
v -0.039993 0.101236 -0.008702
v -0.039992 0.101207 -0.008036
v -0.039990 0.101086 -0.007167
v -0.037068 0.087023 -0.022003
v -0.038122 0.089913 -0.020120
v -0.039265 0.094368 -0.052498
v -0.038180 0.090072 -0.020017
v -0.038977 0.093012 -0.018165
v -0.039266 0.094374 -0.052498
v -0.038985 0.093053 -0.018139
v -0.033538 0.080221 -0.026651
v -0.033693 0.080441 -0.026493
v -0.037086 0.087016 -0.052498
v -0.034048 0.081054 -0.026067
v -0.035435 0.083442 -0.024403
v -0.035648 0.083897 -0.024098
v -0.036894 0.086546 -0.022314
v -0.037092 0.087027 -0.052498
v -0.037009 0.086861 -0.022108
v -0.033557 0.080230 -0.052498
v -0.033545 0.080216 -0.052498
v -0.032215 0.078342 -0.028001
v -0.031655 0.077546 -0.028573
v -0.026916 0.072411 -0.032434
v -0.027844 0.073329 -0.031733
v -0.028772 0.074215 -0.052498
v -0.028757 0.074231 -0.031043
v -0.028791 0.074232 -0.052498
v -0.029283 0.074751 -0.030645
v -0.030141 0.075762 -0.029896
v -0.019584 0.067165 -0.036652
v -0.021389 0.068199 -0.035791
v -0.022942 0.069237 -0.052498
v -0.022557 0.069008 -0.035136
v -0.022924 0.069262 -0.034930
v -0.022969 0.069252 -0.052498
v -0.024128 0.070097 -0.034254
v -0.025308 0.071076 -0.033484
v -0.012317 0.063944 -0.039427
v -0.016268 0.065462 -0.052498
v -0.011760 0.063788 -0.039569
v -0.009041 0.063035 -0.052498
v -0.015212 0.065006 -0.038488
v -0.016256 0.065488 -0.038074
v -0.016304 0.065473 -0.052498
v -0.016435 0.065571 -0.038003
v -0.018326 0.066445 -0.037252
v -0.001446 0.062026 -0.052498
v -0.001396 0.062025 -0.052498
v -0.001395 0.062054 -0.041208
v -0.006223 0.062487 -0.040775
v -0.008997 0.063029 -0.052498
v -0.003998 0.062226 -0.041033
v -0.003097 0.062120 -0.041138
v -0.007943 0.062826 -0.040455
v -0.008996 0.063034 -0.040258
v -0.009252 0.063085 -0.040211
v -0.000896 0.062010 -0.052498
v -0.000865 0.062009 -0.050732
v -0.000762 0.062007 -0.050342
v -0.000594 0.062005 -0.050158
v -0.000493 0.062003 -0.050046
v -0.000169 0.062000 -0.049914
v -0.000017 0.062000 -0.049900
v -0.000017 0.142000 -0.049900
v -0.000410 0.141998 -0.049997
v -0.000596 0.141995 -0.050160
v -0.000712 0.141994 -0.050261
v -0.000896 0.141990 -0.052498
v -0.001396 0.141975 -0.052498
v -0.000865 0.141991 -0.050732
v -0.000859 0.141991 -0.050642
v -0.039994 0.101300 0.009482
v -0.001446 0.141974 -0.052498
v -0.008997 0.140971 -0.052498
v -0.009041 0.140965 -0.052498
v -0.016268 0.138538 -0.052498
v -0.016304 0.138527 -0.052498
v -0.022942 0.134763 -0.052498
v -0.022969 0.134748 -0.052498
v -0.028772 0.129785 -0.052498
v -0.028791 0.129768 -0.052498
v -0.033545 0.123784 -0.052498
v -0.033557 0.123770 -0.052498
v -0.037086 0.116984 -0.052498
v -0.037092 0.116973 -0.052498
v -0.039265 0.109632 -0.052498
v -0.039266 0.109626 -0.052498
v -0.000795 0.141890 -0.052600
v -0.000763 0.141891 -0.050733
v -0.000801 0.141549 -0.052941
v -0.000763 0.141587 -0.050733
v 0.000663 0.141487 -0.050733
v -0.000663 0.141487 -0.050733
v -0.000580 0.141493 -0.050428
v -0.000456 0.141495 -0.050296
v 0.000457 0.141495 -0.050297
v -0.000078 0.141498 -0.050101
v -0.000017 0.141498 -0.050098
v 0.000017 0.141498 -0.050098
v 0.000323 0.141497 -0.050175
v 0.000552 0.141493 -0.050382
v 0.000659 0.141488 -0.050672
v -0.000370 0.141496 -0.050203
v 0.000801 0.141549 -0.052941
v 0.000763 0.141587 -0.050733
v 0.000795 0.141890 -0.052600
v 0.000763 0.141891 -0.050733
v 0.000763 0.062109 -0.050733
v 0.000763 0.062413 -0.050733
v -0.000663 0.062513 -0.050733
v 0.000663 0.062513 -0.050733
v 0.000580 0.062507 -0.050428
v 0.000456 0.062505 -0.050296
v -0.000457 0.062505 -0.050297
v 0.000078 0.062502 -0.050101
v 0.000017 0.062502 -0.050098
v -0.000017 0.062502 -0.050098
v -0.000323 0.062503 -0.050175
v -0.000552 0.062507 -0.050382
v -0.000659 0.062512 -0.050672
v 0.000370 0.062504 -0.050203
v -0.000801 0.062451 -0.052941
v -0.000763 0.062413 -0.050733
v -0.000795 0.062110 -0.052600
v -0.000763 0.062109 -0.050733
v 0.039891 0.055467 -0.000763
v 0.039587 0.055467 -0.000763
v 0.039549 0.053259 0.000801
v 0.039587 0.055467 0.000763
v 0.039890 0.053600 0.000795
v 0.039891 0.055467 0.000763
v 0.039487 0.055467 0.000663
v 0.039487 0.055467 -0.000663
v 0.039493 0.055772 -0.000580
v 0.039495 0.055904 -0.000456
v 0.039495 0.055903 0.000457
v 0.039498 0.056099 -0.000078
v 0.039498 0.056102 -0.000017
v 0.039498 0.056102 0.000017
v 0.039497 0.056025 0.000323
v 0.039493 0.055818 0.000552
v 0.039488 0.055528 0.000659
v 0.039496 0.055997 -0.000370
v -0.000801 0.053259 0.039549
v -0.000763 0.055467 0.039587
v -0.000795 0.053600 0.039890
v -0.000763 0.055467 0.039891
v 0.000795 0.053600 0.039890
v 0.000763 0.055467 0.039891
v 0.000801 0.053259 0.039549
v 0.000763 0.055467 0.039587
v -0.000663 0.055467 0.039487
v 0.000663 0.055467 0.039487
v 0.000580 0.055772 0.039493
v 0.000456 0.055904 0.039495
v -0.000457 0.055903 0.039495
v 0.000078 0.056099 0.039498
v 0.000017 0.056102 0.039498
v -0.000017 0.056102 0.039498
v -0.000323 0.056025 0.039497
v -0.000552 0.055818 0.039493
v -0.000659 0.055528 0.039488
v 0.000370 0.055997 0.039496
v 0.012522 0.063954 -0.039061
v 0.013384 0.064246 -0.038792
v 0.013014 0.064099 -0.038851
v 0.012949 0.064074 -0.038861
v 0.011705 0.063581 -0.039058
v 0.011714 0.063729 -0.039279
v 0.011224 0.063593 -0.039411
v 0.011235 0.063424 -0.039121
v 0.009765 0.063187 -0.039803
v 0.007551 0.062651 -0.040213
v 0.009187 0.063027 -0.039959
v 0.007929 0.062789 -0.040213
v 0.003787 0.062187 -0.040892
v 0.004011 0.062212 -0.040863
v 0.003792 0.062081 -0.040644
v 0.006071 0.062437 -0.040588
v 0.007539 0.062715 -0.040292
v -0.000000 0.061992 -0.041151
v 0.000004 0.061992 -0.041151
v -0.000000 0.061888 -0.040789
v 0.000020 0.061993 -0.041150
v 0.002979 0.062098 -0.041000
v -0.002768 0.062084 -0.041019
v -0.003793 0.062081 -0.040644
v -0.003753 0.062161 -0.040917
v -0.007551 0.062651 -0.040213
v -0.006977 0.062583 -0.040428
v -0.003987 0.062191 -0.040881
v -0.009725 0.063174 -0.039814
v -0.007907 0.062783 -0.040220
v -0.007543 0.062704 -0.040302
v -0.009813 0.062919 -0.039323
v -0.007551 0.062407 -0.039793
v -0.009564 0.062826 -0.039360
v -0.008758 0.062598 -0.039451
v -0.005813 0.061792 -0.039774
v -0.006108 0.061847 -0.039752
v -0.003793 0.061867 -0.040300
v -0.007539 0.062252 -0.039589
v -0.003793 0.061564 -0.040035
v -0.003871 0.061429 -0.039919
v -0.004403 0.061528 -0.039879
v -0.000001 0.061091 -0.040054
v -0.000460 0.061073 -0.040061
v -0.000000 0.061402 -0.040223
v -0.003038 0.061273 -0.039981
v -0.003788 0.061413 -0.039925
v 0.002244 0.061181 -0.040018
v 0.003793 0.061564 -0.040035
v 0.003788 0.061416 -0.039924
v 0.005830 0.061809 -0.039766
v 0.004942 0.061591 -0.039854
v 0.004408 0.061510 -0.039886
v 0.006099 0.061875 -0.039740
v 0.003792 0.061867 -0.040300
v 0.007551 0.062407 -0.039793
v 0.008173 0.062404 -0.039529
v 0.008756 0.062598 -0.039451
v 0.009885 0.062974 -0.039300
v 0.007963 0.062333 -0.039557
v 0.007547 0.062231 -0.039597
v -0.000000 0.061684 -0.040472
v 0.010456 0.063164 -0.039224
v -0.010231 0.063282 -0.039701
v -0.010444 0.063153 -0.039229
v -0.011226 0.063587 -0.039414
v -0.011225 0.063444 -0.039113
v -0.011698 0.063731 -0.039278
v -0.013010 0.064107 -0.038848
v -0.013385 0.064246 -0.038792
v -0.038801 0.091214 -0.015389
v -0.038801 0.091740 -0.016573
v -0.037495 0.087661 -0.019851
v -0.039633 0.095926 -0.013211
v 0.039989 0.098927 -0.004007
v 0.039989 0.097891 -0.003120
v 0.039983 0.096549 -0.004486
v 0.039989 0.096023 -0.001523
v 0.039989 0.095248 -0.001070
v 0.039984 0.093912 -0.002616
v 0.039984 0.092433 -0.001924
v 0.033534 0.076858 -0.022392
v -0.039635 0.086120 -0.005414
v 0.013016 0.064090 -0.038842
v 0.039989 0.101054 -0.007153
v 0.039989 0.100981 -0.007045
v 0.039992 0.101172 -0.008740
v 0.039983 0.099503 -0.008309
v 0.039992 0.101188 -0.008945
v 0.039987 0.101021 -0.011087
v 0.039990 0.101130 -0.010672
v 0.039982 0.100169 -0.009803
v 0.039982 0.100653 -0.011385
v 0.039981 0.100779 -0.012007
v 0.039984 0.100881 -0.011617
v 0.039568 0.096595 -0.015838
v 0.039741 0.097737 -0.015102
v 0.039633 0.096359 -0.014628
v 0.039832 0.098335 -0.014716
v 0.039979 0.100705 -0.012287
v 0.039970 0.100528 -0.012497
v 0.039909 0.099302 -0.013951
v 0.039907 0.099274 -0.013973
v 0.038801 0.092123 -0.017827
v 0.039127 0.093687 -0.017712
v 0.039499 0.096140 -0.016131
v 0.037495 0.087661 -0.019851
v 0.037388 0.088101 -0.021240
v 0.038070 0.089809 -0.020131
v 0.038205 0.090147 -0.019911
v 0.038762 0.092285 -0.018582
v 0.038935 0.092949 -0.018170
v 0.035732 0.083734 -0.023007
v 0.035714 0.084018 -0.023901
v 0.035848 0.084243 -0.023746
v 0.036868 0.086797 -0.022087
v 0.032561 0.078744 -0.027528
v 0.033443 0.080220 -0.026513
v 0.033533 0.080004 -0.026007
v 0.033911 0.081002 -0.025975
v 0.035594 0.083817 -0.024039
v 0.032129 0.078230 -0.027901
v 0.030925 0.076517 -0.028814
v 0.030820 0.076671 -0.029034
v 0.027940 0.073313 -0.031395
v 0.028432 0.073827 -0.031098
v 0.029998 0.075692 -0.029744
v 0.025378 0.071193 -0.033116
v 0.027766 0.073253 -0.031538
v 0.027902 0.073370 -0.031448
v 0.019528 0.067096 -0.036360
v 0.020917 0.067966 -0.035657
v 0.020989 0.067593 -0.035156
v 0.022500 0.068959 -0.034855
v 0.024615 0.070024 -0.032943
v 0.023555 0.069620 -0.034321
v 0.024548 0.070477 -0.033665
v 0.018723 0.066591 -0.036768
v 0.017107 0.065542 -0.037023
v 0.017061 0.065861 -0.037398
v 0.016346 0.065547 -0.037669
v 0.017051 0.065857 -0.037402
v 0.013016 0.063902 -0.038517
v 0.008767 0.062515 -0.039405
v 0.013016 0.063654 -0.038238
v 0.008767 0.062294 -0.039236
v 0.004410 0.061241 -0.039801
v 0.008754 0.061807 -0.039010
v 0.000000 0.061061 -0.040061
v -0.004410 0.061241 -0.039801
v -0.004410 0.061452 -0.039876
v -0.008767 0.062044 -0.039110
v -0.008767 0.062294 -0.039236
v -0.013016 0.063353 -0.038015
v -0.013016 0.063902 -0.038517
v -0.017107 0.065542 -0.037023
v -0.017051 0.065857 -0.037402
v -0.016327 0.065539 -0.037676
v -0.020915 0.067968 -0.035656
v -0.019500 0.067079 -0.036374
v -0.020989 0.067593 -0.035156
v -0.018725 0.066592 -0.036767
v -0.017059 0.065860 -0.037399
v -0.022463 0.068941 -0.034870
v -0.024615 0.070024 -0.032943
v -0.023615 0.069664 -0.034286
v -0.025431 0.071215 -0.033096
v -0.025202 0.071020 -0.033246
v -0.024557 0.070469 -0.033669
v -0.027940 0.073313 -0.031395
v -0.027798 0.073238 -0.031544
v -0.027928 0.073349 -0.031459
v -0.030925 0.076517 -0.028814
v -0.030036 0.075725 -0.029718
v -0.028101 0.073497 -0.031346
v -0.033426 0.080230 -0.026509
v -0.032191 0.078265 -0.027871
v -0.033533 0.080004 -0.026007
v -0.032058 0.078052 -0.028018
v -0.030844 0.076655 -0.029039
v -0.035615 0.083855 -0.024013
v -0.035427 0.083414 -0.024302
v -0.035732 0.083734 -0.023007
v -0.033936 0.081042 -0.025946
v -0.036899 0.086865 -0.022042
v -0.035688 0.084027 -0.023901
v -0.038076 0.089897 -0.020077
v -0.037910 0.089235 -0.020489
v -0.037421 0.088089 -0.021240
v -0.038801 0.092123 -0.017827
v -0.038677 0.092307 -0.018577
v -0.039595 0.096588 -0.015840
v -0.039552 0.096228 -0.016087
v -0.039633 0.096359 -0.014628
v -0.039460 0.095451 -0.016621
v -0.038865 0.093063 -0.018107
v -0.039975 0.100581 -0.012500
v -0.039908 0.099326 -0.013885
v -0.039898 0.099144 -0.014086
v -0.039738 0.097796 -0.015011
v -0.039988 0.101050 -0.011071
v -0.039983 0.100894 -0.011546
v -0.039982 0.100653 -0.011385
v -0.039980 0.100764 -0.011945
v -0.039975 0.100596 -0.012455
v -0.039993 0.101246 -0.010476
v -0.039992 0.101196 -0.010628
v -0.039982 0.100169 -0.009803
v -0.039983 0.099503 -0.008309
v -0.039989 0.100990 -0.007038
v -0.039989 0.101054 -0.007153
v -0.039990 0.101106 -0.007475
v -0.039991 0.101164 -0.008706
v -0.039992 0.101175 -0.008952
v -0.039989 0.100469 -0.006089
v -0.039983 0.098669 -0.006917
v -0.039989 0.100090 -0.005621
v -0.039983 0.097680 -0.005638
v -0.039989 0.099034 -0.004316
v -0.039989 0.098074 -0.003129
v -0.039983 0.096549 -0.004486
v -0.039989 0.097957 -0.003045
v -0.039989 0.095232 -0.001091
v -0.039984 0.093912 -0.002616
v -0.039984 0.092433 -0.001924
v -0.039984 0.090863 -0.001412
v -0.039635 0.087595 -0.005700
v -0.037497 0.081227 -0.014053
v -0.038803 0.084370 -0.009930
v -0.035734 0.078199 -0.018021
v -0.033534 0.076858 -0.022392
v -0.030926 0.073905 -0.025814
v -0.027941 0.071189 -0.028959
v -0.024615 0.068745 -0.031786
v -0.020989 0.066605 -0.034261
v -0.017107 0.064798 -0.036347
v -0.013016 0.063010 -0.037857
v -0.008767 0.061771 -0.039031
v 0.013016 0.063353 -0.038015
v 0.017107 0.064798 -0.036347
v 0.020989 0.066605 -0.034261
v 0.024615 0.068745 -0.031786
v 0.027941 0.071189 -0.028959
v 0.030926 0.073905 -0.025814
v 0.035734 0.078199 -0.018021
v 0.037497 0.081227 -0.014053
v 0.039635 0.087595 -0.005700
v 0.038803 0.084370 -0.009930
v 0.039635 0.086120 -0.005414
v 0.039984 0.090863 -0.001412
v 0.038802 0.085615 -0.010335
v 0.038802 0.086787 -0.010882
v 0.039635 0.089000 -0.006159
v 0.039635 0.090325 -0.006778
v 0.037496 0.083337 -0.014882
v 0.035733 0.080015 -0.018734
v -0.039635 0.089000 -0.006159
v -0.039635 0.090325 -0.006778
v -0.038802 0.085615 -0.010335
v -0.038802 0.086787 -0.010882
v -0.037496 0.083337 -0.014882
v -0.035733 0.080015 -0.018734
v -0.027941 0.072802 -0.030416
v -0.030926 0.075891 -0.027608
v -0.033534 0.079251 -0.024553
v -0.035732 0.082844 -0.021289
v -0.037496 0.086626 -0.017853
v -0.037496 0.085161 -0.016173
v -0.035733 0.081584 -0.019844
v -0.033534 0.078186 -0.023331
v -0.030926 0.075006 -0.026594
v -0.027941 0.072083 -0.029593
v -0.024615 0.069453 -0.032291
v -0.020989 0.067150 -0.034652
v -0.017107 0.065207 -0.036645
v -0.039634 0.095330 -0.011873
v -0.038801 0.090554 -0.014286
v -0.039634 0.094584 -0.010626
v -0.038802 0.089772 -0.013273
v -0.039634 0.093699 -0.009481
v -0.038802 0.088876 -0.012361
v -0.039634 0.092686 -0.008451
v -0.039989 0.096597 -0.002070
v -0.039984 0.095289 -0.003475
v -0.039634 0.091558 -0.007545
v -0.038802 0.087878 -0.011560
v 0.039633 0.095926 -0.013211
v 0.038801 0.091740 -0.016573
v 0.039989 0.100038 -0.005650
v 0.039983 0.098669 -0.006917
v 0.039634 0.095330 -0.011873
v 0.039634 0.094584 -0.010626
v 0.038801 0.091214 -0.015389
v 0.038801 0.090554 -0.014286
v 0.037496 0.086626 -0.017853
v 0.025210 0.071048 -0.033227
v 0.027941 0.072802 -0.030416
v 0.030926 0.075891 -0.027608
v 0.033534 0.079251 -0.024553
v 0.035732 0.082844 -0.021289
v 0.039994 0.101275 -0.010120
v 0.039989 0.099098 -0.004260
v 0.039983 0.097680 -0.005638
v 0.039634 0.093699 -0.009481
v 0.039634 0.092686 -0.008451
v 0.038802 0.089772 -0.013273
v 0.038802 0.088876 -0.012361
v 0.037496 0.085161 -0.016173
v 0.038802 0.087878 -0.011560
v 0.039634 0.091558 -0.007545
v 0.039984 0.095289 -0.003475
v 0.039989 0.096616 -0.002030
v 0.017107 0.065207 -0.036645
v 0.020989 0.067150 -0.034652
v 0.024615 0.069453 -0.032291
v 0.027941 0.072083 -0.029593
v 0.030926 0.075006 -0.026594
v 0.033534 0.078186 -0.023331
v 0.035733 0.081584 -0.019844
v -0.039989 0.101066 -0.007169
v -0.039989 0.101062 -0.007166
v 0.039989 0.101063 -0.007167
v 0.039989 0.101066 -0.007169
v -0.039989 0.101076 -0.007168
v 0.039989 0.101076 -0.007168
v -0.013500 0.064294 -0.038773
v 0.013500 0.064294 -0.038773
v 0.013396 0.064251 -0.038790
v 0.039989 0.099948 0.005516
v 0.039989 0.098926 0.004004
v 0.039989 0.095725 0.001349
v 0.039989 0.096035 0.001531
v 0.039989 0.101054 0.007153
v 0.039989 0.101066 0.007169
v 0.039989 0.101062 0.007166
v 0.039989 0.098796 0.003893
v 0.039989 0.097280 0.002596
v -0.039989 0.095708 0.001374
v -0.039989 0.096849 0.002098
v -0.039989 0.097338 0.002527
v -0.039989 0.098499 0.003547
v -0.039989 0.098789 0.003894
v -0.039989 0.099910 0.005239
v -0.039989 0.101063 0.007167
v -0.039989 0.101066 0.007169
v -0.039989 0.101054 0.007153
v -0.039989 0.100039 0.005454
v -0.030926 0.074098 0.025924
v -0.030927 0.073372 0.025560
v -0.027942 0.070757 0.028752
v 0.004410 0.061322 0.039825
v 0.008767 0.061876 0.039054
v 0.039984 0.094375 0.002880
v 0.039984 0.095959 0.003982
v 0.039983 0.098582 0.006789
v 0.039980 0.100764 0.011944
v 0.039977 0.100649 0.012292
v 0.039633 0.096506 0.015335
v 0.022463 0.068941 0.034870
v 0.020915 0.067968 0.035656
v 0.020989 0.067574 0.035129
v -0.039983 0.097369 0.005293
v -0.039984 0.095959 0.003982
v -0.039984 0.092639 0.002008
v -0.039635 0.087513 0.005679
v -0.013016 0.063210 0.037938
v -0.004410 0.061322 0.039825
v -0.008767 0.061876 0.039054
v -0.017107 0.064602 0.036247
v -0.020989 0.066342 0.034131
v -0.024616 0.068403 0.031621
v -0.033535 0.076217 0.022087
v -0.035734 0.078145 0.018007
v -0.037497 0.081163 0.014036
v -0.038803 0.084298 0.009911
v -0.039984 0.090772 0.001388
v -0.039984 0.094375 0.002880
v -0.039993 0.101256 0.009506
v -0.039993 0.101255 0.009483
v -0.039983 0.099575 0.008450
v -0.039992 0.101206 0.008230
v -0.039981 0.100787 0.012025
v -0.039989 0.101055 0.011443
v -0.039982 0.100328 0.010252
v -0.039991 0.101140 0.010916
v -0.039994 0.101278 0.010061
v -0.039977 0.100674 0.012270
v -0.039633 0.096068 0.013613
v -0.039977 0.100670 0.012279
v -0.039591 0.096418 0.015987
v -0.039613 0.096591 0.015873
v -0.039633 0.096506 0.015335
v -0.039825 0.098265 0.014766
v -0.039862 0.098753 0.014363
v -0.039934 0.099709 0.013574
v -0.039940 0.099831 0.013426
v -0.039973 0.100534 0.012576
v -0.038801 0.092253 0.018452
v -0.038790 0.092277 0.018581
v -0.039497 0.095676 0.016478
v -0.038412 0.090958 0.019410
v -0.038622 0.091649 0.018974
v -0.038739 0.092031 0.018734
v -0.037495 0.087771 0.020161
v -0.037474 0.088068 0.021243
v -0.037706 0.088642 0.020869
v -0.038801 0.091866 0.016929
v -0.035732 0.083828 0.023275
v -0.035699 0.084025 0.023902
v -0.036366 0.085331 0.023024
v -0.037055 0.087035 0.021915
v -0.033533 0.080084 0.026233
v -0.033508 0.080187 0.026521
v -0.034800 0.082263 0.025085
v -0.034975 0.082606 0.024854
v -0.030925 0.076583 0.029001
v -0.032323 0.078478 0.027723
v -0.033025 0.079411 0.027058
v -0.029879 0.075426 0.029922
v -0.030776 0.076422 0.029190
v -0.030916 0.076608 0.029057
v -0.028485 0.073882 0.031057
v -0.029163 0.074633 0.030505
v -0.027941 0.072772 0.030373
v -0.030926 0.075854 0.027555
v -0.024587 0.070447 0.033679
v -0.025492 0.071151 0.033130
v -0.024615 0.070000 0.032909
v -0.025823 0.071408 0.032930
v -0.027918 0.073355 0.031456
v -0.020989 0.067574 0.035129
v -0.021297 0.068121 0.035521
v -0.023105 0.069296 0.034577
v -0.019030 0.066799 0.036602
v -0.017107 0.065528 0.037003
v -0.020353 0.067507 0.036014
v -0.020972 0.067909 0.035691
v -0.013713 0.064381 0.038674
v -0.014131 0.064518 0.038547
v -0.013016 0.063586 0.038179
v -0.014234 0.064562 0.038509
v -0.017107 0.065116 0.036566
v -0.016681 0.065607 0.037602
v -0.017102 0.065787 0.037446
v -0.017283 0.065864 0.037378
v -0.008766 0.062866 0.039885
v -0.008754 0.062960 0.040037
v -0.009000 0.063018 0.039978
v -0.013000 0.064146 0.038891
v -0.013000 0.064125 0.038861
v -0.011666 0.063708 0.039297
v -0.011037 0.063501 0.039488
v -0.004409 0.062234 0.040827
v -0.004684 0.062255 0.040799
v -0.004410 0.062102 0.040494
v -0.006265 0.062498 0.040528
v -0.007794 0.062732 0.040267
v 0.000972 0.062003 0.041134
v 0.000001 0.062014 0.041118
v 0.000000 0.061941 0.040923
v -0.000652 0.062021 0.041108
v -0.001890 0.062035 0.041088
v 0.004406 0.062242 0.040822
v 0.003871 0.062172 0.040903
v 0.004410 0.062202 0.040741
v 0.002187 0.062074 0.041037
v 0.008766 0.062866 0.039885
v 0.008753 0.062965 0.040032
v 0.007770 0.062754 0.040250
v 0.004410 0.062102 0.040494
v 0.006934 0.062575 0.040436
v 0.006270 0.062488 0.040537
v 0.005003 0.062321 0.040731
v 0.013016 0.064112 0.038892
v 0.013009 0.064132 0.038900
v 0.010480 0.063360 0.039629
v 0.010194 0.063273 0.039711
v 0.013712 0.064390 0.038668
v 0.013385 0.064246 0.038792
v 0.013100 0.064159 0.038874
v 0.013016 0.063892 0.038502
v 0.017107 0.065528 0.037003
v 0.016327 0.065539 0.037676
v 0.019500 0.067079 0.036374
v 0.018725 0.066592 0.036767
v 0.017051 0.065857 0.037402
v 0.023615 0.069664 0.034286
v 0.024615 0.070000 0.032909
v 0.024557 0.070469 0.033668
v 0.028101 0.073497 0.031346
v 0.027928 0.073349 0.031459
v 0.027941 0.072772 0.030373
v 0.027798 0.073238 0.031544
v 0.025202 0.071020 0.033246
v 0.030844 0.076656 0.029038
v 0.030925 0.076583 0.029001
v 0.032058 0.078052 0.028018
v 0.033533 0.080084 0.026233
v 0.032191 0.078265 0.027871
v 0.035615 0.083855 0.024013
v 0.035427 0.083414 0.024302
v 0.035732 0.083828 0.023275
v 0.033936 0.081042 0.025946
v 0.033426 0.080230 0.026509
v 0.037910 0.089235 0.020489
v 0.037422 0.088089 0.021240
v 0.037495 0.087771 0.020161
v 0.036899 0.086865 0.022042
v 0.035688 0.084027 0.023901
v 0.038801 0.091866 0.016929
v 0.038361 0.091043 0.019364
v 0.038076 0.089897 0.020077
v 0.039595 0.096588 0.015840
v 0.039552 0.096228 0.016087
v 0.039460 0.095451 0.016621
v 0.038865 0.093063 0.018107
v 0.038801 0.092253 0.018452
v 0.038677 0.092307 0.018577
v 0.039975 0.100596 0.012455
v 0.039975 0.100581 0.012500
v 0.039908 0.099326 0.013885
v 0.039898 0.099144 0.014086
v 0.039738 0.097796 0.015011
v 0.039992 0.101164 0.008706
v 0.039992 0.101202 0.009526
v 0.039982 0.100328 0.010252
v 0.039993 0.101246 0.010476
v 0.039992 0.101196 0.010628
v 0.039983 0.099575 0.008450
v 0.039990 0.101106 0.007475
v 0.039984 0.092639 0.002008
v 0.039984 0.090772 0.001388
v 0.039635 0.087513 0.005679
v 0.038803 0.084298 0.009911
v 0.037497 0.081163 0.014036
v 0.035734 0.078145 0.018007
v 0.033535 0.076217 0.022087
v 0.030927 0.073372 0.025560
v 0.027942 0.070757 0.028752
v 0.024616 0.068403 0.031621
v 0.020989 0.066342 0.034131
v 0.013016 0.063586 0.038179
v 0.017107 0.064602 0.036247
v 0.039635 0.090740 0.007013
v 0.039634 0.092158 0.008000
v 0.038802 0.087154 0.011090
v 0.038802 0.088409 0.011962
v 0.037496 0.083658 0.015064
v 0.037496 0.084753 0.015825
v 0.035733 0.080291 0.018890
v 0.035733 0.081233 0.019545
v 0.033534 0.077889 0.023078
v 0.039635 0.089185 0.006233
v 0.038802 0.085778 0.010401
v 0.037497 0.082456 0.014463
v 0.035734 0.079257 0.018373
v 0.030926 0.074760 0.026384
v 0.027941 0.071883 0.029422
v 0.024615 0.069294 0.032155
v 0.020989 0.067028 0.034547
v 0.017107 0.065116 0.036566
v 0.008767 0.062465 0.039361
v 0.004410 0.061778 0.040085
v 0.000000 0.061545 0.040331
v 0.000000 0.061134 0.040086
v 0.000000 0.061351 0.040191
v -0.008767 0.062190 0.039176
v -0.004410 0.061564 0.039934
v -0.030926 0.074760 0.026384
v -0.027941 0.071883 0.029422
v -0.024615 0.069294 0.032155
v -0.020989 0.067028 0.034547
v -0.008767 0.062465 0.039361
v -0.004410 0.061778 0.040085
v -0.033534 0.077889 0.023078
v -0.033534 0.077092 0.022525
v -0.039634 0.092158 0.008000
v -0.039635 0.090740 0.007013
v -0.038802 0.088409 0.011962
v -0.038802 0.087154 0.011090
v -0.037496 0.084753 0.015825
v -0.037496 0.083658 0.015064
v -0.035733 0.081233 0.019545
v -0.035733 0.080291 0.018890
v -0.039635 0.089185 0.006233
v -0.038802 0.085778 0.010401
v -0.037497 0.082456 0.014463
v -0.035733 0.079257 0.018373
v -0.039634 0.095395 0.011999
v -0.038801 0.091271 0.015500
v -0.037495 0.087252 0.018914
v -0.035732 0.083382 0.022201
v -0.033534 0.079207 0.024489
v -0.039983 0.098582 0.006789
v -0.039634 0.094505 0.010512
v -0.038801 0.090485 0.014185
v -0.037496 0.086566 0.017765
v -0.035732 0.082792 0.021213
v -0.039634 0.093420 0.009173
v -0.038802 0.089525 0.013000
v -0.037496 0.085728 0.016731
v -0.035733 0.082071 0.020323
v 0.039633 0.096068 0.013613
v 0.039983 0.100894 0.011546
v 0.030926 0.076269 0.028248
v 0.033534 0.079707 0.025325
v 0.035732 0.083382 0.022201
v 0.037495 0.087252 0.018914
v 0.038801 0.091271 0.015500
v 0.039634 0.095395 0.011999
v 0.039983 0.097369 0.005293
v 0.039634 0.093420 0.009173
v 0.039634 0.094505 0.010512
v 0.038802 0.089525 0.013000
v 0.038801 0.090485 0.014185
v 0.037496 0.085728 0.016731
v 0.037496 0.086566 0.017765
v 0.035733 0.082071 0.020323
v 0.035733 0.082792 0.021213
v 0.033534 0.078598 0.023737
v 0.033534 0.079207 0.024489
v 0.030926 0.075348 0.026930
v 0.030926 0.075854 0.027555
v 0.029742 0.075387 0.029965
v 0.030036 0.075725 0.029718
v 0.008767 0.062694 0.039600
v 0.004410 0.061959 0.040274
v 0.000000 0.061710 0.040503
v 0.000000 0.061844 0.040701
v -0.003476 0.062160 0.040924
v 0.013500 0.064294 0.038773
v -0.039989 0.101076 0.007168
v 0.039989 0.101076 0.007168
v 0.039900 0.056200 0.000017
v 0.039598 0.056200 0.000017
v 0.039900 0.056200 -0.000017
v 0.039598 0.056200 -0.000017
v 0.039598 0.056185 0.000165
v 0.039898 0.056138 0.000268
v 0.039597 0.056139 0.000265
v 0.039898 0.056131 0.000297
v 0.039597 0.056126 0.000291
v 0.039897 0.056114 0.000364
v 0.039596 0.056037 0.000482
v 0.039895 0.055970 0.000526
v 0.039595 0.055978 0.000531
v 0.039894 0.055878 0.000630
v 0.039592 0.055800 0.000678
v 0.039893 0.055741 0.000682
v 0.039591 0.055746 0.000692
v 0.039893 0.055714 0.000693
v 0.039591 0.055718 0.000699
v 0.039891 0.055541 0.000758
v 0.039595 0.055971 -0.000526
v 0.039593 0.055870 -0.000636
v 0.039894 0.055812 -0.000671
v 0.039893 0.055746 -0.000689
v 0.039591 0.055742 -0.000685
v 0.039893 0.055717 -0.000696
v 0.039591 0.055715 -0.000695
v 0.039589 0.055557 -0.000756
v 0.039895 0.055972 -0.000524
v 0.039597 0.056107 -0.000378
v 0.039896 0.056075 -0.000430
v 0.039597 0.056128 -0.000295
v 0.039898 0.056124 -0.000292
v 0.039597 0.056135 -0.000267
v 0.039899 0.056196 -0.000091
v 0.039898 0.056134 -0.000265
v 0.039984 0.055468 -0.000826
v 0.039962 0.055467 -0.000793
v 0.039928 0.055467 -0.000770
v 0.039986 0.055774 -0.000761
v 0.039929 0.055752 -0.000708
v 0.039989 0.056031 -0.000585
v 0.039966 0.056007 -0.000561
v 0.039932 0.055991 -0.000545
v 0.039964 0.055760 -0.000729
v 0.039936 0.056210 -0.000017
v 0.039935 0.056150 -0.000302
v 0.039950 0.056213 -0.000017
v 0.039969 0.056171 -0.000311
v 0.039968 0.056232 -0.000017
v 0.039992 0.056202 -0.000324
v 0.039987 0.056250 -0.000017
v 0.039936 0.056210 0.000017
v 0.039950 0.056213 0.000017
v 0.039968 0.056232 0.000017
v 0.039987 0.056250 0.000017
v 0.039990 0.056264 0.000017
v 0.039992 0.056202 0.000325
v 0.039935 0.056150 0.000303
v 0.039989 0.056031 0.000585
v 0.039966 0.056006 0.000561
v 0.039986 0.055773 0.000761
v 0.039984 0.055468 0.000828
v 0.039964 0.055759 0.000729
v 0.039932 0.055991 0.000545
v 0.039969 0.056171 0.000312
v 0.039928 0.055467 0.000770
v 0.039929 0.055751 0.000708
v 0.039962 0.055467 0.000793
v 0.039924 0.053634 0.000801
v 0.039927 0.053637 0.000803
v 0.039961 0.053672 0.000825
v 0.039966 0.053677 0.000829
v 0.039983 0.053695 0.000859
v 0.039985 0.053697 0.000863
v 0.039551 0.055467 -0.000753
v 0.039537 0.055467 -0.000749
v 0.039501 0.055467 -0.000713
v 0.039502 0.055942 -0.000495
v 0.039508 0.056137 -0.000017
v 0.039521 0.055738 -0.000674
v 0.039555 0.055746 -0.000695
v 0.039558 0.055981 -0.000534
v 0.039498 0.055725 -0.000643
v 0.039561 0.056137 -0.000296
v 0.039505 0.056086 -0.000275
v 0.039524 0.055966 -0.000519
v 0.039527 0.056117 -0.000288
v 0.039562 0.056190 -0.000017
v 0.039549 0.056187 -0.000017
v 0.039512 0.056151 -0.000017
v 0.039562 0.056190 0.000017
v 0.039549 0.056187 0.000017
v 0.039512 0.056151 0.000017
v 0.039521 0.055738 0.000674
v 0.039516 0.055467 0.000734
v 0.039493 0.055467 0.000697
v 0.039498 0.055725 0.000643
v 0.039502 0.055942 0.000495
v 0.039524 0.055966 0.000519
v 0.039527 0.056117 0.000288
v 0.039561 0.056137 0.000296
v 0.039558 0.055981 0.000534
v 0.039505 0.056086 0.000275
v 0.039555 0.055746 0.000695
v 0.039550 0.055467 0.000755
v 0.039553 0.055467 0.000757
v 0.039515 0.053225 0.000792
v -0.000017 0.056200 0.039598
v 0.000017 0.056200 0.039598
v 0.000017 0.056200 0.039900
v -0.000526 0.055971 0.039895
v -0.000482 0.056037 0.039595
v -0.000364 0.056114 0.039897
v -0.000291 0.056126 0.039597
v -0.000297 0.056131 0.039898
v -0.000265 0.056139 0.039597
v -0.000268 0.056138 0.039898
v -0.000165 0.056185 0.039598
v -0.000677 0.055800 0.039592
v -0.000531 0.055978 0.039595
v -0.000630 0.055878 0.039894
v -0.000682 0.055741 0.039893
v -0.000692 0.055746 0.039591
v -0.000693 0.055714 0.039893
v -0.000699 0.055718 0.039591
v -0.000758 0.055541 0.039891
v 0.000756 0.055557 0.039589
v 0.000695 0.055715 0.039591
v 0.000696 0.055717 0.039893
v 0.000685 0.055742 0.039591
v 0.000689 0.055746 0.039893
v 0.000636 0.055870 0.039593
v 0.000671 0.055812 0.039894
v 0.000526 0.055971 0.039595
v 0.000524 0.055972 0.039895
v 0.000378 0.056107 0.039597
v 0.000430 0.056075 0.039896
v 0.000295 0.056128 0.039597
v 0.000292 0.056124 0.039898
v 0.000267 0.056135 0.039597
v 0.000091 0.056196 0.039899
v 0.000265 0.056134 0.039898
v 0.000883 0.053701 0.039989
v 0.000826 0.055468 0.039984
v 0.000859 0.053693 0.039982
v 0.000845 0.053688 0.039977
v 0.000793 0.055467 0.039962
v 0.000826 0.053671 0.039960
v 0.000813 0.053659 0.039948
v 0.000771 0.055467 0.039929
v 0.000806 0.053637 0.039926
v 0.000761 0.055774 0.039986
v 0.000708 0.055752 0.039929
v 0.000585 0.056031 0.039989
v 0.000561 0.056007 0.039966
v 0.000545 0.055991 0.039932
v 0.000729 0.055760 0.039963
v 0.000017 0.056210 0.039936
v 0.000302 0.056150 0.039935
v 0.000017 0.056213 0.039950
v 0.000311 0.056171 0.039969
v 0.000017 0.056232 0.039968
v 0.000324 0.056202 0.039992
v 0.000017 0.056250 0.039987
v -0.000325 0.056202 0.039992
v -0.000303 0.056150 0.039935
v -0.000585 0.056031 0.039989
v -0.000561 0.056006 0.039966
v -0.000761 0.055773 0.039986
v -0.000828 0.055468 0.039984
v -0.000729 0.055759 0.039963
v -0.000545 0.055991 0.039932
v -0.000312 0.056171 0.039969
v -0.000771 0.055467 0.039929
v -0.000708 0.055751 0.039929
v -0.000793 0.055467 0.039962
v -0.000800 0.053633 0.039923
v -0.000803 0.053637 0.039927
v -0.000825 0.053672 0.039961
v -0.000828 0.053676 0.039965
v -0.000859 0.053695 0.039983
v -0.000862 0.053697 0.039985
v 0.000798 0.053230 0.039520
v 0.000753 0.055467 0.039551
v 0.000788 0.053208 0.039498
v 0.000749 0.055467 0.039537
v 0.000713 0.055467 0.039501
v 0.000495 0.055942 0.039502
v 0.000017 0.056137 0.039508
v 0.000674 0.055738 0.039521
v 0.000695 0.055746 0.039555
v 0.000535 0.055981 0.039558
v 0.000643 0.055725 0.039498
v 0.000296 0.056137 0.039561
v 0.000275 0.056086 0.039505
v 0.000519 0.055966 0.039524
v 0.000288 0.056117 0.039527
v 0.000017 0.056190 0.039562
v 0.000017 0.056187 0.039549
v 0.000017 0.056151 0.039512
v -0.000017 0.056190 0.039562
v -0.000017 0.056187 0.039549
v -0.000017 0.056151 0.039512
v -0.000674 0.055738 0.039521
v -0.000734 0.055467 0.039516
v -0.000699 0.055467 0.039494
v -0.000643 0.055725 0.039498
v -0.000495 0.055942 0.039502
v -0.000519 0.055966 0.039524
v -0.000288 0.056117 0.039527
v -0.000296 0.056137 0.039561
v -0.000534 0.055981 0.039558
v -0.000275 0.056086 0.039505
v -0.000695 0.055746 0.039555
v -0.000755 0.055467 0.039550
v -0.000757 0.055467 0.039553
v -0.000792 0.053225 0.039515
v -0.000017 0.062100 -0.050000
v -0.000017 0.062402 -0.050000
v 0.000017 0.062100 -0.050000
v 0.000017 0.062402 -0.050000
v 0.000017 0.141900 -0.050000
v 0.000017 0.141598 -0.050000
v -0.000017 0.141900 -0.050000
v -0.000017 0.141598 -0.050000
v 0.000756 0.062411 -0.050643
v 0.000695 0.062409 -0.050485
v 0.000696 0.062107 -0.050483
v 0.000685 0.062409 -0.050458
v 0.000689 0.062107 -0.050455
v 0.000636 0.062407 -0.050330
v 0.000671 0.062106 -0.050388
v 0.000526 0.062405 -0.050229
v 0.000525 0.062105 -0.050228
v 0.000378 0.062403 -0.050093
v 0.000430 0.062104 -0.050125
v 0.000295 0.062403 -0.050072
v 0.000293 0.062102 -0.050076
v 0.000267 0.062403 -0.050065
v 0.000091 0.062101 -0.050004
v 0.000265 0.062102 -0.050066
v -0.000165 0.062402 -0.050015
v -0.000268 0.062102 -0.050062
v -0.000265 0.062403 -0.050061
v -0.000296 0.062102 -0.050069
v -0.000291 0.062403 -0.050074
v -0.000364 0.062103 -0.050086
v -0.000482 0.062405 -0.050163
v -0.000526 0.062105 -0.050229
v -0.000531 0.062405 -0.050222
v -0.000630 0.062106 -0.050322
v -0.000677 0.062408 -0.050400
v -0.000682 0.062107 -0.050458
v -0.000692 0.062409 -0.050454
v -0.000693 0.062107 -0.050486
v -0.000699 0.062409 -0.050482
v -0.000758 0.062109 -0.050659
v 0.000165 0.141598 -0.050015
v 0.000268 0.141898 -0.050062
v 0.000265 0.141597 -0.050061
v 0.000296 0.141898 -0.050069
v 0.000291 0.141597 -0.050074
v 0.000364 0.141897 -0.050086
v 0.000482 0.141595 -0.050163
v 0.000526 0.141895 -0.050229
v 0.000531 0.141595 -0.050222
v 0.000630 0.141894 -0.050322
v 0.000678 0.141592 -0.050400
v 0.000682 0.141893 -0.050458
v 0.000692 0.141591 -0.050454
v 0.000693 0.141893 -0.050486
v 0.000699 0.141591 -0.050482
v 0.000758 0.141891 -0.050659
v -0.000756 0.141589 -0.050643
v -0.000695 0.141591 -0.050485
v -0.000696 0.141893 -0.050483
v -0.000685 0.141591 -0.050458
v -0.000689 0.141893 -0.050455
v -0.000636 0.141593 -0.050330
v -0.000671 0.141894 -0.050388
v -0.000525 0.141895 -0.050228
v -0.000526 0.141595 -0.050229
v -0.000378 0.141597 -0.050093
v -0.000430 0.141896 -0.050125
v -0.000295 0.141597 -0.050072
v -0.000293 0.141898 -0.050076
v -0.000267 0.141597 -0.050065
v -0.000091 0.141899 -0.050004
v -0.000265 0.141898 -0.050066
v 0.000801 0.141924 -0.052566
v 0.000803 0.141927 -0.052563
v 0.000826 0.141984 -0.050732
v 0.000771 0.141929 -0.050733
v 0.000825 0.141961 -0.052528
v 0.000793 0.141962 -0.050733
v 0.000829 0.141966 -0.052523
v 0.000859 0.141983 -0.052505
v 0.000863 0.141985 -0.052503
v 0.000561 0.141966 -0.050193
v 0.000302 0.141935 -0.050050
v 0.000311 0.141969 -0.050029
v 0.000017 0.141936 -0.049990
v 0.000017 0.141950 -0.049987
v 0.000708 0.141929 -0.050448
v 0.000545 0.141932 -0.050209
v 0.000729 0.141963 -0.050440
v 0.000017 0.141968 -0.049968
v 0.000017 0.141987 -0.049950
v 0.000324 0.141992 -0.049998
v 0.000017 0.141990 -0.049936
v 0.000585 0.141989 -0.050169
v 0.000761 0.141986 -0.050426
v -0.000017 0.141987 -0.049950
v -0.000017 0.141936 -0.049990
v -0.000017 0.141950 -0.049987
v -0.000017 0.141968 -0.049968
v -0.000303 0.141935 -0.050050
v -0.000561 0.141966 -0.050194
v -0.000708 0.141929 -0.050449
v -0.000729 0.141963 -0.050441
v -0.000771 0.141929 -0.050733
v -0.000545 0.141932 -0.050209
v -0.000325 0.141992 -0.049998
v -0.000793 0.141962 -0.050733
v -0.000828 0.141984 -0.050732
v -0.000761 0.141986 -0.050427
v -0.000585 0.141989 -0.050169
v -0.000312 0.141969 -0.050030
v -0.000882 0.141989 -0.052499
v -0.000859 0.141982 -0.052507
v -0.000845 0.141977 -0.052512
v -0.000826 0.141960 -0.052529
v -0.000813 0.141948 -0.052541
v -0.000806 0.141926 -0.052563
v 0.000792 0.141515 -0.052975
v 0.000755 0.141550 -0.050733
v 0.000734 0.141517 -0.050733
v 0.000697 0.141493 -0.050733
v 0.000757 0.141553 -0.050733
v 0.000674 0.141521 -0.050462
v 0.000695 0.141555 -0.050454
v 0.000643 0.141498 -0.050475
v 0.000495 0.141502 -0.050258
v 0.000519 0.141524 -0.050234
v 0.000288 0.141527 -0.050083
v 0.000296 0.141561 -0.050063
v 0.000535 0.141558 -0.050219
v 0.000017 0.141562 -0.050010
v 0.000017 0.141549 -0.050013
v 0.000017 0.141512 -0.050049
v 0.000275 0.141505 -0.050114
v 0.000017 0.141508 -0.050063
v -0.000017 0.141508 -0.050063
v -0.000017 0.141512 -0.050049
v -0.000017 0.141549 -0.050013
v -0.000017 0.141562 -0.050010
v -0.000495 0.141502 -0.050258
v -0.000674 0.141521 -0.050462
v -0.000695 0.141555 -0.050454
v -0.000534 0.141558 -0.050219
v -0.000296 0.141561 -0.050063
v -0.000275 0.141505 -0.050114
v -0.000519 0.141524 -0.050234
v -0.000288 0.141527 -0.050083
v -0.000753 0.141551 -0.050733
v -0.000749 0.141537 -0.050733
v -0.000713 0.141501 -0.050733
v -0.000643 0.141498 -0.050475
v -0.000698 0.141497 -0.050733
v -0.000798 0.141520 -0.052970
v -0.000788 0.141498 -0.052992
v -0.000801 0.062076 -0.052566
v -0.000803 0.062073 -0.052563
v -0.000828 0.062016 -0.050732
v -0.000770 0.062072 -0.050733
v -0.000825 0.062039 -0.052528
v -0.000793 0.062038 -0.050733
v -0.000829 0.062034 -0.052523
v -0.000859 0.062017 -0.052505
v -0.000863 0.062015 -0.052503
v -0.000561 0.062034 -0.050193
v -0.000302 0.062065 -0.050050
v -0.000311 0.062031 -0.050029
v -0.000017 0.062064 -0.049990
v -0.000017 0.062050 -0.049987
v -0.000708 0.062071 -0.050448
v -0.000545 0.062068 -0.050209
v -0.000729 0.062037 -0.050440
v -0.000017 0.062032 -0.049968
v -0.000017 0.062013 -0.049950
v -0.000324 0.062008 -0.049998
v -0.000017 0.062010 -0.049936
v -0.000585 0.062011 -0.050169
v -0.000761 0.062014 -0.050426
v 0.000017 0.062013 -0.049950
v 0.000017 0.062064 -0.049990
v 0.000017 0.062050 -0.049987
v 0.000017 0.062032 -0.049968
v 0.000303 0.062065 -0.050050
v 0.000561 0.062034 -0.050194
v 0.000708 0.062071 -0.050449
v 0.000729 0.062037 -0.050441
v 0.000770 0.062072 -0.050733
v 0.000545 0.062068 -0.050209
v 0.000325 0.062008 -0.049998
v 0.000793 0.062038 -0.050733
v 0.000826 0.062016 -0.050732
v 0.000761 0.062014 -0.050427
v 0.000585 0.062011 -0.050169
v 0.000312 0.062031 -0.050030
v -0.000734 0.062484 -0.050733
v -0.000755 0.062450 -0.050733
v -0.000792 0.062485 -0.052975
v -0.000699 0.062506 -0.050733
v -0.000757 0.062447 -0.050733
v -0.000674 0.062479 -0.050462
v -0.000695 0.062445 -0.050454
v -0.000643 0.062502 -0.050475
v -0.000495 0.062498 -0.050258
v -0.000519 0.062476 -0.050234
v -0.000288 0.062473 -0.050083
v -0.000296 0.062439 -0.050063
v -0.000534 0.062442 -0.050219
v -0.000017 0.062438 -0.050010
v -0.000017 0.062451 -0.050013
v -0.000017 0.062488 -0.050049
v -0.000275 0.062495 -0.050114
v -0.000017 0.062492 -0.050063
v 0.000017 0.062438 -0.050010
v 0.000017 0.062451 -0.050013
v 0.000017 0.062488 -0.050049
v 0.000017 0.062492 -0.050063
v 0.000495 0.062498 -0.050258
v 0.000674 0.062479 -0.050462
v 0.000695 0.062445 -0.050454
v 0.000535 0.062442 -0.050219
v 0.000296 0.062439 -0.050063
v 0.000275 0.062495 -0.050114
v 0.000519 0.062476 -0.050234
v 0.000288 0.062473 -0.050083
v 0.000753 0.062449 -0.050733
v 0.000749 0.062463 -0.050733
v 0.000713 0.062499 -0.050733
v 0.000643 0.062502 -0.050475
v 0.000698 0.062503 -0.050733
v -0.000833 0.141954 -0.052535
v -0.007316 0.138779 -0.053000
v 0.000000 0.139500 -0.053000
v 0.007316 0.138779 -0.053000
v 0.014351 0.136645 -0.053000
v 0.036779 0.109316 -0.053000
v 0.034645 0.116351 -0.053000
v 0.031180 0.122834 -0.053000
v 0.026517 0.128516 -0.053000
v 0.020834 0.133180 -0.053000
v -0.014351 0.136645 -0.053000
v -0.020834 0.133180 -0.053000
v -0.026517 0.128517 -0.053000
v -0.031180 0.122834 -0.053000
v -0.034645 0.116351 -0.053000
v -0.036779 0.109316 -0.053000
v -0.002971 0.101583 -0.057000
v -0.002781 0.103124 -0.057000
v -0.001847 0.104364 -0.057000
v -0.000417 0.104971 -0.057000
v 0.001124 0.104781 -0.057000
v 0.001124 0.104781 -0.057200
v -0.000417 0.104971 -0.057200
v -0.001847 0.104364 -0.057200
v -0.002781 0.103124 -0.057200
v -0.002971 0.101583 -0.057200
v -0.003961 0.101444 -0.058200
v -0.003709 0.103499 -0.058200
v -0.002462 0.105152 -0.058200
v -0.000556 0.105961 -0.058200
v 0.001499 0.105709 -0.058200
v 0.016175 0.108414 -0.058200
v 0.017327 0.103597 -0.058200
v 0.017075 0.098651 -0.058200
v 0.015439 0.093976 -0.058200
v -0.010140 0.087860 -0.058200
v -0.000885 0.084623 -0.058200
v -0.005745 0.085576 -0.058200
v 0.012553 0.089951 -0.058200
v 0.008650 0.086903 -0.058200
v 0.004047 0.085077 -0.058200
v 0.016268 0.108451 -0.058100
v 0.017426 0.103606 -0.058100
v 0.017173 0.098632 -0.058100
v 0.015528 0.093930 -0.058100
v 0.012626 0.089882 -0.058100
v 0.008700 0.086816 -0.058100
v 0.004070 0.084980 -0.058100
v -0.000890 0.084523 -0.058100
v -0.005778 0.085481 -0.058100
v -0.010198 0.087778 -0.058100
v 0.016268 0.108451 -0.057000
v 0.017426 0.103606 -0.057000
v 0.017173 0.098632 -0.057000
v 0.015528 0.093930 -0.057000
v 0.012626 0.089882 -0.057000
v 0.008700 0.086816 -0.057000
v 0.004070 0.084980 -0.057000
v -0.000890 0.084523 -0.057000
v -0.005778 0.085481 -0.057000
v -0.010198 0.087778 -0.057000
v 0.026517 0.128516 -0.057000
v 0.031180 0.122834 -0.057000
v 0.007316 0.138779 -0.057000
v 0.014351 0.136645 -0.057000
v 0.020834 0.133180 -0.057000
v -0.014351 0.136645 -0.057000
v -0.007316 0.138779 -0.057000
v 0.000000 0.139500 -0.057000
v 0.034645 0.116351 -0.057000
v 0.036779 0.109316 -0.057000
v -0.031180 0.122834 -0.057000
v -0.026517 0.128517 -0.057000
v -0.020834 0.133180 -0.057000
v -0.036779 0.109316 -0.057000
v -0.034645 0.116351 -0.057000
v -0.025471 0.127441 0.047150
v -0.025441 0.076529 0.047150
v 0.025471 0.076559 0.047150
v 0.025441 0.127471 0.047150
v -0.030374 0.106793 0.049362
v -0.030424 0.105824 0.049362
v -0.026503 0.101867 0.048934
v 0.030374 0.097207 0.049362
v 0.030415 0.097999 0.049362
v 0.026541 0.101908 0.048937
v 0.027390 0.115976 0.049362
v 0.025632 0.118680 0.049362
v 0.017726 0.110764 0.048386
v -0.004036 0.132411 0.049362
v -0.004828 0.132369 0.049362
v -0.008826 0.119566 0.048378
v -0.011037 0.130701 0.049362
v -0.016763 0.127779 0.049362
v -0.016937 0.127638 0.049362
v 0.000009 0.128410 0.048925
v 0.003934 0.132339 0.049362
v 0.001591 0.132709 0.049362
v 0.007941 0.131707 0.049362
v 0.008876 0.119604 0.048382
v 0.013944 0.129407 0.049362
v 0.023886 0.121366 0.049362
v 0.019338 0.125909 0.049362
v 0.016810 0.127548 0.049362
v 0.030707 0.103627 0.049362
v 0.030371 0.105742 0.049362
v 0.029698 0.109976 0.049362
v 0.021756 0.080269 0.049362
v 0.025657 0.085092 0.049362
v 0.017707 0.093063 0.048390
v 0.025799 0.085267 0.049362
v 0.028714 0.090997 0.049362
v 0.003859 0.071580 0.049362
v 0.004828 0.071631 0.049362
v 0.008865 0.084210 0.048393
v 0.011037 0.073299 0.049362
v 0.016763 0.076221 0.049362
v 0.016835 0.076279 0.049362
v -0.016651 0.076349 0.049362
v -0.013944 0.074593 0.049362
v -0.008837 0.084171 0.048395
v -0.007941 0.072293 0.049362
v 0.000030 0.075366 0.048946
v -0.003707 0.071625 0.049362
v -0.001591 0.071291 0.049362
v -0.027390 0.088024 0.049362
v -0.025528 0.085160 0.049362
v -0.017687 0.093011 0.048391
v -0.023886 0.082634 0.049362
v -0.019338 0.078091 0.049362
v -0.030707 0.100373 0.049362
v -0.030335 0.098031 0.049362
v -0.029698 0.094024 0.049362
v -0.021756 0.123731 0.049362
v -0.025740 0.118805 0.049362
v -0.017669 0.110712 0.048381
v -0.025799 0.118733 0.049362
v -0.028714 0.113003 0.049362
v 0.008874 0.101903 0.047838
v 0.000024 0.110743 0.047834
v 0.000014 0.093033 0.047841
v -0.008836 0.101872 0.047837
v -0.016763 0.127779 0.049200
v -0.011037 0.130701 0.049200
v -0.004828 0.132369 0.049200
v 0.001591 0.132709 0.049200
v 0.007941 0.131707 0.049200
v 0.013944 0.129407 0.049200
v 0.019338 0.125909 0.049200
v 0.023886 0.121366 0.049200
v 0.027390 0.115976 0.049200
v 0.030374 0.097207 0.049200
v 0.030707 0.103627 0.049200
v 0.029698 0.109976 0.049200
v 0.028714 0.090997 0.049200
v 0.025799 0.085267 0.049200
v 0.021756 0.080269 0.049200
v 0.016763 0.076221 0.049200
v 0.011037 0.073299 0.049200
v 0.004828 0.071631 0.049200
v -0.001591 0.071291 0.049200
v -0.007941 0.072293 0.049200
v -0.013944 0.074593 0.049200
v -0.019338 0.078091 0.049200
v -0.023886 0.082634 0.049200
v -0.027390 0.088024 0.049200
v -0.030374 0.106793 0.049200
v -0.030707 0.100373 0.049200
v -0.029698 0.094024 0.049200
v -0.028714 0.113003 0.049200
v -0.025799 0.118733 0.049200
v -0.021756 0.123731 0.049200
v -0.030437 0.094918 0.049200
v -0.028388 0.088936 0.049200
v -0.025178 0.083489 0.049200
v -0.020936 0.078800 0.049200
v -0.015837 0.075060 0.049200
v -0.010090 0.072424 0.049200
v -0.003930 0.070998 0.049200
v 0.002391 0.070842 0.049200
v 0.008614 0.071961 0.049200
v 0.014485 0.074310 0.049200
v 0.019762 0.077792 0.049200
v 0.024231 0.082266 0.049200
v 0.027707 0.087548 0.049200
v 0.030049 0.093421 0.049200
v 0.031161 0.099645 0.049200
v 0.030997 0.105966 0.049200
v 0.029564 0.112125 0.049200
v 0.026921 0.117869 0.049200
v 0.023176 0.122963 0.049200
v 0.018481 0.127199 0.049200
v 0.013031 0.130404 0.049200
v 0.007046 0.132445 0.049200
v 0.000773 0.133240 0.049200
v -0.005531 0.132757 0.049200
v -0.011609 0.131014 0.049200
v -0.017212 0.128083 0.049200
v -0.022110 0.124084 0.049200
v -0.026103 0.119181 0.049200
v -0.029027 0.113575 0.049200
v -0.030763 0.107495 0.049200
v -0.031239 0.101190 0.049200
v -0.026215 0.118966 0.049416
v -0.029027 0.113575 0.049416
v -0.030763 0.107495 0.049416
v -0.030923 0.105384 0.049416
v -0.026041 0.084954 0.049416
v -0.025178 0.083489 0.049416
v -0.031239 0.101190 0.049416
v -0.030884 0.098413 0.049416
v -0.030437 0.094918 0.049416
v -0.028388 0.088936 0.049416
v -0.020936 0.078800 0.049416
v -0.016866 0.075815 0.049416
v -0.015837 0.075060 0.049416
v -0.010090 0.072424 0.049416
v -0.003930 0.070998 0.049416
v -0.003405 0.070985 0.049416
v 0.002391 0.070842 0.049416
v 0.003466 0.071035 0.049416
v 0.008614 0.071961 0.049416
v 0.026041 0.085016 0.049416
v 0.027707 0.087548 0.049416
v 0.014485 0.074310 0.049416
v 0.016898 0.075902 0.049416
v 0.019762 0.077792 0.049416
v 0.024231 0.082266 0.049416
v 0.030049 0.093421 0.049416
v 0.030940 0.098406 0.049416
v 0.031161 0.099645 0.049416
v 0.031011 0.105441 0.049416
v 0.030997 0.105966 0.049416
v 0.029564 0.112125 0.049416
v 0.026921 0.117869 0.049416
v 0.026165 0.118897 0.049416
v 0.023176 0.122963 0.049416
v 0.003551 0.132888 0.049416
v 0.018481 0.127199 0.049416
v 0.017015 0.128061 0.049416
v 0.013031 0.130404 0.049416
v 0.007046 0.132445 0.049416
v 0.000773 0.133240 0.049416
v -0.003599 0.132905 0.049416
v -0.005531 0.132757 0.049416
v -0.011609 0.131014 0.049416
v -0.017123 0.128129 0.049416
v -0.017212 0.128083 0.049416
v -0.022110 0.124084 0.049416
v -0.026103 0.119181 0.049416
v -0.017495 0.128500 0.049481
v -0.019092 0.127473 0.049481
v -0.022523 0.124496 0.049481
v -0.002289 0.133751 0.049481
v -0.004179 0.133478 0.049481
v -0.006785 0.133102 0.049481
v -0.011142 0.131820 0.049481
v -0.015272 0.129930 0.049481
v 0.011107 0.131832 0.049481
v 0.006748 0.133110 0.049481
v 0.004144 0.133482 0.049481
v 0.002252 0.133753 0.049481
v 0.025473 0.121092 0.049481
v 0.022496 0.124523 0.049481
v 0.019062 0.127495 0.049481
v 0.017470 0.128517 0.049481
v 0.015240 0.129948 0.049481
v 0.031512 0.105943 0.049481
v 0.031102 0.108785 0.049481
v 0.029820 0.113142 0.049481
v 0.027930 0.117272 0.049481
v 0.026603 0.119335 0.049481
v 0.031110 0.095252 0.049481
v 0.031483 0.097858 0.049481
v 0.031753 0.099748 0.049481
v 0.031751 0.104289 0.049481
v 0.022523 0.079504 0.049481
v 0.025495 0.082938 0.049481
v 0.026520 0.084536 0.049481
v 0.027948 0.086760 0.049481
v 0.029833 0.090893 0.049481
v 0.011142 0.072180 0.049481
v 0.015272 0.074070 0.049481
v 0.017379 0.075425 0.049481
v 0.019092 0.076527 0.049481
v -0.003906 0.070483 0.049481
v -0.002252 0.070247 0.049481
v 0.002289 0.070249 0.049481
v 0.004011 0.070498 0.049481
v 0.006785 0.070898 0.049481
v -0.019062 0.076505 0.049481
v -0.017304 0.075377 0.049481
v -0.015240 0.074052 0.049481
v -0.011107 0.072168 0.049481
v -0.006748 0.070890 0.049481
v -0.027930 0.086728 0.049481
v -0.026496 0.084499 0.049481
v -0.025473 0.082908 0.049481
v -0.022496 0.079477 0.049481
v -0.031753 0.104252 0.049481
v -0.031751 0.099711 0.049481
v -0.031478 0.097819 0.049481
v -0.031102 0.095215 0.049481
v -0.029820 0.090858 0.049481
v -0.025495 0.121062 0.049481
v -0.026595 0.119348 0.049481
v -0.027948 0.117240 0.049481
v -0.029833 0.113107 0.049481
v -0.031110 0.108748 0.049481
v -0.031507 0.105974 0.049481
v -0.002313 0.134081 0.049463
v -0.006855 0.133425 0.049463
v -0.007373 0.133273 0.049463
v 0.010187 0.132446 0.049463
v 0.006819 0.133433 0.049463
v 0.004414 0.133777 0.049463
v 0.002276 0.134084 0.049463
v -0.001504 0.134081 0.049463
v 0.020485 0.126700 0.049463
v 0.019260 0.127760 0.049463
v 0.015625 0.130093 0.049463
v 0.015398 0.130239 0.049463
v 0.011223 0.132143 0.049463
v 0.028075 0.117658 0.049463
v 0.025737 0.121290 0.049463
v 0.024676 0.122513 0.049463
v 0.022730 0.124757 0.049463
v 0.030434 0.112223 0.049463
v 0.030130 0.113258 0.049463
v 0.028221 0.117431 0.049463
v 0.031433 0.095181 0.049463
v 0.032084 0.099724 0.049463
v 0.032083 0.100533 0.049463
v 0.032081 0.104313 0.049463
v 0.031772 0.106451 0.049463
v 0.031425 0.108855 0.049463
v 0.029359 0.089058 0.049463
v 0.030143 0.090777 0.049463
v 0.031281 0.094664 0.049463
v 0.012976 0.072656 0.049463
v 0.015431 0.073779 0.049463
v 0.018156 0.075532 0.049463
v 0.019290 0.076263 0.049463
v 0.022757 0.079270 0.049463
v 0.025760 0.082740 0.049463
v 0.026489 0.083875 0.049463
v 0.028239 0.086602 0.049463
v 0.002313 0.069919 0.049463
v 0.006855 0.070575 0.049463
v 0.007373 0.070727 0.049463
v 0.011258 0.071870 0.049463
v -0.010187 0.071554 0.049463
v -0.006819 0.070567 0.049463
v -0.004414 0.070223 0.049463
v -0.002276 0.069916 0.049463
v 0.001504 0.069919 0.049463
v -0.020485 0.077300 0.049463
v -0.019260 0.076240 0.049463
v -0.015625 0.073907 0.049463
v -0.015398 0.073761 0.049463
v -0.011223 0.071857 0.049463
v -0.028075 0.086342 0.049463
v -0.025737 0.082710 0.049463
v -0.024676 0.081487 0.049463
v -0.022730 0.079243 0.049463
v -0.030434 0.091777 0.049463
v -0.030130 0.090742 0.049463
v -0.028221 0.086569 0.049463
v -0.031433 0.108819 0.049463
v -0.032084 0.104276 0.049463
v -0.032083 0.103467 0.049463
v -0.032081 0.099687 0.049463
v -0.031772 0.097549 0.049463
v -0.031425 0.095145 0.049463
v -0.029359 0.114942 0.049463
v -0.030143 0.113223 0.049463
v -0.031281 0.109336 0.049463
v -0.011258 0.132130 0.049463
v -0.012976 0.131344 0.049463
v -0.015431 0.130221 0.049463
v -0.018156 0.128468 0.049463
v -0.019290 0.127737 0.049463
v -0.022757 0.124730 0.049463
v -0.025760 0.121260 0.049463
v -0.026489 0.120125 0.049463
v -0.028239 0.117398 0.049463
v -0.025031 0.071819 0.047876
v -0.027749 0.129716 0.047876
v -0.027731 0.129699 0.047881
v -0.026909 0.130293 0.047915
v -0.023976 0.133037 0.047876
v -0.026772 0.130357 0.047925
v -0.026686 0.130381 0.047935
v -0.025882 0.130605 0.048020
v -0.025719 0.130621 0.048042
v -0.025470 0.130602 0.048083
v -0.024795 0.130552 0.048191
v -0.024634 0.130512 0.048222
v -0.022139 0.134277 0.047876
v -0.024274 0.130351 0.048302
v -0.023786 0.130133 0.048411
v -0.023657 0.130046 0.048445
v -0.023268 0.129674 0.048565
v -0.022322 0.127425 0.049087
v -0.022325 0.127315 0.049106
v -0.022984 0.129401 0.048653
v -0.022902 0.129291 0.048684
v -0.022590 0.128671 0.048836
v -0.022482 0.128459 0.048888
v -0.022447 0.128345 0.048913
v -0.022329 0.127480 0.049077
v -0.022502 0.126408 0.049230
v -0.022574 0.126273 0.049241
v -0.022944 0.125577 0.049298
v -0.023249 0.125222 0.049306
v -0.024067 0.124631 0.049267
v -0.024211 0.124563 0.049254
v -0.024294 0.124540 0.049243
v -0.025100 0.124316 0.049143
v -0.025267 0.124300 0.049117
v -0.025506 0.124318 0.049074
v -0.027198 0.124790 0.048716
v -0.027320 0.124872 0.048683
v -0.032303 0.124101 0.047876
v -0.026191 0.124370 0.048950
v -0.026348 0.124410 0.048917
v -0.026698 0.124566 0.048835
v -0.027704 0.125239 0.048564
v -0.027994 0.125517 0.048474
v -0.028073 0.125624 0.048445
v -0.028652 0.127436 0.048079
v -0.028659 0.127488 0.048071
v -0.031065 0.125940 0.047876
v -0.028655 0.127604 0.048054
v -0.028478 0.128513 0.047945
v -0.028387 0.126241 0.048301
v -0.028495 0.126453 0.048251
v -0.028531 0.126569 0.048228
v -0.028407 0.128648 0.047936
v -0.028036 0.129345 0.047888
v 0.026686 0.073619 0.047934
v 0.025882 0.073395 0.048020
v 0.025916 0.072563 0.047876
v 0.025719 0.073379 0.048042
v 0.025472 0.073398 0.048082
v 0.022172 0.069671 0.047876
v 0.024795 0.073448 0.048191
v 0.024634 0.073488 0.048222
v 0.024277 0.073648 0.048302
v 0.023786 0.073867 0.048411
v 0.023657 0.073954 0.048444
v 0.023271 0.074324 0.048564
v 0.022322 0.076575 0.049087
v 0.022325 0.076685 0.049106
v 0.022984 0.074599 0.048653
v 0.022902 0.074709 0.048684
v 0.022591 0.075326 0.048835
v 0.022482 0.075541 0.048888
v 0.022447 0.075655 0.048913
v 0.022330 0.076518 0.049077
v 0.022502 0.077592 0.049230
v 0.022574 0.077727 0.049241
v 0.022944 0.078423 0.049298
v 0.023249 0.078778 0.049306
v 0.028655 0.076396 0.048054
v 0.028478 0.075487 0.047945
v 0.029467 0.076119 0.047876
v 0.028407 0.075352 0.047936
v 0.028037 0.074655 0.047888
v 0.027731 0.074301 0.047881
v 0.027692 0.074341 0.047876
v 0.026909 0.073707 0.047915
v 0.026772 0.073643 0.047925
v 0.028495 0.077547 0.048251
v 0.028531 0.077431 0.048228
v 0.028652 0.076563 0.048079
v 0.028659 0.076512 0.048071
v 0.024067 0.079369 0.049267
v 0.024211 0.079437 0.049254
v 0.024294 0.079460 0.049243
v 0.025100 0.079684 0.049143
v 0.026191 0.079630 0.048950
v 0.025508 0.079682 0.049074
v 0.025267 0.079700 0.049117
v 0.026348 0.079590 0.048917
v 0.026700 0.079433 0.048834
v 0.027197 0.079210 0.048716
v 0.027320 0.079128 0.048683
v 0.032355 0.079865 0.047876
v 0.027706 0.078759 0.048563
v 0.027994 0.078483 0.048474
v 0.028073 0.078377 0.048445
v 0.028388 0.077757 0.048300
v 0.032535 0.080099 0.047876
v 0.035069 0.084440 0.047876
v 0.035817 0.086209 0.047876
v 0.037026 0.089068 0.047876
v 0.038138 0.093056 0.047876
v 0.038376 0.093909 0.047876
v 0.039095 0.098883 0.047876
v 0.039116 0.100213 0.047876
v 0.039173 0.103908 0.047876
v 0.038774 0.107434 0.047876
v 0.022302 0.127741 0.049037
v 0.022317 0.127893 0.049009
v 0.022568 0.128787 0.048819
v 0.022648 0.128912 0.048786
v 0.028068 0.129289 0.047892
v 0.028147 0.129168 0.047898
v 0.030152 0.127067 0.047876
v 0.026860 0.130295 0.047921
v 0.027336 0.130043 0.047889
v 0.026813 0.130623 0.047876
v 0.027438 0.129965 0.047885
v 0.027839 0.129535 0.047889
v 0.025377 0.130658 0.048087
v 0.025493 0.130659 0.048070
v 0.024987 0.132126 0.047876
v 0.023062 0.129563 0.048614
v 0.023385 0.129886 0.048512
v 0.023533 0.130006 0.048469
v 0.024347 0.130458 0.048273
v 0.024449 0.130493 0.048252
v 0.024462 0.130498 0.048250
v 0.025670 0.130630 0.048048
v 0.026407 0.130513 0.047956
v 0.026519 0.130476 0.047945
v 0.028457 0.128460 0.047957
v 0.028518 0.128322 0.047968
v 0.028556 0.128167 0.047985
v 0.028620 0.127244 0.048114
v 0.028619 0.127235 0.048115
v 0.028603 0.127079 0.048141
v 0.028349 0.126186 0.048315
v 0.028269 0.126061 0.048347
v 0.027852 0.125410 0.048514
v 0.022464 0.126516 0.049218
v 0.022408 0.126644 0.049206
v 0.027529 0.125088 0.048616
v 0.030253 0.126959 0.047876
v 0.033196 0.122885 0.047876
v 0.034183 0.121067 0.047876
v 0.035594 0.118469 0.047876
v 0.037141 0.114471 0.047876
v 0.037408 0.113782 0.047876
v 0.038607 0.108902 0.047876
v 0.027305 0.124913 0.048680
v 0.027068 0.124759 0.048743
v 0.026572 0.124522 0.048863
v 0.026466 0.124485 0.048886
v 0.026457 0.124482 0.048888
v 0.025542 0.124323 0.049068
v 0.025432 0.124322 0.049086
v 0.025250 0.124351 0.049113
v 0.024519 0.124466 0.049218
v 0.024412 0.124501 0.049230
v 0.024064 0.124684 0.049259
v 0.023597 0.124929 0.049297
v 0.023495 0.125006 0.049301
v 0.023084 0.125443 0.049297
v 0.022864 0.125677 0.049294
v 0.022780 0.125802 0.049287
v 0.022367 0.126806 0.049185
v 0.022301 0.127727 0.049039
v 0.022932 0.133816 0.047876
v 0.019051 0.136252 0.047876
v 0.018675 0.136488 0.047876
v 0.014112 0.138593 0.047876
v 0.012420 0.139123 0.047876
v 0.009317 0.140097 0.047876
v 0.005387 0.140795 0.047876
v 0.004368 0.140975 0.047876
v -0.000652 0.141214 0.047876
v -0.001829 0.141119 0.047876
v -0.005661 0.140809 0.047876
v -0.008987 0.140104 0.047876
v -0.010577 0.139766 0.047876
v -0.015320 0.138104 0.047876
v -0.015847 0.137839 0.047876
v -0.019811 0.135848 0.047876
v -0.033871 0.121771 0.047876
v -0.035857 0.117806 0.047876
v -0.036122 0.117277 0.047876
v -0.037779 0.112533 0.047876
v -0.038114 0.110942 0.047876
v -0.038815 0.107615 0.047876
v -0.039121 0.103784 0.047876
v -0.039215 0.102606 0.047876
v -0.038970 0.097586 0.047876
v -0.038788 0.096568 0.047876
v -0.038086 0.092639 0.047876
v -0.037109 0.089537 0.047876
v -0.036576 0.087845 0.047876
v -0.034466 0.083284 0.047876
v -0.034230 0.082909 0.047876
v -0.031790 0.079031 0.047876
v -0.030096 0.076978 0.047876
v -0.026088 0.073404 0.047991
v -0.026422 0.073525 0.047959
v -0.026958 0.073718 0.047909
v -0.027065 0.073779 0.047902
v -0.027501 0.074130 0.047890
v -0.027785 0.074358 0.047882
v -0.028591 0.075154 0.047876
v -0.027876 0.074461 0.047883
v -0.028275 0.075100 0.047919
v -0.028621 0.076291 0.048044
v -0.028629 0.076454 0.048067
v -0.028365 0.075245 0.047927
v -0.028423 0.075387 0.047939
v -0.028510 0.077373 0.048223
v -0.028449 0.077509 0.048254
v -0.028132 0.078216 0.048411
v -0.026897 0.079335 0.048786
v -0.026870 0.079349 0.048793
v -0.027859 0.078582 0.048511
v -0.027727 0.078725 0.048555
v -0.026984 0.079289 0.048764
v -0.025985 0.079635 0.048986
v -0.025873 0.079652 0.049008
v -0.025717 0.079649 0.049034
v -0.024947 0.079636 0.049162
v -0.024839 0.079616 0.049177
v -0.024497 0.079494 0.049215
v -0.023971 0.079305 0.049273
v -0.023866 0.079247 0.049281
v -0.023417 0.078888 0.049296
v -0.023147 0.078672 0.049306
v -0.023053 0.078567 0.049304
v -0.022644 0.077917 0.049262
v -0.022562 0.077788 0.049254
v -0.022501 0.077639 0.049238
v -0.022300 0.076739 0.049118
v -0.022300 0.076729 0.049117
v -0.022293 0.076571 0.049091
v -0.022410 0.075652 0.048917
v -0.022470 0.075516 0.048885
v -0.022785 0.074811 0.048718
v -0.023056 0.074444 0.048616
v -0.023153 0.074336 0.048583
v -0.023255 0.074233 0.048551
v -0.023470 0.074043 0.048487
v -0.023935 0.073732 0.048366
v -0.024017 0.073688 0.048346
v -0.024047 0.073673 0.048340
v -0.024931 0.073385 0.048161
v -0.025047 0.073368 0.048141
v -0.025200 0.073371 0.048118
v -0.025974 0.073383 0.048005
v 0.021939 0.069491 0.047876
v -0.024924 0.071718 0.047876
v -0.020847 0.068780 0.047876
v -0.019027 0.067794 0.047876
v -0.016427 0.066387 0.047876
v -0.012427 0.064844 0.047876
v -0.011738 0.064578 0.047876
v -0.006857 0.063385 0.047876
v -0.005388 0.063220 0.047876
v -0.001862 0.062825 0.047876
v 0.001833 0.062886 0.047876
v 0.003163 0.062908 0.047876
v 0.008136 0.063634 0.047876
v 0.008989 0.063873 0.047876
v 0.012975 0.064989 0.047876
v 0.015833 0.066202 0.047876
v 0.017601 0.066952 0.047876
v -0.022714 0.126313 0.049118
v -0.022603 0.126675 0.049072
v -0.022503 0.127004 0.049031
v -0.022486 0.127142 0.049009
v -0.022502 0.127457 0.048950
v -0.022531 0.128041 0.048841
v -0.023369 0.129537 0.048441
v -0.022975 0.129106 0.048580
v -0.022912 0.129007 0.048607
v -0.022734 0.128584 0.048711
v -0.022580 0.128216 0.048802
v -0.022561 0.128172 0.048812
v -0.024701 0.130310 0.048096
v -0.024466 0.130268 0.048140
v -0.024317 0.130187 0.048178
v -0.023668 0.129839 0.048340
v -0.023588 0.129776 0.048364
v -0.023374 0.129542 0.048439
v -0.025441 0.130441 0.047957
v -0.025449 0.130440 0.047956
v -0.026245 0.130316 0.047850
v -0.026412 0.130290 0.047828
v -0.026595 0.130195 0.047814
v -0.027241 0.129863 0.047765
v -0.027593 0.129561 0.047758
v -0.028122 0.128845 0.047787
v -0.028176 0.128738 0.047795
v -0.028439 0.127420 0.047960
v -0.028455 0.127746 0.047906
v -0.028438 0.127879 0.047888
v -0.028338 0.128206 0.047852
v -0.028228 0.128569 0.047813
v -0.028411 0.126847 0.048055
v -0.027568 0.125340 0.048440
v -0.027964 0.125773 0.048302
v -0.028032 0.125879 0.048273
v -0.028204 0.126289 0.048179
v -0.028361 0.126666 0.048092
v -0.028381 0.126713 0.048081
v -0.026240 0.124572 0.048798
v -0.026466 0.124611 0.048752
v -0.026616 0.124691 0.048712
v -0.027267 0.125038 0.048541
v -0.027351 0.125104 0.048515
v -0.027565 0.125337 0.048441
v -0.022764 0.126148 0.049139
v -0.022822 0.126033 0.049149
v -0.023348 0.125321 0.049183
v -0.023700 0.125019 0.049174
v -0.025491 0.124441 0.048954
v -0.025487 0.124442 0.048954
v -0.024696 0.124566 0.049074
v -0.024529 0.124593 0.049100
v -0.024345 0.124687 0.049116
v -0.024670 0.079407 0.049075
v -0.024518 0.079382 0.049098
v -0.024092 0.073889 0.048226
v -0.022631 0.075593 0.048759
v -0.022731 0.075242 0.048680
v -0.023660 0.074115 0.048333
v -0.023318 0.074409 0.048439
v -0.023240 0.074490 0.048466
v -0.023165 0.074574 0.048492
v -0.022786 0.077862 0.049136
v -0.022561 0.077301 0.049075
v -0.022512 0.077177 0.049061
v -0.022583 0.075766 0.048798
v -0.022459 0.076201 0.048896
v -0.022488 0.076737 0.048986
v -0.022872 0.078079 0.049160
v -0.023345 0.078632 0.049175
v -0.023491 0.078802 0.049179
v -0.023511 0.078826 0.049180
v -0.023600 0.078898 0.049177
v -0.024506 0.079380 0.049099
v -0.024379 0.079335 0.049114
v -0.025390 0.079529 0.048967
v -0.025529 0.079528 0.048942
v -0.028249 0.077470 0.048133
v -0.028146 0.077827 0.048207
v -0.025679 0.079501 0.048911
v -0.026215 0.079403 0.048799
v -0.026417 0.079366 0.048757
v -0.026783 0.079174 0.048661
v -0.027222 0.078943 0.048546
v -0.027564 0.078649 0.048439
v -0.027711 0.078490 0.048388
v -0.028300 0.077293 0.048097
v -0.028421 0.076871 0.048009
v -0.028394 0.076322 0.047927
v -0.028372 0.075889 0.047862
v -0.028320 0.075759 0.047850
v -0.028095 0.075194 0.047797
v -0.028008 0.074977 0.047777
v -0.027537 0.074428 0.047765
v -0.027389 0.074255 0.047761
v -0.027364 0.074227 0.047760
v -0.027280 0.074159 0.047763
v -0.026362 0.073676 0.047830
v -0.026377 0.073679 0.047828
v -0.026496 0.073721 0.047816
v -0.025491 0.073530 0.047944
v -0.026212 0.073651 0.047850
v -0.024468 0.073691 0.048132
v -0.024667 0.073655 0.048095
v -0.025200 0.073559 0.047994
v -0.025355 0.073531 0.047965
v 0.028228 0.075432 0.047813
v 0.028338 0.075794 0.047852
v 0.028439 0.076121 0.047888
v 0.028455 0.076254 0.047906
v 0.028439 0.076579 0.047960
v 0.028411 0.077153 0.048055
v 0.027566 0.078662 0.048440
v 0.027964 0.078227 0.048302
v 0.028032 0.078121 0.048273
v 0.028205 0.077709 0.048178
v 0.028361 0.077334 0.048092
v 0.028381 0.077287 0.048081
v 0.023348 0.078679 0.049183
v 0.023700 0.078981 0.049174
v 0.024345 0.079313 0.049116
v 0.024529 0.079407 0.049100
v 0.024696 0.079434 0.049074
v 0.025488 0.079559 0.048954
v 0.025491 0.079559 0.048954
v 0.026240 0.079428 0.048798
v 0.026466 0.079389 0.048752
v 0.026618 0.079308 0.048712
v 0.027266 0.078962 0.048541
v 0.027351 0.078896 0.048515
v 0.022822 0.077967 0.049149
v 0.022764 0.077852 0.049139
v 0.022502 0.076542 0.048950
v 0.022486 0.076857 0.049009
v 0.022503 0.076996 0.049031
v 0.022603 0.077325 0.049072
v 0.022713 0.077687 0.049118
v 0.022531 0.075959 0.048841
v 0.023371 0.074460 0.048440
v 0.022975 0.074894 0.048580
v 0.022912 0.074993 0.048607
v 0.022735 0.075413 0.048711
v 0.022580 0.075784 0.048802
v 0.022561 0.075828 0.048812
v 0.024701 0.073690 0.048096
v 0.024466 0.073732 0.048140
v 0.024319 0.073811 0.048177
v 0.023668 0.074161 0.048340
v 0.023588 0.074224 0.048364
v 0.023374 0.074458 0.048439
v 0.028176 0.075262 0.047795
v 0.028122 0.075155 0.047787
v 0.027593 0.074439 0.047758
v 0.027242 0.074137 0.047765
v 0.025441 0.073559 0.047957
v 0.025452 0.073561 0.047955
v 0.026245 0.073684 0.047850
v 0.026412 0.073710 0.047828
v 0.026596 0.073805 0.047814
v 0.028396 0.127232 0.047997
v 0.028391 0.126925 0.048047
v 0.028311 0.126706 0.048095
v 0.028409 0.127910 0.047888
v 0.028303 0.128238 0.047853
v 0.028256 0.128385 0.047838
v 0.028109 0.128843 0.047789
v 0.027688 0.129408 0.047767
v 0.027442 0.129706 0.047759
v 0.027519 0.129634 0.047758
v 0.026774 0.130144 0.047794
v 0.027554 0.129588 0.047760
v 0.025572 0.130468 0.047931
v 0.025643 0.130463 0.047921
v 0.025706 0.130459 0.047911
v 0.026208 0.130337 0.047852
v 0.026579 0.130247 0.047808
v 0.026692 0.130198 0.047799
v 0.024494 0.130292 0.048131
v 0.024664 0.130366 0.048092
v 0.024676 0.130372 0.048089
v 0.023839 0.130007 0.048284
v 0.023477 0.129738 0.048388
v 0.023318 0.129591 0.048439
v 0.022833 0.128953 0.048629
v 0.022784 0.128818 0.048661
v 0.022572 0.128235 0.048799
v 0.022490 0.128011 0.048853
v 0.022485 0.127705 0.048908
v 0.022473 0.127031 0.049030
v 0.022578 0.126704 0.049071
v 0.022627 0.126552 0.049090
v 0.022769 0.126106 0.049145
v 0.023195 0.125530 0.049173
v 0.023430 0.125244 0.049182
v 0.023351 0.125319 0.049183
v 0.024109 0.124794 0.049140
v 0.023326 0.125352 0.049181
v 0.025304 0.124474 0.048982
v 0.025237 0.124478 0.048993
v 0.025165 0.124483 0.049005
v 0.024674 0.124605 0.049072
v 0.024296 0.124698 0.049124
v 0.024175 0.124751 0.049136
v 0.026382 0.124647 0.048761
v 0.026218 0.124576 0.048802
v 0.026200 0.124568 0.048806
v 0.028096 0.126116 0.048225
v 0.028048 0.125987 0.048254
v 0.027564 0.125351 0.048439
v 0.027398 0.125197 0.048492
v 0.027036 0.124930 0.048599
v 0.027088 0.130916 0.047683
v -0.039489 0.107713 0.047335
v -0.039896 0.102616 0.047335
v -0.039617 0.102612 0.047683
v -0.001895 0.062144 0.047335
v 0.003217 0.062229 0.047335
v 0.003195 0.062507 0.047683
v 0.037669 0.088844 0.047335
v 0.039042 0.093769 0.047335
v 0.038770 0.093826 0.047683
v 0.027278 0.131120 0.047335
v 0.023330 0.134369 0.047335
v 0.023168 0.134143 0.047683
v 0.009478 0.140758 0.047335
v 0.004444 0.141652 0.047335
v 0.004413 0.141375 0.047683
v -0.010761 0.140422 0.047335
v -0.015586 0.138731 0.047335
v -0.015477 0.138474 0.047683
v -0.018106 0.066410 0.046900
v -0.016754 0.065678 0.046900
v -0.016713 0.065768 0.047335
v -0.004446 0.062331 0.046900
v -0.001899 0.062045 0.046900
v 0.009778 0.063285 0.046900
v 0.013233 0.064252 0.046900
v 0.013200 0.064346 0.047335
v 0.016537 0.065654 0.046900
v 0.017952 0.066255 0.046900
v 0.017907 0.066343 0.047335
v 0.028301 0.073732 0.046900
v 0.030054 0.075604 0.046900
v 0.029979 0.075669 0.047335
v 0.039881 0.099333 0.046900
v 0.039953 0.103946 0.046900
v 0.039853 0.103941 0.047335
v 0.039664 0.106493 0.046900
v 0.039376 0.109039 0.046900
v 0.039278 0.109022 0.047335
v 0.035569 0.120147 0.046900
v 0.033857 0.123301 0.046900
v 0.033772 0.123248 0.047335
v 0.021218 0.135812 0.046900
v 0.019047 0.137174 0.046900
v 0.019000 0.137087 0.047335
v 0.000871 0.141921 0.046900
v -0.000664 0.141994 0.046900
v -0.000663 0.141895 0.047335
v -0.019747 0.136752 0.046900
v -0.020205 0.136522 0.046900
v -0.020155 0.136436 0.047335
v -0.015624 0.138822 0.046900
v -0.006274 0.141475 0.046900
v -0.010788 0.140518 0.046900
v -0.013206 0.139670 0.046900
v -0.005773 0.141581 0.046900
v -0.005759 0.141483 0.047335
v 0.014393 0.139321 0.046900
v 0.009502 0.140855 0.046900
v 0.007989 0.141124 0.046900
v 0.004455 0.141751 0.046900
v 0.014858 0.139106 0.046900
v 0.014357 0.139228 0.047335
v 0.030855 0.127456 0.046900
v 0.027346 0.131192 0.046900
v 0.026951 0.131518 0.046900
v 0.023389 0.134450 0.046900
v 0.038057 0.113987 0.047335
v 0.038152 0.114017 0.046900
v 0.036212 0.118755 0.047335
v 0.036302 0.118797 0.046900
v 0.038275 0.113519 0.046900
v 0.039774 0.098829 0.047335
v 0.039873 0.098821 0.046900
v 0.039140 0.093748 0.046900
v 0.036365 0.085506 0.046900
v 0.037763 0.088811 0.046900
v 0.038727 0.092268 0.046900
v 0.033100 0.079719 0.047335
v 0.033183 0.079663 0.046900
v 0.035677 0.084135 0.047335
v 0.035766 0.084090 0.046900
v 0.032870 0.079258 0.046900
v 0.026431 0.071977 0.046900
v 0.026366 0.072052 0.047335
v 0.022780 0.069157 0.046900
v 0.022320 0.068926 0.047335
v 0.022375 0.068844 0.046900
v 0.008277 0.062967 0.047335
v 0.008297 0.062870 0.046900
v 0.003226 0.062130 0.046900
v 0.002714 0.062122 0.046900
v -0.006993 0.062616 0.046900
v -0.006976 0.062714 0.047335
v -0.011475 0.063712 0.046900
v -0.011942 0.063929 0.047335
v -0.011972 0.063834 0.046900
v -0.021262 0.068119 0.046900
v -0.021209 0.068203 0.047335
v -0.024173 0.070217 0.046900
v -0.025356 0.071192 0.047335
v -0.032422 0.078574 0.046900
v -0.029486 0.075015 0.046900
v -0.029088 0.074688 0.047335
v -0.029160 0.074620 0.046900
v -0.025420 0.071116 0.046900
v -0.032342 0.078632 0.047335
v -0.035064 0.082959 0.047335
v -0.033787 0.080743 0.046900
v -0.038844 0.092453 0.046900
v -0.037304 0.087564 0.046900
v -0.037211 0.087600 0.047335
v -0.037089 0.087099 0.046900
v -0.035152 0.082912 0.046900
v -0.039920 0.101083 0.046900
v -0.039746 0.097498 0.046900
v -0.039647 0.097509 0.047335
v -0.039114 0.093966 0.046900
v -0.038747 0.092476 0.047335
v -0.038530 0.112743 0.046900
v -0.039482 0.108228 0.046900
v -0.039588 0.107727 0.046900
v -0.039995 0.102618 0.046900
v -0.038435 0.112716 0.047335
v -0.036749 0.117543 0.047335
v -0.037685 0.115162 0.046900
v -0.031683 0.126417 0.046900
v -0.034545 0.122165 0.046900
v -0.034460 0.122114 0.047335
v -0.034775 0.121707 0.046900
v -0.036840 0.117582 0.046900
v -0.030669 0.127572 0.046900
v -0.031604 0.126356 0.047335
v -0.028230 0.130197 0.047335
v -0.024454 0.133655 0.046900
v -0.024393 0.133576 0.047335
v -0.025607 0.132639 0.046900
v -0.028301 0.130268 0.046900
v -0.010686 0.140154 0.047683
v -0.005719 0.141207 0.047683
v -0.000658 0.141616 0.047683
v 0.009412 0.140488 0.047683
v 0.014257 0.138968 0.047683
v 0.018867 0.136841 0.047683
v 0.033537 0.123100 0.047683
v 0.035959 0.118638 0.047683
v 0.037792 0.113903 0.047683
v 0.039004 0.108973 0.047683
v 0.039575 0.103928 0.047683
v 0.039497 0.098851 0.047683
v 0.037406 0.088936 0.047683
v 0.035428 0.084259 0.047683
v 0.032869 0.079875 0.047683
v 0.029770 0.075853 0.047683
v 0.026182 0.072261 0.047683
v 0.022164 0.069157 0.047683
v 0.017782 0.066592 0.047683
v 0.013108 0.064609 0.047683
v 0.008219 0.063240 0.047683
v -0.001881 0.062423 0.047683
v -0.006927 0.062988 0.047683
v -0.011859 0.064194 0.047683
v -0.016596 0.066021 0.047683
v -0.021061 0.068439 0.047683
v -0.025179 0.071408 0.047683
v -0.028885 0.074879 0.047683
v -0.032116 0.078795 0.047683
v -0.034819 0.083092 0.047683
v -0.039370 0.097541 0.047683
v -0.038477 0.092543 0.047683
v -0.036951 0.087700 0.047683
v -0.039214 0.107673 0.047683
v -0.038166 0.112641 0.047683
v -0.036492 0.117434 0.047683
v -0.024222 0.133355 0.047683
v -0.028033 0.130001 0.047683
v -0.031384 0.126186 0.047683
v -0.034219 0.121974 0.047683
v -0.020014 0.136196 0.047683
v 0.031755 0.126210 0.046900
v 0.030778 0.127392 0.047335
v 0.030563 0.127215 0.047683
v -0.027591 0.125318 0.046500
v -0.024693 0.124544 0.046500
v -0.023348 0.125321 0.046500
v -0.026245 0.124543 0.046500
v -0.028368 0.126663 0.046500
v -0.028369 0.128216 0.046500
v -0.027593 0.129561 0.046500
v -0.026249 0.130338 0.046500
v -0.024696 0.130339 0.046500
v -0.023351 0.129564 0.046500
v -0.022573 0.128219 0.046500
v -0.022572 0.126666 0.046500
v -0.028338 0.075751 0.046500
v -0.024663 0.073632 0.046500
v -0.023318 0.074409 0.046500
v -0.027561 0.074407 0.046500
v -0.026216 0.073631 0.046500
v -0.028339 0.077304 0.046500
v -0.027564 0.078649 0.046500
v -0.026219 0.079427 0.046500
v -0.024666 0.079428 0.046500
v -0.023321 0.078652 0.046500
v -0.022544 0.077307 0.046500
v -0.022543 0.075755 0.046500
v 0.027591 0.078682 0.046500
v 0.026249 0.073662 0.046500
v 0.027593 0.074439 0.046500
v 0.024696 0.073661 0.046500
v 0.023351 0.074436 0.046500
v 0.022573 0.075781 0.046500
v 0.022572 0.077334 0.046500
v 0.023348 0.078679 0.046500
v 0.024693 0.079456 0.046500
v 0.026245 0.079457 0.046500
v 0.028368 0.077337 0.046500
v 0.028369 0.075784 0.046500
v 0.026216 0.130369 0.046500
v 0.022544 0.126693 0.046500
v 0.027564 0.125351 0.046500
v 0.026219 0.124573 0.046500
v 0.024666 0.124572 0.046500
v 0.023321 0.125348 0.046500
v 0.022543 0.128245 0.046500
v 0.023318 0.129591 0.046500
v 0.024663 0.130368 0.046500
v 0.027561 0.129593 0.046500
v 0.028338 0.128249 0.046500
v 0.028339 0.126696 0.046500
v 0.002714 0.062092 0.046000
v 0.014870 0.139133 0.046000
v 0.038303 0.113526 0.046000
v 0.032893 0.079240 0.046000
v 0.036429 0.085479 0.046000
v 0.028301 0.073732 0.046000
v 0.038793 0.092249 0.046000
v 0.039911 0.099333 0.046000
v 0.039746 0.106502 0.046000
v 0.035630 0.120180 0.046000
v 0.031811 0.126250 0.046000
v 0.026970 0.131540 0.046000
v 0.021262 0.135881 0.046000
v 0.008001 0.141192 0.046000
v 0.000874 0.141990 0.046000
v -0.006280 0.141504 0.046000
v -0.013233 0.139748 0.046000
v -0.019761 0.136778 0.046000
v -0.025653 0.132691 0.046000
v -0.030721 0.127617 0.046000
v -0.034801 0.121720 0.046000
v -0.037763 0.115189 0.046000
v -0.039989 0.101079 0.046000
v -0.039511 0.108234 0.046000
v -0.039182 0.093954 0.046000
v -0.037116 0.087087 0.046000
v -0.033857 0.080699 0.046000
v -0.029509 0.074996 0.046000
v -0.024213 0.070161 0.046000
v -0.018139 0.066349 0.046000
v -0.011482 0.063683 0.046000
v -0.004455 0.062249 0.046000
v 0.009796 0.063218 0.046000
v 0.016564 0.065591 0.046000
v 0.022799 0.069133 0.046000
v -0.024269 0.128644 0.043500
v -0.024269 0.128644 0.046000
v -0.024907 0.129281 0.043500
v -0.024907 0.129281 0.046000
v -0.026673 0.128642 0.046500
v -0.027113 0.127880 0.046500
v -0.027113 0.127000 0.046500
v -0.026672 0.126238 0.046500
v -0.025910 0.125799 0.046500
v -0.025030 0.125799 0.046500
v -0.024268 0.126240 0.046500
v -0.023828 0.127002 0.046500
v -0.023829 0.127882 0.046500
v -0.024269 0.128644 0.046500
v -0.025032 0.129083 0.046500
v -0.025912 0.129083 0.046500
v -0.026672 0.126238 0.046000
v -0.026672 0.126238 0.043500
v -0.027310 0.126875 0.046000
v -0.027310 0.126875 0.043500
v -0.027651 0.127099 0.043500
v -0.027651 0.127099 0.046000
v -0.028054 0.127167 0.043500
v -0.028054 0.127167 0.046000
v -0.028450 0.127069 0.043500
v -0.028450 0.127069 0.046000
v -0.028774 0.126821 0.043500
v -0.028774 0.126821 0.046000
v -0.028745 0.077146 0.046000
v -0.028745 0.077146 0.043500
v -0.028420 0.076898 0.043500
v -0.028420 0.076898 0.046000
v -0.028024 0.076800 0.043500
v -0.028024 0.076800 0.046000
v -0.027622 0.076869 0.043500
v -0.027622 0.076869 0.046000
v -0.027281 0.077093 0.043500
v -0.027281 0.077093 0.046000
v -0.026644 0.077731 0.043500
v -0.026644 0.077731 0.046000
v -0.025882 0.078171 0.046500
v -0.026644 0.077731 0.046500
v -0.027083 0.076968 0.046500
v -0.027083 0.076088 0.046500
v -0.026642 0.075327 0.046500
v -0.025880 0.074887 0.046500
v -0.025000 0.074887 0.046500
v -0.024238 0.075328 0.046500
v -0.023799 0.076090 0.046500
v -0.023799 0.076970 0.046500
v -0.024240 0.077732 0.046500
v -0.025002 0.078172 0.046500
v -0.024238 0.075328 0.046000
v -0.024238 0.075328 0.043500
v -0.024875 0.074690 0.046000
v -0.024875 0.074690 0.043500
v 0.024854 0.073255 0.046000
v 0.024854 0.073255 0.043500
v 0.025102 0.073580 0.043500
v 0.025102 0.073580 0.046000
v 0.025200 0.073976 0.043500
v 0.025200 0.073976 0.046000
v 0.025131 0.074378 0.043500
v 0.025131 0.074378 0.046000
v 0.024907 0.074719 0.043500
v 0.024907 0.074719 0.046000
v -0.025099 0.074349 0.043500
v -0.025099 0.074349 0.046000
v -0.025167 0.073946 0.043500
v -0.025167 0.073946 0.046000
v -0.025069 0.073550 0.043500
v -0.025069 0.073550 0.046000
v -0.024821 0.073226 0.043500
v -0.024821 0.073226 0.046000
v 0.024269 0.075356 0.043500
v 0.024269 0.075356 0.046000
v 0.026672 0.077762 0.046000
v 0.026672 0.077762 0.043500
v 0.027310 0.077125 0.046000
v 0.027310 0.077125 0.043500
v 0.024268 0.077760 0.046500
v 0.023828 0.076998 0.046500
v 0.023829 0.076118 0.046500
v 0.024269 0.075356 0.046500
v 0.025032 0.074917 0.046500
v 0.025912 0.074917 0.046500
v 0.026673 0.075358 0.046500
v 0.027113 0.076120 0.046500
v 0.027113 0.077000 0.046500
v 0.026672 0.077762 0.046500
v 0.025910 0.078201 0.046500
v 0.025030 0.078201 0.046500
v 0.028745 0.126854 0.046000
v 0.028745 0.126854 0.043500
v 0.028420 0.127102 0.043500
v 0.028420 0.127102 0.046000
v 0.028024 0.127200 0.043500
v 0.028024 0.127200 0.046000
v 0.027622 0.127131 0.043500
v 0.027622 0.127131 0.046000
v 0.027281 0.126907 0.043500
v 0.027281 0.126907 0.046000
v 0.027651 0.076901 0.043500
v 0.027651 0.076901 0.046000
v 0.028054 0.076833 0.043500
v 0.028054 0.076833 0.046000
v 0.028450 0.076931 0.043500
v 0.028450 0.076931 0.046000
v 0.028774 0.077179 0.043500
v 0.028774 0.077179 0.046000
v 0.025000 0.129113 0.046500
v 0.024238 0.128672 0.046500
v 0.023799 0.127910 0.046500
v 0.023799 0.127030 0.046500
v 0.024240 0.126268 0.046500
v 0.025002 0.125828 0.046500
v 0.025882 0.125829 0.046500
v 0.026644 0.126269 0.046500
v 0.027083 0.127032 0.046500
v 0.027083 0.127912 0.046500
v 0.026642 0.128673 0.046500
v 0.025880 0.129113 0.046500
v 0.024238 0.128672 0.046000
v 0.024238 0.128672 0.043500
v 0.024875 0.129310 0.046000
v 0.024875 0.129310 0.043500
v 0.026644 0.126269 0.043500
v 0.026644 0.126269 0.046000
v -0.024854 0.130745 0.046000
v -0.024854 0.130745 0.043500
v -0.025102 0.130420 0.043500
v -0.025102 0.130420 0.046000
v -0.025200 0.130024 0.043500
v -0.025200 0.130024 0.046000
v -0.025131 0.129622 0.043500
v -0.025131 0.129622 0.046000
v 0.026642 0.128673 0.046000
v 0.025880 0.129113 0.046000
v -0.025880 0.074887 0.046000
v -0.026642 0.075327 0.046000
v -0.027083 0.076088 0.046000
v 0.027083 0.127912 0.046000
v 0.027083 0.127032 0.046000
v 0.027113 0.076120 0.046000
v 0.027113 0.077000 0.046000
v -0.027113 0.127880 0.046000
v -0.027113 0.127000 0.046000
v -0.026673 0.128642 0.046000
v -0.025912 0.129083 0.046000
v 0.025912 0.074917 0.046000
v 0.025032 0.074917 0.046000
v -0.025032 0.129083 0.046000
v -0.027083 0.076968 0.046000
v -0.025000 0.074887 0.046000
v 0.032716 0.082669 0.046000
v 0.035623 0.088770 0.046000
v 0.037403 0.095290 0.046000
v 0.038000 0.102022 0.046000
v 0.037395 0.108754 0.046000
v 0.035607 0.115271 0.046000
v 0.032693 0.121369 0.046000
v 0.025167 0.130054 0.046000
v 0.025099 0.129651 0.046000
v 0.025000 0.129113 0.046000
v 0.026673 0.075358 0.046000
v 0.025069 0.130450 0.046000
v 0.024821 0.130774 0.046000
v 0.019331 0.134716 0.046000
v 0.013230 0.137623 0.046000
v 0.006710 0.139403 0.046000
v -0.000022 0.140000 0.046000
v -0.006754 0.139395 0.046000
v -0.013271 0.137607 0.046000
v -0.019369 0.134693 0.046000
v -0.032716 0.121331 0.046000
v -0.035623 0.115230 0.046000
v -0.037403 0.108710 0.046000
v -0.038000 0.101978 0.046000
v -0.037395 0.095246 0.046000
v -0.035607 0.088729 0.046000
v -0.032693 0.082631 0.046000
v -0.019331 0.069284 0.046000
v -0.013230 0.066377 0.046000
v -0.006710 0.064597 0.046000
v 0.000022 0.064000 0.046000
v 0.006754 0.064605 0.046000
v 0.013271 0.066393 0.046000
v 0.019369 0.069307 0.046000
v 0.025099 0.129651 0.043500
v 0.025167 0.130054 0.043500
v 0.025069 0.130450 0.043500
v 0.024821 0.130774 0.043500
v -0.023829 0.127882 0.043500
v -0.025910 0.125799 0.043500
v -0.025030 0.125799 0.043500
v -0.024268 0.126240 0.043500
v -0.023828 0.127002 0.043500
v -0.032716 0.121331 0.043500
v -0.035623 0.115230 0.043500
v -0.037403 0.108710 0.043500
v -0.038000 0.101978 0.043500
v -0.037395 0.095246 0.043500
v -0.035607 0.088729 0.043500
v -0.032693 0.082631 0.043500
v -0.025882 0.078171 0.043500
v -0.023799 0.076090 0.043500
v -0.023799 0.076970 0.043500
v -0.024240 0.077732 0.043500
v -0.025002 0.078172 0.043500
v -0.019331 0.069284 0.043500
v -0.013230 0.066377 0.043500
v -0.006710 0.064597 0.043500
v 0.000022 0.064000 0.043500
v 0.006754 0.064605 0.043500
v 0.013271 0.066393 0.043500
v 0.019369 0.069307 0.043500
v 0.023829 0.076118 0.043500
v 0.025910 0.078201 0.043500
v 0.025030 0.078201 0.043500
v 0.024268 0.077760 0.043500
v 0.023828 0.076998 0.043500
v 0.032716 0.082669 0.043500
v 0.035623 0.088770 0.043500
v 0.037403 0.095290 0.043500
v 0.038000 0.102022 0.043500
v 0.037395 0.108754 0.043500
v 0.035607 0.115271 0.043500
v 0.032693 0.121369 0.043500
v 0.025882 0.125829 0.043500
v 0.023799 0.127910 0.043500
v 0.023799 0.127030 0.043500
v 0.024240 0.126268 0.043500
v 0.025002 0.125828 0.043500
v 0.019331 0.134716 0.043500
v 0.013230 0.137623 0.043500
v 0.006710 0.139403 0.043500
v -0.000022 0.140000 0.043500
v -0.006754 0.139395 0.043500
v -0.013271 0.137607 0.043500
v -0.019369 0.134693 0.043500
v 0.022492 0.075390 0.043500
v 0.022284 0.076845 0.043500
v 0.022748 0.078240 0.043500
v -0.022492 0.128610 0.043500
v -0.022284 0.127155 0.043500
v -0.022748 0.125760 0.043500
v 0.022626 0.074542 0.043500
v 0.022393 0.073716 0.043500
v -0.026610 0.079508 0.043500
v -0.025155 0.079716 0.043500
v -0.023760 0.079252 0.043500
v -0.028284 0.079607 0.043500
v -0.027458 0.079374 0.043500
v -0.022393 0.130284 0.043500
v -0.022626 0.129458 0.043500
v 0.025155 0.124284 0.043500
v 0.023787 0.079280 0.043500
v 0.028284 0.124393 0.043500
v 0.028936 0.123834 0.043500
v 0.025181 0.079746 0.043500
v 0.026636 0.079539 0.043500
v 0.027484 0.079406 0.043500
v 0.028310 0.079640 0.043500
v 0.026610 0.124492 0.043500
v 0.027458 0.124626 0.043500
v 0.036094 0.105361 0.043500
v 0.036098 0.098681 0.043500
v 0.034876 0.092114 0.043500
v 0.032470 0.085883 0.043500
v 0.028962 0.080199 0.043500
v -0.022720 0.078213 0.043500
v -0.022254 0.076819 0.043500
v -0.022461 0.075364 0.043500
v -0.022594 0.074516 0.043500
v 0.023760 0.124748 0.043500
v 0.022720 0.125786 0.043500
v 0.022254 0.127181 0.043500
v 0.022461 0.128636 0.043500
v 0.022594 0.129484 0.043500
v 0.032451 0.118155 0.043500
v 0.034865 0.111926 0.043500
v -0.022360 0.073690 0.043500
v -0.023787 0.124720 0.043500
v -0.025181 0.124254 0.043500
v -0.026636 0.124461 0.043500
v -0.027484 0.124594 0.043500
v -0.028310 0.124360 0.043500
v -0.021834 0.130936 0.043500
v 0.003361 0.065906 0.043500
v 0.009926 0.067136 0.043500
v -0.028936 0.080166 0.043500
v 0.016155 0.069549 0.043500
v 0.022360 0.130310 0.043500
v 0.021801 0.130962 0.043500
v 0.016117 0.134470 0.043500
v 0.009886 0.136876 0.043500
v 0.003319 0.138098 0.043500
v -0.003361 0.138094 0.043500
v -0.016155 0.134451 0.043500
v -0.009926 0.136864 0.043500
v -0.003319 0.065902 0.043500
v -0.009886 0.067124 0.043500
v -0.016117 0.069530 0.043500
v -0.021801 0.073038 0.043500
v 0.021834 0.073064 0.043500
v -0.036094 0.098639 0.043500
v -0.036098 0.105319 0.043500
v -0.034876 0.111886 0.043500
v -0.032470 0.118117 0.043500
v -0.028962 0.123801 0.043500
v -0.032451 0.085845 0.043500
v -0.034865 0.092074 0.043500
v 0.026636 0.079539 0.045500
v 0.025674 0.079753 0.045500
v 0.025190 0.079680 0.045500
v 0.024340 0.079553 0.045500
v 0.023825 0.079220 0.045500
v 0.023207 0.078820 0.045500
v 0.022808 0.078201 0.045500
v 0.022476 0.077686 0.045500
v 0.022349 0.076836 0.045500
v 0.022277 0.076352 0.045500
v 0.022492 0.075390 0.045500
v 0.022628 0.074586 0.045500
v 0.022617 0.074545 0.045500
v 0.022384 0.073719 0.045500
v 0.022372 0.073678 0.045500
v 0.021834 0.073064 0.045500
v 0.009908 0.067203 0.045500
v 0.011523 0.067630 0.045500
v 0.015855 0.069401 0.045500
v 0.016145 0.069566 0.045500
v 0.019921 0.071715 0.045500
v -0.003312 0.065953 0.045500
v -0.002318 0.065824 0.045500
v 0.002361 0.065827 0.045500
v 0.003354 0.065957 0.045500
v 0.007000 0.066432 0.045500
v -0.006959 0.066424 0.045500
v -0.009868 0.067191 0.045500
v -0.016107 0.069547 0.045500
v -0.015816 0.069382 0.045500
v -0.011483 0.067617 0.045500
v -0.019886 0.071691 0.045500
v -0.021801 0.073038 0.045500
v -0.022339 0.073652 0.045500
v -0.022351 0.073692 0.045500
v -0.022585 0.074519 0.045500
v -0.022596 0.074559 0.045500
v -0.022461 0.075364 0.045500
v -0.022247 0.076326 0.045500
v -0.022320 0.076810 0.045500
v -0.022447 0.077660 0.045500
v -0.022780 0.078175 0.045500
v -0.023180 0.078793 0.045500
v -0.023799 0.079192 0.045500
v -0.024314 0.079524 0.045500
v -0.025164 0.079651 0.045500
v -0.025648 0.079723 0.045500
v -0.026610 0.079508 0.045500
v -0.027414 0.079372 0.045500
v -0.027455 0.079383 0.045500
v -0.028281 0.079616 0.045500
v -0.028322 0.079628 0.045500
v -0.028936 0.080166 0.045500
v -0.032599 0.086145 0.045500
v -0.032434 0.085855 0.045500
v -0.030285 0.082079 0.045500
v -0.034370 0.090477 0.045500
v -0.034797 0.092092 0.045500
v -0.036043 0.098646 0.045500
v -0.035568 0.095000 0.045500
v -0.036176 0.104318 0.045500
v -0.036173 0.099639 0.045500
v -0.034383 0.113483 0.045500
v -0.034809 0.111868 0.045500
v -0.035576 0.108959 0.045500
v -0.036047 0.105312 0.045500
v -0.032618 0.117816 0.045500
v -0.032453 0.118107 0.045500
v -0.030309 0.121886 0.045500
v -0.028962 0.123801 0.045500
v -0.028348 0.124339 0.045500
v -0.028308 0.124351 0.045500
v -0.027481 0.124585 0.045500
v -0.027441 0.124596 0.045500
v -0.026636 0.124461 0.045500
v -0.025674 0.124247 0.045500
v -0.025190 0.124320 0.045500
v -0.024340 0.124447 0.045500
v -0.023825 0.124780 0.045500
v -0.023207 0.125180 0.045500
v -0.022808 0.125799 0.045500
v -0.022476 0.126314 0.045500
v -0.022349 0.127164 0.045500
v -0.022277 0.127648 0.045500
v -0.022492 0.128610 0.045500
v -0.022628 0.129414 0.045500
v -0.022617 0.129455 0.045500
v -0.022384 0.130281 0.045500
v -0.022372 0.130322 0.045500
v -0.021834 0.130936 0.045500
v -0.009908 0.136797 0.045500
v -0.011523 0.136370 0.045500
v -0.015855 0.134599 0.045500
v -0.016145 0.134434 0.045500
v -0.019921 0.132285 0.045500
v -0.003354 0.138043 0.045500
v -0.007000 0.137568 0.045500
v 0.002318 0.138176 0.045500
v -0.002361 0.138173 0.045500
v 0.011483 0.136383 0.045500
v 0.009868 0.136809 0.045500
v 0.006959 0.137576 0.045500
v 0.003312 0.138047 0.045500
v 0.015816 0.134618 0.045500
v 0.016107 0.134453 0.045500
v 0.019886 0.132308 0.045500
v 0.021801 0.130962 0.045500
v 0.022339 0.130348 0.045500
v 0.022351 0.130308 0.045500
v 0.022585 0.129481 0.045500
v 0.022596 0.129441 0.045500
v 0.022461 0.128636 0.045500
v 0.022247 0.127674 0.045500
v 0.022320 0.127190 0.045500
v 0.022447 0.126340 0.045500
v 0.022780 0.125825 0.045500
v 0.023180 0.125207 0.045500
v 0.023799 0.124808 0.045500
v 0.024314 0.124476 0.045500
v 0.025164 0.124349 0.045500
v 0.025648 0.124277 0.045500
v 0.026610 0.124492 0.045500
v 0.027414 0.124628 0.045500
v 0.027455 0.124617 0.045500
v 0.028281 0.124384 0.045500
v 0.028322 0.124372 0.045500
v 0.028936 0.123834 0.045500
v 0.034797 0.111908 0.045500
v 0.034370 0.113523 0.045500
v 0.032599 0.117855 0.045500
v 0.032434 0.118145 0.045500
v 0.030285 0.121921 0.045500
v 0.036047 0.098688 0.045500
v 0.036176 0.099682 0.045500
v 0.036173 0.104361 0.045500
v 0.036043 0.105354 0.045500
v 0.035568 0.109000 0.045500
v 0.035576 0.095041 0.045500
v 0.034809 0.092132 0.045500
v 0.032453 0.085893 0.045500
v 0.032618 0.086184 0.045500
v 0.034383 0.090517 0.045500
v 0.030309 0.082114 0.045500
v 0.028962 0.080199 0.045500
v 0.028348 0.079661 0.045500
v 0.028308 0.079649 0.045500
v 0.027481 0.079415 0.045500
v 0.027441 0.079404 0.045500
v 0.021784 0.076251 0.046000
v 0.021788 0.076319 0.046000
v 0.021951 0.076330 0.045969
v 0.025676 0.079783 0.045673
v 0.026647 0.079568 0.045673
v 0.026689 0.079676 0.045854
v 0.025695 0.080079 0.045969
v 0.026755 0.079844 0.045969
v 0.025783 0.080246 0.046000
v 0.026818 0.080005 0.046000
v 0.023712 0.079814 0.046000
v 0.024176 0.079984 0.046000
v 0.024224 0.079858 0.045969
v 0.024711 0.080180 0.046000
v 0.025707 0.080241 0.046000
v 0.022860 0.079181 0.046000
v 0.022975 0.079051 0.045969
v 0.022223 0.078332 0.046000
v 0.022170 0.077801 0.045969
v 0.022045 0.077849 0.046000
v 0.021849 0.077314 0.046000
v 0.022187 0.075271 0.045969
v 0.022026 0.075208 0.046000
v 0.022022 0.075218 0.046000
v 0.022355 0.075337 0.045854
v 0.022247 0.076350 0.045673
v 0.022463 0.075379 0.045673
v 0.023185 0.078842 0.045673
v 0.022447 0.077697 0.045673
v 0.024329 0.079581 0.045673
v 0.022131 0.076342 0.045854
v 0.022339 0.077738 0.045854
v 0.023103 0.078924 0.045854
v 0.024288 0.079690 0.045854
v 0.025684 0.079899 0.045854
v 0.022345 0.073693 0.045673
v 0.021691 0.073600 0.046000
v 0.021936 0.073924 0.046000
v 0.022087 0.073839 0.045969
v 0.021638 0.073325 0.045969
v 0.021533 0.073463 0.046000
v 0.022245 0.073750 0.045854
v 0.021746 0.073180 0.045854
v 0.021816 0.073088 0.045673
v 0.022598 0.074587 0.045673
v 0.022482 0.074591 0.045854
v 0.022302 0.074598 0.045969
v 0.022123 0.074603 0.046000
v 0.022127 0.074574 0.046000
v 0.021938 0.073927 0.046000
v -0.019707 0.071965 0.045969
v -0.021604 0.073299 0.045969
v -0.021500 0.073438 0.046000
v -0.019869 0.071717 0.045673
v -0.021782 0.073063 0.045673
v -0.021713 0.073155 0.045854
v -0.015803 0.069410 0.045673
v -0.011474 0.067646 0.045673
v -0.006953 0.066455 0.045673
v -0.002316 0.065855 0.045673
v 0.002359 0.065858 0.045673
v 0.006994 0.066463 0.045673
v 0.011514 0.067660 0.045673
v 0.015841 0.069429 0.045673
v 0.019904 0.071741 0.045673
v 0.019742 0.071988 0.045969
v 0.019628 0.072159 0.046000
v 0.018803 0.071594 0.046000
v 0.015712 0.069695 0.045969
v 0.015869 0.069965 0.046000
v 0.011420 0.067940 0.045969
v 0.012759 0.068604 0.046000
v 0.015631 0.069861 0.046000
v 0.006302 0.066810 0.046000
v 0.006899 0.066946 0.046000
v 0.006937 0.066753 0.045969
v 0.009559 0.067552 0.046000
v 0.011352 0.068141 0.046000
v 0.002980 0.066374 0.046000
v 0.002339 0.066153 0.045969
v 0.002327 0.066350 0.046000
v -0.000333 0.066252 0.046000
v -0.002297 0.066150 0.045969
v -0.002284 0.066360 0.046000
v -0.003636 0.066435 0.046000
v -0.006896 0.066745 0.045969
v -0.006896 0.066921 0.046000
v -0.010078 0.067700 0.046000
v -0.011380 0.067927 0.045969
v -0.011313 0.068125 0.046000
v -0.013166 0.068762 0.046000
v -0.015674 0.069677 0.045969
v -0.015589 0.069853 0.046000
v -0.019597 0.072131 0.046000
v -0.018942 0.071680 0.046000
v -0.016143 0.070102 0.046000
v 0.019841 0.071837 0.045854
v 0.015790 0.069533 0.045854
v 0.011477 0.067769 0.045854
v 0.006972 0.066576 0.045854
v 0.002351 0.065973 0.045854
v -0.002309 0.065970 0.045854
v -0.006931 0.066568 0.045854
v -0.011437 0.067756 0.045854
v -0.015753 0.069514 0.045854
v -0.019806 0.071814 0.045854
v -0.021995 0.075182 0.046000
v -0.022098 0.074619 0.046000
v -0.022270 0.074572 0.045969
v -0.022156 0.075245 0.045969
v -0.022450 0.074565 0.045854
v -0.022324 0.075311 0.045854
v -0.022566 0.074560 0.045673
v -0.022432 0.075353 0.045673
v -0.022312 0.073667 0.045673
v -0.022212 0.073724 0.045854
v -0.022054 0.073813 0.045969
v -0.021892 0.073908 0.046000
v -0.021939 0.073963 0.046000
v -0.022088 0.074580 0.046000
v -0.025749 0.080217 0.046000
v -0.025681 0.080212 0.046000
v -0.025670 0.080049 0.045969
v -0.026729 0.079813 0.045969
v -0.026792 0.079974 0.046000
v -0.026782 0.079978 0.046000
v -0.025650 0.079753 0.045673
v -0.026621 0.079537 0.045673
v -0.026663 0.079645 0.045854
v -0.024303 0.079553 0.045673
v -0.023158 0.078815 0.045673
v -0.022419 0.077671 0.045673
v -0.022217 0.076324 0.045673
v -0.021921 0.076305 0.045969
v -0.021754 0.076217 0.046000
v -0.022186 0.078288 0.046000
v -0.022016 0.077824 0.046000
v -0.022142 0.077776 0.045969
v -0.021820 0.077289 0.046000
v -0.021759 0.076293 0.046000
v -0.022819 0.079139 0.046000
v -0.022949 0.079025 0.045969
v -0.023668 0.079777 0.046000
v -0.024199 0.079830 0.045969
v -0.024151 0.079955 0.046000
v -0.024686 0.080151 0.046000
v -0.025658 0.079869 0.045854
v -0.024262 0.079661 0.045854
v -0.023076 0.078897 0.045854
v -0.022310 0.077712 0.045854
v -0.022101 0.076316 0.045854
v -0.028537 0.080467 0.046000
v -0.028112 0.080084 0.046000
v -0.028161 0.079913 0.045969
v -0.028675 0.080362 0.045969
v -0.028250 0.079755 0.045854
v -0.028820 0.080254 0.045854
v -0.028307 0.079655 0.045673
v -0.028912 0.080184 0.045673
v -0.027413 0.079402 0.045673
v -0.027409 0.079518 0.045854
v -0.027402 0.079698 0.045969
v -0.027398 0.079886 0.046000
v -0.027470 0.079876 0.046000
v -0.028074 0.080072 0.046000
v -0.030035 0.121707 0.045969
v -0.028701 0.123604 0.045969
v -0.028562 0.123500 0.046000
v -0.030283 0.121869 0.045673
v -0.028937 0.123782 0.045673
v -0.028845 0.123713 0.045854
v -0.032590 0.117803 0.045673
v -0.034354 0.113474 0.045673
v -0.035545 0.108953 0.045673
v -0.036145 0.104316 0.045673
v -0.036142 0.099641 0.045673
v -0.035537 0.095006 0.045673
v -0.034340 0.090486 0.045673
v -0.032571 0.086159 0.045673
v -0.030259 0.082096 0.045673
v -0.030012 0.082258 0.045969
v -0.029841 0.082372 0.046000
v -0.030406 0.083197 0.046000
v -0.032305 0.086288 0.045969
v -0.032035 0.086131 0.046000
v -0.034060 0.090581 0.045969
v -0.033396 0.089241 0.046000
v -0.032139 0.086369 0.046000
v -0.035190 0.095698 0.046000
v -0.035054 0.095101 0.046000
v -0.035247 0.095063 0.045969
v -0.034448 0.092441 0.046000
v -0.033859 0.090648 0.046000
v -0.035626 0.099020 0.046000
v -0.035847 0.099661 0.045969
v -0.035650 0.099673 0.046000
v -0.035748 0.102333 0.046000
v -0.035850 0.104298 0.045969
v -0.035640 0.104284 0.046000
v -0.035565 0.105636 0.046000
v -0.035255 0.108896 0.045969
v -0.035079 0.108896 0.046000
v -0.034300 0.112078 0.046000
v -0.034073 0.113380 0.045969
v -0.033875 0.113313 0.046000
v -0.033238 0.115166 0.046000
v -0.032323 0.117674 0.045969
v -0.032147 0.117589 0.046000
v -0.029869 0.121597 0.046000
v -0.030320 0.120942 0.046000
v -0.031898 0.118143 0.046000
v -0.030163 0.082159 0.045854
v -0.032467 0.086210 0.045854
v -0.034231 0.090523 0.045854
v -0.035424 0.095028 0.045854
v -0.036027 0.099649 0.045854
v -0.036030 0.104309 0.045854
v -0.035432 0.108931 0.045854
v -0.034244 0.113437 0.045854
v -0.032486 0.117753 0.045854
v -0.030186 0.121806 0.045854
v -0.027440 0.124566 0.045673
v -0.026818 0.123995 0.046000
v -0.027381 0.124098 0.046000
v -0.027428 0.124270 0.045969
v -0.026755 0.124156 0.045969
v -0.027435 0.124450 0.045854
v -0.026689 0.124324 0.045854
v -0.026647 0.124432 0.045673
v -0.028333 0.124312 0.045673
v -0.028276 0.124212 0.045854
v -0.028187 0.124054 0.045969
v -0.028092 0.123892 0.046000
v -0.028037 0.123939 0.046000
v -0.027420 0.124088 0.046000
v -0.021784 0.127748 0.046000
v -0.021788 0.127681 0.046000
v -0.021951 0.127670 0.045969
v -0.025676 0.124217 0.045673
v -0.025695 0.123921 0.045969
v -0.025783 0.123754 0.046000
v -0.025707 0.123759 0.046000
v -0.024711 0.123820 0.046000
v -0.024224 0.124142 0.045969
v -0.024176 0.124016 0.046000
v -0.022975 0.124949 0.045969
v -0.022853 0.124826 0.046000
v -0.022861 0.124819 0.046000
v -0.023712 0.124186 0.046000
v -0.022218 0.125678 0.046000
v -0.022170 0.126199 0.045969
v -0.022044 0.126151 0.046000
v -0.021849 0.126686 0.046000
v -0.022187 0.128729 0.045969
v -0.022026 0.128792 0.046000
v -0.022022 0.128782 0.046000
v -0.022355 0.128663 0.045854
v -0.022247 0.127650 0.045673
v -0.022463 0.128621 0.045673
v -0.023185 0.125158 0.045673
v -0.022447 0.126303 0.045673
v -0.024329 0.124418 0.045673
v -0.022131 0.127658 0.045854
v -0.022339 0.126262 0.045854
v -0.023103 0.125076 0.045854
v -0.024288 0.124310 0.045854
v -0.025684 0.124101 0.045854
v -0.022345 0.130307 0.045673
v -0.022598 0.129413 0.045673
v -0.022482 0.129409 0.045854
v -0.022302 0.129402 0.045969
v -0.022114 0.129398 0.046000
v -0.022124 0.129470 0.046000
v -0.021928 0.130074 0.046000
v -0.021533 0.130537 0.046000
v -0.021916 0.130112 0.046000
v -0.022087 0.130161 0.045969
v -0.021638 0.130675 0.045969
v -0.022245 0.130250 0.045854
v -0.021746 0.130820 0.045854
v -0.021816 0.130912 0.045673
v -0.019904 0.132259 0.045673
v -0.019742 0.132012 0.045969
v -0.015631 0.134139 0.046000
v -0.015869 0.134035 0.046000
v -0.015712 0.134305 0.045969
v -0.018803 0.132406 0.046000
v -0.019628 0.131841 0.046000
v -0.012759 0.135396 0.046000
v -0.011420 0.136060 0.045969
v -0.011352 0.135859 0.046000
v -0.009559 0.136448 0.046000
v -0.006937 0.137247 0.045969
v -0.006899 0.137054 0.046000
v -0.002339 0.137847 0.045969
v -0.002980 0.137626 0.046000
v -0.006302 0.137190 0.046000
v 0.002297 0.137850 0.045969
v 0.000333 0.137748 0.046000
v -0.002327 0.137650 0.046000
v 0.006896 0.137255 0.045969
v 0.003636 0.137565 0.046000
v 0.002284 0.137640 0.046000
v 0.011380 0.136073 0.045969
v 0.010078 0.136300 0.046000
v 0.006896 0.137079 0.046000
v 0.016143 0.133898 0.046000
v 0.015589 0.134147 0.046000
v 0.015674 0.134323 0.045969
v 0.013166 0.135238 0.046000
v 0.011313 0.135875 0.046000
v 0.018942 0.132320 0.046000
v 0.019707 0.132035 0.045969
v 0.019597 0.131869 0.046000
v 0.019806 0.132186 0.045854
v 0.021713 0.130845 0.045854
v 0.021604 0.130701 0.045969
v 0.019869 0.132283 0.045673
v 0.021782 0.130937 0.045673
v 0.015803 0.134590 0.045673
v 0.011474 0.136354 0.045673
v 0.006953 0.137545 0.045673
v 0.002316 0.138145 0.045673
v -0.002359 0.138142 0.045673
v -0.006994 0.137537 0.045673
v -0.011514 0.136340 0.045673
v -0.015841 0.134571 0.045673
v 0.015753 0.134486 0.045854
v 0.011437 0.136244 0.045854
v 0.006931 0.137432 0.045854
v 0.002309 0.138030 0.045854
v -0.002351 0.138027 0.045854
v -0.006972 0.137424 0.045854
v -0.011477 0.136231 0.045854
v -0.015790 0.134467 0.045854
v -0.019841 0.132163 0.045854
v 0.021500 0.130562 0.046000
v 0.022566 0.129440 0.045673
v 0.022312 0.130333 0.045673
v 0.022212 0.130276 0.045854
v 0.022054 0.130187 0.045969
v 0.021892 0.130092 0.046000
v 0.021939 0.130037 0.046000
v 0.022088 0.129420 0.046000
v 0.021995 0.128818 0.046000
v 0.022098 0.129381 0.046000
v 0.022270 0.129428 0.045969
v 0.022156 0.128755 0.045969
v 0.022450 0.129435 0.045854
v 0.022324 0.128689 0.045854
v 0.022432 0.128647 0.045673
v 0.025749 0.123783 0.046000
v 0.025681 0.123788 0.046000
v 0.025670 0.123951 0.045969
v 0.022217 0.127676 0.045673
v 0.021921 0.127695 0.045969
v 0.021754 0.127783 0.046000
v 0.022186 0.125712 0.046000
v 0.022016 0.126176 0.046000
v 0.022142 0.126224 0.045969
v 0.021820 0.126711 0.046000
v 0.021759 0.127707 0.046000
v 0.022819 0.124861 0.046000
v 0.022949 0.124975 0.045969
v 0.023668 0.124223 0.046000
v 0.024199 0.124170 0.045969
v 0.024151 0.124045 0.046000
v 0.024686 0.123849 0.046000
v 0.026729 0.124187 0.045969
v 0.026792 0.124026 0.046000
v 0.026782 0.124022 0.046000
v 0.026663 0.124355 0.045854
v 0.025650 0.124247 0.045673
v 0.026621 0.124463 0.045673
v 0.023158 0.125185 0.045673
v 0.024303 0.124447 0.045673
v 0.022419 0.126329 0.045673
v 0.025658 0.124131 0.045854
v 0.024262 0.124339 0.045854
v 0.023076 0.125103 0.045854
v 0.022310 0.126288 0.045854
v 0.022101 0.127684 0.045854
v 0.028307 0.124345 0.045673
v 0.027413 0.124598 0.045673
v 0.027409 0.124482 0.045854
v 0.027402 0.124302 0.045969
v 0.027398 0.124114 0.046000
v 0.027470 0.124124 0.046000
v 0.028074 0.123928 0.046000
v 0.028537 0.123533 0.046000
v 0.028112 0.123916 0.046000
v 0.028161 0.124087 0.045969
v 0.028675 0.123638 0.045969
v 0.028250 0.124245 0.045854
v 0.028820 0.123746 0.045854
v 0.028912 0.123816 0.045673
v 0.030259 0.121904 0.045673
v 0.030012 0.121742 0.045969
v 0.032139 0.117631 0.046000
v 0.032035 0.117869 0.046000
v 0.032305 0.117712 0.045969
v 0.030406 0.120803 0.046000
v 0.029841 0.121628 0.046000
v 0.033396 0.114759 0.046000
v 0.034060 0.113419 0.045969
v 0.033859 0.113352 0.046000
v 0.034448 0.111559 0.046000
v 0.035247 0.108937 0.045969
v 0.035054 0.108899 0.046000
v 0.035847 0.104339 0.045969
v 0.035626 0.104980 0.046000
v 0.035190 0.108302 0.046000
v 0.035850 0.099702 0.045969
v 0.035748 0.101667 0.046000
v 0.035650 0.104327 0.046000
v 0.035255 0.095104 0.045969
v 0.035565 0.098364 0.046000
v 0.035640 0.099716 0.046000
v 0.034073 0.090620 0.045969
v 0.034300 0.091922 0.046000
v 0.035079 0.095104 0.046000
v 0.031898 0.085857 0.046000
v 0.032147 0.086411 0.046000
v 0.032323 0.086326 0.045969
v 0.033238 0.088834 0.046000
v 0.033875 0.090687 0.046000
v 0.030320 0.083058 0.046000
v 0.030035 0.082293 0.045969
v 0.029869 0.082403 0.046000
v 0.030186 0.082194 0.045854
v 0.028845 0.080287 0.045854
v 0.028701 0.080396 0.045969
v 0.030283 0.082131 0.045673
v 0.028937 0.080218 0.045673
v 0.032590 0.086197 0.045673
v 0.034354 0.090526 0.045673
v 0.035545 0.095047 0.045673
v 0.036145 0.099684 0.045673
v 0.036142 0.104359 0.045673
v 0.035537 0.108994 0.045673
v 0.034340 0.113514 0.045673
v 0.032571 0.117841 0.045673
v 0.032486 0.086247 0.045854
v 0.034244 0.090563 0.045854
v 0.035432 0.095069 0.045854
v 0.036030 0.099691 0.045854
v 0.036027 0.104351 0.045854
v 0.035424 0.108972 0.045854
v 0.034231 0.113477 0.045854
v 0.032467 0.117790 0.045854
v 0.030163 0.121841 0.045854
v 0.028562 0.080500 0.046000
v 0.027885 0.079995 0.046000
v 0.028085 0.080123 0.046000
v 0.028187 0.079946 0.045969
v 0.028425 0.080342 0.046000
v 0.027216 0.079909 0.046000
v 0.027418 0.079935 0.046000
v 0.027428 0.079730 0.045969
v 0.027435 0.079550 0.045854
v 0.027440 0.079434 0.045673
v 0.028333 0.079688 0.045673
v 0.028276 0.079788 0.045854
v 0.025894 0.084956 0.046000
v 0.017074 0.076126 0.046000
v 0.021933 0.080092 0.046000
v 0.011516 0.073218 0.046000
v -0.000767 0.071009 0.046000
v -0.018334 0.077002 0.046000
v -0.022990 0.081205 0.046000
v 0.028795 0.090517 0.046000
v 0.030517 0.096549 0.046000
v 0.030990 0.102803 0.046000
v -0.027486 0.116337 0.046000
v 0.024976 0.120363 0.046000
v 0.020768 0.125015 0.046000
v 0.030193 0.109025 0.046000
v 0.005487 0.071489 0.046000
v -0.026706 0.086258 0.046000
v -0.029328 0.091956 0.046000
v -0.024037 0.121576 0.046000
v 0.015711 0.128724 0.046000
v 0.028161 0.114959 0.046000
v -0.012926 0.073824 0.046000
v -0.019604 0.126014 0.046000
v -0.014369 0.129469 0.046000
v -0.006990 0.071798 0.046000
v -0.030749 0.098066 0.046000
v -0.030912 0.104336 0.046000
v -0.029809 0.110511 0.046000
v 0.010009 0.131340 0.046000
v 0.003899 0.132754 0.046000
v -0.008545 0.131799 0.046000
v -0.002372 0.132909 0.046000
v 0.021933 0.080092 0.047000
v 0.017074 0.076126 0.047000
v 0.011516 0.073218 0.047000
v 0.005487 0.071489 0.047000
v -0.000767 0.071009 0.047000
v -0.006990 0.071798 0.047000
v -0.012926 0.073824 0.047000
v -0.018334 0.077002 0.047000
v -0.022990 0.081205 0.047000
v -0.026706 0.086258 0.047000
v -0.029328 0.091956 0.047000
v -0.030749 0.098066 0.047000
v -0.030912 0.104336 0.047000
v -0.029809 0.110511 0.047000
v -0.027486 0.116337 0.047000
v -0.024037 0.121576 0.047000
v -0.019604 0.126014 0.047000
v -0.014369 0.129469 0.047000
v -0.008545 0.131799 0.047000
v -0.002372 0.132909 0.047000
v 0.003899 0.132754 0.047000
v 0.010009 0.131340 0.047000
v 0.015711 0.128724 0.047000
v 0.020768 0.125015 0.047000
v 0.024976 0.120363 0.047000
v 0.028161 0.114959 0.047000
v 0.030193 0.109025 0.047000
v 0.030990 0.102803 0.047000
v 0.030517 0.096549 0.047000
v 0.028795 0.090517 0.047000
v 0.025894 0.084956 0.047000
v -0.000000 0.102000 0.047000
vn -0.9659 -0.2588 -0.0000
vn -0.7071 -0.7071 -0.0000
vn -0.2588 -0.9659 -0.0000
vn 0.2588 -0.9659 -0.0000
vn 0.7071 -0.7071 -0.0000
vn 0.9659 -0.2588 -0.0000
vn 0.9659 0.2588 -0.0000
vn 0.7071 0.7071 -0.0000
vn 0.2588 0.9659 -0.0000
vn -0.2588 0.9659 -0.0000
vn -0.7071 0.7071 -0.0000
vn -0.9659 0.2588 -0.0000
vn -0.9952 -0.0980 -0.0000
vn -0.9569 -0.2903 -0.0000
vn -0.8819 -0.4714 -0.0000
vn -0.7730 -0.6344 -0.0000
vn -0.6344 -0.7730 -0.0000
vn -0.4714 -0.8819 -0.0000
vn -0.2903 -0.9569 -0.0000
vn -0.0980 -0.9952 -0.0000
vn 0.0980 -0.9952 -0.0000
vn 0.2903 -0.9569 -0.0000
vn 0.4714 -0.8819 -0.0000
vn 0.6344 -0.7730 -0.0000
vn 0.7730 -0.6344 -0.0000
vn 0.8819 -0.4714 -0.0000
vn 0.9569 -0.2903 -0.0000
vn 0.9952 -0.0980 -0.0000
vn -0.8677 -0.4971 -0.0000
vn -0.9726 -0.2326 -0.0000
vn -0.9987 0.0509 -0.0000
vn -0.9439 0.3302 -0.0000
vn -0.8127 0.5827 -0.0000
vn -0.6156 0.7881 -0.0000
vn -0.3686 0.9296 -0.0000
vn -0.0918 0.9958 -0.0000
vn 0.1925 0.9813 -0.0000
vn 0.4612 0.8873 -0.0000
vn 0.6925 0.7215 -0.0000
vn -0.6167 -0.3533 -0.7035
vn -0.6168 -0.3534 -0.7034
vn -0.6914 -0.1653 -0.7033
vn -0.6912 -0.1653 -0.7036
vn -0.7097 0.0362 -0.7035
vn -0.7099 0.0362 -0.7034
vn -0.6709 0.2347 -0.7034
vn -0.6710 0.2347 -0.7033
vn -0.5777 0.4142 -0.7034
vn -0.5775 0.4141 -0.7036
vn -0.4375 0.5600 -0.7036
vn -0.4375 0.5601 -0.7035
vn -0.2620 0.6607 -0.7035
vn -0.0652 0.7077 -0.7035
vn 0.1368 0.6974 -0.7035
vn 0.3278 0.6306 -0.7035
vn 0.3278 0.6307 -0.7034
vn 0.4922 0.5128 -0.7034
vn -0.6621 -0.2810 -0.6947
vn -0.7139 0.0877 -0.6947
vn -0.5744 0.4329 -0.6948
vn -0.2810 0.6621 -0.6947
vn -0.2809 0.6621 -0.6948
vn 0.0877 0.7139 -0.6947
vn 0.4329 0.5744 -0.6947
vn 0.6019 0.7986 -0.0000
vn 0.1220 0.9925 -0.0000
vn -0.3906 0.9206 -0.0000
vn -0.7986 0.6019 -0.0000
vn -0.9925 0.1220 -0.0000
vn -0.9206 -0.3906 -0.0000
vn -0.0980 -0.0000 0.9952
vn -0.2903 -0.0000 0.9569
vn -0.4714 -0.0000 0.8819
vn -0.6344 -0.0000 0.7730
vn -0.7730 -0.0000 0.6344
vn -0.8819 -0.0000 0.4714
vn -0.9569 -0.0000 0.2903
vn -0.9952 -0.0000 0.0980
vn -0.9952 -0.0000 -0.0980
vn -0.9569 -0.0000 -0.2903
vn -0.8819 -0.0000 -0.4714
vn -0.7730 -0.0000 -0.6344
vn -0.6344 -0.0000 -0.7730
vn -0.4714 -0.0000 -0.8819
vn -0.2903 -0.0000 -0.9569
vn -0.0980 -0.0000 -0.9952
vn 0.0980 -0.0000 -0.9952
vn 0.2903 -0.0000 -0.9569
vn 0.4714 -0.0000 -0.8819
vn 0.6344 -0.0000 -0.7730
vn 0.7730 -0.0000 -0.6344
vn 0.8819 -0.0000 -0.4714
vn 0.9569 -0.0000 -0.2903
vn 0.9952 -0.0000 -0.0980
vn 0.9952 -0.0000 0.0980
vn 0.9569 -0.0000 0.2903
vn 0.8819 -0.0000 0.4714
vn 0.7730 -0.0000 0.6344
vn 0.6344 -0.0000 0.7730
vn 0.4714 -0.0000 0.8819
vn 0.2903 -0.0000 0.9569
vn 0.0980 -0.0000 0.9952
vn 0.7070 -0.7071 -0.0138
vn 0.7063 -0.7076 -0.0197
vn 0.7071 -0.7071 -0.0066
vn 0.7070 -0.7071 -0.0076
vn 0.7089 -0.7053 -0.0026
vn 0.7040 -0.7084 -0.0506
vn 0.6982 -0.7141 -0.0501
vn 0.6991 -0.7133 -0.0501
vn 0.0398 -0.7065 -0.7065
vn 0.0398 -0.7065 -0.7066
vn 0.0399 -0.7065 -0.7066
vn 0.1464 -0.7055 -0.6934
vn 0.2751 -0.7055 -0.6531
vn 0.2752 -0.7055 -0.6531
vn 0.3940 -0.7055 -0.5891
vn 0.3939 -0.7055 -0.5891
vn 0.4985 -0.7055 -0.5038
vn 0.5849 -0.7055 -0.4002
vn 0.6502 -0.7055 -0.2820
vn 0.6918 -0.7055 -0.1537
vn 0.6919 -0.7055 -0.1537
vn 0.7057 -0.7066 -0.0507
vn 0.7022 -0.7101 -0.0512
vn 0.7061 -0.7077 -0.0220
vn 0.7022 -0.7116 -0.0239
vn 0.0233 -0.7031 -0.7107
vn 0.0258 -0.6975 -0.7161
vn 0.0493 -0.6763 -0.7350
vn 0.0485 -0.6901 -0.7221
vn 0.0286 -0.6965 -0.7169
vn 0.0194 -0.6987 -0.7151
vn 0.0241 -0.7021 -0.7117
vn 0.0020 -0.7088 -0.7054
vn 0.0505 -0.7039 -0.7085
vn 0.0500 -0.6980 -0.7143
vn 0.0501 -0.6984 -0.7140
vn 0.0468 -0.7012 -0.7115
vn 0.0453 -0.7066 -0.7062
vn 0.0512 -0.7022 -0.7101
vn 0.0507 -0.7058 -0.7066
vn 0.1537 -0.6918 -0.7055
vn 0.2820 -0.6502 -0.7055
vn 0.4002 -0.5849 -0.7055
vn 0.5038 -0.4985 -0.7055
vn 0.5891 -0.3939 -0.7055
vn 0.5891 -0.3940 -0.7055
vn 0.6531 -0.2751 -0.7055
vn 0.6531 -0.2752 -0.7055
vn 0.6935 -0.1464 -0.7055
vn 0.6934 -0.1464 -0.7055
vn 0.7066 -0.0399 -0.7065
vn 0.7056 0.0654 0.7056
vn 0.6816 0.1940 0.7056
vn 0.6816 0.1939 0.7056
vn 0.6343 0.3159 0.7056
vn 0.6343 0.3158 0.7056
vn 0.5655 0.4270 0.7056
vn 0.4774 0.5237 0.7056
vn 0.3730 0.6025 0.7056
vn 0.2560 0.6608 0.7056
vn 0.1302 0.6966 0.7056
vn 0.0327 0.7067 0.7067
vn -0.0000 0.5990 0.8008
vn -0.0327 0.7067 0.7067
vn -0.1302 0.6966 0.7056
vn -0.2560 0.6608 0.7056
vn -0.3730 0.6025 0.7056
vn -0.4774 0.5237 0.7056
vn -0.5655 0.4270 0.7056
vn -0.6343 0.3159 0.7056
vn -0.6816 0.1939 0.7056
vn -0.6816 0.1940 0.7056
vn -0.7056 0.0654 0.7056
vn 0.1451 -0.2562 0.9557
vn -0.0002 -0.1949 0.9808
vn 0.0007 -0.9808 0.1950
vn 0.1508 -0.9549 0.2558
vn 0.1512 -0.9548 0.2560
vn -0.1014 -0.8271 0.5528
vn 0.1996 -0.6930 0.6928
vn 0.1958 -0.5329 0.8232
vn -0.2906 -0.6766 0.6766
vn 0.1453 -0.2559 0.9557
vn -0.8165 -0.0043 0.5773
vn -0.1305 -0.0145 -0.9913
vn -0.0334 0.0032 -0.9994
vn -0.0174 -0.0000 -0.9998
vn 0.0176 -0.0000 -0.9998
vn 0.0563 -0.0078 -0.9984
vn -0.1848 -0.0009 -0.9828
vn -0.3172 0.0024 -0.9484
vn -0.2632 -0.0154 -0.9646
vn -0.1847 -0.0009 -0.9828
vn -0.1119 -0.0313 -0.9932
vn -0.1305 -0.0194 -0.9913
vn -0.1102 -0.0177 -0.9937
vn -0.4190 -0.0144 -0.9079
vn -0.4189 -0.0144 -0.9079
vn -0.3482 -0.0433 -0.9364
vn -0.4915 0.0558 -0.8691
vn -0.3385 -0.0082 -0.9409
vn -0.3171 -0.0199 -0.9482
vn -0.5619 -0.0162 -0.8271
vn -0.6490 0.0256 -0.7603
vn -0.4928 -0.0129 -0.8700
vn -0.4922 -0.0133 -0.8704
vn -0.4930 -0.0133 -0.8699
vn -0.6919 -0.0171 -0.7218
vn -0.7820 0.0333 -0.6224
vn -0.6287 -0.0182 -0.7775
vn -0.6492 -0.0082 -0.7605
vn -0.6251 -0.0082 -0.7805
vn -0.6250 -0.0082 -0.7806
vn -0.8587 -0.0050 -0.5124
vn -0.8124 -0.0145 -0.5829
vn -0.7628 -0.0396 -0.6454
vn -0.8863 0.0357 -0.4618
vn -0.7555 -0.0182 -0.6549
vn -0.7824 -0.0057 -0.6228
vn -0.7511 -0.0057 -0.6601
vn -0.9346 -0.0046 -0.3557
vn -0.9024 -0.0144 -0.4306
vn -0.8868 -0.0076 -0.4621
vn -0.9583 0.0291 -0.2843
vn -0.9806 -0.0051 -0.1959
vn -0.9953 0.0087 -0.0964
vn -0.9799 0.0013 -0.1995
vn -0.9606 -0.0045 -0.2779
vn -0.9587 -0.0058 -0.2845
vn -0.9346 -0.0046 -0.3556
vn -0.9968 -0.0782 -0.0135
vn -0.9997 -0.0225 0.0010
vn -0.9997 -0.0226 0.0010
vn -0.9994 -0.0353 -0.0059
vn -0.9999 -0.0171 -0.0000
vn -1.0000 -0.0057 -0.0000
vn -1.0000 -0.0000 0.0058
vn -1.0000 -0.0054 0.0039
vn -0.9999 -0.0141 0.0012
vn -0.9999 -0.0040 -0.0131
vn -0.9997 -0.0068 -0.0215
vn -0.9999 -0.0044 -0.0146
vn -0.9999 -0.0037 -0.0119
vn -1.0000 0.0025 0.0082
vn -1.0000 -0.0000 -0.0011
vn -1.0000 0.0019 -0.0006
vn -1.0000 0.0035 0.0007
vn -1.0000 0.0011 0.0004
vn -1.0000 0.0019 0.0003
vn -1.0000 0.0012 -0.0004
vn -1.0000 -0.0010 0.0004
vn -1.0000 -0.0020 0.0001
vn -1.0000 -0.0010 0.0002
vn -1.0000 -0.0017 -0.0003
vn -1.0000 -0.0067 0.0004
vn -1.0000 -0.0089 -0.0006
vn -0.9996 -0.0071 -0.0287
vn -0.9984 -0.0100 -0.0556
vn -0.9954 0.0129 0.0952
vn -0.9936 -0.0069 -0.1130
vn -0.9953 -0.0041 -0.0964
vn -0.9934 -0.0040 -0.1147
vn -0.9934 -0.0040 -0.1149
vn -0.9995 -0.0302 0.0009
vn -1.0000 -0.0039 0.0065
vn -0.9986 -0.0039 0.0524
vn -0.9951 -0.0051 0.0986
vn -0.9669 -0.0039 0.2551
vn -0.9590 -0.0039 0.2834
vn -0.9666 -0.0021 0.2562
vn -0.9954 0.0044 0.0952
vn -0.9854 -0.0129 0.1696
vn -0.9844 -0.0135 0.1754
vn -0.8669 -0.0116 0.4983
vn -0.7831 -0.0043 0.6219
vn -0.8150 0.0002 0.5794
vn -0.8874 0.0005 0.4611
vn -0.8253 -0.0322 0.5638
vn -0.8670 -0.0116 0.4983
vn -0.9057 -0.0038 0.4238
vn -0.8874 -0.0038 0.4611
vn -0.9050 -0.0010 0.4254
vn -0.9590 0.0020 0.2834
vn -0.9423 -0.0110 0.3345
vn -0.7018 -0.0053 0.7123
vn -0.6501 -0.0034 0.7598
vn -0.6993 0.0015 0.7148
vn -0.7831 -0.0034 0.6219
vn -0.7651 -0.0118 0.6438
vn -0.4933 -0.0079 0.8699
vn -0.5651 0.0029 0.8250
vn -0.6501 -0.0078 0.7598
vn -0.6398 -0.0122 0.7685
vn -0.6397 -0.0122 0.7685
vn -0.4316 -0.0372 0.9013
vn -0.4933 -0.0038 0.8699
vn -0.4975 -0.0118 0.8674
vn -0.5691 -0.0078 0.8222
vn -0.1895 -0.0111 0.9818
vn -0.1316 -0.0023 0.9913
vn -0.2714 -0.0364 0.9618
vn -0.3183 -0.0138 0.9479
vn -0.2627 0.0003 0.9649
vn -0.1875 -0.0003 0.9823
vn -0.3443 -0.0106 0.9388
vn -0.3183 -0.0106 0.9479
vn -0.3430 -0.0064 0.9393
vn -0.4187 0.0031 0.9081
vn -0.0292 0.0001 0.9996
vn -0.0074 0.0001 1.0000
vn -0.0358 0.0032 0.9994
vn -0.1159 -0.0380 0.9925
vn -0.0408 0.0230 0.9989
vn -0.1155 -0.0347 0.9927
vn -0.0514 0.0327 0.9981
vn -0.2094 -0.1241 0.9699
vn -0.0928 0.0192 0.9955
vn -0.1200 -0.0112 0.9927
vn -0.1316 0.0336 0.9907
vn 0.9974 0.0009 0.0724
vn 0.9999 0.0007 0.0161
vn 0.9998 -0.0174 -0.0001
vn 1.0000 -0.0057 -0.0000
vn 0.9999 -0.0141 -0.0013
vn 0.9994 -0.0353 0.0067
vn 0.9999 -0.0171 -0.0000
vn 0.9999 -0.0040 0.0131
vn 1.0000 -0.0000 -0.0058
vn 1.0000 -0.0054 -0.0039
vn 0.9997 -0.0068 0.0234
vn 0.9999 -0.0044 0.0140
vn 0.9998 -0.0176 -0.0000
vn 1.0000 -0.0045 -0.0000
vn 1.0000 -0.0050 0.0005
vn 1.0000 -0.0000 -0.0003
vn 1.0000 -0.0006 -0.0001
vn 1.0000 -0.0001 -0.0001
vn 1.0000 -0.0005 0.0003
vn 1.0000 0.0026 -0.0004
vn 1.0000 0.0023 -0.0002
vn 1.0000 0.0026 -0.0002
vn 1.0000 0.0024 -0.0000
vn 1.0000 -0.0000 -0.0000
vn 0.9999 -0.0037 0.0128
vn 0.8674 -0.4743 0.1507
vn 0.8673 -0.4744 0.1508
vn 0.9858 -0.1658 0.0284
vn 0.9968 -0.0759 0.0238
vn 0.9997 -0.0218 -0.0073
vn 0.9997 -0.0219 -0.0073
vn 0.9999 0.0007 0.0168
vn 1.0000 0.0011 0.0077
vn 0.9988 -0.0012 0.0489
vn 1.0000 0.0008 0.0015
vn 0.9982 0.0036 -0.0594
vn 0.9999 0.0151 -0.0000
vn 0.9999 0.0134 -0.0086
vn 0.9997 0.0107 -0.0236
vn 0.9935 0.0336 -0.1084
vn 0.9952 0.0051 -0.0976
vn 0.9256 0.3177 -0.2056
vn 0.9973 0.0009 -0.0728
vn -0.0014 -0.0000 1.0000
vn -0.0002 -0.0000 1.0000
vn 0.0002 -0.0000 1.0000
vn 0.0252 0.0001 0.9997
vn 0.0073 0.0081 0.9999
vn 0.0895 -0.0210 0.9958
vn 0.0354 0.0243 0.9991
vn 0.0891 -0.0172 0.9959
vn 0.0382 0.0274 0.9989
vn 0.1768 -0.0888 0.9802
vn 0.1214 -0.0191 0.9924
vn 0.1425 0.0467 0.9887
vn 0.1319 0.0073 0.9912
vn 0.2047 0.3140 0.9271
vn 0.0724 0.0009 0.9974
vn 0.3286 -0.0186 0.9443
vn 0.3955 0.0123 0.9184
vn 0.2434 -0.0062 0.9699
vn 0.2155 -0.0191 0.9763
vn 0.2475 -0.0240 0.9686
vn 0.1656 -0.0191 0.9860
vn 0.5613 0.0163 0.8275
vn 0.4078 -0.0088 0.9130
vn 0.3955 -0.0118 0.9184
vn 0.4098 -0.0154 0.9120
vn 0.4099 -0.0154 0.9120
vn 0.6410 -0.0140 0.7674
vn 0.7070 0.0162 0.7070
vn 0.5658 -0.0089 0.8245
vn 0.5613 -0.0109 0.8275
vn 0.5666 -0.0109 0.8239
vn 0.4914 -0.0163 0.8708
vn 0.7714 -0.0117 0.6362
vn 0.7164 -0.0345 0.6968
vn 0.8269 0.0401 0.5609
vn 0.7069 -0.0082 0.7073
vn 0.7071 -0.0081 0.7071
vn 0.7069 -0.0081 0.7073
vn 0.6410 -0.0140 0.7675
vn 0.8746 -0.0105 0.4848
vn 0.8745 -0.0105 0.4849
vn 0.9184 0.0133 0.3955
vn 0.8252 -0.0074 0.5647
vn 0.8276 -0.0069 0.5613
vn 0.8249 -0.0065 0.5652
vn 0.9467 0.0013 0.3222
vn 0.9467 0.0013 0.3221
vn 0.9184 -0.0059 0.3955
vn 0.9149 -0.0051 0.4037
vn 0.9726 -0.0026 0.2326
vn 0.9765 -0.0042 0.2156
vn 0.9728 -0.0044 0.2316
vn 0.9988 -0.0010 0.0491
vn 0.9976 -0.0010 0.0692
vn 0.9997 0.0005 0.0226
vn 0.9964 -0.0016 0.0844
vn 0.9893 -0.0062 0.1455
vn 0.9765 -0.0054 0.2156
vn 0.9973 0.0075 0.0724
vn 0.9997 0.0108 -0.0232
vn 0.9957 -0.0009 -0.0930
vn 0.9884 -0.0009 -0.1521
vn 0.9883 -0.0009 -0.1522
vn 0.9450 -0.0010 -0.3270
vn 0.9174 -0.0010 -0.3980
vn 0.9446 0.0011 -0.3281
vn 0.9762 -0.0028 -0.2169
vn 0.9714 -0.0071 -0.2374
vn 0.8309 -0.0054 -0.5563
vn 0.8743 -0.0015 -0.4854
vn 0.8742 -0.0015 -0.4856
vn 0.8253 -0.0016 -0.5647
vn 0.8733 0.0015 -0.4871
vn 0.9174 -0.0048 -0.3980
vn 0.9149 -0.0061 -0.4036
vn 0.9139 -0.0067 -0.4059
vn 0.7195 -0.0049 -0.6945
vn 0.7771 -0.0023 -0.6293
vn 0.7034 -0.0024 -0.7108
vn 0.7756 0.0020 -0.6312
vn 0.8253 0.0005 -0.5646
vn 0.7842 -0.0230 -0.6201
vn 0.8310 -0.0054 -0.5563
vn 0.5945 -0.0032 -0.8041
vn 0.5946 -0.0032 -0.8040
vn 0.5559 -0.0032 -0.8313
vn 0.5936 -0.0009 -0.8047
vn 0.7034 0.0020 -0.7108
vn 0.6659 -0.0229 -0.7457
vn 0.2065 -0.0046 -0.9784
vn 0.3028 0.0036 -0.9530
vn 0.3882 -0.0075 -0.9215
vn 0.3179 -0.0542 -0.9466
vn 0.3845 -0.0162 -0.9230
vn 0.4542 -0.0026 -0.8909
vn 0.3882 -0.0026 -0.9216
vn 0.4526 0.0019 -0.8917
vn 0.5559 -0.0051 -0.8313
vn 0.5317 -0.0202 -0.8467
vn 0.2282 -0.0110 -0.9735
vn 0.2283 -0.0110 -0.9735
vn 0.3050 -0.0045 -0.9523
vn 0.0730 -0.0021 -0.9973
vn 0.0563 -0.0007 -0.9984
vn 0.2065 0.0012 -0.9784
vn 0.1558 -0.0482 -0.9866
vn 0.9862 -0.1654 0.0002
vn 0.0728 -0.9973 0.0009
vn 0.0219 0.9998 0.0005
vn 0.0462 0.9989 0.0003
vn 0.0158 0.9999 -0.0000
vn 0.0155 0.9999 -0.0000
vn 0.0083 1.0000 -0.0000
vn 0.0024 1.0000 -0.0000
vn -0.0000 1.0000 -0.0000
vn 0.0165 -0.9999 0.0030
vn 0.0322 -0.9995 -0.0000
vn -0.0000 -1.0000 0.0001
vn 0.0322 -0.9995 0.0001
vn 0.0063 -1.0000 0.0042
vn 0.0167 -0.9999 0.0030
vn 0.0847 -0.9964 0.0045
vn 0.0257 -0.9997 0.0023
vn 0.0688 -0.9976 -0.0001
vn 0.0322 -0.9995 -0.0001
vn 0.0728 -0.9973 -0.0044
vn 0.1058 -0.9944 0.0025
vn 0.2169 -0.9761 0.0113
vn 0.1098 -0.9933 -0.0362
vn 0.1879 -0.9821 -0.0150
vn 0.3460 -0.9381 -0.0170
vn 0.2722 -0.9612 -0.0436
vn 0.3980 -0.9174 0.0056
vn 0.2626 -0.9649 -0.0011
vn 0.2169 -0.9761 -0.0144
vn 0.2657 -0.9639 -0.0144
vn 0.4999 -0.8659 -0.0186
vn 0.5646 -0.8253 0.0086
vn 0.4205 -0.9073 -0.0044
vn 0.3980 -0.9174 -0.0098
vn 0.4224 -0.9063 -0.0102
vn 0.6403 -0.7679 -0.0196
vn 0.7108 -0.7033 0.0140
vn 0.5675 -0.8233 -0.0076
vn 0.5646 -0.8253 -0.0082
vn 0.5678 -0.8232 -0.0082
vn 0.5678 -0.8231 -0.0082
vn 0.8157 -0.5785 -0.0067
vn 0.8157 -0.5784 -0.0067
vn 0.7647 -0.6441 -0.0196
vn 0.7646 -0.6441 -0.0196
vn 0.8312 -0.5558 0.0166
vn 0.7012 -0.7129 -0.0095
vn 0.7108 -0.7033 -0.0074
vn 0.7004 -0.7137 -0.0074
vn 0.9422 -0.3350 -0.0053
vn 0.9064 -0.4224 -0.0064
vn 0.8681 -0.4960 -0.0186
vn 0.8154 -0.5789 -0.0067
vn 0.8312 -0.5559 -0.0068
vn 0.9214 -0.3882 0.0165
vn 0.9700 -0.2432 -0.0056
vn 0.9784 -0.2065 -0.0008
vn 0.9411 -0.3382 0.0004
vn 0.9216 -0.3882 -0.0000
vn 0.9422 -0.3349 -0.0053
vn 0.9999 -0.0169 -0.0001
vn 0.9998 -0.0175 -0.0001
vn 0.9997 -0.0236 -0.0003
vn 0.9997 -0.0239 -0.0003
vn 0.9993 -0.0364 -0.0006
vn 0.9983 -0.0577 -0.0016
vn 0.9983 -0.0576 -0.0016
vn 0.9956 -0.0940 -0.0044
vn 0.9984 -0.0563 0.0006
vn 0.9870 -0.1606 -0.0004
vn 0.9784 -0.2065 -0.0022
vn 0.9874 -0.1580 -0.0046
vn 0.9874 -0.1579 -0.0046
vn 0.9618 -0.2737 0.0002
vn 0.9957 -0.0923 -0.0017
vn 0.9877 -0.1558 0.0157
vn 0.9950 -0.0999 0.0063
vn 0.9979 -0.0652 0.0025
vn 0.9979 -0.0653 0.0025
vn 0.9992 -0.0403 0.0009
vn 0.9992 -0.0406 0.0009
vn 0.9997 -0.0253 0.0004
vn 0.9997 -0.0256 0.0004
vn 0.9999 -0.0173 0.0002
vn 0.9999 -0.0146 -0.0004
vn 0.9999 -0.0143 -0.0004
vn 1.0000 -0.0051 0.0007
vn 0.9998 -0.0208 -0.0002
vn 0.9428 -0.3330 0.0170
vn 0.9427 -0.3331 0.0170
vn 0.9680 -0.2509 0.0021
vn 0.9056 -0.4241 0.0032
vn 0.9618 -0.2737 -0.0033
vn 0.8952 -0.4458 0.0012
vn 0.9397 -0.3420 0.0012
vn 0.9396 -0.3423 0.0012
vn 0.8187 -0.5742 0.0031
vn 0.8188 -0.5741 0.0031
vn 0.7980 -0.6026 0.0031
vn 0.8183 -0.5748 0.0015
vn 0.8952 -0.4457 -0.0030
vn 0.8701 -0.4926 0.0176
vn 0.7048 -0.7094 0.0045
vn 0.6737 -0.7390 0.0045
vn 0.7036 -0.7106 0.0013
vn 0.7980 -0.6026 -0.0027
vn 0.7692 -0.6387 0.0189
vn 0.4235 -0.9058 0.0120
vn 0.3612 -0.9324 0.0103
vn 0.4188 -0.9081 -0.0025
vn 0.5264 -0.8502 0.0058
vn 0.5047 -0.8630 0.0222
vn 0.5720 -0.8202 0.0069
vn 0.5264 -0.8502 0.0069
vn 0.5694 -0.8221 -0.0001
vn 0.6737 -0.7390 0.0002
vn 0.6463 -0.7628 0.0202
vn 0.2864 -0.9554 0.0716
vn 0.3612 -0.9324 -0.0132
vn 0.3518 -0.9357 0.0248
vn 0.1236 -0.9899 0.0691
vn 0.1837 -0.9828 0.0160
vn 0.1155 -0.9933 -0.0042
vn 0.1970 -0.9801 0.0241
vn 0.1837 -0.9827 0.0242
vn 0.1962 -0.9804 0.0193
vn 0.2687 -0.9632 -0.0057
vn 0.0390 -0.9992 0.0063
vn 0.0462 -0.9989 0.0038
vn 0.0388 -0.9992 0.0024
vn 0.0462 -0.9989 0.0024
vn 0.0387 -0.9992 -0.0000
vn 0.9998 -0.0188 0.0001
vn 0.9998 -0.0191 0.0001
vn 1.0000 -0.0055 -0.0002
vn 1.0000 -0.0086 -0.0000
vn 0.9984 0.0563 -0.0000
vn 0.0727 0.9974 0.0009
vn 0.0704 0.9975 0.0002
vn 0.0728 0.9973 0.0002
vn 0.0462 0.9989 -0.0008
vn 0.2169 0.9762 0.0014
vn 0.1838 0.9830 -0.0005
vn 0.2169 0.9762 -0.0005
vn 0.1837 0.9830 -0.0017
vn 0.3980 0.9174 0.0017
vn 0.3612 0.9325 -0.0006
vn 0.3980 0.9174 -0.0006
vn 0.3612 0.9325 -0.0020
vn 0.5646 0.8253 0.0020
vn 0.5264 0.8502 -0.0007
vn 0.5646 0.8253 -0.0007
vn 0.5264 0.8502 -0.0023
vn 0.7108 0.7034 0.0024
vn 0.6737 0.7390 -0.0009
vn 0.7108 0.7033 -0.0009
vn 0.6737 0.7390 -0.0027
vn 0.8313 0.5559 0.0027
vn 0.7980 0.6026 -0.0011
vn 0.8313 0.5559 -0.0011
vn 0.7980 0.6026 -0.0030
vn 0.9216 0.3882 0.0031
vn 0.8952 0.4457 -0.0013
vn 0.9216 0.3882 -0.0013
vn 0.8952 0.4457 -0.0034
vn 0.9784 0.2065 0.0035
vn 0.9618 0.2737 -0.0015
vn 0.9784 0.2065 -0.0015
vn 0.9618 0.2737 -0.0038
vn 0.9968 0.0798 0.0020
vn 0.9957 0.0923 -0.0000
vn 0.9998 -0.0178 0.0002
vn -0.0973 -0.0000 -0.9953
vn -0.0001 -1.0000 -0.0040
vn -0.0070 -0.9997 -0.0233
vn -0.0032 0.9997 -0.0246
vn -0.0124 -0.9996 -0.0235
vn -0.0086 0.9996 -0.0257
vn -0.0185 -0.9996 -0.0228
vn -0.0147 0.9996 -0.0260
vn -0.0254 -0.9995 -0.0210
vn -0.0217 0.9994 -0.0255
vn -0.0218 0.9994 -0.0255
vn -0.0332 -0.9993 -0.0180
vn -0.0300 0.9993 -0.0240
vn -0.0301 0.9993 -0.0240
vn -0.0426 -0.9990 -0.0133
vn -0.0403 0.9990 -0.0210
vn -0.0404 0.9990 -0.0210
vn -0.0547 -0.9985 -0.0059
vn -0.0537 0.9984 -0.0159
vn -0.0535 0.9984 -0.0159
vn -0.0722 -0.9974 0.0063
vn -0.0733 0.9973 -0.0071
vn -0.0732 0.9973 -0.0071
vn -0.1029 -0.9942 0.0300
vn -0.1092 0.9940 0.0104
vn -0.1091 0.9940 0.0104
vn -0.1905 -0.9767 0.0987
vn -0.2106 0.9756 0.0622
vn -0.2101 0.9757 0.0622
vn -0.1260 0.9810 0.1472
vn -0.1463 -0.9824 0.1158
vn -0.7426 0.3111 0.5931
vn -0.7426 0.3105 0.5933
vn -0.8460 -0.3014 0.4398
vn -0.1255 0.9811 0.1471
vn -0.0654 -0.9949 0.0771
vn -0.0509 0.9947 0.0894
vn -0.0508 0.9947 0.0894
vn -0.0338 -0.9976 0.0607
vn -0.0225 0.9975 0.0670
vn -0.0164 -0.9986 0.0507
vn -0.0071 0.9985 0.0538
vn -0.0051 -0.9991 0.0433
vn -0.0280 -0.0000 0.9996
vn 0.9957 0.0921 -0.0000
vn 0.9957 0.0925 -0.0000
vn 0.9620 0.2732 -0.0000
vn 0.9615 0.2747 -0.0000
vn 0.8953 0.4454 -0.0000
vn 0.8947 0.4467 -0.0000
vn 0.7989 0.6015 -0.0000
vn 0.7974 0.6035 -0.0000
vn 0.6747 0.7381 -0.0000
vn 0.6731 0.7395 -0.0000
vn 0.5269 0.8499 -0.0000
vn 0.5255 0.8508 -0.0000
vn 0.3613 0.9325 -0.0000
vn 0.1842 0.9829 -0.0000
vn 0.1831 0.9831 -0.0000
vn -0.1842 0.9829 -0.0000
vn -0.1830 0.9831 -0.0000
vn -0.3613 0.9325 -0.0000
vn -0.5269 0.8499 -0.0000
vn -0.5255 0.8508 -0.0000
vn -0.6747 0.7381 -0.0000
vn -0.6731 0.7395 -0.0000
vn -0.7989 0.6015 -0.0000
vn -0.7974 0.6035 -0.0000
vn -0.8953 0.4455 -0.0000
vn -0.8947 0.4467 -0.0000
vn -0.9620 0.2732 -0.0000
vn -0.9615 0.2747 -0.0000
vn -0.9957 0.0921 -0.0000
vn -0.9957 0.0925 -0.0000
vn -0.2987 -0.0883 0.9503
vn -0.3020 -0.0291 -0.9529
vn -0.9953 -0.0968 -0.0000
vn -0.2990 -0.0887 0.9501
vn -0.1545 -0.0463 -0.9869
vn -0.1447 -0.0753 0.9866
vn -0.1447 -0.0752 0.9866
vn -0.0970 -0.0512 -0.9940
vn -0.0866 -0.0688 0.9939
vn -0.0866 -0.0689 0.9939
vn -0.0649 -0.0525 -0.9965
vn -0.0546 -0.0638 0.9965
vn -0.0546 -0.0641 0.9964
vn -0.0433 -0.0516 -0.9977
vn -0.0336 -0.0595 0.9977
vn -0.0336 -0.0592 0.9977
vn -0.0275 -0.0499 -0.9984
vn -0.0183 -0.0545 0.9983
vn -0.0183 -0.0546 0.9983
vn -0.0151 -0.0467 -0.9988
vn -0.0066 -0.0494 0.9988
vn -0.0051 -0.0432 -0.9991
vn -0.0281 -0.9996 -0.0000
vn -0.6615 0.7499 -0.0000
vn -0.6615 0.7499 0.0104
vn -0.6603 0.7510 -0.0000
vn -0.2271 0.9739 -0.0000
vn -0.2283 0.9736 -0.0057
vn -0.2284 0.9736 -0.0000
vn 0.0223 0.9998 -0.0000
vn 0.0311 0.9995 -0.0000
vn 0.2849 0.9585 -0.0000
vn 0.2840 0.9588 -0.0000
vn 0.6841 0.7294 -0.0000
vn 0.6836 0.7299 -0.0000
vn 0.6607 -0.7507 -0.0000
vn 0.6611 -0.7503 -0.0054
vn 0.6607 -0.7506 -0.0000
vn 0.2261 -0.9741 -0.0000
vn 0.2283 -0.9736 -0.0027
vn 0.2281 -0.9736 -0.0000
vn -0.0264 -0.9997 -0.0000
vn -0.2844 -0.9587 -0.0000
vn -0.2845 -0.9587 -0.0061
vn -0.6848 -0.7277 -0.0383
vn -0.6827 -0.7307 -0.0000
vn -0.0000 -1.0000 -0.0000
vn 0.1168 -0.9932 -0.0000
vn 0.0005 -0.0072 -1.0000
vn 0.0041 -0.0128 -0.9999
vn 0.0030 -0.0136 0.9999
vn 0.0065 -0.0117 -0.9999
vn 0.0055 -0.0127 0.9999
vn 0.0086 -0.0103 -0.9999
vn 0.0078 -0.0114 0.9999
vn 0.0105 -0.0085 -0.9999
vn 0.0099 -0.0098 0.9999
vn 0.0120 -0.0063 -0.9999
vn 0.0116 -0.0078 0.9999
vn 0.0131 -0.0039 -0.9999
vn 0.0130 -0.0055 0.9999
vn 0.0139 0.0029 0.9999
vn 0.0080 0.0005 -1.0000
vn 0.9953 0.0968 -0.0000
vn 0.9984 -0.0564 -0.0000
vn 0.0137 -0.0013 -0.9999
vn 0.0139 -0.0029 0.9999
vn 0.0131 0.0039 -0.9999
vn 0.0130 0.0055 0.9999
vn 0.0120 0.0063 -0.9999
vn 0.0116 0.0078 0.9999
vn 0.0116 0.0077 0.9999
vn 0.0105 0.0085 -0.9999
vn 0.0099 0.0098 0.9999
vn 0.0086 0.0103 -0.9999
vn 0.0078 0.0114 0.9999
vn 0.0065 0.0117 -0.9999
vn 0.0055 0.0127 0.9999
vn 0.0041 0.0128 -0.9999
vn 0.0030 0.0136 0.9999
vn 0.0016 0.0134 -0.9999
vn 0.0715 0.9974 -0.0000
vn -0.0066 0.0494 0.9988
vn -0.0001 0.0037 -1.0000
vn -0.1168 0.9932 -0.0000
vn -0.0151 0.0467 -0.9988
vn -0.0183 0.0546 0.9983
vn -0.0183 0.0544 0.9983
vn -0.0275 0.0499 -0.9984
vn -0.0336 0.0592 0.9977
vn -0.0336 0.0596 0.9977
vn -0.0433 0.0516 -0.9977
vn -0.0546 0.0640 0.9965
vn -0.0546 0.0638 0.9965
vn -0.0649 0.0525 -0.9965
vn -0.0866 0.0688 0.9939
vn -0.0866 0.0687 0.9939
vn -0.0970 0.0512 -0.9940
vn -0.1447 0.0753 0.9866
vn -0.1545 0.0463 -0.9869
vn -0.2990 0.0886 0.9501
vn -0.2986 0.0883 0.9503
vn -0.3048 0.0296 -0.9519
vn -0.9954 0.0958 -0.0000
vn -0.9957 -0.0921 -0.0000
vn -0.9957 -0.0925 -0.0000
vn -0.9620 -0.2732 -0.0000
vn -0.9615 -0.2747 -0.0000
vn -0.8953 -0.4454 -0.0000
vn -0.8947 -0.4467 -0.0000
vn -0.7989 -0.6015 -0.0000
vn -0.7974 -0.6035 -0.0000
vn -0.6747 -0.7381 -0.0000
vn -0.6731 -0.7395 -0.0000
vn -0.5269 -0.8499 -0.0000
vn -0.5255 -0.8508 -0.0000
vn -0.3613 -0.9325 -0.0000
vn -0.1842 -0.9829 -0.0000
vn -0.1830 -0.9831 -0.0000
vn 0.1842 -0.9829 -0.0000
vn 0.1830 -0.9831 -0.0000
vn 0.3613 -0.9325 -0.0000
vn 0.5269 -0.8499 -0.0000
vn 0.5255 -0.8508 -0.0000
vn 0.6747 -0.7381 -0.0000
vn 0.6731 -0.7395 -0.0000
vn 0.7989 -0.6015 -0.0000
vn 0.7974 -0.6035 -0.0000
vn 0.8953 -0.4454 -0.0000
vn 0.8947 -0.4467 -0.0000
vn 0.9620 -0.2732 -0.0000
vn 0.9615 -0.2747 -0.0000
vn 0.9957 -0.0921 -0.0000
vn 0.9957 -0.0925 -0.0000
vn 0.9998 -0.0000 0.0221
vn 0.9997 -0.0000 0.0232
vn 0.9586 -0.0000 0.2847
vn 0.9586 0.0093 0.2847
vn 0.7289 -0.0153 0.6844
vn 0.7293 -0.0000 0.6841
vn 0.7495 -0.0000 -0.6620
vn 0.7516 0.0113 -0.6595
vn 0.7512 -0.0000 -0.6601
vn 0.9736 -0.0000 -0.2281
vn 0.9738 0.0024 -0.2274
vn 0.9738 -0.0000 -0.2275
vn -0.0258 -0.0000 0.9997
vn -0.0259 -0.0000 0.9997
vn -0.2847 -0.0000 0.9586
vn -0.2845 -0.0078 0.9586
vn -0.6836 -0.0383 0.7288
vn -0.6843 -0.0000 0.7292
vn -0.0000 -0.0000 1.0000
vn 0.6602 -0.0000 0.7511
vn 0.6609 -0.0053 0.7505
vn 0.6605 -0.0000 0.7508
vn 0.2270 -0.0000 0.9739
vn 0.2277 0.0020 0.9737
vn 0.2279 -0.0000 0.9737
vn 0.0030 0.9999 0.0138
vn 0.0005 -1.0000 0.0074
vn 0.1154 -0.0000 0.9933
vn 0.0042 -0.9999 0.0132
vn 0.0056 0.9999 0.0129
vn 0.0066 -0.9999 0.0121
vn 0.0079 0.9999 0.0116
vn 0.0088 -0.9999 0.0106
vn 0.0099 0.9999 0.0099
vn 0.0100 0.9999 0.0099
vn 0.0106 -0.9999 0.0088
vn 0.0117 0.9999 0.0079
vn 0.0116 0.9999 0.0079
vn 0.0121 -0.9999 0.0066
vn 0.0129 0.9999 0.0056
vn 0.0131 -0.9999 0.0042
vn 0.0138 0.9999 0.0030
vn 0.0138 -0.9999 0.0016
vn 0.9975 -0.0000 0.0712
vn 0.0136 0.9999 -0.0030
vn 0.0072 -1.0000 -0.0005
vn 0.9932 -0.0000 -0.1168
vn 0.0128 -0.9999 -0.0041
vn 0.0127 0.9999 -0.0055
vn 0.0118 -0.9999 -0.0065
vn 0.0114 0.9999 -0.0078
vn 0.0115 0.9999 -0.0078
vn 0.0103 -0.9999 -0.0086
vn 0.0098 0.9999 -0.0099
vn 0.0085 -0.9999 -0.0105
vn 0.0077 0.9999 -0.0116
vn 0.0078 0.9999 -0.0116
vn 0.0063 -0.9999 -0.0120
vn 0.0055 0.9999 -0.0130
vn 0.0054 0.9999 -0.0130
vn 0.0039 -0.9999 -0.0131
vn 0.0029 0.9999 -0.0139
vn 0.0013 -0.9999 -0.0137
vn 0.0564 -0.0000 -0.9984
vn -0.9614 0.2736 -0.0298
vn -0.0348 -0.9994 -0.0000
vn -0.0462 -0.9989 0.0018
vn -0.1899 -0.9815 0.0255
vn -0.1152 -0.9903 0.0779
vn -0.1837 -0.9829 -0.0090
vn -0.1067 -0.9943 -0.0055
vn -0.0462 -0.9989 0.0073
vn -0.0349 -0.9994 0.0037
vn -0.3550 -0.9346 0.0220
vn -0.3612 -0.9323 0.0174
vn -0.2656 -0.9641 -0.0061
vn -0.2657 -0.9640 -0.0063
vn -0.1837 -0.9827 0.0254
vn -0.1898 -0.9815 0.0255
vn -0.5069 -0.8617 0.0216
vn -0.5264 -0.8502 0.0074
vn -0.4252 -0.9051 -0.0029
vn -0.3612 -0.9324 0.0080
vn -0.4304 -0.9025 0.0133
vn -0.4305 -0.9025 0.0133
vn -0.6460 -0.7631 0.0207
vn -0.6737 -0.7390 0.0006
vn -0.5702 -0.8215 -0.0003
vn -0.5264 -0.8502 0.0068
vn -0.5729 -0.8196 0.0068
vn -0.5063 -0.8621 0.0217
vn -0.8171 -0.5765 0.0036
vn -0.7691 -0.6389 0.0189
vn -0.7038 -0.7104 0.0045
vn -0.7037 -0.7104 0.0045
vn -0.6737 -0.7390 0.0024
vn -0.7980 -0.6026 -0.0027
vn -0.9356 -0.3532 0.0007
vn -0.9028 -0.4301 0.0041
vn -0.8679 -0.4964 0.0188
vn -0.8678 -0.4965 0.0188
vn -0.8176 -0.5758 0.0036
vn -0.7980 -0.6026 0.0036
vn -0.8952 -0.4457 -0.0045
vn -0.9353 -0.3539 0.0007
vn -0.8952 -0.4457 0.0006
vn -0.9350 -0.3545 -0.0017
vn -0.9618 -0.2737 0.0056
vn -0.9634 -0.2679 0.0044
vn -0.9998 -0.0188 0.0002
vn -0.9998 -0.0177 0.0002
vn -0.9997 -0.0257 0.0004
vn -0.9999 -0.0172 -0.0000
vn -0.9992 -0.0409 0.0010
vn -0.9978 -0.0662 0.0026
vn -0.9978 -0.0668 0.0026
vn -0.9978 -0.0667 0.0026
vn -0.9937 -0.1114 0.0076
vn -0.9938 -0.1113 0.0076
vn -0.9957 -0.0923 0.0038
vn -0.9819 -0.1895 -0.0013
vn -0.9618 -0.2737 -0.0004
vn -0.9820 -0.1890 -0.0004
vn -0.9851 -0.1712 -0.0155
vn -0.9851 -0.1711 -0.0155
vn -0.9941 -0.1079 -0.0059
vn -0.9976 -0.0693 -0.0024
vn -0.9976 -0.0692 -0.0024
vn -0.9990 -0.0438 -0.0009
vn -0.9997 -0.0254 -0.0003
vn -0.9996 -0.0283 -0.0004
vn -0.9996 -0.0284 -0.0004
vn -0.9998 -0.0193 -0.0002
vn -0.9998 -0.0191 -0.0002
vn -1.0000 -0.0088 -0.0000
vn -0.9999 -0.0126 0.0003
vn -1.0000 -0.0053 -0.0005
vn -0.9998 -0.0198 0.0002
vn -0.9421 -0.3352 -0.0129
vn -0.9421 -0.3351 -0.0129
vn -0.9655 -0.2604 -0.0022
vn -0.9954 -0.0958 0.0011
vn -0.9605 -0.2782 0.0011
vn -0.9834 -0.1812 0.0011
vn -0.8283 -0.5593 -0.0333
vn -0.8684 -0.4957 -0.0120
vn -0.8685 -0.4956 -0.0120
vn -0.9051 -0.4251 -0.0009
vn -0.9052 -0.4251 -0.0009
vn -0.9589 -0.2838 0.0007
vn -0.8876 -0.4607 0.0006
vn -0.9393 -0.3430 0.0006
vn -0.9394 -0.3430 0.0006
vn -0.8872 -0.4614 0.0005
vn -0.7818 -0.6235 0.0004
vn -0.8175 -0.5759 0.0004
vn -0.7027 -0.7115 0.0010
vn -0.6500 -0.7600 0.0010
vn -0.7027 -0.7115 0.0011
vn -0.7829 -0.6221 -0.0028
vn -0.7665 -0.6421 -0.0111
vn -0.4996 -0.8662 -0.0074
vn -0.5688 -0.8225 0.0018
vn -0.4930 -0.8700 0.0018
vn -0.5687 -0.8225 0.0019
vn -0.6500 -0.7599 -0.0061
vn -0.6424 -0.7664 -0.0095
vn -0.6424 -0.7663 -0.0095
vn -0.2763 -0.9607 -0.0280
vn -0.3182 -0.9479 -0.0118
vn -0.3457 -0.9384 -0.0045
vn -0.4190 -0.9080 0.0020
vn -0.3180 -0.9481 0.0020
vn -0.4188 -0.9081 0.0023
vn -0.4932 -0.8699 0.0014
vn -0.4307 -0.9018 -0.0347
vn -0.4995 -0.8663 -0.0074
vn -0.0291 -0.9996 0.0026
vn -0.1186 -0.9928 -0.0179
vn -0.1317 -0.9912 -0.0120
vn -0.1176 -0.9930 -0.0089
vn -0.0386 -0.9992 0.0026
vn -0.1935 -0.9811 0.0004
vn -0.1318 -0.9913 0.0004
vn -0.1935 -0.9811 0.0006
vn -0.2700 -0.9629 -0.0008
vn -0.0293 -0.9996 0.0001
vn -0.0375 -0.9993 0.0026
vn -0.0314 -0.9995 0.0029
vn -0.0198 -0.9998 0.0038
vn -0.0198 -0.9998 0.0037
vn -0.0102 -0.9999 0.0047
vn -0.0387 -0.9993 0.0007
vn -0.0023 -1.0000 -0.0000
vn -0.0462 0.9989 -0.0000
vn -0.0000 1.0000 0.0007
vn -0.0054 1.0000 0.0006
vn -0.0144 0.9999 0.0005
vn -0.0292 0.9996 0.0001
vn -0.0302 0.9995 0.0007
vn -0.9998 -0.0188 -0.0001
vn -0.9997 -0.0253 -0.0003
vn -1.0000 -0.0055 0.0002
vn -1.0000 -0.0087 -0.0000
vn -0.9957 0.0923 -0.0000
vn -0.0212 0.9998 0.0005
vn -0.0301 0.9995 0.0004
vn -0.0462 0.9989 0.0004
vn -0.0300 0.9995 0.0008
vn -0.1837 0.9830 -0.0028
vn -0.1317 0.9913 0.0013
vn -0.1837 0.9830 0.0013
vn -0.1314 0.9913 0.0024
vn -0.3612 0.9325 -0.0023
vn -0.3183 0.9480 0.0012
vn -0.3613 0.9325 0.0012
vn -0.3181 0.9480 0.0020
vn -0.5264 0.8502 -0.0019
vn -0.4932 0.8699 0.0011
vn -0.5264 0.8502 0.0011
vn -0.4927 0.8702 0.0016
vn -0.6737 0.7390 -0.0016
vn -0.6500 0.7599 0.0009
vn -0.6737 0.7390 0.0009
vn -0.6499 0.7600 0.0013
vn -0.7980 0.6026 -0.0012
vn -0.7829 0.6221 0.0007
vn -0.7980 0.6026 0.0007
vn -0.7823 0.6229 0.0009
vn -0.8952 0.4457 -0.0009
vn -0.8872 0.4614 0.0005
vn -0.8952 0.4458 0.0005
vn -0.8876 0.4607 0.0006
vn -0.9618 0.2737 -0.0006
vn -0.9589 0.2838 0.0003
vn -0.9952 0.0976 0.0003
vn -0.9601 0.2784 0.0271
vn 0.9998 -0.0000 -0.0175
vn -0.0000 0.9998 -0.0175
vn 0.0001 0.9998 -0.0175
vn 0.0003 0.9999 -0.0172
vn -0.0000 0.9998 -0.0174
vn -0.0001 0.9998 -0.0174
vn -0.0011 0.9999 -0.0173
vn -0.9998 -0.0000 -0.0175
vn -0.0000 -0.9998 -0.0175
vn -0.0003 -0.9999 -0.0172
vn -0.0000 -0.9998 -0.0174
vn 0.0001 -0.9998 -0.0175
vn -0.0001 -0.9998 -0.0175
vn 0.0004 -0.9998 -0.0174
vn -0.0000 -0.0175 0.9998
vn -0.0000 -0.0175 -0.9998
vn 0.9998 -0.0175 -0.0000
vn 0.9998 -0.0174 -0.0002
vn 0.9998 -0.0174 -0.0000
vn 0.9998 -0.0177 -0.0001
vn 0.9999 -0.0169 0.0003
vn 0.9998 -0.0173 -0.0000
vn -0.9998 -0.0175 -0.0000
vn -0.0000 -0.0174 0.9998
vn -0.0000 -0.0178 0.9998
vn -0.0000 -0.0173 0.9998
vn -0.0001 -0.0175 0.9998
vn 0.3922 -0.8627 -0.3192
vn 0.3923 -0.8629 -0.3185
vn 0.3923 -0.8628 -0.3190
vn 0.3551 -0.7828 -0.5110
vn 0.3342 -0.8091 -0.4833
vn 0.3525 -0.8031 -0.4805
vn 0.1488 -0.9101 0.3868
vn 0.2654 -0.7291 -0.6309
vn 0.1515 -0.9080 -0.3907
vn 0.1514 -0.9080 -0.3907
vn 0.1555 -0.9866 -0.0504
vn 0.2655 -0.7290 -0.6309
vn -0.0449 -0.9598 -0.2771
vn 0.0484 -0.9599 -0.2762
vn 0.0594 -0.9595 -0.2754
vn 0.0427 -0.9883 -0.1463
vn -0.0449 -0.9598 -0.2772
vn -0.0563 -0.9853 -0.1615
vn -0.1047 -0.9503 -0.2932
vn -0.1625 -0.9793 -0.1210
vn -0.1682 -0.9392 -0.2993
vn -0.1683 -0.9392 -0.2993
vn -0.2884 -0.8098 -0.5110
vn -0.2884 -0.8097 -0.5110
vn -0.2885 -0.8097 -0.5110
vn -0.2679 -0.3644 -0.8919
vn -0.2833 -0.7716 -0.5695
vn -0.1740 -0.6284 -0.7582
vn -0.1886 -0.5456 -0.8166
vn -0.2833 -0.7717 -0.5695
vn -0.1683 -0.5835 -0.7945
vn 0.0333 -0.4778 -0.8779
vn -0.0579 -0.3739 -0.9257
vn -0.0610 -0.3318 -0.9414
vn -0.1684 -0.5835 -0.7945
vn 0.0333 -0.4778 -0.8778
vn 0.0597 -0.2835 -0.9571
vn 0.1387 -0.5962 -0.7907
vn 0.1563 -0.2541 -0.9545
vn 0.1387 -0.5963 -0.7907
vn 0.1910 -0.5994 -0.7773
vn 0.3034 -0.6216 -0.7222
vn 0.3034 -0.6217 -0.7221
vn 0.2414 -0.7241 -0.6460
vn 0.2414 -0.7242 -0.6460
vn -0.1689 -0.6493 -0.7416
vn -0.0653 -0.6574 -0.7507
vn -0.0657 -0.6598 -0.7485
vn 0.0653 -0.6599 -0.7486
vn 0.0657 -0.6573 -0.7507
vn 0.1757 -0.6485 -0.7407
vn 0.2059 -0.5017 -0.8402
vn 0.3364 -0.8354 -0.4347
vn 0.2870 -0.8553 -0.4314
vn 0.3014 -0.8243 -0.4793
vn 0.1855 -0.8495 -0.4939
vn 0.1897 -0.8335 -0.5189
vn 0.0634 -0.8473 -0.5274
vn 0.0649 -0.8399 -0.5389
vn -0.0634 -0.8400 -0.5389
vn -0.0647 -0.8472 -0.5274
vn -0.1861 -0.8341 -0.5193
vn -0.1886 -0.8490 -0.4936
vn -0.2874 -0.8280 -0.4815
vn -0.2874 -0.8282 -0.4811
vn -0.2858 -0.8288 -0.4811
vn -0.3710 -0.8394 -0.3971
vn -0.3710 -0.8394 -0.3972
vn -0.3709 -0.8394 -0.3972
vn -0.9683 -0.2283 -0.1016
vn -0.9874 -0.1446 -0.0644
vn 1.0000 -0.0020 -0.0024
vn 1.0000 -0.0014 -0.0023
vn 1.0000 0.0013 -0.0085
vn 0.8720 -0.2001 -0.4467
vn -0.9925 -0.1131 -0.0467
vn -0.9929 0.0533 -0.1063
vn 0.3511 -0.5983 -0.7202
vn 1.0000 0.0024 0.0016
vn 1.0000 -0.0051 0.0008
vn 1.0000 -0.0050 0.0011
vn 0.9999 -0.0111 -0.0038
vn 0.9999 -0.0099 -0.0041
vn 0.9920 -0.1030 -0.0735
vn 0.9920 -0.1030 -0.0736
vn 0.9981 -0.0611 0.0095
vn 0.9996 -0.0276 -0.0077
vn 0.9991 -0.0429 -0.0059
vn 0.9948 -0.0987 0.0236
vn 0.9949 -0.0985 0.0223
vn 0.9948 -0.0989 0.0248
vn 0.9785 -0.2055 0.0175
vn 0.9482 -0.2746 -0.1599
vn 0.9481 -0.2746 -0.1600
vn 0.9611 -0.2735 0.0373
vn 0.9663 -0.2372 -0.1005
vn 0.9761 -0.1970 -0.0923
vn 0.9761 -0.1969 -0.0923
vn 0.8911 -0.4269 -0.1539
vn 0.9338 -0.3458 -0.0913
vn 0.8954 -0.3293 -0.2997
vn 0.8954 -0.3293 -0.2996
vn 0.9086 -0.3359 -0.2484
vn 0.8911 -0.4270 -0.1539
vn 0.7240 -0.6821 0.1023
vn 0.8437 -0.5184 -0.1398
vn 0.7887 -0.2567 -0.5586
vn 0.7002 -0.7103 0.0720
vn 0.7887 -0.2568 -0.5586
vn 0.6640 -0.2229 -0.7138
vn 0.6639 -0.2229 -0.7138
vn 0.6640 -0.2228 -0.7138
vn 0.6269 -0.5788 -0.5215
vn 0.6624 -0.6515 -0.3697
vn 0.5993 -0.7647 -0.2368
vn 0.7358 -0.5408 -0.4075
vn 0.5528 -0.7804 -0.2922
vn 0.5015 -0.6275 -0.5956
vn 0.3511 -0.5981 -0.7204
vn 0.3827 -0.9220 0.0588
vn 0.3825 -0.9220 0.0597
vn 0.3371 -0.8978 -0.2836
vn 0.3370 -0.8978 -0.2836
vn 0.2619 -0.4430 -0.8574
vn 0.3554 -0.7347 -0.5778
vn 0.2374 -0.6941 -0.6796
vn 0.1034 -0.3007 -0.9481
vn 0.1914 -0.4248 -0.8848
vn 0.2314 -0.4153 -0.8797
vn 0.2116 -0.5334 -0.8189
vn 0.0060 0.2383 -0.9712
vn 0.0568 -0.9509 -0.3042
vn 0.1034 -0.3008 -0.9481
vn -0.1200 -0.2593 -0.9583
vn -0.1200 -0.2592 -0.9584
vn -0.0767 -0.7019 -0.7082
vn -0.0236 -0.9640 0.2650
vn -0.0795 -0.0275 -0.9965
vn -0.2159 -0.6792 -0.7015
vn -0.1929 -0.8136 -0.5484
vn -0.2475 -0.5555 -0.7938
vn -0.3469 -0.6721 -0.6542
vn -0.3538 -0.6817 -0.6404
vn -0.3511 -0.6927 -0.6300
vn -0.3664 -0.7881 -0.4947
vn -0.5015 -0.6273 -0.5958
vn -0.6275 -0.5755 -0.5244
vn -0.6276 -0.5755 -0.5244
vn -0.5528 -0.7804 -0.2922
vn -0.5020 -0.6270 -0.5957
vn -0.6635 -0.6459 -0.3776
vn -0.6016 -0.7606 -0.2440
vn -0.7326 -0.5528 -0.3972
vn -0.7326 -0.5249 -0.4333
vn -0.7325 -0.5250 -0.4333
vn -0.8040 -0.3816 -0.4561
vn -0.7527 -0.6583 0.0065
vn -0.8849 -0.3241 -0.3346
vn -0.8848 -0.3245 -0.3344
vn -0.8117 -0.5833 -0.0295
vn -0.8018 -0.3349 -0.4949
vn -0.8019 -0.3349 -0.4949
vn -0.9409 -0.3055 -0.1464
vn -0.8903 -0.4443 -0.1002
vn -0.8849 -0.3241 -0.3347
vn -0.9409 -0.3061 -0.1447
vn -0.9408 -0.3056 -0.1464
vn -0.9682 -0.2499 0.0137
vn -0.9407 -0.3068 -0.1444
vn -0.9737 -0.1237 -0.1914
vn -0.9952 -0.0854 -0.0473
vn -0.9806 -0.1960 0.0043
vn -0.9936 -0.1033 0.0455
vn -0.9936 -0.1033 0.0453
vn -0.9999 -0.0088 -0.0061
vn -0.9999 -0.0087 -0.0060
vn -0.9975 -0.0678 -0.0176
vn -0.9956 -0.0912 0.0210
vn -0.9956 -0.0910 0.0206
vn -0.9999 -0.0126 -0.0045
vn -1.0000 -0.0030 -0.0017
vn -1.0000 -0.0061 0.0025
vn -1.0000 -0.0051 0.0006
vn -1.0000 -0.0059 -0.0028
vn -1.0000 -0.0096 0.0005
vn -1.0000 -0.0095 0.0004
vn -1.0000 -0.0027 -0.0018
vn -1.0000 -0.0026 -0.0021
vn -1.0000 -0.0025 -0.0021
vn -1.0000 -0.0025 -0.0020
vn -1.0000 -0.0020 -0.0021
vn -1.0000 -0.0017 -0.0024
vn -1.0000 0.0044 0.0062
vn -1.0000 0.0016 -0.0049
vn -1.0000 0.0007 -0.0049
vn -1.0000 -0.0010 -0.0092
vn -0.9999 -0.0032 -0.0154
vn -0.9974 -0.0136 -0.0709
vn -0.9925 -0.1131 -0.0469
vn -0.9789 0.1182 -0.1666
vn -0.9969 -0.0075 -0.0780
vn -0.9995 -0.0056 -0.0307
vn -0.9999 -0.0032 -0.0153
vn -0.9507 -0.1275 -0.2826
vn -0.9519 0.0062 -0.3063
vn -0.9666 -0.0506 -0.2511
vn -0.9835 -0.0371 -0.1770
vn -0.9853 -0.0350 -0.1672
vn -0.9811 -0.0100 -0.1931
vn -0.9869 -0.0305 -0.1582
vn -0.9449 0.1580 -0.2866
vn -0.9925 -0.1128 -0.0471
vn -0.8938 0.0616 -0.4442
vn -0.9254 -0.2526 -0.2824
vn -0.7576 0.2267 -0.6121
vn -0.7579 0.2262 -0.6119
vn -0.8519 -0.1841 -0.4903
vn -0.8518 -0.1840 -0.4904
vn -0.8084 -0.2398 -0.5376
vn -0.7897 -0.1944 -0.5818
vn -0.8084 -0.2399 -0.5376
vn -0.8083 -0.2399 -0.5376
vn -0.7053 -0.3340 -0.6254
vn -0.7052 -0.3341 -0.6254
vn -0.7152 -0.1976 -0.6705
vn -0.7586 -0.2936 -0.5816
vn -0.6557 -0.3207 -0.6835
vn -0.6172 -0.2000 -0.7610
vn -0.7052 -0.3340 -0.6254
vn -0.5085 -0.4268 -0.7478
vn -0.5473 -0.1974 -0.8133
vn -0.5441 -0.2410 -0.8037
vn -0.5721 -0.3211 -0.7547
vn -0.6411 -0.3258 -0.6949
vn -0.2067 0.4681 -0.8592
vn -0.3114 -0.2512 -0.9165
vn -0.3114 -0.2513 -0.9165
vn -0.2806 0.0099 -0.9598
vn -0.4314 -0.5249 -0.7337
vn -0.4315 -0.5249 -0.7337
vn -0.1427 -0.3189 -0.9370
vn -0.1427 -0.3188 -0.9370
vn -0.1589 0.1174 -0.9803
vn -0.2252 -0.2501 -0.9417
vn -0.2251 -0.2506 -0.9416
vn -0.0582 0.0190 -0.9981
vn -0.0404 -0.1501 -0.9879
vn 0.0878 -0.1691 -0.9817
vn 0.0635 -0.1224 -0.9904
vn 0.0696 0.0337 -0.9970
vn 0.0215 -0.1502 -0.9884
vn 0.2177 -0.4931 -0.8423
vn 0.1315 0.3078 -0.9423
vn 0.1727 -0.1672 -0.9707
vn 0.3846 -0.4071 -0.8285
vn 0.3285 -0.2778 -0.9027
vn 0.3335 -0.1193 -0.9352
vn 0.2940 -0.4052 -0.8657
vn 0.2883 -0.4101 -0.8652
vn 0.2855 -0.3369 -0.8972
vn 0.5438 -0.3768 -0.7498
vn 0.4500 -0.3051 -0.8393
vn 0.4481 -0.2738 -0.8510
vn 0.5402 -0.2236 -0.8113
vn 0.5438 -0.3768 -0.7499
vn 0.6778 -0.3286 -0.6577
vn 0.6777 -0.3286 -0.6578
vn 0.6330 -0.2116 -0.7446
vn 0.6173 -0.3853 -0.6859
vn 0.7244 -0.2367 -0.6475
vn 0.7243 -0.2362 -0.6477
vn 0.8323 -0.2450 -0.4973
vn 0.8322 -0.2450 -0.4973
vn 0.7878 -0.1860 -0.5872
vn 0.7845 -0.2706 -0.5580
vn 0.8565 -0.2100 -0.4715
vn 0.8528 -0.0841 -0.5154
vn 0.8971 -0.1012 -0.4302
vn 0.8971 -0.1015 -0.4300
vn 0.9167 -0.0103 -0.3995
vn 0.9296 -0.0913 -0.3571
vn 0.9306 -0.0907 -0.3547
vn 0.9587 -0.1099 -0.2623
vn 0.9587 -0.1100 -0.2623
vn 0.9587 -0.1100 -0.2624
vn 0.9824 -0.0085 -0.1869
vn 0.9767 0.0801 -0.1990
vn 0.9776 -0.0792 -0.1951
vn 0.9847 -0.1660 -0.0525
vn 0.9802 0.1141 -0.1620
vn 0.9828 0.1007 -0.1546
vn 0.9967 0.0272 -0.0765
vn 0.9847 -0.1661 -0.0524
vn 0.9880 -0.0292 -0.1514
vn 0.9972 -0.0141 -0.0735
vn 0.9971 -0.0071 -0.0758
vn 0.9999 -0.0000 -0.0137
vn 0.9999 -0.0001 -0.0136
vn 0.9999 -0.0015 -0.0136
vn 0.9998 -0.0051 -0.0216
vn 0.9998 -0.0051 -0.0215
vn 0.9875 -0.0665 -0.1429
vn 0.9875 -0.0666 -0.1429
vn 0.9978 -0.0278 -0.0598
vn 1.0000 -0.0010 -0.0025
vn 0.9865 -0.0505 -0.1557
vn 0.9865 -0.0506 -0.1556
vn 0.9977 -0.0211 -0.0652
vn 1.0000 -0.0027 -0.0088
vn 0.9387 -0.1260 -0.3210
vn 0.9387 -0.1259 -0.3210
vn 0.9007 -0.1587 -0.4044
vn 0.9012 -0.1235 -0.4155
vn 0.9008 -0.1247 -0.4159
vn -0.2417 -0.4380 -0.8659
vn -0.3460 -0.4235 -0.8372
vn -0.3411 -0.3936 -0.8537
vn -0.4601 -0.3718 -0.8063
vn -0.4534 -0.3426 -0.8228
vn -0.2808 -0.0925 -0.9553
vn -0.3039 -0.2630 -0.9157
vn -0.1993 -0.2705 -0.9419
vn -0.2071 -0.3316 -0.9204
vn -0.0880 -0.3377 -0.9371
vn -1.0000 0.0006 -0.0084
vn -1.0000 -0.0025 -0.0058
vn -0.9978 -0.0278 -0.0598
vn -0.9875 -0.0666 -0.1429
vn -0.9875 -0.0665 -0.1429
vn -0.9686 -0.1051 -0.2255
vn -0.9999 -0.0003 -0.0133
vn -0.9999 -0.0034 -0.0110
vn -0.9977 -0.0211 -0.0651
vn -0.9977 -0.0211 -0.0652
vn -0.9865 -0.0506 -0.1556
vn -0.9865 -0.0505 -0.1557
vn -0.9662 -0.0796 -0.2453
vn -0.9683 -0.0912 -0.2324
vn -0.9387 -0.1260 -0.3209
vn -0.9386 -0.1259 -0.3211
vn -0.9022 -0.1575 -0.4015
vn -0.8997 -0.1527 -0.4090
vn -0.8927 -0.1740 -0.4158
vn -0.8927 -0.1740 -0.4157
vn -0.9649 -0.2563 -0.0574
vn -0.9657 -0.2482 -0.0759
vn -0.9864 -0.1574 -0.0482
vn -0.9864 -0.1574 -0.0483
vn -0.9976 -0.0658 -0.0203
vn -0.7320 -0.5526 -0.3986
vn -0.7375 -0.5986 -0.3127
vn -0.8039 -0.5271 -0.2754
vn -0.8040 -0.5276 -0.2742
vn -0.8597 -0.4532 -0.2356
vn -0.8597 -0.4534 -0.2351
vn -0.9055 -0.3767 -0.1954
vn -0.9055 -0.3767 -0.1953
vn -0.9418 -0.2984 -0.1548
vn -0.9700 -0.2158 -0.1120
vn -0.9453 -0.2457 -0.2146
vn -0.9109 -0.3109 -0.2714
vn -0.9109 -0.3108 -0.2714
vn -0.8672 -0.3752 -0.3275
vn -0.8671 -0.3751 -0.3277
vn -0.8134 -0.4381 -0.3827
vn -0.8134 -0.4379 -0.3829
vn -0.7486 -0.4991 -0.4364
vn -0.7486 -0.4987 -0.4370
vn -0.6717 -0.5572 -0.4881
vn -0.6716 -0.5564 -0.4892
vn -0.5815 -0.6110 -0.5371
vn -0.5813 -0.6095 -0.5391
vn -0.4766 -0.6585 -0.5824
vn -0.4764 -0.6732 -0.5656
vn -0.4851 -0.8007 -0.3515
vn -0.9881 -0.1322 -0.0793
vn -0.9884 -0.1199 -0.0929
vn -0.9886 -0.1074 -0.1058
vn -0.9886 -0.1075 -0.1057
vn -0.9978 -0.0604 -0.0271
vn -0.9979 -0.0552 -0.0332
vn -0.9980 -0.0500 -0.0389
vn -0.9980 -0.0448 -0.0442
vn -0.9980 -0.0395 -0.0494
vn -0.9980 -0.0395 -0.0495
vn -0.9885 -0.0946 -0.1182
vn -0.9885 -0.0946 -0.1183
vn -0.9709 -0.1496 -0.1868
vn -0.9712 -0.1699 -0.1671
vn -0.9718 -0.1776 -0.1551
vn -0.9709 -0.1895 -0.1467
vn -0.9699 -0.2088 -0.1250
vn -0.9881 -0.1322 -0.0792
vn -0.9874 -0.1446 -0.0645
vn -0.9999 -0.0120 -0.0038
vn -1.0000 -0.0016 -0.0022
vn -1.0000 -0.0015 -0.0027
vn -0.9979 -0.0339 -0.0546
vn -0.9979 -0.0338 -0.0546
vn -0.9881 -0.0811 -0.1305
vn -0.9881 -0.0811 -0.1306
vn -0.9701 -0.1281 -0.2061
vn -0.9713 -0.1372 -0.1942
vn -0.9444 -0.1898 -0.2686
vn -0.9095 -0.2400 -0.3395
vn -0.9095 -0.2400 -0.3396
vn -0.8652 -0.2895 -0.4095
vn -0.8652 -0.2896 -0.4094
vn -0.8108 -0.3380 -0.4778
vn -0.8109 -0.3384 -0.4774
vn -0.7455 -0.3855 -0.5437
vn -0.7457 -0.3863 -0.5428
vn -0.6682 -0.4314 -0.6061
vn -0.6687 -0.4333 -0.6042
vn -0.5778 -0.4757 -0.6632
vn -0.5786 -0.4794 -0.6598
vn -0.4734 -0.5178 -0.7126
vn -0.4840 -0.5901 -0.6462
vn -0.3720 -0.6259 -0.6854
vn -0.3663 -0.7881 -0.4947
vn 0.9999 -0.0099 -0.0040
vn 0.9999 -0.0104 -0.0033
vn 0.9976 -0.0658 -0.0203
vn 0.9864 -0.1574 -0.0483
vn 0.9863 -0.1575 -0.0482
vn 0.9657 -0.2482 -0.0759
vn 1.0000 -0.0028 -0.0019
vn 1.0000 -0.0029 -0.0019
vn 0.9979 -0.0551 -0.0332
vn 0.9979 -0.0552 -0.0332
vn 0.9881 -0.1322 -0.0793
vn 0.9881 -0.1322 -0.0792
vn 0.9699 -0.2088 -0.1250
vn 0.3884 -0.7923 -0.4705
vn 0.3329 -0.8164 -0.4718
vn 0.4681 -0.7651 -0.4422
vn 0.4908 -0.6330 -0.5987
vn 0.5018 -0.6274 -0.5955
vn 0.7359 -0.5408 -0.4075
vn 0.7461 -0.5440 -0.3839
vn 0.7223 -0.6130 -0.3202
vn 0.8041 -0.5269 -0.2752
vn 0.8038 -0.5278 -0.2744
vn 0.8598 -0.4531 -0.2356
vn 0.8596 -0.4535 -0.2352
vn 0.9055 -0.3767 -0.1954
vn 0.9055 -0.3768 -0.1953
vn 0.9418 -0.2984 -0.1548
vn 0.9700 -0.2158 -0.1120
vn 0.9683 -0.2283 -0.1016
vn 0.9874 -0.1447 -0.0644
vn 0.9874 -0.1446 -0.0645
vn 0.9978 -0.0604 -0.0271
vn 1.0000 -0.0066 -0.0031
vn 1.0000 -0.0085 -0.0009
vn 0.9997 -0.0240 -0.0004
vn 1.0000 -0.0026 -0.0018
vn 1.0000 -0.0020 -0.0022
vn 0.9980 -0.0448 -0.0442
vn 0.9886 -0.1074 -0.1058
vn 0.9712 -0.1699 -0.1671
vn 0.9523 0.0046 -0.3051
vn 0.9662 -0.0796 -0.2453
vn 0.9683 -0.0912 -0.2324
vn 0.9686 -0.1050 -0.2256
vn 0.9701 -0.1281 -0.2061
vn 0.9881 -0.0811 -0.1305
vn 0.9881 -0.0812 -0.1305
vn 0.9979 -0.0339 -0.0546
vn 1.0000 -0.0013 -0.0024
vn 1.0000 -0.0019 -0.0022
vn 0.3352 -0.8203 -0.4634
vn 0.3706 -0.6929 -0.6185
vn 0.4770 -0.6556 -0.5853
vn 0.4766 -0.6585 -0.5824
vn 0.5816 -0.6093 -0.5390
vn 0.5813 -0.6111 -0.5372
vn 0.6718 -0.5563 -0.4891
vn 0.6716 -0.5573 -0.4882
vn 0.7486 -0.4987 -0.4369
vn 0.7485 -0.4992 -0.4365
vn 0.8134 -0.4378 -0.3829
vn 0.8134 -0.4381 -0.3827
vn 0.8672 -0.3751 -0.3276
vn 0.8671 -0.3752 -0.3276
vn 0.9109 -0.3108 -0.2714
vn 0.9109 -0.3109 -0.2714
vn 0.9453 -0.2457 -0.2146
vn 0.9453 -0.2458 -0.2146
vn 0.9718 -0.1776 -0.1551
vn 0.9709 -0.1895 -0.1467
vn 0.9884 -0.1199 -0.0929
vn 0.9980 -0.0500 -0.0389
vn 1.0000 -0.0024 -0.0020
vn 0.2870 -0.5469 -0.7865
vn 0.2695 -0.5850 -0.7650
vn 0.3548 -0.5679 -0.7427
vn 0.3553 -0.5569 -0.7507
vn 0.4737 -0.5247 -0.7073
vn 0.4741 -0.5176 -0.7123
vn 0.5780 -0.4796 -0.6602
vn 0.5783 -0.4755 -0.6630
vn 0.6683 -0.4335 -0.6045
vn 0.6685 -0.4313 -0.6059
vn 0.7455 -0.3865 -0.5430
vn 0.7456 -0.3854 -0.5436
vn 0.8109 -0.3384 -0.4775
vn 0.8109 -0.3380 -0.4777
vn 0.8652 -0.2896 -0.4094
vn 0.8652 -0.2895 -0.4095
vn 0.9095 -0.2400 -0.3396
vn 0.9095 -0.2400 -0.3395
vn 0.9444 -0.1898 -0.2686
vn 0.9444 -0.1899 -0.2686
vn 0.9713 -0.1372 -0.1942
vn 0.9709 -0.1496 -0.1868
vn 0.9885 -0.0946 -0.1183
vn 0.9885 -0.0946 -0.1182
vn 0.9980 -0.0395 -0.0494
vn 1.0000 -0.0017 -0.0024
vn 1.0000 -0.0020 -0.0023
vn -1.0000 -0.0000 -0.0000
vn -0.9996 -0.0291 -0.0000
vn -1.0000 -0.0061 -0.0000
vn -1.0000 -0.0066 -0.0000
vn -0.9998 -0.0183 -0.0000
vn -0.9999 -0.0142 -0.0000
vn 1.0000 -0.0063 -0.0000
vn 0.9999 -0.0148 -0.0000
vn 0.9996 -0.0293 0.0001
vn 1.0000 -0.0061 -0.0000
vn 0.9998 -0.0183 -0.0000
vn -0.7709 -0.5821 -0.2586
vn -1.0000 0.0069 0.0046
vn -1.0000 0.0024 0.0039
vn -1.0000 -0.0064 0.0029
vn -0.4046 -0.9134 0.0444
vn -0.4047 -0.9134 0.0443
vn -0.3669 -0.9245 0.1034
vn -0.3658 -0.9246 0.1065
vn -0.3896 -0.9202 0.0387
vn -0.3890 -0.9204 0.0389
vn -0.4187 -0.9081 0.0028
vn -0.4250 -0.9021 -0.0756
vn -0.5615 -0.7978 -0.2195
vn -0.5608 -0.8235 -0.0859
vn -0.5301 -0.8419 -0.1007
vn -0.4680 -0.8701 0.1548
vn -0.4757 -0.8548 0.2076
vn -0.5402 -0.8412 -0.0232
vn -0.5720 -0.8202 -0.0067
vn -0.5720 -0.8202 -0.0068
vn -0.6180 -0.7082 -0.3413
vn -0.6438 -0.7651 0.0150
vn -0.6218 -0.7820 0.0419
vn -0.6129 -0.7852 0.0883
vn -0.5974 -0.7960 0.0971
vn -0.5629 -0.8045 0.1898
vn -0.7456 -0.6532 -0.1320
vn -0.7004 -0.6949 -0.1630
vn -0.7006 -0.6947 -0.1631
vn -0.7709 -0.5820 -0.2587
vn -0.6226 -0.7356 0.2669
vn -0.6504 -0.7235 0.2314
vn -0.6464 -0.7280 0.2281
vn -0.6754 -0.7129 0.1886
vn -0.6958 -0.7049 0.1376
vn -0.8641 -0.4569 -0.2109
vn -0.8755 -0.4686 -0.1178
vn -0.8542 -0.5006 -0.1403
vn -0.5538 -0.6805 0.4798
vn -0.5319 -0.7081 0.4643
vn -0.4976 -0.6713 0.5493
vn -0.5681 -0.6791 0.4648
vn -0.5768 -0.6650 0.4744
vn -0.8658 -0.4954 -0.0702
vn -0.9145 -0.4026 -0.0408
vn -0.8808 -0.4570 0.1241
vn -0.8808 -0.4570 0.1240
vn -0.8449 -0.5087 0.1655
vn -0.3410 -0.6126 0.7131
vn -0.3988 -0.5982 0.6951
vn -0.4221 -0.6159 0.6652
vn -0.7531 -0.5292 0.3908
vn -0.6844 0.1720 -0.7085
vn -0.6716 -0.5049 0.5422
vn -0.6546 -0.5655 0.5018
vn -0.5222 -0.5407 0.6595
vn -0.2298 -0.5625 0.7942
vn -0.1730 -0.5512 0.8162
vn -0.9992 -0.0391 0.0057
vn -0.9996 -0.0198 -0.0198
vn -0.9932 -0.1063 0.0482
vn -0.9862 0.0613 -0.1538
vn -0.9896 0.0789 -0.1201
vn 0.9628 0.2121 -0.1672
vn -0.9087 -0.3040 0.2861
vn -0.8881 -0.3237 0.3262
vn -0.8877 -0.3274 0.3238
vn -0.8463 -0.3628 0.3901
vn -0.8435 -0.3682 0.3910
vn -0.9197 -0.3155 0.2336
vn -0.9240 -0.2846 0.2553
vn -0.3216 0.4603 -0.8275
vn -0.4021 -0.5540 0.7290
vn -0.1766 -0.5463 0.8187
vn -0.1765 -0.5464 0.8187
vn -0.9994 -0.0337 0.0018
vn -0.9994 -0.0336 0.0020
vn -0.9994 -0.0343 0.0023
vn -0.9994 -0.0349 0.0026
vn -0.9994 -0.0349 0.0025
vn -0.9994 -0.0349 0.0024
vn -0.9994 -0.0354 0.0024
vn -0.9998 -0.0185 0.0017
vn -1.0000 -0.0007 0.0029
vn -0.9999 -0.0162 0.0001
vn -0.9999 -0.0166 0.0001
vn -0.9999 -0.0166 0.0002
vn -0.9999 -0.0169 -0.0000
vn 0.9996 0.0272 -0.0011
vn -0.9977 -0.0661 0.0130
vn -0.9977 -0.0669 0.0128
vn -0.4074 -0.8727 -0.2691
vn 0.4080 -0.8646 -0.2931
vn 0.4079 -0.8648 -0.2928
vn 0.2948 -0.9485 -0.1160
vn 0.2837 -0.9539 -0.0981
vn 0.3699 -0.9077 -0.1983
vn 0.4056 -0.8678 -0.2872
vn 0.2948 -0.9485 -0.1161
vn 0.2985 -0.9383 -0.1745
vn 0.3119 -0.9288 -0.2001
vn 0.3021 -0.9333 -0.1940
vn 0.2027 -0.9734 -0.1069
vn 0.2083 -0.9704 -0.1219
vn 0.2058 -0.9702 -0.1281
vn 0.2142 -0.9641 -0.1569
vn 0.1147 -0.9897 -0.0859
vn 0.1273 -0.9805 -0.1497
vn 0.1274 -0.9805 -0.1497
vn 0.0344 -0.9971 -0.0682
vn 0.0345 -0.9971 -0.0682
vn 0.0368 -0.9991 -0.0222
vn 0.0316 -0.9994 0.0154
vn 0.1250 -0.9715 -0.2016
vn 0.0393 -0.9968 -0.0689
vn -0.0378 -0.9971 -0.0665
vn -0.0414 -0.9969 -0.0664
vn -0.0387 -0.9914 -0.1252
vn -0.0454 -0.9835 -0.1749
vn -0.1148 -0.9933 0.0156
vn -0.1058 -0.9461 -0.3060
vn -0.1577 -0.9655 -0.2073
vn -0.1379 -0.9681 -0.2094
vn -0.1317 -0.9912 -0.0132
vn -0.2311 -0.9422 -0.2427
vn -0.2385 -0.9606 -0.1429
vn -0.2178 -0.9649 -0.1469
vn -0.2227 -0.9730 -0.0600
vn -0.1961 -0.9805 -0.0140
vn -0.2193 -0.9747 -0.0429
vn -0.3229 -0.9077 -0.2679
vn -0.3205 -0.9403 -0.1149
vn -0.2965 -0.9473 -0.1214
vn -0.3096 -0.9484 -0.0685
vn -0.4070 -0.8731 -0.2683
vn 0.9995 -0.0321 0.0023
vn 0.9998 -0.0184 0.0002
vn 1.0000 0.0023 0.0016
vn 1.0000 0.0008 0.0016
vn 0.9995 -0.0322 0.0018
vn 0.9996 -0.0293 0.0015
vn 0.9996 -0.0285 0.0008
vn 0.9996 -0.0284 0.0008
vn -0.9996 0.0266 -0.0005
vn 0.9999 -0.0173 0.0001
vn 0.9999 -0.0158 0.0004
vn 0.9999 -0.0152 0.0003
vn 0.9999 -0.0152 0.0005
vn 1.0000 -0.0062 0.0010
vn 0.9994 -0.0356 0.0027
vn 0.9994 -0.0356 0.0028
vn -0.9969 0.0744 -0.0237
vn 0.9933 -0.1053 0.0470
vn 0.9931 -0.1078 0.0453
vn 0.9952 -0.0915 0.0352
vn -0.9702 0.1965 -0.1418
vn -0.9657 0.2046 -0.1597
vn -0.9656 0.2092 -0.1548
vn 0.9862 -0.1437 0.0823
vn -0.8475 0.3634 -0.3869
vn 0.6592 -0.4754 0.5826
vn 0.6576 -0.4835 0.5777
vn 0.7196 -0.4499 0.5289
vn 0.7332 -0.4455 0.5137
vn 0.7475 -0.4362 0.5009
vn 0.7472 -0.4386 0.4993
vn 0.8335 -0.3830 0.3982
vn 0.8837 -0.3449 0.3166
vn 0.9242 0.0044 -0.3818
vn 0.5227 -0.5887 0.6166
vn 0.3759 -0.6056 0.7014
vn 0.3582 -0.5960 0.7187
vn 0.9642 -0.0979 -0.2466
vn 0.9641 -0.0979 -0.2467
vn 0.9773 -0.1660 -0.1317
vn 0.9435 -0.3130 0.1083
vn 0.9575 -0.2401 -0.1596
vn 0.9185 -0.3933 0.0410
vn 0.9185 -0.3933 0.0411
vn 0.3581 -0.5959 0.7187
vn 0.3454 -0.6043 0.7180
vn 0.9162 -0.1959 -0.3496
vn 0.8515 -0.5239 0.0217
vn 0.8514 -0.5240 0.0217
vn 0.8861 -0.4593 0.0626
vn 0.6077 -0.6635 0.4364
vn 0.7657 -0.5897 -0.2567
vn 0.6795 -0.7086 0.1901
vn 0.6255 -0.7345 0.2632
vn 0.6324 -0.7264 0.2692
vn 0.5786 -0.7451 0.3318
vn 0.5577 -0.7405 0.3750
vn 0.8233 -0.5667 -0.0306
vn 0.7864 -0.6144 -0.0632
vn 0.8641 -0.3803 -0.3298
vn 0.6002 -0.6648 0.4448
vn 0.5661 -0.7086 0.4212
vn 0.5742 -0.6684 0.4727
vn 0.5815 -0.6664 0.4667
vn 0.6710 -0.7398 -0.0496
vn 0.6709 -0.7398 -0.0496
vn 0.7070 -0.7068 -0.0251
vn 0.5126 -0.8108 0.2827
vn 0.5595 -0.8127 0.1626
vn 0.5848 -0.7963 0.1546
vn 0.6038 -0.7940 0.0702
vn 0.6512 -0.7589 0.0052
vn 0.6299 -0.7465 -0.2147
vn 0.5666 -0.8169 -0.1077
vn 0.3893 -0.9203 0.0394
vn 0.4478 -0.8891 -0.0944
vn 0.6082 -0.7415 -0.2833
vn 0.5224 -0.8482 -0.0873
vn 0.5554 -0.8285 -0.0713
vn 0.4463 -0.8868 0.1199
vn 0.4706 -0.8699 0.1474
vn 0.5780 -0.8152 -0.0365
vn 0.3510 -0.9182 0.1838
vn 0.3626 -0.9241 0.1206
vn 0.3909 -0.9196 0.0394
vn 0.4040 -0.9137 0.0449
vn 0.3858 -0.9212 0.0500
vn 0.3493 -0.9176 0.1898
vn -0.8032 -0.2667 0.5327
vn 0.1120 -0.2538 0.9607
vn 0.3162 -0.4329 0.8442
vn 1.0000 -0.0014 0.0024
vn 1.0000 -0.0020 0.0023
vn 1.0000 -0.0028 0.0019
vn 0.9947 -0.1000 -0.0238
vn 0.6277 -0.5787 0.5207
vn -1.0000 -0.0024 0.0020
vn -1.0000 -0.0019 0.0022
vn -1.0000 0.0010 0.0078
vn -0.9857 -0.0301 0.1656
vn -0.4275 -0.4146 0.8033
vn -0.1844 -0.0880 0.9789
vn -0.1756 0.0605 0.9826
vn -0.1448 -0.3010 0.9426
vn -0.2915 -0.1274 0.9481
vn -0.2319 -0.2752 0.9330
vn -0.4274 -0.4147 0.8033
vn -0.4100 -0.1039 0.9062
vn -0.5164 -0.4496 0.7289
vn -0.5164 -0.4495 0.7289
vn -0.5081 -0.0920 0.8564
vn -0.5782 -0.3259 0.7480
vn -0.7168 -0.3282 0.6152
vn -0.6144 -0.1486 0.7749
vn -0.6376 -0.2243 0.7370
vn -0.6371 -0.2439 0.7311
vn -0.5781 -0.3259 0.7480
vn -0.6814 -0.0753 0.7281
vn -0.7741 -0.3285 0.5411
vn -0.8190 -0.2429 0.5199
vn -0.7631 -0.0900 0.6400
vn -0.7741 -0.3284 0.5412
vn -0.8566 -0.1720 0.4864
vn -0.8567 -0.1720 0.4864
vn -0.9296 -0.2484 0.2724
vn -0.9183 -0.0159 0.3957
vn -0.8719 0.1027 0.4787
vn -0.9738 -0.0696 0.2166
vn -0.9738 -0.0696 0.2167
vn -0.9495 0.0170 0.3134
vn -0.9564 -0.1467 0.2526
vn -0.9564 -0.1467 0.2527
vn -0.9849 -0.0309 0.1703
vn -0.9823 0.0166 0.1866
vn -0.9985 -0.0016 0.0544
vn -0.9964 0.0050 0.0848
vn -0.9948 0.0423 0.0930
vn -0.9957 -0.0162 0.0915
vn -0.9999 -0.0001 0.0139
vn -0.9999 -0.0022 0.0145
vn -0.9996 -0.0056 0.0259
vn -0.9997 -0.0056 0.0259
vn -1.0000 -0.0015 0.0023
vn -1.0000 -0.0048 -0.0022
vn -1.0000 -0.0060 -0.0004
vn -1.0000 -0.0062 -0.0020
vn -0.9998 -0.0181 0.0056
vn -0.9999 -0.0115 0.0015
vn -0.9999 -0.0115 0.0016
vn -0.9998 -0.0180 0.0056
vn -0.9974 -0.0703 0.0145
vn -0.9964 -0.0815 -0.0243
vn -0.9944 -0.0920 0.0512
vn -0.9944 -0.0922 0.0512
vn -0.9893 -0.1297 -0.0667
vn -0.9893 -0.1297 -0.0666
vn -0.9888 -0.1317 -0.0704
vn -0.9888 -0.1318 -0.0705
vn -0.9877 -0.1172 0.1039
vn -0.9698 -0.2370 -0.0569
vn -0.9491 -0.3128 -0.0375
vn -0.9490 -0.3131 -0.0379
vn -0.9845 -0.1383 0.1076
vn -0.9437 -0.3136 0.1051
vn -0.9617 -0.2701 0.0462
vn -0.9187 -0.3606 0.1612
vn -0.9230 -0.3830 0.0377
vn -0.9437 -0.3136 0.1050
vn -0.9438 -0.3135 0.1051
vn -0.8892 -0.4010 0.2201
vn -0.8688 -0.4948 0.0195
vn -0.9187 -0.3606 0.1613
vn -0.9187 -0.3607 0.1612
vn -0.8191 -0.5717 0.0486
vn -0.8000 -0.6000 0.0026
vn -0.8893 -0.4010 0.2201
vn -0.7533 -0.6570 0.0311
vn -0.8527 -0.4169 0.3147
vn -0.8025 -0.5443 0.2445
vn -0.8003 -0.5435 0.2533
vn -0.6999 -0.6064 0.3774
vn -0.7291 -0.6298 0.2679
vn -0.7561 -0.5695 0.3224
vn -0.6635 -0.6456 0.3781
vn -0.6136 -0.7532 0.2373
vn -0.5654 -0.7413 0.3617
vn -0.5571 -0.7565 0.3427
vn -0.6378 -0.6529 0.4085
vn -0.6377 -0.6530 0.4085
vn -0.4078 -0.7128 0.5706
vn -0.4858 -0.7548 0.4408
vn -0.4668 -0.7438 0.4783
vn -0.4861 -0.7519 0.4454
vn -0.5631 -0.7292 0.3888
vn -0.3134 -0.7951 0.5192
vn -0.4059 -0.7445 0.5301
vn -0.2430 -0.9550 -0.1698
vn -0.1966 -0.9177 -0.3451
vn -0.3134 -0.7952 0.5191
vn -0.1108 -0.9243 0.3652
vn -0.1938 -0.9354 0.2959
vn -0.1989 -0.9531 0.2280
vn -0.1626 -0.9843 0.0692
vn -0.0159 -0.9361 0.3514
vn 0.1837 -0.8750 0.4479
vn 0.0589 -0.9982 0.0118
vn 0.2903 -0.7801 0.5542
vn 0.2021 -0.9432 0.2638
vn 0.1795 -0.9749 -0.1314
vn 0.1783 -0.9042 0.3882
vn 0.1805 -0.9125 0.3672
vn 0.1836 -0.8751 0.4478
vn 0.1836 -0.8750 0.4480
vn 0.3362 -0.2426 0.9100
vn 0.2700 -0.9615 -0.0510
vn 0.2600 -0.9590 -0.1124
vn 0.1436 -0.8132 -0.5640
vn 0.3360 -0.2424 0.9102
vn 0.4764 -0.6752 0.5632
vn 0.6277 -0.5787 0.5208
vn 0.5544 -0.7758 0.3012
vn 0.5016 -0.6311 0.5917
vn 0.6511 -0.6960 0.3028
vn 0.7326 -0.5530 0.3968
vn 0.7286 -0.6014 0.3278
vn 0.7392 -0.5900 0.3246
vn 0.7326 -0.5531 0.3968
vn 0.7326 -0.5530 0.3969
vn 0.5251 0.1552 0.8368
vn 0.7294 -0.6662 -0.1553
vn 0.8618 -0.2271 0.4537
vn 0.9414 -0.2969 0.1600
vn 0.8615 -0.5050 0.0525
vn 0.9065 -0.2893 0.3076
vn 0.8615 -0.2265 0.4544
vn 0.8615 -0.2264 0.4544
vn 0.9412 -0.3013 0.1532
vn 0.9416 -0.2993 0.1543
vn 0.9414 -0.2968 0.1600
vn 0.9678 -0.2328 0.0960
vn 0.9636 -0.2646 -0.0390
vn 0.9946 -0.0600 0.0841
vn 0.9946 -0.0602 0.0841
vn 0.9384 -0.3181 -0.1351
vn 0.9325 0.0763 0.3531
vn 0.7386 0.2138 0.6393
vn 0.9947 -0.1003 -0.0242
vn 0.9947 -0.0998 -0.0236
vn 0.9882 -0.1341 -0.0736
vn 0.9882 -0.1342 -0.0738
vn 0.9946 -0.0601 0.0842
vn 0.9946 -0.0601 0.0841
vn 0.9999 -0.0114 -0.0003
vn 0.9999 -0.0126 0.0045
vn 1.0000 -0.0066 -0.0024
vn 1.0000 0.0021 0.0035
vn 1.0000 -0.0000 0.0081
vn 0.9998 -0.0050 0.0216
vn 0.9998 -0.0050 0.0215
vn 0.9999 -0.0013 0.0136
vn 0.9913 -0.0412 0.1248
vn 0.9959 0.0074 0.0905
vn 0.9958 0.0131 0.0910
vn 0.9989 -0.0037 0.0464
vn 0.9989 -0.0037 0.0466
vn 0.9790 -0.0772 0.1888
vn 0.9868 -0.0551 0.1523
vn 0.9629 0.0536 0.2644
vn 0.9681 -0.1020 0.2289
vn 0.9414 0.0265 0.3363
vn 0.9790 -0.0772 0.1889
vn 0.9218 -0.0301 0.3865
vn 0.9165 -0.0120 0.3999
vn 0.9603 -0.1083 0.2572
vn 0.8651 -0.1853 0.4662
vn 0.8955 -0.1038 0.4328
vn 0.8968 -0.1250 0.4243
vn 0.8987 -0.1241 0.4206
vn 0.9271 -0.0663 0.3689
vn 0.8336 -0.1012 0.5430
vn 0.8650 -0.1853 0.4662
vn 0.7772 -0.3228 0.5402
vn 0.7772 -0.3228 0.5401
vn 0.7631 -0.0900 0.6400
vn 0.8261 -0.2612 0.4993
vn 0.6852 -0.0868 0.7231
vn 0.7198 -0.3572 0.5952
vn 0.7199 -0.3571 0.5952
vn 0.6143 -0.1336 0.7777
vn 0.6403 -0.2796 0.7154
vn 0.4736 -0.2631 0.8405
vn 0.4736 -0.2632 0.8405
vn 0.4706 -0.4362 0.7670
vn 0.4989 -0.4307 0.7521
vn 0.5248 -0.1524 0.8375
vn 0.5654 -0.2968 0.7696
vn 0.6403 -0.2797 0.7154
vn 0.2961 -0.2797 0.9133
vn 0.4131 -0.4667 0.7820
vn 0.1812 -0.1173 0.9764
vn 0.1767 -0.0207 0.9840
vn 0.1510 0.0653 0.9864
vn 1.0000 -0.0014 0.0023
vn 0.9980 -0.0363 0.0524
vn 0.9883 -0.0870 0.1253
vn 0.9883 -0.0869 0.1254
vn 0.9705 -0.1374 0.1980
vn 0.9705 -0.1374 0.1981
vn 0.9444 -0.1875 0.2702
vn 0.9444 -0.1874 0.2703
vn 0.9095 -0.2370 0.3416
vn 0.9999 0.0001 0.0142
vn 0.9999 -0.0036 0.0113
vn 0.9977 -0.0214 0.0649
vn 0.9977 -0.0214 0.0650
vn 0.9866 -0.0512 0.1552
vn 0.9865 -0.0511 0.1553
vn 0.9663 -0.0807 0.2446
vn 0.9662 -0.0806 0.2447
vn 0.9367 -0.1096 0.3326
vn 0.9366 -0.1095 0.3327
vn 0.8976 -0.1378 0.4187
vn 1.0000 0.0015 0.0081
vn 1.0000 -0.0023 0.0049
vn 0.9979 -0.0293 0.0585
vn 0.9979 -0.0292 0.0586
vn 0.9877 -0.0701 0.1400
vn 0.9877 -0.0700 0.1401
vn 0.9690 -0.1106 0.2210
vn 0.9690 -0.1104 0.2212
vn 0.9416 -0.1506 0.3013
vn 0.9415 -0.1505 0.3015
vn 0.9051 -0.1900 0.3804
vn 0.9100 -0.2112 0.3567
vn 0.8622 -0.2582 0.4359
vn 0.8622 -0.2583 0.4357
vn 0.8070 -0.3012 0.5080
vn 0.8072 -0.3018 0.5073
vn 0.7409 -0.3434 0.5772
vn 0.7414 -0.3448 0.5757
vn 0.6631 -0.3846 0.6421
vn 0.6641 -0.3876 0.6394
vn 0.5727 -0.4251 0.7010
vn 0.5742 -0.4309 0.6962
vn 0.4698 -0.4646 0.7506
vn 0.3058 -0.2970 0.9046
vn 0.3456 -0.4328 0.8326
vn 0.2107 -0.4509 0.8674
vn 0.2173 -0.4839 0.8477
vn 0.0745 -0.4944 0.8660
vn 0.0315 -0.1782 0.9835
vn 0.0606 -0.0365 0.9975
vn 0.0717 -0.4336 0.8983
vn 0.0632 -0.5859 0.8079
vn -0.2975 -0.1568 0.9417
vn -0.3214 -0.2224 0.9205
vn -0.3176 -0.3420 0.8844
vn -0.2094 -0.3527 0.9120
vn -0.2088 -0.4015 0.8917
vn -0.8109 -0.3338 0.4807
vn -0.8110 -0.2991 0.5027
vn -0.7412 -0.3433 0.5769
vn -0.7411 -0.3450 0.5760
vn -0.6636 -0.3844 0.6417
vn -0.6634 -0.3879 0.6398
vn -0.5734 -0.4248 0.7005
vn -0.5731 -0.4313 0.6968
vn -0.4699 -0.4646 0.7506
vn -0.4694 -0.4759 0.7437
vn -0.3522 -0.5045 0.7883
vn -0.3516 -0.5216 0.7774
vn -0.2205 -0.5436 0.8099
vn -0.2195 -0.5632 0.7966
vn -0.8652 -0.2858 0.4120
vn -0.8652 -0.2860 0.4119
vn -0.8592 -0.2287 0.4577
vn -0.8592 -0.2290 0.4576
vn -0.8459 -0.1510 0.5115
vn -0.8402 -0.0867 0.5354
vn -1.0000 -0.0015 0.0024
vn -0.9980 -0.0363 0.0524
vn -0.9883 -0.0870 0.1253
vn -0.9883 -0.0869 0.1254
vn -0.9705 -0.1374 0.1980
vn -0.9705 -0.1373 0.1980
vn -0.9444 -0.1875 0.2702
vn -0.9444 -0.1874 0.2703
vn -1.0000 0.0033 0.0038
vn -1.0000 -0.0016 0.0035
vn -0.9979 -0.0293 0.0586
vn -0.9979 -0.0292 0.0586
vn -0.9877 -0.0701 0.1401
vn -0.9877 -0.0700 0.1401
vn -0.9690 -0.1106 0.2211
vn -0.9690 -0.1105 0.2211
vn -0.9415 -0.1506 0.3013
vn -0.9415 -0.1505 0.3014
vn -1.0000 0.0011 0.0078
vn -1.0000 -0.0029 0.0092
vn -0.9977 -0.0214 0.0649
vn -0.9977 -0.0213 0.0650
vn -0.9866 -0.0512 0.1552
vn -0.9866 -0.0511 0.1552
vn -0.9663 -0.0807 0.2446
vn -0.9663 -0.0805 0.2447
vn -0.9367 -0.1095 0.3327
vn -0.9366 -0.1094 0.3327
vn -0.9016 -0.1352 0.4109
vn -0.8086 0.1431 0.5707
vn -0.4060 -0.7444 0.5301
vn -0.4056 -0.7123 0.5729
vn -0.3580 -0.7283 0.5844
vn -0.3539 -0.7433 0.5677
vn -0.2187 -0.7755 0.5922
vn -0.2213 -0.7640 0.6061
vn -0.0759 -0.7812 0.6197
vn -0.0759 -0.5756 0.8142
vn -0.0753 -0.5854 0.8073
vn -0.0728 -0.4095 0.9094
vn -0.0717 -0.4336 0.8983
vn -0.0609 -0.0434 0.9972
vn -0.0447 -0.1781 0.9830
vn -0.9644 -0.2582 0.0568
vn -0.9676 -0.2446 0.0622
vn -0.9858 -0.1626 0.0414
vn -0.9858 -0.1625 0.0415
vn -0.9974 -0.0694 0.0178
vn -0.9934 -0.1087 -0.0363
vn -0.9999 -0.0118 -0.0002
vn -1.0000 -0.0087 0.0038
vn -0.9978 -0.0614 0.0258
vn -0.9872 -0.1470 0.0615
vn -0.9872 -0.1471 0.0615
vn -0.9679 -0.2321 0.0969
vn -0.9678 -0.2322 0.0968
vn -0.9395 -0.3161 0.1317
vn -0.9395 -0.3162 0.1317
vn -0.9020 -0.3986 0.1660
vn -0.9078 -0.3746 0.1887
vn -0.8588 -0.4575 0.2304
vn -0.8590 -0.4571 0.2307
vn -0.8104 -0.5231 0.2640
vn -0.8041 -0.5350 0.2591
vn -1.0000 -0.0029 0.0018
vn -1.0000 -0.0027 0.0018
vn -0.9979 -0.0552 0.0332
vn -0.9881 -0.1322 0.0792
vn -0.9699 -0.2089 0.1250
vn -0.9433 -0.2850 0.1704
vn -0.9077 -0.3601 0.2152
vn -1.0000 -0.0019 0.0023
vn -0.9980 -0.0428 0.0463
vn -0.9886 -0.1026 0.1106
vn -0.9712 -0.1622 0.1748
vn -0.9455 -0.2215 0.2386
vn -0.9455 -0.2214 0.2386
vn -0.9112 -0.2802 0.3019
vn -0.9095 -0.2370 0.3417
vn -0.9095 -0.2369 0.3417
vn -0.9051 -0.1900 0.3804
vn -0.8942 -0.1199 0.4313
vn -0.8936 -0.1374 0.4272
vn -1.0000 -0.0028 0.0017
vn -1.0000 -0.0023 0.0021
vn -0.9980 -0.0490 0.0399
vn -0.9885 -0.1175 0.0954
vn -0.9710 -0.1858 0.1507
vn -0.9452 -0.2537 0.2057
vn -0.9452 -0.2536 0.2057
vn -0.9107 -0.3209 0.2601
vn -0.9135 -0.2971 0.2779
vn -0.8673 -0.3637 0.3400
vn -0.8673 -0.3635 0.3401
vn -0.8135 -0.4247 0.3972
vn -0.8136 -0.4245 0.3974
vn -0.7487 -0.4840 0.4530
vn -0.7488 -0.4836 0.4532
vn -0.6718 -0.5405 0.5065
vn -0.6719 -0.5399 0.5070
vn -0.5815 -0.5931 0.5568
vn -0.5817 -0.5921 0.5578
vn -0.6379 -0.5605 0.5281
vn -0.4915 -0.6912 0.5298
vn 0.7386 0.2137 0.6393
vn 0.9540 -0.2907 0.0739
vn 0.9858 -0.1626 0.0414
vn 0.9858 -0.1626 0.0415
vn 0.9976 -0.0675 0.0173
vn 0.9976 -0.0670 0.0187
vn 0.9999 -0.0128 0.0048
vn 0.9999 -0.0127 0.0048
vn 0.8549 -0.4786 0.2002
vn 0.8549 -0.4789 0.1996
vn 0.9020 -0.3985 0.1661
vn 0.9020 -0.3985 0.1660
vn 0.9395 -0.3161 0.1317
vn 0.9395 -0.3161 0.1318
vn 0.9679 -0.2321 0.0968
vn 0.9679 -0.2321 0.0969
vn 0.9872 -0.1471 0.0615
vn 0.9978 -0.0614 0.0258
vn 1.0000 -0.0060 0.0027
vn 1.0000 -0.0055 -0.0006
vn 1.0000 -0.0023 0.0020
vn 0.9980 -0.0490 0.0399
vn 0.9885 -0.1175 0.0954
vn 0.9710 -0.1858 0.1507
vn 0.9452 -0.2537 0.2056
vn 0.9452 -0.2537 0.2057
vn 0.9107 -0.3209 0.2601
vn 0.8669 -0.3873 0.3139
vn 0.8669 -0.3871 0.3140
vn 0.8131 -0.4522 0.3667
vn 0.8072 -0.5099 0.2974
vn 0.8144 -0.5216 0.2543
vn 0.5251 0.1553 0.8368
vn 0.5250 0.1552 0.8368
vn 0.7804 -0.5769 0.2412
vn 0.8109 -0.5021 0.3007
vn 0.8628 -0.4337 0.2598
vn 0.8628 -0.4339 0.2594
vn 0.9077 -0.3600 0.2153
vn 0.9077 -0.3601 0.2152
vn 0.9433 -0.2850 0.1704
vn 0.9699 -0.2089 0.1250
vn 0.9881 -0.1322 0.0792
vn 0.9979 -0.0552 0.0332
vn 0.4860 -0.7974 0.3578
vn 0.4521 -0.7768 0.4385
vn 0.3491 -0.8161 0.4606
vn 0.3485 -0.8024 0.4845
vn 0.2188 -0.8353 0.5043
vn 0.2177 -0.8186 0.5315
vn 0.0754 -0.8363 0.5430
vn 0.0747 -0.8275 0.5564
vn 0.0718 -0.9253 0.3723
vn 0.0705 -0.9134 0.4010
vn 0.0598 -0.9980 0.0188
vn 0.0596 -0.9980 0.0216
vn -0.0623 -0.9867 -0.1499
vn -0.0694 -0.9134 0.4010
vn -0.0716 -0.9277 0.3664
vn -0.0747 -0.8275 0.5564
vn -0.0652 -0.7179 0.6931
vn 0.0765 -0.7173 0.6925
vn 0.0766 -0.7187 0.6911
vn 0.2229 -0.7026 0.6757
vn 0.2232 -0.7054 0.6728
vn 0.3571 -0.6759 0.6447
vn 0.3574 -0.6782 0.6421
vn 0.4768 -0.6383 0.6044
vn 0.4770 -0.6398 0.6026
vn 0.5815 -0.5922 0.5578
vn 0.5816 -0.5931 0.5568
vn 0.6718 -0.5400 0.5070
vn 0.6719 -0.5405 0.5064
vn 0.7487 -0.4837 0.4532
vn 0.7488 -0.4840 0.4529
vn 0.8172 -0.4208 0.3938
vn 0.8141 -0.3951 0.4257
vn 0.8677 -0.3382 0.3644
vn 0.9112 -0.2802 0.3019
vn 0.9455 -0.2215 0.2386
vn 0.9712 -0.1622 0.1748
vn 0.9886 -0.1026 0.1106
vn 0.9980 -0.0428 0.0463
vn 0.4072 -0.8739 0.2655
vn -0.4815 -0.8542 0.1963
vn -0.4485 -0.8691 0.2089
vn -0.9999 -0.0146 -0.0013
vn -0.9998 -0.0184 -0.0002
vn -1.0000 -0.0062 -0.0013
vn -1.0000 0.0011 -0.0022
vn -0.9999 -0.0146 -0.0000
vn 0.9995 0.0302 -0.0011
vn -1.0000 0.0051 -0.0037
vn -0.9999 -0.0140 -0.0020
vn -0.9999 -0.0148 -0.0001
vn 0.9997 0.0255 0.0006
vn -0.9998 -0.0221 -0.0001
vn -0.9998 -0.0218 -0.0001
vn 0.9990 0.0444 0.0066
vn -0.9989 -0.0455 -0.0070
vn -0.9990 -0.0449 -0.0068
vn -0.9990 -0.0436 -0.0096
vn -0.9989 -0.0455 -0.0074
vn -0.9989 -0.0456 -0.0071
vn 0.9956 0.0872 0.0332
vn -0.9960 -0.0840 -0.0307
vn -0.9983 -0.0562 0.0141
vn -0.9989 -0.0462 0.0006
vn 0.9688 0.1979 0.1492
vn -0.9828 -0.1561 -0.0991
vn -0.9828 -0.1554 -0.0995
vn -0.9814 -0.1608 -0.1049
vn 0.3763 0.5506 0.7451
vn -0.6952 0.2682 0.6669
vn -0.9072 -0.3060 -0.2887
vn -0.9077 -0.3052 -0.2880
vn -0.9081 -0.3028 -0.2891
vn -0.8935 -0.3210 -0.3140
vn -0.7121 0.2693 0.6484
vn -0.9554 -0.2712 -0.1166
vn -0.6757 -0.4802 -0.5593
vn -0.9707 -0.1594 0.1797
vn -0.9392 -0.0752 0.3349
vn -0.9393 -0.0752 0.3348
vn -0.9661 -0.2571 0.0228
vn -0.7485 -0.5015 -0.4339
vn -0.8971 -0.0519 0.4388
vn -0.9141 -0.4023 -0.0498
vn -0.9144 -0.4019 -0.0491
vn -0.9203 -0.3869 -0.0585
vn -0.9205 -0.3862 -0.0585
vn -0.8163 -0.5086 -0.2737
vn -0.9243 -0.2463 0.2915
vn -0.8042 -0.5544 -0.2144
vn -0.8040 -0.5545 -0.2147
vn -0.8944 -0.4222 0.1476
vn -0.9148 -0.3850 0.1219
vn -0.8984 -0.3119 0.3092
vn -0.8036 -0.5829 -0.1200
vn -0.7824 -0.6166 -0.0877
vn -0.8105 -0.5764 -0.1044
vn -0.8657 -0.4329 0.2512
vn -0.8170 -0.5738 0.0572
vn -0.8300 -0.5560 0.0448
vn -0.7464 -0.6530 -0.1282
vn -0.7461 -0.6533 -0.1288
vn -0.8248 -0.4868 0.2876
vn -0.7253 -0.6870 -0.0443
vn -0.7254 -0.6869 -0.0441
vn -0.7011 -0.7130 -0.0027
vn -0.7011 -0.7131 -0.0026
vn -0.7848 -0.6031 0.1429
vn -0.7557 -0.5733 0.3168
vn -0.7486 -0.6463 0.1479
vn -0.6688 -0.7428 -0.0308
vn -0.7121 -0.6496 0.2663
vn -0.6793 -0.6983 0.2256
vn -0.7018 -0.6802 0.2116
vn -0.6184 -0.7858 0.0129
vn -0.5382 -0.8391 -0.0790
vn -0.6911 -0.6603 0.2938
vn -0.6460 -0.7158 0.2652
vn -0.5617 -0.8260 0.0473
vn -0.5234 -0.8489 0.0739
vn -0.5638 -0.8242 0.0536
vn -0.5638 -0.8242 0.0535
vn -0.5755 -0.7705 0.2740
vn -0.5101 -0.8514 0.1226
vn -0.5357 -0.8371 0.1111
vn -0.4137 -0.9097 -0.0366
vn -0.5605 -0.7421 0.3676
vn -0.4485 -0.8690 0.2088
vn -0.4815 -0.8541 0.1964
vn -0.4103 -0.9101 0.0584
vn -0.4154 -0.8632 0.2869
vn -0.4613 -0.8448 0.2713
vn -0.3841 -0.8615 0.3321
vn -0.4085 -0.8782 0.2487
vn -0.3287 -0.9424 0.0624
vn -0.2578 -0.9654 -0.0383
vn -0.3516 -0.9224 0.1595
vn -0.3517 -0.9224 0.1595
vn -0.3240 -0.8983 0.2968
vn -0.2370 -0.9711 0.0271
vn -0.2719 -0.9621 0.0195
vn -0.1908 -0.9811 0.0321
vn -0.2381 -0.9707 0.0322
vn -0.2281 -0.9278 0.2953
vn -0.1615 -0.9849 0.0624
vn -0.1952 -0.9791 0.0574
vn -0.1488 -0.9887 -0.0154
vn -0.1326 -0.9511 0.2789
vn -0.0859 -0.9936 0.0728
vn -0.0860 -0.9936 0.0729
vn -0.1145 -0.9909 0.0705
vn -0.0733 -0.9960 -0.0508
vn -0.0436 -0.9605 0.2749
vn -0.0134 -0.9872 0.1587
vn -0.0351 -0.9993 0.0097
vn -0.0095 -0.9954 -0.0956
vn -0.0094 -0.9954 -0.0956
vn 0.0507 -0.9362 0.3478
vn 0.0748 -0.9694 0.2337
vn 0.1466 -0.9827 0.1127
vn 0.1412 -0.9564 0.2558
vn 0.0548 -0.9977 -0.0390
vn 0.0419 -0.9961 0.0779
vn 0.0418 -0.9961 0.0779
vn 0.1466 -0.9827 0.1128
vn 0.1174 -0.9930 0.0123
vn 0.1333 -0.9909 0.0186
vn 0.2305 -0.9417 0.2452
vn 0.2395 -0.9587 0.1538
vn 0.2184 -0.9630 0.1578
vn 0.2215 -0.9734 0.0587
vn 0.2058 -0.9756 0.0763
vn 0.2553 -0.9650 -0.0601
vn 0.4072 -0.8739 0.2654
vn 0.2708 -0.8941 0.3568
vn 0.3445 -0.9094 0.2329
vn 0.3186 -0.9171 0.2395
vn 0.3091 -0.9485 0.0689
vn 0.3926 -0.8996 0.1912
vn 0.3429 -0.9121 0.2248
vn 0.9996 -0.0291 -0.0000
vn 1.0000 -0.0066 -0.0000
vn 0.9999 -0.0142 -0.0000
vn -1.0000 -0.0063 -0.0000
vn -0.9999 -0.0148 -0.0000
vn -0.9996 -0.0293 -0.0001
vn 0.9998 -0.0184 -0.0006
vn 1.0000 0.0024 -0.0041
vn 1.0000 0.0070 -0.0048
vn 0.3669 -0.9245 -0.1035
vn 0.3668 -0.9244 -0.1042
vn 0.3663 -0.9245 -0.1057
vn 0.5719 -0.8203 0.0066
vn 0.5719 -0.8203 0.0065
vn 0.5401 -0.8413 0.0230
vn 0.4757 -0.8548 -0.2074
vn 0.4680 -0.8701 -0.1547
vn 0.5301 -0.8419 0.1007
vn 0.5608 -0.8235 0.0859
vn 0.5615 -0.7978 0.2196
vn 0.4249 -0.9021 0.0756
vn 0.4185 -0.9082 -0.0033
vn 0.3896 -0.9202 -0.0387
vn 0.4046 -0.9134 -0.0443
vn 0.4047 -0.9134 -0.0443
vn 0.6178 -0.7090 0.3399
vn 0.6441 -0.7648 -0.0141
vn 0.6220 -0.7820 -0.0414
vn 0.6131 -0.7851 -0.0880
vn 0.6042 -0.7926 -0.0822
vn 0.5627 -0.8045 -0.1900
vn 0.7457 -0.6531 0.1324
vn 0.6418 -0.7266 -0.2454
vn 0.4524 -0.7834 -0.4263
vn 0.7329 -0.6780 -0.0569
vn 0.7709 -0.5818 0.2590
vn 0.7006 -0.6946 0.1634
vn 0.7005 -0.6947 0.1634
vn 0.6462 -0.7281 -0.2286
vn 0.6747 -0.7133 -0.1897
vn 0.6948 -0.7055 -0.1397
vn 0.8644 -0.4551 0.2135
vn 0.8760 -0.4669 0.1206
vn 0.8548 -0.4989 0.1431
vn 0.5550 -0.6804 -0.4786
vn 0.5331 -0.7080 -0.4631
vn 0.4944 -0.6712 -0.5522
vn 0.5651 -0.6794 -0.4679
vn 0.5738 -0.6654 -0.4775
vn 0.8636 -0.5006 0.0606
vn 0.9153 -0.4002 0.0455
vn 0.8822 -0.4552 -0.1202
vn 0.8823 -0.4551 -0.1203
vn 0.8461 -0.5077 -0.1625
vn 0.3414 -0.6126 -0.7128
vn 0.4017 -0.5983 -0.6933
vn 0.4018 -0.5982 -0.6933
vn 0.4253 -0.6158 -0.6632
vn 0.7568 -0.5276 -0.3860
vn 0.6838 0.1725 0.7089
vn 0.6728 -0.5045 -0.5411
vn 0.6557 -0.5653 -0.5005
vn 0.5211 -0.5409 -0.6602
vn 0.4234 -0.5584 -0.7134
vn 0.2554 0.4858 0.8360
vn 0.3017 -0.5569 -0.7739
vn 0.2604 -0.5562 -0.7892
vn 0.2603 -0.5562 -0.7893
vn 0.2590 -0.5613 -0.7860
vn 0.1740 -0.5471 -0.8188
vn 0.9768 -0.1872 -0.1041
vn 0.9016 -0.3290 -0.2809
vn 0.8485 -0.3640 -0.3840
vn 0.8795 -0.3318 -0.3412
vn 0.8795 -0.3317 -0.3413
vn 0.9189 -0.2914 -0.2660
vn -0.9668 0.2032 0.1549
vn 0.9705 0.1533 0.1858
vn 0.9643 0.1366 0.2270
vn 0.9935 -0.1041 -0.0462
vn -0.9961 0.0833 0.0303
vn -0.9868 0.1565 0.0422
vn -0.9868 0.1561 0.0426
vn 0.9993 -0.0370 0.0036
vn 0.9991 -0.0413 -0.0045
vn 0.9993 -0.0376 -0.0041
vn 0.9994 -0.0346 -0.0024
vn 0.9994 -0.0345 -0.0029
vn 0.9995 -0.0319 -0.0014
vn 1.0000 -0.0063 -0.0029
vn 1.0000 -0.0066 -0.0029
vn 1.0000 -0.0052 -0.0006
vn 0.9999 -0.0145 -0.0004
vn 0.9999 -0.0145 -0.0001
vn 0.9999 -0.0172 -0.0002
vn -0.9997 0.0236 0.0004
vn 0.9984 -0.0555 -0.0093
vn 0.9984 -0.0558 -0.0094
vn -0.0000 -0.9950 -0.0998
vn -0.0699 -0.9684 -0.2396
vn 0.0030 -0.9062 -0.4229
vn 0.0008 -0.9709 -0.2395
vn 0.0221 -0.9060 -0.4228
vn 0.0195 -0.9707 -0.2394
vn 0.0664 -0.9043 -0.4216
vn -0.0683 -0.7465 -0.6619
vn -0.0278 -0.6361 -0.7711
vn -0.0292 -0.7481 -0.6629
vn 0.0439 -0.6364 -0.7701
vn -0.0548 -0.3523 -0.9343
vn -0.0334 -0.2470 -0.9684
vn -0.0341 -0.3531 -0.9350
vn -0.0228 -0.2473 -0.9687
vn 0.0708 -0.3530 -0.9330
vn -0.0000 -0.0673 -0.9977
vn -0.0620 -0.7352 0.6750
vn 0.0630 -0.2566 0.9645
vn 0.0160 -0.3571 0.9339
vn 0.0152 -0.2567 0.9664
vn 0.0057 -0.3571 0.9340
vn 0.0050 -0.2566 0.9665
vn -0.0841 -0.3546 0.9312
vn -0.0000 -0.0780 0.9970
vn -0.0005 -0.6760 0.7369
vn -0.0000 -0.7371 0.6758
vn 0.0573 -0.6752 0.7354
vn -0.0595 -0.9665 0.2496
vn -0.0155 -0.9414 0.3370
vn -0.0150 -0.9682 0.2496
vn -0.0000 -0.9988 0.0499
vn 0.0495 -0.9672 0.2492
vn -0.0068 -0.9415 0.3370
vn -0.0068 -0.9414 0.3372
vn 0.9990 -0.0011 0.0449
vn 0.9844 -0.0024 0.1761
vn 0.9519 -0.0067 0.3063
vn 0.9511 -0.0067 0.3087
vn 0.8390 -0.0088 0.5440
vn 0.7474 -0.0131 0.6643
vn 0.7465 -0.0131 0.6653
vn 0.5497 -0.0136 0.8352
vn 0.3094 -0.0191 0.9508
vn 0.1976 -0.0195 0.9801
vn 0.3074 -0.0167 0.9514
vn 0.9835 -0.0437 0.1756
vn 0.1919 -0.2532 0.9482
vn 0.4865 -0.2282 0.8434
vn 0.8360 -0.3162 0.4484
vn -0.3558 -0.6296 0.6907
vn 0.5944 -0.4585 0.6606
vn 0.5469 -0.4766 0.6882
vn 0.5454 -0.4770 0.6892
vn 0.8366 -0.3155 0.4478
vn 0.8382 -0.1196 0.5321
vn 0.8339 -0.1200 0.5387
vn 0.2586 -0.9649 0.0461
vn -0.0570 -0.9773 0.2043
vn 0.2539 -0.9469 0.1972
vn 0.5402 -0.8270 0.1559
vn 0.6993 -0.6994 0.1478
vn 0.8326 -0.5416 0.1155
vn 0.7019 -0.7019 0.1211
vn 0.5899 -0.7619 0.2675
vn 0.5899 -0.7618 0.2677
vn 0.5898 -0.7620 0.2676
vn 0.9017 -0.3305 0.2787
vn 0.9924 -0.0772 0.0961
vn 0.8845 -0.1716 0.4338
vn 0.9979 -0.0058 0.0650
vn 0.9929 -0.0961 0.0706
vn 0.9557 -0.2871 0.0654
vn 0.9644 -0.2586 0.0561
vn 0.4863 -0.2280 0.8435
vn 0.4597 -0.1917 0.8671
vn 0.5478 -0.1811 0.8168
vn 0.5421 -0.1810 0.8206
vn 0.8959 -0.3764 0.2359
vn 0.8332 -0.4671 0.2959
vn 0.8337 -0.4664 0.2956
vn 0.5433 -0.7053 0.4554
vn 0.5434 -0.7053 0.4552
vn -0.1950 -0.8193 0.5391
vn 0.5979 -0.5454 0.5874
vn 0.2585 -0.9660 -0.0000
vn 0.2587 -0.9660 -0.0000
vn 0.2592 -0.9658 -0.0000
vn 0.2591 -0.9658 -0.0000
vn 0.7070 -0.7072 -0.0000
vn 0.7072 -0.7070 -0.0000
vn 0.7073 -0.7069 -0.0000
vn 0.9654 -0.2609 -0.0000
vn 0.9659 -0.2591 -0.0005
vn 0.9660 -0.2584 -0.0000
vn 0.9646 -0.2579 -0.0558
vn 0.2518 -0.9401 -0.2299
vn 0.4676 -0.8590 -0.2083
vn 0.9638 -0.2605 -0.0563
vn 0.8338 -0.4659 -0.2961
vn 0.8383 -0.1206 -0.5318
vn -0.3438 -0.7011 -0.6247
vn 0.5920 -0.6769 -0.4375
vn 0.5426 -0.7050 -0.4567
vn 0.5434 -0.7045 -0.4564
vn 0.8333 -0.4665 -0.2967
vn 0.8326 -0.5416 -0.1155
vn 0.7020 -0.7018 -0.1211
vn 0.1973 -0.0675 -0.9780
vn -0.0972 -0.2120 -0.9724
vn 0.5478 -0.1813 -0.8168
vn 0.5420 -0.1811 -0.8206
vn 0.8420 -0.1185 -0.5264
vn 0.6073 -0.2852 -0.7415
vn 0.6074 -0.2855 -0.7413
vn 0.6075 -0.2852 -0.7413
vn 0.9036 -0.2962 -0.3095
vn 0.9911 -0.1161 -0.0649
vn 0.8833 -0.4431 -0.1530
vn 0.9954 -0.0955 -0.0033
vn 0.9938 -0.0822 -0.0747
vn 0.9583 -0.0781 -0.2750
vn 0.9836 -0.0436 -0.1751
vn 0.4676 -0.8591 -0.2080
vn 0.4483 -0.8752 -0.1816
vn 0.5417 -0.8231 -0.1704
vn 0.2554 -0.9542 -0.1556
vn 0.6994 -0.6993 -0.1477
vn 0.8991 -0.2537 -0.3569
vn 0.8366 -0.3150 -0.4483
vn 0.8360 -0.3153 -0.4491
vn 0.5453 -0.4758 -0.6900
vn 0.5461 -0.4757 -0.6895
vn -0.1959 -0.5496 -0.8121
vn 0.5979 -0.6033 -0.5278
vn 0.1715 -0.0173 -0.9850
vn 0.5582 -0.0071 -0.8297
vn 0.9844 -0.0034 -0.1761
vn 0.1976 -0.0175 -0.9801
vn 0.5671 -0.0149 -0.8235
vn 0.5498 -0.0156 -0.8352
vn 0.5664 -0.0154 -0.8240
vn 0.8471 -0.0089 -0.5313
vn 0.8721 -0.0092 -0.4892
vn 0.8739 -0.0091 -0.4860
vn 0.9894 -0.0022 -0.1449
vn 0.1435 -0.0198 0.9895
vn 0.2590 -0.0229 0.9656
vn 0.4246 -0.0240 0.9051
vn 0.2591 -0.0210 0.9656
vn 0.4243 -0.0229 0.9052
vn 0.7068 -0.0253 0.7069
vn 0.7294 -0.0247 0.6836
vn 0.9585 -0.0217 0.2841
vn 0.9657 -0.0219 0.2588
vn 0.9996 -0.0178 0.0236
vn 0.9908 -0.1011 0.0897
vn 0.9908 -0.1012 0.0895
vn 0.9620 -0.2729 0.0120
vn 0.5397 -0.4801 0.6915
vn -0.2805 -0.3391 0.8980
vn 0.2575 -0.0793 0.9630
vn 0.4971 -0.1834 0.8481
vn 0.2517 -0.2007 0.9468
vn 0.5453 -0.1933 0.8156
vn 0.6989 -0.1515 0.6990
vn 0.8347 -0.1378 0.5332
vn 0.4614 -0.7442 0.4829
vn 0.9556 -0.2512 0.1540
vn 0.8291 -0.4718 0.3001
vn 0.8294 -0.4714 0.2998
vn 0.2486 -0.9382 0.2408
vn -0.2000 -0.9624 0.1837
vn -0.2461 -0.9383 0.2428
vn -0.2463 -0.9382 0.2432
vn -0.2805 -0.3390 0.8980
vn -0.2804 -0.3393 0.8979
vn 0.5000 -0.4932 0.7118
vn -0.3480 -0.6886 0.6362
vn -0.3479 -0.6886 0.6362
vn 0.6951 -0.7078 0.1262
vn 0.9590 -0.2701 0.0857
vn 0.8270 -0.5538 0.0971
vn 0.9416 -0.3326 0.0521
vn 0.9901 -0.1341 0.0409
vn 0.9625 -0.0863 0.2571
vn 0.9937 -0.0213 0.1099
vn 0.9639 -0.1611 0.2120
vn 0.8308 -0.3232 0.4530
vn 0.8317 -0.3223 0.4521
vn 0.5432 -0.4794 0.6893
vn 0.5391 -0.7072 0.4575
vn 0.5412 -0.7059 0.4570
vn 0.5396 -0.8248 0.1689
vn 0.2525 -0.9509 0.1791
vn 0.2561 -0.9667 -0.0000
vn 0.2568 -0.9665 -0.0000
vn 0.2564 -0.9666 -0.0000
vn 0.7007 -0.7135 -0.0000
vn 0.9625 -0.2712 -0.0000
vn 0.9622 -0.2724 0.0005
vn 0.9620 -0.2729 -0.0000
vn 0.8358 -0.1298 -0.5334
vn 0.8317 -0.3225 -0.4519
vn 0.9907 -0.1080 -0.0821
vn 0.9907 -0.1082 -0.0820
vn 0.9568 -0.1748 -0.2322
vn 0.9913 -0.0606 -0.1172
vn 0.5412 -0.7059 -0.4570
vn -0.3226 -0.8567 -0.4024
vn 0.2550 -0.9622 -0.0960
vn 0.5229 -0.8380 -0.1561
vn 0.2525 -0.9509 -0.1791
vn 0.5397 -0.8248 -0.1689
vn 0.6951 -0.7078 -0.1262
vn 0.8286 -0.5482 -0.1135
vn -0.0926 -0.2455 -0.9650
vn 0.5299 -0.1867 -0.8273
vn -0.0680 -0.2151 -0.9742
vn 0.1674 -0.2464 -0.9546
vn -0.3224 -0.8569 -0.4022
vn -0.3225 -0.8568 -0.4025
vn 0.4393 -0.7535 -0.4892
vn -0.1331 -0.6297 -0.7654
vn -0.1332 -0.5569 -0.8198
vn 0.4978 -0.5564 -0.6653
vn -0.0926 -0.2452 -0.9650
vn 0.8309 -0.3230 -0.4531
vn 0.8341 -0.1299 -0.5361
vn 0.9688 -0.0693 -0.2378
vn 0.9840 -0.0287 -0.1758
vn 0.9602 -0.2718 -0.0641
vn 0.9920 -0.1263 -0.0025
vn 0.9630 -0.2301 -0.1401
vn 0.8294 -0.4714 -0.2998
vn 0.8291 -0.4718 -0.3001
vn 0.5391 -0.7072 -0.4575
vn 0.5432 -0.4794 -0.6893
vn 0.5397 -0.4801 -0.6915
vn 0.5449 -0.1877 -0.8172
vn 0.5284 -0.1869 -0.8282
vn 0.6541 -0.4892 -0.5769
vn 0.5385 -0.0223 -0.8424
vn 0.5194 -0.0226 -0.8542
vn 0.8425 -0.0227 -0.5382
vn 0.7512 -0.0261 -0.6596
vn 0.9734 -0.0202 -0.2282
vn 0.9842 -0.0194 -0.1761
vn 0.9735 -0.0210 -0.2275
vn 0.5410 -0.0224 -0.8407
vn 0.1760 -0.0184 -0.9842
vn 0.2896 -0.0218 -0.9569
vn 0.6619 -0.7465 -0.0682
vn 0.4217 -0.9043 0.0665
vn 0.2392 -0.9708 0.0195
vn 0.4225 -0.9061 0.0220
vn 0.2396 -0.9709 0.0008
vn 0.4231 -0.9061 0.0030
vn 0.2396 -0.9684 -0.0699
vn 0.0998 -0.9950 -0.0000
vn 0.7711 -0.6361 -0.0278
vn 0.7710 -0.6362 -0.0278
vn 0.6598 -0.7461 0.0895
vn 0.9343 -0.3522 -0.0547
vn 0.9683 -0.2474 -0.0334
vn 0.9350 -0.3530 -0.0341
vn 0.9685 -0.2481 -0.0229
vn 0.9687 -0.2472 -0.0228
vn 0.9330 -0.3529 0.0708
vn 0.9977 -0.0673 -0.0000
vn -0.9970 -0.0778 -0.0000
vn -0.9312 -0.3548 -0.0842
vn -0.9665 -0.2565 0.0050
vn -0.9344 -0.3561 0.0057
vn -0.9666 -0.2557 0.0152
vn -0.9339 -0.3571 0.0160
vn -0.9644 -0.2570 0.0628
vn -0.6749 -0.7353 -0.0621
vn -0.7369 -0.6760 -0.0005
vn -0.6758 -0.7371 -0.0000
vn -0.7354 -0.6752 0.0572
vn -0.2496 -0.9665 -0.0595
vn -0.3370 -0.9414 -0.0156
vn -0.2498 -0.9682 -0.0150
vn -0.0499 -0.9988 -0.0000
vn -0.2492 -0.9672 0.0495
vn -0.3369 -0.9415 -0.0068
vn -0.3371 -0.9415 -0.0068
vn -0.0447 -0.0012 0.9990
vn -0.1765 -0.0025 0.9843
vn -0.3052 -0.0067 0.9523
vn -0.3059 -0.0067 0.9520
vn -0.5439 -0.0088 0.8391
vn -0.6652 -0.0132 0.7465
vn -0.6661 -0.0132 0.7457
vn -0.8269 -0.0136 0.5623
vn -0.9505 -0.0192 0.3100
vn -0.9801 -0.0196 0.1975
vn -0.9514 -0.0167 0.3074
vn -0.1756 -0.0437 0.9835
vn -0.9482 -0.2532 0.1918
vn -0.8435 -0.2284 0.4862
vn -0.4487 -0.3165 0.8358
vn -0.6909 -0.6298 -0.3550
vn -0.6601 -0.4580 0.5954
vn -0.6888 -0.4768 0.5460
vn -0.6891 -0.4769 0.5456
vn -0.4484 -0.3161 0.8361
vn -0.5329 -0.1197 0.8376
vn -0.5386 -0.1200 0.8340
vn -0.0461 -0.9649 0.2584
vn -0.2043 -0.9772 -0.0571
vn -0.1972 -0.9470 0.2537
vn -0.1558 -0.8267 0.5406
vn -0.1478 -0.6993 0.6994
vn -0.1155 -0.5418 0.8325
vn -0.1211 -0.7020 0.7018
vn -0.2676 -0.7620 0.5897
vn -0.2678 -0.7619 0.5898
vn -0.2675 -0.7620 0.5898
vn -0.2777 -0.3295 0.9024
vn -0.0955 -0.0768 0.9925
vn -0.4322 -0.1709 0.8854
vn -0.0652 -0.0058 0.9979
vn -0.0703 -0.0956 0.9929
vn -0.0652 -0.2864 0.9559
vn -0.0561 -0.2583 0.9644
vn -0.8438 -0.2273 0.4862
vn -0.8679 -0.1902 0.4589
vn -0.8172 -0.1791 0.5478
vn -0.8127 -0.1792 0.5545
vn -0.2354 -0.3760 0.8962
vn -0.2960 -0.4672 0.8331
vn -0.2958 -0.4667 0.8335
vn -0.4552 -0.7050 0.5438
vn -0.4554 -0.7059 0.5426
vn -0.5391 -0.8194 -0.1949
vn -0.5869 -0.5449 0.5988
vn 0.0002 -0.2588 0.9659
vn -0.0000 -0.9659 0.2587
vn -0.0000 -0.9659 0.2588
vn -0.0000 -0.9659 0.2591
vn -0.0000 -0.7073 0.7069
vn -0.0000 -0.7070 0.7072
vn 0.0001 -0.2590 0.9659
vn 0.0004 -0.2586 0.9660
vn 0.0354 -0.1948 0.9802
vn 0.2338 -0.9536 0.1896
vn 0.2079 -0.8592 0.4676
vn 0.2965 -0.4662 0.8335
vn 0.5326 -0.1208 0.8377
vn 0.6248 -0.7013 -0.3432
vn 0.4378 -0.6774 0.5911
vn 0.4565 -0.7047 0.5432
vn 0.4564 -0.7044 0.5436
vn 0.2967 -0.4667 0.8332
vn 0.1049 -0.5455 0.8315
vn 0.1047 -0.5403 0.8349
vn 0.9780 -0.0676 0.1972
vn 0.9729 -0.2137 -0.0884
vn 0.8166 -0.1792 0.5487
vn 0.8127 -0.1793 0.5545
vn 0.5264 -0.1184 0.8420
vn 0.7417 -0.2853 0.6070
vn 0.7415 -0.2857 0.6071
vn 0.7417 -0.2852 0.6071
vn 0.3102 -0.2961 0.9034
vn 0.0646 -0.1157 0.9912
vn 0.1527 -0.4422 0.8838
vn 0.0033 -0.0956 0.9954
vn 0.0739 -0.0818 0.9939
vn 0.2736 -0.0775 0.9587
vn 0.1755 -0.0438 0.9835
vn 0.2083 -0.8591 0.4676
vn 0.1730 -0.8803 0.4417
vn 0.1609 -0.8254 0.5411
vn 0.1611 -0.8206 0.5484
vn 0.3575 -0.2541 0.8987
vn 0.4490 -0.3154 0.8360
vn 0.4495 -0.3157 0.8356
vn 0.6895 -0.4755 0.5463
vn 0.6893 -0.4755 0.5466
vn 0.8121 -0.5494 -0.1963
vn 0.5280 -0.6034 0.5976
vn 0.9858 -0.0173 0.1668
vn 0.8339 -0.0074 0.5518
vn 0.1764 -0.0035 0.9843
vn 0.9802 -0.0176 0.1975
vn 0.8280 -0.0154 0.5606
vn 0.8268 -0.0154 0.5623
vn 0.8260 -0.0154 0.5635
vn 0.5314 -0.0090 0.8471
vn 0.4972 -0.0092 0.8676
vn 0.5009 -0.0093 0.8654
vn 0.1497 -0.0024 0.9887
vn -0.9893 -0.0198 0.1442
vn -0.9659 -0.0229 0.2580
vn -0.9047 -0.0240 0.4254
vn -0.9651 -0.0211 0.2610
vn -0.9052 -0.0229 0.4244
vn -0.7069 -0.0253 0.7069
vn -0.6833 -0.0246 0.7298
vn -0.2846 -0.0217 0.9584
vn -0.2589 -0.0219 0.9657
vn -0.0259 -0.0179 0.9995
vn -0.0893 -0.1008 0.9909
vn -0.0892 -0.1007 0.9909
vn -0.0122 -0.2728 0.9620
vn -0.6913 -0.4799 0.5402
vn -0.8977 -0.3392 -0.2812
vn -0.9633 -0.0790 0.2566
vn -0.8482 -0.1834 0.4969
vn -0.9463 -0.2006 0.2537
vn -0.8153 -0.1933 0.5458
vn -0.6990 -0.1514 0.6989
vn -0.5337 -0.1379 0.8344
vn -0.4829 -0.7444 0.4611
vn -0.1536 -0.2507 0.9558
vn -0.3002 -0.4725 0.8287
vn -0.2997 -0.4712 0.8296
vn -0.2408 -0.9382 0.2484
vn -0.1837 -0.9624 -0.2002
vn -0.2433 -0.9382 -0.2462
vn -0.2432 -0.9382 -0.2462
vn -0.8983 -0.3383 -0.2804
vn -0.8980 -0.3391 -0.2805
vn -0.7120 -0.4933 0.4996
vn -0.6360 -0.6885 -0.3487
vn -0.6360 -0.6884 -0.3486
vn -0.1262 -0.7076 0.6953
vn -0.0859 -0.2723 0.9584
vn -0.0971 -0.5535 0.8272
vn -0.0522 -0.3323 0.9417
vn -0.0409 -0.1342 0.9901
vn -0.2572 -0.0864 0.9625
vn -0.1093 -0.0211 0.9938
vn -0.2113 -0.1606 0.9641
vn -0.4535 -0.3234 0.8305
vn -0.4526 -0.3227 0.8313
vn -0.6889 -0.4790 0.5440
vn -0.4573 -0.7069 0.5397
vn -0.4569 -0.7058 0.5413
vn -0.1689 -0.8247 0.5398
vn -0.1790 -0.9510 0.2522
vn -0.0000 -0.9667 0.2560
vn -0.0000 -0.9666 0.2564
vn -0.0000 -0.9666 0.2562
vn -0.0000 -0.7133 0.7008
vn -0.0000 -0.7132 0.7010
vn -0.0000 -0.2729 0.9620
vn 0.0001 -0.2728 0.9621
vn -0.0000 -0.2728 0.9621
vn 0.5338 -0.1299 0.8356
vn 0.4525 -0.3228 0.8313
vn 0.0820 -0.1080 0.9908
vn 0.0820 -0.1081 0.9908
vn 0.2318 -0.1745 0.9570
vn 0.1170 -0.0606 0.9913
vn 0.4570 -0.7058 0.5413
vn 0.4026 -0.8566 -0.3228
vn 0.0960 -0.9622 0.2548
vn 0.1561 -0.8380 0.5229
vn 0.1790 -0.9510 0.2522
vn 0.1689 -0.8247 0.5398
vn 0.1262 -0.7076 0.6953
vn 0.1134 -0.5479 0.8288
vn 0.9648 -0.2460 -0.0933
vn 0.8288 -0.1874 0.5273
vn 0.9743 -0.2149 -0.0681
vn 0.9546 -0.2463 0.1675
vn 0.4019 -0.8570 -0.3226
vn 0.4025 -0.8567 -0.3226
vn 0.4893 -0.7535 0.4391
vn 0.7653 -0.6299 -0.1328
vn 0.8198 -0.5570 -0.1329
vn 0.6656 -0.5567 0.4971
vn 0.9649 -0.2456 -0.0933
vn 0.4536 -0.3233 0.8305
vn 0.5366 -0.1300 0.8338
vn 0.2511 -0.0701 0.9654
vn 0.1917 -0.0297 0.9810
vn 0.0643 -0.2723 0.9601
vn 0.0025 -0.1262 0.9920
vn 0.1398 -0.2299 0.9631
vn 0.2995 -0.4712 0.8296
vn 0.3004 -0.4722 0.8287
vn 0.4575 -0.7072 0.5391
vn 0.6894 -0.4794 0.5431
vn 0.6912 -0.4800 0.5402
vn 0.8169 -0.1876 0.5454
vn 0.8282 -0.1868 0.5283
vn 0.5751 -0.4904 0.6548
vn 0.8424 -0.0223 0.5384
vn 0.8538 -0.0226 0.5201
vn 0.5387 -0.0227 0.8422
vn 0.6605 -0.0260 0.7504
vn 0.2277 -0.0204 0.9735
vn 0.1918 -0.0199 0.9812
vn 0.2279 -0.0210 0.9735
vn 0.8430 -0.0223 0.5375
vn 0.9842 -0.0184 0.1761
vn 0.9566 -0.0218 0.2905
vn -0.0000 -0.0000 -1.0000
vn -0.9970 -0.0000 -0.0778
vn -0.9312 0.0842 -0.3547
vn -0.9665 -0.0050 -0.2565
vn -0.9344 -0.0057 -0.3562
vn -0.9661 -0.0150 -0.2576
vn -0.9339 -0.0155 -0.3571
vn -0.9646 -0.0630 -0.2563
vn -0.6749 0.0621 -0.7353
vn -0.7369 0.0005 -0.6760
vn -0.6758 -0.0000 -0.7371
vn -0.7354 -0.0572 -0.6752
vn -0.2496 0.0595 -0.9665
vn -0.3371 0.0155 -0.9414
vn -0.2499 0.0153 -0.9682
vn -0.0499 -0.0000 -0.9988
vn -0.2492 -0.0495 -0.9672
vn -0.3370 0.0069 -0.9415
vn -0.3365 0.0068 -0.9417
vn 0.0997 -0.0000 -0.9950
vn 0.2396 0.0699 -0.9684
vn 0.4231 -0.0031 -0.9061
vn 0.2401 -0.0008 -0.9708
vn 0.4227 -0.0215 -0.9060
vn 0.2391 -0.0195 -0.9708
vn 0.4216 -0.0665 -0.9043
vn 0.6619 0.0682 -0.7465
vn 0.7710 0.0278 -0.6362
vn 0.6629 0.0291 -0.7481
vn 0.7701 -0.0440 -0.6364
vn 0.9343 0.0547 -0.3523
vn 0.9683 0.0337 -0.2474
vn 0.9353 0.0340 -0.3523
vn 0.9685 0.0229 -0.2480
vn 0.9687 0.0228 -0.2472
vn 0.9330 -0.0708 -0.3529
vn 0.9977 -0.0000 -0.0673
vn -0.0997 -0.0000 -0.9950
vn -0.2396 -0.0699 -0.9684
vn -0.4231 0.0031 -0.9061
vn -0.2401 0.0008 -0.9708
vn -0.4227 0.0215 -0.9060
vn -0.2391 0.0195 -0.9708
vn -0.4215 0.0665 -0.9044
vn -0.6619 -0.0684 -0.7465
vn -0.7714 -0.0279 -0.6357
vn -0.6629 -0.0291 -0.7481
vn -0.7700 0.0439 -0.6365
vn -0.9343 -0.0548 -0.3523
vn -0.9686 -0.0337 -0.2464
vn -0.9353 -0.0340 -0.3523
vn -0.9685 -0.0229 -0.2480
vn -0.9687 -0.0228 -0.2472
vn -0.9330 0.0708 -0.3529
vn -0.9977 -0.0000 -0.0673
vn 0.9970 -0.0000 -0.0778
vn 0.9312 -0.0842 -0.3548
vn 0.9665 0.0050 -0.2565
vn 0.9344 0.0057 -0.3562
vn 0.9661 0.0150 -0.2576
vn 0.9339 0.0155 -0.3571
vn 0.9645 0.0630 -0.2563
vn 0.7365 -0.0435 -0.6751
vn 0.6757 -0.0001 -0.7371
vn 0.6758 -0.0001 -0.7371
vn 0.7354 0.0573 -0.6752
vn 0.2496 -0.0595 -0.9665
vn 0.3371 -0.0155 -0.9414
vn 0.2498 -0.0153 -0.9682
vn 0.0499 -0.0000 -0.9988
vn 0.2492 0.0495 -0.9672
vn 0.3370 -0.0069 -0.9415
vn 0.3365 -0.0068 -0.9417
vn -0.9852 0.1704 -0.0173
vn -0.8227 0.5684 -0.0068
vn -0.1766 0.9843 -0.0035
vn -0.9802 0.1974 -0.0175
vn -0.8235 0.5671 -0.0153
vn -0.8266 0.5625 -0.0155
vn -0.8233 0.5674 -0.0155
vn -0.5439 0.8391 -0.0092
vn -0.4885 0.8725 -0.0095
vn -0.4891 0.8722 -0.0094
vn -0.1451 0.9894 -0.0022
vn -0.4551 0.5438 -0.7051
vn -0.1706 0.5422 -0.8227
vn -0.1554 0.2557 -0.9542
vn -0.2298 0.2520 -0.9400
vn -0.1819 0.4473 -0.8757
vn -0.2088 0.4663 -0.8596
vn -0.2078 0.4663 -0.8599
vn -0.7401 0.6093 -0.2845
vn -0.8117 -0.1923 -0.5515
vn -0.5278 0.5981 -0.6031
vn -0.8172 0.5478 -0.1791
vn -0.1211 0.7016 -0.7022
vn -0.0557 0.9644 -0.2584
vn -0.0561 0.9644 -0.2583
vn -0.0072 0.9941 -0.1081
vn -0.1148 0.9467 -0.3010
vn -0.0638 0.9913 -0.1149
vn -0.3081 0.9055 -0.2919
vn -0.3532 0.9010 -0.2519
vn -0.0766 0.9936 -0.0836
vn -0.2775 0.9575 -0.0786
vn -0.9780 0.1972 -0.0676
vn -0.9730 -0.0879 -0.2135
vn -0.7397 0.6099 -0.2845
vn -0.7400 0.6097 -0.2841
vn -0.6895 0.5453 -0.4767
vn -0.6888 0.5460 -0.4769
vn -0.4556 0.5425 -0.7058
vn -0.4363 0.5921 -0.6775
vn -0.6220 -0.3547 -0.6981
vn -0.5382 0.8341 -0.1210
vn -0.8128 0.5543 -0.1791
vn -0.1754 0.9835 -0.0437
vn -0.5334 0.8375 -0.1189
vn -0.4482 0.8361 -0.3162
vn -0.4483 0.8360 -0.3164
vn -0.2957 0.8335 -0.4666
vn -0.2960 0.8331 -0.4673
vn -0.1156 0.8324 -0.5420
vn -0.1477 0.6993 -0.6994
vn -0.0000 0.9659 -0.2588
vn -0.0000 0.2588 -0.9659
vn -0.0000 0.2589 -0.9659
vn -0.0000 0.7072 -0.7070
vn -0.0000 0.7070 -0.7072
vn -0.0000 0.7069 -0.7073
vn -0.0000 0.7068 -0.7075
vn -0.0000 0.9659 -0.2589
vn 0.0006 0.9659 -0.2587
vn -0.0000 0.9659 -0.2587
vn 0.1970 0.2537 -0.9470
vn 0.6898 0.5462 -0.4752
vn 0.8164 0.5490 -0.1792
vn 0.9483 0.1915 -0.2530
vn 0.8684 0.4577 -0.1908
vn 0.8442 0.4846 -0.2291
vn 0.8443 0.4849 -0.2279
vn 0.2670 0.5922 -0.7603
vn 0.5409 -0.1912 -0.8191
vn 0.5869 0.5990 -0.5448
vn 0.0559 0.9644 -0.2584
vn 0.5262 0.8419 -0.1195
vn 0.1760 0.9834 -0.0437
vn 0.0666 0.9978 -0.0061
vn 0.4085 0.8978 -0.1645
vn 0.0947 0.9926 -0.0760
vn 0.2737 0.9044 -0.3274
vn 0.2327 0.8989 -0.3713
vn 0.0721 0.9925 -0.0984
vn 0.0660 0.9549 -0.2894
vn 0.0461 0.2586 -0.9649
vn 0.2041 -0.0565 -0.9773
vn 0.2666 0.5924 -0.7603
vn 0.2668 0.5923 -0.7603
vn 0.1476 0.6993 -0.6994
vn 0.1557 0.5404 -0.8268
vn 0.4568 0.5433 -0.7043
vn 0.4562 0.5433 -0.7048
vn 0.6889 0.5470 -0.4757
vn 0.6609 0.5955 -0.4568
vn 0.6877 -0.3668 -0.6265
vn 0.1212 0.7016 -0.7022
vn 0.1156 0.8326 -0.5417
vn 0.2969 0.8332 -0.4665
vn 0.2961 0.8336 -0.4664
vn 0.4497 0.8355 -0.3158
vn 0.4489 0.8360 -0.3154
vn 0.5323 0.8380 -0.1199
vn 0.8128 0.5543 -0.1792
vn 0.0443 0.9990 -0.0012
vn 0.1755 0.9845 -0.0025
vn 0.3067 0.9518 -0.0066
vn 0.3062 0.9519 -0.0066
vn 0.5313 0.8472 -0.0084
vn 0.6647 0.7470 -0.0131
vn 0.6641 0.7475 -0.0131
vn 0.8269 0.5622 -0.0136
vn 0.9513 0.3078 -0.0192
vn 0.9801 0.1975 -0.0196
vn 0.9515 0.3073 -0.0167
vn -0.5773 0.6539 -0.4891
vn -0.8425 0.5382 -0.0223
vn -0.8544 0.5192 -0.0226
vn -0.5386 0.8422 -0.0227
vn -0.6597 0.7511 -0.0261
vn -0.2259 0.9739 -0.0201
vn -0.1763 0.9841 -0.0194
vn -0.2272 0.9736 -0.0210
vn -0.8436 0.5366 -0.0223
vn -0.9842 0.1762 -0.0185
vn -0.9566 0.2906 -0.0218
vn -0.5338 0.8356 -0.1298
vn -0.8279 0.5288 -0.1872
vn -0.4527 0.8311 -0.3229
vn -0.0818 0.9908 -0.1079
vn -0.0817 0.9908 -0.1080
vn -0.2327 0.9567 -0.1745
vn -0.1173 0.9912 -0.0606
vn -0.4569 0.5412 -0.7060
vn -0.8195 -0.1343 -0.5571
vn -0.6650 0.4980 -0.5565
vn -0.0959 0.2549 -0.9622
vn -0.1561 0.5229 -0.8380
vn -0.1787 0.2523 -0.9510
vn -0.1690 0.5396 -0.8248
vn -0.1263 0.6953 -0.7076
vn -0.1133 0.8289 -0.5479
vn -0.0403 0.9612 -0.2729
vn -0.9546 0.1675 -0.2463
vn -0.9743 -0.0681 -0.2149
vn -0.9648 -0.0932 -0.2458
vn -0.9651 -0.0933 -0.2446
vn -0.4026 -0.3228 -0.8566
vn -0.4021 -0.3229 -0.8568
vn -0.5215 -0.3199 -0.7910
vn -0.3311 0.6106 -0.7194
vn -0.7655 -0.1339 -0.6293
vn -0.4533 0.8307 -0.3232
vn -0.5362 0.8340 -0.1299
vn -0.2384 0.9687 -0.0693
vn -0.1745 0.9842 -0.0284
vn -0.0644 0.9601 -0.2723
vn -0.0126 0.9909 -0.1341
vn -0.1399 0.9631 -0.2299
vn -0.2993 0.8297 -0.4712
vn -0.3007 0.8285 -0.4723
vn -0.4573 0.5399 -0.7067
vn -0.6889 0.5441 -0.4790
vn -0.6917 0.5400 -0.4795
vn -0.8170 0.5452 -0.1876
vn -0.8282 0.5284 -0.1868
vn -0.0000 0.9621 -0.2729
vn -0.0000 0.9620 -0.2729
vn -0.0000 0.9620 -0.2730
vn -0.0000 0.9620 -0.2732
vn -0.0000 0.7008 -0.7133
vn -0.0000 0.2563 -0.9666
vn -0.0000 0.2562 -0.9666
vn -0.0000 0.2560 -0.9667
vn 0.0895 0.9909 -0.1008
vn 0.0896 0.9909 -0.1007
vn 0.0124 0.9620 -0.2728
vn 0.6917 0.5398 -0.4797
vn 0.8979 -0.2810 -0.3388
vn 0.4828 0.4614 -0.7443
vn 0.1537 0.9558 -0.2506
vn 0.2999 0.8287 -0.4726
vn 0.3000 0.8295 -0.4711
vn 0.9633 0.2566 -0.0790
vn 0.8480 0.4972 -0.1835
vn 0.9464 0.2532 -0.2003
vn 0.8153 0.5458 -0.1933
vn 0.6988 0.6991 -0.1515
vn 0.5336 0.8344 -0.1378
vn 0.2586 0.9640 -0.0618
vn 0.2407 0.2486 -0.9382
vn 0.1837 -0.2000 -0.9624
vn 0.2432 -0.2461 -0.9382
vn 0.2433 -0.2461 -0.9382
vn 0.8981 -0.2807 -0.3385
vn 0.8980 -0.2804 -0.3389
vn 0.7115 0.5001 -0.4936
vn 0.6364 -0.3475 -0.6886
vn 0.6361 -0.3478 -0.6888
vn 0.1263 0.6953 -0.7076
vn 0.0857 0.9584 -0.2722
vn 0.0972 0.8273 -0.5534
vn 0.0522 0.9417 -0.3323
vn 0.0410 0.9901 -0.1341
vn 0.2572 0.9625 -0.0864
vn 0.1172 0.9926 -0.0318
vn 0.2104 0.9644 -0.1604
vn 0.4537 0.8305 -0.3233
vn 0.4525 0.8313 -0.3228
vn 0.6893 0.5433 -0.4793
vn 0.4575 0.5394 -0.7070
vn 0.4570 0.5411 -0.7059
vn 0.1689 0.5396 -0.8248
vn 0.1787 0.2523 -0.9510
vn 0.9893 0.1444 -0.0198
vn 0.9659 0.2579 -0.0229
vn 0.9047 0.4253 -0.0240
vn 0.9651 0.2611 -0.0211
vn 0.9062 0.4222 -0.0228
vn 0.7069 0.7069 -0.0253
vn 0.6838 0.7292 -0.0247
vn 0.2570 0.9662 -0.0214
vn 0.2850 0.9583 -0.0218
vn 0.2589 0.9657 -0.0219
vn 0.0201 0.9996 -0.0179
vn 0.9852 -0.1704 -0.0173
vn 0.8241 -0.5664 -0.0068
vn 0.1764 -0.9843 -0.0035
vn 0.9800 -0.1980 -0.0175
vn 0.8235 -0.5671 -0.0149
vn 0.8355 -0.5493 -0.0156
vn 0.8241 -0.5662 -0.0154
vn 0.5314 -0.8470 -0.0090
vn 0.4892 -0.8721 -0.0092
vn 0.4867 -0.8735 -0.0091
vn 0.1446 -0.9895 -0.0022
vn 0.4552 -0.5438 -0.7050
vn 0.1706 -0.5422 -0.8227
vn 0.1555 -0.2557 -0.9542
vn 0.2299 -0.2520 -0.9400
vn 0.1818 -0.4472 -0.8758
vn 0.2088 -0.4663 -0.8596
vn 0.2080 -0.4663 -0.8599
vn 0.7398 -0.6097 -0.2846
vn 0.8118 0.1923 -0.5514
vn 0.5277 -0.5980 -0.6032
vn 0.8168 -0.5478 -0.1811
vn 0.1211 -0.7018 -0.7020
vn 0.0560 -0.9644 -0.2584
vn 0.0561 -0.9644 -0.2584
vn 0.0073 -0.9941 -0.1082
vn 0.1149 -0.9466 -0.3011
vn 0.0639 -0.9913 -0.1149
vn 0.3078 -0.9056 -0.2919
vn 0.3532 -0.9010 -0.2519
vn 0.0769 -0.9935 -0.0837
vn 0.2768 -0.9577 -0.0787
vn 0.9779 -0.1977 -0.0676
vn 0.9725 0.0964 -0.2119
vn 0.7396 -0.6100 -0.2846
vn 0.7398 -0.6099 -0.2843
vn 0.6891 -0.5455 -0.4770
vn 0.6888 -0.5460 -0.4768
vn 0.4554 -0.5427 -0.7057
vn 0.4360 -0.5926 -0.6772
vn 0.6221 0.3546 -0.6980
vn 0.5264 -0.8420 -0.1183
vn 0.8209 -0.5416 -0.1810
vn 0.1758 -0.9835 -0.0437
vn 0.5325 -0.8378 -0.1207
vn 0.4482 -0.8362 -0.3161
vn 0.4488 -0.8358 -0.3164
vn 0.2956 -0.8335 -0.4668
vn 0.2963 -0.8330 -0.4673
vn 0.1155 -0.8324 -0.5420
vn 0.1478 -0.6993 -0.6994
vn -0.0000 -0.9659 -0.2588
vn -0.0000 -0.2588 -0.9659
vn -0.0000 -0.2589 -0.9659
vn -0.0000 -0.7072 -0.7070
vn -0.0000 -0.7070 -0.7072
vn -0.0000 -0.7069 -0.7073
vn -0.0000 -0.9659 -0.2589
vn -0.0000 -0.9659 -0.2587
vn -0.1971 -0.2537 -0.9470
vn -0.6893 -0.5465 -0.4755
vn -0.8160 -0.5489 -0.1812
vn -0.9481 -0.1922 -0.2531
vn -0.8676 -0.4586 -0.1921
vn -0.8441 -0.4848 -0.2290
vn -0.8443 -0.4849 -0.2279
vn -0.2670 -0.5922 -0.7603
vn -0.5409 0.1914 -0.8190
vn -0.5868 -0.5990 -0.5449
vn -0.0559 -0.9644 -0.2583
vn -0.5385 -0.8340 -0.1201
vn -0.1758 -0.9835 -0.0437
vn -0.0661 -0.9978 -0.0061
vn -0.4085 -0.8978 -0.1645
vn -0.0947 -0.9926 -0.0760
vn -0.2736 -0.9043 -0.3277
vn -0.2338 -0.8985 -0.3715
vn -0.0721 -0.9925 -0.0985
vn -0.0662 -0.9549 -0.2896
vn -0.0461 -0.2586 -0.9649
vn -0.2041 0.0568 -0.9773
vn -0.2669 -0.5924 -0.7601
vn -0.2665 -0.5923 -0.7604
vn -0.1477 -0.6993 -0.6994
vn -0.1557 -0.5404 -0.8269
vn -0.4564 -0.5435 -0.7045
vn -0.4565 -0.5431 -0.7048
vn -0.6895 -0.5464 -0.4754
vn -0.6606 -0.5960 -0.4565
vn -0.6876 0.3669 -0.6266
vn -0.1210 -0.7017 -0.7021
vn -0.1154 -0.8327 -0.5416
vn -0.2966 -0.8334 -0.4664
vn -0.2963 -0.8336 -0.4662
vn -0.4493 -0.8357 -0.3157
vn -0.4492 -0.8359 -0.3154
vn -0.5332 -0.8375 -0.1198
vn -0.8210 -0.5415 -0.1810
vn -0.0449 -0.9990 -0.0012
vn -0.1766 -0.9843 -0.0025
vn -0.3057 -0.9521 -0.0067
vn -0.3071 -0.9516 -0.0067
vn -0.5439 -0.8391 -0.0088
vn -0.6646 -0.7471 -0.0131
vn -0.6659 -0.7459 -0.0132
vn -0.8355 -0.5493 -0.0136
vn -0.9506 -0.3099 -0.0191
vn -0.9800 -0.1980 -0.0195
vn -0.9515 -0.3073 -0.0167
vn 0.2275 -0.9735 -0.0210
vn 0.8423 -0.5385 -0.0223
vn 0.1922 -0.9812 -0.0199
vn 0.2259 -0.9739 -0.0204
vn 0.5387 -0.8421 -0.0249
vn 0.6608 -0.7502 -0.0232
vn 0.8537 -0.5203 -0.0226
vn 0.5750 -0.6549 -0.4904
vn 0.8435 -0.5366 -0.0223
vn 0.9842 -0.1761 -0.0184
vn 0.9567 -0.2904 -0.0218
vn 0.5337 -0.8356 -0.1299
vn 0.8293 -0.5265 -0.1870
vn 0.4526 -0.8312 -0.3228
vn 0.0821 -0.9908 -0.1080
vn 0.0820 -0.9908 -0.1081
vn 0.2319 -0.9569 -0.1747
vn 0.1172 -0.9913 -0.0606
vn 0.4570 -0.5411 -0.7059
vn 0.8197 0.1329 -0.5571
vn 0.6657 -0.4971 -0.5566
vn 0.0959 -0.2548 -0.9622
vn 0.1561 -0.5228 -0.8380
vn 0.1790 -0.2523 -0.9509
vn 0.1689 -0.5396 -0.8248
vn 0.1262 -0.6953 -0.7076
vn 0.1134 -0.8288 -0.5479
vn 0.0403 -0.9613 -0.2724
vn 0.9546 -0.1676 -0.2464
vn 0.9743 0.0681 -0.2149
vn 0.9648 0.0932 -0.2460
vn 0.9649 0.0933 -0.2456
vn 0.4025 0.3229 -0.8566
vn 0.4023 0.3228 -0.8567
vn 0.5217 0.3198 -0.7909
vn 0.3313 -0.6103 -0.7196
vn 0.7653 0.1328 -0.6298
vn 0.4536 -0.8305 -0.3233
vn 0.5370 -0.8335 -0.1299
vn 0.2510 -0.9654 -0.0702
vn 0.1917 -0.9810 -0.0295
vn 0.0644 -0.9601 -0.2723
vn 0.0127 -0.9909 -0.1341
vn 0.1397 -0.9631 -0.2299
vn 0.2995 -0.8296 -0.4712
vn 0.3004 -0.8287 -0.4723
vn 0.4574 -0.5393 -0.7070
vn 0.6893 -0.5432 -0.4793
vn 0.6911 -0.5403 -0.4800
vn 0.8169 -0.5454 -0.1876
vn 0.8282 -0.5284 -0.1869
vn -0.0000 -0.2559 -0.9667
vn -0.0000 -0.2561 -0.9666
vn -0.0000 -0.2563 -0.9666
vn -0.0000 -0.7008 -0.7133
vn -0.0000 -0.9621 -0.2727
vn -0.0000 -0.9621 -0.2726
vn -0.0000 -0.9620 -0.2729
vn -0.0000 -0.9621 -0.2729
vn -0.0893 -0.9909 -0.1009
vn -0.0894 -0.9909 -0.1008
vn -0.0123 -0.9620 -0.2728
vn -0.6911 -0.5405 -0.4798
vn -0.8977 0.2812 -0.3392
vn -0.4830 -0.4612 -0.7443
vn -0.1534 -0.9558 -0.2508
vn -0.3002 -0.8287 -0.4724
vn -0.2998 -0.8295 -0.4712
vn -0.9633 -0.2566 -0.0790
vn -0.8483 -0.4968 -0.1834
vn -0.9463 -0.2536 -0.2006
vn -0.8153 -0.5458 -0.1932
vn -0.6990 -0.6989 -0.1515
vn -0.5340 -0.8342 -0.1379
vn -0.2578 -0.9642 -0.0620
vn -0.2408 -0.2486 -0.9382
vn -0.1837 0.2000 -0.9624
vn -0.2432 0.2462 -0.9382
vn -0.2431 0.2462 -0.9382
vn -0.8982 0.2805 -0.3383
vn -0.8980 0.2805 -0.3391
vn -0.7121 -0.4995 -0.4934
vn -0.6359 0.3487 -0.6885
vn -0.1262 -0.6953 -0.7076
vn -0.0859 -0.9585 -0.2717
vn -0.0971 -0.8273 -0.5534
vn -0.0522 -0.9417 -0.3323
vn -0.0408 -0.9901 -0.1342
vn -0.2569 -0.9626 -0.0863
vn -0.1173 -0.9926 -0.0318
vn -0.2111 -0.9642 -0.1607
vn -0.4536 -0.8304 -0.3235
vn -0.4527 -0.8312 -0.3227
vn -0.6888 -0.5441 -0.4790
vn -0.4572 -0.5399 -0.7067
vn -0.4569 -0.5412 -0.7060
vn -0.1689 -0.5396 -0.8248
vn -0.1790 -0.2523 -0.9509
vn -0.9893 -0.1442 -0.0198
vn -0.9659 -0.2580 -0.0229
vn -0.9046 -0.4256 -0.0240
vn -0.9651 -0.2610 -0.0211
vn -0.9051 -0.4245 -0.0229
vn -0.7069 -0.7069 -0.0253
vn -0.6833 -0.7298 -0.0246
vn -0.2599 -0.9654 -0.0214
vn -0.2845 -0.9584 -0.0219
vn -0.2588 -0.9657 -0.0219
vn -0.0223 -0.9996 -0.0179
vn -0.7056 -0.0654 0.7056
vn -0.6815 -0.1940 0.7056
vn -0.6816 -0.1939 0.7056
vn -0.6343 -0.3159 0.7056
vn -0.5655 -0.4270 0.7056
vn -0.4774 -0.5237 0.7056
vn -0.3730 -0.6025 0.7056
vn -0.2560 -0.6608 0.7056
vn -0.1302 -0.6966 0.7056
vn -0.1302 -0.6965 0.7056
vn -0.0327 -0.7067 0.7067
vn -0.0000 -0.5990 0.8008
vn 0.0327 -0.7067 0.7067
vn 0.1302 -0.6966 0.7056
vn 0.1302 -0.6965 0.7056
vn 0.2560 -0.6608 0.7056
vn 0.3730 -0.6025 0.7056
vn 0.3731 -0.6025 0.7056
vn 0.4774 -0.5237 0.7056
vn 0.5655 -0.4270 0.7056
vn 0.6343 -0.3158 0.7056
vn 0.6343 -0.3159 0.7056
vn 0.6816 -0.1939 0.7056
vn 0.6815 -0.1940 0.7056
vn 0.7056 -0.0654 0.7056
vn 0.0503 0.7010 -0.7114
vn 0.0237 0.7066 -0.7073
vn 0.0498 0.7026 -0.7099
vn 0.0508 0.7065 -0.7059
vn 0.0503 0.7011 -0.7113
vn 0.0476 0.6952 -0.7173
vn 0.0476 0.6942 -0.7182
vn 0.0435 0.6815 -0.7305
vn 0.0175 0.7052 -0.7088
vn 0.0458 0.6274 -0.7773
vn 0.0487 0.6981 -0.7144
vn 0.0515 0.7057 -0.7066
vn 0.1537 0.6919 -0.7055
vn 0.1537 0.6918 -0.7055
vn 0.2821 0.6502 -0.7055
vn 0.2820 0.6502 -0.7055
vn 0.4002 0.5849 -0.7055
vn 0.5038 0.4985 -0.7055
vn 0.5891 0.3940 -0.7055
vn 0.5891 0.3939 -0.7055
vn 0.6531 0.2751 -0.7055
vn 0.6531 0.2752 -0.7055
vn 0.6935 0.1464 -0.7055
vn 0.6934 0.1464 -0.7055
vn 0.7066 0.0399 -0.7065
vn -0.2256 0.6719 -0.7055
vn -0.0214 0.7068 -0.7071
vn -0.0259 0.6969 -0.7167
vn -0.0242 0.7042 -0.7095
vn -0.0258 0.6975 -0.7161
vn -0.0206 0.7023 -0.7115
vn -0.0032 0.7087 -0.7055
vn -0.0200 0.7070 -0.7070
vn -0.0198 0.7068 -0.7071
vn -0.0201 0.7060 -0.7080
vn -0.0204 0.7042 -0.7097
vn -0.0230 0.7023 -0.7115
vn -0.0194 0.6991 -0.7147
vn -0.0199 0.7063 -0.7076
vn -0.0198 0.7056 -0.7083
vn -0.0198 0.7061 -0.7078
vn -0.0155 -0.7068 -0.7072
vn -0.0198 -0.7064 -0.7075
vn -0.0198 -0.7060 -0.7080
vn -0.0200 -0.7070 -0.7070
vn -0.0193 -0.7063 -0.7076
vn -0.0183 -0.7057 -0.7082
vn -0.0172 -0.7049 -0.7091
vn -0.0171 -0.7050 -0.7090
vn -0.0188 -0.7053 -0.7087
vn -0.0161 -0.7046 -0.7094
vn -0.0207 -0.7068 -0.7071
vn -0.0206 -0.7068 -0.7071
vn -0.0933 -0.7026 -0.7055
vn -0.0931 -0.7026 -0.7055
vn -0.2256 -0.6719 -0.7055
vn -0.2254 -0.6719 -0.7055
vn -0.3495 -0.6166 -0.7055
vn -0.3496 -0.6166 -0.7055
vn -0.3495 -0.6166 -0.7054
vn -0.4607 -0.5386 -0.7055
vn -0.4609 -0.5385 -0.7054
vn -0.5549 -0.4409 -0.7055
vn -0.5545 -0.4416 -0.7054
vn -0.6288 -0.3270 -0.7055
vn -0.6288 -0.3270 -0.7054
vn -0.6291 -0.3266 -0.7053
vn -0.6796 -0.2011 -0.7054
vn -0.6796 -0.2011 -0.7055
vn -0.6796 -0.2013 -0.7055
vn -0.6801 -0.1970 -0.7062
vn -0.7055 -0.0679 -0.7054
vn -0.7055 -0.0679 -0.7055
vn -0.7055 0.0679 -0.7055
vn -0.7055 0.0679 -0.7054
vn -0.6810 0.1969 -0.7053
vn -0.6796 0.2013 -0.7055
vn -0.6796 0.2011 -0.7055
vn -0.6796 0.2011 -0.7054
vn -0.6291 0.3266 -0.7053
vn -0.6288 0.3270 -0.7055
vn -0.6288 0.3270 -0.7054
vn -0.5547 0.4413 -0.7053
vn -0.5549 0.4409 -0.7055
vn -0.4606 0.5386 -0.7055
vn -0.4607 0.5386 -0.7055
vn -0.3489 0.6168 -0.7055
vn -0.3496 0.6165 -0.7055
vn -0.3495 0.6166 -0.7055
vn -0.2252 0.6720 -0.7055
vn -0.0933 0.7026 -0.7055
vn 0.0443 -0.7271 0.6851
vn 0.0436 -0.7299 0.6822
vn 0.0294 -0.7198 0.6936
vn 0.0490 -0.7118 0.7006
vn 0.0490 -0.7117 0.7008
vn 0.0506 -0.7060 0.7064
vn 0.0503 -0.7085 0.7039
vn 0.0498 -0.7142 0.6982
vn 0.0498 -0.7144 0.6980
vn 0.7016 -0.7108 0.0501
vn 0.7085 -0.7058 -0.0000
vn 0.7027 -0.7098 0.0495
vn 0.7064 -0.7060 0.0506
vn 0.7011 -0.7113 0.0500
vn 0.6953 -0.7172 0.0474
vn 0.6942 -0.7183 0.0470
vn 0.6814 -0.7306 0.0432
vn 0.7071 -0.7070 0.0146
vn 0.6284 -0.7766 0.0456
vn 0.7022 -0.7103 0.0498
vn 0.7057 -0.7067 0.0513
vn 0.6920 -0.7055 0.1528
vn 0.6920 -0.7056 0.1528
vn 0.6509 -0.7055 0.2803
vn 0.5865 -0.7055 0.3978
vn 0.5011 -0.7055 0.5011
vn 0.3978 -0.7055 0.5865
vn 0.2803 -0.7055 0.6509
vn 0.1528 -0.7055 0.6920
vn 0.0510 -0.7067 0.7057
vn 0.0472 -0.7584 0.6501
vn 0.0238 -0.7109 0.7028
vn -0.0197 -0.7079 0.7060
vn -0.0197 -0.7078 0.7061
vn -0.0199 -0.7070 0.7069
vn -0.0182 -0.7083 0.7057
vn -0.0192 -0.7076 0.7064
vn -0.0104 -0.7068 0.7074
vn -0.0181 -0.7081 0.7059
vn -0.0172 -0.7090 0.7050
vn -0.0171 -0.7085 0.7055
vn -0.0123 -0.7070 -0.7071
vn -0.0163 -0.7094 0.7046
vn -0.0207 -0.7071 0.7068
vn -0.0933 -0.7055 0.7026
vn -0.2256 -0.7055 0.6719
vn -0.3496 -0.7055 0.6165
vn -0.4608 -0.7055 0.5385
vn -0.5550 -0.7055 0.4407
vn -0.5536 -0.7053 0.4428
vn -0.6289 -0.7055 0.3268
vn -0.6796 -0.7055 0.2009
vn -0.6797 -0.7055 0.2008
vn -0.7055 -0.7054 0.0675
vn -0.7055 -0.7055 0.0675
vn -0.7054 -0.7055 -0.0682
vn -0.7054 -0.7055 -0.0683
vn -0.6795 -0.7055 -0.2016
vn -0.6285 -0.7055 -0.3275
vn -0.5545 -0.7055 -0.4414
vn -0.4602 -0.7055 -0.5391
vn -0.4601 -0.7055 -0.5391
vn -0.4601 -0.7055 -0.5390
vn -0.3489 -0.7055 -0.6169
vn -0.2248 -0.7055 -0.6721
vn -0.0925 -0.7055 -0.7027
vn -0.0123 -0.7071 -0.7071
vn 0.0006 -1.0000 -0.0000
vn 0.0001 -1.0000 -0.0000
vn -0.0000 0.0001 -1.0000
vn -0.0000 -0.0002 -1.0000
vn -0.0000 -0.0001 -1.0000
vn -0.6019 -0.7986 -0.0000
vn -0.6019 -0.7985 -0.0000
vn -0.1220 -0.9925 -0.0000
vn 0.3906 -0.9206 -0.0000
vn 0.7986 -0.6019 -0.0000
vn 0.9925 -0.1220 -0.0000
vn 0.9206 0.3906 -0.0000
vn 0.6621 0.2810 -0.6948
vn 0.6621 0.2809 -0.6947
vn 0.7139 -0.0877 -0.6947
vn 0.5744 -0.4329 -0.6947
vn 0.2810 -0.6621 -0.6947
vn -0.0877 -0.7139 -0.6947
vn -0.4329 -0.5744 -0.6947
vn 0.6167 0.3533 -0.7035
vn 0.6168 0.3534 -0.7034
vn 0.6914 0.1653 -0.7034
vn 0.6912 0.1653 -0.7036
vn 0.7097 -0.0361 -0.7036
vn 0.6707 -0.2346 -0.7036
vn 0.6710 -0.2347 -0.7033
vn 0.5777 -0.4142 -0.7034
vn 0.5775 -0.4141 -0.7036
vn 0.4374 -0.5600 -0.7036
vn 0.4375 -0.5601 -0.7035
vn 0.2620 -0.6607 -0.7034
vn 0.0652 -0.7078 -0.7034
vn 0.0652 -0.7077 -0.7035
vn -0.1368 -0.6974 -0.7035
vn -0.3278 -0.6306 -0.7035
vn -0.3278 -0.6307 -0.7034
vn -0.4922 -0.5128 -0.7034
vn 0.8677 0.4971 -0.0000
vn 0.9726 0.2326 -0.0000
vn 0.9987 -0.0509 -0.0000
vn 0.9439 -0.3302 -0.0000
vn 0.8127 -0.5827 -0.0000
vn 0.6156 -0.7881 -0.0000
vn 0.3686 -0.9296 -0.0000
vn 0.0918 -0.9958 -0.0000
vn -0.1925 -0.9813 -0.0000
vn -0.4612 -0.8873 -0.0000
vn -0.6925 -0.7215 -0.0000
vn 0.9952 0.0980 -0.0000
vn 0.9569 0.2903 -0.0000
vn 0.8819 0.4714 -0.0000
vn 0.7730 0.6344 -0.0000
vn 0.6344 0.7730 -0.0000
vn 0.4714 0.8819 -0.0000
vn 0.2903 0.9569 -0.0000
vn 0.0980 0.9952 -0.0000
vn -0.0980 0.9952 -0.0000
vn -0.2903 0.9569 -0.0000
vn -0.4714 0.8819 -0.0000
vn -0.6344 0.7730 -0.0000
vn -0.7730 0.6344 -0.0000
vn -0.8819 0.4714 -0.0000
vn -0.9569 0.2903 -0.0000
vn -0.9952 0.0980 -0.0000
vn 0.1032 -0.0053 0.9946
vn -0.1036 0.0054 0.9946
vn -0.0745 -0.0484 0.9960
vn 0.0041 -0.0779 0.9970
vn 0.0224 -0.0836 0.9963
vn 0.0408 -0.0799 0.9960
vn 0.0542 -0.0669 0.9963
vn -0.0151 -0.0956 0.9953
vn -0.0207 -0.0823 0.9964
vn -0.0318 -0.0831 0.9960
vn -0.0580 -0.0580 0.9966
vn -0.0584 -0.0580 0.9966
vn -0.0484 -0.0746 0.9960
vn -0.0952 -0.0151 0.9953
vn -0.0864 -0.0240 0.9960
vn -0.0821 -0.0130 0.9965
vn -0.0833 -0.0320 0.9960
vn -0.0672 0.0544 0.9963
vn -0.0802 0.0408 0.9959
vn -0.0041 0.0781 0.9969
vn -0.0225 0.0839 0.9962
vn -0.0410 0.0803 0.9959
vn -0.0544 0.0670 0.9963
vn 0.0485 0.0747 0.9960
vn 0.0320 0.0835 0.9960
vn 0.0201 0.0826 0.9964
vn 0.0151 0.0956 0.9953
vn 0.0747 0.0486 0.9960
vn 0.0581 0.0586 0.9966
vn 0.0581 0.0582 0.9966
vn 0.1032 -0.0054 0.9946
vn 0.0960 0.0153 0.9953
vn 0.0864 0.0249 0.9960
vn 0.0817 0.0130 0.9966
vn 0.0832 0.0320 0.9960
vn 0.0669 -0.0541 0.9963
vn 0.0800 -0.0407 0.9960
vn -0.0837 0.0224 0.9962
vn -0.0836 0.0219 0.9963
vn -0.0621 0.0003 0.9981
vn -0.0311 -0.0307 0.9990
vn -0.0001 -0.0616 0.9981
vn 0.0235 -0.0850 0.9961
vn 0.0055 -0.1031 0.9947
vn -0.0573 0.0576 0.9967
vn -0.0311 0.0314 0.9990
vn -0.0001 0.0004 1.0000
vn 0.0309 -0.0306 0.9991
vn 0.0575 -0.0571 0.9967
vn -0.0055 0.1037 0.9946
vn -0.0235 0.0857 0.9960
vn -0.0000 0.0624 0.9981
vn 0.0310 0.0315 0.9990
vn 0.0620 0.0005 0.9981
vn 0.0834 -0.0211 0.9963
vn 0.0838 -0.0224 0.9962
vn -0.4545 0.8907 -0.0000
vn -0.2594 0.9658 -0.0000
vn -0.0529 0.9986 -0.0000
vn -0.0529 0.9986 0.0001
vn 0.1559 0.9878 -0.0000
vn 0.3578 0.9338 -0.0000
vn 0.5442 0.8390 -0.0000
vn 0.7067 0.7075 -0.0000
vn 0.8384 0.5451 -0.0000
vn 0.9987 -0.0518 -0.0001
vn 0.9334 0.3589 -0.0000
vn 0.9876 0.1570 -0.0000
vn 0.9876 0.1570 0.0001
vn 0.9987 -0.0518 -0.0000
vn 0.9661 -0.2583 -0.0000
vn 0.8913 -0.4535 -0.0000
vn 0.7775 -0.6289 -0.0000
vn 0.6298 -0.7768 -0.0000
vn 0.4545 -0.8907 -0.0000
vn 0.2594 -0.9658 -0.0000
vn 0.0529 -0.9986 -0.0000
vn -0.1559 -0.9878 -0.0000
vn -0.3578 -0.9338 -0.0000
vn -0.5441 -0.8390 -0.0000
vn -0.5442 -0.8390 0.0001
vn -0.5442 -0.8390 -0.0000
vn -0.7067 -0.7075 -0.0000
vn -0.8384 -0.5451 -0.0000
vn -0.8384 -0.5451 -0.0001
vn -0.9987 0.0518 -0.0001
vn -0.9334 -0.3589 -0.0000
vn -0.9876 -0.1570 -0.0000
vn -0.9876 -0.1570 -0.0002
vn -0.9987 0.0518 -0.0000
vn -0.9661 0.2583 -0.0000
vn -0.8913 0.4535 -0.0000
vn -0.7775 0.6289 -0.0000
vn -0.7775 0.6289 0.0001
vn -0.6298 0.7768 -0.0000
vn -0.6298 0.7768 0.0001
vn -0.6298 0.7767 -0.0000
vn 0.8866 -0.4625 0.0002
vn 0.8866 -0.4625 -0.0000
vn 0.9616 -0.2745 -0.0000
vn 0.9972 -0.0753 -0.0000
vn 0.8615 0.5078 -0.0000
vn 0.7416 0.6708 -0.0000
vn 0.9919 0.1269 -0.0000
vn 0.9919 0.1269 0.0001
vn 0.9461 0.3240 -0.0000
vn 0.5914 0.8064 -0.0000
vn 0.5914 0.8064 0.0001
vn 0.4170 0.9089 -0.0000
vn 0.2255 0.9742 -0.0000
vn 0.0247 0.9997 -0.0000
vn 0.0248 0.9997 -0.0000
vn -0.1770 0.9842 -0.0000
vn -0.3715 0.9284 -0.0000
vn -0.8353 0.5498 0.0001
vn -0.8353 0.5498 -0.0000
vn -0.9289 0.3704 -0.0000
vn -0.5508 0.8347 -0.0000
vn -0.5508 0.8347 0.0001
vn -0.5508 0.8346 -0.0000
vn -0.7075 0.7067 -0.0000
vn -0.9844 0.1758 -0.0000
vn -0.9997 -0.0259 -0.0000
vn -0.9997 -0.0259 -0.0001
vn -0.9740 -0.2266 -0.0000
vn -0.9084 -0.4181 -0.0000
vn -0.9084 -0.4180 -0.0000
vn -0.8057 -0.5923 -0.0000
vn -0.8057 -0.5924 0.0001
vn -0.8057 -0.5924 -0.0000
vn -0.6699 -0.7424 -0.0000
vn -0.1258 -0.9921 -0.0000
vn -0.6700 -0.7424 -0.0000
vn -0.5068 -0.8621 -0.0000
vn -0.3229 -0.9464 -0.0000
vn 0.0765 -0.9971 -0.0000
vn 0.2756 -0.9613 -0.0000
vn 0.2757 -0.9613 -0.0000
vn 0.4635 -0.8861 -0.0000
vn 0.6324 -0.7746 -0.0000
vn 0.7754 -0.6315 -0.0000
vn 0.8866 -0.4626 -0.0000
vn 0.0595 -0.1137 0.9917
vn 0.0691 -0.1073 0.9918
vn 0.0570 -0.0699 0.9959
vn 0.0726 -0.0837 0.9938
vn 0.0861 -0.0702 0.9938
vn 0.0067 -0.0867 0.9962
vn 0.0142 -0.0983 0.9951
vn 0.0080 -0.1044 0.9945
vn 0.0177 -0.1223 0.9923
vn 0.0263 -0.0916 0.9954
vn 0.0284 -0.0965 0.9949
vn 0.0599 -0.1145 0.9916
vn 0.0310 -0.0678 0.9972
vn 0.0679 -0.1054 0.9921
vn -0.0285 -0.0836 0.9961
vn -0.0327 -0.1116 0.9932
vn -0.0131 -0.1029 0.9946
vn -0.0136 -0.0951 0.9954
vn -0.0122 -0.0964 0.9953
vn -0.0128 -0.0891 0.9959
vn 0.0001 -0.1257 0.9921
vn -0.0701 -0.0516 0.9962
vn -0.0955 -0.0829 0.9920
vn -0.0616 -0.0682 0.9958
vn -0.0699 -0.0808 0.9943
vn -0.0594 -0.1011 0.9931
vn -0.0554 -0.0863 0.9947
vn -0.0525 -0.0892 0.9946
vn -0.0431 -0.0672 0.9968
vn -0.0531 -0.1166 0.9918
vn -0.1252 -0.0032 0.9921
vn -0.1258 -0.0182 0.9919
vn -0.0850 -0.0198 0.9962
vn -0.1161 -0.0342 0.9926
vn -0.0892 -0.0411 0.9952
vn -0.0877 -0.0401 0.9953
vn -0.1125 -0.0827 0.9902
vn -0.0896 -0.0577 0.9943
vn -0.0881 0.0157 0.9960
vn -0.1038 0.0149 0.9945
vn -0.1007 0.0180 0.9948
vn -0.1116 0.0160 0.9936
vn -0.1084 -0.0028 0.9941
vn -0.0874 -0.0001 0.9962
vn -0.1123 -0.0162 0.9935
vn -0.0615 0.0614 0.9962
vn -0.0943 0.0816 0.9922
vn -0.0786 0.0517 0.9956
vn -0.0819 0.0526 0.9952
vn -0.0811 0.0534 0.9953
vn -0.0865 0.0555 0.9947
vn -0.1160 0.0462 0.9922
vn -0.0691 0.0315 0.9971
vn -0.1228 0.0360 0.9918
vn -0.0327 0.0816 0.9961
vn -0.0491 0.1073 0.9930
vn -0.0560 0.0849 0.9948
vn -0.0528 0.0821 0.9952
vn -0.0536 0.0813 0.9952
vn -0.0499 0.0775 0.9957
vn -0.0817 0.0942 0.9922
vn 0.0031 0.1252 0.9921
vn 0.0161 0.1124 0.9935
vn 0.0023 0.0910 0.9959
vn -0.0001 0.1089 0.9941
vn -0.0202 0.1122 0.9935
vn -0.0151 0.1047 0.9944
vn -0.0183 0.1016 0.9947
vn -0.0117 0.0810 0.9966
vn -0.0361 0.1227 0.9918
vn 0.0515 0.0702 0.9962
vn 0.0575 0.0897 0.9943
vn 0.0623 0.0850 0.9944
vn 0.0661 0.1030 0.9925
vn 0.0403 0.0879 0.9953
vn 0.0409 0.0896 0.9951
vn 0.0303 0.1307 0.9910
vn 0.0203 0.0693 0.9974
vn 0.0180 0.1258 0.9919
vn 0.0766 0.0451 0.9960
vn 0.0862 0.0555 0.9947
vn 0.0892 0.0526 0.9946
vn 0.0963 0.0620 0.9934
vn 0.0786 0.0711 0.9944
vn 0.0664 0.0576 0.9961
vn 0.0828 0.0956 0.9920
vn 0.0867 -0.0066 0.9962
vn 0.1256 0.0001 0.9921
vn 0.0922 0.0118 0.9957
vn 0.0950 0.0137 0.9954
vn 0.0964 0.0123 0.9953
vn 0.1037 0.0150 0.9945
vn 0.1144 0.0392 0.9927
vn 0.0747 0.0220 0.9970
vn 0.1165 0.0533 0.9918
vn 0.0634 -0.0549 0.9965
vn 0.1074 -0.0689 0.9918
vn 0.1111 -0.0580 0.9921
vn 0.1030 -0.0661 0.9925
vn 0.0776 -0.0405 0.9962
vn 0.1088 -0.0496 0.9928
vn 0.0961 -0.0274 0.9950
vn 0.0905 -0.0265 0.9955
vn 0.1454 -0.0110 0.9893
vn 0.0965 -0.0138 0.9952
vn -0.0078 0.0543 0.9985
vn -0.0155 0.0526 0.9985
vn 0.0154 0.0526 0.9985
vn 0.0154 0.0527 0.9985
vn 0.0078 0.0543 0.9985
vn -0.0000 0.0549 0.9985
vn -0.0000 0.0548 0.9985
vn 0.0359 0.0415 0.9985
vn 0.0296 0.0462 0.9985
vn 0.0228 0.0499 0.9985
vn 0.0461 0.0297 0.9985
vn 0.0414 0.0360 0.9985
vn 0.0526 0.0155 0.9985
vn 0.0499 0.0228 0.9985
vn 0.0543 -0.0078 0.9985
vn 0.0549 -0.0000 0.9985
vn 0.0543 0.0078 0.9985
vn 0.0499 -0.0228 0.9985
vn 0.0527 -0.0154 0.9985
vn 0.0228 -0.0499 0.9985
vn 0.0297 -0.0461 0.9985
vn 0.0360 -0.0414 0.9985
vn 0.0360 -0.0415 0.9985
vn 0.0415 -0.0359 0.9985
vn 0.0462 -0.0296 0.9985
vn 0.0078 -0.0543 0.9985
vn 0.0155 -0.0526 0.9985
vn -0.0154 -0.0526 0.9985
vn -0.0154 -0.0527 0.9985
vn -0.0078 -0.0543 0.9985
vn -0.0000 -0.0549 0.9985
vn -0.0359 -0.0415 0.9985
vn -0.0296 -0.0462 0.9985
vn -0.0228 -0.0499 0.9985
vn -0.0461 -0.0297 0.9985
vn -0.0414 -0.0360 0.9985
vn -0.0526 -0.0155 0.9985
vn -0.0499 -0.0228 0.9985
vn -0.0543 0.0078 0.9985
vn -0.0549 -0.0000 0.9985
vn -0.0543 -0.0078 0.9985
vn -0.0499 0.0228 0.9985
vn -0.0527 0.0154 0.9985
vn -0.0228 0.0499 0.9985
vn -0.0297 0.0461 0.9985
vn -0.0360 0.0414 0.9985
vn -0.0360 0.0415 0.9985
vn -0.0415 0.0359 0.9985
vn -0.0462 0.0296 0.9985
vn -0.1424 -0.1646 0.9760
vn -0.1531 0.1571 0.9756
vn -0.2015 0.2289 0.9524
vn -0.1649 0.1900 0.9678
vn -0.1532 0.1780 0.9720
vn -0.1533 0.1779 0.9720
vn -0.1478 0.1737 0.9736
vn -0.1446 0.1715 0.9745
vn -0.1424 0.1708 0.9750
vn -0.1101 0.1632 0.9804
vn -0.1364 0.1800 0.9742
vn -0.1338 0.1791 0.9747
vn -0.1313 0.1782 0.9752
vn -0.1380 0.1648 0.9766
vn -0.1295 0.1768 0.9757
vn -0.1301 0.1736 0.9762
vn -0.1301 0.1737 0.9762
vn -0.1302 0.1711 0.9766
vn -0.1303 0.2025 0.9706
vn -0.1382 0.1669 0.9762
vn -0.1376 0.1614 0.9772
vn -0.1331 0.1502 0.9797
vn -0.1359 0.1566 0.9783
vn -0.1479 0.1578 0.9763
vn -0.1542 0.1562 0.9756
vn -0.1664 0.1440 0.9755
vn -0.1395 0.1272 0.9820
vn -0.1529 0.1338 0.9792
vn -0.1595 0.1368 0.9777
vn -0.1596 0.1368 0.9777
vn -0.1637 0.1376 0.9769
vn -0.1663 0.1380 0.9764
vn -0.2197 0.1410 0.9653
vn -0.1778 0.1268 0.9759
vn -0.1671 0.1298 0.9773
vn -0.1704 0.1300 0.9768
vn -0.1731 0.1300 0.9763
vn -0.1782 0.1304 0.9753
vn -0.1782 0.1305 0.9753
vn -0.1790 0.1329 0.9748
vn -0.1714 0.1435 0.9747
vn -0.1728 0.1461 0.9741
vn -0.1757 0.1502 0.9729
vn -0.1798 0.1355 0.9743
vn -0.1798 0.1354 0.9743
vn -0.1656 0.1114 0.9799
vn -0.1709 0.1416 0.9751
vn -0.1713 0.1436 0.9747
vn -0.1951 0.1700 0.9659
vn -0.3009 0.2642 0.9163
vn -0.1560 0.1541 0.9757
vn 0.1496 -0.1635 0.9751
vn 0.1470 -0.1637 0.9755
vn 0.1454 -0.1642 0.9757
vn 0.1323 -0.1713 0.9763
vn 0.1437 -0.1811 0.9729
vn 0.1401 -0.1788 0.9739
vn 0.1377 -0.1773 0.9745
vn 0.1355 -0.1765 0.9749
vn 0.1337 -0.1759 0.9753
vn 0.1380 -0.1647 0.9766
vn 0.1295 -0.1768 0.9757
vn 0.1301 -0.1737 0.9762
vn 0.1302 -0.1711 0.9766
vn 0.1303 -0.2025 0.9706
vn 0.1381 -0.1669 0.9762
vn 0.1376 -0.1614 0.9772
vn 0.1331 -0.1502 0.9796
vn 0.1359 -0.1566 0.9783
vn 0.1478 -0.1578 0.9763
vn 0.1542 -0.1562 0.9756
vn 0.1634 -0.1481 0.9754
vn 0.1684 -0.1563 0.9732
vn 0.1685 -0.1563 0.9732
vn 0.2333 -0.2201 0.9472
vn 0.0688 -0.0687 -0.9953
vn 0.0340 -0.1032 -0.9941
vn 0.2448 -0.2445 0.9382
vn 0.1547 -0.1675 0.9737
vn 0.1497 -0.1636 0.9751
vn 0.1673 -0.1429 0.9755
vn 0.1649 -0.1446 0.9757
vn 0.1648 -0.1447 0.9756
vn 0.1641 -0.1460 0.9756
vn 0.1664 -0.1440 0.9755
vn 0.1395 -0.1272 0.9820
vn 0.1529 -0.1338 0.9791
vn 0.1596 -0.1368 0.9777
vn 0.1671 -0.1298 0.9773
vn 0.2197 -0.1410 0.9653
vn 0.1663 -0.1380 0.9764
vn 0.1638 -0.1376 0.9769
vn 0.1704 -0.1300 0.9768
vn 0.1731 -0.1300 0.9763
vn 0.1756 -0.1303 0.9758
vn 0.1759 -0.1329 0.9754
vn 0.1765 -0.1348 0.9750
vn 0.1770 -0.1364 0.9747
vn 0.1715 -0.1399 0.9752
vn 0.1713 -0.1401 0.9752
vn 0.1755 -0.1296 0.9759
vn 0.1730 -0.1333 0.9759
vn 0.1829 -0.1174 0.9761
vn 0.1913 -0.1117 0.9752
vn 0.1982 -0.0904 0.9760
vn 0.2021 -0.0855 0.9756
vn 0.1997 -0.0910 0.9756
vn 0.2035 -0.0861 0.9753
vn 0.2098 -0.0615 0.9758
vn 0.2120 -0.0591 0.9755
vn 0.2113 -0.0619 0.9755
vn 0.2122 -0.0592 0.9754
vn 0.2174 -0.0311 0.9756
vn 0.2171 -0.0314 0.9756
vn 0.2208 0.0001 0.9753
vn 0.2200 -0.0034 0.9755
vn 0.2202 0.0001 0.9755
vn 0.2182 -0.0034 0.9759
vn 0.2200 0.0318 0.9750
vn 0.2178 0.0247 0.9757
vn 0.2168 0.0313 0.9757
vn 0.1333 0.1673 0.9769
vn 0.1312 0.1704 0.9766
vn 0.1191 0.1822 0.9760
vn 0.1980 0.1784 0.9638
vn 0.1510 0.1581 0.9758
vn 0.1616 0.1673 0.9726
vn 0.6322 0.5939 -0.4975
vn 0.7121 0.6649 0.2253
vn 0.7130 0.6678 0.2137
vn 0.1453 0.1790 0.9731
vn 0.1129 0.1958 0.9741
vn 0.1256 0.1869 0.9743
vn 0.1342 0.1809 0.9743
vn 0.1380 0.1794 0.9740
vn 0.1380 0.1792 0.9741
vn 0.1417 0.1781 0.9737
vn 0.1499 0.1805 0.9721
vn 0.1450 0.1762 0.9736
vn 0.1494 0.1613 0.9755
vn 0.1760 0.1575 0.9717
vn 0.1760 0.1576 0.9717
vn 0.1708 0.1506 0.9737
vn 0.1684 0.1470 0.9747
vn 0.1686 0.1450 0.9750
vn 0.1682 0.1445 0.9751
vn 0.1682 0.1429 0.9753
vn 0.1695 0.1405 0.9755
vn 0.1693 0.1406 0.9755
vn 0.1355 0.1545 0.9787
vn 0.1714 0.1379 0.9755
vn 0.2023 0.0966 0.9746
vn 0.1589 0.1492 0.9760
vn 0.1643 0.1425 0.9761
vn 0.1798 0.1299 0.9751
vn 0.1826 0.1175 0.9761
vn 0.1945 0.1056 0.9752
vn 0.1865 0.1199 0.9751
vn 0.1950 0.1059 0.9751
vn 0.1974 0.0903 0.9761
vn 0.2069 0.0801 0.9751
vn 0.2102 0.0618 0.9757
vn 0.2044 0.0791 0.9757
vn 0.2085 0.0613 0.9761
vn 0.2152 0.0529 0.9751
vn 0.2156 0.0244 0.9762
vn 0.2066 0.0917 0.9741
vn 0.1837 0.1173 0.9760
vn 0.1751 0.1266 0.9764
vn 0.1720 0.1297 0.9765
vn 0.1726 0.1286 0.9766
vn 0.1683 0.1330 0.9767
vn 0.1655 0.1344 0.9770
vn 0.1620 0.1359 0.9774
vn 0.1576 0.1357 0.9781
vn 0.1514 0.1350 0.9792
vn 0.1574 0.1366 0.9780
vn 0.1578 0.1476 0.9764
vn 0.1566 0.1527 0.9758
vn 0.1553 0.1564 0.9754
vn 0.1554 0.1563 0.9754
vn 0.1379 0.1593 0.9776
vn 0.1320 0.1451 0.9806
vn 0.1355 0.1601 0.9778
vn 0.1352 0.1640 0.9772
vn 0.1327 0.1679 0.9768
vn 0.1193 0.1822 0.9760
vn 0.0558 0.2374 0.9698
vn 0.1438 0.1661 0.9756
vn 0.1404 0.1705 0.9753
vn 0.1182 0.1841 0.9758
vn 0.1170 0.1864 0.9755
vn 0.1189 0.1853 0.9755
vn 0.0912 0.2000 0.9755
vn 0.0918 0.1990 0.9757
vn 0.0622 0.2122 0.9753
vn 0.0658 0.2099 0.9755
vn 0.0619 0.2112 0.9755
vn 0.0653 0.2080 0.9759
vn 0.0316 0.2204 0.9749
vn 0.0383 0.2154 0.9758
vn 0.0310 0.2164 0.9758
vn 0.0379 0.2134 0.9762
vn 0.0105 0.2214 0.9751
vn -0.0001 0.2173 0.9761
vn -0.0177 0.2192 0.9755
vn -0.0001 0.2200 0.9755
vn -0.0179 0.2212 0.9751
vn -0.0310 0.2149 0.9761
vn -0.0460 0.2171 0.9751
vn -0.0624 0.2119 0.9753
vn -0.0458 0.2159 0.9754
vn -0.0613 0.2084 0.9761
vn -0.0734 0.2092 0.9751
vn -0.0905 0.1978 0.9760
vn -0.0980 0.1952 0.9759
vn -0.0907 0.1984 0.9759
vn -0.0993 0.1978 0.9752
vn -0.1180 0.1834 0.9759
vn -0.1230 0.1822 0.9755
vn -0.1293 0.1779 0.9755
vn -0.1314 0.1782 0.9752
vn -0.1780 0.1291 0.9755
vn -0.1851 0.1188 0.9755
vn -0.1807 0.1216 0.9760
vn -0.2029 0.0925 0.9748
vn -0.1953 0.0978 0.9759
vn -0.1985 0.0905 0.9759
vn -0.1935 0.0969 0.9763
vn -0.2093 0.0731 0.9751
vn -0.2084 0.0611 0.9761
vn -0.2159 0.0455 0.9754
vn -0.2120 0.0621 0.9753
vn -0.2171 0.0458 0.9751
vn -0.2149 0.0308 0.9761
vn -0.2212 0.0176 0.9751
vn -0.2200 -0.0001 0.9755
vn -0.2193 0.0175 0.9755
vn -0.2173 -0.0001 0.9761
vn -0.2214 -0.0108 0.9751
vn -0.2154 -0.0311 0.9760
vn -0.2154 -0.0385 0.9758
vn -0.2164 -0.0312 0.9758
vn -0.2178 -0.0389 0.9752
vn -0.2094 -0.0616 0.9759
vn -0.2098 -0.0661 0.9755
vn -0.2111 -0.0621 0.9755
vn -0.2104 -0.0663 0.9754
vn -0.1993 -0.0912 0.9757
vn -0.1994 -0.0923 0.9756
vn -0.1853 -0.1192 0.9754
vn -0.1862 -0.1172 0.9755
vn -0.1851 -0.1191 0.9755
vn -0.1851 -0.1165 0.9758
vn -0.1675 -0.1453 0.9751
vn -0.1694 -0.1398 0.9756
vn -0.1541 -0.1733 0.9727
vn -0.1541 -0.1734 0.9727
vn -0.1666 -0.1860 0.9683
vn -0.2249 -0.2462 0.9428
vn -0.2252 -0.2464 0.9426
vn -0.1355 -0.1446 -0.9802
vn -0.1858 -0.1807 0.9658
vn -0.1588 -0.1530 0.9754
vn -0.1792 -0.1467 0.9728
vn -0.1599 -0.1503 0.9756
vn -0.1717 -0.1416 0.9749
vn -0.1817 -0.1523 0.9715
vn -0.1779 -0.1428 0.9736
vn -0.1796 -0.1366 0.9742
vn -0.1761 -0.1251 0.9764
vn -0.1847 -0.1286 0.9743
vn -0.1911 -0.1194 0.9743
vn -0.2312 -0.0639 0.9708
vn -0.1960 -0.1042 0.9751
vn -0.1768 -0.1248 0.9763
vn -0.1711 -0.1307 0.9766
vn -0.1680 -0.1330 0.9768
vn -0.1649 -0.1350 0.9770
vn -0.1615 -0.1356 0.9775
vn -0.1569 -0.1361 0.9782
vn -0.1498 -0.1339 0.9796
vn -0.1574 -0.1365 0.9781
vn -0.1570 -0.1540 0.9755
vn -0.1570 -0.1539 0.9755
vn -0.1542 -0.1560 0.9756
vn -0.1408 -0.1627 0.9766
vn -0.1334 -0.1473 0.9801
vn -0.1334 -0.1472 0.9801
vn -0.1352 -0.1554 0.9786
vn -0.1359 -0.1607 0.9776
vn -0.1347 -0.1644 0.9771
vn -0.1347 -0.1646 0.9771
vn -0.1333 -0.1677 0.9768
vn -0.1278 -0.1741 0.9764
vn -0.1277 -0.1741 0.9764
vn -0.1047 -0.1950 0.9752
vn -0.0964 -0.2023 0.9746
vn -0.1351 -0.1734 0.9755
vn -0.1373 -0.1719 0.9755
vn -0.1387 -0.1707 0.9755
vn -0.1402 -0.1697 0.9755
vn -0.1410 -0.1692 0.9754
vn -0.1406 -0.1697 0.9754
vn -0.1424 -0.1685 0.9754
vn -0.1438 -0.1684 0.9752
vn -0.1460 -0.1683 0.9749
vn -0.1490 -0.1700 0.9741
vn 0.1336 -0.1759 0.9753
vn 0.1298 -0.1753 0.9759
vn 0.1335 -0.1728 0.9759
vn 0.1176 -0.1828 0.9761
vn -0.1478 -0.1577 0.9764
vn -0.1297 -0.1799 0.9751
vn -0.1173 -0.1828 0.9761
vn -0.1054 -0.1946 0.9752
vn -0.1198 -0.1866 0.9751
vn -0.1057 -0.1951 0.9751
vn -0.0901 -0.1976 0.9761
vn -0.0798 -0.2070 0.9751
vn -0.0616 -0.2103 0.9757
vn -0.0789 -0.2045 0.9757
vn -0.0611 -0.2085 0.9761
vn -0.0526 -0.2152 0.9751
vn -0.0309 -0.2156 0.9760
vn -0.0244 -0.2178 0.9757
vn -0.0311 -0.2169 0.9757
vn -0.0246 -0.2197 0.9752
vn 0.0001 -0.2184 0.9759
vn 0.0037 -0.2200 0.9755
vn 0.0001 -0.2202 0.9755
vn 0.0037 -0.2204 0.9754
vn 0.0313 -0.2171 0.9756
vn 0.0317 -0.2173 0.9756
vn 0.0623 -0.2116 0.9754
vn 0.0594 -0.2119 0.9755
vn 0.0622 -0.2112 0.9755
vn 0.0589 -0.2104 0.9758
vn 0.0923 -0.2019 0.9750
vn 0.0857 -0.2020 0.9756
vn 0.0913 -0.1995 0.9756
vn 0.0849 -0.2000 0.9761
vn 0.1119 -0.1912 0.9752
vn -0.5928 0.2763 0.7565
vn -0.4663 0.3148 0.8267
vn -0.5449 0.2665 0.7950
vn -0.6915 0.2295 0.6850
vn -0.6529 0.1961 0.7317
vn -0.6026 0.1169 0.7894
vn -0.5846 0.1483 0.7977
vn -0.5985 0.0709 0.7980
vn -0.5999 0.1174 0.7915
vn -0.7172 0.0349 0.6960
vn -0.5404 -0.3109 0.7819
vn -0.5290 -0.2198 0.8197
vn -0.5832 -0.2125 0.7840
vn -0.6215 -0.1845 0.7614
vn -0.6812 -0.1694 0.7122
vn -0.6255 -0.0718 0.7769
vn -0.6076 -0.1142 0.7860
vn -0.5898 -0.0497 0.8060
vn -0.6260 -0.0257 0.7794
vn -0.6058 -0.0588 0.7934
vn -0.6663 0.0091 0.7456
vn -0.2500 -0.7093 0.6591
vn -0.4432 -0.4677 0.7647
vn -0.3925 -0.4910 0.7777
vn -0.4060 -0.3638 0.8383
vn -0.4631 -0.3779 0.8017
vn -0.5121 -0.3634 0.7782
vn -0.5769 -0.3658 0.7303
vn -0.5738 -0.2762 0.7710
vn -0.5721 -0.2789 0.7713
vn -0.3665 -0.4021 0.8390
vn -0.2738 -0.4423 0.8540
vn -0.2404 -0.4348 0.8679
vn -0.1693 -0.6247 0.7623
vn -0.0105 -0.6160 0.7877
vn -0.1695 -0.6195 0.7664
vn -0.0411 -0.4809 0.8758
vn -0.0777 -0.4321 0.8985
vn -0.0446 -0.4651 0.8841
vn 0.0913 -0.6265 0.7740
vn 0.1777 -0.4718 0.8636
vn 0.0544 -0.5232 0.8505
vn 0.1573 -0.4356 0.8863
vn 0.1225 -0.4086 0.9045
vn 0.3604 -0.5420 0.7592
vn 0.3384 -0.4166 0.8438
vn 0.4147 -0.3403 0.8439
vn 0.3827 -0.2466 0.8903
vn 0.5829 -0.2566 0.7710
vn 0.5720 -0.2280 0.7879
vn 0.5074 0.1651 0.8457
vn 0.5749 0.0402 0.8172
vn 0.6322 -0.0310 0.7742
vn 0.4751 -0.0504 0.8785
vn 0.3506 -0.1224 0.9285
vn 0.5423 -0.0754 0.8368
vn 0.4751 0.1134 0.8726
vn 0.4918 0.2132 0.8442
vn 0.4934 0.1658 0.8539
vn 0.6060 0.2153 0.7658
vn 0.2934 0.5588 0.7756
vn 0.2775 0.5135 0.8120
vn 0.3676 0.4888 0.7912
vn 0.3969 0.4666 0.7904
vn 0.4951 0.4278 0.7562
vn 0.4439 0.3730 0.8147
vn 0.4296 0.4063 0.8065
vn 0.4133 0.3647 0.8344
vn 0.4775 0.3139 0.8207
vn 0.4411 0.3722 0.8166
vn 0.5231 0.2763 0.8062
vn 0.0331 0.8377 0.5451
vn 0.1449 0.6430 0.7521
vn 0.1168 0.6555 0.7461
vn 0.1066 0.5936 0.7976
vn 0.1958 0.6019 0.7742
vn 0.2264 0.5916 0.7738
vn 0.3269 0.5833 0.7436
vn 0.3147 0.5380 0.7820
vn 0.3152 0.5381 0.7818
vn -0.5927 0.2763 0.7565
vn -0.6212 0.3754 0.6879
vn -0.6285 0.3886 0.6738
vn -0.4699 0.3854 0.7941
vn -0.4934 0.4429 0.7486
vn -0.4428 0.4935 0.7486
vn 0.0583 0.5655 0.8227
vn -0.0153 0.5985 0.8009
vn -0.0640 0.5897 0.8051
vn -0.0750 0.7026 0.7076
vn -0.2150 0.6966 0.6845
vn -0.0756 0.7001 0.7100
vn -0.2110 0.5794 0.7872
vn -0.1795 0.5196 0.8353
vn -0.2100 0.5597 0.8017
vn -0.2715 0.6695 0.6914
vn -0.3465 0.5406 0.7666
vn -0.2567 0.5784 0.7743
vn -0.3344 0.5130 0.7906
vn -0.3036 0.4838 0.8208
vn -0.4617 0.5944 0.6584
vn -0.2197 -0.6853 0.6944
vn -0.3895 0.3644 0.8459
vn -0.6168 -0.0017 0.7871
vn -0.3972 0.3564 0.8457
vn -0.4757 0.4071 0.7797
vn -0.5196 0.3188 0.7927
vn -0.5172 0.3180 0.7946
vn -0.5640 0.2879 0.7739
vn -0.5458 0.2908 0.7858
vn -0.5741 0.2661 0.7743
vn -0.5624 0.2695 0.7817
vn -0.6247 0.1934 0.7565
vn -0.5073 0.1380 0.8506
vn -0.7027 0.1486 0.6958
vn -0.5196 -0.2956 0.8016
vn -0.5199 -0.2955 0.8015
vn -0.6169 -0.0019 0.7871
vn -0.5473 0.0463 0.8356
vn -0.5773 -0.0194 0.8163
vn -0.7248 -0.0378 0.6879
vn -0.5722 -0.1672 0.8029
vn -0.5670 -0.1574 0.8086
vn -0.5663 -0.1675 0.8070
vn -0.5511 -0.1602 0.8189
vn -0.6914 -0.2447 0.6797
vn -0.5197 -0.2957 0.8016
vn -0.5261 -0.3802 0.7607
vn -0.5608 -0.3084 0.7683
vn -0.6332 -0.5558 0.5386
vn -0.4417 -0.3318 0.8336
vn -0.4429 -0.4109 0.7969
vn -0.4460 -0.4030 0.7992
vn -0.4632 -0.5499 0.6950
vn -0.5406 -0.4792 0.6915
vn -0.4746 -0.5578 0.6809
vn -0.2195 -0.6853 0.6944
vn -0.3141 -0.6629 0.6797
vn -0.3128 -0.6626 0.6806
vn -0.3448 -0.5010 0.7938
vn -0.3382 -0.4962 0.7996
vn -0.4729 -0.5630 0.6778
vn -0.2979 -0.6028 0.7402
vn -0.2146 -0.5633 0.7979
vn -0.2145 -0.5633 0.7979
vn -0.1257 -0.7203 0.6822
vn -0.1200 -0.7109 0.6930
vn 0.4474 -0.3033 0.8413
vn -0.0418 -0.6437 0.7642
vn -0.1352 -0.6524 0.7457
vn -0.0594 -0.5921 0.8037
vn -0.0686 -0.5838 0.8090
vn -0.0603 -0.5893 0.8056
vn 0.0821 -0.7193 0.6898
vn 0.0862 -0.5714 0.8161
vn 0.0941 -0.5685 0.8173
vn 0.0868 -0.5722 0.8155
vn 0.1029 -0.5808 0.8075
vn 0.3676 -0.6641 0.6510
vn 0.2497 -0.6089 0.7529
vn 0.3061 -0.5373 0.7859
vn 0.3226 -0.5334 0.7820
vn 0.3790 -0.4659 0.7996
vn 0.2985 -0.4519 0.8407
vn 0.5395 -0.4063 0.7374
vn 0.3780 -0.3596 0.8531
vn 0.4082 -0.2966 0.8634
vn 0.6293 -0.2087 0.7487
vn 0.4633 -0.1082 0.8795
vn 0.4650 -0.1049 0.8791
vn 0.4652 -0.1080 0.8786
vn 0.6413 0.0524 0.7655
vn 0.4408 0.0924 0.8928
vn 0.4410 0.0923 0.8927
vn 0.4464 0.1045 0.8887
vn 0.4565 0.2368 0.8576
vn 0.5107 0.1240 0.8507
vn 0.5748 0.4789 0.6635
vn 0.3395 0.1602 0.9269
vn 0.3409 0.2872 0.8952
vn 0.3448 0.2761 0.8972
vn 0.3675 0.4845 0.7939
vn 0.4721 0.3882 0.7915
vn 0.3796 0.5007 0.7780
vn 0.0095 0.6463 0.7631
vn 0.1394 0.6177 0.7740
vn 0.1512 0.6195 0.7703
vn 0.1759 0.4234 0.8887
vn 0.1840 0.4280 0.8848
vn 0.3801 0.4996 0.7784
vn -0.1004 0.6464 0.7563
vn -0.0338 0.4775 0.8780
vn 0.0095 0.6462 0.7631
vn 0.1147 0.5357 0.8366
vn -0.0152 0.4903 0.8714
vn -0.3893 0.3645 0.8459
vn -0.3990 0.3609 0.8430
vn -0.3387 0.5809 0.7402
vn -0.2435 0.4481 0.8602
vn -0.2161 0.4258 0.8786
vn -0.2444 0.4594 0.8540
vn -0.1128 0.5462 0.8300
vn -0.2493 0.5327 0.8087
vn -0.1268 0.6189 0.7752
vn -0.5422 0.0754 0.8369
vn -0.3509 0.1224 0.9284
vn -0.4751 0.0504 0.8785
vn -0.6324 0.0310 0.7741
vn -0.5750 -0.0403 0.8171
vn -0.5074 -0.1652 0.8457
vn -0.4754 -0.1134 0.8724
vn -0.4914 -0.2131 0.8445
vn -0.4931 -0.1658 0.8540
vn -0.6060 -0.2154 0.7657
vn -0.2936 -0.5590 0.7754
vn -0.2775 -0.5135 0.8120
vn -0.3676 -0.4888 0.7912
vn -0.3969 -0.4666 0.7904
vn -0.4951 -0.4279 0.7562
vn -0.4436 -0.3729 0.8150
vn -0.4293 -0.4061 0.8067
vn -0.4132 -0.3648 0.8344
vn -0.4776 -0.3139 0.8206
vn -0.4410 -0.3725 0.8166
vn -0.5232 -0.2763 0.8062
vn 0.4131 -0.5212 0.7468
vn 0.5802 -0.6622 0.4741
vn 0.3038 -0.4839 0.8207
vn 0.3344 -0.5129 0.7906
vn 0.2567 -0.5783 0.7744
vn 0.3464 -0.5405 0.7667
vn 0.2715 -0.6694 0.6915
vn 0.2101 -0.5597 0.8016
vn 0.1795 -0.5196 0.8354
vn 0.2110 -0.5794 0.7873
vn 0.0754 -0.7010 0.7092
vn 0.2121 -0.6977 0.6843
vn 0.0750 -0.7026 0.7077
vn 0.0640 -0.5897 0.8051
vn 0.0153 -0.5985 0.8010
vn 0.0558 -0.6150 0.7866
vn -0.1298 -0.6744 0.7269
vn -0.1446 -0.6427 0.7523
vn -0.1166 -0.6553 0.7463
vn -0.1066 -0.5937 0.7976
vn -0.1959 -0.6019 0.7742
vn -0.2266 -0.5916 0.7737
vn -0.3268 -0.5834 0.7435
vn -0.3145 -0.5378 0.7822
vn 0.4934 -0.4430 0.7486
vn 0.4699 -0.3854 0.7942
vn 0.6286 -0.3886 0.6737
vn 0.6212 -0.3755 0.6878
vn 0.6025 -0.1169 0.7895
vn 0.6528 -0.1962 0.7317
vn 0.6914 -0.2294 0.6850
vn 0.5449 -0.2664 0.7950
vn 0.4662 -0.3148 0.8268
vn 0.5926 -0.2763 0.7566
vn 0.5927 -0.2761 0.7566
vn 0.5843 -0.1483 0.7978
vn 0.5987 -0.0708 0.7978
vn 0.6001 -0.1173 0.7913
vn 0.7173 -0.0349 0.6959
vn 0.5407 0.3115 0.7814
vn 0.5289 0.2197 0.8197
vn 0.5833 0.2125 0.7840
vn 0.6215 0.1846 0.7614
vn 0.6812 0.1694 0.7123
vn 0.6259 0.0721 0.7765
vn 0.6081 0.1144 0.7856
vn 0.5898 0.0497 0.8060
vn 0.6260 0.0257 0.7794
vn 0.6056 0.0592 0.7936
vn 0.6665 -0.0090 0.7455
vn 0.2499 0.7069 0.6617
vn 0.4436 0.4683 0.7642
vn 0.3926 0.4916 0.7773
vn 0.4060 0.3639 0.8383
vn 0.4629 0.3780 0.8018
vn 0.5123 0.3634 0.7781
vn 0.5769 0.3657 0.7304
vn 0.5741 0.2769 0.7705
vn 0.5721 0.2799 0.7709
vn -0.5422 0.0753 0.8369
vn -0.5720 0.2281 0.7879
vn -0.5828 0.2565 0.7710
vn -0.3827 0.2466 0.8903
vn -0.4147 0.3402 0.8440
vn -0.3383 0.4166 0.8438
vn 0.3665 0.4021 0.8390
vn 0.2738 0.4423 0.8541
vn 0.2403 0.4348 0.8679
vn 0.1692 0.6247 0.7623
vn 0.0102 0.6148 0.7886
vn 0.1696 0.6184 0.7674
vn 0.0410 0.4810 0.8758
vn 0.0777 0.4320 0.8985
vn 0.0446 0.4651 0.8841
vn -0.0913 0.6265 0.7740
vn -0.1776 0.4716 0.8637
vn -0.0544 0.5231 0.8505
vn -0.1573 0.4356 0.8863
vn -0.1226 0.4086 0.9045
vn -0.3603 0.5419 0.7593
vn -0.4902 0.1473 0.8591
vn -0.5663 0.3100 0.7637
vn -0.3971 0.3337 0.8550
vn -0.2141 0.3682 0.9048
vn -0.4620 0.1917 0.8659
vn -0.4610 0.1897 0.8669
vn -0.4636 0.1492 0.8734
vn -0.6277 0.0641 0.7758
vn -0.4767 -0.0604 0.8770
vn -0.4679 -0.0163 0.8836
vn -0.4562 -0.0526 0.8883
vn -0.4683 -0.1325 0.8736
vn -0.4904 -0.0657 0.8690
vn -0.5896 -0.1929 0.7843
vn -0.3852 -0.2519 0.8878
vn -0.4588 -0.5032 0.7323
vn -0.2329 -0.5439 0.8062
vn -0.2221 -0.4107 0.8843
vn -0.2953 -0.4231 0.8566
vn -0.4382 -0.4004 0.8048
vn -0.3605 -0.1907 0.9130
vn -0.3910 -0.3560 0.8487
vn -0.4412 -0.2953 0.8474
vn -0.4415 -0.2952 0.8473
vn 0.0752 -0.6106 0.7884
vn 0.0751 -0.6105 0.7885
vn -0.0011 -0.6221 0.7829
vn -0.0168 -0.4915 0.8707
vn -0.0632 -0.4505 0.8905
vn -0.0243 -0.5154 0.8566
vn -0.2311 -0.5407 0.8089
vn -0.1997 -0.6146 0.7631
vn -0.2923 -0.5116 0.8080
vn 0.3747 -0.4181 0.8275
vn 0.3730 -0.4196 0.8275
vn 0.2395 -0.5823 0.7769
vn 0.2018 -0.4899 0.8481
vn 0.1287 -0.5476 0.8268
vn 0.0080 -0.5857 0.8105
vn 0.3269 -0.4326 0.8402
vn 0.3263 -0.4329 0.8403
vn 0.3683 -0.3962 0.8411
vn 0.4519 -0.4928 0.7436
vn 0.4872 -0.3450 0.8023
vn 0.5067 -0.3454 0.7899
vn 0.5430 -0.3136 0.7790
vn 0.5582 -0.3144 0.7679
vn 0.5673 -0.1932 0.8005
vn 0.6584 -0.2296 0.7167
vn 0.6534 -0.0587 0.7547
vn 0.6534 -0.0588 0.7548
vn 0.4228 -0.0296 0.9057
vn 0.5933 -0.0251 0.8046
vn 0.6841 -0.0376 0.7284
vn 0.6142 0.1308 0.7782
vn 0.5851 0.0901 0.8060
vn 0.5852 0.0916 0.8057
vn 0.5858 0.1351 0.7991
vn 0.6873 0.1614 0.7082
vn 0.5567 0.2751 0.7838
vn 0.5489 0.2405 0.8005
vn 0.5371 0.2708 0.7989
vn 0.5446 0.3162 0.7768
vn 0.5581 0.2756 0.7827
vn 0.6325 0.3468 0.6926
vn 0.4728 0.3874 0.7914
vn 0.5319 0.5603 0.6350
vn 0.3744 0.6026 0.7048
vn 0.3703 0.4851 0.7922
vn 0.4086 0.4958 0.7663
vn 0.5150 0.4925 0.7016
vn 0.4563 0.3508 0.8178
vn 0.4785 0.4584 0.7489
vn 0.5139 0.4157 0.7504
vn 0.5137 0.4155 0.7506
vn 0.1659 0.6821 0.7122
vn 0.1662 0.6821 0.7122
vn 0.2084 0.6920 0.6912
vn 0.2457 0.5573 0.7931
vn 0.2701 0.5366 0.7994
vn 0.2474 0.5697 0.7837
vn 0.3744 0.6023 0.7050
vn 0.3538 0.6483 0.6742
vn 0.4242 0.5758 0.6989
vn -0.0568 0.5918 0.8041
vn -0.0566 0.5917 0.8042
vn 0.0147 0.7097 0.7044
vn 0.0929 0.5980 0.7961
vn 0.1255 0.6318 0.7649
vn 0.2079 0.6669 0.7155
vn -0.4638 0.3491 0.8143
vn -0.4637 0.3493 0.8143
vn -0.4754 0.4909 0.7301
vn -0.3108 0.4765 0.8224
vn -0.3136 0.5590 0.7675
vn -0.2696 0.5626 0.7815
vn -0.2405 0.5875 0.7727
vn -0.1984 0.5834 0.7876
vn -0.0330 0.5994 0.7998
vn -0.0328 0.5994 0.7998
vn -0.0507 0.5820 0.8116
vn -0.1125 0.6264 0.7714
vn -0.1913 0.6096 0.7693
vn 0.2747 0.3338 0.9017
vn -0.7790 0.0621 0.6239
vn 0.0130 -0.7814 0.6239
vn 0.7528 -0.2099 0.6239
vn 0.4966 0.6034 0.6239
vn 0.1366 0.7695 0.6239
vn -0.2585 0.7375 0.6239
vn -0.4642 -0.8573 0.2226
vn -0.1086 -0.9688 0.2226
vn 0.2629 -0.9388 0.2226
vn 0.3808 -0.8975 0.2226
vn 0.7114 -0.6665 0.2229
vn 0.9748 -0.0151 0.2225
vn 0.9687 0.1097 0.2225
vn 0.8567 0.4652 0.2226
vn 0.5182 0.8258 0.2226
vn 0.0463 0.9738 0.2226
vn -0.4375 0.8712 0.2226
vn -0.2022 0.9537 0.2226
vn -0.3225 0.9200 0.2226
vn -0.0786 0.9717 0.2226
vn 0.2918 0.9302 0.2226
vn 0.1705 0.9599 0.2226
vn 0.1704 0.9599 0.2226
vn 0.4083 0.8853 0.2226
vn 0.7107 0.6673 0.2226
vn 0.6195 0.7527 0.2226
vn 0.6196 0.7528 0.2225
vn 0.5182 0.8258 0.2225
vn 0.9092 0.3518 0.2226
vn 0.9092 0.3519 0.2225
vn 0.9468 0.2327 0.2225
vn 0.9467 0.2327 0.2227
vn 0.9467 0.2328 0.2226
vn 0.9649 -0.1396 0.2225
vn 0.8979 -0.3798 0.2226
vn 0.9391 -0.2618 0.2226
vn 0.8420 -0.4915 0.2226
vn 0.8420 -0.4915 0.2225
vn 0.7722 -0.5951 0.2226
vn 0.5960 -0.7715 0.2225
vn 0.5960 -0.7715 0.2226
vn 0.4925 -0.8414 0.2226
vn 0.4924 -0.8414 0.2226
vn 0.1407 -0.9647 0.2226
vn 0.0162 -0.9748 0.2226
vn -0.2316 -0.9470 0.2226
vn -0.3508 -0.9096 0.2226
vn -0.5700 -0.7909 0.2227
vn -0.5700 -0.7909 0.2226
vn -0.7520 -0.6204 0.2226
vn -0.6665 -0.7115 0.2226
vn -0.5701 -0.7909 0.2226
vn -0.8252 -0.5192 0.2226
vn -0.9299 -0.2929 0.2225
vn -0.8848 -0.4093 0.2225
vn -0.8848 -0.4094 0.2226
vn -0.9737 -0.0474 0.2227
vn -0.9597 -0.1716 0.2227
vn -0.9597 -0.1716 0.2226
vn -0.9540 0.2011 0.2225
vn -0.9539 0.2012 0.2226
vn -0.9718 0.0775 0.2226
vn -0.9738 -0.0474 0.2226
vn -0.9204 0.3215 0.2225
vn -0.8087 0.5444 0.2227
vn -0.8717 0.4365 0.2227
vn -0.8717 0.4365 0.2226
vn -0.9204 0.3215 0.2226
vn -0.7325 0.6434 0.2226
vn -0.5453 0.8081 0.2226
vn -0.6442 0.7317 0.2226
vn -0.1621 0.7645 0.6239
vn -0.0630 0.7789 0.6239
vn -0.0630 0.7790 0.6239
vn 0.2339 0.7457 0.6239
vn 0.4084 0.8853 0.2226
vn 0.3273 0.7096 0.6239
vn 0.6868 0.3729 0.6239
vn 0.7288 0.2820 0.6239
vn 0.7589 0.1865 0.6239
vn 0.7765 0.0879 0.6240
vn 0.7814 -0.0121 0.6240
vn 0.7814 -0.0121 0.6239
vn 0.7198 -0.3044 0.6239
vn 0.6749 -0.3940 0.6239
vn 0.6190 -0.4770 0.6239
vn 0.5529 -0.5523 0.6239
vn 0.4778 -0.6185 0.6239
vn 0.3948 -0.6745 0.6239
vn 0.3053 -0.7194 0.6239
vn 0.2108 -0.7525 0.6239
vn -0.0870 -0.7766 0.6239
vn -0.1856 -0.7591 0.6239
vn -0.2812 -0.7291 0.6239
vn -0.3721 -0.6872 0.6239
vn -0.4570 -0.6340 0.6239
vn -0.5343 -0.5703 0.6239
vn -0.6028 -0.4973 0.6239
vn -0.6615 -0.4162 0.6239
vn -0.7093 -0.3282 0.6239
vn -0.7693 -0.1375 0.6239
vn -0.7454 -0.2348 0.6239
vn -0.7647 0.1612 0.6239
vn -0.7378 0.2577 0.6239
vn -0.6988 0.3499 0.6239
vn -0.5164 0.5866 0.6239
vn -0.5872 0.5157 0.6239
vn -0.6483 0.4364 0.6239
vn -0.4372 0.6478 0.6239
vn -0.2418 0.3583 0.9017
vn -0.3507 0.6984 0.6239
vn -0.1940 0.3863 0.9017
vn -0.1430 0.4079 0.9017
vn -0.0897 0.4229 0.9017
vn -0.0349 0.4309 0.9017
vn 0.0371 0.7806 0.6239
vn 0.0205 0.4318 0.9017
vn 0.0756 0.4256 0.9017
vn 0.2918 0.9302 0.2225
vn 0.4084 0.8853 0.2225
vn 0.1294 0.4125 0.9017
vn 0.1811 0.3925 0.9017
vn 0.1811 0.3926 0.9017
vn 0.2298 0.3662 0.9017
vn 0.4154 0.6620 0.6239
vn 0.4154 0.6619 0.6239
vn 0.7902 0.5710 0.2225
vn 0.7107 0.6673 0.2225
vn 0.5697 0.5349 0.6239
vn 0.3151 0.2959 0.9017
vn 0.6334 0.4577 0.6239
vn 0.7902 0.5710 0.2226
vn 0.3152 0.2958 0.9017
vn 0.3504 0.2532 0.9018
vn 0.6335 0.4577 0.6239
vn 0.6868 0.3730 0.6239
vn 0.8568 0.4652 0.2226
vn 0.8568 0.4652 0.2225
vn 0.3504 0.2532 0.9017
vn 0.3799 0.2063 0.9017
vn 0.4031 0.1560 0.9017
vn 0.4032 0.1560 0.9017
vn 0.4198 0.1032 0.9017
vn 0.7765 0.0880 0.6239
vn 0.4198 0.1032 0.9018
vn 0.4295 0.0487 0.9018
vn 0.4295 0.0486 0.9017
vn 0.4296 0.0487 0.9017
vn 0.4323 -0.0067 0.9017
vn 0.4322 -0.0067 0.9017
vn 0.4322 -0.0067 0.9018
vn 0.9649 -0.1396 0.2226
vn 0.7734 -0.1119 0.6239
vn 0.7735 -0.1119 0.6239
vn 0.4278 -0.0619 0.9018
vn 0.4164 -0.1161 0.9017
vn 0.8979 -0.3798 0.2225
vn 0.3733 -0.2179 0.9017
vn 0.3981 -0.1684 0.9017
vn 0.3424 -0.2639 0.9017
vn 0.6190 -0.4770 0.6240
vn 0.6529 -0.6522 0.3851
vn 0.6673 -0.7107 0.2228
vn 0.3059 -0.3055 0.9017
vn 0.3058 -0.3055 0.9017
vn 0.2643 -0.3421 0.9017
vn 0.2184 -0.3731 0.9017
vn 0.3947 -0.6745 0.6239
vn 0.1689 -0.3980 0.9017
vn 0.1689 -0.3979 0.9017
vn 0.1166 -0.4163 0.9017
vn 0.1128 -0.7733 0.6239
vn 0.0624 -0.4278 0.9017
vn 0.0072 -0.4322 0.9017
vn -0.1027 -0.4199 0.9017
vn -0.0482 -0.4296 0.9017
vn -0.0481 -0.4296 0.9017
vn -0.1555 -0.4033 0.9017
vn -0.2812 -0.7292 0.6239
vn -0.2528 -0.3507 0.9017
vn -0.2528 -0.3507 0.9018
vn -0.2058 -0.3801 0.9017
vn -0.2956 -0.3155 0.9017
vn -0.2955 -0.3155 0.9017
vn -0.3335 -0.2751 0.9017
vn -0.3334 -0.2751 0.9017
vn -0.3659 -0.2302 0.9017
vn -0.3923 -0.1815 0.9017
vn -0.7092 -0.3282 0.6239
vn -0.9299 -0.2929 0.2226
vn -0.4123 -0.1299 0.9017
vn -0.4256 -0.0761 0.9017
vn -0.4255 -0.0761 0.9018
vn -0.4255 -0.0761 0.9017
vn -0.7806 -0.0380 0.6239
vn -0.4318 -0.0210 0.9017
vn -0.4309 0.0344 0.9017
vn -0.9539 0.2011 0.2226
vn -0.4081 0.1425 0.9017
vn -0.4230 0.0892 0.9017
vn -0.3866 0.1936 0.9017
vn -0.8088 0.5444 0.2226
vn -0.3865 0.1936 0.9017
vn -0.3586 0.2414 0.9017
vn -0.3248 0.2853 0.9017
vn -0.2857 0.3245 0.9017
vn 0.7399 0.6725 -0.0163
vn -0.1542 0.9880 -0.0089
vn -0.6508 0.7592 -0.0000
vn -0.5002 0.8653 0.0318
vn -0.4585 0.8886 0.0121
vn -0.0006 0.9991 0.0416
vn -0.1507 0.9885 -0.0088
vn 0.4666 0.8842 0.0190
vn 0.5906 0.8006 0.1012
vn 0.4994 0.8662 -0.0155
vn 0.6944 0.6948 0.1872
vn 0.6939 0.6953 0.1873
vn 0.4668 0.8842 0.0190
vn 0.1743 0.9846 -0.0128
vn 0.9230 0.3849 -0.0046
vn 0.9229 0.3851 -0.0046
vn 0.8654 0.5003 0.0266
vn 0.9097 0.4034 0.0989
vn 0.8375 0.5452 0.0361
vn 0.9924 -0.1212 0.0204
vn 0.9947 0.0620 0.0817
vn 0.9988 0.0006 0.0484
vn 0.9984 0.0523 0.0216
vn 0.9754 0.2206 0.0010
vn 0.9553 -0.2948 -0.0236
vn 0.9553 -0.2947 -0.0236
vn 0.8663 -0.4995 -0.0000
vn 0.7999 -0.5852 0.1326
vn 0.8933 -0.4469 0.0470
vn 0.1560 -0.9876 -0.0171
vn 0.4560 -0.8897 0.0232
vn 0.5002 -0.8651 0.0376
vn 0.4506 -0.8885 0.0865
vn 0.6509 -0.7592 -0.0000
vn -0.1713 -0.9850 -0.0189
vn 0.0006 -0.9976 0.0699
vn 0.1546 -0.9878 -0.0170
vn 0.1562 -0.9876 -0.0171
vn -0.7356 -0.6772 -0.0162
vn -0.6162 -0.7875 0.0116
vn -0.4820 -0.8748 0.0478
vn -0.4992 -0.8658 0.0346
vn -0.4787 -0.8775 0.0289
vn -0.9217 -0.3879 -0.0030
vn -0.9217 -0.3878 -0.0030
vn -0.8486 -0.5257 0.0602
vn -0.8648 -0.5000 0.0461
vn -0.7328 -0.6803 -0.0162
vn -0.9922 0.1244 0.0108
vn -0.9569 0.2902 -0.0123
vn -0.9982 -0.0428 0.0427
vn -0.9982 -0.0429 0.0427
vn -0.9998 -0.0006 0.0179
vn -0.9751 -0.2218 0.0006
vn -0.9220 -0.3871 -0.0030
vn -0.8040 0.5946 -0.0000
vn -0.8896 0.4535 0.0549
vn -0.8658 0.4992 0.0353
vn -0.9568 0.2903 -0.0123
vn 0.9282 0.3718 -0.0147
vn -0.4689 0.8829 0.0238
vn -0.5002 0.8651 0.0368
vn -0.1759 0.9843 -0.0149
vn -0.1758 0.9843 -0.0149
vn 0.7580 0.6518 -0.0254
vn 0.6267 0.7792 0.0133
vn 0.4986 0.8648 0.0587
vn 0.4850 0.8734 0.0436
vn 0.3313 0.9435 0.0061
vn 0.1679 0.9857 -0.0152
vn 0.1680 0.9857 -0.0152
vn -0.0006 0.9999 -0.0150
vn 0.1449 0.9776 0.1524
vn -0.0158 0.9980 0.0616
vn 0.9283 0.3715 -0.0147
vn 0.9283 0.3716 -0.0147
vn 0.8630 0.4989 0.0794
vn 0.7582 0.6515 -0.0255
vn 0.7583 0.6514 -0.0255
vn 0.9987 0.0476 0.0198
vn 0.9993 0.0006 0.0386
vn 0.9970 0.0406 0.0660
vn 0.8340 -0.5514 0.0188
vn 0.9365 -0.3056 0.1722
vn 0.8663 -0.4995 0.0028
vn 0.9620 -0.2720 -0.0257
vn 0.9619 -0.2720 -0.0257
vn 0.4613 -0.8871 0.0166
vn 0.4614 -0.8871 0.0166
vn 0.5001 -0.8650 0.0408
vn 0.6525 -0.7578 -0.0000
vn 0.7327 -0.6806 -0.0000
vn -0.0010 -0.9992 0.0408
vn 0.1590 -0.9825 0.0966
vn 0.0006 -0.9995 0.0306
vn 0.1815 -0.9833 -0.0104
vn -0.1638 -0.9865 -0.0079
vn -0.1650 -0.9863 -0.0079
vn -0.1649 -0.9863 -0.0079
vn -0.7602 -0.6495 -0.0117
vn -0.7601 -0.6497 -0.0117
vn -0.7611 -0.6485 -0.0118
vn -0.6287 -0.7777 0.0059
vn -0.4993 -0.8660 0.0275
vn -0.4906 -0.8711 0.0231
vn -0.3333 -0.9428 0.0033
vn -0.9984 -0.0557 0.0096
vn -0.9994 -0.0006 0.0351
vn -0.9608 0.2768 -0.0180
vn -0.9289 -0.3702 -0.0073
vn -0.8657 -0.5005 -0.0072
vn -0.9231 -0.3772 0.0745
vn -0.9232 -0.3771 0.0745
vn -0.4740 0.8790 0.0527
vn -0.6524 0.7579 -0.0000
vn -0.7208 0.6932 -0.0000
vn -0.7464 0.6655 0.0022
vn -0.8407 0.5411 0.0197
vn -0.8655 0.4991 0.0425
vn -0.9608 0.2766 -0.0180
vn -0.9609 0.2764 -0.0180
vn -0.7399 -0.6725 -0.0162
vn -0.4561 0.8896 0.0233
vn -0.5002 0.8651 0.0376
vn 0.1712 0.9851 -0.0189
vn -0.1329 0.9816 0.1372
vn -0.0006 0.9976 0.0689
vn -0.1562 0.9876 -0.0171
vn 0.7356 0.6773 -0.0162
vn 0.6165 0.7873 0.0115
vn 0.4820 0.8749 0.0478
vn 0.4992 0.8658 0.0345
vn 0.4788 0.8775 0.0289
vn 0.1713 0.9850 -0.0189
vn 0.9217 0.3879 -0.0030
vn 0.8486 0.5257 0.0602
vn 0.8648 0.5000 0.0461
vn 0.7287 0.6846 -0.0163
vn 0.9982 0.0429 0.0427
vn 0.9982 0.0428 0.0427
vn 0.9998 0.0006 0.0179
vn 0.9751 0.2218 0.0006
vn 0.9218 0.3877 -0.0030
vn 0.9568 -0.2903 -0.0123
vn 0.9569 -0.2902 -0.0123
vn 0.9922 -0.1244 0.0107
vn 0.8007 -0.5953 0.0670
vn 0.8918 -0.4518 0.0241
vn 0.9569 -0.2901 -0.0124
vn 0.1543 -0.9880 -0.0089
vn 0.4584 -0.8886 0.0121
vn 0.4585 -0.8886 0.0121
vn 0.5002 -0.8653 0.0318
vn 0.0006 -0.9991 0.0416
vn 0.1516 -0.9884 -0.0091
vn -0.4666 -0.8842 0.0190
vn -0.5907 -0.8005 0.1013
vn -0.4994 -0.8662 -0.0152
vn -0.6939 -0.6954 0.1872
vn -0.4666 -0.8843 0.0190
vn -0.1742 -0.9846 -0.0128
vn -0.9226 -0.3858 -0.0046
vn -0.9228 -0.3852 -0.0046
vn -0.8654 -0.5003 0.0265
vn -0.9097 -0.4033 0.0989
vn -0.8375 -0.5452 0.0360
vn -0.9924 0.1212 0.0204
vn -0.9947 -0.0622 0.0818
vn -0.9988 -0.0006 0.0485
vn -0.9984 -0.0523 0.0216
vn -0.9754 -0.2206 0.0010
vn -0.4506 0.8885 0.0864
vn -0.6509 0.7592 -0.0000
vn -0.8663 0.4995 -0.0000
vn -0.8000 0.5852 0.1326
vn -0.8933 0.4470 0.0471
vn -0.9553 0.2946 -0.0236
vn -0.9553 0.2947 -0.0236
vn -0.9553 0.2948 -0.0236
vn -0.2391 -0.9707 -0.0244
vn 0.9529 0.3031 -0.0141
vn -0.6806 0.7327 -0.0000
vn -0.5912 0.8064 0.0131
vn -0.4999 0.8647 0.0477
vn -0.3972 0.9177 -0.0013
vn 0.0723 0.9972 0.0211
vn 0.0722 0.9972 0.0211
vn -0.0924 0.9937 0.0633
vn -0.0006 1.0000 0.0022
vn -0.3967 0.9179 -0.0013
vn -0.3973 0.9177 -0.0013
vn 0.4030 0.9151 0.0132
vn 0.2378 0.9712 -0.0128
vn 0.8048 0.5936 -0.0025
vn 0.6834 0.7300 0.0004
vn 0.4994 0.8662 0.0132
vn 0.5536 0.8315 0.0469
vn 0.5535 0.8315 0.0468
vn 0.9528 0.3033 -0.0141
vn 0.8651 0.5002 0.0371
vn 0.8044 0.5941 -0.0025
vn 0.8045 0.5940 -0.0025
vn 0.9387 -0.3446 -0.0133
vn 0.9997 0.0006 0.0224
vn 0.9995 -0.0116 0.0293
vn 0.6815 -0.7318 -0.0000
vn 0.7956 -0.6058 -0.0000
vn 0.8653 -0.4989 0.0479
vn 0.9387 -0.3445 -0.0133
vn 0.9386 -0.3446 -0.0133
vn 0.3983 -0.9172 -0.0013
vn 0.3988 -0.9170 -0.0013
vn 0.5005 -0.8657 0.0116
vn 0.4151 -0.9053 0.0902
vn 0.5984 -0.8011 0.0124
vn -0.2392 -0.9707 -0.0244
vn -0.0595 -0.9973 0.0420
vn 0.0006 -0.9978 0.0664
vn -0.0507 -0.9935 0.1016
vn 0.1070 -0.9943 0.0013
vn -0.6799 -0.7333 0.0013
vn -0.5472 -0.8367 0.0230
vn -0.4984 -0.8645 0.0645
vn -0.5427 -0.8353 0.0886
vn -0.3962 -0.9178 0.0241
vn -0.9508 -0.3085 -0.0272
vn -0.9508 -0.3086 -0.0271
vn -0.7976 -0.5892 0.1296
vn -0.8657 -0.5004 0.0134
vn -0.8017 -0.5977 -0.0072
vn -0.8016 -0.5978 -0.0073
vn -0.9980 0.0274 0.0574
vn -0.9993 -0.0006 0.0384
vn -0.9993 0.0229 0.0300
vn -0.7954 0.6060 -0.0000
vn -0.9230 0.3646 0.1229
vn -0.8654 0.4990 0.0455
vn -0.9405 0.3394 -0.0188
vn 0.0166 -0.9993 0.0329
vn 0.4187 0.9076 0.0328
vn 0.9706 0.2386 0.0328
vn 0.8638 -0.4895 -0.1196
vn 0.7640 -0.5888 -0.2639
vn 0.7676 -0.6401 0.0328
vn 0.7917 -0.6101 0.0328
vn 0.8629 -0.5037 -0.0401
vn 0.9604 -0.2678 0.0765
vn 0.9293 -0.3246 -0.1761
vn 0.9183 -0.3884 0.0764
vn 0.9798 -0.1417 -0.1409
vn 0.9867 -0.1557 -0.0474
vn 0.9993 -0.0155 0.0328
vn 0.9993 -0.0154 0.0328
vn 0.9865 0.0227 -0.1621
vn 0.9895 0.1121 0.0910
vn 0.9790 0.2011 0.0328
vn 0.9367 0.2302 -0.2638
vn 0.9318 0.3606 -0.0402
vn 0.9212 0.3702 -0.1196
vn 0.8762 0.4758 0.0765
vn 0.8332 0.5242 -0.1761
vn 0.8082 0.5839 0.0765
vn 0.6352 0.7717 0.0328
vn 0.7369 0.6743 -0.0474
vn 0.7217 0.6777 -0.1409
vn 0.6351 0.7717 0.0328
vn 0.5973 0.7854 -0.1621
vn 0.5293 0.8435 0.0909
vn 0.4532 0.8908 0.0328
vn 0.4040 0.8759 -0.2639
vn 0.2991 0.9534 -0.0401
vn 0.2850 0.9510 -0.1196
vn 0.1743 0.9817 0.0765
vn 0.1096 0.9782 -0.1761
vn 0.0473 0.9959 0.0765
vn -0.2074 0.9777 0.0329
vn -0.0678 0.9966 -0.0474
vn -0.0798 0.9868 -0.1409
vn -0.2073 0.9777 0.0329
vn -0.2417 0.9567 -0.1621
vn -0.3295 0.9398 0.0910
vn -0.5659 0.8158 -0.1196
vn -0.5589 0.8282 -0.0401
vn -0.4485 0.8932 0.0329
vn -0.4139 0.9097 0.0328
vn -0.4329 0.8620 -0.2639
vn -0.7491 0.6580 0.0765
vn -0.6965 0.6956 -0.1762
vn -0.6589 0.7484 0.0765
vn -0.8213 0.5528 -0.1409
vn -0.8214 0.5684 -0.0474
vn -0.8937 0.4474 0.0329
vn -0.8937 0.4475 0.0329
vn -0.8987 0.4076 -0.1621
vn -0.9402 0.3284 0.0910
vn -0.9959 -0.0485 0.0764
vn -0.9906 0.0662 -0.1196
vn -0.9960 0.0794 -0.0402
vn -0.9779 0.2063 0.0329
vn -0.9693 0.2436 0.0329
vn -0.9438 0.1990 -0.2639
vn -0.9781 -0.1108 -0.1762
vn -0.9815 -0.1755 0.0765
vn -0.9071 -0.4196 0.0328
vn -0.9565 -0.2878 -0.0474
vn -0.9443 -0.2974 -0.1409
vn -0.9071 -0.4197 0.0328
vn -0.8790 -0.4485 -0.1621
vn -0.8429 -0.5303 0.0909
vn -0.6694 -0.7332 -0.1196
vn -0.6831 -0.7292 -0.0401
vn -0.7710 -0.6360 0.0329
vn -0.7948 -0.6059 0.0328
vn -0.7440 -0.6138 -0.2639
vn -0.4748 -0.8768 0.0765
vn -0.5232 -0.8338 -0.1761
vn -0.5830 -0.8089 0.0765
vn -0.3562 -0.9237 -0.1409
vn -0.3713 -0.9273 -0.0474
vn -0.2374 -0.9709 0.0328
vn -0.1974 -0.9668 -0.1621
vn -0.1109 -0.9897 0.0909
vn -0.0218 -0.9992 0.0328
vn 0.0160 -0.9644 -0.2639
vn 0.1442 -0.9887 -0.0401
vn 0.1559 -0.9805 -0.1196
vn 0.2689 -0.9601 0.0765
vn 0.3257 -0.9289 -0.1761
vn 0.3895 -0.9179 0.0765
vn 0.4935 -0.8685 -0.0474
vn 0.5001 -0.8544 -0.1409
vn 0.7298 -0.6837 -0.0000
vn 0.6845 -0.7290 -0.0000
vn 0.6328 -0.7571 -0.1621
vn 0.6110 -0.7909 0.0329
vn 0.5475 0.8368 -0.0000
vn 0.1675 0.9859 -0.0000
vn 0.1676 0.9859 -0.0000
vn -0.2402 0.9707 -0.0000
vn -0.6080 0.7940 -0.0000
vn -0.6070 -0.7947 -0.0000
vn -0.2391 -0.9710 -0.0000
vn 0.1687 -0.9857 -0.0000
vn 0.5485 -0.8361 -0.0000
vn 0.5485 -0.8362 -0.0000
vn 0.7075 -0.7067 -0.0000
vn 0.7947 -0.6071 -0.0000
vn 0.9710 -0.2391 -0.0000
vn 0.9857 0.1687 -0.0000
vn 0.8362 0.5485 -0.0000
vn 0.8362 0.5484 -0.0000
vn -0.8368 0.5474 -0.0000
vn -0.8368 0.5475 -0.0000
vn -0.9859 0.1675 -0.0000
vn -0.9707 -0.2401 -0.0000
vn -0.7939 -0.6080 -0.0000
vn 0.6071 0.7946 -0.0000
vn 0.6070 0.7947 -0.0000
vn 0.2391 0.9710 -0.0000
vn 0.2390 0.9710 -0.0000
vn -0.1688 0.9857 -0.0000
vn -0.1686 0.9857 -0.0000
vn -0.5485 0.8361 -0.0000
vn -0.5485 0.8362 -0.0000
vn -0.5475 -0.8368 -0.0000
vn -0.1676 -0.9859 -0.0000
vn 0.2403 -0.9707 -0.0000
vn 0.2402 -0.9707 -0.0000
vn 0.6080 -0.7940 -0.0000
vn -0.7947 0.6070 -0.0000
vn -0.7947 0.6071 -0.0000
vn -0.9710 0.2391 -0.0000
vn -0.9857 -0.1687 -0.0000
vn -0.8362 -0.5484 -0.0000
vn 0.8368 -0.5474 -0.0000
vn 0.8368 -0.5475 -0.0000
vn 0.9859 -0.1675 -0.0000
vn 0.9707 0.2401 -0.0000
vn 0.7939 0.6080 -0.0000
vn -0.8657 -0.5005 -0.0000
vn 0.4995 0.8663 -0.0000
vn -0.0006 1.0000 -0.0000
vn -0.5005 0.8657 -0.0000
vn -1.0000 -0.0006 -0.0000
vn -0.4995 -0.8663 -0.0000
vn 0.5005 -0.8657 -0.0000
vn 1.0000 0.0006 -0.0000
vn 0.8658 0.5005 -0.0000
vn 0.8657 0.5005 -0.0000
vn -0.8123 0.5833 -0.0000
vn -0.9028 0.4301 -0.0000
vn -0.9647 0.2634 -0.0000
vn -0.9961 0.0884 -0.0000
vn -0.9960 -0.0895 -0.0000
vn -0.9644 -0.2645 -0.0000
vn -0.9023 -0.4312 -0.0000
vn -0.8116 -0.5842 -0.0000
vn -1.0000 -0.0005 -0.0000
vn 1.0000 0.0005 -0.0000
vn -0.5833 -0.8123 -0.0000
vn -0.4301 -0.9028 -0.0000
vn -0.2634 -0.9647 -0.0000
vn -0.0883 -0.9961 -0.0000
vn 0.0895 -0.9960 -0.0000
vn 0.2645 -0.9644 -0.0000
vn 0.4312 -0.9023 -0.0000
vn 0.5842 -0.8116 -0.0000
vn 0.8123 -0.5833 -0.0000
vn 0.9028 -0.4301 -0.0000
vn 0.9647 -0.2634 -0.0000
vn 0.9961 -0.0884 -0.0000
vn 0.9960 0.0895 -0.0000
vn 0.9644 0.2645 -0.0000
vn 0.9023 0.4312 -0.0000
vn 0.8116 0.5842 -0.0000
vn -0.5005 0.8658 -0.0000
vn 0.5833 0.8123 -0.0000
vn 0.4301 0.9028 -0.0000
vn 0.2634 0.9647 -0.0000
vn 0.0883 0.9961 -0.0000
vn -0.0895 0.9960 -0.0000
vn -0.2645 0.9644 -0.0000
vn -0.4312 0.9023 -0.0000
vn -0.5842 0.8116 -0.0000
vn 0.2165 0.9763 -0.0000
vn 0.1404 0.9894 -0.0380
vn -0.1481 0.9884 0.0333
vn -0.3167 0.9476 -0.0415
vn -0.5423 0.8394 0.0356
vn -0.7069 0.7061 -0.0427
vn -0.8401 0.5413 0.0356
vn -0.9480 0.3156 -0.0415
vn -0.9886 0.1469 0.0333
vn -0.9892 -0.1415 -0.0380
vn -0.9760 -0.2176 -0.0000
vn -0.9859 -0.1675 -0.0000
vn -0.9876 -0.1568 0.0044
vn -0.9621 0.2728 -0.0049
vn -0.9623 0.2718 -0.0049
vn -0.9624 0.2715 -0.0049
vn -0.7596 0.6503 0.0044
vn -0.7526 0.6585 -0.0000
vn -0.2559 0.9661 -0.0347
vn -0.3607 0.9309 0.0577
vn -0.3784 0.9256 0.0116
vn -0.4944 0.8692 -0.0100
vn -0.5262 0.8503 -0.0100
vn -0.4914 0.8637 0.1125
vn -0.5763 0.8173 -0.0000
vn 0.1282 0.9914 -0.0254
vn -0.0006 0.9992 0.0393
vn -0.1294 0.9913 -0.0254
vn -0.1840 0.9826 -0.0254
vn -0.1278 0.9792 0.1574
vn 0.1824 0.9803 0.0761
vn 0.2548 0.9664 -0.0347
vn 0.4935 0.8697 -0.0100
vn 0.3601 0.9328 0.0146
vn 0.3763 0.9236 0.0730
vn 0.2547 0.9664 -0.0347
vn 0.4934 0.8697 -0.0100
vn 0.5239 0.8489 0.0700
vn 0.5753 0.8179 -0.0000
vn 0.7518 0.6594 -0.0000
vn 0.7589 0.6512 0.0044
vn 0.9617 0.2742 -0.0049
vn 0.9620 0.2729 -0.0049
vn 0.9878 -0.1557 0.0044
vn 0.9861 -0.1664 -0.0000
vn 0.9763 -0.2164 -0.0000
vn 0.9894 -0.1404 -0.0380
vn 0.9884 0.1481 0.0333
vn 0.9476 0.3167 -0.0415
vn 0.8394 0.5423 0.0356
vn 0.7061 0.7069 -0.0427
vn 0.5413 0.8401 0.0356
vn 0.3156 0.9480 -0.0415
vn 0.1469 0.9886 0.0333
vn -0.1415 0.9892 -0.0380
vn -0.2176 0.9760 -0.0000
vn -0.1675 0.9859 -0.0000
vn -0.1568 0.9876 0.0044
vn 0.2715 0.9624 -0.0049
vn 0.2718 0.9623 -0.0049
vn 0.6503 0.7596 0.0044
vn 0.6585 0.7526 -0.0000
vn 0.8691 0.4945 -0.0100
vn 0.8503 0.5262 -0.0100
vn 0.8637 0.4914 0.1125
vn 0.8173 0.5762 -0.0000
vn 0.9256 0.3784 0.0116
vn 0.9309 0.3607 0.0577
vn 0.9661 0.2559 -0.0347
vn 0.9826 0.1840 -0.0254
vn 0.9792 0.1278 0.1573
vn 0.9992 0.0006 0.0392
vn 0.9992 0.0006 0.0393
vn 0.9913 0.1293 -0.0254
vn 0.9664 -0.2548 -0.0347
vn 0.9664 -0.2547 -0.0347
vn 0.9803 -0.1824 0.0761
vn 0.9914 -0.1282 -0.0254
vn 0.9914 -0.1281 -0.0254
vn 0.9236 -0.3763 0.0730
vn 0.9328 -0.3601 0.0147
vn 0.8697 -0.4935 -0.0100
vn 0.8489 -0.5239 0.0700
vn 0.8180 -0.5753 -0.0000
vn 0.6594 -0.7518 -0.0000
vn 0.6512 -0.7589 0.0044
vn 0.2731 -0.9620 -0.0049
vn 0.2729 -0.9620 -0.0049
vn 0.2730 -0.9620 -0.0049
vn -0.1557 -0.9878 0.0044
vn -0.1663 -0.9861 -0.0000
vn -0.2165 -0.9763 -0.0000
vn -0.1404 -0.9894 -0.0380
vn 0.1481 -0.9884 0.0333
vn 0.3167 -0.9476 -0.0415
vn 0.5423 -0.8395 0.0356
vn 0.5423 -0.8394 0.0356
vn 0.7069 -0.7060 -0.0427
vn 0.8401 -0.5413 0.0356
vn 0.9480 -0.3156 -0.0415
vn 0.9886 -0.1469 0.0333
vn 0.9892 0.1415 -0.0380
vn 0.9760 0.2176 -0.0000
vn 0.9859 0.1675 -0.0000
vn 0.9876 0.1568 0.0044
vn 0.9621 -0.2726 -0.0049
vn 0.9623 -0.2718 -0.0049
vn 0.9624 -0.2715 -0.0049
vn 0.7596 -0.6503 0.0044
vn 0.7525 -0.6585 -0.0000
vn 0.2559 -0.9661 -0.0347
vn 0.3607 -0.9309 0.0577
vn 0.3784 -0.9256 0.0116
vn 0.4945 -0.8691 -0.0100
vn 0.5262 -0.8503 -0.0100
vn 0.4913 -0.8637 0.1125
vn 0.5763 -0.8173 -0.0000
vn 0.1840 -0.9826 -0.0254
vn 0.1278 -0.9792 0.1574
vn 0.0006 -0.9992 0.0393
vn 0.1293 -0.9913 -0.0254
vn -0.2548 -0.9664 -0.0347
vn -0.1824 -0.9803 0.0761
vn -0.1282 -0.9914 -0.0254
vn -0.3763 -0.9236 0.0730
vn -0.3601 -0.9328 0.0146
vn -0.4935 -0.8697 -0.0100
vn -0.5239 -0.8489 0.0700
vn -0.5753 -0.8180 -0.0000
vn -0.7518 -0.6593 -0.0000
vn -0.7589 -0.6512 0.0044
vn -0.9617 -0.2741 -0.0049
vn -0.9620 -0.2729 -0.0049
vn -0.9621 -0.2726 -0.0049
vn -0.9878 0.1557 0.0044
vn -0.9861 0.1664 -0.0000
vn -0.9763 0.2164 -0.0000
vn -0.9894 0.1404 -0.0380
vn -0.9884 -0.1481 0.0333
vn -0.9476 -0.3167 -0.0415
vn -0.8394 -0.5423 0.0356
vn -0.7061 -0.7069 -0.0427
vn -0.5413 -0.8401 0.0356
vn -0.3156 -0.9480 -0.0415
vn -0.1469 -0.9886 0.0333
vn 0.1415 -0.9892 -0.0380
vn 0.2176 -0.9760 -0.0000
vn 0.1675 -0.9859 -0.0000
vn 0.1568 -0.9876 0.0044
vn -0.2712 -0.9625 -0.0049
vn -0.2719 -0.9623 -0.0049
vn -0.2718 -0.9623 -0.0049
vn -0.6503 -0.7596 0.0044
vn -0.6585 -0.7526 -0.0000
vn -0.9661 -0.2559 -0.0347
vn -0.9309 -0.3607 0.0577
vn -0.9256 -0.3784 0.0116
vn -0.8691 -0.4945 -0.0100
vn -0.8503 -0.5262 -0.0100
vn -0.8637 -0.4914 0.1125
vn -0.8173 -0.5762 -0.0000
vn -0.9914 0.1281 -0.0254
vn -0.9992 -0.0006 0.0392
vn -0.9992 -0.0006 0.0393
vn -0.9913 -0.1293 -0.0254
vn -0.9826 -0.1840 -0.0254
vn -0.9792 -0.1278 0.1573
vn -0.9914 0.1282 -0.0254
vn -0.9803 0.1824 0.0761
vn -0.9664 0.2547 -0.0347
vn -0.8697 0.4935 -0.0100
vn -0.9328 0.3601 0.0147
vn -0.9236 0.3763 0.0730
vn -0.9664 0.2548 -0.0347
vn -0.8489 0.5239 0.0700
vn -0.8180 0.5753 -0.0000
vn -0.6594 0.7518 -0.0000
vn -0.6512 0.7589 0.0044
vn -0.2728 0.9621 -0.0049
vn -0.2729 0.9620 -0.0049
vn -0.2732 0.9619 -0.0049
vn 0.1557 0.9878 0.0044
vn 0.1663 0.9861 -0.0000
vn -0.1865 0.0114 -0.9824
vn 0.2132 0.9614 -0.1738
vn 0.1177 0.5309 -0.8392
vn 0.0362 0.1634 -0.9859
vn 0.0402 0.1730 -0.9841
vn -0.0768 0.2099 -0.9747
vn -0.0185 0.1232 -0.9922
vn -0.0115 0.1877 -0.9822
vn -0.0114 0.1877 -0.9822
vn -0.0678 0.0911 -0.9935
vn -0.0963 0.1491 -0.9841
vn -0.1432 0.1075 -0.9838
vn -0.1063 0.0685 -0.9920
vn -0.2121 0.0781 -0.9741
vn -0.1875 0.0279 -0.9819
vn -0.1054 0.0065 -0.9944
vn -0.1641 -0.0636 -0.9844
vn -0.8248 -0.1839 -0.5346
vn -0.9612 -0.2143 -0.1740
vn -0.9612 -0.2143 -0.1739
vn -0.8281 0.5336 -0.1719
vn -0.9744 0.1449 -0.1719
vn -0.9744 0.1448 -0.1722
vn -0.5345 0.8275 -0.1720
vn -0.5346 0.8274 -0.1720
vn -0.8281 0.5336 -0.1720
vn -0.1460 0.9742 -0.1720
vn -0.1460 0.9742 -0.1719
vn -0.5345 0.8274 -0.1721
vn -0.1716 -0.0397 -0.9844
vn -0.1644 -0.0367 -0.9857
vn -0.5307 -0.1183 -0.8393
vn -0.5419 0.0805 -0.8366
vn -0.4605 0.2968 -0.8366
vn -0.4605 0.2967 -0.8366
vn -0.2973 0.4602 -0.8366
vn -0.0812 0.5418 -0.8366
vn 0.1177 0.5308 -0.8393
vn 0.1829 0.8251 -0.5346
vn 0.1829 0.8251 -0.5345
vn -0.1256 0.8383 -0.5305
vn -0.1256 0.8384 -0.5304
vn -0.4600 0.7121 -0.5304
vn -0.7126 0.4592 -0.5304
vn -0.7125 0.4591 -0.5306
vn -0.8384 0.1246 -0.5306
vn -0.8385 0.1246 -0.5304
vn -0.8249 -0.1839 -0.5345
vn -0.9482 0.2675 -0.1711
vn -0.1410 0.1067 -0.9842
vn -0.1157 0.1329 -0.9844
vn -0.1610 0.1409 -0.9768
vn -0.4119 0.3604 -0.8369
vn -0.6378 0.5580 -0.5309
vn -0.7413 0.6487 -0.1723
vn -0.7414 0.6487 -0.1721
vn -0.9479 0.2687 -0.1709
vn -0.9711 -0.1650 -0.1723
vn -0.9711 -0.1650 -0.1722
vn -0.8353 -0.1419 -0.5312
vn -0.8354 -0.1419 -0.5311
vn -0.5396 -0.0917 -0.8369
vn -0.1776 -0.0284 -0.9837
vn -0.1710 -0.0290 -0.9848
vn -0.1708 -0.0276 -0.9849
vn -0.1814 0.0530 -0.9820
vn -0.9482 0.2678 -0.1707
vn -0.9482 0.2679 -0.1710
vn -0.8170 0.2308 -0.5284
vn -0.8172 0.2308 -0.5281
vn -0.5294 0.1495 -0.8351
vn -0.1748 0.0494 -0.9834
vn -0.1406 0.1062 -0.9844
vn 0.1012 0.1439 -0.9844
vn 0.4846 0.6890 -0.5390
vn 0.5663 0.8052 -0.1757
vn 0.5663 0.8052 -0.1758
vn 0.4858 0.8562 -0.1756
vn 0.4858 0.8563 -0.1753
vn 0.4859 0.8562 -0.1754
vn 0.3715 0.9117 -0.1754
vn 0.2510 0.9520 -0.1755
vn 0.2510 0.9520 -0.1754
vn 0.1262 0.9764 -0.1754
vn 0.1262 0.9764 -0.1755
vn -0.0006 0.9845 -0.1755
vn -0.0006 0.9845 -0.1754
vn -0.1274 0.9762 -0.1754
vn -0.2521 0.9517 -0.1754
vn -0.3725 0.9113 -0.1753
vn -0.3726 0.9113 -0.1755
vn -0.4868 0.8557 -0.1754
vn -0.4868 0.8557 -0.1755
vn -0.3108 0.4408 -0.8421
vn -0.0994 0.1452 -0.9844
vn -0.0858 0.1217 -0.9888
vn -0.0841 0.1229 -0.9889
vn -0.1215 0.2135 -0.9694
vn -0.0923 0.1662 -0.9818
vn -0.1044 0.2554 -0.9612
vn -0.0663 0.1516 -0.9862
vn -0.0345 0.1516 -0.9878
vn -0.0753 0.2842 -0.9558
vn -0.0451 0.1370 -0.9895
vn -0.0451 0.1370 -0.9896
vn -0.0283 0.2155 -0.9761
vn -0.0286 0.2193 -0.9752
vn -0.0057 0.1548 -0.9879
vn -0.0002 0.2956 -0.9553
vn 0.0081 0.1454 -0.9893
vn 0.0345 0.2666 -0.9632
vn 0.0257 0.1727 -0.9846
vn 0.0422 0.1725 -0.9841
vn 0.0677 0.2570 -0.9640
vn 0.0477 0.1385 -0.9892
vn 0.1117 0.2741 -0.9552
vn 0.0641 0.1424 -0.9877
vn 0.0871 0.1267 -0.9881
vn 0.1141 0.2012 -0.9729
vn 0.1057 0.1874 -0.9766
vn -0.5673 0.8046 -0.1757
vn -0.4854 0.6885 -0.5389
vn -0.4167 0.7325 -0.5383
vn -0.4168 0.7325 -0.5383
vn -0.3189 0.7801 -0.5383
vn -0.3189 0.7800 -0.5384
vn -0.2158 0.8146 -0.5384
vn -0.1090 0.8356 -0.5384
vn -0.0005 0.8427 -0.5383
vn 0.1081 0.8358 -0.5383
vn 0.2148 0.8149 -0.5383
vn 0.3180 0.7804 -0.5383
vn 0.3180 0.7804 -0.5384
vn 0.4159 0.7330 -0.5384
vn 0.4159 0.7330 -0.5383
vn 0.4846 0.6890 -0.5389
vn 0.3103 0.4412 -0.8421
vn 0.2665 0.4696 -0.8417
vn 0.2664 0.4696 -0.8417
vn 0.2037 0.5000 -0.8417
vn 0.1376 0.5221 -0.8417
vn 0.0692 0.5355 -0.8417
vn -0.0003 0.5399 -0.8417
vn -0.0699 0.5354 -0.8417
vn -0.1382 0.5219 -0.8417
vn -0.1383 0.5220 -0.8417
vn -0.2043 0.4998 -0.8417
vn -0.2670 0.4693 -0.8417
vn 0.1860 -0.0340 -0.9820
vn 0.1770 -0.0299 -0.9838
vn 0.5397 -0.0910 -0.8370
vn 0.5397 -0.0911 -0.8369
vn 0.8356 -0.1410 -0.5310
vn 0.8355 -0.1409 -0.5311
vn 0.9714 -0.1639 -0.1719
vn 0.9713 -0.1638 -0.1722
vn 0.9479 0.2688 -0.1710
vn 0.9479 0.2689 -0.1710
vn 0.7406 0.6495 -0.1723
vn 0.7406 0.6495 -0.1721
vn 0.6371 0.5588 -0.5309
vn 0.6370 0.5587 -0.5310
vn 0.4114 0.3608 -0.8370
vn 0.4115 0.3609 -0.8369
vn 0.1385 0.1156 -0.9836
vn 0.1243 0.1090 -0.9862
vn 0.1264 0.1055 -0.9864
vn 0.1988 0.0482 -0.9788
vn 0.9475 0.2701 -0.1709
vn 0.9478 0.2689 -0.1712
vn 0.8169 0.2318 -0.5281
vn 0.8169 0.2317 -0.5282
vn 0.5291 0.1501 -0.8352
vn 0.5292 0.1502 -0.8351
vn 0.1656 0.0470 -0.9851
vn 0.1660 0.0400 -0.9853
vn 0.0114 0.1864 -0.9824
vn -0.0636 0.1638 -0.9844
vn -0.1839 0.8249 -0.5346
vn -0.2143 0.9612 -0.1738
vn 0.1448 0.9744 -0.1720
vn 0.1448 0.9744 -0.1719
vn 0.5336 0.8281 -0.1720
vn 0.5336 0.8281 -0.1719
vn 0.8275 0.5345 -0.1719
vn 0.9742 0.1460 -0.1719
vn 0.9742 0.1460 -0.1718
vn 0.5309 -0.1177 -0.8392
vn 0.1634 -0.0362 -0.9859
vn 0.1730 -0.0402 -0.9841
vn 0.2099 0.0768 -0.9747
vn 0.1232 0.0185 -0.9922
vn 0.1878 0.0115 -0.9821
vn 0.1877 0.0115 -0.9822
vn 0.0912 0.0678 -0.9935
vn 0.1490 0.0963 -0.9841
vn 0.1075 0.1432 -0.9838
vn 0.0685 0.1063 -0.9920
vn 0.0781 0.2121 -0.9741
vn 0.0279 0.1875 -0.9819
vn 0.0065 0.1054 -0.9944
vn 0.0780 0.2121 -0.9741
vn -0.0396 0.1716 -0.9844
vn -0.0367 0.1644 -0.9857
vn -0.1183 0.5307 -0.8393
vn 0.0806 0.5419 -0.8366
vn 0.2968 0.4606 -0.8365
vn 0.2967 0.4605 -0.8366
vn 0.4602 0.2973 -0.8366
vn 0.5418 0.0812 -0.8366
vn 0.5309 -0.1177 -0.8393
vn 0.8250 -0.1829 -0.5347
vn 0.9615 -0.2132 -0.1735
vn 0.9615 -0.2132 -0.1736
vn 0.8250 -0.1829 -0.5346
vn 0.8383 0.1256 -0.5305
vn 0.8383 0.1256 -0.5306
vn 0.7120 0.4600 -0.5306
vn 0.7120 0.4600 -0.5305
vn 0.4592 0.7126 -0.5305
vn 0.1246 0.8385 -0.5305
vn -0.1839 0.8249 -0.5345
vn 0.1265 0.1406 -0.9820
vn 0.1182 0.1351 -0.9838
vn 0.3604 0.4119 -0.8369
vn 0.5580 0.6377 -0.5310
vn 0.5580 0.6377 -0.5311
vn 0.6487 0.7413 -0.1720
vn 0.6487 0.7414 -0.1721
vn 0.2681 0.9481 -0.1709
vn 0.2678 0.9482 -0.1709
vn -0.1650 0.9711 -0.1722
vn -0.1419 0.8354 -0.5310
vn -0.0917 0.5396 -0.8369
vn -0.0917 0.5395 -0.8370
vn -0.0259 0.1785 -0.9836
vn -0.0277 0.1630 -0.9862
vn -0.0236 0.1629 -0.9864
vn 0.0631 0.1946 -0.9789
vn 0.2679 0.9482 -0.1709
vn 0.2678 0.9482 -0.1710
vn 0.2308 0.8171 -0.5283
vn 0.2308 0.8171 -0.5282
vn 0.1495 0.5294 -0.8351
vn 0.0468 0.1657 -0.9851
vn 0.0526 0.1624 -0.9853
vn 0.1439 -0.1012 -0.9844
vn 0.6891 -0.4846 -0.5388
vn 0.8052 -0.5663 -0.1759
vn 0.8052 -0.5663 -0.1758
vn 0.8562 -0.4858 -0.1756
vn 0.8563 -0.4858 -0.1756
vn 0.9117 -0.3715 -0.1756
vn 0.9117 -0.3715 -0.1755
vn 0.9520 -0.2509 -0.1755
vn 0.9519 -0.2509 -0.1756
vn 0.9764 -0.1262 -0.1755
vn 0.9763 -0.1262 -0.1755
vn 0.9764 -0.1262 -0.1753
vn 0.9845 0.0006 -0.1753
vn 0.9845 0.0006 -0.1756
vn 0.9762 0.1274 -0.1756
vn 0.9762 0.1274 -0.1755
vn 0.9517 0.2521 -0.1755
vn 0.9517 0.2521 -0.1754
vn 0.9517 0.2520 -0.1756
vn 0.9113 0.3725 -0.1756
vn 0.9112 0.3725 -0.1757
vn 0.8557 0.4868 -0.1754
vn 0.8557 0.4868 -0.1756
vn 0.8556 0.4869 -0.1757
vn 0.4408 0.3108 -0.8421
vn 0.1452 0.0994 -0.9844
vn 0.1217 0.0858 -0.9888
vn 0.1229 0.0841 -0.9889
vn 0.2135 0.1215 -0.9694
vn 0.1662 0.0923 -0.9818
vn 0.2554 0.1044 -0.9612
vn 0.1516 0.0663 -0.9862
vn 0.1515 0.0663 -0.9862
vn 0.1516 0.0345 -0.9878
vn 0.2842 0.0753 -0.9558
vn 0.1370 0.0451 -0.9895
vn 0.2154 0.0283 -0.9761
vn 0.2194 0.0286 -0.9752
vn 0.1548 0.0057 -0.9879
vn 0.2955 0.0002 -0.9554
vn 0.1454 -0.0081 -0.9893
vn 0.2666 -0.0345 -0.9632
vn 0.1726 -0.0257 -0.9847
vn 0.1726 -0.0422 -0.9841
vn 0.2570 -0.0677 -0.9640
vn 0.1385 -0.0477 -0.9892
vn 0.2741 -0.1116 -0.9552
vn 0.1424 -0.0641 -0.9877
vn 0.1268 -0.0871 -0.9881
vn 0.2011 -0.1141 -0.9729
vn 0.1874 -0.1057 -0.9766
vn 0.8046 0.5673 -0.1755
vn 0.8046 0.5673 -0.1756
vn 0.6884 0.4854 -0.5390
vn 0.7324 0.4167 -0.5384
vn 0.7325 0.4167 -0.5383
vn 0.7801 0.3189 -0.5383
vn 0.7800 0.3189 -0.5384
vn 0.8146 0.2158 -0.5384
vn 0.8146 0.2158 -0.5383
vn 0.8356 0.1090 -0.5384
vn 0.8357 0.1090 -0.5383
vn 0.8428 0.0005 -0.5383
vn 0.8428 0.0005 -0.5382
vn 0.8358 -0.1081 -0.5383
vn 0.8149 -0.2148 -0.5383
vn 0.8148 -0.2148 -0.5384
vn 0.7804 -0.3180 -0.5384
vn 0.7805 -0.3180 -0.5383
vn 0.7330 -0.4159 -0.5383
vn 0.7330 -0.4159 -0.5382
vn 0.4411 -0.3103 -0.8421
vn 0.4696 -0.2664 -0.8417
vn 0.5000 -0.2037 -0.8417
vn 0.5221 -0.1376 -0.8417
vn 0.5355 -0.0692 -0.8417
vn 0.5399 0.0003 -0.8417
vn 0.5354 0.0699 -0.8417
vn 0.5220 0.1383 -0.8417
vn 0.5219 0.1382 -0.8417
vn 0.4998 0.2043 -0.8417
vn 0.4693 0.2670 -0.8417
vn 0.4694 0.2670 -0.8416
vn 0.4409 0.3108 -0.8420
vn 0.2689 -0.9479 -0.1710
vn -0.0340 -0.1860 -0.9820
vn -0.0298 -0.1770 -0.9838
vn -0.0910 -0.5396 -0.8370
vn -0.0910 -0.5397 -0.8369
vn -0.1409 -0.8356 -0.5310
vn -0.1410 -0.8356 -0.5310
vn -0.1639 -0.9713 -0.1722
vn -0.1638 -0.9713 -0.1722
vn 0.2685 -0.9480 -0.1710
vn 0.6495 -0.7405 -0.1724
vn 0.6496 -0.7406 -0.1722
vn 0.5587 -0.6370 -0.5310
vn 0.5588 -0.6371 -0.5309
vn 0.3609 -0.4115 -0.8369
vn 0.3609 -0.4114 -0.8370
vn 0.1156 -0.1385 -0.9836
vn 0.1090 -0.1243 -0.9862
vn 0.1055 -0.1264 -0.9864
vn 0.0482 -0.1988 -0.9789
vn 0.2689 -0.9479 -0.1709
vn 0.2317 -0.8169 -0.5282
vn 0.1501 -0.5292 -0.8351
vn 0.0470 -0.1656 -0.9851
vn 0.0402 -0.1660 -0.9853
vn 0.1865 -0.0114 -0.9824
vn -0.2132 -0.9614 -0.1738
vn -0.1177 -0.5308 -0.8393
vn -0.0402 -0.1730 -0.9841
vn -0.0362 -0.1634 -0.9859
vn 0.0114 -0.1877 -0.9822
vn 0.0115 -0.1877 -0.9822
vn 0.0185 -0.1232 -0.9922
vn 0.0768 -0.2099 -0.9747
vn 0.1241 -0.1242 -0.9845
vn 0.0963 -0.1490 -0.9841
vn 0.0678 -0.0912 -0.9935
vn 0.1424 -0.1062 -0.9841
vn 0.1066 -0.0687 -0.9919
vn 0.2109 -0.0773 -0.9744
vn 0.1875 -0.0279 -0.9819
vn 0.1054 -0.0065 -0.9944
vn 0.1640 0.0635 -0.9844
vn 0.8248 0.1839 -0.5346
vn 0.9612 0.2143 -0.1740
vn 0.9612 0.2143 -0.1739
vn 0.8281 -0.5336 -0.1720
vn 0.8281 -0.5336 -0.1719
vn 0.9744 -0.1449 -0.1719
vn 0.9744 -0.1448 -0.1722
vn 0.5345 -0.8275 -0.1719
vn 0.5346 -0.8275 -0.1719
vn 0.8281 -0.5335 -0.1720
vn -0.2131 -0.9614 -0.1738
vn 0.1459 -0.9742 -0.1720
vn 0.1460 -0.9742 -0.1719
vn 0.1716 0.0396 -0.9844
vn 0.1644 0.0367 -0.9857
vn 0.5307 0.1183 -0.8393
vn 0.5419 -0.0805 -0.8366
vn 0.4605 -0.2968 -0.8366
vn 0.4605 -0.2967 -0.8366
vn 0.2973 -0.4602 -0.8366
vn 0.0812 -0.5418 -0.8366
vn -0.1829 -0.8251 -0.5346
vn -0.1829 -0.8251 -0.5345
vn 0.1256 -0.8383 -0.5305
vn 0.1256 -0.8384 -0.5304
vn 0.4600 -0.7121 -0.5304
vn 0.7126 -0.4592 -0.5304
vn 0.7125 -0.4591 -0.5306
vn 0.8384 -0.1246 -0.5306
vn 0.8386 -0.1246 -0.5304
vn 0.8249 0.1839 -0.5345
vn 0.5307 0.1183 -0.8392
vn 0.9483 -0.2673 -0.1710
vn 0.8353 0.1419 -0.5312
vn 0.8353 0.1419 -0.5311
vn 0.5396 0.0917 -0.8369
vn 0.1785 0.0259 -0.9836
vn 0.1630 0.0277 -0.9862
vn 0.1629 0.0238 -0.9864
vn 0.1946 -0.0632 -0.9788
vn 0.1406 -0.1265 -0.9820
vn 0.1350 -0.1182 -0.9838
vn 0.4119 -0.3604 -0.8369
vn 0.6378 -0.5580 -0.5309
vn 0.7413 -0.6487 -0.1723
vn 0.7413 -0.6487 -0.1722
vn 0.9711 0.1650 -0.1723
vn 0.9712 0.1650 -0.1721
vn 0.9479 -0.2689 -0.1710
vn 0.9482 -0.2678 -0.1707
vn 0.9482 -0.2679 -0.1710
vn 0.8170 -0.2308 -0.5284
vn 0.8172 -0.2308 -0.5281
vn 0.5294 -0.1495 -0.8351
vn 0.1656 -0.0468 -0.9851
vn 0.1624 -0.0528 -0.9853
vn 0.5673 -0.8045 -0.1757
vn 0.3108 -0.4408 -0.8421
vn 0.0663 -0.1516 -0.9862
vn 0.0923 -0.1662 -0.9818
vn 0.1215 -0.2135 -0.9694
vn 0.0841 -0.1229 -0.9889
vn 0.0858 -0.1217 -0.9888
vn 0.0994 -0.1452 -0.9844
vn 0.1044 -0.2554 -0.9612
vn 0.0451 -0.1370 -0.9895
vn 0.0753 -0.2843 -0.9558
vn 0.0345 -0.1516 -0.9878
vn 0.0286 -0.2193 -0.9752
vn 0.0283 -0.2155 -0.9761
vn 0.0002 -0.2955 -0.9553
vn 0.0057 -0.1548 -0.9879
vn -0.0345 -0.2666 -0.9632
vn -0.0081 -0.1454 -0.9893
vn -0.0677 -0.2570 -0.9640
vn -0.0422 -0.1725 -0.9841
vn -0.0257 -0.1726 -0.9846
vn -0.0641 -0.1424 -0.9877
vn -0.1117 -0.2741 -0.9552
vn -0.0477 -0.1385 -0.9892
vn -0.1057 -0.1874 -0.9766
vn -0.1141 -0.2011 -0.9729
vn -0.0871 -0.1267 -0.9881
vn -0.3103 -0.4412 -0.8421
vn -0.4846 -0.6890 -0.5390
vn -0.5663 -0.8052 -0.1758
vn -0.4858 -0.8562 -0.1755
vn -0.4858 -0.8563 -0.1755
vn -0.4859 -0.8562 -0.1756
vn -0.3715 -0.9117 -0.1755
vn -0.3715 -0.9117 -0.1754
vn -0.2510 -0.9520 -0.1754
vn -0.1262 -0.9764 -0.1754
vn -0.1262 -0.9764 -0.1755
vn 0.0006 -0.9845 -0.1755
vn 0.1274 -0.9762 -0.1755
vn 0.1274 -0.9762 -0.1754
vn 0.2521 -0.9517 -0.1754
vn 0.3725 -0.9113 -0.1754
vn 0.3726 -0.9113 -0.1755
vn 0.4868 -0.8557 -0.1755
vn 0.4868 -0.8557 -0.1754
vn 0.4869 -0.8557 -0.1755
vn -0.4846 -0.6890 -0.5389
vn -0.4159 -0.7330 -0.5383
vn -0.3180 -0.7805 -0.5383
vn -0.3180 -0.7804 -0.5383
vn -0.2148 -0.8149 -0.5383
vn -0.1081 -0.8358 -0.5384
vn -0.1081 -0.8358 -0.5383
vn 0.0005 -0.8427 -0.5384
vn 0.0005 -0.8427 -0.5383
vn 0.1090 -0.8357 -0.5383
vn 0.1090 -0.8356 -0.5384
vn 0.2158 -0.8146 -0.5384
vn 0.3189 -0.7800 -0.5384
vn 0.3189 -0.7801 -0.5383
vn 0.4167 -0.7325 -0.5383
vn 0.4854 -0.6885 -0.5389
vn 0.5673 -0.8046 -0.1757
vn -0.0996 -0.1450 -0.9844
vn -0.0885 -0.1258 -0.9881
vn -0.2665 -0.4696 -0.8417
vn -0.2664 -0.4696 -0.8417
vn -0.2037 -0.5000 -0.8417
vn -0.1376 -0.5221 -0.8417
vn -0.0692 -0.5355 -0.8417
vn 0.0003 -0.5399 -0.8417
vn 0.0699 -0.5354 -0.8417
vn 0.1382 -0.5219 -0.8417
vn 0.1383 -0.5220 -0.8417
vn 0.2043 -0.4998 -0.8417
vn 0.2670 -0.4693 -0.8417
vn -0.9480 -0.2686 -0.1708
vn -0.6370 -0.5587 -0.5311
vn -0.6371 -0.5587 -0.5310
vn -0.4115 -0.3609 -0.8369
vn -0.1385 -0.1156 -0.9836
vn -0.1243 -0.1090 -0.9862
vn -0.1264 -0.1055 -0.9864
vn -0.1988 -0.0482 -0.9788
vn -0.1860 0.0340 -0.9820
vn -0.1770 0.0299 -0.9838
vn -0.5397 0.0910 -0.8369
vn -0.5397 0.0911 -0.8369
vn -0.8356 0.1410 -0.5310
vn -0.8356 0.1410 -0.5309
vn -0.9713 0.1639 -0.1722
vn -0.7406 -0.6495 -0.1722
vn -0.7406 -0.6495 -0.1721
vn -0.9475 -0.2702 -0.1710
vn -0.9478 -0.2689 -0.1712
vn -0.9479 -0.2689 -0.1709
vn -0.8168 -0.2318 -0.5283
vn -0.8169 -0.2318 -0.5282
vn -0.5292 -0.1502 -0.8351
vn -0.1656 -0.0470 -0.9851
vn -0.1661 -0.0400 -0.9853
vn -0.0114 -0.1864 -0.9824
vn -0.9614 0.2131 -0.1738
vn -0.5309 0.1177 -0.8392
vn -0.1634 0.0362 -0.9859
vn -0.1730 0.0402 -0.9841
vn -0.2099 -0.0768 -0.9747
vn -0.1232 -0.0185 -0.9922
vn -0.1878 -0.0115 -0.9821
vn -0.1877 -0.0115 -0.9822
vn -0.0912 -0.0678 -0.9935
vn -0.1490 -0.0963 -0.9841
vn -0.1075 -0.1432 -0.9838
vn -0.0685 -0.1063 -0.9920
vn -0.0781 -0.2121 -0.9741
vn -0.0279 -0.1875 -0.9819
vn -0.0065 -0.1054 -0.9944
vn -0.0780 -0.2121 -0.9741
vn 0.0636 -0.1638 -0.9844
vn 0.1839 -0.8249 -0.5345
vn 0.2143 -0.9612 -0.1738
vn -0.5336 -0.8281 -0.1720
vn -0.1448 -0.9744 -0.1720
vn -0.1448 -0.9744 -0.1719
vn -0.1449 -0.9744 -0.1719
vn -0.8275 -0.5345 -0.1719
vn -0.5336 -0.8281 -0.1719
vn -0.9615 0.2132 -0.1736
vn -0.9742 -0.1460 -0.1718
vn -0.9742 -0.1460 -0.1719
vn -0.8275 -0.5345 -0.1720
vn 0.0396 -0.1716 -0.9844
vn 0.0367 -0.1644 -0.9857
vn 0.1183 -0.5307 -0.8393
vn -0.0806 -0.5419 -0.8366
vn -0.0805 -0.5419 -0.8366
vn -0.2968 -0.4606 -0.8366
vn -0.2968 -0.4605 -0.8366
vn -0.4602 -0.2973 -0.8366
vn -0.5418 -0.0812 -0.8366
vn -0.8252 0.1829 -0.5345
vn -0.8251 0.1829 -0.5346
vn -0.8383 -0.1256 -0.5306
vn -0.7120 -0.4600 -0.5306
vn -0.7121 -0.4600 -0.5305
vn -0.4592 -0.7126 -0.5305
vn -0.1246 -0.8385 -0.5304
vn -0.1246 -0.8385 -0.5305
vn 0.1839 -0.8249 -0.5346
vn -0.2681 -0.9481 -0.1709
vn 0.1419 -0.8354 -0.5310
vn 0.0917 -0.5396 -0.8369
vn 0.0917 -0.5395 -0.8370
vn 0.0259 -0.1785 -0.9836
vn 0.0277 -0.1630 -0.9862
vn 0.0236 -0.1629 -0.9864
vn -0.0631 -0.1946 -0.9789
vn -0.1265 -0.1406 -0.9820
vn -0.1182 -0.1351 -0.9838
vn -0.3604 -0.4119 -0.8369
vn -0.5580 -0.6377 -0.5310
vn -0.5580 -0.6377 -0.5311
vn -0.6487 -0.7414 -0.1721
vn -0.6487 -0.7414 -0.1720
vn 0.1650 -0.9711 -0.1722
vn -0.2678 -0.9482 -0.1710
vn -0.2678 -0.9482 -0.1709
vn -0.2308 -0.8171 -0.5283
vn -0.2308 -0.8171 -0.5282
vn -0.1495 -0.5294 -0.8351
vn -0.0468 -0.1657 -0.9851
vn -0.0527 -0.1624 -0.9853
vn -0.8046 -0.5673 -0.1757
vn -0.4408 -0.3108 -0.8421
vn -0.1516 -0.0663 -0.9862
vn -0.1662 -0.0923 -0.9818
vn -0.2135 -0.1215 -0.9694
vn -0.1229 -0.0841 -0.9889
vn -0.1217 -0.0858 -0.9888
vn -0.1452 -0.0994 -0.9844
vn -0.2554 -0.1044 -0.9612
vn -0.1370 -0.0451 -0.9895
vn -0.2842 -0.0753 -0.9558
vn -0.1516 -0.0345 -0.9878
vn -0.2194 -0.0286 -0.9752
vn -0.2154 -0.0283 -0.9761
vn -0.2955 -0.0002 -0.9554
vn -0.1548 -0.0057 -0.9879
vn -0.2666 0.0345 -0.9632
vn -0.1454 0.0081 -0.9893
vn -0.2570 0.0677 -0.9640
vn -0.1726 0.0422 -0.9841
vn -0.1726 0.0257 -0.9846
vn -0.1424 0.0641 -0.9877
vn -0.2741 0.1117 -0.9552
vn -0.1385 0.0477 -0.9892
vn -0.1875 0.1057 -0.9766
vn -0.2011 0.1141 -0.9729
vn -0.1268 0.0871 -0.9881
vn -0.4411 0.3103 -0.8421
vn -0.6891 0.4846 -0.5388
vn -0.8052 0.5663 -0.1759
vn -0.8052 0.5663 -0.1758
vn -0.8562 0.4858 -0.1756
vn -0.8563 0.4858 -0.1756
vn -0.9117 0.3715 -0.1756
vn -0.9117 0.3715 -0.1755
vn -0.9520 0.2509 -0.1755
vn -0.9519 0.2509 -0.1756
vn -0.9764 0.1262 -0.1755
vn -0.9763 0.1262 -0.1755
vn -0.9764 0.1262 -0.1753
vn -0.9845 -0.0006 -0.1753
vn -0.9845 -0.0006 -0.1757
vn -0.9762 -0.1274 -0.1756
vn -0.9762 -0.1274 -0.1755
vn -0.9517 -0.2521 -0.1755
vn -0.9517 -0.2521 -0.1754
vn -0.9517 -0.2520 -0.1756
vn -0.9113 -0.3725 -0.1756
vn -0.9112 -0.3725 -0.1757
vn -0.8557 -0.4868 -0.1754
vn -0.8557 -0.4868 -0.1755
vn -0.8556 -0.4869 -0.1756
vn -0.7330 0.4159 -0.5382
vn -0.7330 0.4159 -0.5383
vn -0.7805 0.3180 -0.5383
vn -0.7804 0.3180 -0.5384
vn -0.8149 0.2148 -0.5384
vn -0.8149 0.2148 -0.5382
vn -0.8358 0.1081 -0.5383
vn -0.8358 0.1081 -0.5382
vn -0.8428 -0.0005 -0.5383
vn -0.8357 -0.1090 -0.5383
vn -0.8356 -0.1090 -0.5383
vn -0.8146 -0.2158 -0.5383
vn -0.8146 -0.2158 -0.5384
vn -0.7801 -0.3189 -0.5384
vn -0.7801 -0.3189 -0.5383
vn -0.7325 -0.4167 -0.5383
vn -0.7324 -0.4167 -0.5384
vn -0.6884 -0.4854 -0.5390
vn -0.8046 -0.5673 -0.1755
vn -0.1450 0.0996 -0.9844
vn -0.1258 0.0885 -0.9881
vn -0.4696 0.2665 -0.8417
vn -0.4696 0.2664 -0.8417
vn -0.5000 0.2037 -0.8417
vn -0.5221 0.1376 -0.8417
vn -0.5355 0.0692 -0.8417
vn -0.5399 -0.0003 -0.8417
vn -0.5354 -0.0699 -0.8417
vn -0.5220 -0.1383 -0.8417
vn -0.5219 -0.1382 -0.8417
vn -0.4998 -0.2043 -0.8417
vn -0.4693 -0.2670 -0.8417
vn -0.4694 -0.2670 -0.8416
vn -0.4409 -0.3108 -0.8420
vn -0.0805 0.1254 -0.9888
vn -0.1331 0.1155 -0.9844
vn -0.0191 0.1481 -0.9888
vn 0.0562 0.2340 -0.9706
vn 0.0298 0.1770 -0.9838
vn 0.0910 0.5396 -0.8370
vn 0.0910 0.5397 -0.8369
vn 0.1410 0.8356 -0.5310
vn 0.1409 0.8356 -0.5310
vn 0.1639 0.9713 -0.1722
vn -0.2691 0.9478 -0.1710
vn -0.2689 0.9479 -0.1710
vn -0.6495 0.7406 -0.1724
vn -0.6496 0.7406 -0.1722
vn -0.5587 0.6371 -0.5310
vn -0.5588 0.6371 -0.5309
vn -0.3609 0.4115 -0.8369
vn -0.3608 0.4114 -0.8370
vn -0.1000 0.1140 -0.9884
vn -0.1547 0.2411 -0.9581
vn -0.2688 0.9479 -0.1710
vn -0.2317 0.8169 -0.5282
vn -0.1501 0.5292 -0.8351
vn -0.0629 0.2219 -0.9730
vn -0.0190 0.1481 -0.9888
vn -0.0000 0.0002 -1.0000
vn -0.0000 0.0006 -1.0000
vn -0.0000 -0.0006 -1.0000
vn -0.6324 0.7746 -0.0000
vn -0.4635 0.8861 -0.0000
vn -0.2757 0.9613 -0.0000
vn -0.0765 0.9971 -0.0000
vn 0.1258 0.9921 -0.0000
vn 0.3229 0.9464 -0.0000
vn 0.5068 0.8621 -0.0000
vn 0.6699 0.7424 -0.0000
vn 0.6700 0.7424 -0.0000
vn 0.8057 0.5923 -0.0000
vn 0.9084 0.4180 -0.0000
vn 0.9740 0.2266 -0.0000
vn 0.9997 0.0259 -0.0000
vn 0.9844 -0.1758 -0.0000
vn 0.9289 -0.3704 -0.0000
vn 0.8353 -0.5498 -0.0000
vn 0.5508 -0.8347 -0.0000
vn 0.3715 -0.9284 -0.0000
vn 0.1770 -0.9842 -0.0000
vn -0.0247 -0.9997 -0.0000
vn -0.2255 -0.9742 -0.0000
vn -0.4170 -0.9089 -0.0000
vn -0.5914 -0.8064 -0.0000
vn -0.7416 -0.6708 -0.0000
vn -0.8615 -0.5078 -0.0000
vn -0.9461 -0.3240 -0.0000
vn -0.9919 -0.1269 -0.0000
vn -0.9972 0.0754 -0.0000
vn -0.9616 0.2745 -0.0000
vn -0.8866 0.4625 -0.0000
vn -0.7754 0.6315 -0.0000
vt 0.738618 0.404663
vt 0.741837 0.408767
vt 0.738618 0.408769
vt 0.741852 0.412539
vt 0.738633 0.412541
vt 0.745038 0.213190
vt 0.741820 0.213186
vt 0.741839 0.209388
vt 0.745057 0.209392
vt 0.741839 0.205290
vt 0.745057 0.205293
vt 0.741820 0.201988
vt 0.745038 0.201991
vt 0.748307 0.412296
vt 0.745089 0.412283
vt 0.745126 0.408321
vt 0.748344 0.408335
vt 0.745126 0.404309
vt 0.748344 0.404322
vt 0.745089 0.401320
vt 0.748307 0.401333
vt 0.736814 0.427517
vt 0.740032 0.427508
vt 0.739978 0.430834
vt 0.736761 0.430843
vt 0.739978 0.434938
vt 0.736761 0.434947
vt 0.740032 0.438719
vt 0.736814 0.438728
vt 0.738633 0.401322
vt 0.741852 0.401320
vt 0.741837 0.404661
vt 0.740031 0.430851
vt 0.743250 0.434955
vt 0.740031 0.434958
vt 0.743265 0.438727
vt 0.740046 0.438729
vt 0.745070 0.412522
vt 0.741852 0.412519
vt 0.741871 0.408721
vt 0.745089 0.408724
vt 0.741871 0.404622
vt 0.745089 0.404625
vt 0.741852 0.401320
vt 0.745070 0.401323
vt 0.749720 0.438484
vt 0.746502 0.438470
vt 0.746539 0.434509
vt 0.749757 0.434522
vt 0.746539 0.430496
vt 0.749757 0.430510
vt 0.746502 0.427507
vt 0.749720 0.427521
vt 0.735401 0.401329
vt 0.738619 0.401320
vt 0.738566 0.404646
vt 0.735348 0.404655
vt 0.738566 0.408750
vt 0.735348 0.408759
vt 0.738619 0.412531
vt 0.735401 0.412540
vt 0.740046 0.427510
vt 0.743265 0.427508
vt 0.743250 0.430849
vt 0.738002 0.416135
vt 0.741220 0.420239
vt 0.738002 0.420241
vt 0.741235 0.424011
vt 0.738017 0.424013
vt 0.744454 0.423968
vt 0.741235 0.423964
vt 0.741254 0.420166
vt 0.744473 0.420170
vt 0.741254 0.416067
vt 0.744473 0.416071
vt 0.741235 0.412765
vt 0.744454 0.412769
vt 0.747691 0.423761
vt 0.744473 0.423747
vt 0.744509 0.419786
vt 0.747727 0.419799
vt 0.744509 0.415773
vt 0.747727 0.415787
vt 0.744473 0.412784
vt 0.747691 0.412798
vt 0.735369 0.201997
vt 0.738587 0.201988
vt 0.738533 0.205314
vt 0.735316 0.205323
vt 0.738533 0.209418
vt 0.735316 0.209427
vt 0.738587 0.213199
vt 0.735369 0.213208
vt 0.738017 0.412794
vt 0.741235 0.412792
vt 0.741220 0.416133
vt 0.738586 0.205331
vt 0.741805 0.209435
vt 0.738586 0.209437
vt 0.741820 0.213206
vt 0.738601 0.213209
vt 0.746483 0.438709
vt 0.743265 0.438706
vt 0.743284 0.434908
vt 0.746502 0.434912
vt 0.743284 0.430809
vt 0.746502 0.430813
vt 0.743265 0.427507
vt 0.746483 0.427511
vt 0.748275 0.212983
vt 0.745057 0.212970
vt 0.745094 0.209008
vt 0.748312 0.209022
vt 0.745094 0.204995
vt 0.748312 0.205009
vt 0.745057 0.202007
vt 0.748275 0.202020
vt 0.204800 0.651587
vt 0.208018 0.651578
vt 0.207964 0.654905
vt 0.204747 0.654914
vt 0.207964 0.659008
vt 0.204747 0.659017
vt 0.208018 0.662790
vt 0.204800 0.662799
vt 0.738601 0.201990
vt 0.741820 0.201988
vt 0.741805 0.205329
vt 0.917844 0.034644
vt 0.929038 0.034638
vt 0.929010 0.054478
vt 0.917815 0.054483
vt 0.929010 0.074999
vt 0.917815 0.075005
vt 0.929038 0.095414
vt 0.917844 0.095420
vt 0.929094 0.114938
vt 0.917900 0.114943
vt 0.929175 0.132820
vt 0.917981 0.132826
vt 0.924126 0.656788
vt 0.912932 0.656792
vt 0.913036 0.640195
vt 0.924231 0.640190
vt 0.913108 0.621544
vt 0.924303 0.621540
vt 0.913145 0.601557
vt 0.924339 0.601553
vt 0.913145 0.581002
vt 0.924339 0.580998
vt 0.913108 0.560669
vt 0.924303 0.560664
vt 0.913036 0.541338
vt 0.924231 0.541334
vt 0.912932 0.523754
vt 0.924126 0.523749
vt 0.914148 0.375324
vt 0.902955 0.375309
vt 0.903207 0.359723
vt 0.914400 0.359737
vt 0.903405 0.341816
vt 0.914598 0.341830
vt 0.903541 0.322276
vt 0.914735 0.322291
vt 0.903611 0.301855
vt 0.914804 0.301870
vt 0.848232 0.426302
vt 0.845154 0.426301
vt 0.845140 0.412526
vt 0.848218 0.412526
vt 0.845154 0.398706
vt 0.848232 0.398706
vt 0.845195 0.385961
vt 0.848273 0.385961
vt 0.845259 0.375323
vt 0.848338 0.375324
vt 0.871407 0.891048
vt 0.868329 0.891059
vt 0.868093 0.879371
vt 0.871171 0.879360
vt 0.867943 0.866015
vt 0.871021 0.866004
vt 0.867892 0.852075
vt 0.870970 0.852064
vt 0.867943 0.838679
vt 0.871021 0.838668
vt 0.868093 0.826912
vt 0.871171 0.826902
vt 0.868329 0.817729
vt 0.871407 0.817718
vt 0.871433 0.817718
vt 0.874511 0.817722
vt 0.874669 0.827613
vt 0.871591 0.827610
vt 0.848514 0.426220
vt 0.848500 0.412523
vt 0.848514 0.398782
vt 0.218612 0.765175
vt 0.218604 0.765454
vt 0.204847 0.763199
vt 0.204934 0.762933
vt 0.192284 0.757159
vt 0.192443 0.756928
vt 0.181931 0.747825
vt 0.182149 0.747647
vt 0.174627 0.735951
vt 0.174887 0.735841
vt 0.871308 0.865962
vt 0.871257 0.852102
vt 0.171245 0.722467
vt 0.170964 0.722501
vt 0.171239 0.708563
vt 0.171518 0.708609
vt 0.175430 0.695267
vt 0.175685 0.695389
vt 0.183196 0.683690
vt 0.183407 0.683878
vt 0.193909 0.674770
vt 0.194058 0.675009
vt 0.733943 0.431194
vt 0.736761 0.430376
vt 0.733943 0.435537
vt 0.736761 0.436167
vt 0.219310 0.708084
vt 0.219260 0.705296
vt 0.223537 0.709091
vt 0.224897 0.706639
vt 0.226695 0.712078
vt 0.229107 0.710621
vt 0.732449 0.205688
vt 0.735316 0.204887
vt 0.732449 0.210032
vt 0.735316 0.210680
vt 0.227936 0.716243
vt 0.230762 0.716174
vt 0.226929 0.720471
vt 0.229419 0.721811
vt 0.223943 0.723628
vt 0.225437 0.726022
vt 0.208567 0.647368
vt 0.209127 0.647369
vt 0.208621 0.650067
vt 0.209180 0.650068
vt 0.732393 0.213857
vt 0.731834 0.213857
vt 0.731889 0.210032
vt 0.731889 0.205687
vt 0.732393 0.201988
vt 0.731834 0.201988
vt 0.733928 0.439375
vt 0.733368 0.439375
vt 0.733383 0.435537
vt 0.733383 0.431193
vt 0.923565 0.449507
vt 0.912932 0.449507
vt 0.923599 0.429034
vt 0.912965 0.429034
vt 0.923699 0.409351
vt 0.913065 0.409351
vt 0.923861 0.391215
vt 0.913228 0.391216
vt 0.924080 0.375323
vt 0.913446 0.375324
vt 0.874101 0.505797
vt 0.884031 0.505824
vt 0.878775 0.521615
vt 0.888705 0.521642
vt 0.882249 0.539695
vt 0.892179 0.539722
vt 0.884388 0.559343
vt 0.894318 0.559370
vt 0.885110 0.579805
vt 0.895040 0.579832
vt 0.884388 0.600293
vt 0.894318 0.600320
vt 0.882249 0.620020
vt 0.892179 0.620047
vt 0.878775 0.638229
vt 0.888705 0.638256
vt 0.874101 0.654219
vt 0.884031 0.654246
vt 0.925439 0.361922
vt 0.914804 0.361922
vt 0.925576 0.346048
vt 0.914942 0.346049
vt 0.925679 0.327926
vt 0.915044 0.327927
vt 0.925742 0.308252
vt 0.915107 0.308252
vt 0.925763 0.287782
vt 0.915128 0.287782
vt 0.925742 0.267302
vt 0.915107 0.267302
vt 0.925679 0.247599
vt 0.915044 0.247600
vt 0.925576 0.229432
vt 0.914942 0.229432
vt 0.925439 0.213497
vt 0.914804 0.213497
vt 0.913057 0.666430
vt 0.923689 0.666434
vt 0.912744 0.682557
vt 0.923376 0.682561
vt 0.912511 0.700867
vt 0.923143 0.700871
vt 0.912368 0.720655
vt 0.923000 0.720660
vt 0.912320 0.741162
vt 0.922952 0.741167
vt 0.912368 0.761600
vt 0.923000 0.761604
vt 0.912511 0.781182
vt 0.923143 0.781186
vt 0.912744 0.799157
vt 0.923376 0.799161
vt 0.913057 0.814833
vt 0.923689 0.814838
vt 0.924080 0.523749
vt 0.913446 0.523749
vt 0.923861 0.507832
vt 0.913228 0.507833
vt 0.923699 0.489678
vt 0.913065 0.489679
vt 0.923599 0.469984
vt 0.912965 0.469985
vt 0.220814 0.276346
vt 0.220912 0.276415
vt 0.221587 0.277258
vt 0.220588 0.276303
vt 0.220628 0.276290
vt 0.220705 0.276298
vt 0.220755 0.276304
vt 0.221653 0.277323
vt 0.213411 0.285192
vt 0.221717 0.277358
vt 0.221735 0.277368
vt 0.199512 0.420732
vt 0.206729 0.430726
vt 0.205509 0.431465
vt 0.199335 0.422913
vt 0.198202 0.421344
vt 0.195475 0.412828
vt 0.189489 0.404287
vt 0.190026 0.402161
vt 0.188595 0.402538
vt 0.187472 0.393286
vt 0.183301 0.384139
vt 0.184252 0.382094
vt 0.182749 0.382217
vt 0.183403 0.372533
vt 0.181054 0.363146
vt 0.182401 0.361260
vt 0.180874 0.361119
vt 0.183418 0.351346
vt 0.182827 0.342069
vt 0.184539 0.340412
vt 0.183039 0.340008
vt 0.187516 0.330517
vt 0.188557 0.321668
vt 0.190588 0.320308
vt 0.189165 0.319650
vt 0.195546 0.310827
vt 0.198037 0.302681
vt 0.200330 0.301676
vt 0.199030 0.300782
vt 0.207205 0.293013
vt 0.210922 0.285795
vt 0.212277 0.284088
vt 0.220492 0.276348
vt 0.220522 0.276326
vt 0.850608 0.312429
vt 0.850591 0.312493
vt 0.850608 0.312392
vt 0.452066 0.220898
vt 0.452084 0.220795
vt 0.452158 0.220717
vt 0.452231 0.222288
vt 0.452231 0.220640
vt 0.452095 0.220754
vt 0.452141 0.220698
vt 0.449527 0.220496
vt 0.449554 0.220497
vt 0.449527 0.220597
vt 0.449558 0.220541
vt 0.849370 0.312600
vt 0.849289 0.312606
vt 0.848123 0.301294
vt 0.223926 0.560699
vt 0.223489 0.572085
vt 0.223427 0.572105
vt 0.223409 0.572111
vt 0.850445 0.312631
vt 0.850344 0.312658
vt 0.850474 0.311003
vt 0.849531 0.301183
vt 0.848410 0.289687
vt 0.847157 0.291383
vt 0.847469 0.280031
vt 0.846087 0.280406
vt 0.875271 0.505797
vt 0.874101 0.505053
vt 0.880653 0.495376
vt 0.878845 0.495868
vt 0.885052 0.486859
vt 0.883760 0.486351
vt 0.888402 0.475467
vt 0.886775 0.476098
vt 0.891066 0.466410
vt 0.889699 0.466158
vt 0.892210 0.454446
vt 0.890750 0.455170
vt 0.893095 0.445192
vt 0.891703 0.445206
vt 0.891937 0.433084
vt 0.890618 0.433868
vt 0.891066 0.423974
vt 0.889699 0.424253
vt 0.887593 0.412166
vt 0.886386 0.412991
vt 0.885052 0.403526
vt 0.883760 0.404060
vt 0.879337 0.392462
vt 0.878212 0.393319
vt 0.875271 0.384588
vt 0.874101 0.385359
vt 0.099466 0.274869
vt 0.099257 0.276290
vt 0.086900 0.274692
vt 0.086848 0.276115
vt 0.261245 0.253898
vt 0.260284 0.252879
vt 0.276769 0.240432
vt 0.277524 0.241607
vt 0.277486 0.240075
vt 0.295784 0.232517
vt 0.295260 0.231227
vt 0.296802 0.230788
vt 0.315404 0.226937
vt 0.315129 0.225576
vt 0.317524 0.225354
vt 0.335716 0.225057
vt 0.335698 0.223673
vt 0.338892 0.223969
vt 0.356028 0.226942
vt 0.356267 0.225582
vt 0.360125 0.226680
vt 0.375648 0.232528
vt 0.376135 0.231238
vt 0.380445 0.233384
vt 0.393908 0.241623
vt 0.411111 0.252899
vt 0.410187 0.253918
vt 0.399110 0.243834
vt 0.394626 0.240448
vt 0.415661 0.257450
vt 0.418422 0.260212
vt 0.423929 0.268996
vt 0.420918 0.263217
vt 0.425028 0.268167
vt 0.434668 0.286341
vt 0.432945 0.280955
vt 0.435902 0.285732
vt 0.442037 0.305364
vt 0.441625 0.300506
vt 0.443365 0.304996
vt 0.445785 0.325416
vt 0.446423 0.321359
vt 0.447160 0.325302
vt 0.445785 0.345816
vt 0.447160 0.342752
vt 0.447160 0.345960
vt 0.442037 0.365867
vt 0.443807 0.363901
vt 0.443365 0.366265
vt 0.434668 0.384888
vt 0.436482 0.384032
vt 0.435903 0.385527
vt 0.425450 0.402408
vt 0.423930 0.402231
vt 0.425028 0.403089
vt 0.411112 0.418353
vt 0.410187 0.417304
vt 0.908283 0.082581
vt 0.908284 0.082628
vt 0.908179 0.082626
vt 0.908179 0.082579
vt 0.448755 0.221685
vt 0.448755 0.221639
vt 0.448862 0.221683
vt 0.448860 0.221635
vt 0.448895 0.221634
vt 0.448952 0.221674
vt 0.448946 0.221627
vt 0.908379 0.082582
vt 0.908371 0.082629
vt 0.908319 0.082628
vt 0.118557 0.493760
vt 0.114895 0.489756
vt 0.169054 0.489970
vt 0.869369 0.736275
vt 0.889216 0.739201
vt 0.869412 0.742951
vt 0.888907 0.746703
vt 0.869442 0.746856
vt 0.889046 0.750648
vt 0.869531 0.757493
vt 0.891806 0.722151
vt 0.869275 0.721689
vt 0.891825 0.722052
vt 0.869248 0.715467
vt 0.892043 0.721191
vt 0.890329 0.730037
vt 0.889802 0.734374
vt 0.889597 0.736066
vt 0.869177 0.695801
vt 0.899083 0.698832
vt 0.898110 0.701325
vt 0.896719 0.704893
vt 0.895002 0.710284
vt 0.869187 0.701361
vt 0.894059 0.713244
vt 0.893575 0.715153
vt 0.907897 0.680584
vt 0.903957 0.687892
vt 0.869158 0.677987
vt 0.903747 0.688281
vt 0.869152 0.682713
vt 0.900470 0.695350
vt 0.900290 0.695738
vt 0.183105 0.593003
vt 0.188412 0.596238
vt 0.180874 0.640058
vt 0.172011 0.352178
vt 0.135762 0.340102
vt 0.173382 0.347420
vt 0.869172 0.666430
vt 0.912320 0.673484
vt 0.909852 0.677446
vt 0.909650 0.677770
vt 0.107489 0.368946
vt 0.109299 0.366860
vt 0.167529 0.369506
vt 0.111887 0.363875
vt 0.112548 0.363113
vt 0.120342 0.354776
vt 0.121207 0.353922
vt 0.168526 0.364271
vt 0.123492 0.351662
vt 0.128379 0.346833
vt 0.180874 0.591642
vt 0.094023 0.385899
vt 0.098261 0.380216
vt 0.164289 0.388835
vt 0.102783 0.374599
vt 0.105320 0.371448
vt 0.164895 0.383345
vt 0.079406 0.407548
vt 0.081477 0.404307
vt 0.162408 0.409466
vt 0.085742 0.397633
vt 0.162623 0.403941
vt 0.085778 0.397576
vt 0.091470 0.389323
vt 0.092280 0.388237
vt 0.071267 0.430065
vt 0.070794 0.429500
vt 0.068865 0.421487
vt 0.068531 0.427844
vt 0.068168 0.427578
vt 0.037982 0.427072
vt 0.037976 0.427066
vt 0.036790 0.423221
vt 0.036780 0.425779
vt 0.035588 0.424492
vt 0.053881 0.427204
vt 0.038027 0.427094
vt 0.038003 0.427087
vt 0.037998 0.421950
vt 0.038003 0.421944
vt 0.038025 0.421929
vt 0.038049 0.421923
vt 0.055182 0.426965
vt 0.053904 0.422033
vt 0.057297 0.426740
vt 0.056857 0.422573
vt 0.057985 0.422669
vt 0.061304 0.426314
vt 0.062376 0.423042
vt 0.063408 0.426474
vt 0.063097 0.422964
vt 0.065430 0.426627
vt 0.066004 0.422650
vt 0.068589 0.421599
vt 0.069491 0.420978
vt 0.071316 0.419493
vt 0.161953 0.430655
vt 0.074242 0.415757
vt 0.161792 0.425303
vt 0.078052 0.409701
vt 0.078585 0.408854
vt 0.073298 0.432491
vt 0.077938 0.439836
vt 0.089425 0.457842
vt 0.085540 0.451974
vt 0.162941 0.451635
vt 0.085020 0.451189
vt 0.162433 0.446646
vt 0.083811 0.449362
vt 0.077951 0.439857
vt 0.106852 0.480590
vt 0.103772 0.476952
vt 0.165337 0.471648
vt 0.167985 0.486172
vt 0.111366 0.485897
vt 0.111085 0.485590
vt 0.102353 0.475142
vt 0.099358 0.471319
vt 0.164523 0.467187
vt 0.096788 0.468040
vt 0.093708 0.463775
vt 0.873056 0.007442
vt 0.871220 0.004821
vt 0.917311 0.005778
vt 0.870564 0.003884
vt 0.917425 0.002210
vt 0.867843 0.000000
vt 0.172692 0.502903
vt 0.125866 0.501166
vt 0.120611 0.495841
vt 0.916801 0.022429
vt 0.881064 0.021671
vt 0.916907 0.018490
vt 0.877391 0.014603
vt 0.876566 0.013240
vt 0.885294 0.031002
vt 0.886569 0.034434
vt 0.916405 0.037135
vt 0.881954 0.023444
vt 0.881774 0.023037
vt 0.893970 0.061205
vt 0.893382 0.057838
vt 0.915854 0.061614
vt 0.915936 0.057459
vt 0.891232 0.048670
vt 0.916309 0.041268
vt 0.891872 0.051352
vt 0.893278 0.057243
vt 0.890405 0.045936
vt 0.888820 0.040697
vt 0.888493 0.039616
vt 0.915518 0.078718
vt 0.915491 0.080245
vt 0.910548 0.080246
vt 0.908607 0.081259
vt 0.908195 0.082346
vt 0.895985 0.082413
vt 0.895712 0.074356
vt 0.895235 0.070074
vt 0.908931 0.080974
vt 0.894735 0.065584
vt 0.909450 0.080516
vt 0.223948 0.124256
vt 0.223917 0.127064
vt 0.218975 0.127086
vt 0.126932 0.122976
vt 0.217879 0.127361
vt 0.217362 0.127821
vt 0.123031 0.125670
vt 0.125710 0.132477
vt 0.124979 0.132037
vt 0.090026 0.129095
vt 0.088764 0.127799
vt 0.090059 0.126537
vt 0.091316 0.130412
vt 0.091294 0.130396
vt 0.091288 0.130391
vt 0.091353 0.125276
vt 0.108318 0.130641
vt 0.091342 0.130419
vt 0.091359 0.125270
vt 0.091383 0.125254
vt 0.123917 0.131399
vt 0.122952 0.130819
vt 0.119372 0.126465
vt 0.119903 0.130009
vt 0.118544 0.126459
vt 0.118189 0.129930
vt 0.114999 0.126435
vt 0.115740 0.129817
vt 0.112032 0.126003
vt 0.112704 0.130154
vt 0.108382 0.125471
vt 0.091408 0.125249
vt 0.134043 0.144329
vt 0.133547 0.143470
vt 0.125809 0.124100
vt 0.131838 0.140513
vt 0.128428 0.135349
vt 0.123998 0.125124
vt 0.217041 0.128107
vt 0.216634 0.129195
vt 0.216619 0.129428
vt 0.216618 0.129522
vt 0.216875 0.130628
vt 0.217324 0.131152
vt 0.217608 0.131483
vt 0.218683 0.131908
vt 0.223652 0.145481
vt 0.218914 0.131926
vt 0.223691 0.143346
vt 0.223853 0.132077
vt 0.908178 0.082672
vt 0.895677 0.088042
vt 0.908430 0.083780
vt 0.894834 0.094731
vt 0.908877 0.084306
vt 0.894639 0.096282
vt 0.909159 0.084638
vt 0.893262 0.103551
vt 0.915120 0.103839
vt 0.910233 0.085067
vt 0.910463 0.085087
vt 0.915222 0.096442
vt 0.915403 0.085259
vt 0.887737 0.122947
vt 0.889127 0.118680
vt 0.914865 0.124180
vt 0.890646 0.114018
vt 0.914937 0.117115
vt 0.890878 0.113119
vt 0.892494 0.106863
vt 0.893023 0.104816
vt 0.914699 0.143028
vt 0.884086 0.132135
vt 0.914738 0.136564
vt 0.884908 0.130067
vt 0.887372 0.123868
vt 0.874158 0.150894
vt 0.875279 0.149178
vt 0.914627 0.159701
vt 0.914631 0.154095
vt 0.878950 0.142624
vt 0.879925 0.140883
vt 0.224195 0.065272
vt 0.168212 0.061642
vt 0.170629 0.058386
vt 0.174180 0.053601
vt 0.177312 0.049509
vt 0.224170 0.058700
vt 0.914621 0.169079
vt 0.867843 0.160072
vt 0.868534 0.159162
vt 0.870116 0.157078
vt 0.156116 0.078744
vt 0.156223 0.078590
vt 0.224218 0.083442
vt 0.162532 0.069536
vt 0.224235 0.076013
vt 0.163562 0.068104
vt 0.166301 0.064297
vt 0.143743 0.097493
vt 0.148759 0.089755
vt 0.224191 0.095308
vt 0.149928 0.087950
vt 0.153679 0.082370
vt 0.141320 0.101397
vt 0.224132 0.103348
vt 0.140837 0.102173
vt 0.128603 0.121304
vt 0.132132 0.116263
vt 0.133931 0.113344
vt 0.137702 0.107224
vt 0.224039 0.115897
vt 0.136677 0.148887
vt 0.137606 0.150494
vt 0.149191 0.169985
vt 0.147770 0.167645
vt 0.223269 0.166211
vt 0.146311 0.165239
vt 0.223315 0.164228
vt 0.143495 0.160599
vt 0.140632 0.155687
vt 0.162011 0.190049
vt 0.160302 0.187471
vt 0.222810 0.185686
vt 0.160034 0.187056
vt 0.158646 0.184906
vt 0.222861 0.183922
vt 0.154973 0.179218
vt 0.154947 0.179176
vt 0.175295 0.209583
vt 0.171257 0.203789
vt 0.222293 0.203203
vt 0.170458 0.202614
vt 0.222347 0.201715
vt 0.168832 0.200223
vt 0.165792 0.195754
vt 0.906923 0.809158
vt 0.910719 0.815439
vt 0.870237 0.816013
vt 0.910916 0.815764
vt 0.870263 0.817718
vt 0.911515 0.816756
vt 0.196269 0.630844
vt 0.209180 0.591642
vt 0.209180 0.635621
vt 0.195818 0.637988
vt 0.188412 0.595076
vt 0.195818 0.591642
vt 0.176216 0.210905
vt 0.869738 0.778370
vt 0.894065 0.778196
vt 0.869757 0.780311
vt 0.895562 0.783064
vt 0.869976 0.798114
vt 0.896140 0.784945
vt 0.899258 0.793270
vt 0.899802 0.794491
vt 0.901318 0.797893
vt 0.869999 0.799972
vt 0.902882 0.801404
vt 0.904910 0.805296
vt 0.892255 0.771183
vt 0.892529 0.772320
vt 0.893504 0.776368
vt 0.889741 0.757336
vt 0.889918 0.759041
vt 0.869548 0.759445
vt 0.891376 0.767529
vt 0.112336 0.078647
vt 0.110672 0.079669
vt 0.111662 0.000808
vt 0.855536 0.312002
vt 0.124447 0.821820
vt 0.124185 0.820728
vt 0.126823 0.552613
vt 0.123255 0.552559
vt 0.123753 0.820204
vt 0.123491 0.819887
vt 0.122650 0.819506
vt 0.122255 0.819462
vt 0.122211 0.819462
vt 0.857198 0.312590
vt 0.856887 0.312298
vt 0.881896 0.307961
vt 0.882131 0.311840
vt 0.858080 0.314167
vt 0.882127 0.311786
vt 0.858076 0.314121
vt 0.857703 0.313063
vt 0.855788 0.311995
vt 0.881698 0.304686
vt 0.881736 0.300579
vt 0.881785 0.295266
vt 0.882244 0.289324
vt 0.885675 0.267961
vt 0.883757 0.277374
vt 0.846352 0.268775
vt 0.883639 0.278206
vt 0.882491 0.286352
vt 0.882455 0.286609
vt 0.891091 0.249700
vt 0.889526 0.254470
vt 0.844366 0.248983
vt 0.888171 0.258600
vt 0.845439 0.259576
vt 0.886684 0.264176
vt 0.886523 0.264781
vt 0.898481 0.232193
vt 0.896602 0.236318
vt 0.842525 0.231038
vt 0.894602 0.240708
vt 0.843513 0.240561
vt 0.893289 0.244070
vt 0.892873 0.245136
vt 0.156478 0.209727
vt 0.147125 0.275801
vt 0.153560 0.207492
vt 0.148323 0.203481
vt 0.160540 0.212958
vt 0.163560 0.215359
vt 0.157069 0.276048
vt 0.841761 0.223673
vt 0.902955 0.223673
vt 0.902264 0.224990
vt 0.900639 0.228083
vt 0.130326 0.190487
vt 0.130626 0.190691
vt 0.128420 0.275385
vt 0.138367 0.196178
vt 0.139955 0.197304
vt 0.146138 0.201864
vt 0.148110 0.203318
vt 0.139644 0.275615
vt 0.110488 0.177252
vt 0.113315 0.179100
vt 0.108089 0.275014
vt 0.120641 0.183891
vt 0.120208 0.275217
vt 0.121961 0.184790
vt 0.129691 0.190054
vt 0.091066 0.147888
vt 0.090628 0.158324
vt 0.090590 0.157755
vt 0.090373 0.154475
vt 0.091250 0.160401
vt 0.091592 0.161542
vt 0.092409 0.162859
vt 0.093399 0.164455
vt 0.095906 0.166985
vt 0.096419 0.167504
vt 0.100118 0.170275
vt 0.101759 0.171505
vt 0.104487 0.173301
vt 0.109445 0.176565
vt 0.110897 0.000795
vt 0.090380 0.000493
vt 0.105387 0.082914
vt 0.103311 0.084190
vt 0.100950 0.085802
vt 0.098585 0.087417
vt 0.096710 0.089043
vt 0.095025 0.090505
vt 0.093149 0.093027
vt 0.092737 0.093582
vt 0.092023 0.095452
vt 0.091538 0.096723
vt 0.091379 0.098070
vt 0.091054 0.100833
vt 0.091229 0.103473
vt 0.091460 0.106958
vt 0.091575 0.107778
vt 0.131248 0.066921
vt 0.123167 0.072033
vt 0.122718 0.072317
vt 0.114349 0.077420
vt 0.132628 0.066048
vt 0.132040 0.001182
vt 0.139973 0.061242
vt 0.141275 0.060390
vt 0.130623 0.001151
vt 0.131701 0.066635
vt 0.157645 0.049131
vt 0.155420 0.050687
vt 0.150770 0.001599
vt 0.150204 0.054334
vt 0.148887 0.001549
vt 0.149553 0.054789
vt 0.147890 0.055914
vt 0.230526 0.783749
vt 0.229043 0.780521
vt 0.267483 0.784053
vt 0.227591 0.777359
vt 0.267899 0.781434
vt 0.226753 0.775534
vt 0.165065 0.001977
vt 0.165362 0.043557
vt 0.162564 0.045578
vt 0.261455 0.821608
vt 0.240968 0.818171
vt 0.240856 0.817617
vt 0.262210 0.816980
vt 0.239679 0.811762
vt 0.264636 0.801926
vt 0.238623 0.807768
vt 0.237109 0.802038
vt 0.235862 0.798225
vt 0.235471 0.797028
vt 0.265220 0.798299
vt 0.234190 0.793110
vt 0.232635 0.789138
vt 0.242835 0.830041
vt 0.243277 0.835477
vt 0.258971 0.836840
vt 0.242496 0.827633
vt 0.241617 0.821403
vt 0.243739 0.848144
vt 0.258058 0.842379
vt 0.243576 0.851404
vt 0.255614 0.857205
vt 0.243304 0.856859
vt 0.243658 0.843424
vt 0.243599 0.839974
vt 0.243587 0.839291
vt 0.242995 0.859353
vt 0.254565 0.863524
vt 0.242721 0.861569
vt 0.253927 0.867359
vt 0.242244 0.865429
vt 0.090605 0.152273
vt 0.074299 0.274539
vt 0.124508 0.826762
vt 0.125770 0.826782
vt 0.134694 0.826926
vt 0.132702 0.552703
vt 0.144313 0.827129
vt 0.145467 0.552957
vt 0.152393 0.827300
vt 0.150235 0.553051
vt 0.160717 0.827544
vt 0.161913 0.553371
vt 0.167519 0.827743
vt 0.165461 0.553468
vt 0.896015 0.649450
vt 0.900271 0.375323
vt 0.902955 0.649450
vt 0.902955 0.650015
vt 0.902955 0.375323
vt 0.912932 0.376021
vt 0.924339 0.797973
vt 0.924339 0.523749
vt 0.929855 0.797844
vt 0.221829 0.550713
vt 0.221829 0.276290
vt 0.224235 0.276417
vt 0.000000 0.274248
vt 0.000000 0.000077
vt 0.008745 0.274217
vt 0.012064 0.000012
vt 0.015509 0.274192
vt 0.014282 0.000000
vt 0.025780 0.274210
vt 0.029109 0.000004
vt 0.033508 0.274223
vt 0.031063 0.000005
vt 0.044963 0.274291
vt 0.048320 0.000084
vt 0.053344 0.274341
vt 0.049772 0.000091
vt 0.065587 0.274457
vt 0.068995 0.000249
vt 0.069771 0.000255
vt 0.221748 0.337297
vt 0.221741 0.337297
vt 0.221758 0.315869
vt 0.221735 0.445871
vt 0.209188 0.433647
vt 0.362742 0.664005
vt 0.345205 0.667465
vt 0.341752 0.667799
vt 0.224235 0.567230
vt 0.223955 0.570498
vt 0.223955 0.567235
vt 0.223956 0.550713
vt 0.382610 0.656174
vt 0.365733 0.663107
vt 0.224211 0.587476
vt 0.223955 0.590444
vt 0.223955 0.587486
vt 0.223955 0.570498
vt 0.400602 0.644602
vt 0.385065 0.654875
vt 0.443783 0.617328
vt 0.443554 0.619998
vt 0.443554 0.617340
vt 0.443554 0.599817
vt 0.416035 0.629730
vt 0.402492 0.643072
vt 0.196259 0.633843
vt 0.196057 0.636209
vt 0.196057 0.633855
vt 0.196057 0.615754
vt 0.428324 0.612120
vt 0.417373 0.628130
vt 0.221518 0.464548
vt 0.221344 0.466599
vt 0.221344 0.464558
vt 0.221344 0.445871
vt 0.437002 0.592441
vt 0.429163 0.610599
vt 0.221490 0.485835
vt 0.221344 0.487557
vt 0.221344 0.485842
vt 0.221344 0.466599
vt 0.441740 0.571440
vt 0.437427 0.591121
vt 0.196057 0.635490
vt 0.195938 0.636872
vt 0.195938 0.635493
vt 0.195938 0.615754
vt 0.442358 0.549914
vt 0.441863 0.570412
vt 0.221834 0.373023
vt 0.221743 0.374054
vt 0.221743 0.373023
vt 0.221743 0.352871
vt 0.438833 0.528680
vt 0.442309 0.549234
vt 0.221751 0.479427
vt 0.221813 0.478749
vt 0.221813 0.479428
vt 0.221813 0.499895
vt 0.431298 0.508543
vt 0.438746 0.528362
vt 0.221490 0.487882
vt 0.221522 0.487557
vt 0.221522 0.487883
vt 0.221522 0.508568
vt 0.221817 0.570609
vt 0.221817 0.570967
vt 0.221781 0.570608
vt 0.221746 0.550713
vt 0.221781 0.551085
vt 0.221746 0.572177
vt 0.221746 0.416618
vt 0.221746 0.430026
vt 0.221739 0.430028
vt 0.221746 0.430040
vt 0.169727 0.485433
vt 0.169716 0.485413
vt 0.166297 0.466666
vt 0.221817 0.550713
vt 0.406025 0.475031
vt 0.420040 0.490268
vt 0.405486 0.474548
vt 0.221814 0.436404
vt 0.221746 0.435718
vt 0.221814 0.435719
vt 0.221814 0.416400
vt 0.389109 0.462526
vt 0.388187 0.461979
vt 0.443890 0.640810
vt 0.443792 0.639802
vt 0.443890 0.639803
vt 0.443890 0.620990
vt 0.370139 0.453513
vt 0.368801 0.453039
vt 0.221480 0.591985
vt 0.221351 0.590656
vt 0.221480 0.590655
vt 0.221480 0.572254
vt 0.349812 0.448322
vt 0.348062 0.448066
vt 0.916939 0.078794
vt 0.916914 0.080580
vt 0.916907 0.080580
vt 0.895663 0.580482
vt 0.895656 0.580482
vt 0.895656 0.560130
vt 0.895663 0.560130
vt 0.895591 0.540380
vt 0.895598 0.540380
vt 0.895464 0.521905
vt 0.895471 0.521905
vt 0.895278 0.505335
vt 0.895285 0.505335
vt 0.895040 0.491233
vt 0.895047 0.491233
vt 0.443502 0.447559
vt 0.443509 0.447559
vt 0.443121 0.459809
vt 0.443114 0.459809
vt 0.442805 0.474847
vt 0.442798 0.474847
vt 0.442571 0.492163
vt 0.442564 0.492163
vt 0.442427 0.511166
vt 0.442420 0.511166
vt 0.442379 0.531208
vt 0.442372 0.531209
vt 0.442427 0.551609
vt 0.442420 0.551609
vt 0.442571 0.571672
vt 0.442564 0.571672
vt 0.442805 0.590715
vt 0.442798 0.590715
vt 0.443121 0.608089
vt 0.443114 0.608089
vt 0.443509 0.623203
vt 0.443502 0.623203
vt 0.221728 0.445871
vt 0.221735 0.445871
vt 0.221648 0.462192
vt 0.221641 0.462192
vt 0.221583 0.480484
vt 0.221576 0.480484
vt 0.221490 0.508791
vt 0.221490 0.508568
vt 0.221512 0.508792
vt 0.198810 0.886746
vt 0.198688 0.886558
vt 0.188937 0.867763
vt 0.221760 0.315869
vt 0.221741 0.295242
vt 0.221748 0.295242
vt 0.221494 0.529739
vt 0.586846 0.216857
vt 0.566205 0.220442
vt 0.587279 0.216738
vt 0.221737 0.512065
vt 0.221779 0.512512
vt 0.221737 0.512512
vt 0.221737 0.533237
vt 0.606641 0.209342
vt 0.607245 0.209042
vt 0.221746 0.436404
vt 0.221809 0.437076
vt 0.221746 0.437076
vt 0.221746 0.457577
vt 0.624641 0.198192
vt 0.625354 0.197644
vt 0.221738 0.374054
vt 0.221821 0.374949
vt 0.221738 0.374949
vt 0.221739 0.395227
vt 0.640185 0.183813
vt 0.640929 0.182971
vt 0.443792 0.599817
vt 0.443894 0.600936
vt 0.443792 0.600936
vt 0.443792 0.620990
vt 0.652702 0.166736
vt 0.653385 0.165572
vt 0.221351 0.529906
vt 0.221472 0.531249
vt 0.221351 0.531249
vt 0.221351 0.551080
vt 0.661735 0.147584
vt 0.662256 0.146100
vt 0.221484 0.489125
vt 0.221344 0.489125
vt 0.221344 0.508732
vt 0.666950 0.127062
vt 0.667210 0.125283
vt 0.849794 0.318735
vt 0.849619 0.316971
vt 0.849626 0.316970
vt 0.693152 0.440931
vt 0.693159 0.440931
vt 0.693153 0.440982
vt 0.693162 0.441067
vt 0.693155 0.441067
vt 0.693155 0.441096
vt 0.693163 0.441193
vt 0.693156 0.441193
vt 0.693159 0.444868
vt 0.693159 0.444855
vt 0.693166 0.444868
vt 0.693166 0.444855
vt 0.693158 0.444972
vt 0.693165 0.444972
vt 0.737957 0.664513
vt 0.737956 0.664520
vt 0.737867 0.664520
vt 0.737867 0.664513
vt 0.849622 0.316925
vt 0.849607 0.316851
vt 0.849614 0.316850
vt 0.849611 0.316821
vt 0.849595 0.316724
vt 0.849601 0.316723
vt 0.849230 0.312835
vt 0.849232 0.312849
vt 0.849223 0.312835
vt 0.849225 0.312850
vt 0.849219 0.312716
vt 0.849212 0.312717
vt 0.736384 0.222348
vt 0.736384 0.222355
vt 0.736270 0.222356
vt 0.736270 0.222349
vt 0.221746 0.416618
vt 0.221739 0.416618
vt 0.221746 0.395227
vt 0.223409 0.550713
vt 0.663600 0.078521
vt 0.666100 0.088564
vt 0.667722 0.099518
vt 0.749817 0.213069
vt 0.750318 0.202007
vt 0.750318 0.213069
vt 0.750318 0.223057
vt 0.655510 0.058712
vt 0.660031 0.068410
vt 0.748312 0.212718
vt 0.748814 0.202007
vt 0.748814 0.212718
vt 0.748814 0.223055
vt 0.643755 0.040832
vt 0.650252 0.049770
vt 0.748344 0.411680
vt 0.748846 0.401320
vt 0.748846 0.411680
vt 0.748846 0.422368
vt 0.628777 0.025552
vt 0.637118 0.033323
vt 0.749316 0.212017
vt 0.749817 0.202007
vt 0.749817 0.212017
vt 0.749817 0.223055
vt 0.611135 0.013445
vt 0.621104 0.019663
vt 0.750349 0.432028
vt 0.750848 0.422369
vt 0.750848 0.432028
vt 0.750848 0.443416
vt 0.591491 0.004963
vt 0.602792 0.009287
vt 0.750349 0.410628
vt 0.750845 0.401320
vt 0.750845 0.410628
vt 0.750845 0.422367
vt 0.751339 0.413411
vt 0.751339 0.422369
vt 0.750848 0.413412
vt 0.223409 0.572111
vt 0.223915 0.581068
vt 0.223409 0.593507
vt 0.065508 0.275878
vt 0.086848 0.276122
vt 0.570581 0.000425
vt 0.582844 0.002569
vt 0.750848 0.431327
vt 0.751339 0.422369
vt 0.751339 0.431326
vt 0.751339 0.443415
vt 0.751339 0.401323
vt 0.537193 0.001590
vt 0.549188 -0.000000
vt 0.528114 0.003705
vt 0.751316 0.222920
vt 0.750821 0.213612
vt 0.751316 0.213612
vt 0.751316 0.201873
vt 0.516976 0.007447
vt 0.508149 0.011400
vt 0.750348 0.443415
vt 0.749849 0.433756
vt 0.750347 0.433756
vt 0.750348 0.422368
vt 0.498235 0.017029
vt 0.490039 0.022798
vt 0.749849 0.422367
vt 0.749348 0.412358
vt 0.749849 0.412358
vt 0.749849 0.401320
vt 0.481650 0.029990
vt 0.474465 0.037471
vt 0.749316 0.223055
vt 0.748814 0.212695
vt 0.749316 0.212694
vt 0.749316 0.202007
vt 0.467821 0.045859
vt 0.462009 0.054870
vt 0.749348 0.422369
vt 0.748846 0.411658
vt 0.749348 0.411658
vt 0.749348 0.401320
vt 0.457251 0.064062
vt 0.453137 0.074343
vt 0.750349 0.422369
vt 0.749849 0.411307
vt 0.750349 0.411307
vt 0.750349 0.401320
vt 0.450323 0.083938
vt 0.448184 0.095159
vt 0.693166 0.430614
vt 0.221351 0.528339
vt 0.221351 0.508732
vt 0.221490 0.528338
vt 0.223257 0.572224
vt 0.223237 0.552617
vt 0.223409 0.550827
vt 0.221743 0.373575
vt 0.221736 0.352871
vt 0.221351 0.529906
vt 0.447835 0.122489
vt 0.447671 0.120924
vt 0.451793 0.141921
vt 0.221352 0.551080
vt 0.221472 0.570911
vt 0.221351 0.570911
vt 0.221351 0.572254
vt 0.452188 0.143211
vt 0.459883 0.161730
vt 0.195818 0.603276
vt 0.195920 0.623331
vt 0.195818 0.623331
vt 0.195818 0.624450
vt 0.460412 0.162722
vt 0.471638 0.179610
vt 0.221747 0.395227
vt 0.221829 0.415505
vt 0.221746 0.415505
vt 0.221746 0.416400
vt 0.472205 0.180308
vt 0.486617 0.194890
vt 0.221751 0.457577
vt 0.221814 0.478078
vt 0.221751 0.478078
vt 0.221751 0.478749
vt 0.487134 0.195322
vt 0.504258 0.206997
vt 0.221779 0.512065
vt 0.221821 0.532790
vt 0.221779 0.532789
vt 0.221779 0.533237
vt 0.504652 0.207214
vt 0.523902 0.215479
vt 0.221495 0.529739
vt 0.221512 0.550687
vt 0.221490 0.550687
vt 0.221490 0.550911
vt 0.524116 0.215548
vt 0.544812 0.220017
vt 0.221760 0.276290
vt 0.221544 0.500124
vt 0.221537 0.500124
vt 0.221531 0.520444
vt 0.221524 0.520444
vt 0.221544 0.540751
vt 0.221537 0.540751
vt 0.221583 0.560354
vt 0.221576 0.560354
vt 0.221648 0.578586
vt 0.221641 0.578586
vt 0.221735 0.594825
vt 0.221728 0.594825
vt 0.170526 0.800512
vt 0.170519 0.800512
vt 0.170617 0.782718
vt 0.170624 0.782718
vt 0.170684 0.763393
vt 0.170691 0.763393
vt 0.170718 0.743196
vt 0.170725 0.743196
vt 0.170718 0.722814
vt 0.170725 0.722814
vt 0.170684 0.702943
vt 0.170691 0.702943
vt 0.170617 0.684258
vt 0.170624 0.684258
vt 0.170519 0.667395
vt 0.170526 0.667395
vt 0.895047 0.654246
vt 0.895040 0.654246
vt 0.895278 0.638266
vt 0.895285 0.638266
vt 0.895464 0.620227
vt 0.895471 0.620227
vt 0.895591 0.600745
vt 0.895598 0.600745
vt 0.217426 0.623147
vt 0.217426 0.623133
vt 0.217433 0.623147
vt 0.217433 0.623133
vt 0.217427 0.623272
vt 0.217434 0.623272
vt 0.217436 0.623363
vt 0.217429 0.623363
vt 0.217429 0.618967
vt 0.217436 0.618967
vt 0.217428 0.619008
vt 0.217433 0.619077
vt 0.217426 0.619077
vt 0.217426 0.619106
vt 0.217433 0.619202
vt 0.217426 0.619202
vt 0.916837 0.084758
vt 0.916837 0.084744
vt 0.916844 0.084759
vt 0.916844 0.084744
vt 0.916834 0.084884
vt 0.916841 0.084884
vt 0.916838 0.084977
vt 0.916831 0.084976
vt 0.916905 0.080813
vt 0.916912 0.080813
vt 0.916907 0.080621
vt 0.916914 0.080689
vt 0.916907 0.080689
vt 0.916907 0.080718
vt 0.753276 0.434317
vt 0.753276 0.443485
vt 0.752787 0.434339
vt 0.750318 0.202007
vt 0.750821 0.211695
vt 0.750318 0.222920
vt 0.916512 0.105960
vt 0.753276 0.423901
vt 0.311923 0.449179
vt 0.322825 0.447559
vt 0.302289 0.451577
vt 0.753236 0.223501
vt 0.752750 0.214063
vt 0.753236 0.214033
vt 0.753236 0.203725
vt 0.292092 0.455178
vt 0.282881 0.459467
vt 0.752779 0.421349
vt 0.752299 0.411584
vt 0.752779 0.411549
vt 0.752779 0.401323
vt 0.273731 0.464839
vt 0.265309 0.470939
vt 0.752787 0.443486
vt 0.752314 0.433372
vt 0.752787 0.433337
vt 0.752787 0.423188
vt 0.257494 0.477816
vt 0.250215 0.485576
vt 0.753245 0.421873
vt 0.752779 0.411410
vt 0.753245 0.411380
vt 0.753245 0.401323
vt 0.243963 0.493647
vt 0.238150 0.502843
vt 0.753697 0.223501
vt 0.753236 0.212706
vt 0.753697 0.212685
vt 0.753697 0.202750
vt 0.233622 0.511763
vt 0.229554 0.522109
vt 0.753703 0.422197
vt 0.753245 0.411105
vt 0.753703 0.411095
vt 0.753703 0.401323
vt 0.226839 0.531519
vt 0.224742 0.542672
vt 0.217409 0.607661
vt 0.751794 0.212351
vt 0.751794 0.202418
vt 0.752260 0.212370
vt 0.206816 0.292707
vt 0.217376 0.644655
vt 0.751794 0.223353
vt 0.225847 0.579388
vt 0.224240 0.568437
vt 0.228326 0.589428
vt 0.751339 0.401323
vt 0.751811 0.411542
vt 0.751339 0.411513
vt 0.751339 0.422072
vt 0.231860 0.599535
vt 0.236339 0.609227
vt 0.751316 0.202418
vt 0.751794 0.212863
vt 0.751316 0.212828
vt 0.751316 0.222920
vt 0.241546 0.618162
vt 0.247981 0.627092
vt 0.751339 0.423188
vt 0.751823 0.433833
vt 0.751339 0.433797
vt 0.751339 0.443416
vt 0.254553 0.634593
vt 0.262814 0.642354
vt 0.751811 0.401323
vt 0.752299 0.412159
vt 0.751811 0.412126
vt 0.751811 0.421289
vt 0.270410 0.648233
vt 0.280283 0.654440
vt 0.751823 0.423188
vt 0.752314 0.434231
vt 0.751823 0.434207
vt 0.751823 0.442944
vt 0.288543 0.658588
vt 0.299733 0.662898
vt 0.752261 0.203725
vt 0.752750 0.215011
vt 0.752261 0.214999
vt 0.752261 0.223353
vt 0.308293 0.665281
vt 0.320436 0.667411
vt 0.221758 0.349729
vt 0.016527 0.551680
vt 0.015886 0.551674
vt 0.241880 0.867195
vt 0.253295 0.871144
vt 0.237970 0.882195
vt 0.238441 0.880905
vt 0.249888 0.891429
vt 0.240166 0.874814
vt 0.252254 0.877380
vt 0.240696 0.872943
vt 0.241467 0.869199
vt 0.227244 0.905426
vt 0.228986 0.902275
vt 0.246681 0.910301
vt 0.231653 0.897450
vt 0.249004 0.896678
vt 0.232314 0.895998
vt 0.235366 0.889305
vt 0.235383 0.889268
vt 0.235422 0.889160
vt 0.142147 0.525005
vt 0.147850 0.528057
vt 0.137586 0.552172
vt 0.149397 0.528884
vt 0.150838 0.552156
vt 0.245975 0.914441
vt 0.222724 0.912318
vt 0.225431 0.908190
vt 0.226181 0.907047
vt 0.130020 0.518147
vt 0.134340 0.520643
vt 0.118798 0.552165
vt 0.134393 0.552175
vt 0.137837 0.522598
vt 0.142068 0.524962
vt 0.221760 0.352871
vt 0.221760 0.325454
vt 0.221846 0.325487
vt 0.098667 0.499384
vt 0.104211 0.502765
vt 0.098391 0.552124
vt 0.107574 0.504815
vt 0.117180 0.510604
vt 0.117352 0.510707
vt 0.119052 0.511713
vt 0.125911 0.515772
vt 0.115930 0.552163
vt 0.077111 0.552052
vt 0.077402 0.486300
vt 0.079992 0.487900
vt 0.088877 0.493374
vt 0.090848 0.494584
vt 0.098552 0.499314
vt 0.096079 0.552119
vt 0.077284 0.486226
vt 0.075515 0.552046
vt 0.069768 0.481581
vt 0.055737 0.551950
vt 0.063739 0.477861
vt 0.037902 0.444567
vt 0.037680 0.455570
vt 0.035050 0.551823
vt 0.037637 0.455074
vt 0.037299 0.451166
vt 0.038831 0.458905
vt 0.038840 0.458931
vt 0.040931 0.461955
vt 0.041121 0.462131
vt 0.044002 0.464795
vt 0.044553 0.465304
vt 0.050353 0.469389
vt 0.051188 0.469977
vt 0.054938 0.551946
vt 0.056081 0.473069
vt 0.060512 0.475870
vt 0.056493 0.376175
vt 0.051221 0.379448
vt 0.036209 0.277570
vt 0.050377 0.379972
vt 0.046891 0.382397
vt 0.045076 0.383660
vt 0.042806 0.385666
vt 0.041546 0.386779
vt 0.039423 0.389570
vt 0.039393 0.389642
vt 0.038357 0.392106
vt 0.038151 0.392596
vt 0.037818 0.394748
vt 0.037562 0.396409
vt 0.037696 0.400150
vt 0.037763 0.402017
vt 0.038072 0.404449
vt 0.077923 0.363143
vt 0.069292 0.368374
vt 0.056890 0.277698
vt 0.068818 0.368662
vt 0.060315 0.373802
vt 0.056872 0.277698
vt 0.060199 0.373874
vt 0.099291 0.350207
vt 0.098559 0.350648
vt 0.078283 0.277800
vt 0.096596 0.351836
vt 0.088945 0.356467
vt 0.087541 0.357317
vt 0.079348 0.362280
vt 0.078248 0.277800
vt 0.078407 0.362850
vt 0.099553 0.277873
vt 0.099603 0.277873
vt 0.105543 0.346444
vt 0.108191 0.344851
vt 0.126406 0.334069
vt 0.123068 0.336030
vt 0.120066 0.277914
vt 0.119788 0.337956
vt 0.120005 0.277914
vt 0.117895 0.339067
vt 0.114385 0.341159
vt 0.899812 0.362599
vt 0.902620 0.366943
vt 0.856426 0.375323
vt 0.142992 0.324673
vt 0.139698 0.326509
vt 0.138921 0.277921
vt 0.138664 0.327085
vt 0.221829 0.276290
vt 0.221829 0.325455
vt 0.221760 0.276290
vt 0.138854 0.277921
vt 0.135268 0.328979
vt 0.131517 0.331134
vt 0.890374 0.344561
vt 0.854908 0.358389
vt 0.889841 0.343124
vt 0.853159 0.339400
vt 0.893684 0.351879
vt 0.895082 0.354457
vt 0.854916 0.358482
vt 0.895322 0.354900
vt 0.897855 0.359574
vt 0.851223 0.318845
vt 0.851210 0.318708
vt 0.882656 0.315651
vt 0.885105 0.328683
vt 0.853148 0.339283
vt 0.883818 0.322717
vt 0.883296 0.320302
vt 0.886429 0.333208
vt 0.887240 0.335980
vt 0.887437 0.336652
vt 0.851079 0.317334
vt 0.855991 0.316773
vt 0.857047 0.316384
vt 0.857518 0.315874
vt 0.857804 0.315564
vt 0.858087 0.314636
vt 0.858084 0.314213
vt 0.119555 0.552512
vt 0.122168 0.819461
vt 0.121141 0.819717
vt 0.120649 0.820168
vt 0.120345 0.820445
vt 0.119837 0.826697
vt 0.118519 0.826680
vt 0.119938 0.821757
vt 0.119955 0.821506
vt 0.037311 0.451040
vt 0.113460 0.552435
vt 0.118387 0.826678
vt 0.098684 0.552306
vt 0.097680 0.826467
vt 0.093164 0.552257
vt 0.097562 0.826466
vt 0.077320 0.552194
vt 0.076249 0.826356
vt 0.072506 0.552175
vt 0.076145 0.826356
vt 0.056133 0.552188
vt 0.055008 0.826351
vt 0.052188 0.552191
vt 0.054922 0.826351
vt 0.035898 0.552288
vt 0.034738 0.826452
vt 0.032903 0.552306
vt 0.034672 0.826452
vt 0.017356 0.552490
vt 0.016183 0.826656
vt 0.015307 0.552514
vt 0.016138 0.826656
vt 0.001188 0.552787
vt 0.000026 0.826954
vt 0.000000 0.552810
vt -0.000000 0.826955
vt 0.000000 0.551522
vt 0.000000 0.277257
vt 0.017003 0.277421
vt 0.017017 0.277421
vt 0.736773 0.663381
vt 0.736862 0.658157
vt 0.737711 0.664352
vt 0.737711 0.658172
vt 0.686818 0.441324
vt 0.686821 0.444780
vt 0.685968 0.444569
vt 0.685597 0.444248
vt 0.685598 0.441865
vt 0.685051 0.443264
vt 0.685043 0.443104
vt 0.685042 0.443017
vt 0.685257 0.442218
vt 0.685836 0.441618
vt 0.686647 0.441336
vt 0.685337 0.444023
vt 0.742007 0.664098
vt 0.742014 0.657917
vt 0.742885 0.663126
vt 0.742807 0.657903
vt 0.735210 0.221242
vt 0.735195 0.216018
vt 0.736105 0.222192
vt 0.735988 0.216014
vt 0.855901 0.316020
vt 0.855552 0.312363
vt 0.856423 0.312510
vt 0.856825 0.312818
vt 0.857063 0.315339
vt 0.857467 0.313810
vt 0.857492 0.313979
vt 0.857500 0.314071
vt 0.857366 0.314935
vt 0.856850 0.315621
vt 0.856071 0.315993
vt 0.857106 0.313033
vt 0.740448 0.213869
vt 0.740442 0.220049
vt 0.739509 0.214840
vt 0.739593 0.220063
vt 0.740800 0.220736
vt 0.740838 0.215512
vt 0.741748 0.221698
vt 0.741687 0.215518
vt 0.739447 0.664044
vt 0.739455 0.657866
vt 0.740386 0.663074
vt 0.740304 0.657852
vt 0.211093 0.619308
vt 0.211093 0.623017
vt 0.210241 0.622786
vt 0.209870 0.622439
vt 0.209873 0.619882
vt 0.209325 0.621380
vt 0.209317 0.621208
vt 0.209317 0.621115
vt 0.209533 0.620259
vt 0.210111 0.619618
vt 0.210922 0.619319
vt 0.209611 0.622196
vt 0.740785 0.664030
vt 0.740792 0.657855
vt 0.741725 0.663060
vt 0.741641 0.657841
vt 0.738119 0.663482
vt 0.738164 0.658573
vt 0.739065 0.664386
vt 0.739013 0.658579
vt 0.910566 0.080813
vt 0.910502 0.084523
vt 0.909653 0.084277
vt 0.909288 0.083924
vt 0.909335 0.081366
vt 0.908761 0.082855
vt 0.908756 0.082684
vt 0.908758 0.082590
vt 0.908988 0.081738
vt 0.909578 0.081107
vt 0.910395 0.080821
vt 0.909032 0.083676
vt 0.884853 0.275944
vt 0.885358 0.273379
vt 0.885301 0.274475
vt 0.885291 0.274665
vt 0.885101 0.278344
vt 0.884474 0.278321
vt 0.884244 0.279760
vt 0.885060 0.279719
vt 0.883560 0.284048
vt 0.883035 0.290476
vt 0.883289 0.285748
vt 0.882927 0.289379
vt 0.882163 0.301220
vt 0.882186 0.300585
vt 0.882861 0.301181
vt 0.882393 0.294741
vt 0.882815 0.290503
vt 0.882453 0.311812
vt 0.882451 0.311802
vt 0.883466 0.311756
vt 0.882449 0.311758
vt 0.882082 0.303514
vt 0.883541 0.319375
vt 0.884858 0.322102
vt 0.884081 0.322034
vt 0.887010 0.332130
vt 0.886264 0.330631
vt 0.884240 0.322658
vt 0.888662 0.337816
vt 0.887075 0.333062
vt 0.886758 0.332111
vt 0.895038 0.719195
vt 0.893641 0.725533
vt 0.894784 0.719893
vt 0.745168 0.664164
vt 0.744602 0.658650
vt 0.745168 0.662006
vt 0.891958 0.730412
vt 0.892107 0.729585
vt 0.892198 0.736060
vt 0.745168 0.654913
vt 0.745168 0.658743
vt 0.891357 0.736068
vt 0.890981 0.735853
vt 0.891249 0.734361
vt 0.890117 0.746691
vt 0.890055 0.745405
vt 0.890983 0.746685
vt 0.890563 0.738186
vt 0.890939 0.736087
vt 0.890420 0.752971
vt 0.891524 0.757297
vt 0.891113 0.757289
vt 0.892264 0.762996
vt 0.891631 0.760516
vt 0.891391 0.759020
vt 0.892455 0.763747
vt 0.892364 0.757288
vt 0.893972 0.767798
vt 0.893984 0.769542
vt 0.894543 0.771168
vt 0.895625 0.774321
vt 0.893782 0.768954
vt 0.742971 0.660031
vt 0.743421 0.658816
vt 0.743528 0.660009
vt 0.743901 0.664164
vt 0.891764 0.746677
vt 0.884993 0.281995
vt 0.884943 0.283666
vt 0.884221 0.290457
vt 0.883832 0.301171
vt 0.884363 0.311750
vt 0.885828 0.322093
vt 0.888196 0.332113
vt 0.890069 0.338025
vt 0.889103 0.339138
vt 0.890482 0.339650
vt 0.890145 0.341688
vt 0.890992 0.341658
vt 0.890638 0.342895
vt 0.892159 0.346253
vt 0.892404 0.347216
vt 0.065156 0.381602
vt 0.063795 0.378279
vt 0.075803 0.369161
vt 0.051985 0.387623
vt 0.097218 0.139123
vt 0.100149 0.136681
vt 0.103854 0.140553
vt 0.105431 0.132281
vt 0.107616 0.131040
vt 0.111298 0.135417
vt 0.115461 0.133535
vt 0.157869 0.191684
vt 0.077513 0.409621
vt 0.452763 0.223405
vt 0.452789 0.223408
vt 0.452763 0.223598
vt 0.091157 0.147850
vt 0.091365 0.147550
vt 0.090769 0.152285
vt 0.095453 0.151142
vt 0.090719 0.152858
vt 0.091109 0.158858
vt 0.090818 0.157692
vt 0.093537 0.155298
vt 0.092126 0.159706
vt 0.091754 0.161441
vt 0.091480 0.160346
vt 0.103295 0.172333
vt 0.100137 0.170223
vt 0.104003 0.168954
vt 0.098483 0.169119
vt 0.091950 0.162228
vt 0.092436 0.162821
vt 0.095810 0.166937
vt 0.095888 0.167000
vt 0.115683 0.178099
vt 0.111333 0.177704
vt 0.104551 0.173173
vt 0.128006 0.183988
vt 0.126719 0.187865
vt 0.122027 0.184666
vt 0.121097 0.184032
vt 0.115199 0.180209
vt 0.113368 0.179022
vt 0.138761 0.193048
vt 0.137933 0.195538
vt 0.137320 0.195092
vt 0.130302 0.190308
vt 0.152346 0.206032
vt 0.148313 0.203095
vt 0.148940 0.201682
vt 0.146175 0.201539
vt 0.138481 0.195938
vt 0.683565 0.221947
vt 0.683940 0.216661
vt 0.683940 0.223643
vt 0.153740 0.207114
vt 0.158421 0.209788
vt 0.157976 0.210403
vt 0.221669 0.607661
vt 0.221384 0.605919
vt 0.221669 0.595742
vt 0.165696 0.216397
vt 0.160632 0.212465
vt 0.204683 0.646956
vt 0.204683 0.638091
vt 0.204874 0.637610
vt 0.204683 0.637588
vt 0.204683 0.635621
vt 0.890336 0.254666
vt 0.891874 0.250307
vt 0.893275 0.250119
vt 0.893628 0.245336
vt 0.898330 0.238573
vt 0.894796 0.242026
vt 0.176012 0.221880
vt 0.177022 0.225801
vt 0.174716 0.223886
vt 0.889444 0.257193
vt 0.889224 0.262130
vt 0.888172 0.262231
vt 0.452763 0.222287
vt 0.885326 0.274470
vt 0.887625 0.264399
vt 0.888164 0.262263
vt 0.886243 0.274456
vt 0.894314 0.771201
vt 0.884975 0.286957
vt 0.887035 0.274477
vt 0.743901 0.656476
vt 0.890641 0.759035
vt 0.893701 0.771207
vt 0.892344 0.771182
vt 0.890034 0.746694
vt 0.188706 0.666521
vt 0.188455 0.660260
vt 0.188706 0.654208
vt 0.890448 0.734349
vt 0.221828 0.512065
vt 0.221751 0.501164
vt 0.221828 0.499895
vt 0.891035 0.734344
vt 0.892620 0.722143
vt 0.443911 0.640810
vt 0.443911 0.649103
vt 0.443792 0.641599
vt 0.894159 0.722154
vt 0.893316 0.722137
vt 0.893215 0.725572
vt 0.896222 0.710229
vt 0.894527 0.346339
vt 0.893095 0.346259
vt 0.154241 0.321213
vt 0.153479 0.320146
vt 0.155039 0.319373
vt 0.144068 0.325049
vt 0.147817 0.323036
vt 0.144969 0.326457
vt 0.149870 0.321934
vt 0.153461 0.320155
vt 0.139965 0.327252
vt 0.134955 0.332656
vt 0.136913 0.328890
vt 0.131026 0.332218
vt 0.131768 0.331798
vt 0.133858 0.330617
vt 0.123009 0.336978
vt 0.123348 0.336558
vt 0.122928 0.336796
vt 0.111614 0.344185
vt 0.114586 0.341655
vt 0.122367 0.337113
vt 0.099378 0.350603
vt 0.105765 0.346811
vt 0.099853 0.352015
vt 0.106457 0.346400
vt 0.111335 0.343552
vt 0.087681 0.357554
vt 0.089025 0.356751
vt 0.087869 0.360373
vt 0.096738 0.352171
vt 0.078505 0.363035
vt 0.087159 0.357866
vt 0.069379 0.368495
vt 0.071280 0.367351
vt 0.074774 0.365264
vt 0.062811 0.374763
vt 0.062462 0.372657
vt 0.050322 0.380254
vt 0.051311 0.379567
vt 0.050870 0.383650
vt 0.053440 0.378087
vt 0.060292 0.373963
vt 0.039469 0.389534
vt 0.042831 0.385681
vt 0.043319 0.385121
vt 0.047013 0.382554
vt 0.038213 0.393524
vt 0.038631 0.392197
vt 0.039259 0.392653
vt 0.038981 0.391085
vt 0.039429 0.389660
vt 0.037690 0.395186
vt 0.037823 0.394763
vt 0.040506 0.397089
vt 0.042228 0.401282
vt 0.038321 0.404813
vt 0.038156 0.404489
vt 0.038022 0.403587
vt 0.037885 0.400140
vt 0.037858 0.399454
vt 0.039673 0.407478
vt 0.044390 0.405195
vt 0.040656 0.408794
vt 0.046960 0.408791
vt 0.043400 0.412467
vt 0.045895 0.415806
vt 0.049902 0.412035
vt 0.046200 0.416043
vt 0.053298 0.421562
vt 0.056769 0.417316
vt 0.060627 0.419279
vt 0.064722 0.420743
vt 0.073663 0.408794
vt 0.092545 0.385505
vt 0.082973 0.397004
vt 0.102270 0.374429
vt 0.108030 0.362187
vt 0.118403 0.352627
vt 0.128529 0.343833
vt 0.139797 0.336705
vt 0.139493 0.336961
vt 0.138283 0.335917
vt 0.130564 0.344841
vt 0.147539 0.328979
vt 0.148762 0.329589
vt 0.911241 0.677688
vt 0.142447 0.334474
vt 0.900226 0.698759
vt 0.905258 0.687867
vt 0.149098 0.329329
vt 0.895267 0.710237
vt 0.891857 0.722149
vt 0.896793 0.783085
vt 0.900976 0.794512
vt 0.906178 0.805350
vt 0.181067 0.217704
vt 0.181248 0.217953
vt 0.179632 0.218690
vt 0.184734 0.222750
vt 0.912320 0.815467
vt 0.173120 0.210531
vt 0.180517 0.216947
vt 0.165835 0.201491
vt 0.154423 0.179298
vt 0.146213 0.168000
vt 0.128839 0.144295
vt 0.137653 0.156287
vt 0.132975 0.143549
vt 0.119871 0.132158
vt 0.134158 0.157374
vt 0.130858 0.158862
vt 0.124890 0.145525
vt 0.121161 0.147209
vt 0.140279 0.170245
vt 0.149317 0.181228
vt 0.069996 0.407486
vt 0.066541 0.405730
vt 0.079727 0.395849
vt 0.076670 0.394297
vt 0.087040 0.383144
vt 0.097534 0.372400
vt 0.124332 0.339725
vt 0.113236 0.347571
vt 0.101803 0.356096
vt 0.090173 0.365198
vt 0.078482 0.374770
vt 0.082290 0.379498
vt 0.093448 0.369265
vt 0.104574 0.359535
vt 0.115536 0.350425
vt 0.126201 0.342042
vt 0.136439 0.334493
vt 0.146118 0.327873
vt 0.155110 0.322277
vt 0.162644 0.317003
vt 0.161379 0.316232
vt 0.053525 0.391378
vt 0.066866 0.384702
vt 0.055459 0.394882
vt 0.068900 0.387550
vt 0.057759 0.398102
vt 0.071229 0.390119
vt 0.060392 0.401005
vt 0.049742 0.418797
vt 0.053183 0.414889
vt 0.063330 0.403559
vt 0.073828 0.392377
vt 0.156175 0.323117
vt 0.901362 0.698748
vt 0.164072 0.318417
vt 0.737844 0.214593
vt 0.739303 0.214161
vt 0.739303 0.221659
vt 0.105265 0.165006
vt 0.116798 0.174605
vt 0.094053 0.143680
vt 0.097836 0.147275
vt 0.106978 0.161284
vt 0.109110 0.157822
vt 0.118312 0.171312
vt 0.120197 0.168248
vt 0.130972 0.178437
vt 0.173178 0.222609
vt 0.172787 0.222284
vt 0.168555 0.214550
vt 0.167091 0.217268
vt 0.160215 0.206437
vt 0.151098 0.197643
vt 0.141312 0.188273
vt 0.090432 0.156143
vt 0.096730 0.139825
vt 0.100648 0.143733
vt 0.111627 0.154651
vt 0.114497 0.151804
vt 0.122423 0.165443
vt 0.124961 0.162924
vt 0.135130 0.173790
vt 0.127783 0.160721
vt 0.117686 0.149312
vt 0.107416 0.137769
vt 0.103754 0.133678
vt 0.890299 0.262158
vt 0.894705 0.250155
vt 0.183745 0.226940
vt 0.182490 0.228332
vt 0.177633 0.220075
vt 0.170596 0.212272
vt 0.162727 0.203632
vt 0.154123 0.194263
vt 0.144888 0.184276
vt 0.897627 0.783076
vt 0.902112 0.794501
vt 0.907694 0.805335
vt 0.185285 0.225864
vt 0.038123 0.404445
vt 0.038134 0.404452
vt 0.091129 0.147888
vt 0.091121 0.147893
vt 0.038097 0.404447
vt 0.091093 0.147890
vt 0.896205 0.354526
vt 0.892485 0.347510
vt 0.897140 0.356325
vt 0.897151 0.356346
vt 0.899303 0.360486
vt 0.150661 0.320572
vt 0.147512 0.322256
vt 0.743289 0.218758
vt 0.743338 0.213709
vt 0.744051 0.217728
vt 0.744051 0.222105
vt 0.196259 0.607876
vt 0.195920 0.615754
vt 0.195920 0.607035
vt 0.196208 0.606930
vt 0.196183 0.606443
vt 0.195920 0.603276
vt 0.443898 0.654599
vt 0.443771 0.651096
vt 0.443898 0.649103
vt 0.443720 0.599817
vt 0.443554 0.593345
vt 0.443894 0.591209
vt 0.443554 0.591143
vt 0.224069 0.591210
vt 0.224136 0.590444
vt 0.224136 0.593550
vt 0.204649 0.653862
vt 0.204747 0.651578
vt 0.204747 0.656960
vt 0.443554 0.584189
vt 0.443650 0.587300
vt 0.443886 0.591091
vt 0.452916 0.222034
vt 0.452980 0.220806
vt 0.452980 0.222489
vt 0.885378 0.273037
vt 0.885360 0.273344
vt 0.221520 0.576189
vt 0.221472 0.577806
vt 0.221472 0.574521
vt 0.453038 0.220976
vt 0.453091 0.221734
vt 0.453038 0.222489
vt 0.221472 0.577806
vt 0.221503 0.581115
vt 0.221472 0.581207
vt 0.221493 0.581209
vt 0.221472 0.581904
vt 0.221472 0.566187
vt 0.221519 0.568648
vt 0.221472 0.570504
vt 0.212602 0.644655
vt 0.212864 0.648573
vt 0.212602 0.651036
vt 0.753738 0.413632
vt 0.754040 0.410465
vt 0.754039 0.414430
vt 0.753714 0.414324
vt 0.753703 0.414652
vt 0.754040 0.422197
vt 0.753399 0.425456
vt 0.753762 0.423901
vt 0.753762 0.431775
vt 0.204874 0.651457
vt 0.204874 0.648298
vt 0.205434 0.649262
vt 0.204874 0.646953
vt 0.684694 0.444813
vt 0.684093 0.442386
vt 0.684694 0.438503
vt 0.684096 0.438535
vt 0.684694 0.435194
vt 0.684101 0.433354
vt 0.684694 0.429917
vt 0.753762 0.438092
vt 0.753288 0.434026
vt 0.753762 0.433964
vt 0.753276 0.433785
vt 0.753306 0.431770
vt 0.902224 0.226064
vt 0.901417 0.227799
vt 0.901211 0.228242
vt 0.897574 0.236057
vt 0.897317 0.236609
vt 0.896309 0.238776
vt 0.094701 0.112439
vt 0.097506 0.116709
vt 0.106368 0.124255
vt 0.105505 0.123734
vt 0.091665 0.107818
vt 0.091630 0.107775
vt 0.091641 0.107782
vt 0.097865 0.117024
vt 0.102061 0.120709
vt 0.052023 0.428450
vt 0.049033 0.430455
vt 0.047751 0.431648
vt 0.044704 0.434481
vt 0.043943 0.435448
vt 0.040997 0.439192
vt 0.037962 0.444567
vt 0.037953 0.444571
vt 0.037987 0.444528
vt 0.040659 0.439790
vt 0.117286 0.497421
vt 0.119186 0.496416
vt 0.128975 0.505352
vt 0.893920 0.094723
vt 0.892194 0.106890
vt 0.110197 0.120021
vt 0.105804 0.116879
vt 0.098568 0.108928
vt 0.092646 0.094424
vt 0.092978 0.093455
vt 0.104655 0.085110
vt 0.235084 0.798385
vt 0.236510 0.803358
vt 0.235074 0.803071
vt 0.047644 0.439388
vt 0.051342 0.435746
vt 0.060042 0.430280
vt 0.073743 0.440643
vt 0.889578 0.045872
vt 0.894351 0.070040
vt 0.893050 0.057824
vt 0.885961 0.034362
vt 0.881382 0.023421
vt 0.744680 0.220939
vt 0.744680 0.222639
vt 0.744051 0.220653
vt 0.875909 0.013182
vt 0.744680 0.213709
vt 0.181691 0.645019
vt 0.180874 0.651378
vt 0.180874 0.640058
vt 0.133571 0.508371
vt 0.130858 0.505833
vt 0.129888 0.504927
vt 0.109179 0.486681
vt 0.101987 0.475258
vt 0.092378 0.464116
vt 0.082928 0.452534
vt 0.064928 0.428580
vt 0.055494 0.432690
vt 0.037426 0.451110
vt 0.037429 0.451044
vt 0.041841 0.448183
vt 0.037573 0.447539
vt 0.038634 0.458166
vt 0.037933 0.456532
vt 0.039852 0.453214
vt 0.037715 0.455057
vt 0.037362 0.452663
vt 0.038930 0.458856
vt 0.051295 0.462692
vt 0.038941 0.458880
vt 0.050395 0.469330
vt 0.049921 0.469006
vt 0.050131 0.467502
vt 0.045348 0.465882
vt 0.044041 0.464746
vt 0.041481 0.462521
vt 0.041156 0.462104
vt 0.039298 0.459713
vt 0.062043 0.476293
vt 0.061988 0.476653
vt 0.052423 0.470716
vt 0.065804 0.478990
vt 0.063793 0.477763
vt 0.062680 0.477083
vt 0.075042 0.481138
vt 0.074273 0.484158
vt 0.072545 0.483106
vt 0.063070 0.472036
vt 0.087075 0.489898
vt 0.086587 0.491649
vt 0.082514 0.489179
vt 0.077385 0.486054
vt 0.099026 0.498213
vt 0.098780 0.499016
vt 0.092077 0.494978
vt 0.091008 0.494330
vt 0.110756 0.505987
vt 0.104420 0.502397
vt 0.101286 0.500526
vt 0.114818 0.508570
vt 0.111326 0.506517
vt 0.110701 0.506144
vt 0.120236 0.511756
vt 0.117601 0.510207
vt 0.123691 0.509853
vt 0.112679 0.501953
vt 0.133089 0.519100
vt 0.130349 0.517564
vt 0.134238 0.516953
vt 0.129349 0.517004
vt 0.122176 0.512873
vt 0.144185 0.523159
vt 0.142443 0.524250
vt 0.137571 0.521613
vt 0.148158 0.527268
vt 0.153402 0.528386
vt 0.144988 0.525628
vt 0.143321 0.524726
vt 0.228938 0.900789
vt 0.228402 0.901819
vt 0.227857 0.898972
vt 0.162563 0.531654
vt 0.159006 0.532683
vt 0.158788 0.532577
vt 0.154484 0.527168
vt 0.153615 0.530053
vt 0.152726 0.529619
vt 0.152342 0.529432
vt 0.234474 0.888418
vt 0.234901 0.888416
vt 0.234629 0.889038
vt 0.229852 0.899032
vt 0.229768 0.899026
vt 0.231562 0.895744
vt 0.232369 0.894193
vt 0.239034 0.877186
vt 0.238830 0.877918
vt 0.238109 0.877090
vt 0.237374 0.882021
vt 0.235966 0.885989
vt 0.242321 0.862709
vt 0.241836 0.865354
vt 0.241293 0.865295
vt 0.241511 0.867130
vt 0.240894 0.870500
vt 0.243033 0.853090
vt 0.243012 0.854615
vt 0.242810 0.853056
vt 0.242610 0.859319
vt 0.242456 0.840498
vt 0.242858 0.840563
vt 0.243006 0.843431
vt 0.242125 0.852983
vt 0.243131 0.845872
vt 0.243105 0.847767
vt 0.243056 0.851385
vt 0.221769 0.581537
vt 0.221829 0.581540
vt 0.221829 0.588930
vt 0.241698 0.827941
vt 0.242548 0.835503
vt 0.242642 0.836357
vt 0.241406 0.825827
vt 0.241594 0.826834
vt 0.221829 0.580441
vt 0.221829 0.581274
vt 0.240613 0.827849
vt 0.238401 0.815341
vt 0.239904 0.817776
vt 0.237813 0.807902
vt 0.238526 0.810391
vt 0.239488 0.815546
vt 0.234024 0.794686
vt 0.230690 0.791193
vt 0.179339 0.033827
vt 0.178417 0.037621
vt 0.177128 0.035481
vt 0.168816 0.041700
vt 0.169222 0.041397
vt 0.170797 0.044457
vt 0.169526 0.041169
vt 0.175617 0.036612
vt 0.447142 0.714434
vt 0.446837 0.714437
vt 0.447142 0.709291
vt 0.196259 0.598653
vt 0.195818 0.603276
vt 0.195818 0.591643
vt 0.156220 0.050657
vt 0.150571 0.055508
vt 0.155628 0.051056
vt 0.140084 0.061481
vt 0.141315 0.060698
vt 0.140141 0.063544
vt 0.147910 0.056255
vt 0.150167 0.054735
vt 0.125063 0.071035
vt 0.128262 0.069000
vt 0.129120 0.072027
vt 0.131680 0.066826
vt 0.139605 0.061786
vt 0.117635 0.080860
vt 0.119996 0.074096
vt 0.123207 0.072156
vt 0.104439 0.083696
vt 0.105455 0.083018
vt 0.107641 0.081559
vt 0.114333 0.077516
vt 0.116609 0.076582
vt 0.116452 0.076236
vt 0.093133 0.093001
vt 0.093176 0.092876
vt 0.096731 0.089051
vt 0.097247 0.088496
vt 0.101041 0.085963
vt 0.091413 0.103469
vt 0.091335 0.101174
vt 0.093804 0.099175
vt 0.091245 0.098514
vt 0.091390 0.098091
vt 0.095846 0.104245
vt 0.091530 0.106916
vt 0.115025 0.122525
vt 0.120226 0.124328
vt 0.129473 0.112457
vt 0.138560 0.100772
vt 0.147388 0.089407
vt 0.155855 0.078492
vt 0.161244 0.067249
vt 0.169149 0.057759
vt 0.177992 0.048621
vt 0.176378 0.049067
vt 0.179548 0.046589
vt 0.204874 0.639996
vt 0.205701 0.635621
vt 0.205701 0.646953
vt 0.743901 0.656052
vt 0.744602 0.662257
vt 0.743901 0.662402
vt 0.873506 0.150946
vt 0.879333 0.140891
vt 0.887243 0.118700
vt 0.884291 0.130105
vt 0.120491 0.108606
vt 0.116558 0.105794
vt 0.130612 0.097370
vt 0.127132 0.094883
vt 0.140446 0.086440
vt 0.137407 0.084270
vt 0.149882 0.075941
vt 0.147268 0.074075
vt 0.156602 0.064415
vt 0.124814 0.110845
vt 0.134437 0.099349
vt 0.143787 0.088166
vt 0.152756 0.077425
vt 0.165297 0.055404
vt 0.173252 0.047150
vt 0.182840 0.041283
vt 0.180365 0.039756
vt 0.870987 0.150900
vt 0.877393 0.140855
vt 0.882839 0.130078
vt 0.890531 0.106859
vt 0.892633 0.094699
vt 0.893489 0.082369
vt 0.894650 0.082390
vt 0.894037 0.082379
vt 0.892167 0.057809
vt 0.893670 0.070028
vt 0.115552 0.498695
vt 0.126025 0.507208
vt 0.136091 0.514856
vt 0.138426 0.513377
vt 0.145619 0.521540
vt 0.147417 0.520388
vt 0.879442 0.023387
vt 0.884509 0.034337
vt 0.888514 0.045853
vt 0.891387 0.057795
vt 0.893063 0.070017
vt 0.104800 0.489424
vt 0.106889 0.487890
vt 0.061577 0.447053
vt 0.065294 0.444318
vt 0.072162 0.458199
vt 0.075451 0.455781
vt 0.082977 0.469058
vt 0.085849 0.466948
vt 0.093898 0.479506
vt 0.096369 0.477692
vt 0.069367 0.442163
vt 0.079055 0.453876
vt 0.088996 0.465286
vt 0.099076 0.476264
vt 0.233010 0.888337
vt 0.236967 0.877031
vt 0.239645 0.865181
vt 0.053074 0.458188
vt 0.064641 0.468049
vt 0.076413 0.477657
vt 0.088253 0.486902
vt 0.101338 0.493350
vt 0.044458 0.443554
vt 0.055415 0.454043
vt 0.066711 0.464382
vt 0.078219 0.474455
vt 0.089806 0.484148
vt 0.058266 0.450313
vt 0.069233 0.461082
vt 0.080420 0.471574
vt 0.091699 0.481670
vt 0.105819 0.089943
vt 0.092266 0.095533
vt 0.160288 0.048014
vt 0.161141 0.050133
vt 0.151596 0.058062
vt 0.141352 0.066563
vt 0.130528 0.075536
vt 0.119249 0.084878
vt 0.107645 0.094484
vt 0.101908 0.113160
vt 0.113069 0.102465
vt 0.110080 0.098677
vt 0.124046 0.091939
vt 0.121402 0.088588
vt 0.134714 0.081701
vt 0.132406 0.078775
vt 0.144951 0.071866
vt 0.142967 0.069349
vt 0.154642 0.062547
vt 0.152963 0.060418
vt 0.163671 0.053853
vt 0.162277 0.052088
vt 0.163590 0.045416
vt 0.447142 0.717862
vt 0.447142 0.719106
vt 0.241663 0.840436
vt 0.241511 0.852938
vt 0.240125 0.865194
vt 0.240678 0.865232
vt 0.239722 0.874711
vt 0.753697 0.215132
vt 0.754165 0.202750
vt 0.754165 0.215192
vt 0.240983 0.852923
vt 0.240993 0.840416
vt 0.239709 0.827821
vt 0.237176 0.815303
vt 0.233446 0.803019
vt 0.185038 0.031669
vt 0.186545 0.033317
vt 0.241596 0.826492
vt 0.224673 0.907930
vt 0.224058 0.908938
vt 0.037928 0.444569
vt 0.221735 0.577441
vt 0.221829 0.573931
vt 0.221829 0.580441
vt 0.223122 0.589843
vt 0.223192 0.591340
vt 0.223122 0.593766
vt 0.221737 0.533237
vt 0.221815 0.534232
vt 0.221737 0.536785
vt 0.223234 0.593839
vt 0.223304 0.594756
vt 0.223234 0.597579
vt 0.221472 0.570504
vt 0.221513 0.571045
vt 0.221472 0.574521
vt 0.221490 0.470418
vt 0.221513 0.471237
vt 0.221490 0.476353
vt 0.452980 0.220747
vt 0.453038 0.221441
vt 0.452980 0.222489
vt 0.221472 0.561255
vt 0.221519 0.562509
vt 0.221472 0.566187
vt 0.220891 0.913425
vt 0.153288 0.530845
vt 0.223792 0.909373
vt 0.228252 0.902066
vt 0.241718 0.827957
vt 0.241688 0.827685
vt 0.091602 0.107777
vt 0.232779 0.791513
vt 0.231928 0.789343
vt 0.228498 0.780597
vt 0.225113 0.772449
vt 0.225109 0.773718
vt 0.228099 0.779578
vt 0.448952 0.222588
vt 0.449527 0.220496
vt 0.449527 0.223596
vt 0.228327 0.780160
vt 0.224574 0.772670
vt 0.223101 0.769784
vt 0.222228 0.767025
vt 0.220891 0.765454
vt 0.748323 0.421376
vt 0.747825 0.427030
vt 0.747824 0.421332
vt 0.748344 0.420648
vt 0.748286 0.418971
vt 0.747824 0.418977
vt 0.748057 0.412296
vt 0.745387 0.215833
vt 0.745050 0.223546
vt 0.745050 0.214965
vt 0.745335 0.214853
vt 0.745309 0.214374
vt 0.449857 0.223169
vt 0.449527 0.223596
vt 0.449527 0.220615
vt 0.443892 0.660019
vt 0.443763 0.656567
vt 0.443892 0.654599
vt 0.450037 0.223608
vt 0.449857 0.223594
vt 0.450037 0.223236
vt 0.223297 0.589295
vt 0.223131 0.589843
vt 0.223131 0.586560
vt 0.223388 0.580715
vt 0.221829 0.588930
vt 0.221829 0.594214
vt 0.221736 0.591167
vt 0.223131 0.573931
vt 0.223278 0.576987
vt 0.223131 0.580772
vt 0.223131 0.582938
vt 0.223409 0.578651
vt 0.452916 0.223491
vt 0.452860 0.221862
vt 0.452916 0.221124
vt 0.221500 0.595495
vt 0.221344 0.592573
vt 0.221403 0.592432
vt 0.221378 0.592446
vt 0.221500 0.591985
vt 0.224136 0.592770
vt 0.224211 0.590444
vt 0.224211 0.593225
vt 0.222962 0.596888
vt 0.222126 0.596887
vt 0.222962 0.596795
vt 0.222126 0.596794
vt 0.222119 0.597302
vt 0.222932 0.597593
vt 0.222099 0.597582
vt 0.222928 0.597674
vt 0.222093 0.597656
vt 0.222920 0.597862
vt 0.222054 0.598194
vt 0.222859 0.598320
vt 0.739451 0.656278
vt 0.740293 0.656450
vt 0.739451 0.656441
vt 0.222029 0.598331
vt 0.222819 0.598614
vt 0.740295 0.656705
vt 0.739453 0.656935
vt 0.740298 0.657088
vt 0.739453 0.657088
vt 0.740298 0.657163
vt 0.739453 0.657165
vt 0.740302 0.657645
vt 0.452523 0.222287
vt 0.452231 0.222185
vt 0.452523 0.221423
vt 0.740837 0.214540
vt 0.741680 0.214385
vt 0.740837 0.214728
vt 0.741682 0.214745
vt 0.740837 0.214809
vt 0.741682 0.214821
vt 0.741685 0.215266
vt 0.740836 0.214086
vt 0.741678 0.214096
vt 0.451871 0.223399
vt 0.451995 0.222574
vt 0.452287 0.223399
vt 0.452789 0.221367
vt 0.452789 0.222288
vt 0.452523 0.222169
vt 0.222085 0.595786
vt 0.222903 0.595640
vt 0.222094 0.596016
vt 0.222926 0.596026
vt 0.222097 0.596094
vt 0.222959 0.596587
vt 0.222930 0.596102
vt 0.223857 0.132040
vt 0.218917 0.131818
vt 0.223880 0.131975
vt 0.223894 0.131936
vt 0.218918 0.131726
vt 0.223943 0.131884
vt 0.223974 0.131850
vt 0.740638 0.215510
vt 0.740734 0.215511
vt 0.740638 0.220571
vt 0.740699 0.220634
vt 0.218063 0.131624
vt 0.740736 0.214712
vt 0.217349 0.131122
vt 0.217417 0.131057
vt 0.740733 0.214034
vt 0.740638 0.213990
vt 0.740640 0.214687
vt 0.218100 0.131537
vt 0.223066 0.596795
vt 0.223040 0.595998
vt 0.223106 0.596795
vt 0.223143 0.595973
vt 0.223164 0.596794
vt 0.216807 0.129526
vt 0.216968 0.130350
vt 0.216881 0.130384
vt 0.223217 0.595936
vt 0.223222 0.596794
vt 0.216757 0.129524
vt 0.223070 0.595277
vt 0.222969 0.595322
vt 0.222859 0.595380
vt 0.223066 0.596888
vt 0.223106 0.596888
vt 0.223164 0.596888
vt 0.223222 0.596887
vt 0.216758 0.129431
vt 0.216720 0.129430
vt 0.216904 0.128571
vt 0.223040 0.597690
vt 0.217392 0.127847
vt 0.217458 0.127917
vt 0.218120 0.127365
vt 0.218975 0.127191
vt 0.218155 0.127456
vt 0.222969 0.598373
vt 0.223070 0.598417
vt 0.223143 0.597714
vt 0.216990 0.128610
vt 0.216808 0.129432
vt 0.223217 0.597750
vt 0.740408 0.657850
vt 0.740399 0.657058
vt 0.740494 0.657031
vt 0.740504 0.657847
vt 0.218974 0.127289
vt 0.740490 0.656345
vt 0.740396 0.656391
vt 0.740479 0.662978
vt 0.740488 0.662969
vt 0.740581 0.662870
vt 0.740595 0.662855
vt 0.223985 0.127254
vt 0.223937 0.127168
vt 0.223931 0.127156
vt 0.741829 0.221780
vt 0.741789 0.215517
vt 0.741889 0.221841
vt 0.741827 0.215517
vt 0.741905 0.221857
vt 0.741929 0.215516
vt 0.211092 0.623157
vt 0.209765 0.622546
vt 0.209220 0.621207
vt 0.741879 0.214758
vt 0.741784 0.214734
vt 0.741780 0.214068
vt 0.210337 0.623047
vt 0.210373 0.622961
vt 0.221997 0.596013
vt 0.221929 0.595350
vt 0.209362 0.621930
vt 0.209699 0.622612
vt 0.209276 0.621965
vt 0.222022 0.596794
vt 0.741675 0.213709
vt 0.221984 0.596794
vt 0.221868 0.596795
vt 0.221896 0.596037
vt 0.209180 0.621207
vt 0.741874 0.214112
vt 0.221829 0.595395
vt 0.222022 0.596887
vt 0.221984 0.596887
vt 0.221868 0.596888
vt 0.209180 0.621114
vt 0.210337 0.619274
vt 0.211093 0.619109
vt 0.211092 0.619211
vt 0.210373 0.619363
vt 0.209765 0.619777
vt 0.209699 0.619709
vt 0.221896 0.597647
vt 0.221997 0.597671
vt 0.221929 0.598342
vt 0.209276 0.620355
vt 0.209362 0.620392
vt 0.739350 0.657088
vt 0.739352 0.657866
vt 0.739358 0.657866
vt 0.739349 0.656434
vt 0.221829 0.598297
vt 0.739255 0.656480
vt 0.739256 0.657114
vt 0.739257 0.657868
vt 0.217367 0.618948
vt 0.739353 0.664141
vt 0.739255 0.664207
vt 0.447911 0.221684
vt 0.447911 0.221592
vt 0.448755 0.221593
vt 0.448744 0.223187
vt 0.447904 0.223038
vt 0.448747 0.222681
vt 0.447907 0.222473
vt 0.448748 0.222489
vt 0.447907 0.222395
vt 0.448749 0.222406
vt 0.447909 0.222101
vt 0.741642 0.656447
vt 0.740794 0.656928
vt 0.740800 0.656439
vt 0.740802 0.656278
vt 0.448742 0.223513
vt 0.447898 0.223673
vt 0.741638 0.656698
vt 0.741639 0.657079
vt 0.740794 0.657080
vt 0.741639 0.657155
vt 0.740794 0.657157
vt 0.741639 0.657633
vt 0.739012 0.658336
vt 0.739009 0.657863
vt 0.738164 0.657852
vt 0.739008 0.657782
vt 0.738164 0.657770
vt 0.739006 0.657398
vt 0.738164 0.657577
vt 0.739003 0.657024
vt 0.738161 0.657012
vt 0.738999 0.656519
vt 0.738160 0.656650
vt 0.447911 0.220629
vt 0.448752 0.220496
vt 0.447911 0.220849
vt 0.448753 0.220860
vt 0.447911 0.220923
vt 0.448754 0.221389
vt 0.448753 0.220932
vt 0.915407 0.085222
vt 0.910467 0.084978
vt 0.915431 0.085157
vt 0.915446 0.085117
vt 0.910472 0.084885
vt 0.915497 0.085065
vt 0.915530 0.085030
vt 0.737964 0.658600
vt 0.738056 0.658579
vt 0.737957 0.663345
vt 0.738018 0.663397
vt 0.909614 0.084780
vt 0.738063 0.657773
vt 0.908903 0.084276
vt 0.908973 0.084209
vt 0.738058 0.656983
vt 0.737964 0.656957
vt 0.737967 0.657770
vt 0.909655 0.084692
vt 0.448856 0.221589
vt 0.448858 0.220823
vt 0.448895 0.221588
vt 0.448952 0.220791
vt 0.908422 0.082677
vt 0.908527 0.083501
vt 0.908370 0.082676
vt 0.908437 0.083536
vt 0.908318 0.082675
vt 0.737957 0.656278
vt 0.738051 0.656324
vt 0.908423 0.082630
vt 0.908469 0.081722
vt 0.448853 0.222498
vt 0.908961 0.081000
vt 0.909029 0.081069
vt 0.909691 0.080522
vt 0.910548 0.080350
vt 0.909728 0.080611
vt 0.448847 0.223232
vt 0.448942 0.223271
vt 0.448948 0.222514
vt 0.908558 0.081760
vt 0.741749 0.657838
vt 0.741739 0.657048
vt 0.741833 0.657021
vt 0.741839 0.657834
vt 0.910549 0.080448
vt 0.741838 0.656341
vt 0.741744 0.656388
vt 0.741815 0.662965
vt 0.741825 0.662955
vt 0.741918 0.662855
vt 0.741930 0.662842
vt 0.915562 0.080436
vt 0.915511 0.080349
vt 0.915506 0.080340
vt 0.739145 0.664459
vt 0.739115 0.658568
vt 0.739205 0.664507
vt 0.739153 0.658564
vt 0.739222 0.664520
vt 0.910493 0.084765
vt 0.910497 0.084662
vt 0.909180 0.084029
vt 0.908658 0.082682
vt 0.739206 0.657783
vt 0.739111 0.657782
vt 0.739105 0.657006
vt 0.739255 0.658528
vt 0.909742 0.084541
vt 0.909781 0.084454
vt 0.739099 0.656359
vt 0.908787 0.083407
vt 0.909111 0.084095
vt 0.908699 0.083441
vt 0.447810 0.221596
vt 0.447809 0.220842
vt 0.908515 0.082679
vt 0.908618 0.082681
vt 0.739199 0.657031
vt 0.739193 0.656404
vt 0.447715 0.220873
vt 0.447773 0.221597
vt 0.447810 0.221688
vt 0.447772 0.221689
vt 0.908517 0.082586
vt 0.908619 0.082588
vt 0.909807 0.080768
vt 0.910566 0.080615
vt 0.910566 0.080713
vt 0.909843 0.080856
vt 0.909228 0.081260
vt 0.909161 0.081192
vt 0.447711 0.222468
vt 0.447805 0.222484
vt 0.447800 0.223205
vt 0.447671 0.221703
vt 0.908727 0.081831
vt 0.908814 0.081869
vt 0.740691 0.657080
vt 0.740689 0.657856
vt 0.740695 0.657856
vt 0.740698 0.656432
vt 0.447706 0.223167
vt 0.740605 0.656479
vt 0.740597 0.657107
vt 0.740596 0.657859
vt 0.916843 0.080561
vt 0.740692 0.664128
vt 0.740596 0.664194
vt 0.679679 0.221583
vt 0.680523 0.221583
vt 0.679679 0.221677
vt 0.680523 0.221677
vt 0.680572 0.218541
vt 0.679728 0.218558
vt 0.680570 0.218448
vt 0.679726 0.218465
vt 0.735989 0.215761
vt 0.736040 0.215318
vt 0.735249 0.215316
vt 0.736048 0.215241
vt 0.735256 0.215238
vt 0.736089 0.214882
vt 0.735270 0.215049
vt 0.680528 0.223408
vt 0.679686 0.223506
vt 0.680527 0.223100
vt 0.451871 0.223399
vt 0.451527 0.223076
vt 0.451871 0.222371
vt 0.679685 0.223097
vt 0.680525 0.222686
vt 0.736333 0.214212
vt 0.735409 0.214598
vt 0.735498 0.214308
vt 0.679685 0.222834
vt 0.680525 0.222456
vt 0.679683 0.222449
vt 0.680525 0.222377
vt 0.679681 0.221885
vt 0.679683 0.222371
vt 0.680524 0.221169
vt 0.679683 0.220880
vt 0.680525 0.220889
vt 0.679684 0.220802
vt 0.680525 0.220815
vt 0.679685 0.220611
vt 0.680526 0.220280
vt 0.679685 0.220156
vt 0.740427 0.221659
vt 0.739588 0.221485
vt 0.740430 0.221493
vt 0.452524 0.220581
vt 0.452524 0.221423
vt 0.452231 0.221418
vt 0.739593 0.221221
vt 0.740438 0.220987
vt 0.739594 0.220836
vt 0.740439 0.220833
vt 0.739594 0.220758
vt 0.740439 0.220755
vt 0.739594 0.220271
vt 0.679735 0.218973
vt 0.680579 0.219244
vt 0.679737 0.219252
vt 0.680580 0.219322
vt 0.679738 0.219326
vt 0.680581 0.219513
vt 0.679742 0.219860
vt 0.680581 0.219965
vt 0.451527 0.221594
vt 0.452066 0.221055
vt 0.451642 0.221722
vt 0.452317 0.223415
vt 0.452287 0.222574
vt 0.452579 0.222574
vt 0.742236 0.656476
vt 0.742924 0.656746
vt 0.742092 0.656980
vt 0.742878 0.657130
vt 0.742080 0.657134
vt 0.742868 0.657209
vt 0.742073 0.657212
vt 0.742809 0.657695
vt 0.737712 0.657919
vt 0.737717 0.657475
vt 0.736872 0.657454
vt 0.737718 0.657398
vt 0.736874 0.657376
vt 0.737722 0.657038
vt 0.736876 0.657185
vt 0.736889 0.656732
vt 0.679667 0.216730
vt 0.680522 0.217025
vt 0.679680 0.217039
vt 0.679698 0.217455
vt 0.737741 0.656362
vt 0.736897 0.656440
vt 0.680533 0.217290
vt 0.679705 0.217686
vt 0.680546 0.217675
vt 0.679707 0.217764
vt 0.680564 0.218240
vt 0.680548 0.217754
vt 0.742965 0.663030
vt 0.221739 0.435168
vt 0.221739 0.430040
vt 0.221748 0.435159
vt 0.124339 0.821821
vt 0.742901 0.657901
vt 0.742971 0.663021
vt 0.124200 0.826945
vt 0.124139 0.821825
vt 0.124294 0.826847
vt 0.124230 0.821823
vt 0.124308 0.826833
vt 0.124404 0.826783
vt 0.124417 0.826777
vt 0.680783 0.220059
vt 0.680686 0.219337
vt 0.680782 0.219360
vt 0.680674 0.218539
vt 0.680713 0.218539
vt 0.452916 0.223079
vt 0.453025 0.223086
vt 0.453025 0.223491
vt 0.452624 0.221367
vt 0.452523 0.221026
vt 0.452624 0.220673
vt 0.452579 0.222647
vt 0.452684 0.222293
vt 0.452681 0.222670
vt 0.123979 0.821026
vt 0.124069 0.821000
vt 0.122222 0.819655
vt 0.122240 0.819603
vt 0.123045 0.819748
vt 0.122244 0.819564
vt 0.123722 0.820236
vt 0.124174 0.820962
vt 0.742946 0.657102
vt 0.453025 0.222489
vt 0.453025 0.223002
vt 0.123636 0.820304
vt 0.123559 0.820350
vt 0.680687 0.220016
vt 0.452684 0.223415
vt 0.451284 0.220451
vt 0.451284 0.221055
vt 0.451203 0.220624
vt 0.122988 0.819837
vt 0.122203 0.819708
vt 0.122154 0.819602
vt 0.680672 0.218446
vt 0.680711 0.218445
vt 0.680764 0.218538
vt 0.680762 0.218444
vt 0.680816 0.218537
vt 0.680814 0.218444
vt 0.680652 0.217645
vt 0.736689 0.656634
vt 0.736771 0.657358
vt 0.736674 0.657333
vt 0.736753 0.658155
vt 0.680625 0.216966
vt 0.736785 0.656679
vt 0.121355 0.819725
vt 0.120097 0.821765
vt 0.120028 0.821761
vt 0.120207 0.820910
vt 0.120671 0.820194
vt 0.680747 0.217619
vt 0.680720 0.216919
vt 0.680809 0.217581
vt 0.122135 0.819654
vt 0.121367 0.819815
vt 0.120711 0.820265
vt 0.120267 0.820950
vt 0.736660 0.658153
vt 0.119872 0.826701
vt 0.119925 0.826725
vt 0.119957 0.826740
vt 0.736530 0.663133
vt 0.736579 0.663182
vt 0.736611 0.663214
vt 0.736672 0.663277
vt 0.693087 0.440892
vt 0.686812 0.441019
vt 0.686814 0.441110
vt 0.686816 0.441228
vt 0.686812 0.441013
vt 0.741930 0.664194
vt 0.741930 0.657918
vt 0.686058 0.441269
vt 0.686032 0.441181
vt 0.686096 0.441373
vt 0.685488 0.441762
vt 0.685420 0.441678
vt 0.679541 0.219320
vt 0.679637 0.219343
vt 0.679639 0.220008
vt 0.451585 0.221803
vt 0.452066 0.222288
vt 0.452697 0.220604
vt 0.452697 0.221367
vt 0.452624 0.220741
vt 0.679627 0.218560
vt 0.679589 0.218561
vt 0.679486 0.218563
vt 0.684904 0.443004
vt 0.684997 0.442282
vt 0.685085 0.442337
vt 0.684944 0.443008
vt 0.741980 0.657135
vt 0.679543 0.219966
vt 0.685373 0.441602
vt 0.684944 0.443095
vt 0.684904 0.443091
vt 0.679484 0.218470
vt 0.679587 0.218468
vt 0.679625 0.218467
vt 0.685490 0.444341
vt 0.737916 0.657413
vt 0.737820 0.657389
vt 0.737832 0.656723
vt 0.679603 0.217685
vt 0.679578 0.217017
vt 0.685087 0.443770
vt 0.685422 0.444382
vt 0.684998 0.443782
vt 0.737813 0.658172
vt 0.737852 0.658172
vt 0.737957 0.658172
vt 0.686818 0.444897
vt 0.686061 0.444784
vt 0.686099 0.444725
vt 0.686819 0.444863
vt 0.679509 0.217710
vt 0.737927 0.656767
vt 0.679484 0.217064
vt 0.737791 0.664434
vt 0.737851 0.664496
vt 0.739417 0.214936
vt 0.739408 0.214944
vt 0.855979 0.316668
vt 0.739489 0.220065
vt 0.739317 0.215041
vt 0.739395 0.220066
vt 0.739303 0.215056
vt 0.850989 0.317147
vt 0.855967 0.316563
vt 0.851047 0.317232
vt 0.851055 0.317243
vt 0.679487 0.220059
vt 0.679578 0.220785
vt 0.679484 0.220761
vt 0.679578 0.221584
vt 0.679540 0.221584
vt 0.739494 0.220865
vt 0.739486 0.221543
vt 0.450125 0.223247
vt 0.450037 0.223624
vt 0.450037 0.223236
vt 0.739401 0.220890
vt 0.857892 0.314219
vt 0.857944 0.314221
vt 0.857892 0.315083
vt 0.857983 0.314219
vt 0.857484 0.315849
vt 0.856814 0.316402
vt 0.739393 0.221588
vt 0.679582 0.220104
vt 0.856766 0.316309
vt 0.857409 0.315780
vt 0.857799 0.315046
vt 0.857840 0.314217
vt 0.857935 0.314129
vt 0.679578 0.221677
vt 0.679540 0.221677
vt 0.857831 0.314125
vt 0.857883 0.314127
vt 0.679578 0.222477
vt 0.735185 0.214504
vt 0.735141 0.215223
vt 0.735031 0.215200
vt 0.735090 0.216019
vt 0.679582 0.223155
vt 0.735291 0.214547
vt 0.857721 0.313295
vt 0.734978 0.216019
vt 0.734888 0.216019
vt 0.734941 0.215163
vt 0.856410 0.312204
vt 0.855543 0.312106
vt 0.857175 0.312620
vt 0.679489 0.221677
vt 0.679484 0.222502
vt 0.679487 0.223200
vt 0.451284 0.220532
vt 0.451363 0.220933
vt 0.452684 0.222555
vt 0.452735 0.222551
vt 0.452735 0.223415
vt 0.857635 0.313331
vt 0.857112 0.312685
vt 0.856380 0.312287
vt 0.850581 0.312531
vt 0.734931 0.221000
vt 0.734996 0.221048
vt 0.735038 0.221079
vt 0.735103 0.221141
vt 0.740638 0.220050
vt 0.740544 0.220049
vt 0.740541 0.213773
vt 0.855912 0.316121
vt 0.855923 0.316226
vt 0.740638 0.213709
vt 0.849692 0.316990
vt 0.740538 0.220049
vt 0.856661 0.315991
vt 0.740542 0.220833
vt 0.856615 0.315900
vt 0.857181 0.315434
vt 0.857255 0.315502
vt 0.680721 0.220824
vt 0.680627 0.220800
vt 0.680629 0.220133
vt 0.740532 0.221499
vt 0.680624 0.221583
vt 0.680662 0.221583
vt 0.857741 0.314067
vt 0.857616 0.314825
vt 0.857639 0.314063
vt 0.857525 0.314789
vt 0.857598 0.314065
vt 0.680723 0.220177
vt 0.740625 0.221455
vt 0.740635 0.220809
vt 0.680624 0.221677
vt 0.680662 0.221677
vt 0.680763 0.221676
vt 0.680763 0.221583
vt 0.857630 0.313971
vt 0.857589 0.313973
vt 0.856921 0.312705
vt 0.736244 0.215252
vt 0.736134 0.215230
vt 0.736279 0.214567
vt 0.680627 0.222459
vt 0.680629 0.223125
vt 0.857380 0.313273
vt 0.856982 0.312641
vt 0.857465 0.313238
vt 0.736092 0.216011
vt 0.736132 0.216011
vt 0.736264 0.216009
vt 0.736333 0.215287
vt 0.855542 0.312230
vt 0.856276 0.312353
vt 0.855545 0.312269
vt 0.680721 0.222435
vt 0.856306 0.312272
vt 0.736384 0.214609
vt 0.680723 0.223080
vt 0.736185 0.222272
vt 0.736251 0.222333
vt 0.394627 0.430800
vt 0.393909 0.429596
vt 0.393910 0.431157
vt 0.375648 0.438686
vt 0.376136 0.440006
vt 0.374594 0.440444
vt 0.356028 0.444266
vt 0.356267 0.445656
vt 0.353872 0.445878
vt 0.335716 0.446145
vt 0.335698 0.447559
vt 0.332504 0.447263
vt 0.315405 0.444260
vt 0.315129 0.445651
vt 0.311271 0.444552
vt 0.295784 0.438675
vt 0.295261 0.439995
vt 0.290951 0.437848
vt 0.277524 0.429580
vt 0.260285 0.418333
vt 0.261246 0.417284
vt 0.272286 0.427398
vt 0.276769 0.430784
vt 0.255735 0.413783
vt 0.252973 0.411021
vt 0.247503 0.402207
vt 0.250478 0.408015
vt 0.246368 0.403065
vt 0.236764 0.384862
vt 0.238451 0.390277
vt 0.235493 0.385500
vt 0.229395 0.365839
vt 0.229770 0.370726
vt 0.228031 0.366236
vt 0.225647 0.345786
vt 0.224973 0.349873
vt 0.224235 0.345930
vt 0.225647 0.325387
vt 0.224235 0.328480
vt 0.224235 0.325272
vt 0.229395 0.305335
vt 0.227589 0.307331
vt 0.228031 0.304967
vt 0.236764 0.286314
vt 0.234914 0.287200
vt 0.235493 0.285705
vt 0.245946 0.268824
vt 0.247503 0.268972
vt 0.246368 0.268143
vt 0.204994 0.775763
vt 0.198810 0.766158
vt 0.198872 0.766135
vt 0.199813 0.765462
vt 0.199824 0.765462
vt 0.199728 0.765508
vt 0.198965 0.766098
vt 0.199939 0.765455
vt 0.199956 0.765454
vt 0.200045 0.765493
vt 0.200057 0.765498
vt 0.200123 0.765563
vt 0.200879 0.766740
vt 0.206222 0.775061
vt 0.209112 0.784862
vt 0.210999 0.785615
vt 0.213673 0.794940
vt 0.215011 0.794480
vt 0.216074 0.804995
vt 0.217735 0.805889
vt 0.218561 0.815413
vt 0.219961 0.815213
vt 0.219027 0.826091
vt 0.220479 0.827076
vt 0.219480 0.836442
vt 0.220891 0.836508
vt 0.217862 0.847362
vt 0.219130 0.848398
vt 0.216396 0.857264
vt 0.217768 0.857594
vt 0.212622 0.868010
vt 0.213738 0.869070
vt 0.209422 0.877124
vt 0.210706 0.877705
vt 0.203503 0.887262
vt 0.204500 0.888334
vt 0.198810 0.895301
vt 0.199960 0.896112
vt 0.053712 0.275768
vt 0.065598 0.275880
vt 0.074405 0.275964
vt 0.077547 0.827798
vt 0.076205 0.827791
vt 0.221829 0.552489
vt 0.221842 0.552350
vt 0.222097 0.550794
vt 0.222010 0.550857
vt 0.222028 0.550819
vt 0.221981 0.550919
vt 0.221975 0.550956
vt 0.222084 0.550772
vt 0.222120 0.550741
vt 0.222184 0.550730
vt 0.223245 0.550851
vt 0.222290 0.550713
vt 0.223328 0.550851
vt 0.223392 0.550832
vt 0.850762 0.317045
vt 0.850860 0.317064
vt 0.850869 0.317070
vt 0.849792 0.317021
vt 0.850973 0.317137
vt 0.452860 0.221367
vt 0.452860 0.223492
vt 0.452789 0.223432
vt 0.180874 0.654841
vt 0.179647 0.655482
vt 0.173535 0.636659
vt 0.171666 0.635712
vt 0.172948 0.635206
vt 0.171621 0.635599
vt 0.169167 0.615739
vt 0.167553 0.614652
vt 0.168911 0.614420
vt 0.167533 0.614549
vt 0.168911 0.594365
vt 0.167533 0.593194
vt 0.168911 0.593246
vt 0.167533 0.593107
vt 0.172777 0.573339
vt 0.171607 0.572127
vt 0.172948 0.572460
vt 0.171621 0.572058
vt 0.180622 0.553448
vt 0.179627 0.552224
vt 0.180874 0.552825
vt 0.179647 0.552175
vt 0.099268 0.276463
vt 0.078675 0.276392
vt 0.078230 0.276391
vt 0.057344 0.276291
vt 0.057121 0.276290
vt 0.197510 0.887303
vt 0.187636 0.868271
vt 0.181572 0.847705
vt 0.182948 0.847455
vt 0.181570 0.847688
vt 0.182927 0.847232
vt 0.179540 0.826361
vt 0.180942 0.826377
vt 0.179544 0.826326
vt 0.180985 0.825932
vt 0.181615 0.805020
vt 0.182991 0.805303
vt 0.181630 0.804970
vt 0.183183 0.804660
vt 0.187722 0.784467
vt 0.189021 0.785007
vt 0.187754 0.784405
vt 0.189435 0.784213
vt 0.197634 0.765454
vt 0.198810 0.766232
vt 0.055248 0.827786
vt 0.056356 0.827786
vt 0.097355 0.827900
vt 0.223409 0.573790
vt 0.222003 0.573931
vt 0.222002 0.573809
vt 0.223397 0.572223
vt 0.195818 0.635593
vt 0.195818 0.624450
vt 0.195856 0.635560
vt 0.195935 0.635472
vt 0.195915 0.635510
vt 0.180354 0.655557
vt 0.180417 0.655538
vt 0.181653 0.666804
vt 0.180521 0.655508
vt 0.181492 0.655526
vt 0.181574 0.655516
vt 0.181636 0.655490
vt 0.181653 0.655482
vt 0.187823 0.455759
vt 0.180874 0.446788
vt 0.180938 0.446753
vt 0.181914 0.445902
vt 0.181925 0.445900
vt 0.181825 0.445963
vt 0.181035 0.446701
vt 0.182047 0.445875
vt 0.182065 0.445871
vt 0.182161 0.445898
vt 0.182174 0.445901
vt 0.182247 0.445959
vt 0.183971 0.448190
vt 0.189102 0.454831
vt 0.192634 0.464272
vt 0.195445 0.466055
vt 0.198100 0.473944
vt 0.199509 0.473245
vt 0.201302 0.483404
vt 0.203674 0.485550
vt 0.204789 0.493703
vt 0.206283 0.493254
vt 0.206189 0.503797
vt 0.208080 0.506214
vt 0.207651 0.514330
vt 0.209180 0.514143
vt 0.207117 0.524709
vt 0.208504 0.527299
vt 0.206583 0.535088
vt 0.208099 0.535164
vt 0.204051 0.545376
vt 0.204929 0.548044
vt 0.201624 0.555235
vt 0.203077 0.555566
vt 0.197103 0.565042
vt 0.197485 0.567698
vt 0.192951 0.574050
vt 0.194294 0.574619
vt 0.186527 0.582991
vt 0.186440 0.585551
vt 0.180874 0.590861
vt 0.182064 0.591642
vt 0.178931 0.655654
vt 0.180354 0.655482
vt 0.180354 0.666770
vt 0.221490 0.487557
vt 0.221490 0.476353
vt 0.221520 0.487454
vt 0.916747 0.080533
vt 0.915776 0.080532
vt 0.915574 0.080445
vt 0.915671 0.080509
vt 0.915682 0.080516
vt 0.917324 0.059217
vt 0.917352 0.057802
vt 0.917792 0.038751
vt 0.917815 0.037731
vt 0.221829 0.574241
vt 0.223109 0.573931
vt 0.221829 0.594557
vt 0.223109 0.590732
vt 0.223109 0.595232
vt 0.221829 0.595277
vt 0.180071 0.515625
vt 0.178471 0.516766
vt 0.174465 0.502177
vt 0.173959 0.505941
vt 0.174364 0.501935
vt 0.169721 0.485431
vt 0.166265 0.466352
vt 0.164233 0.446382
vt 0.164212 0.445706
vt 0.163599 0.425306
vt 0.163639 0.424279
vt 0.164420 0.404211
vt 0.164566 0.402883
vt 0.166664 0.383872
vt 0.166958 0.382330
vt 0.170250 0.365037
vt 0.170722 0.363398
vt 0.175045 0.348396
vt 0.175715 0.346804
vt 0.177571 0.337476
vt 0.180874 0.334561
vt 0.179285 0.333409
vt 0.717380 0.439223
vt 0.716077 0.439293
vt 0.717113 0.436469
vt 0.714636 0.424429
vt 0.715352 0.418309
vt 0.714024 0.418115
vt 0.715653 0.415211
vt 0.715448 0.403437
vt 0.717380 0.397422
vt 0.716077 0.396963
vt 0.867892 0.722018
vt 0.867915 0.725481
vt 0.868028 0.743014
vt 0.208000 0.434423
vt 0.347944 0.448149
vt 0.229596 0.566069
vt 0.224332 0.546957
vt 0.229971 0.545498
vt 0.224383 0.546836
vt 0.324893 0.452993
vt 0.343820 0.447656
vt 0.345258 0.453351
vt 0.343939 0.447708
vt 0.343953 0.447710
vt 0.224385 0.546822
vt 0.224838 0.542917
vt 0.234313 0.525393
vt 0.224823 0.542790
vt 0.242453 0.506525
vt 0.254079 0.489620
vt 0.268745 0.475327
vt 0.285887 0.464196
vt 0.304846 0.456655
vt 0.343739 0.447559
vt 0.347819 0.448163
vt 0.365159 0.457715
vt 0.383830 0.465918
vt 0.400555 0.477644
vt 0.414690 0.492443
vt 0.425692 0.509746
vt 0.433139 0.528888
vt 0.436743 0.549133
vt 0.436368 0.569704
vt 0.432027 0.589809
vt 0.423886 0.608677
vt 0.412260 0.625582
vt 0.397594 0.639874
vt 0.380452 0.651005
vt 0.361493 0.658547
vt 0.341446 0.662209
vt 0.321081 0.661851
vt 0.301180 0.657486
vt 0.282509 0.649284
vt 0.265784 0.637557
vt 0.251649 0.622759
vt 0.240647 0.605456
vt 0.233201 0.586314
vt 0.224235 0.547039
vt 0.690381 0.483266
vt 0.780883 0.654232
vt 0.679065 0.500381
vt 0.760514 0.654246
vt 0.740537 0.650245
vt 0.704784 0.468709
vt 0.721720 0.457267
vt 0.740538 0.449381
vt 0.760515 0.445354
vt 0.780883 0.445340
vt 0.800860 0.449340
vt 0.819678 0.457201
vt 0.836614 0.468620
vt 0.851017 0.483158
vt 0.870127 0.519260
vt 0.836614 0.630877
vt 0.819678 0.642319
vt 0.721719 0.642385
vt 0.704784 0.630966
vt 0.690381 0.616427
vt 0.671270 0.580326
vt 0.667297 0.560149
vt 0.667297 0.539575
vt 0.870127 0.580192
vt 0.874101 0.560010
vt 0.874101 0.539436
vt 0.862333 0.500257
vt 0.800860 0.650205
vt 0.679065 0.599328
vt 0.671270 0.519394
vt 0.862332 0.599205
vt 0.851016 0.616319
vt 0.648530 0.528664
vt 0.584436 0.647187
vt 0.580483 0.645997
vt 0.656180 0.506598
vt 0.655557 0.524890
vt 0.645441 0.489255
vt 0.651538 0.525836
vt 0.631699 0.474181
vt 0.647339 0.532618
vt 0.648284 0.536637
vt 0.651112 0.539644
vt 0.536917 0.447225
vt 0.557228 0.445340
vt 0.538419 0.451019
vt 0.463345 0.572126
vt 0.527439 0.453603
vt 0.526248 0.457556
vt 0.458278 0.605172
vt 0.450909 0.586151
vt 0.452120 0.582682
vt 0.577541 0.664545
vt 0.557229 0.666430
vt 0.576039 0.660751
vt 0.527193 0.461575
vt 0.530021 0.464583
vt 0.466173 0.575133
vt 0.663549 0.586123
vt 0.656180 0.605146
vt 0.655065 0.540835
vt 0.451174 0.578663
vt 0.447161 0.566100
vt 0.452365 0.574710
vt 0.467118 0.579152
vt 0.577540 0.447219
vt 0.533974 0.465773
vt 0.537993 0.464827
vt 0.541001 0.461999
vt 0.542192 0.458045
vt 0.541247 0.454026
vt 0.499037 0.649880
vt 0.462919 0.585934
vt 0.465927 0.583106
vt 0.579992 0.661941
vt 0.584011 0.660995
vt 0.597160 0.658960
vt 0.587018 0.658167
vt 0.615421 0.649864
vt 0.588209 0.654214
vt 0.631699 0.637569
vt 0.587264 0.650195
vt 0.645441 0.622491
vt 0.667297 0.566070
vt 0.659084 0.539889
vt 0.667297 0.545670
vt 0.455373 0.571881
vt 0.447161 0.545700
vt 0.459392 0.570935
vt 0.454948 0.585690
vt 0.458901 0.586880
vt 0.469016 0.622515
vt 0.482759 0.637589
vt 0.662092 0.537060
vt 0.663283 0.533107
vt 0.663549 0.525618
vt 0.662338 0.529088
vt 0.659510 0.526080
vt 0.536917 0.664550
vt 0.572265 0.653724
vt 0.573211 0.657743
vt 0.517297 0.658970
vt 0.573456 0.649771
vt 0.576464 0.646943
vt 0.597160 0.452799
vt 0.615420 0.461890
vt 0.534466 0.449829
vt 0.530447 0.450774
vt 0.517297 0.452810
vt 0.499037 0.461906
vt 0.482758 0.474201
vt 0.450909 0.525647
vt 0.458277 0.506624
vt 0.469016 0.489278
vt 0.662312 0.101879
vt 0.667625 0.120998
vt 0.661929 0.122450
vt 0.667573 0.121118
vt 0.453081 0.118563
vt 0.447768 0.099444
vt 0.453465 0.097992
vt 0.447820 0.099324
vt 0.447822 0.099310
vt 0.448280 0.095405
vt 0.457854 0.077892
vt 0.448266 0.095278
vt 0.466080 0.059033
vt 0.667722 0.120916
vt 0.658675 0.081629
vt 0.651158 0.062478
vt 0.640049 0.045161
vt 0.625775 0.030345
vt 0.608885 0.018598
vt 0.590028 0.010373
vt 0.569929 0.005984
vt 0.549359 0.005601
vt 0.529110 0.009239
vt 0.509959 0.016757
vt 0.492643 0.027867
vt 0.477827 0.042142
vt 0.667571 0.121133
vt 0.667113 0.125037
vt 0.657539 0.142550
vt 0.667127 0.125164
vt 0.649314 0.161409
vt 0.447671 0.099526
vt 0.456718 0.138813
vt 0.464235 0.157964
vt 0.475344 0.175281
vt 0.489618 0.190097
vt 0.506508 0.201844
vt 0.525365 0.210070
vt 0.545465 0.214458
vt 0.566034 0.214841
vt 0.586284 0.211203
vt 0.605434 0.203685
vt 0.622751 0.192575
vt 0.637567 0.178300
vt 0.188412 0.643925
vt 0.190585 0.640161
vt 0.202458 0.652035
vt 0.194349 0.637988
vt 0.198695 0.637988
vt 0.202458 0.640161
vt 0.204631 0.643925
vt 0.204631 0.648271
vt 0.190585 0.652035
vt 0.188412 0.648271
vt 0.194349 0.654208
vt 0.198695 0.654208
vt 0.733928 0.427508
vt 0.733368 0.427508
vt 0.737442 0.414195
vt 0.738002 0.414195
vt 0.737432 0.418391
vt 0.737992 0.418391
vt 0.737442 0.422592
vt 0.738002 0.422592
vt 0.208621 0.635621
vt 0.209180 0.635622
vt 0.208567 0.639028
vt 0.209127 0.639029
vt 0.208548 0.643328
vt 0.209107 0.643329
vt 0.219778 0.724870
vt 0.219884 0.727677
vt 0.205701 0.643645
vt 0.205727 0.637912
vt 0.215550 0.723863
vt 0.214247 0.726334
vt 0.212393 0.720876
vt 0.210037 0.722353
vt 0.734622 0.423987
vt 0.734608 0.418386
vt 0.734622 0.412792
vt 0.212158 0.712483
vt 0.209725 0.711162
vt 0.215145 0.709326
vt 0.213707 0.706952
vt 0.206777 0.669501
vt 0.220532 0.667799
vt 0.234210 0.670041
vt 0.246702 0.676046
vt 0.208382 0.716799
vt 0.232367 0.763473
vt 0.255738 0.749095
vt 0.245086 0.757964
vt 0.267626 0.724365
vt 0.263460 0.737585
vt 0.256995 0.685327
vt 0.264257 0.697133
vt 0.267899 0.710507
vt 0.206701 0.669230
vt 0.871407 0.839965
vt 0.871691 0.839868
vt 0.871726 0.853500
vt 0.871441 0.853519
vt 0.871691 0.867402
vt 0.871407 0.867341
vt 0.234291 0.669773
vt 0.246855 0.675813
vt 0.257208 0.685147
vt 0.264511 0.697021
vt 0.841761 0.387513
vt 0.842043 0.387410
vt 0.842061 0.400963
vt 0.841779 0.400989
vt 0.842043 0.414887
vt 0.841761 0.414833
vt 0.267899 0.724409
vt 0.263709 0.737705
vt 0.255943 0.749282
vt 0.245230 0.758202
vt 0.874769 0.839872
vt 0.874804 0.853504
vt 0.874769 0.867405
vt 0.874669 0.880450
vt 0.871591 0.880446
vt 0.874511 0.891581
vt 0.871433 0.891577
vt 0.841990 0.375324
vt 0.845069 0.375326
vt 0.845122 0.387412
vt 0.845140 0.400966
vt 0.845122 0.414889
vt 0.845069 0.428055
vt 0.841990 0.428052
vt 0.844985 0.439395
vt 0.841906 0.439392
vt 0.848273 0.438917
vt 0.845195 0.438916
vt 0.809822 0.786635
vt 0.856006 0.820351
vt 0.803504 0.799062
vt 0.844576 0.837458
vt 0.793942 0.809205
vt 0.810980 0.759062
vt 0.867892 0.760590
vt 0.812383 0.772932
vt 0.867892 0.781164
vt 0.863879 0.801343
vt 0.797047 0.735240
vt 0.844575 0.704296
vt 0.805726 0.746150
vt 0.856005 0.721403
vt 0.863878 0.740411
vt 0.717080 0.755119
vt 0.670896 0.721403
vt 0.723397 0.742692
vt 0.682325 0.704296
vt 0.732960 0.732549
vt 0.715922 0.782692
vt 0.659010 0.781164
vt 0.714519 0.768822
vt 0.659010 0.760590
vt 0.663023 0.740411
vt 0.830029 0.852006
vt 0.812923 0.863437
vt 0.781909 0.816243
vt 0.793916 0.871310
vt 0.768381 0.819606
vt 0.773738 0.875324
vt 0.754454 0.819021
vt 0.772448 0.722733
vt 0.793914 0.670444
vt 0.785647 0.727218
vt 0.812922 0.678317
vt 0.830028 0.689748
vt 0.696873 0.689748
vt 0.713979 0.678317
vt 0.744992 0.725511
vt 0.732986 0.670444
vt 0.758521 0.722148
vt 0.753163 0.666430
vt 0.773737 0.666430
vt 0.729855 0.806514
vt 0.682327 0.837458
vt 0.721176 0.795605
vt 0.670897 0.820352
vt 0.663024 0.801343
vt 0.753165 0.875324
vt 0.732987 0.871311
vt 0.741255 0.814536
vt 0.713980 0.863437
vt 0.696874 0.852007
vt 0.903611 0.281338
vt 0.914804 0.281352
vt 0.903541 0.261512
vt 0.914735 0.261526
vt 0.903405 0.243139
vt 0.914598 0.243154
vt 0.903207 0.226927
vt 0.914400 0.226941
vt 0.902955 0.213497
vt 0.914148 0.213511
vt 0.210153 0.445894
vt 0.220970 0.459245
vt 0.209779 0.459267
vt 0.220677 0.475411
vt 0.209486 0.475433
vt 0.220475 0.493750
vt 0.209283 0.493772
vt 0.220372 0.513556
vt 0.209180 0.513578
vt 0.220372 0.534067
vt 0.209180 0.534090
vt 0.220475 0.554497
vt 0.209283 0.554520
vt 0.220677 0.574060
vt 0.209486 0.574082
vt 0.220970 0.592004
vt 0.209779 0.592026
vt 0.221344 0.607639
vt 0.210153 0.607661
vt 0.917981 0.000006
vt 0.929175 -0.000000
vt 0.929094 0.016243
vt 0.917900 0.016249
vt 0.701765 0.415205
vt 0.705341 0.417270
vt 0.699702 0.422910
vt 0.707405 0.420845
vt 0.707405 0.424974
vt 0.691998 0.420845
vt 0.694062 0.417270
vt 0.697637 0.415205
vt 0.697638 0.430614
vt 0.694063 0.428550
vt 0.691998 0.424974
vt 0.705341 0.428550
vt 0.701766 0.430614
vt 0.678453 0.429403
vt 0.682028 0.431468
vt 0.676389 0.437108
vt 0.684093 0.435044
vt 0.684093 0.439173
vt 0.668685 0.435044
vt 0.670749 0.431468
vt 0.674325 0.429403
vt 0.674325 0.444813
vt 0.670750 0.442748
vt 0.668686 0.439172
vt 0.682029 0.442748
vt 0.678454 0.444813
vt 0.693708 0.201251
vt 0.697283 0.203316
vt 0.691644 0.208956
vt 0.699347 0.206892
vt 0.699347 0.211021
vt 0.683940 0.206891
vt 0.686004 0.203316
vt 0.689579 0.201251
vt 0.689579 0.216660
vt 0.686004 0.214596
vt 0.683940 0.211020
vt 0.697283 0.214596
vt 0.693708 0.216661
vt 0.701766 0.396963
vt 0.705341 0.399028
vt 0.699702 0.404668
vt 0.707405 0.402604
vt 0.707405 0.406732
vt 0.691998 0.402603
vt 0.694062 0.399027
vt 0.697637 0.396963
vt 0.697637 0.412372
vt 0.694062 0.410308
vt 0.691998 0.406732
vt 0.705341 0.410308
vt 0.701766 0.412372
vt 0.160119 0.870918
vt 0.161223 0.873399
vt 0.154960 0.887690
vt 0.011059 0.956981
vt 0.010156 0.954954
vt 0.016355 0.940873
vt -0.000000 0.904962
vt 0.001877 0.896133
vt 0.030495 0.908909
vt 0.065584 0.830468
vt 0.067695 0.829782
vt 0.091013 0.859249
vt 0.085588 0.827900
vt 0.103481 0.829778
vt 0.104080 0.829973
vt 0.059042 0.844998
vt 0.044837 0.838660
vt 0.050584 0.835342
vt 0.035004 0.844338
vt 0.044734 0.876930
vt 0.021633 0.856376
vt 0.003740 0.887366
vt 0.011058 0.870931
vt 0.016013 0.864111
vt 0.003741 0.940548
vt 0.002495 0.934686
vt -0.000000 0.922952
vt 0.050585 0.992564
vt 0.035549 0.983885
vt 0.048324 0.955123
vt 0.035004 0.983570
vt 0.021634 0.971534
vt 0.106065 0.997279
vt 0.103482 0.998118
vt 0.080316 0.969363
vt 0.085589 1.000000
vt 0.067696 0.998121
vt 0.067448 0.998041
vt 0.154850 0.964220
vt 0.149544 0.971523
vt 0.126595 0.951682
vt 0.136174 0.983562
vt 0.112269 0.983563
vt 0.125783 0.989561
vt 0.120593 0.992558
vt 0.171177 0.922937
vt 0.169189 0.932288
vt 0.140835 0.919704
vt 0.167437 0.940534
vt 0.160119 0.956969
vt 0.167436 0.887352
vt 0.168816 0.893842
vt 0.171177 0.904948
vt 0.120592 0.835336
vt 0.135947 0.844199
vt 0.123006 0.873489
vt 0.136173 0.844329
vt 0.149543 0.856366
vt 0.062527 0.923187
vt 0.076765 0.891208
vt 0.094580 0.937454
vt 0.108819 0.905475
vt 0.442921 0.715411
vt 0.442468 0.715412
vt 0.442372 0.697510
vt 0.442825 0.697508
vt 0.442372 0.679627
vt 0.442825 0.679625
vt 0.442384 0.677519
vt 0.442921 0.662544
vt 0.442468 0.662545
vt 0.442538 0.656815
vt 0.443109 0.647010
vt 0.442657 0.647011
vt 0.442929 0.633703
vt 0.443382 0.633702
vt 0.443112 0.628124
vt 0.443726 0.623203
vt 0.443274 0.623204
vt 0.893095 0.377939
vt 0.893548 0.377939
vt 0.893756 0.390955
vt 0.893303 0.390955
vt 0.893833 0.398585
vt 0.893459 0.406269
vt 0.894011 0.456770
vt 0.893555 0.458983
vt 0.893587 0.441043
vt 0.893911 0.406269
vt 0.894007 0.423212
vt 0.893555 0.423212
vt 0.894029 0.435104
vt 0.894040 0.441043
vt 0.894007 0.458983
vt 0.893911 0.476248
vt 0.893459 0.476248
vt 0.893756 0.492084
vt 0.893303 0.492083
vt 0.893748 0.492564
vt 0.893095 0.505797
vt 0.893548 0.505797
vt 0.895399 0.375628
vt 0.895851 0.375628
vt 0.895932 0.390837
vt 0.895481 0.391061
vt 0.895933 0.391061
vt 0.895984 0.408079
vt 0.895532 0.408079
vt 0.896001 0.425939
vt 0.895549 0.425939
vt 0.895999 0.428644
vt 0.895532 0.443860
vt 0.895984 0.443860
vt 0.895967 0.449590
vt 0.895481 0.461060
vt 0.895933 0.461060
vt 0.895851 0.476786
vt 0.895399 0.476785
vt 0.895399 0.490800
vt 0.894946 0.490800
vt 0.894908 0.483501
vt 0.895324 0.476253
vt 0.894871 0.476253
vt 0.894819 0.459823
vt 0.895272 0.459823
vt 0.894807 0.451578
vt 0.895245 0.442228
vt 0.894863 0.392674
vt 0.895324 0.390192
vt 0.895272 0.406634
vt 0.894793 0.442228
vt 0.894793 0.424236
vt 0.895245 0.424236
vt 0.894810 0.413127
vt 0.894819 0.406634
vt 0.894871 0.390192
vt 0.894946 0.375628
vt 0.895399 0.375628
vt 0.443726 0.761612
vt 0.443274 0.761613
vt 0.442929 0.748180
vt 0.443382 0.748179
vt 0.442925 0.747954
vt 0.443109 0.732551
vt 0.442657 0.732552
vt 0.442475 0.716012
vt 0.401164 0.829367
vt 0.385277 0.837157
vt 0.381497 0.836990
vt 0.368147 0.841590
vt 0.363899 0.840728
vt 0.350475 0.842484
vt 0.345909 0.840725
vt 0.332984 0.839802
vt 0.328312 0.836982
vt 0.316390 0.833654
vt 0.311877 0.829662
vt 0.301373 0.824292
vt 0.297323 0.819086
vt 0.288548 0.812099
vt 0.285285 0.805715
vt 0.278440 0.797573
vt 0.276290 0.790133
vt 0.271461 0.781311
vt 0.270730 0.773022
vt 0.267899 0.763978
vt 0.268850 0.755130
vt 0.267899 0.746282
vt 0.270730 0.737238
vt 0.271461 0.728949
vt 0.276290 0.720129
vt 0.278440 0.712689
vt 0.285285 0.704550
vt 0.288548 0.698167
vt 0.297323 0.691182
vt 0.301373 0.685977
vt 0.311877 0.680609
vt 0.316390 0.676619
vt 0.328312 0.673294
vt 0.332984 0.670476
vt 0.345909 0.669556
vt 0.350475 0.667799
vt 0.363900 0.669559
vt 0.368147 0.668697
vt 0.381497 0.673302
vt 0.385278 0.673135
vt 0.397932 0.680622
vt 0.401164 0.680930
vt 0.412486 0.691198
vt 0.415157 0.691764
vt 0.424524 0.704569
vt 0.426683 0.705192
vt 0.433519 0.720151
vt 0.435271 0.720665
vt 0.439078 0.737262
vt 0.440568 0.737549
vt 0.440959 0.755154
vt 0.442358 0.755154
vt 0.439078 0.773046
vt 0.440568 0.772759
vt 0.433519 0.790155
vt 0.435271 0.789642
vt 0.424524 0.805734
vt 0.426683 0.805112
vt 0.412486 0.819102
vt 0.415157 0.818537
vt 0.397932 0.829675
vt 0.931967 0.388773
vt 0.932565 0.389369
vt 0.931791 0.404262
vt 0.932397 0.404263
vt 0.931670 0.421157
vt 0.932275 0.421158
vt 0.932255 0.427056
vt 0.931608 0.438766
vt 0.931670 0.473243
vt 0.932364 0.484543
vt 0.931791 0.488699
vt 0.932397 0.488700
vt 0.931967 0.502105
vt 0.932213 0.438767
vt 0.932213 0.446561
vt 0.931608 0.456368
vt 0.932213 0.456369
vt 0.932275 0.473244
vt 0.932572 0.502106
vt 0.932750 0.510731
vt 0.932189 0.512910
vt 0.932795 0.512911
vt 0.442977 0.887846
vt 0.442372 0.887847
vt 0.443274 0.875548
vt 0.442668 0.875549
vt 0.443495 0.860940
vt 0.442889 0.860941
vt 0.442901 0.859585
vt 0.443631 0.844620
vt 0.443026 0.844622
vt 0.443033 0.841621
vt 0.443677 0.827257
vt 0.443072 0.827259
vt 0.443631 0.809561
vt 0.443274 0.776053
vt 0.442514 0.768535
vt 0.442977 0.761613
vt 0.442372 0.761615
vt 0.894645 0.490800
vt 0.894040 0.490800
vt 0.894718 0.477800
vt 0.443026 0.809563
vt 0.442963 0.801649
vt 0.443495 0.792257
vt 0.442889 0.792259
vt 0.442668 0.776055
vt 0.894112 0.477800
vt 0.894152 0.465665
vt 0.894767 0.462649
vt 0.894162 0.462650
vt 0.894793 0.445968
vt 0.894185 0.447354
vt 0.894187 0.445968
vt 0.894793 0.428439
vt 0.894187 0.428439
vt 0.894767 0.410779
vt 0.894162 0.410780
vt 0.894152 0.407336
vt 0.894718 0.393713
vt 0.894112 0.393714
vt 0.894645 0.377939
vt 0.171916 0.804580
vt 0.171296 0.812138
vt 0.171328 0.795071
vt 0.894040 0.377939
vt 0.171484 0.765455
vt 0.172090 0.765454
vt 0.172065 0.769177
vt 0.171392 0.779294
vt 0.171997 0.779294
vt 0.171934 0.795070
vt 0.171901 0.812138
vt 0.171901 0.824385
vt 0.171296 0.829797
vt 0.171901 0.829797
vt 0.171328 0.847326
vt 0.171934 0.847325
vt 0.171996 0.863740
vt 0.171392 0.864006
vt 0.171997 0.864005
vt 0.171484 0.879154
vt 0.172090 0.879154
vt 0.932189 0.375323
vt 0.932795 0.375325
vt 0.932572 0.388774
vt 0.641221 0.360918
vt 0.642503 0.361642
vt 0.641163 0.361193
vt 0.640940 0.366720
vt 0.634084 0.377412
vt 0.635509 0.378212
vt 0.623886 0.391872
vt 0.641488 0.308830
vt 0.645177 0.316699
vt 0.643883 0.320866
vt 0.645868 0.321997
vt 0.644942 0.326186
vt 0.646821 0.329304
vt 0.644832 0.343882
vt 0.646654 0.342014
vt 0.644680 0.354571
vt 0.624593 0.277937
vt 0.629898 0.282042
vt 0.634611 0.292524
vt 0.636629 0.292825
vt 0.638443 0.301610
vt 0.639599 0.299562
vt 0.641757 0.304456
vt 0.583673 0.251221
vt 0.590114 0.251431
vt 0.596887 0.256210
vt 0.601605 0.256863
vt 0.611845 0.265664
vt 0.612206 0.263876
vt 0.615274 0.268965
vt 0.616161 0.267395
vt 0.621702 0.272326
vt 0.543757 0.248316
vt 0.544734 0.246586
vt 0.545183 0.247956
vt 0.552702 0.245547
vt 0.562860 0.247170
vt 0.565411 0.245715
vt 0.580333 0.249960
vt 0.577967 0.247689
vt 0.584527 0.249710
vt 0.512093 0.259978
vt 0.516229 0.255738
vt 0.524855 0.253816
vt 0.522970 0.252766
vt 0.528027 0.252284
vt 0.527858 0.250611
vt 0.540099 0.247190
vt 0.477742 0.299495
vt 0.480274 0.290764
vt 0.486425 0.284077
vt 0.487285 0.280162
vt 0.492470 0.277122
vt 0.490816 0.276193
vt 0.498034 0.270722
vt 0.495734 0.270666
vt 0.505447 0.262469
vt 0.470441 0.333941
vt 0.469129 0.326962
vt 0.472341 0.316347
vt 0.471103 0.314405
vt 0.474811 0.308640
vt 0.473165 0.307705
vt 0.474843 0.302257
vt 0.477314 0.368475
vt 0.475912 0.368798
vt 0.476883 0.367069
vt 0.474026 0.364520
vt 0.472122 0.351557
vt 0.470606 0.352277
vt 0.471832 0.348513
vt 0.469977 0.347451
vt 0.468962 0.339672
vt 0.511171 0.408420
vt 0.503577 0.405100
vt 0.500057 0.399704
vt 0.499209 0.401213
vt 0.497247 0.397500
vt 0.494081 0.396650
vt 0.485805 0.384001
vt 0.485885 0.386934
vt 0.479154 0.376151
vt 0.544110 0.420855
vt 0.537816 0.421287
vt 0.531609 0.417534
vt 0.530728 0.419104
vt 0.527009 0.416312
vt 0.525669 0.417545
vt 0.514178 0.412113
vt 0.590343 0.415274
vt 0.587924 0.418366
vt 0.579282 0.419292
vt 0.575684 0.421786
vt 0.571530 0.420430
vt 0.570381 0.422477
vt 0.561776 0.421863
vt 0.563080 0.423429
vt 0.550372 0.423261
vt 0.628498 0.388814
vt 0.624708 0.393073
vt 0.623391 0.392338
vt 0.620049 0.398310
vt 0.610986 0.403984
vt 0.610335 0.406507
vt 0.595912 0.413251
vt 0.599554 0.413238
vt 0.592377 0.416402
vt 0.646084 0.316514
vt 0.647745 0.329250
vt 0.647725 0.330759
vt 0.632245 0.284058
vt 0.637447 0.292392
vt 0.640190 0.298614
vt 0.642628 0.304144
vt 0.645475 0.314333
vt 0.608991 0.260642
vt 0.612770 0.263142
vt 0.621801 0.271178
vt 0.622364 0.271680
vt 0.630646 0.281496
vt 0.578896 0.247009
vt 0.590448 0.250567
vt 0.594545 0.252504
vt 0.602059 0.256056
vt 0.562469 0.244752
vt 0.565489 0.244792
vt 0.578175 0.246787
vt 0.515795 0.254919
vt 0.527545 0.249738
vt 0.529726 0.249129
vt 0.539914 0.246283
vt 0.545906 0.245501
vt 0.552648 0.244622
vt 0.500861 0.265130
vt 0.504901 0.261720
vt 0.514515 0.255719
vt 0.469026 0.321661
vt 0.470199 0.314196
vt 0.472867 0.305530
vt 0.473978 0.301921
vt 0.479466 0.290310
vt 0.486550 0.279597
vt 0.489059 0.276777
vt 0.495086 0.270002
vt 0.469697 0.352462
vt 0.468037 0.339726
vt 0.468056 0.338217
vt 0.468205 0.326884
vt 0.483536 0.384918
vt 0.478334 0.376585
vt 0.475591 0.370363
vt 0.473153 0.364832
vt 0.470307 0.354643
vt 0.506790 0.408335
vt 0.503011 0.405835
vt 0.493980 0.397798
vt 0.493417 0.397297
vt 0.485135 0.387480
vt 0.536885 0.421968
vt 0.525333 0.418409
vt 0.521236 0.416472
vt 0.513722 0.412920
vt 0.553312 0.424225
vt 0.550293 0.424185
vt 0.537606 0.422190
vt 0.599986 0.414057
vt 0.588236 0.419238
vt 0.586055 0.419847
vt 0.575868 0.422694
vt 0.569875 0.423475
vt 0.563133 0.424354
vt 0.614921 0.403846
vt 0.610880 0.407256
vt 0.601267 0.413258
vt 0.647576 0.342093
vt 0.646755 0.347316
vt 0.645582 0.354780
vt 0.642914 0.363447
vt 0.641803 0.367055
vt 0.636315 0.378667
vt 0.629231 0.389379
vt 0.626722 0.392200
vt 0.620695 0.398974
vt 0.495381 0.424740
vt 0.653445 0.388373
vt 0.653386 0.388340
vt 0.654367 0.385675
vt 0.659547 0.375702
vt 0.654438 0.385258
vt 0.654438 0.385008
vt 0.654437 0.382670
vt 0.654358 0.382219
vt 0.654122 0.381561
vt 0.653484 0.379779
vt 0.653255 0.379376
vt 0.661502 0.369813
vt 0.652552 0.378525
vt 0.651602 0.377374
vt 0.651273 0.377091
vt 0.649982 0.376324
vt 0.643232 0.375465
vt 0.642938 0.375557
vt 0.649036 0.375763
vt 0.648678 0.375625
vt 0.646781 0.375248
vt 0.646130 0.375119
vt 0.645797 0.375109
vt 0.643384 0.375444
vt 0.640634 0.376718
vt 0.640324 0.377013
vt 0.638730 0.378535
vt 0.638006 0.379625
vt 0.637027 0.382276
vt 0.636952 0.382716
vt 0.636952 0.382955
vt 0.636954 0.385297
vt 0.637035 0.385761
vt 0.637262 0.386392
vt 0.639793 0.390597
vt 0.640106 0.390866
vt 0.641752 0.404885
vt 0.637912 0.388199
vt 0.638137 0.388594
vt 0.638819 0.389419
vt 0.641379 0.391624
vt 0.642342 0.392198
vt 0.642688 0.392331
vt 0.647993 0.392525
vt 0.648136 0.392506
vt 0.645773 0.400161
vt 0.648447 0.392410
vt 0.650756 0.391248
vt 0.644581 0.392713
vt 0.645233 0.392844
vt 0.645571 0.392855
vt 0.651066 0.390952
vt 0.652662 0.389430
vt 0.461203 0.283999
vt 0.461212 0.286335
vt 0.458936 0.286873
vt 0.461293 0.286786
vt 0.461530 0.287438
vt 0.453969 0.299144
vt 0.462181 0.289223
vt 0.462413 0.289625
vt 0.463116 0.290468
vt 0.464083 0.291624
vt 0.464415 0.291906
vt 0.465709 0.292665
vt 0.472515 0.293519
vt 0.472810 0.293427
vt 0.466670 0.293230
vt 0.467031 0.293367
vt 0.468935 0.293739
vt 0.469598 0.293869
vt 0.469934 0.293878
vt 0.472357 0.293541
vt 0.475126 0.292264
vt 0.475436 0.291969
vt 0.477036 0.290445
vt 0.477761 0.289355
vt 0.467206 0.276595
vt 0.464886 0.277759
vt 0.465838 0.274618
vt 0.464576 0.278054
vt 0.462975 0.279578
vt 0.462250 0.280668
vt 0.744681 0.213709
vt 0.745050 0.220733
vt 0.744893 0.220738
vt 0.744681 0.223546
vt 0.462387 0.280746
vt 0.461272 0.283332
vt 0.461202 0.283749
vt 0.470437 0.276157
vt 0.470098 0.276147
vt 0.467659 0.276479
vt 0.467517 0.276499
vt 0.478736 0.286704
vt 0.478810 0.286265
vt 0.478809 0.286026
vt 0.478798 0.283686
vt 0.477822 0.280788
vt 0.478483 0.282589
vt 0.478715 0.283222
vt 0.477594 0.280394
vt 0.476900 0.279565
vt 0.475920 0.278394
vt 0.475604 0.278127
vt 0.473755 0.264009
vt 0.474314 0.277367
vt 0.473349 0.276798
vt 0.473000 0.276666
vt 0.471087 0.276286
vt 0.474249 0.263347
vt 0.484033 0.253244
vt 0.488236 0.249891
vt 0.495028 0.244475
vt 0.504934 0.238470
vt 0.507054 0.237184
vt 0.519914 0.231492
vt 0.523481 0.230433
vt 0.533396 0.227490
vt 0.543198 0.225906
vt 0.610404 0.254963
vt 0.610801 0.254807
vt 0.613012 0.253457
vt 0.613288 0.253148
vt 0.610171 0.238267
vt 0.609786 0.238144
vt 0.602610 0.234328
vt 0.613797 0.240763
vt 0.612755 0.239670
vt 0.614712 0.240644
vt 0.612468 0.239455
vt 0.221472 0.551080
vt 0.221499 0.552963
vt 0.221472 0.561255
vt 0.221511 0.554194
vt 0.221518 0.554897
vt 0.615900 0.244484
vt 0.615814 0.244171
vt 0.620140 0.244431
vt 0.614721 0.251543
vt 0.615342 0.250431
vt 0.615554 0.249942
vt 0.616146 0.247408
vt 0.616165 0.247108
vt 0.616167 0.247068
vt 0.615603 0.243715
vt 0.614727 0.241817
vt 0.614541 0.241544
vt 0.607648 0.237843
vt 0.607229 0.237784
vt 0.606784 0.237798
vt 0.604253 0.238321
vt 0.604232 0.238330
vt 0.603824 0.238491
vt 0.601617 0.239845
vt 0.601342 0.240156
vt 0.599911 0.241768
vt 0.606990 0.255447
vt 0.607377 0.255504
vt 0.599292 0.242882
vt 0.602243 0.234137
vt 0.589045 0.229279
vt 0.583400 0.227990
vt 0.575334 0.226148
vt 0.563393 0.224995
vt 0.561336 0.224797
vt 0.547280 0.225246
vt 0.598990 0.243617
vt 0.598757 0.244370
vt 0.598500 0.245887
vt 0.598480 0.246198
vt 0.598479 0.246225
vt 0.598749 0.248810
vt 0.598831 0.249107
vt 0.599047 0.249576
vt 0.599913 0.251458
vt 0.600089 0.251718
vt 0.600847 0.252519
vt 0.601862 0.253592
vt 0.602147 0.253808
vt 0.603632 0.254586
vt 0.604429 0.255004
vt 0.604831 0.255134
vt 0.607842 0.255491
vt 0.610369 0.254977
vt 0.626246 0.248691
vt 0.635740 0.257314
vt 0.636657 0.258148
vt 0.645774 0.268858
vt 0.648481 0.273018
vt 0.653446 0.280647
vt 0.658292 0.290712
vt 0.659547 0.293320
vt 0.663979 0.306669
vt 0.664611 0.309915
vt 0.666667 0.320475
vt 0.667277 0.329971
vt 0.667568 0.334511
vt 0.666667 0.348547
vt 0.666351 0.350170
vt 0.663979 0.362353
vt 0.636657 0.410870
vt 0.627470 0.419214
vt 0.626246 0.420326
vt 0.614711 0.428372
vt 0.610679 0.430476
vt 0.602243 0.434877
vt 0.592148 0.438592
vt 0.589045 0.439734
vt 0.575334 0.442863
vt 0.572454 0.443140
vt 0.561335 0.444213
vt 0.552239 0.443920
vt 0.547279 0.443761
vt 0.533396 0.441515
vt 0.532207 0.441162
vt 0.519914 0.437512
vt 0.513105 0.434498
vt 0.500455 0.426391
vt 0.501030 0.427200
vt 0.501954 0.428499
vt 0.502197 0.428743
vt 0.503472 0.429654
vt 0.504301 0.430246
vt 0.221746 0.540230
vt 0.221829 0.537061
vt 0.507054 0.431818
vt 0.504647 0.430414
vt 0.506672 0.431005
vt 0.510148 0.431039
vt 0.510593 0.430936
vt 0.507131 0.431139
vt 0.507558 0.431187
vt 0.512987 0.429921
vt 0.513309 0.429653
vt 0.514982 0.428264
vt 0.517082 0.424087
vt 0.517100 0.424005
vt 0.515767 0.427252
vt 0.516056 0.426788
vt 0.517024 0.424358
vt 0.517213 0.421402
vt 0.517174 0.421086
vt 0.517050 0.420667
vt 0.516440 0.418601
vt 0.516306 0.418325
vt 0.515719 0.417496
vt 0.514816 0.416219
vt 0.514581 0.415981
vt 0.513276 0.415041
vt 0.512492 0.414475
vt 0.512137 0.414301
vt 0.510075 0.413689
vt 0.509665 0.413568
vt 0.509216 0.413515
vt 0.506633 0.413655
vt 0.506606 0.413662
vt 0.506175 0.413761
vt 0.503778 0.414771
vt 0.503455 0.415038
vt 0.501785 0.416419
vt 0.500998 0.417429
vt 0.500779 0.417772
vt 0.500577 0.418123
vt 0.500223 0.418848
vt 0.499729 0.420336
vt 0.499674 0.420593
vt 0.499655 0.420684
vt 0.499538 0.423284
vt 0.499578 0.423611
vt 0.499700 0.424023
vt 0.500313 0.426099
vt 0.453659 0.299910
vt 0.495028 0.424526
vt 0.484032 0.415756
vt 0.480004 0.411596
vt 0.474249 0.405651
vt 0.467073 0.396035
vt 0.465837 0.394379
vt 0.458936 0.382123
vt 0.457384 0.378290
vt 0.453659 0.369086
vt 0.451035 0.359080
vt 0.450091 0.355480
vt 0.448293 0.341530
vt 0.448293 0.339050
vt 0.448293 0.327465
vt 0.449404 0.318848
vt 0.450091 0.313515
vt 0.640531 0.377360
vt 0.641423 0.376788
vt 0.642230 0.376271
vt 0.642590 0.376120
vt 0.643446 0.375927
vt 0.645039 0.375567
vt 0.649684 0.376700
vt 0.648231 0.375962
vt 0.647916 0.375866
vt 0.646648 0.375705
vt 0.645546 0.375566
vt 0.645413 0.375549
vt 0.652754 0.379711
vt 0.652466 0.379108
vt 0.652139 0.378765
vt 0.650718 0.377279
vt 0.650490 0.377109
vt 0.649701 0.376709
vt 0.653660 0.381608
vt 0.653663 0.381631
vt 0.653925 0.383870
vt 0.653979 0.384338
vt 0.653863 0.384905
vt 0.653452 0.386898
vt 0.652905 0.388073
vt 0.651376 0.390038
vt 0.651128 0.390264
vt 0.647784 0.391967
vt 0.648671 0.391764
vt 0.649017 0.391619
vt 0.649821 0.391103
vt 0.650711 0.390531
vt 0.646222 0.392323
vt 0.641541 0.391182
vt 0.643001 0.391926
vt 0.643339 0.392029
vt 0.644568 0.392183
vt 0.645697 0.392324
vt 0.645839 0.392342
vt 0.693965 0.442111
vt 0.694071 0.442663
vt 0.693816 0.443305
vt 0.638761 0.388761
vt 0.639088 0.389105
vt 0.640505 0.390598
vt 0.640746 0.390777
vt 0.641531 0.391177
vt 0.640125 0.377620
vt 0.639859 0.377863
vt 0.638340 0.379818
vt 0.637793 0.380993
vt 0.638487 0.388182
vt 0.637576 0.386260
vt 0.693615 0.440279
vt 0.693280 0.440433
vt 0.693613 0.440268
vt 0.637575 0.386248
vt 0.637319 0.384021
vt 0.637265 0.383551
vt 0.451527 0.221656
vt 0.451203 0.223399
vt 0.451203 0.221055
vt 0.637382 0.382984
vt 0.451203 0.222057
vt 0.450895 0.223399
vt 0.450895 0.220661
vt 0.515611 0.418027
vt 0.515429 0.417638
vt 0.500264 0.420644
vt 0.503780 0.415415
vt 0.502906 0.415949
vt 0.500554 0.419308
vt 0.501093 0.418164
vt 0.501254 0.417892
vt 0.501426 0.417626
vt 0.510028 0.414115
vt 0.508342 0.413934
vt 0.507972 0.413895
vt 0.504210 0.415153
vt 0.505295 0.414490
vt 0.506764 0.414163
vt 0.450895 0.221910
vt 0.450561 0.223236
vt 0.450561 0.220661
vt 0.510678 0.414185
vt 0.714339 0.657209
vt 0.714056 0.657860
vt 0.714295 0.655291
vt 0.512525 0.415041
vt 0.513095 0.415305
vt 0.513173 0.415341
vt 0.513435 0.415527
vt 0.515415 0.417607
vt 0.515198 0.417298
vt 0.516477 0.419879
vt 0.516578 0.420254
vt 0.513048 0.429144
vt 0.513935 0.428597
vt 0.516616 0.420678
vt 0.516752 0.422198
vt 0.516804 0.422770
vt 0.449857 0.222019
vt 0.450212 0.220615
vt 0.450212 0.223236
vt 0.516557 0.423905
vt 0.516262 0.425262
vt 0.689952 0.664384
vt 0.690481 0.663538
vt 0.689755 0.665468
vt 0.515723 0.426405
vt 0.515404 0.426923
vt 0.512607 0.429416
vt 0.511558 0.430064
vt 0.510054 0.430404
vt 0.508867 0.430672
vt 0.508477 0.430631
vt 0.506784 0.430451
vt 0.506133 0.430381
vt 0.504296 0.429525
vt 0.503719 0.429256
vt 0.503624 0.429212
vt 0.503377 0.429035
vt 0.501387 0.426924
vt 0.501406 0.426964
vt 0.501608 0.427253
vt 0.500340 0.424687
vt 0.501208 0.426541
vt 0.500013 0.421806
vt 0.500064 0.422371
vt 0.500201 0.423880
vt 0.500241 0.424320
vt 0.464919 0.278478
vt 0.465813 0.277906
vt 0.466621 0.277389
vt 0.466967 0.277244
vt 0.467857 0.277041
vt 0.469430 0.276682
vt 0.474151 0.277817
vt 0.472674 0.277074
vt 0.472334 0.276971
vt 0.471089 0.276819
vt 0.469958 0.276680
vt 0.469816 0.276662
vt 0.477415 0.289165
vt 0.706963 0.663692
vt 0.706734 0.665956
vt 0.706706 0.664863
vt 0.477962 0.287990
vt 0.478367 0.286000
vt 0.478483 0.285433
vt 0.478426 0.284963
vt 0.478159 0.282735
vt 0.706435 0.659576
vt 0.706102 0.659677
vt 0.706101 0.659669
vt 0.478158 0.282728
vt 0.477234 0.280808
vt 0.476955 0.280230
vt 0.476620 0.279882
vt 0.475192 0.278397
vt 0.474949 0.278219
vt 0.475893 0.291120
vt 0.475626 0.291364
vt 0.472283 0.293061
vt 0.473149 0.292866
vt 0.473511 0.292714
vt 0.474322 0.292197
vt 0.475218 0.291625
vt 0.470685 0.293422
vt 0.450212 0.222442
vt 0.450561 0.220770
vt 0.465995 0.292293
vt 0.467469 0.293032
vt 0.467786 0.293128
vt 0.469056 0.293286
vt 0.470175 0.293424
vt 0.470309 0.293441
vt 0.462902 0.289293
vt 0.463193 0.289895
vt 0.463518 0.290231
vt 0.464960 0.291720
vt 0.465191 0.291889
vt 0.465986 0.292288
vt 0.464500 0.278746
vt 0.464252 0.278972
vt 0.462720 0.280938
vt 0.462174 0.282113
vt 0.461983 0.287399
vt 0.461979 0.287371
vt 0.461709 0.285139
vt 0.461652 0.284671
vt 0.461768 0.284104
vt 0.604385 0.238933
vt 0.603563 0.239179
vt 0.603037 0.239558
vt 0.606197 0.238389
vt 0.607159 0.238426
vt 0.607592 0.238443
vt 0.608935 0.238494
vt 0.610772 0.239202
vt 0.611760 0.239640
vt 0.611510 0.239486
vt 0.611007 0.238699
vt 0.613447 0.241110
vt 0.611359 0.239428
vt 0.615234 0.244103
vt 0.615167 0.243915
vt 0.615107 0.243749
vt 0.614397 0.242489
vt 0.613872 0.241558
vt 0.613654 0.241291
vt 0.615583 0.247139
vt 0.615652 0.246626
vt 0.615657 0.246588
vt 0.615316 0.249119
vt 0.614869 0.250297
vt 0.614594 0.250833
vt 0.613250 0.252623
vt 0.612926 0.252856
vt 0.611521 0.253866
vt 0.610981 0.254254
vt 0.610163 0.254498
vt 0.608360 0.255037
vt 0.607402 0.255001
vt 0.606958 0.254985
vt 0.605650 0.254936
vt 0.603778 0.254223
vt 0.602831 0.253804
vt 0.603092 0.253962
vt 0.601105 0.252314
vt 0.603200 0.254004
vt 0.599332 0.249337
vt 0.599395 0.249514
vt 0.599463 0.249704
vt 0.600164 0.250936
vt 0.600703 0.251885
vt 0.600937 0.252169
vt 0.598975 0.246303
vt 0.598909 0.246800
vt 0.598902 0.246854
vt 0.601616 0.240583
vt 0.601305 0.240808
vt 0.599965 0.242592
vt 0.599678 0.243152
vt 0.599236 0.244330
vt 0.615287 0.239683
vt 0.932595 0.206026
vt 0.932550 0.218937
vt 0.931580 0.219228
vt 0.933762 0.741277
vt 0.933781 0.727079
vt 0.934748 0.727032
vt 0.933445 0.132716
vt 0.933538 0.119028
vt 0.934500 0.118850
vt 0.615675 0.239019
vt 0.627410 0.247207
vt 0.626940 0.247813
vt 0.927175 0.212734
vt 0.926995 0.224948
vt 0.926038 0.225311
vt 0.926717 0.265839
vt 0.926717 0.280139
vt 0.925763 0.280118
vt 0.932373 0.784514
vt 0.932397 0.781057
vt 0.933611 0.780906
vt 0.932530 0.748274
vt 0.932548 0.741330
vt 0.932563 0.708486
vt 0.932553 0.698530
vt 0.933767 0.698584
vt 0.932531 0.688824
vt 0.932521 0.684666
vt 0.933736 0.684755
vt 0.932374 0.653042
vt 0.932334 0.647447
vt 0.933549 0.647628
vt 0.932392 0.103514
vt 0.932421 0.090612
vt 0.933633 0.090621
vt 0.932421 0.083468
vt 0.932421 0.076323
vt 0.933633 0.076368
vt 0.932298 0.044987
vt 0.932232 0.036049
vt 0.933445 0.036193
vt 0.929004 0.187166
vt 0.928861 0.191438
vt 0.927649 0.191652
vt 0.928108 0.233988
vt 0.928067 0.237916
vt 0.926857 0.238014
vt 0.927969 0.293003
vt 0.927974 0.294429
vt 0.926764 0.294387
vt 0.927927 0.280146
vt 0.927969 0.253070
vt 0.927927 0.265810
vt 0.927927 0.272978
vt 0.927974 0.251656
vt 0.926764 0.251720
vt 0.928605 0.201386
vt 0.928385 0.212573
vt 0.928331 0.216245
vt 0.928205 0.224817
vt 0.928631 0.200392
vt 0.927394 0.201575
vt 0.932110 0.024223
vt 0.931962 0.013532
vt 0.933175 0.013733
vt 0.931944 0.012595
vt 0.933002 0.004377
vt 0.931789 0.004153
vt 0.927936 0.183129
vt 0.929148 0.182894
vt 0.933601 0.062394
vt 0.932389 0.062315
vt 0.933538 0.048928
vt 0.932326 0.048816
vt 0.932392 0.063714
vt 0.933601 0.104919
vt 0.932389 0.104946
vt 0.932326 0.119090
vt 0.932147 0.141965
vt 0.932232 0.132812
vt 0.932298 0.123205
vt 0.933175 0.157939
vt 0.931962 0.158098
vt 0.933323 0.145758
vt 0.932110 0.145886
vt 0.933002 0.169061
vt 0.931789 0.169247
vt 0.931944 0.159212
vt 0.932411 0.658913
vt 0.933626 0.659066
vt 0.932467 0.670142
vt 0.933688 0.671510
vt 0.932474 0.671388
vt 0.933782 0.712770
vt 0.932568 0.712751
vt 0.932566 0.727096
vt 0.932564 0.728518
vt 0.932513 0.755218
vt 0.933727 0.755132
vt 0.932467 0.767203
vt 0.933677 0.768414
vt 0.932462 0.768534
vt 0.933854 0.327761
vt 0.932639 0.327593
vt 0.933816 0.319360
vt 0.932585 0.315624
vt 0.933726 0.289254
vt 0.933754 0.301496
vt 0.932542 0.302750
vt 0.933757 0.302855
vt 0.933800 0.315761
vt 0.932511 0.289183
vt 0.932493 0.275145
vt 0.933717 0.282218
vt 0.933711 0.246550
vt 0.933703 0.260869
vt 0.932488 0.260868
vt 0.933703 0.262299
vt 0.933708 0.275182
vt 0.933755 0.222920
vt 0.933731 0.232461
vt 0.932516 0.232531
vt 0.933717 0.242325
vt 0.932496 0.246585
vt 0.933866 0.193845
vt 0.933815 0.204687
vt 0.933810 0.205891
vt 0.933765 0.218834
vt 0.932651 0.194011
vt 0.932718 0.183087
vt 0.933900 0.188370
vt 0.928385 0.334642
vt 0.928605 0.346433
vt 0.927394 0.346262
vt 0.928631 0.347497
vt 0.927649 0.356885
vt 0.928861 0.357083
vt 0.933933 0.182894
vt 0.928331 0.330822
vt 0.927175 0.334500
vt 0.926995 0.321792
vt 0.928067 0.308425
vt 0.926857 0.308348
vt 0.928108 0.312467
vt 0.928205 0.321903
vt 0.925763 0.265917
vt 0.925809 0.251896
vt 0.925902 0.238287
vt 0.654418 0.280096
vt 0.646667 0.268187
vt 0.647276 0.267724
vt 0.638001 0.256828
vt 0.637457 0.257367
vt 0.934407 0.036594
vt 0.934500 0.049240
vt 0.934562 0.062612
vt 0.934594 0.076488
vt 0.934594 0.090642
vt 0.934562 0.104840
vt 0.934407 0.132443
vt 0.934286 0.145393
vt 0.934139 0.157490
vt 0.472773 0.262117
vt 0.473383 0.262619
vt 0.464216 0.273584
vt 0.464885 0.274006
vt 0.457913 0.286386
vt 0.457195 0.286052
vt 0.934594 0.659494
vt 0.934657 0.671851
vt 0.934704 0.685004
vt 0.934735 0.698736
vt 0.934750 0.712822
vt 0.934730 0.741131
vt 0.934695 0.754889
vt 0.934645 0.768078
vt 0.473383 0.406383
vt 0.483267 0.416591
vt 0.482726 0.417172
vt 0.931669 0.327125
vt 0.931615 0.315239
vt 0.931572 0.302455
vt 0.931542 0.288982
vt 0.931524 0.275043
vt 0.931547 0.232727
vt 0.931526 0.246682
vt 0.931519 0.260865
vt 0.931625 0.206407
vt 0.931681 0.194475
vt 0.615675 0.430007
vt 0.615286 0.429337
vt 0.627409 0.421821
vt 0.626939 0.421208
vt 0.638001 0.412202
vt 0.925902 0.308129
vt 0.926038 0.321480
vt 0.926217 0.334098
vt 0.926435 0.345778
vt 0.925809 0.294266
vt 0.665059 0.362641
vt 0.660582 0.376126
vt 0.667775 0.348693
vt 0.668685 0.334513
vt 0.667775 0.320333
vt 0.665059 0.306385
vt 0.660582 0.292899
vt 0.926217 0.213183
vt 0.655081 0.279717
vt 0.932147 0.027769
vt 0.933323 0.024397
vt 0.602990 0.232400
vt 0.602690 0.233109
vt 0.934286 0.024880
vt 0.589357 0.228201
vt 0.575505 0.225038
vt 0.561363 0.223673
vt 0.547163 0.224127
vt 0.533137 0.226394
vt 0.519516 0.230437
vt 0.506525 0.236188
vt 0.494375 0.243553
vt 0.483267 0.252412
vt 0.452581 0.299557
vt 0.448977 0.313302
vt 0.447161 0.327395
vt 0.447161 0.341604
vt 0.448977 0.355697
vt 0.452581 0.369442
vt 0.464885 0.394995
vt 0.457913 0.382614
vt 0.934580 0.780483
vt 0.472773 0.406892
vt 0.933532 0.792404
vt 0.932317 0.792583
vt 0.494375 0.425452
vt 0.506524 0.432819
vt 0.519516 0.438571
vt 0.533136 0.442615
vt 0.547162 0.444884
vt 0.561363 0.445340
vt 0.575505 0.443976
vt 0.589356 0.440815
vt 0.602690 0.435909
vt 0.637457 0.411656
vt 0.646667 0.400836
vt 0.654418 0.388928
vt 0.729524 0.411298
vt 0.729917 0.412540
vt 0.724487 0.412540
vt 0.700556 0.438302
vt 0.693355 0.438070
vt 0.693301 0.437606
vt 0.693166 0.433780
vt 0.700669 0.434007
vt 0.693166 0.435004
vt 0.693271 0.437029
vt 0.700393 0.442348
vt 0.694561 0.444330
vt 0.694163 0.442975
vt 0.224218 0.593839
vt 0.223757 0.599667
vt 0.224014 0.593849
vt 0.184189 0.662744
vt 0.181775 0.667607
vt 0.181775 0.661494
vt 0.223304 0.593839
vt 0.223313 0.593840
vt 0.728917 0.408633
vt 0.728947 0.408767
vt 0.724491 0.408727
vt 0.729185 0.409833
vt 0.729444 0.410994
vt 0.728408 0.405360
vt 0.728455 0.405732
vt 0.724540 0.404382
vt 0.728597 0.406646
vt 0.728846 0.408255
vt 0.728188 0.402972
vt 0.728231 0.403444
vt 0.728324 0.404450
vt 0.724618 0.400670
vt 0.728137 0.400708
vt 0.728171 0.402676
vt 0.731481 0.209314
vt 0.731489 0.209789
vt 0.727743 0.209872
vt 0.731533 0.210335
vt 0.728352 0.213857
vt 0.731688 0.212254
vt 0.731834 0.213338
vt 0.727114 0.205615
vt 0.731536 0.204982
vt 0.731439 0.207018
vt 0.731440 0.207041
vt 0.722865 0.401767
vt 0.717548 0.402856
vt 0.717591 0.402006
vt 0.717607 0.401753
vt 0.726634 0.202227
vt 0.731834 0.202232
vt 0.731616 0.203941
vt 0.731566 0.204336
vt 0.723706 0.405976
vt 0.717389 0.407232
vt 0.717419 0.406089
vt 0.717454 0.404775
vt 0.717467 0.404442
vt 0.717547 0.402875
vt 0.717380 0.410191
vt 0.724487 0.409959
vt 0.717385 0.410542
vt 0.717415 0.411308
vt 0.717380 0.409337
vt 0.717380 0.407750
vt 0.717385 0.407370
vt 0.693291 0.431686
vt 0.693322 0.431419
vt 0.700702 0.430614
vt 0.717463 0.412541
vt 0.717448 0.412155
vt 0.728368 0.420126
vt 0.728366 0.420495
vt 0.724602 0.420825
vt 0.717945 0.431328
vt 0.717878 0.430120
vt 0.722355 0.432640
vt 0.723045 0.428399
vt 0.717987 0.433845
vt 0.717979 0.433404
vt 0.717954 0.431893
vt 0.728512 0.424766
vt 0.728518 0.424847
vt 0.724951 0.424623
vt 0.728545 0.425042
vt 0.721116 0.439293
vt 0.717734 0.438241
vt 0.721649 0.436627
vt 0.717898 0.436649
vt 0.717915 0.436381
vt 0.717916 0.436343
vt 0.717928 0.435977
vt 0.717984 0.434205
vt 0.728360 0.422095
vt 0.728358 0.422710
vt 0.728475 0.424275
vt 0.728448 0.418901
vt 0.724247 0.416495
vt 0.728550 0.417351
vt 0.729274 0.412792
vt 0.728899 0.414656
vt 0.723981 0.412792
vt 0.728769 0.415662
vt 0.728704 0.416162
vt 0.690316 0.661943
vt 0.690150 0.663055
vt 0.683973 0.661942
vt 0.684350 0.665956
vt 0.689658 0.665951
vt 0.690639 0.658994
vt 0.690604 0.659385
vt 0.683592 0.657656
vt 0.690555 0.659815
vt 0.690382 0.661361
vt 0.690801 0.656579
vt 0.690799 0.656612
vt 0.690771 0.657025
vt 0.721782 0.655270
vt 0.714281 0.654699
vt 0.714279 0.654617
vt 0.714287 0.654340
vt 0.683309 0.654246
vt 0.690824 0.654246
vt 0.690814 0.656242
vt 0.714818 0.661101
vt 0.721782 0.659563
vt 0.715067 0.662530
vt 0.721766 0.663621
vt 0.715335 0.663545
vt 0.714613 0.659927
vt 0.714576 0.659555
vt 0.714405 0.657862
vt 0.717800 0.428731
vt 0.717694 0.427507
vt 0.717664 0.427211
vt 0.717633 0.426921
vt 0.717380 0.425042
vt 0.723534 0.425042
vt 0.715656 0.664764
vt 0.715440 0.663946
vt 0.730301 0.404572
vt 0.729917 0.403037
vt 0.735348 0.403037
vt 0.728093 0.432677
vt 0.724349 0.432601
vt 0.724325 0.432024
vt 0.727620 0.428407
vt 0.724037 0.437139
vt 0.724262 0.435309
vt 0.728483 0.436708
vt 0.724263 0.435281
vt 0.724334 0.433065
vt 0.188826 0.666157
vt 0.194253 0.666042
vt 0.194060 0.666714
vt 0.193999 0.666895
vt 0.728686 0.439419
vt 0.723534 0.439419
vt 0.723887 0.438033
vt 0.723966 0.437720
vt 0.188750 0.662344
vt 0.195190 0.662269
vt 0.194954 0.663318
vt 0.194686 0.664508
vt 0.194614 0.664791
vt 0.194255 0.666035
vt 0.195735 0.659252
vt 0.195579 0.660139
vt 0.188706 0.657999
vt 0.195292 0.661775
vt 0.195219 0.662144
vt 0.196028 0.656943
vt 0.195905 0.657951
vt 0.195793 0.658864
vt 0.196213 0.654208
vt 0.188706 0.654287
vt 0.196113 0.656165
vt 0.196084 0.656483
vt 0.699226 0.661897
vt 0.706431 0.661922
vt 0.706501 0.662396
vt 0.706546 0.662943
vt 0.699226 0.665929
vt 0.699247 0.657594
vt 0.704985 0.654981
vt 0.705445 0.656642
vt 0.678413 0.222786
vt 0.679484 0.216730
vt 0.678669 0.222861
vt 0.212602 0.644655
vt 0.212602 0.650087
vt 0.209180 0.644678
vt 0.679484 0.223123
vt 0.705553 0.657032
vt 0.705680 0.657643
vt 0.730904 0.407451
vt 0.730875 0.407307
vt 0.735331 0.407329
vt 0.730639 0.406171
vt 0.730380 0.404920
vt 0.731424 0.410559
vt 0.731376 0.410227
vt 0.735299 0.411388
vt 0.731231 0.409362
vt 0.730976 0.407831
vt 0.724240 0.429999
vt 0.724121 0.428781
vt 0.727190 0.425042
vt 0.723783 0.426698
vt 0.723728 0.426453
vt 0.731663 0.412541
vt 0.731615 0.412149
vt 0.731515 0.411314
vt 0.734579 0.413084
vt 0.734514 0.414081
vt 0.730800 0.413351
vt 0.682841 0.661353
vt 0.682958 0.662274
vt 0.675762 0.662303
vt 0.707224 0.656910
vt 0.707261 0.656308
vt 0.712600 0.655346
vt 0.707153 0.658160
vt 0.713378 0.659572
vt 0.707063 0.660200
vt 0.706963 0.663611
vt 0.706966 0.663425
vt 0.714056 0.663564
vt 0.706968 0.663252
vt 0.707037 0.660769
vt 0.707040 0.660713
vt 0.706968 0.665956
vt 0.706963 0.665693
vt 0.706963 0.664787
vt 0.683302 0.666106
vt 0.683307 0.666201
vt 0.675798 0.666117
vt 0.683309 0.666415
vt 0.224218 0.600612
vt 0.221669 0.607661
vt 0.221669 0.599667
vt 0.741929 0.221409
vt 0.741929 0.213709
vt 0.743168 0.214123
vt 0.743289 0.214164
vt 0.683013 0.662701
vt 0.683174 0.663960
vt 0.683272 0.665600
vt 0.675764 0.657958
vt 0.682200 0.657989
vt 0.682345 0.658610
vt 0.682499 0.659466
vt 0.734556 0.422029
vt 0.734608 0.422544
vt 0.729274 0.421545
vt 0.675803 0.654246
vt 0.681229 0.654246
vt 0.681738 0.655999
vt 0.681824 0.656372
vt 0.734379 0.418360
vt 0.734380 0.418398
vt 0.730002 0.417579
vt 0.734398 0.418910
vt 0.734468 0.420884
vt 0.734425 0.415431
vt 0.734418 0.415605
vt 0.734410 0.415802
vt 0.729008 0.429564
vt 0.728978 0.429302
vt 0.732526 0.429355
vt 0.728686 0.427508
vt 0.187611 0.661494
vt 0.185672 0.665113
vt 0.184189 0.661494
vt 0.223409 0.589843
vt 0.223409 0.593634
vt 0.223192 0.593579
vt 0.734608 0.412792
vt 0.729198 0.434971
vt 0.729198 0.434003
vt 0.732967 0.433624
vt 0.729197 0.433567
vt 0.729196 0.432216
vt 0.729062 0.430324
vt 0.729019 0.429720
vt 0.729068 0.436752
vt 0.733368 0.437663
vt 0.729009 0.437560
vt 0.707404 0.654340
vt 0.188302 0.666524
vt 0.188111 0.661494
vt 0.188412 0.661494
vt 0.214365 0.649980
vt 0.214365 0.644655
vt 0.217436 0.648536
vt 0.728686 0.439419
vt 0.728922 0.438062
vt 0.930046 0.728528
vt 0.931147 0.200330
vt 0.929875 0.063692
vt 0.929427 0.159260
vt 0.929631 0.142041
vt 0.929175 0.174362
vt 0.929782 0.123258
vt 0.929875 0.103514
vt 0.929906 0.083443
vt 0.929782 0.044895
vt 0.929631 0.027656
vt 0.929427 0.012529
vt 0.929175 0.000000
vt 0.931519 0.186979
vt 0.930845 0.216142
vt 0.930622 0.233907
vt 0.930485 0.253054
vt 0.930439 0.272968
vt 0.930485 0.293008
vt 0.930622 0.312531
vt 0.930845 0.330908
vt 0.931147 0.347551
vt 0.931519 0.361922
vt 0.936417 0.188221
vt 0.936272 0.222860
vt 0.936334 0.204643
vt 0.936234 0.242289
vt 0.936222 0.262304
vt 0.936234 0.282263
vt 0.936272 0.301523
vt 0.936334 0.319466
vt 0.929855 0.784628
vt 0.936417 0.335515
vt 0.929949 0.767234
vt 0.930014 0.748331
vt 0.930046 0.708460
vt 0.930014 0.688774
vt 0.929949 0.670101
vt 0.929855 0.653041
vt 0.699223 0.661224
vt 0.692226 0.661224
vt 0.699216 0.658920
vt 0.692219 0.658920
vt 0.680158 0.408437
vt 0.682731 0.411010
vt 0.678026 0.409669
vt 0.678967 0.413183
vt 0.675563 0.409669
vt 0.674622 0.413183
vt 0.673431 0.408437
vt 0.670858 0.411010
vt 0.672199 0.406304
vt 0.668685 0.407246
vt 0.672199 0.403842
vt 0.668686 0.402900
vt 0.673431 0.401709
vt 0.670858 0.399136
vt 0.675563 0.400477
vt 0.674622 0.396963
vt 0.678026 0.400477
vt 0.678967 0.396963
vt 0.680158 0.401709
vt 0.682731 0.399136
vt 0.681390 0.403842
vt 0.684904 0.402900
vt 0.681390 0.406305
vt 0.684903 0.407246
vt 0.736530 0.656362
vt 0.736530 0.663358
vt 0.734705 0.656392
vt 0.734705 0.663388
vt 0.685004 0.396963
vt 0.691998 0.397080
vt 0.691963 0.397742
vt 0.684969 0.397625
vt 0.691932 0.398721
vt 0.684938 0.398604
vt 0.691909 0.399853
vt 0.684915 0.399736
vt 0.691899 0.400950
vt 0.684905 0.400833
vt 0.898552 0.924138
vt 0.905549 0.924129
vt 0.905554 0.925102
vt 0.898558 0.925111
vt 0.177538 0.667395
vt 0.170542 0.667395
vt 0.170546 0.666336
vt 0.177542 0.666336
vt 0.170545 0.665194
vt 0.177542 0.665194
vt 0.170541 0.664161
vt 0.177537 0.664161
vt 0.170527 0.662144
vt 0.177524 0.662144
vt 0.680426 0.209782
vt 0.683940 0.210723
vt 0.679195 0.211915
vt 0.681767 0.214487
vt 0.677062 0.213146
vt 0.678004 0.216661
vt 0.674600 0.213146
vt 0.673658 0.216661
vt 0.672467 0.211915
vt 0.669895 0.214488
vt 0.671236 0.209782
vt 0.667722 0.210724
vt 0.671236 0.207319
vt 0.667722 0.206377
vt 0.672467 0.205186
vt 0.669895 0.202614
vt 0.674600 0.203955
vt 0.673658 0.200440
vt 0.677062 0.203955
vt 0.678004 0.200440
vt 0.679195 0.205186
vt 0.681767 0.202613
vt 0.680426 0.207319
vt 0.683940 0.206377
vt 0.726304 0.215319
vt 0.726304 0.222313
vt 0.723994 0.215345
vt 0.723994 0.222339
vt 0.203255 0.666852
vt 0.196260 0.666852
vt 0.196272 0.665962
vt 0.203268 0.665962
vt 0.196277 0.664859
vt 0.203273 0.664859
vt 0.196274 0.663729
vt 0.203270 0.663729
vt 0.196264 0.662760
vt 0.203260 0.662760
vt 0.723064 0.222356
vt 0.723064 0.215362
vt 0.699362 0.201251
vt 0.706359 0.201277
vt 0.706351 0.202260
vt 0.699354 0.202234
vt 0.706346 0.203393
vt 0.699349 0.203367
vt 0.706344 0.204489
vt 0.699347 0.204463
vt 0.196234 0.660935
vt 0.203230 0.660935
vt 0.667722 0.223669
vt 0.667722 0.216673
vt 0.670026 0.223662
vt 0.670026 0.216665
vt 0.680158 0.424658
vt 0.682731 0.427230
vt 0.678026 0.425889
vt 0.678967 0.429403
vt 0.675563 0.425889
vt 0.674622 0.429403
vt 0.673431 0.424658
vt 0.670858 0.427230
vt 0.672199 0.422525
vt 0.668685 0.423467
vt 0.672199 0.420062
vt 0.668685 0.419120
vt 0.673431 0.417929
vt 0.670858 0.415356
vt 0.675563 0.416698
vt 0.674622 0.413183
vt 0.678026 0.416698
vt 0.678967 0.413183
vt 0.680158 0.417929
vt 0.682731 0.415356
vt 0.681389 0.420062
vt 0.684903 0.419120
vt 0.681390 0.422525
vt 0.684903 0.423466
vt 0.179101 0.766169
vt 0.172106 0.766171
vt 0.172090 0.765456
vt 0.179086 0.765454
vt 0.668749 0.654246
vt 0.675744 0.654246
vt 0.675727 0.655179
vt 0.668732 0.655179
vt 0.675721 0.656298
vt 0.668726 0.656298
vt 0.675727 0.657415
vt 0.668732 0.657415
vt 0.670952 0.216661
vt 0.670952 0.223657
vt 0.670952 0.223660
vt 0.670952 0.216664
vt 0.672040 0.216667
vt 0.672040 0.223663
vt 0.673176 0.216666
vt 0.673176 0.223662
vt 0.674171 0.216661
vt 0.674171 0.223657
vt 0.220722 0.660920
vt 0.224235 0.661861
vt 0.219490 0.663053
vt 0.222063 0.665625
vt 0.217358 0.664284
vt 0.218299 0.667799
vt 0.214895 0.664284
vt 0.213954 0.667799
vt 0.212763 0.663053
vt 0.210190 0.665626
vt 0.211531 0.660920
vt 0.208018 0.661862
vt 0.211531 0.658457
vt 0.208018 0.657515
vt 0.212763 0.656324
vt 0.210190 0.653751
vt 0.214895 0.655093
vt 0.213954 0.651578
vt 0.217358 0.655093
vt 0.218299 0.651578
vt 0.219490 0.656324
vt 0.222063 0.653751
vt 0.220722 0.658457
vt 0.224235 0.657515
vt 0.683940 0.223671
vt 0.683940 0.216674
vt 0.685957 0.223657
vt 0.685957 0.216661
vt 0.675753 0.659725
vt 0.668758 0.659725
vt 0.924591 0.494608
vt 0.931586 0.494558
vt 0.931608 0.495534
vt 0.924614 0.495584
vt 0.692224 0.655747
vt 0.699220 0.655747
vt 0.699216 0.656684
vt 0.692219 0.656684
vt 0.699214 0.657804
vt 0.692217 0.657804
vt 0.420029 0.185490
vt 0.411988 0.184750
vt 0.413171 0.182590
vt 0.258285 0.041083
vt 0.245164 0.046036
vt 0.259468 0.038923
vt 0.258368 0.030922
vt 0.261573 0.037644
vt 0.407700 0.189821
vt 0.407949 0.188707
vt 0.409883 0.186029
vt 0.407731 0.187585
vt 0.407421 0.186084
vt 0.407084 0.186645
vt 0.405261 0.184901
vt 0.405524 0.199360
vt 0.267029 0.191873
vt 0.264976 0.189285
vt 0.267196 0.190743
vt 0.267439 0.189230
vt 0.267800 0.189774
vt 0.269543 0.187951
vt 0.404260 0.032930
vt 0.406480 0.034388
vt 0.403656 0.033899
vt 0.404018 0.034443
vt 0.401913 0.035722
vt 0.404427 0.031800
vt 0.405523 0.024309
vt 0.408640 0.035571
vt 0.420029 0.038179
vt 0.409918 0.037676
vt 0.413711 0.039859
vt 0.263756 0.033851
vt 0.263507 0.034966
vt 0.257746 0.183814
vt 0.258860 0.184063
vt 0.261538 0.185997
vt 0.259981 0.183845
vt 0.261482 0.183535
vt 0.260922 0.183198
vt 0.262666 0.181375
vt 0.412596 0.039610
vt 0.411475 0.039827
vt 0.409974 0.040138
vt 0.410534 0.040475
vt 0.408790 0.042298
vt 0.263725 0.036087
vt 0.264035 0.037588
vt 0.264372 0.037028
vt 0.266195 0.038771
vt 0.259619 0.045650
vt 0.257796 0.043906
vt 0.258340 0.043545
vt 0.256827 0.043302
vt 0.267327 0.192975
vt 0.268041 0.193867
vt 0.274059 0.205268
vt 0.283643 0.204560
vt 0.291732 0.214778
vt 0.300891 0.212321
vt 0.310818 0.220979
vt 0.319242 0.216903
vt 0.330706 0.223673
vt 0.338114 0.218161
vt 0.350755 0.222772
vt 0.356911 0.216056
vt 0.370320 0.218305
vt 0.375038 0.210655
vt 0.388775 0.210417
vt 0.391921 0.202128
vt 0.407027 0.190744
vt 0.415759 0.180537
vt 0.414629 0.180371
vt 0.413660 0.179766
vt 0.413116 0.180128
vt 0.411837 0.178023
vt 0.262817 0.188102
vt 0.258368 0.192755
vt 0.245164 0.177641
vt 0.256823 0.183141
vt 0.416861 0.180239
vt 0.417752 0.179525
vt 0.431826 0.169253
vt 0.428446 0.163922
vt 0.440533 0.151170
vt 0.436206 0.146673
vt 0.445872 0.131823
vt 0.440789 0.128321
vt 0.447671 0.111834
vt 0.442047 0.109448
vt 0.445872 0.091844
vt 0.439943 0.090650
vt 0.440533 0.072498
vt 0.434542 0.072522
vt 0.431825 0.054415
vt 0.426016 0.055638
vt 0.414633 0.040532
vt 0.404129 0.030697
vt 0.403415 0.029806
vt 0.388774 0.013253
vt 0.387813 0.019112
vt 0.370320 0.005365
vt 0.370565 0.011352
vt 0.350754 0.000900
vt 0.352214 0.006770
vt 0.330706 -0.000000
vt 0.333342 0.005511
vt 0.310818 0.002694
vt 0.314545 0.007616
vt 0.291731 0.008897
vt 0.296418 0.013018
vt 0.274059 0.018408
vt 0.279535 0.021545
vt 0.264429 0.032929
vt 0.255697 0.043135
vt 0.254595 0.043434
vt 0.253704 0.044148
vt 0.234871 0.063266
vt 0.243010 0.059750
vt 0.227819 0.082056
vt 0.235250 0.077000
vt 0.224235 0.101804
vt 0.230668 0.095352
vt 0.224235 0.121874
vt 0.229409 0.114225
vt 0.227819 0.141622
vt 0.231513 0.133023
vt 0.234871 0.160412
vt 0.236914 0.151150
vt 0.245440 0.168034
vt 0.719967 0.217913
vt 0.712972 0.217795
vt 0.712999 0.216855
vt 0.719994 0.216973
vt 0.713022 0.215734
vt 0.720017 0.215852
vt 0.713036 0.214620
vt 0.720031 0.214738
vt 0.713040 0.213696
vt 0.720035 0.213814
vt 0.699226 0.663656
vt 0.721781 0.664692
vt 0.721781 0.657698
vt 0.723321 0.664741
vt 0.723321 0.656348
vt 0.725616 0.664764
vt 0.725616 0.656371
vt 0.728051 0.664755
vt 0.728051 0.656361
vt 0.729973 0.664715
vt 0.729973 0.656322
vt 0.699220 0.665956
vt 0.690824 0.665956
vt 0.690830 0.663656
vt 0.690827 0.661224
vt 0.677014 0.216732
vt 0.678413 0.216730
vt 0.677002 0.218671
vt 0.678402 0.218669
vt 0.677002 0.221109
vt 0.678402 0.221108
vt 0.677014 0.223394
vt 0.678413 0.223392
vt 0.674193 0.216667
vt 0.675592 0.216667
vt 0.674171 0.218771
vt 0.675571 0.218770
vt 0.674171 0.221233
vt 0.675571 0.221232
vt 0.674193 0.223394
vt 0.675592 0.223393
vt 0.721781 0.656299
vt 0.691897 0.416819
vt 0.684904 0.416702
vt 0.691998 0.430614
vt 0.685004 0.430497
vt 0.898558 0.817727
vt 0.905554 0.817718
vt 0.905495 0.832970
vt 0.898498 0.832979
vt 0.905458 0.849963
vt 0.898461 0.849972
vt 0.905445 0.868159
vt 0.898448 0.868169
vt 0.905456 0.886983
vt 0.898459 0.886992
vt 0.905491 0.905838
vt 0.898494 0.905847
vt 0.170519 0.659860
vt 0.728226 0.222274
vt 0.728226 0.213880
vt 0.734705 0.656368
vt 0.734705 0.664764
vt 0.732405 0.656362
vt 0.732405 0.664758
vt 0.729973 0.656365
vt 0.729973 0.664761
vt 0.170536 0.655482
vt 0.178931 0.655482
vt 0.170522 0.657421
vt 0.178918 0.657421
vt 0.178914 0.659860
vt 0.178923 0.662144
vt 0.212966 0.644656
vt 0.214365 0.644655
vt 0.212945 0.646759
vt 0.214344 0.646759
vt 0.212945 0.649222
vt 0.214344 0.649221
vt 0.212966 0.651383
vt 0.214365 0.651382
vt 0.720035 0.215256
vt 0.720035 0.213857
vt 0.721575 0.215305
vt 0.721575 0.213906
vt 0.723869 0.215328
vt 0.723869 0.213929
vt 0.726304 0.213920
vt 0.706359 0.220292
vt 0.699362 0.220266
vt 0.931336 0.921968
vt 0.924339 0.921972
vt 0.924427 0.906212
vt 0.931424 0.906209
vt 0.924487 0.888849
vt 0.931484 0.888846
vt 0.924518 0.870431
vt 0.931515 0.870428
vt 0.924518 0.851541
vt 0.931515 0.851538
vt 0.924487 0.832777
vt 0.931484 0.832774
vt 0.924427 0.814732
vt 0.931424 0.814728
vt 0.924339 0.797976
vt 0.931336 0.797973
vt 0.196213 0.658774
vt 0.734888 0.213960
vt 0.734888 0.220957
vt 0.732949 0.213947
vt 0.732949 0.222342
vt 0.730511 0.213943
vt 0.730511 0.222339
vt 0.728226 0.213952
vt 0.728226 0.222348
vt 0.196236 0.654208
vt 0.204631 0.654208
vt 0.196214 0.656311
vt 0.204609 0.656311
vt 0.204608 0.658774
vt 0.204629 0.660935
vt 0.737783 0.222352
vt 0.736384 0.222356
vt 0.737828 0.220812
vt 0.736429 0.220816
vt 0.737844 0.218518
vt 0.736445 0.218522
vt 0.737828 0.216083
vt 0.736429 0.216087
vt 0.737783 0.214161
vt 0.736384 0.214165
vt 0.206609 0.667531
vt 0.205210 0.667532
vt 0.206614 0.665231
vt 0.205214 0.665232
vt 0.206609 0.662799
vt 0.205210 0.662800
vt 0.734888 0.222356
vt 0.179086 0.905159
vt 0.172090 0.905161
vt 0.172282 0.890065
vt 0.179278 0.890063
vt 0.172425 0.873189
vt 0.179421 0.873187
vt 0.172513 0.855067
vt 0.179509 0.855065
vt 0.172545 0.836271
vt 0.179540 0.836269
vt 0.172518 0.817396
vt 0.179513 0.817394
vt 0.172433 0.799040
vt 0.179429 0.799038
vt 0.172295 0.781783
vt 0.179290 0.781781
vt 0.675762 0.662160
vt 0.217491 0.651446
vt 0.217491 0.644450
vt 0.219595 0.651468
vt 0.219595 0.643073
vt 0.222057 0.651469
vt 0.222057 0.643074
vt 0.224218 0.651449
vt 0.224218 0.643054
vt 0.675690 0.665994
vt 0.667297 0.665994
vt 0.675739 0.664454
vt 0.667346 0.664454
vt 0.667369 0.662160
vt 0.667359 0.659725
vt 0.668719 0.657803
vt 0.667320 0.657803
vt 0.208013 0.667531
vt 0.206614 0.667532
vt 0.208017 0.665231
vt 0.206618 0.665232
vt 0.208013 0.662799
vt 0.206614 0.662800
vt 0.675603 0.216732
vt 0.677003 0.216730
vt 0.675592 0.218671
vt 0.676991 0.218669
vt 0.675592 0.221109
vt 0.676991 0.221107
vt 0.675603 0.223394
vt 0.677003 0.223392
vt 0.217491 0.643051
vt 0.712972 0.202296
vt 0.719967 0.202414
vt 0.924614 0.375374
vt 0.931608 0.375323
vt 0.931349 0.388271
vt 0.924354 0.388322
vt 0.931170 0.403456
vt 0.924176 0.403507
vt 0.931078 0.420399
vt 0.924083 0.420450
vt 0.931074 0.438564
vt 0.924080 0.438615
vt 0.931160 0.457375
vt 0.924166 0.457426
vt 0.931332 0.476239
vt 0.924338 0.476290
vt 0.497826 0.852703
vt 0.501601 0.851068
vt 0.505708 0.851293
vt 0.608344 0.692019
vt 0.604569 0.693653
vt 0.600462 0.693428
vt 0.495636 0.853691
vt 0.503152 0.855126
vt 0.493233 0.853670
vt 0.500777 0.855776
vt 0.472748 0.717098
vt 0.474382 0.720873
vt 0.474157 0.724981
vt 0.470324 0.722424
vt 0.471780 0.712504
vt 0.471759 0.714908
vt 0.603018 0.689595
vt 0.612937 0.691051
vt 0.610534 0.691030
vt 0.636471 0.819915
vt 0.635846 0.822297
vt 0.631788 0.823848
vt 0.505534 0.855751
vt 0.509282 0.853331
vt 0.507285 0.857483
vt 0.641805 0.830588
vt 0.641375 0.831646
vt 0.634390 0.832217
vt 0.633364 0.834390
vt 0.511567 0.856751
vt 0.512082 0.860833
vt 0.507935 0.859859
vt 0.512347 0.863221
vt 0.507310 0.862241
vt 0.513589 0.865279
vt 0.506061 0.864432
vt 0.505821 0.866656
vt 0.505709 0.865519
vt 0.633423 0.827623
vt 0.636496 0.824673
vt 0.634411 0.829813
vt 0.588766 0.867333
vt 0.581158 0.874941
vt 0.570736 0.872268
vt 0.562542 0.878291
vt 0.552106 0.873810
vt 0.543628 0.878291
vt 0.533510 0.871908
vt 0.525013 0.874940
vt 0.515579 0.866626
vt 0.507286 0.868345
vt 0.506378 0.867653
vt 0.638247 0.826405
vt 0.640438 0.827654
vt 0.469699 0.724806
vt 0.472119 0.728554
vt 0.467967 0.726557
vt 0.468699 0.730840
vt 0.465592 0.727207
vt 0.464618 0.731355
vt 0.463210 0.726582
vt 0.462229 0.731619
vt 0.461018 0.725333
vt 0.632013 0.819740
vt 0.634051 0.816167
vt 0.638203 0.818164
vt 0.637471 0.813881
vt 0.640578 0.817514
vt 0.641552 0.813366
vt 0.642960 0.818139
vt 0.643941 0.813102
vt 0.645152 0.819388
vt 0.620621 0.848067
vt 0.629477 0.846350
vt 0.605584 0.859174
vt 0.615163 0.858713
vt 0.598884 0.868345
vt 0.460172 0.732861
vt 0.458795 0.725093
vt 0.459932 0.724981
vt 0.600636 0.688970
vt 0.596889 0.691390
vt 0.598885 0.687238
vt 0.594603 0.687970
vt 0.598235 0.684862
vt 0.594088 0.683889
vt 0.598860 0.682480
vt 0.593823 0.681500
vt 0.600110 0.680289
vt 0.649064 0.818162
vt 0.648372 0.819071
vt 0.646238 0.819740
vt 0.647375 0.819628
vt 0.592582 0.679442
vt 0.600349 0.678065
vt 0.600461 0.679202
vt 0.612366 0.684066
vt 0.615110 0.692078
vt 0.641294 0.828411
vt 0.641776 0.829446
vt 0.458119 0.808043
vt 0.466277 0.824863
vt 0.466738 0.834441
vt 0.605394 0.688945
vt 0.607126 0.687194
vt 0.608375 0.685003
vt 0.464795 0.713075
vt 0.472807 0.710331
vt 0.479101 0.848757
vt 0.477384 0.839900
vt 0.493804 0.860656
vt 0.469674 0.720049
vt 0.467923 0.718316
vt 0.465732 0.717067
vt 0.611308 0.683636
vt 0.610167 0.683664
vt 0.609132 0.684147
vt 0.499045 0.857527
vt 0.497795 0.859718
vt 0.497039 0.860574
vt 0.645998 0.811860
vt 0.647346 0.809870
vt 0.655659 0.800434
vt 0.652627 0.791937
vt 0.659010 0.781818
vt 0.654529 0.773340
vt 0.659010 0.762903
vt 0.652986 0.754709
vt 0.655659 0.744287
vt 0.648052 0.736678
vt 0.628787 0.704822
vt 0.627069 0.695964
vt 0.639893 0.719859
vt 0.639432 0.710280
vt 0.649063 0.726559
vt 0.457107 0.818162
vt 0.450511 0.800434
vt 0.453184 0.790012
vt 0.447161 0.781818
vt 0.451641 0.771381
vt 0.447161 0.762903
vt 0.453543 0.752784
vt 0.450511 0.744287
vt 0.458825 0.734851
vt 0.457106 0.726559
vt 0.457798 0.725650
vt 0.491060 0.852643
vt 0.494862 0.861085
vt 0.496004 0.861057
vt 0.517404 0.677388
vt 0.525013 0.669781
vt 0.535434 0.672454
vt 0.543628 0.666430
vt 0.554064 0.670911
vt 0.562542 0.666430
vt 0.572660 0.672813
vt 0.581157 0.669781
vt 0.590591 0.678095
vt 0.598884 0.676376
vt 0.599792 0.677068
vt 0.485550 0.696654
vt 0.476693 0.698372
vt 0.500586 0.685547
vt 0.491008 0.686008
vt 0.507286 0.676376
vt 0.464365 0.714134
vt 0.464394 0.715275
vt 0.464876 0.716311
vt 0.218551 0.630022
vt 0.224147 0.630065
vt 0.218494 0.632311
vt 0.224068 0.633648
vt 0.218476 0.633647
vt 0.218445 0.635993
vt 0.224031 0.637757
vt 0.218441 0.637674
vt 0.218436 0.639694
vt 0.224044 0.641524
vt 0.218454 0.641364
vt 0.218469 0.642754
vt 0.721031 0.203487
vt 0.726634 0.202296
vt 0.726625 0.205475
vt 0.721029 0.205583
vt 0.721028 0.206776
vt 0.726630 0.209486
vt 0.721033 0.209502
vt 0.721036 0.211743
vt 0.726634 0.211837
vt 0.721036 0.211837
vt 0.721032 0.213763
vt 0.726629 0.213762
vt 0.721032 0.213857
vt 0.917677 0.814969
vt 0.923269 0.814837
vt 0.923313 0.816957
vt 0.917717 0.816996
vt 0.923652 0.854036
vt 0.918051 0.854053
vt 0.918033 0.849407
vt 0.923525 0.835343
vt 0.917938 0.836314
vt 0.917929 0.835389
vt 0.917801 0.823356
vt 0.918035 0.889791
vt 0.918053 0.887331
vt 0.923634 0.889821
vt 0.918091 0.875130
vt 0.923689 0.872404
vt 0.918089 0.872408
vt 0.918084 0.862418
vt 0.917970 0.898818
vt 0.923490 0.905698
vt 0.917890 0.905622
vt 0.923262 0.919494
vt 0.917665 0.919489
vt 0.917679 0.918899
vt 0.917845 0.909400
vt 0.917476 0.927159
vt 0.922956 0.930741
vt 0.187468 0.661494
vt 0.181795 0.657576
vt 0.187392 0.657598
vt 0.187373 0.655844
vt 0.181776 0.655715
vt 0.187373 0.655730
vt 0.187372 0.653403
vt 0.181775 0.653388
vt 0.187372 0.653288
vt 0.181791 0.651024
vt 0.187388 0.651045
vt 0.187409 0.648369
vt 0.181818 0.646966
vt 0.187412 0.647010
vt 0.187415 0.644622
vt 0.181812 0.643034
vt 0.187406 0.643160
vt 0.187394 0.641402
vt 0.181775 0.640058
vt 0.708381 0.432685
vt 0.713942 0.433670
vt 0.708352 0.433893
vt 0.708327 0.434898
vt 0.713910 0.436833
vt 0.708320 0.436987
vt 0.708315 0.438175
vt 0.713930 0.440838
vt 0.708335 0.440899
vt 0.708347 0.443137
vt 0.713942 0.443186
vt 0.708346 0.443231
vt 0.708330 0.445148
vt 0.713926 0.445103
vt 0.708330 0.445242
vt 0.935815 0.647385
vt 0.930220 0.647447
vt 0.930189 0.645840
vt 0.935786 0.645839
vt 0.935613 0.628862
vt 0.935621 0.629685
vt 0.930023 0.629713
vt 0.935722 0.640396
vt 0.935530 0.616625
vt 0.929911 0.612124
vt 0.935510 0.612078
vt 0.929855 0.593672
vt 0.935454 0.593656
vt 0.935475 0.603890
vt 0.929860 0.574983
vt 0.935452 0.577775
vt 0.935449 0.590867
vt 0.935544 0.552253
vt 0.935523 0.556744
vt 0.929923 0.556691
vt 0.935484 0.564832
vt 0.935459 0.575004
vt 0.935633 0.540247
vt 0.930043 0.539418
vt 0.935641 0.539446
vt 0.935747 0.529016
vt 0.930217 0.523750
vt 0.935813 0.523749
vt 0.711967 0.220292
vt 0.706369 0.220287
vt 0.711957 0.218379
vt 0.706359 0.218261
vt 0.711957 0.218262
vt 0.711956 0.215881
vt 0.706359 0.215879
vt 0.711956 0.215764
vt 0.706367 0.213581
vt 0.711964 0.213587
vt 0.711976 0.211007
vt 0.706381 0.209631
vt 0.711977 0.209637
vt 0.711979 0.207231
vt 0.706378 0.205584
vt 0.711974 0.205673
vt 0.711968 0.203801
vt 0.706359 0.202296
vt 0.706277 0.444946
vt 0.700702 0.443359
vt 0.706296 0.443241
vt 0.706311 0.441822
vt 0.700722 0.439488
vt 0.706316 0.439451
vt 0.706318 0.438101
vt 0.700710 0.435403
vt 0.706307 0.435397
vt 0.706299 0.433136
vt 0.700702 0.433021
vt 0.706299 0.433023
vt 0.706309 0.430727
vt 0.700712 0.430724
vt 0.706310 0.430614
vt 0.911328 0.935591
vt 0.905732 0.935669
vt 0.905716 0.933864
vt 0.911313 0.933859
vt 0.905578 0.898531
vt 0.911177 0.898503
vt 0.911186 0.903146
vt 0.905632 0.916740
vt 0.911226 0.915845
vt 0.911230 0.916714
vt 0.911281 0.928026
vt 0.905554 0.879854
vt 0.911153 0.879851
vt 0.911161 0.890141
vt 0.905562 0.861345
vt 0.911156 0.864081
vt 0.911151 0.877047
vt 0.911213 0.839394
vt 0.911200 0.843702
vt 0.905601 0.843631
vt 0.911177 0.851460
vt 0.911160 0.861378
vt 0.911263 0.828084
vt 0.905670 0.827315
vt 0.911268 0.827344
vt 0.911327 0.817718
vt 0.708397 0.406388
vt 0.713942 0.396963
vt 0.714019 0.411828
vt 0.708421 0.411826
vt 0.708426 0.413970
vt 0.714024 0.414091
vt 0.708426 0.414087
vt 0.708424 0.416481
vt 0.714022 0.416485
vt 0.708424 0.416599
vt 0.714013 0.418568
vt 0.708415 0.418566
vt 0.708404 0.420865
vt 0.713998 0.422163
vt 0.708402 0.422202
vt 0.708397 0.424552
vt 0.713995 0.426273
vt 0.708399 0.426231
vt 0.708402 0.428247
vt 0.714006 0.430030
vt 0.708410 0.429910
vt 0.708417 0.431294
vt 0.722983 0.423606
vt 0.717380 0.425042
vt 0.717391 0.421361
vt 0.722986 0.421299
vt 0.722987 0.419986
vt 0.717384 0.417247
vt 0.722981 0.417238
vt 0.722977 0.414954
vt 0.717380 0.414844
vt 0.722977 0.414846
vt 0.722983 0.412648
vt 0.717385 0.412646
vt 0.722983 0.412541
vt 0.892736 0.817821
vt 0.898333 0.817718
vt 0.898345 0.819831
vt 0.892747 0.819841
vt 0.898438 0.856890
vt 0.892839 0.856880
vt 0.892834 0.852231
vt 0.898403 0.838196
vt 0.892808 0.839139
vt 0.892806 0.838215
vt 0.892770 0.826192
vt 0.892835 0.892679
vt 0.892840 0.890211
vt 0.898433 0.892737
vt 0.892850 0.877982
vt 0.898448 0.875279
vt 0.892850 0.875256
vt 0.892849 0.865251
vt 0.892817 0.901736
vt 0.898394 0.908672
vt 0.892795 0.908569
vt 0.224041 0.608394
vt 0.218444 0.608387
vt 0.218435 0.607661
vt 0.898330 0.922543
vt 0.892737 0.921917
vt 0.892783 0.912363
vt 0.218568 0.617826
vt 0.224215 0.623330
vt 0.218619 0.623287
vt 0.218623 0.625435
vt 0.224218 0.625598
vt 0.218622 0.625553
vt 0.218597 0.627945
vt 0.224194 0.627990
vt 0.218596 0.628062
vt 0.861840 0.107951
vt 0.861715 0.107810
vt 0.862016 0.107464
vt 0.218008 0.632271
vt 0.218066 0.629960
vt 0.864784 0.091472
vt 0.862016 0.092637
vt 0.864579 0.091006
vt 0.861859 0.092132
vt 0.864385 0.090562
vt 0.858612 0.097083
vt 0.859195 0.095827
vt 0.859540 0.095982
vt 0.859867 0.094381
vt 0.861718 0.092292
vt 0.858178 0.100020
vt 0.858662 0.100051
vt 0.858596 0.102962
vt 0.859540 0.104119
vt 0.859199 0.104271
vt 0.859867 0.105719
vt 0.864579 0.109094
vt 0.864385 0.109537
vt 0.864357 0.109525
vt 0.720041 0.209508
vt 0.720543 0.206752
vt 0.720548 0.209504
vt 0.217949 0.639725
vt 0.217983 0.642815
vt 0.720546 0.203431
vt 0.217958 0.635989
vt 0.862352 0.107087
vt 0.860002 0.103914
vt 0.859170 0.100054
vt 0.860002 0.096193
vt 0.862352 0.093019
vt 0.217497 0.632131
vt 0.217556 0.629737
vt 0.217445 0.635981
vt 0.217436 0.639851
vt 0.217470 0.643051
vt 0.720038 0.203218
vt 0.720035 0.206657
vt 0.864783 0.108634
vt 0.720547 0.213792
vt 0.866901 0.113384
vt 0.866746 0.112258
vt 0.867214 0.112129
vt 0.867341 0.114036
vt 0.866860 0.113968
vt 0.867703 0.111996
vt 0.867843 0.114109
vt 0.916719 0.817113
vt 0.916681 0.815235
vt 0.917191 0.815027
vt 0.917231 0.817022
vt 0.720551 0.211710
vt 0.720044 0.211585
vt 0.866510 0.109861
vt 0.866137 0.110201
vt 0.865772 0.110544
vt 0.865839 0.110592
vt 0.866744 0.112247
vt 0.720039 0.213544
vt 0.788163 0.198502
vt 0.781766 0.199612
vt 0.781699 0.199132
vt 0.788336 0.199320
vt 0.781886 0.200440
vt 0.781839 0.200115
vt 0.187877 0.657532
vt 0.187953 0.661425
vt 0.916990 0.927092
vt 0.917193 0.918839
vt 0.917359 0.909348
vt 0.917484 0.898775
vt 0.917566 0.887298
vt 0.917604 0.875107
vt 0.917598 0.862406
vt 0.917547 0.849406
vt 0.917452 0.836324
vt 0.917315 0.823377
vt 0.866230 0.120432
vt 0.865667 0.120316
vt 0.865150 0.123068
vt 0.862785 0.132943
vt 0.862562 0.132095
vt 0.857756 0.144906
vt 0.859096 0.140941
vt 0.862297 0.132772
vt 0.849859 0.157265
vt 0.850771 0.155817
vt 0.851229 0.156122
vt 0.854841 0.149355
vt 0.857225 0.144640
vt 0.844142 0.164698
vt 0.843311 0.166404
vt 0.842897 0.166038
vt 0.837825 0.171494
vt 0.834135 0.175581
vt 0.833746 0.175139
vt 0.830922 0.177663
vt 0.823853 0.183499
vt 0.823503 0.183149
vt 0.815663 0.187902
vt 0.812637 0.190027
vt 0.812377 0.189503
vt 0.807448 0.191904
vt 0.800674 0.195056
vt 0.800493 0.194538
vt 0.788051 0.197956
vt 0.790240 0.197551
vt 0.798904 0.195140
vt 0.916802 0.823448
vt 0.916939 0.836353
vt 0.917033 0.849394
vt 0.917084 0.862352
vt 0.917091 0.875013
vt 0.917053 0.887165
vt 0.916971 0.898606
vt 0.916846 0.909144
vt 0.916681 0.918606
vt 0.800841 0.195536
vt 0.800950 0.195846
vt 0.788267 0.198999
vt 0.812865 0.190482
vt 0.824137 0.183921
vt 0.834470 0.175963
vt 0.843692 0.166741
vt 0.851650 0.156407
vt 0.858210 0.145135
vt 0.863264 0.133111
vt 0.866727 0.120537
vt 0.777268 0.196657
vt 0.778177 0.197974
vt 0.777932 0.198410
vt 0.776825 0.196851
vt 0.777590 0.198783
vt 0.776364 0.197057
vt 0.188383 0.651207
vt 0.188368 0.653286
vt 0.187857 0.653289
vt 0.187873 0.651080
vt 0.187859 0.655805
vt 0.188370 0.655655
vt 0.188387 0.657280
vt 0.779725 0.199976
vt 0.779859 0.199486
vt 0.779992 0.198977
vt 0.779790 0.198959
vt 0.778273 0.198033
vt 0.759878 0.194113
vt 0.760020 0.193988
vt 0.760367 0.194289
vt 0.758736 0.196852
vt 0.758292 0.196658
vt 0.758304 0.196630
vt 0.707829 0.438155
vt 0.707848 0.440905
vt 0.707335 0.440911
vt 0.707841 0.434845
vt 0.707896 0.432611
vt 0.187879 0.641344
vt 0.187901 0.644596
vt 0.187895 0.648379
vt 0.775194 0.194289
vt 0.775697 0.194131
vt 0.770747 0.190884
vt 0.772003 0.191468
vt 0.771849 0.191812
vt 0.773449 0.192139
vt 0.775538 0.193990
vt 0.767810 0.190450
vt 0.767780 0.190935
vt 0.764867 0.190868
vt 0.763712 0.191813
vt 0.763559 0.191472
vt 0.762111 0.192140
vt 0.760748 0.194626
vt 0.763922 0.192276
vt 0.767782 0.191443
vt 0.771643 0.192276
vt 0.774817 0.194625
vt 0.188406 0.648409
vt 0.188412 0.644491
vt 0.188389 0.641123
vt 0.767785 0.191771
vt 0.764058 0.192575
vt 0.707327 0.434635
vt 0.707315 0.438062
vt 0.759201 0.197058
vt 0.753861 0.199133
vt 0.755460 0.199050
vt 0.755702 0.199488
vt 0.753795 0.199614
vt 0.755839 0.199977
vt 0.753726 0.200117
vt 0.936781 0.645600
vt 0.936808 0.647032
vt 0.936300 0.647310
vt 0.936271 0.645789
vt 0.707843 0.445181
vt 0.707861 0.443108
vt 0.707347 0.442985
vt 0.757975 0.198784
vt 0.757629 0.198411
vt 0.757266 0.198029
vt 0.757145 0.198192
vt 0.755560 0.198999
vt 0.707330 0.444936
vt 0.669331 0.120442
vt 0.668221 0.114046
vt 0.668700 0.113978
vt 0.936232 0.529065
vt 0.936299 0.523803
vt 0.936808 0.524003
vt 0.936118 0.540287
vt 0.936030 0.552282
vt 0.935970 0.564851
vt 0.935938 0.577783
vt 0.935935 0.590864
vt 0.935961 0.603875
vt 0.936016 0.616600
vt 0.936098 0.628826
vt 0.936207 0.640350
vt 0.747398 0.198504
vt 0.747513 0.197940
vt 0.744761 0.197423
vt 0.734887 0.195059
vt 0.735734 0.194837
vt 0.722924 0.190031
vt 0.726888 0.191370
vt 0.735056 0.194571
vt 0.710563 0.182134
vt 0.712012 0.183047
vt 0.711708 0.183505
vt 0.718474 0.187116
vt 0.723188 0.189500
vt 0.703131 0.176419
vt 0.701426 0.175588
vt 0.701791 0.175174
vt 0.696336 0.170102
vt 0.692250 0.166412
vt 0.692690 0.166023
vt 0.690166 0.163199
vt 0.684332 0.156131
vt 0.684680 0.155781
vt 0.679928 0.147941
vt 0.677805 0.144916
vt 0.678327 0.144655
vt 0.675926 0.139727
vt 0.672776 0.132953
vt 0.673292 0.132772
vt 0.669875 0.120330
vt 0.670280 0.122519
vt 0.672691 0.131183
vt 0.936717 0.640179
vt 0.936609 0.628691
vt 0.936526 0.616504
vt 0.936471 0.603820
vt 0.936445 0.590850
vt 0.936448 0.577811
vt 0.936480 0.564920
vt 0.936540 0.552392
vt 0.936628 0.540435
vt 0.936742 0.529249
vt 0.668838 0.120548
vt 0.667722 0.114120
vt 0.672301 0.133121
vt 0.677354 0.145144
vt 0.683915 0.156416
vt 0.691872 0.166749
vt 0.701095 0.175970
vt 0.711428 0.183927
vt 0.722700 0.190486
vt 0.734724 0.195539
vt 0.747298 0.199001
vt 0.712441 0.215773
vt 0.671175 0.109548
vt 0.669857 0.110457
vt 0.669423 0.110212
vt 0.670982 0.109105
vt 0.669055 0.109871
vt 0.670781 0.108645
vt 0.712957 0.213789
vt 0.712949 0.215807
vt 0.712449 0.213630
vt 0.712442 0.218348
vt 0.712452 0.220231
vt 0.712950 0.218231
vt 0.712959 0.220004
vt 0.667862 0.112007
vt 0.668347 0.112139
vt 0.668854 0.112272
vt 0.668873 0.112070
vt 0.669799 0.110553
vt 0.673720 0.092159
vt 0.673845 0.092299
vt 0.673545 0.092647
vt 0.712461 0.211025
vt 0.673545 0.107474
vt 0.673701 0.107977
vt 0.673842 0.107818
vt 0.675693 0.105728
vt 0.676021 0.104129
vt 0.676365 0.104282
vt 0.676898 0.100060
vt 0.677382 0.100059
vt 0.677382 0.100090
vt 0.676948 0.103027
vt 0.676955 0.097116
vt 0.676021 0.095992
vt 0.676363 0.095837
vt 0.675693 0.094391
vt 0.670982 0.091017
vt 0.671175 0.090572
vt 0.671203 0.090584
vt 0.707302 0.435256
vt 0.706804 0.438097
vt 0.706792 0.435367
vt 0.706763 0.445008
vt 0.706797 0.441854
vt 0.712464 0.207212
vt 0.712453 0.203750
vt 0.673213 0.093029
vt 0.675563 0.096203
vt 0.676395 0.100063
vt 0.675563 0.103924
vt 0.673213 0.107097
vt 0.712969 0.211091
vt 0.712972 0.207142
vt 0.712960 0.203556
vt 0.707272 0.445242
vt 0.707307 0.441974
vt 0.707315 0.438083
vt 0.670781 0.091482
vt 0.706795 0.430658
vt 0.706784 0.433141
vt 0.707295 0.433160
vt 0.669055 0.090256
vt 0.669424 0.089910
vt 0.669803 0.089546
vt 0.669641 0.089425
vt 0.668834 0.087841
vt 0.668700 0.086142
vt 0.668783 0.087740
vt 0.668347 0.087982
vt 0.668220 0.086075
vt 0.667862 0.088121
vt 0.667722 0.086008
vt 0.912306 0.933660
vt 0.912320 0.935265
vt 0.911813 0.935522
vt 0.911798 0.933817
vt 0.707305 0.430823
vt 0.911766 0.927989
vt 0.669331 0.079679
vt 0.673263 0.067337
vt 0.672997 0.068014
vt 0.672776 0.067168
vt 0.670410 0.077041
vt 0.669893 0.079793
vt 0.676464 0.059169
vt 0.677805 0.055205
vt 0.678335 0.055469
vt 0.680719 0.050755
vt 0.684332 0.043988
vt 0.684789 0.044293
vt 0.692250 0.033707
vt 0.691417 0.035411
vt 0.685701 0.042844
vt 0.701426 0.024530
vt 0.697735 0.028616
vt 0.692663 0.034072
vt 0.711708 0.016612
vt 0.704638 0.022446
vt 0.701814 0.024970
vt 0.722924 0.010084
vt 0.719897 0.012208
vt 0.712057 0.016960
vt 0.736656 0.004969
vt 0.735067 0.005571
vt 0.734887 0.005055
vt 0.728112 0.008205
vt 0.723183 0.010607
vt 0.745320 0.002558
vt 0.747398 0.001609
vt 0.747509 0.002153
vt 0.747298 0.001118
vt 0.753726 0.000001
vt 0.753795 0.000499
vt 0.707912 0.406439
vt 0.707937 0.411872
vt 0.707429 0.412044
vt 0.911812 0.817775
vt 0.911748 0.828132
vt 0.911698 0.839432
vt 0.911662 0.851488
vt 0.911641 0.864098
vt 0.911636 0.877053
vt 0.911646 0.890136
vt 0.911671 0.903130
vt 0.911711 0.915818
vt 0.707405 0.406628
vt 0.912320 0.817988
vt 0.912256 0.828312
vt 0.912206 0.839576
vt 0.912170 0.851594
vt 0.912149 0.864164
vt 0.912144 0.877077
vt 0.912154 0.890119
vt 0.912179 0.903071
vt 0.912219 0.915719
vt 0.912273 0.927851
vt 0.753861 0.000977
vt 0.734724 0.004581
vt 0.722700 0.009635
vt 0.711428 0.016196
vt 0.701094 0.024154
vt 0.691872 0.033376
vt 0.683915 0.043710
vt 0.677354 0.054982
vt 0.672301 0.067006
vt 0.668838 0.079580
vt 0.707939 0.416571
vt 0.707941 0.413982
vt 0.707434 0.414030
vt 0.755839 0.000141
vt 0.755702 0.000625
vt 0.755568 0.001132
vt 0.755770 0.001150
vt 0.757287 0.002077
vt 0.758292 0.003453
vt 0.757383 0.002135
vt 0.757629 0.001701
vt 0.758736 0.003260
vt 0.757975 0.001334
vt 0.759201 0.003060
vt 0.707424 0.418290
vt 0.707432 0.416466
vt 0.707931 0.418508
vt 0.775681 0.005997
vt 0.775540 0.006121
vt 0.775194 0.005821
vt 0.707919 0.420829
vt 0.760367 0.005822
vt 0.759863 0.005979
vt 0.764812 0.009225
vt 0.763557 0.008642
vt 0.763712 0.008298
vt 0.762111 0.007970
vt 0.760022 0.006120
vt 0.767750 0.009659
vt 0.767780 0.009176
vt 0.770693 0.009241
vt 0.771849 0.008298
vt 0.772001 0.008637
vt 0.773449 0.007969
vt 0.776825 0.003259
vt 0.777268 0.003452
vt 0.777256 0.003479
vt 0.723974 0.417142
vt 0.723473 0.419992
vt 0.723466 0.417218
vt 0.707917 0.428283
vt 0.707932 0.431359
vt 0.723469 0.423647
vt 0.707912 0.424552
vt 0.774817 0.005491
vt 0.771643 0.007841
vt 0.767782 0.008673
vt 0.763922 0.007841
vt 0.760748 0.005492
vt 0.707412 0.420694
vt 0.707405 0.424550
vt 0.707410 0.428414
vt 0.707425 0.431600
vt 0.723977 0.423801
vt 0.723981 0.420016
vt 0.776364 0.003059
vt 0.723468 0.412592
vt 0.723462 0.414969
vt 0.723970 0.415025
vt 0.777590 0.001333
vt 0.777932 0.001700
vt 0.778294 0.002080
vt 0.778415 0.001917
vt 0.779999 0.001111
vt 0.781698 0.000976
vt 0.780100 0.001060
vt 0.779859 0.000623
vt 0.781766 0.000497
vt 0.779725 0.000140
vt 0.781838 -0.000000
vt 0.891755 0.819957
vt 0.891745 0.818084
vt 0.892251 0.817877
vt 0.892262 0.819866
vt 0.723976 0.412788
vt 0.892285 0.826212
vt 0.788163 0.001607
vt 0.800503 0.005538
vt 0.799826 0.005273
vt 0.800674 0.005052
vt 0.790799 0.002686
vt 0.788047 0.002169
vt 0.808672 0.008739
vt 0.812637 0.010079
vt 0.812371 0.010609
vt 0.817086 0.012993
vt 0.823853 0.016606
vt 0.823548 0.017063
vt 0.834135 0.024523
vt 0.832429 0.023691
vt 0.824996 0.017975
vt 0.843311 0.033699
vt 0.839224 0.030007
vt 0.833769 0.024936
vt 0.851229 0.043980
vt 0.845394 0.036910
vt 0.842870 0.034086
vt 0.857756 0.055195
vt 0.855632 0.052169
vt 0.850880 0.044328
vt 0.862869 0.068927
vt 0.862268 0.067338
vt 0.862785 0.067158
vt 0.859634 0.060383
vt 0.857233 0.055454
vt 0.865280 0.077590
vt 0.866230 0.079669
vt 0.865685 0.079779
vt 0.866727 0.079569
vt 0.867843 0.085997
vt 0.867340 0.086065
vt 0.218082 0.617873
vt 0.218133 0.623329
vt 0.217620 0.623495
vt 0.217948 0.607716
vt 0.892252 0.921854
vt 0.892298 0.912309
vt 0.892332 0.901691
vt 0.892355 0.890176
vt 0.892365 0.877957
vt 0.892364 0.865237
vt 0.892349 0.852228
vt 0.892323 0.839147
vt 0.217569 0.618056
vt 0.217436 0.607932
vt 0.891745 0.921619
vt 0.891790 0.912105
vt 0.891825 0.901520
vt 0.891847 0.890042
vt 0.891858 0.877862
vt 0.891856 0.865183
vt 0.891842 0.852215
vt 0.891816 0.839176
vt 0.891778 0.826282
vt 0.866860 0.086131
vt 0.863264 0.066995
vt 0.858210 0.054973
vt 0.851650 0.043701
vt 0.843693 0.033368
vt 0.834470 0.024147
vt 0.824137 0.016190
vt 0.812864 0.009630
vt 0.800841 0.004577
vt 0.788267 0.001115
vt 0.866517 0.088470
vt 0.866659 0.087822
vt 0.867214 0.087972
vt 0.866901 0.086715
vt 0.865363 0.089963
vt 0.865710 0.089514
vt 0.866138 0.089899
vt 0.866510 0.090246
vt 0.217598 0.627920
vt 0.218110 0.628030
vt 0.218136 0.625444
vt 0.217623 0.625486
vt 0.867703 0.088110
vt 0.852763 0.082586
vt 0.852763 0.117514
vt 0.854539 0.100050
vt 0.847508 0.134264
vt 0.827554 0.162933
vt 0.780918 0.185811
vt 0.763386 0.186701
vt 0.847508 0.065837
vt 0.838989 0.050489
vt 0.827554 0.037170
vt 0.684999 0.126031
vt 0.780918 0.014297
vt 0.763386 0.013409
vt 0.813672 0.026426
vt 0.838989 0.149613
vt 0.746033 0.184044
vt 0.729572 0.177948
vt 0.681466 0.108836
vt 0.746033 0.016068
vt 0.797912 0.018696
vt 0.797912 0.181410
vt 0.681466 0.091282
vt 0.684999 0.074087
vt 0.813673 0.173678
vt 0.714674 0.168663
vt 0.701951 0.156569
vt 0.691922 0.142162
vt 0.729572 0.022166
vt 0.714674 0.031452
vt 0.691922 0.057955
vt 0.701951 0.043547
vt 0.444094 0.476069
vt 0.446892 0.476062
vt 0.444272 0.492774
vt 0.447070 0.492768
vt 0.444363 0.510224
vt 0.447161 0.510217
vt 0.444363 0.527703
vt 0.447161 0.527696
vt 0.444272 0.544496
vt 0.447070 0.544489
vt 0.444094 0.559915
vt 0.446892 0.559908
vt 0.443836 0.573329
vt 0.446634 0.573322
vt 0.443509 0.584189
vt 0.446307 0.584182
vt 0.447160 0.709291
vt 0.444362 0.709286
vt 0.446962 0.697221
vt 0.444164 0.697216
vt 0.446814 0.682831
vt 0.444016 0.682826
vt 0.446723 0.666713
vt 0.443924 0.666708
vt 0.446692 0.649524
vt 0.443894 0.649519
vt 0.446723 0.631969
vt 0.443924 0.631964
vt 0.446814 0.614767
vt 0.444016 0.614762
vt 0.446962 0.598621
vt 0.444164 0.598616
vt 0.447160 0.584194
vt 0.444362 0.584189
vt 0.170519 0.768435
vt 0.167720 0.768434
vt 0.170427 0.754403
vt 0.167628 0.754402
vt 0.170364 0.738534
vt 0.167565 0.738533
vt 0.170331 0.721479
vt 0.167533 0.721478
vt 0.170331 0.703936
vt 0.167533 0.703935
vt 0.170364 0.686623
vt 0.167565 0.686622
vt 0.170427 0.670248
vt 0.167628 0.670247
vt 0.170519 0.655483
vt 0.167720 0.655482
vt 0.443894 0.709292
vt 0.446692 0.709291
vt 0.443965 0.724055
vt 0.446763 0.724054
vt 0.444014 0.740428
vt 0.446812 0.740427
vt 0.444039 0.757740
vt 0.446837 0.757740
vt 0.444039 0.775284
vt 0.446837 0.775283
vt 0.444014 0.792340
vt 0.446812 0.792339
vt 0.443965 0.808210
vt 0.446763 0.808209
vt 0.443894 0.822244
vt 0.446692 0.822244
vt 0.443509 0.447566
vt 0.446307 0.447559
vt 0.443836 0.460791
vt 0.446634 0.460784
vt 0.808552 0.378925
vt 0.793654 0.388210
vt 0.755446 0.310318
vt 0.838227 0.336293
vt 0.831304 0.352424
vt 0.821275 0.366832
vt 0.838227 0.284350
vt 0.841761 0.301545
vt 0.841761 0.319099
vt 0.808553 0.241715
vt 0.821276 0.253810
vt 0.831305 0.268218
vt 0.759841 0.223673
vt 0.777193 0.226332
vt 0.793655 0.232429
vt 0.709553 0.236690
vt 0.725314 0.228960
vt 0.742308 0.224561
vt 0.675717 0.276101
vt 0.684236 0.260753
vt 0.695671 0.247435
vt 0.670461 0.327778
vt 0.668685 0.310314
vt 0.670461 0.292850
vt 0.695670 0.373195
vt 0.684235 0.359876
vt 0.675716 0.344527
vt 0.742307 0.396073
vt 0.725313 0.391672
vt 0.709552 0.383941
vt 0.777192 0.394306
vt 0.759839 0.396963
s 0
usemtl Material.001
f 1/1/1 2/2/1 3/3/1
f 3/3/2 2/2/2 4/4/2
f 3/3/2 4/4/2 5/5/2
f 5/6/3 4/7/3 6/8/3
f 5/6/3 6/8/3 7/9/3
f 7/9/4 6/8/4 8/10/4
f 7/9/4 8/10/4 9/11/4
f 9/11/5 8/10/5 10/12/5
f 9/11/5 10/12/5 11/13/5
f 11/14/6 10/15/6 12/16/6
f 11/14/6 12/16/6 13/17/6
f 13/17/7 12/16/7 14/18/7
f 13/17/7 14/18/7 15/19/7
f 15/19/8 14/18/8 16/20/8
f 15/19/8 16/20/8 17/21/8
f 17/22/9 16/23/9 18/24/9
f 17/22/9 18/24/9 19/25/9
f 19/25/10 18/24/10 20/26/10
f 19/25/10 20/26/10 21/27/10
f 21/27/11 20/26/11 22/28/11
f 21/27/11 22/28/11 23/29/11
f 23/30/12 22/31/12 24/32/12
f 23/30/12 24/32/12 1/1/12
f 1/1/1 24/32/1 2/2/1
f 25/33/1 26/34/1 27/35/1
f 27/35/2 26/34/2 28/36/2
f 27/35/2 28/36/2 29/37/2
f 29/38/3 28/39/3 30/40/3
f 29/38/3 30/40/3 31/41/3
f 31/41/4 30/40/4 32/42/4
f 31/41/4 32/42/4 33/43/4
f 33/43/5 32/42/5 34/44/5
f 33/43/5 34/44/5 35/45/5
f 35/46/6 34/47/6 36/48/6
f 35/46/6 36/48/6 37/49/6
f 39/51/8 38/50/8 40/52/8
f 39/51/8 40/52/8 41/53/8
f 41/54/9 40/55/9 42/56/9
f 41/54/9 42/56/9 43/57/9
f 43/57/10 42/56/10 44/58/10
f 43/57/10 44/58/10 45/59/10
f 45/59/11 44/58/11 46/60/11
f 47/62/12 46/63/12 48/64/12
f 47/62/12 48/64/12 25/33/12
f 25/33/1 48/64/1 26/34/1
f 49/65/1 50/66/1 51/67/1
f 51/67/2 50/66/2 52/68/2
f 51/67/2 52/68/2 53/69/2
f 53/70/3 52/71/3 54/72/3
f 53/70/3 54/72/3 55/73/3
f 55/73/4 54/72/4 56/74/4
f 55/73/4 56/74/4 57/75/4
f 57/75/5 56/74/5 58/76/5
f 57/75/5 58/76/5 59/77/5
f 59/78/6 58/79/6 60/80/6
f 59/78/6 60/80/6 61/81/6
f 61/81/7 60/80/7 62/82/7
f 61/81/7 62/82/7 63/83/7
f 63/83/8 62/82/8 64/84/8
f 63/83/8 64/84/8 65/85/8
f 71/94/12 70/95/12 72/96/12
f 71/94/12 72/96/12 49/65/12
f 49/65/1 72/96/1 50/66/1
f 73/97/1 74/98/1 75/99/1
f 75/99/2 74/98/2 76/100/2
f 75/99/2 76/100/2 77/101/2
f 77/102/3 76/103/3 78/104/3
f 77/102/3 78/104/3 79/105/3
f 79/105/4 78/104/4 80/106/4
f 79/105/4 80/106/4 81/107/4
f 81/107/5 80/106/5 82/108/5
f 81/107/5 82/108/5 83/109/5
f 83/110/6 82/111/6 84/112/6
f 83/110/6 84/112/6 85/113/6
f 85/113/7 84/112/7 86/114/7
f 87/115/8 86/114/8 88/116/8
f 87/115/8 88/116/8 89/117/8
f 89/118/9 88/119/9 90/120/9
f 91/121/10 90/120/10 92/122/10
f 73/97/1 96/128/1 74/98/1
f 97/129/13 98/130/13 99/131/13
f 97/129/13 99/131/13 100/132/13
f 100/132/14 99/131/14 101/133/14
f 100/132/14 101/133/14 102/134/14
f 102/134/15 101/133/15 103/135/15
f 102/134/15 103/135/15 104/136/15
f 104/136/16 103/135/16 105/137/16
f 104/136/16 105/137/16 106/138/16
f 106/138/17 105/137/17 107/139/17
f 106/138/17 107/139/17 108/140/17
f 108/141/18 107/142/18 109/143/18
f 108/141/18 109/143/18 110/144/18
f 110/144/19 109/143/19 111/145/19
f 110/144/19 111/145/19 112/146/19
f 112/146/20 111/145/20 113/147/20
f 112/146/20 113/147/20 114/148/20
f 114/148/21 113/147/21 115/149/21
f 114/148/21 115/149/21 116/150/21
f 116/150/22 115/149/22 117/151/22
f 116/150/22 117/151/22 118/152/22
f 118/152/23 117/151/23 119/153/23
f 118/152/23 119/153/23 120/154/23
f 120/154/24 119/153/24 121/155/24
f 120/154/24 121/155/24 122/156/24
f 122/157/25 121/158/25 123/159/25
f 122/157/25 123/159/25 124/160/25
f 124/160/26 123/159/26 125/161/26
f 124/160/26 125/161/26 126/162/26
f 126/162/27 125/161/27 127/163/27
f 126/162/27 127/163/27 128/164/27
f 128/164/28 127/163/28 129/165/28
f 128/164/28 129/165/28 130/166/28
f 131/167/29 132/168/29 133/169/29
f 131/167/29 133/169/29 134/170/29
f 134/170/30 133/169/30 135/171/30
f 134/170/30 135/171/30 136/172/30
f 136/172/31 135/171/31 137/173/31
f 136/172/31 137/173/31 138/174/31
f 138/174/32 137/173/32 139/175/32
f 138/174/32 139/175/32 140/176/32
f 140/177/33 139/178/33 141/179/33
f 140/177/33 141/179/33 142/180/33
f 142/180/34 141/179/34 143/181/34
f 142/180/34 143/181/34 144/182/34
f 144/182/35 143/181/35 145/183/35
f 144/182/35 145/183/35 146/184/35
f 146/184/36 145/183/36 147/185/36
f 146/184/36 147/185/36 148/186/36
f 148/186/37 147/185/37 149/187/37
f 148/186/37 149/187/37 150/188/37
f 150/188/38 149/187/38 151/189/38
f 150/188/38 151/189/38 152/190/38
f 152/191/39 151/192/39 153/193/39
f 152/191/39 153/193/39 154/194/39
f 155/195/40 131/167/40 134/170/40
f 155/195/41 134/170/41 156/196/41
f 156/196/42 134/170/42 136/172/42
f 156/196/43 136/172/43 157/197/43
f 157/198/44 136/199/44 138/200/44
f 157/198/45 138/200/45 158/201/45
f 158/201/46 138/200/46 140/202/46
f 158/201/47 140/202/47 159/203/47
f 159/203/48 140/202/48 142/204/48
f 159/203/49 142/204/49 160/205/49
f 160/205/50 142/204/50 144/206/50
f 160/205/51 144/206/51 161/207/51
f 161/208/52 144/182/52 146/184/52
f 161/208/52 146/184/52 162/209/52
f 162/210/53 146/211/53 148/212/53
f 162/210/53 148/212/53 163/213/53
f 163/213/54 148/212/54 150/214/54
f 163/213/54 150/214/54 164/215/54
f 164/215/55 150/214/55 152/216/55
f 164/215/56 152/216/56 165/217/56
f 165/217/57 152/216/57 154/218/57
f 165/217/57 154/218/57 166/219/57
f 167/220/58 168/221/58 169/222/58
f 169/222/58 168/221/58 170/223/58
f 169/224/59 170/225/59 171/226/59
f 171/226/59 170/225/59 172/227/59
f 171/226/60 172/227/60 173/228/60
f 173/228/60 172/227/60 174/229/60
f 173/230/61 174/231/61 175/232/61
f 175/232/62 174/231/62 176/233/62
f 175/234/63 176/235/63 177/236/63
f 177/236/63 176/235/63 178/237/63
f 177/236/64 178/237/64 179/238/64
f 179/238/64 178/237/64 180/239/64
f 179/240/65 181/241/65 177/242/65
f 177/242/65 181/241/65 182/243/65
f 177/244/66 182/245/66 175/232/66
f 175/232/66 182/245/66 183/246/66
f 175/232/67 183/246/67 173/230/67
f 173/230/67 183/246/67 184/247/67
f 173/230/68 184/247/68 171/248/68
f 171/248/68 184/247/68 185/249/68
f 171/250/69 185/251/69 169/222/69
f 169/222/69 185/251/69 186/252/69
f 169/222/70 186/252/70 167/220/70
f 167/220/70 186/252/70 187/253/70
f 188/254/71 189/255/71 190/256/71
f 190/256/71 189/255/71 191/257/71
f 190/256/72 191/257/72 192/258/72
f 192/258/72 191/257/72 193/259/72
f 192/258/73 193/259/73 194/260/73
f 194/260/73 193/259/73 195/261/73
f 194/260/74 195/261/74 196/262/74
f 196/262/74 195/261/74 197/263/74
f 196/264/75 197/265/75 198/266/75
f 198/266/75 197/265/75 199/267/75
f 198/266/76 199/267/76 200/268/76
f 200/268/76 199/267/76 201/269/76
f 200/268/77 201/269/77 202/270/77
f 202/270/77 201/269/77 203/271/77
f 202/270/78 203/271/78 204/272/78
f 204/272/78 203/271/78 205/273/78
f 204/272/79 205/273/79 206/274/79
f 206/274/79 205/273/79 207/275/79
f 206/274/80 207/275/80 208/276/80
f 208/276/80 207/275/80 209/277/80
f 208/276/81 209/277/81 210/278/81
f 210/278/81 209/277/81 211/279/81
f 210/278/82 211/279/82 212/280/82
f 212/280/82 211/279/82 213/281/82
f 212/282/83 213/283/83 214/284/83
f 214/284/83 213/283/83 215/285/83
f 214/284/84 215/285/84 216/286/84
f 216/286/84 215/285/84 217/287/84
f 216/286/85 217/287/85 218/288/85
f 218/288/85 217/287/85 219/289/85
f 218/288/86 219/289/86 220/290/86
f 220/290/86 219/289/86 221/291/86
f 220/290/87 221/291/87 222/292/87
f 222/292/87 221/291/87 223/293/87
f 222/292/88 223/293/88 224/294/88
f 224/294/88 223/293/88 225/295/88
f 224/294/89 225/295/89 226/296/89
f 226/296/89 225/295/89 227/297/89
f 226/296/90 227/297/90 228/298/90
f 228/298/90 227/297/90 229/299/90
f 228/300/91 229/301/91 230/302/91
f 230/302/91 229/301/91 231/303/91
f 230/302/92 231/303/92 232/304/92
f 232/304/92 231/303/92 233/305/92
f 232/304/93 233/305/93 234/306/93
f 234/306/93 233/305/93 235/307/93
f 234/306/94 235/307/94 236/308/94
f 236/308/94 235/307/94 237/309/94
f 236/308/95 237/309/95 238/310/95
f 238/310/95 237/309/95 239/311/95
f 238/310/96 239/311/96 240/312/96
f 240/312/96 239/311/96 241/313/96
f 240/312/97 241/313/97 242/314/97
f 242/314/97 241/313/97 243/315/97
f 242/314/98 243/315/98 244/316/98
f 244/316/98 243/315/98 245/317/98
f 244/318/99 245/319/99 246/320/99
f 246/320/99 245/319/99 247/321/99
f 246/320/100 247/321/100 248/322/100
f 248/322/100 247/321/100 249/323/100
f 248/322/101 249/323/101 250/324/101
f 250/324/101 249/323/101 251/325/101
f 250/324/102 251/325/102 188/254/102
f 188/254/102 251/325/102 189/255/102
f 252/326/103 253/327/103 254/328/103
f 255/329/104 256/330/104 254/328/104
f 254/328/105 256/330/105 257/331/105
f 254/328/106 257/331/106 252/326/106
f 252/326/107 257/331/107 258/332/107
f 254/328/108 259/333/108 260/334/108
f 260/334/109 259/333/109 261/335/109
f 260/334/110 261/335/110 262/336/110
f 263/337/111 264/338/111 265/339/111
f 265/339/112 266/340/112 263/337/112
f 263/337/113 266/340/113 267/341/113
f 263/337/114 267/341/114 268/342/114
f 268/342/114 267/341/114 269/343/114
f 268/342/114 269/343/114 270/344/114
f 270/344/114 269/343/114 271/345/114
f 270/344/115 271/345/115 272/346/115
f 272/346/116 271/345/116 273/347/116
f 272/346/116 273/347/116 274/348/116
f 274/348/115 273/347/115 275/349/115
f 274/348/117 275/349/117 276/350/117
f 276/350/118 275/349/118 277/351/118
f 276/350/117 277/351/117 278/352/117
f 278/352/117 277/351/117 279/353/117
f 278/352/119 279/353/119 280/354/119
f 280/354/119 279/353/119 281/355/119
f 280/354/119 281/355/119 282/356/119
f 282/356/119 281/355/119 283/357/119
f 282/356/120 283/357/120 284/358/120
f 284/358/120 283/357/120 285/359/120
f 284/358/120 285/359/120 286/360/120
f 286/360/120 285/359/120 287/361/120
f 286/360/121 287/361/121 288/362/121
f 288/362/121 287/361/121 289/363/121
f 288/362/121 289/363/121 290/364/121
f 290/364/121 289/363/121 291/365/121
f 290/364/122 291/365/122 292/366/122
f 292/366/122 291/365/122 293/367/122
f 292/366/122 293/367/122 260/334/122
f 260/334/123 293/367/123 294/368/123
f 260/334/124 294/368/124 254/328/124
f 254/328/125 294/368/125 295/369/125
f 254/328/126 295/369/126 255/329/126
f 255/329/127 295/369/127 296/370/127
f 297/371/128 298/372/128 299/373/128
f 299/374/129 298/375/129 300/376/129
f 299/374/130 300/376/130 301/377/130
f 301/377/131 300/376/131 302/378/131
f 298/375/132 303/379/132 300/376/132
f 300/376/133 303/379/133 304/380/133
f 300/381/134 304/382/134 302/383/134
f 302/383/135 304/382/135 305/384/135
f 306/385/136 307/386/136 308/387/136
f 308/388/137 307/389/137 309/390/137
f 308/388/138 309/390/138 310/391/138
f 302/392/139 311/393/139 301/394/139
f 301/394/140 311/393/140 306/385/140
f 301/394/141 306/385/141 312/395/141
f 312/395/142 306/385/142 308/387/142
f 312/395/143 308/387/143 313/396/143
f 313/396/143 308/387/143 314/397/143
f 313/396/143 314/397/143 315/398/143
f 315/398/143 314/397/143 316/399/143
f 315/400/144 316/401/144 317/402/144
f 317/402/144 316/401/144 318/403/144
f 317/402/144 318/403/144 319/404/144
f 319/404/144 318/403/144 320/405/144
f 319/404/145 320/405/145 321/406/145
f 321/406/145 320/405/145 322/407/145
f 321/406/145 322/407/145 323/408/145
f 323/408/145 322/407/145 324/409/145
f 323/408/146 324/409/146 325/410/146
f 325/410/146 324/409/146 326/411/146
f 325/410/146 326/411/146 327/412/146
f 327/412/146 326/411/146 328/413/146
f 327/412/147 328/413/147 329/414/147
f 329/414/148 328/413/148 330/415/148
f 329/414/148 330/415/148 331/416/148
f 331/416/147 330/415/147 332/417/147
f 331/416/149 332/417/149 333/418/149
f 333/418/150 332/417/150 334/419/150
f 333/418/150 334/419/150 335/420/150
f 335/420/150 334/419/150 336/421/150
f 335/420/151 336/421/151 337/422/151
f 337/422/152 336/421/152 338/423/152
f 337/422/152 338/423/152 339/424/152
f 339/424/151 338/423/151 340/425/151
f 339/426/153 340/427/153 341/428/153
f 341/428/153 340/427/153 342/429/153
f 343/430/154 344/431/154 345/432/154
f 343/430/154 345/432/154 346/433/154
f 346/433/155 345/432/155 347/434/155
f 346/433/156 347/434/156 348/435/156
f 347/434/156 349/436/156 348/435/156
f 348/435/157 349/436/157 350/437/157
f 348/435/157 350/437/157 351/438/157
f 350/437/158 352/439/158 351/438/158
f 351/438/159 352/439/159 353/440/159
f 351/438/159 353/440/159 354/441/159
f 353/440/159 355/442/159 354/441/159
f 354/441/160 355/442/160 356/443/160
f 354/441/160 356/443/160 357/444/160
f 356/443/160 358/445/160 357/444/160
f 357/444/161 358/445/161 359/446/161
f 357/444/161 359/446/161 360/447/161
f 359/446/161 361/448/161 360/447/161
f 360/447/162 361/448/162 362/449/162
f 360/447/162 362/449/162 363/450/162
f 364/451/163 365/452/163 366/453/163
f 366/453/163 365/452/163 363/450/163
f 366/453/163 363/450/163 367/454/163
f 367/454/162 363/450/162 362/449/162
f 364/451/164 368/455/164 365/452/164
f 365/452/164 368/455/164 369/456/164
f 365/452/165 369/456/165 370/457/165
f 369/456/166 371/458/166 370/457/166
f 370/457/166 371/458/166 372/459/166
f 370/457/167 372/459/167 373/460/167
f 372/459/167 374/461/167 373/460/167
f 373/460/167 374/461/167 375/462/167
f 373/460/168 375/462/168 376/463/168
f 375/462/168 377/464/168 376/463/168
f 376/463/168 377/464/168 378/465/168
f 376/463/169 378/465/169 379/466/169
f 378/465/169 380/467/169 379/466/169
f 379/466/169 380/467/169 381/468/169
f 379/466/170 381/468/170 382/469/170
f 381/468/170 383/470/170 382/469/170
f 382/469/170 383/470/170 384/471/170
f 382/469/171 384/471/171 385/472/171
f 384/471/171 386/473/171 385/472/171
f 385/472/171 386/473/171 387/474/171
f 385/472/172 387/474/172 388/475/172
f 388/475/172 387/474/172 389/476/172
f 389/476/172 390/477/172 388/475/172
f 388/475/173 390/477/173 391/478/173
f 388/475/173 391/478/173 392/479/173
f 391/478/174 393/480/174 392/479/174
f 392/479/175 393/480/175 394/481/175
f 392/479/175 394/481/175 395/482/175
f 396/483/176 397/484/176 398/485/176
f 396/483/177 398/485/177 399/486/177
f 400/487/178 401/488/178 402/489/178
f 402/489/179 401/488/179 403/490/179
f 402/489/180 403/490/180 404/491/180
f 402/489/181 404/491/181 405/492/181
f 405/492/182 404/491/182 406/493/182
f 405/494/183 406/495/183 396/483/183
f 396/483/184 406/495/184 407/496/184
f 396/483/185 407/496/185 397/484/185
f 408/497/186 409/498/186 410/499/186
f 411/500/187 412/501/187 413/502/187
f 413/502/188 412/501/188 414/503/188
f 413/502/189 414/503/189 265/504/189
f 265/504/190 414/503/190 415/505/190
f 265/504/191 415/505/191 266/506/191
f 416/507/192 417/508/192 418/509/192
f 418/509/193 417/508/193 419/510/193
f 418/509/194 419/510/194 420/511/194
f 416/507/195 421/512/195 417/508/195
f 417/508/196 421/512/196 422/513/196
f 417/508/197 422/513/197 411/500/197
f 411/500/198 422/513/198 423/514/198
f 411/500/198 423/514/198 412/501/198
f 424/515/199 425/516/199 426/517/199
f 426/517/200 427/518/200 424/515/200
f 424/515/201 427/518/201 428/519/201
f 424/515/202 428/519/202 429/520/202
f 429/520/203 428/519/203 430/521/203
f 429/520/204 430/521/204 419/510/204
f 419/510/194 430/521/194 431/522/194
f 419/510/194 431/522/194 420/511/194
f 432/523/205 433/524/205 434/525/205
f 434/525/205 433/524/205 435/526/205
f 434/525/206 435/526/206 436/527/206
f 436/527/207 435/526/207 437/528/207
f 436/527/208 437/528/208 424/515/208
f 424/515/209 437/528/209 438/529/209
f 424/515/199 438/529/199 425/516/199
f 439/530/210 440/531/210 441/532/210
f 441/533/211 440/534/211 442/535/211
f 442/536/212 440/537/212 443/538/212
f 442/536/213 443/538/213 434/525/213
f 434/525/214 443/538/214 444/539/214
f 434/525/215 444/539/215 432/523/215
f 445/540/216 446/541/216 447/542/216
f 447/542/216 446/541/216 448/543/216
f 447/542/216 448/543/216 449/544/216
f 449/544/217 450/545/217 447/542/217
f 447/542/218 450/545/218 451/546/218
f 447/542/219 451/546/219 452/547/219
f 452/547/220 451/546/220 453/548/220
f 452/547/221 453/548/221 441/533/221
f 441/533/222 453/548/222 454/549/222
f 441/532/210 454/550/210 439/530/210
f 455/551/223 456/552/223 457/553/223
f 457/553/224 456/552/224 458/554/224
f 457/553/224 458/554/224 459/555/224
f 445/540/216 447/542/216 459/555/216
f 459/555/225 447/542/225 460/556/225
f 459/555/226 460/556/226 457/553/226
f 461/557/227 462/558/227 463/559/227
f 463/559/227 462/558/227 464/560/227
f 463/559/228 464/560/228 465/561/228
f 464/560/229 466/562/229 465/561/229
f 465/561/230 466/562/230 467/563/230
f 465/561/231 467/563/231 457/553/231
f 457/553/232 467/563/232 468/564/232
f 457/553/223 468/564/223 455/551/223
f 469/565/233 470/566/233 471/567/233
f 471/567/234 470/566/234 472/568/234
f 471/567/235 472/568/235 473/569/235
f 474/570/236 475/571/236 476/572/236
f 476/572/237 475/571/237 477/573/237
f 476/572/238 477/573/238 478/574/238
f 479/575/239 480/576/239 476/572/239
f 476/572/240 480/576/240 481/577/240
f 476/572/241 481/577/241 474/570/241
f 476/572/242 482/578/242 479/575/242
f 479/575/243 482/578/243 483/579/243
f 483/579/244 484/580/244 479/575/244
f 479/575/245 484/580/245 485/581/245
f 479/575/246 485/581/246 486/582/246
f 486/582/247 485/581/247 487/583/247
f 486/582/248 487/583/248 488/584/248
f 487/583/249 489/585/249 488/584/249
f 488/584/250 489/585/250 490/586/250
f 488/584/251 490/586/251 491/587/251
f 491/587/252 490/586/252 492/588/252
f 491/587/253 492/588/253 493/589/253
f 493/589/254 492/588/254 494/590/254
f 493/589/255 494/590/255 495/591/255
f 495/591/256 494/590/256 496/592/256
f 495/591/257 496/592/257 473/569/257
f 473/569/258 496/592/258 497/593/258
f 473/569/258 497/593/258 471/567/258
f 498/594/259 499/595/259 500/596/259
f 500/596/260 499/595/260 501/597/260
f 500/596/261 501/597/261 502/598/261
f 502/598/262 501/597/262 503/599/262
f 502/598/263 503/599/263 463/559/263
f 463/559/264 503/599/264 504/600/264
f 463/559/265 504/600/265 461/557/265
f 471/567/266 498/594/266 469/565/266
f 469/565/267 498/594/267 500/596/267
f 469/565/268 500/596/268 505/601/268
f 505/601/269 500/596/269 506/602/269
f 507/603/270 508/604/270 509/605/270
f 509/605/270 508/604/270 510/606/270
f 509/605/271 510/606/271 511/607/271
f 511/607/272 510/606/272 512/608/272
f 511/607/273 512/608/273 500/596/273
f 500/596/274 512/608/274 513/609/274
f 500/596/275 513/609/275 506/602/275
f 514/610/276 515/611/276 516/612/276
f 410/499/277 409/498/277 517/613/277
f 517/613/278 409/498/278 518/614/278
f 517/613/279 518/614/279 516/612/279
f 516/612/280 518/614/280 519/615/280
f 516/612/281 519/615/281 514/610/281
f 515/611/282 520/616/282 516/612/282
f 516/612/282 520/616/282 521/617/282
f 516/612/283 521/617/283 522/618/283
f 522/618/284 521/617/284 523/619/284
f 522/618/285 523/619/285 509/605/285
f 509/605/286 523/619/286 524/620/286
f 509/605/286 524/620/286 507/603/286
f 525/621/287 526/622/287 527/623/287
f 527/623/287 526/622/287 528/624/287
f 527/623/288 528/624/288 529/625/288
f 529/625/289 528/624/289 530/626/289
f 529/627/290 530/628/290 410/499/290
f 410/499/291 530/628/291 531/629/291
f 410/499/291 531/629/291 408/497/291
f 532/630/292 533/631/292 534/632/292
f 534/632/293 533/631/293 535/633/293
f 534/632/294 535/633/294 527/623/294
f 527/623/295 535/633/295 536/634/295
f 527/623/296 536/634/296 525/621/296
f 537/635/297 532/630/297 538/636/297
f 538/636/298 532/630/298 539/637/298
f 537/635/299 540/638/299 532/630/299
f 532/630/299 540/638/299 541/639/299
f 532/630/300 541/639/300 533/631/300
f 542/640/301 543/641/301 544/642/301
f 544/642/302 543/641/302 545/643/302
f 546/644/303 547/645/303 548/646/303
f 548/646/304 547/645/304 545/643/304
f 548/646/305 545/643/305 549/647/305
f 549/647/306 545/643/306 543/641/306
f 546/644/307 550/648/307 547/645/307
f 547/645/307 550/648/307 551/649/307
f 547/645/308 551/649/308 539/637/308
f 539/637/309 551/649/309 552/650/309
f 539/637/310 552/650/310 538/636/310
f 553/651/311 554/652/311 555/653/311
f 556/654/312 557/655/312 558/656/312
f 558/656/313 559/657/313 556/654/313
f 556/654/314 559/657/314 560/658/314
f 556/654/315 560/658/315 561/659/315
f 561/659/316 560/658/316 562/660/316
f 561/659/317 562/660/317 563/661/317
f 563/661/318 562/660/318 542/640/318
f 563/661/319 542/640/319 555/653/319
f 555/653/320 542/640/320 544/642/320
f 555/653/321 544/642/321 553/651/321
f 564/662/322 565/663/322 566/664/322
f 567/665/323 568/666/323 569/667/323
f 570/668/324 571/669/324 572/670/324
f 573/671/325 574/672/325 575/673/325
f 576/674/326 577/675/326 575/673/326
f 575/673/327 577/675/327 578/676/327
f 575/673/328 578/676/328 573/671/328
f 579/677/329 580/678/329 575/673/329
f 575/673/330 580/678/330 581/679/330
f 575/673/331 581/679/331 576/674/331
f 579/677/332 582/680/332 580/678/332
f 580/678/333 582/680/333 583/681/333
f 572/670/334 584/682/334 570/668/334
f 570/668/334 584/682/334 585/683/334
f 570/668/335 585/683/335 586/684/335
f 586/684/336 585/683/336 587/685/336
f 586/684/337 587/685/337 588/686/337
f 588/686/338 587/685/338 589/687/338
f 588/686/339 589/687/339 590/688/339
f 590/688/340 589/687/340 591/689/340
f 590/688/341 591/689/341 592/690/341
f 592/690/342 591/689/342 593/691/342
f 592/690/343 593/691/343 594/692/343
f 594/692/344 593/691/344 580/678/344
f 594/692/345 580/678/345 595/693/345
f 595/693/346 580/678/346 583/681/346
f 596/694/347 597/695/347 598/696/347
f 598/696/348 597/695/348 599/697/348
f 598/696/349 599/697/349 600/698/349
f 571/669/350 570/668/350 600/698/350
f 600/698/351 570/668/351 601/699/351
f 600/698/352 601/699/352 598/696/352
f 569/667/353 602/700/353 567/665/353
f 567/665/354 602/700/354 603/701/354
f 567/665/355 603/701/355 598/696/355
f 598/696/356 603/701/356 604/702/356
f 598/696/357 604/702/357 596/694/357
f 604/702/358 605/703/358 596/694/358
f 596/694/359 605/703/359 606/704/359
f 596/694/360 606/704/360 607/705/360
f 608/706/361 609/707/361 293/708/361
f 293/708/362 609/707/362 610/709/362
f 293/708/363 610/709/363 294/710/363
f 294/710/364 610/709/364 295/711/364
f 557/655/365 399/486/365 558/656/365
f 558/656/366 399/486/366 398/485/366
f 558/656/367 398/485/367 611/712/367
f 558/656/368 611/712/368 612/713/368
f 612/713/369 611/712/369 613/714/369
f 612/713/370 613/714/370 614/715/370
f 614/715/371 613/714/371 615/716/371
f 614/715/372 615/716/372 616/717/372
f 616/717/373 615/716/373 617/718/373
f 616/717/374 617/718/374 618/719/374
f 618/719/375 617/718/375 619/720/375
f 617/718/376 620/721/376 619/720/376
f 619/720/377 620/721/377 621/722/377
f 619/720/378 621/722/378 622/723/378
f 622/723/379 621/722/379 623/724/379
f 624/725/380 625/726/380 626/727/380
f 626/727/380 625/726/380 627/728/380
f 626/727/381 627/728/381 628/729/381
f 627/728/382 629/730/382 628/729/382
f 628/729/382 629/730/382 630/731/382
f 628/729/383 630/731/383 619/720/383
f 619/720/384 630/731/384 631/732/384
f 619/720/385 631/732/385 618/719/385
f 632/733/386 633/734/386 634/735/386
f 634/735/387 633/734/387 635/736/387
f 634/735/388 635/736/388 626/727/388
f 626/727/389 635/736/389 636/737/389
f 626/727/390 636/737/390 624/725/390
f 637/738/391 638/739/391 639/740/391
f 639/740/392 638/739/392 640/741/392
f 640/741/393 638/739/393 641/742/393
f 640/741/394 641/742/394 632/733/394
f 632/733/395 641/742/395 642/743/395
f 632/733/396 642/743/396 633/734/396
f 643/744/397 644/745/397 645/746/397
f 645/746/397 646/747/397 643/744/397
f 643/744/398 646/747/398 647/748/398
f 643/744/399 647/748/399 648/749/399
f 648/750/400 647/751/400 649/752/400
f 648/750/401 649/752/401 639/740/401
f 639/740/402 649/752/402 650/753/402
f 639/740/403 650/753/403 637/738/403
f 651/754/404 652/755/404 653/756/404
f 653/756/405 652/755/405 654/757/405
f 653/756/406 654/757/406 655/758/406
f 655/758/407 654/757/407 656/759/407
f 655/758/408 656/759/408 643/744/408
f 643/744/409 656/759/409 657/760/409
f 643/744/409 657/760/409 644/745/409
f 658/761/410 659/762/410 660/763/410
f 660/763/411 659/762/411 661/764/411
f 660/763/412 661/764/412 653/756/412
f 653/756/413 661/764/413 662/765/413
f 653/756/413 662/765/413 651/754/413
f 658/761/414 660/763/414 663/766/414
f 663/766/415 660/763/415 664/767/415
f 663/766/416 664/767/416 665/768/416
f 666/769/417 564/662/417 567/665/417
f 567/665/418 564/662/418 566/664/418
f 567/665/419 566/664/419 568/666/419
f 666/769/420 667/770/420 564/662/420
f 564/662/421 667/770/421 668/771/421
f 564/662/421 668/771/421 669/772/421
f 665/768/416 664/767/416 669/772/416
f 669/772/422 664/767/422 670/773/422
f 669/772/423 670/773/423 564/662/423
f 607/705/424 608/706/424 596/694/424
f 596/694/425 608/706/425 293/708/425
f 596/694/426 293/708/426 671/774/426
f 671/774/427 293/708/427 672/775/427
f 673/776/428 674/777/428 289/778/428
f 289/778/428 674/777/428 675/779/428
f 289/778/429 675/779/429 291/780/429
f 291/780/430 675/779/430 676/781/430
f 291/780/431 676/781/431 293/708/431
f 293/708/432 676/781/432 677/782/432
f 293/708/432 677/782/432 672/775/432
f 678/783/433 679/784/433 285/785/433
f 679/784/434 680/786/434 285/785/434
f 285/785/435 680/786/435 681/787/435
f 285/785/436 681/787/436 287/788/436
f 287/788/437 681/787/437 682/789/437
f 287/788/438 682/789/438 289/778/438
f 289/778/439 682/789/439 683/790/439
f 289/778/440 683/790/440 673/776/440
f 684/791/441 685/792/441 281/793/441
f 281/793/442 685/792/442 686/794/442
f 281/793/443 686/794/443 283/795/443
f 283/795/444 686/794/444 687/796/444
f 283/795/445 687/796/445 285/785/445
f 285/785/446 687/796/446 688/797/446
f 285/785/447 688/797/447 678/783/447
f 689/798/448 690/799/448 277/800/448
f 277/800/449 690/799/449 691/801/449
f 277/800/450 691/801/450 279/802/450
f 279/802/451 691/801/451 692/803/451
f 279/804/452 692/805/452 281/806/452
f 281/807/453 692/808/453 693/809/453
f 281/793/441 693/810/441 684/791/441
f 269/811/454 694/812/454 271/813/454
f 271/813/455 694/812/455 695/814/455
f 271/813/456 695/814/456 273/815/456
f 273/815/457 695/814/457 696/816/457
f 273/815/458 696/816/458 697/817/458
f 697/817/459 698/818/459 273/815/459
f 273/815/459 698/818/459 699/819/459
f 273/815/460 699/819/460 275/820/460
f 275/820/461 699/819/461 700/821/461
f 275/820/462 700/821/462 277/800/462
f 277/800/463 700/821/463 701/822/463
f 277/800/463 701/822/463 689/798/463
f 702/823/464 703/824/464 269/811/464
f 269/811/465 703/824/465 704/825/465
f 269/811/466 704/825/466 694/812/466
f 415/505/467 705/826/467 266/506/467
f 266/506/467 705/826/467 706/827/467
f 266/506/468 706/827/468 267/828/468
f 267/828/469 706/827/469 269/811/469
f 269/811/470 706/827/470 707/829/470
f 269/811/465 707/829/465 702/823/465
f 708/830/471 709/831/471 710/832/471
f 711/833/472 299/373/472 301/394/472
f 712/834/473 713/835/473 368/836/473
f 368/836/474 713/835/474 369/837/474
f 369/837/475 713/835/475 714/838/475
f 369/837/476 714/838/476 715/839/476
f 715/839/477 716/840/477 369/837/477
f 369/837/478 716/840/478 717/841/478
f 369/837/479 717/841/479 718/842/479
f 719/843/480 720/844/480 721/845/480
f 722/846/481 723/847/481 724/848/481
f 724/848/482 723/847/482 725/849/482
f 724/848/483 725/849/483 721/845/483
f 721/845/484 725/849/484 726/850/484
f 721/845/485 726/850/485 719/843/485
f 711/833/486 301/394/486 727/851/486
f 720/844/487 727/851/487 721/845/487
f 721/845/488 727/851/488 301/394/488
f 721/845/489 301/394/489 728/852/489
f 728/852/490 301/394/490 312/395/490
f 728/852/491 312/395/491 729/853/491
f 729/853/492 312/395/492 313/396/492
f 729/853/493 313/396/493 730/854/493
f 730/854/494 313/396/494 731/855/494
f 732/856/495 733/857/495 317/858/495
f 317/858/496 733/857/496 734/859/496
f 317/858/497 734/859/497 315/398/497
f 315/398/498 734/859/498 735/860/498
f 315/398/499 735/860/499 313/396/499
f 313/396/500 735/860/500 736/861/500
f 313/396/494 736/861/494 731/855/494
f 737/862/501 738/863/501 321/864/501
f 321/864/501 738/863/501 739/865/501
f 321/864/502 739/865/502 319/866/502
f 319/866/503 739/865/503 740/867/503
f 319/866/504 740/867/504 317/858/504
f 317/858/505 740/867/505 741/868/505
f 317/858/505 741/868/505 732/856/505
f 742/869/506 743/870/506 325/871/506
f 325/871/506 743/870/506 744/872/506
f 325/871/507 744/872/507 323/873/507
f 323/873/508 744/872/508 745/874/508
f 323/873/509 745/874/509 321/864/509
f 321/864/510 745/874/510 746/875/510
f 321/864/511 746/875/511 737/862/511
f 747/876/512 329/877/512 748/878/512
f 748/878/513 329/877/513 749/879/513
f 747/876/514 750/880/514 329/877/514
f 329/877/515 750/880/515 751/881/515
f 329/877/516 751/881/516 327/882/516
f 327/883/517 751/884/517 752/885/517
f 327/883/518 752/885/518 325/871/518
f 325/871/519 752/885/519 753/886/519
f 325/871/519 753/886/519 742/869/519
f 754/887/520 755/888/520 333/889/520
f 333/889/521 755/888/521 756/890/521
f 756/890/521 757/891/521 333/889/521
f 333/889/522 757/891/522 758/892/522
f 333/889/522 758/892/522 759/893/522
f 749/879/523 329/877/523 759/893/523
f 759/893/524 329/877/524 331/894/524
f 759/893/525 331/894/525 333/889/525
f 760/895/526 761/896/526 337/897/526
f 337/897/526 761/896/526 762/898/526
f 337/897/527 762/898/527 335/899/527
f 335/899/528 762/898/528 763/900/528
f 335/899/529 763/900/529 333/889/529
f 333/889/530 763/900/530 764/901/530
f 333/889/530 764/901/530 754/887/530
f 573/671/328 578/676/328 765/902/328
f 766/903/531 341/428/531 767/904/531
f 767/904/532 341/428/532 768/905/532
f 766/903/533 769/906/533 341/428/533
f 341/428/534 769/906/534 770/907/534
f 341/428/535 770/907/535 771/908/535
f 771/908/535 772/909/535 341/428/535
f 341/428/536 772/909/536 773/910/536
f 341/428/537 773/910/537 774/911/537
f 774/911/538 775/912/538 341/428/538
f 341/428/538 775/912/538 776/913/538
f 341/428/539 776/913/539 339/426/539
f 339/426/540 776/913/540 777/914/540
f 339/426/541 777/914/541 337/897/541
f 337/897/542 777/914/542 778/915/542
f 337/897/543 778/915/543 760/895/543
f 710/832/544 709/831/544 779/916/544
f 779/916/545 709/831/545 344/917/545
f 344/917/546 709/831/546 780/918/546
f 344/917/546 780/918/546 781/919/546
f 781/919/547 782/920/547 344/917/547
f 344/917/547 782/920/547 783/921/547
f 344/917/548 783/921/548 784/922/548
f 784/922/549 785/923/549 344/917/549
f 344/917/550 785/923/550 786/924/550
f 344/917/551 786/924/551 787/925/551
f 787/925/552 788/926/552 344/917/552
f 344/917/553 788/926/553 789/927/553
f 344/917/554 789/927/554 790/928/554
f 791/929/555 792/930/555 574/672/555
f 574/672/556 792/930/556 793/931/556
f 574/672/557 793/931/557 575/673/557
f 575/673/558 793/931/558 794/932/558
f 575/673/328 794/932/328 579/677/328
f 795/933/559 796/934/559 710/832/559
f 796/934/560 797/935/560 710/832/560
f 710/832/561 797/935/561 798/936/561
f 710/832/561 798/936/561 708/830/561
f 799/937/562 800/938/562 801/939/562
f 801/939/562 800/938/562 802/940/562
f 710/832/563 803/941/563 795/933/563
f 795/933/564 803/941/564 800/938/564
f 795/933/565 800/938/565 804/942/565
f 804/942/566 800/938/566 799/937/566
f 805/943/567 806/944/567 807/945/567
f 807/945/568 806/944/568 808/946/568
f 807/945/569 808/946/569 809/947/569
f 809/947/570 808/946/570 810/948/570
f 809/947/571 810/948/571 800/938/571
f 800/938/572 810/948/572 811/949/572
f 800/938/572 811/949/572 802/940/572
f 812/950/573 813/951/573 814/952/573
f 814/952/573 813/951/573 815/953/573
f 814/952/574 815/953/574 816/954/574
f 816/954/575 815/953/575 817/955/575
f 816/956/576 817/957/576 807/945/576
f 807/945/577 817/957/577 818/958/577
f 807/945/577 818/958/577 805/943/577
f 819/959/578 820/960/578 821/961/578
f 819/959/579 821/961/579 822/962/579
f 822/962/580 821/961/580 823/963/580
f 822/962/581 823/963/581 824/964/581
f 824/964/582 823/963/582 825/965/582
f 824/964/582 825/965/582 826/966/582
f 826/966/583 827/967/583 824/964/583
f 824/964/583 827/967/583 828/968/583
f 824/964/584 828/968/584 829/969/584
f 829/969/585 828/968/585 830/970/585
f 829/969/586 830/970/586 814/952/586
f 814/952/587 830/970/587 831/971/587
f 814/952/587 831/971/587 812/950/587
f 832/972/588 819/959/588 833/973/588
f 833/973/589 819/959/589 834/974/589
f 832/972/590 835/975/590 819/959/590
f 819/959/590 835/975/590 836/976/590
f 819/959/578 836/976/578 820/960/578
f 837/977/591 838/978/591 839/979/591
f 839/979/592 838/978/592 840/980/592
f 839/979/593 840/980/593 841/981/593
f 837/977/594 842/982/594 838/978/594
f 838/978/594 842/982/594 843/983/594
f 838/978/595 843/983/595 834/974/595
f 834/974/596 843/983/596 844/984/596
f 834/974/597 844/984/597 833/973/597
f 841/981/598 840/980/598 845/985/598
f 845/985/599 840/980/599 846/986/599
f 845/985/600 846/986/600 847/987/600
f 847/987/601 846/986/601 848/988/601
f 847/987/602 848/988/602 849/989/602
f 765/902/603 850/990/603 573/671/603
f 573/671/604 850/990/604 768/905/604
f 573/671/605 768/905/605 574/672/605
f 574/672/606 768/905/606 341/428/606
f 574/672/607 341/428/607 851/991/607
f 852/992/608 712/834/608 853/993/608
f 853/993/609 712/834/609 368/836/609
f 853/993/610 368/836/610 854/994/610
f 854/994/611 368/836/611 364/995/611
f 854/994/612 364/995/612 855/996/612
f 855/996/613 364/995/613 366/997/613
f 855/996/614 366/997/614 856/998/614
f 856/998/615 366/997/615 367/999/615
f 856/998/616 367/999/616 857/1000/616
f 857/1000/617 367/999/617 362/1001/617
f 857/1000/618 362/1001/618 858/1002/618
f 858/1002/619 362/1001/619 361/1003/619
f 858/1004/620 361/1005/620 859/1006/620
f 859/1007/621 361/1008/621 359/1009/621
f 859/1010/622 359/1011/622 860/1012/622
f 860/1013/623 359/1014/623 358/1015/623
f 860/1016/624 358/1017/624 861/1018/624
f 861/1018/625 358/1017/625 356/1019/625
f 861/1018/626 356/1019/626 862/1020/626
f 862/1020/627 356/1019/627 355/1021/627
f 862/1020/628 355/1021/628 863/1022/628
f 863/1022/629 355/1021/629 353/1023/629
f 863/1022/630 353/1023/630 864/1024/630
f 864/1024/631 353/1023/631 352/1025/631
f 864/1024/632 352/1025/632 865/1026/632
f 865/1026/633 352/1025/633 350/1027/633
f 865/1026/634 350/1027/634 866/1028/634
f 866/1028/635 350/1027/635 349/1029/635
f 866/1028/636 349/1029/636 867/1030/636
f 867/1030/637 349/1029/637 347/1031/637
f 867/1030/638 347/1031/638 851/991/638
f 851/991/639 347/1031/639 345/1032/639
f 851/991/640 345/1032/640 574/672/640
f 574/672/641 345/1032/641 344/917/641
f 574/672/606 344/917/606 791/929/606
f 791/929/642 344/917/642 790/928/642
f 264/1033/643 868/1034/643 869/1035/643
f 264/338/644 869/1036/644 870/1037/644
f 871/1038/645 872/1039/645 869/1040/645
f 869/1041/646 872/1042/646 873/1043/646
f 869/1041/646 873/1043/646 870/1044/646
f 874/1045/647 875/1046/647 871/1038/647
f 871/1047/648 875/1048/648 876/1049/648
f 871/1047/648 876/1049/648 872/1050/648
f 877/1051/649 878/1052/649 874/1045/649
f 874/1053/650 878/1054/650 879/1055/650
f 874/1053/650 879/1055/650 875/1056/650
f 880/1057/651 881/1058/651 877/1051/651
f 877/1059/652 881/1060/652 882/1061/652
f 877/1059/653 882/1061/653 878/1062/653
f 883/1063/654 884/1064/654 880/1057/654
f 880/1065/655 884/1066/655 885/1067/655
f 880/1065/656 885/1067/656 881/1068/656
f 886/1069/657 887/1070/657 883/1063/657
f 883/1071/658 887/1072/658 888/1073/658
f 883/1071/659 888/1073/659 884/1074/659
f 889/1075/660 890/1076/660 886/1069/660
f 886/1077/661 890/1078/661 891/1079/661
f 886/1077/662 891/1079/662 887/1080/662
f 892/1081/663 893/1082/663 889/1075/663
f 889/1083/664 893/1084/664 894/1085/664
f 889/1083/665 894/1085/665 890/1086/665
f 895/1087/666 896/1088/666 892/1081/666
f 892/1089/667 896/1090/667 897/1091/667
f 892/1089/668 897/1091/668 893/1092/668
f 898/1093/669 899/1094/669 895/1087/669
f 895/1095/670 899/1096/670 900/1097/670
f 895/1095/671 900/1097/671 896/1098/671
f 901/1099/672 902/1100/672 903/1101/672
f 903/1102/673 902/1103/673 904/1104/673
f 903/1105/674 904/1106/674 898/1107/674
f 898/1107/675 904/1106/675 905/1108/675
f 898/1109/676 905/1110/676 899/1111/676
f 901/1099/677 903/1101/677 906/1112/677
f 906/1113/678 903/1114/678 907/1115/678
f 906/1116/679 907/1117/679 908/1118/679
f 908/1118/680 907/1117/680 909/1119/680
f 909/1120/681 907/1115/681 910/1121/681
f 909/1122/682 910/1123/682 911/1124/682
f 911/1124/682 910/1123/682 912/1125/682
f 912/1126/683 910/1121/683 913/1127/683
f 912/1128/684 913/1129/684 914/1130/684
f 914/1130/684 913/1129/684 915/1131/684
f 915/1132/685 913/1127/685 916/1133/685
f 915/1134/686 916/1135/686 917/1136/686
f 918/1137/687 343/1138/687 346/1139/687
f 918/1137/688 346/1139/688 919/1140/688
f 919/1140/689 346/1139/689 348/1141/689
f 919/1140/690 348/1141/690 920/1142/690
f 920/1142/691 348/1141/691 351/1143/691
f 920/1142/692 351/1143/692 921/1144/692
f 921/1144/693 351/1143/693 354/1145/693
f 921/1144/694 354/1145/694 922/1146/694
f 922/1146/695 354/1145/695 357/1147/695
f 922/1146/696 357/1147/696 923/1148/696
f 923/1149/697 357/1150/697 360/1151/697
f 923/1149/698 360/1151/698 924/1152/698
f 924/1152/699 360/1151/699 363/1153/699
f 924/1152/699 363/1153/699 925/1154/699
f 925/1154/700 363/1153/700 365/1155/700
f 925/1154/701 365/1155/701 926/1156/701
f 926/1156/479 365/1155/479 370/1157/479
f 926/1156/479 370/1157/479 927/1158/479
f 927/1158/702 370/1157/702 373/1159/702
f 927/1158/703 373/1159/703 928/1160/703
f 928/1160/704 373/1159/704 376/1161/704
f 928/1160/704 376/1161/704 929/1162/704
f 929/1162/705 376/1161/705 379/1163/705
f 929/1162/706 379/1163/706 930/1164/706
f 930/1164/707 379/1163/707 382/1165/707
f 930/1164/708 382/1165/708 931/1166/708
f 931/1166/709 382/1165/709 385/1167/709
f 931/1166/710 385/1167/710 932/1168/710
f 932/1168/711 385/1167/711 388/1169/711
f 932/1168/712 388/1169/712 933/1170/712
f 933/1171/713 388/1172/713 392/1173/713
f 933/1171/714 392/1173/714 934/1174/714
f 934/1174/715 392/1173/715 395/1175/715
f 934/1174/716 395/1175/716 935/1176/716
f 936/1177/717 937/1178/717 938/1179/717
f 938/1180/718 937/1181/718 939/1182/718
f 938/1183/719 939/1184/719 940/1185/719
f 936/1177/720 938/1179/720 941/1186/720
f 941/1187/721 938/1188/721 942/1189/721
f 941/1190/722 942/1191/722 943/1192/722
f 943/1192/723 942/1191/723 944/1193/723
f 944/1194/724 942/1189/724 945/1195/724
f 944/1196/725 945/1197/725 946/1198/725
f 946/1198/726 945/1197/726 947/1199/726
f 947/1200/727 945/1195/727 948/1201/727
f 947/1202/728 948/1203/728 949/1204/728
f 949/1204/729 948/1203/729 950/1205/729
f 950/1206/730 948/1201/730 951/1207/730
f 950/1208/731 951/1209/731 952/1210/731
f 952/1210/732 951/1209/732 953/1211/732
f 953/1212/733 951/1207/733 954/1213/733
f 953/1214/734 954/1215/734 955/1216/734
f 955/1216/735 954/1215/735 956/1217/735
f 956/1218/736 954/1213/736 957/1219/736
f 956/1072/737 957/1220/737 958/1221/737
f 958/1221/737 957/1220/737 959/1222/737
f 959/1223/738 957/1219/738 960/1224/738
f 959/1225/739 960/1226/739 961/1227/739
f 962/1228/740 963/1229/740 964/1230/740
f 964/1230/741 963/1229/741 965/1231/741
f 964/1230/742 965/1231/742 966/1232/742
f 966/1232/743 965/1231/743 967/1233/743
f 967/1233/744 965/1231/744 968/1234/744
f 967/1233/745 968/1234/745 969/1235/745
f 970/1236/746 971/1237/746 972/1238/746
f 972/1238/747 971/1237/747 973/1239/747
f 970/1236/748 972/1238/748 974/1240/748
f 974/1240/749 972/1238/749 975/1241/749
f 974/1242/750 975/1243/750 976/1244/750
f 974/1242/751 976/1244/751 977/1245/751
f 971/1237/479 969/1235/479 973/1239/479
f 973/1239/479 969/1235/479 968/1234/479
f 961/1227/752 960/1226/752 978/1246/752
f 978/1246/753 960/1226/753 979/1247/753
f 978/1246/754 979/1247/754 980/1248/754
f 980/1248/755 979/1247/755 981/1249/755
f 981/1249/756 979/1247/756 982/1250/756
f 981/1249/757 982/1250/757 983/1251/757
f 984/1252/758 985/1253/758 986/1254/758
f 986/1254/758 985/1253/758 987/1255/758
f 984/1252/759 986/1254/759 988/1256/759
f 988/1256/760 986/1254/760 989/1257/760
f 988/1258/761 989/1259/761 990/1260/761
f 988/1258/762 990/1260/762 310/1261/762
f 985/1253/763 983/1251/763 987/1255/763
f 987/1255/763 983/1251/763 982/1250/763
f 310/1262/764 990/1263/764 991/1264/764
f 310/391/765 991/1265/765 308/388/765
f 992/1266/766 316/1267/766 991/1268/766
f 991/1269/767 316/1270/767 314/1271/767
f 991/1269/767 314/1271/767 308/1272/767
f 993/1273/768 320/1274/768 992/1266/768
f 992/1275/769 320/1276/769 318/1277/769
f 992/1275/769 318/1277/769 316/1278/769
f 994/1279/770 324/1280/770 993/1273/770
f 993/1281/771 324/1282/771 322/1283/771
f 993/1281/771 322/1283/771 320/1284/771
f 995/1285/772 328/1286/772 994/1279/772
f 994/1287/773 328/1288/773 326/1289/773
f 994/1287/773 326/1289/773 324/1290/773
f 996/1291/774 332/1292/774 995/1285/774
f 995/1293/775 332/1294/775 330/1295/775
f 995/1293/775 330/1295/775 328/1296/775
f 997/1297/776 336/1298/776 996/1291/776
f 996/1299/777 336/1300/777 334/1301/777
f 996/1299/777 334/1301/777 332/1302/777
f 998/1303/778 999/1304/778 1000/1305/778
f 1000/1306/779 999/1307/779 342/1308/779
f 1000/1309/780 342/429/780 1001/1310/780
f 1001/1310/781 342/429/781 340/427/781
f 1001/1311/782 340/1312/782 997/1297/782
f 997/1313/783 340/1314/783 338/1315/783
f 997/1313/783 338/1315/783 336/1316/783
f 998/1303/778 1000/1305/778 1002/1317/778
f 1002/1318/784 1000/1319/784 1003/1320/784
f 1002/1321/785 1003/1322/785 1004/1323/785
f 1004/1323/785 1003/1322/785 1005/1324/785
f 1005/1325/786 1003/1320/786 1006/1326/786
f 1005/1327/787 1006/1328/787 1007/1329/787
f 1007/1329/788 1006/1328/788 1008/1330/788
f 1008/1331/789 1006/1326/789 1009/1332/789
f 1008/1333/790 1009/1334/790 1010/1335/790
f 1010/1335/790 1009/1334/790 1011/1336/790
f 1011/1337/791 1009/1332/791 1012/1338/791
f 1011/1339/792 1012/1340/792 1013/1341/792
f 1013/1341/792 1012/1340/792 1014/1342/792
f 1014/1343/793 1012/1338/793 1015/1344/793
f 1014/1345/794 1015/1346/794 1016/1347/794
f 1016/1347/794 1015/1346/794 1017/1348/794
f 1017/1349/795 1015/1344/795 1018/1350/795
f 1017/1351/796 1018/1352/796 1019/1353/796
f 1019/1353/796 1018/1352/796 1020/1354/796
f 1020/1355/797 1018/1350/797 963/1356/797
f 1020/1357/798 963/1229/798 962/1228/798
f 1021/1358/799 1022/1359/799 1023/1360/799
f 1023/1361/800 1022/1362/800 977/1363/800
f 1023/1364/801 977/1365/801 976/1086/801
f 1021/1358/799 1023/1360/799 1024/1366/799
f 1024/1367/802 1023/1368/802 1025/1369/802
f 1024/1370/803 1025/1371/803 1026/1372/803
f 1026/1372/804 1025/1371/804 1027/1373/804
f 1027/1374/805 1025/1369/805 1028/1375/805
f 1027/1376/806 1028/1377/806 1029/1378/806
f 1029/1378/807 1028/1377/807 1030/1379/807
f 1030/1380/808 1028/1375/808 1031/1381/808
f 1030/1382/809 1031/1383/809 1032/1384/809
f 1032/1384/810 1031/1383/810 1033/1385/810
f 1033/1386/811 1031/1381/811 1034/1387/811
f 1033/1388/812 1034/1389/812 1035/1390/812
f 1035/1390/813 1034/1389/813 1036/1391/813
f 1036/1392/814 1034/1387/814 1037/1393/814
f 1036/1394/815 1037/1395/815 1038/1396/815
f 1038/1396/815 1037/1395/815 1039/1397/815
f 1039/1398/816 1037/1393/816 1040/1399/816
f 1039/1400/817 1040/1401/817 1041/1402/817
f 1041/1402/818 1040/1401/818 1042/1403/818
f 1042/1404/819 1040/1399/819 940/1405/819
f 1042/1406/820 940/1185/820 939/1184/820
f 935/1176/821 395/1175/821 1043/1407/821
f 935/1176/822 1043/1407/822 1044/1408/822
f 1044/1408/823 1043/1407/823 1045/1409/823
f 1044/1408/824 1045/1409/824 1046/1410/824
f 1046/1410/825 1045/1409/825 1047/1411/825
f 1046/1410/826 1047/1411/826 1048/1412/826
f 1048/1412/827 1047/1411/827 1049/1413/827
f 1048/1412/828 1049/1413/828 1050/1414/828
f 1050/1414/829 1049/1413/829 1051/1415/829
f 1050/1414/830 1051/1415/830 1052/1416/830
f 1052/1416/831 1051/1415/831 1053/1417/831
f 1052/1416/832 1053/1417/832 1054/1418/832
f 1054/1419/833 1053/1420/833 1055/1421/833
f 1054/1419/833 1055/1421/833 1056/1422/833
f 1056/1422/834 1055/1421/834 1057/1423/834
f 1056/1422/835 1057/1423/835 1058/1424/835
f 1058/1424/763 1057/1423/763 1059/1425/763
f 1058/1424/763 1059/1425/763 1060/1426/763
f 1060/1426/836 1059/1425/836 1061/1427/836
f 1060/1426/837 1061/1427/837 1062/1428/837
f 1062/1428/838 1061/1427/838 1063/1429/838
f 1062/1428/838 1063/1429/838 1064/1430/838
f 1064/1430/839 1063/1429/839 1065/1431/839
f 1064/1430/840 1065/1431/840 1066/1432/840
f 1066/1432/841 1065/1431/841 1067/1433/841
f 1066/1432/842 1067/1433/842 1068/1434/842
f 1068/1435/843 1067/1436/843 1069/1437/843
f 1068/1435/844 1069/1437/844 1070/1438/844
f 1070/1438/845 1069/1437/845 1071/1439/845
f 1070/1438/846 1071/1439/846 1072/1440/846
f 1072/1440/847 1071/1439/847 1073/1441/847
f 1072/1440/848 1073/1441/848 1074/1442/848
f 1074/1442/849 1073/1441/849 343/1138/849
f 1074/1442/850 343/1138/850 918/1137/850
f 1075/1443/851 1076/1444/851 1077/1445/851
f 1077/1445/852 1076/1444/852 1078/1446/852
f 1075/1443/853 1077/1445/853 1079/1447/853
f 1079/1447/854 1077/1445/854 1080/1448/854
f 1079/1447/855 1080/1448/855 1081/1449/855
f 1079/1447/856 1081/1449/856 262/1450/856
f 1082/1451/857 1083/1452/857 1084/1453/857
f 1084/1453/858 1083/1452/858 1085/1454/858
f 1084/1453/859 1085/1454/859 1086/1455/859
f 1086/1455/860 1085/1454/860 1087/1456/860
f 1087/1456/861 1085/1454/861 1088/1457/861
f 1087/1456/862 1088/1457/862 1089/1458/862
f 1076/1444/345 1089/1458/345 1078/1446/345
f 1078/1446/345 1089/1458/345 1088/1457/345
f 1090/1459/863 1091/1460/863 1092/1461/863
f 1092/1461/864 1091/1460/864 1093/1462/864
f 1090/1459/865 1092/1461/865 1094/1463/865
f 1094/1463/866 1092/1461/866 1095/1464/866
f 1094/1463/867 1095/1464/867 1096/1465/867
f 1094/1463/868 1096/1465/868 1097/1466/868
f 1091/1460/869 1098/1467/869 1093/1462/869
f 1093/1462/869 1098/1467/869 1099/1468/869
f 917/1136/870 916/1135/870 1100/1469/870
f 1100/1469/871 916/1135/871 1101/1470/871
f 1100/1469/872 1101/1470/872 1102/1471/872
f 1102/1471/873 1101/1470/873 1103/1472/873
f 1103/1472/874 1101/1470/874 1099/1468/874
f 1103/1472/875 1099/1468/875 1098/1467/875
f 1104/1473/876 1105/1474/876 1106/1475/876
f 1106/1476/877 1105/1477/877 1097/1478/877
f 1106/1479/878 1097/1466/878 1096/1465/878
f 1104/1473/876 1106/1475/876 1107/1480/876
f 1107/1481/879 1106/1482/879 1108/1483/879
f 1107/1484/880 1108/1485/880 1109/1486/880
f 1109/1486/880 1108/1485/880 1110/1487/880
f 1110/1488/881 1108/1483/881 1111/1489/881
f 1110/1490/882 1111/1491/882 1112/1492/882
f 1112/1492/882 1111/1491/882 1113/1493/882
f 1113/1494/883 1111/1489/883 1114/1495/883
f 1113/1496/884 1114/1497/884 1115/1498/884
f 1115/1498/885 1114/1497/885 1116/1499/885
f 1116/1500/886 1114/1495/886 1117/1501/886
f 1116/1502/887 1117/1503/887 1118/1504/887
f 1118/1504/888 1117/1503/888 1119/1505/888
f 1119/1506/889 1117/1501/889 1120/1507/889
f 1119/1508/890 1120/1509/890 1121/1510/890
f 1121/1510/890 1120/1509/890 1122/1511/890
f 1122/1512/891 1120/1507/891 1123/1513/891
f 1122/1514/892 1123/1515/892 1124/1516/892
f 1124/1516/892 1123/1515/892 1125/1517/892
f 1125/1518/893 1123/1513/893 1083/1519/893
f 1125/1520/894 1083/1452/894 1082/1451/894
f 292/1521/895 260/1522/895 1126/1523/895
f 1126/1524/896 260/334/896 262/336/896
f 1126/1525/897 262/1450/897 1081/1449/897
f 292/1521/895 1126/1523/895 290/1526/895
f 290/1527/898 1126/1528/898 1127/1529/898
f 290/1530/899 1127/1531/899 288/1532/899
f 288/1532/899 1127/1531/899 286/1533/899
f 286/1534/900 1127/1529/900 1128/1535/900
f 286/1536/901 1128/1537/901 284/1538/901
f 284/1538/902 1128/1537/902 282/1539/902
f 282/1540/903 1128/1535/903 1129/1541/903
f 282/1542/904 1129/1543/904 280/1544/904
f 280/1544/904 1129/1543/904 278/1545/904
f 278/1546/905 1129/1541/905 1130/1547/905
f 278/1548/906 1130/1549/906 276/1550/906
f 276/1550/907 1130/1549/907 274/1551/907
f 274/1552/908 1130/1547/908 1131/1553/908
f 274/1554/909 1131/1555/909 272/1556/909
f 272/1556/910 1131/1555/910 270/1557/910
f 270/1558/911 1131/1553/911 1132/1559/911
f 270/1560/912 1132/1561/912 268/1562/912
f 268/1562/912 1132/1561/912 263/1563/912
f 263/1564/913 1132/1559/913 868/1565/913
f 263/1566/914 868/1034/914 264/1033/914
f 393/1567/915 391/1568/915 478/574/915
f 849/989/916 848/988/916 1133/1569/916
f 1133/1569/917 848/988/917 1134/1570/917
f 1135/1571/918 1136/1572/918 1137/1573/918
f 1137/1573/919 1136/1572/919 1138/1574/919
f 1137/1573/920 1138/1574/920 1139/1575/920
f 1139/1575/921 1138/1574/921 1140/1576/921
f 1139/1575/922 1140/1576/922 1134/1570/922
f 1134/1570/923 1140/1576/923 1141/1577/923
f 1134/1570/923 1141/1577/923 1133/1569/923
f 1142/1578/924 1143/1579/924 1144/1580/924
f 1144/1580/924 1143/1579/924 1145/1581/924
f 1144/1580/925 1145/1581/925 1146/1582/925
f 1146/1582/926 1145/1581/926 1147/1583/926
f 1147/1583/926 1148/1584/926 1146/1582/926
f 1146/1582/927 1148/1584/927 1149/1585/927
f 1146/1582/928 1149/1585/928 1137/1573/928
f 1137/1573/929 1149/1585/929 1150/1586/929
f 1137/1573/918 1150/1586/918 1135/1571/918
f 1151/1587/930 1152/1588/930 1153/1589/930
f 1153/1589/930 1152/1588/930 1154/1590/930
f 1153/1589/931 1154/1590/931 1155/1591/931
f 1155/1592/932 1154/1593/932 1156/1594/932
f 1155/1592/933 1156/1594/933 1144/1580/933
f 1144/1580/934 1156/1594/934 1157/1595/934
f 1144/1580/935 1157/1595/935 1142/1578/935
f 1158/1596/936 1159/1597/936 1160/1598/936
f 1160/1598/937 1159/1597/937 1161/1599/937
f 1161/1599/938 1159/1597/938 1162/1600/938
f 1161/1599/939 1162/1600/939 1153/1589/939
f 1153/1589/940 1162/1600/940 1163/1601/940
f 1153/1602/941 1163/1603/941 1151/1604/941
f 1164/1605/942 1165/1606/942 1166/1607/942
f 1166/1607/942 1165/1606/942 1167/1608/942
f 1166/1607/943 1167/1608/943 1168/1609/943
f 1169/1610/944 1170/1611/944 1160/1598/944
f 1160/1598/944 1170/1611/944 1171/1612/944
f 1160/1598/936 1171/1612/936 1158/1596/936
f 1169/1610/945 1160/1598/945 1168/1609/945
f 1168/1609/946 1160/1598/946 1172/1613/946
f 1168/1609/947 1172/1613/947 1166/1607/947
f 1173/1614/948 1174/1615/948 1175/1616/948
f 1175/1616/949 1176/1617/949 1173/1614/949
f 1173/1614/950 1176/1617/950 1177/1618/950
f 1173/1614/951 1177/1618/951 1178/1619/951
f 1164/1605/952 1166/1607/952 1178/1619/952
f 1178/1619/953 1166/1607/953 1179/1620/953
f 1178/1619/954 1179/1620/954 1173/1614/954
f 1174/1615/955 1173/1614/955 1180/1621/955
f 1180/1621/956 1173/1614/956 1181/1622/956
f 1180/1621/957 1181/1622/957 1182/1623/957
f 1182/1623/958 1181/1622/958 1183/1624/958
f 1182/1623/959 1183/1624/959 1184/1625/959
f 477/573/237 475/571/237 1185/1626/237
f 1186/1627/960 394/1628/960 1187/1629/960
f 1187/1629/961 394/1628/961 1188/1630/961
f 1186/1627/962 1189/1631/962 394/1628/962
f 394/1628/963 1189/1631/963 1190/1632/963
f 394/1628/964 1190/1632/964 1191/1633/964
f 1191/1633/965 1192/1634/965 394/1628/965
f 394/1628/966 1192/1634/966 1193/1635/966
f 394/1628/967 1193/1635/967 1194/1636/967
f 1194/1636/968 1195/1637/968 394/1628/968
f 394/1628/969 1195/1637/969 1196/1638/969
f 394/1628/970 1196/1638/970 1197/1639/970
f 1197/1639/971 1196/1638/971 1198/1640/971
f 1197/1639/972 1198/1640/972 1183/1624/972
f 1183/1624/973 1198/1640/973 1199/1641/973
f 1183/1624/959 1199/1641/959 1184/1625/959
f 1200/1642/974 1201/1643/974 1202/1644/974
f 1201/1643/975 1203/1645/975 1202/1644/975
f 1202/1644/976 1203/1645/976 1204/1646/976
f 1202/1644/976 1204/1646/976 1205/1647/976
f 1205/1647/977 1206/1648/977 1202/1644/977
f 1202/1644/978 1206/1648/978 1207/1649/978
f 1202/1644/979 1207/1649/979 1208/1650/979
f 1208/1650/980 1209/1651/980 1202/1644/980
f 1202/1644/981 1209/1651/981 1210/1652/981
f 1202/1644/982 1210/1652/982 1211/1653/982
f 1211/1653/983 1212/1654/983 1202/1644/983
f 1202/1644/984 1212/1654/984 1213/1655/984
f 1202/1644/985 1213/1655/985 478/574/985
f 1213/1655/986 1214/1656/986 478/574/986
f 478/574/986 1214/1656/986 1215/1657/986
f 478/574/987 1215/1657/987 476/572/987
f 476/572/988 1215/1657/988 1216/1658/988
f 476/572/237 1216/1658/237 482/578/237
f 1217/1659/989 1218/1660/989 1219/1661/989
f 1219/1661/990 1218/1660/990 1220/1662/990
f 1219/1661/991 1220/1662/991 1221/1663/991
f 1202/1644/992 1222/1664/992 1200/1642/992
f 1200/1642/993 1222/1664/993 1219/1661/993
f 1200/1642/994 1219/1661/994 1223/1665/994
f 1223/1665/994 1219/1661/994 1221/1663/994
f 1224/1666/995 1225/1667/995 1226/1668/995
f 1226/1668/996 1225/1667/996 1227/1669/996
f 1227/1669/997 1228/1670/997 1226/1668/997
f 1226/1668/998 1228/1670/998 1229/1671/998
f 1226/1668/999 1229/1671/999 1230/1672/999
f 1219/1661/1000 1231/1673/1000 1217/1659/1000
f 1217/1659/1001 1231/1673/1001 1226/1668/1001
f 1217/1659/1002 1226/1668/1002 1232/1674/1002
f 1232/1674/1003 1226/1668/1003 1230/1672/1003
f 1226/1668/1004 1233/1675/1004 1224/1666/1004
f 1224/1666/1005 1233/1675/1005 1234/1676/1005
f 1224/1666/1006 1234/1676/1006 1235/1677/1006
f 1235/1677/1006 1234/1676/1006 1236/1678/1006
f 1237/1679/1007 1238/1680/1007 1239/1681/1007
f 1239/1681/1007 1238/1680/1007 1240/1682/1007
f 1239/1681/1008 1240/1682/1008 1241/1683/1008
f 1241/1683/1009 1240/1682/1009 1242/1684/1009
f 1241/1683/1010 1242/1684/1010 1234/1676/1010
f 1234/1676/1011 1242/1684/1011 1243/1685/1011
f 1234/1676/1011 1243/1685/1011 1236/1678/1011
f 1244/1686/1012 1245/1687/1012 1246/1688/1012
f 1245/1689/1013 1247/1690/1013 1246/1691/1013
f 1246/1691/1013 1247/1690/1013 1248/1692/1013
f 1246/1693/1014 1248/1694/1014 1249/1695/1014
f 1249/1696/1015 1248/1692/1015 1250/1697/1015
f 1249/1696/1016 1250/1697/1016 1239/1681/1016
f 1239/1681/1017 1250/1697/1017 1251/1698/1017
f 1239/1681/1018 1251/1698/1018 1237/1679/1018
f 1252/1699/1019 1253/1700/1019 1254/1701/1019
f 1254/1701/1020 1253/1700/1020 1255/1702/1020
f 1252/1699/1021 1256/1703/1021 1253/1700/1021
f 1253/1700/1022 1256/1703/1022 1257/1704/1022
f 1253/1700/1023 1257/1704/1023 1258/1705/1023
f 1258/1705/1024 1257/1704/1024 1259/1706/1024
f 1258/1705/1025 1259/1706/1025 1246/1688/1025
f 1246/1688/1026 1259/1706/1026 1260/1707/1026
f 1246/1688/1027 1260/1707/1027 1244/1686/1027
f 1261/1708/1028 1262/1709/1028 1263/1710/1028
f 1264/1711/1029 1265/1712/1029 1266/1713/1029
f 1266/1713/1030 1265/1712/1030 1261/1708/1030
f 1266/1713/1031 1261/1708/1031 1267/1714/1031
f 1267/1714/1032 1261/1708/1032 1263/1710/1032
f 1264/1711/1033 1268/1715/1033 1265/1712/1033
f 1265/1712/1033 1268/1715/1033 1269/1716/1033
f 1265/1712/1034 1269/1716/1034 1255/1702/1034
f 1255/1702/1035 1269/1716/1035 1270/1717/1035
f 1255/1702/1036 1270/1717/1036 1254/1701/1036
f 1262/1709/1037 1271/1718/1037 1272/1719/1037
f 1262/1709/1038 1272/1719/1038 1263/1710/1038
f 1263/1710/1039 1272/1719/1039 1273/1720/1039
f 1263/1710/1040 1273/1720/1040 1274/1721/1040
f 1274/1721/1041 1275/1722/1041 1263/1710/1041
f 1263/1710/1042 1275/1722/1042 1276/1723/1042
f 1263/1710/1043 1276/1723/1043 722/846/1043
f 722/846/1044 1276/1723/1044 1277/1724/1044
f 722/846/763 1277/1724/763 723/847/763
f 369/837/1045 718/842/1045 371/1725/1045
f 371/1725/1046 718/842/1046 1278/1726/1046
f 1278/1726/1047 1279/1727/1047 371/1725/1047
f 371/1725/1048 1279/1727/1048 1280/1728/1048
f 371/1725/1048 1280/1728/1048 1281/1729/1048
f 1282/1730/1049 1283/1731/1049 1284/1732/1049
f 1284/1732/1050 1283/1731/1050 1285/1733/1050
f 1185/1626/1051 1286/1734/1051 477/573/1051
f 477/573/1052 1286/1734/1052 1188/1630/1052
f 477/573/1053 1188/1630/1053 478/574/1053
f 478/574/1054 1188/1630/1054 394/1628/1054
f 478/574/1055 394/1628/1055 393/1567/1055
f 1281/1729/1056 1285/1733/1056 371/1725/1056
f 371/1725/1057 1285/1733/1057 1283/1731/1057
f 371/1725/1058 1283/1731/1058 372/1735/1058
f 372/1735/1059 1283/1731/1059 1287/1736/1059
f 372/1735/1060 1287/1736/1060 374/1737/1060
f 374/1737/1061 1287/1736/1061 1288/1738/1061
f 374/1737/1062 1288/1738/1062 375/1739/1062
f 375/1739/1063 1288/1738/1063 1289/1740/1063
f 375/1739/1064 1289/1740/1064 377/1741/1064
f 377/1741/1065 1289/1740/1065 1290/1742/1065
f 377/1741/1066 1290/1742/1066 378/1743/1066
f 378/1743/1067 1290/1742/1067 1291/1744/1067
f 378/1743/1068 1291/1744/1068 380/1745/1068
f 380/1745/1069 1291/1744/1069 1292/1746/1069
f 380/1745/1070 1292/1746/1070 381/1747/1070
f 381/1747/1071 1292/1746/1071 1293/1748/1071
f 381/1747/1072 1293/1748/1072 383/1749/1072
f 383/1749/1073 1293/1748/1073 1294/1750/1073
f 383/1749/1074 1294/1750/1074 384/1751/1074
f 384/1751/1075 1294/1750/1075 1295/1752/1075
f 384/1751/1076 1295/1752/1076 386/1753/1076
f 386/1753/1077 1295/1752/1077 1296/1754/1077
f 386/1753/1078 1296/1754/1078 387/1755/1078
f 387/1755/1079 1296/1754/1079 1297/1756/1079
f 387/1755/1080 1297/1756/1080 389/1757/1080
f 389/1757/1081 1297/1756/1081 1298/1758/1081
f 389/1757/1082 1298/1758/1082 390/1759/1082
f 390/1759/1083 1298/1758/1083 1299/1760/1083
f 390/1761/1084 1299/1762/1084 391/1568/1084
f 391/1568/1085 1299/1762/1085 1300/1763/1085
f 391/1568/1086 1300/1763/1086 478/574/1086
f 478/574/1087 1300/1763/1087 1301/1764/1087
f 478/574/820 1301/1764/820 1202/1644/820
f 1302/1765/1088 1303/1766/1088 1304/1767/1088
f 1304/1767/1088 1303/1766/1088 1305/1768/1088
f 1306/1769/1089 969/1235/1089 971/1237/1089
f 1307/1770/1090 1308/1771/1090 1309/1772/1090
f 1310/1773/1089 971/1237/1089 1307/1770/1089
f 1311/1774/1091 1312/1775/1091 1310/1773/1091
f 1310/1773/1092 1312/1775/1092 1313/1776/1092
f 1310/1773/1093 1313/1776/1093 1314/1777/1093
f 1310/1773/1089 1315/1778/1089 971/1237/1089
f 971/1237/1090 1315/1778/1090 1316/1779/1090
f 971/1237/1094 1316/1779/1094 1306/1769/1094
f 1307/1770/1092 1309/1772/1092 1310/1773/1092
f 1310/1773/1089 1309/1772/1089 1317/1780/1089
f 1310/1773/1092 1317/1780/1092 1311/1774/1092
f 1318/1781/1095 1319/1782/1095 1320/1783/1095
f 1320/1783/1095 1319/1782/1095 1321/1784/1095
f 311/1785/1095 1322/1786/1095 306/1787/1095
f 306/1787/1095 1322/1786/1095 1323/1788/1095
f 1324/1789/1096 983/1251/1096 985/1253/1096
f 1325/1790/1096 1326/1791/1096 1327/1792/1096
f 1328/1793/1096 985/1253/1096 1325/1790/1096
f 1329/1794/1097 1330/1795/1097 1328/1793/1097
f 1328/1793/1098 1330/1795/1098 1331/1796/1098
f 1328/1793/1099 1331/1796/1099 1332/1797/1099
f 1328/1793/1100 1333/1798/1100 985/1253/1100
f 985/1253/1096 1333/1798/1096 1334/1799/1096
f 985/1253/1101 1334/1799/1101 1324/1789/1101
f 1325/1790/1098 1327/1792/1098 1328/1793/1098
f 1328/1793/1096 1327/1792/1096 1335/1800/1096
f 1328/1793/1096 1335/1800/1096 1329/1794/1096
f 1336/1801/1088 1337/1802/1088 1338/1803/1088
f 1338/1803/1088 1337/1802/1088 1339/1804/1088
f 253/1805/1102 1340/1806/1102 254/1807/1102
f 254/1807/1102 1340/1806/1102 1341/1808/1102
f 1342/1809/1103 1343/1810/1103 1344/1811/1103
f 1344/1811/1103 1343/1810/1103 1345/1812/1103
f 1346/1813/1104 1089/1458/1104 1076/1444/1104
f 1347/1814/1105 1348/1815/1105 1349/1816/1105
f 1350/1817/1106 1076/1444/1106 1347/1814/1106
f 1351/1818/1107 1352/1819/1107 1350/1817/1107
f 1350/1817/1106 1352/1819/1106 1353/1820/1106
f 1350/1817/1108 1353/1820/1108 1354/1821/1108
f 1350/1817/1104 1355/1822/1104 1076/1444/1104
f 1076/1444/1104 1355/1822/1104 1356/1823/1104
f 1076/1444/1104 1356/1823/1104 1346/1813/1104
f 1347/1814/1106 1349/1816/1106 1350/1817/1106
f 1350/1817/1109 1349/1816/1109 1357/1824/1109
f 1350/1817/1106 1357/1824/1106 1351/1818/1106
f 1358/1825/1104 1359/1826/1104 1360/1827/1104
f 1360/1827/1104 1359/1826/1104 1361/1828/1104
f 1362/1829/1110 1363/1830/1110 1364/1831/1110
f 1364/1831/1110 1363/1830/1110 1365/1832/1110
f 1366/1833/1102 1098/1467/1102 1091/1460/1102
f 1367/1834/1111 1368/1835/1111 1369/1836/1111
f 1370/1837/1102 1091/1460/1102 1367/1834/1102
f 1371/1838/1111 1372/1839/1111 1370/1837/1111
f 1370/1837/1112 1372/1839/1112 1373/1840/1112
f 1370/1837/1113 1373/1840/1113 1374/1841/1113
f 1370/1837/1111 1375/1842/1111 1091/1460/1111
f 1091/1460/1102 1375/1842/1102 1376/1843/1102
f 1091/1460/1114 1376/1843/1114 1366/1833/1114
f 1367/1834/1111 1369/1836/1111 1370/1837/1111
f 1370/1837/1102 1369/1836/1102 1377/1844/1102
f 1370/1837/1102 1377/1844/1102 1371/1838/1102
f 1378/1845/1115 1379/1846/1115 1380/1847/1115
f 1380/1847/1116 1381/1848/1116 1378/1845/1116
f 1378/1845/1117 1381/1848/1117 1382/1849/1117
f 1378/1845/1118 1382/1849/1118 1383/1850/1118
f 1383/1850/1118 1382/1849/1118 1384/1851/1118
f 1384/1851/1119 1382/1849/1119 1385/1852/1119
f 1384/1851/1120 1385/1852/1120 1386/1853/1120
f 1386/1853/1121 1387/1854/1121 1388/1855/1121
f 1388/1855/1122 1387/1854/1122 1389/1856/1122
f 1390/1857/1123 1391/1858/1123 1392/1859/1123
f 1392/1859/1124 1391/1858/1124 1393/1860/1124
f 1392/1859/1125 1393/1860/1125 1387/1854/1125
f 1387/1854/1126 1393/1860/1126 1394/1861/1126
f 1387/1854/1126 1394/1861/1126 1389/1856/1126
f 1395/1862/1127 1396/1863/1127 1397/1864/1127
f 1397/1864/1128 1396/1863/1128 1398/1865/1128
f 1397/1864/1129 1398/1865/1129 1392/1859/1129
f 1392/1859/1130 1398/1865/1130 1399/1866/1130
f 1392/1859/1124 1399/1866/1124 1390/1857/1124
f 1395/1862/1131 1397/1864/1131 1400/1867/1131
f 1400/1867/1132 1397/1864/1132 1401/1868/1132
f 1400/1867/1133 1401/1868/1133 1402/1869/1133
f 1403/1870/1134 1404/1871/1134 1401/1868/1134
f 1401/1868/1135 1404/1871/1135 1405/1872/1135
f 1401/1868/1136 1405/1872/1136 1402/1869/1136
f 1406/1873/1137 1407/1874/1137 1403/1870/1137
f 1403/1870/1138 1407/1874/1138 1408/1875/1138
f 1403/1870/1139 1408/1875/1139 1404/1871/1139
f 1409/1876/1140 1410/1877/1140 1411/1878/1140
f 1411/1879/1141 1410/1880/1141 1412/1881/1141
f 1413/1882/1142 1414/1883/1142 1415/1884/1142
f 1415/1884/1143 1414/1883/1143 1410/1877/1143
f 1410/1880/1141 1414/1885/1141 1416/1886/1141
f 1410/1880/1144 1416/1886/1144 1412/1881/1144
f 1417/1887/1145 1418/1888/1145 1419/1889/1145
f 1420/1890/1146 1421/1891/1146 1422/1892/1146
f 1422/1892/1147 1421/1891/1147 1423/1893/1147
f 1422/1892/1148 1423/1893/1148 1417/1887/1148
f 1417/1887/1145 1423/1893/1145 1424/1894/1145
f 1417/1887/1149 1424/1894/1149 1418/1888/1149
f 1420/1890/1150 1422/1892/1150 1425/1895/1150
f 1425/1895/1151 1422/1892/1151 1426/1896/1151
f 1425/1895/1152 1426/1896/1152 1427/1897/1152
f 1428/1898/1153 1429/1899/1153 1426/1896/1153
f 1426/1896/1152 1429/1899/1152 1430/1900/1152
f 1426/1896/1154 1430/1900/1154 1427/1897/1154
f 1431/1901/1155 1432/1902/1155 1433/1903/1155
f 1434/1904/1156 1433/1903/1156 1435/1905/1156
f 1435/1905/1157 1433/1903/1157 1436/1906/1157
f 1434/1904/1157 1437/1907/1157 1433/1903/1157
f 1433/1908/1158 1437/1909/1158 1438/1910/1158
f 1433/1908/1159 1438/1910/1159 1431/1911/1159
f 1419/1889/1145 1413/1882/1145 1417/1887/1145
f 1417/1887/1160 1413/1882/1160 1415/1884/1160
f 1417/1887/1161 1415/1884/1161 1422/1892/1161
f 1422/1892/1162 1415/1884/1162 1439/1912/1162
f 1422/1892/1163 1439/1912/1163 1426/1896/1163
f 1426/1896/1164 1439/1912/1164 1432/1902/1164
f 1426/1896/1165 1432/1902/1165 1428/1898/1165
f 1428/1898/1166 1432/1902/1166 1431/1901/1166
f 1385/1852/1167 1440/1913/1167 1386/1853/1167
f 1386/1853/1167 1440/1913/1167 1436/1914/1167
f 1386/1853/1168 1436/1914/1168 1387/1854/1168
f 1387/1854/1169 1436/1914/1169 1433/1915/1169
f 1387/1854/1170 1433/1915/1170 1392/1859/1170
f 1392/1859/1171 1433/1915/1171 1432/1916/1171
f 1392/1859/1172 1432/1916/1172 1397/1864/1172
f 1397/1864/1173 1432/1916/1173 1439/1917/1173
f 1397/1864/1174 1439/1917/1174 1401/1868/1174
f 1401/1868/1175 1439/1917/1175 1415/1918/1175
f 1401/1868/1176 1415/1918/1176 1403/1870/1176
f 1403/1870/1177 1415/1918/1177 1410/1919/1177
f 1403/1870/1178 1410/1919/1178 1406/1873/1178
f 1406/1873/1179 1410/1919/1179 1409/1920/1179
f 1406/1873/1180 1409/1920/1180 1441/1921/1180
f 1441/1921/1181 1409/1920/1181 1442/1922/1181
f 1441/1921/1182 1442/1922/1182 1443/1923/1182
f 1443/1923/1182 1442/1922/1182 1444/1924/1182
f 1443/1923/1182 1444/1924/1182 1445/1925/1182
f 1445/1925/1182 1444/1924/1182 1446/1926/1182
f 1445/1925/1183 1446/1926/1183 1447/1927/1183
f 1448/1928/1184 1449/1929/1184 1450/1930/1184
f 1449/1929/1185 1448/1928/1185 1451/1931/1185
f 1452/1932/1186 1453/1933/1186 1454/1934/1186
f 1455/1935/1187 1456/1936/1187 1457/1937/1187
f 580/678/1188 593/691/1188 1458/1938/1188
f 679/784/1189 678/783/1189 1459/1939/1189
f 504/600/1190 503/599/1190 1460/1940/1190
f 501/597/1191 499/595/1191 498/594/1191
f 1380/1941/1192 1461/1942/1192 1381/1943/1192
f 1462/1944/1193 1463/1945/1193 1464/1946/1193
f 1464/1946/1194 1463/1945/1194 1465/1947/1194
f 1464/1946/1195 1465/1947/1195 1466/1948/1195
f 1467/1949/1196 1468/1950/1196 1469/1951/1196
f 1470/1952/1197 1471/1953/1197 1472/1954/1197
f 1473/1955/1198 1474/1956/1198 1475/1957/1198
f 1475/1957/1199 1474/1956/1199 1476/1958/1199
f 1477/1959/1200 1471/1953/1200 1478/1960/1200
f 1478/1960/1201 1471/1953/1201 1470/1952/1201
f 1478/1960/1202 1470/1952/1202 1479/1961/1202
f 1479/1961/1203 1470/1952/1203 1475/1957/1203
f 1479/1961/1204 1475/1957/1204 1480/1962/1204
f 1480/1962/1205 1475/1957/1205 1476/1958/1205
f 1481/1963/1206 1482/1964/1206 1475/1957/1206
f 1475/1957/1198 1482/1964/1198 1483/1965/1198
f 1475/1957/1198 1483/1965/1198 1473/1955/1198
f 1484/1966/1207 1485/1967/1207 1486/1968/1207
f 1486/1968/1208 1487/1969/1208 1484/1966/1208
f 1484/1966/1209 1487/1969/1209 1488/1970/1209
f 1484/1966/1210 1488/1970/1210 1481/1963/1210
f 1481/1963/1211 1488/1970/1211 1489/1971/1211
f 1481/1963/1212 1489/1971/1212 1482/1964/1212
f 1490/1972/1213 1491/1973/1213 1492/1974/1213
f 1490/1972/1214 1492/1974/1214 1484/1966/1214
f 1484/1966/1207 1492/1974/1207 1493/1975/1207
f 1484/1966/1207 1493/1975/1207 1485/1967/1207
f 1494/1976/1215 1495/1977/1215 1496/1978/1215
f 1496/1978/1216 1495/1977/1216 1497/1979/1216
f 1496/1978/1217 1497/1979/1217 1490/1972/1217
f 1490/1972/1213 1497/1979/1213 1498/1980/1213
f 1490/1972/1218 1498/1980/1218 1491/1973/1218
f 1494/1981/1219 1496/1982/1219 1499/1983/1219
f 1499/1984/1220 1496/1978/1220 1500/1985/1220
f 1499/1984/1221 1500/1985/1221 1501/1986/1221
f 1502/1987/1222 1503/1988/1222 1500/1989/1222
f 1500/1985/1223 1503/1990/1223 1504/1991/1223
f 1500/1985/1221 1504/1991/1221 1501/1986/1221
f 1505/1992/1224 1506/1993/1224 1502/1994/1224
f 1502/1994/1225 1506/1993/1225 1507/1995/1225
f 1502/1994/1226 1507/1995/1226 1503/1996/1226
f 1508/1997/1227 1509/1998/1227 1510/1999/1227
f 1510/1999/1227 1509/1998/1227 1511/2000/1227
f 1510/1999/1228 1511/2000/1228 1512/2001/1228
f 1512/2001/1229 1511/2000/1229 1513/2002/1229
f 1512/2003/1230 1513/2004/1230 1514/2005/1230
f 1508/1997/1227 1510/1999/1227 1515/2006/1227
f 1515/2006/1231 1510/1999/1231 1516/2007/1231
f 1515/2006/1232 1516/2007/1232 1517/2008/1232
f 1380/1941/1233 1379/2009/1233 1461/1942/1233
f 1461/2010/1234 1379/1846/1234 1518/2011/1234
f 1461/2010/1235 1518/2011/1235 1519/2012/1235
f 1382/1849/1236 1520/2013/1236 1385/1852/1236
f 1385/1852/1237 1520/2013/1237 1440/1913/1237
f 1434/1904/1238 1435/1905/1238 1521/2014/1238
f 1521/2014/1238 1435/1905/1238 1436/1906/1238
f 1521/2015/1239 1436/1914/1239 1522/2016/1239
f 1438/1910/1240 1437/1909/1240 1523/2017/1240
f 1430/1900/1241 1429/1899/1241 1524/2018/1241
f 1524/2018/1242 1429/1899/1242 1428/1898/1242
f 1438/1910/1240 1523/2017/1240 1431/1911/1240
f 1431/1901/1243 1523/2019/1243 1525/2020/1243
f 1431/1901/1244 1525/2020/1244 1428/1898/1244
f 1526/2021/1245 1420/1890/1245 1425/1895/1245
f 1526/2022/1246 1425/2023/1246 1524/2024/1246
f 1524/2018/1247 1425/1895/1247 1427/1897/1247
f 1524/2018/1241 1427/1897/1241 1430/1900/1241
f 1418/1888/1248 1424/1894/1248 1527/2025/1248
f 1424/1894/1249 1423/1893/1249 1527/2025/1249
f 1527/2025/1250 1423/1893/1250 1421/1891/1250
f 1527/2026/1251 1421/2027/1251 1526/2028/1251
f 1526/2021/1245 1421/1891/1245 1420/1890/1245
f 1419/1889/1252 1528/2029/1252 1413/1882/1252
f 1413/1882/1253 1528/2029/1253 1529/2030/1253
f 1413/2031/1254 1529/2032/1254 1414/2033/1254
f 1411/1878/1255 1412/2034/1255 1530/2035/1255
f 1530/2035/1255 1412/2034/1255 1416/2036/1255
f 1530/2035/1255 1416/2036/1255 1414/1883/1255
f 1411/1878/1256 1530/2035/1256 1409/1876/1256
f 1409/1876/1257 1530/2035/1257 1531/2037/1257
f 1409/1920/1258 1531/2038/1258 1442/1922/1258
f 1447/1927/1259 1446/1926/1259 1532/2039/1259
f 1532/2039/1259 1446/1926/1259 1444/1924/1259
f 1533/2040/1260 1534/2041/1260 1535/2042/1260
f 1536/2043/1261 1537/2044/1261 1538/2045/1261
f 1538/2045/1262 1537/2044/1262 1539/2046/1262
f 1538/2045/1263 1539/2046/1263 1533/2040/1263
f 1533/2040/1260 1539/2046/1260 1540/2047/1260
f 1533/2040/1264 1540/2047/1264 1534/2041/1264
f 1536/2043/1261 1538/2045/1261 1541/2048/1261
f 1541/2048/1265 1538/2045/1265 1542/2049/1265
f 1541/2048/1266 1542/2049/1266 1543/2050/1266
f 1544/2051/1267 1545/2052/1267 1542/2049/1267
f 1542/2049/1267 1545/2052/1267 1546/2053/1267
f 1542/2049/1267 1546/2053/1267 1543/2050/1267
f 1544/2051/1268 1547/2054/1268 1548/2055/1268
f 1548/2055/1269 1547/2054/1269 1549/2056/1269
f 1550/2057/1270 1551/2058/1270 1547/2054/1270
f 1547/2054/1271 1551/2058/1271 1552/2059/1271
f 1547/2054/1268 1552/2059/1268 1549/2056/1268
f 1553/2060/1272 1554/2061/1272 1555/2062/1272
f 1555/2062/1273 1554/2061/1273 1556/2063/1273
f 1555/2062/1274 1556/2063/1274 1550/2057/1274
f 1550/2057/1275 1556/2063/1275 1557/2064/1275
f 1550/2057/1276 1557/2064/1276 1551/2058/1276
f 1558/2065/1277 1559/2066/1277 1560/2067/1277
f 1560/2067/1278 1559/2066/1278 1555/2062/1278
f 1555/2062/1279 1559/2066/1279 1561/2068/1279
f 1555/2062/1279 1561/2068/1279 1553/2060/1279
f 1450/1930/1280 1562/2069/1280 1560/2067/1280
f 1560/2067/1281 1562/2069/1281 1563/2070/1281
f 1560/2067/1281 1563/2070/1281 1558/2065/1281
f 1564/2071/1282 1565/2072/1282 1450/1930/1282
f 1450/1930/1283 1565/2072/1283 1566/2073/1283
f 1450/1930/1283 1566/2073/1283 1562/2069/1283
f 1567/2074/1284 1568/2075/1284 1564/2071/1284
f 1569/2076/1285 1570/2077/1285 1571/2078/1285
f 1571/2078/1285 1570/2077/1285 1572/2079/1285
f 1571/2078/1286 1572/2079/1286 1567/2074/1286
f 1567/2074/1284 1572/2079/1284 1573/2080/1284
f 1567/2074/1284 1573/2080/1284 1568/2075/1284
f 1574/2081/1287 1575/2082/1287 1571/2078/1287
f 1575/2082/1288 1576/2083/1288 1571/2078/1288
f 1571/2078/1285 1576/2083/1285 1577/2084/1285
f 1571/2078/1285 1577/2084/1285 1569/2076/1285
f 1578/2085/1289 1579/2086/1289 1580/2087/1289
f 1580/2087/1290 1579/2086/1290 1581/2088/1290
f 1580/2087/1291 1581/2088/1291 1571/2078/1291
f 1571/2078/1292 1581/2088/1292 1582/2089/1292
f 1571/2078/1293 1582/2089/1293 1574/2081/1293
f 1583/2090/1294 1584/2091/1294 1585/2092/1294
f 1586/2093/1295 1587/2094/1295 1588/2095/1295
f 1588/2095/1296 1589/2096/1296 1586/2093/1296
f 1586/2093/1297 1589/2096/1297 1590/2097/1297
f 1586/2093/1298 1590/2097/1298 1585/2092/1298
f 1585/2092/1299 1590/2097/1299 1591/2098/1299
f 1585/2092/1300 1591/2098/1300 1583/2090/1300
f 1587/2094/1295 1586/2093/1295 1592/2099/1295
f 1592/2099/1301 1586/2093/1301 1593/2100/1301
f 1592/2099/1302 1593/2100/1302 1594/2101/1302
f 1594/2101/1303 1593/2100/1303 1595/2102/1303
f 1594/2101/1304 1595/2102/1304 1596/2103/1304
f 1596/2103/1304 1595/2102/1304 1597/2104/1304
f 1597/2104/1305 1595/2102/1305 1598/2105/1305
f 1597/2104/1306 1598/2105/1306 1599/2106/1306
f 487/583/1307 1600/2107/1307 489/585/1307
f 489/585/1308 1600/2107/1308 1601/2108/1308
f 489/585/1309 1601/2108/1309 490/586/1309
f 494/590/1310 492/588/1310 1602/2109/1310
f 1603/2110/1311 497/593/1311 496/592/1311
f 1603/2110/1312 1604/2111/1312 1460/1940/1312
f 503/599/1313 501/597/1313 1460/1940/1313
f 1460/1940/1314 501/597/1314 498/594/1314
f 1460/1940/1315 498/594/1315 1603/2110/1315
f 1603/2110/1316 498/594/1316 471/567/1316
f 1603/2110/1317 471/567/1317 497/593/1317
f 455/551/1318 468/564/1318 1605/2112/1318
f 1605/2112/1318 468/564/1318 467/563/1318
f 1605/2112/1319 467/563/1319 1606/2113/1319
f 467/563/1320 466/562/1320 1606/2113/1320
f 1606/2113/1321 466/562/1321 464/560/1321
f 1606/2113/1322 464/560/1322 1604/2111/1322
f 1604/2111/1323 464/560/1323 462/558/1323
f 1604/2111/1324 462/558/1324 1460/1940/1324
f 1460/1940/1325 462/558/1325 461/557/1325
f 1460/1940/1326 461/557/1326 504/600/1326
f 455/551/1318 1605/2112/1318 456/552/1318
f 456/552/1327 1605/2112/1327 1607/2114/1327
f 456/552/1328 1607/2114/1328 458/554/1328
f 446/541/1329 445/540/1329 1607/2114/1329
f 1607/2114/1330 445/540/1330 459/555/1330
f 1607/2114/1328 459/555/1328 458/554/1328
f 449/544/1331 1608/2115/1331 450/545/1331
f 450/545/1332 1608/2115/1332 1609/2116/1332
f 450/545/1333 1609/2116/1333 451/546/1333
f 1610/2117/1334 454/549/1334 1609/2116/1334
f 1609/2116/1335 454/549/1335 453/548/1335
f 1609/2116/1336 453/548/1336 451/546/1336
f 444/2118/1337 443/2119/1337 1611/2120/1337
f 1611/2120/1338 443/2119/1338 440/534/1338
f 1611/2120/1339 440/534/1339 1610/2117/1339
f 1610/2117/1340 440/534/1340 439/2121/1340
f 1610/2117/1340 439/2121/1340 454/549/1340
f 1612/2122/1341 433/2123/1341 1611/2120/1341
f 1611/2124/1342 433/524/1342 432/523/1342
f 1611/2120/1343 432/2125/1343 444/2118/1343
f 425/516/1344 438/529/1344 1613/2126/1344
f 1613/2126/1345 438/529/1345 437/528/1345
f 1613/2126/1346 437/528/1346 1612/2127/1346
f 1612/2127/1347 437/528/1347 435/526/1347
f 1612/2122/1348 435/2128/1348 433/2123/1348
f 427/518/1349 426/517/1349 1614/2129/1349
f 420/511/1350 431/522/1350 1529/2030/1350
f 1529/2030/1351 431/522/1351 430/521/1351
f 1529/2030/1352 430/521/1352 1614/2129/1352
f 1614/2129/1353 430/521/1353 428/519/1353
f 1614/2129/1354 428/519/1354 427/518/1354
f 423/514/1355 422/513/1355 1527/2025/1355
f 1527/2025/1356 422/513/1356 421/512/1356
f 1527/2025/1357 421/512/1357 1615/2130/1357
f 1615/2130/1358 421/512/1358 416/507/1358
f 1615/2130/1359 416/507/1359 418/509/1359
f 423/514/1355 1527/2025/1355 412/501/1355
f 412/501/1360 1527/2025/1360 1526/2021/1360
f 412/501/1361 1526/2021/1361 414/503/1361
f 1524/2018/1362 706/827/1362 705/826/1362
f 1524/2018/1363 705/826/1363 1526/2021/1363
f 1526/2021/1364 705/826/1364 415/505/1364
f 1526/2021/1365 415/505/1365 414/503/1365
f 1428/1898/1366 1525/2020/1366 1524/2018/1366
f 1524/2018/1367 1525/2020/1367 707/829/1367
f 1524/2018/1368 707/829/1368 706/827/1368
f 1616/2131/1369 695/814/1369 694/812/1369
f 1616/2131/1370 694/812/1370 1523/2019/1370
f 694/812/1371 704/825/1371 1523/2019/1371
f 1523/2019/1372 704/825/1372 703/824/1372
f 1523/2019/1373 703/824/1373 1525/2020/1373
f 1525/2020/1374 703/824/1374 702/823/1374
f 1525/2020/1374 702/823/1374 707/829/1374
f 1617/2132/1375 698/818/1375 697/817/1375
f 1617/2132/1376 697/817/1376 1616/2131/1376
f 1616/2131/1377 697/817/1377 696/816/1377
f 1616/2131/1369 696/816/1369 695/814/1369
f 1618/2133/1378 700/821/1378 1617/2132/1378
f 1617/2132/1379 700/821/1379 699/819/1379
f 1617/2132/1375 699/819/1375 698/818/1375
f 691/2134/1380 690/2135/1380 1619/2136/1380
f 1619/2136/1381 690/2135/1381 689/2137/1381
f 1619/2138/1382 689/798/1382 1618/2133/1382
f 1618/2133/1383 689/798/1383 701/822/1383
f 1618/2133/1383 701/822/1383 700/821/1383
f 1620/2139/1384 693/810/1384 1619/2136/1384
f 1619/2136/1385 693/810/1385 692/2140/1385
f 1619/2136/1381 692/2140/1381 691/2134/1381
f 687/796/1386 686/794/1386 1621/2141/1386
f 1621/2141/1387 686/794/1387 685/792/1387
f 1621/2141/1388 685/792/1388 1620/2139/1388
f 1620/2139/1389 685/792/1389 684/791/1389
f 1620/2139/1389 684/791/1389 693/810/1389
f 1459/1939/1390 678/783/1390 1621/2141/1390
f 1621/2141/1391 678/783/1391 688/797/1391
f 1621/2141/1387 688/797/1387 687/796/1387
f 680/786/1392 1622/2142/1392 681/787/1392
f 681/787/1393 1622/2142/1393 682/789/1393
f 1623/2143/1394 673/776/1394 1622/2142/1394
f 1622/2142/1395 673/776/1395 683/790/1395
f 1622/2142/1396 683/790/1396 682/789/1396
f 676/781/1397 675/779/1397 1623/2143/1397
f 1623/2143/1398 675/779/1398 674/777/1398
f 1623/2143/1399 674/777/1399 673/776/1399
f 1624/2144/1400 671/774/1400 1625/2145/1400
f 1625/2145/1401 671/774/1401 672/775/1401
f 1625/2145/1402 672/775/1402 677/782/1402
f 599/697/1403 597/695/1403 1626/2146/1403
f 1626/2146/1403 597/695/1403 596/694/1403
f 599/697/1404 1626/2146/1404 600/698/1404
f 600/698/1405 1626/2146/1405 572/670/1405
f 600/698/1406 572/670/1406 571/669/1406
f 596/694/1407 671/774/1407 1626/2146/1407
f 1626/2146/1408 671/774/1408 1624/2144/1408
f 1626/2146/1409 1624/2144/1409 572/670/1409
f 572/670/1410 1624/2144/1410 1627/2147/1410
f 591/689/1411 589/687/1411 1627/2147/1411
f 1627/2147/1412 589/687/1412 587/685/1412
f 587/685/1413 585/683/1413 1627/2147/1413
f 1627/2147/1414 585/683/1414 584/682/1414
f 1627/2147/1415 584/682/1415 572/670/1415
f 1628/2148/1416 1629/2149/1416 1630/2150/1416
f 1630/2150/1417 1629/2149/1417 1631/2151/1417
f 1630/2150/1418 1631/2151/1418 1458/1938/1418
f 1458/1938/1418 1631/2151/1418 1457/1937/1418
f 1458/1938/1419 1457/1937/1419 580/678/1419
f 580/678/1187 1457/1937/1187 1456/1936/1187
f 1625/2145/1420 1628/2148/1420 1624/2144/1420
f 1624/2144/1421 1628/2148/1421 1630/2150/1421
f 1624/2144/1422 1630/2150/1422 1627/2147/1422
f 1627/2147/1422 1630/2150/1422 1458/1938/1422
f 1627/2147/1423 1458/1938/1423 591/689/1423
f 591/689/1188 1458/1938/1188 593/691/1188
f 1632/2152/1424 1623/2143/1424 1633/2153/1424
f 1633/2153/1425 1623/2143/1425 1622/2142/1425
f 1633/2153/1426 1622/2142/1426 1459/1939/1426
f 1459/1939/1427 1622/2142/1427 680/786/1427
f 1459/1939/1428 680/786/1428 679/784/1428
f 1530/2035/1429 1414/1883/1429 1529/2030/1429
f 1530/2035/1430 1529/2030/1430 1531/2037/1430
f 1531/2037/1431 1529/2030/1431 1614/2129/1431
f 1531/2037/1432 1614/2129/1432 1613/2126/1432
f 1613/2126/1433 1614/2129/1433 426/517/1433
f 1613/2126/1344 426/517/1344 425/516/1344
f 418/509/1434 420/511/1434 1615/2130/1434
f 1615/2130/1435 420/511/1435 1529/2030/1435
f 1615/2130/1436 1529/2030/1436 1527/2025/1436
f 1527/2025/1437 1529/2030/1437 1528/2029/1437
f 1527/2025/1438 1528/2029/1438 1418/1888/1438
f 1418/1888/1252 1528/2029/1252 1419/1889/1252
f 492/588/1439 490/586/1439 1602/2109/1439
f 1602/2109/1440 490/586/1440 1601/2108/1440
f 1602/2109/1441 1601/2108/1441 1634/2154/1441
f 1634/2154/1441 1601/2108/1441 1635/2155/1441
f 1634/2154/1442 1635/2155/1442 1636/2156/1442
f 1636/2156/1443 1635/2155/1443 1637/2157/1443
f 1636/2156/1444 1637/2157/1444 1638/2158/1444
f 496/592/1445 494/590/1445 1603/2110/1445
f 1603/2110/1446 494/590/1446 1602/2109/1446
f 1603/2110/1447 1602/2109/1447 1604/2111/1447
f 1604/2111/1448 1602/2109/1448 1634/2154/1448
f 1604/2111/1449 1634/2154/1449 1606/2113/1449
f 1606/2113/1450 1634/2154/1450 1636/2156/1450
f 1606/2113/1451 1636/2156/1451 1605/2112/1451
f 1605/2112/1452 1636/2156/1452 1638/2158/1452
f 1605/2112/1453 1638/2158/1453 1607/2114/1453
f 1607/2114/1454 1638/2158/1454 1639/2159/1454
f 1607/2114/1455 1639/2159/1455 446/541/1455
f 446/541/1456 1639/2159/1456 1608/2115/1456
f 446/541/1457 1608/2115/1457 448/543/1457
f 448/543/1458 1608/2115/1458 449/544/1458
f 1564/2071/1459 1450/1930/1459 1567/2074/1459
f 1567/2074/1460 1450/1930/1460 1449/1929/1460
f 1567/2074/1461 1449/1929/1461 1571/2078/1461
f 1571/2078/1462 1449/1929/1462 1451/1931/1462
f 1571/2078/1463 1451/1931/1463 1580/2087/1463
f 1544/2051/1464 1542/2049/1464 1547/2054/1464
f 1547/2054/1465 1542/2049/1465 1640/2160/1465
f 1547/2054/1466 1640/2160/1466 1550/2057/1466
f 1550/2057/1467 1640/2160/1467 1641/2161/1467
f 1550/2057/1468 1641/2161/1468 1555/2062/1468
f 1555/2062/1469 1641/2161/1469 1642/2162/1469
f 1555/2062/1470 1642/2162/1470 1560/2067/1470
f 1560/2067/1471 1642/2162/1471 1643/2163/1471
f 1560/2067/1472 1643/2163/1472 1450/1930/1472
f 1450/1930/1472 1643/2163/1472 1644/2164/1472
f 1450/1930/1473 1644/2164/1473 1448/1928/1473
f 1645/2165/1474 1644/2164/1474 1646/2166/1474
f 1646/2166/1474 1644/2164/1474 1643/2163/1474
f 1646/2166/1475 1643/2163/1475 1647/2167/1475
f 1647/2167/1476 1643/2163/1476 1642/2162/1476
f 1647/2167/1477 1642/2162/1477 1648/2168/1477
f 1648/2168/1478 1642/2162/1478 1641/2161/1478
f 1648/2168/1479 1641/2161/1479 1649/2169/1479
f 1649/2169/1480 1641/2161/1480 1640/2160/1480
f 1649/2169/1481 1640/2160/1481 1650/2170/1481
f 1650/2170/1482 1640/2160/1482 1542/2049/1482
f 1650/2170/1483 1542/2049/1483 1651/2171/1483
f 1651/2171/1484 1542/2049/1484 1538/2045/1484
f 1651/2171/1485 1538/2045/1485 1652/2172/1485
f 1652/2172/1486 1538/2045/1486 1533/2040/1486
f 1652/2172/1487 1533/2040/1487 1532/2173/1487
f 1532/2173/1488 1533/2040/1488 1535/2042/1488
f 1532/2173/1489 1535/2042/1489 1447/2174/1489
f 1653/2175/1490 1654/2176/1490 1655/2177/1490
f 1655/2177/1491 1654/2176/1491 1656/2178/1491
f 1655/2177/1491 1656/2178/1491 1657/2179/1491
f 1657/2179/1492 1656/2178/1492 1658/2180/1492
f 1657/2179/1493 1658/2180/1493 1659/2181/1493
f 1585/2092/1494 1653/2175/1494 1586/2093/1494
f 1586/2093/1495 1653/2175/1495 1655/2177/1495
f 1586/2093/1495 1655/2177/1495 1593/2100/1495
f 1593/2100/1496 1655/2177/1496 1657/2179/1496
f 1593/2100/1496 1657/2179/1496 1595/2102/1496
f 1595/2102/1497 1657/2179/1497 1659/2181/1497
f 1595/2102/1497 1659/2181/1497 1598/2105/1497
f 1660/2182/1306 1599/2106/1306 1661/2183/1306
f 1661/2183/1306 1599/2106/1306 1598/2105/1306
f 1661/2183/1498 1598/2105/1498 1662/2184/1498
f 1662/2184/1499 1598/2105/1499 1659/2181/1499
f 1662/2184/1500 1659/2181/1500 1663/2185/1500
f 1663/2185/1501 1659/2181/1501 1658/2180/1501
f 1663/2185/1502 1658/2180/1502 1645/2165/1502
f 1645/2165/1503 1658/2180/1503 1656/2178/1503
f 1645/2165/1504 1656/2178/1504 1644/2164/1504
f 1644/2164/1505 1656/2178/1505 1654/2176/1505
f 1644/2164/1506 1654/2176/1506 1448/1928/1506
f 1448/1928/1507 1654/2176/1507 1653/2175/1507
f 1448/1928/1508 1653/2175/1508 1451/1931/1508
f 1451/1931/1494 1653/2175/1494 1585/2092/1494
f 1451/1931/1463 1585/2092/1463 1580/2087/1463
f 1580/2087/1509 1585/2092/1509 1584/2091/1509
f 1580/2087/1289 1584/2091/1289 1578/2085/1289
f 1600/2107/1510 1660/2182/1510 1601/2108/1510
f 1601/2108/1511 1660/2182/1511 1661/2183/1511
f 1601/2108/1512 1661/2183/1512 1635/2155/1512
f 1635/2155/1513 1661/2183/1513 1662/2184/1513
f 1635/2155/1514 1662/2184/1514 1637/2157/1514
f 1637/2157/1515 1662/2184/1515 1663/2185/1515
f 1637/2157/1516 1663/2185/1516 1638/2158/1516
f 1638/2158/1517 1663/2185/1517 1645/2165/1517
f 1638/2158/1518 1645/2165/1518 1639/2159/1518
f 1639/2159/1518 1645/2165/1518 1646/2166/1518
f 1639/2159/1519 1646/2166/1519 1608/2115/1519
f 1608/2115/1520 1646/2166/1520 1647/2167/1520
f 1608/2115/1521 1647/2167/1521 1609/2116/1521
f 1609/2116/1522 1647/2167/1522 1648/2168/1522
f 1609/2116/1523 1648/2168/1523 1610/2117/1523
f 1610/2117/1524 1648/2168/1524 1649/2169/1524
f 1610/2117/1525 1649/2169/1525 1611/2120/1525
f 1611/2120/1526 1649/2169/1526 1650/2170/1526
f 1611/2120/1527 1650/2170/1527 1612/2122/1527
f 1612/2122/1528 1650/2170/1528 1651/2171/1528
f 1612/2122/1529 1651/2171/1529 1613/2186/1529
f 1613/2186/1530 1651/2171/1530 1652/2172/1530
f 1613/2126/1531 1652/2187/1531 1531/2037/1531
f 1531/2188/1532 1652/2172/1532 1532/2173/1532
f 1531/2189/1533 1532/2190/1533 1442/2191/1533
f 1442/1922/1534 1532/2039/1534 1444/1924/1534
f 1472/1954/1535 1467/1949/1535 1470/1952/1535
f 1470/1952/1536 1467/1949/1536 1469/1951/1536
f 1470/1952/1537 1469/1951/1537 1475/1957/1537
f 1475/1957/1537 1469/1951/1537 1664/2192/1537
f 1475/1957/1538 1664/2192/1538 1481/1963/1538
f 1481/1963/1539 1664/2192/1539 1665/2193/1539
f 1481/1963/1540 1665/2193/1540 1484/1966/1540
f 1463/1945/1541 1666/2194/1541 1465/1947/1541
f 1465/1947/1542 1666/2194/1542 1667/2195/1542
f 1465/1947/1543 1667/2195/1543 1668/2196/1543
f 1668/2196/1544 1667/2195/1544 1669/2197/1544
f 1668/2196/1545 1669/2197/1545 1670/2198/1545
f 1670/2198/1546 1669/2197/1546 1671/2199/1546
f 1670/2198/1547 1671/2199/1547 1672/2200/1547
f 1382/1849/1548 1381/1848/1548 1520/2013/1548
f 1520/2013/1549 1381/1848/1549 1461/2010/1549
f 1520/2013/1550 1461/2010/1550 1516/2007/1550
f 1516/2007/1551 1461/2010/1551 1519/2012/1551
f 1516/2007/1552 1519/2012/1552 1517/2008/1552
f 1514/2005/1230 1673/2201/1230 1512/2003/1230
f 1512/2003/1553 1673/2201/1553 1505/2202/1553
f 1512/2003/1554 1505/2202/1554 1674/2203/1554
f 1674/2203/1555 1505/2202/1555 1502/2204/1555
f 1674/2203/1556 1502/2204/1556 1675/2205/1556
f 1675/2205/1557 1502/2204/1557 1500/1985/1557
f 1675/2205/1558 1500/1985/1558 1676/2206/1558
f 1676/2206/1559 1500/1985/1559 1496/1978/1559
f 1676/2206/1560 1496/1978/1560 1677/2207/1560
f 1677/2207/1561 1496/1978/1561 1490/1972/1561
f 1677/2207/1562 1490/1972/1562 1672/2200/1562
f 1672/2200/1562 1490/1972/1562 1484/1966/1562
f 1672/2200/1563 1484/1966/1563 1670/2198/1563
f 1670/2198/1564 1484/1966/1564 1665/2193/1564
f 1670/2198/1565 1665/2193/1565 1668/2196/1565
f 1668/2196/1566 1665/2193/1566 1664/2192/1566
f 1668/2196/1567 1664/2192/1567 1465/1947/1567
f 1465/1947/1567 1664/2192/1567 1469/1951/1567
f 1465/1947/1568 1469/1951/1568 1466/1948/1568
f 1466/1948/1569 1469/1951/1569 1468/1950/1569
f 1466/1948/1570 1468/1950/1570 1678/2208/1570
f 1679/2209/1571 1452/1932/1571 1680/2210/1571
f 1680/2210/1572 1452/1932/1572 1454/1934/1572
f 1680/2210/1573 1454/1934/1573 1681/2211/1573
f 1681/2211/1573 1454/1934/1573 1682/2212/1573
f 1681/2211/1574 1682/2212/1574 1683/2213/1574
f 1683/2213/1574 1682/2212/1574 1684/2214/1574
f 1683/2213/1575 1684/2214/1575 1685/2215/1575
f 677/782/1402 676/781/1402 1625/2145/1402
f 1625/2145/1576 676/781/1576 1623/2143/1576
f 1625/2145/1577 1623/2143/1577 1628/2148/1577
f 1628/2148/1578 1623/2143/1578 1632/2152/1578
f 1628/2148/1579 1632/2152/1579 1629/2149/1579
f 1629/2149/1580 1632/2152/1580 1686/2216/1580
f 1629/2149/1581 1686/2216/1581 1631/2151/1581
f 1631/2151/1582 1686/2216/1582 1687/2217/1582
f 1631/2151/1583 1687/2217/1583 1457/1937/1583
f 1457/1937/1583 1687/2217/1583 1688/2218/1583
f 1457/1937/1584 1688/2218/1584 1455/1935/1584
f 1455/1935/1585 1688/2218/1585 1689/2219/1585
f 1436/1914/1586 1440/1913/1586 1522/2016/1586
f 1522/2016/1587 1440/1913/1587 1520/2013/1587
f 1522/2016/1588 1520/2013/1588 1690/2220/1588
f 1690/2220/1589 1520/2013/1589 1516/2007/1589
f 1690/2220/1590 1516/2007/1590 1691/2221/1590
f 1691/2221/1591 1516/2007/1591 1510/1999/1591
f 1691/2222/1592 1510/2223/1592 1692/2224/1592
f 1692/2224/1593 1510/2223/1593 1512/2003/1593
f 1692/2224/1594 1512/2003/1594 1693/2225/1594
f 1693/2225/1595 1512/2003/1595 1674/2203/1595
f 1693/2225/1596 1674/2203/1596 1694/2226/1596
f 1694/2226/1597 1674/2203/1597 1675/2205/1597
f 1694/2226/1598 1675/2205/1598 1695/2227/1598
f 1695/2227/1599 1675/2205/1599 1676/2206/1599
f 1695/2227/1600 1676/2206/1600 1696/2228/1600
f 1696/2228/1601 1676/2206/1601 1677/2207/1601
f 1696/2228/1602 1677/2207/1602 1685/2215/1602
f 1685/2215/1603 1677/2207/1603 1672/2200/1603
f 1685/2215/1604 1672/2200/1604 1683/2213/1604
f 1683/2213/1605 1672/2200/1605 1671/2199/1605
f 1683/2213/1606 1671/2199/1606 1681/2211/1606
f 1681/2211/1606 1671/2199/1606 1669/2197/1606
f 1681/2211/1607 1669/2197/1607 1680/2210/1607
f 1680/2210/1607 1669/2197/1607 1667/2195/1607
f 1680/2210/1608 1667/2195/1608 1679/2209/1608
f 1679/2209/1542 1667/2195/1542 1666/2194/1542
f 1437/1907/1609 1434/1904/1609 1523/2019/1609
f 1523/2019/1610 1434/1904/1610 1521/2014/1610
f 1523/2019/1611 1521/2014/1611 1616/2131/1611
f 1616/2131/1612 1521/2014/1612 1522/2229/1612
f 1616/2131/1613 1522/2229/1613 1617/2132/1613
f 1617/2132/1614 1522/2229/1614 1690/2230/1614
f 1617/2132/1615 1690/2230/1615 1618/2133/1615
f 1618/2133/1616 1690/2230/1616 1691/2231/1616
f 1618/2232/1617 1691/2222/1617 1619/2136/1617
f 1619/2136/1618 1691/2222/1618 1692/2224/1618
f 1619/2136/1619 1692/2224/1619 1620/2139/1619
f 1620/2139/1620 1692/2224/1620 1693/2225/1620
f 1620/2139/1621 1693/2225/1621 1621/2141/1621
f 1621/2141/1622 1693/2225/1622 1694/2226/1622
f 1621/2141/1623 1694/2226/1623 1459/1939/1623
f 1459/1939/1624 1694/2226/1624 1695/2227/1624
f 1459/1939/1625 1695/2227/1625 1633/2153/1625
f 1633/2153/1626 1695/2227/1626 1696/2228/1626
f 1633/2153/1627 1696/2228/1627 1632/2152/1627
f 1632/2152/1628 1696/2228/1628 1685/2215/1628
f 1632/2152/1629 1685/2215/1629 1686/2216/1629
f 1686/2216/1630 1685/2215/1630 1684/2214/1630
f 1686/2216/1631 1684/2214/1631 1687/2217/1631
f 1687/2217/1632 1684/2214/1632 1682/2212/1632
f 1687/2217/1633 1682/2212/1633 1688/2218/1633
f 1688/2218/1633 1682/2212/1633 1454/1934/1633
f 1688/2218/1634 1454/1934/1634 1689/2219/1634
f 1689/2219/1635 1454/1934/1635 1453/1933/1635
f 1587/2094/1636 1592/2099/1636 485/581/1636
f 485/581/1636 1597/2104/1636 1599/2106/1636
f 1599/2106/1636 1660/2182/1636 485/581/1636
f 485/581/1636 1660/2182/1636 1600/2107/1636
f 485/581/1636 1600/2107/1636 487/583/1636
f 1592/2099/1636 1594/2101/1636 485/581/1636
f 485/581/1636 1594/2101/1636 1596/2103/1636
f 485/581/1636 1596/2103/1636 1597/2104/1636
f 1697/2233/1636 1698/2234/1636 485/581/1636
f 485/581/1636 1698/2234/1636 1588/2095/1636
f 485/581/1636 1588/2095/1636 1587/2094/1636
f 581/679/345 580/678/345 1456/1936/345
f 1456/1936/345 1455/1935/345 581/679/345
f 581/679/345 1455/1935/345 1689/2219/345
f 581/679/345 1689/2219/345 1453/1933/345
f 1453/1933/345 1452/1932/345 581/679/345
f 581/679/345 1452/1932/345 1679/2209/345
f 581/679/345 1679/2209/345 1666/2194/345
f 1699/2235/345 1700/2236/345 1462/1944/345
f 1462/1944/345 1700/2236/345 581/679/345
f 1462/1944/345 581/679/345 1463/1945/345
f 1463/1945/345 581/679/345 1666/2194/345
f 483/579/1637 482/578/1637 1216/1658/1637
f 1697/2233/1638 485/581/1638 1701/2237/1638
f 1701/2237/1639 485/581/1639 484/580/1639
f 1701/2237/1640 484/580/1640 1216/1658/1640
f 1216/1658/1641 484/580/1641 483/579/1641
f 576/674/1642 581/679/1642 1700/2236/1642
f 576/674/1643 1700/2236/1643 577/675/1643
f 577/675/1644 1700/2236/1644 578/676/1644
f 578/676/1645 1700/2236/1645 1702/2238/1645
f 578/676/1646 1702/2238/1646 765/902/1646
f 1240/1682/1647 1238/1680/1647 1552/2059/1647
f 1588/2095/1648 1698/2234/1648 1589/2096/1648
f 1589/2096/1649 1698/2234/1649 1697/2233/1649
f 1589/2096/1650 1697/2233/1650 1701/2237/1650
f 1535/2239/1651 1259/1706/1651 1257/1704/1651
f 1257/1704/1652 1256/1703/1652 1535/2239/1652
f 1535/2239/1653 1256/1703/1653 1703/2240/1653
f 1535/2239/1654 1703/2240/1654 1447/1927/1654
f 1535/2239/1655 1534/2241/1655 1259/1706/1655
f 1259/1706/1656 1534/2241/1656 1540/2242/1656
f 1259/1706/1657 1540/2242/1657 1260/1707/1657
f 1260/1707/1658 1540/2242/1658 1539/2243/1658
f 1260/2244/1659 1539/2046/1659 1244/2245/1659
f 1244/2245/1660 1539/2046/1660 1537/2044/1660
f 1244/2245/1661 1537/2044/1661 1245/1689/1661
f 1245/2246/1662 1537/2247/1662 1536/2248/1662
f 1245/2246/1663 1536/2248/1663 1247/2249/1663
f 1247/1690/1664 1536/2043/1664 1541/2048/1664
f 1247/1690/1665 1541/2048/1665 1248/1692/1665
f 1248/1692/1666 1541/2048/1666 1250/1697/1666
f 1541/2048/1667 1543/2050/1667 1250/1697/1667
f 1250/1697/1668 1543/2050/1668 1546/2053/1668
f 1250/1697/1669 1546/2053/1669 1251/1698/1669
f 1546/2053/1670 1545/2052/1670 1251/1698/1670
f 1251/1698/1670 1545/2052/1670 1544/2051/1670
f 1251/1698/1671 1544/2051/1671 1237/1679/1671
f 1237/1679/1672 1544/2051/1672 1548/2055/1672
f 1237/1679/1673 1548/2055/1673 1238/1680/1673
f 1238/1680/1674 1548/2055/1674 1549/2056/1674
f 1238/1680/1675 1549/2056/1675 1552/2059/1675
f 1240/1682/1676 1552/2059/1676 1242/1684/1676
f 1242/1684/1677 1552/2059/1677 1551/2058/1677
f 1242/1684/1678 1551/2058/1678 1243/1685/1678
f 1243/1685/1679 1551/2058/1679 1557/2064/1679
f 1243/1685/1680 1557/2064/1680 1236/1678/1680
f 1236/1678/1681 1557/2064/1681 1556/2063/1681
f 1236/1678/1682 1556/2063/1682 1235/1677/1682
f 1235/1677/1683 1556/2063/1683 1554/2061/1683
f 1235/1677/1684 1554/2061/1684 1224/1666/1684
f 1224/1666/1685 1554/2061/1685 1553/2060/1685
f 1224/1666/1686 1553/2060/1686 1225/1667/1686
f 1225/1667/1687 1553/2060/1687 1227/1669/1687
f 1227/1669/1688 1553/2060/1688 1561/2068/1688
f 1227/1669/1689 1561/2068/1689 1228/1670/1689
f 1228/1670/1690 1561/2068/1690 1559/2066/1690
f 1228/1670/1691 1559/2066/1691 1229/1671/1691
f 1559/2066/1692 1558/2065/1692 1229/1671/1692
f 1229/1671/1693 1558/2065/1693 1563/2070/1693
f 1229/1671/1694 1563/2070/1694 1230/1672/1694
f 1230/2250/1695 1563/2251/1695 1562/2252/1695
f 1230/2250/1696 1562/2252/1696 1232/2253/1696
f 1232/2253/1696 1562/2252/1696 1217/2254/1696
f 1217/2254/1697 1562/2252/1697 1566/2255/1697
f 1217/1659/1698 1566/2073/1698 1218/1660/1698
f 1566/2256/1699 1565/2257/1699 1218/2258/1699
f 1218/1660/1700 1565/2072/1700 1564/2071/1700
f 1218/1660/1701 1564/2071/1701 1220/1662/1701
f 1220/1662/1702 1564/2071/1702 1568/2075/1702
f 1220/2259/1703 1568/2260/1703 1221/2261/1703
f 1221/2261/1704 1568/2260/1704 1573/2262/1704
f 1209/1651/1705 1208/1650/1705 1574/2081/1705
f 1574/2081/1706 1208/1650/1706 1207/1649/1706
f 1574/2081/1707 1207/1649/1707 1575/2082/1707
f 1575/2082/1708 1207/1649/1708 1206/1648/1708
f 1575/2082/1709 1206/1648/1709 1576/2083/1709
f 1576/2263/1710 1206/2264/1710 1205/2265/1710
f 1576/2083/1711 1205/1647/1711 1577/2084/1711
f 1577/2084/1712 1205/1647/1712 1204/1646/1712
f 1577/2084/1713 1204/1646/1713 1569/2076/1713
f 1569/2076/1714 1204/1646/1714 1203/1645/1714
f 1569/2076/1715 1203/1645/1715 1570/2077/1715
f 1570/2077/1716 1203/1645/1716 1201/1643/1716
f 1570/2077/1717 1201/1643/1717 1572/2079/1717
f 1572/2266/1718 1201/2267/1718 1200/2268/1718
f 1572/2269/1719 1200/2270/1719 1573/2262/1719
f 1573/2262/1720 1200/2270/1720 1223/2271/1720
f 1573/2262/1721 1223/2271/1721 1221/2261/1721
f 1574/2081/1722 1582/2089/1722 1209/1651/1722
f 1209/1651/1723 1582/2089/1723 1581/2088/1723
f 1209/1651/1724 1581/2088/1724 1210/1652/1724
f 1210/1652/1725 1581/2088/1725 1579/2086/1725
f 1210/1652/1726 1579/2086/1726 1211/1653/1726
f 1211/1653/1727 1579/2086/1727 1578/2085/1727
f 1211/1653/1728 1578/2085/1728 1212/1654/1728
f 1701/2237/1729 1216/1658/1729 1589/2096/1729
f 1589/2096/1730 1216/1658/1730 1215/1657/1730
f 1589/2096/1731 1215/1657/1731 1590/2097/1731
f 1590/2097/1732 1215/1657/1732 1214/1656/1732
f 1590/2097/1733 1214/1656/1733 1591/2098/1733
f 1591/2098/1731 1214/1656/1731 1213/1655/1731
f 1591/2098/1734 1213/1655/1734 1583/2090/1734
f 1583/2272/1735 1213/2273/1735 1212/2274/1735
f 1583/2090/1736 1212/1654/1736 1584/2091/1736
f 1584/2091/1737 1212/1654/1737 1578/2085/1737
f 1703/2240/1738 1256/1703/1738 1252/1699/1738
f 732/856/1739 1704/2275/1739 733/857/1739
f 733/857/1740 1704/2275/1740 1705/2276/1740
f 1383/1850/1741 734/859/1741 1378/1845/1741
f 1378/1845/1742 734/859/1742 733/857/1742
f 1378/1845/1743 733/857/1743 1379/1846/1743
f 1379/1846/1744 733/857/1744 1705/2276/1744
f 1383/1850/1741 1384/1851/1741 734/859/1741
f 734/859/1745 1384/1851/1745 1386/1853/1745
f 734/859/1746 1386/1853/1746 735/860/1746
f 735/860/1747 1386/1853/1747 1388/1855/1747
f 735/860/1748 1388/1855/1748 736/861/1748
f 736/861/1749 1388/1855/1749 731/855/1749
f 1388/1855/1750 1389/1856/1750 731/855/1750
f 731/855/1750 1389/1856/1750 1394/1861/1750
f 731/855/1751 1394/1861/1751 730/854/1751
f 730/854/1752 1394/1861/1752 1393/1860/1752
f 730/854/1753 1393/1860/1753 729/853/1753
f 1393/1860/1754 1391/1858/1754 729/853/1754
f 729/853/1755 1391/1858/1755 1390/1857/1755
f 729/853/1754 1390/1857/1754 1399/1866/1754
f 722/846/1756 724/848/1756 1398/1865/1756
f 1398/1865/1757 724/848/1757 721/845/1757
f 1398/1865/1758 721/845/1758 1399/1866/1758
f 1399/1866/1759 721/845/1759 728/852/1759
f 1399/1866/1760 728/852/1760 729/853/1760
f 1398/1865/1761 1396/1863/1761 722/846/1761
f 722/846/1762 1396/1863/1762 1395/1862/1762
f 722/846/1763 1395/1862/1763 1263/1710/1763
f 1263/1710/1764 1395/1862/1764 1400/1867/1764
f 1263/1710/1765 1400/1867/1765 1267/1714/1765
f 1267/1714/1766 1400/1867/1766 1266/1713/1766
f 1400/1867/1767 1402/1869/1767 1266/1713/1767
f 1266/1713/1768 1402/1869/1768 1405/1872/1768
f 1266/1713/1769 1405/1872/1769 1264/1711/1769
f 1264/1711/1770 1405/1872/1770 1404/1871/1770
f 1264/1711/1771 1404/1871/1771 1268/1715/1771
f 1404/1871/1772 1408/1875/1772 1268/1715/1772
f 1268/1715/1772 1408/1875/1772 1407/1874/1772
f 1268/1715/1773 1407/1874/1773 1269/1716/1773
f 1269/1716/1774 1407/1874/1774 1406/1873/1774
f 1269/1716/1775 1406/1873/1775 1270/1717/1775
f 1270/1717/1776 1406/1873/1776 1441/1921/1776
f 1270/1717/1777 1441/1921/1777 1254/1701/1777
f 1441/1921/1778 1443/1923/1778 1254/1701/1778
f 1254/1701/1778 1443/1923/1778 1445/1925/1778
f 1254/1701/1779 1445/1925/1779 1252/1699/1779
f 1252/1699/1780 1445/1925/1780 1447/1927/1780
f 1252/1699/1781 1447/1927/1781 1703/2240/1781
f 770/907/1782 769/906/1782 1472/1954/1782
f 850/990/1783 765/902/1783 1702/2238/1783
f 1462/1944/1784 1464/1946/1784 1699/2235/1784
f 1699/2235/1785 1464/1946/1785 1700/2236/1785
f 1472/1954/1786 769/906/1786 1467/1949/1786
f 1467/1949/1787 769/906/1787 766/903/1787
f 1467/1949/1788 766/903/1788 1468/1950/1788
f 1468/1950/1789 766/903/1789 767/904/1789
f 1468/1950/1789 767/904/1789 1678/2208/1789
f 1678/2277/1790 767/2278/1790 768/2279/1790
f 1678/2208/1791 768/905/1791 1466/1948/1791
f 1466/1948/1792 768/905/1792 850/990/1792
f 1466/1948/1793 850/990/1793 1464/1946/1793
f 1464/1946/1794 850/990/1794 1702/2238/1794
f 1464/1946/1795 1702/2238/1795 1700/2236/1795
f 1472/1954/1796 1471/1953/1796 770/907/1796
f 770/907/1797 1471/1953/1797 1477/1959/1797
f 770/2280/1798 1477/2281/1798 771/2282/1798
f 771/908/1799 1477/1959/1799 1478/1960/1799
f 771/908/1800 1478/1960/1800 772/909/1800
f 772/909/1801 1478/1960/1801 1479/1961/1801
f 772/2283/1802 1479/2284/1802 773/2285/1802
f 773/2285/1803 1479/2284/1803 1480/2286/1803
f 773/2285/1804 1480/2286/1804 774/2287/1804
f 774/911/1805 1480/1962/1805 1476/1958/1805
f 774/2288/1806 1476/2289/1806 775/2290/1806
f 775/912/1807 1476/1958/1807 1474/1956/1807
f 775/912/1808 1474/1956/1808 776/913/1808
f 776/913/1809 1474/1956/1809 1473/1955/1809
f 776/913/1810 1473/1955/1810 777/914/1810
f 777/914/1811 1473/1955/1811 1483/1965/1811
f 777/914/1812 1483/1965/1812 778/915/1812
f 778/915/1813 1483/1965/1813 1482/1964/1813
f 778/915/1814 1482/1964/1814 760/895/1814
f 760/895/1815 1482/1964/1815 761/896/1815
f 763/2291/1816 1485/2292/1816 764/2293/1816
f 764/2294/1817 1485/2295/1817 1493/2296/1817
f 764/2294/1818 1493/2296/1818 754/2297/1818
f 1482/1964/1819 1489/1971/1819 761/896/1819
f 761/896/1820 1489/1971/1820 1488/1970/1820
f 761/896/1821 1488/1970/1821 762/898/1821
f 762/898/1822 1488/1970/1822 1487/1969/1822
f 762/898/1823 1487/1969/1823 763/900/1823
f 763/900/1824 1487/1969/1824 1486/1968/1824
f 763/900/1825 1486/1968/1825 1485/1967/1825
f 754/2297/1826 1493/2296/1826 755/2298/1826
f 755/2298/1827 1493/2296/1827 1492/2299/1827
f 755/888/1828 1492/1974/1828 756/890/1828
f 1492/1974/1829 1491/1973/1829 756/890/1829
f 756/890/1830 1491/1973/1830 1498/1980/1830
f 756/890/1831 1498/1980/1831 757/891/1831
f 757/2300/1832 1498/2301/1832 1497/2302/1832
f 753/2303/1833 752/2304/1833 1503/2305/1833
f 1503/2305/1833 752/2304/1833 751/2306/1833
f 1503/2307/1834 751/2308/1834 1504/2309/1834
f 1504/2309/1835 751/2308/1835 750/2310/1835
f 1504/2309/1836 750/2310/1836 1501/2311/1836
f 1501/2311/1837 750/2310/1837 747/2312/1837
f 1501/2311/1838 747/2312/1838 1499/2313/1838
f 1499/1984/1839 747/876/1839 748/878/1839
f 1499/1984/1840 748/878/1840 1494/1976/1840
f 1494/1976/1841 748/878/1841 749/879/1841
f 1494/2314/1842 749/2315/1842 1495/2316/1842
f 1495/2316/1843 749/2315/1843 759/2317/1843
f 1495/2316/1844 759/2317/1844 1497/2302/1844
f 1497/2302/1845 759/2317/1845 758/2318/1845
f 1497/2302/1845 758/2318/1845 757/2300/1845
f 1503/2319/1846 1507/2320/1846 753/886/1846
f 753/886/1847 1507/2320/1847 1506/2321/1847
f 753/886/1848 1506/2321/1848 742/869/1848
f 742/869/1849 1506/2321/1849 1505/2322/1849
f 742/869/1850 1505/2322/1850 743/870/1850
f 1505/2322/1851 1673/2323/1851 743/870/1851
f 743/870/1851 1673/2323/1851 1514/2324/1851
f 743/870/1852 1514/2324/1852 744/872/1852
f 744/872/1853 1514/2324/1853 1513/2002/1853
f 744/872/1854 1513/2002/1854 745/874/1854
f 745/874/1855 1513/2002/1855 1511/2000/1855
f 1517/2008/1856 740/867/1856 1515/2006/1856
f 1515/2006/1857 740/867/1857 739/865/1857
f 1515/2006/1858 739/865/1858 1508/1997/1858
f 1508/1997/1859 739/865/1859 738/863/1859
f 1508/1997/1860 738/863/1860 1509/1998/1860
f 1509/1998/1861 738/863/1861 737/862/1861
f 1509/1998/1862 737/862/1862 1511/2000/1862
f 1511/2000/1863 737/862/1863 746/875/1863
f 1511/2000/1863 746/875/1863 745/874/1863
f 1704/2275/1864 732/856/1864 741/868/1864
f 1518/2011/1865 1379/1846/1865 1705/2276/1865
f 1517/2008/1866 1519/2012/1866 740/867/1866
f 740/867/1856 1519/2012/1856 1518/2011/1856
f 740/867/1867 1518/2011/1867 741/868/1867
f 741/868/1868 1518/2011/1868 1705/2276/1868
f 741/868/1869 1705/2276/1869 1704/2275/1869
f 1706/2325/345 1707/2326/345 595/693/345
f 594/692/345 595/693/345 1708/2327/345
f 1708/2327/345 595/693/345 1709/2328/345
f 1706/2325/345 595/693/345 1710/2329/345
f 1710/2329/345 595/693/345 1711/2330/345
f 1710/2329/345 1711/2330/345 1712/2331/345
f 1707/2326/345 1713/2332/345 595/693/345
f 595/693/345 1713/2332/345 1714/2333/345
f 595/693/345 1714/2333/345 1709/2328/345
f 479/575/1636 1715/2334/1636 480/576/1636
f 480/576/1636 1715/2334/1636 1716/2335/1636
f 480/576/1636 1716/2335/1636 1717/2336/1636
f 1717/2336/1636 1718/2337/1636 480/576/1636
f 480/576/1636 1718/2337/1636 1719/2338/1636
f 480/576/1636 1719/2338/1636 1720/2339/1636
f 1721/2340/1636 1722/2341/1636 1723/2342/1636
f 1723/2342/1636 1722/2341/1636 480/576/1636
f 1723/2342/1636 480/576/1636 1724/2343/1636
f 1724/2343/1636 480/576/1636 1720/2339/1636
f 1725/2344/1870 1726/2345/1870 1727/2346/1870
f 612/713/1871 614/715/1871 1728/2347/1871
f 629/730/1872 1729/2348/1872 630/731/1872
f 594/692/1873 1708/2327/1873 1730/2349/1873
f 1709/2328/1874 1714/2333/1874 1731/2350/1874
f 1707/2326/1875 1706/2325/1875 1732/2351/1875
f 1733/2352/1876 1734/2353/1876 1735/2354/1876
f 1736/2355/1877 1737/2356/1877 1738/2357/1877
f 1720/2339/1878 1719/2338/1878 1739/2358/1878
f 1718/2337/1879 1717/2336/1879 1740/2359/1879
f 486/582/1880 488/584/1880 1741/2360/1880
f 506/602/1881 513/609/1881 1742/2361/1881
f 551/649/1882 550/648/1882 1743/2362/1882
f 542/640/1883 1744/2363/1883 1745/2364/1883
f 542/640/1884 562/660/1884 1744/2363/1884
f 1744/2363/1885 562/660/1885 560/658/1885
f 1744/2363/1885 560/658/1885 559/657/1885
f 548/646/1886 549/647/1886 1745/2364/1886
f 1745/2364/1887 549/647/1887 543/641/1887
f 1745/2364/1887 543/641/1887 542/640/1887
f 551/649/1888 1743/2362/1888 552/650/1888
f 552/650/1889 1743/2362/1889 1746/2365/1889
f 552/650/1890 1746/2365/1890 538/636/1890
f 538/636/1891 1746/2365/1891 537/635/1891
f 537/635/1892 1746/2365/1892 1747/2366/1892
f 537/635/1893 1747/2366/1893 540/638/1893
f 536/2367/1894 535/2368/1894 1748/2369/1894
f 1748/2370/1895 535/633/1895 533/631/1895
f 1748/2370/1896 533/631/1896 1747/2366/1896
f 1747/2366/1897 533/631/1897 541/639/1897
f 1747/2366/1898 541/639/1898 540/638/1898
f 536/2367/1894 1748/2369/1894 525/2371/1894
f 525/2372/1899 1748/2373/1899 1727/2374/1899
f 525/2375/1900 1727/2346/1900 526/2376/1900
f 408/497/1901 531/629/1901 1726/2345/1901
f 1726/2345/1901 531/629/1901 530/628/1901
f 1726/2345/1902 530/628/1902 1727/2346/1902
f 1727/2346/1903 530/628/1903 528/2377/1903
f 1727/2346/1903 528/2377/1903 526/2376/1903
f 519/615/1904 518/614/1904 1749/2378/1904
f 1749/2378/1905 518/614/1905 409/498/1905
f 1750/2379/1906 520/616/1906 515/611/1906
f 520/616/1906 1750/2379/1906 521/617/1906
f 521/617/1907 1750/2379/1907 1751/2380/1907
f 521/617/1908 1751/2380/1908 523/619/1908
f 510/606/1909 508/604/1909 1752/2381/1909
f 1752/2381/1910 508/604/1910 507/603/1910
f 1752/2381/1911 507/603/1911 1751/2380/1911
f 1751/2380/1912 507/603/1912 524/620/1912
f 1751/2380/1913 524/620/1913 523/619/1913
f 1742/2361/1914 513/609/1914 1752/2381/1914
f 1752/2381/1915 513/609/1915 512/608/1915
f 1752/2381/1910 512/608/1910 510/606/1910
f 470/566/1916 469/565/1916 1753/2382/1916
f 1753/2382/1917 469/565/1917 1742/2361/1917
f 1742/2361/1918 469/565/1918 505/601/1918
f 1742/2361/1919 505/601/1919 506/602/1919
f 491/587/1920 493/589/1920 1753/2382/1920
f 1753/2382/1920 493/589/1920 495/591/1920
f 495/591/1921 473/569/1921 1753/2382/1921
f 1753/2382/1922 473/569/1922 472/568/1922
f 1753/2382/1923 472/568/1923 470/566/1923
f 1716/2335/1924 1715/2334/1924 1754/2383/1924
f 1754/2383/1924 1715/2334/1924 479/575/1924
f 1755/2384/1925 1756/2385/1925 1757/2386/1925
f 1757/2386/1926 1756/2385/1926 1758/2387/1926
f 1757/2386/1927 1758/2387/1927 1723/2342/1927
f 1759/2388/1928 1760/2389/1928 1761/2390/1928
f 1761/2390/1929 1760/2389/1929 1762/2391/1929
f 1761/2390/1930 1762/2391/1930 1763/2392/1930
f 1759/2388/1931 1761/2390/1931 1764/2393/1931
f 1764/2393/1932 1761/2390/1932 1765/2394/1932
f 1764/2393/1933 1765/2394/1933 1766/2395/1933
f 1767/2396/1934 1768/2397/1934 1769/2398/1934
f 1769/2398/1935 1768/2397/1935 1770/2399/1935
f 1769/2398/1936 1770/2399/1936 1771/2400/1936
f 1771/2400/1937 1772/2401/1937 1769/2398/1937
f 1769/2398/1938 1772/2401/1938 1773/2402/1938
f 1769/2398/1939 1773/2402/1939 1774/2403/1939
f 1775/2404/1940 1776/2405/1940 1769/2398/1940
f 1769/2398/1941 1776/2405/1941 1777/2406/1941
f 1769/2398/1935 1777/2406/1935 1767/2396/1935
f 1778/2407/1942 1779/2408/1942 1775/2404/1942
f 1775/2404/1943 1779/2408/1943 1780/2409/1943
f 1775/2404/1944 1780/2409/1944 1776/2405/1944
f 1781/2410/1945 1782/2411/1945 1783/2412/1945
f 1781/2410/1946 1783/2412/1946 1784/2413/1946
f 1785/2414/1947 1786/2415/1947 1787/2416/1947
f 1785/2414/1948 1787/2416/1948 1781/2410/1948
f 1781/2410/1949 1787/2416/1949 1788/2417/1949
f 1781/2410/1950 1788/2417/1950 1782/2411/1950
f 1789/2418/1951 1790/2419/1951 1791/2420/1951
f 1789/2418/1952 1791/2420/1952 1785/2414/1952
f 1785/2414/1953 1791/2420/1953 1792/2421/1953
f 1785/2414/1954 1792/2421/1954 1786/2415/1954
f 1793/2422/1955 1794/2423/1955 1789/2418/1955
f 1789/2418/1956 1794/2423/1956 1795/2424/1956
f 1789/2418/1957 1795/2424/1957 1790/2419/1957
f 1796/2425/1958 1797/2426/1958 1793/2422/1958
f 1793/2422/1959 1797/2426/1959 1798/2427/1959
f 1793/2422/1959 1798/2427/1959 1794/2423/1959
f 1799/2428/1960 1800/2429/1960 1801/2430/1960
f 1801/2430/1961 1800/2429/1961 1802/2431/1961
f 1803/2432/1962 1804/2433/1962 1805/2434/1962
f 1805/2434/1962 1804/2433/1962 1806/2435/1962
f 1805/2434/1963 1806/2435/1963 1801/2430/1963
f 1801/2430/1964 1806/2435/1964 1807/2436/1964
f 1801/2430/1964 1807/2436/1964 1799/2428/1964
f 1808/2437/1965 1809/2438/1965 1805/2434/1965
f 1805/2434/1966 1809/2438/1966 1810/2439/1966
f 1805/2434/1962 1810/2439/1962 1803/2432/1962
f 1811/2440/1967 1808/2437/1967 1812/2441/1967
f 1811/2440/1968 1813/2442/1968 1808/2437/1968
f 1808/2437/1969 1813/2442/1969 1814/2443/1969
f 1808/2437/1970 1814/2443/1970 1809/2438/1970
f 1815/2444/1971 1816/2445/1971 1817/2446/1971
f 1817/2447/1972 1816/2448/1972 1818/2449/1972
f 1817/2447/1973 1818/2449/1973 1819/2450/1973
f 1820/2451/1974 1821/2452/1974 1812/2441/1974
f 1812/2441/1974 1821/2452/1974 1822/2453/1974
f 1812/2441/1975 1822/2453/1975 1811/2440/1975
f 1823/2454/1976 1824/2455/1976 1825/2456/1976
f 1826/2457/1977 1827/2458/1977 1828/2459/1977
f 1828/2459/1978 1827/2458/1978 1823/2454/1978
f 1828/2459/1979 1823/2454/1979 1829/2460/1979
f 1829/2460/1980 1823/2454/1980 1825/2456/1980
f 1830/2461/1981 1831/2462/1981 1832/2463/1981
f 1832/2463/1982 1831/2462/1982 1833/2464/1982
f 1832/2463/1983 1833/2464/1983 1823/2454/1983
f 1823/2454/1984 1833/2464/1984 1834/2465/1984
f 1823/2454/1976 1834/2465/1976 1824/2455/1976
f 1835/2466/1985 1836/2467/1985 1837/2468/1985
f 1837/2468/1985 1836/2467/1985 1838/2469/1985
f 1837/2468/1985 1838/2469/1985 1839/2470/1985
f 1840/2471/1986 1841/2472/1986 1842/2473/1986
f 1842/2473/1987 1841/2472/1987 1843/2474/1987
f 1844/2475/1988 1845/2476/1988 1846/2477/1988
f 1844/2475/1989 1846/2477/1989 1847/2478/1989
f 1846/2477/1990 1848/2479/1990 1847/2478/1990
f 1847/2478/1991 1848/2479/1991 1849/2480/1991
f 1847/2478/1992 1849/2480/1992 1842/2473/1992
f 1842/2473/1993 1849/2480/1993 1850/2481/1993
f 1842/2473/1994 1850/2481/1994 1840/2471/1994
f 1851/2482/1995 1852/2483/1995 1853/2484/1995
f 1851/2485/1996 1853/2486/1996 1844/2475/1996
f 1844/2475/1997 1853/2486/1997 1854/2487/1997
f 1844/2475/1988 1854/2487/1988 1845/2476/1988
f 1855/2488/1998 1856/2489/1998 1851/2485/1998
f 1851/2482/1999 1856/2490/1999 1857/2491/1999
f 1851/2482/1995 1857/2491/1995 1852/2483/1995
f 1858/2492/2000 1859/2493/2000 1860/2494/2000
f 1737/2356/1877 1861/2495/1877 1738/2357/1877
f 1738/2357/2001 1861/2495/2001 1862/2496/2001
f 1738/2357/2002 1862/2496/2002 1859/2493/2002
f 1859/2493/2003 1862/2496/2003 1863/2497/2003
f 1859/2493/2003 1863/2497/2003 1860/2494/2003
f 1736/2355/1877 1738/2357/1877 1864/2498/1877
f 1864/2498/2004 1738/2357/2004 1865/2499/2004
f 1864/2500/2005 1865/2501/2005 1866/2502/2005
f 1867/2503/2006 1868/2504/2006 1869/2505/2006
f 1869/2505/2006 1868/2504/2006 1870/2506/2006
f 1869/2505/2007 1870/2506/2007 1865/2501/2007
f 1865/2501/2008 1870/2506/2008 1871/2507/2008
f 1865/2501/2009 1871/2507/2009 1866/2502/2009
f 1872/2508/2010 1873/2509/2010 1874/2510/2010
f 1874/2511/2011 1873/2512/2011 1875/2513/2011
f 1874/2514/2012 1875/2515/2012 1876/2516/2012
f 1877/2517/2013 1878/2518/2013 1879/2519/2013
f 1879/2519/2014 1878/2518/2014 1880/2520/2014
f 1879/2519/2015 1880/2520/2015 1875/2515/2015
f 1875/2515/2016 1880/2520/2016 1881/2521/2016
f 1875/2515/2017 1881/2521/2017 1876/2516/2017
f 1882/2522/2018 1883/2523/2018 1884/2524/2018
f 1884/2524/2018 1883/2523/2018 1885/2525/2018
f 1884/2524/2019 1885/2525/2019 1879/2519/2019
f 1879/2519/2013 1885/2525/2013 1886/2526/2013
f 1879/2519/2020 1886/2526/2020 1877/2517/2020
f 1887/2527/2021 1888/2528/2021 1884/2524/2021
f 1884/2524/2022 1888/2528/2022 1889/2529/2022
f 1884/2524/2022 1889/2529/2022 1882/2522/2022
f 1735/2354/2023 1890/2530/2023 1891/2531/2023
f 1891/2531/2024 1892/2532/2024 1735/2354/2024
f 1735/2354/2025 1892/2532/2025 1893/2533/2025
f 1735/2354/2026 1893/2533/2026 1894/2534/2026
f 1894/2534/2027 1893/2533/2027 1895/2535/2027
f 1734/2353/2028 1896/2536/2028 1735/2354/2028
f 1735/2354/2029 1896/2536/2029 1897/2537/2029
f 1735/2354/2030 1897/2537/2030 1898/2538/2030
f 1898/2538/2031 1899/2539/2031 1735/2354/2031
f 1735/2354/2032 1899/2539/2032 1900/2540/2032
f 1735/2354/2033 1900/2540/2033 1890/2530/2033
f 1901/2541/2034 1902/2542/2034 1903/2543/2034
f 1903/2543/2034 1902/2542/2034 1904/2544/2034
f 1903/2543/2035 1904/2544/2035 1905/2545/2035
f 1906/2546/2036 1710/2329/2036 1907/2547/2036
f 594/692/2037 1730/2349/2037 592/690/2037
f 588/686/2038 590/688/2038 1908/2548/2038
f 598/696/2039 601/699/2039 1909/2549/2039
f 1909/2549/2040 601/699/2040 570/668/2040
f 1909/2549/2041 570/668/2041 586/684/2041
f 668/771/2042 667/770/2042 1910/2550/2042
f 1910/2550/2043 667/770/2043 666/769/2043
f 1910/2550/2044 666/769/2044 1909/2549/2044
f 1909/2549/2045 666/769/2045 567/665/2045
f 1909/2549/2046 567/665/2046 598/696/2046
f 1911/2551/2047 663/766/2047 665/768/2047
f 1911/2551/2048 665/768/2048 1910/2550/2048
f 1910/2550/2049 665/768/2049 669/772/2049
f 1910/2550/2042 669/772/2042 668/771/2042
f 1912/2552/2050 659/762/2050 1911/2551/2050
f 1911/2551/2051 659/762/2051 658/761/2051
f 1911/2551/2052 658/761/2052 663/766/2052
f 1913/2553/2053 662/765/2053 1912/2552/2053
f 1912/2552/2054 662/765/2054 661/764/2054
f 1912/2552/2055 661/764/2055 659/762/2055
f 656/759/2056 654/757/2056 1914/2554/2056
f 1914/2554/2057 654/757/2057 652/755/2057
f 1914/2554/2058 652/755/2058 1913/2553/2058
f 1913/2553/2060 651/754/2060 662/765/2060
f 1915/2555/2061 644/745/2061 1914/2554/2061
f 1914/2554/2062 644/745/2062 657/760/2062
f 1914/2554/2062 657/760/2062 656/759/2062
f 649/2556/2063 647/748/2063 1916/2557/2063
f 1916/2557/2064 647/748/2064 646/747/2064
f 1916/2557/2065 646/747/2065 1915/2555/2065
f 1915/2555/2066 646/747/2066 645/746/2066
f 1915/2555/2066 645/746/2066 644/745/2066
f 649/2556/2064 1916/2557/2064 650/2558/2064
f 650/2559/2067 1916/2560/2067 1917/2561/2067
f 650/2562/2068 1917/2563/2068 637/2564/2068
f 637/2564/2069 1917/2563/2069 638/1911/2069
f 638/739/2070 1917/2565/2070 1918/2566/2070
f 638/739/2071 1918/2566/2071 641/742/2071
f 624/725/2072 636/737/2072 1919/2567/2072
f 1919/2567/2073 636/737/2073 635/736/2073
f 1919/2567/2074 635/736/2074 1920/2568/2074
f 1920/2568/2075 635/736/2075 633/734/2075
f 1920/2568/2076 633/734/2076 1918/2566/2076
f 1918/2566/2077 633/734/2077 642/743/2077
f 1918/2566/2078 642/743/2078 641/742/2078
f 629/730/2079 627/728/2079 1919/2567/2079
f 1919/2567/2080 627/728/2080 625/726/2080
f 1919/2567/2080 625/726/2080 624/725/2080
f 614/715/1871 616/717/1871 1728/2347/1871
f 1728/2347/2081 616/717/2081 618/719/2081
f 1728/2347/2082 618/719/2082 1729/2348/2082
f 1729/2348/2083 618/719/2083 631/732/2083
f 1729/2348/1872 631/732/1872 630/731/1872
f 1708/2327/1873 1709/2328/1873 1730/2349/1873
f 1730/2349/2084 1709/2328/2084 1731/2350/2084
f 1730/2349/2085 1731/2350/2085 1921/2569/2085
f 1921/2569/2085 1731/2350/2085 1922/2570/2085
f 1921/2569/2086 1922/2570/2086 1923/2571/2086
f 1923/2571/2087 1922/2570/2087 1924/2572/2087
f 1923/2571/2088 1924/2572/2088 1925/2573/2088
f 1925/2573/2089 1924/2572/2089 1926/2574/2089
f 1925/2573/2090 1926/2574/2090 1927/2575/2090
f 1927/2575/2091 1926/2574/2091 1928/2576/2091
f 1927/2575/2092 1928/2576/2092 1929/2577/2092
f 586/684/2093 588/686/2093 1909/2549/2093
f 1909/2549/2094 588/686/2094 1908/2548/2094
f 1909/2549/2095 1908/2548/2095 1910/2550/2095
f 1910/2550/2096 1908/2548/2096 1930/2578/2096
f 1910/2550/2097 1930/2578/2097 1911/2551/2097
f 1911/2551/2098 1930/2578/2098 1931/2579/2098
f 1911/2551/2099 1931/2579/2099 1912/2552/2099
f 1912/2552/2100 1931/2579/2100 1932/2580/2100
f 1912/2552/2101 1932/2580/2101 1913/2553/2101
f 1913/2553/2102 1932/2580/2102 1933/2581/2102
f 1913/2553/2103 1933/2581/2103 1914/2554/2103
f 590/688/2104 592/690/2104 1908/2548/2104
f 1908/2548/2105 592/690/2105 1730/2349/2105
f 1908/2548/2106 1730/2349/2106 1930/2578/2106
f 1930/2578/2107 1730/2349/2107 1921/2569/2107
f 1930/2578/2108 1921/2569/2108 1931/2579/2108
f 1931/2579/2109 1921/2569/2109 1923/2571/2109
f 1931/2579/2110 1923/2571/2110 1932/2580/2110
f 1932/2580/2111 1923/2571/2111 1925/2573/2111
f 1932/2580/2112 1925/2573/2112 1933/2581/2112
f 1933/2581/2113 1925/2573/2113 1927/2575/2113
f 1933/2581/2114 1927/2575/2114 1914/2554/2114
f 1914/2554/2115 1927/2575/2115 1929/2577/2115
f 1914/2554/2116 1929/2577/2116 1915/2555/2116
f 1915/2555/2117 1929/2577/2117 1934/2582/2117
f 1915/2555/2118 1934/2582/2118 1916/2557/2118
f 1916/2557/2119 1934/2582/2119 1935/2583/2119
f 1916/2557/2120 1935/2583/2120 1917/2584/2120
f 1917/2584/2121 1935/2583/2121 1936/2585/2121
f 1917/2565/2122 1936/2586/2122 1918/2566/2122
f 1918/2566/2123 1936/2586/2123 1937/2587/2123
f 1918/2566/2124 1937/2587/2124 1920/2568/2124
f 1920/2568/2125 1937/2587/2125 1938/2588/2125
f 1920/2568/2126 1938/2588/2126 1919/2567/2126
f 629/730/2127 1919/2567/2127 1729/2348/2127
f 1729/2348/2128 1919/2567/2128 1939/2589/2128
f 1729/2348/2129 1939/2589/2129 1728/2347/2129
f 1728/2347/2130 1939/2589/2130 1940/2590/2130
f 1728/2347/2131 1940/2590/2131 1941/2591/2131
f 558/656/2132 612/713/2132 1942/2592/2132
f 1942/2592/2133 612/713/2133 1728/2347/2133
f 1942/2592/2134 1728/2347/2134 1943/2593/2134
f 1943/2593/2135 1728/2347/2135 1941/2591/2135
f 550/648/1882 546/644/1882 1743/2362/1882
f 1743/2362/2136 546/644/2136 548/646/2136
f 1743/2362/2137 548/646/2137 1944/2594/2137
f 1944/2594/2138 548/646/2138 1745/2364/2138
f 1944/2594/2139 1745/2364/2139 1945/2595/2139
f 1945/2595/2140 1745/2364/2140 1744/2363/2140
f 1946/2596/2141 1725/2344/2141 1947/2597/2141
f 1947/2597/2142 1725/2344/2142 1727/2346/2142
f 1947/2597/2143 1727/2346/2143 1948/2598/2143
f 1948/2598/2144 1727/2346/2144 1748/2599/2144
f 1948/2598/2145 1748/2599/2145 1949/2600/2145
f 1949/2600/2146 1748/2599/2146 1747/2601/2146
f 1949/2602/2147 1747/2366/2147 1819/2603/2147
f 1819/2603/2148 1747/2366/2148 1746/2365/2148
f 1819/2603/2149 1746/2365/2149 1817/2604/2149
f 1817/2604/2150 1746/2365/2150 1743/2362/2150
f 1817/2604/2151 1743/2362/2151 1950/2605/2151
f 1950/2605/2152 1743/2362/2152 1944/2594/2152
f 1950/2605/2153 1944/2594/2153 1951/2606/2153
f 1951/2606/2154 1944/2594/2154 1945/2595/2154
f 1946/2596/2155 1952/2607/2155 1953/2608/2155
f 1946/2596/2156 1953/2608/2156 1725/2344/2156
f 1725/2344/2157 1953/2608/2157 1749/2378/2157
f 1725/2344/2158 1749/2378/2158 1726/2345/2158
f 1726/2345/2159 1749/2378/2159 409/498/2159
f 1726/2345/2160 409/498/2160 408/497/2160
f 1717/2336/1879 1716/2335/1879 1740/2359/1879
f 1740/2359/2161 1716/2335/2161 1754/2383/2161
f 1740/2359/2162 1754/2383/2162 1954/2609/2162
f 1954/2609/2162 1754/2383/2162 1955/2610/2162
f 1954/2609/2163 1955/2610/2163 1956/2611/2163
f 1956/2611/2164 1955/2610/2164 1957/2612/2164
f 1956/2611/2165 1957/2612/2165 1958/2613/2165
f 1958/2613/2166 1957/2612/2166 1959/2614/2166
f 1958/2613/2167 1959/2614/2167 1960/2615/2167
f 1960/2615/2168 1959/2614/2168 1961/2616/2168
f 479/575/2169 486/582/2169 1754/2383/2169
f 1754/2383/2170 486/582/2170 1741/2360/2170
f 1754/2383/2171 1741/2360/2171 1955/2610/2171
f 1955/2610/2172 1741/2360/2172 1962/2617/2172
f 1955/2610/2173 1962/2617/2173 1957/2612/2173
f 1957/2612/2174 1962/2617/2174 1963/2618/2174
f 1957/2612/2175 1963/2618/2175 1959/2614/2175
f 1959/2614/2176 1963/2618/2176 1964/2619/2176
f 1959/2614/2177 1964/2619/2177 1961/2616/2177
f 1961/2616/2178 1964/2619/2178 1965/2620/2178
f 488/584/2179 491/587/2179 1741/2360/2179
f 1741/2360/2180 491/587/2180 1753/2382/2180
f 1741/2360/2181 1753/2382/2181 1962/2617/2181
f 1962/2617/2182 1753/2382/2182 1742/2361/2182
f 1962/2617/2183 1742/2361/2183 1963/2618/2183
f 1963/2618/2184 1742/2361/2184 1752/2381/2184
f 1963/2618/2185 1752/2381/2185 1964/2619/2185
f 1964/2619/2186 1752/2381/2186 1751/2380/2186
f 1964/2619/2187 1751/2380/2187 1965/2620/2187
f 1965/2620/2188 1751/2380/2188 1750/2379/2188
f 1965/2620/2189 1750/2379/2189 514/610/2189
f 514/610/2190 1750/2379/2190 515/611/2190
f 1826/2457/2191 1815/2444/2191 1827/2458/2191
f 1827/2458/2192 1815/2444/2192 1817/2446/2192
f 1827/2458/2193 1817/2446/2193 1823/2454/2193
f 1823/2454/2194 1817/2446/2194 1950/2621/2194
f 1823/2454/2195 1950/2621/2195 1832/2463/2195
f 1832/2463/2196 1950/2621/2196 1951/2622/2196
f 1832/2463/2197 1951/2622/2197 1941/2623/2197
f 1941/2591/2198 1951/2606/2198 1945/2595/2198
f 1941/2591/2199 1945/2595/2199 1943/2593/2199
f 1943/2593/2200 1945/2595/2200 1744/2363/2200
f 1943/2593/2201 1744/2363/2201 1942/2592/2201
f 1942/2592/2202 1744/2363/2202 559/657/2202
f 1942/2592/2203 559/657/2203 558/656/2203
f 1783/2412/2204 1778/2407/2204 1784/2413/2204
f 1784/2413/2205 1778/2407/2205 1775/2404/2205
f 1784/2413/2206 1775/2404/2206 1765/2394/2206
f 1765/2394/2207 1775/2404/2207 1769/2398/2207
f 1765/2394/2208 1769/2398/2208 1766/2395/2208
f 1766/2395/2209 1769/2398/2209 1774/2403/2209
f 1763/2392/2210 1755/2384/2210 1761/2390/2210
f 1761/2390/2211 1755/2384/2211 1757/2386/2211
f 1761/2390/2212 1757/2386/2212 1765/2394/2212
f 1765/2394/2212 1757/2386/2212 1966/2624/2212
f 1765/2394/2213 1966/2624/2213 1784/2413/2213
f 1784/2413/2214 1966/2624/2214 1967/2625/2214
f 1784/2413/2215 1967/2625/2215 1781/2410/2215
f 1781/2410/2216 1967/2625/2216 1968/2626/2216
f 1781/2410/2217 1968/2626/2217 1785/2414/2217
f 1785/2414/2218 1968/2626/2218 1969/2627/2218
f 1785/2414/2219 1969/2627/2219 1789/2418/2219
f 1789/2418/2220 1969/2627/2220 1970/2628/2220
f 1789/2418/2221 1970/2628/2221 1793/2422/2221
f 1793/2422/2222 1970/2628/2222 1802/2431/2222
f 1793/2422/2223 1802/2431/2223 1796/2425/2223
f 1796/2425/2224 1802/2431/2224 1800/2429/2224
f 1723/2342/2225 1724/2343/2225 1757/2386/2225
f 1757/2386/2226 1724/2343/2226 1971/2629/2226
f 1757/2386/2227 1971/2629/2227 1966/2624/2227
f 1966/2624/2227 1971/2629/2227 1972/2630/2227
f 1966/2624/2228 1972/2630/2228 1967/2625/2228
f 1967/2625/2228 1972/2630/2228 1973/2631/2228
f 1967/2625/2229 1973/2631/2229 1968/2626/2229
f 1968/2626/2229 1973/2631/2229 1974/2632/2229
f 1968/2626/2230 1974/2632/2230 1969/2627/2230
f 1969/2627/2230 1974/2632/2230 1975/2633/2230
f 1969/2627/2231 1975/2633/2231 1970/2628/2231
f 1719/2338/1878 1718/2337/1878 1739/2358/1878
f 1739/2358/2232 1718/2337/2232 1740/2359/2232
f 1739/2358/2233 1740/2359/2233 1976/2634/2233
f 1976/2634/2233 1740/2359/2233 1954/2609/2233
f 1976/2634/2234 1954/2609/2234 1977/2635/2234
f 1977/2635/2234 1954/2609/2234 1956/2611/2234
f 1977/2635/2235 1956/2611/2235 1978/2636/2235
f 1978/2636/2235 1956/2611/2235 1958/2613/2235
f 1978/2636/2236 1958/2613/2236 1979/2637/2236
f 1979/2637/2237 1958/2613/2237 1960/2615/2237
f 1979/2637/2238 1960/2615/2238 1952/2607/2238
f 1952/2607/2239 1960/2615/2239 1961/2616/2239
f 1952/2607/2240 1961/2616/2240 1953/2608/2240
f 1953/2608/2241 1961/2616/2241 1965/2620/2241
f 1953/2608/2241 1965/2620/2241 1749/2378/2241
f 1749/2378/2242 1965/2620/2242 514/610/2242
f 1749/2378/2243 514/610/2243 519/615/2243
f 1724/2343/2244 1720/2339/2244 1971/2629/2244
f 1971/2629/2245 1720/2339/2245 1739/2358/2245
f 1971/2629/2246 1739/2358/2246 1972/2630/2246
f 1972/2630/2246 1739/2358/2246 1976/2634/2246
f 1972/2630/2247 1976/2634/2247 1973/2631/2247
f 1973/2631/2247 1976/2634/2247 1977/2635/2247
f 1973/2631/2248 1977/2635/2248 1974/2632/2248
f 1974/2632/2248 1977/2635/2248 1978/2636/2248
f 1974/2632/2249 1978/2636/2249 1975/2633/2249
f 1975/2633/2250 1978/2636/2250 1979/2637/2250
f 1975/2633/2251 1979/2637/2251 1970/2628/2251
f 1970/2628/2252 1979/2637/2252 1952/2607/2252
f 1970/2628/2253 1952/2607/2253 1802/2431/2253
f 1802/2431/2254 1952/2607/2254 1946/2596/2254
f 1802/2431/2255 1946/2596/2255 1801/2430/2255
f 1801/2430/2256 1946/2596/2256 1947/2597/2256
f 1801/2430/2257 1947/2597/2257 1805/2434/2257
f 1805/2434/2258 1947/2597/2258 1948/2598/2258
f 1805/2434/2259 1948/2598/2259 1808/2437/2259
f 1808/2437/2260 1948/2598/2260 1949/2600/2260
f 1808/2437/2261 1949/2600/2261 1812/2441/2261
f 1812/2441/2262 1949/2600/2262 1819/2450/2262
f 1812/2441/2263 1819/2450/2263 1820/2451/2263
f 1820/2451/2264 1819/2450/2264 1818/2449/2264
f 1895/2535/2265 1888/2528/2265 1894/2534/2265
f 1894/2534/2266 1888/2528/2266 1887/2527/2266
f 1894/2534/2267 1887/2527/2267 1735/2354/2267
f 1735/2354/2268 1887/2527/2268 1980/2638/2268
f 1735/2354/2269 1980/2638/2269 1733/2352/2269
f 1733/2352/2270 1980/2638/2270 1903/2543/2270
f 1733/2352/2271 1903/2543/2271 1981/2639/2271
f 1981/2639/2272 1903/2543/2272 1905/2545/2272
f 1873/2640/2273 1982/2641/2273 1875/2515/2273
f 1875/2515/2274 1982/2641/2274 1983/2642/2274
f 1875/2515/2275 1983/2642/2275 1879/2519/2275
f 1879/2519/2276 1983/2642/2276 1984/2643/2276
f 1879/2519/2277 1984/2643/2277 1884/2524/2277
f 1884/2524/2278 1984/2643/2278 1985/2644/2278
f 1884/2524/2279 1985/2644/2279 1887/2527/2279
f 1887/2527/2280 1985/2644/2280 1986/2645/2280
f 1887/2527/2281 1986/2645/2281 1980/2638/2281
f 1980/2638/2281 1986/2645/2281 1987/2646/2281
f 1980/2638/2282 1987/2646/2282 1903/2543/2282
f 1903/2543/2282 1987/2646/2282 1906/2546/2282
f 1903/2543/2283 1906/2546/2283 1901/2541/2283
f 1901/2541/2284 1906/2546/2284 1907/2547/2284
f 1713/2332/1874 1707/2326/1874 1988/2647/1874
f 1988/2647/2285 1707/2326/2285 1732/2351/2285
f 1988/2647/2286 1732/2351/2286 1989/2648/2286
f 1989/2648/2286 1732/2351/2286 1990/2649/2286
f 1989/2648/2287 1990/2649/2287 1991/2650/2287
f 1991/2650/2287 1990/2649/2287 1992/2651/2287
f 1991/2650/2288 1992/2651/2288 1993/2652/2288
f 1993/2652/2288 1992/2651/2288 1994/2653/2288
f 1993/2652/2289 1994/2653/2289 1995/2654/2289
f 1995/2654/2290 1994/2653/2290 1996/2655/2290
f 1995/2654/2291 1996/2655/2291 1997/2656/2291
f 1997/2656/2291 1996/2655/2291 1998/2657/2291
f 1997/2656/2292 1998/2657/2292 1999/2658/2292
f 1999/2658/2293 1998/2657/2293 2000/2659/2293
f 1999/2658/2294 2000/2659/2294 1869/2505/2294
f 1869/2505/2295 2000/2659/2295 2001/2660/2295
f 1869/2505/2296 2001/2660/2296 1867/2503/2296
f 1872/2508/2297 2002/2661/2297 1873/2509/2297
f 1873/2509/2298 2002/2661/2298 2001/2662/2298
f 1873/2640/2299 2001/2660/2299 1982/2641/2299
f 1982/2641/2300 2001/2660/2300 2000/2659/2300
f 1982/2641/2301 2000/2659/2301 1983/2642/2301
f 1983/2642/2302 2000/2659/2302 1998/2657/2302
f 1983/2642/2303 1998/2657/2303 1984/2643/2303
f 1984/2643/2304 1998/2657/2304 1996/2655/2304
f 1984/2643/2305 1996/2655/2305 1985/2644/2305
f 1985/2644/2305 1996/2655/2305 1994/2653/2305
f 1985/2644/2306 1994/2653/2306 1986/2645/2306
f 1986/2645/2306 1994/2653/2306 1992/2651/2306
f 1986/2645/2307 1992/2651/2307 1987/2646/2307
f 1987/2646/2307 1992/2651/2307 1990/2649/2307
f 1987/2646/2308 1990/2649/2308 1906/2546/2308
f 1906/2546/2308 1990/2649/2308 1732/2351/2308
f 1906/2546/1875 1732/2351/1875 1710/2329/1875
f 1710/2329/1875 1732/2351/1875 1706/2325/1875
f 1860/2494/2309 1855/2488/2309 1858/2492/2309
f 1858/2492/2310 1855/2488/2310 1851/2485/2310
f 1858/2492/2311 1851/2485/2311 2003/2663/2311
f 2003/2663/2312 1851/2485/2312 1844/2475/2312
f 2003/2663/2313 1844/2475/2313 2004/2664/2313
f 2004/2664/2314 1844/2475/2314 1847/2478/2314
f 2004/2664/2315 1847/2478/2315 2005/2665/2315
f 2005/2665/2316 1847/2478/2316 2006/2666/2316
f 2006/2666/2317 1847/2478/2317 1842/2473/2317
f 2006/2666/2318 1842/2473/2318 1837/2468/2318
f 1837/2468/2319 1842/2473/2319 1843/2474/2319
f 1837/2468/2320 1843/2474/2320 1835/2466/2320
f 1839/2470/2321 2007/2667/2321 1837/2468/2321
f 1837/2468/2321 2007/2667/2321 1830/2461/2321
f 1837/2468/2322 1830/2461/2322 2006/2666/2322
f 2006/2666/2323 1830/2461/2323 1832/2463/2323
f 2006/2666/2324 1832/2463/2324 2005/2665/2324
f 2005/2668/2325 1832/2669/2325 1941/2670/2325
f 2005/2665/2326 1941/2623/2326 2004/2664/2326
f 2004/2664/2327 1941/2623/2327 1940/2671/2327
f 2004/2664/2328 1940/2671/2328 2003/2663/2328
f 2003/2663/2329 1940/2671/2329 1939/2672/2329
f 2003/2663/2330 1939/2672/2330 1858/2492/2330
f 1858/2492/2331 1939/2672/2331 1919/2673/2331
f 1858/2492/2332 1919/2673/2332 1859/2493/2332
f 1859/2493/2333 1919/2673/2333 1938/2674/2333
f 1859/2493/2334 1938/2674/2334 1738/2357/2334
f 1738/2357/2335 1938/2674/2335 1937/2675/2335
f 1738/2676/2336 1937/2677/2336 1865/2501/2336
f 1865/2501/2337 1937/2677/2337 1936/2585/2337
f 1865/2501/2338 1936/2585/2338 1869/2505/2338
f 1869/2505/2339 1936/2585/2339 1935/2583/2339
f 1869/2505/2340 1935/2583/2340 1999/2658/2340
f 1999/2658/2341 1935/2583/2341 1934/2582/2341
f 1999/2658/2342 1934/2582/2342 1997/2656/2342
f 1997/2656/2342 1934/2582/2342 1929/2577/2342
f 1997/2656/2343 1929/2577/2343 1995/2654/2343
f 1995/2654/2343 1929/2577/2343 1928/2576/2343
f 1995/2654/2344 1928/2576/2344 1993/2652/2344
f 1993/2652/2344 1928/2576/2344 1926/2574/2344
f 1993/2652/2345 1926/2574/2345 1991/2650/2345
f 1991/2650/2345 1926/2574/2345 1924/2572/2345
f 1991/2650/2346 1924/2572/2346 1989/2648/2346
f 1989/2648/2346 1924/2572/2346 1922/2570/2346
f 1989/2648/2347 1922/2570/2347 1988/2647/2347
f 1988/2647/2347 1922/2570/2347 1731/2350/2347
f 1988/2647/1874 1731/2350/1874 1713/2332/1874
f 1713/2332/1874 1731/2350/1874 1714/2333/1874
f 2008/2678/2348 836/976/2348 835/975/2348
f 1157/1595/2349 1156/1594/2349 1820/2679/2349
f 1820/2679/2350 1156/1594/2350 1821/2680/2350
f 1188/1630/2351 1286/1734/2351 1756/2385/2351
f 1185/1626/2352 2009/2681/2352 1286/1734/2352
f 1286/1734/2353 2009/2681/2353 1722/2341/2353
f 1286/1734/2354 1722/2341/2354 1721/2340/2354
f 1756/2385/2355 1286/1734/2355 1758/2387/2355
f 1758/2682/2356 1286/2683/2356 1721/2684/2356
f 1758/2387/2357 1721/2340/2357 1723/2342/2357
f 1756/2385/2358 1755/2384/2358 1188/1630/2358
f 1188/1630/2359 1755/2384/2359 1763/2392/2359
f 1188/2685/2360 1763/2686/2360 1187/2687/2360
f 1187/1629/2361 1763/2392/2361 1762/2391/2361
f 1187/1629/2361 1762/2391/2361 1186/1627/2361
f 1186/1627/2362 1762/2391/2362 1760/2389/2362
f 1186/2688/2363 1760/2689/2363 1189/2690/2363
f 1760/2389/2364 1759/2388/2364 1189/1631/2364
f 1189/1631/2365 1759/2388/2365 1764/2393/2365
f 1189/1631/2366 1764/2393/2366 1190/1632/2366
f 1764/2393/2367 1766/2395/2367 1190/1632/2367
f 1190/1632/2368 1766/2395/2368 1774/2403/2368
f 1190/2691/2369 1774/2692/2369 1191/2693/2369
f 1191/1633/2370 1774/2403/2370 1773/2402/2370
f 1191/1633/2371 1773/2402/2371 1192/1634/2371
f 1192/1634/2372 1773/2402/2372 1772/2401/2372
f 1192/2694/2373 1772/2695/2373 1193/2696/2373
f 1193/1635/2374 1772/2401/2374 1771/2400/2374
f 1193/1635/2375 1771/2400/2375 1194/1636/2375
f 1194/1636/2376 1771/2400/2376 1770/2399/2376
f 1776/2700/2378 1780/2701/2378 1184/2702/2378
f 1770/2399/2379 1768/2397/2379 1195/1637/2379
f 1195/1637/2380 1768/2397/2380 1767/2396/2380
f 1195/1637/2381 1767/2396/2381 1196/1638/2381
f 1196/1638/2382 1767/2396/2382 1777/2406/2382
f 1196/2703/2383 1777/2704/2383 1198/2705/2383
f 1198/1640/2384 1777/2406/2384 1776/2405/2384
f 1198/1640/2385 1776/2405/2385 1199/1641/2385
f 1199/1641/2386 1776/2405/2386 1184/1625/2386
f 1184/1625/2388 1779/2408/2388 1778/2407/2388
f 1184/1625/2389 1778/2407/2389 1182/1623/2389
f 1182/1623/2390 1778/2407/2390 1783/2412/2390
f 1182/1623/2391 1783/2412/2391 1180/1621/2391
f 1783/2412/2392 1782/2411/2392 1180/1621/2392
f 1180/1621/2393 1782/2411/2393 1788/2417/2393
f 1180/1621/2394 1788/2417/2394 1174/1615/2394
f 1174/1615/2395 1788/2417/2395 1175/1616/2395
f 1175/1616/2396 1788/2417/2396 1787/2416/2396
f 1175/1616/2397 1787/2416/2397 1176/1617/2397
f 1787/2416/2398 1786/2415/2398 1176/1617/2398
f 1176/1617/2399 1786/2415/2399 1792/2421/2399
f 1176/1617/2400 1792/2421/2400 1177/1618/2400
f 1177/1618/2401 1792/2421/2401 1791/2420/2401
f 1177/1618/2402 1791/2420/2402 1178/1619/2402
f 1178/1619/2403 1791/2420/2403 1790/2419/2403
f 1178/1619/2404 1790/2419/2404 1164/1605/2404
f 1164/1605/2405 1790/2419/2405 1795/2424/2405
f 1164/1605/2406 1795/2424/2406 1165/1606/2406
f 1165/1606/2407 1795/2424/2407 1794/2423/2407
f 1165/1606/2408 1794/2423/2408 1167/1608/2408
f 1794/2423/2409 1798/2427/2409 1167/1608/2409
f 1167/1608/2410 1798/2427/2410 1797/2426/2410
f 1167/1608/2411 1797/2426/2411 1168/1609/2411
f 1797/2426/2412 1796/2425/2412 1168/1609/2412
f 1168/1609/2413 1796/2425/2413 1800/2429/2413
f 1168/1609/2414 1800/2429/2414 1169/1610/2414
f 1169/1610/2415 1800/2429/2415 1170/1611/2415
f 1800/2429/2416 1799/2428/2416 1170/1611/2416
f 1170/1611/2417 1799/2428/2417 1807/2436/2417
f 1170/1611/2418 1807/2436/2418 1171/1612/2418
f 1171/1612/2419 1807/2436/2419 1806/2435/2419
f 1171/1612/2420 1806/2435/2420 1158/1596/2420
f 1158/1596/2421 1806/2435/2421 1804/2433/2421
f 1158/1596/2422 1804/2433/2422 1159/1597/2422
f 1159/1597/2423 1804/2433/2423 1803/2432/2423
f 1159/1597/2424 1803/2432/2424 1162/1600/2424
f 1162/1600/2425 1803/2432/2425 1810/2439/2425
f 1162/1600/2426 1810/2439/2426 1163/1601/2426
f 1163/1601/2427 1810/2439/2427 1809/2438/2427
f 1163/1601/2428 1809/2438/2428 1151/1587/2428
f 1809/2438/2429 1814/2443/2429 1151/1587/2429
f 1151/1587/2430 1814/2443/2430 1813/2442/2430
f 1151/1587/2431 1813/2442/2431 1152/1588/2431
f 1152/1588/2432 1813/2442/2432 1811/2440/2432
f 1152/1588/2433 1811/2440/2433 1154/1590/2433
f 1154/1593/2434 1811/2706/2434 1156/1594/2434
f 1156/2707/2435 1811/2440/2435 1822/2453/2435
f 1156/1594/2436 1822/2708/2436 1821/2680/2436
f 1157/1595/2437 1820/2679/2437 1142/1578/2437
f 1142/1578/2438 1820/2679/2438 1818/2709/2438
f 1142/1578/2439 1818/2709/2439 1143/1579/2439
f 1818/2709/2440 1816/2445/2440 1143/1579/2440
f 1143/1579/2441 1816/2445/2441 1815/2444/2441
f 1143/1579/2442 1815/2444/2442 1145/1581/2442
f 1145/1581/2443 1815/2444/2443 1826/2457/2443
f 1145/1581/2444 1826/2457/2444 1147/1583/2444
f 1826/2457/2445 1828/2459/2445 1147/1583/2445
f 1147/1583/2446 1828/2459/2446 1829/2460/2446
f 1147/1583/2447 1829/2460/2447 1148/1584/2447
f 1148/1584/2448 1829/2460/2448 1825/2456/2448
f 1148/1584/2449 1825/2456/2449 1149/1585/2449
f 1149/1585/2450 1825/2456/2450 1150/1586/2450
f 1825/2456/2451 1824/2455/2451 1150/1586/2451
f 1150/1586/2451 1824/2455/2451 1834/2465/2451
f 1150/1586/2452 1834/2465/2452 1135/1571/2452
f 1135/1571/2453 1834/2465/2453 1833/2464/2453
f 1135/1571/2454 1833/2464/2454 1136/1572/2454
f 1136/1572/2455 1833/2464/2455 1831/2462/2455
f 1136/1572/2456 1831/2462/2456 1138/1574/2456
f 1831/2462/2457 1830/2461/2457 1138/1574/2457
f 1138/1574/2458 1830/2461/2458 2007/2667/2458
f 1138/1574/2459 2007/2667/2459 1140/1576/2459
f 1140/1576/2460 2007/2667/2460 1839/2470/2460
f 1140/1576/2461 1839/2470/2461 1141/1577/2461
f 1141/1577/2462 1839/2470/2462 1838/2469/2462
f 1141/1577/2463 1838/2469/2463 1133/1569/2463
f 1133/1569/2463 1838/2469/2463 849/989/2463
f 1838/2469/2464 1836/2467/2464 849/989/2464
f 849/989/2465 1836/2467/2465 1835/2466/2465
f 849/989/2466 1835/2466/2466 847/987/2466
f 847/987/2467 1835/2466/2467 1843/2474/2467
f 1840/2471/2468 839/979/2468 1841/2472/2468
f 1841/2472/2469 839/979/2469 841/981/2469
f 1841/2472/2470 841/981/2470 1843/2474/2470
f 1843/2474/2471 841/981/2471 845/985/2471
f 1843/2474/2472 845/985/2472 847/987/2472
f 1840/2471/2473 1850/2481/2473 839/979/2473
f 839/979/2473 1850/2481/2473 1849/2480/2473
f 839/979/2474 1849/2480/2474 837/977/2474
f 837/977/2475 1849/2480/2475 1848/2479/2475
f 837/977/2476 1848/2479/2476 842/982/2476
f 842/982/2477 1848/2479/2477 1846/2477/2477
f 842/982/2478 1846/2477/2478 843/983/2478
f 843/983/2479 1846/2477/2479 1845/2476/2479
f 843/983/2480 1845/2476/2480 844/984/2480
f 844/984/2481 1845/2476/2481 833/973/2481
f 2008/2678/2482 835/975/2482 1856/2489/2482
f 1845/2476/2483 1854/2487/2483 833/973/2483
f 833/973/2484 1854/2487/2484 1853/2486/2484
f 833/973/2485 1853/2486/2485 832/972/2485
f 832/972/2486 1853/2486/2486 1852/2710/2486
f 832/972/2487 1852/2710/2487 835/975/2487
f 835/975/2488 1852/2710/2488 1857/2711/2488
f 835/975/2488 1857/2711/2488 1856/2489/2488
f 582/680/2489 579/677/2489 794/932/2489
f 1711/2330/1645 595/693/1645 2010/2712/1645
f 2010/2712/2490 595/693/2490 583/681/2490
f 2010/2712/1646 583/681/1646 794/932/1646
f 794/932/2491 583/681/2491 582/680/2491
f 481/577/2492 480/576/2492 1722/2341/2492
f 481/577/2493 1722/2341/2493 474/570/2493
f 474/570/2494 1722/2341/2494 475/571/2494
f 475/571/1638 1722/2341/1638 2009/2681/1638
f 475/571/1640 2009/2681/1640 1185/1626/1640
f 2010/2712/2495 794/932/2495 793/931/2495
f 1711/2330/2496 1907/2547/2496 1712/2331/2496
f 1712/2331/2497 1907/2547/2497 1710/2329/2497
f 1860/2494/2498 836/976/2498 1855/2488/2498
f 1855/2488/2499 836/976/2499 2008/2678/2499
f 1855/2488/2500 2008/2678/2500 1856/2489/2500
f 830/970/2501 828/968/2501 1736/2355/2501
f 1736/2355/2502 828/968/2502 827/967/2502
f 1736/2355/2503 827/967/2503 1737/2356/2503
f 1737/2356/2504 827/967/2504 826/966/2504
f 1737/2356/2505 826/966/2505 1861/2495/2505
f 1861/2495/2506 826/966/2506 825/965/2506
f 1861/2495/2507 825/965/2507 1862/2496/2507
f 1862/2496/2508 825/965/2508 823/963/2508
f 1862/2496/2509 823/963/2509 1863/2497/2509
f 1863/2497/2510 823/963/2510 821/961/2510
f 1863/2497/2511 821/961/2511 1860/2494/2511
f 1860/2494/2512 821/961/2512 820/960/2512
f 1860/2494/2513 820/960/2513 836/976/2513
f 1736/2355/2514 1864/2498/2514 830/970/2514
f 830/970/2515 1864/2498/2515 1866/2713/2515
f 830/970/2516 1866/2713/2516 831/971/2516
f 831/971/2517 1866/2713/2517 1871/2714/2517
f 831/971/2518 1871/2714/2518 812/950/2518
f 812/950/2519 1871/2714/2519 1870/2715/2519
f 812/950/2520 1870/2715/2520 813/951/2520
f 818/2716/2521 817/955/2521 2001/2717/2521
f 2001/2717/2522 817/955/2522 815/953/2522
f 2001/2717/2523 815/953/2523 1867/2718/2523
f 1867/2719/2524 815/2720/2524 813/2721/2524
f 1867/2718/2525 813/951/2525 1868/2722/2525
f 1868/2722/2526 813/951/2526 1870/2715/2526
f 2001/2717/2527 2002/2723/2527 818/2716/2527
f 818/2716/2527 2002/2723/2527 1872/2724/2527
f 818/2716/2528 1872/2724/2528 805/2725/2528
f 805/2725/2529 1872/2724/2529 1874/2726/2529
f 805/943/2530 1874/2514/2530 806/944/2530
f 806/944/2531 1874/2514/2531 1876/2516/2531
f 806/944/2532 1876/2516/2532 808/946/2532
f 808/2727/2533 1876/2728/2533 1881/2729/2533
f 808/2727/2534 1881/2729/2534 810/2730/2534
f 810/2730/2535 1881/2729/2535 811/2731/2535
f 811/2731/2536 1881/2729/2536 1880/2732/2536
f 811/2731/2537 1880/2732/2537 802/2733/2537
f 802/940/2538 1880/2520/2538 1878/2518/2538
f 802/940/2539 1878/2518/2539 801/939/2539
f 1878/2518/2540 1877/2517/2540 801/939/2540
f 801/939/2541 1877/2517/2541 1886/2526/2541
f 801/939/2542 1886/2526/2542 799/937/2542
f 799/2734/2543 1886/2735/2543 1885/2736/2543
f 799/2734/2544 1885/2736/2544 804/2737/2544
f 804/2737/2545 1885/2736/2545 795/2738/2545
f 795/2739/2546 1885/2740/2546 1883/2741/2546
f 795/933/2547 1883/2523/2547 796/934/2547
f 1883/2742/2548 1882/2743/2548 796/2744/2548
f 796/934/2549 1882/2522/2549 1889/2529/2549
f 796/2745/2550 1889/2746/2550 797/2747/2550
f 797/2748/2551 1889/2749/2551 1888/2750/2551
f 797/2748/2552 1888/2750/2552 798/2751/2552
f 1892/2755/2554 709/2756/2554 1893/2757/2554
f 1888/2750/2555 1895/2758/2555 798/2751/2555
f 798/2751/2556 1895/2758/2556 1893/2757/2556
f 798/2751/2557 1893/2757/2557 708/2759/2557
f 708/2759/2558 1893/2757/2558 709/2756/2558
f 1892/2532/2559 1891/2531/2559 780/918/2559
f 780/918/2559 1891/2531/2559 1890/2530/2559
f 780/918/2560 1890/2530/2560 781/919/2560
f 781/919/2561 1890/2530/2561 1900/2540/2561
f 781/919/2562 1900/2540/2562 782/920/2562
f 782/920/2563 1900/2540/2563 783/921/2563
f 783/921/2564 1900/2540/2564 1899/2539/2564
f 783/2760/2565 1899/2761/2565 784/2762/2565
f 784/922/2566 1899/2539/2566 1898/2538/2566
f 784/922/2567 1898/2538/2567 785/923/2567
f 785/923/2568 1898/2538/2568 1897/2537/2568
f 785/2763/2569 1897/2764/2569 786/2765/2569
f 1897/2764/2570 1896/2766/2570 786/2765/2570
f 786/2765/2571 1896/2766/2571 1734/2767/2571
f 786/924/2572 1734/2353/2572 787/925/2572
f 787/925/2573 1734/2353/2573 1733/2352/2573
f 787/925/2574 1733/2352/2574 788/926/2574
f 788/926/2575 1733/2352/2575 1981/2639/2575
f 788/926/2576 1981/2639/2576 789/927/2576
f 789/927/2577 1981/2639/2577 790/928/2577
f 1711/2330/2578 2010/2712/2578 1907/2547/2578
f 1907/2547/2579 2010/2712/2579 793/931/2579
f 1907/2547/2580 793/931/2580 1901/2541/2580
f 1901/2541/2581 793/931/2581 792/930/2581
f 1901/2541/2582 792/930/2582 1902/2542/2582
f 1902/2542/2583 792/930/2583 791/929/2583
f 1902/2542/1104 791/929/1104 1904/2544/1104
f 1904/2768/2584 791/2769/2584 790/2770/2584
f 1904/2544/2585 790/928/2585 1905/2545/2585
f 1905/2545/2586 790/928/2586 1981/2639/2586
f 2011/2771/763 2012/2772/763 2013/2773/763
f 2013/2773/763 2012/2772/763 2014/2774/763
f 2012/2772/2587 2011/2771/2587 2015/2775/2587
f 2015/2775/2588 2011/2771/2588 2016/2776/2588
f 2015/2775/2589 2016/2776/2589 2017/2777/2589
f 2017/2777/2590 2016/2776/2590 2018/2778/2590
f 2017/2777/2591 2018/2778/2591 2019/2779/2591
f 2019/2779/2592 2018/2778/2592 2020/2780/2592
f 2019/2779/2593 2020/2780/2593 2021/2781/2593
f 2021/2781/2594 2020/2780/2594 2022/2782/2594
f 2021/2783/2595 2022/2784/2595 2023/2785/2595
f 2023/2786/2596 2022/2782/2596 2024/2787/2596
f 2023/2785/2597 2024/2788/2597 2025/2789/2597
f 2025/2789/2598 2024/2788/2598 2026/2790/2598
f 2025/2789/2599 2026/2790/2599 2027/2791/2599
f 2027/2791/2600 2026/2790/2600 2028/2792/2600
f 2027/2791/2601 2028/2792/2601 2029/2793/2601
f 2029/2793/2601 2028/2792/2601 1343/1810/2601
f 1343/1810/2602 2028/2792/2602 2030/2794/2602
f 1343/1810/2603 2030/2794/2603 1345/1812/2603
f 2031/2795/2604 2032/2796/2604 2033/2797/2604
f 2033/2798/2605 2032/2799/2605 2034/2800/2605
f 2034/2800/2606 2032/2799/2606 2035/2801/2606
f 2034/2800/2607 2035/2801/2607 2036/2802/2607
f 2036/2802/2608 2035/2801/2608 2037/2803/2608
f 2036/2802/2609 2037/2803/2609 1340/1806/2609
f 1340/1806/2610 2037/2803/2610 2038/2804/2610
f 1340/1806/2611 2038/2804/2611 1341/1808/2611
f 2033/2798/2612 2039/2805/2612 2031/2806/2612
f 2031/2807/2613 2039/2808/2613 2040/2809/2613
f 2040/2810/2614 2039/2811/2614 2041/2812/2614
f 2040/2813/2615 2041/2814/2615 2042/2815/2615
f 2042/2815/2616 2041/2814/2616 2043/2816/2616
f 2042/2815/2617 2043/2816/2617 2044/2817/2617
f 2013/2773/2618 2014/2774/2618 2045/2818/2618
f 2045/2818/2619 2014/2774/2619 2044/2817/2619
f 2045/2818/2620 2044/2817/2620 2046/2819/2620
f 2046/2819/2621 2044/2817/2621 2043/2816/2621
f 295/711/2622 610/709/2622 296/2820/2622
f 296/2820/2623 610/709/2623 2047/2821/2623
f 296/2820/2624 2047/2821/2624 255/2822/2624
f 255/2822/2625 2047/2821/2625 256/2823/2625
f 256/2823/2626 2047/2821/2626 2048/2824/2626
f 256/2823/2627 2048/2824/2627 257/2825/2627
f 257/2825/2628 2048/2824/2628 258/2826/2628
f 2048/2827/2629 2049/2828/2629 258/2829/2629
f 258/2829/2630 2049/2828/2630 252/2830/2630
f 252/2830/2631 2049/2828/2631 1340/1806/2631
f 252/2830/2632 1340/1806/2632 253/1805/2632
f 2050/2831/2633 2047/2821/2633 610/709/2633
f 2036/2802/2634 1340/1806/2634 2049/2828/2634
f 2033/2798/2635 2034/2800/2635 2051/2832/2635
f 2050/2831/2636 2052/2833/2636 2053/2834/2636
f 2033/2798/2637 2051/2832/2637 2039/2805/2637
f 2054/2835/2638 2039/2805/2638 2051/2832/2638
f 2054/2835/2639 2051/2832/2639 2053/2836/2639
f 2053/2836/2640 2051/2832/2640 2055/2837/2640
f 2053/2834/2641 2055/2838/2641 2050/2831/2641
f 2050/2831/2642 2055/2838/2642 2048/2824/2642
f 2050/2831/2643 2048/2824/2643 2047/2821/2643
f 2013/2773/2644 2045/2818/2644 2056/2839/2644
f 2056/2839/2645 2045/2818/2645 2057/2840/2645
f 2056/2839/2646 2057/2840/2646 2058/2841/2646
f 2058/2841/2647 2057/2840/2647 2059/2842/2647
f 2058/2841/2648 2059/2842/2648 2060/2843/2648
f 2060/2844/2649 2059/2845/2649 2061/2846/2649
f 2060/2843/2650 2061/2847/2650 2062/2848/2650
f 2045/2818/2651 2046/2819/2651 2057/2840/2651
f 2057/2840/2652 2046/2819/2652 2043/2816/2652
f 2057/2840/2653 2043/2816/2653 2041/2814/2653
f 607/705/2654 2052/2833/2654 608/706/2654
f 608/706/2655 2052/2833/2655 2050/2831/2655
f 608/706/2656 2050/2831/2656 609/707/2656
f 609/707/2657 2050/2831/2657 610/709/2657
f 607/705/2658 606/704/2658 2061/2846/2658
f 2061/2846/2659 606/704/2659 605/703/2659
f 2061/2846/2660 605/703/2660 2062/2849/2660
f 2034/2800/2661 2036/2802/2661 2051/2832/2661
f 2051/2832/2662 2036/2802/2662 2049/2828/2662
f 2051/2832/2663 2049/2828/2663 2055/2837/2663
f 2055/2837/2664 2049/2828/2664 2048/2827/2664
f 607/705/2665 2061/2846/2665 2052/2833/2665
f 2052/2833/2666 2061/2846/2666 2059/2845/2666
f 2052/2833/2667 2059/2845/2667 2053/2834/2667
f 2053/2850/2668 2059/2842/2668 2057/2840/2668
f 2053/2850/2669 2057/2840/2669 2054/2851/2669
f 2054/2851/2670 2057/2840/2670 2041/2814/2670
f 2054/2851/2671 2041/2814/2671 2039/2852/2671
f 2011/2771/2672 2013/2773/2672 2063/2853/2672
f 2063/2853/2673 2013/2773/2673 2056/2839/2673
f 2063/2853/2674 2056/2839/2674 2064/2854/2674
f 2064/2854/2675 2056/2839/2675 2058/2841/2675
f 2064/2854/2676 2058/2841/2676 2065/2855/2676
f 2065/2855/5 2058/2841/5 2060/2843/5
f 2065/2855/2677 2060/2843/2677 2066/2856/2677
f 2066/2856/2678 2060/2843/2678 2062/2848/2678
f 2066/2857/2679 2062/2849/2679 2067/2858/2679
f 2067/2858/2680 2062/2849/2680 605/703/2680
f 2067/2858/2681 605/703/2681 604/702/2681
f 2068/2859/2682 2067/2858/2682 604/702/2682
f 2016/2776/2683 2011/2771/2683 2063/2853/2683
f 2020/2780/2684 2018/2778/2684 2069/2860/2684
f 2067/2858/2685 2068/2859/2685 2066/2857/2685
f 2068/2859/2686 2070/2861/2686 2071/2862/2686
f 2072/2863/2687 2073/2864/2687 2074/2865/2687
f 2020/2780/2688 2069/2860/2688 2022/2782/2688
f 2075/2866/2689 2022/2782/2689 2069/2860/2689
f 2075/2866/2690 2069/2860/2690 2071/2867/2690
f 2071/2867/2691 2069/2860/2691 2076/2868/2691
f 2071/2862/2692 2076/2869/2692 2068/2859/2692
f 2068/2859/2693 2076/2869/2693 2065/2870/2693
f 2068/2871/2694 2065/2855/2694 2066/2856/2694
f 1345/1812/2695 2030/2794/2695 2077/2872/2695
f 2077/2872/2696 2030/2794/2696 2078/2873/2696
f 2077/2872/2697 2078/2873/2697 2074/2874/2697
f 2077/2872/2698 2074/2874/2698 2079/2875/2698
f 2079/2876/2699 2074/2865/2699 2073/2864/2699
f 2030/2794/2700 2028/2792/2700 2078/2873/2700
f 2078/2873/2701 2028/2792/2701 2026/2790/2701
f 2078/2873/2702 2026/2790/2702 2024/2788/2702
f 569/667/2703 2070/2861/2703 602/700/2703
f 602/700/2704 2070/2861/2704 2068/2859/2704
f 602/700/2705 2068/2859/2705 603/701/2705
f 603/701/2706 2068/2859/2706 604/702/2706
f 569/667/2707 568/666/2707 2072/2863/2707
f 2072/2863/2708 568/666/2708 566/664/2708
f 2072/2863/2709 566/664/2709 2073/2864/2709
f 2018/2778/2710 2016/2776/2710 2069/2860/2710
f 2069/2860/2711 2016/2776/2711 2063/2853/2711
f 2069/2860/2712 2063/2853/2712 2076/2868/2712
f 2076/2868/2713 2063/2853/2713 2064/2854/2713
f 2076/2868/2714 2064/2854/2714 2065/2855/2714
f 569/667/2715 2072/2863/2715 2070/2861/2715
f 2070/2861/2716 2072/2863/2716 2074/2865/2716
f 2070/2861/2717 2074/2865/2717 2071/2862/2717
f 2071/2877/2718 2074/2874/2718 2078/2873/2718
f 2071/2877/2719 2078/2873/2719 2075/2878/2719
f 2075/2878/2720 2078/2873/2720 2024/2788/2720
f 2075/2866/2721 2024/2787/2721 2022/2782/2721
f 2080/2879/2722 1344/1811/2722 1345/1812/2722
f 2080/2879/2723 1345/1812/2723 2081/2880/2723
f 2073/2864/2724 566/664/2724 565/663/2724
f 1345/1812/2725 2077/2872/2725 2081/2880/2725
f 2081/2880/2726 2077/2872/2726 2082/2881/2726
f 2082/2881/2727 2077/2872/2727 2079/2875/2727
f 2082/2881/2728 2079/2875/2728 2083/2882/2728
f 2083/2883/2729 2079/2876/2729 2073/2864/2729
f 2083/2883/2730 2073/2864/2730 2084/2884/2730
f 2084/2884/2731 2073/2864/2731 2085/2885/2731
f 2085/2885/2732 2073/2864/2732 565/663/2732
f 254/1807/2733 1341/1808/2733 259/2886/2733
f 259/2886/2734 1341/1808/2734 2086/2887/2734
f 259/2886/2735 2086/2887/2735 261/2888/2735
f 261/2888/2736 2086/2887/2736 2087/2889/2736
f 261/2888/2737 2087/2889/2737 262/2890/2737
f 262/2890/2738 2087/2889/2738 2088/2891/2738
f 262/1450/2739 2088/2892/2739 1079/1447/2739
f 1079/1447/2740 2088/2892/2740 1075/1443/2740
f 1075/1443/2741 2088/2892/2741 1347/1814/2741
f 1075/1443/2742 1347/1814/2742 1076/1444/2742
f 1357/1824/2743 1349/1816/2743 2089/2893/2743
f 2089/2893/2744 1349/1816/2744 1348/1815/2744
f 2090/2894/2745 1352/1819/2745 1351/1818/2745
f 2091/2895/2746 2092/2896/2746 2093/2897/2746
f 2038/2804/2747 2037/2803/2747 2092/2896/2747
f 1341/1808/2748 2038/2804/2748 2086/2887/2748
f 2086/2887/2749 2038/2804/2749 2092/2896/2749
f 2086/2887/2750 2092/2896/2750 2087/2889/2750
f 2087/2889/2751 2092/2896/2751 2091/2895/2751
f 2087/2889/2752 2091/2895/2752 2088/2891/2752
f 2088/2892/2753 2091/2898/2753 2094/2899/2753
f 2040/2813/2754 2095/2900/2754 2093/2901/2754
f 1357/1824/2755 2089/2893/2755 2096/2902/2755
f 2096/2902/2756 2089/2893/2756 2097/2903/2756
f 2096/2902/2757 2097/2903/2757 2098/2904/2757
f 2014/2774/2758 2099/2905/2758 2044/2817/2758
f 2044/2817/2759 2099/2905/2759 2095/2900/2759
f 2044/2817/2760 2095/2900/2760 2042/2815/2760
f 2042/2815/2761 2095/2900/2761 2040/2813/2761
f 2037/2803/2762 2035/2801/2762 2092/2896/2762
f 2092/2896/2763 2035/2801/2763 2032/2799/2763
f 2092/2896/2764 2032/2799/2764 2093/2897/2764
f 2093/2897/2765 2032/2799/2765 2031/2806/2765
f 2093/2897/2766 2031/2806/2766 2040/2906/2766
f 2100/2907/2767 2101/2908/2767 2098/2909/2767
f 2098/2904/2768 2101/2910/2768 2090/2894/2768
f 2098/2904/2769 2090/2894/2769 2096/2902/2769
f 2096/2902/2770 2090/2894/2770 1351/1818/2770
f 2096/2902/2771 1351/1818/2771 1357/1824/2771
f 1347/1814/2772 2088/2892/2772 1348/1815/2772
f 1348/1815/2773 2088/2892/2773 2094/2899/2773
f 1348/1815/2774 2094/2899/2774 2089/2893/2774
f 2089/2893/2775 2094/2899/2775 2091/2898/2775
f 2089/2893/2776 2091/2898/2776 2097/2903/2776
f 2097/2911/2777 2091/2895/2777 2093/2897/2777
f 2097/2912/2778 2093/2901/2778 2098/2909/2778
f 2098/2909/2779 2093/2901/2779 2095/2900/2779
f 2098/2909/2780 2095/2900/2780 2100/2907/2780
f 2100/2907/2781 2095/2900/2781 2099/2905/2781
f 2014/2774/2782 2012/2772/2782 2099/2905/2782
f 2099/2905/2782 2012/2772/2782 2102/2913/2782
f 2099/2905/2783 2102/2913/2783 2100/2907/2783
f 2100/2907/2784 2102/2913/2784 2103/2914/2784
f 2100/2907/2785 2103/2914/2785 2101/2908/2785
f 2101/2908/2785 2103/2914/2785 2104/2915/2785
f 2101/2910/2786 2104/2916/2786 2090/2894/2786
f 2090/2894/2787 2104/2916/2787 1353/1820/2787
f 2090/2894/2788 1353/1820/2788 1352/1819/2788
f 2105/2917/2789 2106/2918/2789 2107/2919/2789
f 2108/2920/2790 2109/2921/2790 2110/2922/2790
f 2109/2921/2791 1350/1817/2791 1354/1821/2791
f 1350/1817/2792 2109/2921/2792 1355/1822/2792
f 1355/1822/2793 2109/2921/2793 2108/2920/2793
f 1355/1822/2794 2108/2920/2794 1356/1823/2794
f 2111/2923/2795 2112/2924/2795 2113/2925/2795
f 2015/2775/2796 2017/2777/2796 2112/2924/2796
f 2012/2772/2797 2015/2775/2797 2102/2913/2797
f 2102/2913/2798 2015/2775/2798 2112/2924/2798
f 2102/2913/2799 2112/2924/2799 2103/2914/2799
f 2103/2914/2800 2112/2924/2800 2111/2923/2800
f 2103/2914/2801 2111/2923/2801 2104/2915/2801
f 2104/2916/2802 2111/2926/2802 2114/2927/2802
f 2115/2928/2803 2027/2791/2803 2029/2793/2803
f 2116/2929/2804 2115/2928/2804 2117/2930/2804
f 2117/2930/2805 2115/2928/2805 2029/2793/2805
f 2117/2930/2806 2029/2793/2806 1343/1810/2806
f 2017/2777/2807 2019/2779/2807 2112/2924/2807
f 2112/2924/2808 2019/2779/2808 2021/2781/2808
f 2112/2924/2809 2021/2781/2809 2113/2925/2809
f 2113/2931/2810 2021/2783/2810 2023/2785/2810
f 2113/2931/2811 2023/2785/2811 2115/2928/2811
f 2115/2928/2812 2023/2785/2812 2025/2789/2812
f 2115/2928/2813 2025/2789/2813 2027/2791/2813
f 2110/2922/2814 2105/2917/2814 2108/2920/2814
f 2108/2920/2815 2105/2917/2815 2107/2919/2815
f 2108/2920/2816 2107/2919/2816 1356/1823/2816
f 1356/1823/2817 2107/2919/2817 1346/1813/2817
f 1353/1820/2818 2104/2916/2818 1354/1821/2818
f 1354/1821/2819 2104/2916/2819 2114/2927/2819
f 1354/1821/2820 2114/2927/2820 2109/2921/2820
f 2109/2921/2821 2114/2927/2821 2111/2926/2821
f 2109/2921/2822 2111/2926/2822 2110/2922/2822
f 2110/2932/2823 2111/2923/2823 2113/2925/2823
f 2110/2933/2824 2113/2931/2824 2105/2934/2824
f 2105/2934/2825 2113/2931/2825 2115/2928/2825
f 2105/2934/2826 2115/2928/2826 2106/2935/2826
f 2106/2935/2827 2115/2928/2827 2116/2929/2827
f 2118/2936/2828 1082/1451/2828 1084/1453/2828
f 2116/2929/2829 2118/2937/2829 2106/2935/2829
f 2106/2935/2830 2118/2937/2830 1084/2938/2830
f 2106/2918/2831 1084/1453/2831 2107/2919/2831
f 2107/2919/2832 1084/1453/2832 1086/1455/2832
f 2107/2919/2833 1086/1455/2833 1087/1456/2833
f 2107/2919/2834 1087/1456/2834 1346/1813/2834
f 1346/1813/2835 1087/1456/2835 1089/1458/2835
f 2116/2929/2836 2117/2930/2836 2118/2937/2836
f 2118/2937/2837 2117/2930/2837 1343/1810/2837
f 2118/2937/2838 1343/1810/2838 1342/1809/2838
f 400/487/763 2119/2939/763 401/488/763
f 401/488/763 2119/2939/763 2120/2940/763
f 401/488/763 2120/2940/763 2121/2941/763
f 2122/2942/2839 2123/2943/2839 2124/2944/2839
f 2124/2944/2840 2123/2943/2840 2125/2945/2840
f 2124/2944/2841 2125/2945/2841 2126/2946/2841
f 2126/2946/2842 2125/2945/2842 2127/2947/2842
f 2126/2946/2843 2127/2947/2843 2128/2948/2843
f 2128/2948/2844 2127/2947/2844 2129/2949/2844
f 2128/2948/2845 2129/2949/2845 400/487/2845
f 400/487/2846 2129/2949/2846 2119/2939/2846
f 2122/2950/2847 2130/2951/2847 2131/2952/2847
f 2122/2950/2848 2131/2952/2848 2123/2953/2848
f 2122/2942/2849 2132/2954/2849 2130/2955/2849
f 2130/2951/2850 2132/2956/2850 2133/2957/2850
f 2130/2951/2851 2133/2957/2851 2134/2958/2851
f 2134/2958/2852 2133/2957/2852 2135/2959/2852
f 2134/2958/2853 2135/2959/2853 2136/2960/2853
f 2136/2960/2854 2135/2959/2854 1359/1826/2854
f 1359/1826/2855 2135/2959/2855 2137/2961/2855
f 1359/1826/2856 2137/2961/2856 1361/1828/2856
f 2138/2962/2857 1365/1832/2857 1363/1830/2857
f 2138/2962/2858 1363/1830/2858 2139/2963/2858
f 2139/2963/2859 1363/1830/2859 2140/2964/2859
f 2139/2963/2860 2140/2964/2860 2141/2965/2860
f 2141/2965/2861 2140/2964/2861 2142/2966/2861
f 2141/2965/2862 2142/2966/2862 2143/2967/2862
f 2143/2967/2863 2142/2966/2863 2144/2968/2863
f 2143/2967/2864 2144/2968/2864 2145/2969/2864
f 2144/2968/2865 2146/2970/2865 2145/2969/2865
f 2145/2969/2866 2146/2970/2866 2147/2971/2866
f 2147/2971/2867 2146/2970/2867 2148/2972/2867
f 2147/2973/2868 2148/2974/2868 2149/2975/2868
f 2149/2975/2869 2148/2974/2869 2150/2976/2869
f 2149/2975/2870 2150/2976/2870 2151/2977/2870
f 2121/2941/2871 2120/2940/2871 2152/2978/2871
f 2152/2978/2872 2120/2940/2872 2151/2977/2872
f 2152/2978/2873 2151/2977/2873 2153/2979/2873
f 2153/2979/2874 2151/2977/2874 2150/2976/2874
f 623/724/2875 621/722/2875 2154/2980/2875
f 2154/2980/2876 621/722/2876 2155/2981/2876
f 2154/2980/2877 2155/2981/2877 2156/2982/2877
f 2156/2982/2878 2155/2981/2878 2157/2983/2878
f 2157/2983/2879 2155/2981/2879 2158/2984/2879
f 2157/2983/2880 2158/2984/2880 2159/2985/2880
f 2159/2985/2881 2158/2984/2881 2160/2986/2881
f 2158/2987/2882 2161/2988/2882 2160/2989/2882
f 2160/2989/2883 2161/2988/2883 2162/2990/2883
f 2162/2990/2884 2161/2988/2884 1363/1830/2884
f 2162/2990/2885 1363/1830/2885 1362/1829/2885
f 2163/2991/2886 2155/2981/2886 621/722/2886
f 2140/2964/2887 1363/1830/2887 2161/2988/2887
f 2144/2968/2888 2142/2966/2888 2164/2992/2888
f 2163/2991/2889 2165/2993/2889 2166/2994/2889
f 2144/2968/2890 2164/2992/2890 2146/2970/2890
f 2167/2995/2891 2146/2970/2891 2164/2992/2891
f 2167/2995/2892 2164/2992/2892 2166/2996/2892
f 2166/2996/2893 2164/2992/2893 2168/2997/2893
f 2166/2994/2894 2168/2998/2894 2163/2991/2894
f 2163/2991/2895 2168/2998/2895 2158/2984/2895
f 2163/2991/2896 2158/2984/2896 2155/2981/2896
f 2121/2941/2897 2152/2978/2897 2169/2999/2897
f 2169/2999/2898 2152/2978/2898 2170/3000/2898
f 2169/2999/2899 2170/3000/2899 2171/3001/2899
f 2171/3001/2900 2170/3000/2900 2172/3002/2900
f 2171/3003/2901 2172/3004/2901 2173/3005/2901
f 2173/3005/2902 2172/3004/2902 2174/3006/2902
f 2173/3005/2903 2174/3006/2903 2175/3007/2903
f 2152/2978/2904 2153/2979/2904 2170/3000/2904
f 2170/3000/2905 2153/2979/2905 2150/2976/2905
f 2170/3000/2906 2150/2976/2906 2148/2974/2906
f 615/716/2907 2165/2993/2907 617/718/2907
f 617/718/2908 2165/2993/2908 2163/2991/2908
f 617/718/2909 2163/2991/2909 620/721/2909
f 620/721/2910 2163/2991/2910 621/722/2910
f 615/716/2911 613/714/2911 2174/3006/2911
f 2174/3006/2912 613/714/2912 611/712/2912
f 2174/3006/2913 611/712/2913 2175/3007/2913
f 2142/2966/2914 2140/2964/2914 2164/2992/2914
f 2164/2992/2915 2140/2964/2915 2161/2988/2915
f 2164/2992/2916 2161/2988/2916 2168/2997/2916
f 2168/2997/2917 2161/2988/2917 2158/2987/2917
f 615/716/2918 2174/3006/2918 2165/2993/2918
f 2165/2993/2919 2174/3006/2919 2172/3004/2919
f 2165/2993/2920 2172/3004/2920 2166/2994/2920
f 2166/2996/2921 2172/3008/2921 2170/3009/2921
f 2166/2996/2922 2170/3009/2922 2167/2995/2922
f 2167/2995/2923 2170/3009/2923 2148/2972/2923
f 2167/2995/2924 2148/2972/2924 2146/2970/2924
f 2175/3007/2925 611/712/2925 398/485/2925
f 401/488/2926 2121/2941/2926 403/490/2926
f 403/490/2927 2121/2941/2927 2169/2999/2927
f 403/490/2928 2169/2999/2928 404/491/2928
f 404/491/2927 2169/2999/2927 2171/3001/2927
f 404/3010/2929 2171/3003/2929 406/495/2929
f 406/495/2930 2171/3003/2930 2173/3005/2930
f 406/495/2930 2173/3005/2930 407/496/2930
f 407/496/2930 2173/3005/2930 2175/3007/2930
f 407/496/2931 2175/3007/2931 397/484/2931
f 397/484/2932 2175/3007/2932 398/485/2932
f 2176/3011/2933 396/483/2933 399/486/2933
f 2128/2948/2934 400/487/2934 402/489/2934
f 2124/2944/2935 2126/2946/2935 2177/3012/2935
f 2176/3011/2936 2178/3013/2936 2179/3014/2936
f 2180/3015/2937 2181/3016/2937 2182/3017/2937
f 2124/2944/2938 2177/3012/2938 2122/2942/2938
f 2183/3018/2939 2122/2942/2939 2177/3012/2939
f 2183/3018/2940 2177/3012/2940 2179/3019/2940
f 2179/3019/2941 2177/3012/2941 2184/3020/2941
f 2179/3014/2942 2184/3021/2942 2176/3011/2942
f 2176/3011/2943 2184/3021/2943 405/494/2943
f 2176/3011/2944 405/494/2944 396/483/2944
f 1361/1828/2945 2137/2961/2945 2185/3022/2945
f 2185/3022/2946 2137/2961/2946 2186/3023/2946
f 2185/3022/2947 2186/3023/2947 2182/3024/2947
f 2185/3022/2948 2182/3024/2948 2187/3025/2948
f 2187/3026/2949 2182/3017/2949 2181/3016/2949
f 2137/2961/2950 2135/2959/2950 2186/3023/2950
f 2186/3023/2951 2135/2959/2951 2133/2957/2951
f 2186/3023/2952 2133/2957/2952 2132/2956/2952
f 561/659/2953 2178/3013/2953 556/654/2953
f 556/654/2954 2178/3013/2954 2176/3011/2954
f 556/654/2955 2176/3011/2955 557/655/2955
f 557/655/2956 2176/3011/2956 399/486/2956
f 561/659/2957 563/661/2957 2180/3015/2957
f 2180/3015/2958 563/661/2958 555/653/2958
f 2180/3015/2959 555/653/2959 2181/3016/2959
f 2126/2946/2960 2128/2948/2960 2177/3012/2960
f 2177/3012/2961 2128/2948/2961 402/489/2961
f 2177/3012/2962 402/489/2962 2184/3020/2962
f 2184/3020/2963 402/489/2963 405/492/2963
f 561/659/2964 2180/3015/2964 2178/3013/2964
f 2178/3013/2965 2180/3015/2965 2182/3017/2965
f 2178/3013/2966 2182/3017/2966 2179/3014/2966
f 2179/3027/2967 2182/3024/2967 2186/3023/2967
f 2179/3027/2968 2186/3023/2968 2183/3028/2968
f 2183/3028/2969 2186/3023/2969 2132/2956/2969
f 2183/3018/2970 2132/2954/2970 2122/2942/2970
f 2188/3029/2971 1360/1827/2971 1361/1828/2971
f 2188/3029/2972 1361/1828/2972 2189/3030/2972
f 2181/3016/2973 555/653/2973 554/652/2973
f 1361/1828/2974 2185/3022/2974 2189/3030/2974
f 2189/3030/2975 2185/3022/2975 2190/3031/2975
f 2190/3031/2976 2185/3022/2976 2187/3025/2976
f 2190/3031/2977 2187/3025/2977 2191/3032/2977
f 2191/3033/2978 2187/3026/2978 2181/3016/2978
f 2191/3033/2979 2181/3016/2979 2192/3034/2979
f 2192/3034/2980 2181/3016/2980 2193/3035/2980
f 2193/3035/2981 2181/3016/2981 554/652/2981
f 1364/1831/2982 1365/1832/2982 2194/3036/2982
f 2194/3036/2983 1365/1832/2983 2195/3037/2983
f 2194/3036/2984 2195/3037/2984 2196/3038/2984
f 2196/3038/2985 2195/3037/2985 2197/3039/2985
f 2196/3038/2986 2197/3039/2986 1097/3040/2986
f 1097/1466/2987 2197/3041/2987 2198/3042/2987
f 1097/1466/2988 2198/3042/2988 1094/1463/2988
f 1094/1463/2989 2198/3042/2989 1090/1459/2989
f 1090/1459/2990 2198/3042/2990 1367/1834/2990
f 1090/1459/2991 1367/1834/2991 1091/1460/2991
f 1377/1844/2992 1369/1836/2992 2199/3043/2992
f 2199/3043/2993 1369/1836/2993 1368/1835/2993
f 2200/3044/2994 1372/1839/2994 1371/1838/2994
f 2201/3045/2995 2202/3046/2995 2203/3047/2995
f 2138/2962/2996 2139/2963/2996 2202/3046/2996
f 1365/1832/2997 2138/2962/2997 2195/3037/2997
f 2195/3037/2998 2138/2962/2998 2202/3046/2998
f 2195/3037/2999 2202/3046/2999 2197/3039/2999
f 2197/3039/3000 2202/3046/3000 2201/3045/3000
f 2197/3039/3001 2201/3045/3001 2198/3048/3001
f 2198/3042/3002 2201/3049/3002 2204/3050/3002
f 2147/2971/3003 2205/3051/3003 2203/3047/3003
f 1377/1844/3004 2199/3043/3004 2206/3052/3004
f 2206/3052/3005 2199/3043/3005 2207/3053/3005
f 2206/3052/3006 2207/3053/3006 2208/3054/3006
f 2120/2940/3007 2209/3055/3007 2151/2977/3007
f 2151/2977/3008 2209/3055/3008 2205/3056/3008
f 2151/2977/3009 2205/3056/3009 2149/2975/3009
f 2149/2975/3010 2205/3056/3010 2147/2973/3010
f 2139/2963/3011 2141/2965/3011 2202/3046/3011
f 2202/3046/3012 2141/2965/3012 2143/2967/3012
f 2202/3046/3013 2143/2967/3013 2203/3047/3013
f 2203/3047/3014 2143/2967/3014 2145/2969/3014
f 2203/3047/3015 2145/2969/3015 2147/2971/3015
f 2210/3057/3016 2211/3058/3016 2208/3054/3016
f 2208/3054/3017 2211/3058/3017 2200/3044/3017
f 2208/3054/3018 2200/3044/3018 2206/3052/3018
f 2206/3052/3019 2200/3044/3019 1371/1838/3019
f 2206/3052/3020 1371/1838/3020 1377/1844/3020
f 1367/1834/3021 2198/3042/3021 1368/1835/3021
f 1368/1835/3022 2198/3042/3022 2204/3050/3022
f 1368/1835/3023 2204/3050/3023 2199/3043/3023
f 2199/3043/3024 2204/3050/3024 2201/3049/3024
f 2199/3043/3025 2201/3049/3025 2207/3053/3025
f 2207/3059/3026 2201/3045/3026 2203/3047/3026
f 2207/3059/3027 2203/3047/3027 2208/3060/3027
f 2208/3060/3028 2203/3047/3028 2205/3051/3028
f 2208/3061/3029 2205/3056/3029 2210/3062/3029
f 2210/3062/3030 2205/3056/3030 2209/3055/3030
f 2120/2940/3031 2119/2939/3031 2209/3055/3031
f 2209/3055/3031 2119/2939/3031 2212/3063/3031
f 2209/3055/3032 2212/3063/3032 2210/3062/3032
f 2210/3062/3033 2212/3063/3033 2213/3064/3033
f 2210/3057/3034 2213/3065/3034 2211/3058/3034
f 2211/3058/3035 2213/3065/3035 2214/3066/3035
f 2211/3058/3036 2214/3066/3036 2200/3044/3036
f 2200/3044/3037 2214/3066/3037 1373/1840/3037
f 2200/3044/3038 1373/1840/3038 1372/1839/3038
f 2215/3067/3039 2216/3068/3039 2217/3069/3039
f 2218/3070/3040 2219/3071/3040 2220/3072/3040
f 2219/3071/3041 1370/1837/3041 1374/1841/3041
f 1370/1837/3042 2219/3071/3042 1375/1842/3042
f 1375/1842/3043 2219/3071/3043 2218/3070/3043
f 1375/1842/3044 2218/3070/3044 1376/1843/3044
f 2221/3073/3045 2222/3074/3045 2223/3075/3045
f 2129/2949/3046 2127/2947/3046 2222/3074/3046
f 2119/2939/3047 2129/2949/3047 2212/3063/3047
f 2212/3063/3048 2129/2949/3048 2222/3074/3048
f 2212/3063/3049 2222/3074/3049 2213/3064/3049
f 2213/3064/3050 2222/3074/3050 2221/3073/3050
f 2213/3064/3051 2221/3073/3051 2214/3076/3051
f 2214/3066/3052 2221/3077/3052 2224/3078/3052
f 2225/3079/3053 2134/2958/3053 2136/2960/3053
f 2226/3080/3054 2225/3079/3054 2227/3081/3054
f 2227/3081/3055 2225/3079/3055 2136/2960/3055
f 2227/3081/3056 2136/2960/3056 1359/1826/3056
f 2127/2947/3057 2125/2945/3057 2222/3074/3057
f 2222/3074/3058 2125/2945/3058 2123/2943/3058
f 2222/3074/3059 2123/2943/3059 2223/3075/3059
f 2223/3082/3060 2123/2953/3060 2131/2952/3060
f 2223/3082/3061 2131/2952/3061 2225/3079/3061
f 2225/3079/3062 2131/2952/3062 2130/2951/3062
f 2225/3079/3063 2130/2951/3063 2134/2958/3063
f 2220/3072/3064 2215/3067/3064 2218/3070/3064
f 2218/3070/3065 2215/3067/3065 2217/3069/3065
f 2218/3070/3066 2217/3069/3066 1376/1843/3066
f 1376/1843/3067 2217/3069/3067 1366/1833/3067
f 1373/1840/3068 2214/3066/3068 1374/1841/3068
f 1374/1841/3069 2214/3066/3069 2224/3078/3069
f 1374/1841/3070 2224/3078/3070 2219/3071/3070
f 2219/3071/3071 2224/3078/3071 2221/3077/3071
f 2219/3071/3072 2221/3077/3072 2220/3072/3072
f 2220/3083/3073 2221/3073/3073 2223/3075/3073
f 2220/3084/3074 2223/3082/3074 2215/3085/3074
f 2215/3085/3075 2223/3082/3075 2225/3079/3075
f 2215/3085/3076 2225/3079/3076 2216/3086/3076
f 2216/3086/3077 2225/3079/3077 2226/3080/3077
f 2228/3087/3078 917/1136/3078 1100/1469/3078
f 2226/3080/3079 2228/3088/3079 2216/3086/3079
f 2216/3086/3080 2228/3088/3080 1100/3089/3080
f 2216/3068/3081 1100/1469/3081 2217/3069/3081
f 2217/3069/3082 1100/1469/3082 1102/1471/3082
f 2217/3069/3083 1102/1471/3083 1103/1472/3083
f 2217/3069/3084 1103/1472/3084 1366/1833/3084
f 1366/1833/3085 1103/1472/3085 1098/1467/3085
f 2226/3080/3086 2227/3081/3086 2228/3088/3086
f 2228/3088/3087 2227/3081/3087 1359/1826/3087
f 2228/3088/3088 1359/1826/3088 1358/1825/3088
f 2229/3090/3089 2230/3091/3089 2231/3092/3089
f 2231/3092/3089 2230/3091/3089 2232/3093/3089
f 2233/3094/3089 2234/3095/3089 2235/3096/3089
f 2235/3096/3089 2234/3095/3089 2236/3097/3089
f 2237/3098/3090 1323/1788/3090 1322/1786/3090
f 2237/3098/3091 1322/1786/3091 2238/3099/3091
f 2238/3099/3092 1322/1786/3092 2239/3100/3092
f 2238/3099/3093 2239/3100/3093 2240/3101/3093
f 2240/3101/3094 2239/3100/3094 2241/3102/3094
f 2240/3101/3095 2241/3102/3095 2242/3103/3095
f 2242/3103/3096 2241/3102/3096 2243/3104/3096
f 2242/3105/3097 2243/3106/3097 2244/3107/3097
f 2243/3108/3098 2245/3109/3098 2244/3110/3098
f 2244/3107/3099 2245/3111/3099 2246/3112/3099
f 2246/3113/3100 2245/3114/3100 2247/3115/3100
f 2246/3112/3101 2247/3116/3101 2248/3117/3101
f 2248/3117/3102 2247/3116/3102 2249/3118/3102
f 2248/3117/3103 2249/3118/3103 2250/3119/3103
f 2231/3092/3104 2232/3093/3104 2251/3120/3104
f 2251/3120/3105 2232/3093/3105 2250/3119/3105
f 2251/3120/3106 2250/3119/3106 2252/3121/3106
f 2252/3121/3107 2250/3119/3107 2249/3118/3107
f 2230/3091/3108 2229/3090/3108 2253/3122/3108
f 2253/3122/3109 2229/3090/3109 2254/3123/3109
f 2253/3122/3110 2254/3123/3110 2255/3124/3110
f 2255/3124/3111 2254/3123/3111 2256/3125/3111
f 2255/3124/3112 2256/3125/3112 2257/3126/3112
f 2257/3126/3113 2256/3125/3113 2258/3127/3113
f 2257/3126/3114 2258/3127/3114 2259/3128/3114
f 2259/3128/3115 2258/3127/3115 2260/3129/3115
f 2259/3130/3116 2260/3131/3116 2261/3132/3116
f 2261/3133/3117 2260/3134/3117 2262/3135/3117
f 2261/3132/3118 2262/3136/3118 2263/3137/3118
f 2263/3137/3119 2262/3136/3119 2264/3138/3119
f 2263/3137/3120 2264/3138/3120 2265/3139/3120
f 2265/3139/3121 2264/3138/3121 2266/3140/3121
f 2265/3139/3122 2266/3140/3122 2267/3141/3122
f 2267/3141/3123 2266/3140/3123 1337/1802/3123
f 1337/1802/3124 2266/3140/3124 2268/3142/3124
f 1337/1802/3125 2268/3142/3125 1339/1804/3125
f 2234/3095/3126 2233/3094/3126 2269/3143/3126
f 2269/3143/3127 2233/3094/3127 2270/3144/3127
f 2269/3143/3128 2270/3144/3128 2271/3145/3128
f 2271/3145/3129 2270/3144/3129 2272/3146/3129
f 2271/3145/3130 2272/3146/3130 2273/3147/3130
f 2273/3147/3131 2272/3146/3131 2274/3148/3131
f 2273/3147/3132 2274/3148/3132 2275/3149/3132
f 2275/3149/3133 2274/3148/3133 2276/3150/3133
f 2275/3151/3134 2276/3152/3134 2277/3153/3134
f 2277/3154/3135 2276/3155/3135 2278/3156/3135
f 2277/3157/3136 2278/3158/3136 2279/3159/3136
f 2279/3159/3137 2278/3158/3137 2280/3160/3137
f 2279/3159/3138 2280/3160/3138 2281/3161/3138
f 2281/3161/3139 2280/3160/3139 2282/3162/3139
f 2281/3161/3140 2282/3162/3140 2283/3163/3140
f 2283/3163/3141 2282/3162/3141 1319/1782/3141
f 1319/1782/3142 2282/3162/3142 2284/3164/3142
f 1319/1782/3143 2284/3164/3143 1321/1784/3143
f 2285/3165/3144 1305/1768/3144 1303/1766/3144
f 2285/3165/3145 1303/1766/3145 2286/3166/3145
f 2286/3166/3146 1303/1766/3146 2287/3167/3146
f 2286/3166/3147 2287/3167/3147 2288/3168/3147
f 2288/3168/3148 2287/3167/3148 2289/3169/3148
f 2288/3168/3149 2289/3169/3149 2290/3170/3149
f 2289/3169/3150 2291/3171/3150 2290/3170/3150
f 2290/3170/3151 2291/3171/3151 2292/3172/3151
f 2290/3173/3152 2292/3174/3152 2293/3175/3152
f 2293/3175/3153 2292/3174/3153 2294/3176/3153
f 2294/3177/3154 2292/3172/3154 2295/3178/3154
f 2294/3176/3155 2295/3179/3155 2296/3180/3155
f 2296/3180/3156 2295/3179/3156 2297/3181/3156
f 2296/3180/3157 2297/3181/3157 2298/3182/3157
f 2235/3096/3158 2236/3097/3158 2299/3183/3158
f 2299/3183/3159 2236/3097/3159 2298/3182/3159
f 2299/3183/3160 2298/3182/3160 2300/3184/3160
f 2300/3184/3161 2298/3182/3161 2297/3181/3161
f 2301/3185/3162 1320/1783/3162 1321/1784/3162
f 2301/3186/3163 1321/3187/3163 2302/3188/3163
f 2303/3189/3164 712/834/3164 852/992/3164
f 1321/1784/3165 2304/3190/3165 2302/3191/3165
f 2302/3192/3166 2304/3193/3166 2305/3194/3166
f 2305/3194/3167 2304/3193/3167 2306/3195/3167
f 2305/3194/3168 2306/3195/3168 2307/3196/3168
f 2307/3196/3169 2306/3195/3169 2303/3189/3169
f 2307/3196/3170 2303/3189/3170 2308/3197/3170
f 2308/3197/3171 2303/3189/3171 2309/3198/3171
f 2309/3198/3172 2303/3189/3172 852/992/3172
f 2310/3199/3173 2311/3200/3173 2312/3201/3173
f 2312/3201/3174 2311/3200/3174 2313/3202/3174
f 2312/3201/3175 2313/3202/3175 2314/3203/3175
f 2233/3094/3176 2313/3202/3176 2270/3144/3176
f 2270/3144/3177 2313/3202/3177 2311/3200/3177
f 2270/3144/3178 2311/3200/3178 2272/3146/3178
f 2272/3146/3179 2311/3200/3179 2274/3148/3179
f 2315/3204/3180 2280/3205/3180 2278/3206/3180
f 2315/3207/3181 2278/3208/3181 2316/3209/3181
f 2316/3210/3182 2278/3211/3182 2276/3212/3182
f 2304/3193/3183 2315/3213/3183 2317/3214/3183
f 2318/3215/3184 2319/3216/3184 2320/3217/3184
f 2320/3217/3185 2319/3216/3185 2321/3218/3185
f 2320/3217/3186 2321/3218/3186 717/841/3186
f 717/841/3187 716/840/3187 2320/3217/3187
f 2320/3217/3188 716/840/3188 715/839/3188
f 2320/3217/3189 715/839/3189 2322/3219/3189
f 2322/3219/3190 715/839/3190 714/838/3190
f 2322/3219/3191 714/838/3191 2323/3220/3191
f 2323/3220/3192 714/838/3192 713/835/3192
f 2323/3220/3193 713/835/3193 712/834/3193
f 2304/3190/3194 1321/1784/3194 2284/3164/3194
f 2304/3190/3195 2284/3164/3195 2315/3221/3195
f 2315/3204/3196 2284/3222/3196 2282/3223/3196
f 2315/3204/3197 2282/3223/3197 2280/3205/3197
f 2317/3214/3198 2315/3213/3198 2310/3224/3198
f 2310/3224/3199 2315/3213/3199 2316/3225/3199
f 2310/3199/3200 2316/3226/3200 2311/3200/3200
f 2311/3227/3201 2316/3210/3201 2276/3212/3201
f 2311/3228/3202 2276/3229/3202 2274/3230/3202
f 2317/3214/3203 2303/3189/3203 2306/3195/3203
f 2317/3214/3204 2306/3195/3204 2304/3193/3204
f 712/834/3205 2303/3189/3205 2323/3220/3205
f 2323/3220/3206 2303/3189/3206 2317/3214/3206
f 2323/3220/3207 2317/3214/3207 2322/3219/3207
f 2322/3219/3208 2317/3214/3208 2310/3224/3208
f 2322/3219/3209 2310/3224/3209 2320/3217/3209
f 2320/3217/3210 2310/3224/3210 2312/3231/3210
f 2320/3217/3211 2312/3231/3211 2318/3215/3211
f 2318/3215/3212 2312/3231/3212 2314/3232/3212
f 2324/3233/3213 1278/1726/3213 718/842/3213
f 2233/3094/3214 2235/3096/3214 2313/3202/3214
f 2313/3202/3214 2235/3096/3214 2325/3234/3214
f 2313/3202/3215 2325/3234/3215 2314/3203/3215
f 2314/3203/3215 2325/3234/3215 2326/3235/3215
f 2314/3203/3216 2326/3235/3216 2318/3236/3216
f 2318/3236/3217 2326/3235/3217 2327/3237/3217
f 2318/3236/3218 2327/3237/3218 2319/3238/3218
f 2319/3238/3219 2327/3237/3219 2324/3239/3219
f 2319/3216/3220 2324/3233/3220 2321/3218/3220
f 2321/3218/3221 2324/3233/3221 718/842/3221
f 2321/3218/3222 718/842/3222 717/841/3222
f 2326/3235/3223 2325/3234/3223 2328/3240/3223
f 2329/3241/3224 2330/3242/3224 2331/3243/3224
f 2331/3243/3225 2330/3242/3225 2332/3244/3225
f 1303/1766/3226 2332/3244/3226 2287/3167/3226
f 2287/3167/3227 2332/3244/3227 2330/3242/3227
f 2287/3167/3228 2330/3242/3228 2289/3169/3228
f 2289/3169/3229 2330/3242/3229 2291/3171/3229
f 2328/3240/3230 2297/3181/3230 2295/3179/3230
f 2328/3240/3231 2295/3179/3231 2333/3245/3231
f 2333/3246/3232 2295/3178/3232 2292/3172/3232
f 1278/1726/3233 2324/3233/3233 2334/3247/3233
f 2335/3248/3234 2336/3249/3234 2337/3250/3234
f 2337/3250/3235 2336/3249/3235 1284/1732/3235
f 1284/1732/3236 1285/1733/3236 2337/3250/3236
f 2337/3250/3237 1285/1733/3237 1281/1729/3237
f 2337/3250/3238 1281/1729/3238 2338/3251/3238
f 2338/3251/3239 1281/1729/3239 1280/1728/3239
f 2338/3251/3240 1280/1728/3240 2334/3247/3240
f 2334/3247/3241 1280/1728/3241 1279/1727/3241
f 2334/3247/3242 1279/1727/3242 1278/1726/3242
f 2325/3234/3243 2235/3096/3243 2299/3183/3243
f 2325/3234/3244 2299/3183/3244 2328/3240/3244
f 2328/3240/3245 2299/3183/3245 2300/3184/3245
f 2328/3240/3246 2300/3184/3246 2297/3181/3246
f 2327/3237/3247 2326/3235/3247 2339/3252/3247
f 2339/3252/3248 2326/3235/3248 2328/3240/3248
f 2339/3252/3249 2328/3240/3249 2329/3253/3249
f 2329/3253/3250 2328/3240/3250 2333/3245/3250
f 2329/3241/3251 2333/3246/3251 2330/3242/3251
f 2330/3242/3252 2333/3246/3252 2292/3172/3252
f 2330/3242/3253 2292/3172/3253 2291/3171/3253
f 2324/3239/3254 2327/3237/3254 2334/3254/3254
f 2334/3247/3255 2327/3255/3255 2339/3256/3255
f 2334/3247/3256 2339/3256/3256 2338/3251/3256
f 2338/3251/3257 2339/3256/3257 2329/3257/3257
f 2338/3251/3258 2329/3257/3258 2337/3250/3258
f 2337/3250/3259 2329/3257/3259 2331/3258/3259
f 2337/3250/3260 2331/3258/3260 2335/3248/3260
f 2335/3259/3261 2331/3243/3261 2332/3244/3261
f 1282/1730/3262 1284/1732/3262 2340/3260/3262
f 2340/3260/3263 1284/1732/3263 2336/3249/3263
f 2340/3260/3264 2336/3249/3264 2341/3261/3264
f 2341/3261/3265 2336/3249/3265 2342/3262/3265
f 2342/3262/3266 2336/3249/3266 2335/3248/3266
f 2342/3263/3267 2335/3259/3267 2343/3264/3267
f 2343/3264/3268 2335/3259/3268 2344/3265/3268
f 2335/3259/3269 2332/3244/3269 2344/3265/3269
f 2344/3265/3270 2332/3244/3270 2345/3266/3270
f 2345/3266/3271 2332/3244/3271 1303/1766/3271
f 2345/3266/3272 1303/1766/3272 1302/1765/3272
f 2346/3267/3273 962/1228/3273 964/1230/3273
f 2347/3268/3274 2346/3267/3274 2348/3269/3274
f 2348/3269/3275 2346/3267/3275 964/1230/3275
f 2348/3269/3276 964/1230/3276 2349/3270/3276
f 2349/3270/3277 964/1230/3277 966/1232/3277
f 2349/3270/3278 966/1232/3278 967/1233/3278
f 2349/3270/3279 967/1233/3279 1306/1769/3279
f 1306/1769/3280 967/1233/3280 969/1235/3280
f 2347/3268/3281 2350/3271/3281 2346/3267/3281
f 2346/3272/3282 2350/3273/3282 1319/1782/3282
f 2346/3272/3283 1319/1782/3283 1318/1781/3283
f 2351/3274/3284 2348/3269/3284 2349/3270/3284
f 2350/3271/3285 2347/3268/3285 2352/3275/3285
f 2353/3276/3286 2354/3277/3286 2355/3278/3286
f 2354/3277/3287 1310/1773/3287 1314/1777/3287
f 1310/1773/3288 2354/3277/3288 1315/1778/3288
f 1315/1778/3289 2354/3277/3289 2353/3276/3289
f 1315/1778/3290 2353/3276/3290 1316/1779/3290
f 2356/3279/3291 2357/3280/3291 2358/3281/3291
f 2358/3282/3292 2277/3153/3292 2352/3283/3292
f 2352/3284/3293 2277/3285/3293 2279/3286/3293
f 2234/3095/3294 2269/3143/3294 2359/3287/3294
f 2359/3287/3295 2269/3143/3295 2357/3280/3295
f 2359/3287/3296 2357/3280/3296 2360/3288/3296
f 2360/3288/3297 2357/3280/3297 2356/3279/3297
f 2360/3288/3298 2356/3279/3298 2361/3289/3298
f 2361/3290/3299 2356/3291/3299 2362/3292/3299
f 2361/3290/3300 2362/3292/3300 2363/3293/3300
f 1319/1782/3301 2350/3273/3301 2283/3163/3301
f 2283/3163/3302 2350/3273/3302 2352/3294/3302
f 2283/3163/3303 2352/3294/3303 2281/3161/3303
f 2281/3161/3304 2352/3294/3304 2279/3159/3304
f 2269/3143/3305 2271/3145/3305 2357/3280/3305
f 2357/3280/3306 2271/3145/3306 2273/3147/3306
f 2357/3280/3307 2273/3147/3307 2358/3281/3307
f 2358/3281/3308 2273/3147/3308 2275/3149/3308
f 2358/3282/3309 2275/3151/3309 2277/3153/3309
f 2355/3278/3310 2351/3274/3310 2353/3276/3310
f 2353/3276/3311 2351/3274/3311 2349/3270/3311
f 2353/3276/3312 2349/3270/3312 1316/1779/3312
f 1316/1779/3313 2349/3270/3313 1306/1769/3313
f 1313/1776/3314 2363/3293/3314 1314/1777/3314
f 1314/1777/3315 2363/3293/3315 2362/3292/3315
f 1314/1777/3316 2362/3292/3316 2354/3277/3316
f 2354/3277/3317 2362/3292/3317 2356/3291/3317
f 2354/3277/3318 2356/3291/3318 2355/3278/3318
f 2355/3295/3319 2356/3279/3319 2358/3281/3319
f 2355/3278/3320 2358/3296/3320 2351/3274/3320
f 2351/3274/3321 2358/3296/3321 2352/3275/3321
f 2351/3274/3322 2352/3275/3322 2348/3269/3322
f 2348/3269/3323 2352/3275/3323 2347/3268/3323
f 1313/1776/3324 1312/1775/3324 2363/3293/3324
f 2363/3293/3325 1312/1775/3325 2364/3297/3325
f 2363/3293/3326 2364/3297/3326 2361/3290/3326
f 2361/3290/3327 2364/3297/3327 2365/3298/3327
f 2361/3289/3328 2365/3299/3328 2360/3288/3328
f 2360/3288/3328 2365/3299/3328 2366/3300/3328
f 2360/3288/3329 2366/3300/3329 2359/3287/3329
f 2359/3287/3329 2366/3300/3329 2367/3301/3329
f 2359/3287/3330 2367/3301/3330 2234/3095/3330
f 2234/3095/3331 2367/3301/3331 2236/3097/3331
f 1317/1780/3332 1309/1772/3332 2368/3302/3332
f 2368/3302/3333 1309/1772/3333 1308/1771/3333
f 2364/3297/3334 1312/1775/3334 1311/1774/3334
f 2369/3303/3335 2370/3304/3335 2371/3305/3335
f 2285/3165/3336 2286/3166/3336 2370/3304/3336
f 2294/3176/3337 2372/3306/3337 2371/3307/3337
f 1317/1780/3338 2368/3302/3338 2373/3308/3338
f 2373/3308/3339 2368/3302/3339 2374/3309/3339
f 2373/3308/3340 2374/3309/3340 2375/3310/3340
f 1305/1768/3341 2285/3165/3341 2376/3311/3341
f 2376/3311/3342 2285/3165/3342 2370/3304/3342
f 2376/3311/3343 2370/3304/3343 2377/3312/3343
f 2377/3312/3344 2370/3304/3344 2369/3303/3344
f 2377/3312/3345 2369/3303/3345 2378/3313/3345
f 2378/3314/3346 2369/3315/3346 2379/3316/3346
f 2378/3314/3347 2379/3316/3347 2380/3317/3347
f 2236/3097/3348 2367/3301/3348 2298/3182/3348
f 2298/3182/3349 2367/3301/3349 2372/3306/3349
f 2298/3182/3350 2372/3306/3350 2296/3180/3350
f 2296/3180/3351 2372/3306/3351 2294/3176/3351
f 2286/3166/3352 2288/3168/3352 2370/3304/3352
f 2370/3304/3353 2288/3168/3353 2290/3170/3353
f 2370/3304/3354 2290/3170/3354 2371/3305/3354
f 2371/3307/3355 2290/3173/3355 2293/3175/3355
f 2371/3307/3356 2293/3175/3356 2294/3176/3356
f 2366/3300/3357 2365/3299/3357 2375/3318/3357
f 2375/3310/3358 2365/3298/3358 2364/3297/3358
f 2375/3310/3359 2364/3297/3359 2373/3308/3359
f 2373/3308/3360 2364/3297/3360 1311/1774/3360
f 2373/3308/3361 1311/1774/3361 1317/1780/3361
f 1307/1770/3362 2380/3317/3362 1308/1771/3362
f 1308/1771/3363 2380/3317/3363 2379/3316/3363
f 1308/1771/3364 2379/3316/3364 2368/3302/3364
f 2368/3302/3365 2379/3316/3365 2369/3315/3365
f 2368/3302/3366 2369/3315/3366 2374/3309/3366
f 2374/3319/3367 2369/3303/3367 2371/3305/3367
f 2374/3320/3368 2371/3307/3368 2375/3318/3368
f 2375/3318/3369 2371/3307/3369 2372/3306/3369
f 2375/3318/3370 2372/3306/3370 2366/3300/3370
f 2366/3300/3371 2372/3306/3371 2367/3301/3371
f 1304/1767/3372 1305/1768/3372 2381/3321/3372
f 2381/3321/3373 1305/1768/3373 2376/3311/3373
f 2381/3321/3374 2376/3311/3374 2382/3322/3374
f 2382/3322/3375 2376/3311/3375 2377/3312/3375
f 2382/3322/3376 2377/3312/3376 977/1245/3376
f 977/1245/3377 2377/3312/3377 2378/3313/3377
f 977/1245/3378 2378/3313/3378 974/1242/3378
f 974/1240/3379 2378/3314/3379 2380/3317/3379
f 974/1240/3380 2380/3317/3380 970/1236/3380
f 970/1236/3381 2380/3317/3381 1307/1770/3381
f 970/1236/3382 1307/1770/3382 971/1237/3382
f 2383/3323/3383 1338/1803/3383 1339/1804/3383
f 2383/3323/3384 1339/1804/3384 2384/3324/3384
f 2385/3325/3385 1272/1719/3385 1271/1718/3385
f 1339/1804/3386 2386/3326/3386 2384/3324/3386
f 2384/3324/3387 2386/3326/3387 2387/3327/3387
f 2387/3327/3388 2386/3326/3388 2388/3328/3388
f 2387/3327/3389 2388/3328/3389 2389/3329/3389
f 2389/3330/3390 2388/3331/3390 2385/3325/3390
f 2389/3330/3391 2385/3325/3391 2390/3332/3391
f 2390/3332/3392 2385/3325/3392 2391/3333/3392
f 2391/3333/3393 2385/3325/3393 1271/1718/3393
f 2392/3334/3394 2393/3335/3394 2394/3336/3394
f 2394/3336/3395 2393/3335/3395 2395/3337/3395
f 2394/3336/3396 2395/3337/3396 2396/3338/3396
f 2229/3090/3397 2395/3337/3397 2254/3123/3397
f 2254/3123/3398 2395/3337/3398 2393/3335/3398
f 2254/3123/3399 2393/3335/3399 2256/3125/3399
f 2256/3125/3400 2393/3335/3400 2258/3127/3400
f 2397/3339/3401 2264/3138/3401 2262/3136/3401
f 2397/3339/3402 2262/3136/3402 2398/3340/3402
f 2398/3341/3403 2262/3342/3403 2260/3343/3403
f 2386/3326/3404 2397/3339/3404 2399/3344/3404
f 2400/3345/3405 2401/3346/3405 2402/3347/3405
f 2402/3347/3406 2401/3346/3406 2403/3348/3406
f 2402/3347/3407 2403/3348/3407 1277/1724/3407
f 1277/1724/3408 1276/1723/3408 2402/3347/3408
f 2402/3347/3409 1276/1723/3409 1275/1722/3409
f 2402/3347/3410 1275/1722/3410 2404/3349/3410
f 2404/3349/3411 1275/1722/3411 1274/1721/3411
f 2404/3349/3412 1274/1721/3412 2405/3350/3412
f 2405/3350/3413 1274/1721/3413 1273/1720/3413
f 2405/3350/3414 1273/1720/3414 1272/1719/3414
f 2386/3326/3415 1339/1804/3415 2268/3142/3415
f 2386/3326/3416 2268/3142/3416 2397/3339/3416
f 2397/3339/3417 2268/3142/3417 2266/3140/3417
f 2397/3339/3418 2266/3140/3418 2264/3138/3418
f 2399/3344/3419 2397/3339/3419 2392/3351/3419
f 2392/3351/3420 2397/3339/3420 2398/3340/3420
f 2392/3334/3421 2398/3352/3421 2393/3335/3421
f 2393/3335/3422 2398/3352/3422 2260/3129/3422
f 2393/3335/3423 2260/3129/3423 2258/3127/3423
f 2399/3353/3424 2385/3325/3424 2388/3331/3424
f 2399/3344/3425 2388/3328/3425 2386/3326/3425
f 1272/1719/3426 2385/3325/3426 2405/3350/3426
f 2405/3350/3427 2385/3325/3427 2399/3353/3427
f 2405/3350/3428 2399/3353/3428 2404/3349/3428
f 2404/3349/3429 2399/3353/3429 2392/3354/3429
f 2404/3349/3430 2392/3354/3430 2402/3347/3430
f 2402/3347/3431 2392/3354/3431 2394/3355/3431
f 2402/3347/3432 2394/3355/3432 2400/3345/3432
f 2400/3345/3433 2394/3355/3433 2396/3356/3433
f 2406/3357/3434 725/849/3434 723/847/3434
f 2229/3090/3435 2231/3092/3435 2395/3337/3435
f 2395/3337/3435 2231/3092/3435 2407/3358/3435
f 2395/3337/3436 2407/3358/3436 2396/3338/3436
f 2396/3338/3436 2407/3358/3436 2408/3359/3436
f 2396/3356/3437 2408/3360/3437 2400/3345/3437
f 2400/3345/3438 2408/3360/3438 2409/3361/3438
f 2400/3345/3438 2409/3361/3438 2401/3346/3438
f 2401/3346/3439 2409/3361/3439 2406/3357/3439
f 2401/3346/3440 2406/3357/3440 2403/3348/3440
f 2403/3348/3441 2406/3357/3441 723/847/3441
f 2403/3348/3441 723/847/3441 1277/1724/3441
f 2408/3359/3442 2407/3358/3442 2410/3362/3442
f 2411/3363/3443 2412/3364/3443 2413/3365/3443
f 2413/3365/3444 2412/3364/3444 2414/3366/3444
f 1322/1786/3445 2414/3366/3445 2239/3100/3445
f 2239/3100/3446 2414/3366/3446 2412/3364/3446
f 2239/3100/3447 2412/3364/3447 2241/3102/3447
f 2241/3102/3448 2412/3364/3448 2243/3104/3448
f 2410/3362/3449 2249/3118/3449 2247/3116/3449
f 2410/3362/3450 2247/3116/3450 2415/3367/3450
f 2415/3368/3451 2247/3115/3451 2245/3114/3451
f 725/849/3452 2406/3357/3452 2416/3369/3452
f 2417/3370/3453 2418/3371/3453 2419/3372/3453
f 2419/3373/3454 2418/3374/3454 711/833/3454
f 711/833/3455 727/851/3455 2419/3373/3455
f 2419/3373/3456 727/851/3456 720/844/3456
f 2419/3373/3457 720/844/3457 2420/3375/3457
f 2420/3375/3458 720/844/3458 719/843/3458
f 2420/3375/3459 719/843/3459 2416/3369/3459
f 2416/3369/3460 719/843/3460 726/850/3460
f 2416/3369/3461 726/850/3461 725/849/3461
f 2407/3358/3462 2231/3092/3462 2251/3120/3462
f 2407/3358/3463 2251/3120/3463 2410/3362/3463
f 2410/3362/3464 2251/3120/3464 2252/3121/3464
f 2410/3362/3465 2252/3121/3465 2249/3118/3465
f 2409/3376/3466 2408/3359/3466 2421/3377/3466
f 2421/3377/3467 2408/3359/3467 2410/3362/3467
f 2421/3377/3468 2410/3362/3468 2411/3378/3468
f 2411/3378/3469 2410/3362/3469 2415/3367/3469
f 2411/3363/3470 2415/3368/3470 2412/3364/3470
f 2412/3364/3471 2415/3368/3471 2245/3114/3471
f 2412/3229/3472 2245/3379/3472 2243/3380/3472
f 2406/3381/3473 2409/3382/3473 2416/3383/3473
f 2416/3369/3474 2409/3361/3474 2421/3384/3474
f 2416/3369/3475 2421/3384/3475 2420/3375/3475
f 2420/3375/3476 2421/3384/3476 2411/3385/3476
f 2420/3375/3477 2411/3385/3477 2419/3373/3477
f 2419/3373/3478 2411/3385/3478 2413/3386/3478
f 2419/3372/3479 2413/3365/3479 2417/3370/3479
f 2417/3370/3480 2413/3365/3480 2414/3366/3480
f 299/373/3481 711/833/3481 297/371/3481
f 297/371/3482 711/833/3482 2418/3374/3482
f 297/371/3483 2418/3374/3483 298/372/3483
f 298/372/3484 2418/3374/3484 303/3387/3484
f 303/3388/3485 2418/3371/3485 2417/3370/3485
f 303/3388/3486 2417/3370/3486 304/3389/3486
f 304/3389/3487 2417/3370/3487 305/3390/3487
f 2417/3370/3488 2414/3366/3488 305/3390/3488
f 305/3390/3489 2414/3366/3489 302/3391/3489
f 302/3391/3490 2414/3366/3490 1322/1786/3490
f 302/3391/3491 1322/1786/3491 311/1785/3491
f 981/1249/3492 983/1251/3492 1324/1789/3492
f 2422/3392/3493 2423/3393/3493 2424/3394/3493
f 1324/1789/3494 2425/3395/3494 981/1249/3494
f 981/1249/3495 2425/3395/3495 980/1248/3495
f 980/1248/3496 2425/3395/3496 2422/3396/3496
f 980/1248/3497 2422/3396/3497 978/1246/3497
f 978/3397/3498 2422/3392/3498 2424/3394/3498
f 978/1246/3499 2424/3398/3499 961/1227/3499
f 2423/3393/3500 2426/3399/3500 2424/3394/3500
f 2424/3394/3501 2426/3399/3501 1337/1802/3501
f 2424/3394/3502 1337/1802/3502 1336/1801/3502
f 2427/3400/3503 2422/3396/3503 2425/3395/3503
f 2426/3399/3504 2423/3393/3504 2428/3401/3504
f 2429/3402/3505 2430/3403/3505 2431/3404/3505
f 2430/3403/3506 1328/1793/3506 1332/1797/3506
f 1328/1793/3507 2430/3403/3507 1333/1798/3507
f 1333/1798/3508 2430/3403/3508 2429/3402/3508
f 1333/1798/3509 2429/3402/3509 1334/1799/3509
f 2432/3405/3510 2433/3406/3510 2434/3407/3510
f 2434/3408/3511 2261/3132/3511 2428/3401/3511
f 2428/3401/3512 2261/3132/3512 2263/3137/3512
f 2230/3091/3513 2253/3122/3513 2435/3409/3513
f 2435/3409/3514 2253/3122/3514 2433/3406/3514
f 2435/3409/3515 2433/3406/3515 2436/3410/3515
f 2436/3410/3516 2433/3406/3516 2432/3405/3516
f 2436/3411/3517 2432/3412/3517 2437/3413/3517
f 2437/3413/3518 2432/3412/3518 2438/3414/3518
f 2437/3413/3519 2438/3414/3519 2439/3415/3519
f 1337/1802/3520 2426/3399/3520 2267/3141/3520
f 2267/3141/3521 2426/3399/3521 2428/3401/3521
f 2267/3141/3522 2428/3401/3522 2265/3139/3522
f 2265/3139/3523 2428/3401/3523 2263/3137/3523
f 2253/3122/3524 2255/3124/3524 2433/3406/3524
f 2433/3406/3525 2255/3124/3525 2257/3126/3525
f 2433/3406/3526 2257/3126/3526 2434/3407/3526
f 2434/3407/3527 2257/3126/3527 2259/3128/3527
f 2434/3408/3528 2259/3130/3528 2261/3132/3528
f 2431/3404/3529 2427/3400/3529 2429/3402/3529
f 2429/3402/3530 2427/3400/3530 2425/3395/3530
f 2429/3402/3531 2425/3395/3531 1334/1799/3531
f 1334/1799/3532 2425/3395/3532 1324/1789/3532
f 1331/1796/3533 2439/3415/3533 1332/1797/3533
f 1332/1797/3534 2439/3415/3534 2438/3414/3534
f 1332/1797/3535 2438/3414/3535 2430/3403/3535
f 2430/3403/3536 2438/3414/3536 2432/3412/3536
f 2430/3403/3537 2432/3412/3537 2431/3404/3537
f 2431/3416/3538 2432/3405/3538 2434/3407/3538
f 2431/3417/3539 2434/3408/3539 2427/3418/3539
f 2427/3418/3540 2434/3408/3540 2428/3401/3540
f 2427/3418/3541 2428/3401/3541 2422/3392/3541
f 2422/3392/3542 2428/3401/3542 2423/3393/3542
f 2232/3093/3543 2230/3091/3543 2440/3419/3543
f 2440/3419/3544 2230/3091/3544 2435/3409/3544
f 2440/3419/3545 2435/3409/3545 2441/3420/3545
f 2441/3420/3545 2435/3409/3545 2436/3410/3545
f 2441/3420/3546 2436/3410/3546 2442/3421/3546
f 2442/3421/3546 2436/3410/3546 2437/3422/3546
f 2442/3423/3547 2437/3413/3547 2443/3424/3547
f 2443/3424/3548 2437/3413/3548 2439/3415/3548
f 2443/3424/3549 2439/3415/3549 1330/1795/3549
f 1330/1795/3550 2439/3415/3550 1331/1796/3550
f 1335/1800/3551 1327/1792/3551 2444/3425/3551
f 2444/3425/3552 1327/1792/3552 1326/1791/3552
f 2443/3424/3553 1330/1795/3553 1329/1794/3553
f 2445/3426/3554 2446/3427/3554 2447/3428/3554
f 2237/3098/3555 2238/3099/3555 2446/3427/3555
f 2246/3112/3556 2448/3429/3556 2447/3430/3556
f 1335/1800/3557 2444/3425/3557 2449/3431/3557
f 2449/3431/3558 2444/3425/3558 2450/3432/3558
f 2449/3431/3559 2450/3432/3559 2451/3433/3559
f 1323/1788/3560 2237/3098/3560 2452/3434/3560
f 2452/3434/3561 2237/3098/3561 2446/3427/3561
f 2452/3434/3562 2446/3427/3562 2453/3435/3562
f 2453/3435/3563 2446/3427/3563 2445/3426/3563
f 2453/3435/3564 2445/3426/3564 2454/3436/3564
f 2454/3436/3565 2445/3426/3565 2455/3437/3565
f 2454/3438/3566 2455/3439/3566 2456/3440/3566
f 2232/3093/3567 2440/3419/3567 2250/3119/3567
f 2250/3119/3568 2440/3419/3568 2448/3429/3568
f 2250/3119/3569 2448/3429/3569 2248/3117/3569
f 2248/3117/3570 2448/3429/3570 2246/3112/3570
f 2238/3099/3571 2240/3101/3571 2446/3427/3571
f 2446/3427/3572 2240/3101/3572 2242/3103/3572
f 2446/3427/3573 2242/3103/3573 2447/3428/3573
f 2447/3430/3574 2242/3105/3574 2244/3107/3574
f 2447/3430/3574 2244/3107/3574 2246/3112/3574
f 2441/3420/3575 2442/3421/3575 2451/3441/3575
f 2451/3433/3576 2442/3423/3576 2443/3424/3576
f 2451/3433/3577 2443/3424/3577 2449/3431/3577
f 2449/3431/3578 2443/3424/3578 1329/1794/3578
f 2449/3431/3579 1329/1794/3579 1335/1800/3579
f 1325/1790/3580 2456/3440/3580 1326/1791/3580
f 1326/1791/3581 2456/3440/3581 2455/3439/3581
f 1326/1791/3582 2455/3439/3582 2444/3425/3582
f 2444/3425/3583 2455/3439/3583 2445/3442/3583
f 2444/3425/3584 2445/3442/3584 2450/3432/3584
f 2450/3443/3585 2445/3426/3585 2447/3428/3585
f 2450/3444/3586 2447/3430/3586 2451/3441/3586
f 2451/3441/3587 2447/3430/3587 2448/3429/3587
f 2451/3441/3588 2448/3429/3588 2441/3420/3588
f 2441/3420/3589 2448/3429/3589 2440/3419/3589
f 306/1787/3590 1323/1788/3590 307/3445/3590
f 307/3445/3591 1323/1788/3591 2452/3434/3591
f 307/3445/3592 2452/3434/3592 309/3446/3592
f 309/3446/3593 2452/3434/3593 2453/3435/3593
f 309/3446/3594 2453/3435/3594 310/1261/3594
f 310/1261/3595 2453/3435/3595 2454/3436/3595
f 310/1261/3596 2454/3436/3596 988/1258/3596
f 988/1256/3597 2454/3438/3597 2456/3440/3597
f 988/1256/3598 2456/3440/3598 984/1252/3598
f 984/1252/3599 2456/3440/3599 1325/1790/3599
f 984/1252/3600 1325/1790/3600 985/1253/3600
f 395/482/3601 394/481/3601 1197/3447/3601
f 395/482/3601 1197/3447/3601 1043/3448/3601
f 1043/3448/3602 1197/3447/3602 1183/3449/3602
f 1043/3448/3603 1183/3449/3603 1045/3450/3603
f 1183/3449/3603 1181/3451/3603 1045/3450/3603
f 1045/3450/3604 1181/3451/3604 1173/3452/3604
f 1045/3450/3604 1173/3452/3604 1047/3453/3604
f 1173/3452/3604 1179/3454/3604 1047/3453/3604
f 1047/3453/3605 1179/3454/3605 1166/3455/3605
f 1047/3453/3605 1166/3455/3605 1049/3456/3605
f 1166/3455/3605 1172/3457/3605 1049/3456/3605
f 1049/3456/3606 1172/3457/3606 1160/3458/3606
f 1049/3456/3606 1160/3458/3606 1051/3459/3606
f 1160/3458/3606 1161/3460/3606 1051/3459/3606
f 1051/3459/3607 1161/3460/3607 1153/3461/3607
f 1051/3459/3607 1153/3461/3607 1053/3462/3607
f 1153/3461/3607 1155/3463/3607 1053/3462/3607
f 1053/3462/3608 1155/3463/3608 1144/3464/3608
f 1053/3462/3608 1144/3464/3608 1055/3465/3608
f 1139/3466/3609 1057/3467/3609 1137/3468/3609
f 1137/3468/3610 1057/3467/3610 1055/3465/3610
f 1137/3468/3610 1055/3465/3610 1146/3469/3610
f 1146/3469/3608 1055/3465/3608 1144/3464/3608
f 1139/3466/3611 1134/3470/3611 1057/3467/3611
f 1057/3467/3611 1134/3470/3611 848/3471/3611
f 1057/3467/3612 848/3471/3612 1059/3472/3612
f 848/3471/3613 846/3473/3613 1059/3472/3613
f 1059/3472/3613 846/3473/3613 840/3474/3613
f 1059/3472/3614 840/3474/3614 1061/3475/3614
f 840/3474/3614 838/3476/3614 1061/3475/3614
f 1061/3475/3615 838/3476/3615 834/3477/3615
f 1061/3475/3616 834/3477/3616 1063/3478/3616
f 834/3477/3616 819/3479/3616 1063/3478/3616
f 1063/3478/3616 819/3479/3616 822/3480/3616
f 1063/3478/3617 822/3480/3617 1065/3481/3617
f 822/3480/3618 824/3482/3618 1065/3481/3618
f 1065/3481/3617 824/3482/3617 829/3483/3617
f 1065/3481/3619 829/3483/3619 1067/3484/3619
f 829/3483/3619 814/3485/3619 1067/3484/3619
f 1067/3484/3619 814/3485/3619 816/3486/3619
f 1067/3484/3620 816/3486/3620 1069/3487/3620
f 816/3486/3620 807/3488/3620 1069/3487/3620
f 1069/3487/3620 807/3488/3620 809/3489/3620
f 1069/3487/3621 809/3489/3621 1071/3490/3621
f 1071/3490/3622 809/3489/3622 800/3491/3622
f 800/3491/3622 803/3492/3622 1071/3490/3622
f 1071/3490/3623 803/3492/3623 710/3493/3623
f 1071/3490/3623 710/3493/3623 1073/3494/3623
f 710/3493/3624 779/3495/3624 1073/3494/3624
f 1073/3494/3625 779/3495/3625 344/431/3625
f 1073/3494/3625 344/431/3625 343/430/3625
f 1020/3496/3626 962/3497/3626 2346/3498/3626
f 2301/3499/3627 2302/3500/3627 1320/3501/3627
f 1320/3501/3628 2302/3500/3628 1020/3496/3628
f 1320/3501/3629 1020/3496/3629 1318/3502/3629
f 1318/3502/3630 1020/3496/3630 2346/3498/3630
f 2302/3500/3631 2305/3503/3631 1020/3496/3631
f 1020/3496/3632 2305/3503/3632 2307/3504/3632
f 1020/3496/3633 2307/3504/3633 2308/3505/3633
f 2309/3506/3634 852/3507/3634 2308/3505/3634
f 2308/3505/3635 852/3507/3635 853/3508/3635
f 2308/3505/3636 853/3508/3636 1020/3496/3636
f 1020/3496/3637 853/3508/3637 854/3509/3637
f 1020/3496/3638 854/3509/3638 1019/3510/3638
f 1019/3510/3638 854/3509/3638 855/3511/3638
f 1019/3510/3639 855/3511/3639 1017/3512/3639
f 1017/3512/3639 855/3511/3639 856/3513/3639
f 1017/3512/3640 856/3513/3640 1016/3514/3640
f 1016/3514/3641 856/3513/3641 857/3515/3641
f 1016/3514/3640 857/3515/3640 1014/3516/3640
f 1014/3516/3641 857/3515/3641 858/3517/3641
f 1014/3516/3642 858/3517/3642 1013/3518/3642
f 1013/3518/3642 858/3517/3642 859/3519/3642
f 1013/3518/3642 859/3519/3642 1011/3520/3642
f 1011/3520/3642 859/3519/3642 860/3521/3642
f 1011/3520/3643 860/3521/3643 1010/3522/3643
f 1010/3522/3643 860/3521/3643 861/3523/3643
f 1010/3522/3643 861/3523/3643 1008/3524/3643
f 1008/3524/3643 861/3523/3643 862/3525/3643
f 1008/3524/3644 862/3525/3644 1007/3526/3644
f 1007/3526/3644 862/3525/3644 863/3527/3644
f 1007/3526/3644 863/3527/3644 1005/3528/3644
f 1005/3528/3645 863/3527/3645 864/3529/3645
f 1005/3528/3646 864/3529/3646 1004/3530/3646
f 1004/3530/3647 864/3529/3647 865/3531/3647
f 1004/3530/3647 865/3531/3647 1002/3532/3647
f 1002/3532/3647 865/3531/3647 866/3533/3647
f 1002/3534/3648 866/1028/3648 998/3535/3648
f 998/3535/3649 866/1028/3649 867/1030/3649
f 998/3535/3649 867/1030/3649 999/3536/3649
f 999/3536/3648 867/1030/3648 851/991/3648
f 999/3536/3650 851/991/3650 342/429/3650
f 342/429/3650 851/991/3650 341/428/3650
f 1026/3537/3651 1027/3538/3651 1290/1742/3651
f 1022/1362/3652 1287/3539/3652 1283/3540/3652
f 2457/3541/3653 2341/3542/3653 2342/3543/3653
f 2340/3544/3654 2341/3542/3654 1282/3545/3654
f 1282/3545/3655 2341/3542/3655 2457/3541/3655
f 1282/3545/3656 2457/3541/3656 1283/3540/3656
f 2343/3546/3657 2344/3547/3657 2345/3548/3657
f 1304/3549/3658 1022/1362/3658 1302/3550/3658
f 1302/3550/3659 1022/1362/3659 1283/3540/3659
f 1302/3550/3660 1283/3540/3660 2345/3548/3660
f 2345/3548/3661 1283/3540/3661 2457/3541/3661
f 2345/3548/3662 2457/3541/3662 2343/3546/3662
f 2343/3546/3663 2457/3541/3663 2342/3543/3663
f 1304/3549/3664 2381/3551/3664 1022/1362/3664
f 1022/1362/3665 2381/3551/3665 2382/3552/3665
f 1022/1362/3666 2382/3552/3666 977/1363/3666
f 1338/3553/3667 2383/3554/3667 2384/3555/3667
f 961/1227/3668 2424/3398/3668 959/1225/3668
f 959/1225/3669 2424/3398/3669 1336/3556/3669
f 959/1225/3670 1336/3556/3670 1338/3553/3670
f 1338/3553/3671 2384/3555/3671 959/1225/3671
f 959/1225/3672 2384/3555/3672 2387/3557/3672
f 959/1225/3673 2387/3557/3673 2389/3330/3673
f 2389/3330/3674 2390/3332/3674 959/1225/3674
f 959/1225/3675 2390/3332/3675 2391/3333/3675
f 959/3558/3676 2391/3559/3676 1271/3560/3676
f 1271/1718/3677 1262/1709/3677 959/1225/3677
f 959/1225/3678 1262/1709/3678 1261/1708/3678
f 959/3561/3679 1261/3562/3679 958/3563/3679
f 958/3563/3679 1261/3562/3679 1265/3564/3679
f 958/3563/3679 1265/3564/3679 956/3565/3679
f 956/3565/3680 1265/3564/3680 1255/3566/3680
f 956/3565/3681 1255/3566/3681 955/3567/3681
f 955/3567/3681 1255/3566/3681 1253/3568/3681
f 955/3567/3681 1253/3568/3681 953/3569/3681
f 953/3569/3682 1253/3568/3682 1258/3570/3682
f 953/3569/3683 1258/3570/3683 952/3571/3683
f 952/3571/3683 1258/3570/3683 1246/3572/3683
f 952/3571/3684 1246/3572/3684 950/3573/3684
f 950/3573/3685 1246/3572/3685 1249/3574/3685
f 950/3573/3686 1249/3574/3686 949/3575/3686
f 949/3575/3686 1249/3574/3686 1239/3576/3686
f 949/3575/3686 1239/3576/3686 947/3577/3686
f 947/3577/3687 1239/3576/3687 1241/3578/3687
f 947/3577/3688 1241/3578/3688 946/3579/3688
f 946/3579/3688 1241/3578/3688 1234/3580/3688
f 946/3579/3688 1234/3580/3688 944/3581/3688
f 944/3581/3689 1234/3580/3689 1233/3582/3689
f 944/3583/3690 1233/1675/3690 943/3584/3690
f 943/3584/3691 1233/1675/3691 1226/1668/3691
f 943/3584/3691 1226/1668/3691 941/3585/3691
f 941/3585/3692 1226/1668/3692 1231/1673/3692
f 941/3585/3693 1231/1673/3693 936/3586/3693
f 936/3586/3694 1231/1673/3694 1219/1661/3694
f 936/3586/3695 1219/1661/3695 937/3587/3695
f 1219/1661/3696 1222/1664/3696 937/3587/3696
f 937/1181/3697 1222/3588/3697 1202/3589/3697
f 937/1181/3698 1202/3589/3698 939/1182/3698
f 939/1182/3699 1202/3589/3699 1301/3590/3699
f 939/1182/3700 1301/3590/3700 1042/3591/3700
f 1042/3591/3701 1301/3590/3701 1300/3592/3701
f 1042/3591/3702 1300/3592/3702 1041/3593/3702
f 1041/3593/3703 1300/3592/3703 1299/3594/3703
f 1041/3593/3704 1299/3594/3704 1039/3595/3704
f 1039/3595/3705 1299/3594/3705 1298/3596/3705
f 1039/3595/3706 1298/3596/3706 1038/3597/3706
f 1038/3597/3707 1298/3596/3707 1297/3598/3707
f 1038/3597/3706 1297/3598/3706 1036/3599/3706
f 1036/3599/3708 1297/3598/3708 1296/3600/3708
f 1036/3599/3709 1296/3600/3709 1035/3601/3709
f 1035/3601/3709 1296/3600/3709 1295/3602/3709
f 1035/3601/3709 1295/3602/3709 1033/3603/3709
f 1033/3603/3710 1295/3602/3710 1294/3604/3710
f 1033/3603/3710 1294/3604/3710 1032/3605/3710
f 1032/3605/3711 1294/3604/3711 1293/3606/3711
f 1032/3605/3711 1293/3606/3711 1030/3607/3711
f 1030/3608/3712 1293/1748/3712 1292/1746/3712
f 1030/3608/3713 1292/1746/3713 1029/3609/3713
f 1029/3609/3714 1292/1746/3714 1027/3538/3714
f 1027/3538/3714 1292/1746/3714 1291/1744/3714
f 1027/3538/3715 1291/1744/3715 1290/1742/3715
f 1026/3537/3651 1290/1742/3651 1024/3610/3651
f 1024/3610/3651 1290/1742/3651 1289/1740/3651
f 1024/3611/3716 1289/3612/3716 1288/3613/3716
f 1287/3539/3716 1022/1362/3716 1288/3613/3716
f 1288/3613/3716 1022/1362/3716 1021/3614/3716
f 1288/3613/3716 1021/3614/3716 1024/3611/3716
f 2160/3615/3717 1105/3616/3717 2159/3617/3717
f 2159/3617/3718 1105/3616/3718 2156/3618/3718
f 2159/3617/3719 2156/3618/3719 2157/3619/3719
f 2160/3620/3720 2162/3621/3720 1105/3622/3720
f 1105/3622/3721 2162/3621/3721 1362/3623/3721
f 1105/3622/3722 1362/3623/3722 1364/3624/3722
f 1364/3624/3723 2194/3625/3723 1105/3622/3723
f 1105/3622/3724 2194/3625/3724 2196/3626/3724
f 1105/3622/3725 2196/3626/3725 1097/3627/3725
f 1125/3628/3726 1082/3629/3726 2118/3630/3726
f 2080/3631/3727 2081/3632/3727 1344/3633/3727
f 1344/3633/3728 2081/3632/3728 1125/3628/3728
f 1344/3633/3729 1125/3628/3729 1342/3634/3729
f 1342/3634/3730 1125/3628/3730 2118/3630/3730
f 2081/3632/3731 2082/3635/3731 1125/3628/3731
f 1125/3628/3732 2082/3635/3732 2083/3636/3732
f 1125/3628/3733 2083/3636/3733 2084/3637/3733
f 2085/3638/3734 565/3639/3734 2084/3637/3734
f 2084/3637/3735 565/3639/3735 564/3640/3735
f 2084/3637/3736 564/3640/3736 1125/3628/3736
f 1125/3628/3737 564/3640/3737 670/3641/3737
f 1125/3628/3738 670/3641/3738 1124/3642/3738
f 1124/3642/3739 670/3641/3739 664/3643/3739
f 1124/3642/3739 664/3643/3739 1122/3644/3739
f 1122/3644/3738 664/3643/3738 660/3645/3738
f 1122/3644/3740 660/3645/3740 1121/3646/3740
f 1121/3646/3740 660/3645/3740 653/3647/3740
f 1121/3646/3740 653/3647/3740 1119/3648/3740
f 1119/3648/3740 653/3647/3740 655/3649/3740
f 1119/3648/3741 655/3649/3741 1118/3650/3741
f 1118/3650/3741 655/3649/3741 643/3651/3741
f 1118/3650/3741 643/3651/3741 1116/3652/3741
f 1116/3652/3741 643/3651/3741 648/3653/3741
f 1116/3652/3742 648/3653/3742 1115/3654/3742
f 1115/3654/3742 648/3653/3742 639/3655/3742
f 1115/3654/3742 639/3655/3742 1113/3656/3742
f 1113/3656/3742 639/3655/3742 640/3657/3742
f 1113/3656/3743 640/3657/3743 1112/3658/3743
f 1112/3658/3743 640/3657/3743 632/3659/3743
f 1112/3658/3743 632/3659/3743 1110/3660/3743
f 1110/3660/3743 632/3659/3743 634/3661/3743
f 1110/3660/3744 634/3661/3744 1109/3662/3744
f 1109/3662/3744 634/3661/3744 626/3663/3744
f 1109/3662/3744 626/3663/3744 1107/3664/3744
f 1107/3664/3744 626/3663/3744 628/3665/3744
f 1107/3664/3745 628/3665/3745 1104/3666/3745
f 1104/3666/3745 628/3665/3745 619/3667/3745
f 1104/3666/3745 619/3667/3745 1105/3668/3745
f 1105/3668/3745 619/3667/3745 622/3669/3745
f 1105/3670/3746 622/3671/3746 2156/3672/3746
f 2156/3673/3747 622/3674/3747 623/3675/3747
f 2156/2982/3748 623/724/3748 2154/2980/3748
f 917/1136/3749 2228/3087/3749 915/1134/3749
f 915/1134/3750 2228/3087/3750 1358/3676/3750
f 915/1134/3751 1358/3676/3751 1360/3677/3751
f 2190/3678/3752 915/1134/3752 2189/3679/3752
f 2189/3679/3753 915/1134/3753 1360/3677/3753
f 2189/3679/3754 1360/3677/3754 2188/3680/3754
f 2190/3678/3755 2191/3033/3755 915/1134/3755
f 915/1134/3756 2191/3033/3756 2192/3034/3756
f 915/1134/3757 2192/3034/3757 2193/3035/3757
f 265/339/3758 264/338/3758 870/1037/3758
f 2193/3035/3759 554/652/3759 915/1134/3759
f 915/1134/3760 554/652/3760 553/651/3760
f 915/1134/3761 553/651/3761 914/3681/3761
f 553/651/3761 544/642/3761 914/3681/3761
f 914/3681/3761 544/642/3761 545/643/3761
f 914/3681/3761 545/643/3761 912/3682/3761
f 912/3682/3762 545/643/3762 911/3683/3762
f 545/643/3762 547/645/3762 911/3683/3762
f 911/3683/3762 547/645/3762 539/637/3762
f 911/3683/3762 539/637/3762 909/3684/3762
f 909/3685/3763 539/3686/3763 908/3687/3763
f 539/3686/3763 532/3688/3763 908/3687/3763
f 908/3687/3763 532/3688/3763 534/3689/3763
f 908/3687/3763 534/3689/3763 906/3690/3763
f 906/3691/3764 534/3692/3764 901/3693/3764
f 534/3692/3764 527/3694/3764 901/3693/3764
f 901/3693/3764 527/3694/3764 529/627/3764
f 901/3693/3764 529/627/3764 902/3695/3764
f 902/3695/3765 529/627/3765 904/3696/3765
f 529/627/3765 410/499/3765 904/3696/3765
f 904/3696/3765 410/499/3765 517/613/3765
f 904/3696/3766 517/613/3766 905/1110/3766
f 905/1110/3767 517/613/3767 899/1111/3767
f 517/613/3767 516/612/3767 899/1111/3767
f 899/1111/3767 516/612/3767 522/618/3767
f 899/1111/3768 522/618/3768 900/3697/3768
f 900/3697/3769 522/618/3769 896/3698/3769
f 522/618/3769 509/605/3769 896/3698/3769
f 896/3698/3769 509/605/3769 511/607/3769
f 896/3698/3770 511/607/3770 897/3699/3770
f 897/3699/3771 511/607/3771 893/3700/3771
f 511/607/3771 500/596/3771 893/3700/3771
f 893/3700/3771 500/596/3771 502/598/3771
f 893/3700/3772 502/598/3772 894/3701/3772
f 894/3701/3773 502/598/3773 890/3702/3773
f 502/598/3773 463/559/3773 890/3702/3773
f 890/3702/3773 463/559/3773 465/561/3773
f 890/3702/3774 465/561/3774 891/3703/3774
f 891/3703/3774 465/561/3774 887/3704/3774
f 465/561/3774 457/553/3774 887/3704/3774
f 887/3704/3774 457/553/3774 460/556/3774
f 887/3704/3775 460/556/3775 888/3705/3775
f 888/3705/3775 460/556/3775 884/3706/3775
f 460/556/3775 447/542/3775 884/3706/3775
f 884/3706/3775 447/542/3775 452/547/3775
f 884/3706/3776 452/547/3776 885/3707/3776
f 885/3707/3776 452/547/3776 881/3708/3776
f 452/547/3776 441/533/3776 881/3708/3776
f 881/3708/3776 441/533/3776 442/535/3776
f 881/3708/3777 442/535/3777 882/3709/3777
f 882/3709/3778 442/535/3778 434/3710/3778
f 882/3709/3778 434/3710/3778 878/3711/3778
f 878/3711/3779 434/3710/3779 436/3712/3779
f 878/3713/3780 436/3714/3780 879/3715/3780
f 879/3715/3780 436/3714/3780 424/3716/3780
f 879/3715/3780 424/3716/3780 875/3717/3780
f 875/3717/3780 424/3716/3780 429/3718/3780
f 875/3717/3781 429/3718/3781 876/3719/3781
f 876/3719/3781 429/3718/3781 419/3720/3781
f 876/3719/3781 419/3720/3781 872/3721/3781
f 872/3721/3781 419/3720/3781 417/3722/3781
f 872/3723/3782 417/508/3782 873/3724/3782
f 873/3724/3782 417/508/3782 411/500/3782
f 873/3724/3782 411/500/3782 870/3725/3782
f 870/3725/3782 411/500/3782 413/502/3782
f 870/1037/3783 413/3726/3783 265/339/3783
f 1101/3727/763 916/1133/763 913/1127/763
f 203/3728/763 1080/3729/763 205/3730/763
f 205/3730/763 1080/3729/763 1077/3731/763
f 219/3732/763 1095/3733/763 221/3734/763
f 221/3734/763 1095/3733/763 1092/3735/763
f 221/3734/3784 1092/3735/3784 1093/3736/3784
f 1077/3731/763 1078/3737/763 205/3730/763
f 205/3730/763 1078/3737/763 1088/3738/763
f 205/3730/763 1088/3738/763 207/3739/763
f 207/3739/763 1088/3738/763 1085/3740/763
f 207/3739/763 1085/3740/763 209/3741/763
f 209/3741/3785 1085/3740/3785 1083/1519/3785
f 1083/1519/763 1123/1513/763 209/3741/763
f 209/3741/763 1123/1513/763 1120/1507/763
f 209/3741/763 1120/1507/763 211/3742/763
f 211/3742/763 1120/1507/763 1117/1501/763
f 211/3742/763 1117/1501/763 213/3743/763
f 213/3743/763 1117/1501/763 1114/1495/763
f 213/3743/763 1114/1495/763 215/3744/763
f 215/3744/763 1114/1495/763 1111/1489/763
f 215/3744/763 1111/1489/763 217/3745/763
f 217/3745/763 1111/1489/763 1108/1483/763
f 217/3745/763 1108/1483/763 219/3732/763
f 219/3732/763 1108/1483/763 1106/1482/763
f 219/3732/763 1106/1482/763 1095/3733/763
f 1095/3733/763 1106/1482/763 1096/3746/763
f 1093/3736/763 1099/3747/763 221/3734/763
f 221/3734/763 1099/3747/763 1101/3727/763
f 221/3734/763 1101/3727/763 223/3748/763
f 223/3748/763 1101/3727/763 913/1127/763
f 223/3748/763 913/1127/763 225/3749/763
f 225/3749/763 913/1127/763 910/1121/763
f 225/3749/763 910/1121/763 227/3750/763
f 227/3750/763 910/1121/763 907/1115/763
f 227/3750/763 907/1115/763 229/3751/763
f 229/3751/763 907/1115/763 903/1114/763
f 229/3751/763 903/1114/763 231/3752/763
f 231/3752/763 903/1114/763 898/1093/763
f 231/3752/763 898/1093/763 233/3753/763
f 233/3753/763 898/1093/763 895/1087/763
f 233/3753/763 895/1087/763 235/3754/763
f 235/3754/763 895/1087/763 892/1081/763
f 235/3754/763 892/1081/763 237/3755/763
f 237/3755/763 892/1081/763 889/1075/763
f 237/3755/763 889/1075/763 239/3756/763
f 239/3756/763 889/1075/763 886/1069/763
f 239/3756/763 886/1069/763 241/3757/763
f 241/3757/763 886/1069/763 883/1063/763
f 241/3757/763 883/1063/763 243/3758/763
f 243/3758/763 883/1063/763 880/1057/763
f 243/3758/763 880/1057/763 245/3759/763
f 245/3759/763 880/1057/763 877/1051/763
f 245/3759/763 877/1051/763 247/3760/763
f 247/3760/763 877/1051/763 874/1045/763
f 247/3760/763 874/1045/763 249/3761/763
f 249/3761/763 874/1045/763 871/1038/763
f 249/3761/763 871/1038/763 251/3762/763
f 251/3762/763 871/1038/763 869/1040/763
f 251/3762/763 869/1040/763 189/3763/763
f 189/3763/763 869/1040/763 868/1565/763
f 189/3763/763 868/1565/763 191/3764/763
f 191/3764/763 868/1565/763 1132/1559/763
f 191/3764/763 1132/1559/763 193/3765/763
f 193/3765/763 1132/1559/763 1131/1553/763
f 193/3765/763 1131/1553/763 195/3766/763
f 195/3766/763 1131/1553/763 1130/1547/763
f 195/3766/763 1130/1547/763 197/3767/763
f 197/3767/763 1130/1547/763 1129/1541/763
f 197/3767/763 1129/1541/763 199/3768/763
f 199/3768/763 1129/1541/763 1128/1535/763
f 199/3768/763 1128/1535/763 201/3769/763
f 201/3769/763 1128/1535/763 1127/1529/763
f 201/3769/763 1127/1529/763 203/3728/763
f 203/3728/763 1127/1529/763 1126/1528/763
f 203/3728/763 1126/1528/763 1080/3729/763
f 1080/3729/763 1126/1528/763 1081/3770/763
f 210/3771/763 250/3772/763 208/3773/763
f 208/3773/763 250/3772/763 188/3774/763
f 208/3773/763 188/3774/763 190/3775/763
f 210/3771/763 212/3776/763 250/3772/763
f 250/3772/763 212/3776/763 214/3777/763
f 250/3772/763 214/3777/763 216/3778/763
f 216/3778/763 218/3779/763 250/3772/763
f 250/3772/763 218/3779/763 220/3780/763
f 250/3772/763 220/3780/763 222/3781/763
f 222/3781/763 224/3782/763 250/3772/763
f 250/3772/763 224/3782/763 226/3783/763
f 250/3772/763 226/3783/763 228/3784/763
f 232/3785/763 244/3786/763 246/3787/763
f 190/3775/763 192/3788/763 208/3773/763
f 208/3773/763 192/3788/763 194/3789/763
f 208/3773/763 194/3789/763 196/3790/763
f 200/3791/763 202/3792/763 204/3793/763
f 238/3794/763 232/3785/763 236/3795/763
f 236/3795/763 232/3785/763 234/3796/763
f 228/3784/763 230/3797/763 250/3772/763
f 250/3772/763 230/3797/763 232/3785/763
f 250/3772/763 232/3785/763 248/3798/763
f 248/3798/763 232/3785/763 246/3787/763
f 196/3790/763 198/3799/763 208/3773/763
f 208/3773/763 198/3799/763 200/3791/763
f 208/3773/763 200/3791/763 206/3800/763
f 206/3800/763 200/3791/763 204/3793/763
f 238/3794/763 240/3801/763 232/3785/763
f 232/3785/763 240/3801/763 242/3802/763
f 232/3785/763 242/3802/763 244/3786/763
f 66/3803/869 48/3804/869 46/3805/869
f 1048/3806/869 70/3807/869 1046/3808/869
f 1046/3808/869 70/3807/869 68/3809/869
f 1046/3808/869 68/3809/869 1044/3810/869
f 66/3803/869 64/3811/869 48/3804/869
f 48/3804/869 64/3811/869 62/3812/869
f 48/3804/869 62/3812/869 60/3813/869
f 931/3814/869 932/3815/869 96/3816/869
f 24/3817/869 90/3818/869 88/3819/869
f 921/3820/869 922/3821/869 14/3822/869
f 1068/3823/869 1070/3824/869 36/3825/869
f 88/3819/869 86/3826/869 24/3817/869
f 24/3817/869 86/3826/869 84/3827/869
f 24/3817/869 84/3827/869 2/3828/869
f 1056/3829/869 1058/3830/869 58/3831/869
f 14/3822/869 922/3821/869 16/3832/869
f 16/3832/869 922/3821/869 923/3833/869
f 16/3832/869 923/3833/869 18/3834/869
f 4/3835/869 2/3828/869 933/3836/869
f 84/3827/869 82/3837/869 2/3828/869
f 2/3828/869 82/3837/869 80/3838/869
f 2/3828/869 80/3838/869 933/3836/869
f 80/3838/869 78/3839/869 933/3836/869
f 933/3836/869 78/3839/869 76/3840/869
f 933/3836/869 76/3840/869 932/3815/869
f 932/3815/869 76/3840/869 74/3841/869
f 932/3815/869 74/3841/869 96/3816/869
f 918/3842/869 8/3843/869 6/3844/869
f 36/3825/869 34/3845/869 1068/3823/869
f 1068/3823/869 34/3845/869 32/3846/869
f 1068/3823/869 32/3846/869 1066/3847/869
f 1066/3847/869 32/3846/869 30/3848/869
f 1066/3847/869 30/3848/869 1064/3849/869
f 1064/3849/869 30/3848/869 28/3850/869
f 1064/3849/869 28/3850/869 1062/3851/869
f 1062/3851/869 28/3850/869 26/3852/869
f 60/3813/869 58/3831/869 48/3804/869
f 48/3804/869 58/3831/869 1058/3830/869
f 48/3804/869 1058/3830/869 26/3852/869
f 26/3852/869 1058/3830/869 1060/3853/869
f 26/3852/869 1060/3853/869 1062/3851/869
f 1056/3829/869 58/3831/869 1054/3854/869
f 1054/3854/869 58/3831/869 56/3855/869
f 1054/3854/869 56/3855/869 1052/3856/869
f 18/3834/869 923/3833/869 20/3857/869
f 20/3857/869 923/3833/869 924/3858/869
f 20/3857/869 924/3858/869 22/3859/869
f 14/3822/869 12/3860/869 921/3820/869
f 921/3820/869 12/3860/869 10/3861/869
f 921/3820/869 10/3861/869 920/3862/869
f 920/3862/869 10/3861/869 8/3843/869
f 920/3862/869 8/3843/869 919/3863/869
f 919/3863/869 8/3843/869 918/3842/869
f 56/3855/869 54/3864/869 1052/3856/869
f 1052/3856/869 54/3864/869 52/3865/869
f 1052/3856/869 52/3865/869 1050/3866/869
f 1050/3866/869 52/3865/869 50/3867/869
f 1050/3866/869 50/3867/869 1048/3806/869
f 1048/3806/869 50/3867/869 72/3868/869
f 1048/3806/869 72/3868/869 70/3807/869
f 1072/3869/869 40/3870/869 1070/3824/869
f 1070/3824/869 40/3870/869 38/3871/869
f 1070/3824/869 38/3871/869 36/3825/869
f 1072/3869/869 1074/3872/869 40/3870/869
f 40/3870/869 1074/3872/869 918/3842/869
f 40/3870/869 918/3842/869 42/3873/869
f 42/3873/869 918/3842/869 6/3844/869
f 42/3873/869 6/3844/869 44/3874/869
f 44/3874/869 6/3844/869 4/3835/869
f 44/3874/869 4/3835/869 46/3805/869
f 46/3805/869 4/3835/869 933/3836/869
f 46/3805/869 933/3836/869 66/3803/869
f 66/3803/869 933/3836/869 934/3875/869
f 66/3803/869 934/3875/869 68/3809/869
f 68/3809/869 934/3875/869 935/3876/869
f 68/3809/869 935/3876/869 1044/3810/869
f 96/3816/869 94/3877/869 931/3814/869
f 931/3814/869 94/3877/869 92/3878/869
f 931/3814/869 92/3878/869 930/3879/869
f 930/3879/869 92/3878/869 90/3818/869
f 930/3879/869 90/3818/869 929/3880/869
f 929/3880/869 90/3818/869 24/3817/869
f 929/3880/869 24/3817/869 928/3881/869
f 924/3858/869 925/3882/869 22/3859/869
f 22/3859/869 925/3882/869 926/3883/869
f 22/3859/869 926/3883/869 24/3817/869
f 24/3817/869 926/3883/869 927/3884/869
f 24/3817/869 927/3884/869 928/3881/869
f 116/3885/3089 989/3886/3089 114/3887/3089
f 114/3887/3786 989/3886/3786 986/3888/3786
f 2458/3889/3089 975/3890/3089 2459/3891/3089
f 2459/3891/3089 975/3890/3089 972/3892/3089
f 972/3892/3089 973/3893/3089 2459/3891/3089
f 2459/3891/3089 973/3893/3089 968/3894/3089
f 2459/3891/3089 968/3894/3089 2460/3895/3089
f 2460/3895/3786 968/3894/3786 965/3896/3786
f 2460/3895/3089 965/3896/3089 2461/3897/3089
f 2461/3897/3089 965/3896/3089 963/1356/3089
f 990/3898/3787 989/3886/3787 991/1268/3787
f 991/1268/3089 989/3886/3089 116/3885/3089
f 991/1268/3089 116/3885/3089 992/1266/3089
f 992/1266/3089 116/3885/3089 118/3899/3089
f 992/1266/3089 118/3899/3089 993/1273/3089
f 993/1273/3089 118/3899/3089 120/3900/3089
f 993/1273/3089 120/3900/3089 994/1279/3089
f 994/1279/3089 120/3900/3089 122/3901/3089
f 994/1279/3089 122/3901/3089 995/1285/3089
f 995/1285/3089 122/3901/3089 124/3902/3089
f 995/1285/3089 124/3902/3089 996/1291/3089
f 996/1291/3089 124/3902/3089 126/3903/3089
f 996/1291/3089 126/3903/3089 997/1297/3089
f 997/1297/3089 126/3903/3089 128/3904/3089
f 997/1297/3089 128/3904/3089 1001/1311/3089
f 1001/1311/3089 128/3904/3089 130/3905/3089
f 1001/1311/3089 130/3905/3089 1000/1319/3089
f 1000/1319/3089 130/3905/3089 2462/3906/3089
f 1000/1319/3089 2462/3906/3089 1003/1320/3089
f 1003/1320/3089 2462/3906/3089 2463/3907/3089
f 1003/1320/3089 2463/3907/3089 1006/1326/3089
f 1006/1326/3089 2463/3907/3089 2464/3908/3089
f 1006/1326/3089 2464/3908/3089 1009/1332/3089
f 1009/1332/3089 2464/3908/3089 2465/3909/3089
f 1009/1332/3089 2465/3909/3089 1012/1338/3089
f 1012/1338/3089 2465/3909/3089 2466/3910/3089
f 1012/1338/3089 2466/3910/3089 1015/1344/3089
f 1015/1344/3089 2466/3910/3089 2461/3897/3089
f 1015/1344/3089 2461/3897/3089 1018/1350/3089
f 1018/1350/3089 2461/3897/3089 963/1356/3089
f 986/3888/3089 987/3911/3089 114/3887/3089
f 114/3887/3089 987/3911/3089 982/3912/3089
f 114/3887/3089 982/3912/3089 112/3913/3089
f 112/3913/3788 982/3912/3788 979/3914/3788
f 112/3913/3089 979/3914/3089 110/3915/3089
f 110/3915/3089 979/3914/3089 960/1224/3089
f 976/3916/3089 975/3890/3089 1023/1368/3089
f 1023/1368/3089 975/3890/3089 2458/3889/3089
f 1023/1368/3089 2458/3889/3089 1025/1369/3089
f 1025/1369/3089 2458/3889/3089 2467/3917/3089
f 1025/1369/3089 2467/3917/3089 1028/1375/3089
f 1028/1375/3089 2467/3917/3089 2468/3918/3089
f 1028/1375/3089 2468/3918/3089 1031/1381/3089
f 1031/1381/3089 2468/3918/3089 2469/3919/3089
f 1031/1381/3089 2469/3919/3089 1034/1387/3089
f 1034/1387/3089 2469/3919/3089 2470/3920/3089
f 1034/1387/3089 2470/3920/3089 1037/1393/3089
f 1037/1393/3089 2470/3920/3089 2471/3921/3089
f 1037/1393/3089 2471/3921/3089 1040/1399/3089
f 1040/1399/3089 2471/3921/3089 2472/3922/3089
f 1040/1399/3089 2472/3922/3089 940/1405/3089
f 940/1405/3089 2472/3922/3089 97/3923/3089
f 940/1405/3089 97/3923/3089 938/1188/3089
f 938/1188/3089 97/3923/3089 100/3924/3089
f 938/1188/3089 100/3924/3089 942/1189/3089
f 942/1189/3089 100/3924/3089 102/3925/3089
f 942/1189/3089 102/3925/3089 945/1195/3089
f 945/1195/3089 102/3925/3089 104/3926/3089
f 945/1195/3089 104/3926/3089 948/1201/3089
f 948/1201/3089 104/3926/3089 106/3927/3089
f 948/1201/3089 106/3927/3089 951/1207/3089
f 951/1207/3089 106/3927/3089 108/3928/3089
f 951/1207/3089 108/3928/3089 954/1213/3089
f 954/1213/3089 108/3928/3089 110/3915/3089
f 954/1213/3089 110/3915/3089 957/1219/3089
f 957/1219/3089 110/3915/3089 960/1224/3089
f 182/3929/3089 181/3930/3089 187/3931/3089
f 187/3931/3089 181/3930/3089 2473/3932/3089
f 187/3931/3089 2473/3932/3089 2474/3933/3089
f 2474/3933/3089 2475/3934/3089 187/3931/3089
f 187/3931/3089 2475/3934/3089 2476/3935/3089
f 187/3931/3089 2476/3935/3089 2477/3936/3089
f 184/3937/3089 183/3938/3089 185/3939/3089
f 185/3939/3089 183/3938/3089 182/3929/3089
f 185/3939/3089 182/3929/3089 186/3940/3089
f 186/3940/3089 182/3929/3089 187/3931/3089
f 167/220/3789 187/253/3789 2478/3941/3789
f 2478/3941/3790 187/253/3790 2477/3942/3790
f 2478/3943/3791 2477/3944/3791 2479/3945/3791
f 2479/3945/3791 2477/3944/3791 2476/3946/3791
f 2479/3945/3792 2476/3946/3792 2480/3947/3792
f 2480/3947/3792 2476/3946/3792 2475/3948/3792
f 2480/3949/3793 2475/3950/3793 2481/3951/3793
f 2481/3951/3793 2475/3950/3793 2474/3952/3793
f 2481/3951/3794 2474/3952/3794 2482/3953/3794
f 2482/3953/3794 2474/3952/3794 2473/3954/3794
f 2482/3953/3795 2473/3954/3795 179/240/3795
f 179/240/3795 2473/3954/3795 181/241/3795
f 179/238/3796 180/239/3796 2482/3955/3796
f 2482/3955/3797 180/239/3797 2483/3956/3797
f 2482/3953/3798 2483/3957/3798 2481/3951/3798
f 2481/3951/3798 2483/3957/3798 2484/3958/3798
f 2481/3959/3799 2484/3960/3799 2480/3961/3799
f 2480/3961/3799 2484/3960/3799 2485/3962/3799
f 2480/3947/3800 2485/3963/3800 2479/3945/3800
f 2479/3945/3800 2485/3963/3800 2486/3964/3800
f 2479/3945/3801 2486/3964/3801 2478/3943/3801
f 2478/3943/3801 2486/3964/3801 2487/3965/3801
f 2478/3966/3802 2487/3967/3802 167/3968/3802
f 167/3968/3802 2487/3967/3802 168/3969/3802
f 2488/3970/3089 170/225/3089 168/3969/3089
f 2488/3970/3089 2489/3971/3089 170/225/3089
f 170/225/3089 2489/3971/3089 2490/3972/3089
f 170/225/3089 2490/3972/3089 172/227/3089
f 172/227/3089 2490/3972/3089 2491/3973/3089
f 172/227/3089 2491/3973/3089 174/229/3089
f 2487/3967/3089 165/217/3089 168/3969/3089
f 168/3969/3089 165/217/3089 166/219/3089
f 168/3969/3089 166/219/3089 2488/3970/3089
f 2486/3974/3089 163/213/3089 2487/3967/3089
f 2487/3967/3089 163/213/3089 164/215/3089
f 2487/3967/3089 164/215/3089 165/217/3089
f 2484/3960/3089 160/205/3089 2485/3962/3089
f 2485/3962/3089 160/205/3089 161/207/3089
f 2485/3962/3089 161/207/3089 2486/3974/3089
f 2486/3974/3089 161/207/3089 162/210/3089
f 2486/3974/3089 162/210/3089 163/213/3089
f 2483/3956/3089 158/201/3089 2484/3960/3089
f 2484/3960/3089 158/201/3089 159/203/3089
f 2484/3960/3089 159/203/3089 160/205/3089
f 180/239/3089 156/3975/3089 2483/3956/3089
f 2483/3956/3089 156/3975/3089 157/198/3089
f 2483/3956/3089 157/198/3089 158/201/3089
f 178/237/3089 2492/3976/3089 180/239/3089
f 180/239/3089 2492/3976/3089 155/3977/3089
f 180/239/3089 155/3977/3089 156/3975/3089
f 176/235/3089 2493/3978/3089 178/237/3089
f 178/237/3089 2493/3978/3089 2494/3979/3089
f 178/237/3089 2494/3979/3089 2492/3976/3089
f 2491/3973/3089 2495/3980/3089 174/229/3089
f 174/229/3089 2495/3980/3089 2496/3981/3089
f 174/229/3089 2496/3981/3089 176/235/3089
f 176/235/3089 2496/3981/3089 2497/3982/3089
f 176/235/3089 2497/3982/3089 2493/3978/3089
f 166/219/3803 154/218/3803 2498/3983/3803
f 166/219/3804 2498/3983/3804 2488/3970/3804
f 2488/3984/3805 2498/3985/3805 2499/3986/3805
f 2488/3984/3806 2499/3986/3806 2489/3987/3806
f 2489/3987/3807 2499/3986/3807 2500/3988/3807
f 2489/3987/3807 2500/3988/3807 2490/3989/3807
f 2490/3972/3808 2500/3990/3808 2501/3991/3808
f 2490/3972/3809 2501/3991/3809 2491/3973/3809
f 2491/3973/3810 2501/3991/3810 2502/3992/3810
f 2491/3973/3811 2502/3992/3811 2495/3980/3811
f 2495/3980/3812 2502/3992/3812 2503/3993/3812
f 2495/3980/3813 2503/3993/3813 2496/3981/3813
f 2496/3994/3814 2503/3995/3814 2504/3996/3814
f 2496/3994/3814 2504/3996/3814 2497/3997/3814
f 2497/3997/3815 2504/3996/3815 2505/3998/3815
f 2497/3997/3816 2505/3998/3816 2493/3999/3816
f 2493/3978/3817 2505/4000/3817 2506/4001/3817
f 2493/3978/3817 2506/4001/3817 2494/3979/3817
f 2494/3979/3818 2506/4001/3818 2507/4002/3818
f 2494/3979/3819 2507/4002/3819 2492/3976/3819
f 2492/3976/3820 2507/4002/3820 131/4003/3820
f 2492/3976/3820 131/4003/3820 155/3977/3820
f 154/194/3821 153/193/3821 2508/4004/3821
f 154/194/3821 2508/4004/3821 2498/3985/3821
f 2498/3985/3822 2508/4004/3822 2509/4005/3822
f 2498/3985/3822 2509/4005/3822 2499/3986/3822
f 2499/3986/3823 2509/4005/3823 2510/4006/3823
f 2499/3986/3823 2510/4006/3823 2500/3988/3823
f 2500/3988/3824 2510/4006/3824 2511/4007/3824
f 2500/3988/3824 2511/4007/3824 2501/4008/3824
f 2501/4008/3825 2511/4007/3825 2512/4009/3825
f 2501/4008/3825 2512/4009/3825 2502/4010/3825
f 2502/4011/3826 2512/4012/3826 2513/4013/3826
f 2502/4011/3826 2513/4013/3826 2503/3995/3826
f 2503/3995/3827 2513/4013/3827 2514/4014/3827
f 2503/3995/3827 2514/4014/3827 2504/3996/3827
f 2504/3996/3828 2514/4014/3828 2515/4015/3828
f 2504/3996/3828 2515/4015/3828 2505/3998/3828
f 2505/3998/3829 2515/4015/3829 2516/4016/3829
f 2505/3998/3829 2516/4016/3829 2506/4017/3829
f 2506/4017/3830 2516/4016/3830 2517/4018/3830
f 2506/4017/3830 2517/4018/3830 2507/4019/3830
f 2507/4020/3831 2517/4021/3831 132/168/3831
f 2507/4020/3831 132/168/3831 131/167/3831
f 151/4022/3089 2518/4023/3089 153/4024/3089
f 153/4024/3089 2518/4023/3089 2519/4025/3089
f 153/4024/3089 2519/4025/3089 2508/4026/3089
f 147/4027/3089 2520/4028/3089 149/4029/3089
f 149/4029/3089 2520/4028/3089 2521/4030/3089
f 149/4029/3089 2521/4030/3089 151/4022/3089
f 151/4022/3089 2521/4030/3089 2522/4031/3089
f 151/4022/3089 2522/4031/3089 2518/4023/3089
f 143/4032/3089 2523/4033/3089 145/4034/3089
f 145/4034/3089 2523/4033/3089 2524/4035/3089
f 145/4034/3089 2524/4035/3089 147/4027/3089
f 147/4027/3089 2524/4035/3089 2525/4036/3089
f 147/4027/3089 2525/4036/3089 2520/4028/3089
f 2517/4037/3089 105/4038/3089 132/4039/3089
f 132/4039/3089 105/4038/3089 103/4040/3089
f 132/4039/3089 103/4040/3089 133/4041/3089
f 2515/4042/3089 111/4043/3089 2516/4044/3089
f 2516/4044/3089 111/4043/3089 109/4045/3089
f 2516/4044/3089 109/4045/3089 2517/4037/3089
f 2517/4037/3089 109/4045/3089 107/4046/3089
f 2517/4037/3089 107/4046/3089 105/4038/3089
f 2519/4025/3089 2526/4047/3089 2508/4026/3089
f 2508/4026/3089 2526/4047/3089 2527/4048/3089
f 2508/4026/3089 2527/4048/3089 2509/4049/3089
f 2509/4049/3089 2527/4048/3089 129/4050/3089
f 2509/4049/3089 129/4050/3089 2510/4051/3089
f 2510/4051/3089 129/4050/3089 127/4052/3089
f 2510/4051/3089 127/4052/3089 2511/4053/3089
f 139/4054/3089 2528/4055/3089 141/4056/3089
f 141/4056/3089 2528/4055/3089 2529/4057/3089
f 141/4056/3089 2529/4057/3089 143/4032/3089
f 143/4032/3089 2529/4057/3089 2530/4058/3089
f 143/4032/3089 2530/4058/3089 2523/4033/3089
f 103/4040/3089 101/4059/3089 133/4041/3089
f 133/4041/3089 101/4059/3089 99/4060/3089
f 133/4041/3089 99/4060/3089 135/4061/3089
f 135/4061/3089 99/4060/3089 98/4062/3089
f 135/4061/3089 98/4062/3089 137/4063/3089
f 137/4063/3089 98/4062/3089 2531/4064/3089
f 137/4063/3089 2531/4064/3089 139/4054/3089
f 139/4054/3089 2531/4064/3089 2532/4065/3089
f 139/4054/3089 2532/4065/3089 2528/4055/3089
f 2513/4066/3089 117/4067/3089 2514/4068/3089
f 2514/4068/3089 117/4067/3089 115/4069/3089
f 2514/4068/3089 115/4069/3089 2515/4042/3089
f 2515/4042/3089 115/4069/3089 113/4070/3089
f 2515/4042/3089 113/4070/3089 111/4043/3089
f 127/4052/3089 125/4071/3089 2511/4053/3089
f 2511/4053/3089 125/4071/3089 123/4072/3089
f 2511/4053/3089 123/4072/3089 2512/4073/3089
f 2512/4073/3089 123/4072/3089 121/4074/3089
f 2512/4073/3089 121/4074/3089 2513/4066/3089
f 2513/4066/3089 121/4074/3089 119/4075/3089
f 2513/4066/3089 119/4075/3089 117/4067/3089
f 130/166/3832 129/165/3832 2527/4076/3832
f 130/166/3832 2527/4076/3832 2462/4077/3832
f 2462/4077/3833 2527/4076/3833 2526/4078/3833
f 2462/4077/3833 2526/4078/3833 2463/4079/3833
f 2463/4079/3834 2526/4078/3834 2519/4080/3834
f 2463/4079/3834 2519/4080/3834 2464/4081/3834
f 2464/4081/3835 2519/4080/3835 2518/4082/3835
f 2464/4081/3835 2518/4082/3835 2465/4083/3835
f 2465/4083/3836 2518/4082/3836 2522/4084/3836
f 2465/4083/3836 2522/4084/3836 2466/4085/3836
f 2466/4086/3837 2522/1068/3837 2521/4087/3837
f 2466/4086/3837 2521/4087/3837 2461/4088/3837
f 2461/4088/3838 2521/4087/3838 2520/4089/3838
f 2461/4088/3838 2520/4089/3838 2460/4090/3838
f 2460/4090/3839 2520/4089/3839 2525/4091/3839
f 2460/4090/3839 2525/4091/3839 2459/4092/3839
f 2459/4092/3840 2525/4091/3840 2524/4093/3840
f 2459/4092/3840 2524/4093/3840 2458/4094/3840
f 2458/4094/3841 2524/4093/3841 2523/4095/3841
f 2458/4094/3841 2523/4095/3841 2467/4096/3841
f 2467/4096/3842 2523/4095/3842 2530/4097/3842
f 2467/4096/3842 2530/4097/3842 2468/4098/3842
f 2468/4098/3843 2530/4097/3843 2529/4099/3843
f 2468/4098/3843 2529/4099/3843 2469/4100/3843
f 2469/4100/3844 2529/4099/3844 2528/4101/3844
f 2469/4100/3844 2528/4101/3844 2470/4102/3844
f 2470/4102/3845 2528/4101/3845 2532/4103/3845
f 2470/4102/3845 2532/4103/3845 2471/4104/3845
f 2471/4105/3846 2532/4106/3846 2531/4107/3846
f 2471/4105/3846 2531/4107/3846 2472/4108/3846
f 2472/4108/3847 2531/4107/3847 98/130/3847
f 2472/4108/3847 98/130/3847 97/129/3847
f 2537/4161/3848 2538/4162/3848 2539/4163/3848
f 2540/4164/3849 2541/4165/3849 2542/4166/3849
f 2543/4167/3850 2544/4168/3850 2545/4169/3850
f 2546/4170/3851 2547/4171/3851 2548/4172/3851
f 2547/4171/3852 2549/4173/3852 2548/4172/3852
f 2548/4172/3853 2549/4173/3853 2550/4174/3853
f 2548/4172/3854 2550/4174/3854 2551/4175/3854
f 2552/4176/3855 2553/4177/3855 2554/4178/3855
f 2553/4177/3855 2552/4176/3855 2555/4179/3855
f 2555/4179/3856 2552/4176/3856 2556/4180/3856
f 2555/4179/3857 2556/4180/3857 2557/4181/3857
f 2544/4168/3850 2558/4182/3850 2545/4169/3850
f 2545/4169/3858 2558/4182/3858 2559/4183/3858
f 2545/4169/3859 2559/4183/3859 2556/4180/3859
f 2556/4180/3860 2559/4183/3860 2560/4184/3860
f 2556/4180/3860 2560/4184/3860 2557/4181/3860
f 2541/4165/3849 2561/4185/3849 2542/4166/3849
f 2542/4166/3861 2561/4185/3861 2562/4186/3861
f 2542/4166/3862 2562/4186/3862 2545/4169/3862
f 2545/4169/3863 2562/4186/3863 2563/4187/3863
f 2545/4169/3864 2563/4187/3864 2543/4167/3864
f 2564/4188/3865 2565/4189/3865 2566/4190/3865
f 2566/4190/3865 2565/4189/3865 2567/4191/3865
f 2566/4190/3866 2567/4191/3866 2568/4192/3866
f 2569/4193/3867 2570/4194/3867 2571/4195/3867
f 2570/4194/3868 2572/4196/3868 2571/4195/3868
f 2571/4195/3869 2572/4196/3869 2573/4197/3869
f 2575/4199/3871 2576/4200/3871 2577/4201/3871
f 2577/4201/3872 2576/4200/3872 2578/4202/3872
f 2577/4201/3873 2578/4202/3873 2579/4203/3873
f 2579/4203/3874 2578/4202/3874 2580/4204/3874
f 2579/4203/3874 2580/4204/3874 2581/4205/3874
f 2582/4206/3875 2583/4207/3875 2584/4208/3875
f 2584/4208/3875 2583/4207/3875 2585/4209/3875
f 2584/4208/3876 2585/4209/3876 2577/4201/3876
f 2577/4201/3877 2585/4209/3877 2586/4210/3877
f 2577/4201/3871 2586/4210/3871 2575/4199/3871
f 2538/4162/3878 2587/4211/3878 2539/4163/3878
f 2539/4163/3879 2587/4211/3879 2588/4212/3879
f 2539/4163/3880 2588/4212/3880 2584/4208/3880
f 2584/4208/3881 2588/4212/3881 2589/4213/3881
f 2584/4208/3882 2589/4213/3882 2582/4206/3882
f 2590/4214/3883 2591/4215/3883 2592/4216/3883
f 2592/4216/3883 2591/4215/3883 2593/4217/3883
f 2592/4216/3884 2593/4217/3884 2594/4218/3884
f 2568/4192/3885 2540/4164/3885 2566/4190/3885
f 2566/4190/3886 2540/4164/3886 2542/4166/3886
f 2566/4190/3887 2542/4166/3887 2595/4219/3887
f 2595/4219/3887 2542/4166/3887 2545/4169/3887
f 2595/4219/3888 2545/4169/3888 2596/4220/3888
f 2596/4220/3888 2545/4169/3888 2556/4180/3888
f 2596/4220/3889 2556/4180/3889 2548/4172/3889
f 2548/4172/3889 2556/4180/3889 2552/4176/3889
f 2548/4172/3890 2552/4176/3890 2546/4170/3890
f 2546/4170/3891 2552/4176/3891 2554/4178/3891
f 2574/4198/3870 2564/4188/3870 2571/4195/3870
f 2571/4195/3892 2564/4188/3892 2566/4190/3892
f 2571/4195/3893 2566/4190/3893 2597/4221/3893
f 2597/4221/3893 2566/4190/3893 2595/4219/3893
f 2597/4221/3894 2595/4219/3894 2598/4222/3894
f 2598/4222/3894 2595/4219/3894 2596/4220/3894
f 2598/4222/3895 2596/4220/3895 2592/4216/3895
f 2592/4216/3895 2596/4220/3895 2548/4172/3895
f 2592/4216/3896 2548/4172/3896 2590/4214/3896
f 2590/4214/3854 2548/4172/3854 2551/4175/3854
f 2581/4205/3897 2569/4193/3897 2579/4203/3897
f 2579/4203/3898 2569/4193/3898 2571/4195/3898
f 2579/4203/3899 2571/4195/3899 2577/4201/3899
f 2577/4201/3899 2571/4195/3899 2597/4221/3899
f 2577/4201/3900 2597/4221/3900 2584/4208/3900
f 2584/4208/3900 2597/4221/3900 2598/4222/3900
f 2584/4208/3901 2598/4222/3901 2539/4163/3901
f 2539/4163/3901 2598/4222/3901 2592/4216/3901
f 2539/4163/3902 2592/4216/3902 2537/4161/3902
f 2537/4161/3903 2592/4216/3903 2594/4218/3903
f 2599/4223/3904 2550/4224/3904 2549/4225/3904
f 2599/4223/3904 2549/4225/3904 2600/4226/3904
f 2600/4226/3905 2549/4225/3905 2547/4227/3905
f 2600/4226/3905 2547/4227/3905 2601/4228/3905
f 2601/4228/3906 2547/4227/3906 2546/4229/3906
f 2601/4228/3907 2546/4229/3907 2602/4230/3907
f 2546/4229/3906 2554/4231/3906 2602/4230/3906
f 2602/4230/3908 2554/4231/3908 2553/4232/3908
f 2602/4230/3908 2553/4232/3908 2603/4233/3908
f 2553/4232/3908 2555/4234/3908 2603/4233/3908
f 2603/4233/3909 2555/4234/3909 2557/4235/3909
f 2603/4233/3909 2557/4235/3909 2604/4236/3909
f 2604/4236/3910 2557/4235/3910 2560/4237/3910
f 2604/4236/3910 2560/4237/3910 2605/4238/3910
f 2560/4237/3910 2559/4239/3910 2605/4238/3910
f 2605/4240/3911 2559/4241/3911 2558/4242/3911
f 2605/4240/3911 2558/4242/3911 2606/4243/3911
f 2606/4243/3912 2558/4242/3912 2544/4244/3912
f 2606/4243/3912 2544/4244/3912 2607/4245/3912
f 2541/4246/3913 2608/4247/3913 2609/4248/3913
f 2544/4244/3912 2543/4249/3912 2607/4245/3912
f 2607/4245/3914 2543/4249/3914 2563/4250/3914
f 2607/4245/3914 2563/4250/3914 2610/4251/3914
f 2610/4251/3915 2563/4250/3915 2562/4252/3915
f 2610/4251/3916 2562/4252/3916 2609/4248/3916
f 2609/4248/3915 2562/4252/3915 2561/4253/3915
f 2609/4248/3917 2561/4253/3917 2541/4246/3917
f 2541/4246/3917 2540/4254/3917 2608/4247/3917
f 2608/4247/3918 2540/4254/3918 2568/4255/3918
f 2608/4247/3918 2568/4255/3918 2611/4256/3918
f 2611/4256/3919 2568/4255/3919 2567/4257/3919
f 2611/4256/3919 2567/4257/3919 2612/4258/3919
f 2612/4258/3920 2567/4257/3920 2565/4259/3920
f 2612/4258/3920 2565/4259/3920 2613/4260/3920
f 2565/4259/3920 2564/4261/3920 2613/4260/3920
f 2613/4262/3921 2564/4263/3921 2574/4264/3921
f 2613/4262/3921 2574/4264/3921 2614/4265/3921
f 2574/4264/3921 2573/4266/3921 2614/4265/3921
f 2614/4265/3922 2573/4266/3922 2572/4267/3922
f 2614/4265/3922 2572/4267/3922 2615/4268/3922
f 2615/4268/3923 2572/4267/3923 2570/4269/3923
f 2615/4268/3923 2570/4269/3923 2616/4270/3923
f 2616/4270/3924 2570/4269/3924 2569/4271/3924
f 2616/4270/3924 2569/4271/3924 2617/4272/3924
f 2569/4271/3924 2581/4273/3924 2617/4272/3924
f 2617/4272/3925 2581/4273/3925 2580/4274/3925
f 2617/4272/3925 2580/4274/3925 2618/4275/3925
f 2580/4274/3925 2578/4276/3925 2618/4275/3925
f 2618/4275/3926 2578/4276/3926 2576/4277/3926
f 2618/4275/3926 2576/4277/3926 2619/4278/3926
f 2619/4279/3927 2576/4280/3927 2575/4281/3927
f 2619/4279/3928 2575/4281/3928 2620/4282/3928
f 2575/4281/3929 2586/4283/3929 2620/4282/3929
f 2620/4282/3930 2586/4283/3930 2585/4284/3930
f 2620/4282/3930 2585/4284/3930 2621/4285/3930
f 2621/4285/3931 2585/4284/3931 2583/4286/3931
f 2621/4285/3932 2583/4286/3932 2622/4287/3932
f 2538/4288/3933 2623/4289/3933 2624/4290/3933
f 2583/4286/3931 2582/4291/3931 2622/4287/3931
f 2622/4287/3934 2582/4291/3934 2589/4292/3934
f 2622/4287/3934 2589/4292/3934 2625/4293/3934
f 2625/4293/3935 2589/4292/3935 2588/4294/3935
f 2625/4293/3936 2588/4294/3936 2624/4290/3936
f 2624/4290/3935 2588/4294/3935 2587/4295/3935
f 2624/4290/3937 2587/4295/3937 2538/4288/3937
f 2538/4288/3937 2537/4296/3937 2623/4289/3937
f 2623/4289/3938 2537/4296/3938 2594/4297/3938
f 2623/4289/3938 2594/4297/3938 2626/4298/3938
f 2626/4299/3939 2594/4300/3939 2593/4301/3939
f 2626/4299/3939 2593/4301/3939 2627/4302/3939
f 2627/4302/3940 2593/4301/3940 2591/4303/3940
f 2627/4302/3941 2591/4303/3941 2628/4304/3941
f 2628/4304/3940 2591/4303/3940 2590/4305/3940
f 2628/4304/3942 2590/4305/3942 2599/4223/3942
f 2599/4223/3943 2590/4305/3943 2551/4306/3943
f 2599/4223/3944 2551/4306/3944 2550/4224/3944
f 2656/4368/3945 2660/4369/3945 2657/4370/3945
f 2657/4370/3946 2660/4369/3946 2661/4371/3946
f 2657/4370/3947 2661/4371/3947 2658/4372/3947
f 2661/4371/3947 2662/4373/3947 2658/4372/3947
f 2658/4372/3948 2662/4373/3948 2663/4374/3948
f 2658/4372/3948 2663/4374/3948 2659/4375/3948
f 2630/4376/3949 2664/4377/3949 2631/4378/3949
f 2631/4378/3949 2664/4377/3949 2665/4379/3949
f 2631/4378/3950 2665/4379/3950 2632/4380/3950
f 2663/4374/3948 2666/4381/3948 2659/4375/3948
f 2659/4375/3951 2666/4381/3951 2667/4382/3951
f 2659/4375/3952 2667/4382/3952 2629/4383/3952
f 2629/4383/3951 2667/4382/3951 2668/4384/3951
f 2629/4383/3953 2668/4384/3953 2630/4376/3953
f 2630/4376/3953 2668/4384/3953 2669/4385/3953
f 2630/4376/3949 2669/4385/3949 2664/4377/3949
f 2665/4379/3950 2670/4386/3950 2632/4380/3950
f 2632/4380/3954 2670/4386/3954 2671/4387/3954
f 2632/4380/3955 2671/4387/3955 2633/4388/3955
f 2633/4388/3954 2671/4387/3954 2672/4389/3954
f 2633/4390/3956 2672/4391/3956 2634/4392/3956
f 2634/4392/3956 2672/4391/3956 2673/4393/3956
f 2634/4392/3957 2673/4393/3957 2635/4394/3957
f 2673/4393/3957 2674/4395/3957 2635/4394/3957
f 2635/4394/3958 2674/4395/3958 2675/4396/3958
f 2635/4394/3958 2675/4396/3958 2636/4397/3958
f 2675/4396/3959 2676/4398/3959 2636/4397/3959
f 2636/4397/3960 2676/4398/3960 2677/4399/3960
f 2636/4397/3960 2677/4399/3960 2637/4400/3960
f 2637/4400/3960 2677/4399/3960 2678/4401/3960
f 2637/4400/3961 2678/4401/3961 2638/4402/3961
f 2640/4403/3962 2679/4404/3962 2641/4405/3962
f 2641/4405/3963 2679/4404/3963 2680/4406/3963
f 2641/4407/3964 2680/4408/3964 2642/4409/3964
f 2678/4401/3961 2681/4410/3961 2638/4402/3961
f 2638/4402/3965 2681/4410/3965 2682/4411/3965
f 2638/4402/3966 2682/4411/3966 2639/4412/3966
f 2639/4412/3967 2682/4411/3967 2683/4413/3967
f 2639/4412/3968 2683/4413/3968 2640/4403/3968
f 2640/4403/3968 2683/4413/3968 2684/4414/3968
f 2640/4403/3963 2684/4414/3963 2679/4404/3963
f 2680/4408/3964 2685/4415/3964 2642/4409/3964
f 2642/4409/3969 2685/4415/3969 2686/4416/3969
f 2642/4409/3969 2686/4416/3969 2643/4417/3969
f 2643/4417/3969 2686/4416/3969 2687/4418/3969
f 2643/4417/3970 2687/4418/3970 2644/4419/3970
f 2687/4418/3971 2688/4420/3971 2644/4419/3971
f 2644/4419/3970 2688/4420/3970 2689/4421/3970
f 2644/4419/3972 2689/4421/3972 2645/4422/3972
f 2645/4422/3972 2689/4421/3972 2690/4423/3972
f 2645/4422/3973 2690/4423/3973 2646/4424/3973
f 2690/4423/3974 2691/4425/3974 2646/4424/3974
f 2646/4424/3975 2691/4425/3975 2692/4426/3975
f 2646/4424/3976 2692/4426/3976 2647/4427/3976
f 2647/4427/3977 2692/4426/3977 2693/4428/3977
f 2647/4427/3978 2693/4428/3978 2648/4429/3978
f 2694/4430/3979 2651/4431/3979 2650/4432/3979
f 2693/4428/3980 2695/4433/3980 2648/4429/3980
f 2648/4434/3981 2695/4435/3981 2696/4436/3981
f 2648/4434/3981 2696/4436/3981 2649/4437/3981
f 2649/4437/3981 2696/4436/3981 2697/4438/3981
f 2649/4437/3982 2697/4438/3982 2650/4432/3982
f 2650/4432/3982 2697/4438/3982 2698/4439/3982
f 2650/4432/3979 2698/4439/3979 2694/4430/3979
f 2694/4430/3979 2699/4440/3979 2651/4431/3979
f 2651/4431/3983 2699/4440/3983 2700/4441/3983
f 2651/4431/3983 2700/4441/3983 2652/4442/3983
f 2652/4442/3983 2700/4441/3983 2701/4443/3983
f 2652/4442/3984 2701/4443/3984 2653/4444/3984
f 2701/4443/3985 2702/4445/3985 2653/4444/3985
f 2653/4444/3986 2702/4445/3986 2703/4446/3986
f 2653/4444/3986 2703/4446/3986 2654/4447/3986
f 2654/4447/3986 2703/4446/3986 2704/4448/3986
f 2654/4447/3987 2704/4448/3987 2655/4449/3987
f 2655/4449/3987 2704/4448/3987 2705/4450/3987
f 2655/4451/3988 2705/4452/3988 2656/4368/3988
f 2656/4368/3988 2705/4452/3988 2706/4453/3988
f 2656/4368/3989 2706/4453/3989 2660/4369/3989
f 2843/1013/4405 3059/4862/4405 3060/4863/4405
f 3060/4864/4406 3059/4861/4406 3061/4865/4406
f 3221/5049/4671 3222/5050/4671 3055/4857/4671
f 3102/4906/4686 3227/5055/4686 3103/4907/4686
f 2939/5079/4723 3247/5080/4723 3248/5081/4723
f 3256/5090/4748 2909/4703/4748 2916/4710/4748
f 3535/5529/5192 3207/5033/5192 3208/5035/5192
f 3535/5529/5193 3208/5035/5193 3209/5530/5193
f 3199/5531/5194 3200/5532/5194 3537/5533/5194
f 3536/5528/5197 3203/5534/5197 3204/5535/5197
f 3536/5528/5197 3204/5535/5197 3205/5526/5197
f 3197/5536/5198 3178/5537/5198 3537/5533/5198
f 3537/5533/5199 3178/5537/5199 3177/5538/5199
f 3537/5533/5200 3177/5538/5200 3199/5531/5200
f 3537/5533/5207 3198/5545/5207 3197/5536/5207
f 3425/5268/5340 3426/5269/5340 3565/5719/5340
f 3392/5229/5341 3396/5233/5341 3566/5720/5341
f 3403/5244/5342 3406/5247/5342 3567/5721/5342
f 3568/5722/5343 3569/5723/5343 3416/5257/5343
f 3366/5259/5344 3570/5724/5344 3417/5260/5344
f 3417/5260/5345 3570/5724/5345 3568/5722/5345
f 3417/5260/5346 3568/5722/5346 3414/5255/5346
f 3414/5255/5347 3568/5722/5347 3416/5257/5347
f 3409/5250/5348 3412/5253/5348 3571/5725/5348
f 3571/5725/5348 3412/5253/5348 3411/5252/5348
f 3571/5725/5349 3411/5252/5349 3569/5723/5349
f 3569/5723/5350 3411/5252/5350 3410/5251/5350
f 3569/5723/5350 3410/5251/5350 3416/5257/5350
f 3409/5250/5351 3571/5725/5351 3408/5249/5351
f 3408/5249/5352 3571/5725/5352 3572/5726/5352
f 3408/5249/5353 3572/5726/5353 3368/5205/5353
f 3368/5205/5354 3572/5726/5354 3369/5206/5354
f 3369/5206/5355 3572/5726/5355 3573/5727/5355
f 3369/5206/5356 3573/5727/5356 3371/5208/5356
f 3567/5721/5357 3406/5247/5357 3573/5727/5357
f 3573/5727/5358 3406/5247/5358 3372/5209/5358
f 3573/5727/5356 3372/5209/5356 3371/5208/5356
f 3403/5244/5359 3567/5721/5359 3405/5246/5359
f 3405/5246/5360 3567/5721/5360 3574/5728/5360
f 3405/5246/5361 3574/5728/5361 3374/5211/5361
f 3374/5211/5361 3574/5728/5361 3375/5212/5361
f 3375/5212/5362 3574/5728/5362 3575/5729/5362
f 3375/5212/5363 3575/5729/5363 3514/5381/5363
f 3576/5730/5364 3400/5238/5364 3399/5236/5364
f 3576/5730/5365 3399/5236/5365 3575/5729/5365
f 3575/5729/5366 3399/5236/5366 3398/5235/5366
f 3575/5729/5363 3398/5235/5363 3514/5381/5363
f 3400/5238/5367 3576/5730/5367 3401/5240/5367
f 3401/5240/5368 3576/5730/5368 3577/5731/5368
f 3401/5242/5369 3577/5732/5369 3377/5214/5369
f 3566/5720/5370 3396/5233/5370 3577/5732/5370
f 3577/5732/5371 3396/5233/5371 3378/5215/5371
f 3577/5732/5369 3378/5215/5369 3377/5214/5369
f 3392/5229/5372 3566/5720/5372 3393/5230/5372
f 3393/5230/5373 3566/5720/5373 3578/5733/5373
f 3393/5230/5374 3578/5733/5374 3394/5231/5374
f 3394/5231/5374 3578/5733/5374 3395/5232/5374
f 3395/5232/5375 3578/5733/5375 3579/5734/5375
f 3395/5232/5376 3579/5734/5376 3380/5217/5376
f 3580/5735/5377 3387/5224/5377 3390/5227/5377
f 3580/5735/5378 3390/5227/5378 3579/5734/5378
f 3579/5734/5379 3390/5227/5379 3381/5218/5379
f 3579/5734/5376 3381/5218/5376 3380/5217/5376
f 3387/5224/5380 3580/5735/5380 3388/5225/5380
f 3388/5225/5381 3580/5735/5381 3581/5736/5381
f 3388/5225/5382 3581/5736/5382 3389/5226/5382
f 3582/5737/5383 3583/5738/5383 3469/5314/5383
f 3469/5314/5384 3384/5221/5384 3582/5737/5384
f 3582/5737/5385 3384/5221/5385 3383/5220/5385
f 3582/5737/5386 3383/5220/5386 3581/5736/5386
f 3581/5736/5387 3383/5220/5387 3386/5223/5387
f 3581/5736/5382 3386/5223/5382 3389/5226/5382
f 3461/5304/5388 3466/5311/5388 3584/5739/5388
f 3584/5739/5388 3466/5311/5388 3472/5317/5388
f 3584/5739/5389 3472/5317/5389 3583/5738/5389
f 3583/5738/5390 3472/5317/5390 3471/5316/5390
f 3583/5738/5390 3471/5316/5390 3469/5314/5390
f 3461/5304/5391 3584/5739/5391 3462/5305/5391
f 3462/5305/5392 3584/5739/5392 3585/5740/5392
f 3462/5305/5393 3585/5740/5393 3464/5307/5393
f 3464/5307/5394 3585/5740/5394 3465/5309/5394
f 3465/5309/5395 3585/5740/5395 3586/5741/5395
f 3465/5310/5396 3586/5742/5396 3460/5303/5396
f 3587/5743/5397 3449/5292/5397 3457/5300/5397
f 3587/5743/5398 3457/5300/5398 3588/5744/5398
f 3457/5300/5399 3456/5299/5399 3588/5744/5399
f 3588/5744/5400 3456/5299/5400 3455/5298/5400
f 3588/5744/5401 3455/5298/5401 3586/5742/5401
f 3586/5742/5402 3455/5298/5402 3454/5297/5402
f 3586/5742/5396 3454/5297/5396 3460/5303/5396
f 3449/5292/5397 3587/5743/5397 3450/5293/5397
f 3450/5293/5403 3587/5743/5403 3589/5745/5403
f 3450/5293/5404 3589/5745/5404 3452/5295/5404
f 3590/5746/5405 3447/5290/5405 3445/5288/5405
f 3590/5746/5406 3445/5288/5406 3589/5745/5406
f 3589/5745/5407 3445/5288/5407 3444/5287/5407
f 3589/5745/5404 3444/5287/5404 3452/5295/5404
f 3447/5290/5408 3590/5746/5408 3448/5291/5408
f 3448/5291/5409 3590/5746/5409 3591/5747/5409
f 3448/5291/5410 3591/5747/5410 3443/5286/5410
f 3592/5748/5411 3593/5749/5411 3440/5283/5411
f 3440/5283/5412 3439/5282/5412 3592/5748/5412
f 3592/5748/5413 3439/5282/5413 3437/5280/5413
f 3592/5748/5414 3437/5280/5414 3591/5747/5414
f 3591/5747/5415 3437/5280/5415 3436/5279/5415
f 3591/5747/5410 3436/5279/5410 3443/5286/5410
f 3355/5192/5416 3354/5191/5416 3594/5750/5416
f 3594/5750/5416 3354/5191/5416 3432/5406/5416
f 3594/5751/5417 3432/5275/5417 3593/5749/5417
f 3593/5749/5418 3432/5275/5418 3434/5277/5418
f 3593/5749/5418 3434/5277/5418 3440/5283/5418
f 3355/5192/5419 3594/5750/5419 3431/5274/5419
f 3431/5274/5420 3594/5750/5420 3595/5752/5420
f 3431/5274/5421 3595/5752/5421 3429/5272/5421
f 3429/5272/5421 3595/5752/5421 3427/5270/5421
f 3427/5270/5422 3595/5752/5422 3596/5753/5422
f 3427/5270/5423 3596/5753/5423 3357/5194/5423
f 3565/5719/5424 3426/5269/5424 3596/5753/5424
f 3596/5753/5425 3426/5269/5425 3358/5195/5425
f 3596/5753/5423 3358/5195/5423 3357/5194/5423
f 3425/5268/5426 3565/5719/5426 3424/5267/5426
f 3424/5267/5427 3565/5719/5427 3597/5754/5427
f 3424/5267/5428 3597/5754/5428 3359/5196/5428
f 3359/5196/5428 3597/5754/5428 3360/5197/5428
f 3360/5197/5429 3597/5754/5429 3598/5755/5429
f 3360/5197/5430 3598/5755/5430 3362/5199/5430
f 3599/5756/5431 3422/5265/5431 3598/5755/5431
f 3598/5755/5432 3422/5265/5432 3363/5200/5432
f 3598/5755/5430 3363/5200/5430 3362/5199/5430
f 3366/5203/5433 3365/5202/5433 3570/5757/5433
f 3570/5757/5434 3365/5202/5434 3418/5261/5434
f 3570/5757/5435 3418/5261/5435 3599/5756/5435
f 3599/5756/5436 3418/5261/5436 3420/5263/5436
f 3599/5756/5436 3420/5263/5436 3422/5265/5436
f 3600/5758/3930 3601/5759/3930 3602/5760/3930
f 3602/5760/3930 3601/5759/3930 3603/5761/3930
f 3616/5786/3911 3617/5787/3911 3618/5788/3911
f 3618/5788/3911 3617/5787/3911 3619/5789/3911
f 3618/5790/5437 3619/5791/5437 3620/5792/5437
f 3618/5790/5437 3620/5792/5437 3621/5793/5437
f 3621/5793/5438 3620/5792/5438 3622/5794/5438
f 3621/5793/5439 3622/5794/5439 3623/5795/5439
f 3623/5795/5440 3622/5794/5440 3624/5796/5440
f 3623/5795/5440 3624/5796/5440 3625/5797/5440
f 3625/5797/5441 3624/5796/5441 3626/5798/5441
f 3625/5797/5441 3626/5798/5441 3627/5799/5441
f 3628/5800/5442 3629/5801/5442 3630/5802/5442
f 3628/5800/5442 3630/5802/5442 3631/5803/5442
f 3631/5804/5443 3630/5805/5443 3632/5806/5443
f 3631/5804/5443 3632/5806/5443 3633/5807/5443
f 3633/5807/5444 3632/5806/5444 3634/5808/5444
f 3633/5807/5444 3634/5808/5444 3635/5809/5444
f 3635/5809/5445 3634/5808/5445 3636/5810/5445
f 3635/5809/5446 3636/5810/5446 3637/5811/5446
f 3638/5812/5447 3639/5813/5447 3636/5810/5447
f 3636/5810/5447 3639/5813/5447 3637/5811/5447
f 3644/5822/869 3532/5823/869 3645/5824/869
f 3646/5826/869 3530/5827/869 3647/5828/869
f 3652/5838/3968 3653/5839/3968 3654/5840/3968
f 3654/5840/3968 3653/5839/3968 3655/5841/3968
f 3656/5842/5448 3657/5843/5448 3658/5844/5448
f 3656/5842/5448 3658/5844/5448 3659/5845/5448
f 3659/5845/5449 3658/5844/5449 3660/5846/5449
f 3659/5845/5449 3660/5846/5449 3661/5847/5449
f 3661/5847/5450 3660/5846/5450 3662/5848/5450
f 3661/5847/5450 3662/5848/5450 3663/5849/5450
f 3663/5849/5451 3662/5848/5451 3664/5850/5451
f 3663/5849/5452 3664/5850/5452 3665/5851/5452
f 3654/5840/5453 3655/5841/5453 3666/5852/5453
f 3654/5840/5454 3666/5852/5454 3667/5853/5454
f 3667/5854/5455 3666/5855/5455 3668/5856/5455
f 3667/5854/5455 3668/5856/5455 3669/5857/5455
f 3669/5857/5456 3668/5856/5456 3670/5858/5456
f 3669/5857/5456 3670/5858/5456 3671/5859/5456
f 3671/5859/5457 3670/5858/5457 3672/5860/5457
f 3671/5859/5457 3672/5860/5457 3673/5861/5457
f 3674/5862/3911 3675/5863/3911 3664/5850/3911
f 3664/5850/3911 3675/5863/3911 3665/5851/3911
f 3676/5864/3930 3677/5865/3930 3678/5866/3930
f 3678/5866/3930 3677/5865/3930 3679/5867/3930
f 3682/5872/869 3546/5873/869 3683/5874/869
f 3684/5876/869 3544/5877/869 3685/5878/869
f 3685/5878/869 3544/5877/869 3542/5879/869
f 3685/5878/869 3542/5879/869 3686/5880/869
f 3686/5880/869 3542/5879/869 3543/5881/869
f 3686/5880/869 3543/5881/869 3687/5882/869
f 3688/5884/869 3551/5885/869 3689/5886/869
f 3692/5892/5458 3693/5893/5458 3694/5894/5458
f 3692/5892/5459 3694/5894/5459 3695/5895/5459
f 3695/5896/5460 3694/5897/5460 3696/5898/5460
f 3695/5896/5461 3696/5898/5461 3697/5899/5461
f 3697/5899/5462 3696/5898/5462 3698/5900/5462
f 3697/5899/5463 3698/5900/5463 3699/5901/5463
f 3699/5901/5464 3698/5900/5464 3700/5902/5464
f 3699/5901/5465 3700/5902/5465 3701/5903/5465
f 3678/5866/5466 3679/5867/5466 3702/5904/5466
f 3678/5866/5466 3702/5904/5466 3703/5905/5466
f 3703/5906/5467 3702/5907/5467 3704/5908/5467
f 3703/5906/5467 3704/5908/5467 3705/5909/5467
f 3705/5909/5468 3704/5908/5468 3706/5910/5468
f 3705/5909/5469 3706/5910/5469 3707/5911/5469
f 3707/5911/5470 3706/5910/5470 3708/5912/5470
f 3707/5911/5470 3708/5912/5470 3709/5913/5470
f 3722/5938/5447 3723/5939/5447 3724/5940/5447
f 3724/5940/5447 3723/5939/5447 3725/5941/5447
f 3726/5942/3968 3727/5943/3968 3700/5902/3968
f 3700/5902/3968 3727/5943/3968 3701/5903/3968
f 3728/5944/5471 3729/5945/5471 3730/5946/5471
f 3728/5944/5472 3730/5946/5472 3731/5947/5472
f 3731/5948/5473 3730/5949/5473 3732/5950/5473
f 3731/5948/5473 3732/5950/5473 3733/5951/5473
f 3733/5951/5474 3732/5950/5474 3734/5952/5474
f 3733/5951/5474 3734/5952/5474 3735/5953/5474
f 3735/5953/5475 3734/5952/5475 3602/5760/5475
f 3735/5953/5475 3602/5760/5475 3603/5761/5475
f 3576/5954/3089 3736/5955/3089 3737/5956/3089
f 3738/5957/3089 3593/5958/3089 3739/5959/3089
f 3739/5959/3089 3593/5958/3089 3592/5960/3089
f 3739/5959/3089 3592/5960/3089 3740/5961/3089
f 3695/5962/3089 3697/5963/3089 3741/5964/3089
f 3741/5964/3089 3697/5963/3089 3699/5965/3089
f 3741/5964/3089 3699/5965/3089 3742/5966/3089
f 3742/5966/3089 3699/5965/3089 3701/5967/3089
f 3742/5966/3089 3701/5967/3089 3727/5968/3089
f 3736/5955/3089 3576/5954/3089 3741/5964/3089
f 3741/5964/3089 3576/5954/3089 3575/5969/3089
f 3741/5964/3089 3575/5969/3089 3695/5962/3089
f 3705/5970/3089 3743/5971/3089 3703/5972/3089
f 3703/5972/3089 3743/5971/3089 3744/5973/3089
f 3703/5972/3089 3744/5973/3089 3678/5974/3089
f 3678/5974/3089 3744/5973/3089 3676/5975/3089
f 3621/5976/3089 3745/5977/3089 3618/5978/3089
f 3618/5978/3089 3745/5977/3089 3746/5979/3089
f 3618/5978/3089 3746/5979/3089 3616/5980/3089
f 3621/5976/3089 3623/5981/3089 3745/5977/3089
f 3745/5977/3089 3623/5981/3089 3584/5982/3089
f 3745/5977/3089 3584/5982/3089 3747/5983/3089
f 3747/5983/3089 3584/5982/3089 3583/5984/3089
f 3747/5983/3089 3583/5984/3089 3748/5985/3089
f 3748/5985/3089 3583/5984/3089 3731/5986/3089
f 3592/5960/3089 3631/5987/3089 3633/5988/3089
f 3659/5989/3089 3661/5990/3089 3749/5991/3089
f 3749/5991/3089 3661/5990/3089 3663/5992/3089
f 3749/5991/3089 3663/5992/3089 3750/5993/3089
f 3750/5993/3089 3663/5992/3089 3665/5994/3089
f 3750/5993/3089 3665/5994/3089 3675/5995/3089
f 3731/5986/3089 3733/5996/3089 3748/5985/3089
f 3748/5985/3089 3733/5996/3089 3735/5997/3089
f 3748/5985/3089 3735/5997/3089 3751/5998/3089
f 3751/5998/3089 3735/5997/3089 3603/5999/3089
f 3751/5998/3089 3603/5999/3089 3601/6000/3089
f 3592/5960/3089 3633/5988/3089 3740/5961/3089
f 3740/5961/3089 3633/5988/3089 3635/6001/3089
f 3740/5961/3089 3635/6001/3089 3752/6002/3089
f 3752/6002/3089 3635/6001/3089 3637/6003/3089
f 3752/6002/3089 3637/6003/3089 3639/6004/3089
f 3652/6005/3089 3654/6006/3089 3753/6007/3089
f 3753/6007/3089 3654/6006/3089 3667/6008/3089
f 3753/6007/3089 3667/6008/3089 3738/5957/3089
f 3707/6009/3089 3709/6010/3089 3568/6011/3089
f 3568/6011/3089 3709/6010/3089 3754/6012/3089
f 3568/6011/3089 3754/6012/3089 3569/6013/3089
f 3569/6013/3089 3754/6012/3089 3755/6014/3089
f 3569/6013/3089 3755/6014/3089 3571/6015/3089
f 3571/6015/3089 3755/6014/3089 3756/6016/3089
f 3571/6015/3089 3756/6016/3089 3572/6017/3089
f 3572/6017/3089 3756/6016/3089 3757/6018/3089
f 3572/6017/3089 3757/6018/3089 3573/6019/3089
f 3573/6019/3089 3757/6018/3089 3758/6020/3089
f 3573/6019/3089 3758/6020/3089 3567/6021/3089
f 3567/6021/3089 3758/6020/3089 3759/6022/3089
f 3567/6021/3089 3759/6022/3089 3574/6023/3089
f 3574/6023/3089 3759/6022/3089 3760/6024/3089
f 3574/6023/3089 3760/6024/3089 3575/5969/3089
f 3575/5969/3089 3760/6024/3089 3692/6025/3089
f 3575/5969/3089 3692/6025/3089 3695/5962/3089
f 3761/6026/3089 3576/5954/3089 3762/6027/3089
f 3762/6027/3089 3576/5954/3089 3737/5956/3089
f 3762/6027/3089 3737/5956/3089 3724/6028/3089
f 3724/6028/3089 3737/5956/3089 3763/6029/3089
f 3724/6028/3089 3763/6029/3089 3722/6030/3089
f 3705/5970/3089 3707/6009/3089 3743/5971/3089
f 3743/5971/3786 3707/6009/3786 3568/6011/3786
f 3743/5971/3089 3568/6011/3089 3764/6031/3089
f 3764/6031/3089 3568/6011/3089 3570/6032/3089
f 3764/6031/3089 3570/6032/3089 3749/5991/3089
f 3749/5991/3089 3570/6032/3089 3599/6033/3089
f 3749/5991/3089 3599/6033/3089 3659/5989/3089
f 3659/5989/3089 3599/6033/3089 3656/6034/3089
f 3761/6026/3089 3765/6035/3089 3576/5954/3089
f 3576/5954/3089 3765/6035/3089 3766/6036/3089
f 3576/5954/3089 3766/6036/3089 3577/6037/3089
f 3577/6037/3089 3766/6036/3089 3767/6038/3089
f 3577/6037/3089 3767/6038/3089 3566/6039/3089
f 3566/6039/3089 3767/6038/3089 3768/6040/3089
f 3566/6039/3089 3768/6040/3089 3578/6041/3089
f 3578/6041/3089 3768/6040/3089 3769/6042/3089
f 3578/6041/3089 3769/6042/3089 3579/6043/3089
f 3579/6043/3089 3769/6042/3089 3770/6044/3089
f 3579/6043/3089 3770/6044/3089 3580/6045/3089
f 3580/6045/3089 3770/6044/3089 3771/6046/3089
f 3580/6045/3089 3771/6046/3089 3581/6047/3089
f 3581/6047/3089 3771/6046/3089 3772/6048/3089
f 3581/6047/3089 3772/6048/3089 3582/6049/3089
f 3582/6049/3089 3772/6048/3089 3773/6050/3089
f 3582/6049/3089 3773/6050/3089 3583/5984/3089
f 3583/5984/3089 3773/6050/3089 3728/6051/3089
f 3583/5984/3089 3728/6051/3089 3731/5986/3089
f 3623/5981/3089 3625/6052/3089 3584/5982/3089
f 3584/5982/3089 3625/6052/3089 3627/6053/3089
f 3584/5982/3089 3627/6053/3089 3585/6054/3089
f 3585/6054/3089 3627/6053/3089 3774/6055/3089
f 3585/6054/3089 3774/6055/3089 3586/6056/3089
f 3586/6056/3089 3774/6055/3089 3775/6057/3089
f 3586/6056/3089 3775/6057/3089 3588/6058/3089
f 3588/6058/3089 3775/6057/3089 3776/6059/3089
f 3588/6058/3089 3776/6059/3089 3587/6060/3089
f 3587/6060/3089 3776/6059/3089 3777/6061/3089
f 3587/6060/3089 3777/6061/3089 3589/6062/3089
f 3589/6062/3089 3777/6061/3089 3778/6063/3089
f 3589/6062/3089 3778/6063/3089 3590/6064/3089
f 3590/6064/3089 3778/6063/3089 3779/6065/3089
f 3590/6064/3089 3779/6065/3089 3591/6066/3089
f 3591/6066/3089 3779/6065/3089 3780/6067/3089
f 3591/6066/3089 3780/6067/3089 3592/5960/3089
f 3592/5960/3089 3780/6067/3089 3628/6068/3089
f 3592/5960/3089 3628/6068/3089 3631/5987/3089
f 3667/6008/3089 3669/6069/3089 3738/5957/3089
f 3738/5957/3089 3669/6069/3089 3671/6070/3089
f 3738/5957/3089 3671/6070/3089 3593/5958/3089
f 3593/5958/3089 3671/6070/3089 3673/6071/3089
f 3593/5958/3089 3673/6071/3089 3594/6072/3089
f 3594/6072/3089 3673/6071/3089 3781/6073/3089
f 3594/6072/3089 3781/6073/3089 3595/6074/3089
f 3595/6074/3089 3781/6073/3089 3782/6075/3089
f 3595/6074/3089 3782/6075/3089 3596/6076/3089
f 3596/6076/3089 3782/6075/3089 3783/6077/3089
f 3596/6076/3089 3783/6077/3089 3565/6078/3089
f 3565/6078/3089 3783/6077/3089 3784/6079/3089
f 3565/6078/3089 3784/6079/3089 3597/6080/3089
f 3597/6080/3089 3784/6079/3089 3785/6081/3089
f 3597/6080/3089 3785/6081/3089 3598/6082/3089
f 3598/6082/3089 3785/6081/3089 3786/6083/3089
f 3598/6082/3089 3786/6083/3089 3599/6033/3089
f 3599/6033/3089 3786/6083/3089 3787/6084/3089
f 3599/6033/3089 3787/6084/3089 3656/6034/3089
f 3724/6085/5476 3725/6086/5476 3788/6087/5476
f 3724/6085/5477 3788/6087/5477 3762/6088/5477
f 3762/6088/5478 3788/6087/5478 3789/6089/5478
f 3762/6088/5478 3789/6089/5478 3761/6090/5478
f 3761/6090/5479 3789/6089/5479 3790/6091/5479
f 3761/6090/5479 3790/6091/5479 3765/6092/5479
f 3765/6092/5480 3790/6091/5480 3791/6093/5480
f 3765/6092/5480 3791/6093/5480 3766/6094/5480
f 3601/5759/5481 3600/5758/5481 3792/6095/5481
f 3617/6096/5482 3616/6097/5482 3793/6098/5482
f 3793/6098/5482 3616/6097/5482 3608/6099/5482
f 3793/6098/5483 3608/6099/5483 3794/6100/5483
f 3794/6100/5483 3608/6099/5483 3609/6101/5483
f 3794/6100/5484 3609/6101/5484 3795/6102/5484
f 3795/6102/5484 3609/6101/5484 3610/6103/5484
f 3795/6102/5275 3610/6103/5275 3796/6104/5275
f 3796/6104/5275 3610/6103/5275 3611/6105/5275
f 3796/6106/5485 3611/6107/5485 3792/6095/5485
f 3792/6095/5485 3611/6107/5485 3612/6108/5485
f 3792/6095/5481 3612/6108/5481 3601/5759/5481
f 3601/5759/5481 3612/6108/5481 3613/6109/5481
f 3601/6110/5486 3613/6111/5486 3751/6112/5486
f 3751/6112/5486 3613/6111/5486 3614/6113/5486
f 3751/6112/3784 3614/6113/3784 3748/6114/3784
f 3748/6114/3784 3614/6113/3784 3615/6115/3784
f 3748/6114/5487 3615/6115/5487 3747/6116/5487
f 3747/6116/5487 3615/6115/5487 3604/6117/5487
f 3747/6118/5128 3604/6119/5128 3745/6120/5128
f 3745/6120/5128 3604/6119/5128 3605/6121/5128
f 3745/6120/5488 3605/6121/5488 3746/6122/5488
f 3746/6122/5488 3605/6121/5488 3606/6123/5488
f 3746/6122/5489 3606/6123/5489 3616/6124/5489
f 3616/6124/5490 3606/6123/5490 3607/6125/5490
f 3616/6097/5482 3607/6126/5482 3608/6099/5482
f 3627/5799/5491 3626/5798/5491 3797/6127/5491
f 3627/5799/5491 3797/6127/5491 3774/6128/5491
f 3774/6128/5492 3797/6127/5492 3798/6129/5492
f 3774/6128/5492 3798/6129/5492 3775/6130/5492
f 3775/6131/5493 3798/6132/5493 3799/6133/5493
f 3775/6131/5493 3799/6133/5493 3776/6134/5493
f 3776/6134/5494 3799/6133/5494 3800/6135/5494
f 3776/6134/5494 3800/6135/5494 3777/6136/5494
f 3777/6136/5495 3800/6135/5495 3801/6137/5495
f 3777/6136/5495 3801/6137/5495 3778/6138/5495
f 3778/6138/5496 3801/6137/5496 3802/6139/5496
f 3778/6138/5496 3802/6139/5496 3779/6140/5496
f 3779/6140/5497 3802/6139/5497 3803/6141/5497
f 3779/6140/5497 3803/6141/5497 3780/6142/5497
f 3780/6142/5498 3803/6141/5498 3629/5801/5498
f 3780/6142/5498 3629/5801/5498 3628/5800/5498
f 3639/5813/5487 3638/5812/5487 3804/6143/5487
f 3653/5839/5275 3652/5838/5275 3805/6144/5275
f 3805/6144/5275 3652/5838/5275 3648/6145/5275
f 3805/6146/5499 3648/6147/5499 3806/6148/5499
f 3806/6148/5499 3648/6147/5499 3649/6149/5499
f 3806/6148/5481 3649/6149/5481 3807/6150/5481
f 3807/6150/5481 3649/6149/5481 3650/6151/5481
f 3807/6152/5486 3650/6153/5486 3808/6154/5486
f 3808/6154/5486 3650/6153/5486 3651/6155/5486
f 3808/6154/3784 3651/6155/3784 3804/6143/3784
f 3804/6143/3784 3651/6155/3784 3640/6156/3784
f 3804/6143/5487 3640/6156/5487 3639/5813/5487
f 3639/5813/5487 3640/6156/5487 3641/6157/5487
f 3639/6158/5128 3641/6159/5128 3752/6160/5128
f 3752/6160/5128 3641/6159/5128 3642/6161/5128
f 3752/6160/5500 3642/6161/5500 3740/6162/5500
f 3740/6162/5500 3642/6161/5500 3643/6163/5500
f 3740/6162/5490 3643/6163/5490 3739/6164/5490
f 3739/6164/5490 3643/6163/5490 3644/6165/5490
f 3739/6166/5482 3644/6167/5482 3738/6168/5482
f 3738/6168/5482 3644/6167/5482 3645/6169/5482
f 3738/6168/5483 3645/6169/5483 3753/6170/5483
f 3753/6170/5483 3645/6169/5483 3646/6171/5483
f 3753/6170/5484 3646/6171/5484 3652/5838/5484
f 3652/5838/5484 3646/6171/5484 3647/6172/5484
f 3652/5838/5275 3647/6172/5275 3648/6145/5275
f 3673/5861/5501 3672/5860/5501 3809/6173/5501
f 3673/5861/5501 3809/6173/5501 3781/6174/5501
f 3781/6175/5502 3809/6176/5502 3810/6177/5502
f 3781/6175/5502 3810/6177/5502 3782/6178/5502
f 3782/6178/5503 3810/6177/5503 3811/6179/5503
f 3782/6178/5503 3811/6179/5503 3783/6180/5503
f 3783/6180/5504 3811/6179/5504 3812/6181/5504
f 3783/6180/5504 3812/6181/5504 3784/6182/5504
f 3784/6182/5505 3812/6181/5505 3813/6183/5505
f 3784/6182/5505 3813/6183/5505 3785/6184/5505
f 3785/6184/5506 3813/6183/5506 3814/6185/5506
f 3785/6184/5506 3814/6185/5506 3786/6186/5506
f 3786/6186/5507 3814/6185/5507 3815/6187/5507
f 3786/6186/5507 3815/6187/5507 3787/6188/5507
f 3787/6188/5508 3815/6187/5508 3657/6189/5508
f 3787/6188/5508 3657/6189/5508 3656/6190/5508
f 3675/5863/5490 3674/5862/5490 3816/6191/5490
f 3677/6192/5486 3676/6193/5486 3817/6194/5486
f 3817/6194/5486 3676/6193/5486 3690/6195/5486
f 3817/6194/3784 3690/6195/3784 3818/6196/3784
f 3818/6196/3784 3690/6195/3784 3691/6197/3784
f 3818/6196/5487 3691/6197/5487 3819/6198/5487
f 3819/6198/5487 3691/6197/5487 3680/6199/5487
f 3819/6200/5128 3680/6201/5128 3820/6202/5128
f 3820/6202/5128 3680/6201/5128 3681/6203/5128
f 3820/6202/5488 3681/6203/5488 3816/6191/5488
f 3816/6191/5488 3681/6203/5488 3682/6204/5488
f 3816/6191/5490 3682/6204/5490 3675/5863/5490
f 3675/5863/5490 3682/6204/5490 3683/6205/5490
f 3675/6206/5482 3683/6207/5482 3750/6208/5482
f 3750/6208/5482 3683/6207/5482 3684/6209/5482
f 3750/6208/5483 3684/6209/5483 3749/6210/5483
f 3749/6210/5483 3684/6209/5483 3685/6211/5483
f 3749/6210/5484 3685/6211/5484 3764/6212/5484
f 3764/6212/5484 3685/6211/5484 3686/6213/5484
f 3764/6212/5275 3686/6213/5275 3743/6214/5275
f 3743/6214/5275 3686/6213/5275 3687/6215/5275
f 3743/6216/5485 3687/6217/5485 3744/6218/5485
f 3744/6218/5485 3687/6217/5485 3688/6219/5485
f 3744/6218/5481 3688/6219/5481 3676/6220/5481
f 3676/6220/5481 3688/6219/5481 3689/6221/5481
f 3676/6193/5486 3689/6222/5486 3690/6195/5486
f 3709/6223/5509 3708/6224/5509 3821/6225/5509
f 3709/6223/5509 3821/6225/5509 3754/6226/5509
f 3754/6226/5510 3821/6225/5510 3822/6227/5510
f 3754/6226/5510 3822/6227/5510 3755/6228/5510
f 3755/6228/5511 3822/6227/5511 3823/6229/5511
f 3755/6228/5511 3823/6229/5511 3756/6230/5511
f 3756/6230/5512 3823/6229/5512 3824/6231/5512
f 3756/6230/5512 3824/6231/5512 3757/6232/5512
f 3757/6232/5513 3824/6231/5513 3825/6233/5513
f 3757/6232/5513 3825/6233/5513 3758/6234/5513
f 3758/6234/5514 3825/6233/5514 3826/6235/5514
f 3758/6234/5514 3826/6235/5514 3759/6236/5514
f 3759/6236/5515 3826/6235/5515 3827/6237/5515
f 3759/6236/5515 3827/6237/5515 3760/6238/5515
f 3760/6238/5516 3827/6237/5516 3693/5893/5516
f 3760/6238/5516 3693/5893/5516 3692/5892/5516
f 3727/5943/5517 3726/5942/5517 3828/6239/5517
f 3723/6240/5128 3722/6241/5128 3829/6242/5128
f 3829/6242/5128 3722/6241/5128 3712/6243/5128
f 3829/6242/5500 3712/6243/5500 3830/6244/5500
f 3830/6244/5500 3712/6243/5500 3713/6245/5500
f 3830/6244/5490 3713/6245/5490 3831/6246/5490
f 3831/6246/5490 3713/6245/5490 3714/6247/5490
f 3831/6248/5482 3714/6249/5482 3832/6250/5482
f 3832/6250/5482 3714/6249/5482 3715/6251/5482
f 3832/6250/5483 3715/6251/5483 3828/6239/5483
f 3828/6239/5483 3715/6251/5483 3716/6252/5483
f 3828/6239/5484 3716/6252/5484 3727/5943/5484
f 3727/5943/5484 3716/6252/5484 3717/6253/5484
f 3727/5943/5275 3717/6253/5275 3742/6254/5275
f 3742/6254/5275 3717/6253/5275 3718/6255/5275
f 3742/6256/5499 3718/6257/5499 3741/6258/5499
f 3741/6258/5499 3718/6257/5499 3719/6259/5499
f 3741/6258/5481 3719/6259/5481 3736/6260/5481
f 3736/6260/5481 3719/6259/5481 3720/6261/5481
f 3736/6262/5486 3720/6263/5486 3737/6264/5486
f 3737/6264/5486 3720/6263/5486 3721/6265/5486
f 3737/6264/3784 3721/6265/3784 3763/6266/3784
f 3763/6266/3784 3721/6265/3784 3710/6267/3784
f 3763/6266/5487 3710/6267/5487 3722/6268/5487
f 3722/6268/5487 3710/6267/5487 3711/6269/5487
f 3722/6241/5128 3711/6270/5128 3712/6243/5128
f 3766/6094/5518 3791/6093/5518 3833/6271/5518
f 3766/6094/5518 3833/6271/5518 3767/6272/5518
f 3767/6273/5519 3833/6274/5519 3834/6275/5519
f 3767/6273/5519 3834/6275/5519 3768/6276/5519
f 3768/6276/5520 3834/6275/5520 3835/6277/5520
f 3768/6276/5520 3835/6277/5520 3769/6278/5520
f 3769/6278/5521 3835/6277/5521 3836/6279/5521
f 3769/6278/5521 3836/6279/5521 3770/6280/5521
f 3770/6280/5522 3836/6279/5522 3837/6281/5522
f 3770/6280/5522 3837/6281/5522 3771/6282/5522
f 3771/6282/5523 3837/6281/5523 3838/6283/5523
f 3771/6282/5523 3838/6283/5523 3772/6284/5523
f 3772/6284/5524 3838/6283/5524 3839/6285/5524
f 3772/6284/5524 3839/6285/5524 3773/6286/5524
f 3773/6286/5525 3839/6285/5525 3729/5945/5525
f 3773/6286/5525 3729/5945/5525 3728/5944/5525
f 3840/6287/3089 3841/6288/3089 3842/6289/3089
f 3843/6290/3089 3844/6291/3089 3845/6292/3089
f 3846/6293/3089 3820/6294/3089 3847/6295/3089
f 3847/6295/3089 3820/6294/3089 3816/6296/3089
f 3848/6297/3089 3849/6298/3089 3850/6299/3089
f 3808/6300/3089 3851/6301/3089 3852/6302/3089
f 3796/6303/3089 3853/6304/3089 3854/6305/3089
f 3831/6306/3089 3832/6307/3089 3855/6308/3089
f 3846/6293/3089 3840/6287/3089 3820/6294/3089
f 3820/6294/3089 3840/6287/3089 3842/6289/3089
f 3820/6294/3089 3842/6289/3089 3819/6309/3089
f 3819/6309/3089 3842/6289/3089 3856/6310/3089
f 3819/6309/3089 3856/6310/3089 3818/6311/3089
f 3694/6312/3089 3693/6313/3089 3857/6314/3089
f 3857/6314/3089 3693/6313/3089 3858/6315/3089
f 3856/6310/3089 3859/6316/3089 3818/6311/3089
f 3818/6311/3089 3859/6316/3089 3860/6317/3089
f 3818/6311/3089 3860/6317/3089 3817/6318/3089
f 3817/6318/3089 3860/6317/3089 3861/6319/3089
f 3817/6318/3089 3861/6319/3089 3677/6320/3089
f 3677/6320/3089 3861/6319/3089 3862/6321/3089
f 3677/6320/3089 3862/6321/3089 3679/6322/3089
f 3679/6322/3089 3862/6321/3089 3704/6323/3089
f 3679/6322/3089 3704/6323/3089 3702/6324/3089
f 3855/6308/3089 3832/6307/3089 3863/6325/3089
f 3863/6325/3089 3832/6307/3089 3828/6326/3089
f 3863/6325/3089 3828/6326/3089 3864/6327/3089
f 3865/6328/3089 3824/6329/3089 3866/6330/3089
f 3866/6330/3089 3824/6329/3089 3823/6331/3089
f 3866/6330/3089 3823/6331/3089 3867/6332/3089
f 3867/6332/3089 3823/6331/3089 3822/6333/3089
f 3867/6332/3089 3822/6333/3089 3868/6334/3089
f 3868/6334/3089 3822/6333/3089 3821/6335/3089
f 3868/6334/3089 3821/6335/3089 3869/6336/3089
f 3869/6336/3089 3821/6335/3089 3708/6337/3089
f 3869/6336/3089 3708/6337/3089 3862/6321/3089
f 3862/6321/3089 3708/6337/3089 3706/6338/3089
f 3862/6321/3089 3706/6338/3089 3704/6323/3089
f 3864/6327/3089 3828/6326/3089 3857/6314/3089
f 3857/6314/3089 3828/6326/3089 3726/6339/3089
f 3857/6314/3089 3726/6339/3089 3700/6340/3089
f 3852/6302/3089 3848/6297/3089 3808/6300/3089
f 3808/6300/3089 3848/6297/3089 3850/6299/3089
f 3808/6300/3089 3850/6299/3089 3807/6341/3089
f 3807/6341/3089 3850/6299/3089 3870/6342/3089
f 3807/6341/3089 3870/6342/3089 3806/6343/3089
f 3806/6343/3089 3870/6342/3089 3871/6344/3089
f 3806/6343/3089 3871/6344/3089 3805/6345/3089
f 3805/6345/3089 3871/6344/3089 3872/6346/3089
f 3805/6345/3089 3872/6346/3089 3653/6347/3089
f 3653/6347/3089 3872/6346/3089 3873/6348/3089
f 3653/6347/3089 3873/6348/3089 3655/6349/3089
f 3855/6308/3089 3874/6350/3089 3831/6306/3089
f 3831/6306/3089 3874/6350/3089 3875/6351/3089
f 3831/6306/3089 3875/6351/3089 3830/6352/3089
f 3830/6352/3089 3875/6351/3089 3876/6353/3089
f 3830/6352/3089 3876/6353/3089 3829/6354/3089
f 3829/6354/3089 3876/6353/3089 3877/6355/3089
f 3829/6354/3089 3877/6355/3089 3723/6356/3089
f 3723/6356/3089 3877/6355/3089 3878/6357/3089
f 3723/6356/3089 3878/6357/3089 3725/6358/3089
f 3858/6315/3089 3693/6313/3089 3879/6359/3089
f 3879/6359/3089 3693/6313/3089 3827/6360/3089
f 3879/6359/3089 3827/6360/3089 3880/6361/3089
f 3880/6361/3089 3827/6360/3089 3826/6362/3089
f 3880/6361/3089 3826/6362/3089 3865/6328/3089
f 3865/6328/3089 3826/6362/3089 3825/6363/3089
f 3865/6328/3089 3825/6363/3089 3824/6329/3089
f 3881/6364/3089 3668/6365/3089 3873/6348/3089
f 3873/6348/3089 3668/6365/3089 3666/6366/3089
f 3873/6348/3089 3666/6366/3089 3655/6349/3089
f 3854/6305/3089 3843/6290/3089 3796/6303/3089
f 3796/6303/3089 3843/6290/3089 3845/6292/3089
f 3796/6303/3089 3845/6292/3089 3795/6367/3089
f 3795/6367/3089 3845/6292/3089 3882/6368/3089
f 3795/6367/3089 3882/6368/3089 3794/6369/3089
f 3794/6369/3089 3882/6368/3089 3883/6370/3089
f 3794/6369/3089 3883/6370/3089 3793/6371/3089
f 3793/6371/3089 3883/6370/3089 3884/6372/3089
f 3793/6371/3089 3884/6372/3089 3617/6373/3089
f 3617/6373/3089 3884/6372/3089 3885/6374/3089
f 3617/6373/3089 3885/6374/3089 3619/6375/3089
f 3791/6376/3089 3790/6377/3089 3878/6357/3089
f 3725/6358/3089 3878/6357/3089 3788/6378/3089
f 3788/6378/3089 3878/6357/3089 3790/6377/3089
f 3788/6378/3089 3790/6377/3089 3789/6379/3089
f 3886/6380/3089 3622/6381/3089 3885/6374/3089
f 3885/6374/3089 3622/6381/3089 3620/6382/3089
f 3885/6374/3089 3620/6382/3089 3619/6375/3089
f 3729/6383/3089 3887/6384/3089 3853/6304/3089
f 3700/6340/3089 3698/6385/3089 3857/6314/3089
f 3857/6314/3089 3698/6385/3089 3696/6386/3089
f 3857/6314/3089 3696/6386/3089 3694/6312/3089
f 3888/6387/3089 3889/6388/3089 3814/6389/3089
f 3796/6303/3089 3792/6390/3089 3853/6304/3089
f 3853/6304/3089 3792/6390/3089 3600/6391/3089
f 3853/6304/3089 3600/6391/3089 3602/6392/3089
f 3629/6393/3089 3890/6394/3089 3851/6301/3089
f 3814/6389/3089 3889/6388/3089 3815/6395/3089
f 3815/6395/3089 3889/6388/3089 3891/6396/3089
f 3815/6395/3089 3891/6396/3089 3657/6397/3089
f 3808/6300/3089 3804/6398/3089 3851/6301/3089
f 3851/6301/3089 3804/6398/3089 3638/6399/3089
f 3851/6301/3089 3638/6399/3089 3636/6400/3089
f 3730/6401/3089 3729/6383/3089 3732/6402/3089
f 3732/6402/3089 3729/6383/3089 3853/6304/3089
f 3732/6402/3089 3853/6304/3089 3734/6403/3089
f 3734/6403/3089 3853/6304/3089 3602/6392/3089
f 3816/6296/3089 3674/6404/3089 3847/6295/3089
f 3847/6295/3089 3674/6404/3089 3664/6405/3089
f 3847/6295/3089 3664/6405/3089 3662/6406/3089
f 3878/6357/3089 3892/6407/3089 3791/6376/3089
f 3791/6376/3089 3892/6407/3089 3893/6408/3089
f 3791/6376/3089 3893/6408/3089 3833/6409/3089
f 3833/6409/3089 3893/6408/3089 3894/6410/3089
f 3833/6409/3089 3894/6410/3089 3834/6411/3089
f 3834/6411/3089 3894/6410/3089 3895/6412/3089
f 3834/6411/3089 3895/6412/3089 3835/6413/3089
f 3835/6413/3089 3895/6412/3089 3896/6414/3089
f 3835/6413/3089 3896/6414/3089 3836/6415/3089
f 3836/6415/3089 3896/6414/3089 3897/6416/3089
f 3887/6384/3089 3729/6383/3089 3898/6417/3089
f 3898/6417/3089 3729/6383/3089 3839/6418/3089
f 3898/6417/3089 3839/6418/3089 3899/6419/3089
f 3899/6419/3089 3839/6418/3089 3838/6420/3089
f 3899/6419/3089 3838/6420/3089 3897/6416/3089
f 3897/6416/3089 3838/6420/3089 3837/6421/3089
f 3897/6416/3089 3837/6421/3089 3836/6415/3089
f 3814/6389/3089 3813/6422/3089 3888/6387/3089
f 3888/6387/3089 3813/6422/3089 3812/6423/3089
f 3888/6387/3089 3812/6423/3089 3900/6424/3089
f 3900/6424/3089 3812/6423/3089 3811/6425/3089
f 3900/6424/3089 3811/6425/3089 3901/6426/3089
f 3901/6426/3089 3811/6425/3089 3810/6427/3089
f 3901/6426/3089 3810/6427/3089 3902/6428/3089
f 3902/6428/3089 3810/6427/3089 3809/6429/3089
f 3902/6428/3089 3809/6429/3089 3903/6430/3089
f 3903/6430/3089 3809/6429/3089 3672/6431/3089
f 3903/6430/3089 3672/6431/3089 3881/6364/3089
f 3881/6364/3089 3672/6431/3089 3670/6432/3089
f 3881/6364/3089 3670/6432/3089 3668/6365/3089
f 3891/6396/3089 3904/6433/3089 3657/6397/3089
f 3657/6397/3089 3904/6433/3089 3847/6295/3089
f 3657/6397/3089 3847/6295/3089 3658/6434/3089
f 3658/6434/3089 3847/6295/3089 3662/6406/3089
f 3658/6434/3089 3662/6406/3089 3660/6435/3089
f 3905/6436/3089 3800/6437/3089 3906/6438/3089
f 3906/6438/3089 3800/6437/3089 3799/6439/3089
f 3906/6438/3089 3799/6439/3089 3907/6440/3089
f 3907/6440/3089 3799/6439/3089 3798/6441/3089
f 3907/6440/3089 3798/6441/3089 3908/6442/3089
f 3908/6442/3089 3798/6441/3089 3797/6443/3089
f 3908/6442/3089 3797/6443/3089 3909/6444/3089
f 3909/6444/3089 3797/6443/3089 3626/6445/3089
f 3909/6444/3089 3626/6445/3089 3886/6380/3089
f 3886/6380/3089 3626/6445/3089 3624/6446/3089
f 3886/6380/3089 3624/6446/3089 3622/6381/3089
f 3890/6394/3089 3629/6393/3089 3910/6447/3089
f 3910/6447/3089 3629/6393/3089 3803/6448/3089
f 3910/6447/3089 3803/6448/3089 3911/6449/3089
f 3911/6449/3089 3803/6448/3089 3802/6450/3089
f 3911/6449/3089 3802/6450/3089 3905/6436/3089
f 3905/6436/3089 3802/6450/3089 3801/6451/3089
f 3905/6436/3089 3801/6451/3089 3800/6437/3089
f 3630/6452/3089 3629/6393/3089 3632/6453/3089
f 3632/6453/3089 3629/6393/3089 3851/6301/3089
f 3632/6453/3089 3851/6301/3089 3634/6454/3089
f 3634/6454/3089 3851/6301/3089 3636/6400/3089
f 3912/6455/5526 3860/6456/5526 3913/6457/5526
f 3913/6457/5527 3860/6456/5527 3859/6458/5527
f 3913/6457/5528 3859/6458/5528 3914/6459/5528
f 3914/6459/5528 3859/6458/5528 3915/6460/5528
f 3915/6460/5529 3859/6458/5529 3856/6461/5529
f 3915/6460/5530 3856/6461/5530 3916/6462/5530
f 3916/6462/5530 3856/6461/5530 3917/6463/5530
f 3917/6463/5531 3856/6461/5531 3842/6464/5531
f 3917/6463/5532 3842/6464/5532 3918/6465/5532
f 3918/6465/5532 3842/6464/5532 3919/6466/5532
f 3919/6467/5533 3842/6468/5533 3841/6469/5533
f 3919/6467/5534 3841/6469/5534 3920/6470/5534
f 3920/6470/5534 3841/6469/5534 3921/6471/5534
f 3921/6471/5535 3841/6469/5535 3840/6472/5535
f 3921/6471/5536 3840/6472/5536 3922/6473/5536
f 3922/6473/5537 3840/6472/5537 3923/6474/5537
f 3923/6474/5538 3840/6472/5538 3846/6475/5538
f 3923/6474/5539 3846/6475/5539 3924/6476/5539
f 3924/6476/5540 3846/6475/5540 3925/6477/5540
f 3925/6477/5540 3846/6475/5540 3847/6478/5540
f 3925/6477/5541 3847/6478/5541 3926/6479/5541
f 3926/6480/5542 3847/6481/5542 3904/6482/5542
f 3926/6480/5543 3904/6482/5543 3927/6483/5543
f 3889/6484/5544 3928/6485/5544 3929/6486/5544
f 3889/6484/5545 3929/6486/5545 3891/6487/5545
f 3929/6486/5546 3930/6488/5546 3891/6487/5546
f 3891/6487/5547 3930/6488/5547 3931/6489/5547
f 3891/6487/5548 3931/6489/5548 3904/6482/5548
f 3904/6482/5549 3931/6489/5549 3932/6490/5549
f 3904/6482/5550 3932/6490/5550 3927/6483/5550
f 3933/6491/5551 3934/6492/5551 3900/6493/5551
f 3900/6493/5552 3934/6492/5552 3935/6494/5552
f 3900/6493/5552 3935/6494/5552 3888/6495/5552
f 3888/6495/5553 3935/6494/5553 3936/6496/5553
f 3888/6495/5554 3936/6496/5554 3889/6484/5554
f 3889/6484/5555 3936/6496/5555 3937/6497/5555
f 3889/6484/5544 3937/6497/5544 3928/6485/5544
f 3933/6491/5551 3900/6493/5551 3938/6498/5551
f 3938/6498/5556 3900/6493/5556 3901/6499/5556
f 3938/6498/5557 3901/6499/5557 3939/6500/5557
f 3902/6501/5558 3940/6502/5558 3941/6503/5558
f 3902/6501/5559 3941/6503/5559 3901/6499/5559
f 3901/6499/5560 3941/6503/5560 3942/6504/5560
f 3901/6499/5561 3942/6504/5561 3939/6500/5561
f 3940/6502/5562 3902/6501/5562 3943/6505/5562
f 3943/6505/5563 3902/6501/5563 3903/6506/5563
f 3943/6507/5564 3903/6508/5564 3944/6509/5564
f 3944/6509/5565 3903/6508/5565 3945/6510/5565
f 3945/6510/5566 3903/6508/5566 3881/6511/5566
f 3945/6510/5567 3881/6511/5567 3946/6512/5567
f 3946/6512/5568 3881/6511/5568 3947/6513/5568
f 3947/6513/5568 3881/6511/5568 3873/6514/5568
f 3947/6513/5568 3873/6514/5568 3948/6515/5568
f 3948/6515/5569 3873/6514/5569 3872/6516/5569
f 3948/6515/5570 3872/6516/5570 3949/6517/5570
f 3949/6517/5571 3872/6516/5571 3950/6518/5571
f 3950/6518/5572 3872/6516/5572 3871/6519/5572
f 3950/6518/5573 3871/6519/5573 3951/6520/5573
f 3951/6520/5573 3871/6519/5573 3952/6521/5573
f 3952/6521/5574 3871/6519/5574 3870/6522/5574
f 3952/6521/5575 3870/6522/5575 3953/6523/5575
f 3953/6523/5575 3870/6522/5575 3954/6524/5575
f 3954/6524/5576 3870/6522/5576 3850/6525/5576
f 3954/6526/5577 3850/6527/5577 3955/6528/5577
f 3955/6528/5577 3850/6527/5577 3956/6529/5577
f 3956/6529/5578 3850/6527/5578 3849/6530/5578
f 3956/6529/5579 3849/6530/5579 3957/6531/5579
f 3957/6531/5579 3849/6530/5579 3958/6532/5579
f 3958/6532/5580 3849/6530/5580 3848/6533/5580
f 3958/6532/5581 3848/6533/5581 3959/6534/5581
f 3959/6534/5582 3848/6533/5582 3960/6535/5582
f 3960/6535/5583 3848/6533/5583 3852/6536/5583
f 3960/6535/5584 3852/6536/5584 3961/6537/5584
f 3961/6537/5585 3852/6536/5585 3962/6538/5585
f 3962/6538/5585 3852/6536/5585 3851/6539/5585
f 3962/6538/5584 3851/6539/5584 3963/6540/5584
f 3963/6541/5586 3851/6542/5586 3890/6543/5586
f 3963/6541/5587 3890/6543/5587 3964/6544/5587
f 3965/6545/5588 3966/6546/5588 3910/6547/5588
f 3910/6547/5589 3966/6546/5589 3890/6543/5589
f 3890/6543/5590 3966/6546/5590 3967/6548/5590
f 3890/6543/5591 3967/6548/5591 3964/6544/5591
f 3965/6545/5592 3910/6547/5592 3968/6549/5592
f 3968/6549/5593 3910/6547/5593 3911/6550/5593
f 3968/6549/5594 3911/6550/5594 3969/6551/5594
f 3905/6552/5595 3970/6553/5595 3911/6550/5595
f 3911/6550/5596 3970/6553/5596 3971/6554/5596
f 3911/6550/5594 3971/6554/5594 3969/6551/5594
f 3906/6555/5597 3972/6556/5597 3905/6552/5597
f 3905/6552/5598 3972/6556/5598 3973/6557/5598
f 3905/6552/5599 3973/6557/5599 3970/6553/5599
f 3974/6558/5600 3975/6559/5600 3907/6560/5600
f 3907/6560/5601 3975/6559/5601 3976/6561/5601
f 3907/6560/5602 3976/6561/5602 3906/6555/5602
f 3906/6555/5603 3976/6561/5603 3977/6562/5603
f 3906/6555/5604 3977/6562/5604 3972/6556/5604
f 3974/6558/5605 3907/6560/5605 3978/6563/5605
f 3978/6563/5606 3907/6560/5606 3908/6564/5606
f 3978/6563/5607 3908/6564/5607 3979/6565/5607
f 3979/6565/5607 3908/6564/5607 3980/6566/5607
f 3980/6566/5608 3908/6564/5608 3909/6567/5608
f 3980/6566/5609 3909/6567/5609 3981/6568/5609
f 3981/6569/5610 3909/6570/5610 3982/6571/5610
f 3982/6571/5611 3909/6570/5611 3886/6572/5611
f 3982/6571/5612 3886/6572/5612 3983/6573/5612
f 3983/6573/5613 3886/6572/5613 3984/6574/5613
f 3984/6574/5614 3886/6572/5614 3885/6575/5614
f 3984/6574/5613 3885/6575/5613 3985/6576/5613
f 3985/6576/5615 3885/6575/5615 3884/6577/5615
f 3985/6576/5616 3884/6577/5616 3986/6578/5616
f 3986/6578/5617 3884/6577/5617 3987/6579/5617
f 3987/6579/5618 3884/6577/5618 3883/6580/5618
f 3987/6579/5619 3883/6580/5619 3988/6581/5619
f 3988/6581/5619 3883/6580/5619 3989/6582/5619
f 3989/6582/5620 3883/6580/5620 3882/6583/5620
f 3989/6582/5621 3882/6583/5621 3990/6584/5621
f 3990/6584/5622 3882/6583/5622 3991/6585/5622
f 3991/6585/5623 3882/6583/5623 3845/6586/5623
f 3991/6587/5624 3845/6588/5624 3992/6589/5624
f 3992/6589/5624 3845/6588/5624 3993/6590/5624
f 3993/6590/5625 3845/6588/5625 3844/6591/5625
f 3993/6590/5626 3844/6591/5626 3994/6592/5626
f 3994/6592/5626 3844/6591/5626 3995/6593/5626
f 3995/6593/5627 3844/6591/5627 3843/6594/5627
f 3995/6593/5628 3843/6594/5628 3996/6595/5628
f 3996/6595/5629 3843/6594/5629 3997/6596/5629
f 3997/6596/5630 3843/6594/5630 3854/6597/5630
f 3997/6596/5631 3854/6597/5631 3998/6598/5631
f 3998/6598/5632 3854/6597/5632 3999/6599/5632
f 3999/6599/5632 3854/6597/5632 3853/6600/5632
f 3999/6599/5633 3853/6600/5633 4000/6601/5633
f 4000/6602/5634 3853/6603/5634 3887/6604/5634
f 4000/6602/5635 3887/6604/5635 4001/6605/5635
f 3899/6606/5636 4002/6607/5636 4003/6608/5636
f 3899/6606/5637 4003/6608/5637 3898/6609/5637
f 4003/6608/5638 4004/6610/5638 3898/6609/5638
f 3898/6609/5639 4004/6610/5639 4005/6611/5639
f 3898/6609/5640 4005/6611/5640 3887/6604/5640
f 3887/6604/5641 4005/6611/5641 4006/6612/5641
f 3887/6604/5642 4006/6612/5642 4001/6605/5642
f 3897/6613/5643 4007/6614/5643 3899/6606/5643
f 3899/6606/5644 4007/6614/5644 4008/6615/5644
f 3899/6606/5636 4008/6615/5636 4002/6607/5636
f 3896/6616/5645 4009/6617/5645 3897/6613/5645
f 3897/6613/5645 4009/6617/5645 4010/6618/5645
f 3897/6613/5646 4010/6618/5646 4007/6614/5646
f 4011/6619/5647 4012/6620/5647 3895/6621/5647
f 3895/6621/5647 4012/6620/5647 4013/6622/5647
f 3895/6621/5648 4013/6622/5648 3896/6616/5648
f 3896/6616/5649 4013/6622/5649 4014/6623/5649
f 3896/6616/5649 4014/6623/5649 4009/6617/5649
f 4011/6619/5650 3895/6621/5650 4015/6624/5650
f 4015/6624/5651 3895/6621/5651 3894/6625/5651
f 4015/6624/5652 3894/6625/5652 4016/6626/5652
f 4016/6626/5652 3894/6625/5652 4017/6627/5652
f 4017/6628/5653 3894/6629/5653 3893/6630/5653
f 4017/6628/5654 3893/6630/5654 4018/6631/5654
f 4018/6631/5655 3893/6630/5655 4019/6632/5655
f 4019/6632/5656 3893/6630/5656 3892/6633/5656
f 4019/6632/5657 3892/6633/5657 4020/6634/5657
f 4020/6634/5658 3892/6633/5658 4021/6635/5658
f 4021/6635/5658 3892/6633/5658 3878/6636/5658
f 4021/6635/5659 3878/6636/5659 4022/6637/5659
f 4022/6637/5660 3878/6636/5660 3877/6638/5660
f 4022/6637/5661 3877/6638/5661 4023/6639/5661
f 4023/6639/5662 3877/6638/5662 4024/6640/5662
f 4024/6640/5663 3877/6638/5663 3876/6641/5663
f 4024/6640/5664 3876/6641/5664 4025/6642/5664
f 4025/6642/5664 3876/6641/5664 4026/6643/5664
f 4026/6643/5665 3876/6641/5665 3875/6644/5665
f 4026/6643/5666 3875/6644/5666 4027/6645/5666
f 4027/6645/5666 3875/6644/5666 4028/6646/5666
f 4028/6646/5667 3875/6644/5667 3874/6647/5667
f 4028/6646/5668 3874/6647/5668 4029/6648/5668
f 4029/6648/5668 3874/6647/5668 4030/6649/5668
f 4030/6650/5669 3874/6651/5669 3855/6652/5669
f 4030/6650/5670 3855/6652/5670 4031/6653/5670
f 4031/6653/5670 3855/6652/5670 4032/6654/5670
f 4032/6654/5671 3855/6652/5671 3863/6655/5671
f 4032/6654/5672 3863/6655/5672 4033/6656/5672
f 4033/6656/5673 3863/6655/5673 4034/6657/5673
f 4034/6657/5674 3863/6655/5674 3864/6658/5674
f 4034/6657/5675 3864/6658/5675 4035/6659/5675
f 4035/6659/5676 3864/6658/5676 4036/6660/5676
f 4036/6660/5677 3864/6658/5677 3857/6661/5677
f 4036/6660/5676 3857/6661/5676 4037/6662/5676
f 4037/6663/5678 3857/6664/5678 3858/6665/5678
f 4037/6663/5679 3858/6665/5679 4038/6666/5679
f 3880/6667/5680 4039/6668/5680 4040/6669/5680
f 3880/6667/5681 4040/6669/5681 3879/6670/5681
f 4040/6669/5682 4041/6671/5682 3879/6670/5682
f 3879/6670/5683 4041/6671/5683 4042/6672/5683
f 3879/6670/5684 4042/6672/5684 3858/6665/5684
f 3858/6665/5685 4042/6672/5685 4043/6673/5685
f 3858/6665/5686 4043/6673/5686 4038/6666/5686
f 4044/6674/5687 4045/6675/5687 3866/6676/5687
f 3866/6676/5688 4045/6675/5688 4046/6677/5688
f 3866/6676/5689 4046/6677/5689 3865/6678/5689
f 3865/6678/5690 4046/6677/5690 4047/6679/5690
f 3865/6678/5691 4047/6679/5691 3880/6667/5691
f 3880/6667/5692 4047/6679/5692 4048/6680/5692
f 3880/6667/5680 4048/6680/5680 4039/6668/5680
f 4044/6674/5693 3866/6676/5693 4049/6681/5693
f 4049/6681/5694 3866/6676/5694 3867/6682/5694
f 4049/6681/5695 3867/6682/5695 4050/6683/5695
f 3868/6684/5696 4051/6685/5696 4052/6686/5696
f 3868/6687/5697 4052/6688/5697 3867/6682/5697
f 3867/6682/5698 4052/6688/5698 4053/6689/5698
f 3867/6682/5699 4053/6689/5699 4050/6683/5699
f 4051/6685/5696 3868/6684/5696 4054/6690/5696
f 4054/6690/5700 3868/6684/5700 3869/6691/5700
f 4054/6690/5701 3869/6691/5701 4055/6692/5701
f 4055/6692/5702 3869/6691/5702 4056/6693/5702
f 4056/6693/5703 3869/6691/5703 3862/6694/5703
f 4056/6693/5704 3862/6694/5704 4057/6695/5704
f 4057/6695/5705 3862/6694/5705 4058/6696/5705
f 4058/6696/5705 3862/6694/5705 3861/6697/5705
f 4058/6696/5706 3861/6697/5706 4059/6698/5706
f 4059/6698/5707 3861/6697/5707 3860/6456/5707
f 4059/6698/5708 3860/6456/5708 3912/6455/5708
f 4060/6699/5709 4061/6700/5709 4062/6701/5709
f 4063/6702/5710 4064/6703/5710 3912/6455/5710
f 4065/6704/5711 4066/6705/5711 4067/6706/5711
f 4067/6706/5712 4066/6705/5712 4068/6707/5712
f 4067/6706/5713 4068/6707/5713 4069/6708/5713
f 4070/6709/5714 4071/6710/5714 4072/6711/5714
f 4072/6711/5714 4071/6710/5714 4073/6712/5714
f 4072/6711/5715 4073/6712/5715 4066/6705/5715
f 4066/6705/5716 4073/6712/5716 4074/6713/5716
f 4066/6705/5717 4074/6713/5717 4068/6707/5717
f 4070/6709/5718 4072/6711/5718 4075/6714/5718
f 4075/6714/5719 4072/6711/5719 4076/6715/5719
f 4075/6714/5720 4076/6715/5720 4077/6716/5720
f 4077/6716/5721 4076/6715/5721 4078/6717/5721
f 4077/6716/5722 4078/6717/5722 4079/6718/5722
f 4062/6701/5723 4061/6700/5723 4078/6717/5723
f 4078/6717/5724 4061/6700/5724 4080/6719/5724
f 4078/6717/5722 4080/6719/5722 4079/6718/5722
f 4081/6720/5725 4082/6721/5725 4083/6722/5725
f 4084/6723/5726 4085/6724/5726 4086/6725/5726
f 4086/6725/5727 4085/6724/5727 3921/6471/5727
f 4086/6725/5728 3921/6471/5728 3922/6473/5728
f 4087/6726/5729 3918/6465/5729 4088/6727/5729
f 4088/6727/5729 3918/6465/5729 3919/6466/5729
f 4088/6728/5730 3919/6467/5730 4085/6724/5730
f 4085/6724/5731 3919/6467/5731 3920/6470/5731
f 4085/6724/5731 3920/6470/5731 3921/6471/5731
f 4089/6729/5732 3916/6462/5732 4087/6726/5732
f 4087/6726/5733 3916/6462/5733 3917/6463/5733
f 4087/6726/5734 3917/6463/5734 3918/6465/5734
f 3912/6455/5710 3913/6457/5710 4063/6702/5710
f 4063/6702/5735 3913/6457/5735 3914/6459/5735
f 4063/6702/5736 3914/6459/5736 4089/6729/5736
f 4089/6729/5735 3914/6459/5735 3915/6460/5735
f 4089/6729/5737 3915/6460/5737 3916/6462/5737
f 4083/6722/5738 4060/6699/5738 4081/6720/5738
f 4081/6720/5739 4060/6699/5739 4062/6701/5739
f 4081/6720/5740 4062/6701/5740 4090/6730/5740
f 4090/6730/5741 4062/6701/5741 4078/6717/5741
f 4090/6730/5741 4078/6717/5741 4091/6731/5741
f 4091/6731/5742 4078/6717/5742 4076/6715/5742
f 4091/6731/5743 4076/6715/5743 4092/6732/5743
f 4092/6732/5744 4076/6715/5744 4072/6711/5744
f 4092/6732/5744 4072/6711/5744 4093/6733/5744
f 4093/6733/5745 4072/6711/5745 4066/6705/5745
f 4093/6733/5745 4066/6705/5745 4094/6734/5745
f 4094/6734/5746 4066/6705/5746 4065/6704/5746
f 4094/6735/5747 4065/6736/5747 4064/6703/5747
f 4064/6703/5748 4063/6702/5748 4094/6735/5748
f 4094/6735/5749 4063/6702/5749 4089/6729/5749
f 4094/6735/5750 4089/6729/5750 4093/6737/5750
f 4093/6737/5751 4089/6729/5751 4087/6726/5751
f 4093/6737/5751 4087/6726/5751 4092/6738/5751
f 4092/6738/5752 4087/6726/5752 4088/6727/5752
f 4092/6738/5753 4088/6727/5753 4091/6739/5753
f 4091/6740/5754 4088/6728/5754 4085/6724/5754
f 4091/6740/5755 4085/6724/5755 4090/6741/5755
f 4090/6741/5756 4085/6724/5756 4084/6723/5756
f 4090/6730/5740 4084/6742/5740 4081/6720/5740
f 3925/6477/5757 3926/6479/5757 4095/6743/5757
f 4096/6744/5758 4097/6745/5758 4098/6746/5758
f 4099/6747/5759 4100/6748/5759 4096/6744/5759
f 4096/6744/5760 4098/6746/5760 4099/6747/5760
f 4099/6747/5761 4098/6746/5761 4101/6749/5761
f 4099/6747/5761 4101/6749/5761 4102/6750/5761
f 4102/6751/5762 4101/6752/5762 4095/6753/5762
f 4102/6751/5762 4095/6753/5762 4103/6754/5762
f 4103/6754/5763 4095/6753/5763 3926/6480/5763
f 4103/6754/5764 3926/6480/5764 3927/6483/5764
f 4104/6755/5765 3923/6474/5765 3924/6476/5765
f 4086/6725/5766 3922/6473/5766 3923/6474/5766
f 3923/6474/5767 4104/6755/5767 4086/6725/5767
f 4086/6725/5768 4104/6755/5768 4105/6756/5768
f 4086/6725/5769 4105/6756/5769 4084/6723/5769
f 4084/6742/5770 4105/6757/5770 4106/6758/5770
f 4084/6742/5770 4106/6758/5770 4081/6720/5770
f 4082/6721/5771 4081/6720/5771 4107/6759/5771
f 4107/6759/5772 4081/6720/5772 4106/6758/5772
f 4107/6759/5773 4106/6758/5773 4108/6760/5773
f 4108/6760/5774 4106/6758/5774 4109/6761/5774
f 3924/6476/5775 3925/6477/5775 4104/6755/5775
f 4104/6755/5776 3925/6477/5776 4095/6743/5776
f 4104/6755/5777 4095/6743/5777 4105/6756/5777
f 4105/6756/5778 4095/6743/5778 4101/6762/5778
f 4105/6757/5779 4101/6749/5779 4106/6758/5779
f 4106/6758/5779 4101/6749/5779 4098/6746/5779
f 4106/6758/5780 4098/6746/5780 4109/6761/5780
f 4109/6761/5781 4098/6746/5781 4097/6745/5781
f 4110/6763/5782 4111/6764/5782 4112/6765/5782
f 4113/6766/5783 4114/6767/5783 4115/6768/5783
f 3944/6509/5784 4114/6769/5784 3943/6507/5784
f 3943/6507/5785 4114/6769/5785 4113/6770/5785
f 3943/6505/5786 4113/6771/5786 3940/6502/5786
f 3940/6502/5787 4113/6771/5787 4116/6772/5787
f 3940/6502/5788 4116/6772/5788 3941/6503/5788
f 3941/6503/5789 4116/6772/5789 4117/6773/5789
f 3941/6503/5789 4117/6773/5789 3942/6504/5789
f 3942/6504/5790 4117/6773/5790 3939/6500/5790
f 3939/6500/5791 4117/6773/5791 4118/6774/5791
f 3939/6500/5791 4118/6774/5791 3938/6498/5791
f 3938/6498/5792 4118/6774/5792 3933/6491/5792
f 3933/6491/5792 4118/6774/5792 4119/6775/5792
f 3933/6491/5793 4119/6775/5793 3934/6492/5793
f 3934/6492/5794 4119/6775/5794 4120/6776/5794
f 3934/6492/5795 4120/6776/5795 3935/6494/5795
f 3935/6494/5796 4120/6776/5796 3936/6496/5796
f 3936/6496/5796 4120/6776/5796 4121/6777/5796
f 3936/6496/5796 4121/6777/5796 3937/6497/5796
f 3937/6497/5797 4121/6777/5797 3928/6485/5797
f 3928/6485/5797 4121/6777/5797 4122/6778/5797
f 3928/6485/5797 4122/6778/5797 3929/6486/5797
f 3929/6486/5798 4122/6778/5798 4123/6779/5798
f 3929/6486/5799 4123/6779/5799 3930/6488/5799
f 4124/6780/5800 3932/6490/5800 4123/6779/5800
f 4123/6779/5800 3932/6490/5800 3931/6489/5800
f 4123/6779/5801 3931/6489/5801 3930/6488/5801
f 4125/6781/5802 4099/6747/5802 4102/6750/5802
f 4100/6748/5803 4099/6747/5803 4126/6782/5803
f 4126/6782/5804 4099/6747/5804 4125/6781/5804
f 4126/6782/5805 4125/6781/5805 4127/6783/5805
f 4127/6783/5806 4125/6781/5806 4128/6784/5806
f 4127/6783/5807 4128/6784/5807 4129/6785/5807
f 4130/6786/5808 4131/6787/5808 4128/6784/5808
f 4128/6784/5809 4131/6787/5809 4132/6788/5809
f 4128/6784/5809 4132/6788/5809 4129/6785/5809
f 4133/6789/5810 4134/6790/5810 4135/6791/5810
f 4135/6791/5810 4134/6790/5810 4136/6792/5810
f 4135/6791/5811 4136/6792/5811 4130/6786/5811
f 4130/6786/5812 4136/6792/5812 4137/6793/5812
f 4130/6786/5813 4137/6793/5813 4131/6787/5813
f 4133/6789/5814 4135/6791/5814 4138/6794/5814
f 4138/6794/5815 4135/6791/5815 4139/6795/5815
f 4138/6794/5816 4139/6795/5816 4140/6796/5816
f 4140/6796/5816 4139/6795/5816 4141/6797/5816
f 4141/6797/5817 4139/6795/5817 4142/6798/5817
f 4141/6797/5818 4142/6798/5818 4143/6799/5818
f 4143/6799/5818 4142/6798/5818 4144/6800/5818
f 4144/6800/5819 4142/6798/5819 4145/6801/5819
f 4144/6800/5820 4145/6801/5820 4146/6802/5820
f 4146/6802/5821 4145/6801/5821 4147/6803/5821
f 4147/6803/5822 4145/6801/5822 4148/6804/5822
f 4147/6803/5823 4148/6804/5823 4149/6805/5823
f 4149/6805/5823 4148/6804/5823 4150/6806/5823
f 4150/6806/5824 4148/6804/5824 4151/6807/5824
f 4150/6806/5825 4151/6807/5825 4152/6808/5825
f 4112/6765/5826 4153/6809/5826 4110/6763/5826
f 4110/6763/5826 4153/6809/5826 4154/6810/5826
f 4110/6763/5827 4154/6810/5827 4151/6807/5827
f 4151/6807/5828 4154/6810/5828 4155/6811/5828
f 4151/6807/5825 4155/6811/5825 4152/6808/5825
f 3927/6483/5829 3932/6490/5829 4103/6754/5829
f 4103/6754/5829 3932/6490/5829 4124/6780/5829
f 4103/6754/5830 4124/6780/5830 4156/6812/5830
f 4156/6812/5831 4124/6780/5831 4123/6779/5831
f 4156/6812/5832 4123/6779/5832 4157/6813/5832
f 4157/6813/5833 4123/6779/5833 4122/6778/5833
f 4157/6813/5834 4122/6778/5834 4158/6814/5834
f 4158/6814/5835 4122/6778/5835 4121/6777/5835
f 4158/6814/5835 4121/6777/5835 4159/6815/5835
f 4159/6815/5836 4121/6777/5836 4120/6776/5836
f 4159/6815/5836 4120/6776/5836 4160/6816/5836
f 4160/6816/5837 4120/6776/5837 4119/6775/5837
f 4160/6816/5837 4119/6775/5837 4161/6817/5837
f 4161/6817/5838 4119/6775/5838 4118/6774/5838
f 4161/6817/5838 4118/6774/5838 4162/6818/5838
f 4162/6818/5839 4118/6774/5839 4117/6773/5839
f 4162/6818/5839 4117/6773/5839 4163/6819/5839
f 4163/6819/5840 4117/6773/5840 4116/6772/5840
f 4163/6819/5841 4116/6772/5841 4164/6820/5841
f 4164/6821/5842 4116/6822/5842 4113/6766/5842
f 4164/6821/5843 4113/6766/5843 4165/6823/5843
f 4165/6823/5844 4113/6766/5844 4115/6768/5844
f 4165/6823/5845 4115/6768/5845 4111/6764/5845
f 4111/6764/5845 4110/6763/5845 4165/6823/5845
f 4165/6823/5846 4110/6763/5846 4151/6807/5846
f 4165/6823/5847 4151/6807/5847 4164/6821/5847
f 4164/6821/5848 4151/6807/5848 4148/6804/5848
f 4164/6821/5848 4148/6804/5848 4163/6824/5848
f 4163/6824/5849 4148/6804/5849 4145/6801/5849
f 4163/6824/5849 4145/6801/5849 4162/6825/5849
f 4162/6825/5850 4145/6801/5850 4142/6798/5850
f 4162/6825/5850 4142/6798/5850 4161/6826/5850
f 4161/6826/5851 4142/6798/5851 4139/6795/5851
f 4161/6826/5851 4139/6795/5851 4160/6827/5851
f 4160/6827/5852 4139/6795/5852 4135/6791/5852
f 4160/6827/5852 4135/6791/5852 4159/6828/5852
f 4159/6828/5853 4135/6791/5853 4130/6786/5853
f 4159/6828/5854 4130/6786/5854 4158/6829/5854
f 4158/6829/5855 4130/6786/5855 4128/6784/5855
f 4158/6829/5855 4128/6784/5855 4157/6830/5855
f 4157/6830/5856 4128/6784/5856 4125/6781/5856
f 4157/6830/5856 4125/6781/5856 4156/6831/5856
f 4156/6831/5802 4125/6781/5802 4102/6750/5802
f 4156/6812/5830 4102/6751/5830 4103/6754/5830
f 4166/6832/5857 4167/6833/5857 4168/6834/5857
f 4166/6832/5858 4168/6834/5858 4169/6835/5858
f 4169/6835/5859 4168/6834/5859 4170/6836/5859
f 4169/6835/5860 4170/6836/5860 4171/6837/5860
f 4171/6838/5861 4170/6839/5861 4172/6840/5861
f 4171/6838/5862 4172/6840/5862 4173/6841/5862
f 3949/6517/5863 4173/6841/5863 3948/6515/5863
f 3948/6515/5864 4173/6841/5864 4172/6840/5864
f 3948/6515/5865 4172/6840/5865 3947/6513/5865
f 3947/6513/5866 4172/6840/5866 3946/6512/5866
f 4114/6769/5867 3944/6509/5867 3945/6510/5867
f 3945/6510/5868 4174/6842/5868 4114/6769/5868
f 4114/6769/5869 4174/6842/5869 4175/6843/5869
f 4114/6769/5870 4175/6843/5870 4115/6844/5870
f 4115/6768/5871 4175/6845/5871 4176/6846/5871
f 4115/6768/5872 4176/6846/5872 4111/6764/5872
f 4112/6765/5873 4111/6764/5873 4177/6847/5873
f 4177/6847/5874 4111/6764/5874 4176/6846/5874
f 4177/6847/5875 4176/6846/5875 4178/6848/5875
f 4178/6848/5876 4176/6846/5876 4179/6849/5876
f 3945/6510/5877 3946/6512/5877 4174/6842/5877
f 4174/6842/5878 3946/6512/5878 4172/6840/5878
f 4174/6842/5879 4172/6840/5879 4175/6843/5879
f 4175/6843/5880 4172/6840/5880 4170/6839/5880
f 4175/6845/5881 4170/6836/5881 4176/6846/5881
f 4176/6846/5882 4170/6836/5882 4168/6834/5882
f 4176/6846/5883 4168/6834/5883 4179/6849/5883
f 4179/6849/5884 4168/6834/5884 4167/6833/5884
f 4180/6850/5885 4181/6851/5885 4182/6852/5885
f 4183/6853/5886 4184/6854/5886 4185/6855/5886
f 4186/6856/5887 4187/6857/5887 4188/6858/5887
f 3959/6534/5888 4187/6857/5888 3958/6532/5888
f 3958/6532/5888 4187/6857/5888 4186/6856/5888
f 3958/6532/5889 4186/6856/5889 3957/6531/5889
f 3957/6531/5890 4186/6856/5890 3956/6529/5890
f 3956/6529/5889 4186/6856/5889 4189/6859/5889
f 3956/6529/5891 4189/6859/5891 3955/6528/5891
f 3955/6528/5891 4189/6859/5891 4190/6860/5891
f 3955/6528/5892 4190/6860/5892 3954/6526/5892
f 3954/6524/5893 4190/6861/5893 3953/6523/5893
f 3953/6523/5893 4190/6861/5893 4191/6862/5893
f 3953/6523/5893 4191/6862/5893 3952/6521/5893
f 3952/6521/5894 4191/6862/5894 3951/6520/5894
f 3951/6520/5894 4191/6862/5894 4192/6863/5894
f 3951/6520/5895 4192/6863/5895 3950/6518/5895
f 4171/6837/5896 4193/6864/5896 4169/6835/5896
f 4169/6835/5897 4193/6864/5897 4194/6865/5897
f 4169/6835/5898 4194/6865/5898 4166/6832/5898
f 4195/6866/5899 4196/6867/5899 4197/6868/5899
f 4197/6868/5899 4196/6867/5899 4198/6869/5899
f 4197/6868/5900 4198/6869/5900 4193/6864/5900
f 4193/6864/5901 4198/6869/5901 4199/6870/5901
f 4193/6864/5902 4199/6870/5902 4194/6865/5902
f 4195/6866/5903 4197/6868/5903 4200/6871/5903
f 4200/6871/5904 4197/6868/5904 4201/6872/5904
f 4200/6871/5905 4201/6872/5905 4202/6873/5905
f 4202/6873/5906 4201/6872/5906 4203/6874/5906
f 4202/6873/5907 4203/6874/5907 4204/6875/5907
f 4182/6852/5908 4181/6851/5908 4203/6874/5908
f 4203/6874/5909 4181/6851/5909 4205/6876/5909
f 4203/6874/5910 4205/6876/5910 4204/6875/5910
f 4185/6855/5911 4180/6850/5911 4183/6853/5911
f 4183/6853/5912 4180/6850/5912 4182/6852/5912
f 4183/6853/5913 4182/6852/5913 4206/6877/5913
f 4206/6877/5914 4182/6852/5914 4203/6874/5914
f 4206/6877/5914 4203/6874/5914 4207/6878/5914
f 4207/6878/5915 4203/6874/5915 4201/6872/5915
f 4207/6878/5916 4201/6872/5916 4208/6879/5916
f 4208/6879/5917 4201/6872/5917 4197/6868/5917
f 4208/6879/5917 4197/6868/5917 4209/6880/5917
f 4209/6880/5918 4197/6868/5918 4193/6864/5918
f 4209/6880/5918 4193/6864/5918 4210/6881/5918
f 4210/6881/5919 4193/6864/5919 4171/6837/5919
f 4210/6882/5920 4171/6838/5920 4173/6841/5920
f 3949/6517/5921 3950/6518/5921 4173/6841/5921
f 4173/6841/5922 3950/6518/5922 4192/6863/5922
f 4173/6841/5923 4192/6863/5923 4210/6882/5923
f 4210/6882/5924 4192/6863/5924 4191/6862/5924
f 4210/6882/5925 4191/6862/5925 4209/6883/5925
f 4209/6883/5926 4191/6862/5926 4190/6861/5926
f 4209/6883/5927 4190/6861/5927 4208/6884/5927
f 4208/6879/5928 4190/6885/5928 4189/6886/5928
f 4208/6879/5928 4189/6886/5928 4207/6878/5928
f 4207/6887/5929 4189/6859/5929 4186/6856/5929
f 4207/6887/5929 4186/6856/5929 4206/6888/5929
f 4206/6888/5930 4186/6856/5930 4188/6858/5930
f 4206/6877/5913 4188/6889/5913 4183/6853/5913
f 4211/6890/5931 4212/6891/5931 4213/6892/5931
f 4211/6890/5932 4213/6892/5932 4214/6893/5932
f 4214/6893/5933 4213/6892/5933 4215/6894/5933
f 4214/6893/5933 4215/6894/5933 4216/6895/5933
f 4216/6896/5934 4215/6897/5934 4217/6898/5934
f 4216/6896/5935 4217/6898/5935 4218/6899/5935
f 3964/6544/5936 4218/6899/5936 3963/6541/5936
f 3963/6541/5937 4218/6899/5937 4217/6898/5937
f 3963/6540/5938 4217/6900/5938 3962/6538/5938
f 3962/6538/5939 4217/6900/5939 3961/6537/5939
f 4187/6857/5940 3959/6534/5940 3960/6535/5940
f 3960/6535/5940 4219/6901/5940 4187/6857/5940
f 4187/6857/5941 4219/6901/5941 4220/6902/5941
f 4187/6857/5941 4220/6902/5941 4188/6858/5941
f 4188/6889/5942 4220/6903/5942 4221/6904/5942
f 4188/6889/5943 4221/6904/5943 4183/6853/5943
f 4184/6854/5944 4183/6853/5944 4222/6905/5944
f 4222/6905/5945 4183/6853/5945 4221/6904/5945
f 4222/6905/5946 4221/6904/5946 4223/6906/5946
f 4223/6906/5947 4221/6904/5947 4224/6907/5947
f 3960/6535/5948 3961/6537/5948 4219/6901/5948
f 4219/6901/5949 3961/6537/5949 4217/6900/5949
f 4219/6901/5950 4217/6900/5950 4220/6902/5950
f 4220/6902/5951 4217/6900/5951 4215/6908/5951
f 4220/6903/5952 4215/6894/5952 4221/6904/5952
f 4221/6904/5952 4215/6894/5952 4213/6892/5952
f 4221/6904/5953 4213/6892/5953 4224/6907/5953
f 4224/6907/5954 4213/6892/5954 4212/6891/5954
f 4225/6909/5955 4226/6910/5955 4227/6911/5955
f 4228/6912/5956 4229/6913/5956 4230/6914/5956
f 3981/6568/5957 4229/6913/5957 3980/6566/5957
f 3980/6566/5958 4229/6913/5958 4228/6912/5958
f 3980/6566/5959 4228/6912/5959 3979/6565/5959
f 3979/6565/5959 4228/6912/5959 4231/6915/5959
f 3979/6565/5960 4231/6915/5960 3978/6563/5960
f 3978/6563/5961 4231/6915/5961 4232/6916/5961
f 3978/6563/5962 4232/6916/5962 3974/6558/5962
f 3974/6558/5963 4232/6916/5963 3975/6559/5963
f 3975/6559/5964 4232/6916/5964 4233/6917/5964
f 3975/6559/5963 4233/6917/5963 3976/6561/5963
f 3976/6561/5965 4233/6917/5965 3977/6562/5965
f 3977/6562/5966 4233/6917/5966 4234/6918/5966
f 3977/6562/5967 4234/6918/5967 3972/6556/5967
f 3972/6556/5968 4234/6918/5968 4235/6919/5968
f 3972/6556/5969 4235/6919/5969 3973/6557/5969
f 3973/6557/5970 4235/6919/5970 3970/6553/5970
f 3970/6553/5970 4235/6919/5970 4236/6920/5970
f 3970/6553/5971 4236/6920/5971 3971/6554/5971
f 3971/6554/5972 4236/6920/5972 3969/6551/5972
f 3969/6551/5973 4236/6920/5973 4237/6921/5973
f 3969/6551/5974 4237/6921/5974 3968/6549/5974
f 3968/6549/5975 4237/6921/5975 4238/6922/5975
f 3968/6549/5976 4238/6922/5976 3965/6545/5976
f 4239/6923/5977 3967/6548/5977 4238/6922/5977
f 4238/6922/5978 3967/6548/5978 3966/6546/5978
f 4238/6922/5979 3966/6546/5979 3965/6545/5979
f 4240/6924/5980 4214/6893/5980 4216/6895/5980
f 4211/6890/5981 4214/6893/5981 4241/6925/5981
f 4241/6925/5982 4214/6893/5982 4240/6924/5982
f 4241/6925/5983 4240/6924/5983 4242/6926/5983
f 4242/6926/5984 4240/6924/5984 4243/6927/5984
f 4242/6926/5985 4243/6927/5985 4244/6928/5985
f 4245/6929/5986 4246/6930/5986 4243/6927/5986
f 4243/6927/5987 4246/6930/5987 4247/6931/5987
f 4243/6927/5988 4247/6931/5988 4244/6928/5988
f 4248/6932/5989 4249/6933/5989 4250/6934/5989
f 4250/6934/5989 4249/6933/5989 4251/6935/5989
f 4250/6934/5990 4251/6935/5990 4245/6929/5990
f 4245/6929/5991 4251/6935/5991 4252/6936/5991
f 4245/6929/5991 4252/6936/5991 4246/6930/5991
f 4248/6932/5992 4250/6934/5992 4253/6937/5992
f 4253/6937/5993 4250/6934/5993 4254/6938/5993
f 4253/6937/5994 4254/6938/5994 4255/6939/5994
f 4255/6939/5994 4254/6938/5994 4256/6940/5994
f 4256/6940/5995 4254/6938/5995 4257/6941/5995
f 4256/6940/5996 4257/6941/5996 4258/6942/5996
f 4258/6942/5996 4257/6941/5996 4259/6943/5996
f 4259/6943/5997 4257/6941/5997 4260/6944/5997
f 4259/6943/5998 4260/6944/5998 4261/6945/5998
f 4261/6945/5999 4260/6944/5999 4262/6946/5999
f 4262/6946/6000 4260/6944/6000 4263/6947/6000
f 4262/6946/6001 4263/6947/6001 4264/6948/6001
f 4264/6948/6001 4263/6947/6001 4265/6949/6001
f 4265/6949/6002 4263/6947/6002 4266/6950/6002
f 4265/6949/6003 4266/6950/6003 4267/6951/6003
f 4227/6911/6004 4268/6952/6004 4225/6909/6004
f 4225/6909/6004 4268/6952/6004 4269/6953/6004
f 4225/6909/6005 4269/6953/6005 4266/6950/6005
f 4266/6950/6006 4269/6953/6006 4270/6954/6006
f 4266/6950/6003 4270/6954/6003 4267/6951/6003
f 3964/6544/6007 3967/6548/6007 4218/6899/6007
f 4218/6899/6008 3967/6548/6008 4239/6923/6008
f 4218/6899/6009 4239/6923/6009 4271/6955/6009
f 4271/6955/6010 4239/6923/6010 4238/6922/6010
f 4271/6955/6011 4238/6922/6011 4272/6956/6011
f 4272/6956/6012 4238/6922/6012 4237/6921/6012
f 4272/6956/6013 4237/6921/6013 4273/6957/6013
f 4273/6957/6014 4237/6921/6014 4236/6920/6014
f 4273/6957/6015 4236/6920/6015 4274/6958/6015
f 4274/6958/6016 4236/6920/6016 4235/6919/6016
f 4274/6958/6017 4235/6919/6017 4275/6959/6017
f 4275/6959/6018 4235/6919/6018 4234/6918/6018
f 4275/6959/6019 4234/6918/6019 4276/6960/6019
f 4276/6960/6020 4234/6918/6020 4233/6917/6020
f 4276/6960/6020 4233/6917/6020 4277/6961/6020
f 4277/6961/6021 4233/6917/6021 4232/6916/6021
f 4277/6961/6022 4232/6916/6022 4278/6962/6022
f 4278/6962/6023 4232/6916/6023 4231/6915/6023
f 4278/6962/6024 4231/6915/6024 4279/6963/6024
f 4279/6963/6025 4231/6915/6025 4228/6912/6025
f 4279/6963/6026 4228/6912/6026 4280/6964/6026
f 4280/6964/5956 4228/6912/5956 4230/6914/5956
f 4280/6965/6027 4230/6966/6027 4226/6910/6027
f 4226/6910/6027 4225/6909/6027 4280/6965/6027
f 4280/6965/6028 4225/6909/6028 4266/6950/6028
f 4280/6965/6028 4266/6950/6028 4279/6967/6028
f 4279/6967/6029 4266/6950/6029 4263/6947/6029
f 4279/6967/6029 4263/6947/6029 4278/6968/6029
f 4278/6968/6030 4263/6947/6030 4260/6944/6030
f 4278/6968/6030 4260/6944/6030 4277/6969/6030
f 4277/6969/6031 4260/6944/6031 4257/6941/6031
f 4277/6969/6031 4257/6941/6031 4276/6970/6031
f 4276/6970/6032 4257/6941/6032 4254/6938/6032
f 4276/6970/6032 4254/6938/6032 4275/6971/6032
f 4275/6971/6033 4254/6938/6033 4250/6934/6033
f 4275/6971/6033 4250/6934/6033 4274/6972/6033
f 4274/6972/6034 4250/6934/6034 4245/6929/6034
f 4274/6972/6035 4245/6929/6035 4273/6973/6035
f 4273/6973/6036 4245/6929/6036 4243/6927/6036
f 4273/6973/6036 4243/6927/6036 4272/6974/6036
f 4272/6974/6037 4243/6927/6037 4240/6924/6037
f 4272/6974/6038 4240/6924/6038 4271/6975/6038
f 4271/6975/6039 4240/6924/6039 4216/6895/6039
f 4271/6955/6009 4216/6896/6009 4218/6899/6009
f 3984/6574/6040 3985/6576/6040 4281/6976/6040
f 4282/6977/6041 4283/6978/6041 4284/6979/6041
f 4282/6977/6042 4284/6979/6042 4285/6980/6042
f 4285/6980/6043 4284/6979/6043 4286/6981/6043
f 4285/6980/6044 4286/6981/6044 4287/6982/6044
f 4287/6983/6045 4286/6984/6045 4281/6976/6045
f 4287/6983/6046 4281/6976/6046 4288/6985/6046
f 4288/6985/6047 4281/6976/6047 3985/6576/6047
f 4288/6985/6048 3985/6576/6048 3986/6578/6048
f 4289/6986/6049 3982/6571/6049 3983/6573/6049
f 4229/6987/6050 3981/6569/6050 3982/6571/6050
f 3982/6571/6051 4289/6986/6051 4229/6987/6051
f 4229/6987/6052 4289/6986/6052 4290/6988/6052
f 4229/6987/6053 4290/6988/6053 4230/6989/6053
f 4230/6966/6054 4290/6990/6054 4291/6991/6054
f 4230/6966/6055 4291/6991/6055 4226/6910/6055
f 4227/6911/6056 4226/6910/6056 4292/6992/6056
f 4292/6992/6057 4226/6910/6057 4291/6991/6057
f 4292/6992/6058 4291/6991/6058 4293/6993/6058
f 4293/6993/6059 4291/6991/6059 4294/6994/6059
f 3983/6573/6060 3984/6574/6060 4289/6986/6060
f 4289/6986/6040 3984/6574/6040 4281/6976/6040
f 4289/6986/6061 4281/6976/6061 4290/6988/6061
f 4290/6988/6061 4281/6976/6061 4286/6984/6061
f 4290/6990/6062 4286/6981/6062 4291/6991/6062
f 4291/6991/6062 4286/6981/6062 4284/6979/6062
f 4291/6991/6063 4284/6979/6063 4294/6994/6063
f 4294/6994/6064 4284/6979/6064 4283/6978/6064
f 4295/6995/6065 4296/6996/6065 4297/6997/6065
f 4298/6998/6066 4288/6985/6066 3986/6578/6066
f 4299/6999/6067 4285/6980/6067 4287/6982/6067
f 4282/6977/6068 4285/6980/6068 4300/7000/6068
f 4300/7000/6069 4285/6980/6069 4299/6999/6069
f 4300/7000/6070 4299/6999/6070 4301/7001/6070
f 4301/7001/6071 4299/6999/6071 4302/7002/6071
f 4302/7002/6072 4299/6999/6072 4303/7003/6072
f 4302/7002/6073 4303/7003/6073 4304/7004/6073
f 4305/7005/6074 4306/7006/6074 4307/7007/6074
f 4305/7005/6075 4307/7007/6075 4303/7003/6075
f 4303/7003/6076 4307/7007/6076 4308/7008/6076
f 4303/7003/6073 4308/7008/6073 4304/7004/6073
f 4306/7006/6077 4305/7005/6077 4309/7009/6077
f 4309/7009/6078 4305/7005/6078 4310/7010/6078
f 4309/7009/6079 4310/7010/6079 4311/7011/6079
f 4297/6997/6080 4296/6996/6080 4310/7010/6080
f 4310/7010/6081 4296/6996/6081 4312/7012/6081
f 4310/7010/6079 4312/7012/6079 4311/7011/6079
f 4313/7013/6082 4314/7014/6082 4315/7015/6082
f 4316/7016/6083 4317/7017/6083 4318/7018/6083
f 4318/7018/6084 4317/7017/6084 3995/6593/6084
f 4318/7018/6085 3995/6593/6085 3996/6595/6085
f 4319/7019/6086 3992/6589/6086 4320/7020/6086
f 4320/7020/6087 3992/6589/6087 3993/6590/6087
f 4320/7020/6088 3993/6590/6088 4317/7017/6088
f 4317/7017/6089 3993/6590/6089 3994/6592/6089
f 4317/7017/6089 3994/6592/6089 3995/6593/6089
f 4321/7021/6090 3990/6584/6090 4319/7022/6090
f 4319/7022/6091 3990/6584/6091 3991/6585/6091
f 4319/7019/6092 3991/6587/6092 3992/6589/6092
f 3986/6578/6093 3987/6579/6093 4298/6998/6093
f 4298/6998/6094 3987/6579/6094 3988/6581/6094
f 4298/6998/6095 3988/6581/6095 4321/7021/6095
f 4321/7021/6095 3988/6581/6095 3989/6582/6095
f 4321/7021/6090 3989/6582/6090 3990/6584/6090
f 4315/7015/6096 4295/6995/6096 4313/7013/6096
f 4313/7013/6097 4295/6995/6097 4297/6997/6097
f 4313/7013/6098 4297/6997/6098 4322/7023/6098
f 4322/7023/6099 4297/6997/6099 4310/7010/6099
f 4322/7023/6099 4310/7010/6099 4323/7024/6099
f 4323/7024/6100 4310/7010/6100 4305/7005/6100
f 4323/7024/6101 4305/7005/6101 4324/7025/6101
f 4324/7025/6102 4305/7005/6102 4303/7003/6102
f 4324/7025/6102 4303/7003/6102 4325/7026/6102
f 4325/7026/6103 4303/7003/6103 4299/6999/6103
f 4325/7026/6103 4299/6999/6103 4326/7027/6103
f 4326/7027/6067 4299/6999/6067 4287/6982/6067
f 4326/7028/6104 4287/6983/6104 4288/6985/6104
f 4288/6985/6105 4298/6998/6105 4326/7028/6105
f 4326/7028/6106 4298/6998/6106 4321/7021/6106
f 4326/7028/6107 4321/7021/6107 4325/7029/6107
f 4325/7029/6108 4321/7021/6108 4319/7022/6108
f 4325/7029/6108 4319/7022/6108 4324/7030/6108
f 4324/7031/6109 4319/7019/6109 4320/7020/6109
f 4324/7031/6110 4320/7020/6110 4323/7032/6110
f 4323/7032/6111 4320/7020/6111 4317/7017/6111
f 4323/7032/6112 4317/7017/6112 4322/7033/6112
f 4322/7033/6113 4317/7017/6113 4316/7016/6113
f 4322/7023/6114 4316/7034/6114 4313/7013/6114
f 3999/6599/6115 4000/6601/6115 4327/7035/6115
f 4318/7018/6116 4328/7036/6116 4329/7037/6116
f 4318/7018/6117 4329/7037/6117 4316/7016/6117
f 4316/7034/6118 4329/7038/6118 4330/7039/6118
f 4316/7034/6118 4330/7039/6118 4313/7013/6118
f 4314/7014/6119 4313/7013/6119 4331/7040/6119
f 4331/7040/6120 4313/7013/6120 4330/7039/6120
f 4331/7040/6121 4330/7039/6121 4332/7041/6121
f 4332/7041/6122 4330/7039/6122 4333/7042/6122
f 4334/7043/6123 4335/7044/6123 4336/7045/6123
f 4334/7043/6124 4336/7045/6124 4337/7046/6124
f 4337/7046/6125 4336/7045/6125 4338/7047/6125
f 4337/7046/6125 4338/7047/6125 4339/7048/6125
f 4339/7049/6126 4338/7050/6126 4327/7051/6126
f 4339/7049/6126 4327/7051/6126 4340/7052/6126
f 4340/7052/6127 4327/7051/6127 4000/6602/6127
f 4340/7052/6128 4000/6602/6128 4001/6605/6128
f 4318/7018/6129 3996/6595/6129 4328/7036/6129
f 4328/7036/6130 3996/6595/6130 3997/6596/6130
f 4328/7036/6131 3997/6596/6131 3998/6598/6131
f 3998/6598/6132 3999/6599/6132 4328/7036/6132
f 4328/7036/6133 3999/6599/6133 4327/7035/6133
f 4328/7036/6134 4327/7035/6134 4329/7037/6134
f 4329/7037/6135 4327/7035/6135 4338/7053/6135
f 4329/7038/6136 4338/7047/6136 4330/7039/6136
f 4330/7039/6136 4338/7047/6136 4336/7045/6136
f 4330/7039/6137 4336/7045/6137 4333/7042/6137
f 4333/7042/6138 4336/7045/6138 4335/7044/6138
f 4001/6605/6139 4006/6612/6139 4341/7054/6139
f 4342/7055/6140 4337/7046/6140 4339/7048/6140
f 4343/7056/6141 4344/7057/6141 4345/7058/6141
f 4345/7058/6142 4344/7057/6142 4346/7059/6142
f 4345/7058/6143 4346/7059/6143 4342/7055/6143
f 4342/7055/6144 4346/7059/6144 4347/7060/6144
f 4342/7055/6145 4347/7060/6145 4337/7046/6145
f 4337/7046/6146 4347/7060/6146 4334/7043/6146
f 4343/7056/6141 4345/7058/6141 4348/7061/6141
f 4348/7061/6147 4345/7058/6147 4349/7062/6147
f 4348/7061/6148 4349/7062/6148 4350/7063/6148
f 4350/7063/6148 4349/7062/6148 4351/7064/6148
f 4351/7064/6149 4349/7062/6149 4352/7065/6149
f 4351/7064/6150 4352/7065/6150 4353/7066/6150
f 4354/7067/6151 4355/7068/6151 4352/7065/6151
f 4352/7065/6152 4355/7068/6152 4356/7069/6152
f 4352/7065/6150 4356/7069/6150 4353/7066/6150
f 4357/7070/6153 4358/7071/6153 4354/7067/6153
f 4354/7067/6154 4358/7071/6154 4359/7072/6154
f 4354/7067/6154 4359/7072/6154 4355/7068/6154
f 4360/7073/6155 4361/7074/6155 4357/7070/6155
f 4357/7070/6156 4361/7074/6156 4362/7075/6156
f 4357/7070/6156 4362/7075/6156 4358/7071/6156
f 4363/7076/6157 4364/7077/6157 4360/7073/6157
f 4360/7073/6158 4364/7077/6158 4365/7078/6158
f 4360/7073/6159 4365/7078/6159 4361/7074/6159
f 4366/7079/6160 4367/7080/6160 4368/7081/6160
f 4368/7081/6160 4367/7080/6160 4369/7082/6160
f 4368/7081/6161 4369/7082/6161 4363/7076/6161
f 4363/7076/6162 4369/7082/6162 4370/7083/6162
f 4363/7076/6162 4370/7083/6162 4364/7077/6162
f 4366/7079/6163 4368/7081/6163 4371/7084/6163
f 4371/7084/6164 4368/7081/6164 4372/7085/6164
f 4371/7084/6165 4372/7085/6165 4373/7086/6165
f 4374/7087/6166 4375/7088/6166 4376/7089/6166
f 4377/7090/6167 4378/7091/6167 4375/7092/6167
f 4018/6631/6168 4378/7091/6168 4017/6628/6168
f 4017/6628/6168 4378/7091/6168 4377/7090/6168
f 4017/6627/6169 4377/7093/6169 4016/6626/6169
f 4016/6626/6170 4377/7093/6170 4379/7094/6170
f 4016/6626/6171 4379/7094/6171 4015/6624/6171
f 4015/6624/6172 4379/7094/6172 4380/7095/6172
f 4015/6624/6173 4380/7095/6173 4011/6619/6173
f 4011/6619/6174 4380/7095/6174 4012/6620/6174
f 4012/6620/6174 4380/7095/6174 4381/7096/6174
f 4012/6620/6174 4381/7096/6174 4013/6622/6174
f 4013/6622/6175 4381/7096/6175 4014/6623/6175
f 4014/6623/6175 4381/7096/6175 4382/7097/6175
f 4014/6623/6176 4382/7097/6176 4009/6617/6176
f 4009/6617/6177 4382/7097/6177 4383/7098/6177
f 4009/6617/6177 4383/7098/6177 4010/6618/6177
f 4010/6618/6178 4383/7098/6178 4007/6614/6178
f 4007/6614/6179 4383/7098/6179 4384/7099/6179
f 4007/6614/6179 4384/7099/6179 4008/6615/6179
f 4008/6615/6180 4384/7099/6180 4002/6607/6180
f 4002/6607/6180 4384/7099/6180 4385/7100/6180
f 4002/6607/6180 4385/7100/6180 4003/6608/6180
f 4003/6608/6181 4385/7100/6181 4386/7101/6181
f 4003/6608/6182 4386/7101/6182 4004/6610/6182
f 4341/7054/6183 4006/6612/6183 4386/7101/6183
f 4386/7101/6184 4006/6612/6184 4005/6611/6184
f 4386/7101/6185 4005/6611/6185 4004/6610/6185
f 4375/7092/6186 4374/7102/6186 4377/7090/6186
f 4377/7093/6187 4374/7103/6187 4387/7104/6187
f 4377/7093/6187 4387/7104/6187 4379/7094/6187
f 4379/7094/6188 4387/7104/6188 4388/7105/6188
f 4379/7094/6189 4388/7105/6189 4380/7095/6189
f 4380/7095/6190 4388/7105/6190 4389/7106/6190
f 4380/7095/6190 4389/7106/6190 4381/7096/6190
f 4381/7096/6191 4389/7106/6191 4390/7107/6191
f 4381/7096/6192 4390/7107/6192 4382/7097/6192
f 4382/7097/6193 4390/7107/6193 4391/7108/6193
f 4382/7097/6194 4391/7108/6194 4383/7098/6194
f 4383/7098/6195 4391/7108/6195 4392/7109/6195
f 4383/7098/6196 4392/7109/6196 4384/7099/6196
f 4384/7099/6197 4392/7109/6197 4393/7110/6197
f 4384/7099/6197 4393/7110/6197 4385/7100/6197
f 4385/7100/6198 4393/7110/6198 4394/7111/6198
f 4385/7100/6199 4394/7111/6199 4386/7101/6199
f 4386/7101/6200 4394/7111/6200 4395/7112/6200
f 4386/7101/6200 4395/7112/6200 4341/7054/6200
f 4341/7054/6201 4395/7112/6201 4340/7052/6201
f 4341/7054/6202 4340/7052/6202 4001/6605/6202
f 4396/7113/6203 4373/7086/6203 4376/7089/6203
f 4376/7089/6204 4373/7086/6204 4372/7085/6204
f 4376/7089/6166 4372/7085/6166 4374/7087/6166
f 4374/7087/6205 4372/7085/6205 4368/7081/6205
f 4374/7087/6206 4368/7081/6206 4387/7114/6206
f 4387/7114/6207 4368/7081/6207 4363/7076/6207
f 4387/7114/6207 4363/7076/6207 4388/7115/6207
f 4388/7115/6208 4363/7076/6208 4360/7073/6208
f 4388/7115/6208 4360/7073/6208 4389/7116/6208
f 4389/7116/6209 4360/7073/6209 4357/7070/6209
f 4389/7116/6209 4357/7070/6209 4390/7117/6209
f 4390/7117/6210 4357/7070/6210 4354/7067/6210
f 4390/7117/6210 4354/7067/6210 4391/7118/6210
f 4391/7118/6211 4354/7067/6211 4352/7065/6211
f 4391/7118/6211 4352/7065/6211 4392/7119/6211
f 4392/7119/6212 4352/7065/6212 4349/7062/6212
f 4392/7119/6213 4349/7062/6213 4393/7120/6213
f 4393/7120/6214 4349/7062/6214 4345/7058/6214
f 4393/7120/6214 4345/7058/6214 4394/7121/6214
f 4394/7121/6215 4345/7058/6215 4342/7055/6215
f 4394/7121/6215 4342/7055/6215 4395/7122/6215
f 4395/7122/6140 4342/7055/6140 4339/7048/6140
f 4395/7112/6201 4339/7049/6201 4340/7052/6201
f 4021/6635/6216 4022/6637/6216 4397/7123/6216
f 4378/7091/6217 4398/7124/6217 4399/7125/6217
f 4378/7091/6218 4399/7125/6218 4375/7092/6218
f 4375/7088/6219 4399/7126/6219 4400/7127/6219
f 4375/7088/6219 4400/7127/6219 4376/7089/6219
f 4396/7113/6220 4376/7089/6220 4401/7128/6220
f 4401/7128/6221 4376/7089/6221 4400/7127/6221
f 4401/7128/6222 4400/7127/6222 4402/7129/6222
f 4402/7129/6223 4400/7127/6223 4403/7130/6223
f 4404/7131/6224 4405/7132/6224 4406/7133/6224
f 4404/7131/6225 4406/7133/6225 4407/7134/6225
f 4407/7134/6226 4406/7133/6226 4408/7135/6226
f 4407/7134/6227 4408/7135/6227 4409/7136/6227
f 4409/7137/6228 4408/7138/6228 4397/7123/6228
f 4409/7137/6229 4397/7123/6229 4410/7139/6229
f 4410/7139/6230 4397/7123/6230 4022/6637/6230
f 4410/7139/6230 4022/6637/6230 4023/6639/6230
f 4378/7091/6231 4018/6631/6231 4398/7124/6231
f 4398/7124/6232 4018/6631/6232 4019/6632/6232
f 4398/7124/6233 4019/6632/6233 4020/6634/6233
f 4020/6634/6234 4021/6635/6234 4398/7124/6234
f 4398/7124/6235 4021/6635/6235 4397/7123/6235
f 4398/7124/6236 4397/7123/6236 4399/7125/6236
f 4399/7125/6237 4397/7123/6237 4408/7138/6237
f 4399/7126/6238 4408/7135/6238 4400/7127/6238
f 4400/7127/6238 4408/7135/6238 4406/7133/6238
f 4400/7127/6239 4406/7133/6239 4403/7130/6239
f 4403/7130/6240 4406/7133/6240 4405/7132/6240
f 4411/7140/6241 4412/7141/6241 4413/7142/6241
f 4414/7143/6242 4410/7139/6242 4023/6639/6242
f 4409/7136/6243 4415/7144/6243 4407/7134/6243
f 4407/7134/6244 4415/7144/6244 4416/7145/6244
f 4407/7134/6245 4416/7145/6245 4404/7131/6245
f 4417/7146/6246 4418/7147/6246 4419/7148/6246
f 4419/7148/6246 4418/7147/6246 4420/7149/6246
f 4419/7148/6247 4420/7149/6247 4415/7144/6247
f 4415/7144/6248 4420/7149/6248 4421/7150/6248
f 4415/7144/6249 4421/7150/6249 4416/7145/6249
f 4417/7146/6250 4419/7148/6250 4422/7151/6250
f 4422/7151/6251 4419/7148/6251 4423/7152/6251
f 4422/7151/6252 4423/7152/6252 4424/7153/6252
f 4424/7153/6253 4423/7152/6253 4425/7154/6253
f 4424/7153/6254 4425/7154/6254 4426/7155/6254
f 4413/7142/6255 4412/7141/6255 4425/7154/6255
f 4425/7154/6256 4412/7141/6256 4427/7156/6256
f 4425/7154/6257 4427/7156/6257 4426/7155/6257
f 4428/7157/6258 4429/7158/6258 4430/7159/6258
f 4431/7160/6259 4432/7161/6259 4433/7162/6259
f 4433/7162/6260 4432/7161/6260 4032/6654/6260
f 4433/7162/6260 4032/6654/6260 4033/6656/6260
f 4434/7163/6261 4029/6648/6261 4435/7164/6261
f 4435/7164/6261 4029/6648/6261 4030/6649/6261
f 4435/7165/6262 4030/6650/6262 4432/7161/6262
f 4432/7161/6263 4030/6650/6263 4031/6653/6263
f 4432/7161/6264 4031/6653/6264 4032/6654/6264
f 4436/7166/6265 4027/6645/6265 4434/7163/6265
f 4434/7163/6265 4027/6645/6265 4028/6646/6265
f 4434/7163/6266 4028/6646/6266 4029/6648/6266
f 4023/6639/6267 4024/6640/6267 4414/7143/6267
f 4414/7143/6268 4024/6640/6268 4025/6642/6268
f 4414/7143/6269 4025/6642/6269 4436/7166/6269
f 4436/7166/6269 4025/6642/6269 4026/6643/6269
f 4436/7166/6270 4026/6643/6270 4027/6645/6270
f 4430/7159/6271 4411/7140/6271 4428/7157/6271
f 4428/7157/6272 4411/7140/6272 4413/7142/6272
f 4428/7157/6273 4413/7142/6273 4437/7167/6273
f 4437/7167/6274 4413/7142/6274 4425/7154/6274
f 4437/7167/6275 4425/7154/6275 4438/7168/6275
f 4438/7168/6276 4425/7154/6276 4423/7152/6276
f 4438/7168/6277 4423/7152/6277 4439/7169/6277
f 4439/7169/6278 4423/7152/6278 4419/7148/6278
f 4439/7169/6278 4419/7148/6278 4440/7170/6278
f 4440/7170/6279 4419/7148/6279 4415/7144/6279
f 4440/7170/6279 4415/7144/6279 4441/7171/6279
f 4441/7171/6243 4415/7144/6243 4409/7136/6243
f 4441/7172/6280 4409/7137/6280 4410/7139/6280
f 4410/7139/6281 4414/7143/6281 4441/7172/6281
f 4441/7172/6282 4414/7143/6282 4436/7166/6282
f 4441/7172/6282 4436/7166/6282 4440/7173/6282
f 4440/7173/6283 4436/7166/6283 4434/7163/6283
f 4440/7173/6284 4434/7163/6284 4439/7174/6284
f 4439/7174/6285 4434/7163/6285 4435/7164/6285
f 4439/7174/6285 4435/7164/6285 4438/7175/6285
f 4438/7176/6286 4435/7165/6286 4432/7161/6286
f 4438/7176/6287 4432/7161/6287 4437/7177/6287
f 4437/7177/6288 4432/7161/6288 4431/7160/6288
f 4437/7167/6273 4431/7178/6273 4428/7157/6273
f 4036/6660/6289 4037/6662/6289 4442/7179/6289
f 4433/7162/6290 4443/7180/6290 4444/7181/6290
f 4433/7162/6290 4444/7181/6290 4431/7160/6290
f 4431/7178/6291 4444/7182/6291 4445/7183/6291
f 4431/7178/6292 4445/7183/6292 4428/7157/6292
f 4429/7158/6293 4428/7157/6293 4446/7184/6293
f 4446/7184/6294 4428/7157/6294 4445/7183/6294
f 4446/7184/6295 4445/7183/6295 4447/7185/6295
f 4447/7185/6296 4445/7183/6296 4448/7186/6296
f 4449/7187/6297 4450/7188/6297 4451/7189/6297
f 4449/7187/6298 4451/7189/6298 4452/7190/6298
f 4452/7190/6299 4451/7189/6299 4453/7191/6299
f 4452/7190/6299 4453/7191/6299 4454/7192/6299
f 4454/7193/6300 4453/7194/6300 4442/7195/6300
f 4454/7193/6301 4442/7195/6301 4455/7196/6301
f 4455/7196/6302 4442/7195/6302 4037/6663/6302
f 4455/7196/6303 4037/6663/6303 4038/6666/6303
f 4433/7162/6304 4033/6656/6304 4443/7180/6304
f 4443/7180/6304 4033/6656/6304 4034/6657/6304
f 4443/7180/6289 4034/6657/6289 4035/6659/6289
f 4035/6659/6305 4036/6660/6305 4443/7180/6305
f 4443/7180/6306 4036/6660/6306 4442/7179/6306
f 4443/7180/6307 4442/7179/6307 4444/7181/6307
f 4444/7181/6308 4442/7179/6308 4453/7197/6308
f 4444/7182/6309 4453/7191/6309 4445/7183/6309
f 4445/7183/6309 4453/7191/6309 4451/7189/6309
f 4445/7183/6310 4451/7189/6310 4448/7186/6310
f 4448/7186/6311 4451/7189/6311 4450/7188/6311
f 4038/6666/6312 4043/6673/6312 4456/7198/6312
f 4457/7199/6313 4452/7190/6313 4454/7192/6313
f 4458/7200/6314 4459/7201/6314 4460/7202/6314
f 4460/7202/6315 4459/7201/6315 4461/7203/6315
f 4460/7202/6316 4461/7203/6316 4457/7199/6316
f 4457/7199/6317 4461/7203/6317 4462/7204/6317
f 4457/7199/6318 4462/7204/6318 4452/7190/6318
f 4452/7190/6319 4462/7204/6319 4449/7187/6319
f 4458/7200/6314 4460/7202/6314 4463/7205/6314
f 4463/7205/6320 4460/7202/6320 4464/7206/6320
f 4463/7205/6321 4464/7206/6321 4465/7207/6321
f 4465/7207/6321 4464/7206/6321 4466/7208/6321
f 4466/7208/6322 4464/7206/6322 4467/7209/6322
f 4466/7208/6323 4467/7209/6323 4468/7210/6323
f 4469/7211/6324 4470/7212/6324 4467/7209/6324
f 4467/7209/6325 4470/7212/6325 4471/7213/6325
f 4467/7209/6323 4471/7213/6323 4468/7210/6323
f 4472/7214/6326 4473/7215/6326 4469/7211/6326
f 4469/7211/6327 4473/7215/6327 4474/7216/6327
f 4469/7211/6327 4474/7216/6327 4470/7212/6327
f 4475/7217/6328 4476/7218/6328 4472/7214/6328
f 4472/7214/6329 4476/7218/6329 4477/7219/6329
f 4472/7214/6329 4477/7219/6329 4473/7215/6329
f 4478/7220/6330 4479/7221/6330 4475/7217/6330
f 4475/7217/6331 4479/7221/6331 4480/7222/6331
f 4475/7217/6332 4480/7222/6332 4476/7218/6332
f 4481/7223/6333 4482/7224/6333 4483/7225/6333
f 4483/7225/6333 4482/7224/6333 4484/7226/6333
f 4483/7225/6334 4484/7226/6334 4478/7220/6334
f 4478/7220/6335 4484/7226/6335 4485/7227/6335
f 4478/7220/6335 4485/7227/6335 4479/7221/6335
f 4481/7223/6336 4483/7225/6336 4486/7228/6336
f 4486/7228/6337 4483/7225/6337 4487/7229/6337
f 4486/7228/6338 4487/7229/6338 4488/7230/6338
f 4489/7231/6339 4490/7232/6339 4491/7233/6339
f 4492/7234/6340 4493/7235/6340 4490/7236/6340
f 4055/6692/6341 4493/7235/6341 4054/6690/6341
f 4054/6690/6342 4493/7235/6342 4492/7234/6342
f 4054/6690/6343 4492/7234/6343 4051/6685/6343
f 4051/6685/6343 4492/7234/6343 4494/7237/6343
f 4051/6685/6344 4494/7237/6344 4052/6686/6344
f 4052/6688/6345 4494/7238/6345 4495/7239/6345
f 4052/6688/6346 4495/7239/6346 4053/6689/6346
f 4053/6689/6347 4495/7239/6347 4050/6683/6347
f 4050/6683/6348 4495/7239/6348 4496/7240/6348
f 4050/6683/6347 4496/7240/6347 4049/6681/6347
f 4049/6681/6349 4496/7240/6349 4044/6674/6349
f 4044/6674/6350 4496/7240/6350 4497/7241/6350
f 4044/6674/6351 4497/7241/6351 4045/6675/6351
f 4045/6675/6352 4497/7241/6352 4498/7242/6352
f 4045/6675/6353 4498/7242/6353 4046/6677/6353
f 4046/6677/6354 4498/7242/6354 4047/6679/6354
f 4047/6679/6354 4498/7242/6354 4499/7243/6354
f 4047/6679/6355 4499/7243/6355 4048/6680/6355
f 4048/6680/6356 4499/7243/6356 4039/6668/6356
f 4039/6668/6357 4499/7243/6357 4500/7244/6357
f 4039/6668/6358 4500/7244/6358 4040/6669/6358
f 4040/6669/6359 4500/7244/6359 4501/7245/6359
f 4040/6669/6360 4501/7245/6360 4041/6671/6360
f 4456/7198/6361 4043/6673/6361 4501/7245/6361
f 4501/7245/6362 4043/6673/6362 4042/6672/6362
f 4501/7245/6363 4042/6672/6363 4041/6671/6363
f 4490/7236/6340 4489/7246/6340 4492/7234/6340
f 4492/7234/6364 4489/7246/6364 4502/7247/6364
f 4492/7234/6365 4502/7247/6365 4494/7237/6365
f 4494/7238/6366 4502/7248/6366 4503/7249/6366
f 4494/7238/6367 4503/7249/6367 4495/7239/6367
f 4495/7239/6368 4503/7249/6368 4504/7250/6368
f 4495/7239/6369 4504/7250/6369 4496/7240/6369
f 4496/7240/6370 4504/7250/6370 4505/7251/6370
f 4496/7240/6371 4505/7251/6371 4497/7241/6371
f 4497/7241/6372 4505/7251/6372 4506/7252/6372
f 4497/7241/6372 4506/7252/6372 4498/7242/6372
f 4498/7242/6373 4506/7252/6373 4507/7253/6373
f 4498/7242/6374 4507/7253/6374 4499/7243/6374
f 4499/7243/6375 4507/7253/6375 4508/7254/6375
f 4499/7243/6376 4508/7254/6376 4500/7244/6376
f 4500/7244/6377 4508/7254/6377 4509/7255/6377
f 4500/7244/6378 4509/7255/6378 4501/7245/6378
f 4501/7245/6379 4509/7255/6379 4510/7256/6379
f 4501/7245/6380 4510/7256/6380 4456/7198/6380
f 4456/7198/6381 4510/7256/6381 4455/7196/6381
f 4456/7198/6382 4455/7196/6382 4038/6666/6382
f 4511/7257/6383 4488/7230/6383 4491/7233/6383
f 4491/7233/6384 4488/7230/6384 4487/7229/6384
f 4491/7233/6339 4487/7229/6339 4489/7231/6339
f 4489/7231/6385 4487/7229/6385 4483/7225/6385
f 4489/7231/6386 4483/7225/6386 4502/7258/6386
f 4502/7258/6387 4483/7225/6387 4478/7220/6387
f 4502/7258/6387 4478/7220/6387 4503/7259/6387
f 4503/7259/6388 4478/7220/6388 4475/7217/6388
f 4503/7259/6388 4475/7217/6388 4504/7260/6388
f 4504/7260/6389 4475/7217/6389 4472/7214/6389
f 4504/7260/6389 4472/7214/6389 4505/7261/6389
f 4505/7261/6390 4472/7214/6390 4469/7211/6390
f 4505/7261/6390 4469/7211/6390 4506/7262/6390
f 4506/7262/6391 4469/7211/6391 4467/7209/6391
f 4506/7262/6391 4467/7209/6391 4507/7263/6391
f 4507/7263/6392 4467/7209/6392 4464/7206/6392
f 4507/7263/6393 4464/7206/6393 4508/7264/6393
f 4508/7264/6394 4464/7206/6394 4460/7202/6394
f 4508/7264/6394 4460/7202/6394 4509/7265/6394
f 4509/7265/6395 4460/7202/6395 4457/7199/6395
f 4509/7265/6396 4457/7199/6396 4510/7266/6396
f 4510/7266/6397 4457/7199/6397 4454/7192/6397
f 4510/7256/6381 4454/7193/6381 4455/7196/6381
f 4512/7267/6398 4513/7268/6398 4514/7269/6398
f 4515/7270/6399 4511/7257/6399 4491/7233/6399
f 4516/7271/6400 4517/7272/6400 4518/7273/6400
f 4516/7271/6401 4518/7273/6401 4069/6708/6401
f 4069/6708/6402 4518/7273/6402 4067/6706/6402
f 4067/6706/6403 4518/7273/6403 4519/7274/6403
f 4067/6706/6404 4519/7274/6404 4065/6704/6404
f 4065/6736/6405 4519/7275/6405 4520/7276/6405
f 4065/6736/6406 4520/7276/6406 4064/6703/6406
f 3912/6455/6407 4064/6703/6407 4059/6698/6407
f 4059/6698/6407 4064/6703/6407 4520/7276/6407
f 4059/6698/6408 4520/7276/6408 4058/6696/6408
f 4058/6696/6409 4520/7276/6409 4057/6695/6409
f 4493/7235/6410 4055/6692/6410 4056/6693/6410
f 4056/6693/6411 4521/7277/6411 4493/7235/6411
f 4493/7235/6412 4521/7277/6412 4522/7278/6412
f 4493/7235/6413 4522/7278/6413 4490/7236/6413
f 4490/7232/6414 4522/7279/6414 4514/7269/6414
f 4490/7232/6415 4514/7269/6415 4491/7233/6415
f 4491/7233/6416 4514/7269/6416 4513/7268/6416
f 4491/7233/6417 4513/7268/6417 4515/7270/6417
f 4056/6693/6418 4057/6695/6418 4521/7277/6418
f 4521/7277/6409 4057/6695/6409 4520/7276/6409
f 4521/7277/6419 4520/7276/6419 4522/7278/6419
f 4522/7278/6419 4520/7276/6419 4519/7275/6419
f 4522/7279/6420 4519/7274/6420 4514/7269/6420
f 4514/7269/6420 4519/7274/6420 4518/7273/6420
f 4514/7269/6421 4518/7273/6421 4512/7267/6421
f 4512/7267/6422 4518/7273/6422 4517/7272/6422
f 4073/6712/3089 4523/7280/3089 4074/6713/3089
f 4074/6713/3089 4523/7280/3089 4068/6707/3089
f 4077/6716/3089 4524/7281/3089 4075/6714/3089
f 4075/6714/3089 4524/7281/3089 4525/7282/3089
f 4075/6714/3089 4525/7282/3089 4070/6709/3089
f 4070/6709/3089 4525/7282/3089 4523/7280/3089
f 4070/6709/3089 4523/7280/3089 4071/6710/3089
f 4071/6710/3089 4523/7280/3089 4073/6712/3089
f 4517/7272/3089 4516/7271/3089 4069/6708/3089
f 4077/6716/3089 4079/6718/3089 4524/7281/3089
f 4524/7281/3089 4079/6718/3089 4080/6719/3089
f 4524/7281/3089 4080/6719/3089 4526/7283/3089
f 4526/7283/3089 4080/6719/3089 4061/6700/3089
f 4140/6796/3089 4141/6797/3089 4527/7284/3089
f 4198/6869/3089 4196/6867/3089 4528/7285/3089
f 4528/7285/3089 4196/6867/3089 4195/6866/3089
f 4528/7285/3089 4195/6866/3089 4529/7286/3089
f 4529/7286/3089 4195/6866/3089 4200/6871/3089
f 4446/7184/6423 4447/7185/6423 4448/7186/6423
f 4485/7227/3089 4530/7287/3089 4479/7221/3089
f 4479/7221/3089 4530/7287/3089 4531/7288/3089
f 4479/7221/3089 4531/7288/3089 4480/7222/3089
f 4474/7216/3089 4473/7215/3089 4532/7289/3089
f 4532/7289/3089 4473/7215/3089 4477/7219/3089
f 4532/7289/3089 4477/7219/3089 4531/7288/3089
f 4531/7288/3089 4477/7219/3089 4476/7218/3089
f 4531/7288/3089 4476/7218/3089 4480/7222/3089
f 4533/7290/3089 4300/7000/3089 4301/7001/3089
f 4426/7155/3089 4534/7291/3089 4424/7153/3089
f 4424/7153/3089 4534/7291/3089 4535/7292/3089
f 4424/7153/3089 4535/7292/3089 4422/7151/3089
f 4422/7151/3089 4535/7292/3089 4417/7146/3089
f 4429/7158/3089 4446/7184/3089 4536/7293/3089
f 4061/6700/3786 4060/6699/3786 4526/7283/3786
f 4526/7283/3089 4060/6699/3089 4083/6722/3089
f 4526/7283/3089 4083/6722/3089 4537/7294/3089
f 4200/6871/3089 4202/6873/3089 4529/7286/3089
f 4529/7286/3089 4202/6873/3089 4204/6875/3089
f 4529/7286/3089 4204/6875/3089 4538/7295/3089
f 4538/7295/3089 4204/6875/3089 4205/6876/3089
f 4538/7295/3089 4205/6876/3089 4539/7296/3089
f 4539/7296/3089 4205/6876/3089 4181/6851/3089
f 4533/7290/3089 4301/7001/3089 4540/7297/3089
f 4540/7297/3089 4301/7001/3089 4302/7002/3089
f 4540/7297/3089 4302/7002/3089 4304/7004/3089
f 4416/7145/3089 4421/7150/3089 4541/7298/3089
f 4541/7298/3089 4421/7150/3089 4420/7149/3089
f 4541/7298/3089 4420/7149/3089 4535/7292/3089
f 4535/7292/3089 4420/7149/3089 4418/7147/3089
f 4535/7292/3089 4418/7147/3089 4417/7146/3089
f 4536/7293/3089 4471/7213/3089 4532/7289/3089
f 4532/7289/3089 4471/7213/3089 4470/7212/3089
f 4532/7289/3089 4470/7212/3089 4474/7216/3089
f 4426/7155/3089 4427/7156/3089 4534/7291/3089
f 4534/7291/3089 4427/7156/3089 4412/7141/3089
f 4534/7291/3089 4412/7141/3089 4542/7299/3089
f 4542/7299/3089 4412/7141/3089 4411/7140/3089
f 4542/7299/3089 4411/7140/3089 4536/7293/3089
f 4536/7293/3089 4411/7140/3089 4430/7159/3089
f 4536/7293/3786 4430/7159/3786 4429/7158/3786
f 4463/7205/3089 4465/7207/3089 4536/7293/3089
f 4068/6707/3089 4523/7280/3089 4069/6708/3089
f 4069/6708/3089 4523/7280/3089 4530/7287/3089
f 4069/6708/3089 4530/7287/3089 4517/7272/3089
f 4543/7300/3089 4179/6849/3089 4167/6833/3089
f 4309/7009/3089 4311/7011/3089 4544/7301/3089
f 4544/7301/3089 4311/7011/3089 4312/7012/3089
f 4544/7301/3089 4312/7012/3089 4545/7302/3089
f 4449/7187/3089 4462/7204/3089 4536/7293/3089
f 4536/7293/3089 4462/7204/3089 4461/7203/3089
f 4465/7207/3089 4466/7208/3089 4536/7293/3089
f 4536/7293/3089 4466/7208/3089 4468/7210/3089
f 4536/7293/3089 4468/7210/3089 4471/7213/3089
f 4485/7227/3089 4484/7226/3089 4530/7287/3089
f 4530/7287/3089 4484/7226/3089 4482/7224/3089
f 4530/7287/3089 4482/7224/3089 4481/7223/3089
f 4481/7223/3089 4486/7228/3089 4530/7287/3089
f 4530/7287/3089 4486/7228/3089 4488/7230/3089
f 4530/7287/3089 4488/7230/3089 4511/7257/3089
f 4167/6833/3089 4166/6832/3089 4543/7300/3089
f 4543/7300/3089 4166/6832/3089 4194/6865/3089
f 4543/7300/3089 4194/6865/3089 4528/7285/3089
f 4528/7285/3786 4194/6865/3786 4199/6870/3786
f 4528/7285/3089 4199/6870/3089 4198/6869/3089
f 4083/6722/6424 4082/6721/6424 4537/7294/6424
f 4537/7294/3089 4082/6721/3089 4107/6759/3089
f 4537/7294/3786 4107/6759/3786 4108/6760/3786
f 4131/6787/3089 4137/6793/3089 4537/7294/3089
f 4304/7004/3089 4308/7008/3089 4540/7297/3089
f 4540/7297/3089 4308/7008/3089 4307/7007/3089
f 4540/7297/3089 4307/7007/3089 4544/7301/3089
f 4544/7301/6425 4307/7007/6425 4306/7006/6425
f 4544/7301/3089 4306/7006/3089 4309/7009/3089
f 4446/7184/3089 4448/7186/3089 4536/7293/3089
f 4536/7293/3089 4448/7186/3089 4450/7188/3089
f 4536/7293/3089 4450/7188/3089 4449/7187/3089
f 4461/7203/3089 4459/7201/3089 4536/7293/3089
f 4536/7293/3089 4459/7201/3089 4458/7200/3089
f 4536/7293/3089 4458/7200/3089 4463/7205/3089
f 4512/7267/3089 4517/7272/3089 4513/7268/3089
f 4513/7268/3089 4517/7272/3089 4530/7287/3089
f 4513/7268/3089 4530/7287/3089 4515/7270/3089
f 4515/7270/3089 4530/7287/3089 4511/7257/3089
f 4178/6848/3089 4179/6849/3089 4177/6847/3089
f 4177/6847/3089 4179/6849/3089 4543/7300/3089
f 4177/6847/3089 4543/7300/3089 4112/6765/3089
f 4112/6765/3089 4543/7300/3089 4153/6809/3089
f 4146/6802/3089 4546/7303/3089 4144/6800/3089
f 4144/6800/3089 4546/7303/3089 4527/7284/3089
f 4144/6800/3089 4527/7284/3089 4143/6799/3089
f 4143/6799/3089 4527/7284/3089 4141/6797/3089
f 4140/6796/3089 4527/7284/3089 4138/6794/3089
f 4138/6794/3089 4527/7284/3089 4537/7294/3089
f 4138/6794/3089 4537/7294/3089 4133/6789/3089
f 4108/6760/3089 4109/6761/3089 4537/7294/3089
f 4537/7294/3786 4109/6761/3786 4097/6745/3786
f 4537/7294/3089 4097/6745/3089 4096/6744/3089
f 4269/6953/3089 4268/6952/3089 4533/7290/3089
f 4255/6939/3089 4256/6940/3089 4547/7304/3089
f 4547/7304/3089 4256/6940/3089 4548/7305/3089
f 4371/7084/3089 4373/7086/3089 4541/7298/3089
f 4402/7129/3089 4403/7130/3089 4541/7298/3089
f 4096/6744/3786 4100/6748/3786 4537/7294/3786
f 4537/7294/3089 4100/6748/3089 4126/6782/3089
f 4537/7294/3089 4126/6782/3089 4127/6783/3089
f 4137/6793/3089 4136/6792/3089 4537/7294/3089
f 4537/7294/3089 4136/6792/3089 4134/6790/3089
f 4537/7294/3089 4134/6790/3089 4133/6789/3089
f 4294/6994/3089 4283/6978/3089 4533/7290/3089
f 4533/7290/3089 4283/6978/3089 4282/6977/3089
f 4533/7290/3089 4282/6977/3089 4300/7000/3089
f 4256/6940/3089 4258/6942/3089 4548/7305/3089
f 4548/7305/3089 4258/6942/3089 4259/6943/3089
f 4548/7305/3089 4259/6943/3089 4549/7306/3089
f 4549/7306/3089 4259/6943/3089 4261/6945/3089
f 4549/7306/3089 4261/6945/3089 4262/6946/3089
f 4371/7084/3089 4541/7298/3089 4366/7079/3089
f 4373/7086/3089 4396/7113/3089 4541/7298/3089
f 4541/7298/3089 4396/7113/3089 4401/7128/3089
f 4541/7298/3089 4401/7128/3089 4402/7129/3089
f 4403/7130/3787 4405/7132/3787 4541/7298/3787
f 4541/7298/3089 4405/7132/3089 4404/7131/3089
f 4541/7298/3089 4404/7131/3089 4416/7145/3089
f 4146/6802/3089 4147/6803/3089 4546/7303/3089
f 4546/7303/3089 4147/6803/3089 4149/6805/3089
f 4546/7303/3089 4149/6805/3089 4543/7300/3089
f 4543/7300/3089 4149/6805/3089 4150/6806/3089
f 4543/7300/3089 4150/6806/3089 4152/6808/3089
f 4152/6808/3089 4155/6811/3089 4543/7300/3089
f 4543/7300/3089 4155/6811/3089 4154/6810/3089
f 4543/7300/3089 4154/6810/3089 4153/6809/3089
f 4127/6783/3089 4129/6785/3089 4537/7294/3089
f 4537/7294/3089 4129/6785/3089 4132/6788/3089
f 4537/7294/3089 4132/6788/3089 4131/6787/3089
f 4269/6953/3089 4533/7290/3089 4270/6954/3089
f 4293/6993/3089 4294/6994/3089 4292/6992/3089
f 4292/6992/3089 4294/6994/3089 4533/7290/3089
f 4292/6992/3089 4533/7290/3089 4227/6911/3089
f 4227/6911/3089 4533/7290/3089 4268/6952/3089
f 4181/6851/3089 4180/6850/3089 4539/7296/3089
f 4539/7296/3089 4180/6850/3089 4185/6855/3089
f 4539/7296/3089 4185/6855/3089 4547/7304/3089
f 4547/7304/3089 4185/6855/3089 4184/6854/3089
f 4547/7304/3089 4184/6854/3089 4222/6905/3089
f 4364/7077/3089 4370/7083/3089 4550/7307/3089
f 4550/7307/3089 4370/7083/3089 4369/7082/3089
f 4550/7307/3089 4369/7082/3089 4541/7298/3089
f 4541/7298/3089 4369/7082/3089 4367/7080/3089
f 4541/7298/3089 4367/7080/3089 4366/7079/3089
f 4364/7077/3089 4550/7307/3089 4365/7078/3089
f 4365/7078/3089 4550/7307/3089 4551/7308/3089
f 4365/7078/3089 4551/7308/3089 4361/7074/3089
f 4312/7012/3089 4296/6996/3089 4545/7302/3089
f 4545/7302/3788 4296/6996/3788 4295/6995/3788
f 4545/7302/3089 4295/6995/3089 4552/7309/3089
f 4552/7309/3089 4295/6995/3089 4315/7015/3089
f 4552/7309/3786 4315/7015/3786 4314/7014/3786
f 4348/7061/3089 4350/7063/3089 4552/7309/3089
f 4212/6891/3089 4547/7304/3089 4224/6907/3089
f 4224/6907/3089 4547/7304/3089 4222/6905/3089
f 4224/6907/3788 4222/6905/3788 4223/6906/3788
f 4246/6930/3089 4252/6936/3089 4547/7304/3089
f 4547/7304/3089 4252/6936/3089 4251/6935/3089
f 4547/7304/3089 4251/6935/3089 4249/6933/3089
f 4249/6933/3089 4248/6932/3089 4547/7304/3089
f 4547/7304/3089 4248/6932/3089 4253/6937/3089
f 4547/7304/3089 4253/6937/3089 4255/6939/3089
f 4355/7068/3089 4359/7072/3089 4553/7310/3089
f 4553/7310/3089 4359/7072/3089 4358/7071/3089
f 4553/7310/3089 4358/7071/3089 4551/7308/3089
f 4551/7308/3089 4358/7071/3089 4362/7075/3089
f 4551/7308/3089 4362/7075/3089 4361/7074/3089
f 4350/7063/3089 4351/7064/3089 4552/7309/3089
f 4552/7309/3089 4351/7064/3089 4353/7066/3089
f 4552/7309/3089 4353/7066/3089 4553/7310/3089
f 4553/7310/3089 4353/7066/3089 4356/7069/3089
f 4553/7310/3089 4356/7069/3089 4355/7068/3089
f 4262/6946/3089 4264/6948/3089 4549/7306/3089
f 4549/7306/3089 4264/6948/3089 4265/6949/3089
f 4549/7306/3089 4265/6949/3089 4533/7290/3089
f 4533/7290/3089 4265/6949/3089 4267/6951/3089
f 4533/7290/3089 4267/6951/3089 4270/6954/3089
f 4212/6891/3089 4211/6890/3089 4547/7304/3089
f 4547/7304/3089 4211/6890/3089 4241/6925/3089
f 4547/7304/3089 4241/6925/3089 4242/6926/3089
f 4242/6926/3089 4244/6928/3089 4547/7304/3089
f 4547/7304/3089 4244/6928/3089 4247/6931/3089
f 4547/7304/3089 4247/6931/3089 4246/6930/3089
f 4314/7014/3089 4331/7040/3089 4552/7309/3089
f 4552/7309/3089 4331/7040/3089 4332/7041/3089
f 4552/7309/3089 4332/7041/3089 4333/7042/3089
f 4552/7309/3089 4347/7060/3089 4346/7059/3089
f 4333/7042/3089 4335/7044/3089 4552/7309/3089
f 4552/7309/3089 4335/7044/3089 4334/7043/3089
f 4552/7309/3089 4334/7043/3089 4347/7060/3089
f 4346/7059/3089 4344/7057/3089 4552/7309/3089
f 4552/7309/3089 4344/7057/3089 4343/7056/3089
f 4552/7309/3089 4343/7056/3089 4348/7061/3089
f 4554/7311/6426 4525/7312/6426 4555/7313/6426
f 4555/7313/6426 4525/7312/6426 4524/7314/6426
f 4555/7313/6427 4524/7314/6427 4556/7315/6427
f 4556/7315/6427 4524/7314/6427 4526/7316/6427
f 4556/7315/6428 4526/7316/6428 4557/7317/6428
f 4557/7317/6428 4526/7316/6428 4537/7318/6428
f 4557/7317/6429 4537/7318/6429 4558/7319/6429
f 4558/7319/6429 4537/7318/6429 4527/7320/6429
f 4558/7319/6430 4527/7320/6430 4559/7321/6430
f 4559/7321/6430 4527/7320/6430 4546/7322/6430
f 4559/7321/6431 4546/7322/6431 4560/7323/6431
f 4560/7323/6431 4546/7322/6431 4543/7324/6431
f 4560/7323/6432 4543/7324/6432 4561/7325/6432
f 4561/7325/6432 4543/7324/6432 4528/7326/6432
f 4561/7327/6433 4528/7328/6433 4562/7329/6433
f 4562/7329/6434 4528/7328/6434 4529/7330/6434
f 4562/7329/6435 4529/7330/6435 4563/7331/6435
f 4563/7331/6435 4529/7330/6435 4538/7332/6435
f 4563/7331/6436 4538/7332/6436 4564/7333/6436
f 4564/7333/6436 4538/7332/6436 4539/7334/6436
f 4564/7333/6437 4539/7334/6437 4565/7335/6437
f 4565/7335/6437 4539/7334/6437 4547/7336/6437
f 4565/7335/6438 4547/7336/6438 4566/7337/6438
f 4566/7337/6438 4547/7336/6438 4548/7338/6438
f 4566/7337/6439 4548/7338/6439 4567/7339/6439
f 4567/7339/6439 4548/7338/6439 4549/7340/6439
f 4567/7339/6440 4549/7340/6440 4568/7341/6440
f 4568/7341/6440 4549/7340/6440 4533/7342/6440
f 4568/7341/6441 4533/7342/6441 4569/7343/6441
f 4569/7343/6441 4533/7342/6441 4540/7344/6441
f 4569/7345/5447 4540/7346/5447 4570/7347/5447
f 4570/7347/5447 4540/7346/5447 4544/7348/5447
f 4570/7347/6442 4544/7348/6442 4571/7349/6442
f 4571/7349/6442 4544/7348/6442 4545/7350/6442
f 4571/7349/6443 4545/7350/6443 4572/7351/6443
f 4572/7351/6443 4545/7350/6443 4552/7352/6443
f 4572/7351/6444 4552/7352/6444 4573/7353/6444
f 4573/7353/6444 4552/7352/6444 4553/7354/6444
f 4573/7353/6445 4553/7354/6445 4574/7355/6445
f 4574/7355/6445 4553/7354/6445 4551/7356/6445
f 4574/7355/6446 4551/7356/6446 4575/7357/6446
f 4575/7357/6446 4551/7356/6446 4550/7358/6446
f 4575/7357/6447 4550/7358/6447 4576/7359/6447
f 4576/7359/6447 4550/7358/6447 4541/7360/6447
f 4576/7361/6448 4541/7362/6448 4577/7363/6448
f 4577/7363/6448 4541/7362/6448 4535/7364/6448
f 4577/7363/6449 4535/7364/6449 4578/7365/6449
f 4578/7365/6449 4535/7364/6449 4534/7366/6449
f 4578/7365/6450 4534/7366/6450 4579/7367/6450
f 4579/7367/6450 4534/7366/6450 4542/7368/6450
f 4579/7367/6451 4542/7368/6451 4580/7369/6451
f 4580/7369/6451 4542/7368/6451 4536/7370/6451
f 4580/7369/6452 4536/7370/6452 4581/7371/6452
f 4581/7371/6452 4536/7370/6452 4532/7372/6452
f 4581/7371/6453 4532/7372/6453 4582/7373/6453
f 4582/7373/6453 4532/7372/6453 4531/7374/6453
f 4582/7373/6454 4531/7374/6454 4583/7375/6454
f 4583/7375/6454 4531/7374/6454 4530/7376/6454
f 4583/7377/6455 4530/7378/6455 4584/7379/6455
f 4584/7379/6455 4530/7378/6455 4523/7380/6455
f 4584/7379/6456 4523/7380/6456 4554/7311/6456
f 4554/7311/6456 4523/7380/6456 4525/7312/6456
f 4554/7381/3089 4555/7382/3089 4585/7383/3089
f 4582/7384/3089 4583/7385/3089 4585/7383/3089
f 4585/7383/3089 4583/7385/3089 4584/7386/3089
f 4585/7383/3089 4584/7386/3089 4554/7381/3089
f 4579/7387/3089 4580/7388/3089 4585/7383/3089
f 4585/7383/3089 4580/7388/3089 4581/7389/3089
f 4585/7383/3089 4581/7389/3089 4582/7384/3089
f 4576/7390/3089 4577/7391/3089 4585/7383/3089
f 4585/7383/3089 4577/7391/3089 4578/7392/3089
f 4585/7383/3089 4578/7392/3089 4579/7387/3089
f 4573/7393/3089 4574/7394/3089 4585/7383/3089
f 4585/7383/3089 4574/7394/3089 4575/7395/3089
f 4585/7383/3089 4575/7395/3089 4576/7390/3089
f 4570/7396/3089 4571/7397/3089 4585/7383/3089
f 4585/7383/3089 4571/7397/3089 4572/7398/3089
f 4585/7383/3089 4572/7398/3089 4573/7393/3089
f 4567/7399/3089 4568/7400/3089 4585/7383/3089
f 4585/7383/3089 4568/7400/3089 4569/7401/3089
f 4585/7383/3089 4569/7401/3089 4570/7396/3089
f 4564/7402/3089 4565/7403/3089 4585/7383/3089
f 4585/7383/3089 4565/7403/3089 4566/7404/3089
f 4585/7383/3089 4566/7404/3089 4567/7399/3089
f 4561/7405/3089 4562/7406/3089 4585/7383/3089
f 4585/7383/3089 4562/7406/3089 4563/7407/3089
f 4585/7383/3089 4563/7407/3089 4564/7402/3089
f 4558/7408/3089 4559/7409/3089 4585/7383/3089
f 4585/7383/3089 4559/7409/3089 4560/7410/3089
f 4585/7383/3089 4560/7410/3089 4561/7405/3089
f 4555/7382/3089 4556/7411/3089 4585/7383/3089
f 4585/7383/3089 4556/7411/3089 4557/7412/3089
f 4585/7383/3089 4557/7412/3089 4558/7408/3089
usemtl Material.002
f 37/49/7 36/48/7 38/50/7
f 37/49/7 38/50/7 39/51/7
f 45/59/11 46/60/11 47/61/11
f 65/86/9 64/87/9 66/88/9
f 65/86/9 66/88/9 67/89/9
f 67/89/10 66/88/10 68/90/10
f 67/89/10 68/90/10 69/91/10
f 69/91/11 68/90/11 70/92/11
f 69/91/11 70/92/11 71/93/11
f 85/113/7 86/114/7 87/115/7
f 89/118/9 90/120/9 91/121/9
f 91/121/10 92/122/10 93/123/10
f 93/123/11 92/122/11 94/124/11
f 93/123/11 94/124/11 95/125/11
f 95/126/12 94/127/12 96/128/12
f 95/126/12 96/128/12 73/97/12
f 1913/2553/2059 652/755/2059 651/754/2059
f 1194/2697/2377 1770/2698/2377 1195/2699/2377
f 1780/2409/2387 1779/2408/2387 1184/1625/2387
f 780/2752/2553 709/2753/2553 1892/2754/2553
f 2571/4195/3870 2573/4197/3870 2574/4198/3870
f 2629/4307/869 2630/4308/869 2622/4309/869
f 2622/4309/869 2630/4308/869 2631/4310/869
f 2622/4309/869 2631/4310/869 2621/4311/869
f 2621/4311/869 2631/4310/869 2632/4312/869
f 2621/4311/869 2632/4312/869 2620/4313/869
f 2620/4313/869 2632/4312/869 2633/4314/869
f 2620/4313/869 2633/4314/869 2619/4315/869
f 2619/4315/869 2633/4314/869 2634/4316/869
f 2619/4315/869 2634/4316/869 2618/4317/869
f 2618/4317/869 2634/4316/869 2635/4318/869
f 2618/4317/869 2635/4318/869 2617/4319/869
f 2617/4319/869 2635/4318/869 2636/4320/869
f 2617/4319/869 2636/4320/869 2616/4321/869
f 2616/4321/869 2636/4320/869 2637/4322/869
f 2616/4321/869 2637/4322/869 2615/4323/869
f 2615/4323/869 2637/4322/869 2638/4324/869
f 2615/4323/869 2638/4324/869 2614/4325/869
f 2614/4325/869 2638/4324/869 2639/4326/869
f 2614/4325/869 2639/4326/869 2613/4327/869
f 2613/4327/869 2639/4326/869 2640/4328/869
f 2613/4327/869 2640/4328/869 2612/4329/869
f 2612/4329/869 2640/4328/869 2641/4330/869
f 2612/4329/869 2641/4330/869 2611/4331/869
f 2611/4331/869 2641/4330/869 2642/4332/869
f 2611/4331/869 2642/4332/869 2608/4333/869
f 2608/4333/869 2642/4332/869 2643/4334/869
f 2608/4333/869 2643/4334/869 2609/4335/869
f 2609/4335/869 2643/4334/869 2644/4336/869
f 2609/4335/869 2644/4336/869 2610/4337/869
f 2610/4337/869 2644/4336/869 2645/4338/869
f 2610/4337/869 2645/4338/869 2607/4339/869
f 2607/4339/869 2645/4338/869 2646/4340/869
f 2607/4339/869 2646/4340/869 2606/4341/869
f 2606/4341/869 2646/4340/869 2647/4342/869
f 2606/4341/869 2647/4342/869 2605/4343/869
f 2605/4343/869 2647/4342/869 2648/4344/869
f 2605/4343/869 2648/4344/869 2604/4345/869
f 2604/4345/869 2648/4344/869 2649/4346/869
f 2604/4345/869 2649/4346/869 2603/4347/869
f 2603/4347/869 2649/4346/869 2650/4348/869
f 2603/4347/869 2650/4348/869 2602/4349/869
f 2602/4349/869 2650/4348/869 2651/4350/869
f 2602/4349/869 2651/4350/869 2601/4351/869
f 2601/4351/869 2651/4350/869 2652/4352/869
f 2601/4351/869 2652/4352/869 2600/4353/869
f 2600/4353/869 2652/4352/869 2653/4354/869
f 2600/4353/869 2653/4354/869 2599/4355/869
f 2599/4355/869 2653/4354/869 2654/4356/869
f 2599/4355/869 2654/4356/869 2628/4357/869
f 2628/4357/869 2654/4356/869 2655/4358/869
f 2628/4357/869 2655/4358/869 2627/4359/869
f 2627/4359/869 2655/4358/869 2656/4360/869
f 2627/4359/869 2656/4360/869 2626/4361/869
f 2626/4361/869 2656/4360/869 2657/4362/869
f 2626/4361/869 2657/4362/869 2623/4363/869
f 2623/4363/869 2657/4362/869 2658/4364/869
f 2623/4363/869 2658/4364/869 2624/4365/869
f 2624/4365/869 2658/4364/869 2659/4366/869
f 2624/4365/869 2659/4366/869 2625/4367/869
f 2625/4367/869 2659/4366/869 2629/4307/869
f 2625/4367/869 2629/4307/869 2622/4309/869
f 2703/4454/3990 2707/4455/3990 2704/4456/3990
f 2704/4456/3991 2707/4455/3991 2708/4457/3991
f 2704/4456/3992 2708/4457/3992 2705/4458/3992
f 2705/4458/3993 2708/4457/3993 2709/4459/3993
f 2705/4458/3994 2709/4459/3994 2706/4460/3994
f 2699/4461/3995 2710/4462/3995 2700/4463/3995
f 2700/4463/3996 2710/4462/3996 2711/4464/3996
f 2700/4463/3997 2711/4464/3997 2701/4465/3997
f 2701/4465/3998 2711/4464/3998 2712/4466/3998
f 2701/4465/3999 2712/4466/3999 2702/4467/3999
f 2702/4467/4000 2712/4466/4000 2713/4468/4000
f 2702/4467/4001 2713/4468/4001 2703/4454/4001
f 2703/4454/4002 2713/4468/4002 2714/4469/4002
f 2703/4454/4003 2714/4469/4003 2707/4455/4003
f 2697/4470/4004 2715/4471/4004 2698/4472/4004
f 2698/4472/4005 2715/4471/4005 2716/4473/4005
f 2698/4472/4006 2716/4473/4006 2694/4474/4006
f 2694/4474/4007 2716/4473/4007 2717/4475/4007
f 2694/4474/4008 2717/4475/4008 2699/4461/4008
f 2699/4461/4009 2717/4475/4009 2718/4476/4009
f 2699/4461/4010 2718/4476/4010 2710/4462/4010
f 2692/4477/4011 2719/4478/4011 2693/4479/4011
f 2693/4479/4012 2719/4478/4012 2720/4480/4012
f 2693/4479/4013 2720/4480/4013 2695/4481/4013
f 2695/4481/4014 2720/4480/4014 2721/4482/4014
f 2695/4481/4015 2721/4482/4015 2696/4483/4015
f 2696/4483/4016 2721/4482/4016 2722/4484/4016
f 2696/4483/4017 2722/4484/4017 2697/4470/4017
f 2697/4470/4018 2722/4484/4018 2723/4485/4018
f 2697/4470/4019 2723/4485/4019 2715/4471/4019
f 2688/4486/4020 2724/4487/4020 2689/4488/4020
f 2689/4488/4021 2724/4487/4021 2725/4489/4021
f 2689/4488/4022 2725/4489/4022 2690/4490/4022
f 2690/4490/4023 2725/4489/4023 2726/4491/4023
f 2690/4490/4024 2726/4491/4024 2691/4492/4024
f 2691/4492/4025 2726/4491/4025 2727/4493/4025
f 2691/4492/4026 2727/4493/4026 2692/4477/4026
f 2692/4477/4027 2727/4493/4027 2728/4494/4027
f 2692/4477/4027 2728/4494/4027 2719/4478/4027
f 2685/4495/4028 2729/4496/4028 2686/4497/4028
f 2686/4497/4029 2729/4496/4029 2730/4498/4029
f 2686/4497/4030 2730/4498/4030 2687/4499/4030
f 2687/4499/4031 2730/4498/4031 2731/4500/4031
f 2687/4499/4032 2731/4500/4032 2688/4486/4032
f 2688/4486/4033 2731/4500/4033 2732/4501/4033
f 2688/4486/4034 2732/4501/4034 2724/4487/4034
f 2683/4502/4035 2733/4503/4035 2684/4504/4035
f 2684/4504/4036 2733/4503/4036 2734/4505/4036
f 2684/4504/4037 2734/4505/4037 2679/4506/4037
f 2679/4506/4038 2734/4505/4038 2735/4507/4038
f 2679/4506/4039 2735/4507/4039 2680/4508/4039
f 2680/4508/4040 2735/4507/4040 2736/4509/4040
f 2680/4508/4041 2736/4509/4041 2685/4495/4041
f 2685/4495/4042 2736/4509/4042 2737/4510/4042
f 2685/4495/4043 2737/4510/4043 2729/4496/4043
f 2678/4511/4044 2738/4512/4044 2681/4513/4044
f 2681/4513/4045 2738/4512/4045 2739/4514/4045
f 2681/4513/4046 2739/4514/4046 2682/4515/4046
f 2682/4515/4047 2739/4514/4047 2740/4516/4047
f 2682/4515/4048 2740/4516/4048 2683/4502/4048
f 2683/4502/4049 2740/4516/4049 2741/4517/4049
f 2683/4502/4050 2741/4517/4050 2733/4503/4050
f 2674/4518/4051 2742/4519/4051 2675/4520/4051
f 2675/4520/4052 2742/4519/4052 2743/4521/4052
f 2675/4520/4053 2743/4521/4053 2676/4522/4053
f 2676/4522/4054 2743/4521/4054 2744/4523/4054
f 2676/4522/4055 2744/4523/4055 2677/4524/4055
f 2677/4524/4056 2744/4523/4056 2745/4525/4056
f 2677/4524/4057 2745/4525/4057 2678/4511/4057
f 2678/4511/4058 2745/4525/4058 2746/4526/4058
f 2678/4511/4059 2746/4526/4059 2738/4512/4059
f 2670/4527/4060 2747/4528/4060 2671/4529/4060
f 2671/4529/4061 2747/4528/4061 2748/4530/4061
f 2671/4529/4062 2748/4530/4062 2672/4531/4062
f 2672/4531/4063 2748/4530/4063 2749/4532/4063
f 2672/4531/4064 2749/4532/4064 2673/4533/4064
f 2673/4533/4065 2749/4532/4065 2750/4534/4065
f 2673/4533/4066 2750/4534/4066 2674/4518/4066
f 2674/4518/4067 2750/4534/4067 2751/4535/4067
f 2674/4518/4068 2751/4535/4068 2742/4519/4068
f 2669/4536/4069 2752/4537/4069 2664/4538/4069
f 2664/4538/4070 2752/4537/4070 2753/4539/4070
f 2664/4538/4071 2753/4539/4071 2665/4540/4071
f 2665/4540/4072 2753/4539/4072 2754/4541/4072
f 2665/4540/4073 2754/4541/4073 2670/4527/4073
f 2670/4527/4074 2754/4541/4074 2755/4542/4074
f 2670/4527/4075 2755/4542/4075 2747/4528/4075
f 2663/4543/4076 2756/4544/4076 2666/4545/4076
f 2666/4545/4077 2756/4544/4077 2757/4546/4077
f 2666/4545/4078 2757/4546/4078 2667/4547/4078
f 2667/4547/4079 2757/4546/4079 2758/4548/4079
f 2667/4547/4080 2758/4548/4080 2668/4549/4080
f 2668/4549/4081 2758/4548/4081 2759/4550/4081
f 2668/4549/4082 2759/4550/4082 2669/4536/4082
f 2669/4536/4083 2759/4550/4083 2760/4551/4083
f 2669/4536/4084 2760/4551/4084 2752/4537/4084
f 2709/4459/4085 2761/4552/4085 2706/4460/4085
f 2706/4460/4086 2761/4552/4086 2762/4553/4086
f 2706/4460/4087 2762/4553/4087 2660/4554/4087
f 2660/4554/4088 2762/4553/4088 2763/4555/4088
f 2660/4554/4089 2763/4555/4089 2661/4556/4089
f 2661/4556/4090 2763/4555/4090 2764/4557/4090
f 2661/4556/4091 2764/4557/4091 2662/4558/4091
f 2662/4558/4092 2764/4557/4092 2765/4559/4092
f 2662/4558/4093 2765/4559/4093 2663/4543/4093
f 2663/4543/4094 2765/4559/4094 2766/4560/4094
f 2663/4543/4094 2766/4560/4094 2756/4544/4094
f 2710/4462/4095 2767/4561/4095 2711/4464/4095
f 2711/4464/4095 2767/4561/4095 2768/4562/4095
f 2711/4464/4095 2768/4562/4095 2712/4466/4095
f 2712/4466/4096 2768/4562/4096 2769/4563/4096
f 2712/4466/4096 2769/4563/4096 2713/4468/4096
f 2715/4471/4097 2770/4564/4097 2716/4473/4097
f 2716/4473/4098 2770/4564/4098 2771/4565/4098
f 2716/4473/4099 2771/4565/4099 2717/4475/4099
f 2717/4475/4099 2771/4565/4099 2772/4566/4099
f 2717/4475/4099 2772/4566/4099 2718/4476/4099
f 2718/4476/4099 2772/4566/4099 2773/4567/4099
f 2718/4476/4100 2773/4567/4100 2710/4462/4100
f 2710/4462/4101 2773/4567/4101 2774/4568/4101
f 2710/4462/4100 2774/4568/4100 2767/4561/4100
f 2720/4480/4102 2775/4569/4102 2721/4482/4102
f 2721/4482/4102 2775/4569/4102 2776/4570/4102
f 2721/4482/4103 2776/4570/4103 2722/4484/4103
f 2722/4484/4103 2776/4570/4103 2777/4571/4103
f 2722/4484/4103 2777/4571/4103 2723/4485/4103
f 2723/4485/4103 2777/4571/4103 2778/4572/4103
f 2723/4485/4104 2778/4572/4104 2715/4471/4104
f 2715/4471/4104 2778/4572/4104 2779/4573/4104
f 2715/4471/4098 2779/4573/4098 2770/4564/4098
f 2727/4493/4105 2780/4574/4105 2728/4494/4105
f 2728/4494/4105 2780/4574/4105 2781/4575/4105
f 2728/4494/4105 2781/4575/4105 2719/4478/4105
f 2719/4478/4106 2781/4575/4106 2782/4576/4106
f 2719/4478/4106 2782/4576/4106 2720/4480/4106
f 2720/4480/4106 2782/4576/4106 2783/4577/4106
f 2720/4480/4102 2783/4577/4102 2775/4569/4102
f 2725/4489/4107 2784/4578/4107 2726/4491/4107
f 2726/4491/4107 2784/4578/4107 2785/4579/4107
f 2726/4491/4108 2785/4579/4108 2727/4493/4108
f 2727/4493/4108 2785/4579/4108 2786/4580/4108
f 2727/4493/4105 2786/4580/4105 2780/4574/4105
f 2729/4496/4109 2787/4581/4109 2730/4498/4109
f 2730/4498/4109 2787/4581/4109 2788/4582/4109
f 2730/4498/4109 2788/4582/4109 2731/4500/4109
f 2731/4500/4110 2788/4582/4110 2789/4583/4110
f 2731/4500/4110 2789/4583/4110 2732/4501/4110
f 2732/4501/4110 2789/4583/4110 2790/4584/4110
f 2732/4501/4111 2790/4584/4111 2724/4487/4111
f 2724/4487/4111 2790/4584/4111 2791/4585/4111
f 2724/4487/4111 2791/4585/4111 2725/4489/4111
f 2725/4489/4111 2791/4585/4111 2792/4586/4111
f 2725/4489/4107 2792/4586/4107 2784/4578/4107
f 2736/4509/4112 2793/4587/4112 2737/4510/4112
f 2737/4510/4112 2793/4587/4112 2794/4588/4112
f 2737/4510/4113 2794/4588/4113 2729/4496/4113
f 2729/4496/4113 2794/4588/4113 2795/4589/4113
f 2729/4496/4113 2795/4589/4113 2787/4581/4113
f 2738/4512/4114 2796/4590/4114 2739/4514/4114
f 2739/4514/4114 2796/4590/4114 2797/4591/4114
f 2739/4514/4115 2797/4591/4115 2740/4516/4115
f 2740/4516/4115 2797/4591/4115 2798/4592/4115
f 2740/4516/4115 2798/4592/4115 2741/4517/4115
f 2741/4517/4115 2798/4592/4115 2799/4593/4115
f 2741/4517/4116 2799/4593/4116 2733/4503/4116
f 2733/4503/4117 2799/4593/4117 2800/4594/4117
f 2733/4503/4118 2800/4594/4118 2734/4505/4118
f 2734/4505/4118 2800/4594/4118 2801/4595/4118
f 2734/4505/4119 2801/4595/4119 2735/4507/4119
f 2735/4507/4119 2801/4595/4119 2802/4596/4119
f 2735/4507/4119 2802/4596/4119 2736/4509/4119
f 2736/4509/4119 2802/4596/4119 2803/4597/4119
f 2736/4509/4112 2803/4597/4112 2793/4587/4112
f 2744/4523/4120 2804/4598/4120 2745/4525/4120
f 2745/4525/4120 2804/4598/4120 2805/4599/4120
f 2745/4525/4120 2805/4599/4120 2746/4526/4120
f 2746/4526/4121 2805/4599/4121 2806/4600/4121
f 2746/4526/4121 2806/4600/4121 2738/4512/4121
f 2738/4512/4121 2806/4600/4121 2807/4601/4121
f 2738/4512/4114 2807/4601/4114 2796/4590/4114
f 2750/4534/4122 2808/4602/4122 2751/4535/4122
f 2751/4535/4123 2808/4602/4123 2809/4603/4123
f 2751/4535/4124 2809/4603/4124 2742/4519/4124
f 2742/4519/4124 2809/4603/4124 2810/4604/4124
f 2742/4519/4124 2810/4604/4124 2743/4521/4124
f 2743/4521/4124 2810/4604/4124 2811/4605/4124
f 2743/4521/4125 2811/4605/4125 2744/4523/4125
f 2744/4523/4125 2811/4605/4125 2812/4606/4125
f 2744/4523/4125 2812/4606/4125 2804/4598/4125
f 2755/4542/4126 2813/4607/4126 2747/4528/4126
f 2747/4528/4126 2813/4607/4126 2814/4608/4126
f 2747/4528/4127 2814/4608/4127 2748/4530/4127
f 2748/4530/4127 2814/4608/4127 2815/4609/4127
f 2748/4530/4127 2815/4609/4127 2749/4532/4127
f 2749/4532/4127 2815/4609/4127 2816/4610/4127
f 2749/4532/4128 2816/4610/4128 2750/4534/4128
f 2750/4534/4128 2816/4610/4128 2817/4611/4128
f 2750/4534/4123 2817/4611/4123 2808/4602/4123
f 2752/4537/4129 2818/4612/4129 2753/4539/4129
f 2753/4539/4129 2818/4612/4129 2819/4613/4129
f 2753/4539/4129 2819/4613/4129 2754/4541/4129
f 2754/4541/4130 2819/4613/4130 2820/4614/4130
f 2754/4541/4130 2820/4614/4130 2755/4542/4130
f 2755/4542/4130 2820/4614/4130 2821/4615/4130
f 2755/4542/4126 2821/4615/4126 2813/4607/4126
f 2759/4550/4131 2822/4616/4131 2760/4551/4131
f 2760/4551/4131 2822/4616/4131 2823/4617/4131
f 2760/4551/4132 2823/4617/4132 2752/4537/4132
f 2752/4537/4132 2823/4617/4132 2824/4618/4132
f 2752/4537/4129 2824/4618/4129 2818/4612/4129
f 2765/4559/4133 2825/4619/4133 2766/4560/4133
f 2766/4560/4133 2825/4619/4133 2826/4620/4133
f 2766/4560/4133 2826/4620/4133 2756/4544/4133
f 2756/4544/4134 2826/4620/4134 2827/4621/4134
f 2756/4544/4134 2827/4621/4134 2757/4546/4134
f 2757/4546/4134 2827/4621/4134 2828/4622/4134
f 2757/4546/4135 2828/4622/4135 2758/4548/4135
f 2758/4548/4135 2828/4622/4135 2829/4623/4135
f 2758/4548/4135 2829/4623/4135 2759/4550/4135
f 2759/4550/4135 2829/4623/4135 2830/4624/4135
f 2759/4550/4131 2830/4624/4131 2822/4616/4131
f 2763/4555/4136 2831/4625/4136 2764/4557/4136
f 2764/4557/4136 2831/4625/4136 2832/4626/4136
f 2764/4557/4137 2832/4626/4137 2765/4559/4137
f 2765/4559/4137 2832/4626/4137 2833/4627/4137
f 2765/4559/4137 2833/4627/4137 2825/4619/4137
f 2769/4563/4096 2834/4628/4096 2713/4468/4096
f 2713/4468/4138 2834/4628/4138 2835/4629/4138
f 2713/4468/4138 2835/4629/4138 2714/4469/4138
f 2714/4469/4138 2835/4629/4138 2836/4630/4138
f 2714/4469/4139 2836/4630/4139 2707/4455/4139
f 2707/4455/4139 2836/4630/4139 2837/4631/4139
f 2707/4455/4139 2837/4631/4139 2708/4457/4139
f 2708/4457/4139 2837/4631/4139 2838/4632/4139
f 2708/4457/4140 2838/4632/4140 2709/4459/4140
f 2709/4459/4141 2838/4632/4141 2839/4633/4141
f 2709/4459/4142 2839/4633/4142 2761/4552/4142
f 2761/4552/4142 2839/4633/4142 2840/4634/4142
f 2761/4552/4143 2840/4634/4143 2762/4553/4143
f 2762/4553/4143 2840/4634/4143 2841/4635/4143
f 2762/4553/4143 2841/4635/4143 2763/4555/4143
f 2763/4555/4143 2841/4635/4143 2842/4636/4143
f 2763/4555/4136 2842/4636/4136 2831/4625/4136
f 2814/4608/4144 2813/4607/4144 2843/4637/4144
f 2844/4638/4145 2845/4639/4145 2846/4640/4145
f 2844/4638/4146 2846/4640/4146 2847/4641/4146
f 2847/4641/4147 2846/4640/4147 2848/4642/4147
f 2847/4641/4148 2848/4642/4148 2849/4643/4148
f 2849/4643/4149 2850/4644/4149 2847/4641/4149
f 2847/4641/4150 2850/4644/4150 2851/4645/4150
f 2847/4641/4151 2851/4645/4151 2852/4646/4151
f 2852/4646/4151 2853/4647/4151 2847/4641/4151
f 2847/4641/4152 2853/4647/4152 2854/4648/4152
f 2847/4641/4153 2854/4648/4153 2855/4649/4153
f 2855/4649/4154 2854/4648/4154 2856/4650/4154
f 2856/4650/4154 2857/4651/4154 2855/4649/4154
f 2855/4649/4155 2857/4651/4155 2858/4652/4155
f 2855/4649/4156 2858/4652/4156 2859/4653/4156
f 2860/4654/4157 2861/4655/4157 2838/4632/4157
f 2862/4656/4158 2863/4657/4158 2837/4631/4158
f 2837/4631/4159 2863/4657/4159 2864/4658/4159
f 2864/4658/4160 2865/4659/4160 2837/4631/4160
f 2837/4631/4161 2865/4659/4161 2866/4660/4161
f 2837/4631/4162 2866/4660/4162 2838/4632/4162
f 2838/4632/4163 2866/4660/4163 2867/4661/4163
f 2838/4632/4163 2867/4661/4163 2860/4654/4163
f 2861/4655/4164 2868/4662/4164 2838/4632/4164
f 2838/4632/4165 2868/4662/4165 2869/4663/4165
f 2838/4632/4166 2869/4663/4166 2839/4633/4166
f 2869/4663/4167 2870/4664/4167 2839/4633/4167
f 2839/4633/4168 2870/4664/4168 2871/4665/4168
f 2839/4633/4169 2871/4665/4169 2840/4634/4169
f 2840/4634/4170 2871/4665/4170 2872/4666/4170
f 2872/4666/4171 2873/4667/4171 2840/4634/4171
f 2840/4634/4172 2873/4667/4172 2874/4668/4172
f 2840/4634/4173 2874/4668/4173 2875/4669/4173
f 2875/4669/4174 2876/4670/4174 2840/4634/4174
f 2840/4634/4175 2876/4670/4175 2877/4671/4175
f 2840/4634/4176 2877/4671/4176 2841/4635/4176
f 2878/4672/4177 2879/4673/4177 2880/4674/4177
f 2877/4671/4178 2881/4675/4178 2841/4635/4178
f 2841/4635/4179 2881/4675/4179 2882/4676/4179
f 2841/4635/4180 2882/4676/4180 2883/4677/4180
f 2879/4673/4181 2884/4678/4181 2880/4674/4181
f 2880/4674/4182 2884/4678/4182 2885/4679/4182
f 2880/4674/4183 2885/4679/4183 2886/4680/4183
f 2887/4681/4184 2888/4682/4184 2889/4683/4184
f 2889/4683/4185 2888/4682/4185 2890/4684/4185
f 2889/4683/4186 2890/4684/4186 2891/4685/4186
f 2886/4680/4187 2892/4686/4187 2880/4674/4187
f 2880/4674/4188 2892/4686/4188 2893/4687/4188
f 2880/4674/4189 2893/4687/4189 2889/4683/4189
f 2889/4683/4190 2893/4687/4190 2894/4688/4190
f 2889/4683/4191 2894/4688/4191 2887/4681/4191
f 2891/4685/4192 2895/4689/4192 2889/4683/4192
f 2889/4683/4192 2895/4689/4192 2896/4690/4192
f 2889/4683/4193 2896/4690/4193 2844/4638/4193
f 2844/4638/4194 2896/4690/4194 2845/4639/4194
f 2897/4691/4195 2898/4692/4195 2899/4693/4195
f 2898/4692/4196 2900/4694/4196 2899/4693/4196
f 2899/4693/4197 2900/4694/4197 2901/4695/4197
f 2899/4693/4198 2901/4695/4198 2902/4696/4198
f 2901/4695/4199 2903/4697/4199 2902/4696/4199
f 2902/4696/4200 2903/4697/4200 2904/4698/4200
f 2902/4696/4201 2904/4698/4201 2905/4699/4201
f 2905/4699/4201 2906/4700/4201 2902/4696/4201
f 2902/4696/4202 2906/4700/4202 2907/4701/4202
f 2902/4696/4203 2907/4701/4203 2908/4702/4203
f 2909/4703/4204 2910/4704/4204 2799/4593/4204
f 2911/4705/4205 2912/4706/4205 2798/4592/4205
f 2798/4592/4206 2912/4706/4206 2913/4707/4206
f 2913/4707/4206 2914/4708/4206 2798/4592/4206
f 2798/4592/4207 2914/4708/4207 2915/4709/4207
f 2798/4592/4208 2915/4709/4208 2799/4593/4208
f 2799/4593/4209 2915/4709/4209 2916/4710/4209
f 2799/4593/4209 2916/4710/4209 2909/4703/4209
f 2910/4704/4210 2917/4711/4210 2799/4593/4210
f 2799/4593/4211 2917/4711/4211 2918/4712/4211
f 2799/4593/4212 2918/4712/4212 2800/4594/4212
f 2800/4594/4213 2918/4712/4213 2919/4713/4213
f 2800/4594/4214 2919/4713/4214 2920/4714/4214
f 2921/4715/4215 2922/4716/4215 2923/4717/4215
f 2923/4717/4216 2922/4716/4216 2924/4718/4216
f 2924/4718/4217 2925/4719/4217 2923/4717/4217
f 2923/4717/4218 2925/4719/4218 2926/4720/4218
f 2923/4721/4219 2926/4722/4219 2927/4723/4219
f 2927/4723/4220 2926/4722/4220 2928/4724/4220
f 2927/4725/4221 2928/4726/4221 2899/4693/4221
f 2899/4693/4222 2928/4726/4222 2929/4727/4222
f 2899/4693/4223 2929/4727/4223 2897/4691/4223
f 2930/4728/4224 2931/4729/4224 2923/4717/4224
f 2931/4729/4225 2932/4730/4225 2923/4717/4225
f 2923/4717/4226 2932/4730/4226 2933/4731/4226
f 2923/4717/4227 2933/4731/4227 2921/4715/4227
f 2800/4594/4228 2920/4714/4228 2801/4595/4228
f 2801/4595/4229 2920/4714/4229 2934/4732/4229
f 2934/4732/4230 2935/4733/4230 2801/4595/4230
f 2801/4595/4231 2935/4733/4231 2936/4734/4231
f 2801/4595/4231 2936/4734/4231 2937/4735/4231
f 2938/4736/4232 2802/4596/4232 2939/4737/4232
f 2939/4737/4233 2802/4596/4233 2801/4595/4233
f 2939/4737/4234 2801/4595/4234 2940/4738/4234
f 2940/4738/4235 2801/4595/4235 2937/4735/4235
f 2938/4736/4236 2941/4739/4236 2802/4596/4236
f 2802/4596/4237 2941/4739/4237 2942/4740/4237
f 2802/4596/4237 2942/4740/4237 2943/4741/4237
f 2943/4741/4238 2944/4742/4238 2945/4743/4238
f 2945/4743/4239 2944/4742/4239 2946/4744/4239
f 2946/4744/4239 2947/4745/4239 2945/4743/4239
f 2945/4743/4240 2947/4745/4240 2948/4746/4240
f 2945/4743/4241 2948/4746/4241 2923/4717/4241
f 2923/4717/4242 2948/4746/4242 2949/4747/4242
f 2923/4717/4243 2949/4747/4243 2930/4728/4243
f 2943/4741/4244 2945/4743/4244 2802/4596/4244
f 2802/4596/4245 2945/4743/4245 2950/4748/4245
f 2802/4596/4246 2950/4748/4246 2803/4597/4246
f 2803/4597/4247 2950/4748/4247 2951/4749/4247
f 2803/4597/4248 2951/4749/4248 2793/4587/4248
f 2793/4587/4249 2951/4749/4249 2952/4750/4249
f 2793/4587/4250 2952/4750/4250 2794/4588/4250
f 2794/4588/4251 2952/4750/4251 2953/4751/4251
f 2794/4588/4252 2953/4751/4252 2795/4589/4252
f 2795/4589/4253 2953/4751/4253 2954/4752/4253
f 2795/4589/4254 2954/4752/4254 2787/4581/4254
f 2787/4581/4255 2954/4752/4255 2955/4753/4255
f 2787/4581/4256 2955/4753/4256 2788/4582/4256
f 2788/4582/4257 2955/4753/4257 2956/4754/4257
f 2788/4582/4258 2956/4754/4258 2789/4583/4258
f 2789/4583/4259 2956/4754/4259 2957/4755/4259
f 2789/4583/4260 2957/4755/4260 2790/4584/4260
f 2790/4584/4261 2957/4755/4261 2958/4756/4261
f 2790/4584/4262 2958/4756/4262 2791/4585/4262
f 2791/4585/4263 2958/4756/4263 2959/4757/4263
f 2791/4585/4264 2959/4757/4264 2792/4586/4264
f 2960/4758/4265 2961/4759/4265 2775/4569/4265
f 2775/4569/4266 2961/4759/4266 2962/4760/4266
f 2775/4569/4267 2962/4760/4267 2963/4761/4267
f 2964/4762/4268 2965/4763/4268 2966/4764/4268
f 2967/4765/4269 2968/4766/4269 2969/4767/4269
f 2969/4767/4270 2968/4766/4270 2970/4768/4270
f 2969/4769/4271 2970/4770/4271 2966/4771/4271
f 2966/4771/4272 2970/4770/4272 2971/4772/4272
f 2966/4771/4273 2971/4772/4273 2964/4773/4273
f 2972/4774/4274 2973/4775/4274 2974/4776/4274
f 2975/4777/4275 2976/4778/4275 2974/4776/4275
f 2974/4776/4276 2976/4778/4276 2977/4779/4276
f 2974/4776/4277 2977/4779/4277 2978/4780/4277
f 2978/4780/4278 2979/4781/4278 2974/4776/4278
f 2974/4776/4279 2979/4781/4279 2980/4782/4279
f 2974/4776/4280 2980/4782/4280 2972/4774/4280
f 2973/4775/4281 2981/4783/4281 2974/4776/4281
f 2974/4776/4281 2981/4783/4281 2982/4784/4281
f 2974/4776/4282 2982/4784/4282 2969/4767/4282
f 2969/4767/4283 2982/4784/4283 2983/4785/4283
f 2969/4767/4269 2983/4785/4269 2967/4765/4269
f 2965/4763/4284 2984/4786/4284 2966/4764/4284
f 2966/4764/4285 2984/4786/4285 2985/4787/4285
f 2966/4764/4286 2985/4787/4286 2986/4788/4286
f 2986/4788/4287 2987/4789/4287 2966/4764/4287
f 2966/4764/4288 2987/4789/4288 2988/4790/4288
f 2966/4764/4289 2988/4790/4289 2989/4791/4289
f 2989/4791/4290 2990/4792/4290 2966/4764/4290
f 2966/4764/4291 2990/4792/4291 2991/4793/4291
f 2966/4764/4292 2991/4793/4292 2992/4794/4292
f 2993/4795/4293 2994/4796/4293 2775/4569/4293
f 2992/4794/4294 2995/4797/4294 2966/4764/4294
f 2966/4764/4295 2995/4797/4295 2782/4576/4295
f 2966/4764/4296 2782/4576/4296 2996/4798/4296
f 2996/4798/4297 2782/4576/4297 2781/4575/4297
f 2996/4798/4298 2781/4575/4298 2997/4799/4298
f 2997/4799/4299 2781/4575/4299 2780/4574/4299
f 2997/4799/4300 2780/4574/4300 2998/4800/4300
f 2998/4800/4301 2780/4574/4301 2786/4580/4301
f 2998/4800/4302 2786/4580/4302 2999/4801/4302
f 2999/4801/4303 2786/4580/4303 2785/4579/4303
f 2999/4801/4304 2785/4579/4304 3000/4802/4304
f 3000/4802/4305 2785/4579/4305 2784/4578/4305
f 3000/4802/4306 2784/4578/4306 3001/4803/4306
f 3001/4803/4307 2784/4578/4307 2792/4586/4307
f 3001/4803/4308 2792/4586/4308 3002/4804/4308
f 3002/4804/4309 2792/4586/4309 2959/4757/4309
f 2995/4797/4310 3003/4805/4310 2782/4576/4310
f 2782/4576/4311 3003/4805/4311 3004/4806/4311
f 2782/4576/4312 3004/4806/4312 3005/4807/4312
f 3005/4807/4313 3006/4808/4313 2782/4576/4313
f 2782/4576/4314 3006/4808/4314 3007/4809/4314
f 2782/4576/4315 3007/4809/4315 3008/4810/4315
f 3008/4810/4316 3009/4811/4316 2782/4576/4316
f 2782/4576/4317 3009/4811/4317 3010/4812/4317
f 2782/4576/4317 3010/4812/4317 3011/4813/4317
f 3011/4813/4318 3012/4814/4318 2782/4576/4318
f 2782/4576/4319 3012/4814/4319 3013/4815/4319
f 2782/4576/4320 3013/4815/4320 2783/4577/4320
f 2783/4577/4321 3013/4815/4321 3014/4816/4321
f 2783/4577/4322 3014/4816/4322 3015/4817/4322
f 3015/4817/4323 3016/4818/4323 2783/4577/4323
f 2783/4577/4324 3016/4818/4324 3017/4819/4324
f 2783/4577/4325 3017/4819/4325 2775/4569/4325
f 2775/4569/4326 3017/4819/4326 3018/4820/4326
f 2775/4569/4293 3018/4820/4293 2993/4795/4293
f 2994/4796/4327 3019/4821/4327 2775/4569/4327
f 2775/4569/4328 3019/4821/4328 3020/4822/4328
f 2775/4569/4329 3020/4822/4329 2960/4758/4329
f 2963/4761/4330 2975/4777/4330 2775/4569/4330
f 2775/4569/4331 2975/4777/4331 2974/4776/4331
f 2775/4569/4332 2974/4776/4332 2776/4570/4332
f 2776/4570/4333 2974/4776/4333 3021/4823/4333
f 2776/4570/4334 3021/4823/4334 2777/4571/4334
f 2777/4571/4335 3021/4823/4335 3022/4824/4335
f 2777/4571/4336 3022/4824/4336 2778/4572/4336
f 2778/4572/4335 3022/4824/4335 3023/4825/4335
f 2778/4572/4337 3023/4825/4337 2779/4573/4337
f 2779/4573/4338 3023/4825/4338 3024/4826/4338
f 2779/4573/4339 3024/4826/4339 2770/4564/4339
f 2770/4564/4340 3024/4826/4340 3025/4827/4340
f 2770/4564/4341 3025/4827/4341 2771/4565/4341
f 2771/4565/4342 3025/4827/4342 3026/4828/4342
f 2771/4565/4343 3026/4828/4343 2772/4566/4343
f 2772/4566/4344 3026/4828/4344 3027/4829/4344
f 2772/4566/4345 3027/4829/4345 2773/4567/4345
f 3027/4829/4346 3028/4830/4346 2773/4567/4346
f 2773/4567/4347 3028/4830/4347 3029/4831/4347
f 2773/4567/4348 3029/4831/4348 2774/4568/4348
f 2774/4568/4349 3029/4831/4349 3030/4832/4349
f 2774/4568/4350 3030/4832/4350 2767/4561/4350
f 2767/4561/4351 3030/4832/4351 3031/4833/4351
f 2767/4561/4352 3031/4833/4352 2768/4562/4352
f 2768/4562/4353 3031/4833/4353 3032/4834/4353
f 2768/4562/4354 3032/4834/4354 2769/4563/4354
f 2769/4563/4355 3032/4834/4355 3033/4835/4355
f 2769/4563/4356 3033/4835/4356 2834/4628/4356
f 2834/4628/4357 3033/4835/4357 3034/4836/4357
f 2834/4628/4358 3034/4836/4358 2835/4629/4358
f 2835/4629/4359 3034/4836/4359 3035/4837/4359
f 2835/4629/4360 3035/4837/4360 2836/4630/4360
f 2836/4630/4361 3035/4837/4361 3036/4838/4361
f 2836/4630/4362 3036/4838/4362 2837/4631/4362
f 2837/4631/4363 3036/4838/4363 2855/4649/4363
f 2837/4631/4364 2855/4649/4364 2862/4656/4364
f 2862/4656/4365 2855/4649/4365 2859/4653/4365
f 2883/4677/4180 2878/4672/4180 2841/4635/4180
f 2841/4635/4366 2878/4672/4366 2880/4674/4366
f 2841/4635/4367 2880/4674/4367 2842/4636/4367
f 2842/4636/4368 2880/4674/4368 3037/4839/4368
f 2842/4636/4369 3037/4839/4369 2831/4625/4369
f 2831/4625/4370 3037/4839/4370 3038/4840/4370
f 2831/4625/4371 3038/4840/4371 2832/4626/4371
f 3038/4840/4372 3039/4841/4372 2832/4626/4372
f 2832/4626/4373 3039/4841/4373 3040/4842/4373
f 2832/4626/4374 3040/4842/4374 2833/4627/4374
f 2833/4627/4375 3040/4842/4375 3041/4843/4375
f 2833/4627/4376 3041/4843/4376 2825/4619/4376
f 2825/4619/4377 3041/4843/4377 3042/4844/4377
f 2825/4619/4378 3042/4844/4378 2826/4620/4378
f 2826/4620/4379 3042/4844/4379 3043/4845/4379
f 2826/4620/4380 3043/4845/4380 2827/4621/4380
f 2827/4621/4381 3043/4845/4381 3044/4846/4381
f 2827/4621/4382 3044/4846/4382 2828/4622/4382
f 2828/4622/4383 3044/4846/4383 3045/4847/4383
f 2828/4622/4384 3045/4847/4384 2829/4623/4384
f 2829/4623/4385 3045/4847/4385 3046/4848/4385
f 2829/4623/4386 3046/4848/4386 2830/4624/4386
f 2830/4624/4387 3046/4848/4387 3047/4849/4387
f 2830/4624/4388 3047/4849/4388 2822/4616/4388
f 2822/4616/4389 3047/4849/4389 3048/4850/4389
f 2822/4616/4390 3048/4850/4390 2823/4617/4390
f 2823/4617/4391 3048/4850/4391 3049/4851/4391
f 2823/4617/4392 3049/4851/4392 2824/4618/4392
f 2824/4618/4393 3049/4851/4393 3050/4852/4393
f 2824/4618/4394 3050/4852/4394 2818/4612/4394
f 2818/4612/4395 3050/4852/4395 3051/4853/4395
f 2818/4612/4396 3051/4853/4396 2819/4613/4396
f 2819/4613/4397 3051/4853/4397 3052/4854/4397
f 2819/4613/4398 3052/4854/4398 2820/4614/4398
f 2820/4614/4399 3052/4854/4399 3053/4855/4399
f 3054/4856/4400 3055/4857/4400 2843/4637/4400
f 2843/4637/4401 3055/4857/4401 3056/4858/4401
f 2843/4637/4402 3056/4858/4402 3057/4859/4402
f 3057/4859/4403 3058/4860/4403 2843/4637/4403
f 2843/4637/4404 3058/4860/4404 3059/4861/4404
f 3060/4864/4407 3061/4865/4407 3062/4866/4407
f 3063/4867/4408 3064/4868/4408 3053/4855/4408
f 3062/4866/4407 3065/4869/4407 3060/4864/4407
f 3060/4864/4409 3065/4869/4409 3066/4870/4409
f 3060/4864/4410 3066/4870/4410 3053/4855/4410
f 3053/4855/4411 3066/4870/4411 3063/4867/4411
f 3064/4868/4412 3067/4871/4412 3053/4855/4412
f 3053/4855/4413 3067/4871/4413 3068/4872/4413
f 3053/4855/4413 3068/4872/4413 3069/4873/4413
f 3070/4874/4414 3071/4875/4414 2820/4614/4414
f 3069/4873/4415 3072/4876/4415 3053/4855/4415
f 3053/4855/4416 3072/4876/4416 3073/4877/4416
f 3053/4855/4417 3073/4877/4417 2820/4614/4417
f 2820/4614/4418 3073/4877/4418 3074/4878/4418
f 2820/4614/4419 3074/4878/4419 3070/4874/4419
f 3071/4875/4420 3075/4879/4420 2820/4614/4420
f 2820/4614/4421 3075/4879/4421 3076/4880/4421
f 2820/4614/4422 3076/4880/4422 3077/4881/4422
f 3077/4881/4422 3078/4882/4422 2820/4614/4422
f 2820/4614/4423 3078/4882/4423 3079/4883/4423
f 2820/4614/4424 3079/4883/4424 3080/4884/4424
f 3080/4884/4424 3081/4885/4424 2820/4614/4424
f 2820/4614/4425 3081/4885/4425 3082/4886/4425
f 2820/4614/4426 3082/4886/4426 2821/4615/4426
f 2821/4615/4427 3082/4886/4427 3083/4887/4427
f 3083/4887/4428 3084/4888/4428 2821/4615/4428
f 2821/4615/4429 3084/4888/4429 3085/4889/4429
f 2821/4615/4430 3085/4889/4430 2813/4607/4430
f 2813/4607/4431 3085/4889/4431 3086/4890/4431
f 2813/4607/4432 3086/4890/4432 3087/4891/4432
f 3087/4891/4433 3088/4892/4433 2813/4607/4433
f 2813/4607/4434 3088/4892/4434 3089/4893/4434
f 2813/4607/4435 3089/4893/4435 3090/4894/4435
f 3090/4894/4436 3091/4895/4436 2813/4607/4436
f 2813/4607/4437 3091/4895/4437 3092/4896/4437
f 2813/4607/4438 3092/4896/4438 3093/4897/4438
f 3093/4897/4439 3094/4898/4439 2813/4607/4439
f 2813/4607/4440 3094/4898/4440 3095/4899/4440
f 2813/4607/4441 3095/4899/4441 2843/4637/4441
f 2843/4637/4442 3095/4899/4442 3096/4900/4442
f 2843/4637/4443 3096/4900/4443 3097/4901/4443
f 3097/4901/4444 3098/4902/4444 2843/4637/4444
f 2843/4637/4445 3098/4902/4445 3099/4903/4445
f 2843/4637/4446 3099/4903/4446 3100/4904/4446
f 3100/4904/4447 3101/4905/4447 2843/4637/4447
f 2843/4637/4448 3101/4905/4448 3102/4906/4448
f 2843/4637/4449 3102/4906/4449 3103/4907/4449
f 3103/4907/4450 3104/4908/4450 2843/4637/4450
f 2843/4637/4450 3104/4908/4450 3105/4909/4450
f 2843/4637/4451 3105/4909/4451 3054/4856/4451
f 2908/4702/4452 2911/4705/4452 2902/4696/4452
f 2902/4696/4453 2911/4705/4453 2798/4592/4453
f 2902/4696/4454 2798/4592/4454 3106/4910/4454
f 3106/4910/4455 2798/4592/4455 2797/4591/4455
f 2843/4637/4456 3107/4911/4456 2814/4608/4456
f 2814/4608/4457 3107/4911/4457 3108/4912/4457
f 2814/4608/4458 3108/4912/4458 2815/4609/4458
f 2815/4609/4459 3108/4912/4459 3109/4913/4459
f 2815/4609/4460 3109/4913/4460 2816/4610/4460
f 2816/4610/4461 3109/4913/4461 3110/4914/4461
f 2816/4610/4462 3110/4914/4462 2817/4611/4462
f 2817/4611/4463 3110/4914/4463 3111/4915/4463
f 2817/4611/4464 3111/4915/4464 2808/4602/4464
f 2808/4602/4465 3111/4915/4465 3112/4916/4465
f 2808/4602/4466 3112/4916/4466 2809/4603/4466
f 2809/4603/4467 3112/4916/4467 3113/4917/4467
f 2809/4603/4468 3113/4917/4468 2810/4604/4468
f 2810/4604/4469 3113/4917/4469 3114/4918/4469
f 2810/4604/4470 3114/4918/4470 2811/4605/4470
f 2811/4605/4471 3114/4918/4471 3115/4919/4471
f 2811/4605/4472 3115/4919/4472 2812/4606/4472
f 2812/4606/4473 3115/4919/4473 3116/4920/4473
f 2812/4606/4474 3116/4920/4474 2804/4598/4474
f 2804/4598/4475 3116/4920/4475 3117/4921/4475
f 2804/4598/4476 3117/4921/4476 2805/4599/4476
f 2805/4599/4477 3117/4921/4477 3118/4922/4477
f 2805/4599/4478 3118/4922/4478 2806/4600/4478
f 2806/4600/4479 3118/4922/4479 3119/4923/4479
f 2806/4600/4480 3119/4923/4480 2807/4601/4480
f 2807/4601/4481 3119/4923/4481 3120/4924/4481
f 2807/4601/4482 3120/4924/4482 2796/4590/4482
f 2796/4590/4483 3120/4924/4483 3121/4925/4483
f 2796/4590/4484 3121/4925/4484 2797/4591/4484
f 2797/4591/4485 3121/4925/4485 3122/4926/4485
f 2797/4591/4486 3122/4926/4486 3106/4910/4486
f 3123/4927/4487 2869/4663/4487 3124/4928/4487
f 3124/4928/4488 2869/4663/4488 2868/4662/4488
f 3124/4928/4489 2868/4662/4489 3125/4929/4489
f 3125/4929/4490 2868/4662/4490 2861/4655/4490
f 3125/4929/4491 2861/4655/4491 3126/4930/4491
f 3126/4930/4492 2861/4655/4492 3127/4931/4492
f 2861/4655/4493 2860/4654/4493 3127/4931/4493
f 3127/4931/4494 2860/4654/4494 2867/4661/4494
f 3127/4931/4495 2867/4661/4495 3128/4932/4495
f 3128/4932/4496 2867/4661/4496 2866/4660/4496
f 2859/4653/4497 3129/4933/4497 2862/4656/4497
f 2862/4656/4498 3129/4933/4498 3130/4934/4498
f 2862/4656/4499 3130/4934/4499 2863/4657/4499
f 2863/4657/4500 3130/4934/4500 3131/4935/4500
f 2863/4657/4501 3131/4935/4501 2864/4658/4501
f 2864/4658/4502 3131/4935/4502 3132/4936/4502
f 2864/4658/4503 3132/4936/4503 2865/4659/4503
f 2865/4659/4504 3132/4936/4504 3133/4937/4504
f 2865/4659/4505 3133/4937/4505 2866/4660/4505
f 2866/4660/4506 3133/4937/4506 3134/4938/4506
f 2866/4660/4507 3134/4938/4507 3128/4932/4507
f 3135/4939/4508 3136/4940/4508 2856/4650/4508
f 2856/4650/4509 3136/4940/4509 3137/4941/4509
f 2856/4650/4510 3137/4941/4510 2857/4651/4510
f 2857/4651/4511 3137/4941/4511 3138/4942/4511
f 2857/4651/4512 3138/4942/4512 2858/4652/4512
f 2858/4652/4513 3138/4942/4513 3139/4943/4513
f 2858/4652/4514 3139/4943/4514 2859/4653/4514
f 2859/4653/4515 3139/4943/4515 3140/4944/4515
f 2859/4653/4516 3140/4944/4516 3129/4933/4516
f 2856/4650/4517 2854/4648/4517 3135/4939/4517
f 3135/4939/4518 2854/4648/4518 2853/4647/4518
f 3135/4939/4519 2853/4647/4519 3141/4945/4519
f 3141/4945/4520 2853/4647/4520 2852/4646/4520
f 3141/4945/4521 2852/4646/4521 3142/4946/4521
f 3142/4946/4522 2852/4646/4522 2851/4645/4522
f 3142/4946/4523 2851/4645/4523 3143/4947/4523
f 3143/4947/4524 2851/4645/4524 2850/4644/4524
f 3143/4947/4525 2850/4644/4525 3144/4948/4525
f 3144/4948/4526 2850/4644/4526 2849/4643/4526
f 3144/4948/4527 2849/4643/4527 3145/4949/4527
f 3145/4949/4528 2849/4643/4528 2848/4642/4528
f 3145/4949/4529 2848/4642/4529 3146/4950/4529
f 2848/4642/4530 2846/4640/4530 3146/4950/4530
f 3146/4950/4531 2846/4640/4531 2845/4639/4531
f 3146/4950/4532 2845/4639/4532 3147/4951/4532
f 3147/4951/4533 2845/4639/4533 2896/4690/4533
f 3147/4951/4534 2896/4690/4534 3148/4952/4534
f 3148/4952/4535 2896/4690/4535 2895/4689/4535
f 3148/4952/4536 2895/4689/4536 3149/4953/4536
f 3150/4954/4537 3151/4955/4537 2890/4684/4537
f 2890/4684/4538 3151/4955/4538 3152/4956/4538
f 2890/4684/4539 3152/4956/4539 2891/4685/4539
f 2891/4685/4540 3152/4956/4540 3153/4957/4540
f 2891/4685/4541 3153/4957/4541 2895/4689/4541
f 2895/4689/4542 3153/4957/4542 3154/4958/4542
f 2895/4689/4542 3154/4958/4542 3149/4953/4542
f 2890/4684/4543 2888/4682/4543 3150/4954/4543
f 3150/4954/4544 2888/4682/4544 2887/4681/4544
f 3150/4954/4545 2887/4681/4545 3155/4959/4545
f 3155/4959/4546 2887/4681/4546 2894/4688/4546
f 2884/4678/4547 3156/4960/4547 2885/4679/4547
f 2885/4679/4548 3156/4960/4548 3157/4961/4548
f 2885/4679/4549 3157/4961/4549 2886/4680/4549
f 2886/4680/4550 3157/4961/4550 3158/4962/4550
f 2886/4680/4551 3158/4962/4551 2892/4686/4551
f 2892/4686/4552 3158/4962/4552 3159/4963/4552
f 2892/4686/4553 3159/4963/4553 2893/4687/4553
f 2893/4687/4554 3159/4963/4554 3160/4964/4554
f 2893/4687/4555 3160/4964/4555 2894/4688/4555
f 2894/4688/4556 3160/4964/4556 3161/4965/4556
f 2894/4688/4557 3161/4965/4557 3155/4959/4557
f 3162/4966/4558 3163/4967/4558 2883/4968/4558
f 2883/4677/4559 3163/4969/4559 3164/4970/4559
f 2883/4677/4560 3164/4970/4560 2878/4672/4560
f 2878/4672/4561 3164/4970/4561 3165/4971/4561
f 2878/4672/4562 3165/4971/4562 2879/4673/4562
f 2879/4673/4563 3165/4971/4563 3166/4972/4563
f 2879/4673/4564 3166/4972/4564 2884/4678/4564
f 2884/4678/4565 3166/4972/4565 3167/4973/4565
f 2884/4678/4566 3167/4973/4566 3156/4960/4566
f 3123/4927/4567 3168/4974/4567 2869/4663/4567
f 2869/4663/4568 3168/4974/4568 3169/4975/4568
f 2869/4663/4569 3169/4975/4569 2870/4664/4569
f 2870/4664/4570 3169/4975/4570 3170/4976/4570
f 2870/4664/4571 3170/4976/4571 2871/4665/4571
f 2871/4665/4572 3170/4976/4572 3171/4977/4572
f 2883/4677/4573 2882/4676/4573 3162/4978/4573
f 3162/4978/4574 2882/4676/4574 2881/4675/4574
f 3162/4978/4575 2881/4675/4575 3172/4979/4575
f 3172/4979/4576 2881/4675/4576 2877/4671/4576
f 3172/4980/4577 2877/4981/4577 3173/4982/4577
f 3173/4983/4578 2877/4671/4578 2876/4670/4578
f 3173/4983/4579 2876/4670/4579 3174/4984/4579
f 3174/4984/4580 2876/4670/4580 2875/4669/4580
f 3174/4984/4581 2875/4669/4581 3175/4985/4581
f 3175/4986/4582 2875/4987/4582 2874/4988/4582
f 3175/4985/4583 2874/4668/4583 3176/4989/4583
f 3176/4989/4584 2874/4668/4584 2873/4667/4584
f 3176/4989/4585 2873/4667/4585 3171/4977/4585
f 3171/4977/4586 2873/4667/4586 2872/4666/4586
f 3171/4990/4587 2872/4991/4587 2871/4992/4587
f 3177/4993/4588 3178/4994/4588 3080/4884/4588
f 3179/4995/4589 3100/4904/4589 3099/4903/4589
f 3093/4897/4590 3180/4996/4590 3181/4997/4590
f 3179/4995/4591 3099/4903/4591 3182/4998/4591
f 3182/4998/4592 3099/4903/4592 3098/4902/4592
f 3182/4998/4593 3098/4902/4593 3183/4999/4593
f 3183/4999/4594 3098/4902/4594 3097/4901/4594
f 3183/4999/4595 3097/4901/4595 3184/5000/4595
f 3184/5000/4596 3097/4901/4596 3096/4900/4596
f 3184/5000/4597 3096/4900/4597 3185/5001/4597
f 3185/5001/4598 3096/4900/4598 3095/4899/4598
f 3185/5001/4599 3095/4899/4599 3181/4997/4599
f 3181/4997/4600 3095/4899/4600 3094/4898/4600
f 3181/4997/4601 3094/4898/4601 3093/4897/4601
f 3186/5002/4602 3187/5003/4602 3088/4892/4602
f 3088/4892/4603 3187/5003/4603 3188/5004/4603
f 3180/4996/4604 3093/4897/4604 3189/5005/4604
f 3189/5005/4605 3093/4897/4605 3092/4896/4605
f 3189/5005/4606 3092/4896/4606 3190/5006/4606
f 3190/5006/4607 3092/4896/4607 3091/4895/4607
f 3190/5006/4608 3091/4895/4608 3191/5007/4608
f 3191/5007/4609 3091/4895/4609 3090/4894/4609
f 3191/5007/4610 3090/4894/4610 3188/5004/4610
f 3188/5004/4611 3090/4894/4611 3089/4893/4611
f 3188/5008/4612 3089/5009/4612 3088/5010/4612
f 3088/4892/4613 3087/4891/4613 3186/5002/4613
f 3186/5002/4614 3087/4891/4614 3086/4890/4614
f 3186/5002/4615 3086/4890/4615 3192/5011/4615
f 3192/5012/4616 3086/5013/4616 3193/5014/4616
f 3086/4890/4617 3085/4889/4617 3193/5015/4617
f 3193/5015/4618 3085/4889/4618 3084/4888/4618
f 3193/5015/4619 3084/4888/4619 3194/5016/4619
f 3194/5016/4620 3084/4888/4620 3083/4887/4620
f 3194/5016/4621 3083/4887/4621 3195/5017/4621
f 3195/5017/4622 3083/4887/4622 3196/5018/4622
f 3178/4994/4623 3197/5019/4623 3080/4884/4623
f 3080/4884/4624 3197/5019/4624 3198/5020/4624
f 3080/4884/4625 3198/5020/4625 3081/4885/4625
f 3081/4885/4626 3198/5020/4626 3196/5018/4626
f 3081/4885/4627 3196/5018/4627 3082/4886/4627
f 3082/4886/4628 3196/5018/4628 3083/4887/4628
f 3080/4884/4629 3079/4883/4629 3177/4993/4629
f 3177/4993/4630 3079/4883/4630 3078/4882/4630
f 3177/4993/4631 3078/4882/4631 3199/5021/4631
f 3199/5021/4632 3078/4882/4632 3077/4881/4632
f 3199/5021/4633 3077/4881/4633 3200/5022/4633
f 3068/4872/4634 3201/5023/4634 3202/5024/4634
f 3200/5022/4635 3077/4881/4635 3203/5025/4635
f 3203/5025/4636 3077/4881/4636 3076/4880/4636
f 3203/5025/4637 3076/4880/4637 3204/5026/4637
f 3204/5026/4638 3076/4880/4638 3075/4879/4638
f 3204/5026/4639 3075/4879/4639 3205/5027/4639
f 3205/5028/4640 3075/5029/4640 3071/5030/4640
f 3205/5027/4641 3071/4875/4641 3206/5031/4641
f 3206/5031/4642 3071/4875/4642 3070/4874/4642
f 3206/5031/4643 3070/4874/4643 3207/5032/4643
f 3207/5032/4644 3070/4874/4644 3074/4878/4644
f 3207/5033/4645 3074/5034/4645 3208/5035/4645
f 3208/5036/4646 3074/4878/4646 3073/4877/4646
f 3208/5036/4647 3073/4877/4647 3209/5037/4647
f 3209/5037/4648 3073/4877/4648 3072/4876/4648
f 3209/5037/4649 3072/4876/4649 3202/5024/4649
f 3202/5024/4650 3072/4876/4650 3069/4873/4650
f 3202/5024/4651 3069/4873/4651 3068/4872/4651
f 3201/5023/4634 3068/4872/4634 3210/5038/4634
f 3210/5038/4652 3068/4872/4652 3067/4871/4652
f 3210/5038/4653 3067/4871/4653 3211/5039/4653
f 3211/5039/4654 3067/4871/4654 3064/4868/4654
f 3211/5039/4655 3064/4868/4655 3212/5040/4655
f 3064/4868/4656 3063/4867/4656 3212/5040/4656
f 3212/5040/4657 3063/4867/4657 3213/5041/4657
f 3213/5041/4658 3063/4867/4658 3066/4870/4658
f 3213/5041/4659 3066/4870/4659 3214/5042/4659
f 3214/5042/4660 3066/4870/4660 3215/5043/4660
f 3066/4870/4661 3065/4869/4661 3215/5043/4661
f 3215/5043/4662 3065/4869/4662 3062/4866/4662
f 3215/5043/4663 3062/4866/4663 3216/5044/4663
f 3216/5044/4664 3062/4866/4664 3217/5045/4664
f 3062/4866/4665 3061/4865/4665 3217/5045/4665
f 3217/5045/4666 3061/4865/4666 3059/4861/4666
f 3217/5045/4667 3059/4861/4667 3218/5046/4667
f 3218/5046/4668 3059/4861/4668 3058/4860/4668
f 3218/5046/4669 3058/4860/4669 3219/5047/4669
f 3219/5047/4670 3058/4860/4670 3220/5048/4670
f 3055/4857/4672 3222/5050/4672 3223/5051/4672
f 3055/4857/4673 3223/5051/4673 3056/4858/4673
f 3056/4858/4674 3223/5051/4674 3220/5048/4674
f 3056/4858/4675 3220/5048/4675 3057/4859/4675
f 3057/4859/4676 3220/5048/4676 3058/4860/4676
f 3104/4908/4677 3224/5052/4677 3105/4909/4677
f 3105/4909/4678 3224/5052/4678 3225/5053/4678
f 3221/5049/4679 3055/4857/4679 3225/5053/4679
f 3225/5053/4680 3055/4857/4680 3054/4856/4680
f 3225/5053/4681 3054/4856/4681 3105/4909/4681
f 3100/4904/4682 3179/4995/4682 3101/4905/4682
f 3101/4905/4683 3179/4995/4683 3226/5054/4683
f 3101/4905/4684 3226/5054/4684 3102/4906/4684
f 3102/4906/4685 3226/5054/4685 3227/5055/4685
f 3103/4907/4687 3227/5055/4687 3228/5056/4687
f 3103/4907/4688 3228/5056/4688 3104/4908/4688
f 3104/4908/4689 3228/5056/4689 3229/5057/4689
f 3104/4908/4690 3229/5057/4690 3224/5052/4690
f 3230/5058/4691 2924/4718/4691 3231/5059/4691
f 3231/5059/4692 2924/4718/4692 2922/4716/4692
f 3231/5059/4693 2922/4716/4693 3232/5060/4693
f 3232/5060/4694 2922/4716/4694 2921/4715/4694
f 3232/5060/4695 2921/4715/4695 3233/5061/4695
f 3233/5061/4696 2921/4715/4696 3234/5062/4696
f 2921/4715/4697 2933/4731/4697 3234/5062/4697
f 3234/5062/4698 2933/4731/4698 2932/4730/4698
f 3234/5062/4699 2932/4730/4699 3235/5063/4699
f 3235/5063/4700 2932/4730/4700 2931/4729/4700
f 2946/4744/4701 3236/5064/4701 2947/4745/4701
f 2947/4745/4702 3236/5064/4702 3237/5065/4702
f 2947/4745/4703 3237/5065/4703 2948/4746/4703
f 2948/4746/4704 3237/5065/4704 3238/5066/4704
f 2948/4746/4705 3238/5066/4705 2949/4747/4705
f 2949/4747/4706 3238/5066/4706 3239/5067/4706
f 2949/4747/4707 3239/5067/4707 2930/4728/4707
f 2930/4728/4708 3239/5067/4708 3240/5068/4708
f 2930/4728/4709 3240/5068/4709 2931/4729/4709
f 2931/4729/4710 3240/5068/4710 3241/5069/4710
f 2931/4729/4711 3241/5069/4711 3235/5063/4711
f 2934/4732/4712 2920/4714/4712 3242/5070/4712
f 2934/5071/4713 3242/5072/4713 3243/5073/4713
f 2934/4732/4714 3243/5074/4714 2935/4733/4714
f 2935/4733/4715 3243/5074/4715 3244/5075/4715
f 2935/4733/4716 3244/5075/4716 2936/4734/4716
f 2936/4734/4717 3244/5075/4717 3245/5076/4717
f 2936/4734/4718 3245/5076/4718 2937/4735/4718
f 2937/4735/4719 3245/5076/4719 3246/5077/4719
f 2937/4735/4720 3246/5077/4720 2940/4738/4720
f 2940/4738/4721 3246/5077/4721 3247/5078/4721
f 2940/4738/4722 3247/5078/4722 2939/4737/4722
f 2939/4737/4724 3248/5082/4724 2938/4736/4724
f 2938/4736/4725 3248/5082/4725 3249/5083/4725
f 2938/4736/4726 3249/5083/4726 2941/4739/4726
f 2941/4739/4727 3249/5083/4727 3250/5084/4727
f 2941/4739/4728 3250/5084/4728 2942/4740/4728
f 2942/4740/4729 3250/5084/4729 3251/5085/4729
f 2942/4740/4730 3251/5085/4730 2943/4741/4730
f 2943/4741/4731 3251/5085/4731 3252/5086/4731
f 2943/4741/4732 3252/5086/4732 2944/4742/4732
f 2944/4742/4733 3252/5086/4733 3253/5087/4733
f 2944/4742/4734 3253/5087/4734 2946/4744/4734
f 2946/4744/4735 3253/5087/4735 3236/5064/4735
f 3242/5070/4736 2920/4714/4736 2919/4713/4736
f 3242/5070/4737 2919/4713/4737 3254/5088/4737
f 3254/5088/4738 2919/4713/4738 2918/4712/4738
f 3254/5088/4739 2918/4712/4739 3255/5089/4739
f 3256/5090/4740 3257/5091/4740 2910/4704/4740
f 2910/4704/4741 3257/5091/4741 3258/5092/4741
f 2910/4704/4742 3258/5092/4742 2917/4711/4742
f 2917/4711/4743 3258/5092/4743 3259/5093/4743
f 2917/4711/4744 3259/5093/4744 2918/4712/4744
f 2918/4712/4745 3259/5093/4745 3260/5094/4745
f 2918/4712/4746 3260/5094/4746 3255/5089/4746
f 2910/4704/4747 2909/4703/4747 3256/5090/4747
f 3256/5090/4749 2916/4710/4749 3261/5095/4749
f 3261/5096/4750 2916/5097/4750 2915/5009/4750
f 2908/4702/4751 3262/5098/4751 2911/4705/4751
f 2911/4705/4752 3262/5098/4752 3263/5099/4752
f 2911/4705/4753 3263/5099/4753 2912/4706/4753
f 2912/4706/4754 3263/5099/4754 3264/5100/4754
f 2912/4706/4755 3264/5100/4755 2913/4707/4755
f 2913/4707/4756 3264/5100/4756 3265/5101/4756
f 2913/4707/4757 3265/5101/4757 2914/4708/4757
f 2914/4708/4758 3265/5101/4758 3266/5102/4758
f 2914/4708/4759 3266/5102/4759 2915/4709/4759
f 2915/4709/4760 3266/5102/4760 3267/5103/4760
f 2915/4709/4761 3267/5103/4761 3261/5095/4761
f 3268/5104/4762 3269/5105/4762 2905/4699/4762
f 2905/4699/4763 3269/5105/4763 3270/5106/4763
f 2905/4699/4764 3270/5106/4764 2906/4700/4764
f 2906/4700/4765 3270/5106/4765 3271/5107/4765
f 2906/4700/4766 3271/5107/4766 2907/4701/4766
f 2907/4701/4767 3271/5107/4767 3272/5108/4767
f 2907/4701/4768 3272/5108/4768 2908/4702/4768
f 2908/4702/4769 3272/5108/4769 3273/5109/4769
f 2908/4702/4770 3273/5109/4770 3262/5098/4770
f 3230/5058/4771 3274/5110/4771 2924/4718/4771
f 2924/4718/4772 3274/5110/4772 3275/5111/4772
f 2924/4718/4773 3275/5111/4773 2925/4719/4773
f 2925/4719/4774 3275/5111/4774 3276/5112/4774
f 2925/4719/4775 3276/5112/4775 2926/4720/4775
f 2926/4720/4776 3276/5112/4776 3277/5113/4776
f 2905/4699/4777 2904/4698/4777 3268/5104/4777
f 3268/5104/4778 2904/4698/4778 2903/4697/4778
f 3268/5104/4779 2903/4697/4779 3278/5114/4779
f 3278/5114/4780 2903/4697/4780 2901/4695/4780
f 3278/5114/4781 2901/4695/4781 3279/5115/4781
f 3279/5115/4782 2901/4695/4782 2900/4694/4782
f 3279/5115/4783 2900/4694/4783 3280/5116/4783
f 3280/5116/4784 2900/4694/4784 2898/4692/4784
f 3280/5116/4785 2898/4692/4785 3281/5117/4785
f 3281/5117/4786 2898/4692/4786 2897/4691/4786
f 3281/5117/4787 2897/4691/4787 3282/5118/4787
f 3282/5118/4788 2897/4691/4788 2929/4727/4788
f 3282/5118/4789 2929/4727/4789 3277/5113/4789
f 3277/5113/4790 2929/4727/4790 2928/4726/4790
f 3277/5113/4791 2928/4726/4791 2926/4720/4791
f 3283/5119/4792 3284/5120/4792 2989/4791/4792
f 2989/4791/4793 3284/5120/4793 2990/4792/4793
f 2990/4792/4794 3284/5120/4794 3285/5121/4794
f 2990/4792/4795 3285/5121/4795 2991/4793/4795
f 2989/4791/4796 2988/4790/4796 3283/5119/4796
f 3283/5119/4797 2988/4790/4797 2987/4789/4797
f 3283/5119/4798 2987/4789/4798 3286/5122/4798
f 3286/5122/4799 2987/4789/4799 2986/4788/4799
f 3286/5122/4800 2986/4788/4800 3287/5123/4800
f 3287/5123/4801 2986/4788/4801 2985/4787/4801
f 3287/5123/4802 2985/4787/4802 3288/5124/4802
f 3288/5124/4803 2985/4787/4803 2984/4786/4803
f 3288/5124/4804 2984/4786/4804 3289/5125/4804
f 3289/5125/4805 2984/4786/4805 2965/4763/4805
f 3289/5125/4806 2965/4763/4806 3290/5126/4806
f 3291/5127/4807 3292/5128/4807 2971/5129/4807
f 2967/4765/4808 3293/5130/4808 2968/4766/4808
f 2968/4766/4809 3293/5130/4809 3291/5127/4809
f 2968/4766/4810 3291/5127/4810 2970/4768/4810
f 2970/4768/4811 3291/5127/4811 2971/5129/4811
f 2965/4763/4812 2964/4762/4812 3290/5126/4812
f 3290/5126/4813 2964/4762/4813 2971/5129/4813
f 3290/5126/4814 2971/5129/4814 3294/5131/4814
f 3294/5131/4815 2971/5129/4815 3292/5128/4815
f 3295/5132/4816 3296/5133/4816 2981/4783/4816
f 2981/4783/4817 3296/5133/4817 3297/5134/4817
f 2981/4783/4818 3297/5134/4818 2982/4784/4818
f 2982/4784/4819 3297/5134/4819 3298/5135/4819
f 2982/4784/4820 3298/5135/4820 2983/4785/4820
f 2983/4785/4821 3298/5135/4821 3299/5136/4821
f 2983/4785/4822 3299/5136/4822 2967/4765/4822
f 2967/4765/4823 3299/5136/4823 3300/5137/4823
f 2967/4765/4824 3300/5137/4824 3293/5130/4824
f 3301/5138/4825 3302/5139/4825 2980/4782/4825
f 2980/4782/4826 3302/5139/4826 3303/5140/4826
f 2980/4782/4827 3303/5140/4827 2972/4774/4827
f 2972/4774/4828 3303/5140/4828 3295/5132/4828
f 2972/4774/4829 3295/5132/4829 2973/4775/4829
f 2973/4775/4830 3295/5132/4830 2981/4783/4830
f 2980/4782/4831 2979/4781/4831 3301/5138/4831
f 3301/5138/4832 2979/4781/4832 2978/4780/4832
f 3301/5138/4833 2978/4780/4833 3304/5141/4833
f 3304/5141/4834 2978/4780/4834 2977/4779/4834
f 3304/5141/4835 2977/4779/4835 3305/5142/4835
f 3305/5142/4836 2977/4779/4836 2976/4778/4836
f 3305/5142/4837 2976/4778/4837 3306/5143/4837
f 3306/5143/4838 2976/4778/4838 2975/4777/4838
f 3306/5143/4839 2975/4777/4839 3307/5144/4839
f 3307/5144/4840 2975/4777/4840 2963/4761/4840
f 3307/5144/4841 2963/4761/4841 3308/5145/4841
f 3308/5145/4842 2963/4761/4842 3309/5146/4842
f 3309/5146/4843 2963/4761/4843 2962/4760/4843
f 3309/5146/4844 2962/4760/4844 3310/5147/4844
f 3310/5147/4845 2962/4760/4845 2961/4759/4845
f 3310/5147/4846 2961/4759/4846 3311/5148/4846
f 2961/4759/4847 2960/4758/4847 3311/5148/4847
f 3311/5148/4848 2960/4758/4848 3020/4822/4848
f 3311/5148/4849 3020/4822/4849 3312/5149/4849
f 3312/5149/4850 3020/4822/4850 3019/4821/4850
f 3312/5149/4851 3019/4821/4851 3313/5150/4851
f 3313/5150/4852 3019/4821/4852 2994/4796/4852
f 3313/5150/4853 2994/4796/4853 3314/5151/4853
f 3314/5151/4854 2994/4796/4854 2993/4795/4854
f 3314/5151/4855 2993/4795/4855 3315/5152/4855
f 3315/5152/4856 2993/4795/4856 3018/4820/4856
f 3315/5152/4857 3018/4820/4857 3316/5153/4857
f 3317/5154/4858 3318/5155/4858 3016/4818/4858
f 3013/4815/4859 3319/5156/4859 3014/4816/4859
f 3014/4816/4860 3319/5156/4860 3317/5154/4860
f 3014/4816/4861 3317/5154/4861 3015/4817/4861
f 3015/4817/4862 3317/5154/4862 3016/4818/4862
f 3018/4820/4863 3017/4819/4863 3316/5153/4863
f 3316/5153/4864 3017/4819/4864 3016/4818/4864
f 3316/5153/4865 3016/4818/4865 3320/5157/4865
f 3320/5157/4866 3016/4818/4866 3318/5155/4866
f 3321/5158/4867 3322/5159/4867 3010/4812/4867
f 3010/4812/4868 3322/5159/4868 3323/5160/4868
f 3010/4812/4869 3323/5160/4869 3011/4813/4869
f 3011/4813/4870 3323/5160/4870 3324/5161/4870
f 3011/4813/4871 3324/5161/4871 3012/4814/4871
f 3012/4814/4872 3324/5161/4872 3325/5162/4872
f 3012/4814/4873 3325/5162/4873 3013/4815/4873
f 3013/4815/4874 3325/5162/4874 3326/5163/4874
f 3013/4815/4875 3326/5163/4875 3319/5156/4875
f 3327/5164/4876 3328/5165/4876 3007/4809/4876
f 3007/4809/4877 3328/5165/4877 3329/5166/4877
f 3007/4809/4878 3329/5166/4878 3008/4810/4878
f 3008/4810/4879 3329/5166/4879 3321/5158/4879
f 3008/4810/4880 3321/5158/4880 3009/4811/4880
f 3009/4811/4881 3321/5158/4881 3010/4812/4881
f 3285/5121/4882 3330/5167/4882 2991/4793/4882
f 2991/4793/4883 3330/5167/4883 3331/5168/4883
f 2991/4793/4884 3331/5168/4884 2992/4794/4884
f 2992/4794/4885 3331/5168/4885 3332/5169/4885
f 2992/4794/4886 3332/5169/4886 2995/4797/4886
f 2995/4797/4887 3332/5169/4887 3333/5170/4887
f 2995/4797/4888 3333/5170/4888 3003/4805/4888
f 3003/4805/4889 3333/5170/4889 3334/5171/4889
f 3007/4809/4890 3006/4808/4890 3327/5164/4890
f 3327/5164/4891 3006/4808/4891 3005/4807/4891
f 3327/5164/4892 3005/4807/4892 3334/5171/4892
f 3334/5171/4893 3005/4807/4893 3004/4806/4893
f 3334/5171/4894 3004/4806/4894 3003/4805/4894
f 2974/4776/4895 2969/4767/4895 3335/5172/4895
f 3336/5173/4896 3337/5174/4896 3338/5175/4896
f 3339/5176/4897 3340/5177/4897 3341/5178/4897
f 3342/5179/4898 3343/5180/4898 3344/5181/4898
f 3345/5182/4899 3346/5183/4899 3347/5184/4899
f 3348/5185/4900 3349/5186/4900 3350/5187/4900
f 3351/5188/4901 3352/5189/4901 3353/5190/4901
f 3354/5191/4902 3355/5192/4902 3356/5193/4902
f 3357/5194/4903 3358/5195/4903 3339/5176/4903
f 3359/5196/4904 3360/5197/4904 3361/5198/4904
f 3362/5199/4905 3363/5200/4905 3364/5201/4905
f 3365/5202/4906 3366/5203/4906 3367/5204/4906
f 3368/5205/4907 3369/5206/4907 3370/5207/4907
f 3371/5208/4908 3372/5209/4908 3373/5210/4908
f 3374/5211/4909 3375/5212/4909 3376/5213/4909
f 3377/5214/4910 3378/5215/4910 3379/5216/4910
f 3380/5217/4911 3381/5218/4911 3382/5219/4911
f 3383/5220/4912 3384/5221/4912 3385/5222/4912
f 3383/5220/4912 3385/5222/4912 3386/5223/4912
f 3387/5224/4913 3388/5225/4913 3351/5188/4913
f 3351/5188/4914 3388/5225/4914 3389/5226/4914
f 3351/5188/4914 3389/5226/4914 3352/5189/4914
f 3352/5189/4914 3389/5226/4914 3386/5223/4914
f 3381/5218/4915 3390/5227/4915 3391/5228/4915
f 3392/5229/4916 3393/5230/4916 3348/5185/4916
f 3348/5185/4917 3393/5230/4917 3394/5231/4917
f 3348/5185/4918 3394/5231/4918 3349/5186/4918
f 3349/5186/4918 3394/5231/4918 3395/5232/4918
f 3349/5186/4911 3395/5232/4911 3380/5217/4911
f 3378/5215/4919 3396/5233/4919 3397/5234/4919
f 3398/5235/4920 3399/5236/4920 3345/5237/4920
f 3345/5237/4921 3399/5236/4921 3400/5238/4921
f 3345/5237/4921 3400/5238/4921 3346/5239/4921
f 3346/5239/4922 3400/5238/4922 3401/5240/4922
f 3346/5241/4923 3401/5242/4923 3377/5214/4923
f 3402/5243/4924 3403/5244/4924 3404/5245/4924
f 3404/5245/4925 3403/5244/4925 3405/5246/4925
f 3373/5210/4926 3372/5209/4926 3402/5243/4926
f 3402/5243/4927 3372/5209/4927 3406/5247/4927
f 3402/5243/4928 3406/5247/4928 3403/5244/4928
f 3407/5248/4907 3408/5249/4907 3368/5205/4907
f 3408/5249/4929 3407/5248/4929 3409/5250/4929
f 3410/5251/4930 3411/5252/4930 3342/5179/4930
f 3342/5179/4931 3411/5252/4931 3412/5253/4931
f 3342/5179/4931 3412/5253/4931 3343/5180/4931
f 3343/5180/4931 3412/5253/4931 3409/5250/4931
f 3413/5254/4932 3414/5255/4932 3415/5256/4932
f 3415/5256/4933 3414/5255/4933 3416/5257/4933
f 3367/5258/4934 3366/5259/4934 3413/5254/4934
f 3413/5254/4934 3366/5259/4934 3417/5260/4934
f 3413/5254/4934 3417/5260/4934 3414/5255/4934
f 3418/5261/4935 3419/5262/4935 3420/5263/4935
f 3420/5263/4936 3419/5262/4936 3421/5264/4936
f 3364/5201/4937 3363/5200/4937 3421/5264/4937
f 3421/5264/4938 3363/5200/4938 3422/5265/4938
f 3421/5264/4936 3422/5265/4936 3420/5263/4936
f 3423/5266/4904 3424/5267/4904 3359/5196/4904
f 3424/5267/4939 3423/5266/4939 3425/5268/4939
f 3339/5176/4940 3358/5195/4940 3340/5177/4940
f 3340/5177/4940 3358/5195/4940 3426/5269/4940
f 3340/5177/4940 3426/5269/4940 3425/5268/4940
f 3427/5270/4941 3428/5271/4941 3429/5272/4941
f 3429/5272/4941 3428/5271/4941 3430/5273/4941
f 3356/5193/4942 3355/5192/4942 3430/5273/4942
f 3430/5273/4942 3355/5192/4942 3431/5274/4942
f 3430/5273/4941 3431/5274/4941 3429/5272/4941
f 3432/5275/4943 3433/5276/4943 3434/5277/4943
f 3434/5277/4944 3433/5276/4944 3435/5278/4944
f 3436/5279/4945 3437/5280/4945 3438/5281/4945
f 3438/5281/4945 3437/5280/4945 3439/5282/4945
f 3438/5281/4946 3439/5282/4946 3435/5278/4946
f 3435/5278/4946 3439/5282/4946 3440/5283/4946
f 3435/5278/4947 3440/5283/4947 3434/5277/4947
f 3441/5284/4948 3442/5285/4948 3443/5286/4948
f 3444/5287/4949 3445/5288/4949 3446/5289/4949
f 3446/5289/4950 3445/5288/4950 3447/5290/4950
f 3446/5289/4951 3447/5290/4951 3442/5285/4951
f 3442/5285/4951 3447/5290/4951 3448/5291/4951
f 3442/5285/4948 3448/5291/4948 3443/5286/4948
f 3449/5292/4952 3450/5293/4952 3451/5294/4952
f 3451/5294/4953 3450/5293/4953 3452/5295/4953
f 3451/5294/4954 3452/5295/4954 3453/5296/4954
f 3454/5297/4955 3455/5298/4955 3336/5173/4955
f 3336/5173/4956 3455/5298/4956 3456/5299/4956
f 3336/5173/4957 3456/5299/4957 3337/5174/4957
f 3337/5174/4957 3456/5299/4957 3457/5300/4957
f 3337/5174/4958 3457/5300/4958 3449/5292/4958
f 3458/5301/4959 3459/5302/4959 3460/5303/4959
f 3461/5304/4960 3462/5305/4960 3463/5306/4960
f 3463/5306/4961 3462/5305/4961 3464/5307/4961
f 3463/5306/4962 3464/5307/4962 3459/5308/4962
f 3459/5308/4962 3464/5307/4962 3465/5309/4962
f 3459/5302/4963 3465/5310/4963 3460/5303/4963
f 3466/5311/4964 3467/5312/4964 3468/5313/4964
f 3384/5221/4965 3469/5314/4965 3470/5315/4965
f 3470/5315/4966 3469/5314/4966 3471/5316/4966
f 3470/5315/4966 3471/5316/4966 3468/5313/4966
f 3468/5313/4966 3471/5316/4966 3472/5317/4966
f 3468/5313/4964 3472/5317/4964 3466/5311/4964
f 3473/5318/4967 3474/5319/4967 3391/5228/4967
f 3381/5218/4915 3391/5228/4915 3382/5219/4915
f 3382/5219/4968 3391/5228/4968 3474/5319/4968
f 3382/5219/4969 3474/5319/4969 3475/5320/4969
f 3476/5321/4970 3477/5322/4970 3397/5323/4970
f 3378/5215/4971 3397/5234/4971 3379/5216/4971
f 3379/5324/4972 3397/5323/4972 3477/5322/4972
f 3379/5324/4972 3477/5322/4972 3478/5325/4972
f 3479/5326/4973 3480/5327/4973 3404/5245/4973
f 3404/5245/4974 3480/5327/4974 3402/5243/4974
f 3402/5243/4974 3480/5327/4974 3481/5328/4974
f 3402/5243/4975 3481/5328/4975 3373/5210/4975
f 3482/5329/4976 3483/5330/4976 3370/5207/4976
f 3368/5205/4907 3370/5207/4907 3407/5248/4907
f 3407/5248/4977 3370/5207/4977 3483/5330/4977
f 3407/5248/4978 3483/5330/4978 3484/5331/4978
f 3485/5332/4979 3486/5333/4979 3415/5256/4979
f 3415/5256/4980 3486/5333/4980 3413/5254/4980
f 3413/5254/4980 3486/5333/4980 3487/5334/4980
f 3413/5335/4981 3487/5336/4981 3367/5337/4981
f 3488/5338/4982 3489/5339/4982 3419/5340/4982
f 3419/5262/4983 3489/5341/4983 3421/5264/4983
f 3421/5264/4983 3489/5341/4983 3490/5342/4983
f 3421/5264/4984 3490/5342/4984 3364/5201/4984
f 3491/5343/4985 3492/5344/4985 3361/5198/4985
f 3359/5196/4904 3361/5198/4904 3423/5266/4904
f 3423/5266/4986 3361/5198/4986 3492/5344/4986
f 3423/5266/4986 3492/5344/4986 3493/5345/4986
f 3494/5346/4987 3495/5347/4987 3428/5271/4987
f 3428/5271/4988 3495/5347/4988 3430/5273/4988
f 3430/5273/4988 3495/5347/4988 3496/5348/4988
f 3430/5273/4989 3496/5348/4989 3356/5193/4989
f 3497/5349/4990 3498/5350/4990 3433/5351/4990
f 3433/5276/4991 3498/5352/4991 3435/5278/4991
f 3435/5278/4991 3498/5352/4991 3499/5353/4991
f 3435/5278/4992 3499/5353/4992 3438/5281/4992
f 3500/5354/4993 3501/5355/4993 3441/5284/4993
f 3441/5284/4994 3501/5355/4994 3442/5285/4994
f 3442/5285/4994 3501/5355/4994 3502/5356/4994
f 3442/5285/4995 3502/5356/4995 3446/5289/4995
f 3503/5357/4996 3451/5294/4996 3504/5358/4996
f 3504/5358/4996 3451/5294/4996 3453/5296/4996
f 3504/5358/4997 3453/5296/4997 3505/5359/4997
f 3506/5360/4998 3507/5361/4998 3458/5301/4998
f 3458/5362/4999 3507/5363/4999 3459/5364/4999
f 3459/5364/4999 3507/5363/4999 3508/5365/4999
f 3459/5364/5000 3508/5365/5000 3463/5366/5000
f 3509/5367/5001 3470/5315/5001 3510/5368/5001
f 3510/5368/5001 3470/5315/5001 3468/5313/5001
f 3510/5368/5002 3468/5313/5002 3511/5369/5002
f 3511/5369/5002 3468/5313/5002 3467/5312/5002
f 3511/5369/5003 3467/5312/5003 3512/5370/5003
f 3384/5221/4965 3470/5315/4965 3385/5222/4965
f 3385/5222/5004 3470/5315/5004 3509/5367/5004
f 3385/5222/5004 3509/5367/5004 3513/5371/5004
f 3513/5372/5005 3509/5373/5005 2855/4649/5005
f 3513/5372/5005 2855/4649/5005 3036/4838/5005
f 3386/5223/4912 3385/5222/4912 3352/5189/4912
f 3352/5189/5006 3385/5222/5006 3513/5371/5006
f 3352/5189/5006 3513/5371/5006 3353/5190/5006
f 3353/5374/5007 3513/5372/5007 3036/4838/5007
f 3353/5374/5007 3036/4838/5007 3035/4837/5007
f 3035/4837/5007 3034/4836/5007 3353/5374/5007
f 3353/5374/5008 3034/4836/5008 3473/5375/5008
f 3353/5190/4901 3473/5318/4901 3351/5188/4901
f 3351/5188/4967 3473/5318/4967 3391/5228/4967
f 3351/5188/4913 3391/5228/4913 3387/5224/4913
f 3387/5224/4913 3391/5228/4913 3390/5227/4913
f 3034/4836/5008 3033/4835/5008 3473/5375/5008
f 3473/5375/5009 3033/4835/5009 3032/4834/5009
f 3473/5375/5009 3032/4834/5009 3474/5376/5009
f 3474/5376/5009 3032/4834/5009 3031/4833/5009
f 3474/5376/5010 3031/4833/5010 3475/5377/5010
f 3475/5377/5010 3031/4833/5010 3030/4832/5010
f 3475/5377/5010 3030/4832/5010 3029/4831/5010
f 3380/5217/4911 3382/5219/4911 3349/5186/4911
f 3349/5186/5011 3382/5219/5011 3475/5320/5011
f 3349/5186/5011 3475/5320/5011 3350/5187/5011
f 3350/5378/5012 3475/5377/5012 3029/4831/5012
f 3350/5378/5012 3029/4831/5012 3028/4830/5012
f 3028/4830/5013 3027/4829/5013 3350/5378/5013
f 3350/5378/5013 3027/4829/5013 3476/5321/5013
f 3350/5187/4900 3476/5379/4900 3348/5185/4900
f 3348/5380/4970 3476/5321/4970 3397/5323/4970
f 3348/5185/5014 3397/5234/5014 3392/5229/5014
f 3392/5229/5015 3397/5234/5015 3396/5233/5015
f 3027/4829/5013 3026/4828/5013 3476/5321/5013
f 3476/5321/5016 3026/4828/5016 3025/4827/5016
f 3476/5321/5016 3025/4827/5016 3477/5322/5016
f 3477/5322/5016 3025/4827/5016 3024/4826/5016
f 3477/5322/5017 3024/4826/5017 3478/5325/5017
f 3478/5325/5018 3024/4826/5018 3023/4825/5018
f 3478/5325/5019 3023/4825/5019 3022/4824/5019
f 3377/5214/4910 3379/5216/4910 3346/5241/4910
f 3346/5183/5020 3379/5324/5020 3478/5325/5020
f 3346/5183/5021 3478/5325/5021 3347/5184/5021
f 3347/5184/5019 3478/5325/5019 3022/4824/5019
f 3347/5184/5019 3022/4824/5019 3021/4823/5019
f 3514/5381/5022 3398/5235/5022 3515/5382/5022
f 3515/5382/5023 3398/5235/5023 3345/5237/5023
f 3515/5383/5024 3345/5182/5024 3335/5172/5024
f 3335/5172/4899 3345/5182/4899 3347/5184/4899
f 3335/5172/4895 3347/5184/4895 2974/4776/4895
f 2974/4776/4895 3347/5184/4895 3021/4823/4895
f 2969/4767/5025 2966/4764/5025 3335/5172/5025
f 3335/5172/5025 2966/4764/5025 3516/5384/5025
f 3335/5172/5024 3516/5384/5024 3515/5383/5024
f 3515/5382/5026 3516/5385/5026 3376/5213/5026
f 3515/5382/5027 3376/5213/5027 3514/5381/5027
f 3514/5381/5027 3376/5213/5027 3375/5212/5027
f 2966/4764/5028 2996/4798/5028 3516/5384/5028
f 3516/5384/5029 2996/4798/5029 3479/5386/5029
f 3516/5385/5030 3479/5326/5030 3376/5213/5030
f 3376/5213/5031 3479/5326/5031 3404/5245/5031
f 3376/5213/5032 3404/5245/5032 3374/5211/5032
f 3374/5211/5033 3404/5245/5033 3405/5246/5033
f 2996/4798/5034 2997/4799/5034 3479/5386/5034
f 3479/5386/5035 2997/4799/5035 2998/4800/5035
f 3479/5386/5035 2998/4800/5035 3480/5387/5035
f 3480/5387/5035 2998/4800/5035 2999/4801/5035
f 3480/5387/5036 2999/4801/5036 3481/5388/5036
f 3481/5388/5037 2999/4801/5037 3000/4802/5037
f 3000/4802/5036 3001/4803/5036 3481/5388/5036
f 3481/5388/5038 3001/4803/5038 3482/5389/5038
f 3481/5328/4975 3482/5329/4975 3373/5210/4975
f 3373/5210/5039 3482/5329/5039 3370/5207/5039
f 3373/5210/4908 3370/5207/4908 3371/5208/4908
f 3371/5208/4908 3370/5207/4908 3369/5206/4908
f 3001/4803/5040 3002/4804/5040 3482/5389/5040
f 3482/5389/5041 3002/4804/5041 2959/4757/5041
f 3482/5389/5042 2959/4757/5042 3483/5390/5042
f 3483/5390/5043 2959/4757/5043 2958/4756/5043
f 3483/5390/5044 2958/4756/5044 3484/5391/5044
f 3484/5391/5045 2958/4756/5045 2957/4755/5045
f 3484/5391/5046 2957/4755/5046 2956/4754/5046
f 3409/5250/5047 3407/5248/5047 3343/5180/5047
f 3343/5180/5048 3407/5248/5048 3484/5331/5048
f 3343/5180/5049 3484/5331/5049 3344/5181/5049
f 3344/5392/5050 3484/5391/5050 2956/4754/5050
f 3344/5392/5050 2956/4754/5050 2955/4753/5050
f 2955/4753/5051 2954/4752/5051 3344/5392/5051
f 3344/5392/5051 2954/4752/5051 3485/5393/5051
f 3344/5181/4898 3485/5332/4898 3342/5179/4898
f 3342/5179/4979 3485/5332/4979 3415/5256/4979
f 3342/5179/4930 3415/5256/4930 3410/5251/4930
f 3410/5251/5052 3415/5256/5052 3416/5257/5052
f 2950/4748/5053 3487/5336/5053 2951/4749/5053
f 2951/4749/5053 3487/5336/5053 3486/5394/5053
f 2951/4749/5054 3486/5394/5054 2952/4750/5054
f 2952/4750/5054 3486/5394/5054 3485/5393/5054
f 2952/4750/5054 3485/5393/5054 2953/4751/5054
f 2953/4751/5051 3485/5393/5051 2954/4752/5051
f 2950/4748/5055 2945/4743/5055 3487/5336/5055
f 3487/5336/5055 2945/4743/5055 3488/5338/5055
f 3487/5336/5056 3488/5338/5056 3367/5337/5056
f 3367/5337/4982 3488/5338/4982 3419/5340/4982
f 3367/5204/5057 3419/5262/5057 3365/5202/5057
f 3365/5202/5058 3419/5262/5058 3418/5261/5058
f 2945/4743/5055 2923/4717/5055 3488/5338/5055
f 3488/5338/5059 2923/4717/5059 2927/4725/5059
f 3488/5338/5059 2927/4725/5059 3489/5339/5059
f 3489/5339/5060 2927/4725/5060 2899/4693/5060
f 3489/5339/5061 2899/4693/5061 3490/5395/5061
f 3490/5395/5061 2899/4693/5061 2902/4696/5061
f 2902/4696/5061 3106/4910/5061 3490/5395/5061
f 3490/5395/5062 3106/4910/5062 3491/5396/5062
f 3490/5342/5063 3491/5343/5063 3364/5201/5063
f 3364/5201/4985 3491/5343/4985 3361/5198/4985
f 3364/5201/4905 3361/5198/4905 3362/5199/4905
f 3362/5199/4905 3361/5198/4905 3360/5197/4905
f 3106/4910/5062 3122/4926/5062 3491/5396/5062
f 3491/5396/5064 3122/4926/5064 3121/4925/5064
f 3491/5396/5064 3121/4925/5064 3492/5397/5064
f 3492/5397/5065 3121/4925/5065 3120/4924/5065
f 3492/5397/5066 3120/4924/5066 3493/5398/5066
f 3493/5398/5066 3120/4924/5066 3119/4923/5066
f 3493/5398/5066 3119/4923/5066 3118/4922/5066
f 3425/5268/4939 3423/5266/4939 3340/5177/4939
f 3340/5177/5067 3423/5266/5067 3493/5345/5067
f 3340/5177/5067 3493/5345/5067 3341/5178/5067
f 3341/5399/5068 3493/5398/5068 3118/4922/5068
f 3341/5399/5068 3118/4922/5068 3117/4921/5068
f 3117/4921/5069 3116/4920/5069 3341/5399/5069
f 3341/5399/5069 3116/4920/5069 3494/5400/5069
f 3341/5178/4897 3494/5346/4897 3339/5176/4897
f 3339/5176/4987 3494/5346/4987 3428/5271/4987
f 3339/5176/4903 3428/5271/4903 3357/5194/4903
f 3357/5194/4903 3428/5271/4903 3427/5270/4903
f 3112/4916/5070 3496/5401/5070 3113/4917/5070
f 3113/4917/5070 3496/5401/5070 3495/5402/5070
f 3113/4917/5071 3495/5402/5071 3114/4918/5071
f 3114/4918/5072 3495/5402/5072 3494/5400/5072
f 3114/4918/5071 3494/5400/5071 3115/4919/5071
f 3115/4919/5069 3494/5400/5069 3116/4920/5069
f 3112/4916/5073 3111/4915/5073 3496/5401/5073
f 3496/5401/5073 3111/4915/5073 3497/5349/5073
f 3496/5348/5074 3497/5403/5074 3356/5193/5074
f 3356/5404/4990 3497/5349/4990 3433/5351/4990
f 3356/5193/4902 3433/5405/4902 3354/5191/4902
f 3354/5191/4902 3433/5405/4902 3432/5406/4902
f 3107/4911/5075 3499/5407/5075 3108/4912/5075
f 3108/4912/5076 3499/5407/5076 3498/5350/5076
f 3108/4912/5077 3498/5350/5077 3109/4913/5077
f 3109/4913/5077 3498/5350/5077 3497/5349/5077
f 3109/4913/5077 3497/5349/5077 3110/4914/5077
f 3110/4914/5073 3497/5349/5073 3111/4915/5073
f 3107/4911/5078 2843/4637/5078 3499/5407/5078
f 3499/5407/5079 2843/4637/5079 3500/5408/5079
f 3499/5353/4992 3500/5354/4992 3438/5281/4992
f 3438/5281/4993 3500/5354/4993 3441/5284/4993
f 3438/5281/4945 3441/5284/4945 3436/5279/4945
f 3436/5279/4948 3441/5284/4948 3443/5286/4948
f 2843/4637/5079 3060/4864/5079 3500/5408/5079
f 3500/5408/5080 3060/4864/5080 3053/4855/5080
f 3500/5408/5081 3053/4855/5081 3501/5409/5081
f 3501/5409/5081 3053/4855/5081 3052/4854/5081
f 3501/5409/5082 3052/4854/5082 3502/5410/5082
f 3502/5410/5082 3052/4854/5082 3051/4853/5082
f 3051/4853/5082 3050/4852/5082 3502/5410/5082
f 3502/5410/5083 3050/4852/5083 3505/5411/5083
f 3502/5356/5084 3505/5359/5084 3446/5289/5084
f 3446/5289/4997 3505/5359/4997 3453/5296/4997
f 3446/5289/5085 3453/5296/5085 3444/5287/5085
f 3444/5287/4954 3453/5296/4954 3452/5295/4954
f 3050/4852/5083 3049/4851/5083 3505/5411/5083
f 3505/5411/5086 3049/4851/5086 3048/4850/5086
f 3505/5411/5086 3048/4850/5086 3504/5412/5086
f 3504/5412/5086 3048/4850/5086 3047/4849/5086
f 3504/5412/5087 3047/4849/5087 3503/5413/5087
f 3503/5413/5088 3047/4849/5088 3046/4848/5088
f 3503/5413/5089 3046/4848/5089 3045/4847/5089
f 3449/5292/4952 3451/5294/4952 3337/5174/4952
f 3337/5174/5090 3451/5294/5090 3503/5357/5090
f 3337/5174/5090 3503/5357/5090 3338/5175/5090
f 3338/5414/5091 3503/5413/5091 3045/4847/5091
f 3338/5414/5091 3045/4847/5091 3044/4846/5091
f 3044/4846/5092 3043/4845/5092 3338/5414/5092
f 3338/5414/5092 3043/4845/5092 3506/5415/5092
f 3338/5175/4896 3506/5360/4896 3336/5173/4896
f 3336/5173/4998 3506/5360/4998 3458/5301/4998
f 3336/5173/5093 3458/5301/5093 3454/5297/5093
f 3454/5297/4963 3458/5301/4963 3460/5303/4963
f 3039/4841/5094 3508/5365/5094 3040/4842/5094
f 3040/4842/5094 3508/5365/5094 3507/5363/5094
f 3040/4842/5095 3507/5363/5095 3041/4843/5095
f 3041/4843/5095 3507/5363/5095 3506/5415/5095
f 3041/4843/5095 3506/5415/5095 3042/4844/5095
f 3042/4844/5092 3506/5415/5092 3043/4845/5092
f 3039/4841/5096 3038/4840/5096 3508/5365/5096
f 3508/5365/5096 3038/4840/5096 3512/5416/5096
f 3508/5365/5000 3512/5416/5000 3463/5366/5000
f 3463/5306/5003 3512/5370/5003 3467/5312/5003
f 3463/5306/5097 3467/5312/5097 3461/5304/5097
f 3461/5304/4964 3467/5312/4964 3466/5311/4964
f 3038/4840/5098 3037/4839/5098 3512/5416/5098
f 3512/5416/5099 3037/4839/5099 2880/4674/5099
f 3512/5416/5099 2880/4674/5099 3511/5417/5099
f 3511/5417/5099 2880/4674/5099 2889/4683/5099
f 3511/5417/5100 2889/4683/5100 3510/5418/5100
f 3510/5418/5100 2889/4683/5100 2844/4638/5100
f 3510/5418/5101 2844/4638/5101 3509/5373/5101
f 3509/5373/5101 2844/4638/5101 2847/4641/5101
f 3509/5373/5005 2847/4641/5005 2855/4649/5005
f 3157/5419/5102 3156/5420/5102 3517/5421/5102
f 3518/5422/5103 3174/5423/5103 3175/5424/5103
f 3170/5425/5104 3519/5426/5104 3171/5427/5104
f 3171/5427/5105 3519/5426/5105 3518/5422/5105
f 3171/5427/5106 3518/5422/5106 3176/5428/5106
f 3176/5428/5106 3518/5422/5106 3175/5424/5106
f 3520/5429/5107 3172/4980/5107 3518/5422/5107
f 3518/5422/5108 3172/4980/5108 3173/4982/5108
f 3518/5422/5103 3173/4982/5103 3174/5423/5103
f 3165/5430/5109 3164/5431/5109 3520/5429/5109
f 3165/5432/5110 3520/5433/5110 3166/5434/5110
f 3517/5435/5111 3156/5436/5111 3520/5437/5111
f 3520/5433/5112 3156/5438/5112 3167/5439/5112
f 3520/5433/5113 3167/5439/5113 3166/5434/5113
f 3164/5431/5114 3163/4967/5114 3520/5429/5114
f 3520/5429/5115 3163/4967/5115 3162/4966/5115
f 3520/5429/5115 3162/4966/5115 3172/4980/5115
f 3161/5440/5116 3160/5441/5116 3521/5442/5116
f 3521/5442/5117 3160/5441/5117 3159/5443/5117
f 3521/5442/5118 3159/5443/5118 3517/5421/5118
f 3517/5421/5119 3159/5443/5119 3158/5444/5119
f 3517/5421/5120 3158/5444/5120 3157/5419/5120
f 3152/5445/5121 3151/5446/5121 3522/5447/5121
f 3522/5447/5122 3151/5446/5122 3150/5448/5122
f 3522/5447/5123 3150/5448/5123 3521/5442/5123
f 3521/5442/5124 3150/5448/5124 3155/5449/5124
f 3521/5442/5125 3155/5449/5125 3161/5440/5125
f 3149/5450/5126 3154/5451/5126 3522/5447/5126
f 3522/5447/5127 3154/5451/5127 3153/5452/5127
f 3522/5447/5126 3153/5452/5126 3152/5445/5126
f 3523/5453/5128 3147/5454/5128 3522/5447/5128
f 3522/5447/5129 3147/5454/5129 3148/5455/5129
f 3522/5447/5130 3148/5455/5130 3149/5450/5130
f 3143/5456/5131 3144/5457/5131 3524/5458/5131
f 3524/5458/5132 3144/5457/5132 3145/5459/5132
f 3524/5458/5133 3145/5459/5133 3523/5460/5133
f 3523/5460/5134 3145/5459/5134 3146/5461/5134
f 3523/5460/5135 3146/5461/5135 3147/5462/5135
f 3525/5463/5136 3135/5464/5136 3141/5465/5136
f 3525/5463/5137 3141/5465/5137 3524/5458/5137
f 3524/5458/5138 3141/5465/5138 3142/5466/5138
f 3524/5458/5139 3142/5466/5139 3143/5456/5139
f 3526/5467/5140 3140/5468/5140 3139/5469/5140
f 3139/5469/5141 3138/5470/5141 3526/5467/5141
f 3526/5471/5142 3138/5472/5142 3137/5473/5142
f 3526/5471/5143 3137/5473/5143 3525/5463/5143
f 3525/5463/5144 3137/5473/5144 3136/5474/5144
f 3525/5463/5136 3136/5474/5136 3135/5464/5136
f 3527/5475/5145 3133/5476/5145 3132/5477/5145
f 3132/5477/5146 3131/5478/5146 3527/5475/5146
f 3527/5475/5147 3131/5478/5147 3130/5479/5147
f 3527/5475/5148 3130/5479/5148 3526/5467/5148
f 3526/5467/5140 3130/5479/5140 3129/5480/5140
f 3526/5467/5149 3129/5480/5149 3140/5468/5149
f 3126/5481/5150 3528/5482/5150 3125/5483/5150
f 3125/5483/5151 3528/5482/5151 3124/5484/5151
f 3126/5481/5152 3127/5485/5152 3528/5482/5152
f 3528/5482/5153 3127/5485/5153 3128/5486/5153
f 3528/5482/5154 3128/5486/5154 3527/5475/5154
f 3527/5475/5155 3128/5486/5155 3134/5487/5155
f 3527/5475/5156 3134/5487/5156 3133/5476/5156
f 3170/5425/5157 3169/5488/5157 3519/5426/5157
f 3519/5426/5158 3169/5488/5158 3168/5489/5158
f 3519/5426/5159 3168/5489/5159 3528/5490/5159
f 3528/5482/5160 3168/5491/5160 3123/5492/5160
f 3528/5482/5160 3123/5492/5160 3124/5484/5160
f 3213/5493/5161 3214/5494/5161 3529/5495/5161
f 3226/5496/5162 3179/5497/5162 3530/5498/5162
f 3530/5498/5163 3179/5497/5163 3531/5499/5163
f 3229/5500/5164 3228/5501/5164 3530/5498/5164
f 3530/5498/5165 3228/5501/5165 3227/5502/5165
f 3530/5498/5165 3227/5502/5165 3226/5496/5165
f 3218/5503/5166 3219/5504/5166 3532/5505/5166
f 3532/5505/5167 3219/5504/5167 3220/5506/5167
f 3532/5507/5168 3220/5508/5168 3533/5509/5168
f 3533/5509/5169 3220/5508/5169 3223/5510/5169
f 3533/5509/5170 3223/5510/5170 3222/5511/5170
f 3222/5511/5171 3221/5512/5171 3533/5509/5171
f 3533/5509/5172 3221/5512/5172 3225/5513/5172
f 3533/5509/5173 3225/5513/5173 3530/5498/5173
f 3530/5498/5174 3225/5513/5174 3224/5514/5174
f 3530/5498/5175 3224/5514/5175 3229/5500/5175
f 3214/5494/5176 3215/5515/5176 3529/5495/5176
f 3529/5495/5177 3215/5515/5177 3216/5516/5177
f 3529/5495/5178 3216/5516/5178 3532/5505/5178
f 3532/5505/5179 3216/5516/5179 3217/5517/5179
f 3532/5505/5180 3217/5517/5180 3218/5503/5180
f 3213/5493/5181 3529/5495/5181 3212/5518/5181
f 3212/5518/5182 3529/5495/5182 3534/5519/5182
f 3212/5518/5183 3534/5519/5183 3211/5520/5183
f 3209/5521/5184 3202/5522/5184 3535/5523/5184
f 3535/5523/5185 3202/5522/5185 3201/5524/5185
f 3535/5523/5186 3201/5524/5186 3534/5519/5186
f 3534/5519/5187 3201/5524/5187 3210/5525/5187
f 3534/5519/5188 3210/5525/5188 3211/5520/5188
f 3205/5526/5189 3206/5527/5189 3536/5528/5189
f 3536/5528/5190 3206/5527/5190 3207/5033/5190
f 3536/5528/5191 3207/5033/5191 3535/5529/5191
f 3537/5533/5195 3200/5532/5195 3203/5534/5195
f 3537/5533/5196 3203/5534/5196 3536/5528/5196
f 3192/5012/5201 3193/5014/5201 3538/5539/5201
f 3538/5539/5202 3193/5014/5202 3194/5540/5202
f 3194/5540/5203 3195/5541/5203 3538/5539/5203
f 3538/5539/5204 3195/5541/5204 3196/5542/5204
f 3538/5543/5205 3196/5544/5205 3537/5533/5205
f 3537/5533/5206 3196/5544/5206 3198/5545/5206
f 3191/5546/5208 3539/5547/5208 3190/5548/5208
f 3190/5548/5209 3539/5547/5209 3540/5549/5209
f 3190/5548/5210 3540/5549/5210 3189/5550/5210
f 3191/5546/5208 3188/5551/5208 3539/5547/5208
f 3539/5547/5211 3188/5551/5211 3187/5552/5211
f 3539/5547/5212 3187/5552/5212 3538/5539/5212
f 3538/5539/5213 3187/5552/5213 3186/5553/5213
f 3538/5539/5214 3186/5553/5214 3192/5012/5214
f 3179/5497/5215 3182/5554/5215 3531/5499/5215
f 3531/5499/5216 3182/5554/5216 3183/5555/5216
f 3531/5499/5217 3183/5555/5217 3184/5556/5217
f 3184/5556/5218 3185/5557/5218 3531/5499/5218
f 3531/5499/5219 3185/5557/5219 3181/5558/5219
f 3531/5499/5220 3181/5558/5220 3540/5559/5220
f 3540/5549/5221 3181/5560/5221 3180/5561/5221
f 3540/5549/5222 3180/5561/5222 3189/5550/5222
f 3237/5562/5223 3236/5563/5223 3541/5564/5223
f 3542/5565/5224 3281/5566/5224 3282/5567/5224
f 3542/5565/5225 3282/5567/5225 3543/5568/5225
f 3268/5569/5226 3278/5570/5226 3544/5571/5226
f 3544/5571/5227 3278/5570/5227 3279/5572/5227
f 3544/5571/5228 3279/5572/5228 3542/5565/5228
f 3542/5565/5229 3279/5572/5229 3280/5573/5229
f 3542/5565/5229 3280/5573/5229 3281/5566/5229
f 3545/5574/5230 3273/5575/5230 3272/5576/5230
f 3272/5576/5231 3271/5577/5231 3545/5574/5231
f 3545/5578/5232 3271/5579/5232 3270/5580/5232
f 3545/5578/5233 3270/5580/5233 3544/5571/5233
f 3544/5571/5234 3270/5580/5234 3269/5581/5234
f 3544/5571/5235 3269/5581/5235 3268/5569/5235
f 3546/5582/5236 3266/5583/5236 3265/5584/5236
f 3265/5584/5236 3264/5585/5236 3546/5582/5236
f 3546/5582/5237 3264/5585/5237 3263/5586/5237
f 3546/5582/5238 3263/5586/5238 3545/5574/5238
f 3545/5574/5230 3263/5586/5230 3262/5587/5230
f 3545/5574/5239 3262/5587/5239 3273/5575/5239
f 3257/5588/5240 3256/5589/5240 3547/5590/5240
f 3547/5590/5241 3256/5589/5241 3261/5591/5241
f 3547/5590/5242 3261/5591/5242 3546/5582/5242
f 3546/5582/5243 3261/5591/5243 3267/5592/5243
f 3546/5582/5244 3267/5592/5244 3266/5583/5244
f 3260/5593/5245 3259/5594/5245 3547/5590/5245
f 3547/5590/5246 3259/5594/5246 3258/5595/5246
f 3547/5590/5247 3258/5595/5247 3257/5588/5247
f 3242/5596/5128 3547/5590/5128 3548/5597/5128
f 3242/5596/5248 3254/5598/5248 3547/5590/5248
f 3547/5590/5249 3254/5598/5249 3255/5599/5249
f 3547/5590/5250 3255/5599/5250 3260/5593/5250
f 3549/5600/5251 3246/5601/5251 3245/5602/5251
f 3245/5602/5252 3244/5603/5252 3549/5600/5252
f 3549/5600/5253 3244/5603/5253 3243/5073/5253
f 3549/5600/5254 3243/5073/5254 3548/5604/5254
f 3548/5604/5135 3243/5073/5135 3242/5072/5135
f 3550/5605/5255 3248/5081/5255 3549/5600/5255
f 3549/5600/5256 3248/5081/5256 3247/5080/5256
f 3549/5600/5251 3247/5080/5251 3246/5601/5251
f 3252/5606/5257 3251/5607/5257 3550/5605/5257
f 3252/5608/5258 3550/5609/5258 3253/5610/5258
f 3541/5611/5259 3236/5612/5259 3550/5613/5259
f 3550/5609/5260 3236/5614/5260 3253/5610/5260
f 3251/5607/5261 3250/5615/5261 3550/5605/5261
f 3550/5605/5262 3250/5615/5262 3249/5616/5262
f 3550/5605/5262 3249/5616/5262 3248/5081/5262
f 3241/5617/5263 3240/5618/5263 3551/5619/5263
f 3551/5619/5264 3240/5618/5264 3239/5620/5264
f 3551/5619/5265 3239/5620/5265 3541/5564/5265
f 3541/5564/5266 3239/5620/5266 3238/5621/5266
f 3541/5564/5267 3238/5621/5267 3237/5562/5267
f 3232/5622/5268 3233/5623/5268 3552/5624/5268
f 3552/5624/5269 3233/5623/5269 3234/5625/5269
f 3552/5624/5270 3234/5625/5270 3551/5619/5270
f 3551/5619/5271 3234/5625/5271 3235/5626/5271
f 3551/5619/5272 3235/5626/5272 3241/5617/5272
f 3282/5567/5273 3277/5627/5273 3543/5568/5273
f 3543/5568/5274 3277/5627/5274 3276/5628/5274
f 3543/5568/5275 3276/5628/5275 3552/5629/5275
f 3552/5629/5276 3276/5628/5276 3275/5630/5276
f 3552/5629/5277 3275/5630/5277 3274/5631/5277
f 3274/5632/5278 3230/5633/5278 3552/5624/5278
f 3552/5624/5279 3230/5633/5279 3231/5634/5279
f 3552/5624/5280 3231/5634/5280 3232/5622/5280
f 3299/5635/5281 3298/5636/5281 3553/5637/5281
f 3312/5638/5282 3313/5639/5282 3554/5640/5282
f 3333/5641/5283 3332/5642/5283 3555/5643/5283
f 3333/5641/5284 3555/5643/5284 3334/5644/5284
f 3334/5644/5285 3555/5643/5285 3556/5645/5285
f 3334/5644/5286 3556/5645/5286 3327/5646/5286
f 3323/5647/5287 3322/5648/5287 3557/5649/5287
f 3322/5648/5288 3321/5650/5288 3557/5649/5288
f 3557/5649/5289 3321/5650/5289 3329/5651/5289
f 3557/5649/5290 3329/5651/5290 3556/5645/5290
f 3556/5645/5291 3329/5651/5291 3328/5652/5291
f 3556/5645/5292 3328/5652/5292 3327/5646/5292
f 3326/5653/5293 3325/5654/5293 3557/5649/5293
f 3557/5649/5294 3325/5654/5294 3324/5655/5294
f 3557/5649/5294 3324/5655/5294 3323/5647/5294
f 3320/5656/5295 3318/5657/5295 3558/5658/5295
f 3558/5658/5296 3318/5657/5296 3317/5659/5296
f 3558/5660/5297 3317/5661/5297 3557/5662/5297
f 3557/5663/5298 3317/5664/5298 3319/5665/5298
f 3557/5663/5299 3319/5665/5299 3326/5666/5299
f 3313/5639/5300 3314/5667/5300 3554/5640/5300
f 3554/5640/5300 3314/5667/5300 3315/5668/5300
f 3554/5640/5301 3315/5668/5301 3558/5658/5301
f 3558/5658/5302 3315/5668/5302 3316/5669/5302
f 3558/5658/5303 3316/5669/5303 3320/5656/5303
f 3559/5670/5304 3309/5671/5304 3310/5672/5304
f 3559/5670/5305 3310/5672/5305 3554/5640/5305
f 3554/5640/5306 3310/5672/5306 3311/5673/5306
f 3554/5640/5306 3311/5673/5306 3312/5638/5306
f 3305/5674/5307 3306/5675/5307 3560/5676/5307
f 3560/5677/5308 3306/5678/5308 3307/5679/5308
f 3560/5677/5309 3307/5679/5309 3559/5670/5309
f 3559/5670/5310 3307/5679/5310 3308/5680/5310
f 3559/5670/5311 3308/5680/5311 3309/5671/5311
f 3303/5681/5312 3302/5682/5312 3561/5683/5312
f 3561/5683/5313 3302/5682/5313 3301/5684/5313
f 3561/5683/5314 3301/5684/5314 3560/5676/5314
f 3560/5676/5315 3301/5684/5315 3304/5685/5315
f 3560/5676/5316 3304/5685/5316 3305/5674/5316
f 3298/5636/5317 3297/5686/5317 3553/5637/5317
f 3553/5637/5318 3297/5686/5318 3296/5687/5318
f 3553/5637/5319 3296/5687/5319 3561/5683/5319
f 3561/5683/5320 3296/5687/5320 3295/5688/5320
f 3561/5683/5321 3295/5688/5321 3303/5681/5321
f 3292/5689/5322 3291/5690/5322 3562/5691/5322
f 3562/5691/5323 3291/5690/5323 3293/5692/5323
f 3562/5693/5324 3293/5694/5324 3553/5695/5324
f 3553/5696/5325 3293/5697/5325 3300/5698/5325
f 3553/5637/5326 3300/5699/5326 3299/5635/5326
f 3286/5700/5327 3287/5701/5327 3563/5702/5327
f 3563/5702/5327 3287/5701/5327 3288/5703/5327
f 3288/5703/5328 3289/5704/5328 3563/5702/5328
f 3563/5702/5329 3289/5704/5329 3290/5705/5329
f 3563/5702/5330 3290/5705/5330 3562/5691/5330
f 3562/5691/5331 3290/5705/5331 3294/5706/5331
f 3562/5691/5332 3294/5706/5332 3292/5689/5332
f 3286/5700/5333 3563/5702/5333 3283/5707/5333
f 3283/5707/5334 3563/5702/5334 3564/5708/5334
f 3283/5707/5335 3564/5708/5335 3284/5709/5335
f 3332/5642/5336 3331/5710/5336 3555/5643/5336
f 3555/5711/5337 3331/5712/5337 3330/5713/5337
f 3555/5714/5338 3330/5715/5338 3564/5716/5338
f 3564/5708/5339 3330/5717/5339 3285/5718/5339
f 3564/5708/5339 3285/5718/5339 3284/5709/5339
f 3604/5762/869 3523/5763/869 3605/5764/869
f 3605/5764/869 3523/5763/869 3522/5765/869
f 3605/5764/869 3522/5765/869 3606/5766/869
f 3606/5766/869 3522/5765/869 3521/5767/869
f 3606/5766/869 3521/5767/869 3607/5768/869
f 3607/5768/869 3521/5767/869 3517/5769/869
f 3607/5768/869 3517/5769/869 3608/5770/869
f 3608/5770/869 3517/5769/869 3520/5771/869
f 3608/5770/869 3520/5771/869 3609/5772/869
f 3609/5772/869 3520/5771/869 3518/5773/869
f 3609/5772/869 3518/5773/869 3610/5774/869
f 3610/5774/869 3518/5773/869 3519/5775/869
f 3610/5774/869 3519/5775/869 3611/5776/869
f 3611/5776/869 3519/5775/869 3528/5777/869
f 3611/5776/869 3528/5777/869 3612/5778/869
f 3612/5778/869 3528/5777/869 3527/5779/869
f 3612/5778/869 3527/5779/869 3613/5780/869
f 3613/5780/869 3527/5779/869 3526/5781/869
f 3613/5780/869 3526/5781/869 3614/5782/869
f 3614/5782/869 3526/5781/869 3525/5783/869
f 3614/5782/869 3525/5783/869 3615/5784/869
f 3615/5784/869 3525/5783/869 3524/5785/869
f 3615/5784/869 3524/5785/869 3604/5762/869
f 3604/5762/869 3524/5785/869 3523/5763/869
f 3640/5814/869 3536/5815/869 3641/5816/869
f 3641/5816/869 3536/5815/869 3535/5817/869
f 3641/5816/869 3535/5817/869 3642/5818/869
f 3642/5818/869 3535/5817/869 3534/5819/869
f 3642/5818/869 3534/5819/869 3643/5820/869
f 3643/5820/869 3534/5819/869 3529/5821/869
f 3643/5820/869 3529/5821/869 3644/5822/869
f 3644/5822/869 3529/5821/869 3532/5823/869
f 3645/5824/869 3532/5823/869 3533/5825/869
f 3645/5824/869 3533/5825/869 3646/5826/869
f 3646/5826/869 3533/5825/869 3530/5827/869
f 3647/5828/869 3530/5827/869 3531/5829/869
f 3647/5828/869 3531/5829/869 3648/5830/869
f 3648/5830/869 3531/5829/869 3540/5831/869
f 3648/5830/869 3540/5831/869 3649/5832/869
f 3649/5832/869 3540/5831/869 3539/5833/869
f 3649/5832/869 3539/5833/869 3650/5834/869
f 3650/5834/869 3539/5833/869 3538/5835/869
f 3650/5834/869 3538/5835/869 3651/5836/869
f 3651/5836/869 3538/5835/869 3537/5837/869
f 3651/5836/869 3537/5837/869 3640/5814/869
f 3640/5814/869 3537/5837/869 3536/5815/869
f 3680/5868/869 3548/5869/869 3681/5870/869
f 3681/5870/869 3548/5869/869 3547/5871/869
f 3681/5870/869 3547/5871/869 3682/5872/869
f 3682/5872/869 3547/5871/869 3546/5873/869
f 3683/5874/869 3546/5873/869 3545/5875/869
f 3683/5874/869 3545/5875/869 3684/5876/869
f 3684/5876/869 3545/5875/869 3544/5877/869
f 3687/5882/869 3543/5881/869 3552/5883/869
f 3687/5882/869 3552/5883/869 3688/5884/869
f 3688/5884/869 3552/5883/869 3551/5885/869
f 3689/5886/869 3551/5885/869 3541/5887/869
f 3689/5886/869 3541/5887/869 3690/5888/869
f 3690/5888/869 3541/5887/869 3550/5889/869
f 3690/5888/869 3550/5889/869 3691/5890/869
f 3691/5890/869 3550/5889/869 3549/5891/869
f 3691/5890/869 3549/5891/869 3680/5868/869
f 3680/5868/869 3549/5891/869 3548/5869/869
f 3710/5914/869 3561/5915/869 3711/5916/869
f 3711/5916/869 3561/5915/869 3560/5917/869
f 3711/5916/869 3560/5917/869 3712/5918/869
f 3712/5918/869 3560/5917/869 3559/5919/869
f 3712/5918/869 3559/5919/869 3713/5920/869
f 3713/5920/869 3559/5919/869 3554/5921/869
f 3713/5920/869 3554/5921/869 3714/5922/869
f 3714/5922/869 3554/5921/869 3558/5923/869
f 3714/5922/869 3558/5923/869 3715/5924/869
f 3715/5924/869 3558/5923/869 3557/5925/869
f 3715/5924/869 3557/5925/869 3716/5926/869
f 3716/5926/869 3557/5925/869 3556/5927/869
f 3716/5926/869 3556/5927/869 3717/5928/869
f 3717/5928/869 3556/5927/869 3555/5929/869
f 3717/5928/869 3555/5929/869 3718/5930/869
f 3718/5930/869 3555/5929/869 3564/5931/869
f 3718/5930/869 3564/5931/869 3719/5932/869
f 3719/5932/869 3564/5931/869 3563/5933/869
f 3719/5932/869 3563/5933/869 3720/5934/869
f 3720/5934/869 3563/5933/869 3562/5935/869
f 3720/5934/869 3562/5935/869 3721/5936/869
f 3721/5936/869 3562/5935/869 3553/5937/869
f 3721/5936/869 3553/5937/869 3710/5914/869
f 3710/5914/869 3553/5937/869 3561/5915/869
usemtl Material.003
f 87/4109/869 89/4110/869 2533/4111/869
f 2533/4111/869 89/4110/869 91/4112/869
f 2533/4111/869 91/4112/869 93/4113/869
f 81/4114/869 83/4115/869 2533/4111/869
f 2533/4111/869 83/4115/869 85/4116/869
f 2533/4111/869 85/4116/869 87/4109/869
f 75/4117/869 77/4118/869 2533/4111/869
f 2533/4111/869 77/4118/869 79/4119/869
f 2533/4111/869 79/4119/869 81/4114/869
f 93/4113/869 95/4120/869 2533/4111/869
f 2533/4111/869 95/4120/869 73/4121/869
f 2533/4111/869 73/4121/869 75/4117/869
f 63/4122/869 65/4123/869 2534/4124/869
f 2534/4124/869 65/4123/869 67/4125/869
f 2534/4124/869 67/4125/869 69/4126/869
f 57/4127/869 59/4128/869 2534/4124/869
f 2534/4124/869 59/4128/869 61/4129/869
f 2534/4124/869 61/4129/869 63/4122/869
f 51/4130/869 53/4131/869 2534/4124/869
f 2534/4124/869 53/4131/869 55/4132/869
f 2534/4124/869 55/4132/869 57/4127/869
f 69/4126/869 71/4133/869 2534/4124/869
f 2534/4124/869 71/4133/869 49/4134/869
f 2534/4124/869 49/4134/869 51/4130/869
f 39/4135/869 41/4136/869 2535/4137/869
f 2535/4137/869 41/4136/869 43/4138/869
f 2535/4137/869 43/4138/869 45/4139/869
f 33/4140/869 35/4141/869 2535/4137/869
f 2535/4137/869 35/4141/869 37/4142/869
f 2535/4137/869 37/4142/869 39/4135/869
f 27/4143/869 29/4144/869 2535/4137/869
f 2535/4137/869 29/4144/869 31/4145/869
f 2535/4137/869 31/4145/869 33/4140/869
f 45/4139/869 47/4146/869 2535/4137/869
f 2535/4137/869 47/4146/869 25/4147/869
f 2535/4137/869 25/4147/869 27/4143/869
f 15/4148/869 17/4149/869 2536/4150/869
f 2536/4150/869 17/4149/869 19/4151/869
f 2536/4150/869 19/4151/869 21/4152/869
f 9/4153/869 11/4154/869 2536/4150/869
f 2536/4150/869 11/4154/869 13/4155/869
f 2536/4150/869 13/4155/869 15/4148/869
f 3/4156/869 5/4157/869 2536/4150/869
f 2536/4150/869 5/4157/869 7/4158/869
f 2536/4150/869 7/4158/869 9/4153/869
f 21/4152/869 23/4159/869 2536/4150/869
f 2536/4150/869 23/4159/869 1/4160/869
f 2536/4150/869 1/4160/869 3/4156/869
