# Blender 5.2.0 LTS
# www.blender.org
mtllib Left_uni.mtl
o Left
v 32.445759 48.915455 -5.390472
v 34.375000 48.915455 -5.390472
v 32.445759 48.875580 -5.391479
v 34.375000 48.875580 -5.391479
v 32.445759 48.835804 -5.394470
v 34.375000 48.835804 -5.394470
v 32.445759 48.796223 -5.399414
v 34.375000 48.796223 -5.399414
v 32.445759 48.756939 -5.406342
v 34.375000 48.756939 -5.406342
v 32.445759 48.718052 -5.415222
v 34.375000 48.718052 -5.415222
v 32.445759 48.679653 -5.426025
v 34.375000 48.679653 -5.426025
v 32.445759 48.641842 -5.438721
v 34.375000 48.641842 -5.438721
v 32.445759 48.604710 -5.453308
v 34.375000 48.604710 -5.453308
v 32.445759 48.568348 -5.469696
v 34.375000 48.568348 -5.469696
v 32.445759 48.532852 -5.487915
v 34.375000 48.532852 -5.487915
v 32.445759 48.498310 -5.507843
v 34.375000 48.498310 -5.507843
v 32.445759 48.464802 -5.529480
v 34.375000 48.464802 -5.529480
v 32.445759 48.432415 -5.552765
v 34.375000 48.432415 -5.552765
v 32.445759 48.401226 -5.577637
v 34.375000 48.401226 -5.577637
v 32.445759 48.371319 -5.604034
v 34.375000 48.371319 -5.604034
v 32.445759 48.342762 -5.631897
v 34.375000 48.342762 -5.631897
v 32.445759 48.315632 -5.661133
v 34.375000 48.315632 -5.661133
v 32.445759 48.289993 -5.691681
v 34.375000 48.289993 -5.691681
v 32.445759 48.265907 -5.723480
v 34.375000 48.265907 -5.723480
v 32.445759 48.243435 -5.756439
v 34.375000 48.243435 -5.756439
v 32.445759 48.222637 -5.790497
v 34.375000 48.222637 -5.790497
v 32.445759 48.203560 -5.825500
v 34.375000 48.203560 -5.825500
v 32.445759 48.186253 -5.861450
v 34.375000 48.186253 -5.861450
v 32.445759 48.170757 -5.898224
v 34.375000 48.170757 -5.898224
v 32.445759 48.157116 -5.935699
v 34.375000 48.157116 -5.935699
v 32.445759 48.145359 -5.973816
v 34.375000 48.145359 -5.973816
v 32.445759 48.135513 -6.012451
v 34.375000 48.135513 -6.012451
v 32.445759 48.127609 -6.051575
v 34.375000 48.127609 -6.051575
v 32.445759 48.121666 -6.091003
v 34.375000 48.121666 -6.091003
v 32.445759 48.117695 -6.130707
v 34.375000 48.117695 -6.130707
v 32.445759 48.115704 -6.170532
v 34.375000 48.115704 -6.170532
v 32.445759 48.115704 -6.210419
v 34.375000 48.115704 -6.210419
v 32.445759 48.117695 -6.250275
v 34.375000 48.117695 -6.250275
v 32.445759 48.121666 -6.289948
v 34.375000 48.121666 -6.289948
v 32.445759 48.127609 -6.329407
v 34.375000 48.127609 -6.329407
v 32.445759 48.135513 -6.368500
v 34.375000 48.135513 -6.368500
v 32.445759 48.145359 -6.407166
v 34.375000 48.145359 -6.407166
v 32.445759 48.157116 -6.445282
v 34.375000 48.157116 -6.445282
v 32.445759 48.170757 -6.482758
v 34.375000 48.170757 -6.482758
v 32.445759 48.186253 -6.519501
v 34.375000 48.186253 -6.519501
v 32.445759 48.203560 -6.555450
v 34.375000 48.203560 -6.555450
v 32.445759 48.222637 -6.590485
v 34.375000 48.222637 -6.590485
v 32.445759 48.243435 -6.624512
v 34.375000 48.243435 -6.624512
v 32.445759 48.265907 -6.657471
v 34.375000 48.265907 -6.657471
v 32.445759 48.289993 -6.689270
v 34.375000 48.289993 -6.689270
v 32.445759 48.315632 -6.719818
v 34.375000 48.315632 -6.719818
v 32.445759 48.342762 -6.749084
v 34.375000 48.342762 -6.749084
v 32.445759 48.371319 -6.776917
v 34.375000 48.371319 -6.776917
v 32.445759 48.401226 -6.803314
v 34.375000 48.401226 -6.803314
v 32.445759 48.432415 -6.828186
v 34.375000 48.432415 -6.828186
v 32.445759 48.464802 -6.851471
v 34.375000 48.464802 -6.851471
v 34.375000 48.498310 -6.873108
v 32.445759 48.498310 -6.873108
v 34.375000 48.532852 -6.893066
v 32.445759 48.532852 -6.893066
v 32.445759 48.568348 -6.911255
v 34.375000 48.568348 -6.911255
v 32.445759 48.604710 -6.927673
v 34.375000 48.604710 -6.927673
v 32.445759 48.641842 -6.942230
v 34.375000 48.641842 -6.942230
v 34.375000 48.679653 -6.954926
v 32.445759 48.679653 -6.954926
v 32.445759 48.718052 -6.965759
v 34.375000 48.718052 -6.965759
v 32.445759 48.756939 -6.974609
v 34.375000 48.756939 -6.974609
v 32.445759 48.796223 -6.981537
v 34.375000 48.796223 -6.981537
v 32.445759 48.835804 -6.986511
v 34.375000 48.835804 -6.986511
v 32.445759 48.875580 -6.989502
v 34.375000 48.875580 -6.989502
v 32.445759 48.915455 -6.990479
v 34.375000 48.915455 -6.990479
v 32.445759 54.915455 -5.390472
v 34.375000 54.915455 -5.390472
v 32.445759 54.875580 -5.391479
v 34.375000 54.875580 -5.391479
v 32.445759 54.835800 -5.394470
v 34.375000 54.835800 -5.394470
v 32.445759 54.796223 -5.399414
v 34.375000 54.796223 -5.399414
v 32.445759 54.756939 -5.406342
v 34.375000 54.756939 -5.406342
v 32.445759 54.718052 -5.415222
v 34.375000 54.718052 -5.415222
v 32.445759 54.679653 -5.426025
v 34.375000 54.679653 -5.426025
v 32.445759 54.641842 -5.438721
v 34.375000 54.641842 -5.438721
v 32.445759 54.604710 -5.453308
v 34.375000 54.604710 -5.453308
v 32.445759 54.568348 -5.469696
v 34.375000 54.568348 -5.469696
v 32.445759 54.532852 -5.487915
v 34.375000 54.532852 -5.487915
v 32.445759 54.498306 -5.507843
v 34.375000 54.498306 -5.507843
v 32.445759 54.464802 -5.529480
v 34.375000 54.464802 -5.529480
v 32.445759 54.432411 -5.552765
v 34.375000 54.432411 -5.552765
v 32.445759 54.401226 -5.577637
v 34.375000 54.401226 -5.577637
v 32.445759 54.371319 -5.604034
v 34.375000 54.371319 -5.604034
v 32.445759 54.342762 -5.631897
v 34.375000 54.342762 -5.631897
v 32.445759 54.315632 -5.661133
v 34.375000 54.315632 -5.661133
v 32.445759 54.289989 -5.691681
v 34.375000 54.289989 -5.691681
v 32.445759 54.265907 -5.723480
v 34.375000 54.265907 -5.723480
v 32.445759 54.243435 -5.756439
v 34.375000 54.243435 -5.756439
v 32.445759 54.222637 -5.790497
v 34.375000 54.222637 -5.790497
v 32.445759 54.203560 -5.825500
v 34.375000 54.203560 -5.825500
v 32.445759 54.186253 -5.861450
v 34.375000 54.186253 -5.861450
v 32.445759 54.170757 -5.898224
v 34.375000 54.170757 -5.898224
v 32.445759 54.157116 -5.935699
v 34.375000 54.157116 -5.935699
v 32.445759 54.145355 -5.973816
v 34.375000 54.145355 -5.973816
v 32.445759 54.135513 -6.012451
v 34.375000 54.135513 -6.012451
v 32.445759 54.127609 -6.051575
v 34.375000 54.127609 -6.051575
v 32.445759 54.121666 -6.091003
v 34.375000 54.121666 -6.091003
v 32.445759 54.117695 -6.130707
v 34.375000 54.117695 -6.130707
v 32.445759 54.115704 -6.170532
v 34.375000 54.115704 -6.170532
v 32.445759 54.115704 -6.210419
v 34.375000 54.115704 -6.210419
v 32.445759 54.117695 -6.250275
v 34.375000 54.117695 -6.250275
v 32.445759 54.121666 -6.289948
v 34.375000 54.121666 -6.289948
v 32.445759 54.127609 -6.329407
v 34.375000 54.127609 -6.329407
v 32.445759 54.135513 -6.368500
v 34.375000 54.135513 -6.368500
v 32.445759 54.145355 -6.407166
v 34.375000 54.145355 -6.407166
v 32.445759 54.157116 -6.445282
v 34.375000 54.157116 -6.445282
v 32.445759 54.170757 -6.482758
v 34.375000 54.170757 -6.482758
v 32.445759 54.186253 -6.519501
v 34.375000 54.186253 -6.519501
v 32.445759 54.203560 -6.555450
v 34.375000 54.203560 -6.555450
v 32.445759 54.222637 -6.590485
v 34.375000 54.222637 -6.590485
v 32.445759 54.243435 -6.624512
v 34.375000 54.243435 -6.624512
v 32.445759 54.265907 -6.657471
v 34.375000 54.265907 -6.657471
v 32.445759 54.289989 -6.689270
v 34.375000 54.289989 -6.689270
v 32.445759 54.315632 -6.719818
v 34.375000 54.315632 -6.719818
v 32.445759 54.342762 -6.749084
v 34.375000 54.342762 -6.749084
v 32.445759 54.371319 -6.776917
v 34.375000 54.371319 -6.776917
v 32.445759 54.401226 -6.803314
v 34.375000 54.401226 -6.803314
v 32.445759 54.432411 -6.828186
v 34.375000 54.432411 -6.828186
v 32.445759 54.464802 -6.851471
v 34.375000 54.464802 -6.851471
v 34.375000 54.498306 -6.873108
v 32.445759 54.498306 -6.873108
v 34.375000 54.532852 -6.893066
v 32.445759 54.532852 -6.893066
v 32.445759 54.568348 -6.911255
v 34.375000 54.568348 -6.911255
v 32.445759 54.604710 -6.927673
v 34.375000 54.604710 -6.927673
v 32.445759 54.641842 -6.942230
v 34.375000 54.641842 -6.942230
v 34.375000 54.679653 -6.954926
v 32.445759 54.679653 -6.954926
v 32.445759 54.718052 -6.965759
v 34.375000 54.718052 -6.965759
v 32.445759 54.756939 -6.974609
v 34.375000 54.756939 -6.974609
v 32.445759 54.796223 -6.981537
v 34.375000 54.796223 -6.981537
v 32.445759 54.835800 -6.986511
v 34.375000 54.835800 -6.986511
v 32.445759 54.875580 -6.989502
v 34.375000 54.875580 -6.989502
v 32.445759 54.915455 -6.990479
v 34.375000 54.915455 -6.990479
v -13.050000 48.915455 -6.990479
v -14.375000 48.915455 -6.990479
v -13.050000 48.875580 -6.989502
v -14.375000 48.875580 -6.989502
v -13.050000 48.835804 -6.986511
v -14.375000 48.835804 -6.986511
v -13.050000 48.796223 -6.981537
v -14.375000 48.796223 -6.981537
v -13.050000 48.756939 -6.974609
v -14.375000 48.756939 -6.974609
v -13.050000 48.718052 -6.965759
v -14.375000 48.718052 -6.965759
v -13.050000 48.679653 -6.954926
v -14.375000 48.679653 -6.954926
v -13.050000 48.641842 -6.942230
v -14.375000 48.641842 -6.942230
v -13.050000 48.604710 -6.927673
v -14.375000 48.604710 -6.927673
v -13.050000 48.568348 -6.911255
v -14.375000 48.568348 -6.911255
v -13.050000 48.532852 -6.893066
v -14.375000 48.532852 -6.893066
v -13.050000 48.498310 -6.873108
v -14.375000 48.498310 -6.873108
v -13.050000 48.464802 -6.851471
v -14.375000 48.464802 -6.851471
v -13.050000 48.432415 -6.828186
v -14.375000 48.432415 -6.828186
v -13.050000 48.401226 -6.803314
v -14.375000 48.401226 -6.803314
v -13.050000 48.371319 -6.776917
v -14.375000 48.371319 -6.776917
v -13.050000 48.342762 -6.749084
v -14.375000 48.342762 -6.749084
v -13.050000 48.315632 -6.719818
v -14.375000 48.315632 -6.719818
v -13.050000 48.289993 -6.689270
v -14.375000 48.289993 -6.689270
v -13.050000 48.265907 -6.657471
v -14.375000 48.265907 -6.657471
v -13.050000 48.243435 -6.624512
v -14.375000 48.243435 -6.624512
v -13.050000 48.222637 -6.590485
v -14.375000 48.222637 -6.590485
v -13.050000 48.203560 -6.555450
v -14.375000 48.203560 -6.555450
v -13.050000 48.186253 -6.519501
v -14.375000 48.186253 -6.519501
v -13.050000 48.170757 -6.482758
v -14.375000 48.170757 -6.482758
v -13.050000 48.157116 -6.445282
v -14.375000 48.157116 -6.445282
v -13.050000 48.145359 -6.407166
v -14.375000 48.145359 -6.407166
v -13.050000 48.135513 -6.368500
v -14.375000 48.135513 -6.368500
v -13.050000 48.127609 -6.329407
v -14.375000 48.127609 -6.329407
v -13.050000 48.121666 -6.289948
v -14.375000 48.121666 -6.289948
v -14.375000 48.117695 -6.250275
v -13.050000 48.117695 -6.250275
v -13.050000 48.115704 -6.210419
v -14.375000 48.115704 -6.210419
v -13.050000 48.115704 -6.170532
v -14.375000 48.115704 -6.170532
v -13.050000 48.117695 -6.130707
v -14.375000 48.117695 -6.130707
v -13.050000 48.121666 -6.091003
v -14.375000 48.121666 -6.091003
v -13.050000 48.127609 -6.051575
v -14.375000 48.127609 -6.051575
v -13.050000 48.135513 -6.012451
v -14.375000 48.135513 -6.012451
v -13.050000 48.145359 -5.973816
v -14.375000 48.145359 -5.973816
v -13.050000 48.157116 -5.935699
v -14.375000 48.157116 -5.935699
v -13.050000 48.170757 -5.898224
v -14.375000 48.170757 -5.898224
v -13.050000 48.186253 -5.861450
v -14.375000 48.186253 -5.861450
v -13.050000 48.203560 -5.825500
v -14.375000 48.203560 -5.825500
v -14.375000 48.222637 -5.790497
v -13.050000 48.222637 -5.790497
v -13.050000 48.243435 -5.756439
v -14.375000 48.243435 -5.756439
v -14.375000 48.265907 -5.723480
v -13.050000 48.265907 -5.723480
v -13.050000 48.289993 -5.691681
v -14.375000 48.289993 -5.691681
v -13.050000 48.315632 -5.661133
v -14.375000 48.315632 -5.661133
v -14.375000 48.342762 -5.631897
v -13.050000 48.342762 -5.631897
v -14.375000 48.371319 -5.604034
v -13.050000 48.371319 -5.604034
v -14.375000 48.401226 -5.577637
v -13.050000 48.401226 -5.577637
v -13.050000 48.432415 -5.552765
v -14.375000 48.432415 -5.552765
v -13.050000 48.464802 -5.529480
v -14.375000 48.464802 -5.529480
v -14.375000 48.498310 -5.507843
v -13.050000 48.498310 -5.507843
v -13.050000 48.532852 -5.487915
v -14.375000 48.532852 -5.487915
v -14.375000 48.568348 -5.469696
v -13.050000 48.568348 -5.469696
v -13.050000 48.604710 -5.453308
v -14.375000 48.604710 -5.453308
v -13.050000 48.641842 -5.438721
v -14.375000 48.641842 -5.438721
v -13.050000 48.679653 -5.426025
v -14.375000 48.679653 -5.426025
v -13.050000 48.718052 -5.415222
v -14.375000 48.718052 -5.415222
v -14.375000 48.756939 -5.406342
v -13.050000 48.756939 -5.406342
v -13.050000 48.796223 -5.399414
v -14.375000 48.796223 -5.399414
v -13.050000 48.835804 -5.394470
v -14.375000 48.835804 -5.394470
v -13.050000 48.875580 -5.391479
v -14.375000 48.875580 -5.391479
v -14.375000 48.915455 -5.390472
v -13.050000 48.915455 -5.390472
v -13.050000 54.915455 -6.990479
v -14.375000 54.915455 -6.990479
v -13.050000 54.875580 -6.989502
v -14.375000 54.875580 -6.989502
v -13.050000 54.835800 -6.986511
v -14.375000 54.835800 -6.986511
v -13.050000 54.796223 -6.981537
v -14.375000 54.796223 -6.981537
v -13.050000 54.756939 -6.974609
v -14.375000 54.756939 -6.974609
v -13.050000 54.718052 -6.965759
v -14.375000 54.718052 -6.965759
v -13.050000 54.679653 -6.954926
v -14.375000 54.679653 -6.954926
v -13.050000 54.641842 -6.942230
v -14.375000 54.641842 -6.942230
v -13.050000 54.604710 -6.927673
v -14.375000 54.604710 -6.927673
v -13.050000 54.568348 -6.911255
v -14.375000 54.568348 -6.911255
v -13.050000 54.532852 -6.893066
v -14.375000 54.532852 -6.893066
v -13.050000 54.498306 -6.873108
v -14.375000 54.498306 -6.873108
v -13.050000 54.464802 -6.851471
v -14.375000 54.464802 -6.851471
v -13.050000 54.432411 -6.828186
v -14.375000 54.432411 -6.828186
v -13.050000 54.401226 -6.803314
v -14.375000 54.401226 -6.803314
v -13.050000 54.371319 -6.776917
v -14.375000 54.371319 -6.776917
v -13.050000 54.342762 -6.749084
v -14.375000 54.342762 -6.749084
v -13.050000 54.315632 -6.719818
v -14.375000 54.315632 -6.719818
v -13.050000 54.289989 -6.689270
v -14.375000 54.289989 -6.689270
v -13.050000 54.265907 -6.657471
v -14.375000 54.265907 -6.657471
v -13.050000 54.243435 -6.624512
v -14.375000 54.243435 -6.624512
v -13.050000 54.222637 -6.590485
v -14.375000 54.222637 -6.590485
v -13.050000 54.203560 -6.555450
v -14.375000 54.203560 -6.555450
v -13.050000 54.186253 -6.519501
v -14.375000 54.186253 -6.519501
v -13.050000 54.170757 -6.482758
v -14.375000 54.170757 -6.482758
v -13.050000 54.157116 -6.445282
v -14.375000 54.157116 -6.445282
v -13.050000 54.145355 -6.407166
v -14.375000 54.145355 -6.407166
v -13.050000 54.135513 -6.368500
v -14.375000 54.135513 -6.368500
v -13.050000 54.127609 -6.329407
v -14.375000 54.127609 -6.329407
v -13.050000 54.121666 -6.289948
v -14.375000 54.121666 -6.289948
v -14.375000 54.117695 -6.250275
v -13.050000 54.117695 -6.250275
v -13.050000 54.115704 -6.210419
v -14.375000 54.115704 -6.210419
v -13.050000 54.115704 -6.170532
v -14.375000 54.115704 -6.170532
v -13.050000 54.117695 -6.130707
v -14.375000 54.117695 -6.130707
v -13.050000 54.121666 -6.091003
v -14.375000 54.121666 -6.091003
v -13.050000 54.127609 -6.051575
v -14.375000 54.127609 -6.051575
v -13.050000 54.135513 -6.012451
v -14.375000 54.135513 -6.012451
v -13.050000 54.145355 -5.973816
v -14.375000 54.145355 -5.973816
v -13.050000 54.157116 -5.935699
v -14.375000 54.157116 -5.935699
v -13.050000 54.170757 -5.898224
v -14.375000 54.170757 -5.898224
v -13.050000 54.186253 -5.861450
v -14.375000 54.186253 -5.861450
v -13.050000 54.203560 -5.825500
v -14.375000 54.203560 -5.825500
v -14.375000 54.222637 -5.790497
v -13.050000 54.222637 -5.790497
v -13.050000 54.243435 -5.756439
v -14.375000 54.243435 -5.756439
v -14.375000 54.265907 -5.723480
v -13.050000 54.265907 -5.723480
v -13.050000 54.289989 -5.691681
v -14.375000 54.289989 -5.691681
v -13.050000 54.315632 -5.661133
v -14.375000 54.315632 -5.661133
v -14.375000 54.342762 -5.631897
v -13.050000 54.342762 -5.631897
v -14.375000 54.371319 -5.604034
v -13.050000 54.371319 -5.604034
v -14.375000 54.401226 -5.577637
v -13.050000 54.401226 -5.577637
v -13.050000 54.432411 -5.552765
v -14.375000 54.432411 -5.552765
v -13.050000 54.464802 -5.529480
v -14.375000 54.464802 -5.529480
v -14.375000 54.498306 -5.507843
v -13.050000 54.498306 -5.507843
v -13.050000 54.532852 -5.487915
v -14.375000 54.532852 -5.487915
v -14.375000 54.568348 -5.469696
v -13.050000 54.568348 -5.469696
v -13.050000 54.604710 -5.453308
v -14.375000 54.604710 -5.453308
v -13.050000 54.641842 -5.438721
v -14.375000 54.641842 -5.438721
v -13.050000 54.679653 -5.426025
v -14.375000 54.679653 -5.426025
v -13.050000 54.718052 -5.415222
v -14.375000 54.718052 -5.415222
v -14.375000 54.756939 -5.406342
v -13.050000 54.756939 -5.406342
v -13.050000 54.796223 -5.399414
v -14.375000 54.796223 -5.399414
v -13.050000 54.835800 -5.394470
v -14.375000 54.835800 -5.394470
v -13.050000 54.875580 -5.391479
v -14.375000 54.875580 -5.391479
v -14.375000 54.915455 -5.390472
v -13.050000 54.915455 -5.390472
v 30.049999 65.640457 0.009521
v 30.166454 65.765457 -0.164459
v 30.047951 65.640457 -0.072723
v 30.041801 65.640457 -0.154755
v 30.031570 65.640457 -0.236389
v 30.422485 66.015457 -0.091431
v 30.290852 65.890457 -0.176727
v 30.424999 66.015457 0.009521
v 30.414940 66.015457 -0.192108
v 30.402382 66.015457 -0.292297
v 30.140896 65.765457 -0.336761
v 30.017284 65.640457 -0.317413
v 29.998978 65.640457 -0.397644
v 30.263493 65.890457 -0.361145
v 30.384850 66.015457 -0.391724
v 30.362381 66.015457 -0.490173
v 30.098568 65.765457 -0.505737
v 29.976696 65.640457 -0.476837
v 29.950493 65.640457 -0.554810
v 30.335037 66.015457 -0.587372
v 30.218189 65.890457 -0.542023
v 30.302879 66.015457 -0.683075
v 30.039886 65.765457 -0.669739
v 29.920437 65.640457 -0.631409
v 29.886600 65.640457 -0.706390
v 30.265991 66.015457 -0.777069
v 30.155373 65.890457 -0.717590
v 30.224464 66.015457 -0.869110
v 29.965412 65.765457 -0.827209
v 29.849068 65.640457 -0.779602
v 29.807930 65.640457 -0.850861
v 30.178398 66.015457 -0.958954
v 30.075649 65.890457 -0.886139
v 30.127914 66.015457 -1.046387
v 29.875858 65.765457 -0.976624
v 29.763294 65.640457 -0.919952
v 29.715271 65.640457 -0.986755
v 30.073135 66.015457 -1.131195
v 29.979794 65.890457 -1.046051
v 30.014194 66.015457 -1.213196
v 29.772095 65.765457 -1.116516
v 29.663975 65.640457 -1.051086
v 29.609535 65.640457 -1.112762
v 29.951241 66.015457 -1.292114
v 29.868721 65.890457 -1.195831
v 29.884430 66.015457 -1.367828
v 29.655117 65.765457 -1.245605
v 29.552090 65.640457 -1.171661
v 29.491783 65.640457 -1.227631
v 29.813931 66.015457 -1.440125
v 29.743504 65.890457 -1.333984
v 29.739914 66.015457 -1.508789
v 29.526051 65.765457 -1.362579
v 29.428761 65.640457 -1.280518
v 29.363178 65.640457 -1.330170
v 29.605347 65.890457 -1.459198
v 29.662567 66.015457 -1.573700
v 29.582081 66.015457 -1.634644
v 29.386139 65.765457 -1.466339
v 29.295200 65.640457 -1.376526
v 29.225002 65.640457 -1.419434
v 29.498657 66.015457 -1.691528
v 29.455585 65.890457 -1.570282
v 29.412502 66.015457 -1.744171
v 29.236729 65.765457 -1.555878
v 29.152748 65.640457 -1.458771
v 29.078625 65.640457 -1.494476
v 29.323826 66.015457 -1.792480
v 29.295654 65.890457 -1.666138
v 29.232857 66.015457 -1.836273
v 29.079266 65.765457 -1.630371
v 29.002815 65.640457 -1.526428
v 28.925503 65.640457 -1.554565
v 29.139816 66.015457 -1.875488
v 29.127098 65.890457 -1.745850
v 29.044937 66.015457 -1.910034
v 28.915257 65.765457 -1.689056
v 28.846886 65.640457 -1.578827
v 28.767159 65.640457 -1.599121
v 28.951542 65.890457 -1.808655
v 28.948452 66.015457 -1.939789
v 28.850605 66.015457 -1.964722
v 28.746284 65.765457 -1.731384
v 28.686520 65.640457 -1.615417
v 28.605167 65.640457 -1.627686
v 28.751637 66.015457 -1.984711
v 28.770672 65.890457 -1.853973
v 28.651798 66.015457 -1.999756
v 28.573982 65.765457 -1.756927
v 28.523304 65.640457 -1.635864
v 28.441135 65.640457 -1.639984
v 28.586235 65.890457 -1.881348
v 28.551331 66.015457 -2.009827
v 28.450485 66.015457 -2.014862
v 28.400002 65.765457 -1.765472
v 28.358864 65.640457 -1.639984
v 28.400002 65.890457 -1.890472
v 28.349518 66.015457 -2.014862
v 28.226021 65.765457 -1.756927
v 28.276695 65.640457 -1.635864
v 28.194832 65.640457 -1.627686
v 28.213768 65.890457 -1.881348
v 28.248672 66.015457 -2.009827
v 28.148205 66.015457 -1.999756
v 28.113480 65.640457 -1.615417
v 28.053715 65.765457 -1.731384
v 28.032841 65.640457 -1.599121
v 28.048363 66.015457 -1.984711
v 28.029327 65.890457 -1.853973
v 27.949394 66.015457 -1.964722
v 27.884747 65.765457 -1.689056
v 27.953114 65.640457 -1.578827
v 27.874496 65.640457 -1.554565
v 27.848461 65.890457 -1.808655
v 27.851547 66.015457 -1.939789
v 27.755066 66.015457 -1.910034
v 27.720737 65.765457 -1.630371
v 27.797188 65.640457 -1.526428
v 27.721378 65.640457 -1.494476
v 27.672901 65.890457 -1.745850
v 27.660187 66.015457 -1.875488
v 27.567142 66.015457 -1.836273
v 27.563271 65.765457 -1.555878
v 27.647255 65.640457 -1.458771
v 27.575001 65.640457 -1.419434
v 27.476173 66.015457 -1.792480
v 27.504349 65.890457 -1.666138
v 27.387501 66.015457 -1.744171
v 27.413864 65.765457 -1.466339
v 27.504799 65.640457 -1.376526
v 27.436825 65.640457 -1.330170
v 27.344418 65.890457 -1.570282
v 27.301346 66.015457 -1.691528
v 27.217918 66.015457 -1.634644
v 27.273952 65.765457 -1.362579
v 27.371243 65.640457 -1.280518
v 27.308220 65.640457 -1.227631
v 27.194653 65.890457 -1.459198
v 27.137432 66.015457 -1.573700
v 27.060085 66.015457 -1.508789
v 27.144886 65.765457 -1.245605
v 27.247910 65.640457 -1.171661
v 27.190464 65.640457 -1.112762
v 27.056499 65.890457 -1.333984
v 26.986073 66.015457 -1.440125
v 26.915569 66.015457 -1.367828
v 27.027908 65.765457 -1.116516
v 27.136028 65.640457 -1.051086
v 27.084732 65.640457 -0.986755
v 26.848763 66.015457 -1.292114
v 26.931282 65.890457 -1.195831
v 26.785809 66.015457 -1.213196
v 26.924141 65.765457 -0.976624
v 27.036705 65.640457 -0.919952
v 26.992069 65.640457 -0.850861
v 26.820210 65.890457 -1.046051
v 26.726868 66.015457 -1.131195
v 26.672089 66.015457 -1.046387
v 26.834591 65.765457 -0.827209
v 26.950935 65.640457 -0.779602
v 26.913403 65.640457 -0.706390
v 26.724350 65.890457 -0.886139
v 26.621601 66.015457 -0.958954
v 26.575539 66.015457 -0.869110
v 26.760113 65.765457 -0.669739
v 26.879566 65.640457 -0.631409
v 26.849506 65.640457 -0.554810
v 26.644630 65.890457 -0.717590
v 26.534012 66.015457 -0.777069
v 26.497124 66.015457 -0.683075
v 26.701431 65.765457 -0.505737
v 26.823307 65.640457 -0.476837
v 26.801022 65.640457 -0.397644
v 26.581814 65.890457 -0.542023
v 26.464966 66.015457 -0.587372
v 26.437618 66.015457 -0.490173
v 26.659107 65.765457 -0.336761
v 26.782715 65.640457 -0.317413
v 26.768429 65.640457 -0.236389
v 26.536510 65.890457 -0.361145
v 26.415150 66.015457 -0.391724
v 26.397617 66.015457 -0.292297
v 26.633549 65.765457 -0.164459
v 26.758202 65.640457 -0.154755
v 26.752052 65.640457 -0.072723
v 26.750000 65.640457 0.009521
v 26.509151 65.890457 -0.176727
v 26.375000 66.015457 0.009521
v 26.385063 66.015457 -0.192108
v 26.377518 66.015457 -0.091431
v 30.049999 61.015461 0.009521
v 30.047951 61.015461 -0.072723
v 30.041801 61.015461 -0.154755
v 30.031570 61.015461 -0.236389
v 30.017284 61.015461 -0.317413
v 29.998978 61.015461 -0.397644
v 29.976696 61.015461 -0.476837
v 29.950493 61.015461 -0.554810
v 29.920437 61.015461 -0.631409
v 29.886600 61.015461 -0.706390
v 29.849068 61.015461 -0.779602
v 29.807930 61.015461 -0.850861
v 29.763294 61.015461 -0.919952
v 29.715271 61.015461 -0.986755
v 29.663975 61.015461 -1.051086
v 29.609535 61.015461 -1.112762
v 29.552090 61.015461 -1.171661
v 29.491783 61.015461 -1.227631
v 29.428761 61.015461 -1.280518
v 29.363178 61.015461 -1.330170
v 29.295200 61.015461 -1.376526
v 29.225002 61.015461 -1.419434
v 29.152748 61.015461 -1.458771
v 29.078625 61.015461 -1.494476
v 29.002815 61.015461 -1.526428
v 28.925503 61.015461 -1.554565
v 28.846886 61.015461 -1.578827
v 28.767159 61.015461 -1.599121
v 28.686520 61.015461 -1.615417
v 28.605167 61.015461 -1.627686
v 28.523304 61.015461 -1.635864
v 28.441135 61.015461 -1.639984
v 28.358864 61.015461 -1.639984
v 28.276695 61.015461 -1.635864
v 28.194832 61.015461 -1.627686
v 28.113480 61.015461 -1.615417
v 28.032841 61.015461 -1.599121
v 27.953114 61.015461 -1.578827
v 27.874496 61.015461 -1.554565
v 27.797188 61.015461 -1.526428
v 27.721378 61.015461 -1.494476
v 27.647255 61.015461 -1.458771
v 27.575001 61.015461 -1.419434
v 27.504799 61.015461 -1.376526
v 27.436825 61.015461 -1.330170
v 27.371243 61.015461 -1.280518
v 27.308220 61.015461 -1.227631
v 27.247910 61.015461 -1.171661
v 27.190464 61.015461 -1.112762
v 27.136028 61.015461 -1.051086
v 27.084732 61.015461 -0.986755
v 27.036705 61.015461 -0.919952
v 26.992069 61.015461 -0.850861
v 26.950935 61.015461 -0.779602
v 26.913403 61.015461 -0.706390
v 26.879566 61.015461 -0.631409
v 26.849506 61.015461 -0.554810
v 26.823307 61.015461 -0.476837
v 26.801022 61.015461 -0.397644
v 26.782715 61.015461 -0.317413
v 26.768429 61.015461 -0.236389
v 26.758202 61.015461 -0.154755
v 26.752052 61.015461 -0.072723
v 26.750000 61.015461 0.009521
v 30.081013 66.015457 -5.493866
v 29.992298 65.915459 -5.397308
v 30.091553 66.015457 -5.409760
v 30.097889 66.015457 -5.325226
v 30.100002 66.015457 -5.240479
v 29.900002 65.815460 -5.240479
v 29.898136 65.815460 -5.315247
v 29.892548 65.815460 -5.389832
v 29.883247 65.815460 -5.464050
v 29.969257 65.915459 -5.552612
v 30.047432 66.015457 -5.659973
v 30.066296 66.015457 -5.577332
v 29.870258 65.815460 -5.537689
v 29.853615 65.815460 -5.610626
v 29.931107 65.915459 -5.704926
v 29.997478 66.015457 -5.821930
v 30.024475 66.015457 -5.741577
v 29.833359 65.815460 -5.682617
v 29.809540 65.815460 -5.753510
v 29.931648 66.015457 -5.978088
v 29.878208 65.915459 -5.852783
v 29.966511 66.015457 -5.900818
v 29.782215 65.815460 -5.823120
v 29.751453 65.815460 -5.891296
v 29.811073 65.915459 -5.994720
v 29.850594 66.015457 -6.126923
v 29.892979 66.015457 -6.053528
v 29.717335 65.815460 -5.957855
v 29.679935 65.815460 -6.022644
v 29.730350 65.915459 -6.129395
v 29.755127 66.015457 -6.266937
v 29.804607 66.015457 -6.198120
v 29.639359 65.815460 -6.085449
v 29.595699 65.815460 -6.146179
v 29.646191 66.015457 -6.396790
v 29.636818 65.915459 -6.255524
v 29.702278 66.015457 -6.333221
v 29.549068 65.815460 -6.204651
v 29.499580 65.815460 -6.260742
v 29.531372 65.915459 -6.371857
v 29.524868 66.015457 -6.515106
v 29.587002 66.015457 -6.457458
v 29.447357 65.815460 -6.314270
v 29.392529 65.815460 -6.365143
v 29.392365 66.015457 -6.620789
v 29.415031 65.915459 -6.477295
v 29.459934 66.015457 -6.569611
v 29.335236 65.815460 -6.413239
v 29.275616 65.815460 -6.458374
v 29.288914 65.915459 -6.570831
v 29.250000 66.015457 -6.712738
v 29.322330 66.015457 -6.668518
v 29.213821 65.815460 -6.500519
v 29.150002 65.815460 -6.539520
v 29.154236 65.915459 -6.651550
v 29.099190 66.015457 -6.790039
v 29.175560 66.015457 -6.753265
v 29.084316 65.815460 -6.575287
v 29.016930 65.815460 -6.607727
v 28.941429 66.015457 -6.851959
v 29.012295 65.915459 -6.718689
v 29.021080 66.015457 -6.822968
v 28.948013 65.815460 -6.636780
v 28.877731 65.815460 -6.662384
v 28.778286 66.015457 -6.897858
v 28.864456 65.915459 -6.771576
v 28.860428 66.015457 -6.876953
v 28.806263 65.815460 -6.684418
v 28.733784 65.815460 -6.702881
v 28.712147 65.915459 -6.809753
v 28.611385 66.015457 -6.927277
v 28.695202 66.015457 -6.914642
v 28.660473 65.815460 -6.717682
v 28.586517 65.815460 -6.728851
v 28.442383 66.015457 -6.939941
v 28.556828 65.915459 -6.832764
v 28.527042 66.015457 -6.935730
v 28.512096 65.815460 -6.736298
v 28.437397 65.815460 -6.740021
v 28.357620 66.015457 -6.939941
v 28.400002 65.915459 -6.840485
v 28.362606 65.815460 -6.740021
v 28.243172 65.915459 -6.832764
v 28.188618 66.015457 -6.927277
v 28.272961 66.015457 -6.935730
v 28.287907 65.815460 -6.736298
v 28.213486 65.815460 -6.728851
v 28.139530 65.815460 -6.717682
v 28.087856 65.915459 -6.809753
v 28.066219 65.815460 -6.702881
v 28.021717 66.015457 -6.897858
v 28.104797 66.015457 -6.914642
v 27.935547 65.915459 -6.771576
v 27.993740 65.815460 -6.684418
v 27.922272 65.815460 -6.662384
v 27.858574 66.015457 -6.851959
v 27.939571 66.015457 -6.876953
v 27.787708 65.915459 -6.718689
v 27.851990 65.815460 -6.636780
v 27.783070 65.815460 -6.607727
v 27.700813 66.015457 -6.790039
v 27.778919 66.015457 -6.822968
v 27.645767 65.915459 -6.651550
v 27.715683 65.815460 -6.575287
v 27.650002 65.815460 -6.539520
v 27.549999 66.015457 -6.712738
v 27.624443 66.015457 -6.753265
v 27.511089 65.915459 -6.570831
v 27.586182 65.815460 -6.500519
v 27.524384 65.815460 -6.458374
v 27.407635 66.015457 -6.620789
v 27.477673 66.015457 -6.668518
v 27.384972 65.915459 -6.477295
v 27.464767 65.815460 -6.413239
v 27.407471 65.815460 -6.365143
v 27.275135 66.015457 -6.515106
v 27.340069 66.015457 -6.569611
v 27.268631 65.915459 -6.371857
v 27.352646 65.815460 -6.314270
v 27.300423 65.815460 -6.260742
v 27.153812 66.015457 -6.396790
v 27.212997 66.015457 -6.457458
v 27.163185 65.915459 -6.255524
v 27.250935 65.815460 -6.204651
v 27.204304 65.815460 -6.146179
v 27.044876 66.015457 -6.266937
v 27.097725 66.015457 -6.333221
v 26.949406 66.015457 -6.126923
v 27.069649 65.915459 -6.129395
v 26.995396 66.015457 -6.198120
v 27.160641 65.815460 -6.085449
v 27.120064 65.815460 -6.022644
v 26.868355 66.015457 -5.978088
v 26.988926 65.915459 -5.994720
v 26.907024 66.015457 -6.053528
v 27.082668 65.815460 -5.957855
v 27.048546 65.815460 -5.891296
v 26.802525 66.015457 -5.821930
v 26.921795 65.915459 -5.852783
v 26.833492 66.015457 -5.900818
v 27.017788 65.815460 -5.823120
v 26.990463 65.815460 -5.753510
v 26.752571 66.015457 -5.659973
v 26.868896 65.915459 -5.704926
v 26.775528 66.015457 -5.741577
v 26.966640 65.815460 -5.682617
v 26.946384 65.815460 -5.610626
v 26.830746 65.915459 -5.552612
v 26.718987 66.015457 -5.493866
v 26.733707 66.015457 -5.577332
v 26.929741 65.815460 -5.537689
v 26.916756 65.815460 -5.464050
v 26.900002 65.815460 -5.240479
v 26.807705 65.915459 -5.397308
v 26.700001 66.015457 -5.240479
v 26.702114 66.015457 -5.325226
v 26.708450 66.015457 -5.409760
v 26.907455 65.815460 -5.389832
v 26.901867 65.815460 -5.315247
v 34.450001 54.829693 -5.319702
v 34.450001 54.744751 -5.332306
v 34.600002 54.864365 -5.166748
v 34.525002 54.822338 -5.245056
v 34.600002 54.915455 -5.165497
v 34.600002 54.813400 -5.170563
v 34.600002 54.762688 -5.176941
v 34.450001 54.661457 -5.353149
v 34.600002 54.712357 -5.185791
v 34.525002 54.730122 -5.258728
v 34.600002 54.662529 -5.197174
v 34.450001 54.580608 -5.382080
v 34.600002 54.613331 -5.211029
v 34.525002 54.639687 -5.281403
v 34.600002 54.564884 -5.227295
v 34.450001 54.502983 -5.418793
v 34.600002 54.517311 -5.245972
v 34.525002 54.551907 -5.312805
v 34.600002 54.470726 -5.266998
v 34.450001 54.429333 -5.462952
v 34.600002 54.425247 -5.290314
v 34.525002 54.467628 -5.352661
v 34.600002 54.380985 -5.315857
v 34.450001 54.360363 -5.514099
v 34.600002 54.338055 -5.343597
v 34.525002 54.387665 -5.400574
v 34.600002 54.296558 -5.373413
v 34.450001 54.296738 -5.571777
v 34.600002 54.256599 -5.405273
v 34.525002 54.312782 -5.456116
v 34.600002 54.218281 -5.439117
v 34.450001 54.239071 -5.635376
v 34.600002 54.181694 -5.474792
v 34.525002 54.243706 -5.518738
v 34.600002 54.146931 -5.512268
v 34.450001 54.187920 -5.704346
v 34.525002 54.181095 -5.587799
v 34.600002 54.114079 -5.551392
v 34.600002 54.083221 -5.592133
v 34.450001 54.143776 -5.778015
v 34.600002 54.054428 -5.634369
v 34.525002 54.125561 -5.662689
v 34.600002 54.027779 -5.677979
v 34.450001 54.107063 -5.855621
v 34.600002 54.003338 -5.722870
v 34.525002 54.077633 -5.742645
v 34.600002 53.981163 -5.768921
v 34.450001 54.078133 -5.936493
v 34.525002 54.037769 -5.826935
v 34.600002 53.961311 -5.816010
v 34.600002 53.943832 -5.864044
v 34.450001 54.057270 -6.019775
v 34.525002 54.006363 -5.914703
v 34.600002 53.928768 -5.912872
v 34.600002 53.916157 -5.962402
v 34.450001 54.044670 -6.104706
v 34.525002 53.983711 -6.005157
v 34.600002 53.906029 -6.012482
v 34.600002 53.898411 -6.063019
v 34.450001 54.040455 -6.190491
v 34.525002 53.970032 -6.097351
v 34.600002 53.893322 -6.113892
v 34.600002 53.890774 -6.164917
v 34.450001 54.044670 -6.276245
v 34.525002 53.965458 -6.190491
v 34.600002 53.890774 -6.216034
v 34.450001 54.057270 -6.361176
v 34.525002 53.970032 -6.283600
v 34.600002 53.893322 -6.267090
v 34.600002 53.898411 -6.317932
v 34.450001 54.078133 -6.444489
v 34.525002 53.983711 -6.375824
v 34.600002 53.906029 -6.368469
v 34.600002 53.916157 -6.418579
v 34.450001 54.107063 -6.525330
v 34.525002 54.006363 -6.466248
v 34.600002 53.928768 -6.468079
v 34.600002 53.943832 -6.516937
v 34.450001 54.143776 -6.602966
v 34.600002 53.961311 -6.564972
v 34.525002 54.037769 -6.554047
v 34.600002 53.981163 -6.612061
v 34.450001 54.187920 -6.676605
v 34.525002 54.077633 -6.638306
v 34.600002 54.003338 -6.658112
v 34.600002 54.027779 -6.702972
v 34.450001 54.239071 -6.745575
v 34.525002 54.125561 -6.718262
v 34.600002 54.054428 -6.746582
v 34.600002 54.083221 -6.788818
v 34.450001 54.296738 -6.809204
v 34.525002 54.181095 -6.793152
v 34.600002 54.114079 -6.829559
v 34.600002 54.146931 -6.868713
v 34.450001 54.360363 -6.866852
v 34.525002 54.243706 -6.862244
v 34.600002 54.181694 -6.906189
v 34.600002 54.218281 -6.941864
v 34.450001 54.429333 -6.918030
v 34.525002 54.312782 -6.924835
v 34.600002 54.256599 -6.975677
v 34.600002 54.296558 -7.007538
v 34.450001 54.502983 -6.962158
v 34.600002 54.338055 -7.037384
v 34.525002 54.387665 -6.980377
v 34.600002 54.380985 -7.065094
v 34.450001 54.580608 -6.998871
v 34.525002 54.467628 -7.028320
v 34.600002 54.425247 -7.090668
v 34.600002 54.470726 -7.113983
v 34.450001 54.661457 -7.027802
v 34.525002 54.551907 -7.068176
v 34.600002 54.517311 -7.135010
v 34.600002 54.564884 -7.153656
v 34.450001 54.744751 -7.048676
v 34.525002 54.639687 -7.099579
v 34.600002 54.613331 -7.169952
v 34.600002 54.662529 -7.183777
v 34.450001 54.829693 -7.061279
v 34.525002 54.730122 -7.122223
v 34.600002 54.712357 -7.195160
v 34.600002 54.762688 -7.204041
v 34.525002 54.822338 -7.135895
v 34.600002 54.915455 -7.215485
v 34.600002 54.813400 -7.210388
v 34.600002 54.864365 -7.214203
v 34.450001 48.829693 -5.319702
v 34.450001 48.744751 -5.332306
v 34.600002 48.864365 -5.166748
v 34.525002 48.822342 -5.245056
v 34.600002 48.915455 -5.165497
v 34.600002 48.813400 -5.170563
v 34.600002 48.762688 -5.176941
v 34.450001 48.661457 -5.353149
v 34.600002 48.712357 -5.185791
v 34.525002 48.730122 -5.258728
v 34.600002 48.662529 -5.197174
v 34.450001 48.580608 -5.382080
v 34.600002 48.613331 -5.211029
v 34.525002 48.639687 -5.281403
v 34.600002 48.564884 -5.227295
v 34.450001 48.502983 -5.418793
v 34.600002 48.517311 -5.245972
v 34.525002 48.551907 -5.312805
v 34.600002 48.470726 -5.266998
v 34.450001 48.429333 -5.462952
v 34.600002 48.425247 -5.290314
v 34.525002 48.467628 -5.352661
v 34.600002 48.380985 -5.315857
v 34.450001 48.360363 -5.514099
v 34.600002 48.338055 -5.343597
v 34.525002 48.387665 -5.400574
v 34.600002 48.296558 -5.373413
v 34.450001 48.296738 -5.571777
v 34.600002 48.256599 -5.405273
v 34.525002 48.312782 -5.456116
v 34.600002 48.218281 -5.439117
v 34.450001 48.239071 -5.635376
v 34.600002 48.181694 -5.474792
v 34.525002 48.243706 -5.518738
v 34.600002 48.146931 -5.512268
v 34.450001 48.187920 -5.704346
v 34.525002 48.181095 -5.587799
v 34.600002 48.114079 -5.551392
v 34.600002 48.083221 -5.592133
v 34.450001 48.143776 -5.778015
v 34.525002 48.125561 -5.662689
v 34.600002 48.054432 -5.634369
v 34.600002 48.027782 -5.677979
v 34.450001 48.107063 -5.855621
v 34.600002 48.003338 -5.722870
v 34.525002 48.077633 -5.742645
v 34.600002 47.981163 -5.768921
v 34.450001 48.078133 -5.936493
v 34.525002 48.037769 -5.826935
v 34.600002 47.961311 -5.816010
v 34.600002 47.943832 -5.864044
v 34.450001 48.057270 -6.019775
v 34.525002 48.006363 -5.914703
v 34.600002 47.928768 -5.912872
v 34.600002 47.916157 -5.962402
v 34.450001 48.044670 -6.104706
v 34.525002 47.983711 -6.005157
v 34.600002 47.906029 -6.012482
v 34.600002 47.898411 -6.063019
v 34.450001 48.040455 -6.190491
v 34.525002 47.970032 -6.097351
v 34.600002 47.893322 -6.113892
v 34.600002 47.890774 -6.164917
v 34.450001 48.044670 -6.276245
v 34.525002 47.965458 -6.190491
v 34.600002 47.890774 -6.216034
v 34.450001 48.057270 -6.361176
v 34.525002 47.970032 -6.283600
v 34.600002 47.893322 -6.267090
v 34.600002 47.898411 -6.317932
v 34.450001 48.078133 -6.444489
v 34.600002 47.906029 -6.368469
v 34.525002 47.983711 -6.375824
v 34.600002 47.916157 -6.418579
v 34.450001 48.107063 -6.525330
v 34.525002 48.006363 -6.466248
v 34.600002 47.928768 -6.468079
v 34.600002 47.943832 -6.516937
v 34.450001 48.143776 -6.602966
v 34.525002 48.037769 -6.554047
v 34.600002 47.961311 -6.564972
v 34.600002 47.981163 -6.612061
v 34.450001 48.187920 -6.676605
v 34.525002 48.077633 -6.638306
v 34.600002 48.003338 -6.658112
v 34.600002 48.027782 -6.702972
v 34.450001 48.239071 -6.745575
v 34.525002 48.125561 -6.718262
v 34.600002 48.054432 -6.746582
v 34.600002 48.083221 -6.788818
v 34.450001 48.296738 -6.809204
v 34.525002 48.181095 -6.793152
v 34.600002 48.114079 -6.829559
v 34.600002 48.146931 -6.868713
v 34.450001 48.360363 -6.866852
v 34.525002 48.243706 -6.862244
v 34.600002 48.181694 -6.906189
v 34.600002 48.218281 -6.941864
v 34.450001 48.429333 -6.918030
v 34.600002 48.256599 -6.975677
v 34.525002 48.312782 -6.924835
v 34.600002 48.296558 -7.007538
v 34.450001 48.502983 -6.962158
v 34.525002 48.387665 -6.980377
v 34.600002 48.338055 -7.037384
v 34.600002 48.380985 -7.065094
v 34.450001 48.580608 -6.998871
v 34.525002 48.467628 -7.028320
v 34.600002 48.425247 -7.090668
v 34.600002 48.470726 -7.113983
v 34.450001 48.661457 -7.027802
v 34.600002 48.517311 -7.135010
v 34.525002 48.551907 -7.068176
v 34.600002 48.564884 -7.153656
v 34.450001 48.744751 -7.048676
v 34.525002 48.639687 -7.099579
v 34.600002 48.613331 -7.169952
v 34.600002 48.662529 -7.183777
v 34.450001 48.829693 -7.061279
v 34.525002 48.730122 -7.122223
v 34.600002 48.712357 -7.195160
v 34.600002 48.762688 -7.204041
v 34.525002 48.822342 -7.135895
v 34.600002 48.915455 -7.215485
v 34.600002 48.813400 -7.210388
v 34.600002 48.864365 -7.214203
v -14.450000 54.829693 -7.061279
v -14.450000 54.744751 -7.048676
v -14.600000 54.864365 -7.214203
v -14.525000 54.822338 -7.135895
v -14.600000 54.915455 -7.215485
v -14.600000 54.813400 -7.210388
v -14.600000 54.762688 -7.204041
v -14.450000 54.661457 -7.027802
v -14.600000 54.712357 -7.195160
v -14.525000 54.730122 -7.122223
v -14.600000 54.662529 -7.183777
v -14.450000 54.580608 -6.998871
v -14.600000 54.613331 -7.169952
v -14.525000 54.639687 -7.099579
v -14.600000 54.564884 -7.153656
v -14.450000 54.502983 -6.962158
v -14.600000 54.517311 -7.135010
v -14.525000 54.551907 -7.068176
v -14.600000 54.470726 -7.113983
v -14.450000 54.429333 -6.918030
v -14.600000 54.425247 -7.090668
v -14.525000 54.467628 -7.028320
v -14.600000 54.380985 -7.065094
v -14.450000 54.360363 -6.866852
v -14.600000 54.338055 -7.037384
v -14.525000 54.387665 -6.980377
v -14.600000 54.296558 -7.007538
v -14.450000 54.296738 -6.809204
v -14.600000 54.256599 -6.975677
v -14.525000 54.312782 -6.924835
v -14.600000 54.218281 -6.941864
v -14.450000 54.239071 -6.745575
v -14.600000 54.181694 -6.906189
v -14.525000 54.243706 -6.862244
v -14.600000 54.146931 -6.868713
v -14.450000 54.187920 -6.676605
v -14.525000 54.181095 -6.793152
v -14.600000 54.114079 -6.829559
v -14.600000 54.083221 -6.788818
v -14.450000 54.143776 -6.602966
v -14.525000 54.125561 -6.718262
v -14.600000 54.054428 -6.746582
v -14.600000 54.027779 -6.702972
v -14.450000 54.107063 -6.525330
v -14.600000 54.003338 -6.658112
v -14.525000 54.077633 -6.638306
v -14.600000 53.981163 -6.612061
v -14.450000 54.078133 -6.444489
v -14.525000 54.037769 -6.554047
v -14.600000 53.961311 -6.564972
v -14.600000 53.943832 -6.516937
v -14.450000 54.057270 -6.361176
v -14.525000 54.006363 -6.466248
v -14.600000 53.928768 -6.468079
v -14.600000 53.916157 -6.418579
v -14.450000 54.044670 -6.276245
v -14.525000 53.983711 -6.375824
v -14.600000 53.906029 -6.368469
v -14.600000 53.898411 -6.317932
v -14.450000 54.040455 -6.190491
v -14.525000 53.970032 -6.283600
v -14.600000 53.893322 -6.267090
v -14.600000 53.890774 -6.216034
v -14.450000 54.044670 -6.104706
v -14.525000 53.965458 -6.190491
v -14.600000 53.890774 -6.164917
v -14.450000 54.057270 -6.019775
v -14.525000 53.970032 -6.097351
v -14.600000 53.893322 -6.113892
v -14.600000 53.898411 -6.063019
v -14.450000 54.078133 -5.936493
v -14.525000 53.983711 -6.005157
v -14.600000 53.906029 -6.012482
v -14.600000 53.916157 -5.962402
v -14.450000 54.107063 -5.855621
v -14.525000 54.006363 -5.914703
v -14.600000 53.928768 -5.912872
v -14.600000 53.943832 -5.864044
v -14.450000 54.143776 -5.778015
v -14.525000 54.037769 -5.826935
v -14.600000 53.961311 -5.816010
v -14.600000 53.981163 -5.768921
v -14.450000 54.187920 -5.704346
v -14.600000 54.003338 -5.722870
v -14.525000 54.077633 -5.742645
v -14.600000 54.027779 -5.677979
v -14.450000 54.239071 -5.635376
v -14.525000 54.125561 -5.662689
v -14.600000 54.054428 -5.634369
v -14.600000 54.083221 -5.592133
v -14.450000 54.296738 -5.571777
v -14.525000 54.181095 -5.587799
v -14.600000 54.114079 -5.551392
v -14.600000 54.146931 -5.512268
v -14.450000 54.360363 -5.514099
v -14.525000 54.243706 -5.518738
v -14.600000 54.181694 -5.474792
v -14.600000 54.218281 -5.439117
v -14.450000 54.429333 -5.462952
v -14.525000 54.312782 -5.456116
v -14.600000 54.256599 -5.405273
v -14.600000 54.296558 -5.373413
v -14.450000 54.502983 -5.418793
v -14.525000 54.387665 -5.400574
v -14.600000 54.338055 -5.343597
v -14.600000 54.380985 -5.315857
v -14.450000 54.580608 -5.382080
v -14.525000 54.467628 -5.352661
v -14.600000 54.425247 -5.290314
v -14.600000 54.470726 -5.266998
v -14.450000 54.661457 -5.353149
v -14.525000 54.551907 -5.312805
v -14.600000 54.517311 -5.245972
v -14.600000 54.564884 -5.227295
v -14.450000 54.744751 -5.332306
v -14.525000 54.639687 -5.281403
v -14.600000 54.613331 -5.211029
v -14.600000 54.662529 -5.197174
v -14.450000 54.829693 -5.319702
v -14.525000 54.730122 -5.258728
v -14.600000 54.712357 -5.185791
v -14.600000 54.762688 -5.176941
v -14.525000 54.822338 -5.245056
v -14.600000 54.915455 -5.165497
v -14.600000 54.813400 -5.170563
v -14.600000 54.864365 -5.166748
v -14.450000 48.829693 -7.061279
v -14.450000 48.744751 -7.048676
v -14.600000 48.864365 -7.214203
v -14.525000 48.822342 -7.135895
v -14.600000 48.915455 -7.215485
v -14.600000 48.813400 -7.210388
v -14.600000 48.762688 -7.204041
v -14.450000 48.661457 -7.027802
v -14.600000 48.712357 -7.195160
v -14.525000 48.730122 -7.122223
v -14.600000 48.662529 -7.183777
v -14.450000 48.580608 -6.998871
v -14.600000 48.613331 -7.169952
v -14.525000 48.639687 -7.099579
v -14.600000 48.564884 -7.153656
v -14.450000 48.502983 -6.962158
v -14.600000 48.517311 -7.135010
v -14.525000 48.551907 -7.068176
v -14.600000 48.470726 -7.113983
v -14.450000 48.429333 -6.918030
v -14.600000 48.425247 -7.090668
v -14.525000 48.467628 -7.028320
v -14.600000 48.380985 -7.065094
v -14.450000 48.360363 -6.866852
v -14.600000 48.338055 -7.037384
v -14.525000 48.387665 -6.980377
v -14.600000 48.296558 -7.007538
v -14.450000 48.296738 -6.809204
v -14.600000 48.256599 -6.975677
v -14.525000 48.312782 -6.924835
v -14.600000 48.218281 -6.941864
v -14.450000 48.239071 -6.745575
v -14.600000 48.181694 -6.906189
v -14.525000 48.243706 -6.862244
v -14.600000 48.146931 -6.868713
v -14.450000 48.187920 -6.676605
v -14.525000 48.181095 -6.793152
v -14.600000 48.114079 -6.829559
v -14.600000 48.083221 -6.788818
v -14.450000 48.143776 -6.602966
v -14.600000 48.054432 -6.746582
v -14.525000 48.125561 -6.718262
v -14.600000 48.027782 -6.702972
v -14.450000 48.107063 -6.525330
v -14.600000 48.003338 -6.658112
v -14.525000 48.077633 -6.638306
v -14.600000 47.981163 -6.612061
v -14.450000 48.078133 -6.444489
v -14.525000 48.037769 -6.554047
v -14.600000 47.961311 -6.564972
v -14.600000 47.943832 -6.516937
v -14.450000 48.057270 -6.361176
v -14.525000 48.006363 -6.466248
v -14.600000 47.928768 -6.468079
v -14.600000 47.916157 -6.418579
v -14.450000 48.044670 -6.276245
v -14.525000 47.983711 -6.375824
v -14.600000 47.906029 -6.368469
v -14.600000 47.898411 -6.317932
v -14.450000 48.040455 -6.190491
v -14.525000 47.970032 -6.283600
v -14.600000 47.893322 -6.267090
v -14.600000 47.890774 -6.216034
v -14.450000 48.044670 -6.104706
v -14.525000 47.965458 -6.190491
v -14.600000 47.890774 -6.164917
v -14.450000 48.057270 -6.019775
v -14.600000 47.893322 -6.113892
v -14.525000 47.970032 -6.097351
v -14.600000 47.898411 -6.063019
v -14.450000 48.078133 -5.936493
v -14.600000 47.906029 -6.012482
v -14.525000 47.983711 -6.005157
v -14.600000 47.916157 -5.962402
v -14.450000 48.107063 -5.855621
v -14.600000 47.928768 -5.912872
v -14.525000 48.006363 -5.914703
v -14.600000 47.943832 -5.864044
v -14.450000 48.143776 -5.778015
v -14.525000 48.037769 -5.826935
v -14.600000 47.961311 -5.816010
v -14.600000 47.981163 -5.768921
v -14.450000 48.187920 -5.704346
v -14.600000 48.003338 -5.722870
v -14.525000 48.077633 -5.742645
v -14.600000 48.027782 -5.677979
v -14.450000 48.239071 -5.635376
v -14.525000 48.125561 -5.662689
v -14.600000 48.054432 -5.634369
v -14.600000 48.083221 -5.592133
v -14.450000 48.296738 -5.571777
v -14.525000 48.181095 -5.587799
v -14.600000 48.114079 -5.551392
v -14.600000 48.146931 -5.512268
v -14.450000 48.360363 -5.514099
v -14.525000 48.243706 -5.518738
v -14.600000 48.181694 -5.474792
v -14.600000 48.218281 -5.439117
v -14.450000 48.429333 -5.462952
v -14.525000 48.312782 -5.456116
v -14.600000 48.256599 -5.405273
v -14.600000 48.296558 -5.373413
v -14.450000 48.502983 -5.418793
v -14.525000 48.387665 -5.400574
v -14.600000 48.338055 -5.343597
v -14.600000 48.380985 -5.315857
v -14.450000 48.580608 -5.382080
v -14.525000 48.467628 -5.352661
v -14.600000 48.425247 -5.290314
v -14.600000 48.470726 -5.266998
v -14.450000 48.661457 -5.353149
v -14.525000 48.551907 -5.312805
v -14.600000 48.517311 -5.245972
v -14.600000 48.564884 -5.227295
v -14.450000 48.744751 -5.332306
v -14.525000 48.639687 -5.281403
v -14.600000 48.613331 -5.211029
v -14.600000 48.662529 -5.197174
v -14.450000 48.829693 -5.319702
v -14.525000 48.730122 -5.258728
v -14.600000 48.712357 -5.185791
v -14.600000 48.762688 -5.176941
v -14.525000 48.822342 -5.245056
v -14.600000 48.915455 -5.165497
v -14.600000 48.813400 -5.170563
v -14.600000 48.864365 -5.166748
v 29.900002 62.815456 -5.240479
v 29.898136 62.815456 -5.315247
v 29.892548 62.815456 -5.389832
v 29.883247 62.815456 -5.464050
v 29.870258 62.815456 -5.537689
v 29.853615 62.815456 -5.610626
v 29.833359 62.815456 -5.682617
v 29.809540 62.815456 -5.753510
v 29.782215 62.815456 -5.823120
v 29.751453 62.815456 -5.891296
v 29.717335 62.815456 -5.957855
v 29.679935 62.815456 -6.022644
v 29.639359 62.815456 -6.085449
v 29.595699 62.815456 -6.146179
v 29.549068 62.815456 -6.204651
v 29.499580 62.815456 -6.260742
v 29.447357 62.815456 -6.314270
v 29.392529 62.815456 -6.365143
v 29.335236 62.815456 -6.413239
v 29.275616 62.815456 -6.458374
v 29.213821 62.815456 -6.500519
v 29.150002 62.815456 -6.539520
v 29.084316 62.815456 -6.575287
v 29.016930 62.815456 -6.607727
v 28.948013 62.815456 -6.636780
v 28.877731 62.815456 -6.662384
v 28.806263 62.815456 -6.684418
v 28.733784 62.815456 -6.702881
v 28.660473 62.815456 -6.717682
v 28.586517 62.815456 -6.728851
v 28.512096 62.815456 -6.736298
v 28.437397 62.815456 -6.740021
v 28.362606 62.815456 -6.740021
v 28.287907 62.815456 -6.736298
v 28.213486 62.815456 -6.728851
v 28.139530 62.815456 -6.717682
v 28.066219 62.815456 -6.702881
v 27.993740 62.815456 -6.684418
v 27.922272 62.815456 -6.662384
v 27.851990 62.815456 -6.636780
v 27.783070 62.815456 -6.607727
v 27.715683 62.815456 -6.575287
v 27.650002 62.815456 -6.539520
v 27.586182 62.815456 -6.500519
v 27.524384 62.815456 -6.458374
v 27.464767 62.815456 -6.413239
v 27.407471 62.815456 -6.365143
v 27.352646 62.815456 -6.314270
v 27.300423 62.815456 -6.260742
v 27.250935 62.815456 -6.204651
v 27.204304 62.815456 -6.146179
v 27.160641 62.815456 -6.085449
v 27.120064 62.815456 -6.022644
v 27.082668 62.815456 -5.957855
v 27.048546 62.815456 -5.891296
v 27.017788 62.815456 -5.823120
v 26.990463 62.815456 -5.753510
v 26.966640 62.815456 -5.682617
v 26.946384 62.815456 -5.610626
v 26.929741 62.815456 -5.537689
v 26.916756 62.815456 -5.464050
v 26.907455 62.815456 -5.389832
v 26.901867 62.815456 -5.315247
v 26.900002 62.815456 -5.240479
v 34.600002 44.515461 -1.990479
v -14.600000 58.515461 -1.990479
v -14.600000 44.515461 -1.990479
v 34.600002 58.515461 -1.990479
v 36.700001 65.815460 -7.990479
v 36.700001 58.515457 -7.990479
v 34.600002 58.515457 -7.990479
v 20.600002 59.315456 -7.990479
v 34.600002 44.515457 -7.990479
v 20.600002 65.815460 -7.990479
v -14.600000 44.515457 -7.990479
v -14.600000 58.515457 -7.990479
v -16.900000 59.315456 -7.990479
v -16.900000 58.515457 -7.990479
v 36.900002 60.015461 -0.190491
v 36.900002 65.815460 7.809509
v 36.900002 60.015461 7.809509
v 36.900002 58.515457 -7.790497
v 36.900002 58.515461 -0.190491
v 36.900002 65.815460 -7.790497
v 36.799999 65.915459 -7.890472
v -16.900000 58.515461 -0.190491
v 20.400002 59.315460 -0.190491
v 20.400002 60.015461 -0.190491
v -16.900000 59.315460 -0.190491
v 34.600002 48.966549 -5.166748
v 34.600002 49.017513 -5.170563
v 34.600002 49.068226 -5.176941
v 34.600002 49.118557 -5.185791
v 34.600002 49.168385 -5.197174
v 34.600002 49.649220 -5.474792
v 34.600002 49.612633 -5.439117
v 34.600002 49.683983 -5.512268
v 34.600002 49.574314 -5.405273
v 34.600002 49.716835 -5.551392
v 34.600002 49.534355 -5.373413
v 34.600002 49.747692 -5.592133
v 34.600002 49.492859 -5.343597
v 34.600002 49.776482 -5.634369
v 34.600002 49.803131 -5.677979
v 34.600002 49.449928 -5.315857
v 34.600002 49.405666 -5.290314
v 34.600002 49.827576 -5.722870
v 34.600002 49.360188 -5.266998
v 34.600002 49.849751 -5.768921
v 34.600002 49.313602 -5.245972
v 34.600002 49.869602 -5.816010
v 34.600002 49.266026 -5.227295
v 34.600002 49.887081 -5.864044
v 34.600002 49.902145 -5.912872
v 34.600002 49.914757 -5.962402
v 34.600002 49.924885 -6.012482
v 34.600002 49.932503 -6.063019
v 34.600002 49.937592 -6.113892
v 34.600002 49.940140 -6.164917
v 34.600002 49.940140 -6.216034
v 34.600002 49.937592 -6.267090
v 34.600002 49.932503 -6.317932
v 34.600002 49.924885 -6.368469
v 34.600002 49.914757 -6.418579
v 34.600002 49.902145 -6.468079
v 34.600002 49.887081 -6.516937
v 34.600002 55.217579 -5.211029
v 34.600002 55.266026 -5.227295
v 34.600002 55.168381 -5.197174
v 34.600002 55.118557 -5.185791
v 34.600002 55.068226 -5.176941
v 34.600002 55.017513 -5.170563
v 34.600002 54.966549 -5.166748
v 34.600002 49.217579 -5.211029
v 34.600002 49.869602 -6.564972
v 34.600002 55.313602 -5.245972
v 34.600002 49.849751 -6.612061
v 34.600002 55.360188 -5.266998
v 34.600002 49.827576 -6.658112
v 34.600002 55.405666 -5.290314
v 34.600002 49.803131 -6.702972
v 34.600002 55.449928 -5.315857
v 34.600002 49.776482 -6.746582
v 34.600002 55.492859 -5.343597
v 34.600002 49.747692 -6.788818
v 34.600002 55.534355 -5.373413
v 34.600002 49.716835 -6.829559
v 34.600002 49.683983 -6.868713
v 34.600002 55.574314 -5.405273
v 34.600002 55.612633 -5.439117
v 34.600002 49.649220 -6.906189
v 34.600002 49.612633 -6.941864
v 34.600002 55.649220 -5.474792
v 34.600002 55.683983 -5.512268
v 34.600002 49.574314 -6.975677
v 34.600002 55.716835 -5.551392
v 34.600002 49.534355 -7.007538
v 34.600002 55.747692 -5.592133
v 34.600002 49.492859 -7.037384
v 34.600002 49.449928 -7.065094
v 34.600002 55.776482 -5.634369
v 34.600002 49.405666 -7.090668
v 34.600002 55.803131 -5.677979
v 34.600002 55.827576 -5.722870
v 34.600002 49.360188 -7.113983
v 34.600002 55.849751 -5.768921
v 34.600002 49.313602 -7.135010
v 34.600002 55.869602 -5.816010
v 34.600002 49.266026 -7.153656
v 34.600002 55.887081 -5.864044
v 34.600002 49.217579 -7.169952
v 34.600002 49.168385 -7.183777
v 34.600002 49.118557 -7.195160
v 34.600002 54.966549 -7.214203
v 34.600002 55.017513 -7.210388
v 34.600002 55.068226 -7.204041
v 34.600002 55.118557 -7.195160
v 34.600002 55.168381 -7.183777
v 34.600002 55.217579 -7.169952
v 34.600002 55.266026 -7.153656
v 34.600002 55.313602 -7.135010
v 34.600002 55.360188 -7.113983
v 34.600002 55.405666 -7.090668
v 34.600002 55.449928 -7.065094
v 34.600002 55.492859 -7.037384
v 34.600002 55.534355 -7.007538
v 34.600002 55.574314 -6.975677
v 34.600002 55.612633 -6.941864
v 34.600002 55.649220 -6.906189
v 34.600002 55.683983 -6.868713
v 34.600002 55.716835 -6.829559
v 34.600002 55.747692 -6.788818
v 34.600002 55.776482 -6.746582
v 34.600002 55.803131 -6.702972
v 34.600002 55.827576 -6.658112
v 34.600002 55.849751 -6.612061
v 34.600002 55.869602 -6.564972
v 34.600002 55.887081 -6.516937
v 34.600002 55.902145 -6.468079
v 34.600002 55.914757 -6.418579
v 34.600002 55.924885 -6.368469
v 34.600002 55.932503 -6.317932
v 34.600002 55.937592 -6.267090
v 34.600002 55.940136 -6.216034
v 34.600002 55.940136 -6.164917
v 34.600002 55.937592 -6.113892
v 34.600002 55.932503 -6.063019
v 34.600002 55.924885 -6.012482
v 34.600002 55.914757 -5.962402
v 34.600002 55.902145 -5.912872
v 34.600002 48.966549 -7.214203
v 34.600002 49.017513 -7.210388
v 34.600002 49.068226 -7.204041
v -16.700001 59.515461 -0.390472
v 20.400002 59.515457 -7.790497
v -16.700001 59.515457 -7.790497
v 20.400002 59.515461 -0.390472
v 36.700001 66.015457 -7.790497
v 30.097889 66.015457 -5.155731
v 30.091553 66.015457 -5.071228
v 30.081013 66.015457 -4.987122
v 30.066296 66.015457 -4.903625
v 30.047432 66.015457 -4.820984
v 30.024475 66.015457 -4.739410
v 29.997478 66.015457 -4.659058
v 29.702278 66.015457 -4.147736
v 29.646191 66.015457 -4.084198
v 29.755127 66.015457 -4.214020
v 29.587002 66.015457 -4.023499
v 29.850594 66.015457 -4.354034
v 29.804607 66.015457 -4.282837
v 29.524868 66.015457 -3.965851
v 29.892979 66.015457 -4.427460
v 29.459934 66.015457 -3.911377
v 29.931648 66.015457 -4.502869
v 29.392365 66.015457 -3.860199
v 29.966511 66.015457 -4.580139
v 29.322330 66.015457 -3.812439
v 29.250000 66.015457 -3.768250
v 29.175560 66.015457 -3.727692
v 29.099190 66.015457 -3.690918
v 29.021080 66.015457 -3.657990
v 28.941429 66.015457 -3.628998
v 28.860428 66.015457 -3.604034
v 28.778286 66.015457 -3.583099
v 28.695202 66.015457 -3.566315
v 28.611385 66.015457 -3.553680
v 28.527042 66.015457 -3.545227
v 28.442383 66.015457 -3.541016
v 28.357620 66.015457 -3.541016
v 28.272961 66.015457 -3.545227
v 28.188618 66.015457 -3.553680
v 28.104797 66.015457 -3.566315
v 28.021717 66.015457 -3.583099
v 27.939571 66.015457 -3.604034
v 27.858574 66.015457 -3.628998
v 27.778919 66.015457 -3.657990
v 27.700813 66.015457 -3.690918
v 27.624443 66.015457 -3.727692
v 27.549999 66.015457 -3.768250
v 27.477673 66.015457 -3.812439
v 27.407635 66.015457 -3.860199
v 27.340069 66.015457 -3.911377
v 36.700001 66.015457 7.809509
v 30.265991 66.015457 0.796112
v 30.224464 66.015457 0.888123
v 30.302879 66.015457 0.702118
v 30.335037 66.015457 0.606384
v 30.362381 66.015457 0.509216
v 30.384850 66.015457 0.410767
v 30.402382 66.015457 0.311340
v 30.414940 66.015457 0.211151
v 30.422485 66.015457 0.110443
v 27.275135 66.015457 -3.965851
v 27.212997 66.015457 -4.023499
v 27.153812 66.015457 -4.084198
v 27.097725 66.015457 -4.147736
v 20.600002 66.015457 -7.790497
v 26.802525 66.015457 -4.659058
v 26.775528 66.015457 -4.739410
v 26.752571 66.015457 -4.820984
v 26.733707 66.015457 -4.903625
v 26.718987 66.015457 -4.987122
v 26.708450 66.015457 -5.071228
v 26.702114 66.015457 -5.155731
v 27.044876 66.015457 -4.214020
v 26.995396 66.015457 -4.282837
v 26.949406 66.015457 -4.354034
v 26.907024 66.015457 -4.427460
v 26.868355 66.015457 -4.502869
v 26.833492 66.015457 -4.580139
v 29.587002 66.015457 3.792542
v 29.739914 66.015457 1.527832
v 29.662567 66.015457 1.592712
v 29.646191 66.015457 3.853210
v 29.813931 66.015457 1.459137
v 29.524868 66.015457 3.734894
v 29.582081 66.015457 1.653687
v 29.702278 66.015457 3.916779
v 29.884430 66.015457 1.386871
v 29.459934 66.015457 3.680389
v 29.498657 66.015457 1.710571
v 29.755127 66.015457 3.983063
v 29.392365 66.015457 3.629211
v 29.412502 66.015457 1.763214
v 29.804607 66.015457 4.051880
v 29.951241 66.015457 1.311157
v 29.322330 66.015457 3.581482
v 29.323826 66.015457 1.811523
v 29.850594 66.015457 4.123077
v 30.014194 66.015457 1.232208
v 29.250000 66.015457 3.537262
v 29.232857 66.015457 1.855316
v 29.892979 66.015457 4.196472
v 30.073135 66.015457 1.150238
v 29.175560 66.015457 3.496735
v 29.139816 66.015457 1.894531
v 29.931648 66.015457 4.271912
v 30.127914 66.015457 1.065430
v 29.099190 66.015457 3.459961
v 29.966511 66.015457 4.349182
v 30.178398 66.015457 0.977997
v 29.021080 66.015457 3.427032
v 29.044937 66.015457 1.929077
v 29.997478 66.015457 4.428070
v 28.941429 66.015457 3.398041
v 28.948452 66.015457 1.958832
v 30.024475 66.015457 4.508423
v 28.860428 66.015457 3.373047
v 28.850605 66.015457 1.983734
v 30.047432 66.015457 4.590027
v 28.778286 66.015457 3.352142
v 28.751637 66.015457 2.003754
v 30.066296 66.015457 4.672668
v 28.695202 66.015457 3.335358
v 28.651798 66.015457 2.018799
v 30.081013 66.015457 4.756134
v 28.611385 66.015457 3.322723
v 28.551331 66.015457 2.028870
v 30.091553 66.015457 4.840240
v 28.527042 66.015457 3.314270
v 28.450485 66.015457 2.033875
v 30.097889 66.015457 4.924774
v 28.442383 66.015457 3.310059
v 30.100002 66.015457 5.009521
v 28.357620 66.015457 3.310059
v 28.349518 66.015457 2.033875
v 28.272961 66.015457 3.314270
v 28.248672 66.015457 2.028870
v 28.188618 66.015457 3.322723
v 28.148205 66.015457 2.018799
v 28.104797 66.015457 3.335358
v 28.048363 66.015457 2.003754
v 28.021717 66.015457 3.352142
v 27.949394 66.015457 1.983734
v 30.100002 66.015457 5.509521
v 27.939571 66.015457 3.373047
v 27.851547 66.015457 1.958832
v 30.097889 66.015457 5.594269
v 27.858574 66.015457 3.398041
v 27.755066 66.015457 1.929077
v 30.091553 66.015457 5.678772
v 27.778919 66.015457 3.427032
v 27.660187 66.015457 1.894531
v 30.081013 66.015457 5.762878
v 27.700813 66.015457 3.459961
v 30.066296 66.015457 5.846375
v 27.624443 66.015457 3.496735
v 27.567142 66.015457 1.855316
v 30.047432 66.015457 5.929016
v 30.024475 66.015457 6.010590
v 27.549999 66.015457 3.537262
v 27.476173 66.015457 1.811523
v 29.997478 66.015457 6.090942
v 27.477673 66.015457 3.581482
v 27.387501 66.015457 1.763214
v 29.966511 66.015457 6.169861
v 27.407635 66.015457 3.629211
v 27.301346 66.015457 1.710571
v 29.931648 66.015457 6.247131
v 27.340069 66.015457 3.680389
v 27.217918 66.015457 1.653687
v 29.892979 66.015457 6.322540
v 27.275135 66.015457 3.734894
v 27.137432 66.015457 1.592712
v 29.850594 66.015457 6.395966
v 27.212997 66.015457 3.792542
v 27.060085 66.015457 1.527832
v 29.804607 66.015457 6.467163
v 27.153812 66.015457 3.853210
v 26.986073 66.015457 1.459137
v 29.755127 66.015457 6.535980
v 27.097725 66.015457 3.916779
v 26.915569 66.015457 1.386871
v 29.702278 66.015457 6.602264
v 27.044876 66.015457 3.983063
v 29.646191 66.015457 6.665802
v 26.995396 66.015457 4.051880
v 26.848763 66.015457 1.311157
v 29.587002 66.015457 6.726501
v 26.949406 66.015457 4.123077
v 26.785809 66.015457 1.232208
v 29.524868 66.015457 6.784149
v 26.907024 66.015457 4.196472
v 26.726868 66.015457 1.150238
v 29.459934 66.015457 6.838623
v 26.868355 66.015457 4.271912
v 26.672089 66.015457 1.065430
v 29.392365 66.015457 6.889801
v 26.833492 66.015457 4.349182
v 26.621601 66.015457 0.977997
v 29.322330 66.015457 6.937561
v 26.802525 66.015457 4.428070
v 26.575539 66.015457 0.888123
v 29.250000 66.015457 6.981750
v 26.775528 66.015457 4.508423
v 29.175560 66.015457 7.022308
v 29.099190 66.015457 7.059082
v 29.021080 66.015457 7.092010
v 20.799999 66.015457 7.809509
v 26.700001 66.015457 5.509521
v 26.700001 66.015457 5.009521
v 27.858574 66.015457 7.121002
v 27.778919 66.015457 7.092010
v 27.700813 66.015457 7.059082
v 27.624443 66.015457 7.022308
v 27.549999 66.015457 6.981750
v 27.477673 66.015457 6.937561
v 27.407635 66.015457 6.889801
v 27.340069 66.015457 6.838623
v 27.275135 66.015457 6.784149
v 27.212997 66.015457 6.726501
v 27.153812 66.015457 6.665802
v 27.097725 66.015457 6.602264
v 27.044876 66.015457 6.535980
v 26.995396 66.015457 6.467163
v 26.949406 66.015457 6.395966
v 26.907024 66.015457 6.322540
v 26.868355 66.015457 6.247131
v 26.833492 66.015457 6.169861
v 26.802525 66.015457 6.090942
v 26.775528 66.015457 6.010590
v 26.752571 66.015457 5.929016
v 26.733707 66.015457 5.846375
v 26.718987 66.015457 5.762878
v 26.708450 66.015457 5.678772
v 26.702114 66.015457 5.594269
v 20.600002 66.015457 7.609528
v 26.377518 66.015457 0.110443
v 26.385063 66.015457 0.211151
v 26.397617 66.015457 0.311340
v 26.415150 66.015457 0.410767
v 26.437618 66.015457 0.509216
v 26.464966 66.015457 0.606384
v 26.497124 66.015457 0.702118
v 26.534012 66.015457 0.796112
v 26.702114 66.015457 4.924774
v 26.708450 66.015457 4.840240
v 26.718987 66.015457 4.756134
v 26.733707 66.015457 4.672668
v 26.752571 66.015457 4.590027
v 28.442383 66.015457 7.208984
v 28.527042 66.015457 7.204773
v 28.611385 66.015457 7.196320
v 28.695202 66.015457 7.183685
v 28.778286 66.015457 7.166901
v 28.860428 66.015457 7.145966
v 28.941429 66.015457 7.121002
v 28.357620 66.015457 7.208984
v 28.272961 66.015457 7.204773
v 28.188618 66.015457 7.196320
v 28.104797 66.015457 7.183685
v 28.021717 66.015457 7.166901
v 27.939571 66.015457 7.145966
v 36.700001 65.815460 8.009521
v 20.799999 65.815460 8.009521
v 20.799999 60.015461 8.009521
v 36.700001 60.015461 8.009521
v 20.400002 65.815460 7.609528
v 20.400002 60.015461 7.609528
v 20.400002 65.815460 -7.790497
v 26.900002 65.815460 5.009521
v 26.900002 65.815460 5.509521
v 26.900002 62.815460 5.509521
v 26.900002 62.815460 5.009521
v 29.900002 62.815460 5.009521
v 29.898136 65.815460 4.934753
v 29.898136 62.815460 4.934753
v 29.900002 65.815460 5.009521
v 29.892548 65.815460 4.860168
v 29.892548 62.815460 4.860168
v 29.883247 65.815460 4.785950
v 29.883247 62.815460 4.785950
v 29.870258 65.815460 4.712311
v 29.870258 62.815460 4.712311
v 29.853615 65.815460 4.639374
v 29.853615 62.815460 4.639374
v 29.833359 65.815460 4.567383
v 29.833359 62.815460 4.567383
v 29.809540 65.815460 4.496490
v 29.809540 62.815460 4.496490
v 29.782215 65.815460 4.426880
v 29.782215 62.815460 4.426880
v 29.751453 62.815460 4.358704
v 29.751453 65.815460 4.358704
v 29.717335 65.815460 4.292145
v 29.717335 62.815460 4.292145
v 29.679935 65.815460 4.227356
v 29.679935 62.815460 4.227356
v 29.639359 65.815460 4.164551
v 29.639359 62.815460 4.164551
v 29.595699 65.815460 4.103821
v 29.595699 62.815460 4.103821
v 29.549068 62.815460 4.045349
v 29.549068 65.815460 4.045349
v 29.499580 65.815460 3.989258
v 29.499580 62.815460 3.989258
v 29.447357 65.815460 3.935730
v 29.447357 62.815460 3.935730
v 29.392529 65.815460 3.884857
v 29.392529 62.815460 3.884857
v 29.335236 62.815460 3.836761
v 29.335236 65.815460 3.836761
v 29.275616 65.815460 3.791626
v 29.275616 62.815460 3.791626
v 29.213821 65.815460 3.749481
v 29.213821 62.815460 3.749481
v 29.150002 65.815460 3.710480
v 29.150002 62.815460 3.710480
v 29.084316 62.815460 3.674713
v 29.084316 65.815460 3.674713
v 29.016930 62.815460 3.642273
v 29.016930 65.815460 3.642273
v 28.948013 65.815460 3.613220
v 28.948013 62.815460 3.613220
v 28.877731 65.815460 3.587616
v 28.877731 62.815460 3.587616
v 28.806263 62.815460 3.565582
v 28.806263 65.815460 3.565582
v 28.733784 62.815460 3.547119
v 28.733784 65.815460 3.547119
v 28.660473 62.815460 3.532318
v 28.660473 65.815460 3.532318
v 28.586517 65.815460 3.521149
v 28.586517 62.815460 3.521149
v 28.512096 65.815460 3.513702
v 28.512096 62.815460 3.513702
v 28.437397 65.815460 3.509979
v 28.437397 62.815460 3.509979
v 28.362606 62.815460 3.509979
v 28.362606 65.815460 3.509979
v 28.287907 62.815460 3.513702
v 28.287907 65.815460 3.513702
v 28.213486 65.815460 3.521149
v 28.213486 62.815460 3.521149
v 28.139530 62.815460 3.532318
v 28.139530 65.815460 3.532318
v 28.066219 65.815460 3.547119
v 28.066219 62.815460 3.547119
v 27.993740 65.815460 3.565582
v 27.993740 62.815460 3.565582
v 27.922272 65.815460 3.587616
v 27.922272 62.815460 3.587616
v 27.851990 65.815460 3.613220
v 27.851990 62.815460 3.613220
v 27.783070 65.815460 3.642273
v 27.783070 62.815460 3.642273
v 27.715683 62.815460 3.674713
v 27.715683 65.815460 3.674713
v 27.650002 65.815460 3.710480
v 27.650002 62.815460 3.710480
v 27.586182 65.815460 3.749481
v 27.586182 62.815460 3.749481
v 27.524384 65.815460 3.791626
v 27.524384 62.815460 3.791626
v 27.464767 65.815460 3.836761
v 27.464767 62.815460 3.836761
v 27.407471 65.815460 3.884857
v 27.407471 62.815460 3.884857
v 27.352646 62.815460 3.935730
v 27.352646 65.815460 3.935730
v 27.300423 65.815460 3.989258
v 27.300423 62.815460 3.989258
v 27.250935 62.815460 4.045349
v 27.250935 65.815460 4.045349
v 27.204304 65.815460 4.103821
v 27.204304 62.815460 4.103821
v 27.160641 65.815460 4.164551
v 27.160641 62.815460 4.164551
v 27.120064 65.815460 4.227356
v 27.120064 62.815460 4.227356
v 27.082668 65.815460 4.292145
v 27.082668 62.815460 4.292145
v 27.048546 65.815460 4.358704
v 27.048546 62.815460 4.358704
v 27.017788 62.815460 4.426880
v 27.017788 65.815460 4.426880
v 26.990463 65.815460 4.496490
v 26.990463 62.815460 4.496490
v 26.966640 65.815460 4.567383
v 26.966640 62.815460 4.567383
v 26.946384 65.815460 4.639374
v 26.946384 62.815460 4.639374
v 26.929741 65.815460 4.712311
v 26.929741 62.815460 4.712311
v 26.916756 65.815460 4.785950
v 26.916756 62.815460 4.785950
v 26.907455 65.815460 4.860168
v 26.907455 62.815460 4.860168
v 26.901867 65.815460 4.934753
v 26.901867 62.815460 4.934753
v 29.900002 62.815460 5.509521
v 29.900002 65.815460 5.509521
v 26.901867 65.815460 5.584290
v 26.901867 62.815460 5.584290
v 26.907455 65.815460 5.658875
v 26.907455 62.815460 5.658875
v 26.916756 65.815460 5.733093
v 26.916756 62.815460 5.733093
v 26.929741 65.815460 5.806732
v 26.929741 62.815460 5.806732
v 26.946384 65.815460 5.879669
v 26.946384 62.815460 5.879669
v 26.966640 62.815460 5.951660
v 26.966640 65.815460 5.951660
v 26.990463 65.815460 6.022552
v 26.990463 62.815460 6.022552
v 27.017788 62.815460 6.092163
v 27.017788 65.815460 6.092163
v 27.048546 65.815460 6.160339
v 27.048546 62.815460 6.160339
v 27.082668 65.815460 6.226898
v 27.082668 62.815460 6.226898
v 27.120064 62.815460 6.291656
v 27.120064 65.815460 6.291656
v 27.160641 65.815460 6.354492
v 27.160641 62.815460 6.354492
v 27.204304 65.815460 6.415222
v 27.204304 62.815460 6.415222
v 27.250935 65.815460 6.473694
v 27.250935 62.815460 6.473694
v 27.300423 65.815460 6.529785
v 27.300423 62.815460 6.529785
v 27.352646 65.815460 6.583313
v 27.352646 62.815460 6.583313
v 27.407471 62.815460 6.634186
v 27.407471 65.815460 6.634186
v 27.464767 65.815460 6.682251
v 27.464767 62.815460 6.682251
v 27.524384 62.815460 6.727417
v 27.524384 65.815460 6.727417
v 27.586182 62.815460 6.769562
v 27.586182 65.815460 6.769562
v 27.650002 65.815460 6.808563
v 27.650002 62.815460 6.808563
v 27.715683 65.815460 6.844330
v 27.715683 62.815460 6.844330
v 27.783070 62.815460 6.876770
v 27.783070 65.815460 6.876770
v 27.851990 65.815460 6.905823
v 27.851990 62.815460 6.905823
v 27.922272 65.815460 6.931396
v 27.922272 62.815460 6.931396
v 27.993740 65.815460 6.953461
v 27.993740 62.815460 6.953461
v 28.066219 62.815460 6.971924
v 28.066219 65.815460 6.971924
v 28.139530 65.815460 6.986725
v 28.139530 62.815460 6.986725
v 28.213486 62.815460 6.997864
v 28.213486 65.815460 6.997864
v 28.287907 65.815460 7.005310
v 28.287907 62.815460 7.005310
v 28.362606 62.815460 7.009064
v 28.362606 65.815460 7.009064
v 28.437397 65.815460 7.009064
v 28.437397 62.815460 7.009064
v 28.512096 65.815460 7.005310
v 28.512096 62.815460 7.005310
v 28.586517 62.815460 6.997864
v 28.586517 65.815460 6.997864
v 28.660473 65.815460 6.986725
v 28.660473 62.815460 6.986725
v 28.733784 62.815460 6.971924
v 28.733784 65.815460 6.971924
v 28.806263 65.815460 6.953461
v 28.806263 62.815460 6.953461
v 28.877731 65.815460 6.931396
v 28.877731 62.815460 6.931396
v 28.948013 65.815460 6.905823
v 28.948013 62.815460 6.905823
v 29.016930 65.815460 6.876770
v 29.016930 62.815460 6.876770
v 29.084316 62.815460 6.844330
v 29.084316 65.815460 6.844330
v 29.150002 65.815460 6.808563
v 29.150002 62.815460 6.808563
v 29.213821 65.815460 6.769562
v 29.213821 62.815460 6.769562
v 29.275616 65.815460 6.727417
v 29.275616 62.815460 6.727417
v 29.335236 65.815460 6.682251
v 29.335236 62.815460 6.682251
v 29.392529 65.815460 6.634186
v 29.392529 62.815460 6.634186
v 29.447357 65.815460 6.583313
v 29.447357 62.815460 6.583313
v 29.499580 65.815460 6.529785
v 29.499580 62.815460 6.529785
v 29.549068 65.815460 6.473694
v 29.549068 62.815460 6.473694
v 29.595699 65.815460 6.415222
v 29.595699 62.815460 6.415222
v 29.639359 65.815460 6.354492
v 29.639359 62.815460 6.354492
v 29.679935 65.815460 6.291656
v 29.679935 62.815460 6.291656
v 29.717335 65.815460 6.226898
v 29.717335 62.815460 6.226898
v 29.751453 65.815460 6.160339
v 29.751453 62.815460 6.160339
v 29.782215 62.815460 6.092163
v 29.782215 65.815460 6.092163
v 29.809540 65.815460 6.022552
v 29.809540 62.815460 6.022552
v 29.833359 65.815460 5.951660
v 29.833359 62.815460 5.951660
v 29.853615 62.815460 5.879669
v 29.853615 65.815460 5.879669
v 29.870258 65.815460 5.806732
v 29.870258 62.815460 5.806732
v 29.883247 65.815460 5.733093
v 29.883247 62.815460 5.733093
v 29.892548 65.815460 5.658875
v 29.892548 62.815460 5.658875
v 29.898136 65.815460 5.584290
v 29.898136 62.815460 5.584290
v 26.901867 65.815460 -5.165710
v 26.901867 62.815456 -5.165710
v 26.907455 65.815460 -5.091125
v 26.907455 62.815456 -5.091125
v 26.916756 65.815460 -5.016907
v 26.916756 62.815456 -5.016907
v 26.929741 62.815456 -4.943268
v 26.929741 65.815460 -4.943268
v 26.946384 65.815460 -4.870361
v 26.946384 62.815456 -4.870361
v 26.966640 62.815456 -4.798340
v 26.966640 65.815460 -4.798340
v 26.990463 65.815460 -4.727448
v 26.990463 62.815456 -4.727448
v 27.017788 65.815460 -4.657837
v 27.017788 62.815456 -4.657837
v 27.048546 65.815460 -4.589661
v 27.048546 62.815456 -4.589661
v 27.082668 65.815460 -4.523102
v 27.082668 62.815456 -4.523102
v 27.120064 65.815460 -4.458344
v 27.120064 62.815456 -4.458344
v 27.160641 65.815460 -4.395508
v 27.160641 62.815456 -4.395508
v 27.204304 62.815456 -4.334778
v 27.204304 65.815460 -4.334778
v 27.250935 65.815460 -4.276306
v 27.250935 62.815456 -4.276306
v 27.300423 62.815456 -4.220215
v 27.300423 65.815460 -4.220215
v 27.352646 65.815460 -4.166687
v 27.352646 62.815456 -4.166687
v 27.407471 65.815460 -4.115814
v 27.407471 62.815456 -4.115814
v 27.464767 65.815460 -4.067749
v 27.464767 62.815456 -4.067749
v 27.524384 65.815460 -4.022583
v 27.524384 62.815456 -4.022583
v 27.586182 65.815460 -3.980438
v 27.586182 62.815456 -3.980438
v 27.650002 65.815460 -3.941437
v 27.650002 62.815456 -3.941437
v 27.715683 65.815460 -3.905670
v 27.715683 62.815456 -3.905670
v 27.783070 62.815456 -3.873230
v 27.783070 65.815460 -3.873230
v 27.851990 65.815460 -3.844177
v 27.851990 62.815456 -3.844177
v 27.922272 62.815456 -3.818604
v 27.922272 65.815460 -3.818604
v 27.993740 65.815460 -3.796539
v 27.993740 62.815456 -3.796539
v 28.066219 62.815456 -3.778076
v 28.066219 65.815460 -3.778076
v 28.139530 65.815460 -3.763275
v 28.139530 62.815456 -3.763275
v 28.213486 65.815460 -3.752136
v 28.213486 62.815456 -3.752136
v 28.287907 65.815460 -3.744690
v 28.287907 62.815456 -3.744690
v 28.362606 65.815460 -3.740936
v 28.362606 62.815456 -3.740936
v 28.437397 62.815456 -3.740936
v 28.437397 65.815460 -3.740936
v 28.512096 62.815456 -3.744690
v 28.512096 65.815460 -3.744690
v 28.586517 62.815456 -3.752136
v 28.586517 65.815460 -3.752136
v 28.660473 65.815460 -3.763275
v 28.660473 62.815456 -3.763275
v 28.733784 62.815456 -3.778076
v 28.733784 65.815460 -3.778076
v 28.806263 62.815456 -3.796539
v 28.806263 65.815460 -3.796539
v 28.877731 65.815460 -3.818604
v 28.877731 62.815456 -3.818604
v 28.948013 65.815460 -3.844177
v 28.948013 62.815456 -3.844177
v 29.016930 65.815460 -3.873230
v 29.016930 62.815456 -3.873230
v 29.084316 65.815460 -3.905670
v 29.084316 62.815456 -3.905670
v 29.150002 65.815460 -3.941437
v 29.150002 62.815456 -3.941437
v 29.213821 65.815460 -3.980438
v 29.213821 62.815456 -3.980438
v 29.275616 65.815460 -4.022583
v 29.275616 62.815456 -4.022583
v 29.335236 65.815460 -4.067749
v 29.335236 62.815456 -4.067749
v 29.392529 65.815460 -4.115814
v 29.392529 62.815456 -4.115814
v 29.447357 65.815460 -4.166687
v 29.447357 62.815456 -4.166687
v 29.499580 65.815460 -4.220215
v 29.499580 62.815456 -4.220215
v 29.549068 65.815460 -4.276306
v 29.549068 62.815456 -4.276306
v 29.595699 65.815460 -4.334778
v 29.595699 62.815456 -4.334778
v 29.639359 65.815460 -4.395508
v 29.639359 62.815456 -4.395508
v 29.679935 65.815460 -4.458344
v 29.679935 62.815456 -4.458344
v 29.717335 65.815460 -4.523102
v 29.717335 62.815456 -4.523102
v 29.751453 65.815460 -4.589661
v 29.751453 62.815456 -4.589661
v 29.782215 65.815460 -4.657837
v 29.782215 62.815456 -4.657837
v 29.809540 65.815460 -4.727448
v 29.809540 62.815456 -4.727448
v 29.833359 62.815456 -4.798340
v 29.833359 65.815460 -4.798340
v 29.853615 65.815460 -4.870361
v 29.853615 62.815456 -4.870361
v 29.870258 62.815456 -4.943268
v 29.870258 65.815460 -4.943268
v 29.883247 65.815460 -5.016907
v 29.883247 62.815456 -5.016907
v 29.892548 62.815456 -5.091125
v 29.892548 65.815460 -5.091125
v 29.898136 65.815460 -5.165710
v 29.898136 62.815456 -5.165710
v -14.600000 48.966549 -5.166748
v -14.600000 49.017513 -5.170563
v -14.600000 49.068226 -5.176941
v -14.600000 49.118557 -5.185791
v -14.600000 49.168385 -5.197174
v -14.600000 49.612633 -6.941864
v -14.600000 49.649220 -6.906189
v -14.600000 49.683983 -6.868713
v -14.600000 49.574314 -6.975677
v -14.600000 49.716835 -6.829559
v -14.600000 49.534355 -7.007538
v -14.600000 49.747692 -6.788818
v -14.600000 49.492859 -7.037384
v -14.600000 49.449928 -7.065094
v -14.600000 49.776482 -6.746582
v -14.600000 49.803131 -6.702972
v -14.600000 49.405666 -7.090668
v -14.600000 49.827576 -6.658112
v -14.600000 49.360188 -7.113983
v -14.600000 49.849751 -6.612061
v -14.600000 49.313602 -7.135010
v -14.600000 49.869602 -6.564972
v -14.600000 49.266026 -7.153656
v -14.600000 49.887081 -6.516937
v -14.600000 49.217579 -7.169952
v -14.600000 49.902145 -6.468079
v -14.600000 49.914757 -6.418579
v -14.600000 49.168385 -7.183777
v -14.600000 49.118557 -7.195160
v -14.600000 49.924885 -6.368469
v -14.600000 49.932503 -6.317932
v -14.600000 49.937592 -6.267090
v -14.600000 49.940140 -6.216034
v -14.600000 49.940140 -6.164917
v -14.600000 49.937592 -6.113892
v -14.600000 49.932503 -6.063019
v -14.600000 49.924885 -6.012482
v -14.600000 49.914757 -5.962402
v -14.600000 49.902145 -5.912872
v -14.600000 49.887081 -5.864044
v -14.600000 49.869602 -5.816010
v -14.600000 49.849751 -5.768921
v -14.600000 49.827576 -5.722870
v -14.600000 49.803131 -5.677979
v -14.600000 49.776482 -5.634369
v -14.600000 49.747692 -5.592133
v -14.600000 49.716835 -5.551392
v -14.600000 49.683983 -5.512268
v -14.600000 49.649220 -5.474792
v -14.600000 49.612633 -5.439117
v -14.600000 49.574314 -5.405273
v -14.600000 49.534355 -5.373413
v -14.600000 49.492859 -5.343597
v -14.600000 49.449928 -5.315857
v -14.600000 49.405666 -5.290314
v -14.600000 49.360188 -5.266998
v -14.600000 49.313602 -5.245972
v -14.600000 49.266026 -5.227295
v -14.600000 55.902145 -5.912872
v -14.600000 55.887081 -5.864044
v -14.600000 55.914757 -5.962402
v -14.600000 55.924885 -6.012482
v -14.600000 55.932503 -6.063019
v -14.600000 55.937592 -6.113892
v -14.600000 55.940136 -6.164917
v -14.600000 55.940136 -6.216034
v -14.600000 55.937592 -6.267090
v -14.600000 55.932503 -6.317932
v -14.600000 55.924885 -6.368469
v -14.600000 55.914757 -6.418579
v -14.600000 55.902145 -6.468079
v -14.600000 55.887081 -6.516937
v -14.600000 55.869602 -6.564972
v -14.600000 55.849751 -6.612061
v -14.600000 55.827576 -6.658112
v -14.600000 55.803131 -6.702972
v -14.600000 55.776482 -6.746582
v -14.600000 55.747692 -6.788818
v -14.600000 55.716835 -6.829559
v -14.600000 55.683983 -6.868713
v -14.600000 55.649220 -6.906189
v -14.600000 55.612633 -6.941864
v -14.600000 55.574314 -6.975677
v -14.600000 55.534355 -7.007538
v -14.600000 55.492859 -7.037384
v -14.600000 55.449928 -7.065094
v -14.600000 55.405666 -7.090668
v -14.600000 55.360188 -7.113983
v -14.600000 55.313602 -7.135010
v -14.600000 55.266026 -7.153656
v -14.600000 55.217579 -7.169952
v -14.600000 55.168381 -7.183777
v -14.600000 55.118557 -7.195160
v -14.600000 55.068226 -7.204041
v -14.600000 55.017513 -7.210388
v -14.600000 54.966549 -7.214203
v -14.600000 54.966549 -5.166748
v -14.600000 55.017513 -5.170563
v -14.600000 55.068226 -5.176941
v -14.600000 55.118557 -5.185791
v -14.600000 55.168381 -5.197174
v -14.600000 55.217579 -5.211029
v -14.600000 55.266026 -5.227295
v -14.600000 55.313602 -5.245972
v -14.600000 55.360188 -5.266998
v -14.600000 55.405666 -5.290314
v -14.600000 55.449928 -5.315857
v -14.600000 55.492859 -5.343597
v -14.600000 55.534355 -5.373413
v -14.600000 55.574314 -5.405273
v -14.600000 55.612633 -5.439117
v -14.600000 55.649220 -5.474792
v -14.600000 55.683983 -5.512268
v -14.600000 55.716835 -5.551392
v -14.600000 55.747692 -5.592133
v -14.600000 55.776482 -5.634369
v -14.600000 55.803131 -5.677979
v -14.600000 55.827576 -5.722870
v -14.600000 55.849751 -5.768921
v -14.600000 55.869602 -5.816010
v -14.600000 49.217579 -5.211029
v -14.600000 48.966549 -7.214203
v -14.600000 49.017513 -7.210388
v -14.600000 49.068226 -7.204041
v 20.500000 65.915459 -7.890472
v -14.450000 49.001221 -5.319702
v -14.375000 48.955334 -5.391479
v -14.375000 48.995110 -5.394470
v -14.375000 49.034691 -5.399414
v -14.450000 49.086163 -5.332306
v -14.375000 49.073975 -5.406342
v -14.375000 49.112862 -5.415222
v -14.525000 49.008572 -5.245056
v -14.450000 49.169456 -5.353149
v -14.375000 49.151260 -5.426025
v -14.375000 49.189072 -5.438721
v -14.525000 49.100792 -5.258728
v -14.450000 49.250305 -5.382080
v -14.375000 49.226204 -5.453308
v -14.375000 49.262562 -5.469696
v -14.525000 49.191227 -5.281403
v -14.450000 49.327930 -5.418793
v -14.375000 49.298061 -5.487915
v -14.375000 49.332603 -5.507843
v -14.525000 49.279007 -5.312805
v -14.450000 49.401581 -5.462952
v -14.375000 49.366112 -5.529480
v -14.375000 49.398499 -5.552765
v -14.525000 49.363285 -5.352661
v -14.450000 49.470551 -5.514099
v -14.375000 49.429688 -5.577637
v -14.375000 49.459595 -5.604034
v -14.525000 49.443249 -5.400574
v -14.450000 49.534176 -5.571777
v -14.375000 49.488152 -5.631897
v -14.375000 49.515282 -5.661133
v -14.525000 49.518131 -5.456116
v -14.450000 49.591843 -5.635376
v -14.375000 49.540920 -5.691681
v -14.375000 49.565006 -5.723480
v -14.525000 49.587208 -5.518738
v -14.450000 49.642994 -5.704346
v -14.375000 49.587479 -5.756439
v -14.375000 49.608276 -5.790497
v -14.525000 49.649818 -5.587799
v -14.450000 49.687138 -5.778015
v -14.375000 49.627354 -5.825500
v -14.375000 49.644661 -5.861450
v -14.525000 49.705353 -5.662689
v -14.450000 49.723850 -5.855621
v -14.375000 49.660156 -5.898224
v -14.375000 49.673798 -5.935699
v -14.525000 49.753281 -5.742645
v -14.450000 49.752781 -5.936493
v -14.375000 49.685555 -5.973816
v -14.375000 49.695400 -6.012451
v -14.525000 49.793140 -5.826935
v -14.450000 49.773643 -6.019775
v -14.375000 49.703304 -6.051575
v -14.375000 49.709248 -6.091003
v -14.525000 49.824551 -5.914703
v -14.450000 49.786243 -6.104706
v -14.375000 49.713219 -6.130707
v -14.375000 49.715206 -6.170532
v -14.525000 49.847202 -6.005157
v -14.450000 49.790455 -6.190491
v -14.375000 49.715206 -6.210419
v -14.525000 49.860882 -6.097351
v -14.450000 49.786243 -6.276245
v -14.375000 49.713219 -6.250275
v -14.375000 49.709248 -6.289948
v -14.525000 49.865456 -6.190491
v -14.450000 49.773643 -6.361176
v -14.375000 49.703304 -6.329407
v -14.375000 49.695400 -6.368500
v -14.525000 49.860882 -6.283600
v -14.450000 49.752781 -6.444489
v -14.375000 49.685555 -6.407166
v -14.375000 49.673798 -6.445282
v -14.525000 49.847202 -6.375824
v -14.450000 49.723850 -6.525330
v -14.375000 49.660156 -6.482758
v -14.375000 49.644661 -6.519501
v -14.525000 49.824551 -6.466248
v -14.450000 49.687138 -6.602966
v -14.375000 49.627354 -6.555450
v -14.375000 49.608276 -6.590485
v -14.525000 49.793140 -6.554047
v -14.450000 49.642994 -6.676605
v -14.375000 49.587479 -6.624512
v -14.375000 49.565006 -6.657471
v -14.525000 49.753281 -6.638306
v -14.450000 49.591843 -6.745575
v -14.375000 49.540920 -6.689270
v -14.375000 49.515282 -6.719818
v -14.525000 49.705353 -6.718262
v -14.450000 49.534176 -6.809204
v -14.375000 49.488152 -6.749084
v -14.375000 49.459595 -6.776917
v -14.525000 49.649818 -6.793152
v -14.450000 49.470551 -6.866852
v -14.375000 49.429688 -6.803314
v -14.375000 49.398499 -6.828186
v -14.525000 49.587208 -6.862244
v -14.450000 49.401581 -6.918030
v -14.375000 49.366112 -6.851471
v -14.375000 49.332603 -6.873108
v -14.525000 49.518131 -6.924835
v -14.450000 49.327930 -6.962158
v -14.375000 49.298061 -6.893066
v -14.375000 49.262562 -6.911255
v -14.525000 49.443249 -6.980377
v -14.450000 49.250305 -6.998871
v -14.375000 49.226204 -6.927673
v -14.375000 49.189072 -6.942230
v -14.525000 49.363285 -7.028320
v -14.450000 49.169456 -7.027802
v -14.375000 49.151260 -6.954926
v -14.375000 49.112862 -6.965759
v -14.525000 49.279007 -7.068176
v -14.450000 49.086163 -7.048676
v -14.375000 49.073975 -6.974609
v -14.375000 49.034691 -6.981537
v -14.525000 49.191227 -7.099579
v -14.450000 49.001221 -7.061279
v -14.375000 48.995110 -6.986511
v -14.375000 48.955334 -6.989502
v -14.525000 49.100792 -7.122223
v -14.525000 49.008572 -7.135895
v -14.450000 55.001221 -5.319702
v -14.375000 54.955334 -5.391479
v -14.375000 54.995110 -5.394470
v -14.375000 55.034691 -5.399414
v -14.450000 55.086159 -5.332306
v -14.375000 55.073975 -5.406342
v -14.375000 55.112862 -5.415222
v -14.525000 55.008572 -5.245056
v -14.450000 55.169456 -5.353149
v -14.375000 55.151260 -5.426025
v -14.375000 55.189072 -5.438721
v -14.525000 55.100792 -5.258728
v -14.450000 55.250305 -5.382080
v -14.375000 55.226204 -5.453308
v -14.375000 55.262562 -5.469696
v -14.525000 55.191227 -5.281403
v -14.450000 55.327927 -5.418793
v -14.375000 55.298058 -5.487915
v -14.375000 55.332603 -5.507843
v -14.525000 55.279007 -5.312805
v -14.450000 55.401581 -5.462952
v -14.375000 55.366112 -5.529480
v -14.375000 55.398499 -5.552765
v -14.525000 55.363281 -5.352661
v -14.450000 55.470551 -5.514099
v -14.375000 55.429688 -5.577637
v -14.375000 55.459595 -5.604034
v -14.525000 55.443249 -5.400574
v -14.450000 55.534176 -5.571777
v -14.375000 55.488152 -5.631897
v -14.375000 55.515282 -5.661133
v -14.525000 55.518131 -5.456116
v -14.450000 55.591839 -5.635376
v -14.375000 55.540920 -5.691681
v -14.375000 55.565006 -5.723480
v -14.525000 55.587208 -5.518738
v -14.450000 55.642994 -5.704346
v -14.375000 55.587479 -5.756439
v -14.375000 55.608276 -5.790497
v -14.525000 55.649815 -5.587799
v -14.450000 55.687138 -5.778015
v -14.375000 55.627354 -5.825500
v -14.375000 55.644661 -5.861450
v -14.525000 55.705353 -5.662689
v -14.450000 55.723850 -5.855621
v -14.375000 55.660156 -5.898224
v -14.375000 55.673798 -5.935699
v -14.525000 55.753281 -5.742645
v -14.450000 55.752777 -5.936493
v -14.375000 55.685555 -5.973816
v -14.375000 55.695400 -6.012451
v -14.525000 55.793140 -5.826935
v -14.450000 55.773643 -6.019775
v -14.375000 55.703304 -6.051575
v -14.375000 55.709248 -6.091003
v -14.525000 55.824551 -5.914703
v -14.450000 55.786243 -6.104706
v -14.375000 55.713219 -6.130707
v -14.375000 55.715206 -6.170532
v -14.525000 55.847202 -6.005157
v -14.450000 55.790455 -6.190491
v -14.375000 55.715206 -6.210419
v -14.525000 55.860882 -6.097351
v -14.450000 55.786243 -6.276245
v -14.375000 55.713219 -6.250275
v -14.375000 55.709248 -6.289948
v -14.525000 55.865456 -6.190491
v -14.450000 55.773643 -6.361176
v -14.375000 55.703304 -6.329407
v -14.375000 55.695400 -6.368500
v -14.525000 55.860882 -6.283600
v -14.450000 55.752777 -6.444489
v -14.375000 55.685555 -6.407166
v -14.375000 55.673798 -6.445282
v -14.525000 55.847202 -6.375824
v -14.450000 55.723850 -6.525330
v -14.375000 55.660156 -6.482758
v -14.375000 55.644661 -6.519501
v -14.525000 55.824551 -6.466248
v -14.450000 55.687138 -6.602966
v -14.375000 55.627354 -6.555450
v -14.375000 55.608276 -6.590485
v -14.525000 55.793140 -6.554047
v -14.450000 55.642994 -6.676605
v -14.375000 55.587479 -6.624512
v -14.375000 55.565006 -6.657471
v -14.525000 55.753281 -6.638306
v -14.450000 55.591839 -6.745575
v -14.375000 55.540920 -6.689270
v -14.375000 55.515282 -6.719818
v -14.525000 55.705353 -6.718262
v -14.450000 55.534176 -6.809204
v -14.375000 55.488152 -6.749084
v -14.375000 55.459595 -6.776917
v -14.525000 55.649815 -6.793152
v -14.450000 55.470551 -6.866852
v -14.375000 55.429688 -6.803314
v -14.375000 55.398499 -6.828186
v -14.525000 55.587208 -6.862244
v -14.450000 55.401581 -6.918030
v -14.375000 55.366112 -6.851471
v -14.375000 55.332603 -6.873108
v -14.525000 55.518131 -6.924835
v -14.450000 55.327927 -6.962158
v -14.375000 55.298058 -6.893066
v -14.375000 55.262562 -6.911255
v -14.525000 55.443249 -6.980377
v -14.450000 55.250305 -6.998871
v -14.375000 55.226204 -6.927673
v -14.375000 55.189072 -6.942230
v -14.525000 55.363281 -7.028320
v -14.450000 55.169456 -7.027802
v -14.375000 55.151260 -6.954926
v -14.375000 55.112862 -6.965759
v -14.525000 55.279007 -7.068176
v -14.450000 55.086159 -7.048676
v -14.375000 55.073975 -6.974609
v -14.375000 55.034691 -6.981537
v -14.525000 55.191227 -7.099579
v -14.450000 55.001221 -7.061279
v -14.375000 54.995110 -6.986511
v -14.375000 54.955334 -6.989502
v -14.525000 55.100792 -7.122223
v -14.525000 55.008572 -7.135895
v 34.450001 49.001221 -7.061279
v 34.375000 48.955334 -6.989502
v 34.375000 48.995110 -6.986511
v 34.375000 49.034691 -6.981537
v 34.450001 49.086163 -7.048676
v 34.375000 49.073975 -6.974609
v 34.375000 49.112862 -6.965759
v 34.525002 49.008572 -7.135895
v 34.450001 49.169456 -7.027802
v 34.375000 49.151260 -6.954926
v 34.375000 49.189072 -6.942230
v 34.525002 49.100792 -7.122223
v 34.450001 49.250305 -6.998871
v 34.375000 49.226204 -6.927673
v 34.375000 49.262562 -6.911255
v 34.525002 49.191227 -7.099579
v 34.450001 49.327930 -6.962158
v 34.375000 49.298061 -6.893066
v 34.375000 49.332603 -6.873108
v 34.525002 49.279007 -7.068176
v 34.450001 49.401581 -6.918030
v 34.375000 49.366112 -6.851471
v 34.375000 49.398499 -6.828186
v 34.525002 49.363285 -7.028320
v 34.450001 49.470551 -6.866852
v 34.375000 49.429688 -6.803314
v 34.375000 49.459595 -6.776917
v 34.525002 49.443249 -6.980377
v 34.450001 49.534176 -6.809204
v 34.375000 49.488152 -6.749084
v 34.375000 49.515282 -6.719818
v 34.525002 49.518131 -6.924835
v 34.450001 49.591843 -6.745575
v 34.375000 49.540920 -6.689270
v 34.375000 49.565006 -6.657471
v 34.525002 49.587208 -6.862244
v 34.450001 49.642994 -6.676605
v 34.375000 49.587479 -6.624512
v 34.375000 49.608276 -6.590485
v 34.525002 49.649818 -6.793152
v 34.450001 49.687138 -6.602966
v 34.375000 49.627354 -6.555450
v 34.375000 49.644661 -6.519501
v 34.525002 49.705353 -6.718262
v 34.450001 49.723850 -6.525330
v 34.375000 49.660156 -6.482758
v 34.375000 49.673798 -6.445282
v 34.525002 49.753281 -6.638306
v 34.450001 49.752781 -6.444489
v 34.375000 49.685555 -6.407166
v 34.375000 49.695400 -6.368500
v 34.525002 49.793140 -6.554047
v 34.450001 49.773643 -6.361176
v 34.375000 49.703304 -6.329407
v 34.375000 49.709248 -6.289948
v 34.525002 49.824551 -6.466248
v 34.450001 49.786243 -6.276245
v 34.375000 49.713219 -6.250275
v 34.375000 49.715206 -6.210419
v 34.525002 49.847202 -6.375824
v 34.450001 49.790455 -6.190491
v 34.375000 49.715206 -6.170532
v 34.525002 49.860882 -6.283600
v 34.450001 49.786243 -6.104706
v 34.375000 49.713219 -6.130707
v 34.375000 49.709248 -6.091003
v 34.525002 49.865456 -6.190491
v 34.450001 49.773643 -6.019775
v 34.375000 49.703304 -6.051575
v 34.375000 49.695400 -6.012451
v 34.525002 49.860882 -6.097351
v 34.450001 49.752781 -5.936493
v 34.375000 49.685555 -5.973816
v 34.375000 49.673798 -5.935699
v 34.525002 49.847202 -6.005157
v 34.450001 49.723850 -5.855621
v 34.375000 49.660156 -5.898224
v 34.375000 49.644661 -5.861450
v 34.525002 49.824551 -5.914703
v 34.450001 49.687138 -5.778015
v 34.375000 49.627354 -5.825500
v 34.375000 49.608276 -5.790497
v 34.525002 49.793140 -5.826935
v 34.450001 49.642994 -5.704346
v 34.375000 49.587479 -5.756439
v 34.375000 49.565006 -5.723480
v 34.525002 49.753281 -5.742645
v 34.450001 49.591843 -5.635376
v 34.375000 49.540920 -5.691681
v 34.375000 49.515282 -5.661133
v 34.525002 49.705353 -5.662689
v 34.450001 49.534176 -5.571777
v 34.375000 49.488152 -5.631897
v 34.375000 49.459595 -5.604034
v 34.525002 49.649818 -5.587799
v 34.450001 49.470551 -5.514099
v 34.375000 49.429688 -5.577637
v 34.375000 49.398499 -5.552765
v 34.525002 49.587208 -5.518738
v 34.450001 49.401581 -5.462952
v 34.375000 49.366112 -5.529480
v 34.375000 49.332603 -5.507843
v 34.525002 49.518131 -5.456116
v 34.450001 49.327930 -5.418793
v 34.375000 49.298061 -5.487915
v 34.375000 49.262562 -5.469696
v 34.525002 49.443249 -5.400574
v 34.450001 49.250305 -5.382080
v 34.375000 49.226204 -5.453308
v 34.375000 49.189072 -5.438721
v 34.525002 49.363285 -5.352661
v 34.450001 49.169456 -5.353149
v 34.375000 49.151260 -5.426025
v 34.375000 49.112862 -5.415222
v 34.525002 49.279007 -5.312805
v 34.450001 49.086163 -5.332306
v 34.375000 49.073975 -5.406342
v 34.375000 49.034691 -5.399414
v 34.525002 49.191227 -5.281403
v 34.450001 49.001221 -5.319702
v 34.375000 48.995110 -5.394470
v 34.375000 48.955334 -5.391479
v 34.525002 49.100792 -5.258728
v 34.525002 49.008572 -5.245056
v 34.450001 55.001221 -7.061279
v 34.375000 54.955334 -6.989502
v 34.375000 54.995110 -6.986511
v 34.375000 55.034691 -6.981537
v 34.450001 55.086159 -7.048676
v 34.375000 55.073975 -6.974609
v 34.375000 55.112862 -6.965759
v 34.525002 55.008572 -7.135895
v 34.450001 55.169456 -7.027802
v 34.375000 55.151260 -6.954926
v 34.375000 55.189072 -6.942230
v 34.525002 55.100792 -7.122223
v 34.450001 55.250305 -6.998871
v 34.375000 55.226204 -6.927673
v 34.375000 55.262562 -6.911255
v 34.525002 55.191227 -7.099579
v 34.450001 55.327927 -6.962158
v 34.375000 55.298058 -6.893066
v 34.375000 55.332603 -6.873108
v 34.525002 55.279007 -7.068176
v 34.450001 55.401581 -6.918030
v 34.375000 55.366112 -6.851471
v 34.375000 55.398499 -6.828186
v 34.525002 55.363281 -7.028320
v 34.450001 55.470551 -6.866852
v 34.375000 55.429688 -6.803314
v 34.375000 55.459595 -6.776917
v 34.525002 55.443249 -6.980377
v 34.450001 55.534176 -6.809204
v 34.375000 55.488152 -6.749084
v 34.375000 55.515282 -6.719818
v 34.525002 55.518131 -6.924835
v 34.450001 55.591839 -6.745575
v 34.375000 55.540920 -6.689270
v 34.375000 55.565006 -6.657471
v 34.525002 55.587208 -6.862244
v 34.450001 55.642994 -6.676605
v 34.375000 55.587479 -6.624512
v 34.375000 55.608276 -6.590485
v 34.525002 55.649815 -6.793152
v 34.450001 55.687138 -6.602966
v 34.375000 55.627354 -6.555450
v 34.375000 55.644661 -6.519501
v 34.525002 55.705353 -6.718262
v 34.450001 55.723850 -6.525330
v 34.375000 55.660156 -6.482758
v 34.375000 55.673798 -6.445282
v 34.525002 55.753281 -6.638306
v 34.450001 55.752777 -6.444489
v 34.375000 55.685555 -6.407166
v 34.375000 55.695400 -6.368500
v 34.525002 55.793140 -6.554047
v 34.450001 55.773643 -6.361176
v 34.375000 55.703304 -6.329407
v 34.375000 55.709248 -6.289948
v 34.525002 55.824551 -6.466248
v 34.450001 55.786243 -6.276245
v 34.375000 55.713219 -6.250275
v 34.375000 55.715206 -6.210419
v 34.525002 55.847202 -6.375824
v 34.450001 55.790455 -6.190491
v 34.375000 55.715206 -6.170532
v 34.525002 55.860882 -6.283600
v 34.450001 55.786243 -6.104706
v 34.375000 55.713219 -6.130707
v 34.375000 55.709248 -6.091003
v 34.525002 55.865456 -6.190491
v 34.450001 55.773643 -6.019775
v 34.375000 55.703304 -6.051575
v 34.375000 55.695400 -6.012451
v 34.525002 55.860882 -6.097351
v 34.450001 55.752777 -5.936493
v 34.375000 55.685555 -5.973816
v 34.375000 55.673798 -5.935699
v 34.525002 55.847202 -6.005157
v 34.450001 55.723850 -5.855621
v 34.375000 55.660156 -5.898224
v 34.375000 55.644661 -5.861450
v 34.525002 55.824551 -5.914703
v 34.450001 55.687138 -5.778015
v 34.375000 55.627354 -5.825500
v 34.375000 55.608276 -5.790497
v 34.525002 55.793140 -5.826935
v 34.450001 55.642994 -5.704346
v 34.375000 55.587479 -5.756439
v 34.375000 55.565006 -5.723480
v 34.525002 55.753281 -5.742645
v 34.450001 55.591839 -5.635376
v 34.375000 55.540920 -5.691681
v 34.375000 55.515282 -5.661133
v 34.525002 55.705353 -5.662689
v 34.450001 55.534176 -5.571777
v 34.375000 55.488152 -5.631897
v 34.375000 55.459595 -5.604034
v 34.525002 55.649815 -5.587799
v 34.450001 55.470551 -5.514099
v 34.375000 55.429688 -5.577637
v 34.375000 55.398499 -5.552765
v 34.525002 55.587208 -5.518738
v 34.450001 55.401581 -5.462952
v 34.375000 55.366112 -5.529480
v 34.375000 55.332603 -5.507843
v 34.525002 55.518131 -5.456116
v 34.450001 55.327927 -5.418793
v 34.375000 55.298058 -5.487915
v 34.375000 55.262562 -5.469696
v 34.525002 55.443249 -5.400574
v 34.450001 55.250305 -5.382080
v 34.375000 55.226204 -5.453308
v 34.375000 55.189072 -5.438721
v 34.525002 55.363281 -5.352661
v 34.450001 55.169456 -5.353149
v 34.375000 55.151260 -5.426025
v 34.375000 55.112862 -5.415222
v 34.525002 55.279007 -5.312805
v 34.450001 55.086159 -5.332306
v 34.375000 55.073975 -5.406342
v 34.375000 55.034691 -5.399414
v 34.525002 55.191227 -5.281403
v 34.450001 55.001221 -5.319702
v 34.375000 54.995110 -5.394470
v 34.375000 54.955334 -5.391479
v 34.525002 55.100792 -5.258728
v 34.525002 55.008572 -5.245056
v 26.807705 65.915459 -5.083649
v 26.830746 65.915459 -4.928345
v 26.868896 65.915459 -4.776031
v 26.921795 65.915459 -4.628174
v 26.988926 65.915459 -4.486237
v 27.069649 65.915459 -4.351562
v 27.163185 65.915459 -4.225464
v 27.268631 65.915459 -4.109100
v 27.384972 65.915459 -4.003662
v 27.511089 65.915459 -3.910126
v 27.645767 65.915459 -3.829407
v 27.787708 65.915459 -3.762268
v 27.935547 65.915459 -3.709381
v 28.087856 65.915459 -3.671234
v 28.243172 65.915459 -3.648193
v 28.400002 65.915459 -3.640472
v 28.556828 65.915459 -3.648193
v 28.712147 65.915459 -3.671234
v 28.864456 65.915459 -3.709381
v 29.012295 65.915459 -3.762268
v 29.154236 65.915459 -3.829407
v 29.288914 65.915459 -3.910126
v 29.415031 65.915459 -4.003662
v 29.531372 65.915459 -4.109100
v 29.636818 65.915459 -4.225464
v 29.730350 65.915459 -4.351562
v 29.811073 65.915459 -4.486237
v 29.878208 65.915459 -4.628174
v 29.931107 65.915459 -4.776031
v 29.969257 65.915459 -4.928345
v 29.992298 65.915459 -5.083649
v 26.807705 65.915459 5.666351
v 26.830746 65.915459 5.821655
v 26.868896 65.915459 5.973969
v 26.921795 65.915459 6.121826
v 26.988926 65.915459 6.263763
v 27.069649 65.915459 6.398438
v 27.163185 65.915459 6.524536
v 27.268631 65.915459 6.640900
v 27.384972 65.915459 6.746338
v 27.511089 65.915459 6.839874
v 27.645767 65.915459 6.920593
v 27.787708 65.915459 6.987732
v 27.935547 65.915459 7.040619
v 28.087856 65.915459 7.078766
v 28.243172 65.915459 7.101807
v 28.400002 65.915459 7.109528
v 28.556828 65.915459 7.101807
v 28.712147 65.915459 7.078766
v 28.864456 65.915459 7.040619
v 29.012295 65.915459 6.987732
v 29.154236 65.915459 6.920593
v 29.288914 65.915459 6.839874
v 29.415031 65.915459 6.746338
v 29.531372 65.915459 6.640900
v 29.636818 65.915459 6.524536
v 29.730350 65.915459 6.398438
v 29.811073 65.915459 6.263763
v 29.878208 65.915459 6.121826
v 29.931107 65.915459 5.973969
v 29.969257 65.915459 5.821655
v 29.992298 65.915459 5.666351
v 29.992298 65.915459 4.852692
v 29.969257 65.915459 4.697388
v 29.931107 65.915459 4.545074
v 29.878208 65.915459 4.397217
v 29.811073 65.915459 4.255280
v 29.730350 65.915459 4.120605
v 29.636818 65.915459 3.994476
v 29.531372 65.915459 3.878143
v 29.415031 65.915459 3.772705
v 29.288914 65.915459 3.679169
v 29.154236 65.915459 3.598450
v 29.012295 65.915459 3.531311
v 28.864456 65.915459 3.478424
v 28.712147 65.915459 3.440247
v 28.556828 65.915459 3.417236
v 28.400002 65.915459 3.409515
v 28.243172 65.915459 3.417236
v 28.087856 65.915459 3.440247
v 27.935547 65.915459 3.478424
v 27.787708 65.915459 3.531311
v 27.645767 65.915459 3.598450
v 27.511089 65.915459 3.679169
v 27.384972 65.915459 3.772705
v 27.268631 65.915459 3.878143
v 27.163185 65.915459 3.994476
v 27.069649 65.915459 4.120605
v 26.988926 65.915459 4.255280
v 26.921795 65.915459 4.397217
v 26.868896 65.915459 4.545074
v 26.830746 65.915459 4.697388
v 26.807705 65.915459 4.852692
v 26.801022 61.015461 0.416656
v 26.849506 61.015461 0.573853
v 26.782715 61.015461 0.336456
v 26.823307 61.015461 0.495850
v 26.913403 61.015461 0.725433
v 26.992069 61.015461 0.869873
v 26.879566 61.015461 0.650421
v 26.950935 61.015461 0.798645
v 27.036705 61.015461 0.938995
v 27.084732 61.015461 1.005798
v 27.136028 61.015461 1.070129
v 27.190464 61.015461 1.131805
v 27.247910 61.015461 1.190704
v 27.371243 61.015461 1.299530
v 27.308220 61.015461 1.246643
v 27.436825 61.015461 1.349213
v 27.504799 61.015461 1.395569
v 27.575001 61.015461 1.438446
v 27.647255 61.015461 1.477814
v 27.874496 61.015461 1.573608
v 26.752052 61.015461 0.091766
v 26.758202 61.015461 0.173798
v 26.768429 61.015461 0.255432
v 27.721378 61.015461 1.513489
v 27.797188 61.015461 1.545471
v 27.953114 61.015461 1.597839
v 28.113480 61.015461 1.634460
v 28.032841 61.015461 1.618164
v 28.194832 61.015461 1.646698
v 28.358864 61.015461 1.658997
v 28.276695 61.015461 1.654907
v 30.041801 61.015461 0.173798
v 30.047951 61.015461 0.091766
v 28.523304 61.015461 1.654907
v 28.605167 61.015461 1.646698
v 28.441135 61.015461 1.658997
v 30.031570 61.015461 0.255432
v 28.686520 61.015461 1.634460
v 28.846886 61.015461 1.597839
v 28.767159 61.015461 1.618164
v 29.998978 61.015461 0.416656
v 29.950493 61.015461 0.573853
v 29.976696 61.015461 0.495850
v 30.017284 61.015461 0.336456
v 28.925503 61.015461 1.573608
v 29.002815 61.015461 1.545471
v 29.886600 61.015461 0.725433
v 29.920437 61.015461 0.650421
v 29.078625 61.015461 1.513489
v 29.152748 61.015461 1.477814
v 29.225002 61.015461 1.438446
v 29.807930 61.015461 0.869873
v 29.849068 61.015461 0.798645
v 29.295200 61.015461 1.395569
v 29.363178 61.015461 1.349213
v 29.428761 61.015461 1.299530
v 29.763294 61.015461 0.938995
v 29.663975 61.015461 1.070129
v 29.715271 61.015461 1.005798
v 29.609535 61.015461 1.131805
v 29.552090 61.015461 1.190704
v 29.491783 61.015461 1.246643
v 26.752052 65.640457 0.091766
v 26.758202 65.640457 0.173798
v 26.768429 65.640457 0.255432
v 26.782715 65.640457 0.336456
v 26.801022 65.640457 0.416656
v 26.823307 65.640457 0.495850
v 26.849506 65.640457 0.573853
v 26.879566 65.640457 0.650421
v 26.913403 65.640457 0.725433
v 26.950935 65.640457 0.798645
v 26.992069 65.640457 0.869873
v 27.036705 65.640457 0.938995
v 27.084732 65.640457 1.005798
v 27.136028 65.640457 1.070129
v 27.190464 65.640457 1.131805
v 27.247910 65.640457 1.190704
v 27.308220 65.640457 1.246643
v 27.371243 65.640457 1.299530
v 27.436825 65.640457 1.349213
v 27.504799 65.640457 1.395569
v 27.575001 65.640457 1.438446
v 27.647255 65.640457 1.477814
v 27.721378 65.640457 1.513489
v 27.797188 65.640457 1.545471
v 27.874496 65.640457 1.573608
v 27.953114 65.640457 1.597839
v 28.032841 65.640457 1.618164
v 28.113480 65.640457 1.634460
v 28.194832 65.640457 1.646698
v 28.276695 65.640457 1.654907
v 28.358864 65.640457 1.658997
v 28.441135 65.640457 1.658997
v 28.523304 65.640457 1.654907
v 28.605167 65.640457 1.646698
v 28.686520 65.640457 1.634460
v 28.767159 65.640457 1.618164
v 28.846886 65.640457 1.597839
v 28.925503 65.640457 1.573608
v 29.002815 65.640457 1.545471
v 29.078625 65.640457 1.513489
v 29.152748 65.640457 1.477814
v 29.225002 65.640457 1.438446
v 29.295200 65.640457 1.395569
v 29.363178 65.640457 1.349213
v 29.428761 65.640457 1.299530
v 29.491783 65.640457 1.246643
v 29.552090 65.640457 1.190704
v 29.609535 65.640457 1.131805
v 29.663975 65.640457 1.070129
v 29.715271 65.640457 1.005798
v 29.763294 65.640457 0.938995
v 29.807930 65.640457 0.869873
v 29.849068 65.640457 0.798645
v 29.886600 65.640457 0.725433
v 29.920437 65.640457 0.650421
v 29.950493 65.640457 0.573853
v 29.976696 65.640457 0.495850
v 29.998978 65.640457 0.416656
v 30.017284 65.640457 0.336456
v 30.031570 65.640457 0.255432
v 30.041801 65.640457 0.173798
v 30.047951 65.640457 0.091766
v 26.633549 65.765457 0.183502
v 26.509151 65.890457 0.195740
v 26.659107 65.765457 0.355804
v 26.536510 65.890457 0.380188
v 26.701431 65.765457 0.524780
v 26.581814 65.890457 0.561066
v 26.760113 65.765457 0.688782
v 26.644630 65.890457 0.736603
v 26.834591 65.765457 0.846252
v 26.724350 65.890457 0.905182
v 26.924141 65.765457 0.995667
v 26.820210 65.890457 1.065094
v 27.027908 65.765457 1.135559
v 26.931282 65.890457 1.214874
v 27.144886 65.765457 1.264618
v 27.056499 65.890457 1.353027
v 27.273952 65.765457 1.381622
v 27.194653 65.890457 1.478241
v 27.413864 65.765457 1.485382
v 27.344418 65.890457 1.589325
v 27.563271 65.765457 1.574921
v 27.504349 65.890457 1.685181
v 27.720737 65.765457 1.649414
v 27.672901 65.890457 1.764893
v 27.884747 65.765457 1.708099
v 27.848461 65.890457 1.827698
v 28.053715 65.765457 1.750427
v 28.029327 65.890457 1.873016
v 28.226021 65.765457 1.775970
v 28.213768 65.890457 1.900360
v 28.400002 65.765457 1.784515
v 28.400002 65.890457 1.909515
v 28.573982 65.765457 1.775970
v 28.586235 65.890457 1.900360
v 28.746284 65.765457 1.750427
v 28.770672 65.890457 1.873016
v 28.915257 65.765457 1.708099
v 28.951542 65.890457 1.827698
v 29.079266 65.765457 1.649414
v 29.127098 65.890457 1.764893
v 29.236729 65.765457 1.574921
v 29.295654 65.890457 1.685181
v 29.386139 65.765457 1.485382
v 29.455585 65.890457 1.589325
v 29.526051 65.765457 1.381622
v 29.605347 65.890457 1.478241
v 29.655117 65.765457 1.264618
v 29.743504 65.890457 1.353027
v 29.772095 65.765457 1.135559
v 29.868721 65.890457 1.214874
v 29.875858 65.765457 0.995667
v 29.979794 65.890457 1.065094
v 29.965412 65.765457 0.846252
v 30.075649 65.890457 0.905182
v 30.039886 65.765457 0.688782
v 30.155373 65.890457 0.736603
v 30.098568 65.765457 0.524780
v 30.218189 65.890457 0.561066
v 30.140896 65.765457 0.355804
v 30.263493 65.890457 0.380188
v 30.166454 65.765457 0.183502
v 30.290852 65.890457 0.195740
v -13.050000 54.955334 -5.391479
v -13.050000 54.995110 -5.394470
v -13.050000 55.034691 -5.399414
v -13.050000 55.073975 -5.406342
v -13.050000 55.112862 -5.415222
v -13.050000 55.151260 -5.426025
v -13.050000 55.189072 -5.438721
v -13.050000 55.226204 -5.453308
v -13.050000 55.262562 -5.469696
v -13.050000 55.298058 -5.487915
v -13.050000 55.332603 -5.507843
v -13.050000 55.366112 -5.529480
v -13.050000 55.398499 -5.552765
v -13.050000 55.429688 -5.577637
v -13.050000 55.459595 -5.604034
v -13.050000 55.488152 -5.631897
v -13.050000 55.515282 -5.661133
v -13.050000 55.540920 -5.691681
v -13.050000 55.565006 -5.723480
v -13.050000 55.587479 -5.756439
v -13.050000 55.608276 -5.790497
v -13.050000 55.627354 -5.825500
v -13.050000 55.644661 -5.861450
v -13.050000 55.660156 -5.898224
v -13.050000 55.673798 -5.935699
v -13.050000 55.685555 -5.973816
v -13.050000 55.695400 -6.012451
v -13.050000 55.703304 -6.051575
v -13.050000 55.709248 -6.091003
v -13.050000 55.713219 -6.130707
v -13.050000 55.715206 -6.170532
v -13.050000 55.715206 -6.210419
v -13.050000 55.713219 -6.250275
v -13.050000 55.709248 -6.289948
v -13.050000 55.703304 -6.329407
v -13.050000 55.695400 -6.368500
v -13.050000 55.685555 -6.407166
v -13.050000 55.673798 -6.445282
v -13.050000 55.660156 -6.482758
v -13.050000 55.644661 -6.519501
v -13.050000 55.627354 -6.555450
v -13.050000 55.608276 -6.590485
v -13.050000 55.587479 -6.624512
v -13.050000 55.565006 -6.657471
v -13.050000 55.540920 -6.689270
v -13.050000 55.515282 -6.719818
v -13.050000 55.488152 -6.749084
v -13.050000 55.459595 -6.776917
v -13.050000 55.429688 -6.803314
v -13.050000 55.398499 -6.828186
v -13.050000 55.366112 -6.851471
v -13.050000 55.332603 -6.873108
v -13.050000 55.298058 -6.893066
v -13.050000 55.262562 -6.911255
v -13.050000 55.226204 -6.927673
v -13.050000 55.189072 -6.942230
v -13.050000 55.151260 -6.954926
v -13.050000 55.112862 -6.965759
v -13.050000 55.073975 -6.974609
v -13.050000 55.034691 -6.981537
v -13.050000 54.995110 -6.986511
v -13.050000 54.955334 -6.989502
v -13.050000 48.955334 -5.391479
v -13.050000 48.995110 -5.394470
v -13.050000 49.034691 -5.399414
v -13.050000 49.073975 -5.406342
v -13.050000 49.112862 -5.415222
v -13.050000 49.151260 -5.426025
v -13.050000 49.189072 -5.438721
v -13.050000 49.226204 -5.453308
v -13.050000 49.262562 -5.469696
v -13.050000 49.298061 -5.487915
v -13.050000 49.332603 -5.507843
v -13.050000 49.366112 -5.529480
v -13.050000 49.398499 -5.552765
v -13.050000 49.429688 -5.577637
v -13.050000 49.459595 -5.604034
v -13.050000 49.488152 -5.631897
v -13.050000 49.515282 -5.661133
v -13.050000 49.540920 -5.691681
v -13.050000 49.565006 -5.723480
v -13.050000 49.587479 -5.756439
v -13.050000 49.608276 -5.790497
v -13.050000 49.627354 -5.825500
v -13.050000 49.644661 -5.861450
v -13.050000 49.660156 -5.898224
v -13.050000 49.673798 -5.935699
v -13.050000 49.685555 -5.973816
v -13.050000 49.695400 -6.012451
v -13.050000 49.703304 -6.051575
v -13.050000 49.709248 -6.091003
v -13.050000 49.713219 -6.130707
v -13.050000 49.715206 -6.170532
v -13.050000 49.715206 -6.210419
v -13.050000 49.713219 -6.250275
v -13.050000 49.709248 -6.289948
v -13.050000 49.703304 -6.329407
v -13.050000 49.695400 -6.368500
v -13.050000 49.685555 -6.407166
v -13.050000 49.673798 -6.445282
v -13.050000 49.660156 -6.482758
v -13.050000 49.644661 -6.519501
v -13.050000 49.627354 -6.555450
v -13.050000 49.608276 -6.590485
v -13.050000 49.587479 -6.624512
v -13.050000 49.565006 -6.657471
v -13.050000 49.540920 -6.689270
v -13.050000 49.515282 -6.719818
v -13.050000 49.488152 -6.749084
v -13.050000 49.459595 -6.776917
v -13.050000 49.429688 -6.803314
v -13.050000 49.398499 -6.828186
v -13.050000 49.366112 -6.851471
v -13.050000 49.332603 -6.873108
v -13.050000 49.298061 -6.893066
v -13.050000 49.262562 -6.911255
v -13.050000 49.226204 -6.927673
v -13.050000 49.189072 -6.942230
v -13.050000 49.151260 -6.954926
v -13.050000 49.112862 -6.965759
v -13.050000 49.073975 -6.974609
v -13.050000 49.034691 -6.981537
v -13.050000 48.995110 -6.986511
v -13.050000 48.955334 -6.989502
v 32.445759 54.955334 -6.989502
v 32.445759 54.995110 -6.986511
v 32.445759 55.034691 -6.981537
v 32.445759 55.073975 -6.974609
v 32.445759 55.112862 -6.965759
v 32.445759 55.151260 -6.954926
v 32.445759 55.189072 -6.942230
v 32.445759 55.226204 -6.927673
v 32.445759 55.262562 -6.911255
v 32.445759 55.298058 -6.893066
v 32.445759 55.332603 -6.873108
v 32.445759 55.366112 -6.851471
v 32.445759 55.398499 -6.828186
v 32.445759 55.429688 -6.803314
v 32.445759 55.459595 -6.776917
v 32.445759 55.488152 -6.749084
v 32.445759 55.515282 -6.719818
v 32.445759 55.540920 -6.689270
v 32.445759 55.565006 -6.657471
v 32.445759 55.587479 -6.624512
v 32.445759 55.608276 -6.590485
v 32.445759 55.627354 -6.555450
v 32.445759 55.644661 -6.519501
v 32.445759 55.660156 -6.482758
v 32.445759 55.673798 -6.445282
v 32.445759 55.685555 -6.407166
v 32.445759 55.695400 -6.368500
v 32.445759 55.703304 -6.329407
v 32.445759 55.709248 -6.289948
v 32.445759 55.713219 -6.250275
v 32.445759 55.715206 -6.210419
v 32.445759 55.715206 -6.170532
v 32.445759 55.713219 -6.130707
v 32.445759 55.709248 -6.091003
v 32.445759 55.703304 -6.051575
v 32.445759 55.695400 -6.012451
v 32.445759 55.685555 -5.973816
v 32.445759 55.673798 -5.935699
v 32.445759 55.660156 -5.898224
v 32.445759 55.644661 -5.861450
v 32.445759 55.627354 -5.825500
v 32.445759 55.608276 -5.790497
v 32.445759 55.587479 -5.756439
v 32.445759 55.565006 -5.723480
v 32.445759 55.540920 -5.691681
v 32.445759 55.515282 -5.661133
v 32.445759 55.488152 -5.631897
v 32.445759 55.459595 -5.604034
v 32.445759 55.429688 -5.577637
v 32.445759 55.398499 -5.552765
v 32.445759 55.366112 -5.529480
v 32.445759 55.332603 -5.507843
v 32.445759 55.298058 -5.487915
v 32.445759 55.262562 -5.469696
v 32.445759 55.226204 -5.453308
v 32.445759 55.189072 -5.438721
v 32.445759 55.151260 -5.426025
v 32.445759 55.112862 -5.415222
v 32.445759 55.073975 -5.406342
v 32.445759 55.034691 -5.399414
v 32.445759 54.995110 -5.394470
v 32.445759 54.955334 -5.391479
v 32.445759 48.955334 -6.989502
v 32.445759 48.995110 -6.986511
v 32.445759 49.034691 -6.981537
v 32.445759 49.073975 -6.974609
v 32.445759 49.112862 -6.965759
v 32.445759 49.151260 -6.954926
v 32.445759 49.189072 -6.942230
v 32.445759 49.226204 -6.927673
v 32.445759 49.262562 -6.911255
v 32.445759 49.298061 -6.893066
v 32.445759 49.332603 -6.873108
v 32.445759 49.366112 -6.851471
v 32.445759 49.398499 -6.828186
v 32.445759 49.429688 -6.803314
v 32.445759 49.459595 -6.776917
v 32.445759 49.488152 -6.749084
v 32.445759 49.515282 -6.719818
v 32.445759 49.540920 -6.689270
v 32.445759 49.565006 -6.657471
v 32.445759 49.587479 -6.624512
v 32.445759 49.608276 -6.590485
v 32.445759 49.627354 -6.555450
v 32.445759 49.644661 -6.519501
v 32.445759 49.660156 -6.482758
v 32.445759 49.673798 -6.445282
v 32.445759 49.685555 -6.407166
v 32.445759 49.695400 -6.368500
v 32.445759 49.703304 -6.329407
v 32.445759 49.709248 -6.289948
v 32.445759 49.713219 -6.250275
v 32.445759 49.715206 -6.210419
v 32.445759 49.715206 -6.170532
v 32.445759 49.713219 -6.130707
v 32.445759 49.709248 -6.091003
v 32.445759 49.703304 -6.051575
v 32.445759 49.695400 -6.012451
v 32.445759 49.685555 -5.973816
v 32.445759 49.673798 -5.935699
v 32.445759 49.660156 -5.898224
v 32.445759 49.644661 -5.861450
v 32.445759 49.627354 -5.825500
v 32.445759 49.608276 -5.790497
v 32.445759 49.587479 -5.756439
v 32.445759 49.565006 -5.723480
v 32.445759 49.540920 -5.691681
v 32.445759 49.515282 -5.661133
v 32.445759 49.488152 -5.631897
v 32.445759 49.459595 -5.604034
v 32.445759 49.429688 -5.577637
v 32.445759 49.398499 -5.552765
v 32.445759 49.366112 -5.529480
v 32.445759 49.332603 -5.507843
v 32.445759 49.298061 -5.487915
v 32.445759 49.262562 -5.469696
v 32.445759 49.226204 -5.453308
v 32.445759 49.189072 -5.438721
v 32.445759 49.151260 -5.426025
v 32.445759 49.112862 -5.415222
v 32.445759 49.073975 -5.406342
v 32.445759 49.034691 -5.399414
v 32.445759 48.995110 -5.394470
v 32.445759 48.955334 -5.391479
v 34.599998 54.674706 -5.219910
v 32.599998 54.913979 -5.190491
v 32.599998 54.674706 -5.219910
v 34.599998 54.913979 -5.190491
v 34.599998 54.449425 -5.305725
v 32.599998 54.449425 -5.305725
v 34.599998 54.251228 -5.442963
v 32.599998 54.251228 -5.442963
v 34.599998 54.091633 -5.623627
v 32.599998 54.091633 -5.623627
v 34.599998 53.979919 -5.837250
v 32.599998 53.979919 -5.837250
v 34.599998 53.922569 -6.071411
v 32.599998 53.922569 -6.071411
v 34.599998 53.922928 -6.312500
v 32.599998 53.922928 -6.312500
v 34.599998 53.980965 -6.546478
v 32.599998 53.980965 -6.546478
v 32.599998 54.093311 -6.759766
v 34.599998 54.093311 -6.759766
v 32.599998 54.253441 -6.939972
v 34.599998 54.253441 -6.939972
v 34.599998 54.452042 -7.076630
v 32.599998 54.452042 -7.076630
v 34.599998 54.677574 -7.161774
v 32.599998 54.677574 -7.161774
v 34.599998 54.916935 -7.190491
v 32.599998 54.916935 -7.190491
v 35.099998 54.477699 -3.729095
v 34.599998 54.911762 -3.690491
v 34.599998 54.477699 -3.729095
v 35.099998 54.911762 -3.690491
v 35.099998 54.056938 -3.842529
v 34.599998 54.056938 -3.842529
v 35.099998 53.662258 -4.027283
v 34.599998 53.662258 -4.027283
v 35.099998 53.305660 -4.277740
v 34.599998 53.305660 -4.277740
v 35.099998 52.997974 -4.586334
v 34.599998 52.997974 -4.586334
v 35.099998 52.748550 -4.943695
v 34.599998 52.748550 -4.943695
v 35.099998 52.564964 -5.338898
v 34.599998 52.564964 -5.338898
v 35.099998 52.452797 -5.760010
v 34.599998 52.452797 -5.760010
v 35.099998 52.415459 -6.194183
v 34.599998 52.415459 -6.194183
v 35.099998 52.454082 -6.628235
v 34.599998 52.454082 -6.628235
v 35.099998 52.567490 -7.049011
v 34.599998 52.567490 -7.049011
v 35.099998 52.752243 -7.443665
v 34.599998 52.752243 -7.443665
v 34.599998 53.002724 -7.800293
v 35.099998 53.002724 -7.800293
v 35.099998 53.311317 -8.107971
v 34.599998 53.311317 -8.107971
v 35.099998 53.668655 -8.357391
v 34.599998 53.668655 -8.357391
v 35.099998 54.063877 -8.540985
v 34.599998 54.063877 -8.540985
v 35.099998 54.484974 -8.653137
v 34.599998 54.484974 -8.653137
v 35.099998 54.919151 -8.690491
v 34.599998 54.919151 -8.690491
v 35.099998 55.353214 -8.651855
v 34.599998 55.353214 -8.651855
v 35.099998 55.773975 -8.538452
v 34.599998 55.773975 -8.538452
v 35.099998 56.168655 -8.353699
v 34.599998 56.168655 -8.353699
v 35.099998 56.525253 -8.103210
v 34.599998 56.525253 -8.103210
v 35.099998 56.832939 -7.794617
v 34.599998 56.832939 -7.794617
v 35.099998 57.082363 -7.437286
v 34.599998 57.082363 -7.437286
v 35.099998 57.265949 -7.042053
v 34.599998 57.265949 -7.042053
v 35.099998 57.378117 -6.620972
v 34.599998 57.378117 -6.620972
v 35.099998 57.415455 -6.186798
v 34.599998 57.415455 -6.186798
v 35.099998 57.376831 -5.752716
v 34.599998 57.376831 -5.752716
v 35.099998 57.263424 -5.331970
v 34.599998 57.263424 -5.331970
v 35.099998 57.078671 -4.937286
v 34.599998 57.078671 -4.937286
v 35.099998 56.828190 -4.580688
v 34.599998 56.828190 -4.580688
v 35.099998 56.519596 -4.273010
v 34.599998 56.519596 -4.273010
v 34.599998 56.162258 -4.023560
v 35.099998 56.162258 -4.023560
v 35.099998 55.767036 -3.839996
v 34.599998 55.767036 -3.839996
v 34.599998 55.345940 -3.727814
v 35.099998 55.345940 -3.727814
v 34.599998 55.577473 -5.440979
v 34.599998 55.737602 -5.621216
v 34.599998 55.378872 -5.304352
v 34.599998 55.849949 -5.834503
v 34.599998 55.153339 -5.219177
v 34.599998 55.907986 -6.068481
v 34.599998 55.908344 -6.309540
v 34.599998 55.850994 -6.543701
v 34.599998 55.739281 -6.757324
v 34.599998 55.579685 -6.938019
v 34.599998 55.381489 -7.075256
v 34.599998 55.156208 -7.161072
v 32.599998 55.156208 -7.161072
v 32.599998 55.381489 -7.075256
v 32.599998 55.579685 -6.938019
v 32.599998 55.739281 -6.757324
v 32.599998 55.850994 -6.543701
v 32.599998 55.908344 -6.309540
v 32.599998 55.907986 -6.068481
v 32.599998 55.849949 -5.834503
v 32.599998 55.737602 -5.621216
v 32.599998 55.577473 -5.440979
v 32.599998 55.378872 -5.304352
v 32.599998 55.153339 -5.219177
v 34.599998 49.304615 -5.269318
v 32.599998 49.513756 -5.389221
v 32.599998 49.304615 -5.269318
v 34.599998 49.513756 -5.389221
v 34.599998 49.072853 -5.202942
v 32.599998 49.072853 -5.202942
v 34.599998 48.831947 -5.193970
v 32.599998 48.831947 -5.193970
v 34.599998 48.595894 -5.242920
v 32.599998 48.595894 -5.242920
v 34.599998 48.378414 -5.346924
v 32.599998 48.378414 -5.346924
v 34.599998 48.192142 -5.499969
v 32.599998 48.192142 -5.499969
v 34.599998 48.047909 -5.693115
v 32.599998 48.047909 -5.693115
v 34.599998 47.954094 -5.915192
v 32.599998 47.954094 -5.915192
v 32.599998 47.916149 -6.153259
v 34.599998 47.916149 -6.153259
v 32.599998 47.936279 -6.393494
v 34.599998 47.936279 -6.393494
v 34.599998 48.013317 -6.621918
v 32.599998 48.013317 -6.621918
v 34.599998 48.142784 -6.825287
v 32.599998 48.142784 -6.825287
v 34.599998 48.317158 -6.991760
v 32.599998 48.317158 -6.991760
v 35.099998 50.040634 -3.958008
v 34.599998 50.411205 -4.187286
v 34.599998 50.040634 -3.958008
v 35.099998 50.411205 -4.187286
v 35.099998 49.635872 -3.796539
v 34.599998 49.635872 -3.796539
v 35.099998 49.209225 -3.707794
v 34.599998 49.209225 -3.707794
v 35.099998 48.773647 -3.694519
v 34.599998 48.773647 -3.694519
v 35.099998 48.342381 -3.757050
v 34.599998 48.342381 -3.757050
v 35.099998 47.928524 -3.893524
v 34.599998 47.928524 -3.893524
v 35.099998 47.544659 -4.099823
v 34.599998 47.544659 -4.099823
v 35.099998 47.202442 -4.369598
v 34.599998 47.202442 -4.369598
v 35.099998 46.912277 -4.694733
v 34.599998 46.912277 -4.694733
v 35.099998 46.682976 -5.065308
v 34.599998 46.682976 -5.065308
v 35.099998 46.521507 -5.470062
v 34.599998 46.521507 -5.470062
v 35.099998 46.432777 -5.896729
v 34.599998 46.432777 -5.896729
v 34.599998 46.419483 -6.332306
v 35.099998 46.419483 -6.332306
v 35.099998 46.482025 -6.763550
v 34.599998 46.482025 -6.763550
v 35.099998 46.618507 -7.177399
v 34.599998 46.618507 -7.177399
v 35.099998 46.824783 -7.561279
v 34.599998 46.824783 -7.561279
v 35.099998 47.094582 -7.903503
v 34.599998 47.094582 -7.903503
v 35.099998 47.419708 -8.193665
v 34.599998 47.419708 -8.193665
v 35.099998 47.790279 -8.422974
v 34.599998 47.790279 -8.422974
v 35.099998 48.195042 -8.584442
v 34.599998 48.195042 -8.584442
v 35.099998 48.621689 -8.673157
v 34.599998 48.621689 -8.673157
v 35.099998 49.057266 -8.686462
v 34.599998 49.057266 -8.686462
v 35.099998 49.488533 -8.623901
v 34.599998 49.488533 -8.623901
v 35.099998 49.902390 -8.487427
v 34.599998 49.902390 -8.487427
v 35.099998 50.286255 -8.281158
v 34.599998 50.286255 -8.281158
v 35.099998 50.628471 -8.011353
v 34.599998 50.628471 -8.011353
v 35.099998 50.918636 -7.686218
v 34.599998 50.918636 -7.686218
v 35.099998 51.147938 -7.315674
v 34.599998 51.147938 -7.315674
v 35.099998 51.309406 -6.910889
v 34.599998 51.309406 -6.910889
v 35.099998 51.398136 -6.484253
v 34.599998 51.398136 -6.484253
v 35.099998 51.411430 -6.048676
v 34.599998 51.411430 -6.048676
v 35.099998 51.348888 -5.617401
v 34.599998 51.348888 -5.617401
v 34.599998 51.212402 -5.203552
v 35.099998 51.212402 -5.203552
v 35.099998 51.006130 -4.819672
v 34.599998 51.006130 -4.819672
v 34.599998 50.736332 -4.477478
v 35.099998 50.736332 -4.477478
v 34.599998 49.894634 -5.987457
v 34.599998 49.914764 -6.227692
v 34.599998 49.817596 -5.759033
v 34.599998 49.876820 -6.465759
v 34.599998 49.688129 -5.555664
v 34.599998 49.783005 -6.687836
v 34.599998 49.638771 -6.881012
v 34.599998 49.452499 -7.034027
v 34.599998 49.235020 -7.138062
v 34.599998 48.998966 -7.186981
v 34.599998 48.758057 -7.178009
v 34.599998 48.526299 -7.111664
v 32.599998 48.526299 -7.111664
v 32.599998 48.758057 -7.178009
v 32.599998 48.998966 -7.186981
v 32.599998 49.235020 -7.138062
v 32.599998 49.452499 -7.034027
v 32.599998 49.638771 -6.881012
v 32.599998 49.783005 -6.687836
v 32.599998 49.876820 -6.465759
v 32.599998 49.914764 -6.227692
v 32.599998 49.894634 -5.987457
v 32.599998 49.817596 -5.759033
v 32.599998 49.688129 -5.555664
v -14.600000 54.657948 -5.224213
v -12.600000 54.434185 -5.313904
v -12.600000 54.657948 -5.224213
v -14.600000 54.434185 -5.313904
v -14.600000 54.896675 -5.190674
v -12.600000 54.896675 -5.190674
v -14.600000 55.136494 -5.215210
v -12.600000 55.136494 -5.215210
v -14.600000 55.363464 -5.296448
v -12.600000 55.363464 -5.296448
v -14.600000 55.564404 -5.429657
v -12.600000 55.564404 -5.429657
v -14.600000 55.727627 -5.607056
v -12.600000 55.727627 -5.607056
v -14.600000 55.843647 -5.818390
v -12.600000 55.843647 -5.818390
v -14.600000 55.905727 -6.051331
v -12.600000 55.905727 -6.051331
v -12.600000 55.910255 -6.292358
v -14.600000 55.910255 -6.292358
v -12.600000 55.856968 -6.527466
v -14.600000 55.856968 -6.527466
v -14.600000 55.748966 -6.742981
v -12.600000 55.748966 -6.742981
v -14.600000 55.592522 -6.926392
v -12.600000 55.592522 -6.926392
v -14.600000 55.396729 -7.067047
v -12.600000 55.396729 -7.067047
v -15.100000 54.111092 -3.823425
v -14.600000 53.712273 -3.999054
v -14.600000 54.111092 -3.823425
v -15.100000 53.712273 -3.999054
v -15.100000 54.534348 -3.719696
v -14.600000 54.534348 -3.719696
v -15.100000 54.969185 -3.691071
v -14.600000 54.969185 -3.691071
v -15.100000 55.402390 -3.738373
v -14.600000 55.402390 -3.738373
v -15.100000 55.820797 -3.860168
v -14.600000 55.820797 -3.860168
v -15.100000 56.211697 -4.052795
v -14.600000 56.211697 -4.052795
v -15.100000 56.563213 -4.310364
v -14.600000 56.563213 -4.310364
v -15.100000 56.864662 -4.625031
v -14.600000 56.864662 -4.625031
v -15.100000 57.106884 -4.987305
v -14.600000 57.106884 -4.987305
v -15.100000 57.282520 -5.386108
v -14.600000 57.282520 -5.386108
v -15.100000 57.386238 -5.809387
v -14.600000 57.386238 -5.809387
v -15.100000 57.414879 -6.244202
v -14.600000 57.414879 -6.244202
v -14.600000 57.367577 -6.677399
v -15.100000 57.367577 -6.677399
v -15.100000 57.245770 -7.095825
v -14.600000 57.245770 -7.095825
v -15.100000 57.053158 -7.486725
v -14.600000 57.053158 -7.486725
v -15.100000 56.795589 -7.838226
v -14.600000 56.795589 -7.838226
v -15.100000 56.480896 -8.139679
v -14.600000 56.480896 -8.139679
v -15.100000 56.118637 -8.381897
v -14.600000 56.118637 -8.381897
v -15.100000 55.719822 -8.557556
v -14.600000 55.719822 -8.557556
v -15.100000 55.296566 -8.661255
v -14.600000 55.296566 -8.661255
v -15.100000 54.861729 -8.689911
v -14.600000 54.861729 -8.689911
v -15.100000 54.428524 -8.642609
v -14.600000 54.428524 -8.642609
v -15.100000 54.010117 -8.520782
v -14.600000 54.010117 -8.520782
v -15.100000 53.619217 -8.328186
v -14.600000 53.619217 -8.328186
v -15.100000 53.267700 -8.070618
v -14.600000 53.267700 -8.070618
v -15.100000 52.966251 -7.755920
v -14.600000 52.966251 -7.755920
v -15.100000 52.724030 -7.393677
v -14.600000 52.724030 -7.393677
v -15.100000 52.548393 -6.994843
v -14.600000 52.548393 -6.994843
v -15.100000 52.444675 -6.571594
v -14.600000 52.444675 -6.571594
v -15.100000 52.416035 -6.136749
v -14.600000 52.416035 -6.136749
v -15.100000 52.463337 -5.703552
v -14.600000 52.463337 -5.703552
v -15.100000 52.585144 -5.285156
v -14.600000 52.585144 -5.285156
v -14.600000 52.777756 -4.894257
v -15.100000 52.777756 -4.894257
v -15.100000 53.035324 -4.542725
v -14.600000 53.035324 -4.542725
v -14.600000 53.350018 -4.241272
v -15.100000 53.350018 -4.241272
v -14.600000 53.973946 -5.853516
v -14.600000 53.920658 -6.088623
v -14.600000 54.081947 -5.637970
v -14.600000 53.925186 -6.329651
v -14.600000 54.238392 -5.454559
v -14.600000 53.987267 -6.562592
v -14.600000 54.103287 -6.773895
v -14.600000 54.266510 -6.951324
v -14.600000 54.467445 -7.084503
v -14.600000 54.694420 -7.165741
v -14.600000 54.934238 -7.190308
v -14.600000 55.172966 -7.156769
v -12.600000 55.172966 -7.156769
v -12.600000 54.934238 -7.190308
v -12.600000 54.694420 -7.165741
v -12.600000 54.467445 -7.084503
v -12.600000 54.266510 -6.951324
v -12.600000 54.103287 -6.773895
v -12.600000 53.987267 -6.562592
v -12.600000 53.925186 -6.329651
v -12.600000 53.920658 -6.088623
v -12.600000 53.973946 -5.853516
v -12.600000 54.081947 -5.637970
v -12.600000 54.238392 -5.454559
v -14.600000 47.952484 -6.460083
v -12.600000 48.044983 -6.682709
v -12.600000 47.952484 -6.460083
v -14.600000 48.044983 -6.682709
v -14.600000 47.915947 -6.221802
v -12.600000 47.915947 -6.221802
v -14.600000 47.937500 -5.981689
v -12.600000 47.937500 -5.981689
v -14.600000 48.015884 -5.753723
v -12.600000 48.015884 -5.753723
v -14.600000 48.146553 -5.551117
v -12.600000 48.146553 -5.551117
v -14.600000 48.321907 -5.385681
v -12.600000 48.321907 -5.385681
v -14.600000 48.531754 -5.267029
v -12.600000 48.531754 -5.267029
v -14.600000 48.763901 -5.202026
v -12.600000 48.763901 -5.202026
v -12.600000 49.004856 -5.194489
v -14.600000 49.004856 -5.194489
v -12.600000 49.240616 -5.244812
v -14.600000 49.240616 -5.244812
v -14.600000 49.457478 -5.350128
v -12.600000 49.457478 -5.350128
v -14.600000 49.642841 -5.504242
v -12.600000 49.642841 -5.504242
v -14.600000 49.785931 -5.698273
v -12.600000 49.785931 -5.698273
v -15.100000 46.558655 -7.024445
v -14.600000 46.739273 -7.421021
v -14.600000 46.558655 -7.024445
v -15.100000 46.739273 -7.421021
v -15.100000 46.449646 -6.602509
v -14.600000 46.449646 -6.602509
v -15.100000 46.415558 -6.168060
v -14.600000 46.415558 -6.168060
v -15.100000 46.457428 -5.734314
v -14.600000 46.457428 -5.734314
v -15.100000 46.573986 -5.314392
v -14.600000 46.573986 -5.314392
v -15.100000 46.761684 -4.921112
v -14.600000 46.761684 -4.921112
v -15.100000 47.014828 -4.566406
v -14.600000 47.014828 -4.566406
v -15.100000 47.325722 -4.261047
v -14.600000 47.325722 -4.261047
v -15.100000 47.684917 -4.014313
v -14.600000 47.684917 -4.014313
v -15.100000 48.081501 -3.833679
v -14.600000 48.081501 -3.833679
v -15.100000 48.503426 -3.724670
v -14.600000 48.503426 -3.724670
v -15.100000 48.937870 -3.690582
v -14.600000 48.937870 -3.690582
v -14.600000 49.371632 -3.732452
v -15.100000 49.371632 -3.732452
v -15.100000 49.791534 -3.848999
v -14.600000 49.791534 -3.848999
v -15.100000 50.184814 -4.036713
v -14.600000 50.184814 -4.036713
v -15.100000 50.539528 -4.289856
v -14.600000 50.539528 -4.289856
v -15.100000 50.844898 -4.600739
v -14.600000 50.844898 -4.600739
v -15.100000 51.091640 -4.959930
v -14.600000 51.091640 -4.959930
v -15.100000 51.272259 -5.356537
v -14.600000 51.272259 -5.356537
v -15.100000 51.381268 -5.778442
v -14.600000 51.381268 -5.778442
v -15.100000 51.415356 -6.212891
v -14.600000 51.415356 -6.212891
v -15.100000 51.373486 -6.646667
v -14.600000 51.373486 -6.646667
v -15.100000 51.256927 -7.066559
v -14.600000 51.256927 -7.066559
v -15.100000 51.069229 -7.459839
v -14.600000 51.069229 -7.459839
v -15.100000 50.816086 -7.814545
v -14.600000 50.816086 -7.814545
v -15.100000 50.505192 -8.119934
v -14.600000 50.505192 -8.119934
v -15.100000 50.145996 -8.366669
v -14.600000 50.145996 -8.366669
v -15.100000 49.749413 -8.547272
v -14.600000 49.749413 -8.547272
v -15.100000 49.327488 -8.656281
v -14.600000 49.327488 -8.656281
v -15.100000 48.893044 -8.690369
v -14.600000 48.893044 -8.690369
v -15.100000 48.459282 -8.648499
v -14.600000 48.459282 -8.648499
v -15.100000 48.039379 -8.531952
v -14.600000 48.039379 -8.531952
v -14.600000 47.646099 -8.344238
v -15.100000 47.646099 -8.344238
v -15.100000 47.291386 -8.091125
v -14.600000 47.291386 -8.091125
v -14.600000 46.986015 -7.780212
v -15.100000 46.986015 -7.780212
v -14.600000 48.590298 -7.136139
v -14.600000 48.826057 -7.186493
v -14.600000 48.373436 -7.030853
v -14.600000 49.067013 -7.178925
v -14.600000 48.188072 -6.876709
v -14.600000 49.299160 -7.113953
v -14.600000 49.509007 -6.995270
v -14.600000 49.684361 -6.829834
v -14.600000 49.815029 -6.627258
v -14.600000 49.893414 -6.399292
v -14.600000 49.914967 -6.159180
v -14.600000 49.878429 -5.920898
v -12.600000 49.878429 -5.920898
v -12.600000 49.914967 -6.159180
v -12.600000 49.893414 -6.399292
v -12.600000 49.815029 -6.627258
v -12.600000 49.684361 -6.829834
v -12.600000 49.509007 -6.995270
v -12.600000 49.299160 -7.113953
v -12.600000 49.067013 -7.178925
v -12.600000 48.826057 -7.186493
v -12.600000 48.590298 -7.136139
v -12.600000 48.373436 -7.030853
v -12.600000 48.188072 -6.876709
vn -0.0000 0.0253 -0.9997
vn -0.0000 0.0252 -0.9997
vn -0.0000 0.0750 -0.9972
vn -0.0000 0.1240 -0.9923
vn -0.0000 0.1239 -0.9923
vn -0.0000 0.1737 -0.9848
vn -0.0000 0.2226 -0.9749
vn -0.0000 0.2708 -0.9626
vn -0.0000 0.3183 -0.9480
vn -0.0000 0.3656 -0.9308
vn -0.0000 0.4109 -0.9117
vn -0.0000 0.4566 -0.8897
vn -0.0000 0.4997 -0.8662
vn -0.0000 0.5425 -0.8400
vn -0.0000 0.5424 -0.8401
vn -0.0000 0.5837 -0.8119
vn -0.0000 0.6235 -0.7818
vn -0.0000 0.6617 -0.7498
vn -0.0000 0.6618 -0.7497
vn -0.0000 0.6983 -0.7158
vn -0.0000 0.6984 -0.7157
vn -0.0000 0.7330 -0.6802
vn -0.0000 0.7329 -0.6803
vn -0.0000 0.7660 -0.6428
vn -0.0000 0.7659 -0.6429
vn -0.0000 0.7972 -0.6037
vn -0.0000 0.8262 -0.5633
vn -0.0000 0.8262 -0.5634
vn -0.0000 0.8534 -0.5212
vn -0.0000 0.8535 -0.5211
vn -0.0000 0.8781 -0.4785
vn -0.0000 0.9011 -0.4336
vn -0.0000 0.9010 -0.4337
vn -0.0000 0.9010 -0.4339
vn -0.0000 0.9215 -0.3883
vn -0.0000 0.9397 -0.3421
vn -0.0000 0.9397 -0.3419
vn -0.0000 0.9555 -0.2948
vn -0.0000 0.9556 -0.2947
vn -0.0000 0.9690 -0.2470
vn -0.0000 0.9802 -0.1980
vn -0.0000 0.9802 -0.1981
vn -0.0000 0.9802 -0.1982
vn -0.0000 0.9888 -0.1490
vn -0.0000 0.9888 -0.1492
vn -0.0000 0.9950 -0.0995
vn -0.0000 0.9987 -0.0500
vn -0.0000 0.9988 -0.0498
vn -0.0000 0.9988 -0.0500
vn -0.0000 1.0000 -0.0000
vn -0.0000 0.9987 0.0502
vn -0.0000 0.9988 0.0499
vn -0.0000 0.9988 0.0498
vn -0.0000 0.9950 0.0996
vn -0.0000 0.9888 0.1490
vn -0.0000 0.9889 0.1489
vn -0.0000 0.9801 0.1983
vn -0.0000 0.9802 0.1981
vn -0.0000 0.9691 0.2468
vn -0.0000 0.9556 0.2947
vn -0.0000 0.9555 0.2948
vn -0.0000 0.9397 0.3419
vn -0.0000 0.9397 0.3421
vn -0.0000 0.9214 0.3886
vn -0.0000 0.9010 0.4337
vn -0.0000 0.9010 0.4339
vn -0.0000 0.8782 0.4782
vn -0.0000 0.8533 0.5214
vn -0.0000 0.8532 0.5216
vn -0.0000 0.8262 0.5634
vn -0.0000 0.8262 0.5633
vn -0.0000 0.8263 0.5633
vn -0.0000 0.7972 0.6037
vn -0.0000 0.7659 0.6429
vn -0.0000 0.7660 0.6428
vn -0.0000 0.7333 0.6799
vn -0.0000 0.7334 0.6798
vn -0.0000 0.6980 0.7161
vn -0.0000 0.6979 0.7162
vn -0.0000 0.6618 0.7497
vn -0.0000 0.6617 0.7498
vn -0.0000 0.6235 0.7818
vn -0.0000 0.5837 0.8119
vn -0.0000 0.5424 0.8401
vn -0.0000 0.5425 0.8400
vn -0.0000 0.5002 0.8659
vn -0.0000 0.5003 0.8658
vn -0.0000 0.4560 0.8900
vn -0.0000 0.4116 0.9114
vn -0.0000 0.3650 0.9310
vn -0.0000 0.3183 0.9480
vn -0.0000 0.2715 0.9624
vn -0.0000 0.2219 0.9751
vn -0.0000 0.1247 0.9922
vn -0.0000 0.1737 0.9848
vn -0.0000 0.0750 0.9972
vn -0.0000 0.0245 0.9997
vn -0.0000 0.5426 -0.8400
vn -0.0000 0.5836 -0.8120
vn -0.0000 0.6236 -0.7817
vn -0.0000 0.7973 -0.6036
vn -0.0000 0.9555 -0.2950
vn -0.0000 0.9691 -0.2467
vn -0.0000 0.9691 -0.2468
vn -0.0000 0.9691 -0.2466
vn -0.0000 0.9691 0.2466
vn -0.0000 0.9555 0.2950
vn -0.0000 0.7970 0.6040
vn -0.0000 0.7973 0.6036
vn -0.0000 0.6236 0.7817
vn -0.0000 0.5836 0.8120
vn -0.0000 0.5426 0.8400
vn -0.0000 0.2716 0.9624
vn -0.0000 0.3649 0.9310
vn -0.0000 0.4115 0.9114
vn -0.0000 0.4561 0.8899
vn -0.0000 0.4559 0.8900
vn -0.0000 0.5004 0.8658
vn -0.0000 0.5838 0.8119
vn -0.0000 0.5837 0.8120
vn -0.0000 0.6617 0.7497
vn -0.0000 0.7335 0.6797
vn -0.0000 0.7659 0.6430
vn -0.0000 0.7971 0.6038
vn -0.0000 0.8261 0.5635
vn -0.0000 0.8781 0.4784
vn -0.0000 0.8782 0.4783
vn -0.0000 0.8532 0.5215
vn -0.0000 0.9009 0.4339
vn -0.0000 0.9011 0.4337
vn -0.0000 0.9397 0.3420
vn -0.0000 0.9556 0.2948
vn -0.0000 0.9802 0.1982
vn -0.0000 0.9950 0.0998
vn -0.0000 0.9950 0.0995
vn -0.0000 0.9950 -0.0994
vn -0.0000 0.9951 -0.0994
vn -0.0000 0.9690 -0.2471
vn -0.0000 0.9556 -0.2948
vn -0.0000 0.9397 -0.3420
vn -0.0000 0.9011 -0.4337
vn -0.0000 0.9009 -0.4339
vn -0.0000 0.8780 -0.4786
vn -0.0000 0.8781 -0.4784
vn -0.0000 0.8261 -0.5635
vn -0.0000 0.8263 -0.5633
vn -0.0000 0.7971 -0.6038
vn -0.0000 0.7659 -0.6430
vn -0.0000 0.7331 -0.6801
vn -0.0000 0.6617 -0.7497
vn -0.0000 0.5837 -0.8120
vn -0.0000 0.5838 -0.8119
vn -0.0000 0.4998 -0.8662
vn -0.0000 0.4567 -0.8896
vn -0.0000 0.4108 -0.9117
vn -0.0000 0.3657 -0.9307
vn -0.0000 0.2709 -0.9626
vn -0.0000 0.3182 0.9480
vn -0.0000 0.7974 0.6035
vn -0.0000 0.7971 0.6039
vn -0.0000 0.7973 0.6035
vn -0.0000 0.9010 0.4338
vn -0.0000 0.9215 0.3884
vn -0.0000 0.9214 0.3887
vn -0.0000 0.9215 0.3885
vn -0.0000 0.9396 0.3422
vn -0.0000 0.9691 0.2465
vn -0.0000 0.9801 0.1984
vn -0.0000 0.9951 0.0994
vn -0.0000 0.9950 -0.0996
vn -0.0000 0.9802 -0.1979
vn -0.0000 0.9690 -0.2472
vn -0.0000 0.9396 -0.3422
vn -0.0000 0.9215 -0.3884
vn -0.0000 0.9216 -0.3882
vn -0.0000 0.9216 -0.3881
vn -0.0000 0.9010 -0.4338
vn -0.0000 0.9215 -0.3885
vn -0.0000 0.7971 -0.6039
vn -0.0000 0.7973 -0.6035
vn -0.0000 0.7972 -0.6038
vn -0.0000 0.3182 -0.9480
vn -0.7189 0.6949 0.0179
vn -0.7050 0.7072 0.0529
vn -0.7020 0.7067 0.0880
vn -0.6944 0.7194 0.0173
vn -0.7053 0.7069 0.0528
vn -0.7014 0.7073 0.0879
vn -0.7067 0.7066 0.0347
vn -0.7067 0.7067 0.0347
vn -0.7066 0.7067 0.0347
vn -0.7065 0.7069 0.0347
vn -0.6962 0.7072 0.1227
vn -0.6898 0.7067 0.1575
vn -0.6994 0.7071 0.1037
vn -0.7049 0.7016 0.1044
vn -0.7053 0.7011 0.1047
vn -0.6932 0.7134 0.1028
vn -0.7003 0.7063 0.1039
vn -0.6937 0.7129 0.1031
vn -0.6969 0.7066 0.1230
vn -0.6891 0.7075 0.1572
vn -0.6859 0.7071 0.1719
vn -0.6914 0.7014 0.1732
vn -0.6918 0.7009 0.1733
vn -0.6802 0.7076 0.1914
vn -0.6711 0.7062 0.2254
vn -0.6812 0.7065 0.1917
vn -0.6697 0.7077 0.2250
vn -0.6867 0.7063 0.1720
vn -0.6798 0.7134 0.1702
vn -0.6803 0.7128 0.1705
vn -0.6658 0.7071 0.2382
vn -0.6711 0.7015 0.2400
vn -0.6714 0.7011 0.2403
vn -0.6577 0.7077 0.2580
vn -0.6453 0.7062 0.2913
vn -0.6590 0.7063 0.2587
vn -0.6438 0.7079 0.2905
vn -0.6665 0.7063 0.2385
vn -0.6597 0.7135 0.2361
vn -0.6603 0.7128 0.2363
vn -0.6392 0.7071 0.3023
vn -0.6443 0.7015 0.3046
vn -0.6446 0.7011 0.3049
vn -0.6288 0.7077 0.3222
vn -0.6134 0.7059 0.3542
vn -0.6107 0.7065 0.3577
vn -0.6106 0.7022 0.3661
vn -0.6301 0.7061 0.3231
vn -0.6063 0.7108 0.3566
vn -0.6085 0.7100 0.3544
vn -0.6115 0.7081 0.3530
vn -0.6399 0.7063 0.3028
vn -0.6336 0.7133 0.2996
vn -0.6340 0.7127 0.3001
vn -0.6112 0.7016 0.3664
vn -0.5932 0.7080 0.3832
vn -0.5752 0.7057 0.4136
vn -0.5726 0.7062 0.4164
vn -0.5741 0.7005 0.4241
vn -0.5951 0.7059 0.3842
vn -0.5631 0.7136 0.4167
vn -0.5701 0.7103 0.4128
vn -0.5732 0.7084 0.4119
vn -0.6072 0.7063 0.3639
vn -0.5723 0.7016 0.4245
vn -0.5521 0.7080 0.4403
vn -0.5313 0.7054 0.4691
vn -0.5287 0.7061 0.4710
vn -0.5285 0.7013 0.4783
vn -0.5535 0.7060 0.4419
vn -0.5196 0.7128 0.4711
vn -0.5263 0.7104 0.4672
vn -0.5291 0.7087 0.4667
vn -0.5685 0.7064 0.4216
vn -0.5277 0.7017 0.4788
vn -0.5053 0.7082 0.4930
vn -0.4828 0.7049 0.5196
vn -0.4798 0.7060 0.5210
vn -0.4775 0.7028 0.5273
vn -0.5074 0.7057 0.4945
vn -0.4753 0.7110 0.5182
vn -0.4769 0.7109 0.5168
vn -0.4795 0.7091 0.5169
vn -0.5245 0.7065 0.4752
vn -0.4788 0.7018 0.5275
vn -0.4536 0.7083 0.5408
vn -0.4285 0.7046 0.5656
vn -0.4261 0.7057 0.5660
vn -0.4237 0.7025 0.5718
vn -0.4752 0.7064 0.5245
vn -0.4557 0.7056 0.5427
vn -0.4179 0.7127 0.5634
vn -0.4232 0.7110 0.5615
vn -0.4252 0.7095 0.5619
vn -0.4243 0.7018 0.5722
vn -0.3979 0.7083 0.5831
vn -0.3703 0.7044 0.6056
vn -0.3695 0.7033 0.6074
vn -0.3689 0.7006 0.6108
vn -0.3993 0.7055 0.5855
vn -0.3673 0.7102 0.6006
vn -0.3674 0.7080 0.6032
vn -0.3672 0.7097 0.6012
vn -0.4216 0.7064 0.5685
vn -0.3633 0.7069 0.6069
vn -0.3378 0.7082 0.6199
vn -0.3082 0.7041 0.6398
vn -0.3075 0.7030 0.6412
vn -0.3043 0.7023 0.6436
vn -0.3389 0.7055 0.6224
vn -0.3028 0.7113 0.6343
vn -0.3061 0.7082 0.6362
vn -0.3056 0.7101 0.6344
vn -0.3608 0.7124 0.6019
vn -0.3024 0.7069 0.6394
vn -0.2739 0.7085 0.6504
vn -0.2430 0.7037 0.6676
vn -0.2426 0.7049 0.6665
vn -0.2396 0.7024 0.6702
vn -0.2751 0.7054 0.6532
vn -0.2386 0.7114 0.6610
vn -0.2394 0.7115 0.6606
vn -0.2408 0.7104 0.6613
vn -0.3001 0.7123 0.6345
vn -0.2400 0.7022 0.6704
vn -0.2083 0.7085 0.6743
vn -0.1753 0.7034 0.6889
vn -0.1758 0.7044 0.6877
vn -0.1728 0.7026 0.6903
vn -0.2385 0.7065 0.6664
vn -0.2090 0.7054 0.6773
vn -0.1705 0.7116 0.6815
vn -0.1724 0.7116 0.6811
vn -0.1739 0.7107 0.6816
vn -0.1738 0.7024 0.6902
vn -0.1398 0.7085 0.6917
vn -0.1060 0.7031 0.7031
vn -0.1065 0.7031 0.7031
vn -0.1053 0.7026 0.7037
vn -0.1401 0.7054 0.6948
vn -0.1040 0.7116 0.6949
vn -0.1041 0.7116 0.6949
vn -0.1050 0.7111 0.6952
vn -0.1718 0.7065 0.6865
vn -0.1034 0.7025 0.7041
vn -0.0702 0.7085 0.7022
vn -0.0354 0.7027 0.7106
vn -0.0365 0.7030 0.7102
vn -0.0356 0.7025 0.7108
vn -0.1037 0.7066 0.7000
vn -0.0707 0.7053 0.7054
vn -0.0347 0.7117 0.7016
vn -0.0349 0.7116 0.7017
vn -0.0353 0.7115 0.7018
vn -0.0349 0.7025 0.7108
vn -0.0000 0.7085 0.7057
vn -0.0349 0.7066 0.7067
vn -0.0000 0.7054 0.7088
vn 0.0347 0.7068 0.7065
vn 0.0354 0.7026 0.7107
vn 0.0356 0.7024 0.7109
vn 0.0354 0.7027 0.7106
vn 0.0702 0.7085 0.7022
vn 0.0357 0.7115 0.7018
vn 0.0360 0.7113 0.7019
vn 0.0353 0.7115 0.7018
vn 0.0347 0.7117 0.7016
vn 0.0707 0.7053 0.7054
vn 0.1398 0.7086 0.6917
vn 0.1034 0.7068 0.6998
vn 0.1054 0.7026 0.7037
vn 0.1053 0.7026 0.7037
vn 0.1060 0.7031 0.7032
vn 0.1050 0.7111 0.6952
vn 0.1038 0.7091 0.6975
vn 0.1040 0.7116 0.6949
vn 0.1401 0.7054 0.6948
vn 0.1030 0.7118 0.6948
vn 0.1728 0.7026 0.6903
vn 0.1747 0.7027 0.6897
vn 0.1756 0.7033 0.6888
vn 0.2079 0.7085 0.6744
vn 0.1721 0.7068 0.6862
vn 0.1707 0.7121 0.6810
vn 0.1754 0.7094 0.6826
vn 0.1706 0.7119 0.6813
vn 0.1739 0.7107 0.6816
vn 0.2087 0.7054 0.6774
vn 0.2398 0.7022 0.6704
vn 0.2425 0.7049 0.6665
vn 0.2430 0.7038 0.6676
vn 0.2739 0.7085 0.6504
vn 0.2400 0.7022 0.6704
vn 0.2385 0.7064 0.6664
vn 0.2386 0.7114 0.6610
vn 0.2394 0.7115 0.6607
vn 0.2408 0.7104 0.6613
vn 0.2751 0.7054 0.6532
vn 0.3042 0.7024 0.6435
vn 0.3075 0.7030 0.6412
vn 0.3082 0.7040 0.6398
vn 0.3373 0.7084 0.6200
vn 0.3023 0.7069 0.6394
vn 0.3052 0.7101 0.6345
vn 0.3061 0.7082 0.6362
vn 0.3028 0.7113 0.6343
vn 0.3393 0.7054 0.6223
vn 0.3000 0.7123 0.6345
vn 0.3692 0.7005 0.6107
vn 0.3695 0.7032 0.6074
vn 0.3697 0.7046 0.6057
vn 0.3979 0.7083 0.5831
vn 0.3633 0.7069 0.6069
vn 0.3608 0.7124 0.6019
vn 0.3674 0.7079 0.6032
vn 0.3671 0.7097 0.6012
vn 0.3673 0.7102 0.6006
vn 0.3992 0.7055 0.5855
vn 0.4213 0.7069 0.5681
vn 0.4276 0.7035 0.5677
vn 0.4236 0.7027 0.5717
vn 0.4285 0.7046 0.5657
vn 0.4536 0.7083 0.5408
vn 0.4253 0.7077 0.5642
vn 0.4256 0.7094 0.5618
vn 0.4179 0.7127 0.5634
vn 0.4553 0.7057 0.5428
vn 0.4180 0.7125 0.5636
vn 0.4775 0.7028 0.5273
vn 0.4817 0.7037 0.5222
vn 0.4828 0.7049 0.5197
vn 0.5055 0.7082 0.4930
vn 0.4751 0.7069 0.5240
vn 0.4790 0.7074 0.5197
vn 0.4795 0.7091 0.5169
vn 0.4753 0.7110 0.5182
vn 0.5074 0.7057 0.4945
vn 0.4706 0.7126 0.5203
vn 0.5286 0.7012 0.4784
vn 0.5288 0.7061 0.4710
vn 0.5313 0.7054 0.4691
vn 0.5521 0.7080 0.4403
vn 0.5277 0.7017 0.4788
vn 0.5246 0.7064 0.4751
vn 0.5292 0.7086 0.4667
vn 0.5263 0.7104 0.4672
vn 0.5196 0.7138 0.4695
vn 0.5535 0.7060 0.4418
vn 0.5741 0.7004 0.4241
vn 0.5749 0.7041 0.4168
vn 0.5752 0.7057 0.4137
vn 0.5932 0.7080 0.3832
vn 0.5681 0.7069 0.4213
vn 0.5722 0.7070 0.4156
vn 0.5732 0.7084 0.4119
vn 0.5631 0.7136 0.4168
vn 0.5951 0.7059 0.3842
vn 0.5634 0.7128 0.4176
vn 0.6106 0.7022 0.3661
vn 0.6107 0.7065 0.3577
vn 0.6136 0.7057 0.3541
vn 0.6288 0.7077 0.3222
vn 0.6112 0.7015 0.3664
vn 0.6072 0.7063 0.3639
vn 0.6084 0.7100 0.3545
vn 0.6113 0.7083 0.3531
vn 0.6063 0.7107 0.3567
vn 0.6301 0.7061 0.3231
vn 0.6453 0.7062 0.2913
vn 0.6577 0.7077 0.2581
vn 0.6393 0.7070 0.3024
vn 0.6442 0.7016 0.3046
vn 0.6446 0.7011 0.3049
vn 0.6336 0.7133 0.2996
vn 0.6400 0.7062 0.3030
vn 0.6338 0.7129 0.3002
vn 0.6438 0.7079 0.2905
vn 0.6590 0.7063 0.2587
vn 0.6711 0.7062 0.2254
vn 0.6801 0.7076 0.1914
vn 0.6665 0.7063 0.2385
vn 0.6658 0.7071 0.2383
vn 0.6711 0.7015 0.2400
vn 0.6714 0.7010 0.2403
vn 0.6597 0.7135 0.2361
vn 0.6603 0.7128 0.2364
vn 0.6697 0.7077 0.2250
vn 0.6812 0.7065 0.1917
vn 0.6898 0.7067 0.1574
vn 0.6960 0.7074 0.1227
vn 0.6860 0.7070 0.1718
vn 0.6913 0.7015 0.1732
vn 0.6919 0.7009 0.1733
vn 0.6802 0.7130 0.1702
vn 0.6868 0.7062 0.1720
vn 0.6798 0.7134 0.1703
vn 0.6890 0.7074 0.1573
vn 0.6969 0.7066 0.1229
vn 0.7021 0.7067 0.0880
vn 0.7050 0.7072 0.0528
vn 0.7192 0.6946 0.0179
vn 0.7003 0.7063 0.1039
vn 0.6994 0.7071 0.1037
vn 0.7049 0.7016 0.1045
vn 0.7053 0.7011 0.1047
vn 0.7066 0.7067 0.0347
vn 0.7067 0.7067 0.0347
vn 0.7067 0.7066 0.0347
vn 0.7065 0.7069 0.0348
vn 0.6931 0.7134 0.1028
vn 0.6937 0.7129 0.1030
vn 0.7014 0.7073 0.0879
vn 0.7053 0.7069 0.0528
vn 0.6944 0.7194 0.0173
vn -0.9997 -0.0000 0.0249
vn -0.9972 -0.0000 0.0748
vn -0.9922 -0.0000 0.1244
vn -0.9922 -0.0000 0.1243
vn -0.9848 -0.0000 0.1735
vn -0.9848 -0.0000 0.1737
vn -0.9749 -0.0000 0.2224
vn -0.9627 -0.0000 0.2707
vn -0.9626 -0.0000 0.2710
vn -0.9479 -0.0000 0.3186
vn -0.9310 -0.0000 0.3651
vn -0.9309 -0.0000 0.3653
vn -0.9113 -0.0000 0.4117
vn -0.9115 -0.0000 0.4114
vn -0.9117 -0.0000 0.4110
vn -0.9117 -0.0000 0.4109
vn -0.8899 -0.0000 0.4561
vn -0.8899 -0.0000 0.4562
vn -0.8898 -0.0000 0.4564
vn -0.8662 -0.0000 0.4997
vn -0.8659 -0.0000 0.5002
vn -0.8660 -0.0000 0.5000
vn -0.8400 -0.0000 0.5426
vn -0.8119 -0.0000 0.5839
vn -0.8121 -0.0000 0.5836
vn -0.7817 -0.0000 0.6237
vn -0.7819 -0.0000 0.6234
vn -0.7496 -0.0000 0.6619
vn -0.7499 -0.0000 0.6616
vn -0.7819 -0.0000 0.6233
vn -0.7160 -0.0000 0.6981
vn -0.6802 -0.0000 0.7331
vn -0.6430 -0.0000 0.7659
vn -0.6429 -0.0000 0.7660
vn -0.6428 -0.0000 0.7661
vn -0.6425 -0.0000 0.7663
vn -0.6038 -0.0000 0.7972
vn -0.6034 -0.0000 0.7975
vn -0.5633 -0.0000 0.8262
vn -0.5634 -0.0000 0.8262
vn -0.5215 -0.0000 0.8532
vn -0.5214 -0.0000 0.8533
vn -0.5216 -0.0000 0.8532
vn -0.4781 -0.0000 0.8783
vn -0.4783 -0.0000 0.8782
vn -0.4338 -0.0000 0.9010
vn -0.3887 -0.0000 0.9214
vn -0.3882 -0.0000 0.9216
vn -0.3883 -0.0000 0.9215
vn -0.3888 -0.0000 0.9213
vn -0.3420 -0.0000 0.9397
vn -0.2948 -0.0000 0.9556
vn -0.2950 -0.0000 0.9555
vn -0.2470 -0.0000 0.9690
vn -0.2467 -0.0000 0.9691
vn -0.2464 -0.0000 0.9692
vn -0.1983 -0.0000 0.9801
vn -0.1489 -0.0000 0.9889
vn -0.1491 -0.0000 0.9888
vn -0.1495 -0.0000 0.9888
vn -0.0994 -0.0000 0.9950
vn -0.0995 -0.0000 0.9950
vn -0.0502 -0.0000 0.9987
vn -0.0499 -0.0000 0.9988
vn -0.0500 -0.0000 0.9988
vn -0.0000 -0.0000 1.0000
vn 0.0500 -0.0000 0.9988
vn 0.0499 -0.0000 0.9988
vn 0.0502 -0.0000 0.9987
vn 0.0995 -0.0000 0.9950
vn 0.0994 -0.0000 0.9950
vn 0.1495 -0.0000 0.9888
vn 0.1491 -0.0000 0.9888
vn 0.1489 -0.0000 0.9889
vn 0.1983 -0.0000 0.9801
vn 0.2464 -0.0000 0.9692
vn 0.2467 -0.0000 0.9691
vn 0.2470 -0.0000 0.9690
vn 0.2948 -0.0000 0.9556
vn 0.2950 -0.0000 0.9555
vn 0.3420 -0.0000 0.9397
vn 0.3882 -0.0000 0.9216
vn 0.3883 -0.0000 0.9215
vn 0.3887 -0.0000 0.9214
vn 0.3888 -0.0000 0.9213
vn 0.4338 -0.0000 0.9010
vn 0.4783 -0.0000 0.8782
vn 0.4781 -0.0000 0.8783
vn 0.5216 -0.0000 0.8532
vn 0.5211 -0.0000 0.8535
vn 0.5634 -0.0000 0.8262
vn 0.5633 -0.0000 0.8262
vn 0.6034 -0.0000 0.7975
vn 0.6038 -0.0000 0.7972
vn 0.6432 -0.0000 0.7657
vn 0.6425 -0.0000 0.7663
vn 0.6429 -0.0000 0.7660
vn 0.6801 -0.0000 0.7331
vn 0.7160 -0.0000 0.6981
vn 0.7496 -0.0000 0.6618
vn 0.7497 -0.0000 0.6618
vn 0.7496 -0.0000 0.6619
vn 0.7819 -0.0000 0.6234
vn 0.7817 -0.0000 0.6237
vn 0.7819 -0.0000 0.6233
vn 0.8120 -0.0000 0.5836
vn 0.8118 -0.0000 0.5839
vn 0.8121 -0.0000 0.5836
vn 0.8400 -0.0000 0.5426
vn 0.8662 -0.0000 0.4996
vn 0.8659 -0.0000 0.5002
vn 0.8899 -0.0000 0.4562
vn 0.8899 -0.0000 0.4561
vn 0.8898 -0.0000 0.4564
vn 0.9115 -0.0000 0.4114
vn 0.9117 -0.0000 0.4110
vn 0.9113 -0.0000 0.4117
vn 0.9117 -0.0000 0.4109
vn 0.9310 -0.0000 0.3651
vn 0.9309 -0.0000 0.3653
vn 0.9479 -0.0000 0.3185
vn 0.9626 -0.0000 0.2708
vn 0.9626 -0.0000 0.2711
vn 0.9749 -0.0000 0.2224
vn 0.9848 -0.0000 0.1735
vn 0.9848 -0.0000 0.1737
vn 0.9922 -0.0000 0.1243
vn 0.9972 -0.0000 0.0748
vn 0.9997 -0.0000 0.0250
vn 0.9997 -0.0000 0.0249
vn -0.7014 0.7074 0.0878
vn -0.7055 0.7068 0.0529
vn -0.6935 0.7203 0.0173
vn -0.7204 0.6933 0.0180
vn -0.7048 0.7074 0.0528
vn -0.7020 0.7067 0.0879
vn -0.7063 0.7001 0.1048
vn -0.6890 0.7075 0.1573
vn -0.6969 0.7066 0.1229
vn -0.6960 0.7074 0.1228
vn -0.6928 0.7137 0.1028
vn -0.6926 0.7001 0.1735
vn -0.6793 0.7139 0.1702
vn -0.6696 0.7078 0.2250
vn -0.6710 0.7064 0.2255
vn -0.6438 0.7079 0.2904
vn -0.6590 0.7062 0.2587
vn -0.6574 0.7079 0.2582
vn -0.6453 0.7063 0.2912
vn -0.6723 0.7001 0.2405
vn -0.6595 0.7137 0.2359
vn -0.6452 0.7004 0.3053
vn -0.6061 0.7109 0.3566
vn -0.6100 0.7091 0.3538
vn -0.6113 0.7083 0.3531
vn -0.6302 0.7061 0.3229
vn -0.6331 0.7137 0.2995
vn -0.6285 0.7079 0.3222
vn -0.6135 0.7058 0.3541
vn -0.6132 0.7051 0.3561
vn -0.6130 0.7030 0.3606
vn -0.6124 0.7002 0.3669
vn -0.6011 0.7135 0.3601
vn -0.5629 0.7143 0.4159
vn -0.5717 0.7092 0.4125
vn -0.5731 0.7085 0.4119
vn -0.5945 0.7062 0.3845
vn -0.5930 0.7082 0.3832
vn -0.5755 0.7055 0.4137
vn -0.5752 0.7047 0.4155
vn -0.5743 0.7030 0.4195
vn -0.5193 0.7136 0.4703
vn -0.5277 0.7094 0.4671
vn -0.5290 0.7088 0.4666
vn -0.5540 0.7057 0.4416
vn -0.5732 0.7005 0.4251
vn -0.5520 0.7082 0.4401
vn -0.5315 0.7053 0.4691
vn -0.5315 0.7043 0.4707
vn -0.5347 0.7010 0.4719
vn -0.5628 0.7135 0.4174
vn -0.5288 0.7005 0.4792
vn -0.4750 0.7113 0.5181
vn -0.4784 0.7097 0.5171
vn -0.4797 0.7091 0.5168
vn -0.5071 0.7057 0.4948
vn -0.5192 0.7134 0.4706
vn -0.5055 0.7082 0.4929
vn -0.4826 0.7048 0.5199
vn -0.4822 0.7040 0.5214
vn -0.4844 0.7028 0.5210
vn -0.4216 0.7114 0.5623
vn -0.4246 0.7100 0.5618
vn -0.4255 0.7095 0.5617
vn -0.4709 0.7132 0.5193
vn -0.4556 0.7056 0.5427
vn -0.4792 0.7007 0.5286
vn -0.4537 0.7085 0.5406
vn -0.4287 0.7043 0.5659
vn -0.4280 0.7037 0.5671
vn -0.4289 0.7039 0.5662
vn -0.4251 0.7008 0.5729
vn -0.3672 0.7103 0.6005
vn -0.3664 0.7104 0.6009
vn -0.3674 0.7098 0.6010
vn -0.3988 0.7056 0.5857
vn -0.4178 0.7131 0.5630
vn -0.3980 0.7084 0.5829
vn -0.3705 0.7041 0.6058
vn -0.3698 0.7036 0.6068
vn -0.3709 0.7034 0.6063
vn -0.3604 0.7130 0.6014
vn -0.3667 0.7009 0.6118
vn -0.2999 0.7119 0.6350
vn -0.3047 0.7105 0.6344
vn -0.3055 0.7102 0.6342
vn -0.3388 0.7055 0.6225
vn -0.3374 0.7086 0.6197
vn -0.3082 0.7037 0.6402
vn -0.3074 0.7035 0.6407
vn -0.3040 0.7036 0.6423
vn -0.2385 0.7117 0.6608
vn -0.2401 0.7109 0.6610
vn -0.2408 0.7106 0.6611
vn -0.2753 0.7053 0.6532
vn -0.3049 0.7011 0.6446
vn -0.2999 0.7129 0.6340
vn -0.2742 0.7087 0.6500
vn -0.2436 0.7034 0.6678
vn -0.2428 0.7032 0.6683
vn -0.2418 0.7022 0.6697
vn -0.1721 0.7118 0.6810
vn -0.1730 0.7111 0.6814
vn -0.1734 0.7111 0.6814
vn -0.2092 0.7053 0.6773
vn -0.2401 0.7011 0.6714
vn -0.2363 0.7127 0.6604
vn -0.2077 0.7087 0.6743
vn -0.1756 0.7029 0.6892
vn -0.1750 0.7028 0.6895
vn -0.1731 0.7027 0.6901
vn -0.1732 0.7014 0.6914
vn -0.1038 0.7118 0.6946
vn -0.1045 0.7115 0.6949
vn -0.1050 0.7113 0.6950
vn -0.1403 0.7052 0.6950
vn -0.1396 0.7089 0.6914
vn -0.1060 0.7027 0.7036
vn -0.1059 0.7025 0.7037
vn -0.1063 0.7025 0.7037
vn -0.1708 0.7125 0.6806
vn -0.0347 0.7120 0.7013
vn -0.0349 0.7119 0.7014
vn -0.0708 0.7053 0.7054
vn -0.1027 0.7123 0.6943
vn -0.1046 0.7015 0.7050
vn -0.0705 0.7087 0.7020
vn -0.0354 0.7020 0.7113
vn -0.0349 0.7019 0.7115
vn -0.0353 0.7019 0.7114
vn -0.0000 0.7052 0.7090
vn -0.0346 0.7121 0.7012
vn -0.0350 0.7018 0.7116
vn -0.0000 0.7088 0.7054
vn 0.0347 0.7120 0.7013
vn 0.0346 0.7120 0.7013
vn 0.0341 0.7121 0.7013
vn 0.0708 0.7053 0.7054
vn 0.0349 0.7119 0.7014
vn 0.0350 0.7017 0.7116
vn 0.0355 0.7019 0.7114
vn 0.0354 0.7019 0.7114
vn 0.0354 0.7020 0.7113
vn 0.0705 0.7087 0.7020
vn 0.1396 0.7088 0.6914
vn 0.1405 0.7052 0.6950
vn 0.1050 0.7113 0.6950
vn 0.1044 0.7115 0.6949
vn 0.1038 0.7118 0.6947
vn 0.1027 0.7123 0.6943
vn 0.1046 0.7015 0.7049
vn 0.1060 0.7025 0.7037
vn 0.1065 0.7022 0.7039
vn 0.1060 0.7027 0.7035
vn 0.1731 0.7027 0.6901
vn 0.1750 0.7028 0.6895
vn 0.1756 0.7029 0.6892
vn 0.2078 0.7087 0.6743
vn 0.2089 0.7054 0.6773
vn 0.1734 0.7111 0.6814
vn 0.1730 0.7112 0.6814
vn 0.1721 0.7118 0.6810
vn 0.1732 0.7014 0.6914
vn 0.1708 0.7125 0.6806
vn 0.2418 0.7022 0.6697
vn 0.2427 0.7031 0.6683
vn 0.2436 0.7034 0.6678
vn 0.2742 0.7087 0.6500
vn 0.2750 0.7054 0.6532
vn 0.2406 0.7106 0.6612
vn 0.2400 0.7109 0.6610
vn 0.2385 0.7117 0.6608
vn 0.2362 0.7128 0.6604
vn 0.2401 0.7011 0.6714
vn 0.3000 0.7118 0.6351
vn 0.3047 0.7104 0.6344
vn 0.2999 0.7129 0.6340
vn 0.3042 0.7038 0.6420
vn 0.3074 0.7035 0.6407
vn 0.3087 0.7036 0.6401
vn 0.3373 0.7086 0.6197
vn 0.3388 0.7055 0.6225
vn 0.3055 0.7102 0.6342
vn 0.3049 0.7011 0.6446
vn 0.3711 0.7032 0.6064
vn 0.3698 0.7036 0.6068
vn 0.3702 0.7041 0.6059
vn 0.3977 0.7085 0.5830
vn 0.3988 0.7056 0.5857
vn 0.3674 0.7098 0.6009
vn 0.3665 0.7104 0.6009
vn 0.3673 0.7104 0.6003
vn 0.3667 0.7009 0.6118
vn 0.3604 0.7131 0.6014
vn 0.4246 0.7009 0.5731
vn 0.4281 0.7037 0.5670
vn 0.4266 0.7026 0.5695
vn 0.4283 0.7044 0.5660
vn 0.4541 0.7083 0.5405
vn 0.4556 0.7056 0.5427
vn 0.4256 0.7096 0.5616
vn 0.4246 0.7100 0.5619
vn 0.4176 0.7126 0.5638
vn 0.4175 0.7132 0.5630
vn 0.4839 0.7035 0.5205
vn 0.4822 0.7040 0.5214
vn 0.4826 0.7048 0.5200
vn 0.5055 0.7083 0.4928
vn 0.5071 0.7057 0.4948
vn 0.4797 0.7091 0.5168
vn 0.4784 0.7097 0.5171
vn 0.4750 0.7113 0.5181
vn 0.4709 0.7132 0.5193
vn 0.4793 0.7007 0.5286
vn 0.5347 0.7011 0.4718
vn 0.5315 0.7043 0.4707
vn 0.5316 0.7052 0.4691
vn 0.5520 0.7082 0.4402
vn 0.5540 0.7057 0.4416
vn 0.5290 0.7088 0.4666
vn 0.5277 0.7094 0.4671
vn 0.5193 0.7137 0.4701
vn 0.5288 0.7006 0.4792
vn 0.5192 0.7134 0.4706
vn 0.5949 0.7059 0.3843
vn 0.5731 0.7085 0.4119
vn 0.5717 0.7092 0.4126
vn 0.5629 0.7143 0.4159
vn 0.5743 0.7030 0.4195
vn 0.5752 0.7047 0.4154
vn 0.5755 0.7055 0.4137
vn 0.5930 0.7082 0.3832
vn 0.5628 0.7135 0.4174
vn 0.5732 0.7005 0.4251
vn 0.6303 0.7060 0.3229
vn 0.6113 0.7083 0.3530
vn 0.6100 0.7090 0.3538
vn 0.6062 0.7109 0.3566
vn 0.6130 0.7030 0.3606
vn 0.6132 0.7051 0.3561
vn 0.6135 0.7058 0.3541
vn 0.6284 0.7080 0.3222
vn 0.6124 0.7002 0.3670
vn 0.6011 0.7135 0.3601
vn 0.6591 0.7062 0.2586
vn 0.6574 0.7079 0.2581
vn 0.6452 0.7004 0.3053
vn 0.6331 0.7137 0.2995
vn 0.6696 0.7078 0.2250
vn 0.6710 0.7063 0.2255
vn 0.6802 0.7076 0.1914
vn 0.6595 0.7138 0.2359
vn 0.6723 0.7001 0.2405
vn 0.6793 0.7138 0.1702
vn 0.6889 0.7076 0.1572
vn 0.6896 0.7069 0.1576
vn 0.6961 0.7073 0.1227
vn 0.6926 0.7001 0.1735
vn 0.6935 0.7203 0.0173
vn 0.7055 0.7068 0.0529
vn 0.7014 0.7074 0.0878
vn 0.6928 0.7137 0.1028
vn 0.7020 0.7067 0.0879
vn 0.7048 0.7074 0.0528
vn 0.7206 0.6932 0.0180
vn 0.7063 0.7001 0.1048
vn 0.6970 0.0181 -0.7169
vn 0.7072 0.0531 -0.7050
vn 0.7069 0.0876 -0.7019
vn 0.7074 0.1227 -0.6961
vn 0.7063 0.1576 -0.6901
vn 0.7069 0.1037 -0.6996
vn 0.7023 0.1045 -0.7042
vn 0.7022 0.1045 -0.7043
vn 0.7175 0.0171 -0.6964
vn 0.7072 0.0528 -0.7051
vn 0.7073 0.0882 -0.7014
vn 0.7068 0.0347 -0.7066
vn 0.7067 0.0347 -0.7067
vn 0.7067 0.0349 -0.7067
vn 0.7066 0.0346 -0.7068
vn 0.7069 0.1719 -0.6861
vn 0.7025 0.1728 -0.6904
vn 0.7024 0.1728 -0.6905
vn 0.7074 0.1914 -0.6804
vn 0.7065 0.2253 -0.6709
vn 0.7067 0.1225 -0.6968
vn 0.7074 0.1574 -0.6890
vn 0.7064 0.1039 -0.7001
vn 0.7124 0.1029 -0.6942
vn 0.7119 0.1030 -0.6947
vn 0.7076 0.2584 -0.6577
vn 0.7068 0.2382 -0.6661
vn 0.7024 0.2396 -0.6702
vn 0.7020 0.2400 -0.6706
vn 0.7062 0.2909 -0.6455
vn 0.7065 0.1918 -0.6812
vn 0.7074 0.2249 -0.6701
vn 0.7124 0.1707 -0.6807
vn 0.7064 0.1719 -0.6866
vn 0.7119 0.1707 -0.6812
vn 0.7080 0.3225 -0.6283
vn 0.7059 0.3540 -0.6135
vn 0.7066 0.3579 -0.6105
vn 0.7029 0.3651 -0.6104
vn 0.7069 0.3023 -0.6394
vn 0.7024 0.3042 -0.6435
vn 0.7022 0.3044 -0.6437
vn 0.7065 0.2587 -0.6588
vn 0.7116 0.2999 -0.6354
vn 0.7087 0.2934 -0.6416
vn 0.7080 0.2906 -0.6437
vn 0.7123 0.2364 -0.6608
vn 0.7064 0.2384 -0.6664
vn 0.7121 0.2364 -0.6611
vn 0.7026 0.3659 -0.6103
vn 0.7078 0.3834 -0.5933
vn 0.7057 0.4134 -0.5753
vn 0.7063 0.4166 -0.5724
vn 0.7025 0.4231 -0.5723
vn 0.7061 0.3231 -0.6300
vn 0.7121 0.3601 -0.6027
vn 0.7097 0.3550 -0.6085
vn 0.7080 0.3529 -0.6117
vn 0.7064 0.3026 -0.6398
vn 0.7026 0.4238 -0.5716
vn 0.7079 0.4404 -0.5522
vn 0.7055 0.4690 -0.5313
vn 0.7063 0.4713 -0.5282
vn 0.7030 0.4773 -0.5273
vn 0.7060 0.3844 -0.5949
vn 0.7123 0.4174 -0.5643
vn 0.7096 0.4135 -0.5705
vn 0.7080 0.4122 -0.5734
vn 0.7064 0.3640 -0.6071
vn 0.7024 0.4779 -0.5275
vn 0.7080 0.4931 -0.5055
vn 0.7054 0.5196 -0.4821
vn 0.7046 0.5217 -0.4810
vn 0.7026 0.5267 -0.4786
vn 0.7061 0.4415 -0.5536
vn 0.7096 0.4732 -0.5220
vn 0.7093 0.4683 -0.5269
vn 0.7085 0.4672 -0.5289
vn 0.7065 0.4217 -0.5683
vn 0.7068 0.5241 -0.4751
vn 0.7080 0.5410 -0.4541
vn 0.7051 0.5653 -0.4281
vn 0.7056 0.5664 -0.4259
vn 0.7021 0.5710 -0.4254
vn 0.7058 0.4946 -0.5071
vn 0.7125 0.5187 -0.4725
vn 0.7076 0.5197 -0.4788
vn 0.7086 0.5173 -0.4799
vn 0.7066 0.4753 -0.5243
vn 0.7028 0.5712 -0.4240
vn 0.7083 0.5832 -0.3976
vn 0.7046 0.6056 -0.3699
vn 0.7062 0.6054 -0.3671
vn 0.7042 0.6089 -0.3651
vn 0.7117 0.5206 -0.4716
vn 0.7057 0.5426 -0.4555
vn 0.7111 0.5647 -0.4188
vn 0.7098 0.5624 -0.4240
vn 0.7090 0.5622 -0.4258
vn 0.7047 0.6086 -0.3647
vn 0.7082 0.6199 -0.3379
vn 0.7046 0.6394 -0.3078
vn 0.7062 0.6387 -0.3055
vn 0.7037 0.6422 -0.3039
vn 0.7059 0.5853 -0.3989
vn 0.7119 0.6021 -0.3616
vn 0.7103 0.6014 -0.3657
vn 0.7093 0.6016 -0.3675
vn 0.7065 0.5685 -0.4215
vn 0.7064 0.6398 -0.3026
vn 0.7082 0.6506 -0.2741
vn 0.7043 0.6671 -0.2426
vn 0.7054 0.6663 -0.2419
vn 0.7027 0.6698 -0.2401
vn 0.7057 0.6223 -0.3388
vn 0.7112 0.6355 -0.3005
vn 0.7105 0.6345 -0.3043
vn 0.7096 0.6349 -0.3057
vn 0.7065 0.6071 -0.3637
vn 0.7030 0.6696 -0.2394
vn 0.7079 0.6749 -0.2083
vn 0.7041 0.6881 -0.1753
vn 0.7054 0.6869 -0.1750
vn 0.7027 0.6900 -0.1736
vn 0.7064 0.6399 -0.3026
vn 0.7058 0.6528 -0.2752
vn 0.7110 0.6621 -0.2369
vn 0.7106 0.6615 -0.2397
vn 0.7099 0.6619 -0.2407
vn 0.7049 0.6881 -0.1723
vn 0.7082 0.6921 -0.1398
vn 0.7037 0.7026 -0.1059
vn 0.7047 0.7015 -0.1066
vn 0.7030 0.7034 -0.1048
vn 0.7066 0.6663 -0.2383
vn 0.7058 0.6769 -0.2089
vn 0.7117 0.6813 -0.1712
vn 0.7107 0.6819 -0.1729
vn 0.7101 0.6823 -0.1737
vn 0.7049 0.7016 -0.1041
vn 0.7084 0.7023 -0.0703
vn 0.7035 0.7098 -0.0355
vn 0.7051 0.7083 -0.0349
vn 0.7032 0.7101 -0.0352
vn 0.7066 0.6864 -0.1719
vn 0.7056 0.6945 -0.1405
vn 0.7113 0.6952 -0.1036
vn 0.7109 0.6955 -0.1045
vn 0.7107 0.6956 -0.1049
vn 0.7050 0.7083 -0.0348
vn 0.7083 0.7059 -0.0000
vn 0.7066 0.6999 -0.1038
vn 0.7056 0.7051 -0.0707
vn 0.7107 0.7026 -0.0348
vn 0.7108 0.7025 -0.0349
vn 0.7104 0.7029 -0.0350
vn 0.7068 0.7066 0.0347
vn 0.7033 0.7100 0.0355
vn 0.7034 0.7099 0.0352
vn 0.7035 0.7098 0.0355
vn 0.7081 0.7026 0.0705
vn 0.7066 0.7067 -0.0348
vn 0.7057 0.7085 -0.0000
vn 0.7084 0.6918 0.1399
vn 0.7069 0.6996 0.1041
vn 0.7035 0.7028 0.1053
vn 0.7036 0.7029 0.1045
vn 0.7036 0.7027 0.1059
vn 0.7110 0.7023 0.0348
vn 0.7106 0.7027 0.0360
vn 0.7089 0.7045 0.0346
vn 0.7106 0.7028 0.0350
vn 0.7058 0.7049 0.0707
vn 0.7027 0.6900 0.1734
vn 0.7036 0.6888 0.1745
vn 0.7042 0.6881 0.1751
vn 0.7081 0.6747 0.2082
vn 0.7068 0.6862 0.1720
vn 0.7087 0.6974 0.1067
vn 0.7106 0.6957 0.1048
vn 0.7108 0.6956 0.1041
vn 0.7058 0.6944 0.1403
vn 0.7089 0.6977 0.1035
vn 0.7031 0.6695 0.2397
vn 0.7041 0.6675 0.2423
vn 0.7043 0.6670 0.2431
vn 0.7081 0.6507 0.2743
vn 0.7067 0.6662 0.2383
vn 0.7111 0.6822 0.1701
vn 0.7086 0.6836 0.1749
vn 0.7098 0.6826 0.1738
vn 0.7117 0.6812 0.1717
vn 0.7056 0.6772 0.2088
vn 0.7024 0.6427 0.3058
vn 0.7039 0.6406 0.3069
vn 0.7046 0.6393 0.3078
vn 0.7083 0.6199 0.3377
vn 0.7069 0.6395 0.3024
vn 0.7099 0.6619 0.2407
vn 0.7083 0.6634 0.2415
vn 0.7105 0.6627 0.2369
vn 0.7054 0.6531 0.2753
vn 0.7113 0.6621 0.2361
vn 0.7025 0.6100 0.3667
vn 0.7041 0.6068 0.3689
vn 0.7049 0.6052 0.3699
vn 0.7079 0.5836 0.3979
vn 0.7068 0.6067 0.3638
vn 0.7114 0.6356 0.2998
vn 0.7078 0.6368 0.3058
vn 0.7119 0.6345 0.3010
vn 0.7096 0.6349 0.3057
vn 0.7059 0.6220 0.3388
vn 0.7027 0.5711 0.4243
vn 0.7047 0.5668 0.4268
vn 0.7052 0.5652 0.4281
vn 0.7081 0.5408 0.4540
vn 0.7067 0.5683 0.4215
vn 0.7120 0.6019 0.3616
vn 0.7073 0.6042 0.3671
vn 0.7092 0.6047 0.3625
vn 0.7092 0.6016 0.3676
vn 0.7059 0.5852 0.3990
vn 0.7022 0.5267 0.4790
vn 0.7045 0.5221 0.4808
vn 0.7053 0.5199 0.4819
vn 0.7079 0.4930 0.5058
vn 0.7069 0.5242 0.4749
vn 0.7116 0.5644 0.4183
vn 0.7080 0.5641 0.4249
vn 0.7121 0.5635 0.4189
vn 0.7089 0.5622 0.4259
vn 0.7058 0.5427 0.4554
vn 0.7026 0.4772 0.5278
vn 0.7047 0.4716 0.5301
vn 0.7056 0.4689 0.5312
vn 0.7076 0.4405 0.5524
vn 0.7069 0.4749 0.5241
vn 0.7119 0.5204 0.4716
vn 0.7075 0.5199 0.4787
vn 0.7086 0.5173 0.4799
vn 0.7126 0.5185 0.4725
vn 0.7058 0.4946 0.5072
vn 0.7029 0.4233 0.5717
vn 0.7049 0.4167 0.5740
vn 0.7058 0.4135 0.5753
vn 0.7076 0.3834 0.5936
vn 0.7068 0.4214 0.5681
vn 0.7120 0.4710 0.5208
vn 0.7071 0.4703 0.5280
vn 0.7119 0.4717 0.5204
vn 0.7086 0.4669 0.5291
vn 0.7059 0.4415 0.5538
vn 0.7026 0.3649 0.6109
vn 0.7050 0.3579 0.6123
vn 0.7061 0.3543 0.6131
vn 0.7079 0.3221 0.6286
vn 0.7068 0.3637 0.6067
vn 0.7083 0.4121 0.5732
vn 0.7070 0.4162 0.5719
vn 0.7120 0.4178 0.5644
vn 0.7061 0.3840 0.5949
vn 0.7119 0.4186 0.5639
vn 0.7023 0.3032 0.6441
vn 0.7053 0.2954 0.6444
vn 0.7063 0.2913 0.6452
vn 0.7074 0.2579 0.6581
vn 0.7069 0.3024 0.6395
vn 0.7102 0.3619 0.6038
vn 0.7067 0.3579 0.6103
vn 0.7119 0.3611 0.6023
vn 0.7079 0.3533 0.6115
vn 0.7063 0.3229 0.6300
vn 0.7064 0.2254 0.6710
vn 0.7073 0.1919 0.6803
vn 0.7070 0.2382 0.6659
vn 0.7026 0.2397 0.6700
vn 0.7024 0.2399 0.6702
vn 0.7068 0.2955 0.6427
vn 0.7109 0.3005 0.6359
vn 0.7120 0.3002 0.6348
vn 0.7078 0.2906 0.6438
vn 0.7066 0.2583 0.6588
vn 0.7066 0.1570 0.6899
vn 0.7073 0.1228 0.6961
vn 0.7070 0.1719 0.6860
vn 0.7024 0.1731 0.6904
vn 0.7023 0.1730 0.6906
vn 0.7120 0.2365 0.6612
vn 0.7064 0.2385 0.6664
vn 0.7123 0.2364 0.6609
vn 0.7075 0.2253 0.6699
vn 0.7066 0.1913 0.6813
vn 0.7071 0.0882 0.7016
vn 0.7072 0.0531 0.7050
vn 0.6968 0.0175 0.7171
vn 0.7068 0.1037 0.6998
vn 0.7024 0.1045 0.7041
vn 0.7023 0.1045 0.7042
vn 0.7064 0.1721 0.6866
vn 0.7125 0.1704 0.6807
vn 0.7122 0.1709 0.6809
vn 0.7075 0.1574 0.6890
vn 0.7067 0.1230 0.6967
vn 0.7066 0.0346 0.7068
vn 0.7067 0.0347 0.7067
vn 0.7067 0.0348 0.7066
vn 0.7126 0.1029 0.6940
vn 0.7063 0.1039 0.7003
vn 0.7122 0.1028 0.6944
vn 0.7072 0.0878 0.7016
vn 0.7066 0.0528 0.7056
vn 0.7173 0.0175 0.6965
vn 0.7067 0.0344 0.7067
vn 0.6971 0.0181 -0.7168
vn 0.7070 0.0876 -0.7018
vn 0.7070 0.1036 -0.6996
vn 0.7023 0.1044 -0.7042
vn 0.7174 0.0171 -0.6964
vn 0.7070 0.0528 -0.7052
vn 0.7071 0.0882 -0.7016
vn 0.7067 0.0346 -0.7067
vn 0.7069 0.1225 -0.6966
vn 0.7074 0.1574 -0.6891
vn 0.7065 0.1038 -0.7001
vn 0.7122 0.1029 -0.6943
vn 0.7120 0.1029 -0.6946
vn 0.7068 0.2383 -0.6661
vn 0.7024 0.2398 -0.6702
vn 0.7077 0.2584 -0.6575
vn 0.7061 0.2909 -0.6456
vn 0.7066 0.1918 -0.6811
vn 0.7064 0.1719 -0.6867
vn 0.7119 0.1708 -0.6812
vn 0.7077 0.3226 -0.6285
vn 0.7061 0.3538 -0.6133
vn 0.7065 0.3579 -0.6105
vn 0.7029 0.3650 -0.6105
vn 0.7115 0.3000 -0.6354
vn 0.7080 0.2906 -0.6436
vn 0.7027 0.3659 -0.6102
vn 0.7077 0.3833 -0.5935
vn 0.7058 0.4135 -0.5752
vn 0.7062 0.4167 -0.5724
vn 0.7024 0.4232 -0.5724
vn 0.7061 0.3231 -0.6301
vn 0.7120 0.3602 -0.6027
vn 0.7081 0.3530 -0.6116
vn 0.7077 0.4405 -0.5524
vn 0.7060 0.3844 -0.5948
vn 0.7123 0.4173 -0.5644
vn 0.7080 0.4122 -0.5735
vn 0.7064 0.3639 -0.6071
vn 0.7080 0.4932 -0.5054
vn 0.7053 0.5196 -0.4823
vn 0.7028 0.5266 -0.4783
vn 0.7094 0.4733 -0.5223
vn 0.7085 0.4672 -0.5290
vn 0.7066 0.4216 -0.5684
vn 0.7080 0.5409 -0.4541
vn 0.7052 0.5652 -0.4281
vn 0.7055 0.5664 -0.4260
vn 0.7020 0.5710 -0.4256
vn 0.7076 0.5197 -0.4787
vn 0.7086 0.5173 -0.4798
vn 0.7065 0.4753 -0.5243
vn 0.7028 0.5713 -0.4238
vn 0.7050 0.6053 -0.3696
vn 0.7063 0.6054 -0.3670
vn 0.7057 0.5426 -0.4556
vn 0.7110 0.5648 -0.4188
vn 0.7098 0.5625 -0.4241
vn 0.7090 0.5621 -0.4258
vn 0.7046 0.6394 -0.3079
vn 0.7065 0.5684 -0.4215
vn 0.7057 0.5855 -0.3990
vn 0.7104 0.6038 -0.3617
vn 0.7103 0.6014 -0.3659
vn 0.7094 0.6014 -0.3675
vn 0.7064 0.6398 -0.3027
vn 0.7043 0.6671 -0.2428
vn 0.7029 0.6696 -0.2399
vn 0.7057 0.6222 -0.3388
vn 0.7104 0.6346 -0.3043
vn 0.7096 0.6348 -0.3057
vn 0.7065 0.6071 -0.3638
vn 0.7031 0.6695 -0.2397
vn 0.7082 0.6746 -0.2081
vn 0.7040 0.6882 -0.1754
vn 0.7052 0.6871 -0.1751
vn 0.7027 0.6899 -0.1740
vn 0.7064 0.6399 -0.3025
vn 0.7110 0.6621 -0.2368
vn 0.7031 0.7034 -0.1048
vn 0.7066 0.6663 -0.2384
vn 0.7115 0.6815 -0.1711
vn 0.7099 0.6825 -0.1737
vn 0.7085 0.7022 -0.0703
vn 0.7066 0.6864 -0.1718
vn 0.7105 0.6958 -0.1049
vn 0.7066 0.6999 -0.1039
vn 0.7104 0.7029 -0.0351
vn 0.7068 0.7065 0.0346
vn 0.7033 0.7100 0.0354
vn 0.7081 0.7026 0.0704
vn 0.7066 0.7068 -0.0347
vn 0.7069 0.6996 0.1040
vn 0.7035 0.7029 0.1053
vn 0.7107 0.7026 0.0355
vn 0.7106 0.7028 0.0351
vn 0.7027 0.6900 0.1735
vn 0.7106 0.6957 0.1049
vn 0.7087 0.6974 0.1068
vn 0.7110 0.6954 0.1043
vn 0.7033 0.6693 0.2396
vn 0.7043 0.6670 0.2428
vn 0.7067 0.6661 0.2384
vn 0.7116 0.6813 0.1715
vn 0.7086 0.6836 0.1750
vn 0.7098 0.6826 0.1739
vn 0.7025 0.6427 0.3058
vn 0.7047 0.6393 0.3078
vn 0.7083 0.6199 0.3376
vn 0.7069 0.6394 0.3025
vn 0.7103 0.6628 0.2370
vn 0.7114 0.6617 0.2368
vn 0.7056 0.6529 0.2753
vn 0.7024 0.6100 0.3668
vn 0.7050 0.6052 0.3699
vn 0.7068 0.6068 0.3637
vn 0.7115 0.6355 0.2999
vn 0.7096 0.6349 0.3056
vn 0.7057 0.6221 0.3390
vn 0.7040 0.5704 0.4232
vn 0.7048 0.5667 0.4268
vn 0.7051 0.5653 0.4281
vn 0.7080 0.5409 0.4540
vn 0.7067 0.5682 0.4215
vn 0.7074 0.6041 0.3671
vn 0.7104 0.6038 0.3617
vn 0.7116 0.6027 0.3612
vn 0.7094 0.6014 0.3675
vn 0.7057 0.5855 0.3990
vn 0.7025 0.5267 0.4787
vn 0.7057 0.5215 0.4797
vn 0.7055 0.5197 0.4819
vn 0.7029 0.5271 0.4776
vn 0.7066 0.5243 0.4752
vn 0.7089 0.5623 0.4258
vn 0.7121 0.5634 0.4189
vn 0.7061 0.5425 0.4551
vn 0.7116 0.5643 0.4184
vn 0.7062 0.4712 0.5284
vn 0.7079 0.4404 0.5522
vn 0.7026 0.4779 0.5273
vn 0.7100 0.5177 0.4774
vn 0.7086 0.5173 0.4798
vn 0.7065 0.4752 0.5245
vn 0.7024 0.4233 0.5722
vn 0.7049 0.4168 0.5739
vn 0.7061 0.4134 0.5749
vn 0.7075 0.3833 0.5937
vn 0.7068 0.4215 0.5682
vn 0.7097 0.4679 0.5267
vn 0.7119 0.4711 0.5208
vn 0.7061 0.4415 0.5536
vn 0.7033 0.3649 0.6102
vn 0.7058 0.3544 0.6134
vn 0.7076 0.3222 0.6288
vn 0.7069 0.3636 0.6067
vn 0.7082 0.4123 0.5731
vn 0.7120 0.4177 0.5644
vn 0.7062 0.3840 0.5949
vn 0.7119 0.4184 0.5640
vn 0.7026 0.3033 0.6437
vn 0.7068 0.2960 0.6426
vn 0.7062 0.2913 0.6453
vn 0.7075 0.2579 0.6579
vn 0.7024 0.3043 0.6435
vn 0.7064 0.3026 0.6398
vn 0.7081 0.3533 0.6114
vn 0.7100 0.3621 0.6040
vn 0.7059 0.3232 0.6302
vn 0.7119 0.3612 0.6023
vn 0.7064 0.2253 0.6710
vn 0.7023 0.2399 0.6702
vn 0.7079 0.2906 0.6438
vn 0.7091 0.2933 0.6412
vn 0.7108 0.3005 0.6359
vn 0.7024 0.1730 0.6904
vn 0.7020 0.1731 0.6909
vn 0.7119 0.2367 0.6612
vn 0.7066 0.1914 0.6812
vn 0.7069 0.1037 0.6997
vn 0.7025 0.1044 0.7040
vn 0.7071 0.0881 0.7016
vn 0.6969 0.0175 0.7170
vn 0.7120 0.1707 0.6811
vn 0.7071 0.1574 0.6894
vn 0.7068 0.0348 0.7066
vn 0.7065 0.0344 0.7069
vn 0.7124 0.1029 0.6942
vn 0.7062 0.1039 0.7003
vn 0.7066 0.0528 0.7057
vn 0.7174 0.0175 0.6964
vn -0.6969 0.0175 0.7170
vn -0.7071 0.0530 0.7051
vn -0.7071 0.0882 0.7016
vn -0.7071 0.1228 0.6963
vn -0.7067 0.1571 0.6898
vn -0.7069 0.1038 0.6997
vn -0.7023 0.1045 0.7042
vn -0.7024 0.1045 0.7041
vn -0.7175 0.0175 0.6963
vn -0.7066 0.0528 0.7056
vn -0.7069 0.0879 0.7019
vn -0.7066 0.0347 0.7067
vn -0.7067 0.0348 0.7067
vn -0.7065 0.0344 0.7069
vn -0.7067 0.0348 0.7066
vn -0.7070 0.1719 0.6861
vn -0.7024 0.1731 0.6904
vn -0.7022 0.1731 0.6907
vn -0.7075 0.1919 0.6802
vn -0.7064 0.2254 0.6710
vn -0.7067 0.1230 0.6967
vn -0.7073 0.1574 0.6892
vn -0.7064 0.1039 0.7002
vn -0.7126 0.1029 0.6940
vn -0.7123 0.1032 0.6942
vn -0.7075 0.2579 0.6579
vn -0.7062 0.2914 0.6453
vn -0.7067 0.2959 0.6426
vn -0.7025 0.3033 0.6439
vn -0.7070 0.2383 0.6658
vn -0.7023 0.2401 0.6701
vn -0.7021 0.2399 0.6704
vn -0.7067 0.1914 0.6812
vn -0.7077 0.2253 0.6697
vn -0.7125 0.1704 0.6807
vn -0.7064 0.1720 0.6865
vn -0.7120 0.1706 0.6812
vn -0.7077 0.3222 0.6288
vn -0.7025 0.3044 0.6433
vn -0.7060 0.3544 0.6132
vn -0.7066 0.3581 0.6103
vn -0.7026 0.3650 0.6108
vn -0.7066 0.2583 0.6588
vn -0.7115 0.3000 0.6355
vn -0.7093 0.2932 0.6411
vn -0.7080 0.2905 0.6437
vn -0.7123 0.2364 0.6609
vn -0.7065 0.2384 0.6664
vn -0.7120 0.2364 0.6612
vn -0.7024 0.3662 0.6103
vn -0.7078 0.3832 0.5934
vn -0.7059 0.4135 0.5751
vn -0.7063 0.4167 0.5723
vn -0.7024 0.4233 0.5722
vn -0.7063 0.3230 0.6300
vn -0.7109 0.3615 0.6033
vn -0.7090 0.3555 0.6091
vn -0.7082 0.3531 0.6113
vn -0.7064 0.3026 0.6398
vn -0.7026 0.4241 0.5714
vn -0.7079 0.4404 0.5523
vn -0.7057 0.4688 0.5312
vn -0.7063 0.4712 0.5283
vn -0.7026 0.4771 0.5278
vn -0.7062 0.3839 0.5949
vn -0.7120 0.4178 0.5644
vn -0.7095 0.4137 0.5705
vn -0.7083 0.4121 0.5732
vn -0.7065 0.3638 0.6071
vn -0.7027 0.4779 0.5272
vn -0.7079 0.4931 0.5058
vn -0.7054 0.5198 0.4819
vn -0.7057 0.5215 0.4796
vn -0.7024 0.5267 0.4787
vn -0.7062 0.4414 0.5536
vn -0.7120 0.4709 0.5208
vn -0.7099 0.4678 0.5264
vn -0.7086 0.4669 0.5291
vn -0.7065 0.4218 0.5684
vn -0.7028 0.5272 0.4776
vn -0.7081 0.5408 0.4540
vn -0.7052 0.5652 0.4280
vn -0.7062 0.5661 0.4253
vn -0.7034 0.5708 0.4235
vn -0.7058 0.4946 0.5072
vn -0.7123 0.5193 0.4721
vn -0.7097 0.5178 0.4777
vn -0.7085 0.5174 0.4799
vn -0.7065 0.4753 0.5244
vn -0.7028 0.5712 0.4240
vn -0.7082 0.5833 0.3977
vn -0.7049 0.6052 0.3699
vn -0.7057 0.6055 0.3678
vn -0.7026 0.6099 0.3666
vn -0.7066 0.5243 0.4752
vn -0.7061 0.5425 0.4551
vn -0.7111 0.5648 0.4188
vn -0.7104 0.5623 0.4232
vn -0.7093 0.5619 0.4257
vn -0.7029 0.6100 0.3658
vn -0.7081 0.6201 0.3377
vn -0.7047 0.6393 0.3078
vn -0.7050 0.6396 0.3066
vn -0.7025 0.6428 0.3055
vn -0.7064 0.5685 0.4216
vn -0.7057 0.5854 0.3990
vn -0.7107 0.6035 0.3616
vn -0.7102 0.6014 0.3660
vn -0.7093 0.6015 0.3675
vn -0.7030 0.6429 0.3041
vn -0.7082 0.6505 0.2744
vn -0.7043 0.6670 0.2428
vn -0.7059 0.6659 0.2415
vn -0.7033 0.6693 0.2397
vn -0.7058 0.6221 0.3389
vn -0.7121 0.6341 0.3015
vn -0.7105 0.6345 0.3044
vn -0.7096 0.6349 0.3057
vn -0.7066 0.6069 0.3637
vn -0.7029 0.6696 0.2399
vn -0.7081 0.6747 0.2082
vn -0.7042 0.6881 0.1751
vn -0.7050 0.6873 0.1751
vn -0.7027 0.6900 0.1735
vn -0.7066 0.6397 0.3025
vn -0.7058 0.6528 0.2752
vn -0.7117 0.6612 0.2372
vn -0.7107 0.6615 0.2395
vn -0.7096 0.6622 0.2409
vn -0.7032 0.6897 0.1728
vn -0.7083 0.6919 0.1399
vn -0.7036 0.7027 0.1059
vn -0.7037 0.7025 0.1057
vn -0.7036 0.7029 0.1045
vn -0.7066 0.6663 0.2383
vn -0.7056 0.6771 0.2088
vn -0.7117 0.6812 0.1717
vn -0.7107 0.6819 0.1729
vn -0.7100 0.6824 0.1738
vn -0.7036 0.7029 0.1041
vn -0.7084 0.7023 0.0703
vn -0.7035 0.7098 0.0355
vn -0.7036 0.7097 0.0360
vn -0.7034 0.7099 0.0352
vn -0.7066 0.6864 0.1718
vn -0.7058 0.6944 0.1403
vn -0.7108 0.6956 0.1041
vn -0.7108 0.6957 0.1043
vn -0.7107 0.6957 0.1048
vn -0.7035 0.7098 0.0349
vn -0.7083 0.7060 -0.0000
vn -0.7066 0.7000 0.1038
vn -0.7058 0.7049 0.0707
vn -0.7110 0.7023 0.0348
vn -0.7108 0.7025 0.0349
vn -0.7108 0.7025 0.0351
vn -0.7067 0.7066 -0.0347
vn -0.7035 0.7098 -0.0353
vn -0.7033 0.7100 -0.0352
vn -0.7034 0.7099 -0.0355
vn -0.7084 0.7023 -0.0702
vn -0.7066 0.7068 0.0348
vn -0.7057 0.7085 -0.0000
vn -0.7082 0.6920 -0.1398
vn -0.7068 0.6998 -0.1038
vn -0.7035 0.7029 -0.1054
vn -0.7031 0.7033 -0.1048
vn -0.7039 0.7023 -0.1060
vn -0.7087 0.7046 -0.0347
vn -0.7107 0.7026 -0.0348
vn -0.7109 0.7024 -0.0348
vn -0.7104 0.7029 -0.0350
vn -0.7056 0.7051 -0.0707
vn -0.7027 0.6900 -0.1736
vn -0.7037 0.6887 -0.1748
vn -0.7041 0.6881 -0.1753
vn -0.7079 0.6749 -0.2083
vn -0.7067 0.6863 -0.1720
vn -0.7109 0.6955 -0.1041
vn -0.7095 0.6966 -0.1065
vn -0.7110 0.6956 -0.1031
vn -0.7103 0.6960 -0.1049
vn -0.7059 0.6943 -0.1403
vn -0.7042 0.6684 -0.2394
vn -0.7038 0.6679 -0.2420
vn -0.7042 0.6672 -0.2429
vn -0.7083 0.6505 -0.2741
vn -0.7068 0.6660 -0.2384
vn -0.7116 0.6813 -0.1717
vn -0.7086 0.6836 -0.1749
vn -0.7089 0.6841 -0.1714
vn -0.7100 0.6824 -0.1737
vn -0.7056 0.6771 -0.2089
vn -0.7035 0.6424 -0.3041
vn -0.7039 0.6405 -0.3070
vn -0.7046 0.6393 -0.3080
vn -0.7082 0.6199 -0.3378
vn -0.7068 0.6395 -0.3025
vn -0.7110 0.6621 -0.2369
vn -0.7080 0.6637 -0.2414
vn -0.7112 0.6620 -0.2364
vn -0.7099 0.6619 -0.2407
vn -0.7058 0.6528 -0.2752
vn -0.7043 0.6088 -0.3651
vn -0.7045 0.6065 -0.3686
vn -0.7046 0.6056 -0.3699
vn -0.7067 0.6069 -0.3637
vn -0.7083 0.5832 -0.3976
vn -0.7096 0.6348 -0.3057
vn -0.7081 0.6365 -0.3058
vn -0.7112 0.6355 -0.3006
vn -0.7057 0.6222 -0.3388
vn -0.7113 0.6355 -0.3003
vn -0.7021 0.5710 -0.4255
vn -0.7043 0.5672 -0.4270
vn -0.7053 0.5651 -0.4280
vn -0.7069 0.5681 -0.4215
vn -0.7079 0.5409 -0.4542
vn -0.7104 0.6038 -0.3617
vn -0.7077 0.6036 -0.3671
vn -0.7115 0.6027 -0.3612
vn -0.7097 0.6012 -0.3673
vn -0.7061 0.5852 -0.3988
vn -0.7031 0.5265 -0.4779
vn -0.7047 0.5217 -0.4809
vn -0.7052 0.5197 -0.4823
vn -0.7080 0.4932 -0.5055
vn -0.7068 0.5241 -0.4752
vn -0.7120 0.5635 -0.4189
vn -0.7076 0.5645 -0.4250
vn -0.7117 0.5640 -0.4188
vn -0.7089 0.5622 -0.4259
vn -0.7059 0.5425 -0.4554
vn -0.7026 0.4774 -0.5277
vn -0.7047 0.4716 -0.5301
vn -0.7056 0.4689 -0.5313
vn -0.7078 0.4405 -0.5523
vn -0.7069 0.4751 -0.5240
vn -0.7077 0.5196 -0.4787
vn -0.7117 0.5207 -0.4716
vn -0.7088 0.5172 -0.4798
vn -0.7125 0.5187 -0.4725
vn -0.7058 0.4946 -0.5072
vn -0.7022 0.4231 -0.5726
vn -0.7061 0.4166 -0.5726
vn -0.7059 0.4135 -0.5751
vn -0.7080 0.3832 -0.5932
vn -0.7027 0.4238 -0.5715
vn -0.7071 0.4707 -0.5278
vn -0.7084 0.4672 -0.5290
vn -0.7110 0.4722 -0.5210
vn -0.7062 0.4415 -0.5536
vn -0.7118 0.4720 -0.5201
vn -0.7066 0.4216 -0.5684
vn -0.7031 0.3651 -0.6103
vn -0.7065 0.3578 -0.6106
vn -0.7061 0.3538 -0.6134
vn -0.7079 0.3225 -0.6284
vn -0.7027 0.3659 -0.6102
vn -0.7094 0.4136 -0.5706
vn -0.7064 0.3639 -0.6071
vn -0.7084 0.4120 -0.5731
vn -0.7111 0.4188 -0.5648
vn -0.7060 0.3843 -0.5949
vn -0.7062 0.2910 -0.6455
vn -0.7079 0.2583 -0.6574
vn -0.7069 0.3025 -0.6394
vn -0.7025 0.3044 -0.6433
vn -0.7021 0.3044 -0.6437
vn -0.7116 0.3607 -0.6030
vn -0.7096 0.3550 -0.6086
vn -0.7079 0.3530 -0.6117
vn -0.7062 0.3231 -0.6301
vn -0.7067 0.2383 -0.6661
vn -0.7025 0.2397 -0.6701
vn -0.7020 0.2399 -0.6706
vn -0.7065 0.2253 -0.6709
vn -0.7074 0.1914 -0.6804
vn -0.7120 0.3002 -0.6348
vn -0.7066 0.2957 -0.6429
vn -0.7120 0.2994 -0.6351
vn -0.7078 0.2906 -0.6439
vn -0.7065 0.2586 -0.6588
vn -0.7065 0.1576 -0.6900
vn -0.7074 0.1227 -0.6961
vn -0.7025 0.1728 -0.6903
vn -0.7069 0.1719 -0.6860
vn -0.7021 0.1729 -0.6908
vn -0.7121 0.2364 -0.6611
vn -0.7063 0.2384 -0.6666
vn -0.7064 0.1719 -0.6867
vn -0.7124 0.2364 -0.6607
vn -0.7075 0.2249 -0.6699
vn -0.7065 0.1918 -0.6812
vn -0.7069 0.0877 -0.7018
vn -0.7071 0.0530 -0.7051
vn -0.6973 0.0181 -0.7165
vn -0.7069 0.1038 -0.6996
vn -0.7022 0.1045 -0.7042
vn -0.7022 0.1045 -0.7043
vn -0.7119 0.1708 -0.6812
vn -0.7124 0.1707 -0.6807
vn -0.7076 0.1574 -0.6889
vn -0.7069 0.1225 -0.6967
vn -0.7067 0.0348 -0.7066
vn -0.7066 0.0347 -0.7067
vn -0.7066 0.0347 -0.7068
vn -0.7121 0.1030 -0.6945
vn -0.7064 0.1039 -0.7001
vn -0.7124 0.1029 -0.6942
vn -0.7072 0.0882 -0.7015
vn -0.7072 0.0528 -0.7051
vn -0.7174 0.0171 -0.6965
vn -0.7070 0.0349 -0.7063
vn -0.6968 0.0175 0.7170
vn -0.7074 0.0530 0.7049
vn -0.7068 0.0882 0.7019
vn -0.7066 0.1570 0.6899
vn -0.7023 0.1044 0.7042
vn -0.7022 0.1045 0.7043
vn -0.7174 0.0175 0.6964
vn -0.7069 0.0528 0.7053
vn -0.7073 0.0878 0.7014
vn -0.7066 0.0347 0.7068
vn -0.7066 0.0344 0.7068
vn -0.7024 0.1730 0.6904
vn -0.7022 0.1731 0.6906
vn -0.7064 0.2253 0.6710
vn -0.7074 0.1574 0.6891
vn -0.7063 0.1039 0.7003
vn -0.7124 0.1029 0.6942
vn -0.7122 0.1031 0.6943
vn -0.7070 0.2382 0.6658
vn -0.7023 0.2400 0.6701
vn -0.7024 0.2398 0.6702
vn -0.7075 0.2579 0.6580
vn -0.7061 0.2914 0.6453
vn -0.7026 0.3033 0.6437
vn -0.7067 0.1914 0.6811
vn -0.7064 0.1721 0.6865
vn -0.7078 0.3222 0.6287
vn -0.7058 0.3544 0.6134
vn -0.7031 0.3649 0.6104
vn -0.7114 0.3000 0.6355
vn -0.7080 0.2905 0.6436
vn -0.7024 0.3658 0.6106
vn -0.7079 0.3831 0.5934
vn -0.7065 0.4167 0.5721
vn -0.7024 0.4233 0.5723
vn -0.7062 0.3230 0.6300
vn -0.7107 0.3617 0.6034
vn -0.7089 0.3555 0.6091
vn -0.7080 0.3533 0.6115
vn -0.7065 0.3026 0.6398
vn -0.7025 0.4241 0.5714
vn -0.7080 0.4403 0.5521
vn -0.7063 0.4712 0.5284
vn -0.7063 0.3839 0.5948
vn -0.7121 0.4177 0.5644
vn -0.7082 0.4123 0.5731
vn -0.7078 0.4931 0.5059
vn -0.7055 0.5198 0.4818
vn -0.7023 0.5267 0.4789
vn -0.7061 0.4414 0.5536
vn -0.7120 0.4710 0.5208
vn -0.7098 0.4679 0.5265
vn -0.7065 0.4217 0.5684
vn -0.7028 0.5271 0.4777
vn -0.7081 0.5409 0.4540
vn -0.7050 0.5654 0.4281
vn -0.7063 0.5660 0.4252
vn -0.7123 0.5193 0.4722
vn -0.7085 0.5174 0.4800
vn -0.7065 0.4752 0.5245
vn -0.7028 0.5714 0.4237
vn -0.7050 0.6052 0.3699
vn -0.7057 0.6056 0.3679
vn -0.7024 0.6100 0.3669
vn -0.7057 0.5428 0.4554
vn -0.7110 0.5649 0.4188
vn -0.7093 0.5620 0.4256
vn -0.7083 0.6199 0.3377
vn -0.7024 0.6428 0.3057
vn -0.7104 0.6037 0.3617
vn -0.7102 0.6014 0.3659
vn -0.7093 0.6015 0.3676
vn -0.7064 0.5686 0.4216
vn -0.7030 0.6430 0.3040
vn -0.7043 0.6671 0.2427
vn -0.7032 0.6694 0.2397
vn -0.7058 0.6221 0.3390
vn -0.7121 0.6340 0.3016
vn -0.7096 0.6348 0.3057
vn -0.7065 0.6070 0.3639
vn -0.7030 0.6698 0.2392
vn -0.7083 0.6745 0.2081
vn -0.7050 0.6872 0.1751
vn -0.7066 0.6397 0.3024
vn -0.7118 0.6611 0.2372
vn -0.7106 0.6615 0.2396
vn -0.7032 0.6897 0.1726
vn -0.7038 0.7025 0.1058
vn -0.7036 0.7029 0.1044
vn -0.7066 0.6663 0.2384
vn -0.7116 0.6813 0.1715
vn -0.7036 0.7029 0.1043
vn -0.7080 0.7027 0.0704
vn -0.7035 0.7097 0.0359
vn -0.7106 0.6957 0.1049
vn -0.7035 0.7098 0.0348
vn -0.7066 0.6999 0.1040
vn -0.7108 0.7025 0.0348
vn -0.7068 0.7066 -0.0346
vn -0.7035 0.7098 -0.0352
vn -0.7087 0.7020 -0.0703
vn -0.7066 0.7068 0.0347
vn -0.7083 0.6919 -0.1398
vn -0.7067 0.6998 -0.1039
vn -0.7035 0.7028 -0.1054
vn -0.7108 0.7025 -0.0351
vn -0.7110 0.7024 -0.0348
vn -0.7109 0.7024 -0.0344
vn -0.7027 0.6899 -0.1740
vn -0.7052 0.6870 -0.1752
vn -0.7041 0.6881 -0.1754
vn -0.7082 0.6746 -0.2081
vn -0.7049 0.6881 -0.1724
vn -0.7103 0.6960 -0.1048
vn -0.7093 0.6968 -0.1066
vn -0.7104 0.6961 -0.1037
vn -0.7110 0.6955 -0.1037
vn -0.7066 0.6864 -0.1719
vn -0.7042 0.6684 -0.2393
vn -0.7044 0.6670 -0.2428
vn -0.7068 0.6660 -0.2383
vn -0.7107 0.6819 -0.1728
vn -0.7116 0.6813 -0.1716
vn -0.7033 0.6425 -0.3041
vn -0.7040 0.6405 -0.3070
vn -0.7046 0.6393 -0.3078
vn -0.7082 0.6199 -0.3379
vn -0.7067 0.6396 -0.3024
vn -0.7111 0.6621 -0.2368
vn -0.7113 0.6618 -0.2368
vn -0.7049 0.6053 -0.3697
vn -0.7067 0.6068 -0.3638
vn -0.7095 0.6349 -0.3057
vn -0.7058 0.6222 -0.3388
vn -0.7020 0.5709 -0.4256
vn -0.7079 0.5410 -0.4541
vn -0.7068 0.5682 -0.4213
vn -0.7115 0.6026 -0.3614
vn -0.7077 0.6036 -0.3672
vn -0.7104 0.6037 -0.3617
vn -0.7093 0.6015 -0.3676
vn -0.7057 0.5854 -0.3990
vn -0.7030 0.5265 -0.4780
vn -0.7047 0.5216 -0.4809
vn -0.7052 0.5197 -0.4822
vn -0.7068 0.5241 -0.4751
vn -0.7117 0.5643 -0.4184
vn -0.7121 0.5635 -0.4188
vn -0.7089 0.5622 -0.4258
vn -0.7059 0.5424 -0.4555
vn -0.7078 0.4404 -0.5523
vn -0.7087 0.5172 -0.4798
vn -0.7125 0.5188 -0.4725
vn -0.7117 0.5203 -0.4719
vn -0.7021 0.4231 -0.5727
vn -0.7060 0.4167 -0.5726
vn -0.7079 0.3831 -0.5934
vn -0.7028 0.4238 -0.5714
vn -0.7118 0.4716 -0.5204
vn -0.7088 0.4670 -0.5287
vn -0.7109 0.4723 -0.5211
vn -0.7061 0.4414 -0.5536
vn -0.7066 0.4215 -0.5684
vn -0.7028 0.3650 -0.6106
vn -0.7064 0.3579 -0.6106
vn -0.7061 0.3538 -0.6133
vn -0.7078 0.3226 -0.6284
vn -0.7095 0.4136 -0.5706
vn -0.7083 0.4119 -0.5732
vn -0.7112 0.4186 -0.5647
vn -0.7061 0.3843 -0.5948
vn -0.7061 0.2909 -0.6455
vn -0.7078 0.2583 -0.6575
vn -0.7026 0.3043 -0.6432
vn -0.7096 0.3550 -0.6087
vn -0.7114 0.3609 -0.6030
vn -0.7061 0.3230 -0.6301
vn -0.7068 0.2383 -0.6661
vn -0.7026 0.2396 -0.6701
vn -0.7020 0.2399 -0.6705
vn -0.7120 0.2995 -0.6352
vn -0.7120 0.3003 -0.6347
vn -0.7079 0.2906 -0.6438
vn -0.7063 0.1576 -0.6901
vn -0.7069 0.1719 -0.6861
vn -0.7025 0.1727 -0.6905
vn -0.7066 0.1918 -0.6811
vn -0.7067 0.0877 -0.7021
vn -0.7070 0.1037 -0.6996
vn -0.7022 0.1044 -0.7042
vn -0.7073 0.0530 -0.7049
vn -0.6973 0.0180 -0.7166
vn -0.7120 0.1709 -0.6810
vn -0.7063 0.1720 -0.6867
vn -0.7074 0.1574 -0.6890
vn -0.7066 0.1225 -0.6969
vn -0.7068 0.0348 -0.7066
vn -0.7067 0.0347 -0.7067
vn -0.7070 0.0349 -0.7064
vn -0.7122 0.1029 -0.6943
vn -0.7122 0.1031 -0.6944
vn -0.7067 0.0528 -0.7055
vn -0.7174 0.0171 -0.6964
vn -0.9972 -0.0000 0.0747
vn -0.9848 -0.0000 0.1738
vn -0.9750 -0.0000 0.2224
vn -0.9627 -0.0000 0.2706
vn -0.9626 -0.0000 0.2708
vn -0.9625 -0.0000 0.2712
vn -0.9480 -0.0000 0.3184
vn -0.9479 -0.0000 0.3187
vn -0.9309 -0.0000 0.3652
vn -0.9308 -0.0000 0.3655
vn -0.9116 -0.0000 0.4112
vn -0.8898 -0.0000 0.4563
vn -0.8662 -0.0000 0.4998
vn -0.8400 -0.0000 0.5425
vn -0.8399 -0.0000 0.5428
vn -0.8398 -0.0000 0.5429
vn -0.8118 -0.0000 0.5840
vn -0.8121 -0.0000 0.5835
vn -0.8120 -0.0000 0.5836
vn -0.8119 -0.0000 0.5838
vn -0.7818 -0.0000 0.6235
vn -0.7498 -0.0000 0.6617
vn -0.7500 -0.0000 0.6615
vn -0.7156 -0.0000 0.6985
vn -0.7159 -0.0000 0.6982
vn -0.6801 -0.0000 0.7331
vn -0.6804 -0.0000 0.7329
vn -0.6032 -0.0000 0.7976
vn -0.6036 -0.0000 0.7973
vn -0.6038 -0.0000 0.7971
vn -0.6039 -0.0000 0.7971
vn -0.5632 -0.0000 0.8263
vn -0.5635 -0.0000 0.8261
vn -0.5636 -0.0000 0.8260
vn -0.5213 -0.0000 0.8534
vn -0.4786 -0.0000 0.8780
vn -0.4336 -0.0000 0.9011
vn -0.4337 -0.0000 0.9011
vn -0.4341 -0.0000 0.9009
vn -0.3885 -0.0000 0.9215
vn -0.3427 -0.0000 0.9395
vn -0.3425 -0.0000 0.9395
vn -0.3423 -0.0000 0.9396
vn -0.3422 -0.0000 0.9396
vn -0.2944 -0.0000 0.9557
vn -0.2468 -0.0000 0.9691
vn -0.2469 -0.0000 0.9690
vn -0.2465 -0.0000 0.9691
vn -0.1978 -0.0000 0.9802
vn -0.1980 -0.0000 0.9802
vn -0.1979 -0.0000 0.9802
vn -0.0998 -0.0000 0.9950
vn -0.0996 -0.0000 0.9950
vn -0.0501 -0.0000 0.9987
vn 0.0501 -0.0000 0.9987
vn 0.0996 -0.0000 0.9950
vn 0.0998 -0.0000 0.9950
vn 0.1980 -0.0000 0.9802
vn 0.1978 -0.0000 0.9802
vn 0.1979 -0.0000 0.9802
vn 0.2469 -0.0000 0.9690
vn 0.2465 -0.0000 0.9691
vn 0.2468 -0.0000 0.9691
vn 0.2944 -0.0000 0.9557
vn 0.3423 -0.0000 0.9396
vn 0.3425 -0.0000 0.9395
vn 0.3427 -0.0000 0.9395
vn 0.3422 -0.0000 0.9396
vn 0.3884 -0.0000 0.9215
vn 0.4337 -0.0000 0.9011
vn 0.4341 -0.0000 0.9009
vn 0.4336 -0.0000 0.9011
vn 0.4782 -0.0000 0.8782
vn 0.5213 -0.0000 0.8534
vn 0.5635 -0.0000 0.8261
vn 0.5632 -0.0000 0.8263
vn 0.5631 -0.0000 0.8264
vn 0.6039 -0.0000 0.7971
vn 0.6035 -0.0000 0.7974
vn 0.6032 -0.0000 0.7976
vn 0.6429 -0.0000 0.7659
vn 0.6804 -0.0000 0.7328
vn 0.6801 -0.0000 0.7332
vn 0.7159 -0.0000 0.6982
vn 0.7156 -0.0000 0.6985
vn 0.7500 -0.0000 0.6615
vn 0.7498 -0.0000 0.6617
vn 0.7818 -0.0000 0.6235
vn 0.8399 -0.0000 0.5428
vn 0.8400 -0.0000 0.5425
vn 0.8398 -0.0000 0.5429
vn 0.8661 -0.0000 0.5000
vn 0.8659 -0.0000 0.5001
vn 0.8900 -0.0000 0.4559
vn 0.9116 -0.0000 0.4111
vn 0.9115 -0.0000 0.4113
vn 0.9309 -0.0000 0.3652
vn 0.9308 -0.0000 0.3655
vn 0.9478 -0.0000 0.3187
vn 0.9479 -0.0000 0.3184
vn 0.9480 -0.0000 0.3184
vn 0.9627 -0.0000 0.2707
vn 0.9627 -0.0000 0.2706
vn 0.9625 -0.0000 0.2712
vn 0.9750 -0.0000 0.2224
vn 0.9848 -0.0000 0.1736
vn 0.9972 -0.0000 0.0747
vn -0.0000 -0.0000 -1.0000
vn 1.0000 -0.0000 -0.0000
vn 0.7069 0.0001 -0.7073
vn 0.7071 -0.0000 -0.7071
vn -0.0000 -1.0000 -0.0000
vn 1.0000 -0.0001 -0.0000
vn 1.0000 0.0001 -0.0000
vn -0.0000 1.0000 -0.0001
vn -0.0000 1.0000 0.0001
vn -0.0000 1.0000 0.0002
vn -0.0000 1.0000 -0.0002
vn -0.0000 1.0000 -0.0003
vn -1.0000 -0.0000 -0.0000
vn 0.9997 -0.0000 -0.0249
vn 0.9972 -0.0000 -0.0747
vn 0.9922 -0.0000 -0.1243
vn 0.9848 -0.0000 -0.1736
vn 0.9848 -0.0000 -0.1737
vn 0.9750 -0.0000 -0.2224
vn 0.9627 -0.0000 -0.2706
vn 0.9626 -0.0000 -0.2708
vn 0.9627 -0.0000 -0.2707
vn 0.9625 -0.0000 -0.2712
vn 0.9479 -0.0000 -0.3184
vn 0.9478 -0.0000 -0.3187
vn 0.9309 -0.0000 -0.3652
vn 0.9308 -0.0000 -0.3655
vn 0.9480 -0.0000 -0.3184
vn 0.9115 -0.0000 -0.4113
vn 0.9116 -0.0000 -0.4111
vn 0.8899 -0.0000 -0.4562
vn 0.8900 -0.0000 -0.4559
vn 0.8661 -0.0000 -0.5000
vn 0.8898 -0.0000 -0.4564
vn 0.8402 -0.0000 -0.5423
vn 0.8399 -0.0000 -0.5428
vn 0.8120 -0.0000 -0.5836
vn 0.8118 -0.0000 -0.5839
vn 0.7818 -0.0000 -0.6235
vn 0.7498 -0.0000 -0.6617
vn 0.7500 -0.0000 -0.6615
vn 0.7156 -0.0000 -0.6985
vn 0.7159 -0.0000 -0.6982
vn 0.6801 -0.0000 -0.7332
vn 0.6801 -0.0000 -0.7331
vn 0.6804 -0.0000 -0.7328
vn 0.6427 -0.0000 -0.7662
vn 0.6427 -0.0000 -0.7661
vn 0.6429 -0.0000 -0.7659
vn 0.6039 -0.0000 -0.7971
vn 0.5631 -0.0000 -0.8264
vn 0.5635 -0.0000 -0.8261
vn 0.5632 -0.0000 -0.8263
vn 0.5213 -0.0000 -0.8534
vn 0.4782 -0.0000 -0.8782
vn 0.4783 -0.0000 -0.8782
vn 0.4336 -0.0000 -0.9011
vn 0.4341 -0.0000 -0.9009
vn 0.4337 -0.0000 -0.9011
vn 0.3884 -0.0000 -0.9215
vn 0.3417 -0.0000 -0.9398
vn 0.3422 -0.0000 -0.9396
vn 0.2948 -0.0000 -0.9555
vn 0.2950 -0.0000 -0.9555
vn 0.2468 -0.0000 -0.9691
vn 0.2465 -0.0000 -0.9691
vn 0.2469 -0.0000 -0.9690
vn 0.1978 -0.0000 -0.9802
vn 0.1980 -0.0000 -0.9802
vn 0.1979 -0.0000 -0.9802
vn 0.1491 -0.0000 -0.9888
vn 0.1485 -0.0000 -0.9889
vn 0.0996 -0.0000 -0.9950
vn 0.0506 -0.0000 -0.9987
vn 0.0501 -0.0000 -0.9987
vn -0.0506 -0.0000 -0.9987
vn -0.0501 -0.0000 -0.9987
vn -0.0996 -0.0000 -0.9950
vn -0.1491 -0.0000 -0.9888
vn -0.1485 -0.0000 -0.9889
vn -0.1979 -0.0000 -0.9802
vn -0.1980 -0.0000 -0.9802
vn -0.1978 -0.0000 -0.9802
vn -0.2469 -0.0000 -0.9690
vn -0.2465 -0.0000 -0.9691
vn -0.2468 -0.0000 -0.9691
vn -0.2950 -0.0000 -0.9555
vn -0.2948 -0.0000 -0.9555
vn -0.3422 -0.0000 -0.9396
vn -0.3417 -0.0000 -0.9398
vn -0.3885 -0.0000 -0.9215
vn -0.4341 -0.0000 -0.9009
vn -0.4337 -0.0000 -0.9011
vn -0.4336 -0.0000 -0.9011
vn -0.4783 -0.0000 -0.8782
vn -0.4781 -0.0000 -0.8783
vn -0.4786 -0.0000 -0.8780
vn -0.5213 -0.0000 -0.8534
vn -0.5635 -0.0000 -0.8261
vn -0.5636 -0.0000 -0.8260
vn -0.5632 -0.0000 -0.8263
vn -0.6039 -0.0000 -0.7971
vn -0.6430 -0.0000 -0.7659
vn -0.6429 -0.0000 -0.7659
vn -0.6427 -0.0000 -0.7661
vn -0.6801 -0.0000 -0.7331
vn -0.6804 -0.0000 -0.7329
vn -0.7156 -0.0000 -0.6985
vn -0.7159 -0.0000 -0.6982
vn -0.7500 -0.0000 -0.6615
vn -0.7498 -0.0000 -0.6617
vn -0.7818 -0.0000 -0.6235
vn -0.8120 -0.0000 -0.5836
vn -0.8118 -0.0000 -0.5840
vn -0.8121 -0.0000 -0.5835
vn -0.8119 -0.0000 -0.5838
vn -0.8402 -0.0000 -0.5423
vn -0.8399 -0.0000 -0.5428
vn -0.8659 -0.0000 -0.5003
vn -0.8658 -0.0000 -0.5004
vn -0.8899 -0.0000 -0.4561
vn -0.8898 -0.0000 -0.4563
vn -0.9115 -0.0000 -0.4114
vn -0.9116 -0.0000 -0.4112
vn -0.9309 -0.0000 -0.3652
vn -0.9308 -0.0000 -0.3655
vn -0.9480 -0.0000 -0.3184
vn -0.9479 -0.0000 -0.3187
vn -0.9625 -0.0000 -0.2712
vn -0.9627 -0.0000 -0.2707
vn -0.9626 -0.0000 -0.2708
vn -0.9627 -0.0000 -0.2706
vn -0.9750 -0.0000 -0.2224
vn -0.9848 -0.0000 -0.1738
vn -0.9848 -0.0000 -0.1737
vn -0.9922 -0.0000 -0.1243
vn -0.9972 -0.0000 -0.0747
vn -0.9997 -0.0000 -0.0249
vn 0.9749 -0.0000 -0.2226
vn 0.5634 -0.0000 -0.8262
vn 0.5636 -0.0000 -0.8260
vn -0.9749 -0.0000 -0.2226
vn -0.0000 0.7071 0.7071
vn -0.0000 0.7071 0.7072
vn -0.0000 0.7071 -0.7071
vn -0.0000 0.7070 -0.7072
vn -0.0000 0.7071 -0.7072
vn 0.7071 0.7071 -0.0000
vn 0.7070 0.7072 -0.0000
vn 0.7072 -0.0000 0.7071
vn 0.7071 -0.0000 0.7071
vn -0.7071 -0.0000 0.7071
vn -0.7071 0.7071 -0.0000
vn -0.7070 0.7072 -0.0000
vn 0.5774 0.5773 0.5773
vn -0.5773 0.5774 0.5774
vn -0.5774 0.5774 0.5773
vn -0.5774 0.5773 0.5773
vn -0.6972 -0.0181 -0.7167
vn -0.7071 -0.0530 -0.7051
vn -0.7070 -0.0876 -0.7018
vn -0.7075 -0.1228 -0.6959
vn -0.7066 -0.1575 -0.6899
vn -0.7070 -0.1038 -0.6995
vn -0.7023 -0.1046 -0.7042
vn -0.7018 -0.1046 -0.7046
vn -0.7175 -0.0171 -0.6964
vn -0.7070 -0.0528 -0.7052
vn -0.7074 -0.0882 -0.7013
vn -0.7066 -0.0347 -0.7068
vn -0.7067 -0.0347 -0.7067
vn -0.7065 -0.0349 -0.7069
vn -0.7066 -0.0349 -0.7067
vn -0.7070 -0.1719 -0.6860
vn -0.7025 -0.1727 -0.6904
vn -0.7025 -0.1728 -0.6904
vn -0.7072 -0.1915 -0.6806
vn -0.7065 -0.2253 -0.6709
vn -0.7068 -0.1225 -0.6967
vn -0.7075 -0.1574 -0.6889
vn -0.7065 -0.1039 -0.7001
vn -0.7123 -0.1029 -0.6943
vn -0.7120 -0.1029 -0.6945
vn -0.7068 -0.2383 -0.6660
vn -0.7024 -0.2398 -0.6701
vn -0.7020 -0.2399 -0.6706
vn -0.7077 -0.2583 -0.6576
vn -0.7063 -0.2909 -0.6454
vn -0.7064 -0.1918 -0.6813
vn -0.7075 -0.2249 -0.6699
vn -0.7124 -0.1707 -0.6807
vn -0.7063 -0.1719 -0.6867
vn -0.7119 -0.1708 -0.6812
vn -0.7080 -0.3225 -0.6283
vn -0.7059 -0.3540 -0.6135
vn -0.7065 -0.3579 -0.6106
vn -0.7028 -0.3651 -0.6106
vn -0.7070 -0.3024 -0.6394
vn -0.7024 -0.3043 -0.6434
vn -0.7022 -0.3044 -0.6436
vn -0.7064 -0.2587 -0.6589
vn -0.7114 -0.3000 -0.6355
vn -0.7087 -0.2934 -0.6416
vn -0.7080 -0.2905 -0.6437
vn -0.7126 -0.2363 -0.6605
vn -0.7065 -0.2384 -0.6664
vn -0.7120 -0.2365 -0.6611
vn -0.7027 -0.3659 -0.6102
vn -0.7077 -0.3832 -0.5936
vn -0.7058 -0.4136 -0.5752
vn -0.7063 -0.4166 -0.5724
vn -0.7024 -0.4232 -0.5724
vn -0.7061 -0.3230 -0.6301
vn -0.7120 -0.3603 -0.6027
vn -0.7097 -0.3550 -0.6085
vn -0.7081 -0.3529 -0.6116
vn -0.7065 -0.3026 -0.6398
vn -0.7026 -0.4239 -0.5715
vn -0.7078 -0.4404 -0.5523
vn -0.7055 -0.4689 -0.5313
vn -0.7063 -0.4713 -0.5283
vn -0.7029 -0.4773 -0.5273
vn -0.7061 -0.3844 -0.5947
vn -0.7123 -0.4173 -0.5644
vn -0.7096 -0.4135 -0.5705
vn -0.7079 -0.4121 -0.5736
vn -0.7064 -0.3640 -0.6071
vn -0.7025 -0.4777 -0.5276
vn -0.7079 -0.4933 -0.5056
vn -0.7053 -0.5196 -0.4822
vn -0.7061 -0.5212 -0.4794
vn -0.7026 -0.5267 -0.4785
vn -0.7061 -0.4414 -0.5537
vn -0.7092 -0.4734 -0.5224
vn -0.7093 -0.4683 -0.5269
vn -0.7085 -0.4672 -0.5289
vn -0.7065 -0.4216 -0.5684
vn -0.7027 -0.5270 -0.4780
vn -0.7080 -0.5410 -0.4540
vn -0.7051 -0.5652 -0.4281
vn -0.7056 -0.5663 -0.4259
vn -0.7022 -0.5710 -0.4253
vn -0.7060 -0.4944 -0.5071
vn -0.7125 -0.5187 -0.4725
vn -0.7100 -0.5177 -0.4774
vn -0.7088 -0.5172 -0.4797
vn -0.7065 -0.4753 -0.5243
vn -0.7028 -0.5714 -0.4237
vn -0.7083 -0.5832 -0.3977
vn -0.7049 -0.6053 -0.3697
vn -0.7062 -0.6054 -0.3671
vn -0.7043 -0.6089 -0.3651
vn -0.7065 -0.5243 -0.4753
vn -0.7057 -0.5426 -0.4556
vn -0.7110 -0.5649 -0.4188
vn -0.7098 -0.5625 -0.4241
vn -0.7093 -0.5619 -0.4257
vn -0.7047 -0.6086 -0.3647
vn -0.7082 -0.6199 -0.3378
vn -0.7046 -0.6393 -0.3078
vn -0.7060 -0.6387 -0.3058
vn -0.7035 -0.6424 -0.3040
vn -0.7065 -0.5684 -0.4216
vn -0.7057 -0.5854 -0.3991
vn -0.7104 -0.6037 -0.3617
vn -0.7102 -0.6014 -0.3659
vn -0.7093 -0.6015 -0.3676
vn -0.7046 -0.6414 -0.3035
vn -0.7084 -0.6504 -0.2741
vn -0.7043 -0.6671 -0.2427
vn -0.7053 -0.6663 -0.2419
vn -0.7028 -0.6697 -0.2400
vn -0.7058 -0.6222 -0.3388
vn -0.7112 -0.6355 -0.3006
vn -0.7104 -0.6346 -0.3044
vn -0.7096 -0.6349 -0.3057
vn -0.7065 -0.6071 -0.3638
vn -0.7031 -0.6696 -0.2393
vn -0.7081 -0.6747 -0.2081
vn -0.7041 -0.6881 -0.1754
vn -0.7052 -0.6870 -0.1752
vn -0.7028 -0.6898 -0.1739
vn -0.7065 -0.6397 -0.3028
vn -0.7058 -0.6528 -0.2752
vn -0.7112 -0.6619 -0.2369
vn -0.7106 -0.6615 -0.2397
vn -0.7099 -0.6618 -0.2408
vn -0.7049 -0.6881 -0.1724
vn -0.7083 -0.6919 -0.1398
vn -0.7039 -0.7023 -0.1058
vn -0.7046 -0.7015 -0.1066
vn -0.7030 -0.7034 -0.1050
vn -0.7066 -0.6663 -0.2383
vn -0.7058 -0.6769 -0.2087
vn -0.7114 -0.6817 -0.1711
vn -0.7107 -0.6819 -0.1729
vn -0.7099 -0.6825 -0.1739
vn -0.7049 -0.7016 -0.1041
vn -0.7084 -0.7023 -0.0702
vn -0.7035 -0.7098 -0.0355
vn -0.7034 -0.7099 -0.0352
vn -0.7033 -0.7100 -0.0352
vn -0.7066 -0.6864 -0.1720
vn -0.7059 -0.6943 -0.1404
vn -0.7113 -0.6952 -0.1035
vn -0.7109 -0.6955 -0.1043
vn -0.7103 -0.6960 -0.1049
vn -0.7068 -0.7066 -0.0347
vn -0.7083 -0.7060 -0.0000
vn -0.7066 -0.7000 -0.1038
vn -0.7056 -0.7051 -0.0704
vn -0.7110 -0.7024 -0.0348
vn -0.7087 -0.7046 -0.0347
vn -0.7108 -0.7025 -0.0351
vn -0.7034 -0.7099 0.0348
vn -0.7051 -0.7083 0.0348
vn -0.7032 -0.7101 0.0352
vn -0.7034 -0.7099 0.0354
vn -0.7084 -0.7023 0.0703
vn -0.7088 -0.7045 -0.0346
vn -0.7066 -0.7068 0.0347
vn -0.7057 -0.7085 -0.0000
vn -0.7070 -0.6996 0.1036
vn -0.7035 -0.7029 0.1053
vn -0.7033 -0.7030 0.1052
vn -0.7037 -0.7026 0.1058
vn -0.7083 -0.6919 0.1399
vn -0.7108 -0.7025 0.0351
vn -0.7108 -0.7025 0.0348
vn -0.7056 -0.7051 0.0706
vn -0.7029 -0.6899 0.1732
vn -0.7036 -0.6889 0.1745
vn -0.7042 -0.6881 0.1753
vn -0.7082 -0.6746 0.2081
vn -0.7068 -0.6862 0.1719
vn -0.7087 -0.6974 0.1068
vn -0.7107 -0.6957 0.1048
vn -0.7109 -0.6956 0.1033
vn -0.7057 -0.6945 0.1404
vn -0.7111 -0.6955 0.1029
vn -0.7032 -0.6694 0.2397
vn -0.7040 -0.6676 0.2423
vn -0.7043 -0.6671 0.2427
vn -0.7083 -0.6505 0.2743
vn -0.7067 -0.6662 0.2383
vn -0.7100 -0.6824 0.1739
vn -0.7086 -0.6836 0.1749
vn -0.7115 -0.6814 0.1714
vn -0.7056 -0.6772 0.2087
vn -0.7111 -0.6818 0.1715
vn -0.7024 -0.6427 0.3059
vn -0.7052 -0.6393 0.3065
vn -0.7047 -0.6393 0.3078
vn -0.7081 -0.6201 0.3377
vn -0.7029 -0.6431 0.3040
vn -0.7110 -0.6621 0.2368
vn -0.7084 -0.6632 0.2415
vn -0.7113 -0.6619 0.2365
vn -0.7065 -0.6397 0.3027
vn -0.7099 -0.6618 0.2408
vn -0.7058 -0.6528 0.2752
vn -0.7024 -0.6099 0.3669
vn -0.7059 -0.6054 0.3677
vn -0.7050 -0.6051 0.3698
vn -0.7082 -0.5833 0.3977
vn -0.7028 -0.6102 0.3656
vn -0.7105 -0.6346 0.3043
vn -0.7065 -0.6070 0.3639
vn -0.7096 -0.6348 0.3058
vn -0.7119 -0.6344 0.3011
vn -0.7058 -0.6221 0.3390
vn -0.7041 -0.5702 0.4232
vn -0.7047 -0.5667 0.4269
vn -0.7052 -0.5652 0.4281
vn -0.7081 -0.5409 0.4539
vn -0.7067 -0.5683 0.4214
vn -0.7104 -0.6037 0.3617
vn -0.7102 -0.6014 0.3659
vn -0.7093 -0.6015 0.3676
vn -0.7057 -0.5854 0.3991
vn -0.7023 -0.5267 0.4789
vn -0.7056 -0.5215 0.4797
vn -0.7055 -0.5198 0.4818
vn -0.7078 -0.4930 0.5059
vn -0.7029 -0.5270 0.4777
vn -0.7121 -0.5635 0.4188
vn -0.7080 -0.5641 0.4249
vn -0.7116 -0.5643 0.4185
vn -0.7066 -0.5244 0.4752
vn -0.7089 -0.5622 0.4259
vn -0.7058 -0.5427 0.4553
vn -0.7026 -0.4772 0.5279
vn -0.7046 -0.4716 0.5302
vn -0.7056 -0.4689 0.5313
vn -0.7080 -0.4403 0.5521
vn -0.7069 -0.4748 0.5242
vn -0.7088 -0.5172 0.4797
vn -0.7100 -0.5177 0.4774
vn -0.7127 -0.5185 0.4725
vn -0.7058 -0.4945 0.5073
vn -0.7025 -0.4233 0.5722
vn -0.7049 -0.4167 0.5740
vn -0.7061 -0.4134 0.5749
vn -0.7079 -0.3831 0.5934
vn -0.7068 -0.4215 0.5681
vn -0.7072 -0.4704 0.5279
vn -0.7084 -0.4670 0.5293
vn -0.7120 -0.4710 0.5207
vn -0.7119 -0.4715 0.5206
vn -0.7061 -0.4414 0.5537
vn -0.7031 -0.3649 0.6103
vn -0.7050 -0.3578 0.6123
vn -0.7061 -0.3543 0.6132
vn -0.7075 -0.3223 0.6290
vn -0.7069 -0.3637 0.6067
vn -0.7081 -0.4122 0.5732
vn -0.7070 -0.4161 0.5719
vn -0.7121 -0.4176 0.5644
vn -0.7062 -0.3840 0.5948
vn -0.7119 -0.4183 0.5641
vn -0.7029 -0.3033 0.6434
vn -0.7053 -0.2954 0.6444
vn -0.7060 -0.2915 0.6454
vn -0.7075 -0.2579 0.6580
vn -0.7069 -0.3024 0.6394
vn -0.7101 -0.3620 0.6039
vn -0.7067 -0.3579 0.6103
vn -0.7119 -0.3610 0.6024
vn -0.7080 -0.3533 0.6115
vn -0.7062 -0.3230 0.6301
vn -0.7064 -0.2253 0.6710
vn -0.7073 -0.1919 0.6803
vn -0.7045 -0.2391 0.6682
vn -0.7070 -0.2382 0.6659
vn -0.7024 -0.2398 0.6702
vn -0.7120 -0.3001 0.6348
vn -0.7068 -0.2955 0.6427
vn -0.7108 -0.3005 0.6359
vn -0.7065 -0.2384 0.6663
vn -0.7078 -0.2906 0.6439
vn -0.7065 -0.2583 0.6589
vn -0.7065 -0.1570 0.6901
vn -0.7071 -0.1228 0.6964
vn -0.7070 -0.1717 0.6861
vn -0.7024 -0.1730 0.6904
vn -0.7023 -0.1731 0.6905
vn -0.7121 -0.2365 0.6611
vn -0.7124 -0.2364 0.6607
vn -0.7075 -0.2253 0.6699
vn -0.7069 -0.1914 0.6810
vn -0.7068 -0.0882 0.7019
vn -0.7072 -0.0530 0.7050
vn -0.6969 -0.0176 0.7169
vn -0.7068 -0.1038 0.6997
vn -0.7025 -0.1046 0.7040
vn -0.7023 -0.1045 0.7042
vn -0.7064 -0.1720 0.6866
vn -0.7124 -0.1704 0.6807
vn -0.7122 -0.1705 0.6810
vn -0.7072 -0.1575 0.6893
vn -0.7066 -0.1230 0.6969
vn -0.7063 -0.1039 0.7003
vn -0.7066 -0.0346 0.7067
vn -0.7066 -0.0345 0.7068
vn -0.7067 -0.0348 0.7066
vn -0.7125 -0.1029 0.6941
vn -0.7122 -0.1029 0.6944
vn -0.7071 -0.0878 0.7016
vn -0.7066 -0.0528 0.7057
vn -0.7175 -0.0175 0.6963
vn -0.7065 -0.0344 0.7069
vn -0.6969 -0.0182 -0.7170
vn -0.7071 -0.0530 -0.7052
vn -0.7067 -0.0877 -0.7020
vn -0.7074 -0.1228 -0.6961
vn -0.7063 -0.1576 -0.6901
vn -0.7022 -0.1045 -0.7043
vn -0.7174 -0.0171 -0.6964
vn -0.7071 -0.0882 -0.7016
vn -0.7066 -0.0347 -0.7067
vn -0.7068 -0.0349 -0.7066
vn -0.7024 -0.1728 -0.6905
vn -0.7073 -0.1915 -0.6805
vn -0.7064 -0.2253 -0.6710
vn -0.7076 -0.1574 -0.6888
vn -0.7068 -0.2383 -0.6661
vn -0.7025 -0.2397 -0.6701
vn -0.7077 -0.2583 -0.6575
vn -0.7062 -0.2909 -0.6455
vn -0.7067 -0.1918 -0.6810
vn -0.7119 -0.1707 -0.6812
vn -0.7064 -0.1719 -0.6866
vn -0.7079 -0.3226 -0.6284
vn -0.7061 -0.3538 -0.6134
vn -0.7067 -0.3579 -0.6104
vn -0.7033 -0.3650 -0.6101
vn -0.7070 -0.3024 -0.6393
vn -0.7024 -0.3044 -0.6434
vn -0.7063 -0.2586 -0.6590
vn -0.7118 -0.2997 -0.6353
vn -0.7088 -0.2934 -0.6415
vn -0.7078 -0.2906 -0.6438
vn -0.7124 -0.2364 -0.6608
vn -0.7064 -0.2385 -0.6664
vn -0.7120 -0.2366 -0.6611
vn -0.7025 -0.3662 -0.6103
vn -0.7077 -0.3833 -0.5935
vn -0.7062 -0.3230 -0.6300
vn -0.7120 -0.3601 -0.6028
vn -0.7094 -0.3551 -0.6089
vn -0.7064 -0.3027 -0.6399
vn -0.7029 -0.4773 -0.5274
vn -0.7025 -0.4776 -0.5276
vn -0.7079 -0.4932 -0.5055
vn -0.7053 -0.5196 -0.4823
vn -0.7061 -0.5211 -0.4794
vn -0.7028 -0.5266 -0.4783
vn -0.7062 -0.4414 -0.5536
vn -0.7095 -0.4733 -0.5221
vn -0.7084 -0.4672 -0.5290
vn -0.7027 -0.5272 -0.4778
vn -0.7080 -0.5409 -0.4540
vn -0.7053 -0.5651 -0.4280
vn -0.7042 -0.5672 -0.4270
vn -0.7021 -0.5710 -0.4255
vn -0.7126 -0.5186 -0.4725
vn -0.7086 -0.5173 -0.4798
vn -0.7069 -0.5681 -0.4213
vn -0.7083 -0.5832 -0.3978
vn -0.7046 -0.6056 -0.3697
vn -0.7042 -0.6089 -0.3650
vn -0.7072 -0.5650 -0.4250
vn -0.7059 -0.5424 -0.4555
vn -0.7111 -0.5648 -0.4188
vn -0.7060 -0.6388 -0.3058
vn -0.7057 -0.5854 -0.3992
vn -0.7102 -0.6039 -0.3618
vn -0.7103 -0.6014 -0.3659
vn -0.7093 -0.6015 -0.3675
vn -0.7118 -0.5640 -0.4186
vn -0.7046 -0.6414 -0.3034
vn -0.7080 -0.6508 -0.2742
vn -0.7043 -0.6670 -0.2428
vn -0.7051 -0.6666 -0.2420
vn -0.7028 -0.6696 -0.2401
vn -0.7112 -0.6355 -0.3005
vn -0.7104 -0.6346 -0.3043
vn -0.7096 -0.6348 -0.3057
vn -0.7032 -0.6694 -0.2396
vn -0.7082 -0.6746 -0.2081
vn -0.7040 -0.6882 -0.1754
vn -0.7055 -0.6868 -0.1751
vn -0.7064 -0.6398 -0.3026
vn -0.7111 -0.6619 -0.2369
vn -0.7099 -0.6618 -0.2409
vn -0.7086 -0.6917 -0.1396
vn -0.7113 -0.6817 -0.1711
vn -0.7107 -0.6819 -0.1727
vn -0.7102 -0.6822 -0.1737
vn -0.7066 -0.6662 -0.2384
vn -0.7034 -0.7099 -0.0353
vn -0.7036 -0.7097 -0.0355
vn -0.7033 -0.7101 -0.0348
vn -0.7066 -0.6864 -0.1721
vn -0.7058 -0.6943 -0.1405
vn -0.7113 -0.6952 -0.1036
vn -0.7109 -0.6955 -0.1044
vn -0.7035 -0.7098 -0.0347
vn -0.7066 -0.6999 -0.1038
vn -0.7056 -0.7051 -0.0705
vn -0.7109 -0.7024 -0.0348
vn -0.7109 -0.7025 -0.0349
vn -0.7108 -0.7025 -0.0350
vn -0.7068 -0.7066 0.0347
vn -0.7034 -0.7100 0.0353
vn -0.7034 -0.7099 0.0350
vn -0.7032 -0.7101 0.0356
vn -0.7056 -0.7086 -0.0000
vn -0.7067 -0.7067 -0.0347
vn -0.7070 -0.6996 0.1037
vn -0.7035 -0.7028 0.1053
vn -0.7082 -0.6920 0.1399
vn -0.7107 -0.7026 0.0355
vn -0.7109 -0.7024 0.0350
vn -0.7110 -0.7024 0.0348
vn -0.7055 -0.7052 0.0706
vn -0.7088 -0.7046 0.0346
vn -0.7028 -0.6899 0.1738
vn -0.7036 -0.6889 0.1746
vn -0.7041 -0.6881 0.1752
vn -0.7067 -0.6863 0.1718
vn -0.7087 -0.6974 0.1067
vn -0.7108 -0.6956 0.1041
vn -0.7111 -0.6955 0.1028
vn -0.7031 -0.6694 0.2397
vn -0.7039 -0.6678 0.2422
vn -0.7043 -0.6670 0.2428
vn -0.7082 -0.6505 0.2743
vn -0.7067 -0.6661 0.2384
vn -0.7087 -0.6835 0.1749
vn -0.7111 -0.6818 0.1717
vn -0.7039 -0.6406 0.3069
vn -0.7068 -0.6395 0.3025
vn -0.7114 -0.6617 0.2370
vn -0.7081 -0.6636 0.2414
vn -0.7099 -0.6618 0.2409
vn -0.7023 -0.6100 0.3670
vn -0.7041 -0.6068 0.3688
vn -0.7053 -0.6049 0.3696
vn -0.7078 -0.5836 0.3980
vn -0.7068 -0.6068 0.3637
vn -0.7096 -0.6348 0.3057
vn -0.7081 -0.6364 0.3058
vn -0.7120 -0.6344 0.3011
vn -0.7057 -0.6221 0.3390
vn -0.7114 -0.6352 0.3007
vn -0.7037 -0.5706 0.4233
vn -0.7046 -0.5668 0.4269
vn -0.7051 -0.5653 0.4282
vn -0.7082 -0.5408 0.4539
vn -0.7068 -0.5683 0.4214
vn -0.7074 -0.6040 0.3671
vn -0.7102 -0.6039 0.3618
vn -0.7116 -0.6028 0.3611
vn -0.7093 -0.6015 0.3675
vn -0.7057 -0.5854 0.3992
vn -0.7024 -0.5267 0.4787
vn -0.7058 -0.5214 0.4795
vn -0.7054 -0.5198 0.4819
vn -0.7079 -0.4930 0.5058
vn -0.7028 -0.5273 0.4776
vn -0.7065 -0.5244 0.4751
vn -0.7117 -0.5642 0.4186
vn -0.7077 -0.5644 0.4250
vn -0.7091 -0.5621 0.4257
vn -0.7118 -0.5639 0.4187
vn -0.7080 -0.4403 0.5522
vn -0.7098 -0.5178 0.4776
vn -0.7086 -0.5173 0.4798
vn -0.7127 -0.5184 0.4725
vn -0.7063 -0.4167 0.5723
vn -0.7078 -0.3832 0.5934
vn -0.7026 -0.4241 0.5714
vn -0.7119 -0.4713 0.5207
vn -0.7072 -0.4703 0.5279
vn -0.7086 -0.4669 0.5291
vn -0.7120 -0.4710 0.5208
vn -0.7062 -0.4415 0.5536
vn -0.7066 -0.4216 0.5683
vn -0.7026 -0.3648 0.6110
vn -0.7049 -0.3579 0.6124
vn -0.7060 -0.3543 0.6132
vn -0.7076 -0.3222 0.6288
vn -0.7095 -0.4137 0.5705
vn -0.7063 -0.3840 0.5947
vn -0.7030 -0.3033 0.6433
vn -0.7067 -0.2959 0.6427
vn -0.7060 -0.2914 0.6455
vn -0.7075 -0.2579 0.6579
vn -0.7026 -0.3043 0.6432
vn -0.7070 -0.3575 0.6102
vn -0.7115 -0.3609 0.6029
vn -0.7118 -0.3613 0.6024
vn -0.7064 -0.3026 0.6398
vn -0.7081 -0.3532 0.6114
vn -0.7062 -0.3231 0.6301
vn -0.7063 -0.2253 0.6711
vn -0.7075 -0.1920 0.6802
vn -0.7025 -0.2398 0.6700
vn -0.7094 -0.2932 0.6409
vn -0.7106 -0.3007 0.6361
vn -0.7065 -0.2582 0.6589
vn -0.7067 -0.1570 0.6898
vn -0.7070 -0.1718 0.6860
vn -0.7022 -0.1731 0.6907
vn -0.7073 -0.1228 0.6961
vn -0.7064 -0.2385 0.6664
vn -0.7120 -0.2365 0.6611
vn -0.7067 -0.1914 0.6812
vn -0.7024 -0.1043 0.7041
vn -0.7069 -0.0882 0.7018
vn -0.7071 -0.0530 0.7051
vn -0.6970 -0.0176 0.7169
vn -0.7121 -0.1704 0.6811
vn -0.7123 -0.1705 0.6809
vn -0.7063 -0.1039 0.7002
vn -0.7122 -0.1031 0.6943
vn -0.7068 -0.0348 0.7066
vn -0.7072 -0.0878 0.7016
vn -0.7174 -0.0175 0.6964
vn 0.6967 -0.0175 0.7172
vn 0.7072 -0.0531 0.7050
vn 0.7068 -0.0882 0.7019
vn 0.7073 -0.1227 0.6962
vn 0.7065 -0.1570 0.6901
vn 0.7069 -0.1037 0.6997
vn 0.7023 -0.1046 0.7042
vn 0.7024 -0.1045 0.7041
vn 0.7175 -0.0175 0.6963
vn 0.7069 -0.0528 0.7053
vn 0.7071 -0.0878 0.7017
vn 0.7067 -0.0348 0.7067
vn 0.7065 -0.0343 0.7069
vn 0.7066 -0.0346 0.7067
vn 0.7065 -0.0344 0.7068
vn 0.7070 -0.1716 0.6861
vn 0.7024 -0.1728 0.6905
vn 0.7022 -0.1731 0.6906
vn 0.7075 -0.1919 0.6801
vn 0.7063 -0.2253 0.6711
vn 0.7066 -0.1230 0.6969
vn 0.7073 -0.1574 0.6892
vn 0.7063 -0.1039 0.7003
vn 0.7125 -0.1029 0.6941
vn 0.7123 -0.1028 0.6944
vn 0.7070 -0.2382 0.6659
vn 0.7023 -0.2396 0.6703
vn 0.7024 -0.2398 0.6702
vn 0.7075 -0.2580 0.6580
vn 0.7060 -0.2914 0.6454
vn 0.7067 -0.2959 0.6426
vn 0.7029 -0.3033 0.6434
vn 0.7065 -0.1915 0.6813
vn 0.7075 -0.2253 0.6699
vn 0.7124 -0.1704 0.6807
vn 0.7064 -0.1720 0.6866
vn 0.7119 -0.1706 0.6812
vn 0.7077 -0.3222 0.6288
vn 0.7059 -0.3544 0.6133
vn 0.7066 -0.3581 0.6103
vn 0.7030 -0.3649 0.6105
vn 0.7025 -0.3042 0.6434
vn 0.7066 -0.2582 0.6588
vn 0.7115 -0.3000 0.6354
vn 0.7092 -0.2932 0.6411
vn 0.7080 -0.2906 0.6437
vn 0.7121 -0.2365 0.6610
vn 0.7065 -0.2385 0.6663
vn 0.7120 -0.2368 0.6610
vn 0.7025 -0.3651 0.6109
vn 0.7078 -0.3832 0.5935
vn 0.7061 -0.4134 0.5749
vn 0.7065 -0.4167 0.5721
vn 0.7024 -0.4233 0.5723
vn 0.7063 -0.3229 0.6300
vn 0.7108 -0.3616 0.6033
vn 0.7090 -0.3555 0.6091
vn 0.7083 -0.3532 0.6112
vn 0.7065 -0.3026 0.6398
vn 0.7025 -0.4241 0.5716
vn 0.7077 -0.4405 0.5523
vn 0.7057 -0.4689 0.5312
vn 0.7047 -0.4716 0.5301
vn 0.7026 -0.4772 0.5279
vn 0.7063 -0.3840 0.5947
vn 0.7121 -0.4177 0.5644
vn 0.7096 -0.4136 0.5704
vn 0.7081 -0.4122 0.5732
vn 0.7065 -0.3638 0.6071
vn 0.7069 -0.4749 0.5242
vn 0.7077 -0.4931 0.5060
vn 0.7055 -0.5197 0.4818
vn 0.7057 -0.5215 0.4797
vn 0.7023 -0.5267 0.4789
vn 0.7061 -0.4415 0.5537
vn 0.7119 -0.4711 0.5208
vn 0.7071 -0.4705 0.5279
vn 0.7084 -0.4670 0.5293
vn 0.7065 -0.4217 0.5684
vn 0.7028 -0.5270 0.4778
vn 0.7081 -0.5409 0.4539
vn 0.7049 -0.5653 0.4283
vn 0.7063 -0.5660 0.4252
vn 0.7036 -0.5706 0.4235
vn 0.7057 -0.4946 0.5073
vn 0.7124 -0.5192 0.4721
vn 0.7097 -0.5178 0.4777
vn 0.7085 -0.5174 0.4799
vn 0.7119 -0.4717 0.5203
vn 0.7028 -0.5713 0.4238
vn 0.7081 -0.5834 0.3978
vn 0.7050 -0.6051 0.3699
vn 0.7057 -0.6056 0.3678
vn 0.7024 -0.6100 0.3669
vn 0.7066 -0.5244 0.4752
vn 0.7060 -0.5425 0.4552
vn 0.7110 -0.5649 0.4188
vn 0.7104 -0.5623 0.4233
vn 0.7090 -0.5622 0.4258
vn 0.7083 -0.6200 0.3375
vn 0.7046 -0.6394 0.3078
vn 0.7049 -0.6396 0.3066
vn 0.7024 -0.6428 0.3057
vn 0.7029 -0.6101 0.3657
vn 0.7064 -0.5685 0.4217
vn 0.7059 -0.5853 0.3989
vn 0.7104 -0.6038 0.3617
vn 0.7102 -0.6014 0.3659
vn 0.7094 -0.6014 0.3675
vn 0.7030 -0.6429 0.3041
vn 0.7082 -0.6505 0.2744
vn 0.7044 -0.6670 0.2428
vn 0.7059 -0.6659 0.2415
vn 0.7031 -0.6694 0.2397
vn 0.7058 -0.6221 0.3390
vn 0.7120 -0.6341 0.3016
vn 0.7104 -0.6346 0.3044
vn 0.7097 -0.6348 0.3056
vn 0.7065 -0.6070 0.3639
vn 0.7029 -0.6698 0.2393
vn 0.7084 -0.6745 0.2079
vn 0.7039 -0.6883 0.1752
vn 0.7050 -0.6872 0.1751
vn 0.7029 -0.6899 0.1732
vn 0.7065 -0.6397 0.3026
vn 0.7057 -0.6529 0.2752
vn 0.7118 -0.6610 0.2374
vn 0.7107 -0.6615 0.2395
vn 0.7099 -0.6619 0.2408
vn 0.7031 -0.6897 0.1730
vn 0.7082 -0.6920 0.1399
vn 0.7036 -0.7027 0.1058
vn 0.7039 -0.7024 0.1058
vn 0.7033 -0.7031 0.1052
vn 0.7066 -0.6663 0.2384
vn 0.7056 -0.6772 0.2087
vn 0.7115 -0.6814 0.1715
vn 0.7108 -0.6819 0.1729
vn 0.7102 -0.6822 0.1738
vn 0.7036 -0.7029 0.1043
vn 0.7081 -0.7026 0.0703
vn 0.7033 -0.7101 0.0355
vn 0.7051 -0.7083 0.0349
vn 0.7033 -0.7101 0.0352
vn 0.7066 -0.6864 0.1720
vn 0.7058 -0.6944 0.1404
vn 0.7110 -0.6956 0.1034
vn 0.7108 -0.6956 0.1042
vn 0.7106 -0.6957 0.1048
vn 0.7034 -0.7100 0.0346
vn 0.7083 -0.7059 -0.0000
vn 0.7058 -0.7049 0.0704
vn 0.7110 -0.7023 0.0348
vn 0.7108 -0.7025 0.0348
vn 0.7106 -0.7028 0.0351
vn 0.7066 -0.7000 0.1037
vn 0.7068 -0.7066 -0.0346
vn 0.7034 -0.7099 -0.0352
vn 0.7034 -0.7100 -0.0352
vn 0.7035 -0.7098 -0.0355
vn 0.7084 -0.7024 -0.0702
vn 0.7066 -0.7068 0.0347
vn 0.7057 -0.7085 -0.0000
vn 0.7067 -0.6999 -0.1038
vn 0.7035 -0.7029 -0.1054
vn 0.7029 -0.7035 -0.1050
vn 0.7036 -0.7026 -0.1060
vn 0.7082 -0.6921 -0.1398
vn 0.7104 -0.7029 -0.0351
vn 0.7088 -0.7046 -0.0347
vn 0.7107 -0.7026 -0.0348
vn 0.7056 -0.7051 -0.0704
vn 0.7089 -0.7045 -0.0346
vn 0.7028 -0.6899 -0.1739
vn 0.7036 -0.6888 -0.1748
vn 0.7041 -0.6881 -0.1754
vn 0.7079 -0.6749 -0.2081
vn 0.7067 -0.6864 -0.1719
vn 0.7110 -0.6956 -0.1030
vn 0.7095 -0.6966 -0.1066
vn 0.7106 -0.6957 -0.1048
vn 0.7109 -0.6955 -0.1041
vn 0.7056 -0.6946 -0.1405
vn 0.7042 -0.6685 -0.2393
vn 0.7058 -0.6660 -0.2416
vn 0.7043 -0.6671 -0.2428
vn 0.7082 -0.6506 -0.2741
vn 0.7030 -0.6697 -0.2393
vn 0.7086 -0.6836 -0.1749
vn 0.7090 -0.6841 -0.1713
vn 0.7101 -0.6823 -0.1737
vn 0.7115 -0.6814 -0.1716
vn 0.7058 -0.6770 -0.2087
vn 0.7066 -0.6663 -0.2383
vn 0.7033 -0.6426 -0.3041
vn 0.7040 -0.6404 -0.3070
vn 0.7046 -0.6393 -0.3078
vn 0.7082 -0.6199 -0.3378
vn 0.7067 -0.6395 -0.3026
vn 0.7099 -0.6619 -0.2408
vn 0.7106 -0.6615 -0.2397
vn 0.7111 -0.6620 -0.2369
vn 0.7057 -0.6529 -0.2752
vn 0.7043 -0.6089 -0.3651
vn 0.7045 -0.6065 -0.3686
vn 0.7049 -0.6053 -0.3697
vn 0.7080 -0.5836 -0.3978
vn 0.7067 -0.6068 -0.3638
vn 0.7113 -0.6354 -0.3006
vn 0.7080 -0.6366 -0.3057
vn 0.7112 -0.6355 -0.3006
vn 0.7096 -0.6349 -0.3057
vn 0.7057 -0.6222 -0.3388
vn 0.7068 -0.5681 -0.4214
vn 0.7043 -0.5671 -0.4269
vn 0.7022 -0.5710 -0.4253
vn 0.7053 -0.5651 -0.4281
vn 0.7080 -0.5410 -0.4540
vn 0.7077 -0.6037 -0.3671
vn 0.7104 -0.6038 -0.3617
vn 0.7115 -0.6028 -0.3612
vn 0.7094 -0.6014 -0.3675
vn 0.7059 -0.5853 -0.3989
vn 0.7029 -0.5266 -0.4781
vn 0.7047 -0.5216 -0.4809
vn 0.7052 -0.5197 -0.4823
vn 0.7079 -0.4933 -0.5056
vn 0.7068 -0.5241 -0.4752
vn 0.7076 -0.5645 -0.4250
vn 0.7117 -0.5643 -0.4183
vn 0.7089 -0.5622 -0.4259
vn 0.7121 -0.5634 -0.4189
vn 0.7059 -0.5424 -0.4555
vn 0.7026 -0.4774 -0.5277
vn 0.7062 -0.4713 -0.5283
vn 0.7056 -0.4689 -0.5312
vn 0.7078 -0.4404 -0.5523
vn 0.7025 -0.4775 -0.5277
vn 0.7117 -0.5205 -0.4717
vn 0.7077 -0.5196 -0.4787
vn 0.7065 -0.4753 -0.5243
vn 0.7086 -0.5173 -0.4798
vn 0.7126 -0.5186 -0.4725
vn 0.7058 -0.4945 -0.5073
vn 0.7021 -0.4231 -0.5727
vn 0.7047 -0.4168 -0.5742
vn 0.7059 -0.4135 -0.5751
vn 0.7079 -0.3832 -0.5933
vn 0.7070 -0.4213 -0.5681
vn 0.7086 -0.4671 -0.5289
vn 0.7093 -0.4683 -0.5268
vn 0.7108 -0.4725 -0.5211
vn 0.7061 -0.4414 -0.5537
vn 0.7027 -0.3650 -0.6107
vn 0.7065 -0.3578 -0.6106
vn 0.7060 -0.3539 -0.6135
vn 0.7079 -0.3225 -0.6284
vn 0.7027 -0.3658 -0.6103
vn 0.7119 -0.4186 -0.5640
vn 0.7070 -0.4160 -0.5720
vn 0.7064 -0.3640 -0.6071
vn 0.7082 -0.4119 -0.5733
vn 0.7113 -0.4185 -0.5647
vn 0.7061 -0.3844 -0.5947
vn 0.7063 -0.2908 -0.6454
vn 0.7078 -0.2583 -0.6575
vn 0.7068 -0.3023 -0.6395
vn 0.7025 -0.3042 -0.6434
vn 0.7021 -0.3045 -0.6437
vn 0.7096 -0.3550 -0.6086
vn 0.7115 -0.3608 -0.6030
vn 0.7080 -0.3530 -0.6117
vn 0.7061 -0.3231 -0.6301
vn 0.7064 -0.2253 -0.6710
vn 0.7075 -0.1914 -0.6803
vn 0.7024 -0.2397 -0.6702
vn 0.7068 -0.2383 -0.6661
vn 0.7020 -0.2400 -0.6705
vn 0.7066 -0.2958 -0.6428
vn 0.7120 -0.3000 -0.6348
vn 0.7064 -0.2385 -0.6665
vn 0.7120 -0.2995 -0.6351
vn 0.7078 -0.2906 -0.6439
vn 0.7064 -0.2587 -0.6588
vn 0.7066 -0.1575 -0.6899
vn 0.7075 -0.1227 -0.6959
vn 0.7069 -0.1718 -0.6861
vn 0.7025 -0.1726 -0.6904
vn 0.7024 -0.1728 -0.6905
vn 0.7120 -0.2366 -0.6611
vn 0.7126 -0.2363 -0.6605
vn 0.7075 -0.2249 -0.6699
vn 0.7064 -0.1918 -0.6813
vn 0.7070 -0.0876 -0.7017
vn 0.7072 -0.0531 -0.7050
vn 0.6971 -0.0181 -0.7167
vn 0.7023 -0.1045 -0.7042
vn 0.7070 -0.1037 -0.6995
vn 0.7022 -0.1045 -0.7043
vn 0.7063 -0.1720 -0.6867
vn 0.7065 -0.1038 -0.7001
vn 0.7124 -0.1707 -0.6807
vn 0.7120 -0.1709 -0.6810
vn 0.7074 -0.1574 -0.6890
vn 0.7067 -0.1225 -0.6968
vn 0.7070 -0.0349 -0.7064
vn 0.7066 -0.0347 -0.7067
vn 0.7067 -0.0347 -0.7066
vn 0.7066 -0.0346 -0.7068
vn 0.7123 -0.1029 -0.6943
vn 0.7120 -0.1029 -0.6946
vn 0.7075 -0.0882 -0.7012
vn 0.7067 -0.0528 -0.7055
vn 0.7173 -0.0171 -0.6965
vn 0.6967 -0.0175 0.7171
vn 0.7069 -0.0882 0.7018
vn 0.7073 -0.1228 0.6962
vn 0.7066 -0.1570 0.6899
vn 0.7174 -0.0175 0.6964
vn 0.7071 -0.0878 0.7016
vn 0.7067 -0.0348 0.7066
vn 0.7066 -0.0344 0.7068
vn 0.7066 -0.0346 0.7068
vn 0.7065 -0.0344 0.7069
vn 0.7024 -0.1727 0.6906
vn 0.7022 -0.1731 0.6907
vn 0.7075 -0.1919 0.6802
vn 0.7064 -0.2254 0.6710
vn 0.7074 -0.1574 0.6891
vn 0.7063 -0.1039 0.7002
vn 0.7075 -0.2580 0.6579
vn 0.7061 -0.2914 0.6454
vn 0.7068 -0.2960 0.6425
vn 0.7027 -0.3033 0.6435
vn 0.7070 -0.2383 0.6659
vn 0.7023 -0.2397 0.6703
vn 0.7020 -0.2400 0.6705
vn 0.7067 -0.1914 0.6812
vn 0.7123 -0.1705 0.6809
vn 0.7121 -0.1706 0.6811
vn 0.7074 -0.3222 0.6290
vn 0.7074 -0.3222 0.6291
vn 0.7026 -0.3044 0.6433
vn 0.7059 -0.3543 0.6133
vn 0.7065 -0.3581 0.6105
vn 0.7025 -0.3649 0.6110
vn 0.7066 -0.2582 0.6589
vn 0.7114 -0.3001 0.6355
vn 0.7096 -0.2932 0.6407
vn 0.7081 -0.2906 0.6436
vn 0.7124 -0.2363 0.6607
vn 0.7120 -0.2369 0.6610
vn 0.7025 -0.3655 0.6107
vn 0.7077 -0.3832 0.5935
vn 0.7062 -0.3231 0.6300
vn 0.7109 -0.3615 0.6032
vn 0.7064 -0.3027 0.6398
vn 0.7062 -0.4712 0.5284
vn 0.7025 -0.4772 0.5280
vn 0.7064 -0.3840 0.5946
vn 0.7120 -0.4176 0.5644
vn 0.7095 -0.4137 0.5705
vn 0.7064 -0.3639 0.6071
vn 0.7027 -0.4774 0.5275
vn 0.7081 -0.4928 0.5057
vn 0.7055 -0.5197 0.4819
vn 0.7058 -0.5214 0.4795
vn 0.7024 -0.5267 0.4788
vn 0.7065 -0.4217 0.5683
vn 0.7061 -0.4415 0.5536
vn 0.7120 -0.4710 0.5208
vn 0.7099 -0.4679 0.5265
vn 0.7086 -0.4669 0.5291
vn 0.7027 -0.5272 0.4777
vn 0.7047 -0.5655 0.4284
vn 0.7061 -0.5661 0.4254
vn 0.7037 -0.5706 0.4234
vn 0.7085 -0.5175 0.4798
vn 0.7065 -0.4752 0.5245
vn 0.7028 -0.5715 0.4236
vn 0.7050 -0.6051 0.3698
vn 0.7057 -0.6055 0.3678
vn 0.7023 -0.6100 0.3670
vn 0.7065 -0.5245 0.4751
vn 0.7119 -0.5638 0.4187
vn 0.7101 -0.5623 0.4237
vn 0.7089 -0.5622 0.4259
vn 0.7028 -0.6102 0.3656
vn 0.7065 -0.5684 0.4216
vn 0.7056 -0.5854 0.3992
vn 0.7102 -0.6039 0.3618
vn 0.7030 -0.6428 0.3043
vn 0.7082 -0.6505 0.2743
vn 0.7044 -0.6670 0.2429
vn 0.7032 -0.6694 0.2397
vn 0.7057 -0.6221 0.3390
vn 0.7121 -0.6340 0.3016
vn 0.7104 -0.6345 0.3044
vn 0.7096 -0.6349 0.3057
vn 0.7065 -0.6071 0.3638
vn 0.7030 -0.6693 0.2404
vn 0.7082 -0.6746 0.2081
vn 0.7041 -0.6882 0.1752
vn 0.7052 -0.6870 0.1752
vn 0.7027 -0.6899 0.1737
vn 0.7058 -0.6528 0.2752
vn 0.7118 -0.6611 0.2373
vn 0.7107 -0.6615 0.2394
vn 0.7098 -0.6620 0.2409
vn 0.7031 -0.6899 0.1723
vn 0.7084 -0.6918 0.1399
vn 0.7038 -0.7025 0.1058
vn 0.7035 -0.7028 0.1053
vn 0.7033 -0.7031 0.1051
vn 0.7065 -0.6663 0.2384
vn 0.7115 -0.6814 0.1714
vn 0.7108 -0.6819 0.1728
vn 0.7101 -0.6823 0.1738
vn 0.7069 -0.6997 0.1034
vn 0.7033 -0.7101 0.0353
vn 0.7039 -0.7093 0.0365
vn 0.7033 -0.7101 0.0351
vn 0.7056 -0.6945 0.1404
vn 0.7108 -0.6956 0.1041
vn 0.7086 -0.6975 0.1068
vn 0.7034 -0.7100 0.0351
vn 0.7056 -0.7051 0.0706
vn 0.7110 -0.7024 0.0348
vn 0.7108 -0.7025 0.0349
vn 0.7109 -0.7024 0.0350
vn 0.7089 -0.6977 0.1035
vn 0.7035 -0.7098 -0.0350
vn 0.7036 -0.7096 -0.0359
vn 0.7034 -0.7100 -0.0351
vn 0.7035 -0.7098 -0.0354
vn 0.7057 -0.7086 -0.0000
vn 0.7067 -0.7067 -0.0347
vn 0.7049 -0.7016 -0.1041
vn 0.7047 -0.7014 -0.1066
vn 0.7029 -0.7035 -0.1052
vn 0.7038 -0.7025 -0.1058
vn 0.7108 -0.7025 -0.0349
vn 0.7108 -0.7025 -0.0350
vn 0.7109 -0.7024 -0.0348
vn 0.7056 -0.7051 -0.0705
vn 0.7066 -0.6999 -0.1038
vn 0.7028 -0.6898 -0.1740
vn 0.7036 -0.6887 -0.1750
vn 0.7040 -0.6882 -0.1754
vn 0.7066 -0.6864 -0.1718
vn 0.7109 -0.6955 -0.1045
vn 0.7058 -0.6943 -0.1405
vn 0.7041 -0.6685 -0.2394
vn 0.7037 -0.6680 -0.2420
vn 0.7042 -0.6672 -0.2429
vn 0.7083 -0.6505 -0.2741
vn 0.7069 -0.6660 -0.2383
vn 0.7099 -0.6825 -0.1738
vn 0.7091 -0.6832 -0.1747
vn 0.7115 -0.6814 -0.1715
vn 0.7090 -0.6841 -0.1712
vn 0.7077 -0.6640 -0.2414
vn 0.7113 -0.6614 -0.2379
vn 0.7099 -0.6618 -0.2409
vn 0.7058 -0.6528 -0.2752
vn 0.7043 -0.6089 -0.3650
vn 0.7045 -0.6064 -0.3686
vn 0.7046 -0.6056 -0.3697
vn 0.7067 -0.6069 -0.3637
vn 0.7113 -0.6354 -0.3005
vn 0.7056 -0.6223 -0.3389
vn 0.7046 -0.5700 -0.4228
vn 0.7058 -0.5662 -0.4258
vn 0.7021 -0.5710 -0.4255
vn 0.7053 -0.5651 -0.4280
vn 0.7076 -0.6037 -0.3672
vn 0.7102 -0.6039 -0.3618
vn 0.7115 -0.6028 -0.3611
vn 0.7065 -0.5684 -0.4216
vn 0.7068 -0.5241 -0.4751
vn 0.7045 -0.5218 -0.4810
vn 0.7031 -0.5265 -0.4780
vn 0.7052 -0.5196 -0.4823
vn 0.7079 -0.4932 -0.5055
vn 0.7096 -0.5625 -0.4242
vn 0.7122 -0.5633 -0.4189
vn 0.7025 -0.4774 -0.5278
vn 0.7047 -0.4716 -0.5300
vn 0.7069 -0.4749 -0.5242
vn 0.7074 -0.5199 -0.4788
vn 0.7117 -0.5208 -0.4714
vn 0.7078 -0.3831 -0.5935
vn 0.7070 -0.4212 -0.5681
vn 0.7109 -0.4723 -0.5210
vn 0.7071 -0.4707 -0.5278
vn 0.7118 -0.4715 -0.5205
vn 0.7085 -0.4672 -0.5289
vn 0.7059 -0.4415 -0.5538
vn 0.7033 -0.3650 -0.6101
vn 0.7065 -0.3579 -0.6105
vn 0.7062 -0.3538 -0.6133
vn 0.7078 -0.3226 -0.6284
vn 0.7025 -0.3660 -0.6104
vn 0.7119 -0.4184 -0.5640
vn 0.7064 -0.3640 -0.6070
vn 0.7114 -0.4184 -0.5647
vn 0.7062 -0.3844 -0.5946
vn 0.7063 -0.2909 -0.6454
vn 0.7079 -0.2583 -0.6574
vn 0.7068 -0.3024 -0.6395
vn 0.7025 -0.3043 -0.6433
vn 0.7092 -0.3551 -0.6090
vn 0.7116 -0.3607 -0.6029
vn 0.7082 -0.3529 -0.6115
vn 0.7061 -0.3231 -0.6300
vn 0.7065 -0.2253 -0.6709
vn 0.7074 -0.1914 -0.6804
vn 0.7024 -0.2398 -0.6702
vn 0.7067 -0.2383 -0.6661
vn 0.7020 -0.2400 -0.6706
vn 0.7067 -0.2955 -0.6428
vn 0.7123 -0.2991 -0.6350
vn 0.7119 -0.3003 -0.6348
vn 0.7079 -0.2906 -0.6437
vn 0.7064 -0.2586 -0.6589
vn 0.7067 -0.1575 -0.6898
vn 0.7074 -0.1227 -0.6961
vn 0.7120 -0.2367 -0.6611
vn 0.7126 -0.2363 -0.6606
vn 0.7066 -0.1918 -0.6812
vn 0.7023 -0.1045 -0.7041
vn 0.7070 -0.1037 -0.6996
vn 0.7069 -0.0877 -0.7019
vn 0.7071 -0.0531 -0.7051
vn 0.7063 -0.1719 -0.6867
vn 0.7121 -0.1707 -0.6810
vn 0.7076 -0.1574 -0.6889
vn 0.7072 -0.0882 -0.7015
vn 0.7172 -0.0171 -0.6966
vn 0.7066 -0.0349 -0.7068
vn -0.7072 -0.0000 -0.7070
vn -0.7072 0.0001 -0.7070
vn -0.7073 -0.0000 -0.7069
vn -0.7069 -0.0000 -0.7073
vn 0.7014 0.7073 -0.0878
vn 0.7053 0.7070 -0.0530
vn 0.6938 0.7200 -0.0173
vn 0.7067 0.7066 -0.0347
vn 0.7205 0.6932 -0.0180
vn 0.7048 0.7074 -0.0528
vn 0.7020 0.7067 -0.0879
vn 0.7063 0.7001 -0.1048
vn 0.6889 0.7075 -0.1573
vn 0.6968 0.7066 -0.1229
vn 0.6960 0.7075 -0.1227
vn 0.6901 0.7064 -0.1575
vn 0.6928 0.7137 -0.1028
vn 0.6924 0.7003 -0.1735
vn 0.6793 0.7138 -0.1702
vn 0.6700 0.7075 -0.2249
vn 0.6813 0.7065 -0.1918
vn 0.6802 0.7076 -0.1912
vn 0.6710 0.7063 -0.2255
vn 0.6438 0.7079 -0.2904
vn 0.6589 0.7063 -0.2586
vn 0.6577 0.7077 -0.2581
vn 0.6453 0.7062 -0.2914
vn 0.6723 0.7001 -0.2405
vn 0.6595 0.7137 -0.2360
vn 0.6452 0.7004 -0.3052
vn 0.6062 0.7109 -0.3565
vn 0.6100 0.7090 -0.3538
vn 0.6117 0.7081 -0.3528
vn 0.6300 0.7061 -0.3232
vn 0.6331 0.7137 -0.2995
vn 0.6285 0.7080 -0.3222
vn 0.6136 0.7057 -0.3542
vn 0.6136 0.7048 -0.3562
vn 0.6128 0.7032 -0.3607
vn 0.6119 0.7006 -0.3671
vn 0.6008 0.7136 -0.3602
vn 0.5679 0.7110 -0.4147
vn 0.5716 0.7092 -0.4127
vn 0.5730 0.7085 -0.4119
vn 0.5949 0.7060 -0.3843
vn 0.5934 0.7080 -0.3829
vn 0.5755 0.7055 -0.4137
vn 0.5751 0.7048 -0.4155
vn 0.5744 0.7029 -0.4195
vn 0.5286 0.7089 -0.4669
vn 0.5275 0.7095 -0.4672
vn 0.5284 0.7091 -0.4669
vn 0.5540 0.7058 -0.4416
vn 0.5732 0.7004 -0.4252
vn 0.5520 0.7082 -0.4402
vn 0.5316 0.7052 -0.4691
vn 0.5314 0.7044 -0.4706
vn 0.5302 0.7029 -0.4742
vn 0.5625 0.7136 -0.4175
vn 0.5287 0.7006 -0.4792
vn 0.4793 0.7095 -0.5167
vn 0.4783 0.7098 -0.5172
vn 0.4796 0.7091 -0.5168
vn 0.5075 0.7056 -0.4945
vn 0.5195 0.7133 -0.4705
vn 0.5055 0.7082 -0.4929
vn 0.4825 0.7048 -0.5200
vn 0.4822 0.7041 -0.5213
vn 0.4849 0.7019 -0.5218
vn 0.4253 0.7095 -0.5619
vn 0.4245 0.7100 -0.5619
vn 0.4255 0.7095 -0.5618
vn 0.4706 0.7133 -0.5193
vn 0.4555 0.7056 -0.5429
vn 0.4791 0.7007 -0.5287
vn 0.4536 0.7085 -0.5407
vn 0.4286 0.7046 -0.5656
vn 0.4280 0.7040 -0.5668
vn 0.4267 0.7026 -0.5694
vn 0.4249 0.7008 -0.5730
vn 0.3672 0.7104 -0.6004
vn 0.3663 0.7103 -0.6010
vn 0.3671 0.7099 -0.6010
vn 0.3993 0.7055 -0.5855
vn 0.4179 0.7130 -0.5630
vn 0.3977 0.7085 -0.5830
vn 0.3702 0.7041 -0.6059
vn 0.3700 0.7034 -0.6070
vn 0.3716 0.7023 -0.6072
vn 0.3604 0.7130 -0.6015
vn 0.3668 0.7009 -0.6117
vn 0.3025 0.7116 -0.6341
vn 0.3046 0.7106 -0.6342
vn 0.3054 0.7103 -0.6342
vn 0.3388 0.7055 -0.6225
vn 0.3376 0.7085 -0.6197
vn 0.3087 0.7036 -0.6401
vn 0.3074 0.7035 -0.6408
vn 0.3042 0.7039 -0.6418
vn 0.2407 0.7110 -0.6608
vn 0.2401 0.7109 -0.6610
vn 0.2406 0.7106 -0.6612
vn 0.2756 0.7053 -0.6531
vn 0.3049 0.7011 -0.6446
vn 0.2999 0.7129 -0.6340
vn 0.2742 0.7087 -0.6500
vn 0.2429 0.7034 -0.6680
vn 0.2426 0.7030 -0.6686
vn 0.2433 0.7029 -0.6684
vn 0.1705 0.7115 -0.6817
vn 0.1732 0.7110 -0.6815
vn 0.1736 0.7109 -0.6815
vn 0.2087 0.7053 -0.6775
vn 0.2401 0.7012 -0.6713
vn 0.2362 0.7128 -0.6604
vn 0.2080 0.7088 -0.6741
vn 0.1756 0.7029 -0.6892
vn 0.1752 0.7027 -0.6896
vn 0.1730 0.7030 -0.6898
vn 0.1733 0.7013 -0.6915
vn 0.1047 0.7117 -0.6946
vn 0.1045 0.7116 -0.6947
vn 0.1047 0.7114 -0.6949
vn 0.1404 0.7053 -0.6948
vn 0.1396 0.7087 -0.6915
vn 0.1061 0.7025 -0.7037
vn 0.1058 0.7024 -0.7039
vn 0.1045 0.7022 -0.7043
vn 0.1704 0.7126 -0.6806
vn 0.0349 0.7119 -0.7014
vn 0.0346 0.7120 -0.7013
vn 0.0352 0.7117 -0.7016
vn 0.0708 0.7053 -0.7054
vn 0.1030 0.7123 -0.6942
vn 0.1042 0.7016 -0.7049
vn 0.0705 0.7088 -0.7019
vn 0.0359 0.7021 -0.7111
vn 0.0358 0.7021 -0.7112
vn 0.0357 0.7020 -0.7113
vn -0.0000 0.7052 -0.7090
vn 0.0345 0.7121 -0.7013
vn 0.0350 0.7017 -0.7116
vn -0.0000 0.7088 -0.7054
vn -0.0346 0.7120 -0.7013
vn -0.0349 0.7119 -0.7014
vn -0.0345 0.7120 -0.7013
vn -0.0708 0.7053 -0.7054
vn -0.0352 0.7118 -0.7015
vn -0.0350 0.7017 -0.7116
vn -0.0352 0.7019 -0.7114
vn -0.0353 0.7020 -0.7113
vn -0.0356 0.7022 -0.7111
vn -0.0705 0.7088 -0.7019
vn -0.1404 0.7053 -0.6948
vn -0.1044 0.7114 -0.6950
vn -0.1045 0.7116 -0.6948
vn -0.1047 0.7117 -0.6947
vn -0.1030 0.7123 -0.6942
vn -0.1045 0.7016 -0.7049
vn -0.1058 0.7024 -0.7039
vn -0.1045 0.7023 -0.7042
vn -0.1059 0.7025 -0.7038
vn -0.1396 0.7087 -0.6915
vn -0.1731 0.7030 -0.6898
vn -0.1751 0.7027 -0.6896
vn -0.1756 0.7029 -0.6892
vn -0.2080 0.7087 -0.6741
vn -0.2087 0.7053 -0.6775
vn -0.1737 0.7109 -0.6815
vn -0.1732 0.7110 -0.6815
vn -0.1705 0.7116 -0.6816
vn -0.1705 0.7125 -0.6806
vn -0.1733 0.7013 -0.6915
vn -0.2435 0.7027 -0.6686
vn -0.2427 0.7030 -0.6685
vn -0.2429 0.7034 -0.6680
vn -0.2739 0.7087 -0.6502
vn -0.2753 0.7054 -0.6532
vn -0.2406 0.7106 -0.6611
vn -0.2401 0.7109 -0.6610
vn -0.2406 0.7108 -0.6610
vn -0.2362 0.7127 -0.6605
vn -0.2400 0.7012 -0.6713
vn -0.3041 0.7038 -0.6420
vn -0.3074 0.7035 -0.6408
vn -0.3083 0.7037 -0.6401
vn -0.3025 0.7116 -0.6341
vn -0.3046 0.7106 -0.6342
vn -0.2999 0.7129 -0.6340
vn -0.3376 0.7086 -0.6197
vn -0.3392 0.7054 -0.6224
vn -0.3054 0.7103 -0.6342
vn -0.3049 0.7011 -0.6446
vn -0.3715 0.7025 -0.6070
vn -0.3699 0.7034 -0.6070
vn -0.3705 0.7041 -0.6058
vn -0.3980 0.7084 -0.5829
vn -0.3993 0.7055 -0.5855
vn -0.3671 0.7099 -0.6010
vn -0.3663 0.7103 -0.6010
vn -0.3672 0.7104 -0.6004
vn -0.3668 0.7009 -0.6117
vn -0.3604 0.7130 -0.6015
vn -0.4249 0.7008 -0.5729
vn -0.4280 0.7040 -0.5668
vn -0.4267 0.7026 -0.5694
vn -0.4286 0.7045 -0.5657
vn -0.4536 0.7085 -0.5407
vn -0.4555 0.7056 -0.5429
vn -0.4254 0.7095 -0.5618
vn -0.4245 0.7100 -0.5619
vn -0.4254 0.7101 -0.5611
vn -0.4179 0.7130 -0.5630
vn -0.4849 0.7017 -0.5220
vn -0.4822 0.7040 -0.5214
vn -0.4825 0.7048 -0.5200
vn -0.5055 0.7083 -0.4928
vn -0.5075 0.7056 -0.4946
vn -0.4796 0.7092 -0.5168
vn -0.4783 0.7098 -0.5172
vn -0.4793 0.7094 -0.5167
vn -0.4706 0.7133 -0.5193
vn -0.4791 0.7007 -0.5287
vn -0.5302 0.7029 -0.4742
vn -0.5314 0.7044 -0.4706
vn -0.5316 0.7052 -0.4692
vn -0.5523 0.7080 -0.4401
vn -0.5539 0.7058 -0.4416
vn -0.5284 0.7091 -0.4668
vn -0.5275 0.7095 -0.4673
vn -0.5286 0.7087 -0.4672
vn -0.5288 0.7006 -0.4792
vn -0.5192 0.7134 -0.4706
vn -0.5949 0.7060 -0.3843
vn -0.5731 0.7085 -0.4119
vn -0.5716 0.7092 -0.4127
vn -0.5679 0.7110 -0.4147
vn -0.5744 0.7029 -0.4195
vn -0.5751 0.7048 -0.4155
vn -0.5755 0.7055 -0.4137
vn -0.5934 0.7080 -0.3829
vn -0.5625 0.7136 -0.4175
vn -0.5733 0.7004 -0.4252
vn -0.6302 0.7060 -0.3231
vn -0.6117 0.7081 -0.3529
vn -0.6100 0.7090 -0.3538
vn -0.6062 0.7109 -0.3566
vn -0.6128 0.7031 -0.3607
vn -0.6136 0.7047 -0.3562
vn -0.6136 0.7057 -0.3542
vn -0.6285 0.7079 -0.3222
vn -0.6119 0.7006 -0.3671
vn -0.6008 0.7136 -0.3602
vn -0.6589 0.7063 -0.2586
vn -0.6438 0.7079 -0.2905
vn -0.6453 0.7062 -0.2913
vn -0.6576 0.7077 -0.2581
vn -0.6331 0.7137 -0.2995
vn -0.6452 0.7004 -0.3052
vn -0.6813 0.7064 -0.1918
vn -0.6700 0.7075 -0.2249
vn -0.6710 0.7063 -0.2254
vn -0.6802 0.7076 -0.1912
vn -0.6595 0.7137 -0.2360
vn -0.6723 0.7001 -0.2405
vn -0.6971 0.7064 -0.1228
vn -0.6890 0.7075 -0.1572
vn -0.6901 0.7064 -0.1575
vn -0.6960 0.7075 -0.1227
vn -0.6924 0.7003 -0.1735
vn -0.6793 0.7139 -0.1702
vn -0.6938 0.7200 -0.0173
vn -0.7053 0.7070 -0.0530
vn -0.7014 0.7074 -0.0878
vn -0.7063 0.7001 -0.1048
vn -0.7020 0.7067 -0.0879
vn -0.7048 0.7074 -0.0528
vn -0.7205 0.6932 -0.0180
vn -0.6928 0.7137 -0.1028
vn 0.7206 0.6931 -0.0180
vn 0.7052 0.7071 -0.0528
vn 0.7018 0.7069 -0.0880
vn 0.7016 0.7072 -0.0878
vn 0.7054 0.7068 -0.0529
vn 0.6935 0.7203 -0.0173
vn 0.6962 0.7073 -0.1227
vn 0.6896 0.7069 -0.1575
vn 0.6891 0.7074 -0.1573
vn 0.6968 0.7067 -0.1229
vn 0.6804 0.7075 -0.1913
vn 0.6708 0.7065 -0.2256
vn 0.6698 0.7076 -0.2249
vn 0.6815 0.7063 -0.1917
vn 0.6926 0.7001 -0.1735
vn 0.6455 0.7061 -0.2913
vn 0.6722 0.7002 -0.2405
vn 0.6436 0.7081 -0.2905
vn 0.6591 0.7062 -0.2586
vn 0.6594 0.7138 -0.2360
vn 0.6134 0.7059 -0.3542
vn 0.6134 0.7049 -0.3562
vn 0.6062 0.7109 -0.3566
vn 0.6101 0.7090 -0.3538
vn 0.6115 0.7082 -0.3529
vn 0.6304 0.7059 -0.3231
vn 0.5752 0.7046 -0.4155
vn 0.5743 0.7030 -0.4195
vn 0.5717 0.7092 -0.4126
vn 0.5729 0.7086 -0.4120
vn 0.5951 0.7058 -0.3843
vn 0.6121 0.7004 -0.3670
vn 0.6010 0.7136 -0.3601
vn 0.5285 0.7089 -0.4670
vn 0.5274 0.7096 -0.4673
vn 0.5537 0.7059 -0.4417
vn 0.5521 0.7082 -0.4402
vn 0.5319 0.7051 -0.4690
vn 0.5302 0.7028 -0.4742
vn 0.5628 0.7135 -0.4174
vn 0.5731 0.7005 -0.4252
vn 0.4750 0.7113 -0.5181
vn 0.4784 0.7097 -0.5171
vn 0.4795 0.7092 -0.5168
vn 0.5053 0.7083 -0.4929
vn 0.4824 0.7049 -0.5200
vn 0.4847 0.7022 -0.5215
vn 0.5193 0.7134 -0.4705
vn 0.5286 0.7006 -0.4793
vn 0.4253 0.7096 -0.5617
vn 0.4244 0.7100 -0.5619
vn 0.4552 0.7057 -0.5430
vn 0.4281 0.7038 -0.5668
vn 0.4300 0.7030 -0.5665
vn 0.4790 0.7007 -0.5287
vn 0.4708 0.7132 -0.5193
vn 0.4248 0.7009 -0.5730
vn 0.3996 0.7054 -0.5854
vn 0.4175 0.7132 -0.5630
vn 0.3705 0.7040 -0.6059
vn 0.3698 0.7036 -0.6068
vn 0.3684 0.7025 -0.6089
vn 0.3027 0.7116 -0.6340
vn 0.3047 0.7105 -0.6343
vn 0.3057 0.7102 -0.6341
vn 0.3373 0.7086 -0.6198
vn 0.3665 0.7010 -0.6118
vn 0.2385 0.7117 -0.6608
vn 0.2401 0.7109 -0.6611
vn 0.2408 0.7106 -0.6611
vn 0.2753 0.7054 -0.6532
vn 0.2739 0.7088 -0.6501
vn 0.2433 0.7033 -0.6680
vn 0.2424 0.7032 -0.6684
vn 0.2417 0.7022 -0.6697
vn 0.1737 0.7113 -0.6811
vn 0.1732 0.7112 -0.6813
vn 0.1734 0.7110 -0.6815
vn 0.2090 0.7053 -0.6774
vn 0.2402 0.7012 -0.6713
vn 0.2082 0.7087 -0.6741
vn 0.1759 0.7029 -0.6892
vn 0.1744 0.7021 -0.6904
vn 0.2360 0.7128 -0.6605
vn 0.1059 0.7025 -0.7038
vn 0.1053 0.7020 -0.7043
vn 0.1730 0.7013 -0.6915
vn 0.1039 0.7119 -0.6946
vn 0.1045 0.7115 -0.6948
vn 0.1050 0.7114 -0.6949
vn 0.0702 0.7088 -0.7019
vn 0.0356 0.7021 -0.7112
vn 0.0354 0.7020 -0.7113
vn 0.1028 0.7123 -0.6943
vn 0.1049 0.7016 -0.7048
vn 0.0347 0.7120 -0.7013
vn 0.0350 0.7119 -0.7014
vn 0.0351 0.7119 -0.7014
vn 0.0343 0.7121 -0.7013
vn 0.0351 0.7017 -0.7116
vn -0.0351 0.7017 -0.7116
vn -0.0353 0.7019 -0.7114
vn -0.0354 0.7020 -0.7113
vn -0.0702 0.7088 -0.7019
vn -0.0347 0.7120 -0.7013
vn -0.0346 0.7121 -0.7012
vn -0.0351 0.7119 -0.7014
vn -0.1053 0.7020 -0.7043
vn -0.1039 0.7119 -0.6946
vn -0.1045 0.7115 -0.6948
vn -0.1028 0.7124 -0.6942
vn -0.1044 0.7016 -0.7049
vn -0.1050 0.7114 -0.6949
vn -0.1744 0.7021 -0.6904
vn -0.1752 0.7027 -0.6896
vn -0.1756 0.7029 -0.6893
vn -0.2081 0.7087 -0.6741
vn -0.1730 0.7013 -0.6915
vn -0.1736 0.7113 -0.6811
vn -0.1733 0.7112 -0.6813
vn -0.2090 0.7053 -0.6774
vn -0.1735 0.7110 -0.6815
vn -0.2402 0.7012 -0.6713
vn -0.2424 0.7032 -0.6684
vn -0.2417 0.7023 -0.6696
vn -0.2433 0.7034 -0.6679
vn -0.2739 0.7088 -0.6501
vn -0.2385 0.7117 -0.6608
vn -0.2401 0.7108 -0.6611
vn -0.2364 0.7127 -0.6604
vn -0.2753 0.7053 -0.6532
vn -0.2407 0.7106 -0.6612
vn -0.3372 0.7086 -0.6197
vn -0.3027 0.7116 -0.6340
vn -0.3047 0.7105 -0.6343
vn -0.3057 0.7102 -0.6341
vn -0.3695 0.7045 -0.6059
vn -0.3698 0.7036 -0.6068
vn -0.3702 0.7041 -0.6059
vn -0.3977 0.7085 -0.5830
vn -0.3992 0.7055 -0.5856
vn -0.3665 0.7009 -0.6118
vn -0.4248 0.7009 -0.5730
vn -0.4281 0.7039 -0.5668
vn -0.4299 0.7031 -0.5664
vn -0.4539 0.7084 -0.5406
vn -0.4253 0.7100 -0.5612
vn -0.4244 0.7101 -0.5619
vn -0.4174 0.7132 -0.5631
vn -0.4552 0.7057 -0.5429
vn -0.4790 0.7008 -0.5287
vn -0.4848 0.7020 -0.5217
vn -0.4750 0.7113 -0.5181
vn -0.4784 0.7097 -0.5171
vn -0.4708 0.7132 -0.5193
vn -0.4824 0.7049 -0.5200
vn -0.5054 0.7083 -0.4928
vn -0.4795 0.7092 -0.5168
vn -0.5286 0.7006 -0.4792
vn -0.5302 0.7028 -0.4742
vn -0.5285 0.7088 -0.4672
vn -0.5274 0.7095 -0.4673
vn -0.5194 0.7133 -0.4705
vn -0.5319 0.7050 -0.4691
vn -0.5520 0.7082 -0.4402
vn -0.5537 0.7059 -0.4417
vn -0.5743 0.7030 -0.4195
vn -0.5752 0.7046 -0.4155
vn -0.5731 0.7005 -0.4252
vn -0.5716 0.7092 -0.4126
vn -0.5628 0.7135 -0.4174
vn -0.5947 0.7061 -0.3844
vn -0.5731 0.7085 -0.4118
vn -0.6009 0.7136 -0.3601
vn -0.6135 0.7048 -0.3562
vn -0.6134 0.7058 -0.3543
vn -0.6121 0.7005 -0.3670
vn -0.6301 0.7061 -0.3231
vn -0.6115 0.7082 -0.3529
vn -0.6455 0.7061 -0.2912
vn -0.6591 0.7062 -0.2585
vn -0.6439 0.7079 -0.2904
vn -0.6711 0.7063 -0.2255
vn -0.6802 0.7076 -0.1914
vn -0.6815 0.7063 -0.1917
vn -0.6698 0.7076 -0.2249
vn -0.6594 0.7138 -0.2360
vn -0.6722 0.7002 -0.2405
vn -0.6899 0.7066 -0.1574
vn -0.6962 0.7073 -0.1227
vn -0.6970 0.7065 -0.1228
vn -0.6891 0.7074 -0.1572
vn -0.6926 0.7001 -0.1735
vn -0.7018 0.7069 -0.0880
vn -0.7052 0.7071 -0.0528
vn -0.7206 0.6932 -0.0180
vn -0.6935 0.7203 -0.0173
vn -0.7054 0.7068 -0.0529
vn -0.7015 0.7072 -0.0878
vn -0.7052 0.7071 0.0528
vn -0.7017 0.7070 0.0878
vn -0.6960 0.7075 0.1227
vn -0.6893 0.7072 0.1572
vn -0.6968 0.7067 0.1229
vn -0.6710 0.7064 0.2254
vn -0.6457 0.7059 0.2911
vn -0.6721 0.7003 0.2405
vn -0.6434 0.7082 0.2906
vn -0.6592 0.7061 0.2587
vn -0.6136 0.7057 0.3542
vn -0.6135 0.7049 0.3561
vn -0.6182 0.6994 0.3587
vn -0.6009 0.7151 0.3572
vn -0.6117 0.7080 0.3529
vn -0.5749 0.7049 0.4155
vn -0.5744 0.7029 0.4194
vn -0.5678 0.7111 0.4147
vn -0.5716 0.7092 0.4127
vn -0.5729 0.7086 0.4119
vn -0.5949 0.7060 0.3843
vn -0.6008 0.7136 0.3602
vn -0.5240 0.7112 0.4686
vn -0.5276 0.7095 0.4672
vn -0.5540 0.7057 0.4417
vn -0.5518 0.7084 0.4402
vn -0.5316 0.7053 0.4690
vn -0.5347 0.7014 0.4713
vn -0.5730 0.7006 0.4251
vn -0.4751 0.7112 0.5181
vn -0.4795 0.7092 0.5169
vn -0.5052 0.7083 0.4929
vn -0.4825 0.7048 0.5200
vn -0.4822 0.7040 0.5213
vn -0.4848 0.7018 0.5220
vn -0.5190 0.7135 0.4707
vn -0.5285 0.7007 0.4793
vn -0.4214 0.7114 0.5624
vn -0.4244 0.7101 0.5618
vn -0.4558 0.7055 0.5427
vn -0.4536 0.7085 0.5406
vn -0.4278 0.7040 0.5669
vn -0.4268 0.7025 0.5695
vn -0.4791 0.7007 0.5287
vn -0.4706 0.7133 0.5193
vn -0.4249 0.7008 0.5730
vn -0.3994 0.7054 0.5856
vn -0.4175 0.7132 0.5630
vn -0.3974 0.7086 0.5831
vn -0.3703 0.7041 0.6059
vn -0.3685 0.7024 0.6089
vn -0.3025 0.7116 0.6341
vn -0.3047 0.7106 0.6342
vn -0.3054 0.7103 0.6342
vn -0.3376 0.7085 0.6197
vn -0.3668 0.7009 0.6117
vn -0.2363 0.7118 0.6615
vn -0.2401 0.7107 0.6612
vn -0.2740 0.7087 0.6501
vn -0.1734 0.7115 0.6810
vn -0.1730 0.7114 0.6812
vn -0.1733 0.7111 0.6814
vn -0.2080 0.7087 0.6742
vn -0.1756 0.7029 0.6893
vn -0.1752 0.7026 0.6897
vn -0.1757 0.7026 0.6896
vn -0.2362 0.7127 0.6605
vn -0.1397 0.7088 0.6915
vn -0.1062 0.7027 0.7035
vn -0.1059 0.7025 0.7038
vn -0.1063 0.7022 0.7040
vn -0.1030 0.7118 0.6948
vn -0.1043 0.7113 0.6952
vn -0.0702 0.7087 0.7020
vn -0.0352 0.7018 0.7115
vn -0.0351 0.7019 0.7114
vn -0.1044 0.7015 0.7049
vn -0.0346 0.7120 0.7013
vn -0.0352 0.7118 0.7015
vn -0.0345 0.7120 0.7013
vn -0.0353 0.7017 0.7115
vn 0.0348 0.7018 0.7115
vn 0.0352 0.7018 0.7115
vn 0.0356 0.7019 0.7114
vn 0.0703 0.7087 0.7020
vn 0.0350 0.7119 0.7014
vn 0.0345 0.7121 0.7013
vn 0.0352 0.7118 0.7015
vn 0.1064 0.7021 0.7041
vn 0.1062 0.7027 0.7035
vn 0.1397 0.7088 0.6915
vn 0.1029 0.7118 0.6948
vn 0.1043 0.7113 0.6952
vn 0.1047 0.7113 0.6950
vn 0.1757 0.7026 0.6895
vn 0.1752 0.7026 0.6897
vn 0.1756 0.7029 0.6893
vn 0.2080 0.7087 0.6742
vn 0.1734 0.7115 0.6809
vn 0.1730 0.7114 0.6812
vn 0.1728 0.7112 0.6815
vn 0.2740 0.7087 0.6501
vn 0.2363 0.7117 0.6615
vn 0.2400 0.7107 0.6612
vn 0.3376 0.7086 0.6197
vn 0.3025 0.7116 0.6341
vn 0.3046 0.7106 0.6342
vn 0.3054 0.7103 0.6342
vn 0.3685 0.7024 0.6089
vn 0.3703 0.7041 0.6059
vn 0.3993 0.7055 0.5855
vn 0.3668 0.7009 0.6117
vn 0.4249 0.7008 0.5730
vn 0.4278 0.7040 0.5669
vn 0.4268 0.7025 0.5695
vn 0.4536 0.7085 0.5406
vn 0.4215 0.7114 0.5623
vn 0.4244 0.7101 0.5618
vn 0.4554 0.7057 0.5428
vn 0.4791 0.7007 0.5287
vn 0.4822 0.7041 0.5214
vn 0.4847 0.7023 0.5215
vn 0.4751 0.7113 0.5181
vn 0.4706 0.7133 0.5193
vn 0.4824 0.7049 0.5200
vn 0.5053 0.7083 0.4929
vn 0.4793 0.7093 0.5169
vn 0.5285 0.7007 0.4793
vn 0.5347 0.7015 0.4712
vn 0.5241 0.7112 0.4686
vn 0.5276 0.7095 0.4672
vn 0.5190 0.7135 0.4707
vn 0.5316 0.7053 0.4691
vn 0.5518 0.7083 0.4402
vn 0.5744 0.7029 0.4194
vn 0.5749 0.7049 0.4154
vn 0.5734 0.7004 0.4250
vn 0.5678 0.7111 0.4147
vn 0.5716 0.7092 0.4127
vn 0.5949 0.7060 0.3843
vn 0.5729 0.7086 0.4119
vn 0.6008 0.7146 0.3583
vn 0.6008 0.7136 0.3602
vn 0.6182 0.6998 0.3580
vn 0.6135 0.7049 0.3561
vn 0.6134 0.7059 0.3542
vn 0.6117 0.7080 0.3528
vn 0.6457 0.7059 0.2912
vn 0.6590 0.7062 0.2587
vn 0.6435 0.7082 0.2906
vn 0.6710 0.7063 0.2254
vn 0.6593 0.7139 0.2360
vn 0.6721 0.7003 0.2405
vn 0.6960 0.7075 0.1227
vn 0.6968 0.7067 0.1229
vn 0.6893 0.7072 0.1571
vn 0.7052 0.7071 0.0528
vn 0.7015 0.7073 0.0879
vn 0.9997 -0.0000 -0.0250
vn 0.9972 -0.0000 -0.0748
vn 0.9626 -0.0000 -0.2709
vn 0.9480 -0.0000 -0.3183
vn 0.9480 -0.0000 -0.3182
vn 0.9479 -0.0000 -0.3185
vn 0.9310 -0.0000 -0.3651
vn 0.9308 -0.0000 -0.3656
vn 0.9115 -0.0000 -0.4112
vn 0.8661 -0.0000 -0.4999
vn 0.8659 -0.0000 -0.5002
vn 0.8400 -0.0000 -0.5426
vn 0.7817 -0.0000 -0.6237
vn 0.7819 -0.0000 -0.6234
vn 0.7819 -0.0000 -0.6233
vn 0.7497 -0.0000 -0.6618
vn 0.7496 -0.0000 -0.6618
vn 0.7499 -0.0000 -0.6615
vn 0.7496 -0.0000 -0.6619
vn 0.7160 -0.0000 -0.6981
vn 0.6800 -0.0000 -0.7332
vn 0.6425 -0.0000 -0.7663
vn 0.6432 -0.0000 -0.7657
vn 0.6429 -0.0000 -0.7660
vn 0.6038 -0.0000 -0.7972
vn 0.5633 -0.0000 -0.8262
vn 0.5211 -0.0000 -0.8535
vn 0.5216 -0.0000 -0.8532
vn 0.4786 -0.0000 -0.8781
vn 0.4338 -0.0000 -0.9010
vn 0.4335 -0.0000 -0.9011
vn 0.3888 -0.0000 -0.9213
vn 0.3420 -0.0000 -0.9397
vn 0.2945 -0.0000 -0.9556
vn 0.2470 -0.0000 -0.9690
vn 0.1983 -0.0000 -0.9801
vn 0.1487 -0.0000 -0.9889
vn 0.1489 -0.0000 -0.9889
vn 0.1488 -0.0000 -0.9889
vn 0.0998 -0.0000 -0.9950
vn 0.1001 -0.0000 -0.9950
vn 0.0995 -0.0000 -0.9950
vn 0.0500 -0.0000 -0.9987
vn 0.0497 -0.0000 -0.9988
vn 0.0499 -0.0000 -0.9988
vn -0.0499 -0.0000 -0.9988
vn -0.0497 -0.0000 -0.9988
vn -0.0500 -0.0000 -0.9987
vn -0.0995 -0.0000 -0.9950
vn -0.0998 -0.0000 -0.9950
vn -0.1001 -0.0000 -0.9950
vn -0.1489 -0.0000 -0.9889
vn -0.1488 -0.0000 -0.9889
vn -0.1487 -0.0000 -0.9889
vn -0.1983 -0.0000 -0.9801
vn -0.2470 -0.0000 -0.9690
vn -0.2945 -0.0000 -0.9556
vn -0.3420 -0.0000 -0.9397
vn -0.3888 -0.0000 -0.9213
vn -0.4338 -0.0000 -0.9010
vn -0.4335 -0.0000 -0.9011
vn -0.4786 -0.0000 -0.8781
vn -0.5216 -0.0000 -0.8532
vn -0.5211 -0.0000 -0.8535
vn -0.5633 -0.0000 -0.8262
vn -0.6038 -0.0000 -0.7972
vn -0.6429 -0.0000 -0.7660
vn -0.6425 -0.0000 -0.7663
vn -0.6432 -0.0000 -0.7657
vn -0.6802 -0.0000 -0.7331
vn -0.6798 -0.0000 -0.7334
vn -0.7160 -0.0000 -0.6981
vn -0.7496 -0.0000 -0.6619
vn -0.7499 -0.0000 -0.6616
vn -0.7819 -0.0000 -0.6234
vn -0.7817 -0.0000 -0.6237
vn -0.7819 -0.0000 -0.6233
vn -0.8119 -0.0000 -0.5839
vn -0.8121 -0.0000 -0.5836
vn -0.8400 -0.0000 -0.5426
vn -0.8661 -0.0000 -0.4999
vn -0.8659 -0.0000 -0.5002
vn -0.8899 -0.0000 -0.4562
vn -0.9309 -0.0000 -0.3653
vn -0.9479 -0.0000 -0.3186
vn -0.9626 -0.0000 -0.2709
vn -0.9848 -0.0000 -0.1736
vn -0.9922 -0.0000 -0.1244
vn -0.9972 -0.0000 -0.0748
vn 0.7189 0.6949 -0.0179
vn 0.7050 0.7072 -0.0529
vn 0.7021 0.7067 -0.0879
vn 0.6943 0.7195 -0.0173
vn 0.7054 0.7068 -0.0528
vn 0.7016 0.7071 -0.0879
vn 0.7067 0.7067 -0.0347
vn 0.7067 0.7067 -0.0348
vn 0.6963 0.7072 -0.1228
vn 0.6899 0.7066 -0.1574
vn 0.6994 0.7072 -0.1036
vn 0.7049 0.7016 -0.1044
vn 0.7053 0.7011 -0.1047
vn 0.6931 0.7135 -0.1028
vn 0.7002 0.7063 -0.1039
vn 0.6936 0.7129 -0.1030
vn 0.6969 0.7066 -0.1229
vn 0.6890 0.7074 -0.1573
vn 0.6860 0.7071 -0.1717
vn 0.6913 0.7015 -0.1730
vn 0.6917 0.7011 -0.1733
vn 0.6804 0.7074 -0.1913
vn 0.6710 0.7064 -0.2254
vn 0.6813 0.7064 -0.1917
vn 0.6697 0.7078 -0.2250
vn 0.6867 0.7063 -0.1720
vn 0.6798 0.7134 -0.1703
vn 0.6803 0.7128 -0.1704
vn 0.6658 0.7070 -0.2384
vn 0.6710 0.7014 -0.2403
vn 0.6714 0.7010 -0.2403
vn 0.6578 0.7076 -0.2581
vn 0.6451 0.7064 -0.2912
vn 0.6590 0.7063 -0.2587
vn 0.6436 0.7081 -0.2906
vn 0.6665 0.7063 -0.2386
vn 0.6598 0.7134 -0.2361
vn 0.6603 0.7128 -0.2364
vn 0.6393 0.7071 -0.3023
vn 0.6443 0.7015 -0.3046
vn 0.6446 0.7011 -0.3049
vn 0.6288 0.7077 -0.3222
vn 0.6134 0.7059 -0.3543
vn 0.6107 0.7064 -0.3577
vn 0.6117 0.7013 -0.3661
vn 0.6300 0.7062 -0.3230
vn 0.6063 0.7107 -0.3567
vn 0.6084 0.7100 -0.3545
vn 0.6113 0.7083 -0.3531
vn 0.6399 0.7063 -0.3027
vn 0.6335 0.7134 -0.2996
vn 0.6341 0.7127 -0.2999
vn 0.6112 0.7016 -0.3663
vn 0.5935 0.7079 -0.3830
vn 0.5751 0.7057 -0.4137
vn 0.5726 0.7062 -0.4164
vn 0.5742 0.7003 -0.4240
vn 0.5951 0.7059 -0.3842
vn 0.5681 0.7108 -0.4147
vn 0.5701 0.7103 -0.4128
vn 0.5730 0.7085 -0.4120
vn 0.6072 0.7063 -0.3639
vn 0.5723 0.7016 -0.4245
vn 0.5521 0.7080 -0.4403
vn 0.5313 0.7054 -0.4691
vn 0.5287 0.7061 -0.4710
vn 0.5291 0.7008 -0.4784
vn 0.5197 0.7139 -0.4693
vn 0.5263 0.7104 -0.4672
vn 0.5291 0.7086 -0.4667
vn 0.5685 0.7064 -0.4217
vn 0.5276 0.7016 -0.4789
vn 0.5055 0.7081 -0.4930
vn 0.4798 0.7059 -0.5211
vn 0.4791 0.7013 -0.5278
vn 0.5071 0.7057 -0.4947
vn 0.4710 0.7128 -0.5196
vn 0.4772 0.7107 -0.5168
vn 0.4794 0.7092 -0.5169
vn 0.5245 0.7065 -0.4752
vn 0.4780 0.7018 -0.5282
vn 0.4539 0.7083 -0.5407
vn 0.4284 0.7048 -0.5655
vn 0.4261 0.7057 -0.5660
vn 0.4246 0.7017 -0.5722
vn 0.4556 0.7055 -0.5428
vn 0.4180 0.7126 -0.5635
vn 0.4233 0.7111 -0.5614
vn 0.4256 0.7094 -0.5619
vn 0.4752 0.7064 -0.5245
vn 0.4243 0.7018 -0.5722
vn 0.3979 0.7083 -0.5831
vn 0.3698 0.7045 -0.6058
vn 0.3682 0.7055 -0.6055
vn 0.3685 0.7007 -0.6109
vn 0.3673 0.7102 -0.6006
vn 0.3655 0.7110 -0.6007
vn 0.3671 0.7097 -0.6012
vn 0.4216 0.7064 -0.5685
vn 0.3653 0.7020 -0.6113
vn 0.3377 0.7084 -0.6198
vn 0.3082 0.7040 -0.6399
vn 0.3073 0.7031 -0.6413
vn 0.3063 0.7030 -0.6419
vn 0.3393 0.7054 -0.6223
vn 0.3028 0.7113 -0.6343
vn 0.3061 0.7082 -0.6362
vn 0.3056 0.7100 -0.6344
vn 0.3638 0.7065 -0.6070
vn 0.3023 0.7069 -0.6394
vn 0.2743 0.7085 -0.6502
vn 0.2430 0.7038 -0.6676
vn 0.2426 0.7049 -0.6665
vn 0.2399 0.7021 -0.6704
vn 0.2754 0.7054 -0.6531
vn 0.2386 0.7114 -0.6610
vn 0.2394 0.7115 -0.6607
vn 0.2408 0.7104 -0.6613
vn 0.3000 0.7123 -0.6345
vn 0.2400 0.7022 -0.6704
vn 0.2074 0.7086 -0.6744
vn 0.1756 0.7035 -0.6887
vn 0.1748 0.7027 -0.6897
vn 0.1728 0.7029 -0.6900
vn 0.2087 0.7054 -0.6774
vn 0.1721 0.7115 -0.6813
vn 0.1753 0.7095 -0.6826
vn 0.1735 0.7108 -0.6817
vn 0.2385 0.7064 -0.6664
vn 0.1721 0.7068 -0.6862
vn 0.1398 0.7086 -0.6917
vn 0.1055 0.7031 -0.7033
vn 0.1065 0.7033 -0.7029
vn 0.1050 0.7027 -0.7037
vn 0.1707 0.7120 -0.6811
vn 0.1405 0.7053 -0.6948
vn 0.1040 0.7116 -0.6948
vn 0.1041 0.7116 -0.6949
vn 0.1050 0.7111 -0.6952
vn 0.1033 0.7026 -0.7040
vn 0.0707 0.7086 -0.7021
vn 0.0352 0.7027 -0.7107
vn 0.0361 0.7029 -0.7104
vn 0.0352 0.7025 -0.7108
vn 0.1037 0.7065 -0.7001
vn 0.0703 0.7054 -0.7053
vn 0.0347 0.7117 -0.7016
vn 0.0347 0.7116 -0.7017
vn 0.0348 0.7116 -0.7017
vn 0.0349 0.7026 -0.7107
vn -0.0000 0.7086 -0.7056
vn -0.0000 0.7053 -0.7089
vn 0.0347 0.7066 -0.7068
vn -0.0347 0.7068 -0.7066
vn -0.0353 0.7027 -0.7106
vn -0.0349 0.7025 -0.7108
vn -0.0352 0.7026 -0.7107
vn -0.0703 0.7086 -0.7021
vn -0.0348 0.7116 -0.7017
vn -0.0350 0.7116 -0.7017
vn -0.0347 0.7117 -0.7016
vn -0.0703 0.7054 -0.7053
vn -0.0345 0.7116 -0.7017
vn -0.1035 0.7067 -0.6999
vn -0.1052 0.7027 -0.7037
vn -0.1050 0.7027 -0.7037
vn -0.1055 0.7031 -0.7033
vn -0.1398 0.7085 -0.6917
vn -0.1037 0.7091 -0.6975
vn -0.1050 0.7111 -0.6952
vn -0.1040 0.7116 -0.6948
vn -0.1405 0.7053 -0.6948
vn -0.1030 0.7119 -0.6947
vn -0.1728 0.7028 -0.6901
vn -0.1748 0.7027 -0.6897
vn -0.1757 0.7035 -0.6887
vn -0.2077 0.7086 -0.6744
vn -0.1721 0.7068 -0.6862
vn -0.1735 0.7108 -0.6816
vn -0.1753 0.7094 -0.6827
vn -0.1721 0.7115 -0.6813
vn -0.2091 0.7054 -0.6773
vn -0.1708 0.7120 -0.6811
vn -0.2396 0.7024 -0.6703
vn -0.2423 0.7028 -0.6689
vn -0.2430 0.7037 -0.6676
vn -0.2743 0.7085 -0.6502
vn -0.2382 0.7068 -0.6661
vn -0.2376 0.7121 -0.6607
vn -0.2419 0.7085 -0.6629
vn -0.2408 0.7104 -0.6613
vn -0.2386 0.7114 -0.6610
vn -0.2751 0.7054 -0.6532
vn -0.3063 0.7030 -0.6419
vn -0.3073 0.7031 -0.6413
vn -0.3077 0.7041 -0.6400
vn -0.3377 0.7084 -0.6198
vn -0.3023 0.7069 -0.6394
vn -0.3000 0.7123 -0.6345
vn -0.3061 0.7082 -0.6362
vn -0.3056 0.7100 -0.6344
vn -0.3028 0.7113 -0.6343
vn -0.3389 0.7055 -0.6224
vn -0.3635 0.7069 -0.6067
vn -0.3693 0.7033 -0.6075
vn -0.3686 0.7007 -0.6109
vn -0.3698 0.7045 -0.6057
vn -0.3979 0.7083 -0.5831
vn -0.3672 0.7103 -0.6005
vn -0.3674 0.7079 -0.6032
vn -0.3608 0.7124 -0.6019
vn -0.3672 0.7097 -0.6012
vn -0.3992 0.7055 -0.5855
vn -0.4246 0.7016 -0.5722
vn -0.4277 0.7036 -0.5676
vn -0.4284 0.7048 -0.5655
vn -0.4539 0.7083 -0.5407
vn -0.4213 0.7069 -0.5681
vn -0.4179 0.7125 -0.5636
vn -0.4253 0.7076 -0.5643
vn -0.4255 0.7094 -0.5619
vn -0.4180 0.7127 -0.5634
vn -0.4556 0.7056 -0.5428
vn -0.4555 0.7056 -0.5428
vn -0.4791 0.7013 -0.5278
vn -0.4798 0.7059 -0.5211
vn -0.4821 0.7051 -0.5200
vn -0.5055 0.7081 -0.4930
vn -0.4781 0.7018 -0.5282
vn -0.4753 0.7064 -0.5244
vn -0.4799 0.7090 -0.5168
vn -0.4771 0.7107 -0.5169
vn -0.4710 0.7128 -0.5196
vn -0.5072 0.7057 -0.4947
vn -0.5291 0.7008 -0.4784
vn -0.5309 0.7039 -0.4719
vn -0.5313 0.7054 -0.4692
vn -0.5521 0.7080 -0.4403
vn -0.5240 0.7070 -0.4751
vn -0.5291 0.7087 -0.4667
vn -0.5281 0.7072 -0.4701
vn -0.5196 0.7128 -0.4711
vn -0.5196 0.7127 -0.4712
vn -0.5685 0.7064 -0.4216
vn -0.5726 0.7062 -0.4164
vn -0.5723 0.7016 -0.4245
vn -0.5741 0.7004 -0.4241
vn -0.5752 0.7057 -0.4136
vn -0.5935 0.7079 -0.3830
vn -0.5701 0.7103 -0.4128
vn -0.5730 0.7085 -0.4120
vn -0.5631 0.7132 -0.4174
vn -0.5951 0.7059 -0.3842
vn -0.6116 0.7014 -0.3661
vn -0.6131 0.7044 -0.3578
vn -0.6288 0.7077 -0.3222
vn -0.6066 0.7069 -0.3636
vn -0.6063 0.7108 -0.3566
vn -0.6105 0.7068 -0.3573
vn -0.6014 0.7128 -0.3607
vn -0.6115 0.7081 -0.3530
vn -0.6300 0.7062 -0.3230
vn -0.6400 0.7063 -0.3026
vn -0.6393 0.7071 -0.3022
vn -0.6443 0.7015 -0.3046
vn -0.6451 0.7064 -0.2912
vn -0.6578 0.7076 -0.2581
vn -0.6446 0.7011 -0.3049
vn -0.6341 0.7128 -0.2998
vn -0.6439 0.7079 -0.2905
vn -0.6590 0.7063 -0.2587
vn -0.6335 0.7134 -0.2996
vn -0.6710 0.7064 -0.2254
vn -0.6804 0.7074 -0.1913
vn -0.6659 0.7070 -0.2383
vn -0.6709 0.7015 -0.2403
vn -0.6714 0.7011 -0.2403
vn -0.6598 0.7134 -0.2361
vn -0.6666 0.7062 -0.2387
vn -0.6602 0.7130 -0.2362
vn -0.6697 0.7078 -0.2250
vn -0.6813 0.7064 -0.1917
vn -0.6899 0.7066 -0.1575
vn -0.6962 0.7073 -0.1226
vn -0.6860 0.7071 -0.1717
vn -0.6913 0.7015 -0.1730
vn -0.6917 0.7011 -0.1733
vn -0.6801 0.7130 -0.1705
vn -0.6868 0.7062 -0.1721
vn -0.6798 0.7134 -0.1702
vn -0.6891 0.7074 -0.1573
vn -0.6969 0.7066 -0.1230
vn -0.7049 0.7016 -0.1045
vn -0.6994 0.7072 -0.1036
vn -0.7053 0.7011 -0.1047
vn -0.7020 0.7067 -0.0880
vn -0.7050 0.7072 -0.0528
vn -0.7189 0.6949 -0.0179
vn -0.7003 0.7063 -0.1039
vn -0.7067 0.7067 -0.0347
vn -0.6937 0.7129 -0.1029
vn -0.7016 0.7071 -0.0879
vn -0.7054 0.7068 -0.0528
vn -0.6943 0.7195 -0.0173
vn -0.6931 0.7135 -0.1028
vn -0.0000 -0.0252 -0.9997
vn -0.0000 -0.0750 -0.9972
vn -0.0000 -0.1239 -0.9923
vn -0.0000 -0.1737 -0.9848
vn -0.0000 -0.2226 -0.9749
vn -0.0000 -0.2709 -0.9626
vn -0.0000 -0.2708 -0.9626
vn -0.0000 -0.3183 -0.9480
vn -0.0000 -0.3656 -0.9308
vn -0.0000 -0.3657 -0.9307
vn -0.0000 -0.4109 -0.9117
vn -0.0000 -0.4567 -0.8896
vn -0.0000 -0.4566 -0.8897
vn -0.0000 -0.4997 -0.8662
vn -0.0000 -0.5425 -0.8400
vn -0.0000 -0.5424 -0.8401
vn -0.0000 -0.5838 -0.8119
vn -0.0000 -0.5837 -0.8120
vn -0.0000 -0.6235 -0.7818
vn -0.0000 -0.6617 -0.7497
vn -0.0000 -0.6983 -0.7158
vn -0.0000 -0.7330 -0.6802
vn -0.0000 -0.7329 -0.6803
vn -0.0000 -0.7331 -0.6801
vn -0.0000 -0.7659 -0.6430
vn -0.0000 -0.7660 -0.6428
vn -0.0000 -0.7971 -0.6039
vn -0.0000 -0.7972 -0.6037
vn -0.0000 -0.8261 -0.5635
vn -0.0000 -0.8263 -0.5633
vn -0.0000 -0.8534 -0.5212
vn -0.0000 -0.8780 -0.4786
vn -0.0000 -0.8781 -0.4784
vn -0.0000 -0.9010 -0.4338
vn -0.0000 -0.9215 -0.3885
vn -0.0000 -0.9216 -0.3881
vn -0.0000 -0.9216 -0.3882
vn -0.0000 -0.9397 -0.3419
vn -0.0000 -0.9396 -0.3422
vn -0.0000 -0.9215 -0.3884
vn -0.0000 -0.9556 -0.2948
vn -0.0000 -0.9690 -0.2470
vn -0.0000 -0.9802 -0.1979
vn -0.0000 -0.9888 -0.1490
vn -0.0000 -0.9888 -0.1493
vn -0.0000 -0.9950 -0.0996
vn -0.0000 -0.9988 -0.0500
vn -0.0000 -0.9988 -0.0497
vn -0.0000 -0.9988 0.0496
vn -0.0000 -0.9988 0.0499
vn -0.0000 -0.9950 0.0996
vn -0.0000 -0.9951 0.0994
vn -0.0000 -0.9888 0.1492
vn -0.0000 -0.9888 0.1489
vn -0.0000 -0.9889 0.1487
vn -0.0000 -0.9889 0.1489
vn -0.0000 -0.9802 0.1981
vn -0.0000 -0.9691 0.2468
vn -0.0000 -0.9556 0.2948
vn -0.0000 -0.9214 0.3887
vn -0.0000 -0.9215 0.3885
vn -0.0000 -0.9397 0.3419
vn -0.0000 -0.9396 0.3422
vn -0.0000 -0.9215 0.3884
vn -0.0000 -0.9010 0.4338
vn -0.0000 -0.8781 0.4784
vn -0.0000 -0.8782 0.4783
vn -0.0000 -0.8532 0.5215
vn -0.0000 -0.8263 0.5633
vn -0.0000 -0.8261 0.5635
vn -0.0000 -0.7972 0.6037
vn -0.0000 -0.7971 0.6039
vn -0.0000 -0.7660 0.6428
vn -0.0000 -0.7659 0.6430
vn -0.0000 -0.7335 0.6797
vn -0.0000 -0.7333 0.6799
vn -0.0000 -0.6979 0.7162
vn -0.0000 -0.6617 0.7497
vn -0.0000 -0.6235 0.7818
vn -0.0000 -0.5837 0.8120
vn -0.0000 -0.5838 0.8119
vn -0.0000 -0.5424 0.8401
vn -0.0000 -0.5425 0.8400
vn -0.0000 -0.5002 0.8659
vn -0.0000 -0.4559 0.8900
vn -0.0000 -0.4561 0.8899
vn -0.0000 -0.4116 0.9114
vn -0.0000 -0.3650 0.9310
vn -0.0000 -0.3649 0.9310
vn -0.0000 -0.3183 0.9480
vn -0.0000 -0.2715 0.9624
vn -0.0000 -0.2716 0.9624
vn -0.0000 -0.2219 0.9751
vn -0.0000 -0.1737 0.9848
vn -0.0000 -0.0750 0.9972
vn -0.0000 -0.1247 0.9922
vn -0.0000 -0.0245 0.9997
vn -0.0000 -0.3182 -0.9480
vn -0.0000 -0.4998 -0.8662
vn -0.0000 -0.6234 -0.7819
vn -0.0000 -0.6982 -0.7159
vn -0.0000 -0.9011 -0.4336
vn -0.0000 -0.9009 -0.4340
vn -0.0000 -0.9691 -0.2467
vn -0.0000 -0.9802 -0.1982
vn -0.0000 -0.9801 0.1984
vn -0.0000 -0.9691 0.2465
vn -0.0000 -0.9009 0.4340
vn -0.0000 -0.9011 0.4336
vn -0.0000 -0.6981 0.7160
vn -0.0000 -0.6234 0.7819
vn -0.0000 -0.5004 0.8658
vn -0.0000 -0.5003 0.8658
vn -0.0000 -0.3182 0.9480
vn -0.0000 -0.4560 0.8900
vn -0.0000 -0.5837 0.8119
vn -0.0000 -0.6618 0.7497
vn -0.0000 -0.6617 0.7498
vn -0.0000 -0.6980 0.7161
vn -0.0000 -0.7334 0.6798
vn -0.0000 -0.7659 0.6429
vn -0.0000 -0.8262 0.5634
vn -0.0000 -0.8262 0.5633
vn -0.0000 -0.8533 0.5214
vn -0.0000 -0.8532 0.5216
vn -0.0000 -0.8782 0.4782
vn -0.0000 -0.9010 0.4337
vn -0.0000 -0.9214 0.3886
vn -0.0000 -0.9397 0.3421
vn -0.0000 -0.9555 0.2948
vn -0.0000 -0.9556 0.2947
vn -0.0000 -0.9888 0.1490
vn -0.0000 -0.9950 0.0998
vn -0.0000 -0.9950 0.0994
vn -0.0000 -0.9988 0.0497
vn -0.0000 -0.9988 -0.0498
vn -0.0000 -0.9951 -0.0992
vn -0.0000 -0.9950 -0.0995
vn -0.0000 -0.9950 -0.0997
vn -0.0000 -0.9888 -0.1492
vn -0.0000 -0.9802 -0.1980
vn -0.0000 -0.9556 -0.2947
vn -0.0000 -0.9555 -0.2948
vn -0.0000 -0.9397 -0.3421
vn -0.0000 -0.9215 -0.3883
vn -0.0000 -0.8781 -0.4785
vn -0.0000 -0.9010 -0.4337
vn -0.0000 -0.8535 -0.5211
vn -0.0000 -0.8262 -0.5633
vn -0.0000 -0.8262 -0.5634
vn -0.0000 -0.7659 -0.6429
vn -0.0000 -0.6984 -0.7157
vn -0.0000 -0.6617 -0.7498
vn -0.0000 -0.6618 -0.7497
vn -0.0000 -0.5837 -0.8119
vn -0.0000 -0.1240 -0.9923
vn -0.0000 -0.4565 -0.8897
vn 1.0000 0.0002 -0.0000
vn 1.0000 -0.0002 -0.0000
vn -1.0000 0.0001 -0.0000
vn -1.0000 -0.0001 -0.0000
vn -1.0000 -0.0002 -0.0000
vn -1.0000 0.0002 -0.0000
vn -0.0000 -0.1220 0.9925
vn -0.0000 -0.3560 0.9345
vn -0.0000 -0.5693 0.8221
vn -0.0000 -0.7494 0.6621
vn -0.0000 -0.7495 0.6620
vn -0.0000 -0.8862 0.4634
vn -0.0000 -0.8861 0.4634
vn -0.0000 -0.9713 0.2379
vn -0.0000 -1.0000 -0.0015
vn -0.0000 -0.8848 -0.4660
vn -0.0000 -0.9706 -0.2407
vn -0.0000 -0.7475 -0.6642
vn -0.0000 -0.8848 -0.4661
vn -0.0000 -0.5669 -0.8238
vn -0.0000 -0.3532 -0.9356
vn -0.0000 -0.1191 -0.9929
vn -0.0000 -0.0886 0.9961
vn -0.0000 -0.2603 0.9655
vn -0.0000 -0.4240 0.9057
vn -0.0000 -0.5748 0.8183
vn -0.0000 -0.7081 0.7061
vn -0.0000 -0.8200 0.5723
vn -0.0000 -0.9069 0.4213
vn -0.0000 -0.9663 0.2574
vn -0.0000 -0.9963 0.0857
vn -0.0000 -0.9961 -0.0886
vn -0.0000 -0.9655 -0.2602
vn -0.0000 -0.8183 -0.5748
vn -0.0000 -0.9057 -0.4240
vn -0.0000 -0.7061 -0.7082
vn -0.0000 -0.5724 -0.8200
vn -0.0000 -0.4213 -0.9069
vn -0.0000 -0.2574 -0.9663
vn -0.0000 -0.0857 -0.9963
vn -0.0000 0.0887 -0.9961
vn -0.0000 0.2602 -0.9655
vn -0.0000 0.4240 -0.9057
vn -0.0000 0.5748 -0.8183
vn -0.0000 0.7081 -0.7061
vn -0.0000 0.8200 -0.5724
vn -0.0000 0.9069 -0.4213
vn -0.0000 0.9663 -0.2574
vn -0.0000 0.9963 -0.0857
vn -0.0000 0.9961 0.0886
vn -0.0000 0.9655 0.2603
vn -0.0000 0.9655 0.2602
vn -0.0000 0.9057 0.4240
vn -0.0000 0.8183 0.5748
vn -0.0000 0.5724 0.8200
vn -0.0000 0.7061 0.7082
vn -0.0000 0.2574 0.9663
vn -0.0000 0.4212 0.9069
vn -0.0000 0.4212 0.9070
vn -0.0000 0.0856 0.9963
vn -0.0000 0.1220 -0.9925
vn -0.0000 0.3560 -0.9345
vn -0.0000 0.5693 -0.8221
vn -0.0000 0.7495 -0.6620
vn -0.0000 0.8861 -0.4634
vn -0.0000 0.8862 -0.4634
vn -0.0000 0.9713 -0.2379
vn -0.0000 1.0000 0.0015
vn -0.0000 0.9706 0.2407
vn -0.0000 0.7476 0.6642
vn -0.0000 0.8848 0.4660
vn -0.0000 0.8848 0.4661
vn -0.0000 0.5668 0.8239
vn -0.0000 0.3533 0.9355
vn -0.0000 0.1190 0.9929
vn -0.0000 0.4974 0.8675
vn -0.0000 0.2753 0.9614
vn -0.0000 0.2753 0.9613
vn -0.0000 0.0372 0.9993
vn -0.0000 -0.2030 0.9792
vn -0.0000 -0.4314 0.9021
vn -0.0000 -0.4314 0.9022
vn -0.0000 -0.6348 0.7727
vn -0.0000 -0.8012 0.5983
vn -0.0000 -0.9875 0.1574
vn -0.0000 -0.9212 0.3891
vn -0.0000 -0.9212 0.3892
vn -0.0000 -0.9965 -0.0835
vn -0.0000 -0.9476 -0.3196
vn -0.0000 -0.8436 -0.5370
vn -0.0000 -0.6905 -0.7233
vn -0.0000 0.5262 0.8504
vn -0.0000 0.5261 0.8504
vn -0.0000 0.3705 0.9288
vn -0.0000 0.2036 0.9790
vn -0.0000 0.0305 0.9995
vn -0.0000 -0.1435 0.9897
vn -0.0000 -0.3132 0.9497
vn -0.0000 -0.4734 0.8809
vn -0.0000 -0.6191 0.7853
vn -0.0000 -0.7461 0.6658
vn -0.0000 -0.7461 0.6659
vn -0.0000 -0.8504 0.5262
vn -0.0000 -0.9288 0.3705
vn -0.0000 -0.9995 0.0305
vn -0.0000 -0.9791 0.2036
vn -0.0000 -0.9896 -0.1435
vn -0.0000 -0.9497 -0.3132
vn -0.0000 -0.8809 -0.4733
vn -0.0000 -0.7853 -0.6191
vn -0.0000 -0.6658 -0.7461
vn -0.0000 -0.5262 -0.8504
vn -0.0000 -0.3705 -0.9288
vn -0.0000 -0.2036 -0.9791
vn -0.0000 -0.0305 -0.9995
vn -0.0000 0.1436 -0.9896
vn -0.0000 0.3132 -0.9497
vn -0.0000 0.4733 -0.8809
vn -0.0000 0.6191 -0.7853
vn -0.0000 0.7461 -0.6658
vn -0.0000 0.7461 -0.6659
vn -0.0000 0.8504 -0.5262
vn -0.0000 0.9288 -0.3705
vn -0.0000 0.9791 -0.2036
vn -0.0000 0.9995 -0.0305
vn -0.0000 0.9497 0.3132
vn -0.0000 0.9896 0.1435
vn -0.0000 0.7853 0.6191
vn -0.0000 0.8809 0.4733
vn -0.0000 0.6659 0.7461
vn -0.0000 -0.4974 -0.8675
vn -0.0000 -0.2752 -0.9614
vn -0.0000 -0.0372 -0.9993
vn -0.0000 0.2029 -0.9792
vn -0.0000 0.4315 -0.9021
vn -0.0000 0.6348 -0.7727
vn -0.0000 0.8013 -0.5983
vn -0.0000 0.9212 -0.3892
vn -0.0000 0.9212 -0.3891
vn -0.0000 0.9965 0.0835
vn -0.0000 0.9875 -0.1574
vn -0.0000 0.9476 0.3196
vn -0.0000 0.8436 0.5370
vn -0.0000 0.6905 0.7234
vn -0.0000 -0.3721 0.9282
vn -0.0000 -0.1391 0.9903
vn -0.0000 0.1018 0.9948
vn -0.0000 0.3370 0.9415
vn -0.0000 0.5526 0.8335
vn -0.0000 0.5525 0.8335
vn -0.0000 0.7359 0.6771
vn -0.0000 0.8766 0.4812
vn -0.0000 0.9998 0.0188
vn -0.0000 0.9663 0.2575
vn -0.0000 0.9753 -0.2210
vn -0.0000 0.9753 -0.2211
vn -0.0000 0.8940 -0.4480
vn -0.0000 0.7608 -0.6490
vn -0.0000 0.5834 -0.8122
vn -0.0000 -0.4030 0.9152
vn -0.0000 -0.2380 0.9713
vn -0.0000 -0.0657 0.9978
vn -0.0000 0.1085 0.9941
vn -0.0000 0.2795 0.9601
vn -0.0000 0.4420 0.8970
vn -0.0000 0.5910 0.8066
vn -0.0000 0.7221 0.6918
vn -0.0000 0.8313 0.5558
vn -0.0000 0.9152 0.4031
vn -0.0000 0.9713 0.2380
vn -0.0000 0.9941 -0.1085
vn -0.0000 0.9978 0.0657
vn -0.0000 0.9601 -0.2795
vn -0.0000 0.8970 -0.4420
vn -0.0000 0.8066 -0.5911
vn -0.0000 0.6918 -0.7221
vn -0.0000 0.6917 -0.7221
vn -0.0000 0.5558 -0.8313
vn -0.0000 0.4031 -0.9152
vn -0.0000 0.2380 -0.9713
vn -0.0000 0.0658 -0.9978
vn -0.0000 -0.1085 -0.9941
vn -0.0000 -0.2796 -0.9601
vn -0.0000 -0.4420 -0.8970
vn -0.0000 -0.5910 -0.8066
vn -0.0000 -0.7221 -0.6917
vn -0.0000 -0.8313 -0.5559
vn -0.0000 -0.8313 -0.5558
vn -0.0000 -0.9152 -0.4030
vn -0.0000 -0.9713 -0.2380
vn -0.0000 -0.9978 -0.0657
vn -0.0000 -0.9941 0.1085
vn -0.0000 -0.8970 0.4420
vn -0.0000 -0.9601 0.2795
vn -0.0000 -0.6918 0.7221
vn -0.0000 -0.8066 0.5910
vn -0.0000 -0.6917 0.7221
vn -0.0000 -0.5558 0.8313
vn -0.0000 0.3722 -0.9282
vn -0.0000 0.1391 -0.9903
vn -0.0000 -0.1019 -0.9948
vn -0.0000 -0.3370 -0.9415
vn -0.0000 -0.5525 -0.8335
vn -0.0000 -0.7360 -0.6770
vn -0.0000 -0.8766 -0.4813
vn -0.0000 -0.9663 -0.2575
vn -0.0000 -0.9753 0.2211
vn -0.0000 -0.9753 0.2210
vn -0.0000 -0.9998 -0.0188
vn -0.0000 -0.8940 0.4480
vn -0.0000 -0.7608 0.6490
vn -0.0000 -0.5834 0.8122
vn -0.0000 -0.9235 -0.3837
vn -0.0000 -0.9884 -0.1516
vn -0.0000 -0.9960 0.0894
vn -0.0000 -0.9457 0.3252
vn -0.0000 -0.8404 0.5420
vn -0.0000 -0.6862 0.7274
vn -0.0000 -0.4922 0.8705
vn -0.0000 -0.0313 0.9995
vn -0.0000 -0.2696 0.9630
vn -0.0000 0.2088 0.9780
vn -0.0000 0.2087 0.9780
vn -0.0000 0.4368 0.8995
vn -0.0000 0.4369 0.8995
vn -0.0000 0.6393 0.7689
vn -0.0000 0.8048 0.5935
vn -0.0000 -0.9101 -0.4145
vn -0.0000 -0.9682 -0.2501
vn -0.0000 -0.9969 -0.0782
vn -0.0000 -0.9954 0.0961
vn -0.0000 -0.9636 0.2675
vn -0.0000 -0.9025 0.4307
vn -0.0000 -0.8140 0.5809
vn -0.0000 -0.7007 0.7134
vn -0.0000 -0.5662 0.8243
vn -0.0000 -0.4145 0.9100
vn -0.0000 -0.2501 0.9682
vn -0.0000 0.0961 0.9954
vn -0.0000 -0.0782 0.9969
vn -0.0000 0.2674 0.9636
vn -0.0000 0.4308 0.9025
vn -0.0000 0.5809 0.8140
vn -0.0000 0.7134 0.7008
vn -0.0000 0.7134 0.7007
vn -0.0000 0.8243 0.5662
vn -0.0000 0.9101 0.4145
vn -0.0000 0.9682 0.2502
vn -0.0000 0.9969 0.0782
vn -0.0000 0.9954 -0.0961
vn -0.0000 0.9636 -0.2675
vn -0.0000 0.9025 -0.4307
vn -0.0000 0.8140 -0.5809
vn -0.0000 0.7008 -0.7134
vn -0.0000 0.5662 -0.8243
vn -0.0000 0.4144 -0.9101
vn -0.0000 0.2501 -0.9682
vn -0.0000 0.0782 -0.9969
vn -0.0000 -0.0961 -0.9954
vn -0.0000 -0.4308 -0.9025
vn -0.0000 -0.2674 -0.9636
vn -0.0000 -0.7134 -0.7007
vn -0.0000 -0.5809 -0.8140
vn -0.0000 -0.8243 -0.5662
vn -0.0000 0.9235 0.3837
vn -0.0000 0.9884 0.1516
vn -0.0000 0.9960 -0.0894
vn -0.0000 0.9457 -0.3252
vn -0.0000 0.8403 -0.5421
vn -0.0000 0.6862 -0.7274
vn -0.0000 0.4923 -0.8704
vn -0.0000 0.2695 -0.9630
vn -0.0000 -0.2089 -0.9779
vn -0.0000 0.0314 -0.9995
vn -0.0000 -0.4368 -0.8996
vn -0.0000 -0.4367 -0.8996
vn -0.0000 -0.6394 -0.7689
vn -0.0000 -0.8048 -0.5936
s 1
f 1//1 2//2 3//1
f 3//3 4//3 5//3
f 2//2 4//2 3//1
f 5//4 6//5 7//4
f 4//3 6//3 5//3
f 7//6 8//6 9//6
f 6//5 8//5 7//4
f 9//7 10//7 11//7
f 8//6 10//6 9//6
f 11//8 12//8 13//8
f 10//7 12//7 11//7
f 13//9 14//9 15//9
f 12//8 14//8 13//8
f 15//10 16//10 17//10
f 14//9 16//9 15//9
f 17//11 18//11 19//11
f 16//10 18//10 17//10
f 19//12 20//12 21//12
f 18//11 20//11 19//11
f 21//13 22//13 23//13
f 20//12 22//12 21//12
f 23//14 24//15 25//14
f 22//13 24//13 23//13
f 25//16 26//16 27//16
f 24//15 26//15 25//14
f 27//17 28//17 29//17
f 26//16 28//16 27//16
f 29//18 30//19 31//18
f 28//17 30//17 29//17
f 31//20 32//21 33//20
f 30//19 32//19 31//18
f 33//22 34//23 35//22
f 32//21 34//21 33//20
f 34//23 36//23 35//22
f 35//24 36//25 37//24
f 36//25 38//25 37//24
f 37//26 38//26 39//26
f 38//26 40//26 39//26
f 39//27 40//28 41//27
f 41//29 42//30 43//29
f 40//28 42//28 41//27
f 43//31 44//31 45//31
f 42//30 44//30 43//29
f 45//32 46//33 47//34
f 44//31 46//31 45//31
f 47//35 48//35 49//35
f 46//33 48//33 47//34
f 49//36 50//37 51//36
f 48//35 50//35 49//35
f 51//38 52//39 53//38
f 50//37 52//37 51//36
f 53//40 54//40 55//40
f 52//39 54//39 53//38
f 55//41 56//42 57//41
f 54//40 56//40 55//40
f 56//42 58//43 57//41
f 57//44 58//45 59//44
f 58//45 60//45 59//44
f 59//46 60//46 61//46
f 60//46 62//46 61//46
f 61//47 62//48 63//49
f 62//48 64//48 63//49
f 63//50 64//50 65//50
f 64//50 66//50 65//50
f 65//51 66//52 67//53
f 66//52 68//52 67//53
f 67//54 68//54 69//54
f 68//54 70//54 69//54
f 69//55 70//56 71//55
f 70//56 72//56 71//55
f 71//57 72//58 73//57
f 72//58 74//58 73//57
f 73//59 74//59 75//59
f 74//59 76//59 75//59
f 75//60 76//61 77//60
f 76//61 78//61 77//60
f 77//62 78//63 79//62
f 79//64 80//64 81//64
f 78//63 80//63 79//62
f 81//65 82//66 83//65
f 80//64 82//64 81//64
f 83//67 84//67 85//67
f 82//66 84//66 83//65
f 85//68 86//69 87//68
f 84//67 86//67 85//67
f 87//70 88//71 89//70
f 86//69 88//69 87//68
f 88//71 90//72 89//70
f 89//73 90//73 91//73
f 90//73 92//73 91//73
f 91//74 92//75 93//74
f 92//75 94//75 93//74
f 93//76 94//77 95//76
f 94//77 96//77 95//76
f 95//78 96//79 97//78
f 96//79 98//79 97//78
f 97//80 98//81 99//80
f 98//81 100//81 99//80
f 99//82 100//82 101//82
f 100//82 102//82 101//82
f 101//83 102//83 103//83
f 102//83 104//83 103//83
f 104//84 105//84 103//85
f 103//85 105//84 106//85
f 105//86 107//86 106//87
f 108//88 107//88 109//88
f 106//87 107//86 108//87
f 107//88 110//88 109//88
f 109//89 110//89 111//89
f 110//89 112//89 111//89
f 111//90 112//90 113//90
f 112//90 114//90 113//90
f 114//91 115//91 113//91
f 116//92 115//92 117//92
f 113//91 115//91 116//91
f 115//92 118//92 117//92
f 117//93 118//93 119//93
f 118//93 120//93 119//93
f 121//94 122//94 123//94
f 119//95 122//95 121//95
f 120//95 122//95 119//95
f 122//94 124//94 123//94
f 123//96 124//96 125//96
f 125//97 126//97 127//97
f 124//96 126//96 125//96
f 126//97 128//97 127//97
f 129//1 130//2 131//1
f 131//3 132//3 133//3
f 130//2 132//2 131//1
f 133//4 134//5 135//4
f 132//3 134//3 133//3
f 135//6 136//6 137//6
f 134//5 136//5 135//4
f 137//7 138//7 139//7
f 136//6 138//6 137//6
f 139//8 140//8 141//8
f 138//7 140//7 139//7
f 141//9 142//9 143//9
f 140//8 142//8 141//8
f 143//10 144//10 145//10
f 142//9 144//9 143//9
f 145//11 146//11 147//11
f 144//10 146//10 145//10
f 147//12 148//12 149//12
f 146//11 148//11 147//11
f 149//13 150//13 151//13
f 148//12 150//12 149//12
f 151//98 152//15 153//98
f 150//13 152//13 151//13
f 153//99 154//16 155//99
f 152//15 154//15 153//98
f 155//100 156//17 157//100
f 154//16 156//16 155//99
f 157//18 158//19 159//18
f 156//17 158//17 157//100
f 159//20 160//21 161//20
f 158//19 160//19 159//18
f 161//22 162//23 163//22
f 160//21 162//21 161//20
f 162//23 164//23 163//22
f 163//25 164//25 165//25
f 164//25 166//25 165//25
f 165//101 166//26 167//101
f 166//26 168//26 167//101
f 167//27 168//28 169//27
f 169//29 170//30 171//29
f 168//28 170//28 169//27
f 171//31 172//31 173//31
f 170//30 172//30 171//29
f 173//32 174//33 175//34
f 172//31 174//31 173//31
f 175//35 176//35 177//35
f 174//33 176//33 175//34
f 177//36 178//37 179//36
f 176//35 178//35 177//35
f 179//102 180//39 181//102
f 178//37 180//37 179//36
f 181//103 182//104 183//105
f 180//39 182//39 181//102
f 183//41 184//42 185//41
f 182//104 184//104 183//105
f 184//42 186//43 185//41
f 185//44 186//45 187//44
f 186//45 188//45 187//44
f 187//46 188//46 189//46
f 188//46 190//46 189//46
f 189//47 190//48 191//49
f 190//48 192//48 191//49
f 191//50 192//50 193//50
f 192//50 194//50 193//50
f 193//51 194//52 195//53
f 194//52 196//52 195//53
f 195//54 196//54 197//54
f 196//54 198//54 197//54
f 197//55 198//56 199//55
f 198//56 200//56 199//55
f 199//57 200//58 201//57
f 200//58 202//58 201//57
f 201//106 202//59 203//106
f 202//59 204//59 203//106
f 203//60 204//107 205//60
f 204//107 206//107 205//60
f 205//62 206//63 207//62
f 207//64 208//64 209//64
f 206//63 208//63 207//62
f 209//65 210//66 211//65
f 208//64 210//64 209//64
f 211//67 212//67 213//67
f 210//66 212//66 211//65
f 213//68 214//69 215//68
f 212//67 214//67 213//67
f 215//70 216//71 217//70
f 214//69 216//69 215//68
f 216//71 218//72 217//70
f 217//73 218//108 219//73
f 218//108 220//109 219//73
f 219//74 220//74 221//74
f 220//74 222//74 221//74
f 221//76 222//77 223//76
f 222//77 224//77 223//76
f 223//78 224//79 225//78
f 224//79 226//79 225//78
f 225//80 226//81 227//80
f 226//81 228//81 227//80
f 227//82 228//110 229//82
f 228//110 230//110 229//82
f 229//83 230//111 231//83
f 230//111 232//111 231//83
f 232//84 233//84 231//112
f 231//112 233//84 234//112
f 233//86 235//86 234//86
f 236//88 235//88 237//88
f 234//86 235//86 236//86
f 235//88 238//88 237//88
f 237//89 238//89 239//89
f 238//89 240//89 239//89
f 239//90 240//90 241//90
f 240//90 242//90 241//90
f 242//91 243//91 241//91
f 244//92 243//92 245//92
f 241//91 243//91 244//91
f 243//92 246//92 245//92
f 245//93 246//93 247//93
f 246//93 248//93 247//93
f 249//94 250//94 251//94
f 247//95 250//95 249//95
f 248//95 250//95 247//95
f 250//94 252//94 251//94
f 251//96 252//96 253//96
f 253//97 254//97 255//97
f 252//96 254//96 253//96
f 254//97 256//97 255//97
f 257//97 258//97 259//97
f 259//96 260//96 261//96
f 258//97 260//97 259//97
f 261//94 262//94 263//94
f 260//96 262//96 261//96
f 263//95 264//95 265//95
f 262//94 264//94 263//94
f 265//93 266//93 267//93
f 264//95 266//95 265//95
f 267//113 268//92 269//113
f 266//93 268//93 267//93
f 269//91 270//91 271//91
f 268//92 270//92 269//113
f 271//114 272//90 273//114
f 270//91 272//91 271//91
f 273//115 274//89 275//115
f 272//90 274//90 273//114
f 275//116 276//117 277//116
f 274//89 276//89 275//115
f 277//118 278//86 279//87
f 276//117 278//117 277//116
f 279//85 280//84 281//85
f 278//86 280//86 279//87
f 281//119 282//120 283//119
f 280//84 282//84 281//85
f 283//82 284//82 285//82
f 282//120 284//120 283//119
f 285//121 286//121 287//121
f 284//82 286//82 285//82
f 287//79 288//79 289//79
f 286//121 288//121 287//121
f 289//76 290//122 291//76
f 288//79 290//79 289//79
f 290//122 292//122 291//76
f 291//75 292//123 293//75
f 292//123 294//123 293//75
f 293//124 294//124 295//124
f 294//124 296//124 295//124
f 295//72 296//125 297//72
f 296//125 298//125 297//72
f 299//126 300//127 301//126
f 297//128 300//128 299//128
f 298//128 300//128 297//128
f 301//129 302//130 303//66
f 300//127 302//127 301//126
f 303//64 304//64 305//64
f 302//130 304//130 303//66
f 305//131 306//131 307//131
f 304//64 306//64 305//64
f 307//132 308//132 309//132
f 306//131 308//131 307//131
f 309//106 310//59 311//106
f 308//132 310//132 309//132
f 311//133 312//133 313//133
f 310//59 312//59 311//106
f 312//133 314//133 313//133
f 313//56 314//56 315//56
f 314//56 316//56 315//56
f 316//134 317//134 315//135
f 318//53 317//52 319//53
f 315//135 317//134 318//135
f 317//52 320//52 319//53
f 319//50 320//50 321//50
f 320//50 322//50 321//50
f 321//49 322//48 323//49
f 322//48 324//48 323//49
f 323//136 324//137 325//136
f 324//137 326//136 325//136
f 325//44 326//44 327//44
f 326//44 328//44 327//44
f 327//42 328//42 329//42
f 328//42 330//42 329//42
f 329//40 330//138 331//40
f 330//138 332//104 331//40
f 331//139 332//139 333//139
f 332//139 334//139 333//139
f 333//140 334//140 335//140
f 335//35 336//35 337//35
f 334//140 336//140 335//140
f 337//141 338//34 339//141
f 336//35 338//35 337//35
f 338//34 340//142 339//141
f 340//143 341//143 339//144
f 342//29 341//29 343//29
f 339//144 341//143 342//144
f 341//29 344//29 343//29
f 344//145 345//145 343//146
f 346//147 345//147 347//147
f 343//146 345//145 346//146
f 345//147 348//147 347//147
f 347//148 348//24 349//148
f 348//24 350//24 349//148
f 350//149 351//23 349//22
f 349//22 351//23 352//22
f 351//20 353//20 352//20
f 352//20 353//20 354//20
f 353//150 355//150 354//150
f 356//17 355//17 357//17
f 354//150 355//150 356//150
f 355//17 358//17 357//17
f 357//151 358//152 359//151
f 358//152 360//152 359//151
f 360//15 361//15 359//14
f 362//13 361//153 363//13
f 359//14 361//15 362//14
f 361//153 364//153 363//13
f 364//12 365//12 363//154
f 366//11 365//155 367//11
f 363//154 365//12 366//154
f 365//155 368//155 367//11
f 367//156 368//10 369//156
f 368//10 370//10 369//156
f 369//9 370//9 371//9
f 370//9 372//9 371//9
f 371//8 372//157 373//8
f 372//157 374//157 373//8
f 374//7 375//7 373//7
f 376//6 375//6 377//6
f 373//7 375//7 376//7
f 377//5 378//5 379//5
f 375//6 378//6 377//6
f 378//5 380//5 379//5
f 379//3 380//3 381//3
f 380//3 382//3 381//3
f 381//1 383//2 384//1
f 382//2 383//2 381//1
f 385//97 386//97 387//97
f 387//96 388//96 389//96
f 386//97 388//97 387//97
f 389//94 390//94 391//94
f 388//96 390//96 389//96
f 391//95 392//95 393//95
f 390//94 392//94 391//94
f 393//93 394//93 395//93
f 392//95 394//95 393//95
f 395//113 396//113 397//113
f 394//93 396//93 395//93
f 397//158 398//91 399//158
f 396//113 398//113 397//113
f 399//114 400//90 401//114
f 398//91 400//91 399//158
f 401//89 402//115 403//89
f 400//90 402//90 401//114
f 403//116 404//116 405//116
f 402//115 404//115 403//89
f 405//86 406//86 407//86
f 404//116 406//116 405//116
f 407//85 408//84 409//85
f 406//86 408//86 407//86
f 409//120 410//119 411//120
f 408//84 410//84 409//85
f 411//82 412//82 413//82
f 410//119 412//119 411//120
f 413//121 414//121 415//121
f 412//82 414//82 413//82
f 415//79 416//79 417//79
f 414//121 416//121 415//121
f 417//122 418//76 419//122
f 416//79 418//79 417//79
f 418//76 420//76 419//122
f 419//123 420//123 421//123
f 420//123 422//123 421//123
f 421//159 422//160 423//161
f 422//160 424//160 423//161
f 423//72 424//125 425//72
f 424//125 426//125 425//72
f 427//126 428//127 429//126
f 425//128 428//128 427//128
f 426//128 428//128 425//128
f 429//162 430//162 431//162
f 428//127 430//127 429//126
f 431//163 432//164 433//165
f 430//162 432//162 431//162
f 433//62 434//166 435//62
f 432//164 434//164 433//165
f 435//132 436//132 437//132
f 434//166 436//166 435//62
f 437//59 438//167 439//59
f 436//132 438//132 437//132
f 439//168 440//58 441//168
f 438//167 440//167 439//59
f 440//58 442//58 441//168
f 441//56 442//56 443//56
f 442//56 444//56 443//56
f 444//54 445//54 443//169
f 446//52 445//52 447//52
f 443//169 445//54 446//169
f 445//52 448//52 447//52
f 447//50 448//50 449//50
f 448//50 450//50 449//50
f 449//49 450//49 451//49
f 450//49 452//49 451//49
f 451//170 452//137 453//170
f 452//137 454//46 453//170
f 453//44 454//44 455//44
f 454//44 456//44 455//44
f 455//171 456//43 457//171
f 456//43 458//43 457//171
f 457//172 458//40 459//103
f 458//40 460//105 459//103
f 459//139 460//139 461//139
f 460//139 462//139 461//139
f 461//173 462//37 463//173
f 463//174 464//175 465//176
f 462//37 464//173 463//173
f 465//177 466//177 467//177
f 464//175 466//178 465//176
f 466//177 468//177 467//177
f 468//143 469//143 467//144
f 470//29 469//29 471//29
f 467//144 469//143 470//144
f 469//29 472//29 471//29
f 472//145 473//145 471//146
f 474//179 473//180 475//179
f 471//146 473//145 474//146
f 473//180 476//181 475//179
f 475//148 476//148 477//148
f 476//148 478//148 477//148
f 478//22 479//22 477//149
f 477//149 479//22 480//23
f 479//20 481//20 480//20
f 480//20 481//20 482//20
f 481//150 483//150 482//150
f 484//17 483//17 485//17
f 482//150 483//150 484//150
f 483//17 486//17 485//17
f 485//152 486//151 487//152
f 486//151 488//151 487//152
f 488//15 489//15 487//14
f 490//13 489//13 491//13
f 487//14 489//15 490//14
f 489//13 492//13 491//13
f 492//154 493//154 491//154
f 494//155 493//11 495//155
f 491//154 493//154 494//154
f 493//11 496//11 495//155
f 495//156 496//10 497//156
f 496//10 498//10 497//156
f 497//9 498//182 499//9
f 498//182 500//182 499//9
f 499//157 500//157 501//157
f 500//157 502//157 501//157
f 502//7 503//7 501//7
f 504//6 503//6 505//6
f 501//7 503//7 504//7
f 505//5 506//5 507//5
f 503//6 506//6 505//6
f 506//5 508//5 507//5
f 507//3 508//3 509//3
f 508//3 510//3 509//3
f 509//1 511//2 512//1
f 510//2 511//2 509//1
f 513//183 514//183 515//183
f 515//184 514//184 516//184
f 516//185 514//185 517//185
f 518//186 519//186 520//186
f 521//187 519//187 518//187
f 522//188 519//188 521//188
f 520//189 519//190 513//191
f 513//191 519//190 514//192
f 517//193 523//193 524//193
f 524//194 523//194 525//194
f 514//195 523//196 517//197
f 522//198 526//199 519//200
f 527//201 526//201 522//201
f 528//202 526//202 527//202
f 519//200 526//199 514//195
f 514//195 526//199 523//196
f 523//203 529//204 525//205
f 525//206 529//206 530//206
f 530//207 529//207 531//207
f 532//208 533//208 528//208
f 534//209 533//209 532//209
f 523//203 533//210 529//204
f 528//211 533//210 526//212
f 526//212 533//210 523//203
f 529//213 535//214 531//215
f 531//216 535//216 536//216
f 536//217 535//217 537//217
f 538//218 539//218 534//218
f 540//219 539//219 538//219
f 529//213 539//220 535//214
f 534//221 539//220 533//222
f 533//222 539//220 529//213
f 535//223 541//224 537//225
f 537//226 541//226 542//226
f 542//227 541//228 543//229
f 544//230 545//230 540//230
f 546//231 545//232 544//233
f 535//223 545//234 541//224
f 540//235 545//234 539//236
f 539//236 545//234 535//223
f 541//228 547//237 543//229
f 543//238 547//238 548//238
f 548//239 547//240 549//241
f 550//242 551//242 546//242
f 552//243 551//244 550//245
f 546//231 551//246 545//232
f 545//232 551//246 541//228
f 541//228 551//246 547//237
f 547//240 553//247 549//241
f 549//248 553//248 554//248
f 554//249 553//250 555//251
f 556//252 557//252 552//252
f 558//253 557//254 556//255
f 551//244 557//256 547//240
f 552//243 557//256 551//244
f 547//240 557//256 553//247
f 553//250 559//257 555//251
f 555//258 559//258 560//258
f 560//259 559//260 561//261
f 562//262 563//262 558//262
f 564//263 563//264 562//265
f 557//254 563//266 553//250
f 558//253 563//266 557//254
f 553//250 563//266 559//257
f 559//260 565//267 561//261
f 561//268 565//268 566//268
f 566//269 565//270 567//271
f 563//264 568//272 559//260
f 569//273 568//273 564//273
f 570//274 568//275 569//276
f 559//260 568//272 565//267
f 564//263 568//272 563//264
f 565//270 571//277 567//271
f 567//278 571//278 572//278
f 572//279 571//280 573//281
f 574//282 575//282 570//282
f 576//283 575//284 574//285
f 568//275 575//286 565//270
f 565//270 575//286 571//277
f 570//274 575//286 568//275
f 571//280 577//287 573//281
f 575//284 577//287 571//280
f 573//288 577//288 578//288
f 578//289 577//290 579//291
f 580//292 581//292 576//292
f 582//293 581//294 580//295
f 576//283 581//296 575//284
f 575//284 581//296 577//287
f 577//290 583//297 579//291
f 581//294 583//297 577//290
f 579//298 583//298 584//298
f 584//299 583//300 585//301
f 586//302 587//302 582//302
f 588//303 587//304 586//305
f 582//293 587//306 581//294
f 581//294 587//306 583//297
f 583//300 589//307 585//301
f 585//308 589//308 590//308
f 590//309 589//310 591//311
f 588//303 592//312 587//304
f 587//304 592//312 583//300
f 593//313 592//313 588//313
f 583//300 592//312 589//307
f 594//314 592//315 593//316
f 589//310 595//317 591//311
f 591//318 595//318 596//318
f 596//319 595//320 597//321
f 598//322 599//322 594//322
f 600//323 599//324 598//325
f 594//314 599//326 592//315
f 589//310 599//326 595//317
f 592//315 599//326 589//310
f 595//320 601//327 597//321
f 597//328 601//328 602//328
f 602//329 601//330 603//331
f 595//320 604//332 601//327
f 605//333 604//333 600//333
f 606//334 604//335 605//336
f 600//323 604//332 599//324
f 599//324 604//332 595//320
f 601//330 607//337 603//331
f 603//338 607//338 608//338
f 604//335 609//339 601//330
f 606//334 609//339 604//335
f 610//340 609//340 606//340
f 601//330 609//339 607//337
f 607//341 611//342 608//343
f 608//343 611//342 612//344
f 612//345 611//345 613//345
f 609//346 614//347 607//341
f 607//341 614//347 611//342
f 615//348 614//347 610//349
f 616//350 614//350 615//350
f 610//349 614//347 609//346
f 617//351 618//351 619//351
f 611//352 618//353 613//354
f 613//354 618//353 617//355
f 620//356 621//357 616//358
f 622//359 621//359 620//359
f 611//352 621//357 618//353
f 614//360 621//357 611//352
f 616//358 621//357 614//360
f 619//361 623//362 624//363
f 624//364 623//364 625//364
f 618//365 623//362 619//361
f 621//366 626//367 618//365
f 622//368 626//367 621//366
f 627//369 626//367 622//368
f 628//370 626//370 627//370
f 618//365 626//367 623//362
f 625//371 629//372 630//373
f 630//374 629//374 631//374
f 623//375 629//372 625//371
f 626//376 629//372 623//375
f 628//377 632//378 626//376
f 626//376 632//378 629//372
f 633//379 632//378 628//377
f 634//380 632//380 633//380
f 631//381 635//382 636//383
f 636//384 635//384 637//384
f 629//385 635//382 631//381
f 638//386 639//387 634//388
f 640//389 639//389 638//389
f 634//388 639//387 632//390
f 632//390 639//387 629//385
f 629//385 639//387 635//382
f 637//391 641//392 642//393
f 642//394 641//394 643//394
f 635//395 641//392 637//391
f 639//396 644//397 635//395
f 645//398 644//397 640//399
f 646//400 644//400 645//400
f 635//395 644//397 641//392
f 640//399 644//397 639//396
f 641//401 647//402 643//403
f 643//403 647//402 648//404
f 648//405 647//405 649//405
f 641//401 650//406 647//402
f 651//407 650//406 646//408
f 652//409 650//409 651//409
f 644//410 650//406 641//401
f 646//408 650//406 644//410
f 649//411 653//412 654//413
f 654//414 653//414 655//414
f 647//415 653//412 649//411
f 647//415 656//416 653//412
f 657//417 656//416 652//418
f 658//419 656//419 657//419
f 650//420 656//416 647//415
f 652//418 656//416 650//420
f 655//421 659//422 660//423
f 660//424 659//424 661//424
f 653//425 659//422 655//421
f 656//426 659//422 653//425
f 662//427 663//428 658//429
f 664//430 663//430 662//430
f 658//429 663//428 656//426
f 656//426 663//428 659//422
f 661//431 665//432 666//433
f 666//434 665//434 667//434
f 659//435 665//432 661//431
f 659//435 668//436 665//432
f 669//437 668//436 664//438
f 670//439 668//439 669//439
f 663//440 668//436 659//435
f 664//438 668//436 663//440
f 667//441 671//442 672//443
f 672//444 671//444 673//444
f 665//445 671//442 667//441
f 668//446 671//442 665//445
f 668//446 674//447 671//442
f 675//448 674//447 670//449
f 676//450 674//450 675//450
f 670//449 674//447 668//446
f 673//451 677//451 678//451
f 678//452 677//452 679//452
f 671//453 677//454 673//455
f 676//456 680//457 674//458
f 674//458 680//457 671//453
f 671//453 680//457 677//454
f 681//459 680//459 676//459
f 682//460 680//460 681//460
f 679//461 683//461 684//461
f 684//462 683//462 685//462
f 680//463 683//464 677//465
f 677//465 683//464 679//466
f 682//467 686//468 680//463
f 680//463 686//468 683//464
f 687//469 686//469 682//469
f 688//470 686//470 687//470
f 685//471 689//471 690//471
f 690//472 689//472 691//472
f 683//473 689//474 685//475
f 686//476 692//477 683//473
f 688//478 692//477 686//476
f 683//473 692//477 689//474
f 693//479 692//479 688//479
f 694//480 692//480 693//480
f 691//481 695//481 696//481
f 696//482 695//482 697//482
f 697//483 695//483 698//483
f 692//484 695//485 689//486
f 689//486 695//485 691//487
f 698//488 699//489 700//490
f 695//491 699//489 698//488
f 694//492 699//493 692//484
f 692//484 699//493 695//485
f 701//494 699//494 694//494
f 702//495 699//495 701//495
f 700//496 699//496 702//496
f 513//497 515//497 703//497
f 703//497 515//497 704//497
f 515//498 516//498 704//498
f 704//498 516//498 705//498
f 705//499 516//500 706//499
f 516//500 517//500 706//499
f 517//501 524//501 706//502
f 706//502 524//501 707//502
f 524//503 525//503 707//503
f 707//503 525//503 708//503
f 525//504 530//504 708//505
f 708//505 530//504 709//505
f 530//506 531//506 709//506
f 709//506 531//506 710//506
f 710//507 531//508 711//507
f 531//508 536//508 711//507
f 536//509 537//510 711//511
f 711//511 537//510 712//512
f 712//513 537//514 713//515
f 537//514 542//514 713//515
f 713//516 542//517 714//518
f 542//517 543//517 714//518
f 714//519 548//519 715//519
f 543//519 548//519 714//519
f 715//520 549//521 716//520
f 548//521 549//521 715//520
f 716//522 554//523 717//522
f 717//524 554//525 718//524
f 549//526 554//523 716//522
f 554//525 555//525 718//524
f 718//527 560//527 719//527
f 555//527 560//527 718//527
f 719//528 561//528 720//528
f 560//528 561//528 719//528
f 561//529 566//530 720//531
f 720//531 566//530 721//532
f 721//533 566//534 722//533
f 566//534 567//534 722//533
f 567//535 572//535 722//536
f 722//536 572//535 723//536
f 572//537 573//538 723//539
f 723//539 573//538 724//539
f 724//540 573//541 725//540
f 573//541 578//541 725//540
f 578//542 579//542 725//542
f 725//542 579//542 726//542
f 579//543 584//544 726//545
f 726//545 584//544 727//546
f 584//547 585//547 727//547
f 727//547 585//547 728//547
f 728//548 585//549 729//548
f 585//549 590//549 729//548
f 590//550 591//551 729//551
f 729//551 591//551 730//552
f 591//553 596//553 730//553
f 730//553 596//553 731//553
f 596//554 597//554 731//555
f 731//555 597//554 732//556
f 732//557 597//557 733//557
f 597//557 602//558 733//557
f 602//559 603//559 733//560
f 733//560 603//559 734//561
f 603//562 608//562 734//562
f 734//562 608//562 735//562
f 608//563 612//564 735//565
f 735//565 612//564 736//565
f 612//566 613//567 736//567
f 736//567 613//567 737//567
f 613//568 617//569 737//570
f 737//570 617//569 738//570
f 738//571 619//571 739//571
f 739//572 619//573 740//573
f 617//571 619//571 738//571
f 619//573 624//574 740//573
f 740//575 625//576 741//575
f 624//576 625//576 740//575
f 741//577 630//577 742//577
f 625//577 630//577 741//577
f 742//578 631//579 743//580
f 630//581 631//579 742//578
f 743//582 636//582 744//582
f 744//583 636//584 745//583
f 631//582 636//582 743//582
f 636//584 637//584 745//583
f 637//585 642//585 745//586
f 745//586 642//585 746//586
f 642//587 643//587 746//587
f 746//587 643//587 747//588
f 643//589 648//589 747//590
f 747//590 648//589 748//590
f 748//591 649//592 749//593
f 648//592 649//592 748//591
f 749//594 654//594 750//594
f 649//594 654//594 749//594
f 750//595 655//595 751//595
f 654//595 655//595 750//595
f 751//596 660//597 752//598
f 655//598 660//597 751//596
f 752//599 661//600 753//601
f 660//600 661//600 752//599
f 753//602 666//603 754//604
f 661//603 666//603 753//602
f 754//605 667//605 755//605
f 666//605 667//605 754//605
f 755//606 672//607 756//606
f 756//608 672//609 757//608
f 667//607 672//607 755//606
f 672//609 673//610 757//608
f 757//611 678//612 758//613
f 673//614 678//612 757//611
f 758//615 679//616 759//615
f 678//616 679//616 758//615
f 759//617 684//617 760//617
f 679//617 684//617 759//617
f 760//618 685//619 761//618
f 761//620 685//620 762//620
f 684//618 685//619 760//618
f 685//620 690//620 762//620
f 762//621 691//622 763//621
f 690//622 691//622 762//621
f 763//623 696//623 764//623
f 691//623 696//623 763//623
f 764//624 697//624 765//624
f 696//624 697//624 764//624
f 697//625 698//625 765//626
f 765//626 698//625 766//626
f 767//627 768//627 769//627
f 769//628 768//628 770//628
f 770//629 768//629 771//629
f 771//189 768//189 772//189
f 772//630 768//630 773//630
f 773//631 768//631 774//631
f 774//632 768//632 775//632
f 768//633 776//633 775//633
f 777//634 776//634 778//634
f 778//635 776//635 767//635
f 775//636 776//636 779//636
f 779//194 776//194 780//194
f 767//637 776//637 768//637
f 776//638 781//638 780//638
f 777//639 781//639 776//639
f 782//640 781//640 783//640
f 783//208 781//208 777//208
f 780//206 781//206 784//206
f 784//641 781//641 785//641
f 786//642 787//642 788//642
f 788//643 787//643 782//643
f 785//644 787//644 789//644
f 789//645 787//645 790//645
f 781//646 787//646 785//646
f 782//647 787//647 781//647
f 787//648 791//648 790//648
f 792//649 791//650 793//651
f 793//652 791//652 786//652
f 786//653 791//653 787//653
f 790//654 791//654 794//654
f 794//655 791//656 795//657
f 791//656 796//658 795//657
f 792//649 796//659 791//650
f 797//660 796//661 798//662
f 798//663 796//663 792//663
f 795//664 796//664 799//664
f 799//665 796//666 800//667
f 801//668 802//669 803//670
f 803//671 802//671 797//671
f 796//666 802//672 800//667
f 800//673 802//673 804//673
f 804//674 802//675 805//676
f 797//660 802//677 796//661
f 802//675 806//678 805//676
f 807//679 806//680 808//681
f 808//682 806//682 801//682
f 801//668 806//683 802//669
f 805//684 806//684 809//684
f 809//685 806//686 810//687
f 811//688 812//689 813//690
f 807//679 812//691 806//680
f 813//692 812//692 807//692
f 806//686 812//693 810//687
f 810//694 812//694 814//694
f 814//695 812//696 815//697
f 812//696 816//698 815//697
f 817//699 816//700 818//701
f 818//702 816//702 811//702
f 811//688 816//703 812//689
f 815//704 816//704 819//704
f 819//705 816//706 820//707
f 817//699 821//708 816//700
f 816//706 821//709 820//707
f 822//710 821//711 823//712
f 823//713 821//713 817//713
f 820//714 821//714 824//714
f 824//715 821//716 825//717
f 826//718 827//719 828//720
f 828//721 827//721 822//721
f 821//716 827//722 825//717
f 822//710 827//723 821//711
f 825//724 827//724 829//724
f 829//725 827//726 830//727
f 831//728 832//729 833//730
f 833//731 832//731 826//731
f 827//726 832//732 830//727
f 826//718 832//733 827//719
f 830//734 832//734 834//734
f 834//735 832//736 835//737
f 832//736 836//738 835//737
f 837//739 836//740 838//741
f 838//742 836//742 831//742
f 835//743 836//743 839//743
f 839//744 836//745 840//746
f 831//728 836//747 832//729
f 841//748 842//749 843//749
f 843//750 842//750 837//750
f 837//739 842//751 836//740
f 836//745 842//752 840//746
f 840//753 842//753 844//753
f 844//754 842//755 845//756
f 846//757 847//757 841//757
f 841//748 847//758 842//749
f 842//755 847//759 845//756
f 845//760 847//760 848//760
f 846//761 849//762 847//763
f 850//764 849//764 851//764
f 851//765 849//762 846//761
f 847//766 849//767 848//768
f 848//768 849//767 852//769
f 852//770 849//770 853//770
f 854//771 855//771 856//771
f 857//772 855//772 858//772
f 858//773 855//774 850//775
f 850//775 855//774 849//776
f 849//777 855//778 853//779
f 853//779 855//778 854//780
f 856//781 859//782 860//783
f 860//784 859//784 861//784
f 862//785 859//785 863//785
f 863//786 859//787 857//788
f 855//789 859//782 856//781
f 857//788 859//787 855//790
f 861//791 864//792 865//793
f 865//794 864//794 866//794
f 867//795 864//795 868//795
f 868//796 864//797 862//798
f 862//798 864//797 859//799
f 859//800 864//792 861//791
f 867//801 869//802 864//803
f 866//804 869//805 870//806
f 870//807 869//807 871//807
f 872//808 869//808 873//808
f 873//809 869//802 867//801
f 864//810 869//805 866//804
f 871//811 874//812 875//813
f 875//814 874//814 876//814
f 877//815 874//815 878//815
f 878//816 874//817 872//818
f 869//819 874//812 871//811
f 872//818 874//817 869//820
f 874//821 879//822 876//823
f 876//823 879//822 880//824
f 880//825 879//825 881//825
f 882//826 879//826 883//826
f 883//827 879//828 877//829
f 877//829 879//828 874//830
f 881//831 884//832 885//833
f 885//834 884//834 886//834
f 887//835 884//835 888//835
f 888//836 884//837 882//838
f 882//838 884//837 879//839
f 879//840 884//832 881//831
f 886//841 889//842 890//843
f 890//844 889//844 891//844
f 892//845 889//845 893//845
f 893//846 889//847 887//848
f 884//849 889//842 886//841
f 887//848 889//847 884//850
f 894//851 895//851 896//851
f 896//852 895//853 892//854
f 891//855 895//856 897//857
f 897//858 895//858 898//858
f 892//854 895//853 889//859
f 889//860 895//856 891//855
f 899//861 900//861 901//861
f 901//862 900//863 894//864
f 898//865 900//866 902//867
f 902//868 900//868 903//868
f 895//869 900//866 898//865
f 894//864 900//863 895//870
f 904//871 905//871 906//871
f 906//459 905//459 899//459
f 903//451 905//451 907//451
f 907//872 905//872 908//872
f 900//873 905//873 903//873
f 899//874 905//874 900//874
f 909//470 910//470 911//470
f 911//875 910//875 904//875
f 908//876 910//876 912//876
f 912//877 910//877 913//877
f 904//878 910//878 905//878
f 905//879 910//879 908//879
f 909//880 914//880 910//880
f 915//480 914//480 916//480
f 916//881 914//881 909//881
f 913//882 914//882 917//882
f 917//883 914//883 918//883
f 910//884 914//884 913//884
f 919//490 920//490 921//490
f 921//885 920//885 922//885
f 922//886 920//886 923//886
f 923//887 920//887 915//887
f 915//888 920//888 914//888
f 918//889 920//889 924//889
f 924//890 920//890 925//890
f 925//891 920//891 919//891
f 914//892 920//892 918//892
f 130//893 926//893 132//893
f 132//894 926//894 134//894
f 134//895 926//895 136//895
f 136//896 927//896 138//896
f 138//897 927//897 140//897
f 926//898 927//899 136//900
f 928//901 929//901 930//901
f 931//902 929//902 928//902
f 932//903 929//903 931//903
f 130//904 929//905 926//906
f 930//907 929//905 130//904
f 927//908 933//909 140//910
f 140//911 933//911 142//911
f 142//912 933//912 144//912
f 934//913 935//913 932//913
f 936//914 935//914 934//914
f 926//898 935//915 927//899
f 932//916 935//915 929//917
f 929//917 935//915 926//898
f 144//918 937//918 146//918
f 933//919 937//920 144//921
f 146//922 937//922 148//922
f 938//923 939//923 936//923
f 940//924 939//924 938//924
f 936//925 939//926 935//927
f 935//927 939//926 927//908
f 927//908 939//926 933//909
f 148//928 941//928 150//928
f 150//929 941//930 152//931
f 937//932 941//933 148//934
f 942//935 943//935 940//935
f 944//936 943//937 942//938
f 940//939 943//940 939//941
f 939//941 943//940 933//919
f 933//919 943//940 937//920
f 941//930 945//942 152//931
f 152//943 945//943 154//943
f 154//944 945//945 156//946
f 946//947 947//947 944//947
f 948//948 947//949 946//950
f 943//937 947//951 937//932
f 937//932 947//951 941//933
f 944//936 947//951 943//937
f 945//945 949//952 156//946
f 156//953 949//953 158//953
f 158//954 949//955 160//956
f 950//957 951//957 948//957
f 952//958 951//959 950//960
f 941//930 951//961 945//942
f 948//948 951//961 947//949
f 947//949 951//961 941//930
f 949//955 953//962 160//956
f 160//963 953//963 162//963
f 162//964 953//965 164//966
f 954//967 955//967 952//967
f 956//968 955//969 954//970
f 945//945 955//971 949//952
f 952//958 955//971 951//959
f 951//959 955//971 945//945
f 953//965 957//972 164//966
f 164//973 957//973 166//973
f 166//974 957//975 168//976
f 958//977 959//977 956//977
f 960//978 959//979 958//980
f 949//955 959//981 953//962
f 955//969 959//981 949//955
f 953//965 959//979 957//972
f 956//968 959//981 955//969
f 957//975 961//982 168//976
f 168//983 961//983 170//983
f 170//984 961//985 172//986
f 960//978 962//987 959//979
f 963//988 962//988 960//988
f 964//989 962//990 963//991
f 959//979 962//987 957//972
f 961//985 965//992 172//986
f 172//993 965//993 174//993
f 174//994 965//995 176//996
f 966//997 967//997 964//997
f 968//998 967//999 966//1000
f 964//989 967//1001 962//990
f 962//990 967//1001 957//975
f 957//975 967//1001 961//982
f 965//995 969//1002 176//996
f 176//1003 969//1003 178//1003
f 178//1004 969//1005 180//1006
f 970//1007 971//1007 968//1007
f 972//1008 971//1009 970//1010
f 961//985 971//1011 965//992
f 968//998 971//1011 967//999
f 967//999 971//1011 961//985
f 969//1005 973//1012 180//1006
f 180//1013 973//1013 182//1013
f 182//1014 973//1015 184//1016
f 972//1008 974//1017 971//1009
f 975//1018 974//1018 972//1018
f 976//1019 974//1020 975//1021
f 965//995 974//1017 969//1002
f 971//1009 974//1017 965//995
f 973//1015 977//1022 184//1016
f 184//1023 977//1023 186//1023
f 186//1024 977//1025 188//1026
f 974//1020 978//1027 969//1005
f 979//1028 978//1028 976//1028
f 980//1029 978//1030 979//1031
f 976//1019 978//1027 974//1020
f 969//1005 978//1027 973//1012
f 977//1025 981//1032 188//1026
f 188//1033 981//1033 190//1033
f 190//1034 981//1035 192//1036
f 973//1015 982//1037 977//1022
f 978//1030 982//1037 973//1015
f 983//1038 982//1038 980//1038
f 984//1039 982//1040 983//1041
f 980//1029 982//1037 978//1030
f 981//1035 985//1042 192//1036
f 192//1043 985//1043 194//1043
f 982//1040 986//1044 977//1025
f 987//1045 986//1045 984//1045
f 988//1046 986//1047 987//1048
f 977//1025 986//1044 981//1032
f 984//1039 986//1044 982//1040
f 985//1049 989//1050 194//1051
f 194//1051 989//1050 196//1052
f 196//1053 989//1053 198//1053
f 986//1047 990//1054 981//1035
f 991//1055 990//1055 988//1055
f 988//1046 990//1054 986//1047
f 981//1035 990//1054 985//1042
f 200//1056 992//1056 202//1056
f 989//1057 992//1058 198//1059
f 198//1059 992//1058 200//1060
f 991//1061 993//1062 990//1063
f 994//1064 993//1062 991//1061
f 995//1065 993//1065 994//1065
f 985//1049 993//1062 989//1050
f 990//1063 993//1062 985//1049
f 202//1066 996//1067 204//1068
f 204//1069 996//1069 206//1069
f 992//1070 996//1067 202//1066
f 989//1057 997//1071 992//1058
f 998//1072 997//1071 995//1073
f 999//1074 997//1074 998//1074
f 993//1075 997//1071 989//1057
f 995//1073 997//1071 993//1075
f 206//1076 1000//1077 208//1078
f 208//1079 1000//1079 210//1079
f 996//1080 1000//1077 206//1076
f 997//1081 1001//1082 992//1070
f 1002//1083 1001//1082 999//1084
f 1003//1085 1001//1085 1002//1085
f 992//1070 1001//1082 996//1067
f 999//1084 1001//1082 997//1081
f 210//1086 1004//1087 212//1088
f 212//1089 1004//1089 214//1089
f 1000//1090 1004//1087 210//1086
f 1005//1091 1006//1092 1003//1093
f 1007//1094 1006//1094 1005//1094
f 1001//1095 1006//1092 996//1080
f 996//1080 1006//1092 1000//1077
f 1003//1093 1006//1092 1001//1095
f 214//1096 1008//1097 216//1098
f 216//1099 1008//1099 218//1099
f 1004//1100 1008//1097 214//1096
f 1006//1101 1009//1102 1000//1090
f 1000//1090 1009//1102 1004//1087
f 1007//1103 1009//1102 1006//1101
f 1010//1104 1009//1102 1007//1103
f 1011//1105 1009//1105 1010//1105
f 218//1106 1012//1107 220//1108
f 220//1109 1012//1109 222//1109
f 1008//1110 1012//1107 218//1106
f 1011//1111 1013//1112 1009//1113
f 1014//1114 1013//1112 1011//1111
f 1015//1115 1013//1115 1014//1115
f 1004//1100 1013//1112 1008//1097
f 1009//1113 1013//1112 1004//1100
f 222//1116 1016//1117 224//1118
f 224//1119 1016//1119 226//1119
f 1012//1120 1016//1117 222//1116
f 1013//1121 1017//1122 1008//1110
f 1015//1123 1017//1122 1013//1121
f 1008//1110 1017//1122 1012//1107
f 1018//1124 1017//1122 1015//1123
f 1019//1125 1017//1125 1018//1125
f 226//1126 1020//1127 228//1128
f 228//1129 1020//1129 230//1129
f 1016//1130 1020//1127 226//1126
f 1017//1131 1021//1132 1012//1120
f 1012//1120 1021//1132 1016//1117
f 1022//1133 1021//1132 1019//1134
f 1023//1135 1021//1135 1022//1135
f 1019//1134 1021//1132 1017//1131
f 230//1136 1024//1137 232//1138
f 232//1139 1024//1139 233//1139
f 1020//1140 1024//1137 230//1136
f 1023//1141 1025//1142 1021//1143
f 1016//1130 1025//1142 1020//1127
f 1021//1143 1025//1142 1016//1130
f 1026//1144 1025//1142 1023//1141
f 1027//1145 1025//1145 1026//1145
f 233//1146 1028//1147 235//1148
f 235//1149 1028//1149 238//1149
f 1024//1150 1028//1147 233//1146
f 1029//1151 1030//1152 1027//1153
f 1031//1154 1030//1154 1029//1154
f 1020//1140 1030//1152 1024//1137
f 1027//1153 1030//1152 1025//1155
f 1025//1155 1030//1152 1020//1140
f 238//1156 1032//1157 240//1158
f 240//1159 1032//1159 242//1159
f 1028//1160 1032//1157 238//1156
f 1031//1161 1033//1162 1030//1163
f 1024//1150 1033//1162 1028//1147
f 1034//1164 1033//1162 1031//1161
f 1035//1165 1033//1165 1034//1165
f 1030//1163 1033//1162 1024//1150
f 242//1166 1036//1166 243//1166
f 243//1167 1036//1167 246//1167
f 1032//1168 1036//1169 242//1170
f 1028//1160 1037//1171 1032//1157
f 1035//1172 1037//1171 1033//1173
f 1038//1174 1037//1171 1035//1172
f 1039//1175 1037//1175 1038//1175
f 1033//1173 1037//1171 1028//1160
f 246//1176 1040//1176 248//1176
f 248//1177 1040//1177 250//1177
f 1036//1178 1040//1179 246//1180
f 1037//1181 1041//1182 1032//1168
f 1032//1168 1041//1182 1036//1169
f 1039//1183 1041//1182 1037//1181
f 1042//1184 1041//1184 1039//1184
f 1043//1185 1041//1185 1042//1185
f 250//1186 1044//1186 252//1186
f 252//1187 1044//1187 254//1187
f 254//1188 1044//1188 256//1188
f 1040//1189 1044//1190 250//1191
f 1036//1178 1045//1192 1040//1179
f 1043//1193 1045//1192 1041//1194
f 1046//1195 1045//1195 1043//1195
f 1047//1196 1045//1196 1046//1196
f 1041//1194 1045//1192 1036//1178
f 256//1197 1048//1198 1049//1199
f 1047//1200 1048//1201 1045//1202
f 1050//1203 1048//1203 1047//1203
f 1045//1202 1048//1201 1040//1189
f 1051//1204 1048//1204 1050//1204
f 1049//1205 1048//1205 1051//1205
f 1040//1189 1048//1201 1044//1190
f 1044//1206 1048//1198 256//1197
f 2//1207 1052//1207 4//1207
f 4//894 1052//894 6//894
f 6//1208 1052//1208 8//1208
f 8//896 1053//896 10//896
f 10//897 1053//897 12//897
f 1052//1209 1053//1210 8//900
f 1054//1211 1055//1211 1056//1211
f 1057//1212 1055//1212 1054//1212
f 1058//1213 1055//1213 1057//1213
f 2//904 1055//905 1052//906
f 1056//1214 1055//905 2//904
f 1053//908 1059//909 12//910
f 12//911 1059//911 14//911
f 14//912 1059//912 16//912
f 1060//1215 1061//1215 1058//1215
f 1062//1216 1061//1216 1060//1216
f 1052//1209 1061//1217 1053//1210
f 1058//1218 1061//1217 1055//1219
f 1055//1219 1061//1217 1052//1209
f 1059//1220 1063//1221 16//921
f 16//1222 1063//1222 18//1222
f 18//1223 1063//1223 20//1223
f 1064//1224 1065//1224 1062//1224
f 1066//924 1065//924 1064//924
f 1062//925 1065//1225 1061//1226
f 1061//1226 1065//1225 1053//908
f 1053//908 1065//1225 1059//909
f 20//1227 1067//1227 22//1227
f 22//1228 1067//1229 24//1230
f 1063//932 1067//933 20//934
f 1068//935 1069//935 1066//935
f 1070//1231 1069//937 1068//1232
f 1066//939 1069//940 1065//941
f 1065//941 1069//940 1059//1220
f 1059//1220 1069//940 1063//1221
f 1067//1229 1071//1233 24//1230
f 24//1234 1071//1234 26//1234
f 26//1235 1071//1236 28//1237
f 1072//1238 1073//1238 1070//1238
f 1074//1239 1073//949 1072//1240
f 1069//937 1073//951 1063//932
f 1063//932 1073//951 1067//933
f 1070//1231 1073//951 1069//937
f 1071//1236 1075//952 28//1237
f 28//1241 1075//1241 30//1241
f 30//954 1075//955 32//956
f 1076//1242 1077//1242 1074//1242
f 1078//1243 1077//959 1076//1244
f 1067//1229 1077//1245 1071//1233
f 1074//1239 1077//1245 1073//949
f 1073//949 1077//1245 1067//1229
f 1075//955 1079//962 32//956
f 32//1246 1079//1246 34//1246
f 34//1247 1079//965 36//1248
f 1080//967 1081//967 1078//967
f 1082//1249 1081//969 1080//1250
f 1071//1236 1081//1251 1075//952
f 1078//1243 1081//1251 1077//959
f 1077//959 1081//1251 1071//1236
f 1079//965 1083//972 36//1248
f 36//1252 1083//1252 38//1252
f 38//1253 1083//1254 40//1255
f 1084//977 1085//977 1082//977
f 1086//978 1085//1256 1084//1257
f 1075//955 1085//1258 1079//962
f 1081//969 1085//1258 1075//955
f 1079//965 1085//1256 1083//972
f 1082//1249 1085//1258 1081//969
f 1083//1254 1087//1259 40//1255
f 40//983 1087//983 42//983
f 42//1260 1087//1261 44//986
f 1086//978 1088//987 1085//1256
f 1089//1262 1088//1262 1086//1262
f 1090//1263 1088//1264 1089//1265
f 1085//1256 1088//987 1083//972
f 1087//1261 1091//992 44//986
f 44//993 1091//993 46//993
f 46//1266 1091//995 48//996
f 1083//1254 1092//1267 1087//1259
f 1093//1268 1092//1268 1090//1268
f 1094//1269 1092//1270 1093//1271
f 1088//1264 1092//1267 1083//1254
f 1090//1263 1092//1267 1088//1264
f 1091//995 1095//1272 48//996
f 48//1003 1095//1003 50//1003
f 50//1273 1095//1005 52//1274
f 1096//1275 1097//1275 1094//1275
f 1098//1008 1097//1276 1096//1277
f 1092//1270 1097//1278 1087//1261
f 1094//1269 1097//1278 1092//1270
f 1087//1261 1097//1278 1091//992
f 1095//1005 1099//1279 52//1274
f 52//1280 1099//1280 54//1280
f 54//1281 1099//1282 56//1283
f 1098//1008 1100//1284 1097//1276
f 1097//1276 1100//1284 1091//995
f 1101//1018 1100//1018 1098//1018
f 1102//1285 1100//1020 1101//1021
f 1091//995 1100//1284 1095//1272
f 1099//1282 1103//1022 56//1283
f 56//1023 1103//1023 58//1023
f 58//1024 1103//1025 60//1286
f 1100//1020 1104//1287 1095//1005
f 1105//1028 1104//1028 1102//1028
f 1106//1288 1104//1030 1105//1289
f 1102//1285 1104//1287 1100//1020
f 1095//1005 1104//1287 1099//1279
f 1103//1025 1107//1032 60//1286
f 60//1290 1107//1290 62//1290
f 62//1034 1107//1035 64//1036
f 1099//1282 1108//1291 1103//1022
f 1104//1030 1108//1291 1099//1282
f 1109//1038 1108//1038 1106//1038
f 1110//1039 1108//1040 1109//1292
f 1106//1288 1108//1291 1104//1030
f 1107//1035 1111//1042 64//1036
f 64//1043 1111//1043 66//1043
f 1108//1040 1112//1293 1103//1025
f 1113//1045 1112//1045 1110//1045
f 1114//1046 1112//1047 1113//1294
f 1103//1025 1112//1293 1107//1032
f 1110//1039 1112//1293 1108//1040
f 1111//1295 1115//1296 66//1051
f 66//1051 1115//1296 68//1052
f 68//1297 1115//1297 70//1297
f 1112//1047 1116//1298 1107//1035
f 1117//1055 1116//1055 1114//1055
f 1114//1046 1116//1298 1112//1047
f 1107//1035 1116//1298 1111//1042
f 72//1056 1118//1056 74//1056
f 1115//1299 1118//1300 70//1059
f 70//1059 1118//1300 72//1060
f 1117//1061 1119//1301 1116//1063
f 1120//1302 1119//1301 1117//1061
f 1121//1065 1119//1065 1120//1065
f 1111//1295 1119//1301 1115//1296
f 1116//1063 1119//1301 1111//1295
f 74//1303 1122//1067 76//1068
f 76//1069 1122//1069 78//1069
f 1118//1070 1122//1067 74//1303
f 1123//1304 1124//1305 1121//1073
f 1125//1074 1124//1074 1123//1074
f 1119//1306 1124//1305 1115//1299
f 1115//1299 1124//1305 1118//1300
f 1121//1073 1124//1305 1119//1306
f 78//1307 1126//1077 80//1308
f 80//1079 1126//1079 82//1079
f 1122//1309 1126//1077 78//1307
f 1125//1310 1127//1311 1124//1081
f 1118//1070 1127//1311 1122//1067
f 1128//1312 1127//1311 1125//1310
f 1129//1085 1127//1085 1128//1085
f 1124//1081 1127//1311 1118//1070
f 82//1313 1130//1087 84//1314
f 84//1315 1130//1315 86//1315
f 1126//1316 1130//1087 82//1313
f 1129//1317 1131//1092 1127//1318
f 1132//1091 1131//1092 1129//1317
f 1133//1319 1131//1319 1132//1319
f 1127//1318 1131//1092 1122//1309
f 1122//1309 1131//1092 1126//1077
f 86//1320 1134//1097 88//1321
f 88//1099 1134//1099 90//1099
f 1130//1322 1134//1097 86//1320
f 1126//1316 1135//1102 1130//1087
f 1131//1323 1135//1102 1126//1316
f 1133//1103 1135//1102 1131//1323
f 1136//1324 1135//1102 1133//1103
f 1137//1325 1135//1325 1136//1325
f 90//1326 1138//1327 92//1328
f 92//1329 1138//1329 94//1329
f 1134//1330 1138//1327 90//1326
f 1130//1322 1139//1331 1134//1097
f 1137//1332 1139//1331 1135//1333
f 1140//1334 1139//1331 1137//1332
f 1141//1335 1139//1335 1140//1335
f 1135//1333 1139//1331 1130//1322
f 94//1336 1142//1337 96//1338
f 96//1119 1142//1119 98//1119
f 1138//1339 1142//1337 94//1336
f 1138//1339 1143//1340 1142//1337
f 1144//1341 1143//1122 1141//1342
f 1145//1343 1143//1343 1144//1343
f 1141//1342 1143//1122 1139//1344
f 1134//1330 1143//1122 1138//1327
f 1139//1344 1143//1122 1134//1330
f 98//1126 1146//1345 100//1128
f 100//1346 1146//1346 102//1346
f 1142//1347 1146//1345 98//1126
f 1143//1340 1147//1348 1142//1337
f 1145//1134 1147//1348 1143//1340
f 1148//1349 1147//1348 1145//1134
f 1149//1135 1147//1135 1148//1135
f 1142//1347 1147//1350 1146//1345
f 102//1351 1150//1352 104//1353
f 104//1354 1150//1354 105//1354
f 1146//1355 1150//1352 102//1351
f 1151//1144 1152//1356 1149//1357
f 1153//1358 1152//1358 1151//1358
f 1149//1357 1152//1356 1147//1350
f 1147//1350 1152//1356 1146//1345
f 105//1359 1154//1147 107//1360
f 107//1361 1154//1361 110//1361
f 1150//1362 1154//1147 105//1359
f 1146//1355 1155//1152 1150//1352
f 1156//1363 1155//1152 1153//1364
f 1157//1365 1155//1365 1156//1365
f 1152//1366 1155//1152 1146//1355
f 1153//1364 1155//1152 1152//1366
f 110//1367 1158//1368 112//1369
f 112//1370 1158//1370 114//1370
f 1154//1371 1158//1368 110//1367
f 1150//1362 1159//1162 1154//1147
f 1154//1371 1159//1372 1158//1368
f 1160//1373 1159//1162 1157//1374
f 1161//1375 1159//1375 1160//1375
f 1157//1374 1159//1162 1155//1376
f 1155//1376 1159//1162 1150//1362
f 114//1377 1162//1377 115//1377
f 115//1167 1162//1167 118//1167
f 1158//1168 1162//1169 114//1378
f 1163//1379 1164//1380 1161//1381
f 1165//1175 1164//1175 1163//1175
f 1161//1381 1164//1380 1159//1372
f 1159//1372 1164//1380 1158//1368
f 118//1176 1166//1176 120//1176
f 120//1177 1166//1177 122//1177
f 1162//1382 1166//1178 118//1383
f 1162//1382 1167//1192 1166//1178
f 1158//1168 1167//1182 1162//1169
f 1165//1183 1167//1182 1164//1384
f 1168//1184 1167//1184 1165//1184
f 1169//1385 1167//1385 1168//1385
f 1164//1384 1167//1182 1158//1168
f 1166//1386 1170//1387 122//1191
f 122//1388 1170//1388 124//1388
f 124//1187 1170//1187 126//1187
f 126//1389 1170//1389 128//1389
f 1167//1192 1171//1390 1166//1178
f 1169//1193 1171//1390 1167//1192
f 1172//1391 1171//1391 1169//1391
f 1173//1196 1171//1196 1172//1196
f 128//1197 1174//1198 1175//1392
f 1170//1393 1174//1198 128//1197
f 1173//1394 1174//1395 1171//1202
f 1166//1386 1174//1395 1170//1387
f 1176//1203 1174//1203 1173//1203
f 1177//1396 1174//1396 1176//1396
f 1175//1397 1174//1397 1177//1397
f 1171//1202 1174//1395 1166//1386
f 386//1398 1178//1398 388//1398
f 388//1399 1178//1399 390//1399
f 390//1400 1178//1400 392//1400
f 392//1401 1179//1401 394//1401
f 394//1402 1179//1402 396//1402
f 1178//1403 1179//1404 392//1405
f 1180//1406 1181//1406 1182//1406
f 1183//1407 1181//1407 1180//1407
f 1184//1408 1181//1408 1183//1408
f 386//1409 1181//1410 1178//1411
f 1182//1412 1181//1410 386//1409
f 1179//1413 1185//1414 396//1415
f 396//1416 1185//1416 398//1416
f 398//1417 1185//1417 400//1417
f 1186//1418 1187//1418 1184//1418
f 1188//1419 1187//1419 1186//1419
f 1178//1403 1187//1420 1179//1404
f 1184//1421 1187//1420 1181//1422
f 1181//1422 1187//1420 1178//1403
f 400//1423 1189//1423 402//1423
f 402//1424 1189//1425 404//1426
f 1185//1427 1189//1428 400//1429
f 1190//1430 1191//1430 1188//1430
f 1192//1431 1191//1431 1190//1431
f 1188//1432 1191//1433 1187//1434
f 1187//1434 1191//1433 1179//1413
f 1179//1413 1191//1433 1185//1414
f 404//1435 1193//1435 406//1435
f 1189//1425 1193//1436 404//1426
f 406//1437 1193//1438 408//1439
f 1194//1440 1195//1440 1192//1440
f 1196//1441 1195//1442 1194//1443
f 1192//1444 1195//1445 1191//1446
f 1191//1446 1195//1445 1185//1427
f 1185//1427 1195//1445 1189//1428
f 1193//1438 1197//1447 408//1439
f 408//1448 1197//1448 410//1448
f 410//1449 1197//1450 412//1451
f 1198//1452 1199//1452 1196//1452
f 1200//1453 1199//1454 1198//1455
f 1195//1442 1199//1456 1189//1425
f 1189//1425 1199//1456 1193//1436
f 1196//1441 1199//1456 1195//1442
f 1197//1450 1201//1457 412//1451
f 412//1458 1201//1458 414//1458
f 414//1459 1201//1460 416//1461
f 1202//1462 1203//1462 1200//1462
f 1204//1463 1203//1464 1202//1465
f 1193//1438 1203//1466 1197//1447
f 1200//1453 1203//1466 1199//1454
f 1199//1454 1203//1466 1193//1438
f 1201//1460 1205//1467 416//1461
f 416//1468 1205//1468 418//1468
f 418//1469 1205//1470 420//1471
f 1206//1472 1207//1472 1204//1472
f 1208//1473 1207//1474 1206//1475
f 1197//1450 1207//1476 1201//1457
f 1204//1463 1207//1476 1203//1464
f 1203//1464 1207//1476 1197//1450
f 1205//1470 1209//1477 420//1471
f 420//1478 1209//1478 422//1478
f 422//1479 1209//1480 424//1481
f 1210//1482 1211//1482 1208//1482
f 1212//1483 1211//1484 1210//1485
f 1201//1460 1211//1486 1205//1467
f 1207//1474 1211//1486 1201//1460
f 1208//1473 1211//1486 1207//1474
f 1209//1480 1213//1487 424//1481
f 424//1488 1213//1488 426//1488
f 426//1489 1213//1490 428//1491
f 1212//1483 1214//1492 1211//1484
f 1215//1493 1214//1493 1212//1493
f 1216//1494 1214//1495 1215//1496
f 1205//1470 1214//1492 1209//1477
f 1211//1484 1214//1492 1205//1470
f 1213//1490 1217//1497 428//1491
f 428//1498 1217//1498 430//1498
f 430//1499 1217//1500 432//1501
f 1209//1480 1218//1502 1213//1487
f 1219//1503 1218//1503 1216//1503
f 1220//1504 1218//1505 1219//1506
f 1214//1495 1218//1502 1209//1480
f 1216//1494 1218//1502 1214//1495
f 1217//1500 1221//1507 432//1501
f 432//1508 1221//1508 434//1508
f 434//1509 1221//1510 436//1511
f 1222//1512 1223//1512 1220//1512
f 1224//1513 1223//1514 1222//1515
f 1220//1504 1223//1516 1218//1505
f 1213//1490 1223//1516 1217//1497
f 1218//1505 1223//1516 1213//1490
f 1221//1510 1225//1517 436//1511
f 436//1518 1225//1518 438//1518
f 438//1519 1225//1520 440//1521
f 1223//1514 1226//1522 1217//1500
f 1227//1523 1226//1523 1224//1523
f 1228//1524 1226//1525 1227//1526
f 1217//1500 1226//1522 1221//1507
f 1224//1513 1226//1522 1223//1514
f 1225//1520 1229//1527 440//1521
f 440//1528 1229//1528 442//1528
f 442//1529 1229//1530 444//1531
f 1228//1524 1230//1532 1226//1525
f 1226//1525 1230//1532 1221//1510
f 1231//1533 1230//1533 1228//1533
f 1232//1534 1230//1535 1231//1536
f 1221//1510 1230//1532 1225//1517
f 1229//1530 1233//1537 444//1531
f 444//1538 1233//1538 445//1538
f 445//1539 1233//1540 448//1541
f 1225//1520 1234//1542 1229//1527
f 1235//1543 1234//1543 1232//1543
f 1236//1544 1234//1545 1235//1546
f 1230//1535 1234//1542 1225//1520
f 1232//1534 1234//1542 1230//1535
f 1233//1540 1237//1547 448//1541
f 448//1548 1237//1548 450//1548
f 1234//1545 1238//1549 1229//1530
f 1239//1550 1238//1550 1236//1550
f 1240//1551 1238//1552 1239//1553
f 1229//1530 1238//1549 1233//1537
f 1236//1544 1238//1549 1234//1545
f 1237//1554 1241//1555 450//1556
f 450//1556 1241//1555 452//1557
f 452//1558 1241//1558 454//1558
f 1238//1552 1242//1559 1233//1540
f 1243//1560 1242//1560 1240//1560
f 1233//1540 1242//1559 1237//1547
f 1240//1551 1242//1559 1238//1552
f 456//1561 1244//1561 458//1561
f 1241//1562 1244//1563 454//1564
f 454//1564 1244//1563 456//1565
f 1237//1554 1245//1566 1241//1555
f 1243//1567 1245//1566 1242//1568
f 1246//1569 1245//1566 1243//1567
f 1247//1570 1245//1570 1246//1570
f 1242//1568 1245//1566 1237//1554
f 458//1571 1248//1572 460//1573
f 460//1574 1248//1574 462//1574
f 1244//1575 1248//1572 458//1571
f 1247//1576 1249//1577 1245//1578
f 1250//1579 1249//1577 1247//1576
f 1251//1580 1249//1580 1250//1580
f 1241//1562 1249//1577 1244//1563
f 1245//1578 1249//1577 1241//1562
f 462//1581 1252//1582 464//1583
f 464//1584 1252//1584 466//1584
f 1248//1585 1252//1582 462//1581
f 1251//1586 1253//1587 1249//1588
f 1254//1589 1253//1587 1251//1586
f 1255//1590 1253//1590 1254//1590
f 1244//1575 1253//1587 1248//1572
f 1249//1588 1253//1587 1244//1575
f 466//1591 1256//1592 468//1593
f 468//1594 1256//1594 469//1594
f 1252//1595 1256//1592 466//1591
f 1255//1596 1257//1597 1253//1598
f 1258//1599 1257//1597 1255//1596
f 1259//1600 1257//1600 1258//1600
f 1248//1585 1257//1597 1252//1582
f 1253//1598 1257//1597 1248//1585
f 469//1601 1260//1602 472//1603
f 1256//1604 1260//1602 469//1601
f 472//1605 1260//1605 473//1605
f 1261//1606 1262//1607 1259//1608
f 1263//1609 1262//1609 1261//1609
f 1252//1595 1262//1607 1256//1592
f 1257//1610 1262//1607 1252//1595
f 1259//1608 1262//1607 1257//1610
f 473//1611 1264//1612 476//1613
f 1260//1614 1264//1612 473//1611
f 476//1615 1264//1615 478//1615
f 1263//1616 1265//1617 1262//1618
f 1256//1604 1265//1617 1260//1602
f 1266//1619 1265//1617 1263//1616
f 1267//1620 1265//1620 1266//1620
f 1262//1618 1265//1617 1256//1604
f 478//1621 1268//1622 479//1623
f 479//1624 1268//1624 481//1624
f 1264//1625 1268//1622 478//1621
f 1267//1626 1269//1627 1265//1628
f 1270//1629 1269//1627 1267//1626
f 1271//1630 1269//1630 1270//1630
f 1260//1614 1269//1627 1264//1612
f 1265//1628 1269//1627 1260//1614
f 481//1631 1272//1632 483//1633
f 483//1634 1272//1634 486//1634
f 1268//1635 1272//1632 481//1631
f 1264//1625 1273//1636 1268//1622
f 1269//1637 1273//1636 1264//1625
f 1274//1638 1273//1636 1271//1639
f 1275//1640 1273//1640 1274//1640
f 1271//1639 1273//1636 1269//1637
f 486//1641 1276//1642 488//1643
f 488//1644 1276//1644 489//1644
f 1272//1645 1276//1642 486//1641
f 1268//1635 1277//1646 1272//1632
f 1278//1647 1277//1646 1275//1648
f 1279//1649 1277//1649 1278//1649
f 1273//1650 1277//1646 1268//1635
f 1272//1645 1277//1651 1276//1642
f 1275//1648 1277//1646 1273//1650
f 489//1652 1280//1653 492//1654
f 492//1655 1280//1655 493//1655
f 1276//1656 1280//1653 489//1652
f 1277//1651 1281//1657 1276//1642
f 1276//1656 1281//1658 1280//1653
f 1282//1659 1281//1657 1279//1660
f 1283//1661 1281//1661 1282//1661
f 1279//1660 1281//1657 1277//1651
f 493//1662 1284//1662 496//1662
f 496//1663 1284//1663 498//1663
f 1280//1664 1284//1665 493//1666
f 1283//1667 1285//1668 1281//1658
f 1286//1669 1285//1668 1283//1667
f 1287//1670 1285//1670 1286//1670
f 1281//1658 1285//1668 1280//1653
f 1284//1671 1288//1672 498//1673
f 498//1674 1288//1674 500//1674
f 500//1675 1288//1675 502//1675
f 1285//1676 1289//1677 1280//1664
f 1280//1664 1289//1677 1284//1665
f 1287//1678 1289//1677 1285//1676
f 1290//1679 1289//1677 1287//1678
f 1291//1680 1289//1680 1290//1680
f 502//1681 1292//1681 503//1681
f 503//1682 1292//1682 506//1682
f 1288//1683 1292//1684 502//1685
f 1289//1686 1293//1687 1284//1671
f 1284//1671 1293//1687 1288//1672
f 1288//1683 1293//1688 1292//1684
f 1291//1689 1293//1687 1289//1686
f 1294//1690 1293//1690 1291//1690
f 1295//1691 1293//1691 1294//1691
f 506//1692 1296//1692 508//1692
f 508//1693 1296//1693 510//1693
f 510//1694 1296//1694 511//1694
f 1292//1695 1296//1696 506//1697
f 1293//1688 1297//1698 1292//1684
f 1295//1699 1297//1698 1293//1688
f 1298//1700 1297//1700 1295//1700
f 1299//1701 1297//1701 1298//1701
f 511//1702 1300//1703 1301//1704
f 1297//1705 1300//1706 1292//1695
f 1299//1707 1300//1706 1297//1705
f 1302//1708 1300//1708 1299//1708
f 1303//1709 1300//1709 1302//1709
f 1301//1710 1300//1710 1303//1710
f 1292//1695 1300//1706 1296//1696
f 1296//1711 1300//1703 511//1702
f 258//1712 1304//1712 260//1712
f 260//1713 1304//1713 262//1713
f 262//1714 1304//1714 264//1714
f 264//1401 1305//1401 266//1401
f 266//1715 1305//1715 268//1715
f 1304//1403 1305//1716 264//1717
f 1306//1718 1307//1718 1308//1718
f 1309//1719 1307//1719 1306//1719
f 1310//1720 1307//1720 1309//1720
f 258//1721 1307//1410 1304//1722
f 1308//1412 1307//1410 258//1721
f 1305//1413 1311//1723 268//1724
f 268//1416 1311//1416 270//1416
f 270//1725 1311//1725 272//1725
f 1312//1418 1313//1418 1310//1418
f 1314//1726 1313//1726 1312//1726
f 1304//1403 1313//1727 1305//1716
f 1310//1728 1313//1727 1307//1729
f 1307//1729 1313//1727 1304//1403
f 1311//1730 1315//1731 272//1732
f 272//1733 1315//1733 274//1733
f 274//1734 1315//1425 276//1735
f 1316//1736 1317//1736 1314//1736
f 1318//1431 1317//1431 1316//1431
f 1314//1432 1317//1737 1313//1434
f 1313//1434 1317//1737 1305//1413
f 1305//1413 1317//1737 1311//1723
f 276//1738 1319//1738 278//1738
f 278//1739 1319//1438 280//1740
f 1315//1425 1319//1436 276//1735
f 1320//1440 1321//1440 1318//1440
f 1322//1741 1321//1442 1320//1742
f 1318//1444 1321//1445 1317//1446
f 1317//1446 1321//1445 1311//1730
f 1311//1730 1321//1445 1315//1731
f 1319//1438 1323//1743 280//1740
f 280//1744 1323//1744 282//1744
f 282//1449 1323//1745 284//1746
f 1324//1747 1325//1747 1322//1747
f 1326//1748 1325//1749 1324//1750
f 1321//1442 1325//1751 1315//1425
f 1315//1425 1325//1751 1319//1436
f 1322//1741 1325//1751 1321//1442
f 1323//1745 1327//1752 284//1746
f 284//1753 1327//1753 286//1753
f 286//1459 1327//1754 288//1461
f 1328//1755 1329//1755 1326//1755
f 1330//1756 1329//1464 1328//1757
f 1319//1438 1329//1466 1323//1743
f 1326//1748 1329//1466 1325//1749
f 1325//1749 1329//1466 1319//1438
f 1327//1754 1331//1467 288//1461
f 288//1758 1331//1758 290//1758
f 290//1759 1331//1470 292//1760
f 1332//1761 1333//1761 1330//1761
f 1334//1762 1333//1763 1332//1475
f 1323//1745 1333//1764 1327//1752
f 1330//1756 1333//1764 1329//1464
f 1329//1464 1333//1764 1323//1745
f 1331//1470 1335//1765 292//1760
f 292//1766 1335//1766 294//1766
f 294//1767 1335//1768 296//1481
f 1336//1482 1337//1482 1334//1482
f 1338//1769 1337//1484 1336//1770
f 1327//1754 1337//1771 1331//1467
f 1333//1763 1337//1771 1327//1754
f 1334//1762 1337//1771 1333//1763
f 1335//1768 1339//1772 296//1481
f 296//1488 1339//1488 298//1488
f 298//1773 1339//1774 300//1775
f 1338//1769 1340//1492 1337//1484
f 1341//1776 1340//1776 1338//1776
f 1342//1777 1340//1495 1341//1778
f 1331//1470 1340//1492 1335//1765
f 1337//1484 1340//1492 1331//1470
f 1339//1774 1343//1497 300//1775
f 300//1779 1343//1779 302//1779
f 302//1499 1343//1500 304//1780
f 1344//1503 1345//1503 1342//1503
f 1346//1781 1345//1782 1344//1783
f 1342//1777 1345//1784 1340//1495
f 1340//1495 1345//1784 1335//1768
f 1335//1768 1345//1784 1339//1772
f 1343//1500 1347//1785 304//1780
f 304//1508 1347//1508 306//1508
f 306//1786 1347//1510 308//1787
f 1348//1788 1349//1788 1346//1788
f 1350//1789 1349//1514 1348//1790
f 1339//1774 1349//1791 1343//1497
f 1346//1781 1349//1791 1345//1782
f 1345//1782 1349//1791 1339//1774
f 1347//1510 1351//1792 308//1787
f 308//1793 1351//1793 310//1793
f 310//1519 1351//1794 312//1521
f 1349//1514 1352//1795 1343//1500
f 1353//1523 1352//1523 1350//1523
f 1343//1500 1352//1795 1347//1785
f 1354//1796 1352//1797 1353//1526
f 1350//1789 1352//1795 1349//1514
f 1351//1794 1355//1798 312//1521
f 312//1528 1355//1528 314//1528
f 314//1529 1355//1799 316//1800
f 1352//1797 1356//1801 1347//1510
f 1354//1796 1356//1801 1352//1797
f 1357//1533 1356//1533 1354//1533
f 1358//1802 1356//1535 1357//1536
f 1347//1510 1356//1801 1351//1792
f 1355//1799 1359//1803 316//1800
f 316//1804 1359//1804 317//1804
f 317//1539 1359//1805 320//1541
f 1351//1794 1360//1542 1355//1798
f 1361//1543 1360//1543 1358//1543
f 1362//1544 1360//1545 1361//1806
f 1356//1535 1360//1542 1351//1794
f 1358//1802 1360//1542 1356//1535
f 1359//1805 1363//1807 320//1541
f 320//1548 1363//1548 322//1548
f 1360//1545 1364//1808 1355//1799
f 1365//1550 1364//1550 1362//1550
f 1366//1551 1364//1809 1365//1553
f 1355//1799 1364//1808 1359//1803
f 1362//1544 1364//1808 1360//1545
f 1363//1810 1367//1811 322//1556
f 322//1556 1367//1811 324//1557
f 324//1812 1367//1812 326//1812
f 1364//1809 1368//1813 1359//1805
f 1369//1560 1368//1560 1366//1560
f 1366//1551 1368//1813 1364//1809
f 1359//1805 1368//1813 1363//1807
f 328//1814 1370//1814 330//1814
f 1367//1815 1370//1816 326//1564
f 326//1564 1370//1816 328//1565
f 1371//1817 1372//1566 1369//1818
f 1369//1818 1372//1566 1368//1819
f 1373//1570 1372//1570 1371//1570
f 1363//1810 1372//1566 1367//1811
f 1368//1819 1372//1566 1363//1810
f 330//1820 1374//1821 332//1822
f 332//1823 1374//1823 334//1823
f 1370//1824 1374//1821 330//1820
f 1375//1825 1376//1826 1373//1827
f 1377//1580 1376//1580 1375//1580
f 1367//1815 1376//1826 1370//1816
f 1372//1828 1376//1826 1367//1815
f 1370//1824 1376//1829 1374//1821
f 1373//1827 1376//1826 1372//1828
f 334//1830 1378//1582 336//1831
f 336//1584 1378//1584 338//1584
f 1374//1832 1378//1582 334//1830
f 1379//1589 1380//1833 1377//1834
f 1381//1590 1380//1590 1379//1590
f 1376//1829 1380//1833 1374//1821
f 1377//1834 1380//1833 1376//1829
f 338//1835 1382//1836 340//1837
f 340//1838 1382//1838 341//1838
f 1378//1839 1382//1836 338//1835
f 1381//1840 1383//1597 1380//1841
f 1380//1841 1383//1597 1374//1832
f 1384//1599 1383//1597 1381//1840
f 1385//1600 1383//1600 1384//1600
f 1374//1832 1383//1597 1378//1582
f 341//1601 1386//1602 344//1842
f 344//1605 1386//1605 345//1605
f 1382//1843 1386//1602 341//1601
f 1387//1844 1388//1607 1385//1608
f 1389//1845 1388//1845 1387//1845
f 1383//1610 1388//1607 1378//1839
f 1378//1839 1388//1607 1382//1836
f 1385//1608 1388//1607 1383//1610
f 345//1846 1390//1612 348//1613
f 348//1847 1390//1847 350//1847
f 1386//1848 1390//1612 345//1846
f 1388//1849 1391//1850 1382//1843
f 1382//1843 1391//1850 1386//1602
f 1389//1851 1391//1850 1388//1849
f 1392//1852 1391//1850 1389//1851
f 1393//1853 1391//1853 1392//1853
f 350//1854 1394//1855 351//1856
f 351//1624 1394//1624 353//1624
f 1390//1857 1394//1855 350//1854
f 1391//1858 1395//1627 1386//1848
f 1386//1848 1395//1627 1390//1612
f 1393//1859 1395//1627 1391//1858
f 1396//1860 1395//1627 1393//1859
f 1397//1861 1395//1861 1396//1861
f 353//1631 1398//1632 355//1633
f 355//1862 1398//1862 358//1862
f 1394//1635 1398//1632 353//1631
f 1390//1857 1399//1636 1394//1855
f 1400//1863 1399//1636 1397//1864
f 1395//1865 1399//1636 1390//1857
f 1401//1640 1399//1640 1400//1640
f 1397//1864 1399//1636 1395//1865
f 358//1866 1402//1867 360//1643
f 360//1868 1402//1868 361//1868
f 1398//1869 1402//1867 358//1866
f 1394//1635 1403//1646 1398//1632
f 1399//1870 1403//1646 1394//1635
f 1404//1871 1403//1646 1401//1872
f 1405//1873 1403//1873 1404//1873
f 1398//1869 1403//1874 1402//1867
f 1401//1872 1403//1646 1399//1870
f 361//1875 1406//1876 364//1877
f 364//1878 1406//1878 365//1878
f 1402//1656 1406//1876 361//1875
f 1403//1874 1407//1879 1402//1867
f 1402//1656 1407//1658 1406//1876
f 1408//1880 1407//1879 1405//1881
f 1409//1882 1407//1882 1408//1882
f 1405//1881 1407//1879 1403//1874
f 365//1883 1410//1883 368//1883
f 368//1884 1410//1884 370//1884
f 1406//1664 1410//1885 365//1666
f 1407//1658 1411//1886 1406//1876
f 1409//1887 1411//1886 1407//1658
f 1412//1669 1411//1886 1409//1887
f 1413//1888 1411//1888 1412//1888
f 370//1674 1414//1674 372//1674
f 372//1675 1414//1675 374//1675
f 1410//1889 1414//1890 370//1891
f 1406//1664 1415//1677 1410//1885
f 1413//1892 1415//1677 1411//1893
f 1416//1894 1415//1677 1413//1892
f 1417//1680 1415//1680 1416//1680
f 1411//1893 1415//1677 1406//1664
f 374//1895 1418//1895 375//1895
f 375//1682 1418//1682 378//1682
f 1414//1896 1418//1897 374//1685
f 1415//1686 1419//1687 1410//1889
f 1410//1889 1419//1687 1414//1890
f 1417//1689 1419//1687 1415//1686
f 1420//1690 1419//1690 1417//1690
f 1421//1898 1419//1898 1420//1898
f 378//1899 1422//1899 380//1899
f 1418//1900 1422//1901 378//1697
f 380//1902 1422//1902 382//1902
f 382//1903 1422//1903 383//1903
f 1419//1904 1423//1905 1414//1896
f 1414//1896 1423//1905 1418//1897
f 1421//1699 1423//1905 1419//1904
f 1424//1906 1423//1906 1421//1906
f 1425//1907 1423//1907 1424//1907
f 383//1908 1426//1909 1427//1703
f 1418//1900 1426//1706 1422//1901
f 1422//1910 1426//1909 383//1908
f 1425//1911 1426//1706 1423//1912
f 1428//1708 1426//1708 1425//1708
f 1429//1913 1426//1913 1428//1913
f 1427//1914 1426//1914 1429//1914
f 1423//1912 1426//1706 1418//1900
f 772//497 773//497 1430//497
f 1430//497 773//497 1431//497
f 773//1915 774//1915 1431//1915
f 1431//1915 774//1915 1432//1915
f 774//500 775//500 1432//500
f 1432//500 775//500 1433//500
f 775//1916 779//1916 1433//502
f 1433//502 779//1916 1434//502
f 779//1917 780//1917 1434//1917
f 1434//1917 780//1917 1435//1917
f 780//1918 784//504 1435//1919
f 1435//1919 784//504 1436//1920
f 784//1921 785//1921 1436//1922
f 1436//1922 785//1921 1437//1921
f 1437//1923 785//1924 1438//1923
f 785//1924 789//1924 1438//1923
f 1438//1925 789//510 1439//1925
f 789//510 790//510 1439//1925
f 790//1926 794//1926 1439//513
f 1439//513 794//1926 1440//513
f 794//518 795//518 1440//1927
f 1440//1927 795//518 1441//1927
f 1441//1928 799//1929 1442//1930
f 795//1929 799//1929 1441//1928
f 1442//1931 800//1932 1443//1933
f 799//1934 800//1932 1442//1931
f 1443//1935 804//1935 1444//1935
f 800//1935 804//1935 1443//1935
f 1444//1936 805//1937 1445//1937
f 804//1937 805//1937 1444//1936
f 1445//1938 809//1939 1446//1938
f 805//1939 809//1939 1445//1938
f 1446//1940 810//1941 1447//1940
f 809//1941 810//1941 1446//1940
f 810//529 814//529 1447//529
f 1447//529 814//529 1448//529
f 814//1942 815//1943 1448//1944
f 1448//1944 815//1943 1449//1945
f 815//1946 819//1947 1449//1948
f 1449//1948 819//1947 1450//1947
f 819//1949 820//1949 1450//1949
f 1450//1949 820//1949 1451//1949
f 820//1950 824//541 1451//540
f 1451//540 824//541 1452//540
f 824//1951 825//1952 1452//1953
f 1452//1953 825//1952 1453//1953
f 1453//1954 825//1954 1454//1954
f 825//1954 829//1954 1454//1954
f 1454//1955 829//1956 1455//1957
f 829//1956 830//1958 1455//1957
f 1455//1959 830//1959 1456//1959
f 830//1959 834//1959 1456//1959
f 834//1960 835//1961 1456//1962
f 1456//1962 835//1961 1457//1960
f 1457//1963 835//1963 1458//1964
f 835//1963 839//1965 1458//1964
f 839//555 840//556 1458//556
f 1458//556 840//556 1459//555
f 840//1966 844//558 1459//558
f 1459//558 844//558 1460//1967
f 1460//1968 844//1968 1461//1968
f 844//1968 845//1968 1461//1968
f 845//562 848//562 1461//562
f 1461//562 848//562 1462//562
f 848//1969 852//1969 1462//1969
f 1462//1969 852//1969 1463//1969
f 852//1970 853//566 1463//566
f 1463//566 853//566 1464//1971
f 853//569 854//568 1464//568
f 1464//568 854//568 1465//569
f 1465//1972 856//1973 1466//1973
f 854//1974 856//1973 1465//1972
f 1466//1975 860//1976 1467//1977
f 856//1977 860//1976 1466//1975
f 1467//1978 861//1978 1468//1978
f 860//1978 861//1978 1467//1978
f 1468//1979 865//1980 1469//1981
f 861//1982 865//1980 1468//1979
f 1469//1983 866//1983 1470//1983
f 865//1983 866//1983 1469//1983
f 1470//1984 870//1985 1471//1986
f 866//1985 870//1985 1470//1984
f 1471//1987 871//583 1472//1987
f 1472//1988 871//1988 1473//1988
f 870//1987 871//583 1471//1987
f 871//1988 875//1988 1473//1988
f 875//1989 876//1989 1473//1990
f 1473//1990 876//1989 1474//1991
f 876//1992 880//1992 1474//1993
f 1474//1993 880//1992 1475//1994
f 1475//1995 881//1995 1476//1995
f 1476//594 881//1996 1477//594
f 880//1995 881//1995 1475//1995
f 881//1996 885//1997 1477//594
f 1477//1998 886//1999 1478//1998
f 885//1999 886//1999 1477//1998
f 1478//2000 890//2001 1479//2000
f 886//2000 890//2001 1478//2000
f 1479//2002 891//2002 1480//2002
f 890//2002 891//2002 1479//2002
f 1480//603 897//602 1481//603
f 891//602 897//602 1480//603
f 1481//2003 898//2004 1482//2003
f 897//2005 898//2004 1481//2003
f 1482//2006 902//2007 1483//2006
f 898//2007 902//2007 1482//2006
f 1483//2008 903//608 1484//610
f 902//608 903//608 1483//2008
f 1484//2009 907//2010 1485//2009
f 903//2010 907//2010 1484//2009
f 1485//2011 908//2012 1486//2011
f 907//2012 908//2012 1485//2011
f 1486//2013 912//2014 1487//2015
f 908//2013 912//2014 1486//2013
f 1487//2016 913//618 1488//2017
f 912//2018 913//618 1487//2016
f 1488//2019 917//2019 1489//2019
f 913//2019 917//2019 1488//2019
f 1489//622 918//2020 1490//622
f 1490//623 918//623 1491//623
f 917//2020 918//2020 1489//622
f 918//623 924//623 1491//623
f 1491//2021 925//2021 1492//2021
f 1492//626 925//626 1493//626
f 924//2021 925//2021 1491//2021
f 925//626 919//626 1493//626
f 1494//562 1495//562 1496//562
f 1497//562 1495//562 1494//562
f 1498//2022 1499//2022 1500//2022
f 1501//2022 1500//2022 1502//2022
f 1503//2022 1498//2022 1500//2022
f 1503//2022 1500//2022 1501//2022
f 1504//2022 1501//2022 1502//2022
f 1505//2022 1501//2022 1504//2022
f 1506//2022 1505//2022 1507//2022
f 1506//2022 1501//2022 1505//2022
f 1508//2023 1509//2023 1510//2023
f 1511//2023 1508//2023 1512//2023
f 1513//2023 1508//2023 1511//2023
f 1513//2023 1509//2023 1508//2023
f 1514//2024 1513//2025 1498//2025
f 1498//2025 1511//2025 1499//2025
f 1513//2025 1511//2025 1498//2025
f 1511//2026 1500//2026 1499//2026
f 1512//2026 1497//2026 1511//2026
f 1511//2026 1497//2026 1500//2026
f 1505//2026 1495//2026 1507//2026
f 1495//2026 1515//2026 1507//2026
f 1512//2026 1515//2026 1497//2026
f 1497//2026 1515//2026 1495//2026
f 1516//562 1512//562 1508//562
f 1517//562 1516//562 1508//562
f 1518//562 1515//562 1516//562
f 1515//562 1512//562 1516//562
f 1082//2023 1494//2023 1084//2023
f 1086//2023 1084//2023 1494//2023
f 1080//2023 1494//2023 1082//2023
f 1089//2023 1086//2023 1494//2023
f 1078//2023 1494//2023 1080//2023
f 1090//2023 1089//2023 1494//2023
f 1076//2023 1494//2023 1078//2023
f 1093//2023 1090//2023 1494//2023
f 1074//2023 1494//2023 1076//2023
f 1094//2023 1093//2023 1494//2023
f 1072//2023 1494//2023 1074//2023
f 1096//2023 1094//2023 1494//2023
f 1070//2023 1494//2023 1072//2023
f 1098//2023 1096//2023 1494//2023
f 1068//2023 1494//2023 1070//2023
f 1101//2027 1098//2023 1494//2023
f 1066//2023 1494//2023 1068//2023
f 1102//2023 1494//2023 1502//2023
f 1102//2023 1101//2027 1494//2023
f 1064//2023 1494//2023 1066//2023
f 1105//2023 1102//2023 1502//2023
f 1062//2023 1494//2023 1064//2023
f 1106//2023 1105//2023 1502//2023
f 1060//2023 1494//2023 1062//2023
f 1109//2023 1106//2023 1502//2023
f 1058//2023 1494//2023 1060//2023
f 1110//2028 1109//2023 1502//2023
f 1057//2023 1494//2023 1058//2023
f 1113//2023 1110//2028 1502//2023
f 1054//2023 1494//2023 1057//2023
f 1114//2023 1113//2023 1502//2023
f 1056//2023 1494//2023 1054//2023
f 1117//2023 1114//2023 1502//2023
f 1519//2023 1494//2023 1056//2023
f 1120//2023 1117//2023 1502//2023
f 1520//2023 1494//2023 1519//2023
f 1121//2023 1120//2023 1502//2023
f 1521//2023 1494//2023 1520//2023
f 1123//2023 1121//2023 1502//2023
f 1522//2023 1494//2023 1521//2023
f 1125//2023 1123//2023 1502//2023
f 1523//2023 1494//2023 1522//2023
f 1128//2023 1125//2023 1502//2023
f 1129//2023 1128//2023 1502//2023
f 1132//2023 1129//2023 1502//2023
f 1133//2023 1132//2023 1502//2023
f 1136//2023 1133//2023 1502//2023
f 1137//2023 1136//2023 1502//2023
f 1140//2023 1137//2023 1502//2023
f 1141//2023 1140//2023 1502//2023
f 1144//2023 1141//2023 1502//2023
f 1145//2023 1144//2023 1502//2023
f 1148//2023 1145//2023 1502//2023
f 1149//2023 1148//2023 1502//2023
f 1151//2023 1149//2023 1502//2023
f 1153//2023 1151//2023 1502//2023
f 1156//2023 1153//2023 1502//2023
f 1157//2023 1156//2023 1502//2023
f 1160//2023 1157//2023 1502//2023
f 1161//2023 1160//2023 1502//2023
f 1163//2023 1161//2023 1502//2023
f 1165//2023 1163//2023 1502//2023
f 1168//2023 1165//2023 1502//2023
f 1169//2023 1168//2023 1502//2023
f 1172//2023 1169//2023 1502//2023
f 1173//2023 1172//2023 1502//2023
f 1176//2023 1173//2023 1502//2023
f 1177//2023 1176//2023 1502//2023
f 1175//2023 1177//2023 1502//2023
f 956//2023 1524//2023 958//2023
f 956//2023 1525//2023 1524//2023
f 960//2023 958//2023 1524//2023
f 960//2023 1524//2023 1526//2023
f 954//2023 1525//2023 956//2023
f 954//2023 1527//2023 1525//2023
f 963//2023 960//2023 1526//2023
f 963//2023 1526//2023 1528//2023
f 952//2023 1527//2023 954//2023
f 952//2023 1529//2023 1527//2023
f 964//2023 963//2023 1528//2023
f 964//2023 1528//2023 1530//2023
f 950//2023 1529//2023 952//2023
f 950//2023 1531//2023 1529//2023
f 966//2023 964//2023 1530//2023
f 966//2023 1532//2023 1533//2023
f 966//2023 1530//2023 1532//2023
f 948//2023 1531//2023 950//2023
f 948//2023 1534//2023 1531//2023
f 968//2023 966//2023 1533//2023
f 946//2023 1534//2023 948//2023
f 946//2023 1535//2023 1534//2023
f 970//2023 968//2023 1533//2023
f 970//2023 1533//2023 1536//2023
f 944//2023 1535//2023 946//2023
f 944//2023 1537//2023 1535//2023
f 972//2023 970//2023 1536//2023
f 972//2023 1536//2023 1538//2023
f 942//2023 1537//2023 944//2023
f 942//2023 1539//2023 1537//2023
f 975//2023 972//2023 1538//2023
f 975//2023 1538//2023 1540//2023
f 940//2023 1539//2023 942//2023
f 940//2023 1541//2023 1539//2023
f 976//2023 975//2023 1540//2023
f 976//2023 1542//2023 1543//2023
f 976//2023 1540//2023 1542//2023
f 979//2023 976//2023 1543//2023
f 980//2023 979//2023 1543//2023
f 980//2023 1543//2023 1544//2023
f 983//2023 980//2023 1544//2023
f 983//2023 1544//2023 1545//2023
f 984//2023 983//2023 1545//2023
f 984//2023 1545//2023 1546//2023
f 987//2023 984//2023 1546//2023
f 987//2023 1546//2023 1547//2023
f 988//2023 1547//2023 1548//2023
f 988//2023 987//2023 1547//2023
f 991//2023 1548//2023 1549//2023
f 991//2023 988//2023 1548//2023
f 994//2023 991//2023 1549//2023
f 994//2023 1549//2023 1550//2023
f 995//2023 1550//2023 1551//2023
f 995//2023 994//2023 1550//2023
f 998//2023 1551//2023 1552//2023
f 998//2023 995//2023 1551//2023
f 999//2023 1552//2023 1553//2023
f 999//2023 998//2023 1552//2023
f 1002//2023 999//2023 1553//2023
f 1002//2023 1553//2023 1554//2023
f 1003//2023 1554//2023 1555//2023
f 1003//2023 1002//2023 1554//2023
f 1497//2023 1494//2023 1523//2023
f 1497//2023 1541//2023 940//2023
f 1497//2023 1556//2023 1557//2023
f 1497//2023 1558//2023 1556//2023
f 1497//2023 1559//2023 1558//2023
f 1497//2023 1560//2023 1559//2023
f 1497//2023 1561//2023 1560//2023
f 1497//2023 1562//2023 1561//2023
f 1497//2023 930//2023 1562//2023
f 1497//2023 928//2023 930//2023
f 1497//2023 931//2023 928//2023
f 1497//2023 932//2023 931//2023
f 1497//2023 934//2023 932//2023
f 1497//2023 936//2027 934//2023
f 1497//2023 938//2028 936//2027
f 1497//2023 940//2023 938//2028
f 1497//2023 1563//2023 1541//2023
f 1497//2023 1523//2023 1563//2023
f 1005//2023 1555//2023 1564//2023
f 1005//2023 1003//2023 1555//2023
f 1565//2023 1497//2023 1557//2023
f 1007//2023 1005//2023 1564//2023
f 1007//2023 1564//2023 1566//2023
f 1567//2023 1497//2023 1565//2023
f 1010//2023 1566//2023 1568//2023
f 1010//2023 1007//2023 1566//2023
f 1569//2023 1497//2023 1567//2023
f 1011//2023 1010//2023 1568//2023
f 1011//2023 1568//2023 1570//2023
f 1571//2023 1497//2023 1569//2023
f 1014//2023 1011//2023 1570//2023
f 1014//2023 1570//2023 1572//2023
f 1573//2023 1497//2023 1571//2023
f 1015//2023 1014//2023 1572//2023
f 1015//2023 1572//2023 1574//2023
f 1575//2023 1497//2023 1573//2023
f 1018//2023 1015//2023 1574//2023
f 1018//2023 1576//2023 1577//2023
f 1018//2023 1574//2023 1576//2023
f 1578//2023 1497//2023 1575//2023
f 1019//2023 1018//2023 1577//2023
f 1579//2023 1497//2023 1578//2023
f 1022//2023 1019//2023 1577//2023
f 1022//2023 1580//2023 1581//2023
f 1022//2023 1577//2023 1580//2023
f 1582//2023 1497//2023 1579//2023
f 1023//2023 1022//2023 1581//2023
f 1583//2023 1497//2023 1582//2023
f 1026//2023 1023//2023 1581//2023
f 1026//2023 1581//2023 1584//2023
f 1585//2023 1497//2023 1583//2023
f 1027//2023 1026//2023 1584//2023
f 1027//2023 1584//2023 1586//2023
f 1587//2023 1497//2023 1585//2023
f 1029//2023 1027//2023 1586//2023
f 1029//2023 1588//2023 1589//2023
f 1029//2023 1586//2023 1588//2023
f 1590//2023 1497//2023 1587//2023
f 1031//2023 1589//2023 1591//2023
f 1031//2023 1029//2023 1589//2023
f 1592//2023 1497//2023 1590//2023
f 1034//2023 1031//2023 1591//2023
f 1593//2023 1497//2023 1592//2023
f 1035//2023 1591//2023 1594//2023
f 1035//2023 1034//2023 1591//2023
f 1595//2023 1497//2023 1593//2023
f 1038//2023 1594//2023 1596//2023
f 1038//2023 1035//2023 1594//2023
f 1597//2028 1497//2023 1595//2023
f 1039//2023 1596//2023 1598//2023
f 1039//2023 1038//2023 1596//2023
f 1599//2023 1497//2023 1597//2028
f 1042//2023 1600//2023 1601//2023
f 1042//2023 1598//2023 1600//2023
f 1042//2023 1039//2023 1598//2023
f 1043//2023 1042//2023 1601//2023
f 1046//2023 1601//2023 1602//2023
f 1046//2023 1043//2023 1601//2023
f 1500//2023 1603//2023 1049//2023
f 1500//2023 1604//2023 1603//2023
f 1500//2023 1605//2023 1604//2023
f 1500//2023 1606//2023 1605//2023
f 1500//2023 1607//2023 1606//2023
f 1500//2023 1608//2023 1607//2023
f 1500//2023 1609//2023 1608//2023
f 1500//2023 1610//2023 1609//2023
f 1500//2023 1611//2023 1610//2023
f 1500//2023 1612//2023 1611//2023
f 1500//2023 1613//2023 1612//2023
f 1500//2023 1614//2023 1613//2023
f 1500//2023 1615//2023 1614//2023
f 1500//2023 1616//2023 1615//2023
f 1500//2023 1617//2023 1616//2023
f 1500//2023 1618//2023 1617//2023
f 1500//2023 1619//2023 1618//2023
f 1500//2023 1620//2023 1619//2023
f 1500//2023 1621//2023 1620//2023
f 1500//2023 1622//2023 1621//2023
f 1500//2023 1623//2023 1622//2023
f 1500//2023 1624//2023 1623//2023
f 1500//2023 1625//2023 1624//2023
f 1500//2023 1051//2023 1050//2023
f 1500//2023 1626//2023 1625//2023
f 1500//2023 1049//2023 1051//2023
f 1500//2023 1627//2023 1626//2023
f 1500//2023 1628//2023 1627//2023
f 1500//2023 1629//2023 1628//2023
f 1500//2023 1630//2023 1629//2023
f 1500//2023 1631//2023 1630//2023
f 1500//2023 1632//2023 1631//2023
f 1500//2023 1633//2023 1632//2023
f 1500//2023 1634//2023 1633//2023
f 1500//2023 1635//2023 1634//2023
f 1500//2023 1636//2027 1635//2023
f 1500//2023 1637//2023 1636//2027
f 1500//2023 1638//2023 1637//2023
f 1500//2023 1639//2023 1638//2023
f 1500//2023 1599//2023 1639//2023
f 1500//2023 1497//2023 1599//2023
f 1502//2023 1500//2023 1175//2023
f 1175//2023 1500//2023 1640//2023
f 1640//2023 1500//2023 1641//2023
f 1641//2023 1500//2023 1642//2023
f 1642//2023 1500//2023 1602//2023
f 1602//2023 1500//2023 1050//2023
f 1602//2023 1050//2023 1047//2023
f 1602//2023 1047//2023 1046//2023
f 1494//2026 1496//2026 1504//2026
f 1494//2026 1504//2026 1502//2026
f 1643//50 1644//50 1645//50
f 1643//50 1646//50 1644//50
f 801//50 1647//50 808//2029
f 807//2030 808//2029 1647//50
f 803//2030 1647//50 801//50
f 813//2029 807//2030 1647//50
f 797//50 1647//50 803//2030
f 811//50 813//2029 1647//50
f 798//50 1647//50 797//50
f 818//50 811//50 1647//50
f 792//50 1647//50 798//50
f 817//2030 818//50 1647//50
f 793//50 1647//50 792//50
f 823//2029 817//2030 1647//50
f 786//50 1647//50 793//50
f 822//50 823//2029 1647//50
f 788//50 1647//50 786//50
f 828//2031 822//50 1647//50
f 782//2030 1647//50 788//50
f 826//50 828//2031 1647//50
f 783//50 1647//50 782//2030
f 833//50 826//50 1647//50
f 777//50 1647//50 783//50
f 831//2030 833//50 1647//50
f 778//50 1647//50 777//50
f 838//2029 831//2030 1647//50
f 767//50 1647//50 778//50
f 837//50 838//2029 1647//50
f 769//50 1647//50 767//50
f 843//50 837//50 1647//50
f 770//50 1647//50 769//50
f 841//50 843//50 1647//50
f 771//50 1647//50 770//50
f 1648//50 1647//50 771//50
f 1649//50 1647//50 1648//50
f 1650//50 1647//50 1649//50
f 1651//50 1647//50 1650//50
f 1652//50 1647//50 1651//50
f 1653//50 1647//50 1652//50
f 1654//50 1647//50 1653//50
f 562//50 1655//50 1656//50
f 558//50 1657//50 1655//50
f 558//50 1655//50 562//50
f 564//50 1656//50 1658//50
f 564//50 562//50 1656//50
f 556//50 1659//50 1660//50
f 556//50 1660//50 1657//50
f 556//50 1657//50 558//50
f 569//50 1658//50 1661//50
f 569//50 564//50 1658//50
f 552//50 1662//50 1659//50
f 552//50 1659//50 556//50
f 570//50 1661//50 1663//50
f 570//50 569//50 1661//50
f 550//50 1664//50 1662//50
f 550//50 1662//50 552//50
f 574//50 1663//50 1665//50
f 574//50 570//50 1663//50
f 546//50 1666//50 1664//50
f 546//50 1664//50 550//50
f 576//50 1665//50 1667//50
f 576//50 574//50 1665//50
f 544//50 1654//50 1666//50
f 544//50 1666//50 546//50
f 580//50 1667//50 1668//50
f 580//50 576//50 1667//50
f 540//50 1654//50 544//50
f 540//50 1647//50 1654//50
f 582//50 1668//50 1669//50
f 582//50 580//50 1668//50
f 538//50 1647//50 540//50
f 586//50 1669//50 1670//50
f 586//50 1670//50 1671//50
f 586//50 582//50 1669//50
f 534//50 1647//50 538//50
f 588//50 1671//50 1672//50
f 588//50 586//50 1671//50
f 532//50 1647//50 534//50
f 593//50 1672//50 1673//50
f 593//50 588//50 1672//50
f 528//50 1647//50 532//50
f 594//50 1673//50 1674//50
f 594//50 593//50 1673//50
f 527//50 1647//50 528//50
f 598//50 1674//50 1675//50
f 598//50 594//50 1674//50
f 522//50 1647//50 527//50
f 600//50 1675//50 1676//50
f 600//50 598//50 1675//50
f 521//50 1647//50 522//50
f 605//50 1676//50 1677//50
f 605//50 600//50 1676//50
f 518//2030 1647//50 521//50
f 606//50 1677//50 1678//50
f 606//50 605//50 1677//50
f 520//50 1647//50 518//2030
f 610//50 1678//50 1679//50
f 610//50 1679//50 1680//50
f 610//50 606//50 1678//50
f 615//50 610//50 1680//50
f 615//50 1680//50 1681//50
f 616//50 615//50 1681//50
f 616//50 1681//50 1682//50
f 620//50 616//50 1682//50
f 620//50 1682//50 1683//50
f 622//50 1683//50 1684//50
f 622//50 620//50 1683//50
f 627//50 622//50 1684//50
f 627//50 1684//50 1685//50
f 628//50 627//50 1685//50
f 628//50 1685//50 1686//50
f 633//50 628//50 1686//50
f 633//50 1686//50 1687//50
f 633//50 1687//50 1688//50
f 634//50 1688//50 1689//50
f 634//50 633//50 1688//50
f 638//50 634//50 1689//50
f 638//50 1689//50 1690//50
f 640//50 638//50 1690//50
f 640//50 1690//50 1691//50
f 645//50 1691//50 1692//50
f 645//50 640//50 1691//50
f 1693//50 1647//50 520//50
f 1693//50 1694//50 1695//50
f 1693//50 1696//50 1694//50
f 1693//50 1697//50 1696//50
f 1693//50 1698//50 1697//50
f 1693//50 1699//50 1698//50
f 1693//50 1700//50 1699//50
f 1693//50 1701//50 1700//50
f 1693//50 1702//2029 1701//50
f 1693//50 520//50 1702//2029
f 646//50 1692//50 1703//50
f 646//50 645//50 1692//50
f 651//50 646//50 1703//50
f 651//50 1703//50 1704//50
f 652//50 1704//50 1705//50
f 652//50 651//50 1704//50
f 657//50 1705//50 1706//50
f 657//50 652//50 1705//50
f 1707//50 921//50 922//50
f 1707//50 922//50 923//50
f 1707//50 923//50 915//50
f 1707//50 915//50 916//50
f 1707//50 916//50 909//50
f 1707//50 909//50 911//50
f 1707//50 841//50 1647//50
f 1707//50 911//50 904//50
f 1707//50 904//50 906//50
f 1707//50 906//50 899//50
f 1707//50 899//50 901//50
f 1707//50 901//50 894//50
f 1707//50 894//50 896//50
f 1707//50 896//50 892//50
f 1707//50 892//50 893//50
f 1707//50 893//50 887//50
f 1707//50 887//50 888//2029
f 1707//50 888//2029 882//50
f 1707//50 882//50 883//50
f 1707//50 883//50 877//50
f 1707//50 1708//50 1709//50
f 1707//50 877//50 878//2029
f 1707//50 1709//50 1710//50
f 1707//50 878//2029 872//50
f 1707//50 1710//50 1711//50
f 1707//50 872//50 873//2030
f 1707//50 1711//50 1712//50
f 1707//50 873//2030 867//2029
f 1707//50 1712//50 1713//50
f 1707//50 867//2029 868//50
f 1707//50 1713//50 1714//50
f 1707//50 868//50 862//2029
f 1707//50 1714//50 921//50
f 1707//50 862//2029 863//2029
f 1707//50 863//2029 857//50
f 1707//50 857//50 858//2030
f 1707//50 858//2030 850//2029
f 1707//50 850//2029 851//2029
f 1707//50 851//2029 846//50
f 1707//50 846//50 841//50
f 658//50 1706//50 1715//50
f 658//50 657//50 1706//50
f 662//50 658//50 1715//50
f 662//50 1715//50 1716//50
f 662//50 1716//50 1717//50
f 664//50 662//50 1717//50
f 664//50 1717//50 1718//50
f 669//50 664//50 1718//50
f 669//50 1718//50 1719//50
f 670//50 1719//50 1720//50
f 670//50 669//50 1719//50
f 675//50 1720//50 1708//50
f 675//50 670//50 1720//50
f 676//50 1708//50 1707//50
f 676//50 675//50 1708//50
f 681//50 676//50 1707//50
f 682//50 681//50 1707//50
f 687//50 682//50 1707//50
f 688//50 687//50 1707//50
f 693//50 688//50 1707//50
f 694//50 693//50 1707//50
f 701//50 694//50 1707//50
f 702//50 701//50 1707//50
f 700//50 702//50 1707//50
f 1721//50 1722//50 1723//50
f 1724//50 1725//50 1722//50
f 1724//50 1722//50 1721//50
f 1726//50 1721//50 1723//50
f 1726//50 1723//50 1727//50
f 1728//50 1729//50 1725//50
f 1728//50 1725//50 1724//50
f 1730//50 1727//50 1731//50
f 1730//50 1726//50 1727//50
f 1732//50 1729//50 1728//50
f 1733//50 1731//50 1734//50
f 1733//50 1730//50 1731//50
f 1735//50 1729//50 1732//50
f 1735//50 1736//50 1729//50
f 1737//50 1734//50 1738//50
f 1737//50 1733//50 1734//50
f 1739//50 1740//50 1736//50
f 1739//50 1736//50 1735//50
f 1741//50 1738//50 1742//50
f 1741//50 1737//50 1738//50
f 1743//50 1744//50 1740//50
f 1743//50 1740//50 1739//50
f 1745//50 1742//50 1746//50
f 1745//50 1741//50 1742//50
f 1747//50 1748//50 1744//50
f 1747//50 1744//50 1743//50
f 1749//50 1745//50 1746//50
f 1750//50 1748//50 1747//50
f 1750//50 1751//50 1748//50
f 1752//50 1749//50 1746//50
f 1752//50 1746//50 1753//50
f 1754//50 1751//50 1750//50
f 1754//50 1695//50 1751//50
f 1755//50 1752//50 1753//50
f 1755//50 1753//50 1756//50
f 1757//50 1693//50 1695//50
f 1757//50 1695//50 1754//50
f 1758//50 1755//50 1756//50
f 1758//50 1756//50 1759//50
f 1760//50 1693//50 1757//50
f 1761//50 1758//50 1759//50
f 1761//50 1759//50 1762//50
f 1763//50 1693//50 1760//50
f 1764//50 1761//50 1762//50
f 1764//50 1762//50 1765//50
f 1766//50 1693//50 1763//50
f 1767//50 1765//50 1768//50
f 1767//50 1764//50 1765//50
f 1769//50 1693//50 1766//50
f 1770//50 1768//50 1771//50
f 1770//50 1767//50 1768//50
f 1772//50 1693//50 1769//50
f 1773//50 1770//50 1771//50
f 1774//50 1693//50 1772//50
f 1775//50 1771//50 1776//50
f 1775//50 1773//50 1771//50
f 1777//50 1775//50 1776//50
f 1777//50 1776//50 1778//50
f 1779//50 1778//50 1780//50
f 1779//50 1777//50 1778//50
f 1781//50 1779//50 1780//50
f 1781//50 1780//50 1782//50
f 1783//50 1782//50 1784//50
f 1783//50 1781//50 1782//50
f 1785//50 1693//50 1774//50
f 1786//50 1783//50 1784//50
f 1786//50 1784//50 1787//50
f 1788//50 1693//50 1785//50
f 1789//50 1786//50 1787//50
f 1789//50 1787//50 1790//50
f 1791//50 1693//50 1788//50
f 1792//50 1789//50 1790//50
f 1792//50 1790//50 1793//50
f 1794//50 1693//50 1791//50
f 1795//50 1792//50 1793//50
f 1796//50 1693//50 1794//50
f 1797//50 1793//50 1798//50
f 1797//50 1795//50 1793//50
f 1799//50 1693//50 1796//50
f 1800//50 1693//50 1799//50
f 1801//50 1798//50 1802//50
f 1801//50 1797//50 1798//50
f 1803//2029 1693//50 1800//50
f 1804//50 1802//50 1805//50
f 1804//50 1801//50 1802//50
f 1806//50 1693//50 1803//2029
f 1807//50 1805//50 1808//50
f 1807//50 1804//50 1805//50
f 1809//50 1693//50 1806//50
f 1810//50 1808//50 1811//50
f 1810//50 1807//50 1808//50
f 1812//50 1693//50 1809//50
f 1813//50 1811//50 1814//50
f 1813//50 1810//50 1811//50
f 1815//50 1693//50 1812//50
f 1816//50 1814//50 1817//50
f 1816//50 1813//50 1814//50
f 1818//50 1693//50 1815//50
f 1819//50 1817//50 1820//50
f 1819//50 1816//50 1817//50
f 1821//50 1693//50 1818//50
f 1822//50 1820//50 1823//50
f 1822//50 1819//50 1820//50
f 1824//2029 1693//50 1821//50
f 1825//50 1822//50 1823//50
f 1826//50 1693//50 1824//2029
f 1827//50 1825//50 1823//50
f 1827//50 1823//50 1828//50
f 1829//2030 1693//50 1826//50
f 1830//50 1828//50 1831//50
f 1830//50 1827//50 1828//50
f 1832//2029 1693//50 1829//2030
f 1833//50 1831//50 1834//50
f 1833//50 1830//50 1831//50
f 1835//2030 1693//50 1832//2029
f 1836//50 1834//50 1837//50
f 1836//50 1833//50 1834//50
f 1838//50 1693//50 1835//2030
f 1839//50 1837//50 1840//50
f 1839//50 1836//50 1837//50
f 1841//50 1693//50 1838//50
f 1842//50 1840//50 1843//50
f 1842//50 1839//50 1840//50
f 1844//2029 1693//50 1841//50
f 1845//50 1842//50 1843//50
f 1846//2030 1693//50 1844//2029
f 1847//50 1693//50 1846//2030
f 1848//2032 1693//50 1847//50
f 1849//50 1850//50 1851//50
f 1849//50 1852//2029 1853//2030
f 1849//50 1853//2030 1854//2029
f 1849//50 1854//2029 1855//50
f 1849//50 1855//50 1856//2030
f 1849//50 1856//2030 1857//50
f 1849//50 1857//50 1858//50
f 1849//50 1858//50 1859//2029
f 1849//50 1859//2029 1860//50
f 1849//50 1860//50 1861//50
f 1849//50 1861//50 1862//50
f 1849//50 1862//50 1863//50
f 1849//50 1863//50 1864//50
f 1849//50 1864//50 1865//50
f 1849//50 1865//50 1866//50
f 1849//50 1866//50 1867//50
f 1849//50 1867//50 1868//50
f 1849//50 1868//50 1869//50
f 1849//50 1869//50 1870//50
f 1849//50 1870//50 1871//50
f 1849//50 1871//50 1872//50
f 1849//50 1872//50 1873//50
f 1849//50 1873//50 1874//50
f 1849//50 1874//50 1875//50
f 1849//50 1875//50 1876//50
f 1849//50 1876//50 1850//50
f 1877//50 1878//50 700//50
f 1877//50 1879//50 1878//50
f 1877//50 700//50 1707//50
f 1877//50 1880//50 1879//50
f 1877//50 1881//50 1880//50
f 1877//50 1882//50 1881//50
f 1877//50 1883//50 1882//50
f 1877//50 1884//50 1883//50
f 1877//50 1885//50 1884//50
f 1877//50 1843//50 1885//50
f 1877//50 1849//50 1851//50
f 1877//50 1845//50 1843//50
f 1877//50 1851//50 1886//50
f 1877//50 1886//50 1887//50
f 1877//50 1887//50 1888//50
f 1877//50 1888//50 1889//50
f 1877//50 1889//50 1890//50
f 1877//50 1890//50 1845//50
f 1849//50 1693//50 1891//50
f 1891//50 1693//50 1892//50
f 1892//50 1693//50 1893//50
f 1893//50 1693//50 1894//2030
f 1894//2030 1693//50 1895//50
f 1895//50 1693//50 1896//2029
f 1896//2029 1693//50 1897//2030
f 1897//2030 1693//50 1848//2032
f 1849//50 1891//50 1898//50
f 1849//50 1898//50 1899//2030
f 1849//50 1899//2030 1900//2033
f 1849//50 1900//2033 1901//50
f 1849//50 1901//50 1902//50
f 1849//50 1902//50 1903//50
f 1849//50 1903//50 1852//2029
f 1904//562 1905//562 1906//562
f 1904//562 1906//562 1907//562
f 1908//2034 1517//2034 1909//2034
f 1516//2034 1517//2034 1646//2034
f 1517//2034 1644//2034 1646//2034
f 1908//2034 1910//2034 1517//2034
f 1517//2034 1910//2034 1644//2034
f 1911//2023 1912//2023 1913//2023
f 1911//2023 1913//2023 1914//2023
f 1915//497 1916//497 1917//497
f 1918//497 1916//497 1915//497
f 1917//1915 1919//1915 1920//1915
f 1916//1915 1919//1915 1917//1915
f 1920//500 1921//500 1922//500
f 1919//500 1921//500 1920//500
f 1922//502 1923//1916 1924//502
f 1921//1916 1923//1916 1922//502
f 1924//1917 1925//1917 1926//1917
f 1923//1917 1925//1917 1924//1917
f 1926//1919 1927//504 1928//1920
f 1925//1918 1927//504 1926//1919
f 1928//1922 1929//1921 1930//1921
f 1927//1921 1929//1921 1928//1922
f 1930//1924 1931//1923 1932//1924
f 1932//1925 1931//510 1933//1925
f 1929//1923 1931//1923 1930//1924
f 1931//510 1934//510 1933//1925
f 1933//513 1935//1926 1936//513
f 1934//1926 1935//1926 1933//513
f 1936//1927 1937//518 1938//1927
f 1935//518 1937//518 1936//1927
f 1938//1928 1939//1929 1940//1930
f 1937//1929 1939//1929 1938//1928
f 1940//1931 1941//1932 1942//1933
f 1942//1935 1941//1935 1943//1935
f 1939//1934 1941//1932 1940//1931
f 1941//1935 1944//1935 1943//1935
f 1943//1936 1945//1937 1946//1937
f 1944//1937 1945//1937 1943//1936
f 1946//1938 1947//1939 1948//1938
f 1945//1939 1947//1939 1946//1938
f 1948//1940 1949//1941 1950//1940
f 1950//529 1949//529 1951//529
f 1947//1941 1949//1941 1948//1940
f 1949//529 1952//529 1951//529
f 1952//1942 1953//1943 1951//1944
f 1951//1944 1953//1943 1954//1945
f 1953//1946 1955//1947 1954//1948
f 1954//1948 1955//1947 1956//1947
f 1955//1949 1957//1949 1956//1949
f 1956//1949 1957//1949 1958//1949
f 1958//1950 1957//540 1959//541
f 1957//540 1960//540 1959//541
f 1959//1951 1960//1953 1961//1952
f 1960//1953 1962//1953 1961//1952
f 1962//1954 1963//1954 1961//1954
f 1961//1954 1963//1954 1964//1954
f 1964//1956 1965//1957 1966//1958
f 1966//1959 1965//1959 1967//1959
f 1963//1955 1965//1957 1964//1956
f 1967//1960 1968//1962 1969//1961
f 1965//1959 1968//1959 1967//1959
f 1969//1963 1970//1963 1971//1964
f 1968//1962 1970//1960 1969//1961
f 1970//1963 1972//1965 1971//1964
f 1971//556 1973//556 1974//555
f 1972//555 1973//556 1971//556
f 1974//558 1975//558 1976//1967
f 1973//1966 1975//558 1974//558
f 1976//1968 1977//1968 1978//1968
f 1978//562 1977//562 1979//562
f 1975//1968 1977//1968 1976//1968
f 1979//1969 1980//1969 1981//1969
f 1977//562 1980//562 1979//562
f 1980//1969 1982//1969 1981//1969
f 1981//566 1983//566 1984//1971
f 1984//569 1983//568 1985//568
f 1982//1970 1983//566 1981//566
f 1983//568 1986//569 1985//568
f 1985//1972 1987//1973 1988//1973
f 1986//1974 1987//1973 1985//1972
f 1988//1975 1989//1976 1990//1977
f 1987//1977 1989//1976 1988//1975
f 1990//1978 1991//1978 1992//1978
f 1989//1978 1991//1978 1990//1978
f 1992//1979 1993//1980 1994//1981
f 1991//1982 1993//1980 1992//1979
f 1994//1983 1995//1983 1996//1983
f 1996//1985 1995//1984 1997//1985
f 1993//1983 1995//1983 1994//1983
f 1995//1984 1998//1986 1997//1985
f 1997//1987 1999//583 2000//1987
f 1998//1987 1999//583 1997//1987
f 1999//1988 2001//1988 2000//1988
f 2000//1988 2001//1988 2002//1988
f 2001//1989 2003//1989 2002//1990
f 2002//1990 2003//1989 2004//1991
f 2003//1992 2005//1992 2004//1993
f 2004//1993 2005//1992 2006//1994
f 2005//1995 2007//1995 2006//1995
f 2006//1995 2007//1995 2008//1995
f 2008//594 2007//1996 2009//594
f 2007//1996 2010//1997 2009//594
f 2010//1999 2011//1999 2009//1998
f 2009//1998 2011//1999 2012//1998
f 2012//2000 2011//2000 2013//2001
f 2011//2000 2014//2000 2013//2001
f 2014//2002 2015//2002 2013//2002
f 2013//2002 2015//2002 2016//2002
f 2015//602 2017//602 2016//603
f 2016//603 2017//602 2018//603
f 2017//2005 2019//2004 2018//2003
f 2018//2003 2019//2004 2020//2003
f 2019//2007 2021//2007 2020//2006
f 2020//2006 2021//2007 2022//2006
f 2021//608 2023//608 2022//2008
f 2022//2008 2023//608 2024//610
f 2024//2010 2023//2009 2025//2010
f 2023//2009 2026//2009 2025//2010
f 2025//2011 2027//2012 2028//2011
f 2026//2012 2027//2012 2025//2011
f 2028//2013 2029//2014 2030//2015
f 2027//2013 2029//2014 2028//2013
f 2030//2016 2031//618 2032//2017
f 2029//2018 2031//618 2030//2016
f 2032//2019 2033//2019 2034//2019
f 2031//2019 2033//2019 2032//2019
f 2034//622 2035//2020 2036//622
f 2033//2020 2035//2020 2034//622
f 2036//623 2037//623 2038//623
f 2035//623 2037//623 2036//623
f 2038//2021 2039//2021 2040//2021
f 2037//2021 2039//2021 2038//2021
f 2040//626 1911//626 1914//626
f 2039//626 1911//626 2040//626
f 2041//2034 1918//2034 1915//2034
f 2042//2034 1918//2034 2041//2034
f 1913//2035 2043//2035 2044//2035
f 1912//2035 2043//2035 1913//2035
f 2044//2036 2045//2036 2046//2036
f 2043//2036 2045//2036 2044//2036
f 2046//2037 2047//2037 2048//2037
f 2045//2037 2047//2037 2046//2037
f 2048//2038 2049//2039 2050//2038
f 2047//2039 2049//2039 2048//2038
f 2050//2040 2051//2040 2052//2040
f 2052//2041 2051//2042 2053//2043
f 2049//2040 2051//2040 2050//2040
f 2051//2042 2054//2044 2053//2043
f 2053//2045 2055//2046 2056//2046
f 2056//2047 2055//2048 2057//2047
f 2054//2049 2055//2046 2053//2045
f 2055//2048 2058//2048 2057//2047
f 2057//2050 2059//2051 2060//2050
f 2058//2051 2059//2051 2057//2050
f 2060//2052 2061//2053 2062//2052
f 2062//2054 2061//2054 2063//2054
f 2059//2055 2061//2053 2060//2052
f 2061//2054 2064//2054 2063//2054
f 2063//2056 2065//2057 2066//2056
f 2064//2057 2065//2057 2063//2056
f 2066//2058 2067//2059 2068//2058
f 2065//2059 2067//2059 2066//2058
f 2068//2060 2069//2060 2070//2060
f 2067//2060 2069//2060 2068//2060
f 2070//2061 2071//2062 2072//2062
f 2069//2062 2071//2062 2070//2061
f 2072//2063 2073//2064 2074//2063
f 2074//2065 2073//2066 2075//2067
f 2071//2064 2073//2064 2072//2063
f 2073//2066 2076//2066 2075//2067
f 2076//2068 2077//2069 2075//2070
f 2075//2070 2077//2069 2078//2070
f 2078//2071 2077//2071 2079//2071
f 2077//2071 2080//2071 2079//2071
f 2079//2072 2080//2073 2081//2074
f 2080//2073 2082//2073 2081//2074
f 2082//2075 2083//2075 2081//2075
f 2081//2075 2083//2075 2084//2075
f 2083//2076 2085//2076 2084//2077
f 2084//2077 2085//2076 2086//2076
f 2086//2078 2085//2079 2087//2080
f 2085//2079 2088//2079 2087//2080
f 2088//2081 2089//2081 2087//2081
f 2087//2081 2089//2081 2090//2081
f 2090//2082 2091//2083 2092//2082
f 2089//2083 2091//2083 2090//2082
f 2092//2084 2093//2085 2094//2085
f 2094//2086 2093//2087 2095//2088
f 2091//2085 2093//2085 2092//2084
f 2093//2087 2096//2086 2095//2088
f 2095//2089 2097//2090 2098//2091
f 2098//2092 2097//2093 2099//2092
f 2096//2089 2097//2090 2095//2089
f 2097//2093 2100//2093 2099//2092
f 2099//2094 2101//2094 2102//2094
f 2102//2095 2101//2096 2103//2095
f 2100//2094 2101//2094 2099//2094
f 2101//2096 2104//2096 2103//2095
f 2103//2022 2105//2022 2106//2022
f 2104//2022 2105//2022 2103//2022
f 2106//2097 2107//2098 2108//2097
f 2108//2099 2107//2099 2109//2099
f 2105//2098 2107//2098 2106//2097
f 2107//2099 2110//2099 2109//2099
f 2109//2100 2111//2101 2112//2100
f 2112//2102 2111//2103 2113//2104
f 2110//2101 2111//2101 2109//2100
f 2111//2103 2114//2104 2113//2104
f 2113//2105 2115//2106 2116//2107
f 2114//2107 2115//2106 2113//2105
f 2116//2108 2117//2109 2118//2108
f 2115//2108 2117//2109 2116//2108
f 2118//2110 2119//2111 2120//2110
f 2117//2111 2119//2111 2118//2110
f 2120//2112 2121//2112 2122//2112
f 2122//2113 2121//2114 2123//2113
f 2119//2112 2121//2112 2120//2112
f 2121//2114 2124//2115 2123//2113
f 2123//2116 2125//2117 2126//2118
f 2124//2117 2125//2117 2123//2116
f 2125//2119 2127//2119 2126//2119
f 2126//2119 2127//2119 2128//2119
f 2127//2120 2129//2121 2128//2120
f 2128//2120 2129//2121 2130//2122
f 2129//2123 2131//2123 2130//2123
f 2130//2123 2131//2123 2132//2123
f 2131//2124 2133//2125 2132//2126
f 2132//2126 2133//2125 2134//2126
f 2133//2127 2135//2127 2134//2128
f 2134//2128 2135//2127 2136//2128
f 2135//2129 2137//2129 2136//2130
f 2136//2130 2137//2129 2138//2130
f 2137//2131 2139//2132 2138//2131
f 2138//2131 2139//2132 2140//2131
f 2139//2133 2141//2133 2140//2133
f 2140//2133 2141//2133 2142//2133
f 2141//2134 2143//2135 2142//2136
f 2142//2136 2143//2135 2144//2137
f 2143//2138 2145//2138 2144//2139
f 2144//2139 2145//2138 2146//2139
f 2145//2140 2147//2141 2146//2141
f 2146//2141 2147//2141 2148//2140
f 2147//2142 2149//2142 2148//2143
f 2148//2143 2149//2142 2150//2143
f 2150//2144 2149//2145 2151//2144
f 2149//2145 2152//2145 2151//2144
f 2151//2146 2153//2147 2154//2146
f 2152//2147 2153//2147 2151//2146
f 2154//2148 2155//2149 2156//2148
f 2156//2150 2155//2151 2157//2152
f 2153//2148 2155//2149 2154//2148
f 2155//2151 2158//2153 2157//2152
f 2157//2154 2159//2154 2160//2154
f 2158//2154 2159//2154 2157//2154
f 2160//2155 2161//2156 2162//2155
f 2159//2156 2161//2156 2160//2155
f 2162//2157 2163//2157 2164//2157
f 2161//2157 2163//2157 2162//2157
f 2164//2158 2165//2158 2166//2158
f 2163//2158 2165//2158 2164//2158
f 2166//2159 2042//2159 2041//2159
f 2165//2159 2042//2159 2166//2159
f 1943//2029 1946//50 1948//50
f 1951//2030 1948//50 1950//50
f 1940//50 1942//50 1943//2029
f 1940//50 1943//2029 1948//50
f 1956//50 1951//2030 1954//50
f 1956//50 1948//50 1951//2030
f 1959//2029 1956//50 1958//50
f 1933//50 1936//50 1938//50
f 1933//50 1938//50 1940//50
f 1966//2029 1959//2029 1961//50
f 1966//2029 1961//50 1964//50
f 1928//50 1930//50 1932//50
f 1928//50 1932//50 1933//50
f 1969//50 1966//2029 1967//50
f 1924//2029 1926//2029 1928//50
f 1924//2029 1928//50 1933//50
f 1971//2031 1966//2029 1969//50
f 1920//50 1922//2030 1924//2029
f 1917//50 1920//50 1924//2029
f 1917//50 1924//2029 1933//50
f 1915//50 1917//50 1933//50
f 1979//50 1971//2031 1974//50
f 1979//50 1974//50 1976//50
f 1979//50 1976//50 1978//50
f 1979//50 1959//2029 1966//2029
f 1979//50 1956//50 1959//2029
f 1979//50 1966//2029 1971//2031
f 1985//50 1979//50 1981//50
f 1985//50 1981//50 1984//50
f 1990//50 1985//50 1988//50
f 1992//50 1985//50 1990//50
f 1992//50 1979//50 1985//50
f 2160//50 2162//2029 2164//2030
f 2160//50 2164//2030 2166//50
f 1997//50 1979//50 1992//50
f 1997//50 1992//50 1994//50
f 1997//50 1994//50 1996//50
f 2156//50 2157//2030 2160//50
f 2002//50 1979//50 1997//50
f 2002//50 1997//50 2000//50
f 2002//50 1948//50 1956//50
f 2002//50 1956//50 1979//50
f 2151//50 2156//50 2160//50
f 2151//50 2154//50 2156//50
f 2006//2030 2002//50 2004//50
f 2148//50 2150//50 2151//50
f 2009//50 2002//50 2006//2030
f 2009//50 2006//2030 2008//50
f 2144//50 2146//50 2148//50
f 2144//50 2148//50 2151//50
f 2013//50 2009//50 2012//50
f 2016//50 1940//50 1948//50
f 2016//50 2002//50 2009//50
f 2016//50 1933//50 1940//50
f 2016//50 2009//50 2013//50
f 2016//50 1948//50 2002//50
f 2138//50 2140//50 2142//50
f 2138//50 2142//50 2144//50
f 2136//50 2144//50 2151//50
f 2136//50 2138//50 2144//50
f 2022//50 2016//50 2018//50
f 2022//50 2018//50 2020//50
f 2132//50 2134//50 2136//50
f 2028//50 2022//50 2024//50
f 2028//50 2024//50 2025//50
f 2028//50 1933//50 2016//50
f 2028//50 2016//50 2022//50
f 2128//50 2130//50 2132//50
f 2123//50 2126//50 2128//50
f 2034//50 2028//50 2030//50
f 2034//50 2030//50 2032//2029
f 2034//50 1933//50 2028//50
f 2034//50 1915//50 1933//50
f 2038//50 2034//50 2036//2030
f 2120//50 2122//50 2123//50
f 2040//2030 2034//50 2038//50
f 2118//50 2120//50 2123//50
f 1914//50 1915//50 2034//50
f 1914//50 2034//50 2040//2030
f 2109//50 2112//50 2113//2029
f 2109//50 2113//2029 2116//50
f 2108//50 2109//50 2116//50
f 1913//50 2041//50 1915//50
f 1913//50 1915//50 1914//50
f 2044//50 2041//50 1913//50
f 2044//50 2166//50 2041//50
f 2102//50 2108//50 2116//50
f 2102//50 2103//50 2106//50
f 2102//50 2106//50 2108//50
f 2098//50 2099//50 2102//50
f 2050//50 2166//50 2044//50
f 2050//50 2160//50 2166//50
f 2050//50 2044//50 2046//2030
f 2050//50 2046//2030 2048//2029
f 2094//50 2116//50 2118//50
f 2094//50 2098//50 2102//50
f 2094//50 2102//50 2116//50
f 2094//50 2095//50 2098//50
f 2056//2030 2050//50 2052//50
f 2056//2030 2052//50 2053//2030
f 2057//50 2050//50 2056//2030
f 2087//2031 2090//50 2092//50
f 2084//2029 2086//50 2087//2031
f 2063//50 2057//50 2060//50
f 2063//50 2060//50 2062//50
f 2079//50 2081//50 2084//2029
f 2068//50 2151//50 2160//50
f 2068//50 2050//50 2057//50
f 2068//50 2160//50 2050//50
f 2068//50 2057//50 2063//50
f 2068//50 2063//50 2066//50
f 2078//50 2087//2031 2092//50
f 2078//50 2084//2029 2087//2031
f 2078//50 2079//50 2084//2029
f 2078//50 2092//50 2094//50
f 2072//50 2068//50 2070//50
f 2074//50 2118//50 2123//50
f 2074//50 2094//50 2118//50
f 2074//50 2151//50 2068//50
f 2074//50 2078//50 2094//50
f 2074//50 2136//50 2151//50
f 2074//50 2132//50 2136//50
f 2074//50 2068//50 2072//50
f 2074//50 2075//50 2078//50
f 2074//50 2128//50 2132//50
f 2074//50 2123//50 2128//50
f 919//2035 2167//2035 1493//2035
f 1493//2035 2167//2035 2168//2035
f 2167//2036 2169//2036 2168//2036
f 2168//2036 2169//2036 2170//2036
f 2169//2037 2171//2037 2170//2037
f 2170//2037 2171//2037 2172//2037
f 2172//2039 2171//2038 2173//2039
f 2171//2038 2174//2038 2173//2039
f 2174//2040 2175//2040 2173//2160
f 2173//2160 2175//2040 2176//2160
f 2176//2043 2175//2043 2177//2043
f 2175//2043 2178//2043 2177//2043
f 2178//2049 2179//2046 2177//2045
f 2177//2045 2179//2046 2180//2046
f 2179//2047 2181//2047 2180//2048
f 2180//2048 2181//2047 2182//2048
f 2181//2051 2183//2051 2182//2050
f 2182//2050 2183//2051 2184//2050
f 2184//2052 2185//2053 2186//2052
f 2183//2055 2185//2053 2184//2052
f 2186//2054 2187//2054 2188//2054
f 2185//2054 2187//2054 2186//2054
f 2188//2056 2189//2057 2190//2056
f 2190//2059 2189//2058 2191//2059
f 2187//2057 2189//2057 2188//2056
f 2189//2058 2192//2058 2191//2059
f 2191//2060 2193//2060 2194//2060
f 2194//2062 2193//2061 2195//2062
f 2192//2060 2193//2060 2191//2060
f 2193//2061 2196//2062 2195//2062
f 2195//2063 2197//2064 2198//2063
f 2196//2064 2197//2064 2195//2063
f 2198//2066 2199//2067 2200//2066
f 2197//2065 2199//2067 2198//2066
f 2199//2068 2201//2069 2200//2070
f 2200//2070 2201//2069 2202//2070
f 2201//2071 2203//2071 2202//2071
f 2202//2071 2203//2071 2204//2071
f 2203//2161 2205//2074 2204//2162
f 2204//2162 2205//2074 2206//2161
f 2205//2075 2207//2075 2206//2075
f 2206//2075 2207//2075 2208//2075
f 2207//2076 2209//2076 2208//2077
f 2208//2077 2209//2076 2210//2076
f 2210//2078 2209//2079 2211//2080
f 2209//2079 2212//2079 2211//2080
f 2212//2081 2213//2081 2211//2081
f 2211//2081 2213//2081 2214//2081
f 2214//2083 2213//2082 2215//2083
f 2213//2082 2216//2082 2215//2083
f 2216//2085 2217//2085 2215//2084
f 2215//2084 2217//2085 2218//2085
f 2218//2086 2217//2087 2219//2088
f 2217//2087 2220//2086 2219//2088
f 2220//2089 2221//2090 2219//2089
f 2219//2089 2221//2090 2222//2091
f 2221//2092 2223//2092 2222//2093
f 2222//2093 2223//2092 2224//2093
f 2223//2094 2225//2094 2224//2094
f 2224//2094 2225//2094 2226//2094
f 2225//2095 2227//2095 2226//2096
f 2226//2096 2227//2095 2228//2096
f 2228//2022 2227//2022 2229//2022
f 2227//2022 2230//2022 2229//2022
f 2229//2098 2230//2097 2231//2098
f 2230//2097 2232//2097 2231//2098
f 2231//2099 2232//2099 2233//2099
f 2232//2099 2234//2099 2233//2099
f 2234//2101 2235//2101 2233//2100
f 2233//2100 2235//2101 2236//2100
f 2237//2107 2238//2105 2239//2106
f 2235//2102 2238//2104 2236//2103
f 2236//2103 2238//2104 2237//2104
f 2238//2105 2240//2107 2239//2106
f 2239//2108 2241//2109 2242//2108
f 2240//2108 2241//2109 2239//2108
f 2242//2110 2243//2111 2244//2110
f 2241//2111 2243//2111 2242//2110
f 2244//2112 2245//2112 2246//2112
f 2243//2112 2245//2112 2244//2112
f 2246//2114 2247//2113 2248//2115
f 2245//2113 2247//2113 2246//2114
f 2248//2116 2249//2117 2250//2118
f 2247//2117 2249//2117 2248//2116
f 2249//2119 2251//2119 2250//2119
f 2250//2119 2251//2119 2252//2119
f 2251//2120 2253//2121 2252//2120
f 2252//2120 2253//2121 2254//2122
f 2254//2123 2255//2123 2256//2123
f 2253//2123 2255//2123 2254//2123
f 2256//2126 2257//2125 2258//2126
f 2255//2124 2257//2125 2256//2126
f 2258//2128 2259//2127 2260//2128
f 2257//2127 2259//2127 2258//2128
f 2260//2130 2261//2129 2262//2130
f 2259//2129 2261//2129 2260//2130
f 2262//2131 2263//2132 2264//2131
f 2261//2131 2263//2132 2262//2131
f 2264//2133 2265//2133 2266//2133
f 2263//2133 2265//2133 2264//2133
f 2266//2136 2267//2135 2268//2137
f 2265//2134 2267//2135 2266//2136
f 2268//2139 2269//2138 2270//2139
f 2267//2138 2269//2138 2268//2139
f 2270//2141 2271//2141 2272//2140
f 2269//2140 2271//2141 2270//2141
f 2272//2143 2273//2142 2274//2143
f 2271//2142 2273//2142 2272//2143
f 2274//2145 2275//2144 2276//2145
f 2273//2144 2275//2144 2274//2145
f 2276//2146 2277//2147 2278//2146
f 2278//2148 2277//2148 2279//2149
f 2275//2147 2277//2147 2276//2146
f 2277//2148 2280//2148 2279//2149
f 2279//2151 2281//2151 2282//2151
f 2282//2163 2281//2154 2283//2163
f 2280//2151 2281//2151 2279//2151
f 2281//2154 2284//2154 2283//2163
f 2283//2155 2285//2156 2286//2155
f 2286//2157 2285//2157 2287//2157
f 2284//2156 2285//2156 2283//2155
f 2285//2157 2288//2157 2287//2157
f 2287//2158 2289//2158 2290//2158
f 2288//2158 2289//2158 2287//2158
f 2290//2159 772//2159 1430//2159
f 2289//2159 772//2159 2290//2159
f 1453//2032 1449//2030 1450//2030
f 1453//2032 1450//2030 1451//50
f 1453//2032 1451//50 1452//50
f 1457//50 1449//2030 1453//2032
f 1457//50 1448//50 1449//2030
f 1457//50 1453//2032 1454//50
f 1457//50 1454//50 1455//50
f 1457//50 1455//50 1456//50
f 2282//50 2283//2029 2286//50
f 1469//2029 1467//50 1468//50
f 1469//2029 1466//50 1467//50
f 1470//50 1466//50 1469//2029
f 1470//50 1464//50 1465//2029
f 1470//50 1465//2029 1466//50
f 2274//50 2276//50 2278//50
f 2274//50 2278//50 2279//2030
f 2274//50 2279//2030 2282//50
f 2272//50 2274//50 2282//50
f 2268//50 2270//50 2272//50
f 1474//50 1472//50 1473//50
f 2266//50 2268//50 2272//50
f 1475//2030 1471//50 1472//50
f 1475//2030 1472//50 1474//50
f 2262//50 2272//50 2282//50
f 2262//50 2264//50 2266//50
f 2262//50 2282//50 2286//50
f 2262//50 2286//50 2287//50
f 2262//50 2266//50 2272//50
f 1477//2030 1470//50 1471//50
f 1477//2030 1475//2030 1476//50
f 1477//2030 1471//50 1475//2030
f 2258//50 2260//50 2262//50
f 1479//50 1477//2030 1478//50
f 1480//50 1477//2030 1479//50
f 2254//2029 2258//50 2262//50
f 2254//2029 2256//50 2258//50
f 1481//50 1470//50 1477//2030
f 1481//50 1477//2030 1480//50
f 2250//2030 2252//50 2254//2029
f 1484//50 1481//50 1482//50
f 1484//50 1482//50 1483//50
f 2246//50 2250//2030 2254//2029
f 2246//50 2262//50 2287//50
f 2246//50 2248//50 2250//2030
f 2246//50 2254//2029 2262//50
f 2246//50 2287//50 2290//50
f 2246//50 2290//50 1430//50
f 2246//50 1430//50 1431//50
f 2246//50 1431//50 1432//50
f 2246//50 1432//50 1433//50
f 2246//50 1433//50 1434//2030
f 2246//50 1434//2030 1435//50
f 2246//50 1435//50 1436//50
f 2246//50 1436//50 1437//50
f 2246//50 1437//50 1438//50
f 2246//50 1438//50 1439//50
f 2246//50 1439//50 1440//50
f 2246//50 1440//50 1441//50
f 2246//50 1441//50 1442//50
f 2246//50 1442//50 1443//50
f 2246//50 1443//50 1444//50
f 2246//50 1444//50 1445//50
f 2246//50 1445//50 1446//50
f 2246//50 1446//50 1447//50
f 2246//50 1447//50 1448//50
f 1486//50 1484//50 1485//50
f 1486//50 1481//50 1484//50
f 2242//2029 2244//50 2246//50
f 1487//50 1481//50 1486//50
f 1489//50 1487//50 1488//2029
f 2231//50 2233//50 2236//50
f 2231//50 2236//50 2237//50
f 1492//2030 1489//50 1490//2029
f 1492//2030 1490//2029 1491//2029
f 1493//50 1489//50 1492//2030
f 2170//50 1493//50 2168//2030
f 2170//50 1489//50 1493//50
f 2224//50 2226//50 2228//50
f 2173//2029 2170//50 2172//2029
f 2219//2030 2222//50 2224//50
f 2219//2030 2228//50 2229//2032
f 2219//2030 2224//50 2228//50
f 2215//2029 2218//50 2219//2030
f 2180//50 2173//2029 2176//50
f 2180//50 2176//50 2177//2030
f 2180//50 2170//50 2173//2029
f 2184//50 2180//50 2182//50
f 2210//50 2211//50 2214//50
f 2186//50 2180//50 2184//50
f 2208//50 2214//50 2215//2029
f 2208//50 2210//50 2214//50
f 2204//50 2206//50 2208//50
f 2204//50 2215//2029 2219//2030
f 2204//50 2208//50 2215//2029
f 2204//50 2219//2030 2229//2032
f 2191//50 2186//50 2188//50
f 2191//50 2188//50 2190//50
f 2191//50 1489//50 2170//50
f 2191//50 2170//50 2180//50
f 2191//50 1464//50 1470//50
f 2191//50 2180//50 2186//50
f 2191//50 1481//50 1487//50
f 2191//50 1470//50 1481//50
f 2191//50 1487//50 1489//50
f 2191//50 1460//50 1461//50
f 2191//50 1461//50 1462//50
f 2191//50 1462//50 1463//50
f 2191//50 1463//50 1464//50
f 2195//50 2191//50 2194//50
f 2198//50 2200//50 2202//50
f 2198//50 2202//50 2204//50
f 2198//50 1460//50 2191//50
f 2198//50 2229//2032 2231//50
f 2198//50 2246//50 1448//50
f 2198//50 2237//50 2239//50
f 2198//50 2239//50 2242//2029
f 2198//50 2204//50 2229//2032
f 2198//50 1448//50 1457//50
f 2198//50 2191//50 2195//50
f 2198//50 2242//2029 2246//50
f 2198//50 2231//50 2237//50
f 2198//50 1457//50 1458//50
f 2198//50 1458//50 1459//50
f 2198//50 1459//50 1460//50
f 1515//2034 1506//2034 1507//2034
f 1518//2034 1506//2034 1515//2034
f 1334//2034 1504//2034 1336//2034
f 1338//2034 1336//2034 1504//2034
f 1332//2034 1504//2034 1334//2034
f 1341//2034 1338//2034 1504//2034
f 1330//2034 1504//2034 1332//2034
f 1342//2034 1341//2034 1504//2034
f 1328//2034 1504//2034 1330//2034
f 1344//2034 1342//2034 1504//2034
f 1326//2034 1504//2034 1328//2034
f 1346//2034 1344//2034 1504//2034
f 1324//2034 1504//2034 1326//2034
f 1348//2034 1346//2034 1504//2034
f 1322//2034 1504//2034 1324//2034
f 1350//2034 1348//2034 1504//2034
f 1320//2034 1504//2034 1322//2034
f 1353//2034 1350//2034 1504//2034
f 1318//2034 1504//2034 1320//2034
f 1354//2034 1353//2034 1504//2034
f 1316//2034 1504//2034 1318//2034
f 1357//2034 1354//2034 1504//2034
f 1314//2034 1504//2034 1316//2034
f 1358//2034 1357//2034 1504//2034
f 1312//2034 1504//2034 1314//2034
f 1361//2034 1358//2034 1504//2034
f 1310//2034 1504//2034 1312//2034
f 1362//2034 1361//2034 1504//2034
f 1309//2034 1504//2034 1310//2034
f 1365//2034 1362//2034 1504//2034
f 1306//2034 1504//2034 1309//2034
f 1366//2034 1365//2034 1504//2034
f 1308//2034 1504//2034 1306//2034
f 1369//2034 1366//2034 1504//2034
f 1371//2034 1369//2034 1504//2034
f 1373//2034 1371//2034 1504//2034
f 1375//2034 1373//2034 1504//2034
f 1377//2034 1375//2034 1504//2034
f 1379//2034 1377//2034 1504//2034
f 1381//2034 1379//2034 1504//2034
f 1496//2034 1384//2034 1381//2034
f 1496//2034 1385//2034 1384//2034
f 1496//2034 1387//2034 1385//2034
f 1496//2034 1389//2034 1387//2034
f 1496//2034 1392//2034 1389//2034
f 1496//2034 1393//2034 1392//2034
f 1496//2034 1381//2034 1504//2034
f 1396//2034 1393//2034 1496//2034
f 1397//2034 1396//2034 1496//2034
f 1400//2034 1397//2034 1496//2034
f 1401//2034 1400//2034 1496//2034
f 1404//2034 1401//2034 1496//2034
f 1405//2034 1404//2034 1496//2034
f 1408//2034 1405//2034 1496//2034
f 1409//2034 1408//2034 1496//2034
f 1412//2034 1409//2034 1496//2034
f 1413//2034 1412//2034 1496//2034
f 1416//2034 1413//2034 1496//2034
f 1417//2034 1416//2034 1496//2034
f 1420//2034 1417//2034 1496//2034
f 1421//2034 1420//2034 1496//2034
f 1424//2034 1421//2034 1496//2034
f 1425//2034 1424//2034 1496//2034
f 1428//2034 1425//2034 1496//2034
f 1429//2034 1428//2034 1496//2034
f 1427//2034 1429//2034 1496//2034
f 2291//2034 1427//2034 1496//2034
f 2292//2034 2291//2034 1496//2034
f 2293//2034 2292//2034 1496//2034
f 2294//2034 2293//2034 1496//2034
f 2295//2034 2294//2034 1496//2034
f 1208//2034 2296//2034 2297//2034
f 1208//2034 2297//2034 1210//2034
f 1212//2034 2297//2034 2298//2034
f 1212//2034 1210//2034 2297//2034
f 1206//2034 2296//2034 1208//2034
f 1206//2034 2299//2034 2296//2034
f 1215//2034 1212//2034 2298//2034
f 1215//2034 2298//2034 2300//2034
f 1204//2034 2299//2034 1206//2034
f 1204//2034 2301//2034 2299//2034
f 1216//2034 1215//2034 2300//2034
f 1216//2034 2300//2034 2302//2034
f 1202//2034 2301//2034 1204//2034
f 1202//2034 2303//2034 2301//2034
f 1202//2034 2304//2034 2303//2034
f 1219//2034 1216//2034 2302//2034
f 1219//2034 2302//2034 2305//2034
f 1200//2034 2304//2034 1202//2034
f 1220//2034 1219//2034 2305//2034
f 1220//2034 2305//2034 2306//2034
f 1198//2034 2304//2034 1200//2034
f 1198//2034 2307//2034 2304//2034
f 1222//2034 1220//2034 2306//2034
f 1222//2034 2306//2034 2308//2034
f 1196//2034 2307//2034 1198//2034
f 1196//2034 2309//2034 2307//2034
f 1224//2034 1222//2034 2308//2034
f 1224//2034 2308//2034 2310//2034
f 1194//2034 2309//2034 1196//2034
f 1194//2034 2311//2034 2309//2034
f 1227//2034 1224//2034 2310//2034
f 1227//2034 2310//2034 2312//2034
f 1192//2034 2311//2034 1194//2034
f 1192//2034 2313//2034 2311//2034
f 1228//2034 1227//2034 2312//2034
f 1228//2034 2312//2034 2314//2034
f 1190//2034 2313//2034 1192//2034
f 1190//2034 2315//2034 2313//2034
f 1231//2034 2316//2034 2317//2034
f 1231//2034 2314//2034 2316//2034
f 1231//2034 1228//2034 2314//2034
f 1188//2034 2315//2034 1190//2034
f 1188//2034 2318//2034 2315//2034
f 1188//2034 2319//2034 2318//2034
f 1232//2034 1231//2034 2317//2034
f 1186//2034 2319//2034 1188//2034
f 1235//2034 1232//2034 2317//2034
f 1235//2034 2317//2034 2320//2034
f 1236//2034 1235//2034 2320//2034
f 1236//2034 2321//2034 2322//2034
f 1236//2034 2320//2034 2321//2034
f 1239//2034 1236//2034 2322//2034
f 1240//2034 2322//2034 2323//2034
f 1240//2034 1239//2034 2322//2034
f 1243//2034 2323//2034 2324//2034
f 1243//2034 1240//2034 2323//2034
f 1246//2034 2324//2034 2325//2034
f 1246//2034 1243//2034 2324//2034
f 1247//2034 1246//2034 2325//2034
f 1247//2034 2326//2034 2327//2034
f 1247//2034 2325//2034 2326//2034
f 1250//2034 1247//2034 2327//2034
f 1251//2034 1250//2034 2327//2034
f 1251//2034 2327//2034 2328//2034
f 1254//2034 2328//2034 2329//2034
f 1254//2034 1251//2034 2328//2034
f 1255//2034 2329//2034 2330//2034
f 1255//2034 1254//2034 2329//2034
f 1258//2034 1255//2034 2330//2034
f 1258//2034 2330//2034 2331//2034
f 1259//2034 1258//2034 2331//2034
f 1259//2034 2331//2034 2332//2034
f 1261//2034 2332//2034 2333//2034
f 1261//2034 1259//2034 2332//2034
f 1263//2034 1261//2034 2333//2034
f 1263//2034 2334//2034 2335//2034
f 1263//2034 2333//2034 2334//2034
f 1266//2034 1263//2034 2335//2034
f 1267//2034 2336//2034 2337//2034
f 1267//2034 2335//2034 2336//2034
f 1267//2034 1266//2034 2335//2034
f 1270//2034 1267//2034 2337//2034
f 1271//2034 1270//2034 2337//2034
f 1271//2034 2337//2034 2338//2034
f 1274//2034 1271//2034 2338//2034
f 1274//2034 2339//2034 2340//2034
f 1274//2034 2338//2034 2339//2034
f 1275//2034 2340//2034 2341//2034
f 1275//2034 1274//2034 2340//2034
f 1278//2034 1275//2034 2341//2034
f 1279//2034 1278//2034 2341//2034
f 1279//2034 2341//2034 2342//2034
f 1282//2034 1279//2034 2342//2034
f 1282//2034 2342//2034 2343//2034
f 1283//2034 1282//2034 2343//2034
f 1283//2034 2343//2034 2344//2034
f 1286//2034 2345//2034 2346//2034
f 1286//2034 2344//2034 2345//2034
f 1286//2034 1283//2034 2344//2034
f 1287//2034 2346//2034 2347//2034
f 1287//2034 1286//2034 2346//2034
f 1290//2034 1287//2034 2347//2034
f 1291//2034 2347//2034 2348//2034
f 1291//2034 1290//2034 2347//2034
f 1505//2034 2349//2034 2350//2034
f 1505//2034 2351//2034 2349//2034
f 1505//2034 2352//2034 2351//2034
f 1505//2034 2353//2034 2352//2034
f 1505//2034 2354//2034 2353//2034
f 1505//2034 2355//2034 2354//2034
f 1505//2034 2356//2034 2355//2034
f 1505//2034 2357//2034 2356//2034
f 1505//2034 2358//2034 2357//2034
f 1505//2034 2359//2034 2358//2034
f 1505//2034 2360//2034 2359//2034
f 1505//2034 2361//2034 2360//2034
f 1505//2034 2362//2034 2361//2034
f 1505//2034 2363//2034 2362//2034
f 1505//2034 2364//2034 2363//2034
f 1505//2034 2365//2034 2364//2034
f 1505//2034 2366//2034 2365//2034
f 1505//2034 2367//2034 2366//2034
f 1505//2034 2368//2034 2367//2034
f 1505//2034 2369//2034 2368//2034
f 1505//2034 2370//2034 2369//2034
f 1505//2034 2371//2034 2370//2034
f 1505//2034 2372//2034 2371//2034
f 1505//2034 2373//2034 2372//2034
f 1505//2034 2374//2034 2373//2034
f 1505//2034 2375//2034 2374//2034
f 1505//2034 2376//2034 2375//2034
f 1505//2034 2377//2034 2376//2034
f 1505//2034 2378//2034 2377//2034
f 1505//2034 2379//2034 2378//2034
f 1505//2034 2380//2034 2379//2034
f 1505//2034 2381//2034 2380//2034
f 1505//2034 2382//2034 2381//2034
f 1505//2034 2383//2034 2382//2034
f 1505//2034 2384//2034 2383//2034
f 1505//2034 2385//2034 2384//2034
f 1505//2034 2386//2034 2385//2034
f 1505//2034 1182//2034 2386//2034
f 1505//2034 1180//2034 1182//2034
f 1505//2034 1183//2034 1180//2034
f 1495//2034 2387//2034 1301//2034
f 1495//2034 2388//2034 2387//2034
f 1495//2034 2389//2034 2388//2034
f 1495//2034 2390//2034 2389//2034
f 1495//2034 2391//2034 2390//2034
f 1495//2034 2392//2034 2391//2034
f 1495//2034 2393//2034 2392//2034
f 1495//2034 2394//2034 2393//2034
f 1495//2034 2395//2034 2394//2034
f 1495//2034 2396//2034 2395//2034
f 1495//2034 2397//2034 2396//2034
f 1495//2034 2398//2034 2397//2034
f 1495//2034 2399//2034 2398//2034
f 1495//2034 2400//2034 2399//2034
f 1495//2034 2401//2034 2400//2034
f 1495//2034 2402//2034 2401//2034
f 1495//2034 2403//2034 2402//2034
f 1495//2034 2404//2034 2403//2034
f 1495//2034 1294//2034 1291//2034
f 1495//2034 2405//2034 2404//2034
f 1495//2034 1295//2034 1294//2034
f 1495//2034 2406//2034 2405//2034
f 1495//2034 1298//2034 1295//2034
f 1495//2034 2407//2034 2406//2034
f 1495//2034 1299//2034 1298//2034
f 1495//2034 2408//2034 2407//2034
f 1495//2034 1302//2034 1299//2034
f 1495//2034 2409//2034 2408//2034
f 1495//2034 1303//2034 1302//2034
f 1495//2034 2410//2034 2409//2034
f 1495//2034 1301//2034 1303//2034
f 1495//2034 2350//2034 2410//2034
f 1495//2034 2411//2034 2295//2034
f 1495//2034 2348//2034 2411//2034
f 1495//2034 1505//2034 2350//2034
f 1495//2034 1291//2034 2348//2034
f 1495//2034 2295//2034 1496//2034
f 1505//2034 1504//2034 1308//2034
f 1505//2034 1308//2034 2412//2034
f 1505//2034 2412//2034 2413//2034
f 1505//2034 2413//2034 2414//2034
f 1505//2034 2414//2034 2319//2034
f 1505//2034 2319//2034 1183//2034
f 1183//2034 2319//2034 1184//2034
f 1184//2034 2319//2034 1186//2034
f 1518//2164 1516//2165 1643//2164
f 1643//2164 1516//2165 1646//2165
f 1645//2166 1644//2167 1506//2166
f 1506//2166 1644//2167 1501//2167
f 1514//2167 1498//2166 1647//2166
f 1498//2166 1707//2166 1647//2166
f 1707//2166 1503//2166 2415//2168
f 1498//2166 1503//2166 1707//2166
f 1509//2169 1647//2169 1693//2169
f 1647//2169 1513//2169 1514//2170
f 1509//2169 1513//2169 1647//2169
f 1510//2171 1509//2172 1907//2171
f 1907//2171 1509//2172 1904//2172
f 1909//2173 1905//2173 1908//2173
f 1906//2173 1905//2173 1909//2173
f 1707//2174 2415//2175 1910//2174
f 1908//2174 1707//2174 1910//2174
f 1877//2174 1707//2174 1908//2174
f 1693//2176 1904//2176 1509//2176
f 1877//2177 1905//2178 1849//2179
f 1908//2177 1905//2178 1877//2177
f 1904//2164 1849//2164 1905//2164
f 1693//2164 1849//2164 1904//2164
f 383//2180 2416//2180 2417//2180
f 2417//2181 2416//2181 2418//2181
f 2418//2182 2416//2182 2419//2182
f 2419//2183 2420//2183 2421//2183
f 2421//2184 2420//2184 2422//2184
f 2416//2185 2420//2186 2419//2187
f 2291//2188 2423//2188 1427//2188
f 2292//2189 2423//2189 2291//2189
f 2293//2190 2423//2190 2292//2190
f 1427//2191 2423//2192 383//2193
f 383//2193 2423//2192 2416//2194
f 2420//2195 2424//2196 2422//2197
f 2422//2198 2424//2198 2425//2198
f 2425//2199 2424//2199 2426//2199
f 2294//2200 2427//2200 2293//2200
f 2295//2201 2427//2201 2294//2201
f 2416//2185 2427//2202 2420//2186
f 2293//2203 2427//2202 2423//2204
f 2423//2204 2427//2202 2416//2185
f 2424//2205 2428//2206 2426//2207
f 2426//2208 2428//2208 2429//2208
f 2429//2209 2428//2209 2430//2209
f 2411//2210 2431//2210 2295//2210
f 2348//2211 2431//2211 2411//2211
f 2295//2212 2431//2213 2427//2214
f 2427//2214 2431//2213 2420//2195
f 2420//2195 2431//2213 2424//2196
f 2430//2215 2432//2215 2433//2215
f 2433//2216 2432//2217 2434//2218
f 2428//2219 2432//2220 2430//2221
f 2347//2222 2435//2222 2348//2222
f 2346//2223 2435//2224 2347//2225
f 2348//2226 2435//2227 2431//2228
f 2431//2228 2435//2227 2424//2205
f 2424//2205 2435//2227 2428//2206
f 2432//2217 2436//2229 2434//2218
f 2434//2230 2436//2230 2437//2230
f 2437//2231 2436//2232 2438//2233
f 2345//2234 2439//2234 2346//2234
f 2344//2235 2439//2236 2345//2237
f 2435//2224 2439//2238 2428//2219
f 2428//2219 2439//2238 2432//2220
f 2346//2223 2439//2238 2435//2224
f 2436//2232 2440//2239 2438//2233
f 2438//2240 2440//2240 2441//2240
f 2441//2241 2440//2242 2442//2243
f 2343//2244 2443//2244 2344//2244
f 2342//2245 2443//2246 2343//2247
f 2432//2217 2443//2248 2436//2229
f 2344//2235 2443//2248 2439//2236
f 2439//2236 2443//2248 2432//2217
f 2440//2242 2444//2249 2442//2243
f 2442//2250 2444//2250 2445//2250
f 2445//2251 2444//2252 2446//2253
f 2341//2254 2447//2254 2342//2254
f 2340//2255 2447//2256 2341//2257
f 2436//2232 2447//2258 2440//2239
f 2342//2245 2447//2258 2443//2246
f 2443//2246 2447//2258 2436//2232
f 2444//2252 2448//2259 2446//2253
f 2446//2260 2448//2260 2449//2260
f 2449//2261 2448//2262 2450//2263
f 2339//2264 2451//2264 2340//2264
f 2338//2265 2451//2266 2339//2267
f 2440//2242 2451//2268 2444//2249
f 2447//2256 2451//2268 2440//2242
f 2340//2255 2451//2268 2447//2256
f 2448//2262 2452//2269 2450//2263
f 2450//2270 2452//2270 2453//2270
f 2453//2271 2452//2272 2454//2273
f 2338//2265 2455//2274 2451//2266
f 2337//2275 2455//2275 2338//2275
f 2336//2276 2455//2277 2337//2278
f 2444//2252 2455//2274 2448//2259
f 2451//2266 2455//2274 2444//2252
f 2452//2272 2456//2279 2454//2273
f 2454//2280 2456//2280 2457//2280
f 2457//2281 2456//2282 2458//2283
f 2448//2262 2459//2284 2452//2269
f 2335//2285 2459//2285 2336//2285
f 2334//2286 2459//2287 2335//2288
f 2336//2276 2459//2284 2455//2277
f 2455//2277 2459//2284 2448//2262
f 2456//2282 2460//2289 2458//2283
f 2458//2290 2460//2290 2461//2290
f 2461//2291 2460//2292 2462//2293
f 2333//2294 2463//2294 2334//2294
f 2332//2295 2463//2296 2333//2297
f 2334//2286 2463//2298 2459//2287
f 2452//2272 2463//2298 2456//2279
f 2459//2287 2463//2298 2452//2272
f 2460//2292 2464//2299 2462//2293
f 2462//2300 2464//2300 2465//2300
f 2465//2301 2464//2302 2466//2303
f 2463//2296 2467//2304 2456//2282
f 2331//2305 2467//2305 2332//2305
f 2330//2306 2467//2307 2331//2308
f 2456//2282 2467//2304 2460//2289
f 2332//2295 2467//2304 2463//2296
f 2464//2302 2468//2309 2466//2303
f 2466//2310 2468//2310 2469//2310
f 2469//2311 2468//2312 2470//2313
f 2330//2306 2471//2314 2467//2307
f 2467//2307 2471//2314 2460//2292
f 2329//2315 2471//2315 2330//2315
f 2328//2316 2471//2317 2329//2318
f 2460//2292 2471//2314 2464//2299
f 2468//2312 2472//2319 2470//2313
f 2470//2320 2472//2320 2473//2320
f 2473//2321 2472//2322 2474//2323
f 2464//2302 2475//2324 2468//2309
f 2327//2325 2475//2325 2328//2325
f 2326//2326 2475//2327 2327//2328
f 2471//2317 2475//2324 2464//2302
f 2328//2316 2475//2324 2471//2317
f 2472//2322 2476//2329 2474//2323
f 2474//2330 2476//2330 2477//2330
f 2475//2327 2478//2331 2468//2312
f 2325//2332 2478//2332 2326//2332
f 2324//2333 2478//2334 2325//2335
f 2468//2312 2478//2331 2472//2319
f 2326//2326 2478//2331 2475//2327
f 2472//2322 2478//2334 2476//2329
f 2476//2336 2479//2337 2477//2338
f 2477//2338 2479//2337 2480//2339
f 2480//2340 2479//2340 2481//2340
f 2478//2334 2482//2341 2476//2329
f 2476//2336 2482//2342 2479//2337
f 2323//2343 2482//2343 2324//2343
f 2324//2333 2482//2341 2478//2334
f 2479//2344 2483//2345 2481//2346
f 2481//2346 2483//2345 2484//2347
f 2484//2348 2483//2348 2485//2348
f 2322//2349 2486//2350 2323//2350
f 2321//2351 2486//2351 2322//2351
f 2482//2342 2486//2350 2479//2337
f 2323//2350 2486//2350 2482//2342
f 2485//2352 2487//2353 2488//2354
f 2488//2355 2487//2355 2489//2355
f 2483//2356 2487//2353 2485//2352
f 2479//2344 2490//2357 2483//2345
f 2320//2358 2490//2357 2321//2359
f 2317//2360 2490//2360 2320//2360
f 2486//2361 2490//2357 2479//2344
f 2321//2359 2490//2357 2486//2361
f 2489//2362 2491//2363 2492//2364
f 2492//2365 2491//2365 2493//2365
f 2487//2366 2491//2363 2489//2362
f 2316//2367 2494//2368 2317//2369
f 2314//2370 2494//2370 2316//2370
f 2490//2371 2494//2368 2483//2356
f 2483//2356 2494//2368 2487//2353
f 2317//2369 2494//2368 2490//2371
f 2493//2372 2495//2373 2496//2374
f 2496//2375 2495//2375 2497//2375
f 2491//2376 2495//2373 2493//2372
f 2314//2377 2498//2378 2494//2379
f 2491//2376 2498//2380 2495//2373
f 2312//2381 2498//2378 2314//2377
f 2310//2382 2498//2382 2312//2382
f 2494//2379 2498//2378 2487//2366
f 2487//2366 2498//2378 2491//2363
f 2497//2383 2499//2384 2500//2385
f 2500//2386 2499//2386 2501//2386
f 2495//2387 2499//2384 2497//2383
f 2498//2380 2502//2388 2495//2373
f 2495//2387 2502//2389 2499//2384
f 2308//2390 2502//2388 2310//2391
f 2306//2392 2502//2392 2308//2392
f 2310//2391 2502//2388 2498//2380
f 2501//2393 2503//2394 2504//2395
f 2504//2396 2503//2396 2505//2396
f 2499//2397 2503//2394 2501//2393
f 2306//2398 2506//2399 2502//2389
f 2305//2400 2506//2399 2306//2398
f 2302//2401 2506//2401 2305//2401
f 2502//2389 2506//2399 2499//2384
f 2505//2402 2507//2403 2508//2404
f 2508//2405 2507//2405 2509//2405
f 2503//2406 2507//2403 2505//2402
f 2302//2407 2510//2408 2506//2409
f 2506//2409 2510//2408 2499//2397
f 2503//2406 2510//2410 2507//2403
f 2300//2411 2510//2408 2302//2407
f 2298//2412 2510//2412 2300//2412
f 2499//2397 2510//2408 2503//2394
f 2509//2413 2511//2414 2512//2415
f 2512//2416 2511//2416 2513//2416
f 2507//2417 2511//2414 2509//2413
f 2297//2418 2514//2419 2298//2420
f 2296//2421 2514//2421 2297//2421
f 2510//2410 2514//2419 2507//2403
f 2298//2420 2514//2419 2510//2410
f 2513//2422 2515//2423 2516//2424
f 2516//2425 2515//2425 2517//2425
f 2511//2426 2515//2423 2513//2422
f 2507//2417 2518//2427 2511//2414
f 2299//2428 2518//2427 2296//2429
f 2296//2429 2518//2427 2514//2430
f 2301//2431 2518//2431 2299//2431
f 2514//2430 2518//2427 2507//2417
f 2517//2432 2519//2433 2520//2434
f 2520//2435 2519//2435 2521//2435
f 2515//2436 2519//2433 2517//2432
f 2303//2437 2522//2438 2301//2439
f 2304//2440 2522//2440 2303//2440
f 2518//2441 2522//2438 2511//2426
f 2301//2439 2522//2438 2518//2441
f 2511//2426 2522//2438 2515//2423
f 2521//2442 2523//2443 2524//2444
f 2524//2445 2523//2445 2525//2445
f 2519//2446 2523//2443 2521//2442
f 2304//2447 2526//2448 2522//2449
f 2515//2436 2526//2448 2519//2433
f 2307//2450 2526//2448 2304//2447
f 2309//2451 2526//2451 2307//2451
f 2522//2449 2526//2448 2515//2436
f 2525//2452 2527//2452 2528//2452
f 2528//2453 2527//2453 2529//2453
f 2523//2454 2527//2455 2525//2456
f 2526//2457 2530//2458 2519//2446
f 2519//2446 2530//2458 2523//2443
f 2309//2459 2530//2458 2526//2457
f 2523//2454 2530//2460 2527//2455
f 2311//2461 2530//2458 2309//2459
f 2313//2462 2530//2462 2311//2462
f 2529//2463 2531//2463 2532//2463
f 2532//2464 2531//2464 2533//2464
f 2527//2465 2531//2466 2529//2467
f 2530//2460 2534//2468 2527//2455
f 2313//2469 2534//2468 2530//2460
f 2315//2470 2534//2470 2313//2470
f 2318//2471 2534//2471 2315//2471
f 2533//2472 2535//2472 2536//2472
f 2536//2473 2535//2473 2537//2473
f 2537//2474 2535//2474 258//2474
f 2531//2475 2535//2476 2533//2477
f 2527//2465 2538//2478 2531//2466
f 2318//2479 2538//2478 2534//2480
f 2319//2481 2538//2481 2318//2481
f 2414//2482 2538//2482 2319//2482
f 2534//2480 2538//2478 2527//2465
f 2531//2475 2539//2483 2535//2476
f 258//2484 2539//2485 1308//2486
f 2414//2487 2539//2483 2538//2488
f 2413//2489 2539//2489 2414//2489
f 2412//2490 2539//2490 2413//2490
f 1308//2491 2539//2491 2412//2491
f 2538//2488 2539//2483 2531//2475
f 2535//2492 2539//2485 258//2484
f 511//2493 2540//2493 2541//2493
f 2541//2494 2540//2494 2542//2494
f 2542//2495 2540//2495 2543//2495
f 2543//2496 2544//2496 2545//2496
f 2545//2497 2544//2497 2546//2497
f 2540//2185 2544//2186 2543//2498
f 2387//2499 2547//2499 1301//2499
f 2388//2189 2547//2189 2387//2189
f 2389//2500 2547//2500 2388//2500
f 1301//2501 2547//2192 511//2193
f 511//2193 2547//2192 2540//2502
f 2544//2195 2548//2197 2546//2503
f 2546//2504 2548//2504 2549//2504
f 2549//2505 2548//2505 2550//2505
f 2390//2200 2551//2200 2389//2200
f 2391//2506 2551//2506 2390//2506
f 2540//2185 2551//2202 2544//2186
f 2389//2203 2551//2202 2547//2204
f 2547//2204 2551//2202 2540//2185
f 2548//2507 2552//2508 2550//2207
f 2550//2509 2552//2509 2553//2509
f 2553//2510 2552//2510 2554//2510
f 2392//2511 2555//2511 2391//2511
f 2393//2211 2555//2211 2392//2211
f 2551//2512 2555//2513 2544//2195
f 2391//2212 2555//2513 2551//2512
f 2544//2195 2555//2513 2548//2197
f 2554//2514 2556//2514 2557//2514
f 2557//2515 2556//2516 2558//2517
f 2552//2518 2556//2519 2554//2221
f 2394//2520 2559//2520 2393//2520
f 2395//2521 2559//2522 2394//2523
f 2393//2524 2559//2525 2555//2526
f 2555//2526 2559//2525 2548//2507
f 2548//2507 2559//2525 2552//2508
f 2556//2516 2560//2527 2558//2517
f 2558//2528 2560//2528 2561//2528
f 2561//2231 2560//2232 2562//2233
f 2396//2529 2563//2529 2395//2529
f 2397//2530 2563//2531 2396//2237
f 2559//2522 2563//2532 2552//2518
f 2552//2518 2563//2532 2556//2519
f 2395//2521 2563//2532 2559//2522
f 2560//2232 2564//2239 2562//2233
f 2562//2240 2564//2240 2565//2240
f 2565//2241 2564//2242 2566//2533
f 2398//2244 2567//2244 2397//2244
f 2399//2245 2567//2246 2398//2247
f 2556//2516 2567//2248 2560//2527
f 2397//2530 2567//2248 2563//2531
f 2563//2531 2567//2248 2556//2516
f 2564//2242 2568//2534 2566//2533
f 2566//2535 2568//2535 2569//2535
f 2569//2536 2568//2537 2570//2538
f 2400//2539 2571//2539 2399//2539
f 2401//2540 2571//2256 2400//2541
f 2560//2232 2571//2258 2564//2239
f 2399//2245 2571//2258 2567//2246
f 2567//2246 2571//2258 2560//2232
f 2568//2537 2572//2542 2570//2538
f 2570//2543 2572//2543 2573//2543
f 2573//2544 2572//2545 2574//2546
f 2402//2264 2575//2264 2401//2264
f 2403//2547 2575//2266 2402//2548
f 2564//2242 2575//2268 2568//2534
f 2571//2256 2575//2268 2564//2242
f 2401//2540 2575//2268 2571//2256
f 2572//2545 2576//2549 2574//2546
f 2574//2550 2576//2550 2577//2550
f 2577//2551 2576//2272 2578//2552
f 2572//2545 2579//2553 2576//2549
f 2403//2547 2579//2274 2575//2266
f 2404//2554 2579//2554 2403//2554
f 2405//2555 2579//2553 2404//2278
f 2568//2537 2579//2274 2572//2542
f 2575//2266 2579//2274 2568//2537
f 2576//2272 2580//2279 2578//2552
f 2578//2280 2580//2280 2581//2280
f 2581//2281 2580//2556 2582//2283
f 2406//2557 2583//2557 2405//2557
f 2407//2558 2583//2559 2406//2560
f 2405//2555 2583//2561 2579//2553
f 2579//2553 2583//2561 2576//2549
f 2580//2556 2584//2562 2582//2283
f 2582//2563 2584//2563 2585//2563
f 2585//2564 2584//2565 2586//2566
f 2408//2294 2587//2294 2407//2294
f 2409//2567 2587//2568 2408//2569
f 2576//2272 2587//2298 2580//2279
f 2407//2558 2587//2298 2583//2559
f 2583//2559 2587//2298 2576//2272
f 2584//2565 2588//2570 2586//2566
f 2586//2571 2588//2571 2589//2571
f 2589//2572 2588//2573 2590//2303
f 2409//2567 2591//2574 2587//2568
f 2410//2305 2591//2305 2409//2305
f 2350//2575 2591//2307 2410//2576
f 2580//2556 2591//2574 2584//2562
f 2587//2568 2591//2574 2580//2556
f 2588//2573 2592//2309 2590//2303
f 2590//2577 2592//2577 2593//2577
f 2593//2311 2592//2312 2594//2313
f 2349//2315 2595//2315 2350//2315
f 2351//2578 2595//2579 2349//2580
f 2350//2575 2595//2581 2591//2307
f 2591//2307 2595//2581 2584//2565
f 2584//2565 2595//2581 2588//2570
f 2592//2312 2596//2319 2594//2313
f 2594//2320 2596//2320 2597//2320
f 2597//2582 2596//2583 2598//2584
f 2588//2573 2599//2585 2592//2309
f 2352//2586 2599//2586 2351//2586
f 2353//2587 2599//2588 2352//2328
f 2595//2579 2599//2585 2588//2573
f 2351//2578 2599//2585 2595//2579
f 2596//2583 2600//2589 2598//2584
f 2598//2330 2600//2330 2601//2330
f 2592//2312 2602//2590 2596//2319
f 2354//2591 2602//2591 2353//2591
f 2355//2592 2602//2593 2354//2594
f 2599//2588 2602//2590 2592//2312
f 2353//2587 2602//2590 2599//2588
f 2600//2595 2603//2596 2601//2597
f 2601//2597 2603//2596 2604//2598
f 2604//2340 2603//2340 2605//2340
f 2356//2599 2606//2599 2355//2599
f 2596//2583 2606//2600 2600//2589
f 2602//2593 2606//2600 2596//2583
f 2355//2592 2606//2600 2602//2593
f 2603//2601 2607//2602 2605//2346
f 2605//2346 2607//2602 2608//2347
f 2608//2603 2607//2603 2609//2603
f 2600//2595 2610//2604 2603//2596
f 2357//2605 2610//2604 2356//2606
f 2358//2607 2610//2607 2357//2607
f 2606//2608 2610//2604 2600//2595
f 2356//2606 2610//2604 2606//2608
f 2609//2609 2611//2610 2612//2611
f 2612//2355 2611//2355 2613//2355
f 2607//2612 2611//2610 2609//2609
f 2359//2358 2614//2613 2358//2614
f 2360//2360 2614//2360 2359//2360
f 2603//2601 2614//2613 2607//2602
f 2358//2614 2614//2613 2610//2615
f 2610//2615 2614//2613 2603//2601
f 2613//2616 2615//2617 2616//2618
f 2616//2619 2615//2619 2617//2619
f 2611//2620 2615//2617 2613//2616
f 2360//2369 2618//2621 2614//2622
f 2361//2367 2618//2621 2360//2369
f 2362//2370 2618//2370 2361//2370
f 2607//2612 2618//2621 2611//2610
f 2614//2622 2618//2621 2607//2612
f 2617//2372 2619//2623 2620//2374
f 2620//2375 2619//2375 2621//2375
f 2615//2624 2619//2623 2617//2372
f 2618//2625 2622//2626 2611//2620
f 2362//2377 2622//2626 2618//2625
f 2363//2627 2622//2626 2362//2377
f 2364//2382 2622//2382 2363//2382
f 2611//2620 2622//2626 2615//2617
f 2621//2628 2623//2629 2624//2630
f 2624//2631 2623//2631 2625//2631
f 2619//2632 2623//2629 2621//2628
f 2365//2633 2626//2634 2364//2635
f 2366//2636 2626//2636 2365//2636
f 2622//2637 2626//2634 2615//2624
f 2615//2624 2626//2634 2619//2623
f 2364//2635 2626//2634 2622//2637
f 2625//2638 2627//2639 2628//2640
f 2628//2641 2627//2641 2629//2641
f 2623//2642 2627//2639 2625//2638
f 2619//2632 2630//2643 2623//2629
f 2366//2644 2630//2643 2626//2645
f 2367//2646 2630//2643 2366//2644
f 2368//2647 2630//2647 2367//2647
f 2626//2645 2630//2643 2619//2632
f 2629//2648 2631//2649 2632//2650
f 2632//2651 2631//2651 2633//2651
f 2627//2652 2631//2649 2629//2648
f 2627//2652 2634//2653 2631//2649
f 2630//2654 2634//2655 2623//2642
f 2369//2656 2634//2655 2368//2657
f 2370//2412 2634//2412 2369//2412
f 2623//2642 2634//2655 2627//2639
f 2368//2657 2634//2655 2630//2654
f 2633//2413 2635//2414 2636//2415
f 2636//2658 2635//2658 2637//2658
f 2631//2417 2635//2414 2633//2413
f 2634//2653 2638//2659 2631//2649
f 2371//2660 2638//2659 2370//2661
f 2372//2421 2638//2421 2371//2421
f 2370//2661 2638//2659 2634//2653
f 2637//2422 2639//2662 2640//2424
f 2640//2663 2639//2663 2641//2663
f 2635//2664 2639//2662 2637//2422
f 2638//2665 2642//2666 2631//2417
f 2373//2667 2642//2666 2372//2668
f 2631//2417 2642//2666 2635//2414
f 2374//2669 2642//2669 2373//2669
f 2635//2664 2642//2670 2639//2662
f 2372//2668 2642//2666 2638//2665
f 2641//2671 2643//2672 2644//2673
f 2644//2674 2643//2674 2645//2674
f 2639//2436 2643//2672 2641//2671
f 2642//2670 2646//2675 2639//2662
f 2375//2437 2646//2675 2374//2439
f 2376//2676 2646//2676 2375//2676
f 2374//2439 2646//2675 2642//2670
f 2645//2677 2647//2678 2648//2679
f 2648//2680 2647//2680 2649//2680
f 2643//2681 2647//2678 2645//2677
f 2639//2436 2650//2682 2643//2672
f 2376//2683 2650//2682 2646//2684
f 2643//2681 2650//2685 2647//2678
f 2377//2686 2650//2682 2376//2683
f 2378//2687 2650//2687 2377//2687
f 2646//2684 2650//2682 2639//2436
f 2649//2688 2651//2688 2652//2688
f 2652//2689 2651//2689 2653//2689
f 2647//2455 2651//2690 2649//2456
f 2650//2685 2654//2691 2647//2678
f 2378//2692 2654//2691 2650//2685
f 2379//2461 2654//2691 2378//2692
f 2380//2693 2654//2693 2379//2693
f 2653//2694 2655//2694 2656//2694
f 2651//2467 2655//2695 2653//2696
f 2656//2697 2655//2697 2657//2697
f 2647//2455 2658//2698 2651//2690
f 2651//2467 2658//2478 2655//2695
f 2380//2469 2658//2698 2654//2699
f 2654//2699 2658//2698 2647//2455
f 2381//2470 2658//2470 2380//2470
f 2382//2700 2658//2700 2381//2700
f 2655//2701 2659//2475 2657//2477
f 2657//2702 2659//2702 2660//2702
f 2660//2703 2659//2703 2661//2703
f 2661//2704 2659//2704 386//2704
f 2658//2478 2662//2705 2655//2695
f 2382//2706 2662//2705 2658//2478
f 2383//2481 2662//2481 2382//2481
f 2384//2482 2662//2482 2383//2482
f 2655//2701 2662//2707 2659//2475
f 2662//2707 2663//2708 2659//2475
f 386//2484 2663//2486 1182//2709
f 2384//2487 2663//2708 2662//2707
f 2385//2710 2663//2710 2384//2710
f 2386//2490 2663//2490 2385//2490
f 1182//2711 2663//2711 2386//2711
f 2659//2492 2663//2486 386//2484
f 128//2712 2664//2712 2665//2712
f 2665//2713 2664//2713 2666//2713
f 2666//2714 2664//2714 2667//2714
f 2667//2715 2668//2715 2669//2715
f 2669//2716 2668//2716 2670//2716
f 2664//2717 2668//2718 2667//2719
f 1640//2720 2671//2720 1175//2720
f 1641//2721 2671//2721 1640//2721
f 1642//2722 2671//2722 1641//2722
f 1175//2723 2671//2724 128//2725
f 128//2725 2671//2724 2664//2726
f 2668//2727 2672//2728 2670//2729
f 2670//2730 2672//2730 2673//2730
f 2673//2731 2672//2731 2674//2731
f 1602//2732 2675//2732 1642//2732
f 1601//2733 2675//2733 1602//2733
f 2664//2717 2675//2734 2668//2718
f 1642//2735 2675//2734 2671//2736
f 2671//2736 2675//2734 2664//2717
f 2672//2737 2676//2738 2674//2739
f 2674//2740 2676//2740 2677//2740
f 2677//2741 2676//2742 2678//2743
f 1600//2744 2679//2744 1601//2744
f 1598//2745 2679//2745 1600//2745
f 1601//2746 2679//2747 2675//2748
f 2675//2748 2679//2747 2668//2727
f 2668//2727 2679//2747 2672//2728
f 2678//2749 2680//2749 2681//2749
f 2681//2750 2680//2751 2682//2752
f 2676//2742 2680//2753 2678//2743
f 1596//2754 2683//2754 1598//2754
f 1594//2755 2683//2756 1596//2757
f 1598//2758 2683//2759 2679//2760
f 2679//2760 2683//2759 2672//2737
f 2672//2737 2683//2759 2676//2738
f 2680//2751 2684//2761 2682//2752
f 2682//2762 2684//2762 2685//2762
f 2685//2763 2684//2764 2686//2765
f 1591//2766 2687//2766 1594//2766
f 1589//2767 2687//2768 1591//2769
f 2683//2756 2687//2770 2676//2742
f 2676//2742 2687//2770 2680//2753
f 1594//2755 2687//2770 2683//2756
f 2684//2764 2688//2771 2686//2765
f 2686//2772 2688//2772 2689//2772
f 2689//2773 2688//2774 2690//2775
f 1588//2776 2691//2776 1589//2776
f 1586//2777 2691//2778 1588//2779
f 2680//2751 2691//2780 2684//2761
f 1589//2767 2691//2780 2687//2768
f 2687//2768 2691//2780 2680//2751
f 2688//2774 2692//2781 2690//2775
f 2690//2782 2692//2782 2693//2782
f 2693//2783 2692//2784 2694//2785
f 1584//2786 2695//2786 1586//2786
f 1581//2787 2695//2788 1584//2789
f 2684//2764 2695//2790 2688//2771
f 2688//2774 2695//2788 2692//2781
f 1586//2777 2695//2790 2691//2778
f 2691//2778 2695//2790 2684//2764
f 2692//2784 2696//2791 2694//2785
f 2694//2792 2696//2792 2697//2792
f 2697//2793 2696//2794 2698//2795
f 1580//2796 2699//2796 1581//2796
f 1577//2797 2699//2798 1580//2799
f 2695//2788 2699//2800 2692//2781
f 1581//2787 2699//2800 2695//2788
f 2696//2794 2700//2801 2698//2795
f 2698//2802 2700//2802 2701//2802
f 2701//2803 2700//2804 2702//2805
f 1577//2797 2703//2806 2699//2798
f 1576//2807 2703//2807 1577//2807
f 1574//2808 2703//2809 1576//2810
f 2692//2784 2703//2806 2696//2791
f 2699//2798 2703//2806 2692//2784
f 2702//2811 2704//2811 2705//2811
f 2705//2812 2704//2813 2706//2814
f 2700//2804 2704//2815 2702//2805
f 2696//2794 2707//2816 2700//2801
f 1572//2817 2707//2817 1574//2817
f 1570//2818 2707//2819 1572//2820
f 1574//2808 2707//2816 2703//2809
f 2703//2809 2707//2816 2696//2794
f 2704//2813 2708//2821 2706//2814
f 2706//2822 2708//2822 2709//2822
f 2709//2823 2708//2824 2710//2825
f 1568//2826 2711//2826 1570//2826
f 1566//2827 2711//2828 1568//2829
f 2707//2819 2711//2830 2700//2804
f 1570//2818 2711//2830 2707//2819
f 2700//2804 2711//2830 2704//2815
f 2708//2824 2712//2831 2710//2825
f 2710//2832 2712//2832 2713//2832
f 2713//2833 2712//2834 2714//2835
f 1566//2827 2715//2836 2711//2828
f 2711//2828 2715//2836 2704//2813
f 1564//2837 2715//2837 1566//2837
f 1555//2838 2715//2839 1564//2840
f 2704//2813 2715//2836 2708//2821
f 2712//2834 2716//2841 2714//2835
f 2714//2842 2716//2842 2717//2842
f 2717//2843 2716//2844 2718//2845
f 2715//2839 2719//2846 2708//2824
f 1554//2847 2719//2847 1555//2847
f 1553//2848 2719//2849 1554//2850
f 1555//2838 2719//2846 2715//2839
f 2708//2824 2719//2846 2712//2831
f 2716//2844 2720//2851 2718//2845
f 2718//2852 2720//2852 2721//2852
f 2721//2853 2720//2854 2722//2855
f 2712//2834 2723//2856 2716//2841
f 1552//2857 2723//2857 1553//2857
f 1551//2858 2723//2859 1552//2860
f 2719//2849 2723//2856 2712//2834
f 1553//2848 2723//2856 2719//2849
f 2720//2854 2724//2861 2722//2855
f 2722//2862 2724//2862 2725//2862
f 1550//2863 2726//2863 1551//2863
f 1549//2864 2726//2865 1550//2866
f 2716//2844 2726//2867 2720//2851
f 2723//2859 2726//2867 2716//2844
f 1551//2858 2726//2867 2723//2859
f 2724//2868 2727//2869 2725//2870
f 2725//2870 2727//2869 2728//2871
f 2728//2872 2727//2872 2729//2872
f 2726//2865 2730//2873 2720//2854
f 1548//2874 2730//2874 1549//2874
f 1549//2864 2730//2873 2726//2865
f 2720//2854 2730//2873 2724//2861
f 2727//2875 2731//2876 2729//2877
f 2729//2877 2731//2876 2732//2878
f 2732//2879 2731//2879 2733//2879
f 1547//2880 2734//2881 1548//2882
f 1546//2883 2734//2883 1547//2883
f 1548//2882 2734//2881 2730//2884
f 2724//2868 2734//2881 2727//2869
f 2730//2884 2734//2881 2724//2868
f 2733//2885 2735//2886 2736//2887
f 2736//2888 2735//2888 2737//2888
f 2731//2889 2735//2886 2733//2885
f 2734//2890 2738//2891 2727//2875
f 1545//2892 2738//2891 1546//2893
f 1544//2894 2738//2894 1545//2894
f 2727//2875 2738//2891 2731//2876
f 1546//2893 2738//2891 2734//2890
f 2737//2895 2739//2896 2740//2897
f 2740//2898 2739//2898 2741//2898
f 2735//2899 2739//2896 2737//2895
f 2731//2889 2742//2900 2735//2886
f 2738//2901 2742//2900 2731//2889
f 1543//2902 2742//2900 1544//2903
f 1542//2904 2742//2904 1543//2904
f 2735//2899 2742//2905 2739//2896
f 1544//2903 2742//2900 2738//2901
f 2741//2906 2743//2907 2744//2908
f 2744//2909 2743//2909 2745//2909
f 2739//2910 2743//2907 2741//2906
f 1540//2911 2746//2912 1542//2913
f 1538//2914 2746//2914 1540//2914
f 1542//2913 2746//2912 2742//2905
f 2742//2905 2746//2912 2739//2896
f 2745//2915 2747//2916 2748//2917
f 2748//2918 2747//2918 2749//2918
f 2743//2919 2747//2916 2745//2915
f 2746//2920 2750//2921 2739//2910
f 1538//2922 2750//2921 2746//2920
f 1536//2923 2750//2921 1538//2922
f 1533//2924 2750//2924 1536//2924
f 2739//2910 2750//2921 2743//2907
f 2747//2925 2751//2926 2749//2927
f 2749//2927 2751//2926 2752//2928
f 2752//2929 2751//2929 2753//2929
f 2743//2919 2754//2930 2747//2916
f 1533//2931 2754//2930 2750//2932
f 1532//2933 2754//2930 1533//2931
f 1530//2934 2754//2934 1532//2934
f 2750//2932 2754//2930 2743//2919
f 2753//2935 2755//2936 2756//2937
f 2756//2938 2755//2938 2757//2938
f 2751//2939 2755//2936 2753//2935
f 2747//2925 2758//2940 2751//2926
f 2754//2941 2758//2940 2747//2925
f 1528//2942 2758//2940 1530//2943
f 1526//2944 2758//2944 1528//2944
f 1530//2943 2758//2940 2754//2941
f 2757//2945 2759//2946 2760//2947
f 2760//2948 2759//2948 2761//2948
f 2755//2949 2759//2946 2757//2945
f 2758//2950 2762//2951 2751//2939
f 2751//2939 2762//2951 2755//2936
f 2755//2949 2762//2952 2759//2946
f 1524//2953 2762//2951 1526//2954
f 1525//2955 2762//2955 1524//2955
f 1526//2954 2762//2951 2758//2950
f 2761//2956 2763//2957 2764//2958
f 2764//2959 2763//2959 2765//2959
f 2759//2960 2763//2957 2761//2956
f 1527//2961 2766//2962 1525//2963
f 1529//2964 2766//2964 1527//2964
f 2762//2952 2766//2962 2759//2946
f 1525//2963 2766//2962 2762//2952
f 2765//2965 2767//2966 2768//2967
f 2768//2968 2767//2968 2769//2968
f 2763//2969 2767//2966 2765//2965
f 2766//2970 2770//2971 2759//2960
f 2763//2969 2770//2972 2767//2966
f 1531//2973 2770//2971 1529//2974
f 1534//2975 2770//2975 1531//2975
f 1529//2974 2770//2971 2766//2970
f 2759//2960 2770//2971 2763//2957
f 2769//2976 2771//2976 2772//2976
f 2772//2977 2771//2977 2773//2977
f 2767//2978 2771//2979 2769//2980
f 2770//2972 2774//2981 2767//2966
f 1534//2982 2774//2981 2770//2972
f 1535//2983 2774//2981 1534//2982
f 1537//2984 2774//2984 1535//2984
f 2773//2985 2775//2985 2776//2985
f 2776//2986 2775//2986 2777//2986
f 2771//2987 2775//2988 2773//2989
f 2767//2978 2778//2990 2771//2979
f 2774//2991 2778//2990 2767//2978
f 2771//2987 2778//2992 2775//2988
f 1537//2993 2778//2990 2774//2991
f 1539//2994 2778//2990 1537//2993
f 1541//2995 2778//2995 1539//2995
f 2777//2996 2779//2996 2780//2996
f 2780//2997 2779//2997 2781//2997
f 2775//2998 2779//2999 2777//3000
f 2778//2992 2782//3001 2775//2988
f 1541//3002 2782//3001 2778//2992
f 1563//3003 2782//3003 1541//3003
f 1523//3004 2782//3004 1563//3004
f 2781//3005 2783//3005 2784//3005
f 2784//3006 2783//3006 2785//3006
f 2785//3007 2783//3007 2//3007
f 2779//3008 2783//3009 2781//3010
f 2775//2998 2786//3011 2779//2999
f 2779//3008 2786//3012 2783//3009
f 1523//3013 2786//3011 2782//3014
f 1522//3015 2786//3015 1523//3015
f 1521//3016 2786//3016 1522//3016
f 2782//3014 2786//3011 2775//2998
f 2783//3017 2787//3018 2//3019
f 2//3019 2787//3018 1056//3020
f 1521//3021 2787//3022 2786//3012
f 1520//3023 2787//3023 1521//3023
f 1519//3024 2787//3024 1520//3024
f 1056//3025 2787//3025 1519//3025
f 2786//3012 2787//3022 2783//3009
f 256//3026 2788//3026 2789//3026
f 2789//2713 2788//2713 2790//2713
f 2790//3027 2788//3027 2791//3027
f 2791//3028 2792//3028 2793//3028
f 2793//3029 2792//3029 2794//3029
f 2788//2717 2792//2719 2791//2719
f 1603//3030 2795//3030 1049//3030
f 1604//2721 2795//2721 1603//2721
f 1605//3031 2795//3031 1604//3031
f 1049//3032 2795//3033 256//3034
f 256//3034 2795//3033 2788//3035
f 2792//2727 2796//3036 2794//3037
f 2794//3038 2796//3038 2797//3038
f 2797//3039 2796//3039 2798//3039
f 1606//2732 2799//2732 1605//2732
f 1607//3040 2799//3040 1606//3040
f 2788//2717 2799//3041 2792//2719
f 1605//2735 2799//3041 2795//2736
f 2795//2736 2799//3041 2788//2717
f 2798//3042 2800//3042 2801//3042
f 2801//3043 2800//3044 2802//3045
f 2796//3046 2800//3047 2798//3048
f 1608//3049 2803//3049 1607//3049
f 1609//2745 2803//2745 1608//2745
f 1607//3050 2803//2747 2799//3051
f 2799//3051 2803//2747 2792//2727
f 2792//2727 2803//2747 2796//3036
f 2802//3052 2804//3053 2805//3052
f 2800//3044 2804//3054 2802//3045
f 2805//3055 2804//3056 2806//3057
f 1610//3058 2807//3058 1609//3058
f 1611//3059 2807//3060 1610//3061
f 1609//3062 2807//2759 2803//3063
f 2803//3063 2807//2759 2796//3046
f 2796//3046 2807//2759 2800//3047
f 2804//3056 2808//3064 2806//3057
f 2806//3065 2808//3065 2809//3065
f 2809//2763 2808//2764 2810//2765
f 1612//3066 2811//3066 1611//3066
f 1613//3067 2811//2768 1612//2769
f 2807//3060 2811//3068 2800//3044
f 2800//3044 2811//3068 2804//3054
f 1611//3059 2811//3068 2807//3060
f 2808//2764 2812//2771 2810//2765
f 2810//2772 2812//2772 2813//2772
f 2813//2773 2812//3069 2814//3070
f 1614//3071 2815//3071 1613//3071
f 1615//3072 2815//3073 1614//2779
f 2804//3056 2815//3074 2808//3064
f 1613//3067 2815//3074 2811//2768
f 2811//2768 2815//3074 2804//3056
f 2812//3069 2816//3075 2814//3070
f 2814//3076 2816//3076 2817//3076
f 2817//3077 2816//3078 2818//3079
f 2808//2764 2819//3080 2812//2771
f 1616//3081 2819//3081 1615//3081
f 1617//3082 2819//3083 1616//3084
f 2815//3073 2819//3080 2808//2764
f 1615//3072 2819//3080 2815//3073
f 2816//3078 2820//3085 2818//3079
f 2818//2792 2820//2792 2821//2792
f 2821//3086 2820//3087 2822//3088
f 1618//2796 2823//2796 1617//2796
f 1619//2797 2823//2798 1618//3089
f 2812//3069 2823//3090 2816//3075
f 1617//3082 2823//3090 2819//3083
f 2819//3083 2823//3090 2812//3069
f 2820//3087 2824//3091 2822//3088
f 2822//2802 2824//2802 2825//2802
f 2825//3092 2824//3093 2826//3094
f 1619//2797 2827//3095 2823//2798
f 1620//2807 2827//2807 1619//2807
f 1621//3096 2827//3097 1620//3098
f 2816//3078 2827//3095 2820//3085
f 2823//2798 2827//3095 2816//3078
f 2824//3093 2828//3099 2826//3094
f 2826//2811 2828//2811 2829//2811
f 2829//2812 2828//2813 2830//2814
f 2820//3087 2831//3100 2824//3091
f 1622//3101 2831//3101 1621//3101
f 1623//3102 2831//2819 1622//2820
f 2827//3097 2831//3100 2820//3087
f 1621//3096 2831//3100 2827//3097
f 2828//2813 2832//3103 2830//2814
f 2830//3104 2832//3104 2833//3104
f 2833//3105 2832//2824 2834//3106
f 1624//3107 2835//3107 1623//3107
f 1625//3108 2835//3109 1624//3110
f 1623//3102 2835//3111 2831//2819
f 2824//3093 2835//3111 2828//3099
f 2831//2819 2835//3111 2824//3093
f 2832//2824 2836//3112 2834//3106
f 2834//3113 2836//3113 2837//3113
f 2837//3114 2836//3115 2838//3116
f 2835//3109 2839//2836 2828//2813
f 1626//3117 2839//3117 1625//3117
f 1627//3118 2839//3119 1626//3120
f 2828//2813 2839//2836 2832//3103
f 1625//3108 2839//2836 2835//3109
f 2836//3115 2840//3121 2838//3116
f 2838//3122 2840//3122 2841//3122
f 2841//3123 2840//3124 2842//3125
f 1627//3118 2843//3126 2839//3119
f 2839//3119 2843//3126 2832//2824
f 1628//2847 2843//2847 1627//2847
f 1629//3127 2843//3128 1628//3129
f 2832//2824 2843//3126 2836//3112
f 2840//3124 2844//3130 2842//3125
f 2842//2852 2844//2852 2845//2852
f 2845//3131 2844//3132 2846//3133
f 2836//3115 2847//2856 2840//3121
f 1630//3134 2847//3134 1629//3134
f 1631//3135 2847//3136 1630//2860
f 2843//3128 2847//2856 2836//3115
f 2840//3124 2847//3136 2844//3130
f 1629//3127 2847//2856 2843//3128
f 2844//3132 2848//3137 2846//3133
f 2846//2862 2848//2862 2849//2862
f 1632//3138 2850//3138 1631//3138
f 1633//3139 2850//3140 1632//3141
f 2847//3136 2850//3142 2844//3130
f 1631//3135 2850//3142 2847//3136
f 2848//3143 2851//3144 2849//3145
f 2849//3145 2851//3144 2852//3146
f 2852//2872 2851//2872 2853//2872
f 2850//3140 2854//2873 2844//3132
f 1634//3147 2854//3147 1633//3147
f 1633//3139 2854//2873 2850//3140
f 2844//3132 2854//2873 2848//3137
f 2848//3143 2854//3148 2851//3144
f 2851//3149 2855//3150 2853//3151
f 2853//3151 2855//3150 2856//3152
f 2856//2879 2855//2879 2857//2879
f 2854//3148 2858//3153 2851//3144
f 1635//3154 2858//3153 1634//3155
f 1636//3156 2858//3156 1635//3156
f 2851//3149 2858//3157 2855//3150
f 1634//3155 2858//3153 2854//3148
f 2857//3158 2859//3159 2860//3160
f 2860//2888 2859//2888 2861//2888
f 2855//3161 2859//3159 2857//3158
f 1637//2892 2862//3162 1636//2893
f 1638//3163 2862//3163 1637//3163
f 1636//2893 2862//3162 2858//3157
f 2858//3157 2862//3162 2855//3150
f 2861//3164 2863//3165 2864//3166
f 2864//3167 2863//3167 2865//3167
f 2859//3168 2863//3165 2861//3164
f 1639//3169 2866//3170 1638//3171
f 1599//2904 2866//2904 1639//2904
f 1638//3171 2866//3170 2862//3172
f 2862//3172 2866//3170 2855//3161
f 2855//3161 2866//3170 2859//3159
f 2865//2906 2867//2907 2868//2908
f 2868//2909 2867//2909 2869//2909
f 2863//2910 2867//2907 2865//2906
f 1599//2913 2870//3173 2866//3174
f 1597//3175 2870//3173 1599//2913
f 1595//3176 2870//3176 1597//3176
f 2866//3174 2870//3173 2859//3168
f 2859//3168 2870//3173 2863//3165
f 2869//3177 2871//3178 2872//3179
f 2872//2918 2871//2918 2873//2918
f 2867//3180 2871//3178 2869//3177
f 2870//3181 2874//2921 2863//2910
f 2863//2910 2874//2921 2867//2907
f 1595//2922 2874//2921 2870//3181
f 1593//2923 2874//2921 1595//2922
f 1592//3182 2874//3182 1593//3182
f 2871//3183 2875//3184 2873//3185
f 2873//3185 2875//3184 2876//3186
f 2876//2929 2875//2929 2877//2929
f 2867//3180 2878//3187 2871//3178
f 1592//3188 2878//3187 2874//3189
f 1590//2933 2878//3187 1592//3188
f 1587//2934 2878//2934 1590//2934
f 2871//3183 2878//3190 2875//3184
f 2874//3189 2878//3187 2867//3180
f 2875//3191 2879//3192 2877//3193
f 2877//3193 2879//3192 2880//3194
f 2880//3195 2879//3195 2881//3195
f 2878//3190 2882//3196 2875//3184
f 1585//2942 2882//3196 1587//3197
f 1583//2944 2882//2944 1585//2944
f 1587//3197 2882//3196 2878//3190
f 2881//3198 2883//3199 2884//2947
f 2884//2948 2883//2948 2885//2948
f 2879//3200 2883//3199 2881//3198
f 2875//3191 2886//3201 2879//3192
f 2882//3202 2886//3201 2875//3191
f 1582//2953 2886//3201 1583//2954
f 1579//2955 2886//2955 1582//2955
f 1583//2954 2886//3201 2882//3202
f 2885//2956 2887//2957 2888//2958
f 2888//3203 2887//3203 2889//3203
f 2883//3204 2887//2957 2885//2956
f 1579//3205 2890//3206 2886//3207
f 1578//3208 2890//3206 1579//3205
f 1575//3209 2890//3209 1578//3209
f 2886//3207 2890//3206 2879//3200
f 2879//3200 2890//3206 2883//3199
f 2889//3210 2891//3211 2892//3212
f 2892//3213 2891//3213 2893//3213
f 2887//3214 2891//3211 2889//3210
f 2890//3215 2894//2971 2883//3204
f 2887//3214 2894//3216 2891//3211
f 1573//2973 2894//2971 1575//3217
f 1571//3218 2894//3218 1573//3218
f 1575//3217 2894//2971 2890//3215
f 2883//3204 2894//2971 2887//2957
f 2893//3219 2895//3219 2896//3219
f 2896//3220 2895//3220 2897//3220
f 2891//3221 2895//3222 2893//2980
f 2894//3216 2898//3223 2891//3211
f 1571//3224 2898//3223 2894//3216
f 1569//3225 2898//3223 1571//3224
f 1567//3226 2898//3226 1569//3226
f 2897//3227 2899//3227 2900//3227
f 2900//3228 2899//3228 2901//3228
f 2895//3229 2899//3230 2897//3231
f 2895//3229 2902//2992 2899//3230
f 2891//3221 2902//3232 2895//3222
f 1567//3233 2902//3232 2898//3234
f 1565//3235 2902//3232 1567//3233
f 1557//3236 2902//3236 1565//3236
f 2898//3234 2902//3232 2891//3221
f 2899//2998 2903//2999 2901//3000
f 2901//3237 2903//3237 2904//3237
f 2904//3238 2903//3238 2905//3238
f 2902//2992 2906//3239 2899//3230
f 1557//3240 2906//3239 2902//2992
f 1556//3003 2906//3003 1557//3003
f 1558//3241 2906//3241 1556//3241
f 2903//3242 2907//3243 2905//3010
f 2905//3244 2907//3244 2908//3244
f 2908//3245 2907//3245 2909//3245
f 2909//3007 2907//3007 130//3007
f 1558//3013 2910//3246 2906//3247
f 2899//2998 2910//3246 2903//2999
f 1559//3248 2910//3248 1558//3248
f 1560//3016 2910//3016 1559//3016
f 2906//3247 2910//3246 2899//2998
f 2903//3242 2910//3012 2907//3243
f 2910//3012 2911//3022 2907//3243
f 130//3019 2911//3018 930//3020
f 1560//3021 2911//3022 2910//3012
f 1561//3249 2911//3249 1560//3249
f 1562//3024 2911//3024 1561//3024
f 930//3250 2911//3250 1562//3250
f 2907//3251 2911//3018 130//3019
f 1518//2174 1645//2174 1506//2174
f 1643//2174 1645//2174 1518//2174
f 1906//2026 1909//2026 1517//2026
f 1508//2026 1906//2026 1517//2026
f 1907//2026 1906//2026 1508//2026
f 1510//2026 1907//2026 1508//2026
f 1910//3252 2415//3253 1503//3252
f 1644//3254 1503//3252 1501//3255
f 1644//3254 1910//3252 1503//3252
f 1712//3256 2912//3256 1713//3256
f 1713//3257 2912//3257 1714//3257
f 1714//3258 2912//3258 921//3258
f 921//3259 2912//3259 919//3259
f 919//3260 2912//3260 2167//3260
f 2167//3261 2912//3261 2169//3261
f 2169//3262 2912//3262 2171//3262
f 2912//3263 2913//3263 2171//3263
f 1710//3264 2913//3264 1711//3264
f 1711//3265 2913//3265 1712//3265
f 2171//3266 2913//3266 2174//3266
f 2174//3267 2913//3267 2175//3267
f 1712//3268 2913//3268 2912//3268
f 2913//3269 2914//3269 2175//3269
f 1710//3270 2914//3270 2913//3270
f 1708//3271 2914//3271 1709//3271
f 1709//3272 2914//3272 1710//3272
f 2175//3273 2914//3273 2178//3273
f 2178//3274 2914//3274 2179//3274
f 1719//3275 2915//3275 1720//3275
f 1720//3276 2915//3276 1708//3276
f 2179//3277 2915//3277 2181//3277
f 2181//3278 2915//3278 2183//3278
f 2914//3279 2915//3279 2179//3279
f 1708//3280 2915//3280 2914//3280
f 2915//3281 2916//3281 2183//3281
f 1717//3282 2916//3283 1718//3284
f 1718//3285 2916//3285 1719//3285
f 1719//3286 2916//3286 2915//3286
f 2183//3287 2916//3287 2185//3287
f 2185//3288 2916//3289 2187//3290
f 2916//3289 2917//3291 2187//3290
f 1717//3282 2917//3292 2916//3283
f 1715//3293 2917//3294 1716//3295
f 1716//3296 2917//3296 1717//3296
f 2187//3297 2917//3297 2189//3297
f 2189//3298 2917//3299 2192//3300
f 1705//3301 2918//3302 1706//3303
f 1706//3304 2918//3304 1715//3304
f 2917//3299 2918//3305 2192//3300
f 2192//3306 2918//3306 2193//3306
f 2193//3307 2918//3308 2196//3309
f 1715//3293 2918//3310 2917//3294
f 2918//3308 2919//3311 2196//3309
f 1703//3312 2919//3313 1704//3314
f 1704//3315 2919//3315 1705//3315
f 1705//3301 2919//3316 2918//3302
f 2196//3317 2919//3317 2197//3317
f 2197//3318 2919//3319 2199//3320
f 1691//3321 2920//3322 1692//3323
f 1703//3312 2920//3324 2919//3313
f 1692//3325 2920//3325 1703//3325
f 2919//3319 2920//3326 2199//3320
f 2199//3327 2920//3327 2201//3327
f 2201//3328 2920//3329 2203//3330
f 2920//3329 2921//3331 2203//3330
f 1689//3332 2921//3333 1690//3334
f 1690//3335 2921//3335 1691//3335
f 1691//3321 2921//3336 2920//3322
f 2203//3337 2921//3337 2205//3337
f 2205//3338 2921//3339 2207//3340
f 1689//3332 2922//3341 2921//3333
f 2921//3339 2922//3342 2207//3340
f 1687//3343 2922//3344 1688//3345
f 1688//3346 2922//3346 1689//3346
f 2207//3347 2922//3347 2209//3347
f 2209//3348 2922//3349 2212//3350
f 1685//3351 2923//3352 1686//3353
f 1686//3354 2923//3354 1687//3354
f 2922//3349 2923//3355 2212//3350
f 1687//3343 2923//3356 2922//3344
f 2212//3357 2923//3357 2213//3357
f 2213//3358 2923//3359 2216//3360
f 1683//3361 2924//3362 1684//3363
f 1684//3364 2924//3364 1685//3364
f 2923//3359 2924//3365 2216//3360
f 1685//3351 2924//3366 2923//3352
f 2216//3367 2924//3367 2217//3367
f 2217//3368 2924//3369 2220//3370
f 2924//3369 2925//3371 2220//3370
f 1681//3372 2925//3373 1682//3374
f 1682//3375 2925//3375 1683//3375
f 2220//3376 2925//3376 2221//3376
f 2221//3377 2925//3378 2223//3379
f 1683//3361 2925//3380 2924//3362
f 1679//3381 2926//3382 1680//3383
f 1680//3384 2926//3384 1681//3384
f 1681//3372 2926//3385 2925//3373
f 2925//3378 2926//3386 2223//3379
f 2223//3387 2926//3387 2225//3387
f 2225//3388 2926//3389 2227//3390
f 1678//3391 2927//3391 1679//3391
f 1679//3381 2927//3392 2926//3382
f 2926//3389 2927//3393 2227//3390
f 2227//3394 2927//3394 2230//3394
f 1678//3395 2928//3396 2927//3397
f 1676//3398 2928//3398 1677//3398
f 1677//3399 2928//3396 1678//3395
f 2927//3400 2928//3401 2230//3402
f 2230//3402 2928//3401 2232//3403
f 2232//3404 2928//3404 2234//3404
f 1674//3405 2929//3405 1675//3405
f 1675//3406 2929//3407 1676//3408
f 1676//3408 2929//3407 2928//3409
f 2928//3410 2929//3411 2234//3412
f 2234//3412 2929//3411 2235//3413
f 2235//3414 2929//3414 2238//3414
f 2238//3415 2930//3416 2240//3417
f 2240//3418 2930//3418 2241//3418
f 1672//3419 2930//3419 1673//3419
f 1673//3420 2930//3421 1674//3422
f 1674//3422 2930//3421 2929//3423
f 2929//3424 2930//3416 2238//3415
f 2241//3425 2931//3426 2243//3427
f 2243//3428 2931//3428 2245//3428
f 1670//3429 2931//3429 1671//3429
f 1671//3430 2931//3431 1672//3432
f 1672//3432 2931//3431 2930//3433
f 2930//3434 2931//3426 2241//3425
f 2245//3435 2932//3436 2247//3437
f 1670//3438 2932//3439 2931//3440
f 2247//3441 2932//3441 2249//3441
f 1668//3442 2932//3442 1669//3442
f 1669//3443 2932//3439 1670//3438
f 2931//3444 2932//3436 2245//3435
f 2249//3445 2933//3446 2251//3447
f 2251//3448 2933//3448 2253//3448
f 1665//3449 2933//3449 1667//3449
f 1667//3450 2933//3451 1668//3452
f 2932//3453 2933//3446 2249//3445
f 1668//3452 2933//3451 2932//3454
f 2933//3455 2934//3456 2253//3457
f 2253//3457 2934//3456 2255//3458
f 2255//3459 2934//3459 2257//3459
f 1661//3460 2934//3460 1663//3460
f 1663//3461 2934//3462 1665//3463
f 1665//3463 2934//3462 2933//3464
f 2257//3465 2935//3466 2259//3467
f 2259//3468 2935//3468 2261//3468
f 1656//3469 2935//3469 1658//3469
f 1658//3470 2935//3471 1661//3472
f 1661//3472 2935//3471 2934//3473
f 2934//3474 2935//3466 2257//3465
f 2261//3475 2936//3476 2263//3477
f 2263//3478 2936//3478 2265//3478
f 1657//3479 2936//3479 1655//3479
f 1655//3480 2936//3481 1656//3482
f 2935//3483 2936//3476 2261//3475
f 1656//3482 2936//3481 2935//3484
f 1659//3485 2937//3485 1660//3485
f 1660//3486 2937//3487 1657//3488
f 2265//3489 2937//3490 2267//3491
f 2267//3492 2937//3492 2269//3492
f 1657//3488 2937//3487 2936//3493
f 2936//3494 2937//3490 2265//3489
f 1664//3495 2938//3495 1662//3495
f 1662//3496 2938//3497 1659//3498
f 2269//3499 2938//3500 2271//3501
f 2271//3502 2938//3502 2273//3502
f 2937//3503 2938//3500 2269//3499
f 1659//3498 2938//3497 2937//3504
f 1654//3505 2939//3505 1666//3505
f 1666//3506 2939//3506 1664//3506
f 2273//3507 2939//3507 2275//3507
f 2275//3508 2939//3508 2277//3508
f 1664//3509 2939//3509 2938//3509
f 2938//3510 2939//3510 2273//3510
f 1652//3511 2940//3511 1653//3511
f 1653//3512 2940//3512 1654//3512
f 2277//3513 2940//3513 2280//3513
f 2280//3514 2940//3514 2281//3514
f 1654//3515 2940//3515 2939//3515
f 2939//3516 2940//3516 2277//3516
f 1650//3517 2941//3517 1651//3517
f 1651//3518 2941//3518 1652//3518
f 2281//3519 2941//3519 2284//3519
f 2284//3520 2941//3520 2285//3520
f 2940//3521 2941//3521 2281//3521
f 1652//3522 2941//3522 2940//3522
f 771//3523 2942//3523 1648//3523
f 1648//3524 2942//3524 1649//3524
f 1649//3525 2942//3525 1650//3525
f 2941//3526 2942//3526 2285//3526
f 2285//3527 2942//3527 2288//3527
f 2288//3528 2942//3528 2289//3528
f 2289//3529 2942//3529 772//3529
f 772//1554 2942//1554 771//1554
f 1650//3530 2942//3530 2941//3530
f 1912//3531 2943//3531 2043//3531
f 2043//3532 2943//3532 2045//3532
f 2045//3533 2943//3533 2047//3533
f 1874//3534 2943//3534 1875//3534
f 1875//3535 2943//3535 1876//3535
f 1876//3536 2943//3536 1850//3536
f 1850//3259 2943//3259 1912//3259
f 2047//3537 2944//3537 2049//3537
f 2049//3538 2944//3538 2051//3538
f 1872//3539 2944//3539 1873//3539
f 1873//3540 2944//3540 1874//3540
f 2943//3263 2944//3263 2047//3263
f 1874//3268 2944//3268 2943//3268
f 2051//3541 2945//3541 2054//3541
f 2054//3542 2945//3542 2055//3542
f 1870//3543 2945//3543 1871//3543
f 1871//3544 2945//3544 1872//3544
f 2944//3545 2945//3545 2051//3545
f 1872//3270 2945//3270 2944//3270
f 2055//3277 2946//3277 2058//3277
f 2058//3546 2946//3546 2059//3546
f 2945//3547 2946//3547 2055//3547
f 1868//3548 2946//3548 1869//3548
f 1869//3549 2946//3549 1870//3549
f 1870//3550 2946//3550 2945//3550
f 2059//3287 2947//3287 2061//3287
f 2061//3551 2947//3552 2064//3290
f 1866//3553 2947//3554 1867//3555
f 1867//3556 2947//3556 1868//3556
f 2946//3281 2947//3281 2059//3281
f 1868//3286 2947//3286 2946//3286
f 2064//3297 2948//3297 2065//3297
f 2065//3298 2948//3557 2067//3558
f 1864//3293 2948//3559 1865//3560
f 1865//3561 2948//3561 1866//3561
f 2947//3552 2948//3562 2064//3290
f 1866//3553 2948//3563 2947//3554
f 1862//3564 2949//3565 1863//3303
f 1863//3566 2949//3566 1864//3566
f 2067//3567 2949//3567 2069//3567
f 2069//3568 2949//3308 2071//3569
f 1864//3293 2949//3570 2948//3559
f 2948//3557 2949//3571 2067//3558
f 1860//3572 2950//3573 1861//3574
f 1861//3315 2950//3315 1862//3315
f 2071//3575 2950//3575 2073//3575
f 2073//3576 2950//3319 2076//3577
f 1862//3564 2950//3578 2949//3565
f 2949//3308 2950//3579 2071//3569
f 1858//3580 2951//3581 1859//3323
f 1859//3582 2951//3582 1860//3582
f 2076//3327 2951//3327 2077//3327
f 2077//3328 2951//3583 2080//3584
f 2950//3319 2951//3585 2076//3577
f 1860//3572 2951//3586 2950//3573
f 2951//3583 2952//3587 2080//3584
f 1856//3332 2952//3333 1857//3334
f 1857//3588 2952//3588 1858//3588
f 1858//3580 2952//3589 2951//3581
f 2080//3337 2952//3337 2082//3337
f 2082//3590 2952//3591 2083//3592
f 1854//3593 2953//3594 1855//3595
f 1855//3346 2953//3346 1856//3346
f 2083//3596 2953//3596 2085//3596
f 2085//3348 2953//3349 2088//3350
f 2952//3591 2953//3597 2083//3592
f 1856//3332 2953//3341 2952//3333
f 1852//3598 2954//3599 1853//3600
f 1853//3601 2954//3601 1854//3601
f 2088//3602 2954//3602 2089//3602
f 2089//3603 2954//3604 2091//3605
f 2953//3349 2954//3355 2088//3350
f 1854//3593 2954//3356 2953//3594
f 1902//3606 2955//3607 1903//3608
f 1903//3609 2955//3609 1852//3609
f 2954//3604 2955//3610 2091//3605
f 2091//3611 2955//3611 2093//3611
f 2093//3612 2955//3369 2096//3613
f 1852//3598 2955//3614 2954//3599
f 1902//3606 2956//3380 2955//3607
f 2096//3376 2956//3376 2097//3376
f 2097//3615 2956//3378 2100//3616
f 2955//3369 2956//3617 2096//3613
f 1900//3618 2956//3619 1901//3620
f 1901//3375 2956//3375 1902//3375
f 2100//3621 2957//3621 2101//3621
f 2101//3388 2957//3622 2104//3623
f 1900//3618 2957//3624 2956//3619
f 2956//3378 2957//3625 2100//3616
f 1898//3626 2957//3627 1899//3628
f 1899//3384 2957//3384 1900//3384
f 2104//3394 2958//3394 2105//3394
f 1898//3626 2958//3629 2957//3627
f 2957//3622 2958//3630 2104//3623
f 1891//3391 2958//3391 1898//3391
f 2958//3631 2959//3632 2105//3633
f 2105//3633 2959//3632 2107//3403
f 2107//3634 2959//3634 2110//3634
f 1891//3635 2959//3395 2958//3636
f 1893//3398 2959//3398 1892//3398
f 1892//3637 2959//3395 1891//3635
f 2110//3638 2960//3411 2111//3413
f 2111//3414 2960//3414 2114//3414
f 1893//3639 2960//3640 2959//3641
f 2959//3642 2960//3411 2110//3638
f 1895//3405 2960//3405 1894//3405
f 1894//3643 2960//3640 1893//3639
f 2114//3644 2961//3645 2115//3646
f 2115//3647 2961//3647 2117//3647
f 2960//3648 2961//3645 2114//3644
f 1895//3649 2961//3650 2960//3423
f 1897//3651 2961//3651 1896//3651
f 1896//3652 2961//3650 1895//3649
f 2961//3653 2962//3654 2117//3655
f 2117//3655 2962//3654 2119//3656
f 2119//3657 2962//3657 2121//3657
f 1897//3658 2962//3659 2961//3660
f 1847//3661 2962//3661 1848//3661
f 1848//3662 2962//3659 1897//3658
f 2121//3435 2963//3436 2124//3437
f 2124//3663 2963//3663 2125//3663
f 2962//3444 2963//3436 2121//3435
f 1847//3664 2963//3665 2962//3440
f 1844//3442 2963//3442 1846//3442
f 1846//3666 2963//3665 1847//3664
f 2125//3667 2964//3668 2127//3669
f 2127//3670 2964//3670 2129//3670
f 1838//3671 2964//3671 1841//3671
f 1841//3450 2964//3451 1844//3452
f 2963//3672 2964//3668 2125//3667
f 1844//3452 2964//3451 2963//3454
f 2964//3673 2965//3674 2129//3675
f 2129//3675 2965//3674 2131//3458
f 2131//3676 2965//3676 2133//3676
f 1838//3677 2965//3678 2964//3679
f 1832//3680 2965//3680 1835//3680
f 1835//3461 2965//3678 1838//3677
f 2965//3681 2966//3466 2133//3682
f 1832//3683 2966//3684 2965//3685
f 2133//3682 2966//3466 2135//3686
f 2135//3687 2966//3687 2137//3687
f 1826//3469 2966//3469 1829//3469
f 1829//3688 2966//3684 1832//3683
f 2966//3689 2967//3476 2137//3690
f 1826//3691 2967//3692 2966//3693
f 2137//3690 2967//3476 2139//3694
f 2139//3695 2967//3695 2141//3695
f 1821//3696 2967//3696 1824//3696
f 1824//3480 2967//3692 1826//3691
f 2141//3697 2968//3698 2143//3491
f 2143//3492 2968//3492 2145//3492
f 2967//3699 2968//3698 2141//3697
f 1821//3488 2968//3700 2967//3701
f 1815//3702 2968//3702 1818//3702
f 1818//3703 2968//3700 1821//3488
f 1815//3498 2969//3497 2968//3704
f 2145//3499 2969//3705 2147//3706
f 2147//3502 2969//3502 2149//3502
f 2968//3707 2969//3705 2145//3499
f 1809//3708 2969//3708 1812//3708
f 1812//3709 2969//3497 1815//3498
f 2149//3710 2970//3710 2152//3710
f 2969//3510 2970//3510 2149//3510
f 2152//3508 2970//3508 2153//3508
f 1803//3711 2970//3711 1806//3711
f 1806//3712 2970//3712 1809//3712
f 1809//3509 2970//3509 2969//3509
f 2153//3713 2971//3713 2155//3713
f 2155//3714 2971//3714 2158//3714
f 1799//3715 2971//3715 1800//3715
f 1800//3716 2971//3716 1803//3716
f 1803//3717 2971//3717 2970//3717
f 2970//3718 2971//3718 2153//3718
f 1799//3522 2972//3522 2971//3522
f 2158//3719 2972//3719 2159//3719
f 2159//3720 2972//3720 2161//3720
f 1794//3721 2972//3721 1796//3721
f 1796//3722 2972//3722 1799//3722
f 2971//3723 2972//3723 2158//3723
f 2972//3526 2973//3526 2161//3526
f 1794//3530 2973//3530 2972//3530
f 2161//3724 2973//3724 2163//3724
f 2163//3725 2973//3725 2165//3725
f 2165//3726 2973//3726 2042//3726
f 2042//1554 2973//1554 1785//1554
f 1785//3727 2973//3727 1788//3727
f 1788//3728 2973//3728 1791//3728
f 1791//3729 2973//3729 1794//3729
f 1785//2174 1774//2174 1918//2174
f 1785//2174 1918//2174 2042//2174
f 1850//2169 1911//2169 1851//2169
f 1912//2169 1911//2169 1850//2169
f 1918//630 2974//630 1916//630
f 1916//3730 2974//3730 1919//3730
f 1919//632 2974//632 1921//632
f 1766//3731 2974//3731 1769//3731
f 1769//628 2974//628 1772//628
f 1772//629 2974//629 1774//629
f 1774//189 2974//189 1918//189
f 1921//3732 2975//3732 1923//3732
f 1923//194 2975//194 1925//194
f 1760//3733 2975//3733 1763//3733
f 1763//3734 2975//3734 1766//3734
f 2974//633 2975//633 1921//633
f 1766//637 2975//637 2974//637
f 1925//206 2976//206 1927//206
f 1927//3735 2976//3735 1929//3735
f 1754//640 2976//640 1757//640
f 1757//208 2976//208 1760//208
f 2975//638 2976//638 1925//638
f 1760//639 2976//639 2975//639
f 1929//644 2977//644 1931//644
f 1931//3736 2977//3736 1934//3736
f 2976//3737 2977//3737 1929//3737
f 1747//3738 2977//3738 1750//3738
f 1750//3739 2977//3739 1754//3739
f 1754//647 2977//647 2976//647
f 1934//654 2978//654 1935//654
f 1935//3740 2978//3741 1937//3742
f 1739//3743 2978//650 1743//3744
f 1743//652 2978//652 1747//652
f 2977//648 2978//648 1934//648
f 1747//653 2978//653 2977//653
f 1937//664 2979//664 1939//664
f 1939//665 2979//3745 1941//3746
f 1732//3747 2979//3748 1735//3749
f 1735//3750 2979//3750 1739//3750
f 2978//3741 2979//658 1937//3742
f 1739//3743 2979//3751 2978//650
f 1724//3752 2980//3753 1728//670
f 1728//3754 2980//3754 1732//3754
f 1941//3755 2980//3755 1944//3755
f 1944//3756 2980//675 1945//3757
f 1732//3747 2980//677 2979//3748
f 2979//3745 2980//3758 1941//3746
f 1726//3759 2981//680 1721//3760
f 1721//682 2981//682 1724//682
f 1945//3761 2981//3761 1947//3761
f 1947//3762 2981//3763 1949//3764
f 1724//3752 2981//3765 2980//3753
f 2980//675 2981//3766 1945//3757
f 1733//3767 2982//3768 1730//690
f 1730//3769 2982//3769 1726//3769
f 1949//3770 2982//3770 1952//3770
f 1952//695 2982//3771 1953//3772
f 2981//3763 2982//3773 1949//3764
f 1726//3759 2982//3774 2981//680
f 2982//3771 2983//3775 1953//3772
f 1741//699 2983//700 1737//701
f 1737//3776 2983//3776 1733//3776
f 1733//3767 2983//3777 2982//3768
f 1953//3778 2983//3778 1955//3778
f 1955//3779 2983//706 1957//3780
f 1749//3781 2984//3782 1745//3783
f 1745//713 2984//713 1741//713
f 1957//3784 2984//3784 1960//3784
f 1960//715 2984//716 1962//717
f 2983//706 2984//3785 1957//3780
f 1741//699 2984//708 2983//700
f 1755//3786 2985//3787 1752//720
f 1752//721 2985//721 1749//721
f 1962//3788 2985//3788 1963//3788
f 1963//725 2985//726 1965//727
f 2984//716 2985//722 1962//717
f 1749//3781 2985//723 2984//3782
f 1761//3789 2986//3790 1758//3791
f 1758//731 2986//731 1755//731
f 2985//726 2986//732 1965//727
f 1965//3792 2986//3792 1968//3792
f 1968//3793 2986//3794 1970//3795
f 1755//3786 2986//3796 2985//3787
f 1761//3789 2987//747 2986//3790
f 1970//3797 2987//3797 1972//3797
f 1972//3798 2987//3799 1973//3800
f 2986//3794 2987//738 1970//3795
f 1767//3801 2987//3802 1764//741
f 1764//742 2987//742 1761//742
f 1973//3803 2988//3803 1975//3803
f 1975//754 2988//3804 1977//3805
f 1767//3801 2988//751 2987//3802
f 2987//3799 2988//3806 1973//3800
f 1773//3807 2988//749 1770//3808
f 1770//750 2988//750 1767//750
f 1977//760 2989//760 1980//760
f 1773//3807 2989//3809 2988//749
f 2988//3804 2989//3810 1977//3805
f 1775//757 2989//757 1773//757
f 2989//3811 2990//3812 1980//3813
f 1980//3813 2990//3812 1982//769
f 1982//3814 2990//3814 1983//3814
f 1775//762 2990//3815 2989//3816
f 1779//764 2990//764 1777//764
f 1777//3817 2990//3815 1775//762
f 1983//3818 2991//778 1986//3819
f 1986//3820 2991//3820 1987//3820
f 1779//3821 2991//3822 2990//776
f 2990//777 2991//778 1983//3818
f 1783//772 2991//772 1781//772
f 1781//3823 2991//3822 1779//3821
f 1987//3824 2992//3825 1989//3826
f 1989//3827 2992//3827 1991//3827
f 2991//789 2992//3825 1987//3824
f 1783//3828 2992//3829 2991//790
f 1789//785 2992//785 1786//785
f 1786//3830 2992//3829 1783//3828
f 2992//800 2993//792 1991//791
f 1991//791 2993//792 1993//793
f 1993//3831 2993//3831 1995//3831
f 1789//3832 2993//3833 2992//799
f 1795//795 2993//795 1792//795
f 1792//796 2993//3833 1789//3832
f 1995//804 2994//805 1998//806
f 1998//3834 2994//3834 1999//3834
f 2993//810 2994//805 1995//804
f 1795//3835 2994//3836 2993//803
f 1801//808 2994//808 1797//808
f 1797//3837 2994//3836 1795//3835
f 1999//3838 2995//812 2001//3839
f 2001//814 2995//814 2003//814
f 1807//3840 2995//3840 1804//3840
f 1804//816 2995//817 1801//818
f 2994//3841 2995//812 1999//3838
f 1801//818 2995//817 2994//820
f 2995//3842 2996//3843 2003//3844
f 2003//3844 2996//3843 2005//824
f 2005//3845 2996//3845 2007//3845
f 1807//3846 2996//3847 2995//830
f 1813//3848 2996//3848 1810//3848
f 1810//827 2996//3847 1807//3846
f 2996//3849 2997//3850 2007//3851
f 1813//3852 2997//837 2996//3853
f 2007//3851 2997//3850 2010//3854
f 2010//3855 2997//3855 2011//3855
f 1819//835 2997//835 1816//835
f 1816//3856 2997//837 1813//3852
f 2997//3857 2998//842 2011//3858
f 1819//3859 2998//3860 2997//3861
f 2011//3858 2998//842 2014//3862
f 2014//3863 2998//3863 2015//3863
f 1825//845 2998//845 1822//845
f 1822//846 2998//3860 1819//3859
f 2015//3864 2999//3865 2017//857
f 2017//858 2999//858 2019//858
f 2998//3866 2999//3865 2015//3864
f 1825//3867 2999//3868 2998//859
f 1830//3869 2999//3869 1827//3869
f 1827//3870 2999//3868 1825//3867
f 1830//3871 3000//863 2999//3872
f 2019//3873 3000//3874 2021//3875
f 2021//868 3000//868 2023//868
f 2999//869 3000//3874 2019//3873
f 1836//861 3000//861 1833//861
f 1833//3876 3000//863 1830//3871
f 2023//3877 3001//3877 2026//3877
f 3000//873 3001//873 2023//873
f 2026//872 3001//872 2027//872
f 1842//3878 3001//3878 1839//3878
f 1839//3879 3001//3879 1836//3879
f 1836//874 3001//874 3000//874
f 2027//3880 3002//3880 2029//3880
f 2029//877 3002//877 2031//877
f 1890//470 3002//470 1845//470
f 1845//875 3002//875 1842//875
f 1842//3881 3002//3881 3001//3881
f 3001//3882 3002//3882 2027//3882
f 1890//880 3003//880 3002//880
f 2031//882 3003//882 2033//882
f 2033//3883 3003//3883 2035//3883
f 1888//3884 3003//3884 1889//3884
f 1889//3885 3003//3885 1890//3885
f 3002//884 3003//884 2031//884
f 3003//892 3004//892 2035//892
f 1888//888 3004//888 3003//888
f 2035//889 3004//889 2037//889
f 2037//3886 3004//3886 2039//3886
f 2039//891 3004//891 1911//891
f 1911//490 3004//490 1851//490
f 1851//885 3004//885 1886//885
f 1886//886 3004//886 1887//886
f 1887//3887 3004//3887 1888//3887
f 749//50 747//50 748//50
f 750//50 747//50 749//50
f 746//50 744//2030 745//50
f 755//50 758//50 754//50
f 756//2029 758//50 755//50
f 757//50 758//50 756//2029
f 744//2030 742//50 743//50
f 753//50 762//50 752//50
f 754//50 762//50 753//50
f 759//50 762//50 758//50
f 758//50 762//50 754//50
f 760//50 762//50 759//50
f 761//50 762//50 760//50
f 738//50 736//50 737//50
f 732//50 730//2029 731//50
f 732//50 729//50 730//2029
f 732//50 728//50 729//50
f 733//50 728//50 732//50
f 3005//50 3006//50 3007//50
f 3008//50 3006//50 3005//50
f 728//50 726//50 727//50
f 734//50 726//50 733//50
f 735//2030 726//50 734//50
f 736//50 726//50 735//2030
f 739//50 726//50 738//50
f 738//50 726//50 736//50
f 733//50 726//50 728//50
f 726//50 724//50 725//50
f 3009//50 3010//50 3011//50
f 3012//50 3010//50 3009//50
f 726//50 723//2029 724//50
f 726//50 722//50 723//2029
f 3013//50 3014//50 3010//50
f 726//50 721//2029 722//50
f 3014//50 3015//50 3010//50
f 721//2029 719//2029 720//50
f 3016//50 3017//50 3015//50
f 726//50 718//50 721//2029
f 721//2029 718//50 719//2029
f 740//50 718//50 739//50
f 741//50 718//50 740//50
f 742//50 718//50 741//50
f 739//50 718//50 726//50
f 3017//50 3018//50 3015//50
f 3019//50 3018//50 3017//50
f 3018//50 3020//50 3015//50
f 3020//50 3021//50 3015//50
f 3010//50 3021//50 3011//50
f 3015//50 3021//50 3010//50
f 3011//50 3021//50 3006//50
f 716//50 714//50 715//50
f 717//50 714//50 716//50
f 718//50 714//50 717//50
f 746//50 714//50 744//2030
f 747//50 714//50 746//50
f 742//50 714//50 718//50
f 744//2030 714//50 742//50
f 3021//50 3022//50 3006//50
f 747//50 713//50 714//50
f 3022//50 3023//50 3006//50
f 713//50 711//50 712//2029
f 713//50 710//2029 711//50
f 3006//50 3024//50 3007//50
f 765//50 3024//50 764//2030
f 766//50 3024//50 765//50
f 3025//50 3024//50 766//50
f 3026//50 3024//50 3025//50
f 3027//2031 3024//50 3026//50
f 3007//50 3024//50 3027//2031
f 3023//50 3024//50 3006//50
f 3028//50 3024//50 3023//50
f 3029//50 3024//50 3028//50
f 710//2029 708//50 709//50
f 713//50 708//50 710//2029
f 3030//50 3031//50 3024//50
f 3032//50 3031//50 3030//50
f 708//50 706//2029 707//50
f 706//2029 704//50 705//2031
f 708//50 704//50 706//2029
f 3033//50 3034//50 3031//50
f 3035//50 3034//50 3033//50
f 708//50 703//50 704//50
f 703//50 3036//50 3037//2031
f 3038//50 3039//50 3040//50
f 708//50 3041//50 703//50
f 703//50 3041//50 3036//50
f 3039//50 3042//50 3040//50
f 3040//50 3042//50 3034//50
f 3042//50 3043//50 3034//50
f 3044//50 3043//50 3042//50
f 3045//50 3046//2029 3047//50
f 3048//50 3046//2029 3045//50
f 3041//50 3046//2029 3048//50
f 3049//50 3050//2030 3043//50
f 3046//2029 3051//50 3052//50
f 3053//50 3054//50 3050//2030
f 3054//50 3055//50 3050//2030
f 3051//50 3056//50 3057//50
f 708//50 3056//50 3041//50
f 3041//50 3056//50 3046//2029
f 3046//2029 3056//50 3051//50
f 3034//50 3058//2030 3031//50
f 3050//2030 3058//2030 3043//50
f 3043//50 3058//2030 3034//50
f 3055//50 3058//2030 3050//2030
f 763//50 3058//2030 762//50
f 764//2030 3058//2030 763//50
f 3031//50 3058//2030 3024//50
f 3024//50 3058//2030 764//2030
f 3059//50 3060//50 3058//2030
f 3061//50 3062//50 3063//50
f 3056//50 3062//50 3061//50
f 750//50 3064//50 747//50
f 751//50 3064//50 750//50
f 752//50 3064//50 751//50
f 708//50 3064//50 3056//50
f 747//50 3064//50 713//50
f 3056//50 3064//50 3062//50
f 713//50 3064//50 708//50
f 3060//50 3065//50 3058//2030
f 3066//50 3065//50 3060//50
f 752//50 3065//50 3064//50
f 762//50 3065//50 752//50
f 3058//2030 3065//50 762//50
f 698//2035 3067//2035 766//3888
f 766//3888 3067//2035 3025//3888
f 3067//3889 3068//3889 3025//3889
f 3025//3889 3068//3889 3026//3889
f 3068//2037 3069//2037 3026//2037
f 3026//2037 3069//2037 3027//2037
f 3069//2038 3070//2038 3027//2038
f 3027//2038 3070//2038 3007//2038
f 3070//2160 3071//2160 3007//2160
f 3007//2160 3071//2160 3005//2160
f 3071//3890 3072//3890 3005//2042
f 3005//2042 3072//3890 3008//2042
f 3008//3891 3072//3892 3006//3891
f 3072//3892 3073//3893 3006//3891
f 3073//3894 3074//2048 3006//3895
f 3006//3895 3074//2048 3011//3895
f 3074//3896 3075//3896 3011//3896
f 3011//3896 3075//3896 3009//3896
f 3009//2052 3075//2052 3012//2052
f 3012//3897 3076//3898 3010//3897
f 3075//2052 3076//2052 3012//2052
f 3076//3898 3077//3898 3010//3897
f 3010//2056 3078//3899 3013//3899
f 3077//3899 3078//3899 3010//2056
f 3013//2059 3079//2058 3014//2059
f 3078//2058 3079//2058 3013//2059
f 3014//3900 3080//3901 3015//3900
f 3079//3902 3080//3901 3014//3900
f 3015//3903 3081//3904 3016//3905
f 3080//3906 3081//3904 3015//3903
f 3016//3907 3082//3907 3017//3907
f 3017//2066 3082//3908 3019//2066
f 3081//3907 3082//3907 3016//3907
f 3082//3908 3083//2066 3019//2066
f 3083//3909 3084//3909 3019//3910
f 3019//3910 3084//3909 3018//3911
f 3084//3912 3085//3912 3018//3912
f 3018//3912 3085//3912 3020//3912
f 3020//3913 3085//3913 3021//3913
f 3085//3913 3086//3913 3021//3913
f 3086//3914 3087//3914 3021//3915
f 3021//3915 3087//3914 3022//3915
f 3087//3916 3088//3916 3022//3916
f 3022//3916 3088//3916 3023//3916
f 3088//3917 3089//3917 3023//2078
f 3023//2078 3089//3917 3028//3918
f 3028//3919 3089//3919 3029//3919
f 3089//3919 3090//3919 3029//3919
f 3090//3920 3091//3920 3029//3920
f 3029//3920 3091//3920 3024//3920
f 3091//3921 3092//3921 3024//3921
f 3024//3921 3092//3921 3030//3921
f 3030//3922 3092//3922 3032//3922
f 3092//3922 3093//3922 3032//3922
f 3093//3923 3094//3923 3032//3923
f 3032//3923 3094//3923 3031//3923
f 3031//3924 3094//3925 3033//3926
f 3094//3925 3095//3925 3033//3926
f 3095//3927 3096//3928 3033//3927
f 3033//3927 3096//3928 3035//3929
f 3035//3930 3096//3931 3034//3930
f 3096//3931 3097//3932 3034//3930
f 3097//2022 3098//2022 3034//2022
f 3034//2022 3098//2022 3040//2022
f 3098//3933 3099//3934 3040//3935
f 3040//3935 3099//3934 3038//3935
f 3099//3936 3100//3937 3038//3938
f 3038//3938 3100//3937 3039//3937
f 3100//3939 3101//3939 3039//3940
f 3039//3940 3101//3939 3042//3941
f 3101//3942 3102//3942 3042//3942
f 3042//3942 3102//3942 3044//3942
f 3044//3943 3103//3943 3043//3943
f 3102//3943 3103//3943 3044//3943
f 3043//3944 3104//3944 3049//3944
f 3049//3945 3104//3945 3050//3945
f 3103//3944 3104//3944 3043//3944
f 3050//3946 3105//3946 3053//3946
f 3104//3945 3105//3945 3050//3945
f 3105//3946 3106//3946 3053//3946
f 3053//3947 3107//2115 3054//3947
f 3106//3948 3107//2115 3053//3947
f 3054//3949 3108//3949 3055//3949
f 3107//3949 3108//3949 3054//3949
f 3108//3950 3109//3950 3055//3951
f 3055//3951 3109//3950 3058//3951
f 3109//3952 3110//3952 3058//3952
f 3058//3952 3110//3952 3059//3952
f 3059//3953 3111//3953 3060//3953
f 3110//3953 3111//3953 3059//3953
f 3060//3954 3111//3955 3066//3956
f 3111//3955 3112//3955 3066//3956
f 3066//3957 3113//3958 3065//3957
f 3112//3958 3113//3958 3066//3957
f 3065//3959 3114//3959 3064//3959
f 3113//3959 3114//3959 3065//3959
f 3064//3960 3115//3961 3062//3960
f 3114//3961 3115//3961 3064//3960
f 3062//3962 3116//3963 3063//3964
f 3115//3963 3116//3963 3062//3962
f 3063//2137 3117//3965 3061//3966
f 3116//3965 3117//3965 3063//2137
f 3061//2138 3118//2138 3056//3967
f 3117//3967 3118//2138 3061//2138
f 3056//3968 3119//3969 3057//3968
f 3057//3970 3119//3970 3051//3970
f 3118//3969 3119//3969 3056//3968
f 3119//3970 3120//3970 3051//3970
f 3051//2145 3121//2145 3052//2145
f 3120//2145 3121//2145 3051//2145
f 3052//2147 3122//3971 3046//2147
f 3046//3972 3122//2148 3047//3972
f 3121//3971 3122//3971 3052//2147
f 3122//2148 3123//2148 3047//3972
f 3047//3973 3124//2151 3045//3973
f 3045//2163 3124//2163 3048//2163
f 3123//2151 3124//2151 3047//3973
f 3124//2163 3125//2163 3048//2163
f 3048//3974 3126//3974 3041//3974
f 3125//3974 3126//3974 3048//3974
f 3041//3975 3127//2157 3036//3975
f 3126//2157 3127//2157 3041//3975
f 3036//3976 3128//3976 3037//3976
f 3127//3976 3128//3976 3036//3976
f 3037//2159 513//2159 703//2159
f 3128//2159 513//2159 3037//2159
f 698//3977 3129//3977 3067//3977
f 3067//3978 3129//3978 3068//3978
f 3068//3979 3129//3979 3069//3979
f 1878//3980 3130//3980 700//3980
f 1879//3981 3130//3981 1878//3981
f 1880//3982 3130//3982 1879//3982
f 700//3259 3130//3259 698//3983
f 698//3983 3130//3259 3129//3984
f 3069//3985 3131//3985 3070//3985
f 3070//3986 3131//3986 3071//3986
f 3129//3987 3131//3988 3069//3989
f 1880//3990 3132//3991 3130//3992
f 1881//3993 3132//3993 1880//3993
f 1882//3994 3132//3994 1881//3994
f 3130//3992 3132//3991 3129//3987
f 3129//3987 3132//3991 3131//3988
f 3131//3995 3133//3996 3071//3997
f 3071//3998 3133//3998 3072//3998
f 3072//3999 3133//3999 3073//3999
f 1883//4000 3134//4000 1882//4000
f 1884//4001 3134//4001 1883//4001
f 3131//3995 3134//4002 3133//3996
f 1882//4003 3134//4002 3132//4004
f 3132//4004 3134//4002 3131//3995
f 3133//4005 3135//4006 3073//4007
f 3073//4008 3135//4008 3074//4008
f 3074//4009 3135//4009 3075//4009
f 1885//4010 3136//4010 1884//4010
f 1843//4011 3136//4011 1885//4011
f 3133//4005 3136//4012 3135//4006
f 1884//4013 3136//4012 3134//4014
f 3134//4014 3136//4012 3133//4005
f 3135//4015 3137//4016 3075//4017
f 3075//4018 3137//4018 3076//4018
f 3076//4019 3137//4020 3077//4021
f 1840//4022 3138//4022 1843//4022
f 1837//4023 3138//4024 1840//4025
f 3135//4015 3138//4026 3137//4016
f 1843//4027 3138//4026 3136//4028
f 3136//4028 3138//4026 3135//4015
f 3137//4020 3139//4029 3077//4021
f 3077//4030 3139//4030 3078//4030
f 3078//4031 3139//4032 3079//4033
f 1834//4034 3140//4034 1837//4034
f 1831//4035 3140//4036 1834//4037
f 1837//4023 3140//4038 3138//4024
f 3138//4024 3140//4038 3137//4020
f 3137//4020 3140//4038 3139//4029
f 3139//4032 3141//4039 3079//4033
f 3079//4040 3141//4040 3080//4040
f 3080//4041 3141//4042 3081//4043
f 1828//3566 3142//3566 1831//3566
f 1823//4044 3142//4045 1828//4046
f 3140//4036 3142//4047 3139//4032
f 3139//4032 3142//4047 3141//4039
f 1831//4035 3142//4047 3140//4036
f 3141//4042 3143//4048 3081//4043
f 3081//4049 3143//4049 3082//4049
f 3082//3576 3143//4050 3083//4051
f 1820//4052 3144//4052 1823//4052
f 1817//4053 3144//4054 1820//4055
f 3142//4045 3144//4056 3141//4042
f 1823//4044 3144//4056 3142//4045
f 3141//4042 3144//4056 3143//4048
f 3143//4050 3145//4057 3083//4051
f 3083//4058 3145//4058 3084//4058
f 3084//4059 3145//4060 3085//4061
f 1814//4062 3146//4062 1817//4062
f 1811//4063 3146//4064 1814//4065
f 3144//4054 3146//4066 3143//4050
f 3143//4050 3146//4066 3145//4057
f 1817//4053 3146//4066 3144//4054
f 3145//4060 3147//4067 3085//4061
f 3085//4068 3147//4068 3086//4068
f 3086//4069 3147//4070 3087//4071
f 1808//3335 3148//3335 1811//3335
f 1805//4072 3148//4073 1808//4074
f 1811//4063 3148//4075 3146//4064
f 3146//4064 3148//4075 3145//4060
f 3145//4060 3148//4075 3147//4067
f 3147//4070 3149//4076 3087//4071
f 3087//4077 3149//4077 3088//4077
f 3088//4078 3149//4079 3089//4080
f 1802//4081 3150//4081 1805//4081
f 1798//4082 3150//4083 1802//4084
f 1805//4072 3150//4085 3148//4073
f 3148//4073 3150//4085 3147//4070
f 3147//4070 3150//4085 3149//4076
f 3149//4079 3151//4086 3089//4080
f 3150//4083 3151//4086 3149//4079
f 3089//4087 3151//4087 3090//4087
f 3090//4088 3151//4089 3091//4090
f 1793//4091 3152//4091 1798//4091
f 1790//4092 3152//4093 1793//4094
f 1798//4082 3152//4095 3150//4083
f 3150//4083 3152//4095 3151//4086
f 3151//4089 3153//4096 3091//4090
f 3091//4097 3153//4097 3092//4097
f 3092//4098 3153//4099 3093//4100
f 1787//4101 3154//4101 1790//4101
f 1784//4102 3154//4103 1787//4104
f 3152//4093 3154//4105 3151//4089
f 1790//4092 3154//4105 3152//4093
f 3151//4089 3154//4105 3153//4096
f 3153//4099 3155//4106 3093//4100
f 3154//4103 3155//4106 3153//4099
f 3093//4107 3155//4107 3094//4107
f 3094//4108 3155//4109 3095//4110
f 1784//4102 3156//4111 3154//4103
f 1782//4112 3156//4112 1784//4112
f 1780//4113 3156//4114 1782//4115
f 3154//4103 3156//4111 3155//4106
f 3155//4109 3157//4116 3095//4110
f 3095//4117 3157//4117 3096//4117
f 3096//4118 3157//4119 3097//4120
f 1780//4113 3158//4121 3156//4114
f 1778//4122 3158//4122 1780//4122
f 1776//4123 3158//4124 1778//4125
f 3155//4109 3158//4121 3157//4116
f 3156//4114 3158//4121 3155//4109
f 3157//4119 3159//4126 3097//4120
f 3097//4127 3159//4127 3098//4127
f 1771//4128 3160//4128 1776//4128
f 3157//4119 3160//4129 3159//4126
f 3158//4124 3160//4129 3157//4119
f 1776//4123 3160//4129 3158//4124
f 3159//4130 3161//4131 3098//4132
f 3098//4132 3161//4131 3099//4133
f 3099//4134 3161//4134 3100//4134
f 1768//4135 3162//4136 1771//4137
f 1765//4138 3162//4138 1768//4138
f 3160//4139 3162//4136 3159//4130
f 3159//4130 3162//4136 3161//4131
f 1771//4137 3162//4136 3160//4139
f 3161//4140 3163//4141 3100//4142
f 3100//4142 3163//4141 3101//4143
f 3101//4144 3163//4144 3102//4144
f 3161//4140 3164//4145 3163//4141
f 1762//4146 3164//4145 1765//4147
f 1759//4148 3164//4148 1762//4148
f 1765//4147 3164//4145 3162//4149
f 3162//4149 3164//4145 3161//4140
f 3102//4150 3165//4151 3103//4152
f 3103//4153 3165//4153 3104//4153
f 3163//4154 3165//4151 3102//4150
f 1756//4155 3166//4156 1759//4157
f 1753//4158 3166//4158 1756//4158
f 1759//4157 3166//4156 3164//4159
f 3163//4154 3166//4156 3165//4151
f 3164//4159 3166//4156 3163//4154
f 3104//4160 3167//4161 3105//4162
f 3105//4163 3167//4163 3106//4163
f 3165//4164 3167//4161 3104//4160
f 3166//4165 3168//4166 3165//4164
f 1746//4167 3168//4166 1753//4168
f 1742//4169 3168//4169 1746//4169
f 1753//4168 3168//4166 3166//4165
f 3165//4164 3168//4166 3167//4161
f 3106//4170 3169//4171 3107//4172
f 3107//4173 3169//4173 3108//4173
f 3167//4174 3169//4171 3106//4170
f 3168//4175 3170//4176 3167//4174
f 3167//4174 3170//4176 3169//4171
f 1738//4177 3170//4176 1742//4178
f 1734//4179 3170//4179 1738//4179
f 1742//4178 3170//4176 3168//4175
f 3169//4180 3171//4181 3108//4182
f 3108//4182 3171//4181 3109//4183
f 3109//4184 3171//4184 3110//4184
f 1734//4185 3172//4186 3170//4187
f 3169//4180 3172//4186 3171//4181
f 1731//4188 3172//4186 1734//4185
f 1727//4189 3172//4189 1731//4189
f 3170//4187 3172//4186 3169//4180
f 3110//4190 3173//4191 3111//4192
f 3111//4193 3173//4193 3112//4193
f 3171//4194 3173//4191 3110//4190
f 3172//4195 3174//4196 3171//4194
f 3171//4194 3174//4196 3173//4191
f 1723//4197 3174//4196 1727//4198
f 1722//4199 3174//4200 1723//4200
f 1727//4198 3174//4196 3172//4195
f 3112//4201 3175//4202 3113//4203
f 3113//4204 3175//4204 3114//4204
f 3173//4205 3175//4202 3112//4201
f 3174//4206 3175//4202 3173//4205
f 1725//4207 3176//4208 1722//4209
f 1729//4210 3176//4210 1725//4210
f 1722//4209 3176//4208 3174//4206
f 3174//4206 3176//4208 3175//4202
f 3114//4211 3177//4212 3115//4213
f 3115//4214 3177//4214 3116//4214
f 3175//4215 3177//4212 3114//4211
f 1736//4216 3178//4217 1729//4218
f 1740//3696 3178//3696 1736//3696
f 3176//4219 3178//4217 3175//4215
f 1729//4218 3178//4217 3176//4219
f 3175//4215 3178//4217 3177//4212
f 3178//4220 3179//4221 3177//4222
f 3116//4223 3179//4221 3117//4224
f 3117//4225 3179//4225 3118//4225
f 3177//4222 3179//4221 3116//4223
f 3178//4220 3180//4226 3179//4221
f 1744//4227 3180//4226 1740//4228
f 1748//4229 3180//4229 1744//4229
f 1740//4228 3180//4226 3178//4220
f 3118//4230 3181//4231 3119//3706
f 3119//4232 3181//4232 3120//4232
f 3179//4233 3181//4231 3118//4230
f 1748//4234 3182//4235 3180//4236
f 1751//4237 3182//4235 1748//4234
f 3180//4236 3182//4235 3179//4233
f 1695//4238 3182//4238 1751//4238
f 3179//4233 3182//4235 3181//4231
f 3182//4239 3183//4240 3181//4241
f 3120//4242 3183//4242 3121//4242
f 3121//4243 3183//4243 3122//4243
f 3181//4241 3183//4240 3120//4244
f 3182//4239 3184//4245 3183//4240
f 1694//4246 3184//4246 1695//4246
f 1696//4247 3184//4247 1694//4247
f 1695//4248 3184//4245 3182//4239
f 3122//4249 3185//4249 3123//4249
f 3123//4250 3185//4250 3124//4250
f 3183//4251 3185//4252 3122//4253
f 1696//4254 3186//4255 3184//4256
f 3184//4256 3186//4255 3183//4251
f 1697//4257 3186//4257 1696//4257
f 1698//4258 3186//4258 1697//4258
f 3183//4251 3186//4255 3185//4252
f 3124//4259 3187//4259 3125//4259
f 3125//4260 3187//4260 3126//4260
f 3185//4261 3187//4262 3124//4263
f 3186//4264 3188//4265 3185//4261
f 1698//4266 3188//4265 3186//4264
f 1699//4267 3188//4267 1698//4267
f 1700//4268 3188//4268 1699//4268
f 3185//4261 3188//4265 3187//4262
f 3187//4269 3189//4270 3126//4271
f 3126//4272 3189//4272 3127//4272
f 3127//4273 3189//4273 3128//4273
f 3128//4274 3189//4274 513//4274
f 3188//4275 3189//4270 3187//4269
f 513//4276 3190//4276 520//4276
f 3189//4276 3190//4276 513//4276
f 3188//4275 3190//4277 3189//4270
f 1701//4278 3190//4278 1700//4278
f 1702//4279 3190//4279 1701//4279
f 520//4280 3190//4280 1702//4280
f 1700//4281 3190//4277 3188//4275
f 512//4282 511//4282 3191//4282
f 3191//4283 2541//4283 3192//4283
f 511//4282 2541//4282 3191//4282
f 3192//4284 2542//4284 3193//4284
f 2541//4283 2542//4283 3192//4283
f 3193//4285 2543//4285 3194//4285
f 2542//4284 2543//4284 3193//4284
f 3194//4286 2545//4286 3195//4286
f 2543//4285 2545//4285 3194//4285
f 3195//4287 2546//4288 3196//4287
f 2545//4286 2546//4286 3195//4286
f 3196//4289 2549//4289 3197//4289
f 2546//4288 2549//4288 3196//4287
f 3197//4290 2550//4291 3198//4290
f 2549//4289 2550//4289 3197//4289
f 3198//4292 2553//4292 3199//4292
f 2550//4291 2553//4291 3198//4290
f 3199//4293 2554//4294 3200//4293
f 2553//4292 2554//4292 3199//4292
f 3200//4295 2557//4295 3201//4295
f 2554//4294 2557//4294 3200//4293
f 3201//4296 2558//4297 3202//4296
f 2557//4295 2558//4295 3201//4295
f 3202//4298 2561//4299 3203//4298
f 2558//4297 2561//4297 3202//4296
f 3203//4300 2562//4300 3204//4300
f 2561//4299 2562//4299 3203//4298
f 3204//4301 2565//4301 3205//4301
f 2562//4300 2565//4300 3204//4300
f 3205//4302 2566//4302 3206//4302
f 2565//4301 2566//4301 3205//4301
f 3206//4303 2569//4304 3207//4303
f 2566//4302 2569//4302 3206//4302
f 2569//4304 2570//4305 3207//4303
f 3207//4306 2570//4307 3208//4306
f 2570//4307 2573//4307 3208//4306
f 3208//4308 2573//4309 3209//4308
f 2573//4309 2574//4309 3209//4308
f 3209//4310 2574//4311 3210//4310
f 3210//4312 2577//4312 3211//4312
f 2574//4311 2577//4311 3210//4310
f 3211//4313 2578//4314 3212//4313
f 2577//4312 2578//4312 3211//4312
f 3212//4315 2581//4315 3213//4315
f 2578//4314 2581//4314 3212//4313
f 3213//4316 2582//4317 3214//4318
f 2581//4315 2582//4315 3213//4315
f 3214//4319 2585//4320 3215//4319
f 2582//4317 2585//4321 3214//4318
f 3215//4322 2586//4322 3216//4322
f 2585//4320 2586//4320 3215//4319
f 3216//4323 2589//4323 3217//4323
f 2586//4322 2589//4322 3216//4322
f 2589//4323 2590//4323 3217//4323
f 2590//4324 2593//4324 3217//4324
f 3218//4325 2593//4326 3219//4325
f 3217//4324 2593//4324 3218//4324
f 2593//4326 2594//4326 3219//4325
f 3219//4327 2594//4327 3220//4327
f 2594//4327 2597//4327 3220//4327
f 3220//4328 2597//4329 3221//4328
f 2597//4329 2598//4329 3221//4328
f 3221//2026 2598//2026 3222//2026
f 2598//2026 2601//2026 3222//2026
f 3222//4330 2601//4331 3223//4330
f 2601//4331 2604//4331 3223//4330
f 3223//4332 2604//4333 3224//4332
f 2604//4333 2605//4333 3224//4332
f 3224//4334 2605//4335 3225//4336
f 2605//4335 2608//4337 3225//4336
f 2608//4338 2609//4338 3225//4338
f 3226//4339 2609//4339 3227//4339
f 3225//4338 2609//4338 3226//4338
f 2609//4339 2612//4339 3227//4339
f 2612//4340 2613//4340 3227//4340
f 3227//4340 2613//4340 3228//4340
f 3229//4341 2616//4342 3230//4341
f 3228//4343 2616//4344 3229//4343
f 2613//4344 2616//4344 3228//4343
f 2616//4342 2617//4345 3230//4341
f 3230//4346 2617//4346 3231//4346
f 3231//4347 2620//4348 3232//4347
f 2617//4346 2620//4346 3231//4346
f 2620//4348 2621//4348 3232//4347
f 2621//4349 2624//4349 3232//4349
f 3233//4350 2624//4351 3234//4350
f 3232//4349 2624//4349 3233//4349
f 2624//4351 2625//4351 3234//4350
f 2625//4352 2628//4352 3234//4353
f 3234//4353 2628//4352 3235//4353
f 2628//4354 2629//4354 3235//4355
f 3236//4356 2629//4357 3237//4356
f 3235//4355 2629//4354 3236//4355
f 2629//4357 2632//4357 3237//4356
f 3237//4358 2632//4358 3238//4358
f 2632//4358 2633//4358 3238//4358
f 2633//4359 2636//4359 3238//4359
f 3239//4360 2636//4360 3240//4360
f 3238//4359 2636//4359 3239//4359
f 2636//4360 2637//4360 3240//4360
f 2637//4361 2640//4361 3240//4362
f 3240//4362 2640//4361 3241//4362
f 2640//4363 2641//4363 3241//4364
f 3242//4365 2641//4365 3243//4365
f 3241//4364 2641//4363 3242//4364
f 2641//4365 2644//4365 3243//4365
f 2644//4366 2645//4366 3243//4367
f 3243//4367 2645//4366 3244//4367
f 2645//4368 2648//4368 3244//4368
f 3245//4369 2648//4370 3246//4369
f 3244//4368 2648//4368 3245//4368
f 2648//4370 2649//4370 3246//4369
f 3246//4371 2649//4371 3247//4371
f 2649//4371 2652//4371 3247//4371
f 2652//4372 2653//4372 3247//4373
f 3248//4374 2653//4374 3249//4374
f 3247//4373 2653//4372 3248//4373
f 2653//4374 2656//4374 3249//4374
f 3249//4375 2657//4375 3250//4375
f 2656//4375 2657//4375 3249//4375
f 3251//4376 2660//4376 3252//4376
f 3250//4377 2660//4377 3251//4377
f 2657//4377 2660//4377 3250//4377
f 2660//4376 2661//4376 3252//4376
f 3252//4378 386//4378 385//4378
f 2661//4378 386//4378 3252//4378
f 384//4282 383//4282 3253//4282
f 3253//4283 2417//4283 3254//4283
f 383//4282 2417//4282 3253//4282
f 3254//4284 2418//4284 3255//4284
f 2417//4283 2418//4283 3254//4283
f 3255//4285 2419//4285 3256//4285
f 2418//4284 2419//4284 3255//4284
f 3256//4286 2421//4286 3257//4286
f 2419//4285 2421//4285 3256//4285
f 3257//4287 2422//4287 3258//4287
f 2421//4286 2422//4286 3257//4286
f 3258//4379 2425//4289 3259//4379
f 2422//4287 2425//4287 3258//4287
f 3259//4290 2426//4291 3260//4290
f 2425//4289 2426//4289 3259//4379
f 3260//4292 2429//4292 3261//4292
f 2426//4291 2429//4291 3260//4290
f 3261//4294 2430//4293 3262//4294
f 2429//4292 2430//4292 3261//4292
f 3262//4295 2433//4380 3263//4295
f 2430//4293 2433//4293 3262//4294
f 3263//4297 2434//4297 3264//4297
f 2433//4380 2434//4380 3263//4295
f 3264//4298 2437//4298 3265//4298
f 2434//4297 2437//4297 3264//4297
f 3265//4381 2438//4300 3266//4381
f 2437//4298 2438//4298 3265//4298
f 3266//4301 2441//4301 3267//4301
f 2438//4300 2441//4300 3266//4381
f 3267//4302 2442//4382 3268//4302
f 2441//4301 2442//4301 3267//4301
f 3268//4303 2445//4303 3269//4303
f 2442//4382 2445//4382 3268//4302
f 2445//4303 2446//4303 3269//4303
f 3269//4306 2446//4307 3270//4306
f 2446//4307 2449//4307 3270//4306
f 3270//4309 2449//4308 3271//4309
f 2449//4308 2450//4308 3271//4309
f 3271//4310 2450//4311 3272//4310
f 3272//4312 2453//4312 3273//4312
f 2450//4311 2453//4311 3272//4310
f 3273//4313 2454//4314 3274//4313
f 2453//4312 2454//4312 3273//4312
f 3274//4383 2457//4384 3275//4383
f 2454//4314 2457//4314 3274//4313
f 3275//4316 2458//4317 3276//4318
f 2457//4384 2458//4384 3275//4383
f 3276//4319 2461//4320 3277//4319
f 2458//4317 2461//4321 3276//4318
f 3277//4322 2462//4322 3278//4322
f 2461//4320 2462//4320 3277//4319
f 3278//4323 2465//4385 3279//4323
f 2462//4322 2465//4322 3278//4322
f 2465//4385 2466//4323 3279//4323
f 2466//4386 2469//4386 3279//4324
f 3280//4325 2469//4325 3281//4325
f 3279//4324 2469//4386 3280//4324
f 2469//4325 2470//4325 3281//4325
f 3281//4327 2470//4327 3282//4327
f 2470//4327 2473//4327 3282//4327
f 3282//4328 2473//4329 3283//4328
f 2473//4329 2474//4329 3283//4328
f 3283//2026 2474//2026 3284//2026
f 2474//2026 2477//2026 3284//2026
f 3284//4330 2477//4331 3285//4330
f 2477//4331 2480//4331 3285//4330
f 3285//4332 2480//4332 3286//4332
f 2480//4332 2481//4332 3286//4332
f 3286//4337 2481//4337 3287//4337
f 2481//4337 2484//4337 3287//4337
f 2484//4338 2485//4338 3287//4387
f 3288//4388 2485//4339 3289//4388
f 3287//4387 2485//4338 3288//4387
f 2485//4339 2488//4339 3289//4388
f 2488//4340 2489//4340 3289//4340
f 3289//4340 2489//4340 3290//4340
f 3291//4341 2492//4342 3292//4341
f 3290//4343 2492//4344 3291//4343
f 2489//4344 2492//4344 3290//4343
f 2492//4342 2493//4345 3292//4341
f 3292//4389 2493//4390 3293//4389
f 3293//4347 2496//4348 3294//4347
f 2493//4390 2496//4390 3293//4389
f 2496//4348 2497//4348 3294//4347
f 2497//4349 2500//4349 3294//4349
f 3295//4350 2500//4351 3296//4350
f 3294//4349 2500//4349 3295//4349
f 2500//4351 2501//4351 3296//4350
f 2501//4353 2504//4353 3296//4352
f 3296//4352 2504//4353 3297//4352
f 2504//4354 2505//4354 3297//4355
f 3298//4357 2505//4357 3299//4357
f 3297//4355 2505//4354 3298//4355
f 2505//4357 2508//4357 3299//4357
f 3299//4391 2508//4358 3300//4391
f 2508//4358 2509//4358 3300//4391
f 2509//4359 2512//4359 3300//4359
f 3301//4360 2512//4392 3302//4360
f 3300//4359 2512//4359 3301//4359
f 2512//4392 2513//4392 3302//4360
f 2513//4362 2516//4362 3302//4362
f 3302//4362 2516//4362 3303//4362
f 2516//4363 2517//4363 3303//4363
f 3304//4393 2517//4365 3305//4394
f 3303//4363 2517//4363 3304//4363
f 2517//4365 2520//4365 3305//4394
f 2520//4367 2521//4367 3305//4366
f 3305//4366 2521//4367 3306//4366
f 2521//4368 2524//4368 3306//4368
f 3307//4369 2524//4370 3308//4369
f 3306//4368 2524//4368 3307//4368
f 2524//4370 2525//4370 3308//4369
f 3308//4371 2525//4395 3309//4371
f 2525//4395 2528//4395 3309//4371
f 2528//4373 2529//4373 3309//4373
f 3310//4374 2529//4374 3311//4374
f 3309//4373 2529//4373 3310//4373
f 2529//4374 2532//4374 3311//4374
f 3311//4375 2533//4375 3312//4375
f 2532//4375 2533//4375 3311//4375
f 3313//4376 2536//4376 3314//4376
f 3312//4377 2536//4377 3313//4377
f 2533//4377 2536//4377 3312//4377
f 2536//4376 2537//4376 3314//4376
f 3314//4378 258//4378 257//4378
f 2537//4378 258//4378 3314//4378
f 255//4378 256//4378 3315//4378
f 3315//4376 2789//4376 3316//4376
f 256//4378 2789//4378 3315//4378
f 3316//4377 2790//4377 3317//4377
f 2789//4376 2790//4376 3316//4376
f 3317//4375 2791//4375 3318//4375
f 2790//4377 2791//4377 3317//4377
f 3318//4374 2793//4374 3319//4374
f 2791//4375 2793//4375 3318//4375
f 3319//4373 2794//4372 3320//4373
f 2793//4374 2794//4374 3319//4374
f 3320//4371 2797//4371 3321//4371
f 2794//4372 2797//4372 3320//4373
f 3321//4369 2798//4369 3322//4369
f 2797//4371 2798//4371 3321//4371
f 3322//4368 2801//4368 3323//4368
f 2798//4369 2801//4369 3322//4369
f 3323//4396 2802//4396 3324//4396
f 2801//4368 2802//4368 3323//4368
f 3324//4365 2805//4365 3325//4365
f 2802//4396 2805//4396 3324//4396
f 3325//4364 2806//4363 3326//4364
f 2805//4365 2806//4365 3325//4365
f 3326//4397 2809//4362 3327//4397
f 2806//4363 2809//4363 3326//4364
f 3327//4392 2810//4360 3328//4392
f 2809//4362 2810//4362 3327//4397
f 3328//4398 2813//4399 3329//4398
f 2810//4360 2813//4360 3328//4392
f 3329//4400 2814//4358 3330//4400
f 2813//4399 2814//4399 3329//4398
f 3330//4401 2817//4401 3331//4401
f 2814//4358 2817//4358 3330//4400
f 2817//4401 2818//4401 3331//4401
f 3331//4402 2818//4354 3332//4402
f 2818//4354 2821//4354 3332//4402
f 3332//4353 2821//4352 3333//4353
f 2821//4352 2822//4352 3333//4353
f 3333//4403 2822//4404 3334//4403
f 3334//4405 2825//4406 3335//4405
f 2822//4404 2825//4350 3334//4403
f 3335//4407 2826//4407 3336//4407
f 2825//4406 2826//4406 3335//4405
f 3336//4408 2829//4408 3337//4408
f 2826//4407 2829//4407 3336//4407
f 3337//4409 2830//4341 3338//4409
f 2829//4408 2830//4408 3337//4408
f 3338//4343 2833//4410 3339//4343
f 2830//4341 2833//4341 3338//4409
f 3339//4411 2834//4412 3340//4411
f 2833//4410 2834//4410 3339//4343
f 3340//4339 2837//4339 3341//4339
f 2834//4412 2837//4412 3340//4411
f 2837//4339 2838//4339 3341//4339
f 3341//4338 2838//4338 3342//4338
f 2838//4338 2841//4338 3342//4338
f 3342//4413 2841//4337 3343//4413
f 2841//4337 2842//4337 3343//4413
f 3343//4332 2842//4414 3344//4332
f 2842//4414 2845//4415 3344//4332
f 3344//4416 2845//4416 3345//4416
f 2845//4416 2846//4416 3345//4416
f 3345//2026 2846//2026 3346//2026
f 2846//2026 2849//2026 3346//2026
f 3346//4417 2849//4417 3347//4417
f 2849//4417 2852//4417 3347//4417
f 3347//4418 2852//4419 3348//4420
f 2852//4419 2853//4419 3348//4420
f 2853//4325 2856//4325 3348//4421
f 3349//4422 2856//4422 3350//4422
f 3348//4421 2856//4325 3349//4421
f 2856//4422 2857//4422 3350//4422
f 3350//4323 2857//4323 3351//4323
f 2857//4323 2860//4323 3351//4323
f 3351//4423 2860//4424 3352//4423
f 2860//4424 2861//4424 3352//4423
f 3352//4425 2861//4319 3353//4425
f 3353//4316 2864//4426 3354//4321
f 2861//4319 2864//4319 3353//4425
f 2864//4426 2865//4426 3354//4321
f 3355//4427 2868//4427 3356//4427
f 3354//4428 2868//4428 3355//4428
f 2865//4428 2868//4428 3354//4428
f 3356//4312 2869//4429 3357//4312
f 2868//4427 2869//4427 3356//4427
f 3357//4430 2872//4431 3358//4430
f 2869//4429 2872//4429 3357//4312
f 2872//4431 2873//4431 3358//4430
f 2873//4309 2876//4309 3358//4308
f 3359//4307 2876//4432 3360//4307
f 3358//4308 2876//4309 3359//4308
f 2876//4432 2877//4432 3360//4307
f 3360//4303 2877//4303 3361//4303
f 2877//4303 2880//4303 3361//4303
f 2880//4302 2881//4302 3361//4433
f 3362//4434 2881//4435 3363//4434
f 3361//4433 2881//4302 3362//4433
f 2881//4435 2884//4435 3363//4434
f 3363//4300 2884//4381 3364//4300
f 2884//4381 2885//4381 3364//4300
f 2885//4298 2888//4298 3364//4436
f 3364//4436 2888//4298 3365//4436
f 2888//4297 2889//4297 3365//4296
f 3366//4295 2889//4295 3367//4295
f 3365//4296 2889//4297 3366//4296
f 2889//4295 2892//4295 3367//4295
f 3367//4294 2892//4294 3368//4294
f 2892//4294 2893//4294 3368//4294
f 3368//4292 2893//4292 3369//4292
f 2893//4292 2896//4292 3369//4292
f 2896//4291 2897//4291 3369//4290
f 3369//4290 2897//4291 3370//4290
f 2897//4289 2900//4289 3370//4289
f 3371//4288 2900//4287 3372//4288
f 3370//4289 2900//4289 3371//4289
f 2900//4287 2901//4287 3372//4288
f 2901//4286 2904//4286 3372//4286
f 3372//4286 2904//4286 3373//4286
f 3374//4284 2905//4437 3375//4284
f 3373//4285 2905//4285 3374//4285
f 2904//4285 2905//4285 3373//4285
f 2905//4437 2908//4437 3375//4284
f 3375//4283 2908//4283 3376//4283
f 2908//4283 2909//4283 3376//4283
f 3376//4282 130//4282 129//4282
f 2909//4282 130//4282 3376//4282
f 127//4378 128//4378 3377//4378
f 3377//4376 2665//4376 3378//4376
f 128//4378 2665//4378 3377//4378
f 3378//4377 2666//4377 3379//4377
f 2665//4376 2666//4376 3378//4376
f 3379//4375 2667//4375 3380//4375
f 2666//4377 2667//4377 3379//4377
f 3380//4374 2669//4374 3381//4374
f 2667//4375 2669//4375 3380//4375
f 3381//4373 2670//4372 3382//4373
f 2669//4374 2670//4374 3381//4374
f 3382//4371 2673//4371 3383//4371
f 2670//4372 2673//4372 3382//4373
f 3383//4369 2674//4369 3384//4369
f 2673//4371 2674//4371 3383//4371
f 3384//4368 2677//4368 3385//4368
f 2674//4369 2677//4369 3384//4369
f 3385//4366 2678//4396 3386//4366
f 2677//4368 2678//4368 3385//4368
f 3386//4365 2681//4394 3387//4365
f 2678//4396 2681//4396 3386//4366
f 3387//4364 2682//4363 3388//4364
f 2681//4394 2682//4394 3387//4365
f 3388//4397 2685//4362 3389//4397
f 2682//4363 2685//4363 3388//4364
f 3389//4392 2686//4360 3390//4392
f 2685//4362 2686//4362 3389//4397
f 3390//4398 2689//4399 3391//4398
f 2686//4360 2689//4360 3390//4392
f 3391//4400 2690//4358 3392//4400
f 2689//4399 2690//4399 3391//4398
f 3392//4401 2693//4401 3393//4401
f 2690//4358 2693//4358 3392//4400
f 2693//4401 2694//4401 3393//4401
f 3393//4402 2694//4354 3394//4402
f 2694//4354 2697//4354 3394//4402
f 3394//4353 2697//4352 3395//4353
f 2697//4352 2698//4352 3395//4353
f 3395//4403 2698//4404 3396//4403
f 3396//4405 2701//4406 3397//4405
f 2698//4404 2701//4350 3396//4403
f 3397//4407 2702//4407 3398//4407
f 2701//4406 2702//4406 3397//4405
f 3398//4408 2705//4408 3399//4408
f 2702//4407 2705//4407 3398//4407
f 3399//4409 2706//4341 3400//4409
f 2705//4408 2706//4408 3399//4408
f 3400//4343 2709//4410 3401//4343
f 2706//4341 2709//4341 3400//4409
f 3401//4411 2710//4412 3402//4411
f 2709//4410 2710//4410 3401//4343
f 3402//4339 2713//4339 3403//4339
f 2710//4412 2713//4412 3402//4411
f 2713//4339 2714//4339 3403//4339
f 3403//4338 2714//4338 3404//4338
f 2714//4338 2717//4338 3404//4338
f 3404//4413 2717//4337 3405//4413
f 2717//4337 2718//4337 3405//4413
f 3405//4332 2718//4414 3406//4332
f 2718//4414 2721//4415 3406//4332
f 3406//4416 2721//4416 3407//4416
f 2721//4416 2722//4416 3407//4416
f 3407//2026 2722//2026 3408//2026
f 2722//2026 2725//2026 3408//2026
f 3408//4417 2725//4417 3409//4417
f 2725//4417 2728//4417 3409//4417
f 3409//4418 2728//4419 3410//4420
f 2728//4419 2729//4419 3410//4420
f 2729//4325 2732//4325 3410//4421
f 3411//4422 2732//4422 3412//4422
f 3410//4421 2732//4325 3411//4421
f 2732//4422 2733//4422 3412//4422
f 3412//4323 2733//4323 3413//4323
f 2733//4323 2736//4323 3413//4323
f 3413//4423 2736//4424 3414//4423
f 2736//4424 2737//4424 3414//4423
f 3414//4425 2737//4319 3415//4425
f 3415//4316 2740//4426 3416//4321
f 2737//4319 2740//4319 3415//4425
f 2740//4426 2741//4426 3416//4321
f 3417//4427 2744//4427 3418//4427
f 3416//4428 2744//4428 3417//4428
f 2741//4428 2744//4428 3416//4428
f 3418//4312 2745//4429 3419//4312
f 2744//4427 2745//4427 3418//4427
f 3419//4430 2748//4431 3420//4430
f 2745//4429 2748//4429 3419//4312
f 2748//4431 2749//4431 3420//4430
f 2749//4309 2752//4309 3420//4308
f 3421//4307 2752//4432 3422//4307
f 3420//4308 2752//4309 3421//4308
f 2752//4432 2753//4432 3422//4307
f 3422//4303 2753//4303 3423//4303
f 2753//4303 2756//4303 3423//4303
f 2756//4302 2757//4302 3423//4433
f 3424//4434 2757//4435 3425//4434
f 3423//4433 2757//4302 3424//4433
f 2757//4435 2760//4435 3425//4434
f 3425//4300 2760//4381 3426//4300
f 2760//4381 2761//4381 3426//4300
f 2761//4298 2764//4298 3426//4436
f 3426//4436 2764//4298 3427//4436
f 2764//4297 2765//4297 3427//4296
f 3428//4295 2765//4295 3429//4295
f 3427//4296 2765//4297 3428//4296
f 2765//4295 2768//4295 3429//4295
f 3429//4294 2768//4438 3430//4294
f 2768//4438 2769//4438 3430//4294
f 3430//4292 2769//4292 3431//4292
f 2769//4292 2772//4292 3431//4292
f 2772//4291 2773//4291 3431//4290
f 3431//4290 2773//4291 3432//4290
f 2773//4289 2776//4289 3432//4289
f 3433//4288 2776//4287 3434//4288
f 3432//4289 2776//4289 3433//4289
f 2776//4287 2777//4287 3434//4288
f 2777//4286 2780//4286 3434//4286
f 3434//4286 2780//4286 3435//4286
f 3436//4284 2781//4437 3437//4284
f 3435//4285 2781//4285 3436//4285
f 2780//4285 2781//4285 3435//4285
f 2781//4437 2784//4437 3437//4284
f 3437//4283 2784//4283 3438//4283
f 2784//4283 2785//4283 3438//4283
f 3438//4282 2//4282 1//4282
f 2785//4282 2//4282 3438//4282
f 37//2023 33//2027 35//2023
f 37//2023 31//2023 33//2027
f 25//2027 29//2023 31//2023
f 25//2027 27//2023 29//2023
f 23//2023 31//2023 37//2023
f 23//2023 25//2027 31//2023
f 43//4439 39//2023 41//2023
f 43//4439 37//2023 39//2023
f 49//2023 45//2023 47//2023
f 49//2023 43//4439 45//2023
f 49//2023 37//2023 43//4439
f 13//2023 19//2023 21//2028
f 13//2023 17//2028 19//2023
f 13//2023 15//2023 17//2028
f 53//2023 49//2023 51//2023
f 11//2023 21//2028 23//2023
f 11//2023 13//2023 21//2028
f 55//4440 49//2023 53//2023
f 5//2023 9//2027 11//2023
f 5//2023 7//2027 9//2027
f 61//2023 57//2023 59//2023
f 61//2023 55//4440 57//2023
f 61//2023 49//2023 55//4440
f 1//2023 3//4440 5//2023
f 1//2023 11//2023 23//2023
f 1//2023 5//2023 11//2023
f 65//2023 61//2023 63//2023
f 67//2023 61//2023 65//2023
f 3437//2023 3438//2028 1//2023
f 71//2023 67//2023 69//2023
f 3434//2023 3436//2023 3437//2023
f 3434//2023 3435//2023 3436//2023
f 3434//2023 3437//2023 1//2023
f 75//2023 71//2023 73//2023
f 75//2023 67//2023 71//2023
f 75//2023 49//2023 61//2023
f 75//2023 61//2023 67//2023
f 3432//2023 3434//2023 1//2023
f 3432//2023 3433//2023 3434//2023
f 79//2028 75//2023 77//2023
f 3429//2023 3430//2023 3431//2023
f 3428//4440 3429//2023 3431//2023
f 87//4440 83//2028 85//2023
f 87//4440 81//2023 83//2028
f 87//4440 79//2028 81//2023
f 3426//2027 3427//2023 3428//4440
f 91//2023 49//2023 75//2023
f 91//2023 79//2028 87//4440
f 91//2023 87//4440 89//2023
f 91//2023 37//2023 49//2023
f 91//2023 75//2023 79//2028
f 3425//2023 3426//2027 3428//4440
f 3425//2023 3428//4440 3431//2023
f 97//2023 93//4439 95//2023
f 97//2023 91//2023 93//4439
f 3422//2027 3424//2028 3425//2023
f 3422//2027 3423//2023 3424//2028
f 103//2023 99//2028 101//2023
f 103//2023 97//2023 99//2028
f 106//2023 37//2023 91//2023
f 106//2023 23//2023 37//2023
f 106//2023 91//2023 97//2023
f 106//2023 97//2023 103//2023
f 3418//2023 3420//2023 3421//2027
f 3418//2023 3419//2023 3420//2023
f 3417//2023 3418//2023 3421//2027
f 3417//2023 3421//2027 3422//2027
f 113//2023 109//2023 111//2023
f 113//2023 108//2027 109//2023
f 113//2023 106//2023 108//2027
f 113//2023 23//2023 106//2023
f 113//2023 1//2023 23//2023
f 3414//2023 3415//2023 3416//2027
f 3413//4439 3414//2023 3416//2027
f 117//2023 113//2023 116//2023
f 121//2023 117//2023 119//2027
f 3410//2023 3412//2028 3413//4439
f 3410//2023 3411//2023 3412//2028
f 3410//2023 3413//4439 3416//2027
f 125//2023 121//2023 123//2028
f 127//2023 117//2023 121//2023
f 127//2023 121//2023 125//2023
f 127//2023 1//2023 113//2023
f 127//2023 113//2023 117//2023
f 3406//2023 3409//2027 3410//2023
f 3406//2023 3408//2023 3409//2027
f 3406//2023 3407//2023 3408//2023
f 3378//2023 127//2023 3377//2028
f 3404//2023 3405//2023 3406//2023
f 3380//2028 3378//2023 3379//2023
f 3381//2023 3432//2023 1//2023
f 3381//2023 127//2023 3378//2023
f 3381//2023 3378//2023 3380//2028
f 3381//2023 1//2023 127//2023
f 3402//2023 3404//2023 3406//2023
f 3402//2023 3403//2023 3404//2023
f 3382//2023 3432//2023 3381//2023
f 3382//2023 3431//2023 3432//2023
f 3400//2028 3401//2023 3402//2023
f 3385//2023 3383//2027 3384//2023
f 3385//2023 3382//2023 3383//2027
f 3397//2023 3399//2023 3400//2028
f 3397//2023 3398//2023 3399//2023
f 3387//4440 3385//2023 3386//2023
f 3389//2023 3387//4440 3388//2023
f 3394//2023 3395//2023 3396//4439
f 3390//2023 3387//4440 3389//2023
f 3390//2023 3382//2023 3385//2023
f 3390//2023 3385//2023 3387//4440
f 3393//2023 3410//2023 3416//2027
f 3393//2023 3396//4439 3397//2023
f 3393//2023 3406//2023 3410//2023
f 3393//2023 3425//2023 3431//2023
f 3393//2023 3431//2023 3382//2023
f 3393//2023 3402//2023 3406//2023
f 3393//2023 3400//2028 3402//2023
f 3393//2023 3394//2023 3396//4439
f 3393//2023 3397//2023 3400//2028
f 3393//2023 3422//2027 3425//2023
f 3393//2023 3417//2023 3422//2027
f 3393//2023 3416//2027 3417//2023
f 3391//2023 3393//2023 3382//2023
f 3391//2023 3382//2023 3390//2023
f 3392//2023 3393//2023 3391//2023
f 165//2023 161//2027 163//2023
f 165//2023 159//2023 161//2027
f 153//2023 157//2023 159//2023
f 153//2023 155//2023 157//2023
f 169//2023 165//2023 167//2023
f 151//2023 159//2023 165//2023
f 151//2023 153//2023 159//2023
f 171//4439 165//2023 169//2023
f 177//4439 173//2023 175//2023
f 177//4439 171//4439 173//2023
f 177//4439 165//2023 171//4439
f 141//2023 147//2023 149//2028
f 141//2023 145//2028 147//2023
f 141//2023 143//2023 145//2028
f 181//2023 177//4439 179//2023
f 181//2023 165//2023 177//4439
f 139//2023 149//2028 151//2023
f 139//2023 141//2023 149//2028
f 185//2023 181//2023 183//2023
f 133//2023 137//2027 139//2023
f 133//2023 135//2028 137//2027
f 189//2023 185//2023 187//2023
f 189//2023 181//2023 185//2023
f 129//2023 131//4440 133//2023
f 129//2023 139//2023 151//2023
f 129//2023 133//2023 139//2023
f 3375//2023 3376//2028 129//2023
f 197//2027 193//2023 195//2023
f 197//2027 191//2028 193//2023
f 197//2027 189//2023 191//2028
f 3372//2023 3374//2023 3375//2023
f 3372//2023 3373//2023 3374//2023
f 3372//2023 3375//2023 129//2023
f 203//2023 199//2023 201//2023
f 203//2023 197//2027 199//2023
f 3370//2028 3372//2023 129//2023
f 3370//2028 3371//2023 3372//2023
f 207//2023 203//2023 205//2023
f 207//2023 197//2027 203//2023
f 207//2023 181//2023 189//2023
f 207//2023 189//2023 197//2027
f 3369//2023 3370//2028 129//2023
f 211//2023 207//2023 209//2023
f 3367//2023 3368//2023 3369//2023
f 3366//4440 3367//2023 3369//2023
f 219//2023 181//2023 207//2023
f 219//2023 215//2027 217//2023
f 219//2023 213//2028 215//2027
f 219//2023 211//2023 213//2028
f 219//2023 207//2023 211//2023
f 219//2023 151//2023 165//2023
f 219//2023 165//2023 181//2023
f 3363//2023 3366//4440 3369//2023
f 3363//2023 3365//2027 3366//4440
f 3363//2023 3364//2023 3365//2027
f 225//2023 221//2027 223//2023
f 225//2023 219//2023 221//2027
f 3360//2027 3362//2028 3363//2023
f 3360//2027 3361//2023 3362//2028
f 229//2023 225//2023 227//2023
f 234//2023 229//2023 231//2023
f 234//2023 225//2023 229//2023
f 234//2023 151//2023 219//2023
f 234//2023 219//2023 225//2023
f 3356//2023 3358//2023 3359//2027
f 3356//2023 3357//2023 3358//2023
f 3355//2023 3356//2023 3359//2027
f 3355//2023 3359//2027 3360//2027
f 241//2023 237//2023 239//2023
f 241//2023 236//2027 237//2023
f 241//2023 234//2023 236//2027
f 241//2023 151//2023 234//2023
f 241//2023 129//2023 151//2023
f 3351//2023 3352//2023 3353//2023
f 245//2023 241//2023 244//2023
f 3350//2023 3353//2023 3354//2027
f 3350//2023 3351//2023 3353//2023
f 251//2023 247//2028 249//2023
f 253//2023 247//2028 251//2023
f 255//2023 245//2023 247//2028
f 255//2023 247//2028 253//2023
f 255//2023 129//2023 241//2023
f 255//2023 241//2023 245//2023
f 3344//2023 3347//2027 3348//4440
f 3344//2023 3346//2023 3347//2027
f 3344//2023 3345//2023 3346//2023
f 3319//2023 3369//2023 129//2023
f 3319//2023 129//2023 255//2023
f 3319//2023 3317//2027 3318//2023
f 3319//2023 3316//4439 3317//2027
f 3319//2023 3315//2023 3316//4439
f 3319//2023 255//2023 3315//2023
f 3340//2023 3342//2028 3343//2023
f 3340//2023 3341//2023 3342//2028
f 3339//2023 3340//2023 3343//2023
f 3339//2023 3343//2023 3344//2023
f 3338//2023 3344//2023 3348//4440
f 3338//2023 3339//2023 3344//2023
f 3338//2023 3349//2028 3350//2023
f 3338//2023 3348//4440 3349//2028
f 3322//2027 3320//2028 3321//2023
f 3323//2023 3320//2028 3322//2027
f 3335//2023 3336//2023 3337//2023
f 3325//4440 3323//2023 3324//2023
f 3334//2027 3337//2023 3338//2023
f 3334//2027 3335//2023 3337//2023
f 3327//2023 3325//4440 3326//2023
f 3328//2023 3319//2023 3320//2028
f 3328//2023 3323//2023 3325//4440
f 3328//2023 3320//2028 3323//2023
f 3328//2023 3325//4440 3327//2023
f 3331//2023 3369//2023 3319//2023
f 3331//2023 3333//2023 3334//2027
f 3331//2023 3332//2023 3333//2023
f 3331//2023 3338//2023 3350//2023
f 3331//2023 3363//2023 3369//2023
f 3331//2023 3334//2027 3338//2023
f 3331//2023 3360//2027 3363//2023
f 3331//2023 3319//2023 3328//2023
f 3331//2023 3350//2023 3354//2027
f 3331//2023 3355//2023 3360//2027
f 3331//2023 3354//2027 3355//2023
f 3330//2023 3328//2023 3329//2023
f 3330//2023 3331//2023 3328//2023
f 293//2034 289//4441 291//2034
f 293//2034 287//2034 289//4441
f 281//4441 285//2034 287//2034
f 281//4441 283//2034 285//2034
f 279//2034 287//2034 293//2034
f 279//2034 281//4441 287//2034
f 299//2034 295//4441 297//2034
f 299//2034 293//2034 295//4441
f 303//2034 299//2034 301//2034
f 305//2034 293//2034 299//2034
f 305//2034 299//2034 303//2034
f 271//2034 277//4441 279//2034
f 271//2034 275//4442 277//4441
f 271//2034 273//2034 275//4442
f 309//2034 305//2034 307//2034
f 309//2034 293//2034 305//2034
f 267//2034 269//4442 271//2034
f 313//2034 309//2034 311//2034
f 261//2034 265//2034 267//2034
f 261//2034 263//4442 265//2034
f 318//2034 313//2034 315//2034
f 318//2034 309//2034 313//2034
f 257//2034 259//2034 261//2034
f 257//2034 267//2034 271//2034
f 257//2034 261//2034 267//2034
f 321//2034 318//2034 319//2034
f 323//4441 318//2034 321//2034
f 3313//2034 3314//2034 257//2034
f 327//2034 323//4441 325//2034
f 3311//2034 3312//4441 3313//2034
f 3310//2034 3311//2034 3313//2034
f 3310//2034 3313//2034 257//2034
f 331//2034 327//2034 329//2034
f 331//2034 323//4441 327//2034
f 331//2034 309//2034 318//2034
f 331//2034 318//2034 323//4441
f 3308//2034 3310//2034 257//2034
f 3308//2034 3309//4441 3310//2034
f 335//4442 331//2034 333//2034
f 3305//2034 3306//2034 3307//2034
f 342//2034 331//2034 335//4442
f 342//2034 309//2034 331//2034
f 342//2034 337//2034 339//4441
f 342//2034 335//4442 337//2034
f 342//2034 293//2034 309//2034
f 3304//2034 3305//2034 3307//2034
f 346//2034 342//2034 343//2034
f 3302//2034 3303//2034 3304//2034
f 347//2034 342//2034 346//2034
f 3301//2034 3304//2034 3307//2034
f 3301//2034 3302//2034 3304//2034
f 352//4441 347//2034 349//4441
f 3298//2034 3300//2034 3301//2034
f 3298//2034 3299//2034 3300//2034
f 357//2034 354//4443 356//2034
f 357//2034 352//4441 354//4443
f 357//2034 293//2034 342//2034
f 357//2034 342//2034 347//2034
f 357//2034 279//2034 293//2034
f 357//2034 347//2034 352//4441
f 362//4442 357//2034 359//2034
f 3293//2034 3297//2034 3298//2034
f 3293//2034 3296//2034 3297//2034
f 3293//2034 3295//4442 3296//2034
f 3293//2034 3294//2034 3295//4442
f 367//2034 363//4442 366//2034
f 367//2034 362//4442 363//4442
f 369//2034 279//2034 357//2034
f 369//2034 357//2034 362//4442
f 369//2034 271//2034 279//2034
f 369//2034 362//4442 367//2034
f 3289//4444 3291//4442 3292//4444
f 3289//4444 3290//2034 3291//4442
f 373//2034 369//2034 371//4442
f 3288//2034 3292//4444 3293//2034
f 3288//2034 3289//4444 3292//4444
f 377//2034 373//2034 376//4444
f 379//2034 373//2034 377//2034
f 3285//2034 3287//4441 3288//2034
f 3285//2034 3286//2034 3287//4441
f 381//4441 373//2034 379//2034
f 384//2034 373//2034 381//4441
f 384//2034 271//2034 369//2034
f 384//2034 369//2034 373//2034
f 384//2034 257//2034 271//2034
f 3281//4442 3284//2034 3285//2034
f 3281//4442 3283//4444 3284//2034
f 3281//4442 3282//2034 3283//4444
f 3279//2034 3280//2034 3281//4442
f 3257//2034 3255//2034 3256//4443
f 3257//2034 3254//2034 3255//2034
f 3257//2034 3253//2034 3254//2034
f 3257//2034 384//2034 3253//2034
f 3278//2034 3279//2034 3281//4442
f 3258//2034 3308//2034 257//2034
f 3258//2034 257//2034 384//2034
f 3258//2034 384//2034 3257//2034
f 3258//2034 3307//2034 3308//2034
f 3276//2034 3277//2034 3278//2034
f 3276//2034 3285//2034 3288//2034
f 3276//2034 3281//4442 3285//2034
f 3276//2034 3278//2034 3281//4442
f 3276//2034 3288//2034 3293//2034
f 3261//2034 3259//4441 3260//2034
f 3261//2034 3258//2034 3259//4441
f 3274//2034 3275//2034 3276//2034
f 3272//2034 3273//2034 3274//2034
f 3272//2034 3274//2034 3276//2034
f 3264//2034 3262//2034 3263//2034
f 3264//2034 3261//2034 3262//2034
f 3265//2034 3261//2034 3264//2034
f 3270//4444 3271//2034 3272//2034
f 3269//2034 3258//2034 3261//2034
f 3269//2034 3307//2034 3258//2034
f 3269//2034 3301//2034 3307//2034
f 3269//2034 3276//2034 3293//2034
f 3269//2034 3272//2034 3276//2034
f 3269//2034 3298//2034 3301//2034
f 3269//2034 3261//2034 3265//2034
f 3269//2034 3270//4444 3272//2034
f 3269//2034 3293//2034 3298//2034
f 3267//2034 3265//2034 3266//2034
f 3267//2034 3269//2034 3265//2034
f 3268//2034 3269//2034 3267//2034
f 421//2034 417//4441 419//2034
f 421//2034 415//2034 417//4441
f 409//4441 413//2034 415//2034
f 409//4441 411//2034 413//2034
f 425//4441 421//2034 423//2034
f 407//2034 415//2034 421//2034
f 407//2034 409//4441 415//2034
f 427//2034 421//2034 425//4441
f 433//2034 429//2034 431//2034
f 433//2034 427//2034 429//2034
f 433//2034 421//2034 427//2034
f 399//2034 405//4441 407//2034
f 399//2034 403//4442 405//4441
f 399//2034 401//2034 403//4442
f 437//4444 433//2034 435//2034
f 395//2034 397//4442 399//2034
f 443//2034 439//4442 441//2034
f 389//2034 393//2034 395//2034
f 389//2034 391//4444 393//2034
f 446//2034 437//4444 439//4442
f 446//2034 433//2034 437//4444
f 446//2034 439//4442 443//2034
f 385//2034 387//2034 389//2034
f 385//2034 395//2034 399//2034
f 385//2034 389//2034 395//2034
f 3251//2034 3252//2034 385//2034
f 453//2034 449//4442 451//2034
f 3249//2034 3250//4441 3251//2034
f 3248//2034 3249//2034 3251//2034
f 3248//2034 3251//2034 385//2034
f 459//2034 455//4441 457//2034
f 461//2034 455//4441 459//2034
f 461//2034 453//2034 455//4441
f 3246//2034 3248//2034 385//2034
f 3246//2034 3247//4441 3248//2034
f 3245//2034 3246//2034 385//2034
f 3243//2034 3244//2034 3245//2034
f 470//2034 465//2034 467//4441
f 470//2034 463//4441 465//2034
f 470//2034 461//2034 463//4441
f 3242//2034 3243//2034 3245//2034
f 3240//2034 3241//2034 3242//2034
f 475//2034 461//2034 470//2034
f 475//2034 471//2034 474//2034
f 475//2034 470//2034 471//2034
f 475//2034 447//2034 449//4442
f 475//2034 446//2034 447//2034
f 475//2034 421//2034 433//2034
f 475//2034 453//2034 461//2034
f 475//2034 433//2034 446//2034
f 475//2034 449//4442 453//2034
f 3239//2034 3242//2034 3245//2034
f 3239//2034 3240//2034 3242//2034
f 480//2034 475//2034 477//4442
f 482//2034 475//2034 480//2034
f 3236//2034 3238//2034 3239//2034
f 3236//2034 3237//2034 3238//2034
f 485//2034 482//2034 484//2034
f 485//2034 421//2034 475//2034
f 485//2034 407//2034 421//2034
f 485//2034 475//2034 482//2034
f 3233//2034 3234//2034 3235//2034
f 3231//2034 3233//2034 3235//2034
f 3231//2034 3235//2034 3236//2034
f 3231//2034 3232//2034 3233//2034
f 3230//2034 3231//2034 3236//2034
f 495//2034 491//4444 494//2034
f 495//2034 490//4442 491//4444
f 495//2034 487//4441 490//4442
f 495//2034 485//2034 487//4441
f 495//2034 407//2034 485//2034
f 495//2034 399//2034 407//2034
f 497//2034 399//2034 495//2034
f 501//2034 497//2034 499//4442
f 3226//2034 3229//2034 3230//2034
f 3226//2034 3228//4441 3229//2034
f 3226//2034 3227//4441 3228//4441
f 3224//4441 3225//2034 3226//2034
f 507//2034 504//4441 505//2034
f 507//2034 501//2034 504//4441
f 512//2034 501//2034 507//2034
f 512//2034 507//2034 509//2034
f 512//2034 399//2034 497//2034
f 512//2034 497//2034 501//2034
f 3221//4442 3223//2034 3224//4441
f 3221//4442 3222//2034 3223//2034
f 3220//2034 3224//4441 3226//2034
f 3220//2034 3221//4442 3224//4441
f 3220//2034 3226//2034 3230//2034
f 3192//2034 512//2034 3191//2034
f 3194//2034 3192//2034 3193//2034
f 3217//2034 3218//2034 3219//4443
f 3195//2034 399//2034 512//2034
f 3195//2034 512//2034 3192//2034
f 3195//2034 3245//2034 385//2034
f 3195//2034 3192//2034 3194//2034
f 3195//2034 385//2034 399//2034
f 3216//2034 3217//2034 3219//4443
f 3214//2034 3215//2034 3216//2034
f 3214//2034 3216//2034 3219//4443
f 3214//2034 3219//4443 3220//2034
f 3199//2034 3197//4441 3198//2034
f 3199//2034 3196//4442 3197//4441
f 3199//2034 3195//2034 3196//4442
f 3212//2034 3213//2034 3214//2034
f 3210//2034 3211//2034 3212//2034
f 3210//2034 3212//2034 3214//2034
f 3202//2034 3200//2034 3201//2034
f 3202//2034 3199//2034 3200//2034
f 3204//2034 3202//2034 3203//2034
f 3204//2034 3199//2034 3202//2034
f 3207//2034 3209//4444 3210//2034
f 3207//2034 3208//2034 3209//4444
f 3207//2034 3220//2034 3230//2034
f 3207//2034 3214//2034 3220//2034
f 3207//2034 3245//2034 3195//2034
f 3207//2034 3195//2034 3199//2034
f 3207//2034 3239//2034 3245//2034
f 3207//2034 3236//2034 3239//2034
f 3207//2034 3210//2034 3214//2034
f 3207//2034 3230//2034 3236//2034
f 3207//2034 3199//2034 3204//2034
f 3206//2034 3204//2034 3205//2034
f 3206//2034 3207//2034 3204//2034
f 3439//4445 3440//4445 3441//4445
f 3439//4445 3442//4445 3440//4445
f 3443//4446 3441//4446 3444//4446
f 3443//4446 3439//4446 3441//4446
f 3445//4447 3444//4447 3446//4447
f 3445//4447 3443//4447 3444//4447
f 3447//4448 3446//4449 3448//4449
f 3447//4448 3445//4448 3446//4449
f 3449//4450 3448//4451 3450//4451
f 3449//4450 3447//4450 3448//4451
f 3451//4452 3450//4452 3452//4452
f 3451//4452 3449//4452 3450//4452
f 3453//4453 3452//4453 3454//4453
f 3453//4453 3451//4453 3452//4453
f 3455//4454 3456//4454 3457//4454
f 3455//4455 3454//4455 3456//4455
f 3455//4455 3453//4455 3454//4455
f 3458//4456 3457//4456 3459//4456
f 3458//4457 3455//4454 3457//4454
f 3460//4456 3458//4456 3459//4456
f 3461//4458 3459//4458 3462//4458
f 3461//4458 3460//4458 3459//4458
f 3463//4459 3462//4459 3464//4459
f 3463//4459 3461//4459 3462//4459
f 3465//4460 3464//4460 3466//4460
f 3465//4460 3463//4460 3464//4460
f 3467//4461 3468//4461 3469//4461
f 3467//4461 3470//4461 3468//4461
f 3471//4462 3469//4462 3472//4462
f 3471//4462 3467//4462 3469//4462
f 3473//4463 3472//4463 3474//4463
f 3473//4463 3471//4463 3472//4463
f 3475//4464 3474//4464 3476//4464
f 3475//4464 3473//4464 3474//4464
f 3477//4465 3476//4465 3478//4465
f 3477//4465 3475//4465 3476//4465
f 3479//4466 3478//4466 3480//4466
f 3479//4466 3477//4466 3478//4466
f 3481//4467 3480//4467 3482//4467
f 3481//4467 3479//4467 3480//4467
f 3483//4468 3482//4468 3484//4468
f 3483//4468 3481//4468 3482//4468
f 3485//4469 3484//4469 3486//4469
f 3485//4469 3483//4469 3484//4469
f 3487//4470 3486//4470 3488//4470
f 3487//4470 3485//4470 3486//4470
f 3489//4471 3488//4471 3490//4471
f 3489//4471 3487//4471 3488//4471
f 3491//4472 3492//4472 3493//4472
f 3491//4473 3490//4473 3492//4473
f 3491//4473 3489//4473 3490//4473
f 3494//4472 3491//4472 3493//4472
f 3495//4474 3493//4474 3496//4474
f 3495//4474 3494//4474 3493//4474
f 3497//4475 3495//4475 3496//4475
f 3497//4475 3496//4475 3498//4475
f 3499//4476 3497//4476 3498//4476
f 3499//4476 3498//4476 3500//4476
f 3501//4477 3500//4477 3502//4477
f 3501//4477 3499//4477 3500//4477
f 3503//4478 3502//4478 3504//4478
f 3503//4478 3501//4478 3502//4478
f 3505//4479 3503//4479 3504//4479
f 3505//4479 3504//4479 3506//4479
f 3507//4480 3506//4480 3508//4480
f 3507//4480 3505//4480 3506//4480
f 3509//4481 3508//4481 3510//4481
f 3509//4481 3507//4481 3508//4481
f 3511//4482 3510//4482 3512//4482
f 3511//4482 3509//4482 3510//4482
f 3513//4483 3512//4483 3514//4483
f 3513//4483 3511//4483 3512//4483
f 3515//4484 3514//4484 3516//4484
f 3515//4484 3513//4484 3514//4484
f 3517//4485 3516//4485 3518//4485
f 3517//4485 3515//4485 3516//4485
f 3519//4486 3518//4486 3520//4486
f 3519//4486 3517//4486 3518//4486
f 3521//4487 3520//4487 3522//4487
f 3521//4487 3519//4487 3520//4487
f 3523//4488 3522//4488 3524//4488
f 3523//4488 3521//4488 3522//4488
f 3525//4489 3524//4490 3526//4490
f 3525//4489 3523//4489 3524//4490
f 3527//4491 3526//4491 3528//4491
f 3527//4491 3525//4491 3526//4491
f 3529//4492 3528//4492 3530//4492
f 3529//4492 3527//4492 3528//4492
f 3531//4493 3532//4493 3533//4493
f 3531//4494 3530//4494 3532//4494
f 3531//4494 3529//4494 3530//4494
f 3534//4493 3531//4493 3533//4493
f 3535//4495 3536//4495 3537//4495
f 3535//4496 3533//4496 3536//4497
f 3535//4496 3534//4496 3533//4496
f 3538//4495 3535//4495 3537//4495
f 3470//4498 3537//4498 3468//4498
f 3470//4498 3538//4498 3537//4498
f 3539//2034 3533//2034 3532//2034
f 3539//2034 3532//2034 3530//2034
f 3540//2034 3530//2034 3528//2034
f 3540//2034 3539//2034 3530//2034
f 3541//2034 3536//2034 3533//2034
f 3541//2034 3533//2034 3539//2034
f 3542//2034 3528//2034 3526//2034
f 3542//2034 3526//2034 3524//2034
f 3542//2034 3540//2034 3528//2034
f 3543//2034 3537//2034 3536//2034
f 3543//2034 3536//2034 3541//2034
f 3544//2034 3524//2034 3522//2034
f 3544//2034 3542//2034 3524//2034
f 3442//2034 3468//2034 3537//2034
f 3442//2034 3469//2034 3468//2034
f 3442//2034 3537//2034 3543//2034
f 3545//2034 3522//2034 3520//2034
f 3545//2034 3544//2034 3522//2034
f 3439//2034 3472//2034 3469//2034
f 3439//2034 3469//2034 3442//2034
f 3546//2034 3545//2034 3520//2034
f 3546//2034 3520//2034 3518//2034
f 3546//2034 3518//2034 3516//2034
f 3443//2034 3474//2034 3472//2034
f 3443//2034 3472//2034 3439//2034
f 3547//2034 3516//2034 3514//2034
f 3547//2034 3546//2034 3516//2034
f 3445//2034 3476//2034 3474//2034
f 3445//2034 3474//2034 3443//2034
f 3548//2034 3547//2034 3514//2034
f 3478//2034 3445//2034 3447//2034
f 3478//2034 3476//2034 3445//2034
f 3512//2034 3548//2034 3514//2034
f 3510//2034 3548//2034 3512//2034
f 3510//2034 3549//2034 3548//2034
f 3480//2034 3478//2034 3447//2034
f 3480//2034 3447//2034 3449//2034
f 3482//2034 3480//2034 3449//2034
f 3508//2034 3549//2034 3510//2034
f 3508//2034 3550//2034 3549//2034
f 3506//2034 3465//2034 3550//2034
f 3506//2034 3550//2034 3508//2034
f 3484//2034 3482//2034 3449//2034
f 3484//2034 3449//2034 3451//2034
f 3486//2034 3451//2034 3453//2034
f 3486//2034 3484//2034 3451//2034
f 3504//2034 3465//2034 3506//2034
f 3488//2034 3453//2034 3455//2034
f 3488//2034 3486//2034 3453//2034
f 3502//2034 3463//2034 3465//2034
f 3502//2034 3465//2034 3504//2034
f 3490//2034 3488//2034 3455//2034
f 3500//2034 3463//2034 3502//2034
f 3500//2034 3461//2034 3463//2034
f 3492//2034 3455//2034 3458//2034
f 3492//2034 3490//2034 3455//2034
f 3498//2034 3460//2034 3461//2034
f 3498//2034 3461//2034 3500//2034
f 3493//2034 3458//2034 3460//2034
f 3493//2034 3492//2034 3458//2034
f 3496//2034 3493//2034 3460//2034
f 3496//2034 3460//2034 3498//2034
f 3534//2023 3535//2023 3531//2023
f 3531//2023 3535//2023 3529//2023
f 3529//2023 3535//2023 3527//2023
f 3470//2023 3467//2023 3538//2023
f 3473//2027 3475//2023 3471//2023
f 3471//2023 3475//2023 3467//2023
f 3538//2023 3475//2023 3535//2023
f 3467//2023 3475//2023 3538//2023
f 3479//2023 3481//2023 3477//2023
f 3477//2023 3481//2023 3475//2023
f 3535//2023 3481//2023 3527//2023
f 3475//2023 3481//2023 3535//2023
f 3483//2023 3485//2023 3481//2023
f 3527//2023 3485//2023 3525//2023
f 3481//2023 3485//2023 3527//2023
f 3507//2023 3503//2023 3505//2023
f 3485//2023 3487//2023 3525//2023
f 3507//2023 3501//2023 3503//2023
f 3525//2023 3489//2023 3523//2023
f 3523//2023 3489//2023 3521//2023
f 3521//2023 3489//2023 3519//2023
f 3519//2023 3489//2023 3517//2023
f 3517//2023 3489//2023 3515//2023
f 3515//2023 3489//2023 3513//2023
f 3513//2023 3489//2023 3511//2023
f 3487//2023 3489//2023 3525//2023
f 3511//2023 3499//2023 3509//2023
f 3509//2023 3499//2023 3507//2023
f 3507//2023 3499//2023 3501//2023
f 3499//2023 3494//2023 3497//2023
f 3497//2023 3494//2023 3495//2027
f 3491//2023 3494//2023 3489//2023
f 3511//2023 3494//2023 3499//2023
f 3489//2023 3494//2023 3511//2023
f 3550//4499 3465//4499 3466//4499
f 3550//4499 3466//4499 3551//4499
f 3549//4500 3551//4500 3552//4500
f 3549//4500 3550//4500 3551//4500
f 3548//4501 3552//4501 3553//4501
f 3548//4501 3549//4501 3552//4501
f 3547//4502 3553//4502 3554//4502
f 3547//4502 3548//4502 3553//4502
f 3546//4503 3554//4504 3555//4504
f 3546//4503 3547//4503 3554//4504
f 3545//4505 3555//4505 3556//4505
f 3545//4505 3546//4505 3555//4505
f 3544//4506 3556//4506 3557//4506
f 3544//4506 3545//4506 3556//4506
f 3542//4507 3557//4507 3558//4507
f 3542//4507 3544//4507 3557//4507
f 3540//4508 3559//4508 3560//4508
f 3540//4509 3558//4509 3559//4509
f 3540//4509 3542//4510 3558//4509
f 3539//4508 3540//4508 3560//4508
f 3541//4511 3560//4511 3561//4511
f 3541//4511 3539//4511 3560//4511
f 3543//4512 3561//4512 3562//4512
f 3543//4512 3541//4512 3561//4512
f 3442//4513 3562//4513 3440//4513
f 3442//4513 3543//4513 3562//4513
f 3446//2034 3444//2034 3441//2034
f 3552//2034 3554//2034 3553//2034
f 3551//2034 3554//2034 3552//2034
f 3456//2034 3454//4441 3452//2034
f 3456//2034 3452//2034 3450//2034
f 3462//2034 3466//2034 3464//2034
f 3459//2034 3440//2034 3562//2034
f 3459//2034 3562//2034 3561//2034
f 3459//2034 3561//2034 3560//2034
f 3459//2034 3560//2034 3559//2034
f 3459//2034 3559//2034 3558//2034
f 3459//2034 3558//2034 3557//2034
f 3459//2034 3557//2034 3556//2034
f 3459//2034 3556//2034 3555//2034
f 3459//2034 3555//2034 3554//2034
f 3459//2034 3551//2034 3466//2034
f 3459//2034 3457//2034 3456//2034
f 3459//2034 3450//2034 3448//2034
f 3459//2034 3448//2034 3446//2034
f 3459//2034 3441//2034 3440//2034
f 3459//2034 3554//2034 3551//2034
f 3459//2034 3446//2034 3441//2034
f 3459//2034 3456//2034 3450//2034
f 3459//2034 3466//2034 3462//2034
f 3563//4514 3564//4514 3565//4514
f 3563//4514 3566//4514 3564//4514
f 3567//4515 3565//4516 3568//4516
f 3567//4515 3563//4515 3565//4516
f 3569//4517 3568//4517 3570//4517
f 3569//4517 3567//4517 3568//4517
f 3571//4518 3570//4518 3572//4518
f 3571//4518 3569//4518 3570//4518
f 3573//4519 3572//4519 3574//4520
f 3573//4519 3571//4519 3572//4519
f 3575//4521 3574//4521 3576//4521
f 3575//4521 3573//4521 3574//4521
f 3577//4522 3576//4522 3578//4522
f 3577//4522 3575//4522 3576//4522
f 3579//4523 3580//4523 3581//4523
f 3579//4524 3578//4525 3580//4525
f 3579//4524 3577//4524 3578//4525
f 3582//4526 3581//4526 3583//4526
f 3582//4523 3579//4523 3581//4523
f 3584//4526 3582//4526 3583//4526
f 3585//4527 3583//4527 3586//4527
f 3585//4527 3584//4527 3583//4527
f 3587//4528 3586//4528 3588//4528
f 3587//4528 3585//4528 3586//4528
f 3589//4529 3588//4529 3590//4529
f 3589//4529 3587//4529 3588//4529
f 3591//4530 3592//4530 3593//4530
f 3591//4530 3594//4531 3592//4530
f 3595//4532 3593//4532 3596//4532
f 3595//4532 3591//4532 3593//4532
f 3597//4533 3596//4533 3598//4533
f 3597//4533 3595//4533 3596//4533
f 3599//4534 3598//4534 3600//4534
f 3599//4534 3597//4534 3598//4534
f 3601//4535 3600//4535 3602//4535
f 3601//4535 3599//4535 3600//4535
f 3603//4536 3602//4536 3604//4536
f 3603//4536 3601//4536 3602//4536
f 3605//4537 3604//4537 3606//4537
f 3605//4537 3603//4537 3604//4537
f 3607//4538 3606//4538 3608//4538
f 3607//4538 3605//4538 3606//4538
f 3609//4539 3608//4539 3610//4540
f 3609//4539 3607//4539 3608//4539
f 3611//4541 3610//4541 3612//4541
f 3611//4541 3609//4541 3610//4541
f 3613//4542 3612//4542 3614//4542
f 3613//4542 3611//4542 3612//4542
f 3615//4543 3616//4543 3617//4543
f 3615//4544 3614//4544 3616//4544
f 3615//4544 3613//4544 3614//4544
f 3618//4543 3615//4543 3617//4543
f 3619//4545 3617//4545 3620//4545
f 3619//4545 3618//4545 3617//4545
f 3621//4546 3619//4546 3620//4546
f 3621//4546 3620//4546 3622//4546
f 3623//4547 3621//4547 3622//4547
f 3623//4547 3622//4547 3624//4547
f 3625//4548 3624//4548 3626//4548
f 3625//4548 3623//4548 3624//4548
f 3627//4549 3626//4549 3628//4549
f 3627//4549 3625//4549 3626//4549
f 3629//4550 3627//4550 3628//4550
f 3629//4550 3628//4550 3630//4550
f 3631//4551 3630//4551 3632//4551
f 3631//4551 3629//4551 3630//4551
f 3633//4552 3632//4552 3634//4552
f 3633//4552 3631//4552 3632//4552
f 3635//4553 3634//4553 3636//4553
f 3635//4553 3633//4553 3634//4553
f 3637//4554 3636//4554 3638//4554
f 3637//4554 3635//4554 3636//4554
f 3639//4555 3638//4555 3640//4555
f 3639//4555 3637//4555 3638//4555
f 3641//4556 3640//4556 3642//4556
f 3641//4556 3639//4556 3640//4556
f 3643//4557 3642//4557 3644//4557
f 3643//4557 3641//4557 3642//4557
f 3645//4558 3644//4558 3646//4558
f 3645//4558 3643//4559 3644//4558
f 3647//4560 3646//4560 3648//4560
f 3647//4560 3645//4560 3646//4560
f 3649//4561 3648//4561 3650//4561
f 3649//4561 3647//4561 3648//4561
f 3651//4562 3650//4562 3652//4562
f 3651//4562 3649//4562 3650//4562
f 3653//4563 3652//4563 3654//4563
f 3653//4563 3651//4563 3652//4563
f 3655//4564 3656//4564 3657//4564
f 3655//4565 3654//4565 3656//4565
f 3655//4565 3653//4565 3654//4565
f 3658//4564 3655//4564 3657//4564
f 3659//4566 3660//4566 3661//4566
f 3659//4567 3657//4567 3660//4567
f 3659//4567 3658//4567 3657//4567
f 3662//4566 3659//4566 3661//4566
f 3594//4568 3661//4568 3592//4568
f 3594//4568 3662//4568 3661//4568
f 3663//2034 3657//2034 3656//2034
f 3663//2034 3656//2034 3654//2034
f 3664//2034 3654//2034 3652//2034
f 3664//2034 3663//2034 3654//2034
f 3665//2034 3660//2034 3657//2034
f 3665//2034 3657//2034 3663//2034
f 3666//2034 3652//2034 3650//2034
f 3666//2034 3650//2034 3648//2034
f 3666//2034 3664//2034 3652//2034
f 3667//2034 3661//2034 3660//2034
f 3667//2034 3660//2034 3665//2034
f 3668//2034 3648//2034 3646//2034
f 3668//2034 3666//2034 3648//2034
f 3566//2034 3592//2034 3661//2034
f 3566//2034 3593//2034 3592//2034
f 3566//2034 3661//2034 3667//2034
f 3669//2034 3646//2034 3644//2034
f 3669//2034 3668//2034 3646//2034
f 3563//2034 3596//2034 3593//2034
f 3563//2034 3593//2034 3566//2034
f 3670//2034 3669//2034 3644//2034
f 3670//2034 3644//2034 3642//2034
f 3670//2034 3642//2034 3640//2034
f 3567//2034 3598//2034 3596//2034
f 3567//2034 3596//2034 3563//2034
f 3671//2034 3640//2034 3638//2034
f 3671//2034 3670//2034 3640//2034
f 3569//2034 3600//2034 3598//2034
f 3569//2034 3598//2034 3567//2034
f 3672//2034 3671//2034 3638//2034
f 3602//2034 3569//2034 3571//2034
f 3602//2034 3600//2034 3569//2034
f 3636//2034 3672//2034 3638//2034
f 3634//2034 3672//2034 3636//2034
f 3634//2034 3673//2034 3672//2034
f 3604//2034 3602//2034 3571//2034
f 3604//2034 3571//2034 3573//2034
f 3606//2034 3604//2034 3573//2034
f 3632//2034 3673//2034 3634//2034
f 3632//2034 3674//2034 3673//2034
f 3630//2034 3589//2034 3674//2034
f 3630//2034 3674//2034 3632//2034
f 3608//2034 3606//2034 3573//2034
f 3608//2034 3573//2034 3575//2034
f 3610//2034 3575//2034 3577//2034
f 3610//2034 3608//2034 3575//2034
f 3628//2034 3589//2034 3630//2034
f 3612//2034 3577//2034 3579//2034
f 3612//2034 3610//2034 3577//2034
f 3626//2034 3587//2034 3589//2034
f 3626//2034 3589//2034 3628//2034
f 3614//2034 3612//2034 3579//2034
f 3624//2034 3587//2034 3626//2034
f 3624//2034 3585//2034 3587//2034
f 3616//2034 3579//2034 3582//2034
f 3616//2034 3614//2034 3579//2034
f 3622//2034 3584//2034 3585//2034
f 3622//2034 3585//2034 3624//2034
f 3617//2034 3582//2034 3584//2034
f 3617//2034 3616//2034 3582//2034
f 3620//2034 3617//2034 3584//2034
f 3620//2034 3584//2034 3622//2034
f 3658//2027 3659//2023 3655//2023
f 3655//2023 3659//2023 3653//2023
f 3653//2023 3659//2023 3651//2023
f 3594//2028 3591//2023 3662//2023
f 3597//2023 3599//2023 3595//2023
f 3595//2023 3599//2023 3591//2023
f 3662//2023 3599//2023 3659//2023
f 3591//2023 3599//2023 3662//2023
f 3603//2023 3605//2023 3601//2023
f 3601//2023 3605//2023 3599//2023
f 3659//2023 3605//2023 3651//2023
f 3599//2023 3605//2023 3659//2023
f 3607//2023 3609//2023 3605//2023
f 3651//2023 3609//2023 3649//2023
f 3605//2023 3609//2023 3651//2023
f 3631//2023 3627//2023 3629//2023
f 3609//2023 3611//2023 3649//2023
f 3631//2023 3625//2023 3627//2023
f 3649//2023 3613//2023 3647//2023
f 3647//2023 3613//2023 3645//2023
f 3645//2023 3613//2023 3643//2023
f 3643//2023 3613//2023 3641//2023
f 3641//2023 3613//2023 3639//2023
f 3639//2023 3613//2023 3637//2023
f 3637//2023 3613//2023 3635//2023
f 3611//2023 3613//2023 3649//2023
f 3635//2023 3623//2023 3633//2023
f 3633//2023 3623//2023 3631//2023
f 3631//2023 3623//2023 3625//2023
f 3623//2023 3618//2023 3621//2023
f 3621//2023 3618//2023 3619//2023
f 3615//2023 3618//2023 3613//2023
f 3635//2023 3618//2023 3623//2023
f 3613//2023 3618//2023 3635//2023
f 3674//4569 3589//4569 3590//4569
f 3674//4569 3590//4569 3675//4569
f 3673//4570 3675//4570 3676//4570
f 3673//4570 3674//4570 3675//4570
f 3672//4571 3676//4571 3677//4571
f 3672//4571 3673//4571 3676//4571
f 3671//4572 3677//4572 3678//4572
f 3671//4572 3672//4572 3677//4572
f 3670//4573 3678//4573 3679//4573
f 3670//4573 3671//4573 3678//4573
f 3669//4574 3679//4574 3680//4574
f 3669//4574 3670//4574 3679//4574
f 3668//4575 3680//4575 3681//4575
f 3668//4575 3669//4575 3680//4575
f 3666//4576 3681//4577 3682//4577
f 3666//4576 3668//4576 3681//4577
f 3664//4578 3683//4578 3684//4578
f 3664//4579 3682//4579 3683//4579
f 3664//4579 3666//4579 3682//4579
f 3663//4578 3664//4578 3684//4578
f 3665//4580 3684//4580 3685//4580
f 3665//4580 3663//4580 3684//4580
f 3667//4581 3685//4581 3686//4581
f 3667//4581 3665//4581 3685//4581
f 3566//4582 3686//4582 3564//4582
f 3566//4582 3667//4582 3686//4582
f 3570//2034 3568//2034 3565//2034
f 3676//2034 3678//2034 3677//2034
f 3675//2034 3678//2034 3676//2034
f 3580//2034 3578//4441 3576//2034
f 3580//2034 3576//2034 3574//2034
f 3586//2034 3590//2034 3588//2034
f 3583//2034 3564//2034 3686//2034
f 3583//2034 3686//2034 3685//2034
f 3583//2034 3685//2034 3684//2034
f 3583//2034 3684//2034 3683//2034
f 3583//2034 3683//2034 3682//2034
f 3583//2034 3682//2034 3681//2034
f 3583//2034 3681//2034 3680//2034
f 3583//2034 3680//2034 3679//2034
f 3583//2034 3679//2034 3678//2034
f 3583//2034 3675//2034 3590//2034
f 3583//2034 3581//2034 3580//2034
f 3583//2034 3574//2034 3572//2034
f 3583//2034 3572//2034 3570//2034
f 3583//2034 3565//2034 3564//2034
f 3583//2034 3678//2034 3675//2034
f 3583//2034 3570//2034 3565//2034
f 3583//2034 3580//2034 3574//2034
f 3583//2034 3590//2034 3586//2034
f 3687//4583 3688//4583 3689//4583
f 3687//4583 3690//4583 3688//4583
f 3691//4584 3689//4584 3692//4584
f 3691//4584 3687//4584 3689//4584
f 3693//4585 3692//4585 3694//4585
f 3693//4585 3691//4585 3692//4585
f 3695//4586 3694//4586 3696//4586
f 3695//4586 3693//4586 3694//4586
f 3697//4587 3696//4588 3698//4588
f 3697//4587 3695//4587 3696//4588
f 3699//4589 3698//4589 3700//4589
f 3699//4589 3697//4589 3698//4589
f 3701//4590 3700//4590 3702//4590
f 3701//4590 3699//4590 3700//4590
f 3703//4591 3704//4591 3705//4591
f 3703//4592 3702//4592 3704//4592
f 3703//4592 3701//4592 3702//4592
f 3706//4593 3705//4594 3707//4594
f 3706//4591 3703//4591 3705//4591
f 3708//4593 3706//4593 3707//4594
f 3709//4595 3707//4595 3710//4595
f 3709//4595 3708//4595 3707//4595
f 3711//4596 3710//4596 3712//4596
f 3711//4596 3709//4596 3710//4596
f 3713//4597 3712//4597 3714//4597
f 3713//4597 3711//4597 3712//4597
f 3715//4598 3716//4598 3717//4598
f 3715//4598 3718//4598 3716//4598
f 3719//4599 3717//4599 3720//4599
f 3719//4599 3715//4599 3717//4599
f 3721//4600 3720//4600 3722//4600
f 3721//4600 3719//4600 3720//4600
f 3723//4601 3722//4601 3724//4601
f 3723//4601 3721//4601 3722//4601
f 3725//4602 3724//4602 3726//4602
f 3725//4602 3723//4602 3724//4602
f 3727//4603 3726//4603 3728//4603
f 3727//4603 3725//4603 3726//4603
f 3729//4604 3728//4604 3730//4604
f 3729//4604 3727//4604 3728//4604
f 3731//4605 3730//4605 3732//4605
f 3731//4605 3729//4605 3730//4605
f 3733//4606 3732//4606 3734//4606
f 3733//4606 3731//4606 3732//4606
f 3735//4607 3734//4607 3736//4607
f 3735//4607 3733//4607 3734//4607
f 3737//4608 3736//4608 3738//4608
f 3737//4608 3735//4608 3736//4608
f 3739//4609 3740//4609 3741//4609
f 3739//4610 3738//4610 3740//4610
f 3739//4610 3737//4610 3738//4610
f 3742//4609 3739//4609 3741//4609
f 3743//4611 3741//4611 3744//4611
f 3743//4611 3742//4611 3741//4611
f 3745//4612 3743//4612 3744//4612
f 3745//4612 3744//4612 3746//4612
f 3747//4613 3745//4613 3746//4613
f 3747//4613 3746//4613 3748//4613
f 3749//4614 3748//4614 3750//4614
f 3749//4614 3747//4615 3748//4614
f 3751//4616 3750//4616 3752//4616
f 3751//4616 3749//4616 3750//4616
f 3753//4617 3751//4617 3752//4617
f 3753//4617 3752//4617 3754//4617
f 3755//4618 3754//4618 3756//4618
f 3755//4618 3753//4618 3754//4618
f 3757//4619 3756//4619 3758//4619
f 3757//4619 3755//4619 3756//4619
f 3759//4620 3758//4620 3760//4620
f 3759//4620 3757//4620 3758//4620
f 3761//4621 3760//4621 3762//4621
f 3761//4621 3759//4621 3760//4621
f 3763//4622 3762//4622 3764//4622
f 3763//4622 3761//4622 3762//4622
f 3765//4623 3764//4623 3766//4623
f 3765//4623 3763//4623 3764//4623
f 3767//4624 3766//4624 3768//4624
f 3767//4624 3765//4624 3766//4624
f 3769//4625 3768//4625 3770//4625
f 3769//4625 3767//4626 3768//4625
f 3771//4627 3770//4627 3772//4627
f 3771//4627 3769//4627 3770//4627
f 3773//4628 3772//4628 3774//4628
f 3773//4628 3771//4628 3772//4628
f 3775//4629 3774//4629 3776//4629
f 3775//4629 3773//4629 3774//4629
f 3777//4630 3776//4630 3778//4630
f 3777//4630 3775//4630 3776//4630
f 3779//4631 3780//4631 3781//4631
f 3779//4632 3778//4632 3780//4632
f 3779//4632 3777//4632 3778//4632
f 3782//4631 3779//4631 3781//4631
f 3783//4633 3784//4633 3785//4633
f 3783//4634 3781//4634 3784//4634
f 3783//4634 3782//4634 3781//4634
f 3786//4635 3783//4633 3785//4633
f 3718//4636 3785//4636 3716//4636
f 3718//4636 3786//4636 3785//4636
f 3787//2023 3781//2023 3780//2023
f 3787//2023 3780//2023 3778//2023
f 3788//2023 3778//2023 3776//2023
f 3788//2023 3787//2023 3778//2023
f 3789//2023 3784//2023 3781//2023
f 3789//2023 3781//2023 3787//2023
f 3790//2023 3776//2023 3774//2023
f 3790//2023 3774//2023 3772//2023
f 3790//2023 3788//2023 3776//2023
f 3791//2023 3785//2023 3784//2023
f 3791//2023 3784//2023 3789//2023
f 3792//2023 3772//2023 3770//2023
f 3792//2023 3790//2023 3772//2023
f 3690//2023 3716//2023 3785//2023
f 3690//2023 3717//2023 3716//2023
f 3690//2023 3785//2023 3791//2023
f 3793//2023 3770//2023 3768//2023
f 3793//2023 3792//2023 3770//2023
f 3687//2023 3720//2023 3717//2023
f 3687//2023 3717//2023 3690//2023
f 3794//2023 3793//2023 3768//2023
f 3794//2023 3768//2023 3766//2023
f 3794//2023 3766//2023 3764//2023
f 3691//2023 3722//2023 3720//2023
f 3691//2023 3720//2023 3687//2023
f 3795//2023 3764//2023 3762//2023
f 3795//2023 3794//2023 3764//2023
f 3693//2023 3724//2023 3722//2023
f 3693//2023 3722//2023 3691//2023
f 3796//2023 3795//2023 3762//2023
f 3726//2023 3693//2023 3695//2023
f 3726//2023 3724//2023 3693//2023
f 3760//2023 3796//2023 3762//2023
f 3758//2023 3796//2023 3760//2023
f 3758//2023 3797//2023 3796//2023
f 3728//2023 3726//2023 3695//2023
f 3728//2023 3695//2023 3697//2023
f 3730//2023 3728//2023 3697//2023
f 3756//2023 3797//2023 3758//2023
f 3756//2023 3798//2023 3797//2023
f 3754//2023 3713//2023 3798//2023
f 3754//2023 3798//2023 3756//2023
f 3732//2023 3730//2023 3697//2023
f 3732//2023 3697//2023 3699//2023
f 3734//2023 3699//2023 3701//2023
f 3734//2023 3732//2023 3699//2023
f 3752//2023 3713//2023 3754//2023
f 3736//2023 3701//2023 3703//2023
f 3736//2023 3734//2023 3701//2023
f 3750//2023 3711//2023 3713//2023
f 3750//2023 3713//2023 3752//2023
f 3738//2023 3736//2023 3703//2023
f 3748//2023 3711//2023 3750//2023
f 3748//2023 3709//2023 3711//2023
f 3740//2023 3703//2023 3706//2023
f 3740//2023 3738//2023 3703//2023
f 3746//2023 3708//2023 3709//2023
f 3746//2023 3709//2023 3748//2023
f 3741//2023 3706//2023 3708//2023
f 3741//2023 3740//2023 3706//2023
f 3744//2023 3741//2023 3708//2023
f 3744//2023 3708//2023 3746//2023
f 3782//2034 3783//2034 3779//2034
f 3779//2034 3783//2034 3777//2034
f 3777//2034 3783//2034 3775//2034
f 3718//2034 3715//2034 3786//2034
f 3721//2034 3723//2034 3719//2034
f 3719//2034 3723//2034 3715//2034
f 3786//2034 3723//2034 3783//2034
f 3715//2034 3723//2034 3786//2034
f 3727//2034 3729//2034 3725//2034
f 3725//2034 3729//2034 3723//2034
f 3783//2034 3729//2034 3775//2034
f 3723//2034 3729//2034 3783//2034
f 3731//2034 3733//2034 3729//2034
f 3775//2034 3733//2034 3773//2034
f 3729//2034 3733//2034 3775//2034
f 3755//2034 3751//2034 3753//2034
f 3733//2034 3735//2034 3773//2034
f 3755//2034 3749//2034 3751//2034
f 3773//2034 3737//2034 3771//2034
f 3771//2034 3737//2034 3769//2034
f 3769//2034 3737//2034 3767//2034
f 3767//2034 3737//2034 3765//2034
f 3765//2034 3737//2034 3763//2034
f 3763//2034 3737//2034 3761//2034
f 3761//2034 3737//2034 3759//2034
f 3735//2034 3737//2034 3773//2034
f 3759//2034 3747//2034 3757//2034
f 3757//2034 3747//2034 3755//2034
f 3755//2034 3747//2034 3749//2034
f 3747//2034 3742//2034 3745//2034
f 3745//2034 3742//2034 3743//2034
f 3739//2034 3742//2034 3737//2034
f 3759//2034 3742//2034 3747//2034
f 3737//2034 3742//2034 3759//2034
f 3798//4637 3713//4637 3714//4637
f 3798//4637 3714//4637 3799//4637
f 3797//4638 3799//4638 3800//4638
f 3797//4638 3798//4638 3799//4638
f 3796//4639 3800//4639 3801//4639
f 3796//4639 3797//4639 3800//4639
f 3795//4640 3801//4640 3802//4640
f 3795//4640 3796//4640 3801//4640
f 3794//4641 3802//4641 3803//4641
f 3794//4641 3795//4641 3802//4641
f 3793//4642 3803//4642 3804//4642
f 3793//4642 3794//4642 3803//4642
f 3792//4643 3804//4643 3805//4643
f 3792//4643 3793//4643 3804//4643
f 3790//4644 3805//4644 3806//4644
f 3790//4644 3792//4644 3805//4644
f 3788//4645 3807//4646 3808//4646
f 3788//4647 3806//4647 3807//4647
f 3788//4647 3790//4647 3806//4647
f 3787//4645 3788//4645 3808//4646
f 3789//4648 3808//4648 3809//4648
f 3789//4648 3787//4648 3808//4648
f 3791//4649 3809//4649 3810//4649
f 3791//4649 3789//4649 3809//4649
f 3690//4650 3810//4650 3688//4650
f 3690//4650 3791//4650 3810//4650
f 3694//2023 3692//2023 3689//2023
f 3800//2023 3802//2023 3801//2023
f 3799//2023 3802//2023 3800//2023
f 3704//2023 3702//2023 3700//2023
f 3704//2023 3700//2023 3698//2023
f 3710//2023 3714//2023 3712//2023
f 3707//2023 3688//2023 3810//2023
f 3707//2023 3810//2023 3809//2023
f 3707//2023 3809//2023 3808//2023
f 3707//2023 3808//2023 3807//2023
f 3707//2023 3807//2023 3806//2023
f 3707//2023 3806//2023 3805//2023
f 3707//2023 3805//2023 3804//2023
f 3707//2023 3804//2023 3803//2023
f 3707//2023 3803//2023 3802//2023
f 3707//2023 3799//2023 3714//2023
f 3707//2023 3705//2023 3704//2023
f 3707//2023 3698//2023 3696//2023
f 3707//2023 3696//2023 3694//2023
f 3707//2023 3689//2023 3688//2023
f 3707//2023 3802//2023 3799//2023
f 3707//2023 3694//2023 3689//2023
f 3707//2023 3704//2023 3698//2023
f 3707//2023 3714//2023 3710//2023
f 3811//4651 3812//4651 3813//4651
f 3811//4651 3814//4651 3812//4651
f 3815//4652 3813//4652 3816//4652
f 3815//4652 3811//4652 3813//4652
f 3817//4653 3816//4653 3818//4653
f 3817//4653 3815//4653 3816//4653
f 3819//4654 3818//4654 3820//4654
f 3819//4654 3817//4654 3818//4654
f 3821//4655 3820//4655 3822//4655
f 3821//4655 3819//4655 3820//4655
f 3823//4656 3822//4656 3824//4656
f 3823//4656 3821//4656 3822//4656
f 3825//4657 3824//4657 3826//4657
f 3825//4657 3823//4657 3824//4657
f 3827//4658 3828//4658 3829//4658
f 3827//4659 3826//4659 3828//4659
f 3827//4659 3825//4659 3826//4659
f 3830//4660 3829//4661 3831//4661
f 3830//4658 3827//4658 3829//4658
f 3832//4660 3830//4660 3831//4661
f 3833//4662 3831//4663 3834//4663
f 3833//4662 3832//4662 3831//4663
f 3835//4664 3834//4664 3836//4664
f 3835//4664 3833//4664 3834//4664
f 3837//4665 3836//4665 3838//4665
f 3837//4665 3835//4665 3836//4665
f 3839//4666 3840//4666 3841//4666
f 3839//4666 3842//4666 3840//4666
f 3843//4667 3841//4667 3844//4667
f 3843//4667 3839//4667 3841//4667
f 3845//4668 3844//4668 3846//4668
f 3845//4668 3843//4668 3844//4668
f 3847//4669 3846//4669 3848//4669
f 3847//4669 3845//4669 3846//4669
f 3849//4670 3848//4670 3850//4670
f 3849//4670 3847//4670 3848//4670
f 3851//4671 3850//4671 3852//4671
f 3851//4671 3849//4671 3850//4671
f 3853//4672 3852//4672 3854//4672
f 3853//4672 3851//4672 3852//4672
f 3855//4673 3854//4673 3856//4673
f 3855//4673 3853//4673 3854//4673
f 3857//4674 3856//4674 3858//4674
f 3857//4674 3855//4674 3856//4674
f 3859//4675 3858//4675 3860//4675
f 3859//4675 3857//4675 3858//4675
f 3861//4676 3860//4676 3862//4676
f 3861//4676 3859//4676 3860//4676
f 3863//4677 3864//4677 3865//4677
f 3863//4678 3862//4678 3864//4678
f 3863//4678 3861//4678 3862//4678
f 3866//4677 3863//4677 3865//4677
f 3867//4679 3865//4679 3868//4679
f 3867//4679 3866//4679 3865//4679
f 3869//4680 3867//4680 3868//4680
f 3869//4680 3868//4680 3870//4680
f 3871//4681 3869//4681 3870//4681
f 3871//4681 3870//4681 3872//4681
f 3873//4682 3872//4682 3874//4682
f 3873//4682 3871//4683 3872//4682
f 3875//4684 3874//4684 3876//4684
f 3875//4684 3873//4684 3874//4684
f 3877//4685 3875//4685 3876//4685
f 3877//4685 3876//4685 3878//4685
f 3879//4686 3878//4686 3880//4686
f 3879//4686 3877//4686 3878//4686
f 3881//4687 3880//4687 3882//4687
f 3881//4687 3879//4687 3880//4687
f 3883//4688 3882//4688 3884//4688
f 3883//4688 3881//4688 3882//4688
f 3885//4689 3884//4689 3886//4689
f 3885//4689 3883//4689 3884//4689
f 3887//4690 3886//4690 3888//4690
f 3887//4690 3885//4690 3886//4690
f 3889//4691 3888//4691 3890//4691
f 3889//4691 3887//4691 3888//4691
f 3891//4692 3890//4692 3892//4692
f 3891//4692 3889//4692 3890//4692
f 3893//4693 3892//4693 3894//4693
f 3893//4693 3891//4693 3892//4693
f 3895//4694 3894//4694 3896//4694
f 3895//4694 3893//4694 3894//4694
f 3897//4695 3896//4695 3898//4695
f 3897//4695 3895//4695 3896//4695
f 3899//4696 3898//4696 3900//4696
f 3899//4696 3897//4696 3898//4696
f 3901//4697 3900//4697 3902//4697
f 3901//4697 3899//4697 3900//4697
f 3903//4698 3904//4698 3905//4698
f 3903//4699 3902//4699 3904//4699
f 3903//4699 3901//4699 3902//4699
f 3906//4698 3903//4698 3905//4698
f 3907//4700 3908//4700 3909//4700
f 3907//4701 3905//4701 3908//4701
f 3907//4701 3906//4701 3905//4701
f 3910//4700 3907//4700 3909//4700
f 3842//4702 3909//4702 3840//4702
f 3842//4702 3910//4702 3909//4702
f 3911//2023 3905//2023 3904//2023
f 3911//2023 3904//2023 3902//2023
f 3912//2023 3902//2023 3900//2023
f 3912//2023 3911//2023 3902//2023
f 3913//2023 3908//2023 3905//2023
f 3913//2023 3905//2023 3911//2023
f 3914//2023 3900//2023 3898//2023
f 3914//2023 3898//2023 3896//2023
f 3914//2023 3912//2023 3900//2023
f 3915//2023 3909//2023 3908//2023
f 3915//2023 3908//2023 3913//2023
f 3916//2023 3896//2023 3894//2023
f 3916//2023 3914//2023 3896//2023
f 3814//2023 3840//2023 3909//2023
f 3814//2023 3841//2023 3840//2023
f 3814//2023 3909//2023 3915//2023
f 3917//2023 3894//2023 3892//2023
f 3917//2023 3916//2023 3894//2023
f 3811//2023 3844//2023 3841//2023
f 3811//2023 3841//2023 3814//2023
f 3918//2023 3917//2023 3892//2023
f 3918//2023 3892//2023 3890//2023
f 3918//2023 3890//2023 3888//2023
f 3815//2023 3846//2023 3844//2023
f 3815//2023 3844//2023 3811//2023
f 3919//2023 3888//2023 3886//2023
f 3919//2023 3918//2023 3888//2023
f 3817//2023 3848//2023 3846//2023
f 3817//2023 3846//2023 3815//2023
f 3920//2023 3919//2023 3886//2023
f 3850//2023 3817//2023 3819//2023
f 3850//2023 3848//2023 3817//2023
f 3884//2023 3920//2023 3886//2023
f 3882//2023 3920//2023 3884//2023
f 3882//2023 3921//2023 3920//2023
f 3852//2023 3850//2023 3819//2023
f 3852//2023 3819//2023 3821//2023
f 3854//2023 3852//2023 3821//2023
f 3880//2023 3921//2023 3882//2023
f 3880//2023 3922//2023 3921//2023
f 3878//2023 3837//2023 3922//2023
f 3878//2023 3922//2023 3880//2023
f 3856//2023 3854//2023 3821//2023
f 3856//2023 3821//2023 3823//2023
f 3858//2023 3823//2023 3825//2023
f 3858//2023 3856//2023 3823//2023
f 3876//2023 3837//2023 3878//2023
f 3860//2023 3825//2023 3827//2023
f 3860//2023 3858//2023 3825//2023
f 3874//2023 3835//2023 3837//2023
f 3874//2023 3837//2023 3876//2023
f 3862//2023 3860//2023 3827//2023
f 3872//2023 3835//2023 3874//2023
f 3872//2023 3833//2023 3835//2023
f 3864//2023 3827//2023 3830//2023
f 3864//2023 3862//2023 3827//2023
f 3870//2023 3832//2023 3833//2023
f 3870//2023 3833//2023 3872//2023
f 3865//2023 3830//2023 3832//2023
f 3865//2023 3864//2023 3830//2023
f 3868//2023 3865//2023 3832//2023
f 3868//2023 3832//2023 3870//2023
f 3906//2034 3907//2034 3903//2034
f 3903//2034 3907//2034 3901//2034
f 3901//2034 3907//2034 3899//2034
f 3842//2034 3839//2034 3910//2034
f 3845//4441 3847//2034 3843//2034
f 3843//2034 3847//2034 3839//2034
f 3910//2034 3847//2034 3907//2034
f 3839//2034 3847//2034 3910//2034
f 3851//2034 3853//2034 3849//2034
f 3849//2034 3853//2034 3847//2034
f 3907//2034 3853//2034 3899//2034
f 3847//2034 3853//2034 3907//2034
f 3855//4441 3857//2034 3853//2034
f 3899//2034 3857//2034 3897//2034
f 3853//2034 3857//2034 3899//2034
f 3879//2034 3875//2034 3877//2034
f 3857//2034 3859//2034 3897//2034
f 3879//2034 3873//2034 3875//2034
f 3897//2034 3861//2034 3895//2034
f 3895//2034 3861//2034 3893//2034
f 3893//2034 3861//2034 3891//2034
f 3891//2034 3861//2034 3889//2034
f 3889//2034 3861//2034 3887//2034
f 3887//2034 3861//2034 3885//2034
f 3885//2034 3861//2034 3883//2034
f 3859//2034 3861//2034 3897//2034
f 3883//2034 3871//2034 3881//2034
f 3881//2034 3871//2034 3879//2034
f 3879//2034 3871//2034 3873//2034
f 3871//2034 3866//2034 3869//2034
f 3869//2034 3866//2034 3867//2034
f 3863//2034 3866//2034 3861//2034
f 3883//2034 3866//2034 3871//2034
f 3861//2034 3866//2034 3883//2034
f 3922//4703 3837//4703 3838//4703
f 3922//4703 3838//4703 3923//4703
f 3921//4704 3923//4704 3924//4704
f 3921//4704 3922//4704 3923//4704
f 3920//4705 3924//4705 3925//4705
f 3920//4705 3921//4705 3924//4705
f 3919//4706 3925//4706 3926//4706
f 3919//4706 3920//4706 3925//4706
f 3918//4707 3926//4707 3927//4707
f 3918//4707 3919//4707 3926//4707
f 3917//4708 3927//4708 3928//4708
f 3917//4708 3918//4708 3927//4708
f 3916//4709 3928//4709 3929//4709
f 3916//4709 3917//4709 3928//4709
f 3914//4710 3929//4710 3930//4710
f 3914//4710 3916//4710 3929//4710
f 3912//4711 3931//4711 3932//4711
f 3912//4712 3930//4712 3931//4712
f 3912//4712 3914//4712 3930//4712
f 3911//4711 3912//4711 3932//4711
f 3913//4713 3932//4714 3933//4714
f 3913//4713 3911//4713 3932//4714
f 3915//4715 3933//4715 3934//4715
f 3915//4715 3913//4715 3933//4715
f 3814//4716 3934//4716 3812//4716
f 3814//4716 3915//4716 3934//4716
f 3818//2023 3816//2023 3813//2023
f 3924//2023 3926//2023 3925//2023
f 3923//2023 3926//2023 3924//2023
f 3828//2023 3826//2023 3824//2023
f 3828//2023 3824//2023 3822//2023
f 3834//2023 3838//2023 3836//2023
f 3831//2023 3812//2023 3934//2023
f 3831//2023 3934//2023 3933//2023
f 3831//2023 3933//2023 3932//2023
f 3831//2023 3932//2023 3931//2023
f 3831//2023 3931//2023 3930//2023
f 3831//2023 3930//2023 3929//2023
f 3831//2023 3929//2023 3928//2023
f 3831//2023 3928//2023 3927//2023
f 3831//2023 3927//2023 3926//2023
f 3831//2023 3923//2023 3838//2023
f 3831//2023 3829//2023 3828//2023
f 3831//2023 3822//2023 3820//2023
f 3831//2023 3820//2023 3818//2023
f 3831//2023 3813//2023 3812//2023
f 3831//2023 3926//2023 3923//2023
f 3831//2023 3818//2023 3813//2023
f 3831//2023 3828//2023 3822//2023
f 3831//2023 3838//2023 3834//2023
